aptDong,aptNm,buildYear,buyerGbn,cdealDay,cdealType,dealAmount,dealDay,dealMonth,dealYear,dealingGbn,estateAgentSggNm,excluUseAr,floor,jibun,landLeaseholdGbn,rgstDate,sggCd,slerGbn,umdNm,region_name
,삼전솔하임4차,2014,개인,,,"13,100",31,1,2026,중개거래,서울 종로구,15.09,12,318-2,N,,11110,개인,숭인동,종로구
,동대문,1966,개인,,,"36,500",31,1,2026,중개거래,서울 종로구,28.8,1,328-17,N,,11110,개인,창신동,종로구
,아남1,1995,개인,,,"108,000",31,1,2026,중개거래,서울 종로구,84.9,1,4,N,,11110,개인,명륜2가,종로구
,아남1,1995,개인,,,"122,000",17,1,2026,중개거래,서울 종로구,84.9,6,4,N,,11110,개인,명륜2가,종로구
,롯데낙천대,2001,개인,,,"95,000",31,1,2026,중개거래,서울 종로구,84.82,9,72,N,,11110,개인,평창동,종로구
,창신쌍용2,1993,개인,,,"63,800",31,1,2026,중개거래,서울 종로구,54.7,3,703,N,,11110,개인,창신동,종로구
,명륜동주상복합아남아파트,1999,개인,,,"97,500",14,1,2026,중개거래,서울 종로구,65.78,4,237,N,,11110,개인,명륜2가,종로구
,광화문스페이스본(101동~105동),2008,개인,,,"250,000",20,1,2026,중개거래,"서울 서초구, 서울 종로구",147.31,3,9,N,,11110,개인,사직동,종로구
,경희궁의아침2단지,2004,개인,,,"270,000",30,1,2026,중개거래,서울 종로구,174.55,2,71,N,,11110,개인,내수동,종로구
,경희궁파크팰리스,2003,개인,,,"166,000",13,1,2026,중개거래,서울 용산구,103.77,12,95,N,,11110,개인,내수동,종로구
,경희궁자이(4단지),2017,개인,,,"137,000",29,1,2026,중개거래,서울 종로구,45.879,13,126,N,,11110,개인,교북동,종로구
206,창신쌍용2,1993,개인,,,"83,000",26,1,2026,직거래,,115.53,7,703,N,26.02.11,11110,개인,창신동,종로구
,포레스트힐시티,2017,개인,,,"23,000",20,1,2026,중개거래,서울 종로구,18.505,10,65-2,N,,11110,개인,효제동,종로구
,창신쌍용2,1993,개인,,,"73,000",15,1,2026,중개거래,경기 용인시 수지구,64.66,12,703,N,,11110,개인,창신동,종로구
105,종로청계힐스테이트,2009,개인,,,"110,000",8,1,2026,중개거래,서울 종로구,84.9478,7,766,N,26.02.12,11110,개인,숭인동,종로구
,CS타워,2011,개인,,,"13,300",26,1,2026,중개거래,대구 수성구,22.17,8,62-2,N,,11110,개인,충신동,종로구
,현대,2000,개인,,,"112,900",26,1,2026,중개거래,서울 종로구,60.0,6,82,N,,11110,개인,무악동,종로구
,창신쌍용2,1993,개인,,,"71,900",22,1,2026,중개거래,서울 종로구,79.87,5,703,N,,11110,개인,창신동,종로구
,경희궁자이(2단지),2017,개인,,,"277,500",24,1,2026,중개거래,"서울 서대문구, 서울 종로구",84.9895,19,199,N,,11110,개인,홍파동,종로구
,마운틴뷰,2019,개인,,,"51,000",7,1,2026,중개거래,서울 종로구,56.77,5,125-5,N,,11110,법인,구기동,종로구
,디팰리스,2020,개인,,,"500,000",10,1,2026,중개거래,서울 종로구,158.324,12,171,N,,11110,개인,신문로2가,종로구
,인왕산2차아이파크,2015,개인,,,"138,000",22,1,2026,중개거래,서울 서대문구,84.068,3,88,N,,11110,개인,무악동,종로구
,숭인상가,1979,개인,,,"63,300",13,1,2026,중개거래,서울 중구,78.75,5,204-11,N,,11110,개인,숭인동,종로구
,명륜동주상복합아남아파트,1999,개인,26.01.29,O,"97,500",14,1,2026,중개거래,서울 종로구,65.78,4,237,N,,11110,개인,명륜2가,종로구
,창신쌍용1,1992,개인,,,"71,700",19,1,2026,중개거래,서울 종로구,54.7,14,702,N,,11110,개인,창신동,종로구
,두산,1999,개인,,,"110,000",20,1,2026,중개거래,서울 종로구,84.9,18,232,N,,11110,개인,창신동,종로구
,아남1,1995,개인,,,"122,500",19,1,2026,중개거래,서울 종로구,84.9,5,4,N,,11110,개인,명륜2가,종로구
,현대,2000,개인,,,"122,980",17,1,2026,중개거래,서울 종로구,84.92,2,82,N,,11110,개인,무악동,종로구
,인왕산아이파크,2008,개인,,,"153,000",17,1,2026,중개거래,서울 종로구,114.931,3,60,N,,11110,개인,무악동,종로구
,창신쌍용2,1993,개인,,,"65,000",17,1,2026,중개거래,서울 종로구,54.7,13,703,N,,11110,개인,창신동,종로구
,경희궁자이(4단지),2017,개인,,,"98,000",17,1,2026,중개거래,"서울 은평구, 서울 종로구",37.2635,18,126,N,,11110,개인,교북동,종로구
,청운현대,2000,개인,,,"160,000",3,1,2026,중개거래,서울 종로구,103.67,2,56-45,N,,11110,개인,청운동,종로구
,창신쌍용2,1993,개인,,,"65,000",8,1,2026,중개거래,서울 종로구,54.7,12,703,N,,11110,개인,창신동,종로구
106,롯데캐슬로잔,2009,개인,,,"211,540",9,1,2026,중개거래,서울 종로구,219.775,4,108,N,26.02.03,11110,법인,평창동,종로구
,현대뜨레비앙,2003,개인,,,"47,000",9,1,2026,중개거래,서울 종로구,46.64,4,55,N,,11110,개인,익선동,종로구
,디팰리스,2020,개인,,,"740,000",7,1,2026,중개거래,"서울 서초구, 서울 종로구",182.058,9,171,N,,11110,개인,신문로2가,종로구
,광화문스페이스본(101동~105동),2008,개인,,,"220,000",6,1,2026,중개거래,서울 종로구,158.99,12,9,N,,11110,개인,사직동,종로구
,마운틴뷰,2019,개인,,,"50,000",2,1,2026,중개거래,서울 종로구,59.38,5,125-5,N,26.01.16,11110,법인,구기동,종로구
,현대,2000,개인,,,"147,470",6,1,2026,중개거래,서울 종로구,114.9,4,82,N,,11110,개인,무악동,종로구
,디팰리스,2020,개인,,,"475,000",6,1,2026,중개거래,서울 강남구,148.111,13,171,N,,11110,개인,신문로2가,종로구
,인왕산아이파크,2008,개인,,,"134,000",3,1,2026,중개거래,"서울 서대문구, 서울 종로구",84.858,4,60,N,,11110,개인,무악동,종로구
,인왕산2차아이파크,2015,개인,,,"139,000",3,1,2026,중개거래,"서울 강남구, 서울 종로구",84.0284,9,88,N,,11110,개인,무악동,종로구
,두산,1999,개인,,,"110,000",4,2,2026,중개거래,서울 종로구,84.9,7,232,N,,11110,개인,창신동,종로구
,삼전솔하임2차,2012,개인,,,"11,300",2,2,2026,중개거래,서울 종로구,16.67,10,296-19,N,,11110,개인,숭인동,종로구
,종로유케이201,2013,개인,,,"9,100",4,2,2026,중개거래,서울 종로구,12.09,10,201-11,N,,11110,개인,숭인동,종로구
,경희궁파크팰리스,2003,개인,,,"254,000",5,2,2026,중개거래,서울 종로구,147.62,7,95,N,,11110,개인,내수동,종로구
,탑스빌,2003,개인,,,"40,700",9,2,2026,중개거래,서울 금천구,55.04,6,178-76,N,,11110,개인,숭인동,종로구
,두산,1999,개인,,,"107,000",7,2,2026,중개거래,서울 종로구,84.9,3,232,N,,11110,개인,창신동,종로구
,종로청계힐스테이트,2009,개인,,,"130,000",7,2,2026,중개거래,서울 종로구,114.7153,1,766,N,,11110,개인,숭인동,종로구
,인왕산아이파크,2008,개인,,,"157,000",6,2,2026,중개거래,서울 종로구,84.858,14,60,N,,11110,개인,무악동,종로구
,종로센트레빌,2008,개인,,,"112,000",4,2,2026,중개거래,서울 종로구,84.92,1,2-1,N,,11110,개인,숭인동,종로구
,창신쌍용2,1993,개인,,,"65,600",2,2,2026,중개거래,서울 종로구,54.7,2,703,N,,11110,개인,창신동,종로구
,동아,1995,개인,,,"78,500",1,2,2026,중개거래,서울 종로구,59.98,4,101,N,,11110,개인,교북동,종로구
,삼성사이버빌리지,2001,개인,,,"152,000",12,1,2026,중개거래,서울 중구,59.93,2,200,N,,11140,개인,중림동,중구
,세운푸르지오헤리시티,2023,개인,,,"36,000",31,1,2026,중개거래,서울 중구,24.5533,12,240,N,,11140,개인,인현동2가,중구
,남산타운,2002,개인,,,"149,500",11,1,2026,중개거래,서울 중구,59.94,12,844,N,,11140,개인,신당동,중구
,삼성,1999,개인,,,"157,500",13,1,2026,중개거래,서울 성동구,84.96,12,843,N,,11140,개인,신당동,중구
,약수하이츠,1999,개인,,,"174,000",30,1,2026,중개거래,서울 중구,84.88,3,842,N,,11140,개인,신당동,중구
,약수하이츠,1999,개인,,,"148,000",28,1,2026,중개거래,서울 중구,57.63,4,842,N,,11140,개인,신당동,중구
,현대,1993,개인,,,"145,000",31,1,2026,중개거래,"서울 서초구, 서울 중구",139.275,1,840,N,,11140,개인,신당동,중구
,충무로엘크루메크로시티2차,2016,개인,,,"21,500",31,1,2026,중개거래,"서울 관악구, 서울 중구",22.75,6,36-2,N,,11140,개인,충무로5가,중구
주건축물제1동,위너빌(Winnervill),2018,개인,,,"38,000",9,1,2026,중개거래,경기 성남시 수정구,28.55,6,1200,N,26.02.06,11140,개인,황학동,중구
,남산트라팰리스,2010,개인,,,"230,000",27,1,2026,중개거래,서울 용산구,126.78,25,827,N,,11140,개인,남대문로5가,중구
,힐스테이트세운센트럴2단지,2023,개인,,,"140,000",23,1,2026,중개거래,서울 중구,56.5067,18,280,N,,11140,개인,입정동,중구
,힐스테이트세운센트럴2단지,2023,개인,,,"75,800",20,1,2026,중개거래,서울 중구,42.998,8,280,N,,11140,개인,입정동,중구
,동산,2001,개인,,,"30,000",31,1,2026,중개거래,서울 중구,46.53,2,432-579,N,,11140,개인,신당동,중구
,신당푸르지오,2005,개인,,,"140,000",30,1,2026,중개거래,서울 중구,59.85,8,850,N,,11140,개인,신당동,중구
,남산타운,2002,개인,,,"150,000",28,1,2026,중개거래,"서울 강남구, 서울 중구",59.94,2,844,N,,11140,개인,신당동,중구
,삼성,1999,개인,,,"140,000",27,1,2026,중개거래,서울 중구,59.97,2,843,N,,11140,개인,신당동,중구
,남산타운,2002,개인,,,"149,000",2,1,2026,중개거래,서울 중구,59.94,12,844,N,,11140,개인,신당동,중구
,래미안하이베르,2011,개인,,,"155,000",24,1,2026,중개거래,서울 중구,59.74,15,851,N,,11140,개인,신당동,중구
,삼성,1999,개인,,,"144,000",23,1,2026,중개거래,서울 중구,59.97,11,843,N,,11140,개인,신당동,중구
,삼성,1999,개인,,,"159,500",23,1,2026,중개거래,서울 중구,114.91,3,843,N,,11140,개인,신당동,중구
,남산타운,2002,개인,,,"159,500",10,1,2026,중개거래,서울 중구,84.88,5,844,N,,11140,개인,신당동,중구
주건축물제1동,그랜드힐오피스텔,2017,개인,,,"18,000",22,1,2026,중개거래,"서울 용산구, 서울 중구",21.72,11,19,N,26.01.23,11140,개인,황학동,중구
,현대,1993,개인,,,"148,000",22,1,2026,중개거래,"서울 중구, 서울 중랑구",139.275,15,840,N,,11140,개인,신당동,중구
,한양I-Class,2013,개인,,,"12,750",20,1,2026,중개거래,서울 용산구,16.37,14,787,N,,11140,개인,황학동,중구
,DUO302,2014,개인,,,"15,900",12,1,2026,중개거래,서울 중구,15.97,9,819,N,,11140,개인,황학동,중구
,한양I-Class,2013,법인,,,"12,800",20,1,2026,중개거래,서울 중구,16.37,16,787,N,26.01.30,11140,개인,황학동,중구
,세운푸르지오헤리시티,2023,개인,,,"88,000",6,1,2026,중개거래,서울 중구,42.2349,5,240,N,,11140,개인,인현동2가,중구
,삼성사이버빌리지,2001,개인,,,"150,000",11,1,2026,중개거래,서울 중구,59.7,15,200,N,,11140,개인,중림동,중구
,노블레스하우스,2007,개인,,,"79,500",19,1,2026,중개거래,서울 중구,70.09,2,290-67,N,,11140,개인,신당동,중구
,롯데캐슬,2008,개인,,,"93,000",18,1,2026,중개거래,서울 성동구,59.94,19,2545,N,,11140,개인,황학동,중구
,한진해모로,2001,개인,,,"110,000",6,1,2026,중개거래,서울 성동구,59.76,10,845,N,,11140,개인,신당동,중구
,동대문와이즈캐슬,2014,개인,,,"14,700",8,1,2026,중개거래,"서울 종로구, 서울 중구",15.55,11,119,N,26.01.30,11140,개인,흥인동,중구
,황학동코아루,2010,개인,,,"103,000",16,1,2026,중개거래,서울 중구,84.96,10,882,N,,11140,개인,황학동,중구
,힐스테이트세운센트럴1단지,2023,개인,,,"113,500",9,1,2026,중개거래,서울 중구,49.4486,14,277,N,,11140,개인,입정동,중구
,남산타운,2002,개인,,,"167,800",3,1,2026,중개거래,서울 중구,84.88,11,844,N,,11140,개인,신당동,중구
,롯데캐슬,2008,개인,,,"101,500",17,1,2026,중개거래,서울 중구,59.94,29,2545,N,,11140,개인,황학동,중구
,현대,1993,개인,,,"118,000",17,1,2026,중개거래,서울 중구,83.97,7,840,N,,11140,개인,신당동,중구
,롯데캐슬,2008,개인,,,"98,000",17,1,2026,중개거래,"서울 영등포구, 서울 중구",59.91,28,2545,N,,11140,개인,황학동,중구
,약수하이츠,1999,개인,,,"140,000",10,1,2026,중개거래,서울 중구,57.63,5,842,N,,11140,개인,신당동,중구
,롯데캐슬,2008,개인,,,"129,000",16,1,2026,중개거래,서울 성동구,114.9,10,2545,N,,11140,개인,황학동,중구
,삼성,1999,개인,,,"134,500",15,1,2026,중개거래,"경남 양산시, 서울 중구",59.97,9,843,N,,11140,개인,신당동,중구
,롯데캐슬,2008,개인,,,"119,000",14,1,2026,중개거래,서울 중구,84.97,7,2545,N,,11140,개인,황학동,중구
,서울역센트럴자이,2017,개인,,,"226,000",14,1,2026,중개거래,서울 중구,84.972,12,273,N,,11140,개인,만리동2가,중구
,롯데캐슬,2008,개인,,,"91,300",9,1,2026,중개거래,서울 중구,59.94,23,2545,N,,11140,개인,황학동,중구
,현대,1993,개인,,,"139,000",13,1,2026,중개거래,"서울 성동구, 서울 중구",122.275,11,840,N,,11140,개인,신당동,중구
,서울역센트럴자이,2017,개인,,,"207,500",13,1,2026,중개거래,서울 중구,72.9932,1,273,N,,11140,개인,만리동2가,중구
,래미안하이베르,2011,개인,,,"149,500",13,1,2026,중개거래,서울 중구,59.95,13,851,N,,11140,개인,신당동,중구
,남산센트럴자이,2009,개인,,,"119,600",10,1,2026,중개거래,서울 중구,80.473,7,306,N,,11140,개인,충무로4가,중구
,롯데캐슬,2008,개인,,,"113,000",2,1,2026,중개거래,"서울 성동구, 서울 중구",84.89,22,2545,N,,11140,개인,황학동,중구
,롯데캐슬,2008,개인,,,"93,000",10,1,2026,중개거래,"서울 성동구, 서울 중구",59.94,22,2545,N,,11140,개인,황학동,중구
,약수하이츠,1999,개인,,,"150,000",3,1,2026,중개거래,서울 중구,57.63,6,842,N,,11140,개인,신당동,중구
,청구e편한세상,2011,개인,,,"190,000",11,1,2026,중개거래,서울 중구,84.96,11,852,N,,11140,개인,신당동,중구
,서울역센트럴자이,2017,개인,,,"228,000",10,1,2026,중개거래,서울 중구,84.9791,14,273,N,,11140,개인,만리동2가,중구
,청구드림,2002,개인,,,"85,000",10,1,2026,중개거래,서울 중구,84.99,3,290-90,N,,11140,개인,신당동,중구
,약수하이츠,1999,개인,,,"136,000",3,1,2026,중개거래,서울 성동구,57.63,12,842,N,,11140,개인,신당동,중구
,롯데캐슬,2008,개인,,,"104,000",10,1,2026,중개거래,서울 성동구,59.94,19,2545,N,,11140,개인,황학동,중구
,남산센트럴자이,2009,개인,,,"187,000",10,1,2026,중개거래,서울 중구,135.533,13,306,N,,11140,개인,충무로4가,중구
,LIG서울역리가,2012,개인,,,"167,000",9,1,2026,중개거래,서울 중구,84.9581,1,231,N,,11140,개인,만리동1가,중구
,롯데캐슬,2008,개인,,,"91,000",8,1,2026,중개거래,서울 중구,59.94,33,2545,N,,11140,개인,황학동,중구
,한진해모로,2001,개인,,,"94,000",7,1,2026,중개거래,서울 성동구,59.76,5,845,N,,11140,개인,신당동,중구
,약수하이츠,1999,개인,,,"130,000",6,1,2026,중개거래,"서울 서초구, 서울 중구",57.63,11,842,N,,11140,개인,신당동,중구
,롯데캐슬,2008,개인,,,"91,000",6,1,2026,중개거래,서울 중구,59.94,17,2545,N,,11140,개인,황학동,중구
,SK리더스뷰남산,2010,개인,,,"202,000",2,1,2026,중개거래,서울 중구,122.7,20,206,N,,11140,개인,회현동1가,중구
,남산타운,2002,개인,,,"170,000",3,1,2026,중개거래,서울 중구,114.88,2,844,N,,11140,개인,신당동,중구
,힐스테이트세운센트럴2단지,2023,개인,,,"103,000",7,2,2026,중개거래,서울 중구,49.7623,4,280,N,,11140,개인,입정동,중구
,롯데캐슬,2008,개인,,,"115,000",11,2,2026,중개거래,서울 중구,84.89,32,2545,N,,11140,개인,황학동,중구
,롯데캐슬,2008,개인,,,"98,000",6,2,2026,중개거래,서울 성동구,59.94,30,2545,N,,11140,개인,황학동,중구
,충무로엘크루메크로시티2차,2016,개인,,,"23,000",10,2,2026,중개거래,서울 중구,22.75,20,36-2,N,,11140,개인,충무로5가,중구
,롯데캐슬,2008,개인,,,"98,000",4,2,2026,중개거래,서울 중구,59.94,23,2545,N,,11140,개인,황학동,중구
,남산센트럴자이,2009,개인,,,"190,000",6,2,2026,중개거래,서울 중구,128.952,20,306,N,,11140,개인,충무로4가,중구
,롯데캐슬,2008,개인,,,"103,000",7,2,2026,중개거래,서울 성동구,59.91,20,2545,N,,11140,개인,황학동,중구
,삼성사이버빌리지,2001,개인,,,"173,000",6,2,2026,중개거래,경기 김포시,84.93,8,200,N,,11140,개인,중림동,중구
,약수하이츠,1999,개인,,,"118,000",4,2,2026,중개거래,서울 중구,57.63,7,842,N,,11140,개인,신당동,중구
,DUO302,2014,개인,,,"16,000",4,2,2026,중개거래,서울 중구,15.97,18,819,N,,11140,개인,황학동,중구
,롯데캐슬,2008,개인,,,"98,000",3,2,2026,중개거래,"서울 성동구, 서울 중구",59.91,25,2545,N,,11140,개인,황학동,중구
,현대,1993,개인,,,"120,000",1,2,2026,중개거래,서울 중구,79.11,2,840,N,,11140,개인,신당동,중구
,신동아,1984,개인,,,"336,000",17,1,2026,중개거래,서울 용산구,95.66,1,241-21,N,,11170,개인,서빙고동,용산구
,삼성래미안,2001,개인,,,"185,000",28,1,2026,중개거래,서울 용산구,84.69,14,23,N,,11170,개인,도원동,용산구
105동,나인원한남,2019,개인,,,"1,404,000",12,1,2026,직거래,,244.3478,5,829,N,26.02.10,11170,개인,한남동,용산구
,삼성래미안,2001,개인,26.02.11,O,"185,000",13,1,2026,중개거래,서울 용산구,84.69,14,23,N,,11170,개인,도원동,용산구
,산호,1977,개인,,,"248,500",19,1,2026,중개거래,"서울 서초구, 서울 용산구",103.67,2,118-16,N,,11170,개인,원효로4가,용산구
,한남동리첸시아,2004,개인,,,"129,000",24,1,2026,중개거래,서울 용산구,72.06,11,72-1,N,,11170,개인,한남동,용산구
,금호베스트빌1,2002,개인,,,"205,500",17,1,2026,중개거래,서울 용산구,84.95,10,296,N,,11170,개인,서빙고동,용산구
,한남아이파크애비뉴,2017,개인,,,"95,000",14,1,2026,중개거래,서울 용산구,45.717,4,828,N,,11170,개인,한남동,용산구
,삼성래미안,2001,개인,,,"156,000",25,1,2026,중개거래,서울 용산구,59.94,14,23,N,,11170,개인,도원동,용산구
,센트럴파크,2020,개인,,,"395,000",31,1,2026,중개거래,서울 용산구,114.5011,21,98,N,,11170,개인,한강로3가,용산구
,리버탑,2001,개인,,,"169,000",6,1,2026,중개거래,서울 용산구,84.77,10,802,N,,11170,개인,한남동,용산구
,삼라마이다스빌2,2004,개인,,,"88,000",30,1,2026,중개거래,서울 용산구,66.72,8,40-19,N,,11170,개인,문배동,용산구
,대림,1994,개인,,,"197,000",17,1,2026,중개거래,서울 강남구,59.22,17,395,N,,11170,개인,이촌동,용산구
,삼성래미안,2001,개인,,,"180,000",28,1,2026,중개거래,서울 용산구,84.69,17,23,N,,11170,개인,도원동,용산구
,한성1,1974,개인,,,"98,000",31,1,2026,중개거래,서울 용산구,64.26,1,29-4,N,,11170,개인,한남동,용산구
,한가람,1998,개인,,,"253,000",31,1,2026,중개거래,서울 용산구,59.88,10,404,N,,11170,개인,이촌동,용산구
,LG한강자이,2003,개인,,,"630,000",30,1,2026,중개거래,"대구 서구, 서울 용산구",202.32,15,430,N,,11170,개인,이촌동,용산구
,리버힐삼성,2001,개인,,,"178,000",28,1,2026,중개거래,서울 용산구,84.98,18,193,N,,11170,개인,산천동,용산구
,세인트힐,2004,개인,,,"145,000",28,1,2026,중개거래,서울 용산구,175.26,4,5-17,N,26.02.04,11170,개인,효창동,용산구
,현대맨숀,1974,개인,,,"337,990",23,1,2026,중개거래,서울 용산구,146.38,2,301-160,N,,11170,개인,이촌동,용산구
,산호,1977,개인,,,"237,000",27,1,2026,중개거래,서울 용산구,103.67,1,118-16,N,,11170,개인,원효로4가,용산구
,퍼시픽맨션골드,2003,개인,,,"167,000",26,1,2026,중개거래,"서울 강남구, 서울 서초구",167.58,3,352,N,,11170,개인,이태원동,용산구
,신동아,1984,개인,,,"485,000",9,1,2026,중개거래,"서울 강남구, 서울 용산구",140.81,12,241-21,N,,11170,개인,서빙고동,용산구
,한강(대우),2000,개인,,,"275,000",12,1,2026,중개거래,서울 강남구,84.98,19,415,N,,11170,개인,이촌동,용산구
,한가람,1998,개인,,,"349,000",22,1,2026,중개거래,서울 용산구,114.96,18,404,N,,11170,개인,이촌동,용산구
,삼라마이다스빌2,2004,개인,,,"106,500",26,1,2026,중개거래,서울 용산구,84.84,14,40-19,N,,11170,개인,문배동,용산구
,한남아이파크애비뉴,2017,개인,,,"104,000",24,1,2026,중개거래,서울 용산구,49.6971,16,828,N,,11170,개인,한남동,용산구
,산호,1977,개인,,,"240,000",17,1,2026,중개거래,서울 용산구,78.06,4,118-16,N,,11170,개인,원효로4가,용산구
,성아1,1970,개인,,,"85,000",26,1,2026,중개거래,서울 송파구,101.62,8,263-10,N,,11170,개인,한남동,용산구
,용산파크타워(24-1),2009,개인,,,"385,000",24,1,2026,중개거래,서울 용산구,140.31,20,24-1,N,,11170,개인,용산동5가,용산구
,래미안첼리투스,2015,개인,,,"444,998",12,1,2026,중개거래,서울 용산구,124.02,2,436,N,,11170,개인,이촌동,용산구
,SK청암대(64-1),2001,개인,,,"220,000",22,1,2026,중개거래,서울 용산구,244.93,11,64-1,N,,11170,개인,청암동,용산구
,한강(대우),2000,개인,,,"337,400",6,1,2026,중개거래,서울 용산구,135.5,11,415,N,,11170,개인,이촌동,용산구
,이안용산프리미어,2007,개인,,,"165,000",23,1,2026,중개거래,서울 용산구,110.14,10,3-3,N,,11170,개인,문배동,용산구
,리버힐삼성,2001,개인,,,"199,000",22,1,2026,중개거래,서울 용산구,114.48,10,193,N,,11170,개인,산천동,용산구
,브라운스톤,2011,개인,,,"174,000",22,1,2026,중개거래,서울 용산구,84.98,3,90,N,,11170,개인,용문동,용산구
,한성1,1974,개인,,,"51,500",19,1,2026,중개거래,서울 용산구,29.45,5,29-4,N,,11170,개인,한남동,용산구
,리버티하우스,2001,개인,,,"190,000",16,1,2026,중개거래,서울 강남구,143.15,11,258,N,,11170,개인,한남동,용산구
,월드메르디앙,1971,개인,,,"180,000",22,1,2026,중개거래,서울 용산구,84.964,5,302-53,N,26.01.30,11170,개인,이촌동,용산구
,신동아1,1992,개인,,,"400,000",9,1,2026,중개거래,서울 용산구,84.93,3,448,N,,11170,개인,보광동,용산구
,신동아,1984,개인,,,"420,000",17,1,2026,중개거래,서울 용산구,166.98,11,241-21,N,,11170,개인,서빙고동,용산구
,래미안용산더센트럴,2017,개인,,,"435,000",8,1,2026,중개거래,"서울 영등포구, 서울 용산구",135.27,38,422,N,,11170,개인,한강로2가,용산구
,신동아,1984,개인,26.02.19,O,"336,000",17,1,2026,중개거래,서울 용산구,95.66,1,241-21,N,,11170,개인,서빙고동,용산구
,신동아1,1992,개인,,,"414,000",8,1,2026,중개거래,서울 용산구,84.93,13,448,N,,11170,개인,보광동,용산구
,대림아르빌,2005,개인,,,"175,000",17,1,2026,중개거래,서울 강남구,84.64,5,808,N,,11170,개인,한남동,용산구
,대림,1994,개인,26.02.02,O,"197,000",17,1,2026,중개거래,서울 강남구,59.22,17,395,N,,11170,개인,이촌동,용산구
,현대한강,1997,개인,,,"262,000",17,1,2026,중개거래,서울 용산구,84.88,8,400,N,,11170,개인,이촌동,용산구
,한강(대우),2000,개인,,,"330,000",17,1,2026,중개거래,서울 용산구,135.27,20,415,N,,11170,개인,이촌동,용산구
,강촌,1998,개인,,,"225,000",16,1,2026,중개거래,서울 용산구,59.12,5,402,N,,11170,개인,이촌동,용산구
,용산데시앙포레,2022,개인,,,"170,000",10,1,2026,중개거래,"서울 서대문구, 서울 용산구",59.8391,7,288,N,,11170,개인,효창동,용산구
,이안용산1차(103동),2005,개인,,,"137,000",8,1,2026,중개거래,서울 용산구,84.67,5,11-29,N,,11170,개인,문배동,용산구
,센트레빌아스테리움서울,2013,개인,,,"205,000",2,1,2026,중개거래,서울 용산구,149.05,22,45,N,,11170,개인,동자동,용산구
,이촌코오롱(A),1999,개인,,,"289,000",14,1,2026,중개거래,서울 용산구,114.69,4,412,N,,11170,개인,이촌동,용산구
,한강타운,2001,개인,,,"114,500",13,1,2026,중개거래,서울 마포구,59.69,1,204,N,,11170,개인,산천동,용산구
,한강타운,2001,개인,,,"117,000",13,1,2026,중개거래,서울 마포구,59.69,8,204,N,,11170,개인,산천동,용산구
,대우월드마크용산,2007,개인,,,"195,000",7,1,2026,중개거래,서울 용산구,96.645,26,64,N,,11170,개인,한강로1가,용산구
,리버힐삼성,2001,개인,,,"139,300",12,1,2026,중개거래,서울 용산구,59.55,1,193,N,,11170,개인,산천동,용산구
,용산데시앙포레,2022,개인,,,"152,000",9,1,2026,중개거래,서울 용산구,59.7642,14,288,N,,11170,개인,효창동,용산구
,리버탑,2001,개인,26.02.02,O,"169,000",6,1,2026,중개거래,서울 용산구,84.77,10,802,N,,11170,개인,한남동,용산구
,센트레빌아스테리움서울,2013,개인,,,"183,000",2,1,2026,중개거래,서울 용산구,131.05,16,45,N,,11170,개인,동자동,용산구
,한남아이파크애비뉴,2017,개인,,,"91,000",10,1,2026,중개거래,서울 용산구,47.8105,9,828,N,,11170,개인,한남동,용산구
,한강(대우),2000,개인,,,"242,000",9,1,2026,중개거래,서울 용산구,60.0,7,415,N,,11170,개인,이촌동,용산구
,GS자이,2005,개인,,,"339,000",7,1,2026,직거래,,223.75,5,181,N,,11170,개인,청암동,용산구
,용산파크자이,2005,개인,,,"263,500",3,1,2026,중개거래,서울 용산구,123.12,26,50-1,N,,11170,개인,한강로1가,용산구
,이안용산1차(101동),2005,개인,,,"127,000",2,1,2026,중개거래,서울 용산구,84.95,3,11-14,N,,11170,개인,문배동,용산구
,강변삼성스위트,1999,개인,,,"139,300",5,1,2026,중개거래,서울 용산구,59.94,2,178,N,,11170,개인,원효로4가,용산구
,삼성래미안,2001,개인,,,"172,000",1,1,2026,중개거래,서울 용산구,84.69,6,23,N,,11170,개인,도원동,용산구
,용산더프라임,2014,개인,,,"140,000",2,1,2026,중개거래,서울 용산구,59.557,4,41,N,,11170,개인,원효로1가,용산구
,삼성래미안,2001,개인,,,"180,000",2,1,2026,중개거래,서울 용산구,84.69,20,23,N,,11170,개인,도원동,용산구
,신동아1,1992,개인,,,"380,000",13,2,2026,중개거래,서울 용산구,84.93,8,448,N,,11170,개인,보광동,용산구
,브라운스톤남산,2004,개인,,,"190,000",6,2,2026,중개거래,서울 용산구,162.06,1,458,N,,11170,개인,후암동,용산구
,한남동리첸시아,2004,개인,,,"69,000",7,2,2026,중개거래,서울 용산구,37.53,9,72-1,N,,11170,개인,한남동,용산구
,신동아,1984,개인,,,"475,000",7,2,2026,중개거래,서울 용산구,140.81,6,241-21,N,,11170,개인,서빙고동,용산구
,용산파크자이,2005,개인,,,"210,000",2,2,2026,중개거래,"서울 강남구, 서울 용산구",99.85,13,50-1,N,,11170,개인,한강로1가,용산구
,한남동리첸시아,2004,개인,,,"128,000",4,2,2026,중개거래,서울 용산구,72.06,7,72-1,N,,11170,개인,한남동,용산구
,용산파크타워(24-0),2009,개인,,,"496,000",2,2,2026,중개거래,서울 용산구,154.47,4,24,N,,11170,개인,용산동5가,용산구
,삼성래미안,2001,개인,,,"159,000",3,2,2026,중개거래,"서울 마포구, 서울 용산구",59.94,2,23,N,,11170,개인,도원동,용산구
102,센트럴파크,2020,개인,,,"505,000",3,2,2026,중개거래,"서울 성동구, 서울 용산구",135.3849,17,98,N,26.02.12,11170,개인,한강로3가,용산구
,리버뷰,1970,개인,,,"148,000",3,2,2026,중개거래,"경기 성남시 분당구, 서울 용산구",147.8,6,300-27,N,,11170,개인,이촌동,용산구
,삼각아파트,1970,개인,,,"100,000",2,2,2026,중개거래,서울 용산구,32.4,4,231-24,N,,11170,개인,한강로1가,용산구
,시온캐슬용산,2021,개인,,,"36,000",9,2,2026,중개거래,서울 용산구,23.66,14,28-7,N,,11170,개인,원효로1가,용산구
,한남하이츠,1982,개인,,,"480,000",30,1,2026,중개거래,서울 성동구,177.12,14,220-1,N,,11200,개인,옥수동,성동구
,현대I-PARK,2003,개인,,,"212,000",22,1,2026,중개거래,서울 성동구,104.56,7,834,N,,11200,개인,성수동2가,성동구
,트리마제,2017,개인,,,"207,000",19,1,2026,중개거래,서울 성동구,35.4442,16,718,N,,11200,개인,성수동1가,성동구
,현대,1998,개인,,,"139,000",13,1,2026,중개거래,서울 성동구,134.79,4,818,N,,11200,개인,마장동,성동구
,양지쉐르빌아파트,2016,개인,,,"65,200",31,1,2026,중개거래,"서울 광진구, 서울 성동구",59.02,3,97,N,,11200,개인,송정동,성동구
,극동그린,1997,개인,,,"160,000",14,1,2026,중개거래,서울 성동구,84.92,13,436,N,,11200,개인,옥수동,성동구
,트리마제,2017,개인,,,"618,000",28,1,2026,중개거래,"서울 강남구, 서울 종로구",140.3099,6,718,N,,11200,개인,성수동1가,성동구
,극동그린,1997,개인,,,"160,000",16,1,2026,중개거래,서울 성동구,84.92,19,436,N,,11200,개인,옥수동,성동구
,옥수삼성,1999,개인,,,"279,000",28,1,2026,중개거래,서울 성동구,114.666,9,250,N,,11200,개인,옥수동,성동구
,대림강변타운,2001,개인,,,"172,500",29,1,2026,중개거래,서울 성동구,59.76,16,15,N,,11200,개인,응봉동,성동구
,벽산,2001,개인,,,"190,000",31,1,2026,중개거래,"서울 강동구, 서울 성동구",114.57,13,633,N,,11200,개인,금호동1가,성동구
,브라운스톤2차,2010,개인,,,"189,000",31,1,2026,중개거래,서울 성동구,84.98,10,1550,N,,11200,개인,금호동4가,성동구
,중앙하이츠빌,2003,개인,,,"207,000",27,1,2026,중개거래,서울 성동구,84.7215,4,715,N,,11200,개인,성수동1가,성동구
,현대,1990,개인,,,"217,000",29,1,2026,중개거래,서울 성동구,84.9,5,4,N,,11200,개인,옥수동,성동구
,서울숲행당푸르지오,2011,개인,,,"170,500",31,1,2026,중개거래,서울 성동구,84.74,1,376,N,,11200,개인,행당동,성동구
,세림,1986,개인,,,"149,500",14,1,2026,중개거래,서울 성동구,84.93,4,784,N,,11200,개인,마장동,성동구
,신금호파크자이,2016,개인,,,"210,000",31,1,2026,중개거래,서울 성동구,59.98,18,1,N,,11200,개인,금호동2가,성동구
,서울숲르씨엘,2023,개인,,,"139,000",7,1,2026,중개거래,서울 성동구,59.5075,12,1555,N,,11200,개인,금호동4가,성동구
,옥수파크힐스101동~116동,2016,개인,,,"275,000",31,1,2026,중개거래,"서울 성동구, 서울 용산구",84.3,7,528,N,,11200,개인,옥수동,성동구
,금호삼성래미안,2001,개인,,,"187,500",22,1,2026,중개거래,서울 성동구,84.45,9,1500,N,,11200,개인,금호동1가,성동구
,대림(1차),1986,개인,,,"250,000",31,1,2026,중개거래,서울 성동구,126.66,5,100,N,,11200,개인,응봉동,성동구
,대우,2001,개인,,,"200,000",31,1,2026,중개거래,서울 성동구,84.71,19,800,N,,11200,개인,금호동4가,성동구
,서울숲아이파크,2009,개인,,,"134,500",28,1,2026,중개거래,"서울 강남구, 서울 광진구",84.87,2,104,N,,11200,개인,송정동,성동구
,삼성쉐르빌,2006,개인,,,"105,000",12,1,2026,중개거래,서울 성동구,84.99,9,69,N,,11200,개인,도선동,성동구
,옥수파크힐스101동~116동,2016,개인,,,"225,000",2,1,2026,중개거래,서울 성동구,59.88,4,528,N,,11200,개인,옥수동,성동구
,삼성,1996,개인,,,"143,800",30,1,2026,중개거래,서울 성동구,84.93,18,817,N,,11200,개인,마장동,성동구
,신동아,1995,개인,,,"150,000",16,1,2026,중개거래,"서울 서대문구, 서울 성동구",84.96,3,344,N,,11200,개인,행당동,성동구
,한진타운,1994,개인,,,"220,000",23,1,2026,중개거래,서울 성동구,59.4,13,704,N,,11200,개인,성수동1가,성동구
,극동그린,1997,개인,,,"154,000",29,1,2026,중개거래,"경기 안양시 만안구, 서울 성동구",84.92,1,436,N,,11200,개인,옥수동,성동구
,대림(1차),1986,개인,,,"204,000",26,1,2026,중개거래,서울 성동구,75.51,6,100,N,,11200,개인,응봉동,성동구
,중앙하이츠,1989,개인,,,"82,800",29,1,2026,중개거래,서울 성동구,71.85,14,199,N,,11200,개인,사근동,성동구
108,옥수파크힐스101동~116동,2016,개인,,,"264,000",28,1,2026,중개거래,서울 성동구,84.92,8,528,N,26.02.04,11200,개인,옥수동,성동구
105,두산,1994,개인,,,"107,100",18,1,2026,직거래,,79.08,13,1331,N,26.01.29,11200,개인,금호동3가,성동구
,롯데캐슬파크,2003,개인,,,"203,000",16,1,2026,중개거래,서울 성동구,81.567,13,835,N,,11200,개인,성수동2가,성동구
,현대,1990,개인,,,"190,000",17,1,2026,중개거래,서울 용산구,84.9,1,4,N,,11200,개인,옥수동,성동구
,동아그린,1999,개인,,,"149,500",27,1,2026,중개거래,서울 성동구,58.32,6,708,N,,11200,개인,성수동1가,성동구
,옥수하이츠,1998,개인,,,"377,000",23,1,2026,중개거래,서울 성동구,114.78,19,100,N,,11200,개인,옥수동,성동구
,트리마제,2017,개인,,,"132,000",13,1,2026,중개거래,서울 성동구,25.3284,11,718,N,,11200,개인,성수동1가,성동구
,옥수파크힐스117동~125동,2016,개인,,,"240,000",23,1,2026,중개거래,서울 성동구,59.78,3,528-1,N,,11200,개인,옥수동,성동구
,텐즈힐(2단지),2014,개인,,,"240,000",27,1,2026,중개거래,서울 성동구,157.29,21,811,N,,11200,개인,상왕십리동,성동구
,서울숲행당푸르지오,2011,개인,,,"169,000",14,1,2026,중개거래,서울 성동구,59.81,9,376,N,,11200,개인,행당동,성동구
,서울숲르씨엘,2023,개인,,,"137,000",21,1,2026,중개거래,서울 성동구,59.5075,11,1555,N,,11200,개인,금호동4가,성동구
,성수1차대우아파트,1999,개인,,,"98,500",16,1,2026,중개거래,서울 광진구,84.6,7,279-50,N,,11200,개인,성수동2가,성동구
,서울숲푸르지오,2007,개인,,,"239,000",26,1,2026,중개거래,서울 성동구,84.87,9,340,N,,11200,개인,금호동4가,성동구
,금호타운2차아파트,1997,개인,,,"130,000",26,1,2026,중개거래,서울 성동구,59.94,6,832,N,,11200,개인,성수동2가,성동구
,행당한진타운,2000,개인,,,"178,000",26,1,2026,중개거래,서울 성동구,84.71,4,346,N,,11200,개인,행당동,성동구
,현대,1990,개인,,,"188,000",17,1,2026,중개거래,서울 성동구,63.13,12,4,N,,11200,개인,옥수동,성동구
,극동,1986,개인,,,"260,000",20,1,2026,중개거래,서울 성동구,148.23,12,428,N,,11200,개인,옥수동,성동구
,신동아,1996,개인,,,"110,000",13,1,2026,중개거래,서울 성동구,59.97,6,275,N,,11200,개인,응봉동,성동구
,대림e-편한세상,2000,개인,,,"160,000",24,1,2026,중개거래,"서울 성동구, 서울 송파구",59.96,12,347,N,,11200,개인,행당동,성동구
,이편한세상금호파크힐스,2019,개인,,,"245,000",20,1,2026,중개거래,"서울 서초구, 서울 성동구",84.932,17,1823,N,,11200,개인,금호동1가,성동구
,건영,2000,개인,,,"109,000",24,1,2026,중개거래,서울 성동구,84.945,20,90,N,,11200,개인,송정동,성동구
,건영,2000,개인,,,"96,500",24,1,2026,중개거래,서울 성동구,59.83,15,90,N,,11200,개인,송정동,성동구
,신금호파크자이,2016,개인,,,"205,000",24,1,2026,중개거래,서울 성동구,59.98,6,1,N,,11200,개인,금호동2가,성동구
,삼성,1996,개인,,,"151,000",23,1,2026,중개거래,서울 성동구,84.93,12,817,N,,11200,개인,마장동,성동구
,벽산,2001,개인,26.02.19,O,"185,000",23,1,2026,중개거래,서울 성동구,84.82,8,633,N,,11200,개인,금호동1가,성동구
,신금호파크자이,2016,개인,,,"197,000",18,1,2026,중개거래,서울 성동구,59.98,10,1,N,,11200,개인,금호동2가,성동구
,신동아,1995,개인,,,"152,500",23,1,2026,중개거래,"서울 강남구, 서울 성동구",76.41,6,344,N,,11200,개인,행당동,성동구
,서울숲리버뷰자이,2018,개인,,,"219,000",20,1,2026,중개거래,서울 성동구,59.97,3,380,N,,11200,개인,행당동,성동구
,두산,1994,개인,,,"202,000",22,1,2026,중개거래,서울 성동구,116.81,12,1331,N,,11200,개인,금호동3가,성동구
,서울숲 한신 더 휴,2003,개인,,,"182,000",22,1,2026,중개거래,서울 성동구,84.95,17,349,N,,11200,개인,행당동,성동구
,서울숲아이파크,2009,개인,,,"130,000",11,1,2026,중개거래,서울 성동구,84.87,4,104,N,,11200,개인,송정동,성동구
,왕십리지웰,2009,개인,,,"130,000",21,1,2026,중개거래,"서울 마포구, 서울 성동구",84.957,8,1064,N,,11200,개인,하왕십리동,성동구
,신금호파크자이,2016,개인,,,"208,000",20,1,2026,중개거래,서울 성동구,59.98,15,1,N,,11200,법인,금호동2가,성동구
,옥수,1975,개인,,,"60,000",18,1,2026,중개거래,서울 성동구,49.45,3,306,N,,11200,개인,옥수동,성동구
,중앙하이츠,1989,개인,,,"80,000",20,1,2026,중개거래,서울 성동구,71.85,6,199,N,,11200,개인,사근동,성동구
,신동아,1996,개인,,,"123,800",20,1,2026,중개거래,서울 성동구,59.97,5,275,N,,11200,개인,응봉동,성동구
,센트라스,2016,개인,,,"238,000",13,1,2026,중개거래,"서울 서초구, 서울 성동구",84.77,28,1070,N,,11200,개인,하왕십리동,성동구
,왕십리KCC스위첸,2016,개인,,,"160,000",19,1,2026,중개거래,서울 성동구,84.897,7,1002,N,,11200,개인,하왕십리동,성동구
,옥수삼성,1999,개인,,,"233,000",15,1,2026,중개거래,"서울 성동구, 서울 송파구",84.822,9,250,N,,11200,개인,옥수동,성동구
,신동아,1996,개인,,,"125,000",19,1,2026,중개거래,서울 성동구,59.97,8,275,N,,11200,개인,응봉동,성동구
,센트라스,2016,개인,26.02.13,O,"197,000",18,1,2026,중개거래,서울 성동구,59.59,6,1070,N,,11200,개인,하왕십리동,성동구
,현대그린,1994,개인,,,"185,000",18,1,2026,중개거래,"서울 서초구, 서울 성동구",81.48,9,33-2,N,,11200,개인,성수동1가,성동구
,행당한진타운,2000,개인,,,"194,000",19,1,2026,중개거래,서울 성동구,114.62,24,346,N,,11200,개인,행당동,성동구
,힐스테이트서울숲리버,2018,개인,,,"209,500",18,1,2026,중개거래,서울 성동구,64.95,5,1553,N,,11200,개인,금호동4가,성동구
,센트라스,2016,개인,,,"209,000",18,1,2026,중개거래,서울 성동구,59.95,25,1070,N,,11200,개인,하왕십리동,성동구
,대우,2001,개인,,,"189,000",17,1,2026,중개거래,서울 성동구,84.71,10,800,N,,11200,개인,금호동4가,성동구
,신동아,1996,개인,,,"130,000",17,1,2026,중개거래,서울 성동구,59.97,10,275,N,,11200,개인,응봉동,성동구
,신동아,1996,개인,,,"147,000",17,1,2026,중개거래,서울 성동구,84.81,12,275,N,,11200,개인,응봉동,성동구
,세림,1986,개인,,,"108,000",14,1,2026,중개거래,서울 성동구,40.86,10,784,N,,11200,개인,마장동,성동구
,대성유니드,2004,개인,,,"122,000",16,1,2026,중개거래,서울 성동구,59.7,10,825,N,,11200,개인,마장동,성동구
,극동,1986,개인,,,"180,000",15,1,2026,직거래,,148.23,2,428,N,,11200,개인,옥수동,성동구
,레미테지,2004,개인,,,"325,000",14,1,2026,중개거래,서울 서초구,224.09,2,220-2,N,,11200,법인,옥수동,성동구
,현대,1998,개인,,,"123,500",15,1,2026,중개거래,서울 성동구,59.91,28,818,N,,11200,개인,마장동,성동구
1,세림,1986,개인,,,"90,000",9,1,2026,직거래,,72.84,12,784,N,26.01.15,11200,개인,마장동,성동구
,벽산,2001,개인,,,"148,000",14,1,2026,중개거래,서울 성동구,59.9,6,633,N,,11200,개인,금호동1가,성동구
,우성,2004,개인,,,"144,000",13,1,2026,중개거래,서울 성동구,84.67,11,716,N,,11200,개인,성수동1가,성동구
,한양마이라움,2018,개인,,,"16,300",13,1,2026,중개거래,"서울 서대문구, 서울 성동구",18.36,5,315,N,26.01.23,11200,개인,사근동,성동구
,센트라스,2016,개인,,,"248,000",12,1,2026,중개거래,"서울 성동구, 서울 중구",84.98,27,1070,N,,11200,개인,하왕십리동,성동구
,우성에비뉴,2017,개인,,,"72,000",10,1,2026,중개거래,"서울 동대문구, 서울 성동구",60.4,10,835,N,,11200,개인,마장동,성동구
,극동그린,1997,개인,,,"179,800",10,1,2026,중개거래,서울 성동구,114.32,18,436,N,,11200,개인,옥수동,성동구
,현대,1998,개인,,,"119,000",12,1,2026,중개거래,서울 성동구,59.94,9,818,N,,11200,개인,마장동,성동구
,서울숲 한신 더 휴,2003,개인,,,"207,000",10,1,2026,중개거래,서울 성동구,114.97,4,349,N,,11200,개인,행당동,성동구
,옥수파크힐스101동~116동,2016,개인,26.02.05,O,"225,000",2,1,2026,중개거래,서울 성동구,59.88,4,528,N,,11200,개인,옥수동,성동구
,금호현대,1990,개인,,,"152,000",10,1,2026,중개거래,서울 성동구,59.91,6,98,N,,11200,개인,응봉동,성동구
,금호자이2차,2012,개인,,,"173,000",11,1,2026,중개거래,서울 성동구,59.9167,8,700,N,,11200,개인,금호동3가,성동구
,서울숲리버그린동아아파트,2003,개인,,,"161,000",10,1,2026,중개거래,서울 성동구,59.98,10,276,N,,11200,개인,응봉동,성동구
,벽산,2001,개인,,,"185,000",10,1,2026,중개거래,서울 성동구,114.57,4,633,N,,11200,개인,금호동1가,성동구
,동아그린,1999,개인,,,"120,000",10,1,2026,중개거래,서울 성동구,58.32,1,708,N,,11200,개인,성수동1가,성동구
,우성2차,2006,개인,,,"135,000",10,1,2026,중개거래,"서울 강동구, 서울 성동구",84.24,4,837,N,,11200,개인,성수동2가,성동구
,금호베스트빌,2002,개인,,,"108,000",10,1,2026,중개거래,서울 성동구,84.971,9,103,N,,11200,개인,송정동,성동구
,마장동중앙하이츠,1999,개인,,,"108,000",10,1,2026,중개거래,서울 성동구,60.0,14,819,N,,11200,개인,마장동,성동구
,대림강변타운,2001,개인,,,"165,000",10,1,2026,중개거래,서울 성동구,59.76,10,15,N,,11200,개인,응봉동,성동구
,성수우방2차아파트,1999,개인,,,"114,000",10,1,2026,중개거래,서울 성동구,59.82,11,286,N,,11200,개인,성수동2가,성동구
,왕십리자이,2017,개인,,,"142,000",10,1,2026,중개거래,서울 성동구,51.91,17,1071,N,,11200,개인,하왕십리동,성동구
,벽산,2001,개인,,,"170,000",9,1,2026,중개거래,서울 성동구,84.82,6,633,N,,11200,개인,금호동1가,성동구
,현대,1998,개인,,,"113,500",9,1,2026,중개거래,"경남 진주시, 서울 성동구",59.94,6,818,N,,11200,개인,마장동,성동구
,롯데캐슬파크,2003,개인,,,"202,000",8,1,2026,중개거래,서울 성동구,84.686,3,835,N,,11200,개인,성수동2가,성동구
,대림e-편한세상,2000,개인,,,"150,000",8,1,2026,중개거래,서울 성동구,59.96,9,347,N,,11200,법인,행당동,성동구
,벽산,2001,개인,,,"169,800",8,1,2026,중개거래,서울 성동구,84.82,1,633,N,,11200,개인,금호동1가,성동구
,서울숲2차푸르지오,2012,개인,,,"235,000",8,1,2026,중개거래,서울 성동구,59.862,9,235,N,,11200,개인,금호동4가,성동구
,왕십리자이,2017,개인,,,"142,000",8,1,2026,중개거래,서울 성동구,51.91,6,1071,N,,11200,개인,하왕십리동,성동구
,무학현대,1996,개인,,,"113,000",7,1,2026,중개거래,서울 성동구,84.495,3,992,N,,11200,개인,하왕십리동,성동구
,행당한진타운,2000,개인,,,"164,500",7,1,2026,중개거래,서울 성동구,59.96,22,346,N,,11200,개인,행당동,성동구
,트리마제,2017,개인,,,"578,000",2,1,2026,중개거래,서울 성동구,84.8213,33,718,N,,11200,개인,성수동1가,성동구
,대림(1차),1986,개인,,,"240,000",5,1,2026,중개거래,"서울 성동구, 서울 용산구",113.71,8,100,N,,11200,개인,응봉동,성동구
,행당한진타운,2000,개인,,,"189,000",5,1,2026,중개거래,서울 성동구,114.62,4,346,N,,11200,개인,행당동,성동구
,대림e-편한세상,2000,개인,,,"161,500",4,1,2026,중개거래,서울 성동구,59.96,14,347,N,,11200,개인,행당동,성동구
,극동,1986,개인,,,"167,000",3,1,2026,중개거래,"서울 성동구, 서울 영등포구",68.58,2,428,N,,11200,개인,옥수동,성동구
,마장동중앙하이츠,1999,개인,,,"106,500",2,1,2026,중개거래,서울 성동구,60.0,4,819,N,,11200,개인,마장동,성동구
,왕십리KCC스위첸,2016,개인,,,"158,000",3,1,2026,중개거래,서울 성동구,84.897,14,1002,N,,11200,개인,하왕십리동,성동구
,서울숲 한신 더 휴,2003,개인,,,"165,500",2,1,2026,중개거래,서울 성동구,59.91,12,349,N,,11200,개인,행당동,성동구
,신동아,1996,개인,,,"122,000",2,1,2026,중개거래,서울 성동구,59.97,8,275,N,,11200,개인,응봉동,성동구
,대림(1차),1986,개인,,,"210,000",10,2,2026,중개거래,서울 성동구,75.51,6,100,N,,11200,개인,응봉동,성동구
,신금호파크자이,2016,개인,,,"205,000",16,2,2026,중개거래,서울 성동구,59.98,11,1,N,,11200,개인,금호동2가,성동구
,행당한진타운,2000,개인,,,"188,000",19,2,2026,중개거래,서울 성동구,84.71,18,346,N,,11200,개인,행당동,성동구
,래미안 옥수 리버젠,2012,개인,,,"314,500",13,2,2026,직거래,,134.13,7,561,N,,11200,개인,옥수동,성동구
,강변청구3,1995,개인,,,"330,000",12,2,2026,중개거래,서울 성동구,84.6,9,745,N,,11200,개인,성수동2가,성동구
,현대그린,1994,개인,,,"149,000",2,2,2026,중개거래,서울 성동구,56.97,2,33-2,N,,11200,개인,성수동1가,성동구
,금호,2003,개인,,,"209,000",5,2,2026,중개거래,서울 성동구,84.98,14,714,N,,11200,개인,성수동1가,성동구
,행당두산위브,2009,개인,,,"169,500",10,2,2026,중개거래,서울 성동구,59.99,7,375,N,,11200,개인,행당동,성동구
,센트라스,2016,개인,,,"123,500",3,2,2026,중개거래,서울 성동구,40.94,27,1070,N,,11200,개인,하왕십리동,성동구
,중앙하이츠,1995,개인,,,"111,000",10,2,2026,중개거래,서울 성동구,84.545,9,15,N,,11200,개인,용답동,성동구
,텐즈힐(1단지),2015,개인,,,"220,000",7,2,2026,중개거래,"서울 동대문구, 서울 성동구",84.88,8,1066,N,,11200,개인,하왕십리동,성동구
,뚝섬현대,1992,개인,,,"154,000",9,2,2026,중개거래,서울 성동구,84.22,10,13-157,N,,11200,개인,성수동1가,성동구
,대림(2차),1989,개인,,,"146,500",7,2,2026,중개거래,서울 성동구,59.91,8,97,N,,11200,개인,응봉동,성동구
,서울숲리버뷰자이,2018,개인,,,"262,000",6,2,2026,중개거래,서울 성동구,84.98,27,380,N,,11200,개인,행당동,성동구
,극동미라주,2001,개인,,,"133,000",6,2,2026,중개거래,서울 성동구,59.4,21,1058,N,,11200,개인,하왕십리동,성동구
,신동아,1996,개인,,,"152,700",5,2,2026,중개거래,서울 성동구,84.81,15,275,N,,11200,개인,응봉동,성동구
,행당한진타운,2000,개인,,,"170,000",5,2,2026,중개거래,서울 성동구,59.96,21,346,N,,11200,개인,행당동,성동구
,행당한진타운,2000,개인,,,"123,000",4,2,2026,직거래,,84.71,16,346,N,,11200,개인,행당동,성동구
,텐즈힐(1단지),2015,개인,,,"192,500",3,2,2026,중개거래,서울 성동구,72.52,7,1066,N,,11200,개인,하왕십리동,성동구
,대성유니드,2004,개인,,,"130,000",2,2,2026,중개거래,서울 성동구,84.71,22,825,N,,11200,개인,마장동,성동구
,신성미소지움,2001,개인,,,"135,000",2,2,2026,중개거래,서울 성동구,84.01,2,833,N,,11200,개인,성수동2가,성동구
,극동그린,1997,개인,,,"160,000",1,2,2026,중개거래,서울 성동구,84.92,13,436,N,,11200,개인,옥수동,성동구
,우성1,1988,개인,,,"134,500",24,1,2026,중개거래,"서울 광진구, 서울 양천구",51.57,11,579,N,,11215,개인,자양동,광진구
,광장르엣지29,2024,개인,,,"121,770",26,1,2026,직거래,,73.59,9,530-1,N,,11215,개인,광장동,광진구
,현대5,1989,개인,,,"133,000",19,1,2026,직거래,,59.67,10,554-7,N,,11215,개인,광장동,광진구
,에이탑,2003,개인,,,"57,500",16,1,2026,중개거래,서울 중랑구,73.19,6,168-1,N,,11215,개인,중곡동,광진구
,새한,2000,개인,,,"129,000",24,1,2026,중개거래,서울 광진구,84.91,3,656,N,,11215,개인,구의동,광진구
,중곡1단지,1976,개인,,,"49,950",16,1,2026,중개거래,서울 광진구,58.71,5,191-77,N,,11215,개인,중곡동,광진구
,중곡1단지,1976,개인,,,"43,000",25,1,2026,중개거래,서울 광진구,48.46,1,191-77,N,,11215,개인,중곡동,광진구
,중곡2단지,1976,개인,,,"50,000",29,1,2026,중개거래,서울 광진구,55.87,5,190-26,N,,11215,개인,중곡동,광진구
,자양7차현대홈타운,2001,개인,,,"154,000",5,1,2026,중개거래,서울 광진구,59.94,7,788,N,,11215,개인,자양동,광진구
,자양우성7,1998,개인,,,"154,000",31,1,2026,중개거래,서울 광진구,59.94,20,783-1,N,,11215,개인,자양동,광진구
,주성AURA,2009,개인,,,"61,000",23,1,2026,중개거래,서울 광진구,67.76,3,130-5,N,,11215,개인,중곡동,광진구
,광진코지웰,2014,개인,,,"11,500",27,1,2026,중개거래,서울 광진구,15.63,6,113-1,N,,11215,개인,화양동,광진구
,중곡1단지,1976,개인,26.02.10,O,"49,950",16,1,2026,중개거래,서울 광진구,58.71,5,191-77,N,,11215,개인,중곡동,광진구
,파르네빌,2008,개인,,,"163,000",29,1,2026,중개거래,서울 광진구,207.13,5,587-58,N,,11215,법인,구의동,광진구
,자양하늘채베르,2023,개인,,,"96,000",13,1,2026,중개거래,서울 성북구,46.971,2,862,N,,11215,개인,자양동,광진구
,중곡1단지,1976,개인,,,"51,800",29,1,2026,중개거래,"서울 강남구, 서울 광진구",58.74,4,191-77,N,,11215,개인,중곡동,광진구
,자양우성7,1998,개인,,,"100,000",30,1,2026,직거래,,59.94,12,783-1,N,,11215,개인,자양동,광진구
,워커힐푸르지오,1987,개인,,,"173,000",23,1,2026,중개거래,서울 광진구,92.42,11,148-4,N,,11215,개인,광장동,광진구
,워커힐 팰리스,2005,개인,,,"200,000",10,1,2026,중개거래,서울 광진구,210.83,12,125,N,,11215,개인,광장동,광진구
,화양동동도센트리움캠퍼스파크,2019,개인,,,"21,500",23,1,2026,중개거래,서울 광진구,17.248,17,116-2,N,,11215,개인,화양동,광진구
,그랜드아파트,2023,개인,,,"48,000",24,1,2026,중개거래,서울 광진구,35.35,7,636-11,N,,11215,개인,자양동,광진구
,e편한세상광진그랜드파크,2021,개인,,,"204,000",14,1,2026,중개거래,서울 광진구,84.9794,3,680,N,,11215,개인,구의동,광진구
,중곡1단지,1976,개인,,,"43,000",24,1,2026,중개거래,서울 광진구,48.46,1,191-77,N,,11215,개인,중곡동,광진구
,더샵스타시티,2007,개인,,,"260,000",19,1,2026,중개거래,서울 광진구,139.54,13,227-7,N,,11215,개인,자양동,광진구
,중곡1단지,1976,개인,,,"42,000",25,1,2026,중개거래,서울 중랑구,48.46,4,191-77,N,,11215,개인,중곡동,광진구
,구의현대2단지,1996,개인,,,"224,000",23,1,2026,중개거래,서울 광진구,84.91,22,611,N,,11215,개인,구의동,광진구
,e편한세상광진그랜드파크,2021,개인,,,"253,000",17,1,2026,중개거래,"경기 안양시 동안구, 서울 광진구",115.9824,18,680,N,,11215,개인,구의동,광진구
,청구,1996,개인,,,"189,500",23,1,2026,중개거래,서울 광진구,84.86,3,566,N,,11215,개인,광장동,광진구
,아차산포레안,2010,개인,,,"140,000",14,1,2026,중개거래,서울 광진구,84.68,9,663,N,,11215,개인,구의동,광진구
,광진코지웰,2014,개인,,,"14,700",17,1,2026,중개거래,서울 광진구,15.63,12,113-1,N,26.01.30,11215,개인,화양동,광진구
,광진코지웰,2014,개인,,,"15,000",19,1,2026,중개거래,서울 광진구,15.63,6,113-1,N,26.01.29,11215,개인,화양동,광진구
,중곡1단지,1976,개인,26.02.03,O,"50,000",16,1,2026,중개거래,서울 광진구,58.71,5,191-77,N,,11215,개인,중곡동,광진구
,더샵스타시티,2007,개인,,,"309,170",16,1,2026,중개거래,서울 광진구,163.53,35,227-7,N,,11215,개인,자양동,광진구
,e편한세상광진그랜드파크,2021,개인,,,"191,500",20,1,2026,중개거래,서울 광진구,84.9957,12,680,N,,11215,개인,구의동,광진구
,구의현대2단지,1996,개인,,,"222,000",10,1,2026,중개거래,"서울 광진구, 서울 송파구",84.91,14,611,N,,11215,개인,구의동,광진구
,현대팰리스,2022,개인,,,"51,200",14,1,2026,직거래,,67.66,6,231-18,N,,11215,법인,구의동,광진구
,명성,2003,개인,,,"50,000",4,1,2026,중개거래,서울 광진구,64.84,3,237-5,N,,11215,개인,구의동,광진구
,자양호반써밋,2021,개인,,,"117,000",15,1,2026,중개거래,서울 광진구,40.2673,14,861,N,,11215,개인,자양동,광진구
,현대프라임,1997,개인,,,"210,000",17,1,2026,중개거래,서울 광진구,84.99,18,631-1,N,,11215,개인,구의동,광진구
주건축물제1동,광장르엣지29,2024,개인,,,"116,000",16,1,2026,직거래,,71.22,6,530-1,N,26.01.28,11215,개인,광장동,광진구
,자양하늘채베르,2023,개인,,,"110,000",15,1,2026,중개거래,서울 광진구,46.973,8,862,N,,11215,개인,자양동,광진구
,래미안프리미어팰리스,2017,개인,,,"161,000",14,1,2026,중개거래,서울 광진구,84.79,24,859,N,,11215,개인,자양동,광진구
,자양현대6,1999,개인,,,"144,000",14,1,2026,중개거래,서울 광진구,59.98,4,786,N,,11215,개인,자양동,광진구
,광진코지웰,2014,개인,,,"15,000",12,1,2026,직거래,,15.63,11,113-1,N,26.01.13,11215,개인,화양동,광진구
,파라다이스리버빌,2001,개인,,,"181,500",5,1,2026,중개거래,서울 광진구,153.24,17,690-58,N,,11215,개인,자양동,광진구
,자양강변I-Park,2006,개인,,,"217,500",8,1,2026,중개거래,"서울 강남구, 서울 광진구",84.95,6,809,N,,11215,개인,자양동,광진구
,e편한세상광진그랜드파크,2021,개인,,,"192,000",6,1,2026,중개거래,"경기 성남시 수정구, 서울 광진구",84.9716,4,680,N,,11215,개인,구의동,광진구
,광나루현대,1996,개인,,,"183,000",10,1,2026,중개거래,서울 광진구,84.92,10,567,N,,11215,개인,광장동,광진구
,광장힐스테이트,2012,개인,,,"223,000",10,1,2026,중개거래,"서울 광진구, 서울 도봉구",59.99,24,582,N,,11215,개인,광장동,광진구
,자양현대6,1999,개인,,,"135,000",9,1,2026,중개거래,서울 광진구,59.98,3,786,N,,11215,개인,자양동,광진구
1,화양동동도센트리움캠퍼스파크,2019,개인,,,"20,000",8,1,2026,직거래,,15.991,10,116-2,N,26.01.09,11215,개인,화양동,광진구
,워커힐푸르지오,1987,개인,,,"125,500",7,1,2026,중개거래,서울 광진구,69.0,6,148-4,N,,11215,개인,광장동,광진구
,더샵스타시티,2007,개인,,,"248,000",3,1,2026,중개거래,서울 광진구,119.41,31,227-7,N,,11215,개인,자양동,광진구
,더샵스타시티,2007,개인,,,"270,000",2,1,2026,중개거래,서울 광진구,139.6,36,227-7,N,,11215,개인,자양동,광진구
,강변에스케이뷰,2017,개인,,,"169,200",3,1,2026,중개거래,서울 광진구,84.69,22,667,N,,11215,개인,구의동,광진구
,자양7차현대홈타운,2001,개인,26.02.06,O,"154,000",5,1,2026,중개거래,서울 광진구,59.94,7,788,N,,11215,개인,자양동,광진구
,현대프라임,1997,개인,,,"171,000",3,1,2026,중개거래,서울 광진구,59.82,30,631-1,N,,11215,개인,구의동,광진구
,자양8차현대홈타운,2002,개인,,,"192,000",2,1,2026,중개거래,서울 광진구,80.47,9,789,N,,11215,개인,자양동,광진구
,광진코지웰,2014,개인,,,"15,000",12,2,2026,중개거래,서울 광진구,14.73,7,113-1,N,,11215,개인,화양동,광진구
,에피소드1,2014,개인,,,"22,500",5,2,2026,중개거래,서울 광진구,17.81,2,355-5,N,,11215,개인,군자동,광진구
,구의현대6단지,1994,개인,,,"183,000",5,2,2026,중개거래,서울 광진구,84.92,11,610,N,,11215,개인,구의동,광진구
,워커힐푸르지오,1987,개인,,,"125,000",10,2,2026,중개거래,서울 광진구,65.63,7,148-4,N,,11215,개인,광장동,광진구
,중곡1단지,1976,개인,,,"55,000",5,2,2026,중개거래,서울 광진구,57.88,2,191-77,N,,11215,개인,중곡동,광진구
,자양현대5,1998,개인,,,"146,000",4,2,2026,중개거래,서울 광진구,59.72,9,642,N,,11215,개인,자양동,광진구
,중곡1단지,1976,개인,,,"51,000",3,2,2026,중개거래,서울 광진구,48.46,2,191-77,N,,11215,개인,중곡동,광진구
,중곡1단지,1976,개인,,,"51,000",2,2,2026,중개거래,서울 광진구,58.74,4,191-77,N,,11215,개인,중곡동,광진구
,한영해시안,2015,개인,,,"56,000",7,2,2026,중개거래,서울 광진구,38.37,6,858,N,,11215,개인,자양동,광진구
,중곡1단지,1976,개인,,,"55,000",7,2,2026,중개거래,서울 광진구,57.85,2,191-77,N,,11215,개인,중곡동,광진구
,현대5,1989,개인,,,"150,000",3,2,2026,직거래,,74.88,4,554-7,N,,11215,개인,광장동,광진구
,욱현하이브Ⅲ,2012,개인,,,"14,100",7,2,2026,중개거래,서울 광진구,15.69,6,699,N,,11215,개인,중곡동,광진구
,구의강변우성아파트,1992,개인,,,"175,000",6,2,2026,중개거래,"경기 양평군, 서울 광진구",84.76,4,546-7,N,,11215,개인,구의동,광진구
,"현대8(801동,802동)",1995,개인,,,"223,500",7,2,2026,중개거래,서울 광진구,84.92,25,565,N,,11215,개인,광장동,광진구
,구의현대2단지,1996,개인,,,"214,000",6,2,2026,중개거래,서울 광진구,84.75,18,611,N,,11215,개인,구의동,광진구
,일성파크,1996,개인,,,"81,500",4,2,2026,중개거래,서울 광진구,59.96,3,99,N,,11215,개인,군자동,광진구
,삼보글로벌101동,2003,개인,,,"75,500",2,2,2026,중개거래,서울 광진구,70.88,5,647-1,N,,11215,개인,중곡동,광진구
,더샵스타시티,2007,개인,,,"300,000",2,2,2026,중개거래,서울 광진구,163.53,30,227-7,N,,11215,개인,자양동,광진구
,워커힐현대빌,1994,개인,,,"100,000",5,2,2026,중개거래,서울 광진구,133.68,9,105,N,,11215,개인,광장동,광진구
,구의동현진에버빌,2006,개인,,,"127,000",3,2,2026,중개거래,서울 광진구,84.997,6,660,N,,11215,개인,구의동,광진구
,자양우성7,1998,개인,,,"156,000",3,2,2026,중개거래,"서울 광진구, 서울 용산구",59.94,9,783-1,N,,11215,개인,자양동,광진구
,스타파크아파트,2018,개인,,,"75,000",3,2,2026,중개거래,서울 광진구,59.81,2,80-37,N,,11215,개인,구의동,광진구
,휘경센트레빌,2011,개인,,,"98,000",28,1,2026,중개거래,서울 동대문구,84.79,13,367,N,,11230,개인,휘경동,동대문구
,청량리역해링턴플레이스,2023,개인,,,"148,000",22,1,2026,중개거래,인천 연수구,84.873,18,797,N,,11230,개인,용두동,동대문구
,장안힐스테이트,2007,개인,,,"117,000",30,1,2026,중개거래,서울 동대문구,84.854,9,329-2,N,,11230,개인,장안동,동대문구
,장안현대홈타운(336),2003,개인,,,"85,000",31,1,2026,중개거래,서울 동대문구,59.61,1,336,N,,11230,개인,장안동,동대문구
101,청계천대성스카이렉스2,2007,개인,,,"91,000",6,1,2026,중개거래,서울 성동구,84.99,3,255-66,N,26.02.10,11230,개인,용두동,동대문구
,신답경남,1991,개인,,,"86,500",31,1,2026,중개거래,서울 동대문구,82.5,8,645-8,N,,11230,개인,답십리동,동대문구
,청량리역해링턴플레이스,2023,개인,,,"149,500",18,1,2026,중개거래,서울 동대문구,84.873,21,797,N,,11230,개인,용두동,동대문구
,래미안아름숲,2012,개인,,,"128,000",20,1,2026,중개거래,서울 동대문구,114.92,2,688,N,,11230,개인,전농동,동대문구
,휘경베스트빌현대,2000,개인,,,"65,000",21,1,2026,중개거래,서울 동대문구,59.92,26,52,N,,11230,개인,휘경동,동대문구
,대성유니드아파트,2012,개인,26.02.20,O,"83,500",25,1,2026,중개거래,서울 동대문구,84.97,10,429,N,,11230,개인,이문동,동대문구
,래미안장안2차,2007,개인,,,"129,000",30,1,2026,중개거래,서울 동대문구,112.92,20,329-3,N,,11230,개인,장안동,동대문구
,래미안아름숲,2012,개인,,,"121,800",27,1,2026,중개거래,서울 동대문구,84.7,7,688,N,,11230,개인,전농동,동대문구
,장안현대홈타운(336),2003,개인,,,"100,000",27,1,2026,중개거래,서울 동대문구,59.54,11,336,N,,11230,개인,장안동,동대문구
,래미안위브,2014,개인,,,"174,000",20,1,2026,중개거래,서울 동대문구,121.64,11,1003,N,,11230,개인,답십리동,동대문구
,전농우성,1992,개인,,,"64,000",24,1,2026,중개거래,서울 동대문구,59.78,2,6,N,,11230,개인,전농동,동대문구
,전농우성,1992,개인,,,"85,000",24,1,2026,중개거래,서울 동대문구,126.63,5,6,N,,11230,개인,전농동,동대문구
,현대,1992,개인,,,"72,000",29,1,2026,중개거래,서울 동대문구,84.94,3,363,N,,11230,개인,휘경동,동대문구
,한신,1997,개인,,,"95,000",24,1,2026,중개거래,서울 동대문구,84.92,9,60,N,,11230,개인,청량리동,동대문구
,동대문더퍼스트데시앙,2019,개인,,,"108,000",16,1,2026,중개거래,서울 동대문구,84.9771,9,587,N,,11230,개인,장안동,동대문구
,은하수드림필,2006,개인,,,"70,000",30,1,2026,중개거래,서울 동대문구,84.98,9,572,N,,11230,개인,장안동,동대문구
,휘경제이스카이아파트,2016,개인,,,"65,000",31,1,2026,중개거래,서울 동대문구,84.43,11,369,N,,11230,개인,휘경동,동대문구
,휘경미소지움,1999,개인,,,"58,500",31,1,2026,중개거래,서울 동대문구,59.84,1,106,N,,11230,개인,휘경동,동대문구
104,한신,1997,개인,,,"93,500",30,1,2026,중개거래,서울 동대문구,114.95,12,60,N,26.02.10,11230,개인,청량리동,동대문구
,래미안장안,2003,개인,,,"99,300",19,1,2026,중개거래,"경기 성남시 분당구, 서울 광진구",59.86,12,354-2,N,,11230,개인,장안동,동대문구
,대림,2003,개인,,,"79,000",28,1,2026,중개거래,서울 동대문구,84.66,17,808,N,,11230,개인,답십리동,동대문구
,래미안장안2차,2007,개인,,,"101,000",14,1,2026,중개거래,경기 성남시 분당구,64.85,4,329-3,N,,11230,개인,장안동,동대문구
,정암(363-11),2005,개인,,,"48,000",31,1,2026,중개거래,서울 동대문구,84.95,3,363-11,N,,11230,개인,장안동,동대문구
,민족통일MJ캠퍼스경희대2차,2021,개인,,,"22,000",24,1,2026,중개거래,서울 동대문구,13.53,14,65-39,N,,11230,개인,회기동,동대문구
,휘경미소지움,1999,개인,,,"82,000",24,1,2026,중개거래,서울 동대문구,84.87,11,106,N,,11230,개인,휘경동,동대문구
,동양1차,2000,개인,,,"79,000",26,1,2026,중개거래,서울 동대문구,84.94,11,115,N,,11230,개인,휘경동,동대문구
,동대문롯데캐슬노블레스,2018,개인,,,"170,000",31,1,2026,중개거래,서울 동대문구,84.98,28,695,N,,11230,개인,전농동,동대문구
,쌍용,2000,개인,,,"87,000",31,1,2026,중개거래,서울 동대문구,59.99,19,64,N,,11230,개인,이문동,동대문구
,래미안엘리니티,2022,개인,,,"150,000",30,1,2026,중개거래,서울 동대문구,59.96,8,796,N,,11230,개인,용두동,동대문구
,래미안크레시티,2014,개인,,,"169,500",30,1,2026,중개거래,서울 동대문구,84.96,12,690,N,,11230,개인,전농동,동대문구
,태솔아파트3차,2018,개인,,,"53,950",30,1,2026,중개거래,서울 동대문구,59.52,14,346-1,N,,11230,개인,장안동,동대문구
,청계벽산메가트리움,2006,개인,,,"77,000",30,1,2026,중개거래,서울 동대문구,59.93,12,999,N,,11230,개인,답십리동,동대문구
108,쌍용,2000,개인,,,"83,000",21,1,2026,직거래,,84.89,15,64,N,26.01.30,11230,개인,이문동,동대문구
4,미주,1978,개인,,,"130,000",30,1,2026,중개거래,서울 동대문구,102.15,3,235-1,N,26.01.30,11230,개인,청량리동,동대문구
,주공2,2001,개인,,,"75,000",30,1,2026,중개거래,서울 동대문구,59.79,17,57,N,,11230,개인,휘경동,동대문구
,대림e-편한세상,2003,개인,,,"106,000",29,1,2026,중개거래,서울 동대문구,79.35,18,225,N,,11230,개인,이문동,동대문구
,답십리대우,2002,개인,,,"102,000",29,1,2026,중개거래,서울 동대문구,59.76,18,111,N,,11230,개인,답십리동,동대문구
,대우,2001,개인,,,"88,000",29,1,2026,중개거래,"서울 강동구, 서울 동대문구",114.521,8,45,N,,11230,개인,이문동,동대문구
,전농SK,2000,개인,,,"110,000",29,1,2026,중개거래,서울 동대문구,84.95,11,10,N,,11230,개인,전농동,동대문구
,현대홈타운2차,2005,개인,,,"94,500",29,1,2026,중개거래,서울 동대문구,96.22,13,569,N,,11230,개인,장안동,동대문구
,동서울한양,1989,개인,,,"68,000",29,1,2026,중개거래,서울 동대문구,76.41,3,41,N,,11230,개인,답십리동,동대문구
,장안현대홈타운(336),2003,개인,,,"99,000",29,1,2026,중개거래,서울 동대문구,59.54,9,336,N,,11230,개인,장안동,동대문구
,한양아이클래스,2014,개인,,,"11,000",29,1,2026,중개거래,서울 동대문구,14.19,4,112-8,N,,11230,개인,용두동,동대문구
,래미안장안2차,2007,개인,,,"119,500",29,1,2026,중개거래,서울 동대문구,81.05,4,329-3,N,,11230,개인,장안동,동대문구
103,휘경베스트빌현대,2000,개인,,,"61,000",28,1,2026,중개거래,서울 동대문구,59.92,24,52,N,26.02.06,11230,개인,휘경동,동대문구
,현대,1992,개인,26.02.04,O,"72,000",29,1,2026,중개거래,서울 동대문구,84.94,3,363,N,,11230,개인,휘경동,동대문구
도시형생활주택동,동대문푸르지오시티(도시형생활주택),2016,개인,,,"18,000",22,1,2026,중개거래,서울 동대문구,19.51,15,104-3,N,26.02.11,11230,개인,용두동,동대문구
,장안현대홈타운(336),2003,개인,,,"99,500",28,1,2026,중개거래,서울 동대문구,59.61,21,336,N,,11230,개인,장안동,동대문구
,보광타워,2019,개인,,,"13,000",28,1,2026,중개거래,서울 동대문구,14.69,9,530-4,N,26.01.29,11230,개인,답십리동,동대문구
,신현대,1989,개인,,,"88,000",28,1,2026,중개거래,서울 동대문구,84.96,2,65,N,,11230,개인,회기동,동대문구
,한신,1997,개인,,,"94,000",17,1,2026,중개거래,서울 동대문구,114.95,14,60,N,,11230,개인,청량리동,동대문구
,리치,2008,개인,,,"36,500",28,1,2026,중개거래,서울 동대문구,63.48,6,385-2,N,,11230,개인,장안동,동대문구
,장안현대홈타운(336),2003,개인,,,"89,000",28,1,2026,중개거래,서울 동대문구,58.42,1,336,N,,11230,개인,장안동,동대문구
,한양아이클래스,2014,개인,,,"12,200",28,1,2026,중개거래,서울 동대문구,16.97,3,112-8,N,,11230,개인,용두동,동대문구
,삼성힐,2008,개인,,,"53,000",24,1,2026,중개거래,서울 동대문구,68.04,5,138-52,N,,11230,개인,용두동,동대문구
,답십리청솔우성,2000,개인,,,"98,000",3,1,2026,중개거래,서울 동대문구,84.94,11,80,N,,11230,개인,답십리동,동대문구
,장안힐스테이트,2007,개인,,,"119,000",28,1,2026,중개거래,서울 동대문구,84.897,11,329-2,N,,11230,개인,장안동,동대문구
,동아,2001,개인,,,"99,000",27,1,2026,중개거래,서울 동대문구,101.94,2,10,N,,11230,개인,답십리동,동대문구
,우성그린,1997,개인,,,"81,800",27,1,2026,중개거래,"서울 강남구, 서울 동대문구",84.98,12,989-1,N,,11230,개인,답십리동,동대문구
,동일스위트리버,2007,개인,,,"88,000",27,1,2026,중개거래,서울 동대문구,84.973,11,366,N,,11230,개인,휘경동,동대문구
,동서울한양,1989,개인,,,"63,000",27,1,2026,중개거래,서울 동대문구,59.67,11,41,N,,11230,개인,답십리동,동대문구
,이문삼성래미안아파트,2001,개인,,,"95,000",27,1,2026,중개거래,서울 동대문구,114.988,19,425,N,,11230,개인,이문동,동대문구
,청량리역해링턴플레이스,2023,개인,,,"134,500",10,1,2026,중개거래,서울 동대문구,59.9755,12,797,N,,11230,개인,용두동,동대문구
,한신아파트,2004,개인,,,"85,000",19,1,2026,중개거래,서울 동대문구,59.84,21,1212,N,,11230,개인,제기동,동대문구
,청량리역해링턴플레이스,2023,개인,,,"130,000",23,1,2026,중개거래,서울 동대문구,59.9755,12,797,N,,11230,개인,용두동,동대문구
,신답극동,1987,개인,,,"71,952",20,1,2026,중개거래,서울 동대문구,53.1,15,464-1,N,,11230,개인,답십리동,동대문구
,한신아파트,2004,개인,,,"107,000",23,1,2026,중개거래,서울 동대문구,84.76,20,1212,N,,11230,개인,제기동,동대문구
,우성그린,1997,개인,,,"81,000",27,1,2026,중개거래,"서울 동대문구, 서울 영등포구",84.66,9,989-1,N,,11230,개인,답십리동,동대문구
,시온,2024,개인,,,"55,000",22,1,2026,직거래,,62.54,4,393-8,N,,11230,법인,장안동,동대문구
,청량리역롯데캐슬 SKY-L65,2023,개인,,,"197,000",17,1,2026,중개거래,서울 동대문구,84.971,52,620-47,N,,11230,개인,전농동,동대문구
,청량리역롯데캐슬 SKY-L65,2023,개인,,,"186,000",16,1,2026,중개거래,서울 동대문구,84.971,43,620-47,N,,11230,개인,전농동,동대문구
,래미안엘파인아파트,2011,개인,,,"93,500",19,1,2026,중개거래,"서울 동대문구, 서울 성동구",84.94,14,1000,N,,11230,개인,답십리동,동대문구
,동아,2001,개인,,,"95,000",26,1,2026,중개거래,서울 동대문구,101.94,16,10,N,,11230,개인,답십리동,동대문구
,청계한신휴플러스,2010,개인,,,"135,000",26,1,2026,중개거래,서울 동대문구,59.74,6,1002,N,,11230,개인,답십리동,동대문구
C,청량리역롯데캐슬 SKY-L65,2023,개인,,,"184,800",24,1,2026,중개거래,서울 동대문구,84.975,7,620-47,N,26.02.03,11230,개인,전농동,동대문구
,롯데캐슬피렌체,2009,개인,,,"37,200",24,1,2026,중개거래,서울 동대문구,30.4,13,790,N,,11230,개인,용두동,동대문구
,전농우성,1992,개인,,,"90,000",26,1,2026,중개거래,서울 동대문구,126.63,9,6,N,,11230,개인,전농동,동대문구
,래미안엘리니티,2022,개인,,,"165,000",25,1,2026,중개거래,서울 동대문구,84.92,18,796,N,,11230,개인,용두동,동대문구
,답십리대우,2002,개인,,,"111,300",26,1,2026,중개거래,서울 강동구,114.94,5,111,N,,11230,개인,답십리동,동대문구
,용두두산위브,2009,개인,,,"128,000",3,1,2026,중개거래,서울 동대문구,105.6,3,791,N,,11230,개인,용두동,동대문구
,홍릉동부,2001,개인,,,"89,000",26,1,2026,중개거래,서울 동대문구,59.7,9,212,N,,11230,개인,청량리동,동대문구
,동대문푸르지오시티(도시형생활주택),2016,개인,,,"38,700",26,1,2026,중개거래,서울 동대문구,30.11,6,104-3,N,,11230,개인,용두동,동대문구
,우성그린,1997,개인,,,"76,000",19,1,2026,중개거래,"서울 동대문구, 서울 송파구",84.98,9,989-1,N,,11230,개인,답십리동,동대문구
,롯데캐슬피렌체,2009,개인,,,"30,900",23,1,2026,중개거래,서울 동대문구,26.08,8,790,N,,11230,개인,용두동,동대문구
,동서울한양,1989,개인,,,"69,000",24,1,2026,중개거래,서울 동대문구,76.41,6,41,N,,11230,개인,답십리동,동대문구
,청량리역한양수자인그라시엘,2023,개인,,,"168,000",24,1,2026,중개거래,"서울 강남구, 서울 동대문구",84.95,14,798,N,,11230,개인,용두동,동대문구
,래미안엘파인아파트,2011,개인,,,"95,000",24,1,2026,중개거래,서울 동대문구,84.9,7,1000,N,,11230,개인,답십리동,동대문구
,우성2차아파트(334-6),2005,개인,,,"63,500",24,1,2026,중개거래,서울 동대문구,84.67,8,334-6,N,,11230,개인,장안동,동대문구
,동양1차,2000,개인,,,"69,000",24,1,2026,중개거래,서울 동대문구,59.85,18,115,N,,11230,개인,휘경동,동대문구
,현대,2000,개인,,,"78,000",24,1,2026,중개거래,서울 성북구,59.92,9,54,N,,11230,개인,이문동,동대문구
,답십리대우,2002,개인,,,"116,000",24,1,2026,중개거래,서울 동대문구,114.94,7,111,N,,11230,개인,답십리동,동대문구
,주공1,2001,개인,,,"88,000",24,1,2026,중개거래,서울 동대문구,84.29,20,57,N,,11230,개인,휘경동,동대문구
,이편한세상청계센트럴포레,2021,개인,,,"145,000",24,1,2026,중개거래,서울 동대문구,59.96,1,795,N,,11230,개인,용두동,동대문구
,쌍용,2000,개인,,,"93,000",24,1,2026,중개거래,서울 동대문구,59.99,18,64,N,,11230,개인,이문동,동대문구
,래미안장안2차,2007,개인,,,"117,000",24,1,2026,중개거래,서울 동대문구,81.05,5,329-3,N,,11230,개인,장안동,동대문구
,래미안크레시티,2014,개인,,,"173,700",24,1,2026,중개거래,서울 동대문구,84.96,11,690,N,,11230,개인,전농동,동대문구
,동서울한양,1989,개인,,,"58,200",24,1,2026,중개거래,서울 동대문구,59.67,7,41,N,,11230,개인,답십리동,동대문구
,쌍용,2000,개인,,,"96,000",17,1,2026,중개거래,서울 동대문구,84.89,21,64,N,,11230,개인,이문동,동대문구
,신현대,1989,개인,,,"91,000",24,1,2026,중개거래,서울 동대문구,84.96,14,65,N,,11230,개인,회기동,동대문구
,동아,1997,개인,,,"78,800",24,1,2026,중개거래,서울 동대문구,57.9,10,645-2,N,,11230,개인,전농동,동대문구
,대림e-편한세상,2003,개인,,,"107,500",23,1,2026,중개거래,서울 동대문구,84.972,22,225,N,,11230,개인,이문동,동대문구
,래미안아름숲,2012,개인,,,"123,500",23,1,2026,중개거래,"서울 동대문구, 서울 중구",84.7,4,688,N,,11230,개인,전농동,동대문구
,홍릉동부,2001,개인,,,"89,000",23,1,2026,중개거래,서울 동대문구,84.91,15,212,N,,11230,개인,청량리동,동대문구
,청량리역롯데캐슬 SKY-L65,2023,개인,,,"186,800",10,1,2026,중개거래,서울 동대문구,84.993,16,620-47,N,,11230,개인,전농동,동대문구
,장안현대홈타운(336),2003,개인,,,"115,000",23,1,2026,중개거래,서울 동대문구,84.87,11,336,N,,11230,개인,장안동,동대문구
,삼익,1997,개인,,,"83,000",23,1,2026,중개거래,서울 동대문구,84.95,5,73,N,,11230,개인,이문동,동대문구
,두산,2000,개인,,,"95,700",23,1,2026,중개거래,서울 동대문구,84.83,19,990,N,,11230,개인,답십리동,동대문구
,래미안엘파인아파트,2011,개인,,,"86,500",23,1,2026,중개거래,서울 동대문구,59.95,19,1000,N,,11230,개인,답십리동,동대문구
,가우디트윈캐슬1,2016,개인,,,"39,000",22,1,2026,중개거래,"서울 광진구, 서울 동대문구",48.31,12,374-9,N,,11230,개인,장안동,동대문구
,장안힐스테이트,2007,개인,,,"110,000",23,1,2026,중개거래,서울 동대문구,84.854,4,329-2,N,,11230,개인,장안동,동대문구
,청량리역롯데캐슬 SKY-L65,2023,개인,,,"186,000",9,1,2026,중개거래,서울 동대문구,84.971,26,620-47,N,,11230,개인,전농동,동대문구
,청량리역롯데캐슬 SKY-L65,2023,개인,,,"189,000",10,1,2026,중개거래,서울 동대문구,84.971,36,620-47,N,,11230,개인,전농동,동대문구
,휘경동일하이빌,2005,개인,,,"80,500",20,1,2026,중개거래,서울 동대문구,84.997,15,365,N,,11230,개인,휘경동,동대문구
,두산,2000,개인,,,"94,500",15,1,2026,중개거래,서울 동대문구,84.83,16,990,N,,11230,개인,답십리동,동대문구
204동,동대문더퍼스트데시앙,2019,개인,,,"102,000",22,1,2026,직거래,,84.9771,3,587,N,26.01.23,11230,개인,장안동,동대문구
101,이문휘경지웰에스테이트,2021,개인,,,"16,500",11,1,2026,중개거래,서울 동대문구,14.1448,5,377,N,26.02.02,11230,개인,휘경동,동대문구
,래미안크레시티,2014,개인,,,"169,500",22,1,2026,중개거래,서울 동대문구,84.96,12,690,N,,11230,개인,전농동,동대문구
,장안위더스빌,2011,개인,,,"120,000",20,1,2026,중개거래,"서울 동대문구, 서울 송파구",136.73,18,580,N,,11230,개인,장안동,동대문구
,이수브라운스톤,2005,개인,,,"84,000",20,1,2026,중개거래,서울 동대문구,84.9,1,252,N,,11230,개인,제기동,동대문구
,래미안엘파인아파트,2011,개인,,,"93,000",22,1,2026,중개거래,서울 동대문구,84.83,15,1000,N,,11230,개인,답십리동,동대문구
,장안뉴시티,2012,개인,,,"8,200",22,1,2026,중개거래,"서울 동대문구, 서울 중랑구",17.53,11,372-5,N,26.01.23,11230,개인,장안동,동대문구
,대림e-편한세상,2003,개인,,,"113,000",21,1,2026,중개거래,서울 동대문구,114.937,16,225,N,,11230,개인,이문동,동대문구
,대림e-편한세상,2003,개인,,,"103,000",21,1,2026,중개거래,서울 동대문구,79.35,5,225,N,,11230,개인,이문동,동대문구
,홍릉동부,2001,개인,,,"83,000",21,1,2026,중개거래,"서울 동대문구, 서울 성북구",59.7,18,212,N,,11230,개인,청량리동,동대문구
,래미안엘파인아파트,2011,개인,,,"94,000",16,1,2026,중개거래,"서울 동대문구, 서울 중구",84.9,10,1000,N,,11230,개인,답십리동,동대문구
1,한일노벨리아,2016,개인,,,"14,300",22,1,2026,중개거래,서울 동대문구,16.64,13,494-1,N,26.01.22,11230,개인,답십리동,동대문구
,청솔2차우성,2000,개인,,,"88,000",20,1,2026,중개거래,서울 동대문구,82.49,12,80-2,N,,11230,개인,답십리동,동대문구
,동대문롯데캐슬노블레스,2018,개인,,,"169,000",21,1,2026,중개거래,서울 동대문구,84.98,16,695,N,,11230,개인,전농동,동대문구
,래미안아름숲,2012,개인,,,"122,500",21,1,2026,중개거래,서울 동대문구,84.91,11,688,N,,11230,개인,전농동,동대문구
,래미안위브,2014,개인,,,"185,000",17,1,2026,중개거래,서울 동대문구,140.62,19,1003,N,,11230,개인,답십리동,동대문구
,전농SK,2000,개인,,,"103,000",17,1,2026,중개거래,서울 동대문구,84.95,4,10,N,,11230,개인,전농동,동대문구
,회기힐스테이트,2011,개인,,,"103,000",16,1,2026,중개거래,서울 동대문구,84.99,7,351,N,,11230,개인,회기동,동대문구
,래미안장안,2003,개인,,,"124,000",21,1,2026,중개거래,"서울 노원구, 서울 동대문구",84.774,14,354-2,N,,11230,개인,장안동,동대문구
,동답한신,1992,개인,,,"48,300",20,1,2026,중개거래,서울 성동구,44.35,2,42,N,,11230,개인,답십리동,동대문구
,롯데,2000,개인,,,"68,000",20,1,2026,중개거래,서울 동대문구,59.94,19,78,N,,11230,개인,휘경동,동대문구
,캠퍼스드림오피스텔,2020,개인,,,"20,000",20,1,2026,중개거래,서울 동대문구,16.04,12,336-32,N,,11230,개인,휘경동,동대문구
,신현대,1989,개인,,,"86,500",20,1,2026,중개거래,서울 동대문구,84.96,15,65,N,,11230,개인,회기동,동대문구
,장안현대홈타운(336),2003,개인,,,"105,000",19,1,2026,중개거래,"서울 동대문구, 서울 성동구",59.61,13,336,N,,11230,개인,장안동,동대문구
,쌍용,2000,개인,,,"94,000",17,1,2026,중개거래,서울 동대문구,114.35,10,64,N,,11230,개인,이문동,동대문구
,장안삼성쉐르빌,2002,개인,,,"68,000",20,1,2026,중개거래,서울 동대문구,98.5,15,371-1,N,,11230,개인,장안동,동대문구
,래미안위브,2014,개인,,,"168,500",20,1,2026,중개거래,"서울 동대문구, 서울 동작구",84.99,11,1003,N,,11230,개인,답십리동,동대문구
,힐스테이트청계,2018,개인,,,"164,000",11,1,2026,중개거래,서울 동대문구,84.85,18,1009,N,,11230,개인,답십리동,동대문구
,장안뉴시티,2012,개인,,,"9,000",15,1,2026,중개거래,서울 광진구,17.63,13,372-5,N,26.01.21,11230,개인,장안동,동대문구
,청량리역한양수자인그라시엘,2023,개인,,,"179,000",17,1,2026,중개거래,"서울 동대문구, 서울 성동구",84.97,34,798,N,,11230,개인,용두동,동대문구
,미주,1978,개인,,,"149,900",3,1,2026,중개거래,서울 동대문구,124.76,9,235-1,N,,11230,개인,청량리동,동대문구
,장안위더스빌,2011,개인,,,"83,000",19,1,2026,중개거래,서울 동대문구,84.99,9,580,N,,11230,개인,장안동,동대문구
,이수브라운스톤,2005,개인,,,"91,500",19,1,2026,중개거래,서울 동대문구,84.51,14,252,N,,11230,개인,제기동,동대문구
,미주,1978,개인,,,"160,000",16,1,2026,중개거래,서울 동대문구,152.17,4,235-1,N,,11230,개인,청량리동,동대문구
,청량리역한양수자인그라시엘,2023,개인,,,"166,000",19,1,2026,중개거래,서울 동대문구,84.95,9,798,N,,11230,개인,용두동,동대문구
,쌍용,2000,개인,,,"85,500",19,1,2026,중개거래,서울 동대문구,59.99,3,64,N,,11230,개인,이문동,동대문구
,한신아파트,2004,개인,,,"99,500",19,1,2026,중개거래,서울 동대문구,84.76,1,1212,N,,11230,개인,제기동,동대문구
,이편한세상청계센트럴포레,2021,개인,,,"155,000",8,1,2026,중개거래,서울 동대문구,59.96,14,795,N,,11230,개인,용두동,동대문구
,주공2,2001,개인,,,"79,000",13,1,2026,중개거래,서울 동대문구,59.13,21,57,N,,11230,개인,휘경동,동대문구
,래미안장안2차,2007,개인,,,"121,000",17,1,2026,중개거래,"서울 동대문구, 서울 중랑구",112.92,6,329-3,N,,11230,개인,장안동,동대문구
,캠퍼스드림오피스텔,2020,개인,,,"20,600",19,1,2026,중개거래,서울 동대문구,16.04,15,336-32,N,26.01.21,11230,개인,휘경동,동대문구
,대림e-편한세상,2003,개인,,,"113,500",19,1,2026,중개거래,서울 동대문구,114.937,16,225,N,,11230,개인,이문동,동대문구
,청량리역해링턴플레이스,2023,개인,,,"143,000",5,1,2026,중개거래,"서울 도봉구, 서울 동대문구",84.873,18,797,N,,11230,개인,용두동,동대문구
,청량리역롯데캐슬 SKY-L65,2023,개인,,,"189,000",8,1,2026,중개거래,서울 동대문구,84.981,33,620-47,N,,11230,개인,전농동,동대문구
,래미안아름숲,2012,개인,,,"122,000",15,1,2026,중개거래,"서울 강동구, 서울 동대문구",84.92,4,688,N,,11230,개인,전농동,동대문구
,주공2,2001,개인,,,"52,300",17,1,2026,중개거래,"서울 강남구, 서울 동대문구",39.98,8,57,N,,11230,개인,휘경동,동대문구
,래미안크레시티,2014,개인,,,"158,000",17,1,2026,중개거래,서울 동대문구,59.99,15,690,N,,11230,개인,전농동,동대문구
,청계한신휴플러스,2010,개인,,,"130,000",17,1,2026,중개거래,서울 동대문구,84.73,1,1002,N,,11230,개인,답십리동,동대문구
,청량리역롯데캐슬 SKY-L65,2023,개인,,,"185,000",6,1,2026,중개거래,"서울 동대문구, 서울 성동구",84.993,14,620-47,N,,11230,개인,전농동,동대문구
,전농SK,2000,개인,,,"92,000",17,1,2026,중개거래,서울 동대문구,59.96,13,10,N,,11230,개인,전농동,동대문구
,두산,2000,개인,,,"73,500",17,1,2026,중개거래,서울 동대문구,59.96,1,990,N,,11230,개인,답십리동,동대문구
,전농우성,1992,개인,,,"63,500",17,1,2026,중개거래,서울 동대문구,59.78,15,6,N,,11230,개인,전농동,동대문구
,주공1,2001,개인,,,"90,000",17,1,2026,중개거래,서울 동대문구,84.8,11,57,N,,11230,개인,휘경동,동대문구
,래미안위브,2014,개인,,,"160,000",16,1,2026,중개거래,서울 동대문구,84.98,2,1003,N,,11230,개인,답십리동,동대문구
,르메이에르7차(313-8),2005,개인,,,"58,500",16,1,2026,중개거래,서울 동대문구,84.99,4,313-8,N,,11230,개인,장안동,동대문구
,신동아,1994,개인,,,"68,000",16,1,2026,중개거래,서울 동대문구,58.59,1,779,N,,11230,개인,용두동,동대문구
,캠퍼스드림오피스텔,2020,개인,,,"20,800",12,1,2026,중개거래,서울 동대문구,16.04,15,336-32,N,26.01.30,11230,개인,휘경동,동대문구
,장한평월드메르디앙,2006,개인,,,"85,000",11,1,2026,중개거래,서울 동대문구,84.95,5,573,N,,11230,개인,장안동,동대문구
,답십리엘림퍼스트,2020,개인,,,"74,700",6,1,2026,중개거래,서울 동대문구,52.6987,7,1015,N,,11230,개인,답십리동,동대문구
,미주,1978,개인,,,"130,000",10,1,2026,중개거래,서울 동대문구,104.0,1,235-1,N,,11230,개인,청량리동,동대문구
,현대,1987,개인,,,"80,300",6,1,2026,중개거래,서울 동대문구,76.63,6,234-2,N,,11230,개인,청량리동,동대문구
,래미안장안,2003,개인,,,"129,000",10,1,2026,중개거래,서울 동대문구,115.681,7,354-2,N,,11230,개인,장안동,동대문구
,삼익,1997,개인,,,"80,000",9,1,2026,중개거래,서울 동대문구,84.95,14,73,N,,11230,개인,이문동,동대문구
,전농SK,2000,개인,,,"104,000",15,1,2026,중개거래,서울 동대문구,84.95,5,10,N,,11230,개인,전농동,동대문구
,장안힐스테이트,2007,개인,,,"116,000",14,1,2026,중개거래,서울 동대문구,84.789,6,329-2,N,,11230,개인,장안동,동대문구
,청량리역롯데캐슬 SKY-L65,2023,개인,,,"196,000",1,1,2026,중개거래,서울 동대문구,84.993,27,620-47,N,,11230,개인,전농동,동대문구
,캠퍼스드림오피스텔,2020,개인,,,"20,000",8,1,2026,중개거래,"서울 동대문구, 서울 성북구",16.04,12,336-32,N,26.01.30,11230,개인,휘경동,동대문구
,래미안장안,2003,개인,,,"114,000",14,1,2026,중개거래,"서울 구로구, 서울 동대문구",84.774,16,354-2,N,,11230,개인,장안동,동대문구
,래미안장안,2003,개인,,,"114,000",10,1,2026,중개거래,서울 동대문구,84.774,6,354-2,N,,11230,개인,장안동,동대문구
,에스아이팰리스장안센텀,2020,개인,,,"19,800",13,1,2026,중개거래,서울 성동구,13.88,8,416-1,N,,11230,개인,장안동,동대문구
,주공2,2001,개인,,,"46,500",10,1,2026,중개거래,서울 동대문구,39.97,17,57,N,,11230,개인,휘경동,동대문구
,대우,2001,개인,,,"81,500",13,1,2026,중개거래,서울 동대문구,84.89,4,45,N,,11230,개인,이문동,동대문구
,래미안엘파인아파트,2011,개인,,,"79,000",13,1,2026,중개거래,서울 성북구,59.95,2,1000,N,,11230,개인,답십리동,동대문구
,래미안장안2차,2007,개인,,,"112,000",13,1,2026,중개거래,서울 동대문구,81.05,6,329-3,N,,11230,개인,장안동,동대문구
,금성아파트,2011,개인,,,"50,300",10,1,2026,중개거래,서울 동대문구,71.14,4,93-128,N,,11230,개인,장안동,동대문구
,힐스테이트청계,2018,개인,,,"161,500",12,1,2026,중개거래,"서울 동대문구, 서울 송파구",84.85,26,1009,N,,11230,개인,답십리동,동대문구
,현대썬앤빌청계,2016,개인,,,"12,500",8,1,2026,중개거래,서울 동대문구,14.82,13,530-15,N,,11230,개인,답십리동,동대문구
,휘경해모로프레스티지,2021,개인,,,"118,000",13,1,2026,중개거래,서울 동대문구,84.88,7,375,N,,11230,개인,휘경동,동대문구
,샹그레빌아파트,2004,개인,,,"69,000",13,1,2026,중개거래,서울 성북구,79.984,9,949,N,,11230,개인,청량리동,동대문구
,동일스위트리버,2007,개인,,,"90,000",10,1,2026,중개거래,서울 동대문구,120.456,1,366,N,,11230,개인,휘경동,동대문구
,태솔아파트3차,2018,개인,,,"54,000",13,1,2026,중개거래,서울 동대문구,59.52,9,346-1,N,,11230,개인,장안동,동대문구
,대림e-편한세상,2003,개인,,,"107,000",13,1,2026,중개거래,서울 동대문구,84.972,16,225,N,,11230,개인,이문동,동대문구
,이문삼성래미안아파트,2001,개인,,,"92,000",6,1,2026,중개거래,서울 동대문구,114.988,5,425,N,,11230,개인,이문동,동대문구
,장안현대홈타운(336),2003,개인,,,"109,000",9,1,2026,중개거래,서울 동대문구,84.87,6,336,N,,11230,개인,장안동,동대문구
,은하수드림필,2006,개인,,,"69,400",12,1,2026,중개거래,서울 동대문구,84.98,7,572,N,,11230,개인,장안동,동대문구
,래미안크레시티,2014,개인,,,"157,000",12,1,2026,중개거래,서울 동대문구,59.99,6,690,N,,11230,개인,전농동,동대문구
,대림e-편한세상,2003,개인,,,"94,500",12,1,2026,중개거래,서울 동대문구,59.958,7,225,N,,11230,개인,이문동,동대문구
,청계푸르지오시티,2015,개인,,,"14,400",2,1,2026,중개거래,서울 동대문구,18.92,16,497-23,N,,11230,개인,답십리동,동대문구
,U-포그니,2016,개인,,,"40,000",12,1,2026,중개거래,서울 동대문구,57.32,6,319-6,N,,11230,개인,장안동,동대문구
,용두두산위브,2009,개인,,,"130,000",10,1,2026,중개거래,"서울 동대문구, 서울 성동구",84.99,7,791,N,,11230,개인,용두동,동대문구
,이수브라운스톤,2005,개인,,,"87,000",9,1,2026,중개거래,서울 동대문구,84.51,12,252,N,,11230,개인,제기동,동대문구
,베라체캠퍼스,2013,개인,,,"23,000",11,1,2026,중개거래,경기 성남시 분당구,24.319,8,346-18,N,26.01.16,11230,개인,회기동,동대문구
,래미안엘파인아파트,2011,개인,,,"92,500",11,1,2026,중개거래,"서울 노원구, 서울 동대문구",84.9,9,1000,N,,11230,개인,답십리동,동대문구
,청량리역롯데캐슬 SKY-L65,2023,개인,,,"196,000",2,1,2026,중개거래,서울 동대문구,84.981,39,620-47,N,,11230,개인,전농동,동대문구
,래미안아름숲,2012,개인,,,"125,000",11,1,2026,중개거래,서울 동대문구,84.92,9,688,N,,11230,개인,전농동,동대문구
,에스아이팰리스장안센텀,2020,개인,,,"21,000",15,1,2026,중개거래,서울 동대문구,13.88,18,416-1,N,26.01.16,11230,개인,장안동,동대문구
,동대문더퍼스트데시앙,2019,개인,,,"87,000",5,1,2026,중개거래,서울 동대문구,59.8074,2,587,N,,11230,개인,장안동,동대문구
,롯데,2000,개인,,,"70,000",10,1,2026,중개거래,서울 동대문구,59.94,18,78,N,,11230,개인,휘경동,동대문구
,다우하임,2018,개인,,,"40,000",10,1,2026,중개거래,서울 동대문구,51.74,10,344-2,N,,11230,개인,장안동,동대문구
,대우,2001,개인,,,"84,800",10,1,2026,중개거래,서울 동대문구,84.89,22,45,N,,11230,개인,이문동,동대문구
,휘경SK뷰,2019,개인,,,"145,000",10,1,2026,중개거래,"서울 강남구, 서울 동대문구",84.31,7,372,N,,11230,개인,휘경동,동대문구
,주공1,2001,개인,,,"82,000",10,1,2026,중개거래,서울 동대문구,84.8,2,57,N,,11230,개인,휘경동,동대문구
,답십리청솔우성,2000,개인,,,"103,500",10,1,2026,중개거래,서울 동대문구,114.76,9,80,N,,11230,개인,답십리동,동대문구
,래미안엘리니티,2022,개인,,,"149,000",10,1,2026,중개거래,서울 동대문구,59.96,11,796,N,,11230,개인,용두동,동대문구
,현대,2000,개인,,,"74,000",10,1,2026,중개거래,서울 동대문구,59.92,23,54,N,,11230,개인,이문동,동대문구
,청계한신휴플러스,2010,개인,,,"131,000",10,1,2026,중개거래,서울 도봉구,59.74,7,1002,N,,11230,개인,답십리동,동대문구
,한신,1997,개인,,,"94,000",10,1,2026,중개거래,서울 동대문구,114.95,17,60,N,,11230,개인,청량리동,동대문구
,청계와이즈노벨리아,2017,개인,,,"94,000",10,1,2026,중개거래,서울 동대문구,74.9044,8,1008,N,,11230,개인,답십리동,동대문구
,삼익,1997,개인,,,"71,500",9,1,2026,중개거래,서울 동대문구,59.95,11,73,N,,11230,개인,이문동,동대문구
,래미안크레시티,2014,개인,,,"156,000",10,1,2026,중개거래,서울 동대문구,59.99,8,690,N,,11230,개인,전농동,동대문구
,한신아파트,1996,개인,,,"71,500",9,1,2026,중개거래,서울 동대문구,84.9,8,555-1,N,,11230,개인,장안동,동대문구
,전농SK,2000,개인,,,"89,800",9,1,2026,중개거래,서울 동대문구,59.34,16,10,N,,11230,개인,전농동,동대문구
,동서울한양,1989,개인,,,"72,000",9,1,2026,중개거래,서울 동대문구,76.41,10,41,N,,11230,개인,답십리동,동대문구
,신동아,1994,개인,,,"84,000",9,1,2026,중개거래,서울 동대문구,71.01,14,779,N,,11230,개인,용두동,동대문구
102,동아,1997,개인,,,"78,000",9,1,2026,중개거래,서울 동대문구,57.9,9,645-2,N,26.01.21,11230,개인,전농동,동대문구
,래미안위브,2014,개인,,,"147,000",8,1,2026,중개거래,서울 동대문구,59.99,2,1003,N,,11230,개인,답십리동,동대문구
,동답한신,1992,개인,,,"59,000",8,1,2026,중개거래,서울 동대문구,59.22,15,42,N,,11230,개인,답십리동,동대문구
,쌍용,2000,개인,,,"89,400",2,1,2026,중개거래,서울 동대문구,59.99,6,64,N,,11230,개인,이문동,동대문구
,동답한신,1992,개인,,,"40,000",6,1,2026,중개거래,서울 동대문구,35.45,15,42,N,,11230,개인,답십리동,동대문구
,청계한신휴플러스,2010,개인,,,"136,300",7,1,2026,중개거래,서울 동대문구,73.96,14,1002,N,,11230,개인,답십리동,동대문구
,중앙하이츠빌,2002,개인,,,"82,000",2,1,2026,중개거래,서울 성북구,84.81,20,84,N,,11230,개인,이문동,동대문구
,두산,2000,개인,,,"100,000",6,1,2026,중개거래,서울 동대문구,114.97,8,990,N,,11230,개인,답십리동,동대문구
10,장안현대,1984,개인,,,"72,500",6,1,2026,중개거래,서울 동대문구,95.45,3,95-1,N,26.01.28,11230,개인,장안동,동대문구
102,롯데캐슬피렌체,2009,개인,,,"39,500",5,1,2026,중개거래,서울 동대문구,30.4,4,790,N,26.01.29,11230,개인,용두동,동대문구
,장안힐스테이트,2007,개인,,,"112,000",6,1,2026,중개거래,서울 동대문구,84.568,6,329-2,N,,11230,개인,장안동,동대문구
,청계한신휴플러스,2010,개인,,,"137,000",5,1,2026,중개거래,서울 동대문구,73.96,12,1002,N,,11230,개인,답십리동,동대문구
,현대썬앤빌601,2015,개인,,,"10,400",5,1,2026,중개거래,서울 동대문구,18.35,5,373-3,N,26.01.12,11230,개인,장안동,동대문구
,용두롯데캐슬리치,2015,개인,,,"108,000",2,1,2026,중개거래,서울 동대문구,59.8273,15,794,N,,11230,개인,용두동,동대문구
,답십리대우,2002,개인,,,"100,000",5,1,2026,중개거래,서울 동대문구,84.99,2,111,N,,11230,개인,답십리동,동대문구
,래미안 허브리츠,2011,개인,,,"169,000",4,1,2026,중개거래,"경기 성남시 분당구, 서울 동대문구",114.98,19,792,N,,11230,개인,용두동,동대문구
,래미안크레시티,2014,개인,,,"152,500",3,1,2026,중개거래,서울 동대문구,59.99,3,690,N,,11230,개인,전농동,동대문구
,래미안엘파인아파트,2011,개인,,,"94,000",3,1,2026,중개거래,서울 동대문구,84.9,13,1000,N,,11230,개인,답십리동,동대문구
,신답경남,1991,개인,,,"66,000",3,1,2026,중개거래,서울 동대문구,72.32,8,645-8,N,,11230,개인,답십리동,동대문구
,전농동신성미소지움,2005,개인,,,"108,000",3,1,2026,중개거래,서울 동대문구,55.371,17,687,N,,11230,개인,전농동,동대문구
,이편한세상청계센트럴포레,2021,개인,,,"191,000",3,1,2026,중개거래,서울 성동구,109.97,6,795,N,,11230,개인,용두동,동대문구
,래미안크레시티,2014,개인,,,"169,500",3,1,2026,중개거래,서울 동대문구,84.96,13,690,N,,11230,개인,전농동,동대문구
,대성유니드아파트,2012,개인,,,"84,000",2,1,2026,중개거래,서울 동대문구,84.97,7,429,N,,11230,개인,이문동,동대문구
102,휘경해모로프레스티지,2021,개인,,,"96,500",2,1,2026,중개거래,"서울 관악구, 서울 동대문구",59.77,6,375,N,26.02.12,11230,개인,휘경동,동대문구
,청계벽산메가트리움,2006,개인,,,"75,800",2,1,2026,중개거래,서울 동대문구,59.93,7,999,N,,11230,개인,답십리동,동대문구
,동서울한양,1989,개인,,,"63,500",2,1,2026,중개거래,서울 동대문구,76.41,5,41,N,,11230,개인,답십리동,동대문구
,세화,2002,개인,,,"59,000",2,1,2026,중개거래,서울 동대문구,72.04,1,103-22,N,26.02.02,11230,개인,전농동,동대문구
,답십리대우,2002,개인,,,"88,000",1,1,2026,중개거래,서울 동대문구,59.76,21,111,N,,11230,개인,답십리동,동대문구
,휘경베스트빌현대,2000,개인,,,"63,500",1,1,2026,중개거래,서울 동대문구,59.92,22,52,N,,11230,개인,휘경동,동대문구
,래미안크레시티,2014,개인,,,"168,000",14,2,2026,중개거래,서울 동대문구,84.98,2,690,N,,11230,개인,전농동,동대문구
,한원힐트리움아파트,2020,개인,,,"41,500",14,2,2026,중개거래,서울 동대문구,34.95,2,465-55,N,,11230,개인,답십리동,동대문구
,동양1차,2000,개인,,,"58,000",19,2,2026,중개거래,서울 동대문구,59.85,14,115,N,,11230,개인,휘경동,동대문구
,미주,1978,개인,,,"130,000",4,2,2026,중개거래,서울 동대문구,86.78,14,235-1,N,,11230,개인,청량리동,동대문구
,동서울한양,1989,개인,,,"60,000",14,2,2026,중개거래,서울 동대문구,76.41,1,41,N,,11230,개인,답십리동,동대문구
,전농우성,1992,개인,,,"74,000",7,2,2026,중개거래,서울 동대문구,59.78,7,6,N,,11230,개인,전농동,동대문구
,투니온,2013,개인,,,"9,500",12,2,2026,중개거래,서울 동대문구,13.2,13,256-2,N,,11230,개인,이문동,동대문구
,에스아이팰리스장안센텀,2020,개인,,,"22,450",12,2,2026,중개거래,서울 동대문구,14.139,11,416-1,N,,11230,개인,장안동,동대문구
,한신,1997,개인,,,"95,000",5,2,2026,중개거래,서울 동대문구,84.92,9,60,N,,11230,개인,청량리동,동대문구
,래미안장안2차,2007,개인,,,"109,000",7,2,2026,중개거래,서울 동대문구,64.85,6,329-3,N,,11230,개인,장안동,동대문구
,장안현대홈타운(336),2003,개인,,,"119,500",13,2,2026,중개거래,"서울 동대문구, 서울 중구",84.78,10,336,N,,11230,개인,장안동,동대문구
,안암골벽산,2003,개인,,,"94,500",12,2,2026,중개거래,서울 동대문구,84.98,14,153,N,,11230,개인,제기동,동대문구
,답십리청솔우성,2000,개인,,,"110,000",10,2,2026,중개거래,"서울 동대문구, 서울 성동구",114.76,7,80,N,,11230,개인,답십리동,동대문구
,정은스카이빌101동,2004,개인,,,"67,000",12,2,2026,중개거래,"서울 동대문구, 서울 중랑구",80.73,3,327,N,,11230,개인,장안동,동대문구
,청계천대성스카이렉스2,2007,개인,,,"93,000",7,2,2026,중개거래,서울 동대문구,84.99,12,255-66,N,,11230,개인,용두동,동대문구
,대림e-편한세상,2003,개인,,,"107,500",11,2,2026,중개거래,서울 동대문구,79.35,7,225,N,,11230,개인,이문동,동대문구
,장안현대홈타운(336),2003,개인,,,"113,000",12,2,2026,중개거래,서울 동대문구,84.87,8,336,N,,11230,개인,장안동,동대문구
,장안현대홈타운(336),2003,개인,,,"100,000",11,2,2026,중개거래,서울 동대문구,58.42,8,336,N,,11230,개인,장안동,동대문구
,전농SK,2000,개인,,,"114,500",11,2,2026,중개거래,서울 동대문구,84.95,12,10,N,,11230,개인,전농동,동대문구
,동아,2001,개인,,,"86,000",5,2,2026,중개거래,"서울 동대문구, 서울 중랑구",101.94,11,10,N,,11230,개인,답십리동,동대문구
,답십리청솔우성,2000,개인,,,"95,000",7,2,2026,중개거래,서울 동대문구,84.94,3,80,N,,11230,개인,답십리동,동대문구
,두산,2000,개인,,,"92,500",11,2,2026,중개거래,서울 동대문구,114.97,1,990,N,,11230,개인,답십리동,동대문구
,전농SK,2000,개인,,,"90,000",4,2,2026,중개거래,서울 동대문구,59.96,1,10,N,,11230,개인,전농동,동대문구
,답십리청솔우성,2000,개인,,,"91,000",6,2,2026,중개거래,서울 동대문구,59.89,20,80,N,,11230,개인,답십리동,동대문구
,홍릉동부,2001,개인,,,"90,000",5,2,2026,중개거래,서울 동대문구,84.91,1,212,N,,11230,개인,청량리동,동대문구
,아르떼하임,2019,개인,,,"28,500",7,2,2026,중개거래,서울 동대문구,29.53,13,372-12,N,,11230,개인,장안동,동대문구
,동대문롯데캐슬노블레스,2018,개인,,,"175,000",7,2,2026,중개거래,"서울 노원구, 서울 동대문구",84.98,13,695,N,,11230,개인,전농동,동대문구
,장안힐스테이트,2007,개인,,,"103,000",9,2,2026,중개거래,서울 동대문구,59.885,11,329-2,N,,11230,개인,장안동,동대문구
,신답극동,1987,개인,,,"89,189",7,2,2026,중개거래,서울 동대문구,105.59,10,464-1,N,,11230,개인,답십리동,동대문구
,신답극동,1987,개인,,,"84,171",7,2,2026,중개거래,서울 동대문구,71.28,2,464-1,N,,11230,개인,답십리동,동대문구
,전농우성,1992,개인,26.02.13,O,"74,000",7,2,2026,중개거래,서울 동대문구,59.78,7,6,N,,11230,개인,전농동,동대문구
,청계와이즈노벨리아,2017,개인,,,"98,000",7,2,2026,중개거래,서울 동대문구,74.9044,18,1008,N,,11230,개인,답십리동,동대문구
,장한평월드메르디앙,2006,개인,,,"84,000",7,2,2026,중개거래,서울 동대문구,84.95,4,573,N,,11230,개인,장안동,동대문구
,용두롯데캐슬리치,2015,개인,,,"139,800",6,2,2026,중개거래,서울 동대문구,84.5011,16,794,N,,11230,개인,용두동,동대문구
,장안힐스테이트,2007,개인,,,"104,500",7,2,2026,중개거래,"서울 동대문구, 서울 송파구",59.885,14,329-2,N,,11230,개인,장안동,동대문구
,한신휴플러스그린파크,2010,개인,,,"95,000",7,2,2026,중개거래,서울 동대문구,59.92,10,1001,N,,11230,개인,답십리동,동대문구
,전농우성,1992,개인,,,"51,500",2,2,2026,중개거래,서울 동대문구,44.24,8,6,N,,11230,개인,전농동,동대문구
,동대문더퍼스트데시앙,2019,개인,,,"113,000",6,2,2026,중개거래,서울 동대문구,84.9771,2,587,N,,11230,개인,장안동,동대문구
,동아,2001,개인,,,"102,000",6,2,2026,중개거래,"서울 동대문구, 서울 성동구",84.72,14,10,N,,11230,개인,답십리동,동대문구
,현대,1999,개인,,,"81,000",7,2,2026,중개거래,서울 동대문구,59.92,8,892-66,N,,11230,개인,제기동,동대문구
,래미안장안,2003,개인,,,"110,000",6,2,2026,중개거래,"서울 강남구, 서울 동대문구",84.774,2,354-2,N,,11230,개인,장안동,동대문구
,현대홈타운2차,2005,개인,,,"85,000",5,2,2026,중개거래,서울 동대문구,84.97,9,569,N,,11230,개인,장안동,동대문구
,장안현대홈타운(336),2003,개인,,,"102,500",5,2,2026,중개거래,서울 동대문구,58.42,19,336,N,,11230,개인,장안동,동대문구
,용두두산위브,2009,개인,,,"140,000",5,2,2026,중개거래,서울 동대문구,105.6,6,791,N,,11230,개인,용두동,동대문구
,신일해피트리3차(568),2005,개인,,,"68,000",5,2,2026,중개거래,서울 동대문구,63.7,4,568,N,,11230,개인,장안동,동대문구
,한신휴플러스그린파크,2010,개인,,,"95,000",5,2,2026,중개거래,서울 동대문구,59.92,6,1001,N,,11230,개인,답십리동,동대문구
,삼익,1997,개인,,,"74,000",4,2,2026,중개거래,서울 동대문구,59.95,13,73,N,,11230,개인,이문동,동대문구
,래미안엘리니티,2022,개인,,,"179,000",4,2,2026,중개거래,"서울 동대문구, 서울 성북구",84.92,9,796,N,,11230,개인,용두동,동대문구
,동대문롯데캐슬노블레스,2018,개인,,,"170,000",4,2,2026,중개거래,서울 동대문구,84.98,15,695,N,,11230,개인,전농동,동대문구
,래미안장안2차,2007,개인,,,"139,500",4,2,2026,중개거래,서울 동대문구,112.92,13,329-3,N,,11230,개인,장안동,동대문구
,휘경베스트빌현대,2000,개인,,,"55,000",3,2,2026,중개거래,서울 동대문구,59.92,1,52,N,,11230,개인,휘경동,동대문구
,동대문더퍼스트데시앙,2019,개인,,,"120,000",2,2,2026,중개거래,"서울 동대문구, 서울 성동구",84.9771,13,587,N,,11230,개인,장안동,동대문구
,장안현대홈타운(336),2003,개인,,,"89,500",4,2,2026,중개거래,서울 동대문구,59.61,2,336,N,,11230,개인,장안동,동대문구
,이문동웰츠타워,2008,개인,,,"73,000",4,2,2026,중개거래,서울 동대문구,84.998,7,292-10,N,,11230,개인,이문동,동대문구
,건영스타밸리,2021,개인,,,"64,000",2,2,2026,중개거래,서울 동대문구,58.93,4,757-12,N,,11230,개인,제기동,동대문구
,태솔아파트5차,2020,개인,,,"49,500",1,2,2026,직거래,,54.36,5,334-3,N,,11230,개인,장안동,동대문구
,삼익,1997,개인,,,"74,500",3,2,2026,중개거래,서울 동대문구,59.95,5,73,N,,11230,개인,이문동,동대문구
,래미안위브,2014,개인,,,"159,500",3,2,2026,중개거래,서울 동대문구,59.96,9,1003,N,,11230,개인,답십리동,동대문구
,전농SK,2000,개인,,,"100,000",2,2,2026,직거래,,114.3,16,10,N,,11230,개인,전농동,동대문구
,래미안엘파인아파트,2011,개인,,,"95,000",3,2,2026,중개거래,"서울 강남구, 서울 동대문구",84.9,7,1000,N,,11230,개인,답십리동,동대문구
,삼익,1997,개인,,,"85,000",2,2,2026,중개거래,서울 동대문구,84.95,5,73,N,,11230,개인,이문동,동대문구
,삼익,1997,개인,,,"80,000",2,2,2026,중개거래,서울 동대문구,84.95,11,73,N,,11230,개인,이문동,동대문구
,휘경제이스카이아파트,2016,개인,,,"67,700",2,2,2026,중개거래,서울 동대문구,84.43,16,369,N,,11230,개인,휘경동,동대문구
,동답한신,1992,개인,,,"51,000",2,2,2026,중개거래,서울 동대문구,44.35,2,42,N,,11230,개인,답십리동,동대문구
,주공2,2001,개인,,,"55,800",2,2,2026,중개거래,서울 동대문구,39.98,16,57,N,,11230,개인,휘경동,동대문구
,청계천대성스카이렉스2,2007,개인,,,"94,000",2,2,2026,중개거래,서울 성동구,84.99,19,255-66,N,,11230,개인,용두동,동대문구
,이문삼성래미안아파트,2001,개인,,,"93,500",2,2,2026,중개거래,서울 동대문구,114.988,4,425,N,,11230,개인,이문동,동대문구
,스타파크아파트,2016,개인,,,"54,000",2,2,2026,중개거래,서울 동대문구,59.95,3,456-8,N,,11230,개인,장안동,동대문구
,민족통일MJ캠퍼스경희대,2017,개인,,,"21,500",7,2,2026,중개거래,서울 동대문구,23.16,6,67-3,N,,11230,개인,회기동,동대문구
,프레미어스엠코,2013,개인,,,"87,000",24,1,2026,중개거래,서울 중랑구,58.64,24,500,N,,11260,개인,상봉동,중랑구
,현대아이파크,2002,개인,,,"89,000",23,1,2026,중개거래,서울 중랑구,84.9416,10,385,N,,11260,개인,묵동,중랑구
,현대,1994,개인,,,"74,800",30,1,2026,중개거래,서울 중랑구,84.09,11,1502,N,,11260,개인,면목동,중랑구
,면목삼익아파트,1997,개인,,,"59,200",31,1,2026,중개거래,서울 중랑구,59.5,12,1516,N,,11260,개인,면목동,중랑구
,현대,1994,개인,,,"77,500",31,1,2026,중개거래,서울 중랑구,84.99,11,1502,N,,11260,개인,면목동,중랑구
,현대,1994,개인,,,"71,000",19,1,2026,중개거래,서울 중랑구,74.79,15,1502,N,,11260,개인,면목동,중랑구
,라온프라이빗,2020,개인,,,"94,500",30,1,2026,중개거래,서울 중랑구,59.9803,10,1544,N,,11260,개인,면목동,중랑구
,쌍용더플래티넘용마산,2020,개인,,,"100,000",30,1,2026,중개거래,서울 중랑구,75.058,1,1548,N,,11260,개인,면목동,중랑구
,동성네스트빌101,2001,개인,,,"40,000",31,1,2026,중개거래,서울 광진구,75.76,4,1339-2,N,,11260,개인,면목동,중랑구
,면목한신,1987,개인,,,"25,000",31,1,2026,중개거래,서울 중랑구,27.0,10,193-1,N,,11260,개인,면목동,중랑구
,성원,1994,개인,,,"68,500",31,1,2026,중개거래,서울 중랑구,84.32,10,783,N,,11260,개인,신내동,중랑구
,두산4,2000,개인,,,"74,000",10,1,2026,직거래,,84.86,21,1522,N,,11260,개인,면목동,중랑구
,늘푸른동아,2002,개인,,,"75,900",26,1,2026,중개거래,서울 중랑구,84.97,1,715,N,,11260,개인,면목동,중랑구
,용마산모아엘가파크포레,2023,개인,,,"87,500",23,1,2026,중개거래,서울 중랑구,83.91,13,1549,N,,11260,개인,면목동,중랑구
,두산4,2000,개인,,,"87,000",30,1,2026,중개거래,서울 중랑구,84.87,18,1522,N,,11260,개인,면목동,중랑구
,면목한신,1987,개인,,,"45,000",29,1,2026,중개거래,서울 중랑구,44.5,12,193-1,N,,11260,개인,면목동,중랑구
,동구햇살,2004,개인,,,"72,500",26,1,2026,중개거래,서울 중랑구,84.97,15,388,N,,11260,개인,묵동,중랑구
,한국,1999,개인,,,"56,000",23,1,2026,중개거래,서울 중랑구,59.64,7,378,N,,11260,개인,묵동,중랑구
,태영데시앙2(1411동),2003,개인,,,"67,000",31,1,2026,중개거래,서울 중랑구,59.94,2,498,N,,11260,개인,상봉동,중랑구
,신우,1998,개인,,,"50,000",31,1,2026,중개거래,서울 중랑구,59.92,6,1518,N,,11260,개인,면목동,중랑구
,용마한신2,1998,개인,,,"72,900",31,1,2026,중개거래,서울 중랑구,84.51,7,1073,N,,11260,개인,면목동,중랑구
,성원,1994,개인,,,"63,500",31,1,2026,중개거래,서울 중랑구,84.32,11,783,N,,11260,개인,신내동,중랑구
,데시앙,2010,개인,,,"69,000",30,1,2026,중개거래,서울 중랑구,59.99,2,317,N,,11260,개인,신내동,중랑구
,한일써너스빌,2003,개인,,,"82,700",31,1,2026,중개거래,서울 중랑구,84.981,1,81-5,N,,11260,개인,상봉동,중랑구
,용마한신,1990,개인,,,"66,000",31,1,2026,중개거래,서울 중랑구,82.39,5,1077-1,N,,11260,개인,면목동,중랑구
,신내6대주,1996,개인,,,"58,000",31,1,2026,중개거래,"서울 마포구, 서울 중랑구",49.77,6,650,N,,11260,개인,신내동,중랑구
,브라운스톤태릉,2004,개인,,,"85,000",31,1,2026,중개거래,"서울 노원구, 서울 중랑구",84.7094,19,387,N,,11260,개인,묵동,중랑구
,건영캐스빌,2006,개인,,,"81,000",31,1,2026,중개거래,서울 중랑구,84.6475,3,499,N,,11260,개인,상봉동,중랑구
,진로아파트,1995,개인,,,"84,000",17,1,2026,중개거래,"서울 노원구, 서울 중랑구",101.86,4,654,N,,11260,개인,신내동,중랑구
,성원,1994,개인,,,"67,300",27,1,2026,중개거래,서울 중랑구,84.4,5,783,N,,11260,개인,신내동,중랑구
,건영2차,1996,개인,,,"59,600",28,1,2026,중개거래,서울 중랑구,57.3,2,785,N,,11260,개인,신내동,중랑구
,성원,1994,개인,,,"65,800",29,1,2026,중개거래,서울 중랑구,84.32,9,783,N,,11260,개인,신내동,중랑구
,브라운스톤태릉,2004,개인,,,"81,000",31,1,2026,중개거래,"서울 노원구, 서울 중랑구",84.7094,2,387,N,,11260,개인,묵동,중랑구
,신천빌리지,2003,개인,,,"51,700",30,1,2026,중개거래,서울 중랑구,72.96,6,495-42,N,,11260,개인,신내동,중랑구
,용마산하늘채,2015,개인,,,"89,000",30,1,2026,중개거래,서울 중랑구,84.7961,2,1537,N,,11260,개인,면목동,중랑구
,건영캐스빌,2006,개인,,,"85,000",30,1,2026,중개거래,서울 중랑구,84.6475,6,499,N,,11260,개인,상봉동,중랑구
,신내역금강펜테리움센트럴파크,2021,개인,,,"95,000",30,1,2026,중개거래,서울 중랑구,84.9871,25,610,N,,11260,개인,망우동,중랑구
,사가정센트럴아이파크,2020,개인,,,"132,500",30,1,2026,중개거래,서울 중랑구,84.87,7,1545,N,,11260,개인,면목동,중랑구
,건영2차아파트,1996,개인,,,"57,900",30,1,2026,중개거래,서울 중랑구,57.3,2,63,N,,11260,개인,상봉동,중랑구
,"엘지,쌍용아파트",1996,개인,,,"60,000",30,1,2026,중개거래,서울 중랑구,68.12,1,484,N,,11260,개인,상봉동,중랑구
,면목동금호어울림아파트,2005,개인,,,"72,000",30,1,2026,중개거래,서울 중랑구,84.0827,4,1528,N,,11260,개인,면목동,중랑구
,한신아파트상가동유치원동(103~109),1997,개인,,,"74,500",29,1,2026,중개거래,서울 중랑구,59.76,4,450,N,,11260,개인,중화동,중랑구
,태영데시앙1,2003,개인,,,"89,400",29,1,2026,중개거래,서울 중랑구,84.9353,22,497,N,,11260,개인,상봉동,중랑구
,새한,1998,개인,,,"61,000",29,1,2026,중개거래,서울 중랑구,84.36,5,795,N,,11260,개인,신내동,중랑구
,신내,1996,개인,,,"56,500",29,1,2026,중개거래,서울 중랑구,59.76,10,13,N,,11260,개인,묵동,중랑구
,신안2,2000,개인,,,"55,500",29,1,2026,중개거래,서울 중랑구,59.845,8,382,N,,11260,개인,묵동,중랑구
,신내역금강펜테리움센트럴파크,2021,개인,,,"84,000",24,1,2026,중개거래,서울 중랑구,79.707,9,610,N,,11260,개인,망우동,중랑구
,데시앙,2010,개인,,,"69,400",23,1,2026,중개거래,서울 중랑구,59.99,3,317,N,,11260,개인,신내동,중랑구
,성원,1994,개인,,,"62,000",19,1,2026,중개거래,서울 중랑구,84.32,8,783,N,,11260,개인,신내동,중랑구
,화성.두산아파트,1995,개인,,,"61,500",24,1,2026,중개거래,서울 중랑구,66.96,6,656,N,,11260,개인,신내동,중랑구
,경남아너스빌,2007,개인,,,"58,500",28,1,2026,중개거래,서울 중랑구,62.54,1,804,N,,11260,개인,신내동,중랑구
,두산3,1995,개인,,,"76,500",24,1,2026,중개거래,"서울 광진구, 서울 중랑구",84.77,24,1511,N,,11260,개인,면목동,중랑구
,화성.두산아파트,1995,개인,,,"78,000",27,1,2026,중개거래,"경기 남양주시, 서울 중랑구",84.99,15,656,N,,11260,개인,신내동,중랑구
,성원,1994,개인,,,"63,000",23,1,2026,중개거래,서울 중랑구,84.32,18,783,N,,11260,개인,신내동,중랑구
,상봉듀오트리스,2016,개인,,,"123,000",10,1,2026,중개거래,서울 중랑구,117.07,27,501,N,,11260,개인,상봉동,중랑구
,경남아너스빌,2007,개인,,,"72,500",25,1,2026,중개거래,서울 중랑구,84.98,5,804,N,,11260,개인,신내동,중랑구
,면목삼호101,2000,개인,,,"66,000",26,1,2026,중개거래,서울 중랑구,83.27,4,1513,N,,11260,개인,면목동,중랑구
,신내우디안1단지,2014,개인,,,"68,500",26,1,2026,중개거래,서울 중랑구,84.94,3,816,N,,11260,개인,신내동,중랑구
,망우역신원아침도시,2023,개인,,,"54,000",27,1,2026,중개거래,서울 중랑구,48.798,4,838,N,,11260,개인,신내동,중랑구
,동양엔파트,2010,개인,,,"74,000",26,1,2026,중개거래,서울 중랑구,84.1,14,208-33,N,,11260,개인,중화동,중랑구
,태영데시앙1,2003,개인,,,"72,000",26,1,2026,중개거래,서울 중랑구,59.6772,5,497,N,,11260,개인,상봉동,중랑구
,벽산,2000,개인,,,"46,000",10,1,2026,중개거래,서울 중랑구,59.783,8,437,N,,11260,개인,신내동,중랑구
,신내,1996,개인,,,"47,500",24,1,2026,중개거래,서울 중랑구,49.77,2,13,N,,11260,개인,묵동,중랑구
,신안3,2000,개인,,,"52,000",31,1,2026,중개거래,서울 중랑구,59.86,3,384,N,,11260,개인,묵동,중랑구
,면목한신,1987,개인,,,"32,000",25,1,2026,중개거래,서울 중랑구,35.3,7,193-1,N,,11260,개인,면목동,중랑구
,성원상떼빌,1997,개인,,,"59,000",24,1,2026,중개거래,서울 중랑구,59.91,5,1515,N,,11260,개인,면목동,중랑구
,신내9진흥,1996,개인,,,"46,000",23,1,2026,중개거래,서울 중랑구,49.93,2,657,N,,11260,개인,신내동,중랑구
,면목동금호어울림아파트,2005,개인,,,"70,000",24,1,2026,중개거래,서울 중랑구,84.0827,2,1528,N,,11260,개인,면목동,중랑구
,건영1,1997,개인,,,"68,700",24,1,2026,중개거래,서울 중랑구,84.96,17,1,N,,11260,개인,상봉동,중랑구
,용마산하늘채,2015,개인,,,"99,800",24,1,2026,중개거래,서울 중랑구,84.6147,7,1537,N,,11260,개인,면목동,중랑구
,신내역금강펜테리움센트럴파크,2021,개인,,,"86,500",24,1,2026,중개거래,서울 중랑구,84.9871,25,610,N,,11260,개인,망우동,중랑구
,사가정센트럴아이파크,2020,개인,,,"118,700",23,1,2026,중개거래,서울 중랑구,59.92,14,1545,N,,11260,개인,면목동,중랑구
,사가정센트럴아이파크,2020,개인,,,"129,000",24,1,2026,중개거래,서울 중랑구,84.956,16,1545,N,,11260,개인,면목동,중랑구
,신내역힐데스하임참좋은아파트,2021,개인,,,"86,500",23,1,2026,중개거래,서울 중랑구,84.8456,11,598,N,,11260,개인,망우동,중랑구
,이편한세상화랑대,2017,개인,,,"92,000",24,1,2026,중개거래,서울 중랑구,59.953,11,396,N,,11260,개인,묵동,중랑구
,동부아파트,1999,개인,,,"53,800",23,1,2026,중개거래,서울 중랑구,54.0,10,495,N,,11260,개인,상봉동,중랑구
,동성타워프라자,1996,개인,,,"42,900",23,1,2026,중개거래,서울 중랑구,59.01,4,786,N,,11260,개인,신내동,중랑구
,신내11대명,1996,개인,,,"53,800",23,1,2026,중개거래,서울 중랑구,59.76,14,661,N,,11260,개인,신내동,중랑구
,신내,1996,개인,,,"46,000",23,1,2026,중개거래,서울 중랑구,49.77,2,13,N,,11260,개인,묵동,중랑구
,신내,1996,개인,,,"38,500",23,1,2026,중개거래,"서울 노원구, 서울 중랑구",39.84,2,13,N,,11260,개인,묵동,중랑구
,진로아파트,1995,개인,,,"98,500",23,1,2026,중개거래,"경기 화성동탄구, 서울 중랑구",134.37,10,654,N,,11260,개인,신내동,중랑구
,두산2,1995,개인,,,"89,000",12,1,2026,중개거래,서울 중랑구,134.2,9,1510,N,,11260,개인,면목동,중랑구
,신내6대주,1996,개인,,,"50,000",23,1,2026,중개거래,서울 중랑구,49.77,1,650,N,,11260,개인,신내동,중랑구
102,풍산쉐르빌102동,2002,개인,,,"19,000",16,1,2026,직거래,,47.35,5,226-25,N,26.01.23,11260,개인,상봉동,중랑구
,신내,1996,개인,,,"33,000",24,1,2026,중개거래,서울 중랑구,39.84,9,13,N,,11260,개인,묵동,중랑구
,금호어울림(580-1),2006,개인,,,"59,000",21,1,2026,중개거래,서울 중랑구,59.96,3,580-1,N,,11260,개인,망우동,중랑구
,신내,1996,개인,,,"37,000",23,1,2026,중개거래,서울 중랑구,39.84,2,13,N,,11260,개인,묵동,중랑구
,신내9진흥,1996,개인,,,"51,000",23,1,2026,중개거래,서울 중랑구,49.93,10,657,N,,11260,개인,신내동,중랑구
,신내,1996,개인,,,"36,500",23,1,2026,중개거래,서울 중랑구,39.84,2,13,N,,11260,개인,묵동,중랑구
,신내6대주,1996,개인,,,"51,200",8,1,2026,중개거래,서울 중랑구,49.77,4,650,N,,11260,개인,신내동,중랑구
,경남아너스빌,2007,개인,,,"65,000",17,1,2026,중개거래,서울 중랑구,84.98,1,804,N,,11260,개인,신내동,중랑구
,대원칸타빌,2003,개인,,,"82,500",19,1,2026,중개거래,서울 중랑구,105.9035,7,581,N,,11260,개인,면목동,중랑구
,한신아파트상가동유치원동(103~109),1997,개인,,,"78,000",8,1,2026,중개거래,서울 중랑구,84.87,1,450,N,,11260,개인,중화동,중랑구
,한신아파트상가동유치원동(103~109),1997,개인,,,"88,500",16,1,2026,중개거래,서울 중랑구,84.69,13,450,N,,11260,개인,중화동,중랑구
,한신아파트상가동유치원동(103~109),1997,개인,,,"71,500",8,1,2026,중개거래,서울 중랑구,59.76,5,450,N,,11260,개인,중화동,중랑구
,중랑숲리가,2012,개인,,,"57,000",15,1,2026,중개거래,"서울 용산구, 서울 중랑구",59.978,1,583,N,,11260,개인,망우동,중랑구
,중랑숲리가,2012,개인,,,"71,500",21,1,2026,중개거래,서울 중랑구,84.961,12,583,N,,11260,개인,망우동,중랑구
,라온프라이빗,2020,개인,,,"95,000",16,1,2026,중개거래,"서울 동대문구, 서울 중랑구",59.9803,15,1544,N,,11260,개인,면목동,중랑구
,신안1,1999,개인,,,"58,000",21,1,2026,중개거래,서울 중랑구,59.96,7,381,N,,11260,개인,묵동,중랑구
,포시티,2014,개인,,,"13,300",21,1,2026,중개거래,서울 중랑구,14.855,14,113-1,N,26.01.23,11260,개인,상봉동,중랑구
,형진,1996,개인,,,"50,000",9,1,2026,중개거래,"서울 강동구, 서울 중랑구",59.94,13,1512,N,,11260,개인,면목동,중랑구
,석탑,1997,개인,,,"48,000",19,1,2026,중개거래,서울 중랑구,59.82,20,787,N,,11260,개인,신내동,중랑구
,사가정센트럴아이파크,2020,개인,,,"140,000",18,1,2026,중개거래,"서울 성동구, 서울 중랑구",84.87,28,1545,N,,11260,개인,면목동,중랑구
,용마한신,1990,개인,,,"58,000",16,1,2026,중개거래,서울 중랑구,59.22,8,1077-1,N,,11260,개인,면목동,중랑구
,신내6대주,1996,개인,,,"61,500",12,1,2026,중개거래,서울 중랑구,59.76,12,650,N,,11260,개인,신내동,중랑구
3,용마한신,1990,개인,,,"64,000",17,1,2026,직거래,,59.22,6,1077-1,N,26.01.21,11260,개인,면목동,중랑구
105,새한,1998,개인,,,"50,700",20,1,2026,중개거래,서울 중랑구,59.77,13,795,N,26.01.30,11260,개인,신내동,중랑구
,아스테르아파트,2024,개인,,,"45,000",4,1,2026,직거래,,37.6,16,506-22,N,,11260,법인,망우동,중랑구
,금호어울림(580),2006,개인,,,"64,300",19,1,2026,중개거래,서울 중랑구,84.94,3,580,N,,11260,개인,망우동,중랑구
,벽산,2000,개인,,,"62,000",19,1,2026,중개거래,서울 중랑구,84.93,10,437,N,,11260,개인,신내동,중랑구
,신내6대주,1996,개인,,,"55,000",18,1,2026,중개거래,서울 중랑구,49.77,6,650,N,,11260,개인,신내동,중랑구
,신내,1996,개인,,,"55,500",19,1,2026,중개거래,서울 중랑구,59.76,8,13,N,,11260,개인,묵동,중랑구
,두산3,1995,개인,,,"77,000",11,1,2026,중개거래,서울 중랑구,84.77,11,1511,N,,11260,개인,면목동,중랑구
,우정아파트,2002,개인,,,"83,000",9,1,2026,중개거래,서울 중랑구,81.783,22,496,N,,11260,개인,상봉동,중랑구
,현대휴온,2013,개인,,,"23,960",9,1,2026,직거래,,35.82,9,1535,N,26.01.21,11260,개인,면목동,중랑구
,신내,1996,개인,,,"49,000",19,1,2026,중개거래,서울 중랑구,49.77,7,13,N,,11260,개인,묵동,중랑구
,라온프라이빗,2020,개인,,,"123,000",18,1,2026,중개거래,"서울 강동구, 서울 중랑구",95.1327,22,1544,N,,11260,개인,면목동,중랑구
,용마한신,1990,개인,,,"60,000",9,1,2026,중개거래,서울 중랑구,82.39,7,1077-1,N,,11260,개인,면목동,중랑구
,브라운스톤태릉,2004,개인,,,"86,000",10,1,2026,중개거래,서울 중랑구,83.5358,9,387,N,,11260,개인,묵동,중랑구
,브라운스톤태릉,2004,개인,,,"71,200",10,1,2026,중개거래,서울 중랑구,59.4364,10,387,N,,11260,개인,묵동,중랑구
,중랑숲시티프라디움,2022,개인,,,"67,000",18,1,2026,중개거래,서울 중랑구,46.89,9,620,N,,11260,개인,망우동,중랑구
,늘푸른동아,2002,개인,,,"67,000",13,1,2026,중개거래,"서울 송파구, 서울 중랑구",59.65,12,715,N,,11260,개인,면목동,중랑구
,늘푸른동아,2002,개인,,,"79,000",17,1,2026,중개거래,서울 중랑구,84.97,4,715,N,,11260,개인,면목동,중랑구
,신내,1996,개인,,,"53,500",17,1,2026,중개거래,서울 중랑구,59.76,5,13,N,,11260,개인,묵동,중랑구
,진로아파트,1995,개인,26.01.31,O,"84,000",17,1,2026,중개거래,"서울 노원구, 서울 중랑구",101.86,4,654,N,,11260,개인,신내동,중랑구
,금호어울림(580),2006,개인,,,"58,500",17,1,2026,중개거래,서울 중랑구,59.96,6,580,N,,11260,개인,망우동,중랑구
,성원,1994,개인,,,"65,000",17,1,2026,중개거래,서울 중랑구,84.32,7,783,N,,11260,개인,신내동,중랑구
,신내우디안1단지,2014,개인,,,"74,000",17,1,2026,중개거래,서울 중랑구,84.65,12,816,N,,11260,개인,신내동,중랑구
,동성아파트,1997,개인,,,"79,500",17,1,2026,중개거래,서울 중랑구,129.37,19,591,N,,11260,개인,신내동,중랑구
,상봉어반뷰,2018,개인,,,"11,000",14,1,2026,중개거래,서울 중랑구,15.31,4,113,N,26.02.04,11260,개인,상봉동,중랑구
,솔렌시아3(85-1),2018,개인,,,"39,500",7,1,2026,중개거래,서울 광진구,49.84,6,85-1,N,,11260,개인,상봉동,중랑구
,라온프라이빗,2020,개인,,,"115,000",15,1,2026,중개거래,"서울 동대문구, 서울 중랑구",84.9672,13,1544,N,,11260,개인,면목동,중랑구
,한일써너스빌리젠시2단지,2008,개인,,,"95,500",8,1,2026,중개거래,"경기 구리시, 서울 중랑구",105.38,17,495,N,,11260,개인,망우동,중랑구
,한신아파트상가동유치원동(103~109),1997,개인,,,"86,800",14,1,2026,중개거래,서울 중랑구,84.03,11,450,N,,11260,개인,중화동,중랑구
,현대,1994,개인,,,"73,000",9,1,2026,중개거래,서울 중랑구,84.09,5,1502,N,,11260,개인,면목동,중랑구
,면목삼호101,2000,개인,,,"67,000",10,1,2026,중개거래,서울 중랑구,83.27,8,1513,N,,11260,개인,면목동,중랑구
,신내6대주,1996,개인,,,"39,500",13,1,2026,중개거래,서울 중랑구,39.84,2,650,N,,11260,개인,신내동,중랑구
,벽산,2000,개인,,,"51,500",4,1,2026,중개거래,서울 중랑구,59.783,20,437,N,,11260,개인,신내동,중랑구
,용마동아,1993,개인,,,"65,000",9,1,2026,중개거래,서울 중랑구,84.88,10,1499,N,,11260,개인,면목동,중랑구
,신내6대주,1996,개인,,,"61,600",9,1,2026,중개거래,서울 중랑구,59.76,12,650,N,,11260,개인,신내동,중랑구
,신내,1996,개인,,,"51,250",12,1,2026,중개거래,서울 중랑구,59.76,2,13,N,,11260,개인,묵동,중랑구
,브라운스톤태릉,2004,개인,,,"89,000",12,1,2026,중개거래,서울 중랑구,83.5358,12,387,N,,11260,개인,묵동,중랑구
,성원,1994,개인,,,"63,000",10,1,2026,중개거래,서울 중랑구,84.32,15,783,N,,11260,개인,신내동,중랑구
,"엘지,쌍용아파트",1996,개인,,,"58,800",12,1,2026,중개거래,서울 중랑구,68.12,2,484,N,,11260,개인,상봉동,중랑구
,신내6대주,1996,개인,,,"64,000",12,1,2026,중개거래,서울 중랑구,59.76,7,650,N,,11260,개인,신내동,중랑구
,두산2,1995,개인,,,"89,000",10,1,2026,중개거래,"서울 광진구, 서울 중랑구",134.2,11,1510,N,,11260,개인,면목동,중랑구
,동성1,1993,개인,,,"49,300",1,1,2026,중개거래,서울 중랑구,59.4,2,397,N,,11260,개인,신내동,중랑구
,쌍용더플래티넘용마산,2020,개인,,,"100,000",2,1,2026,중개거래,서울 중랑구,75.058,4,1548,N,,11260,개인,면목동,중랑구
,삼성제이드아파트,2015,개인,,,"29,500",3,1,2026,중개거래,서울 중랑구,36.75,8,194-3,N,,11260,법인,면목동,중랑구
,신내6대주,1996,개인,,,"53,000",8,1,2026,중개거래,서울 중랑구,49.77,6,650,N,,11260,개인,신내동,중랑구
,화성.두산아파트,1995,개인,,,"61,000",10,1,2026,중개거래,"서울 노원구, 서울 중랑구",66.96,11,656,N,,11260,개인,신내동,중랑구
,동성네스트빌1동,2003,개인,,,"43,000",10,1,2026,중개거래,"경기 남양주시, 서울 중랑구",71.24,2,32-1,N,,11260,개인,상봉동,중랑구
,신내9진흥,1996,개인,,,"32,000",10,1,2026,중개거래,서울 중랑구,39.84,11,657,N,,11260,개인,신내동,중랑구
,"엘지,쌍용아파트",1996,개인,,,"65,000",10,1,2026,중개거래,서울 중랑구,68.12,11,484,N,,11260,개인,상봉동,중랑구
,동부아파트,1999,개인,,,"54,000",10,1,2026,중개거래,서울 중랑구,54.0,1,495,N,,11260,개인,상봉동,중랑구
,상봉듀오트리스,2016,개인,,,"117,000",9,1,2026,중개거래,서울 중랑구,117.07,29,501,N,,11260,개인,상봉동,중랑구
,면목한신,1987,개인,,,"25,000",9,1,2026,중개거래,"서울 마포구, 서울 송파구",27.0,10,193-1,N,,11260,개인,면목동,중랑구
203동,중랑숲시티프라디움,2022,개인,,,"65,000",9,1,2026,중개거래,서울 중랑구,46.89,3,620,N,26.02.02,11260,개인,망우동,중랑구
,"엘지,쌍용아파트",1996,개인,,,"63,500",9,1,2026,중개거래,서울 중랑구,68.12,7,484,N,,11260,개인,상봉동,중랑구
,"엘지,쌍용아파트",1996,개인,,,"63,000",9,1,2026,중개거래,서울 중랑구,68.12,5,484,N,,11260,개인,상봉동,중랑구
,용마한신,1990,개인,,,"35,000",9,1,2026,중개거래,"서울 광진구, 서울 중랑구",35.44,5,1077-1,N,,11260,개인,면목동,중랑구
,용마한신2,1998,개인,,,"78,700",8,1,2026,중개거래,서울 중랑구,84.51,17,1073,N,,11260,개인,면목동,중랑구
103,용마산모아엘가파크포레,2023,개인,,,"85,000",8,1,2026,중개거래,서울 중랑구,84.9,5,1549,N,26.02.11,11260,개인,면목동,중랑구
,진로아파트,1995,개인,,,"88,000",2,1,2026,중개거래,서울 중랑구,101.86,12,654,N,,11260,개인,신내동,중랑구
,신내6대주,1996,개인,,,"60,000",2,1,2026,중개거래,서울 중랑구,59.76,4,650,N,,11260,개인,신내동,중랑구
527,신내두산아파트,1995,개인,,,"106,500",2,1,2026,중개거래,서울 중랑구,126.28,7,20,N,26.01.22,11260,개인,묵동,중랑구
,한신아파트상가동유치원동(103~109),1997,개인,,,"71,200",5,1,2026,중개거래,서울 중랑구,59.76,15,450,N,,11260,개인,중화동,중랑구
,신내11대명,1996,개인,,,"50,500",5,1,2026,중개거래,서울 강남구,59.76,5,661,N,,11260,개인,신내동,중랑구
,두산4,2000,개인,,,"79,500",5,1,2026,중개거래,서울 중랑구,84.87,3,1522,N,,11260,개인,면목동,중랑구
,신내6대주,1996,개인,,,"51,700",3,1,2026,중개거래,서울 중랑구,49.77,9,650,N,,11260,개인,신내동,중랑구
,포시티,2014,개인,,,"11,500",3,1,2026,중개거래,서울 중랑구,14.855,11,113-1,N,26.01.07,11260,개인,상봉동,중랑구
,신내,1996,개인,,,"47,000",3,1,2026,중개거래,서울 중랑구,49.77,10,13,N,,11260,개인,묵동,중랑구
,조호그레이스,2004,개인,,,"34,600",3,1,2026,중개거래,서울 중랑구,84.13,3,492-5,N,,11260,개인,신내동,중랑구
,경남아너스빌,2006,개인,,,"79,700",3,1,2026,중개거래,서울 중랑구,84.961,2,1529,N,,11260,개인,면목동,중랑구
,면목한신,1987,개인,,,"41,000",3,1,2026,중개거래,"경기 남양주시, 서울 동대문구",45.44,13,193-1,N,,11260,개인,면목동,중랑구
,한양수자인사가정파크,2019,개인,,,"97,500",3,1,2026,중개거래,서울 중랑구,74.9394,14,1543,N,,11260,개인,면목동,중랑구
,이편한세상화랑대,2017,개인,,,"89,000",3,1,2026,중개거래,서울 중랑구,59.953,5,396,N,,11260,개인,묵동,중랑구
,한신아파트상가동유치원동(103~109),1997,개인,,,"83,000",3,1,2026,중개거래,서울 중랑구,84.03,7,450,N,,11260,개인,중화동,중랑구
104,용마산모아엘가파크포레,2023,개인,,,"81,500",2,1,2026,중개거래,서울 중랑구,83.91,3,1549,N,26.01.16,11260,개인,면목동,중랑구
,"엘지,쌍용아파트",1996,개인,,,"62,500",2,1,2026,중개거래,서울 중랑구,68.12,3,484,N,,11260,개인,상봉동,중랑구
,신내역힐데스하임참좋은아파트,2021,개인,,,"85,500",3,1,2026,중개거래,서울 중랑구,84.9309,5,598,N,,11260,개인,망우동,중랑구
,화성.두산아파트,1995,개인,,,"57,000",9,1,2026,중개거래,서울 중랑구,66.96,1,656,N,,11260,개인,신내동,중랑구
,극동늘푸른,1999,개인,,,"44,800",20,2,2026,직거래,,84.08,20,379,N,,11260,개인,묵동,중랑구
,우정아파트,2002,개인,,,"79,000",13,2,2026,중개거래,서울 중랑구,57.189,17,496,N,,11260,개인,상봉동,중랑구
,진로아파트,1995,개인,,,"85,000",7,2,2026,중개거래,서울 중랑구,101.86,5,654,N,,11260,개인,신내동,중랑구
,신도브래뉴,2004,개인,,,"47,900",11,2,2026,중개거래,서울 중랑구,51.86,13,169-10,N,,11260,개인,묵동,중랑구
,면목한신,1987,개인,,,"45,000",13,2,2026,중개거래,서울 중랑구,44.5,12,193-1,N,,11260,개인,면목동,중랑구
,성원,1994,개인,,,"65,500",8,2,2026,중개거래,서울 중랑구,84.32,17,783,N,,11260,개인,신내동,중랑구
,한울네세창,2005,개인,,,"50,500",12,2,2026,중개거래,서울 중랑구,84.81,1,579,N,,11260,개인,망우동,중랑구
,태영데시앙1,2003,개인,,,"84,500",11,2,2026,중개거래,서울 중랑구,84.9353,20,497,N,,11260,개인,상봉동,중랑구
,경남아너스빌,2007,개인,,,"67,500",11,2,2026,중개거래,서울 중랑구,84.98,1,804,N,,11260,개인,신내동,중랑구
,신내,1996,개인,,,"58,000",11,2,2026,중개거래,"서울 중랑구, 인천 연수구",59.76,2,13,N,,11260,개인,묵동,중랑구
,용마한신,1990,개인,,,"49,000",5,2,2026,중개거래,서울 중랑구,44.35,11,1077-1,N,,11260,개인,면목동,중랑구
,브라운스톤태릉,2004,개인,,,"74,000",10,2,2026,중개거래,서울 중랑구,59.4364,11,387,N,,11260,개인,묵동,중랑구
,우남푸르미아,2005,개인,,,"65,000",9,2,2026,중개거래,"서울 광진구, 서울 중랑구",81.75,15,802,N,,11260,개인,신내동,중랑구
,동양엔파트2차,2013,개인,,,"80,000",10,2,2026,중개거래,서울 중랑구,84.63,14,454,N,,11260,개인,중화동,중랑구
,신내6대주,1996,개인,,,"44,000",7,2,2026,중개거래,"서울 송파구, 서울 중랑구",39.84,10,650,N,,11260,개인,신내동,중랑구
,신내9진흥,1996,개인,,,"52,900",7,2,2026,중개거래,"서울 송파구, 서울 중랑구",49.93,9,657,N,,11260,개인,신내동,중랑구
,신내9진흥,1996,개인,,,"31,800",3,2,2026,중개거래,서울 중랑구,33.18,7,657,N,,11260,개인,신내동,중랑구
,성원,1994,개인,,,"68,200",6,2,2026,중개거래,서울 중랑구,84.32,22,783,N,,11260,개인,신내동,중랑구
,신내11대명,1996,개인,,,"41,300",8,2,2026,중개거래,서울 중랑구,49.77,1,661,N,,11260,개인,신내동,중랑구
,화성.두산아파트,1995,개인,,,"64,500",7,2,2026,중개거래,"서울 강남구, 서울 중랑구",66.96,14,656,N,,11260,개인,신내동,중랑구
,신안1,1999,개인,,,"55,500",8,2,2026,중개거래,서울 중랑구,59.96,4,381,N,,11260,개인,묵동,중랑구
,위더스빌,2010,개인,,,"69,200",5,2,2026,중개거래,서울 중랑구,84.98,19,169-11,N,,11260,개인,묵동,중랑구
,신내11대명,1996,개인,,,"42,000",6,2,2026,중개거래,"서울 광진구, 서울 중랑구",39.76,13,661,N,,11260,개인,신내동,중랑구
,용마산모아엘가파크포레,2023,개인,,,"87,700",8,2,2026,중개거래,서울 중랑구,84.9,6,1549,N,,11260,개인,면목동,중랑구
,동성3,1997,개인,,,"51,000",8,2,2026,중개거래,서울 중랑구,59.4,20,618,N,,11260,개인,신내동,중랑구
,중앙하이츠,1996,개인,,,"63,500",7,2,2026,중개거래,서울 중랑구,84.97,8,479,N,,11260,개인,신내동,중랑구
,용마한신,1990,개인,,,"49,500",7,2,2026,중개거래,"서울 광진구, 서울 중랑구",44.35,8,1077-1,N,,11260,개인,면목동,중랑구
,성원,1994,개인,,,"64,500",6,2,2026,중개거래,서울 중랑구,84.4,21,783,N,,11260,개인,신내동,중랑구
,한일써너스빌,2003,개인,,,"87,000",7,2,2026,중개거래,서울 중랑구,84.642,8,81-5,N,,11260,개인,상봉동,중랑구
,벽산,2000,개인,,,"50,500",6,2,2026,중개거래,서울 중랑구,59.783,5,437,N,,11260,개인,신내동,중랑구
,성원,1994,개인,,,"62,800",7,2,2026,중개거래,서울 중랑구,84.32,1,783,N,,11260,개인,신내동,중랑구
,신내9진흥,1996,개인,,,"52,800",6,2,2026,중개거래,"서울 강남구, 서울 중랑구",49.82,12,657,N,,11260,개인,신내동,중랑구
,두산3,1995,개인,,,"76,000",2,2,2026,중개거래,"서울 서초구, 서울 중랑구",84.77,5,1511,N,,11260,개인,면목동,중랑구
,건영2차,1996,개인,,,"72,700",6,2,2026,중개거래,서울 중랑구,74.25,14,785,N,,11260,개인,신내동,중랑구
,라온프라이빗,2020,개인,,,"128,800",6,2,2026,중개거래,서울 중랑구,84.9672,25,1544,N,,11260,개인,면목동,중랑구
,한양수자인사가정파크,2019,개인,,,"99,700",6,2,2026,중개거래,"경기 하남시, 서울 중랑구",74.918,5,1543,N,,11260,개인,면목동,중랑구
,동양엔파트,2010,개인,,,"70,000",6,2,2026,중개거래,서울 중랑구,84.79,7,208-33,N,,11260,개인,중화동,중랑구
,신내우디안1단지,2014,개인,,,"67,000",6,2,2026,중개거래,서울 중랑구,59.52,1,816,N,,11260,개인,신내동,중랑구
,해오름102동,2005,개인,,,"43,000",5,2,2026,중개거래,서울 중랑구,57.66,8,508-11,N,,11260,개인,망우동,중랑구
,건영2차,1996,개인,,,"72,500",3,2,2026,중개거래,서울 중랑구,84.96,2,785,N,,11260,개인,신내동,중랑구
,신안1,1999,개인,,,"71,300",5,2,2026,중개거래,서울 중랑구,84.99,13,381,N,,11260,개인,묵동,중랑구
,한일써너스빌,2003,개인,,,"87,000",5,2,2026,중개거래,서울 중랑구,84.642,18,81-5,N,,11260,개인,상봉동,중랑구
,이편한세상화랑대,2017,개인,,,"117,000",5,2,2026,중개거래,서울 중랑구,84.956,20,396,N,,11260,개인,묵동,중랑구
,한양수자인사가정파크,2019,개인,,,"113,000",5,2,2026,중개거래,서울 중랑구,84.989,12,1543,N,,11260,개인,면목동,중랑구
,포시티,2014,개인,,,"12,000",4,2,2026,중개거래,서울 중랑구,14.855,16,113-1,N,,11260,개인,상봉동,중랑구
,상봉어반뷰,2018,개인,,,"12,000",4,2,2026,중개거래,서울 중랑구,13.26,6,113,N,26.02.10,11260,개인,상봉동,중랑구
,두산4,2000,개인,,,"83,000",4,2,2026,중개거래,서울 중랑구,84.86,21,1522,N,,11260,개인,면목동,중랑구
,한일써너스빌,2003,개인,,,"92,500",4,2,2026,중개거래,"서울 광진구, 서울 중랑구",84.642,23,81-5,N,,11260,개인,상봉동,중랑구
,한양수자인사가정파크,2019,개인,,,"112,500",2,2,2026,중개거래,서울 중랑구,84.9862,13,1543,N,,11260,개인,면목동,중랑구
,사가정센트럴아이파크,2020,개인,,,"138,000",2,2,2026,중개거래,서울 중랑구,84.87,25,1545,N,,11260,개인,면목동,중랑구
,사가정센트럴아이파크,2020,개인,,,"139,500",11,2,2026,중개거래,서울 중랑구,84.87,26,1545,N,,11260,개인,면목동,중랑구
,신안2,2000,개인,,,"58,000",3,2,2026,중개거래,서울 중랑구,59.845,7,382,N,,11260,개인,묵동,중랑구
,신내6대주,1996,개인,,,"67,300",1,2,2026,중개거래,서울 중랑구,59.76,4,650,N,,11260,개인,신내동,중랑구
,브라운스톤태릉,2004,개인,,,"87,000",1,2,2026,중개거래,서울 중랑구,84.7094,17,387,N,,11260,개인,묵동,중랑구
,사가정센트럴아이파크,2020,개인,,,"140,700",7,2,2026,중개거래,"경기 부천시 소사구, 서울 중랑구",84.87,19,1545,N,,11260,개인,면목동,중랑구
,마젤란21,2007,개인,,,"78,000",2,2,2026,중개거래,서울 중랑구,78.941,13,1531,N,,11260,개인,면목동,중랑구
,성북힐스테이트(101동),2007,개인,,,"92,000",26,1,2026,중개거래,서울 성북구,84.14,17,88-64,N,,11290,개인,하월곡동,성북구
,길음뉴타운8단지(래미안),2010,개인,,,"122,000",24,1,2026,중개거래,서울 강북구,59.99,9,1284,N,,11290,개인,길음동,성북구
,한신,1998,개인,,,"92,000",15,1,2026,중개거래,"서울 성북구, 인천 연수구",132.96,3,609-1,N,,11290,개인,돈암동,성북구
,코오롱,1999,개인,,,"79,500",31,1,2026,중개거래,서울 성북구,114.84,15,405,N,,11290,개인,석관동,성북구
,래미안세레니티,2009,개인,,,"103,000",28,1,2026,중개거래,서울 성북구,84.92,10,133,N,,11290,개인,종암동,성북구
,석관래미안,2009,개인,,,"108,000",26,1,2026,중개거래,서울 성북구,114.97,12,407,N,,11290,개인,석관동,성북구
,삼선에스케이뷰,2012,개인,,,"159,500",31,1,2026,중개거래,"서울 성북구, 서울 송파구",122.44,11,116,N,,11290,개인,삼선동3가,성북구
,래미안장위퍼스트하이,2020,개인,,,"123,900",30,1,2026,중개거래,서울 성북구,84.98,9,320,N,,11290,개인,장위동,성북구
,이수브라운스톤돈암,2004,개인,,,"85,800",31,1,2026,중개거래,서울 성북구,59.99,18,636,N,,11290,개인,돈암동,성북구
,동일하이빌뉴시티,2011,개인,,,"130,000",31,1,2026,중개거래,서울 성북구,126.6,19,230,N,,11290,개인,하월곡동,성북구
,대성유니드(641-0),2009,개인,,,"70,000",22,1,2026,중개거래,경기 남양주시,84.93,9,641,N,,11290,개인,돈암동,성북구
,래미안라센트,2011,개인,,,"104,500",18,1,2026,중개거래,서울 성북구,59.98,15,134,N,,11290,개인,종암동,성북구
,삼부컨비니언,1998,개인,,,"95,000",28,1,2026,중개거래,"서울 동작구, 서울 성북구",111.71,13,1276,N,,11290,개인,길음동,성북구
,성북힐스테이트(101동),2007,개인,,,"94,000",24,1,2026,중개거래,서울 성북구,101.97,16,88-64,N,,11290,개인,하월곡동,성북구
,래미안크리시엘,2004,개인,,,"95,300",23,1,2026,중개거래,서울 성북구,84.95,6,80,N,,11290,개인,종암동,성북구
,래미안아트리치,2019,개인,,,"125,000",31,1,2026,중개거래,서울 성북구,84.94,13,410,N,,11290,개인,석관동,성북구
,길음뉴타운6단지(래미안),2007,개인,,,"142,500",31,1,2026,중개거래,"서울 성동구, 서울 성북구",84.049,4,1283,N,,11290,개인,길음동,성북구
,길음뉴타운6단지(래미안),2007,개인,,,"139,000",23,1,2026,중개거래,서울 성북구,84.049,14,1283,N,,11290,개인,길음동,성북구
,길음역금호어울림센터힐,2014,개인,,,"105,000",24,1,2026,중개거래,서울 성북구,84.77,3,643,N,,11290,개인,돈암동,성북구
,아남,1996,개인,,,"53,500",17,1,2026,중개거래,서울 성북구,59.97,14,218,N,,11290,개인,하월곡동,성북구
,롯데캐슬클라시아,2022,개인,,,"144,000",29,1,2026,중개거래,서울 성북구,59.8826,17,1289,N,,11290,개인,길음동,성북구
,정릉풍림아이원,2005,개인,,,"59,000",31,1,2026,중개거래,서울 성북구,59.88,10,239,N,,11290,개인,정릉동,성북구
,석관래미안,2009,개인,,,"100,000",31,1,2026,중개거래,"서울 동대문구, 서울 성북구",114.97,7,407,N,,11290,개인,석관동,성북구
,종암에스케이,1999,개인,,,"81,800",31,1,2026,중개거래,서울 성북구,59.86,5,104-1,N,,11290,개인,종암동,성북구
,래미안길음센터피스,2019,개인,,,"172,000",30,1,2026,중개거래,서울 성북구,84.95,33,1288,N,,11290,개인,길음동,성북구
,래미안장위퍼스트하이,2020,개인,,,"124,000",31,1,2026,중개거래,"서울 동대문구, 서울 성북구",84.94,3,320,N,,11290,개인,장위동,성북구
,베로니스,2020,개인,,,"62,000",31,1,2026,중개거래,서울 성북구,52.9,7,90-700,N,,11290,개인,하월곡동,성북구
,롯데캐슬골든힐스,2019,개인,,,"110,000",31,1,2026,중개거래,서울 성북구,84.93,21,1287-1,N,,11290,개인,길음동,성북구
,삼선푸르지오,2008,개인,,,"99,700",31,1,2026,중개거래,"서울 성북구, 서울 종로구",84.83,8,425,N,,11290,개인,삼선동2가,성북구
,래미안길음센터피스,2019,개인,,,"141,000",30,1,2026,중개거래,서울 성북구,59.97,9,1288,N,,11290,개인,길음동,성북구
,길음뉴타운8단지(래미안),2010,개인,,,"146,000",31,1,2026,중개거래,서울 성북구,114.98,20,1284,N,,11290,개인,길음동,성북구
,동신,1998,개인,,,"81,500",31,1,2026,중개거래,서울 성북구,84.78,4,219,N,,11290,개인,하월곡동,성북구
,길음동동부센트레빌(1278-0),2003,개인,,,"120,000",31,1,2026,중개거래,서울 성북구,114.912,12,1278,N,,11290,개인,길음동,성북구
,두산,1998,개인,,,"94,800",30,1,2026,중개거래,"경기 김포시, 서울 성북구",84.9,23,10,N,,11290,개인,석관동,성북구
,꿈의숲코오롱하늘채,2017,개인,,,"122,000",31,1,2026,중개거래,"경기 안양시 동안구, 서울 성북구",84.71,20,319,N,,11290,개인,장위동,성북구
,길음뉴타운8단지(래미안),2010,개인,,,"130,000",31,1,2026,중개거래,"서울 강북구, 서울 성북구",84.82,26,1284,N,,11290,개인,길음동,성북구
,월곡두산위브,2003,개인,,,"88,000",31,1,2026,중개거래,서울 성북구,84.843,3,222,N,,11290,개인,하월곡동,성북구
,종암에스케이,1999,개인,,,"81,000",30,1,2026,중개거래,서울 성북구,59.04,17,104-1,N,,11290,개인,종암동,성북구
,쌍용2,1999,개인,,,"60,000",30,1,2026,중개거래,서울 성북구,59.9,8,1017,N,,11290,개인,정릉동,성북구
,래미안장위퍼스트하이,2020,개인,,,"140,000",30,1,2026,중개거래,서울 성북구,116.91,16,320,N,,11290,개인,장위동,성북구
,길음역금호어울림센터힐,2014,개인,,,"109,300",31,1,2026,중개거래,서울 성북구,84.8,12,643,N,,11290,개인,돈암동,성북구
,래미안월곡,2006,개인,,,"113,500",31,1,2026,중개거래,서울 성북구,114.678,7,225,N,,11290,개인,하월곡동,성북구
,길음뉴타운5단지(래미안),2006,개인,,,"135,000",24,1,2026,중개거래,서울 성북구,114.93,19,1282,N,,11290,개인,길음동,성북구
,길음뉴타운4단지(e편한세상),2005,개인,,,"128,000",30,1,2026,중개거래,서울 성북구,84.64,18,1281,N,,11290,개인,길음동,성북구
,길음뉴타운4단지(e편한세상),2005,개인,,,"125,000",30,1,2026,중개거래,서울 성북구,84.64,17,1281,N,,11290,개인,길음동,성북구
,동신,1998,개인,,,"83,000",29,1,2026,중개거래,서울 성북구,84.78,18,219,N,,11290,개인,하월곡동,성북구
,쌍용2,1999,개인,,,"52,000",30,1,2026,중개거래,서울 성북구,59.9,1,1017,N,,11290,개인,정릉동,성북구
,길음뉴타운6단지(래미안),2007,개인,,,"123,500",30,1,2026,중개거래,서울 성북구,84.049,1,1283,N,,11290,개인,길음동,성북구
,종암에스케이,1999,개인,,,"97,000",30,1,2026,중개거래,서울 성북구,114.75,5,104-1,N,,11290,개인,종암동,성북구
,아남,1996,개인,,,"64,700",29,1,2026,중개거래,서울 성북구,84.56,16,218,N,,11290,개인,하월곡동,성북구
,래미안라센트,2011,개인,,,"115,000",29,1,2026,중개거래,서울 성북구,84.99,6,134,N,,11290,개인,종암동,성북구
,래미안포레카운티,2021,개인,,,"122,000",29,1,2026,중개거래,서울 성북구,84.97,13,322,N,,11290,개인,장위동,성북구
,우정에쉐르,2009,개인,,,"59,000",29,1,2026,중개거래,서울 성북구,59.9,15,1033,N,,11290,개인,정릉동,성북구
,우방,1999,개인,,,"54,000",24,1,2026,중개거래,서울 성북구,84.92,5,1016,N,,11290,개인,정릉동,성북구
,래미안라센트,2011,개인,,,"124,000",21,1,2026,중개거래,서울 성북구,84.99,11,134,N,,11290,개인,종암동,성북구
,길음뉴타운2단지푸르지오,2005,개인,,,"100,000",29,1,2026,중개거래,서울 성북구,84.97,4,1280,N,,11290,개인,길음동,성북구
,쌍용2,1999,개인,,,"60,000",29,1,2026,중개거래,"서울 강남구, 서울 성북구",59.9,17,1017,N,,11290,개인,정릉동,성북구
,아이파크종암동2차,2005,개인,,,"82,000",29,1,2026,중개거래,서울 성북구,59.675,2,131,N,,11290,개인,종암동,성북구
,길음동동부센트레빌(1278-0),2003,개인,,,"98,000",29,1,2026,중개거래,서울 성북구,84.844,4,1278,N,,11290,개인,길음동,성북구
,길음뉴타운1단지(래미안길음1차),2003,개인,,,"107,000",28,1,2026,중개거래,서울 성북구,59.99,18,1279,N,,11290,개인,길음동,성북구
,중앙하이츠빌2단지,2005,개인,,,"69,900",24,1,2026,중개거래,서울 성북구,84.95,5,435,N,,11290,개인,정릉동,성북구
,월곡래미안루나밸리,2007,개인,,,"104,000",29,1,2026,중개거래,서울 성북구,84.88,9,226,N,,11290,개인,하월곡동,성북구
,길음뉴타운9단지(래미안),2010,개인,,,"140,000",2,1,2026,중개거래,서울 성북구,114.86,14,1286,N,,11290,개인,길음동,성북구
,두산,1998,개인,,,"88,500",28,1,2026,중개거래,서울 성북구,84.9,3,10,N,,11290,개인,석관동,성북구
,길음뉴타운경남아너스빌,1999,개인,,,"74,800",28,1,2026,중개거래,서울 성북구,59.59,19,1015,N,,11290,개인,정릉동,성북구
,길음뉴타운8단지(래미안),2010,개인,,,"115,000",28,1,2026,중개거래,"서울 성북구, 서울 영등포구",59.99,6,1284,N,,11290,개인,길음동,성북구
,한신,1998,개인,,,"98,000",28,1,2026,중개거래,서울 성북구,132.96,2,609-1,N,,11290,개인,돈암동,성북구
,아남,1994,개인,,,"70,000",28,1,2026,중개거래,"서울 성북구, 서울 종로구",84.9,11,36-2,N,,11290,개인,보문동6가,성북구
,종암에스케이,1999,개인,,,"84,300",28,1,2026,중개거래,서울 성북구,84.72,2,104-1,N,,11290,개인,종암동,성북구
,꿈의숲푸르지오,2010,개인,,,"85,000",28,1,2026,중개거래,서울 성북구,59.65,6,228,N,,11290,개인,하월곡동,성북구
,롯데캐슬클라시아,2022,개인,,,"149,000",27,1,2026,중개거래,서울 성북구,59.8826,23,1289,N,,11290,개인,길음동,성북구
,길음뉴타운2단지푸르지오,2005,개인,,,"102,500",28,1,2026,중개거래,서울 성북구,84.97,12,1280,N,,11290,개인,길음동,성북구
,길음뉴타운1단지(래미안길음1차),2003,개인,,,"109,000",28,1,2026,중개거래,"서울 성북구, 서울 용산구",84.96,1,1279,N,,11290,개인,길음동,성북구
,길음뉴타운1단지(래미안길음1차),2003,개인,,,"129,000",28,1,2026,중개거래,서울 성북구,114.98,9,1279,N,,11290,개인,길음동,성북구
,길음뉴타운8단지(래미안),2010,개인,,,"134,500",5,1,2026,중개거래,서울 성북구,84.94,4,1284,N,,11290,개인,길음동,성북구
,정릉힐스테이트,2004,개인,,,"86,300",28,1,2026,중개거래,서울 성북구,84.92,22,1025,N,,11290,개인,정릉동,성북구
,우방,1999,개인,,,"55,000",19,1,2026,중개거래,서울 성북구,84.92,3,1016,N,,11290,개인,정릉동,성북구
,길음뉴타운4단지(e편한세상),2005,개인,,,"111,000",24,1,2026,중개거래,서울 성북구,84.64,10,1281,N,,11290,개인,길음동,성북구
,중앙하이츠빌2단지,2005,개인,,,"74,000",27,1,2026,중개거래,서울 성북구,84.95,16,435,N,,11290,개인,정릉동,성북구
,길음뉴타운7단지(두산위브),2010,개인,,,"111,300",27,1,2026,중개거래,서울 성북구,59.98,14,1285,N,,11290,개인,길음동,성북구
,우방,1999,개인,,,"56,500",27,1,2026,중개거래,서울 성북구,84.92,4,1016,N,,11290,개인,정릉동,성북구
,롯데캐슬클라시아,2022,개인,,,"141,000",27,1,2026,중개거래,"서울 강북구, 서울 동대문구, 서울 성북구",59.7812,15,1289,N,,11290,개인,길음동,성북구
,길음뉴타운2단지푸르지오,2005,개인,,,"78,000",27,1,2026,중개거래,서울 성북구,59.77,1,1280,N,,11290,개인,길음동,성북구
,정릉힐스테이트1차,2007,개인,,,"78,700",27,1,2026,중개거래,서울 성북구,84.915,6,1030,N,,11290,개인,정릉동,성북구
,길음뉴타운9단지(래미안),2010,개인,,,"138,000",27,1,2026,중개거래,서울 성북구,114.86,2,1286,N,,11290,개인,길음동,성북구
,래미안장위퍼스트하이,2020,개인,,,"126,500",22,1,2026,중개거래,서울 성북구,84.98,23,320,N,,11290,개인,장위동,성북구
,아이파크종암동1차,2004,개인,,,"104,000",15,1,2026,중개거래,서울 성북구,84.98,10,130,N,,11290,개인,종암동,성북구
,선경(127),1998,개인,,,"48,500",20,1,2026,중개거래,서울 성북구,59.17,5,127,N,,11290,개인,종암동,성북구
,길음뉴타운6단지(래미안),2007,개인,,,"131,000",27,1,2026,중개거래,서울 성북구,84.049,3,1283,N,,11290,개인,길음동,성북구
,동아에코빌,2003,개인,,,"83,500",24,1,2026,중개거래,서울 성북구,114.66,7,101,N,,11290,개인,상월곡동,성북구
,한신플러스C,2004,개인,,,"87,500",26,1,2026,중개거래,서울 성북구,84.95,4,23,N,,11290,개인,동소문동7가,성북구
,삼부컨비니언,1998,개인,,,"73,000",27,1,2026,중개거래,서울 성북구,84.86,15,1276,N,,11290,개인,길음동,성북구
,길음뉴타운4단지(e편한세상),2005,개인,,,"120,000",17,1,2026,중개거래,서울 성북구,114.88,3,1281,N,,11290,기타,길음동,성북구
,성북힐스테이트(101동),2007,개인,,,"90,000",26,1,2026,중개거래,서울 성북구,84.69,3,88-64,N,,11290,개인,하월곡동,성북구
,길음뉴타운6단지(래미안),2007,개인,,,"135,000",23,1,2026,중개거래,"서울 강북구, 서울 성북구",84.049,12,1283,N,,11290,개인,길음동,성북구
,종암에스케이,1999,개인,,,"83,000",26,1,2026,중개거래,서울 성북구,84.72,1,104-1,N,,11290,개인,종암동,성북구
,종암에스케이,1999,개인,,,"73,000",26,1,2026,중개거래,"서울 노원구, 서울 성북구",59.86,2,104-1,N,,11290,개인,종암동,성북구
,래미안아트리치,2019,개인,,,"109,000",26,1,2026,중개거래,"서울 강남구, 서울 성북구",59.42,6,410,N,,11290,개인,석관동,성북구
,안암동삼성래미안,2005,개인,,,"99,500",24,1,2026,중개거래,서울 성북구,84.8681,11,361,N,,11290,개인,안암동1가,성북구
,한신,1998,개인,,,"88,200",26,1,2026,중개거래,서울 성북구,84.87,9,609-1,N,,11290,개인,돈암동,성북구
,래미안라센트,2011,개인,,,"124,000",26,1,2026,중개거래,서울 성북구,84.99,8,134,N,,11290,개인,종암동,성북구
,돈암동 풍림아파트 101~105동,1999,개인,,,"63,000",24,1,2026,중개거래,서울 성북구,59.64,10,632,N,,11290,개인,돈암동,성북구
,정릉풍림아이원,2005,개인,,,"52,500",25,1,2026,중개거래,서울 성북구,59.88,8,239,N,,11290,개인,정릉동,성북구
,길음뉴타운2단지푸르지오,2005,개인,,,"102,000",25,1,2026,중개거래,서울 성북구,84.97,7,1280,N,,11290,개인,길음동,성북구
,정릉풍림아이원,2005,개인,,,"59,000",24,1,2026,중개거래,서울 성북구,60.0,13,239,N,,11290,개인,정릉동,성북구
,꿈의숲코오롱하늘채,2017,개인,,,"99,500",24,1,2026,중개거래,서울 성북구,59.35,4,319,N,,11290,개인,장위동,성북구
,보문파크뷰자이,2017,개인,,,"100,000",24,1,2026,중개거래,서울 성북구,45.81,9,458,N,,11290,개인,보문동6가,성북구
,길음뉴타운5단지(래미안),2006,개인,,,"125,000",24,1,2026,중개거래,서울 성북구,84.96,17,1282,N,,11290,개인,길음동,성북구
,정릉2차대주피오레,2008,개인,,,"61,700",24,1,2026,중개거래,서울 성북구,84.9819,3,1032,N,,11290,개인,정릉동,성북구
,길음뉴타운2단지푸르지오,2005,개인,,,"96,900",24,1,2026,중개거래,"서울 성북구, 서울 용산구",84.97,6,1280,N,,11290,개인,길음동,성북구
,꿈의숲푸르지오,2010,개인,,,"80,300",24,1,2026,중개거래,서울 성북구,59.65,5,228,N,,11290,개인,하월곡동,성북구
,길음뉴타운1단지(래미안길음1차),2003,개인,,,"106,000",24,1,2026,중개거래,서울 성북구,84.96,1,1279,N,,11290,개인,길음동,성북구
,길음뉴타운2단지푸르지오,2005,개인,,,"90,000",24,1,2026,중개거래,서울 성북구,59.99,8,1280,N,,11290,개인,길음동,성북구
,성북힐스테이트(102동),2007,개인,,,"86,900",24,1,2026,중개거래,"서울 강동구, 서울 성북구",84.99,13,88-957,N,,11290,개인,하월곡동,성북구
,길음뉴타운3단지푸르지오,2005,개인,,,"89,500",16,1,2026,중개거래,"서울 노원구, 서울 성북구",84.97,1,1280-1,N,,11290,개인,길음동,성북구
,롯데캐슬클라시아,2022,개인,,,"134,000",23,1,2026,중개거래,"서울 강북구, 서울 성북구",59.7812,21,1289,N,,11290,개인,길음동,성북구
,래미안장위퍼스트하이,2020,개인,,,"126,700",24,1,2026,중개거래,서울 성북구,84.94,19,320,N,,11290,개인,장위동,성북구
,길음뉴타운1단지(래미안길음1차),2003,개인,,,"105,000",24,1,2026,중개거래,서울 성북구,59.99,6,1279,N,,11290,개인,길음동,성북구
,길음뉴타운3단지푸르지오,2005,개인,,,"95,000",20,1,2026,중개거래,서울 성북구,84.97,18,1280-1,N,,11290,개인,길음동,성북구
,길음뉴타운3단지푸르지오,2005,개인,,,"85,000",21,1,2026,중개거래,서울 성북구,59.99,18,1280-1,N,,11290,개인,길음동,성북구
,래미안길음센터피스,2019,개인,,,"173,000",24,1,2026,중개거래,서울 성북구,84.98,33,1288,N,,11290,개인,길음동,성북구
,돈암동 풍림아파트 101~105동,1999,개인,,,"72,800",24,1,2026,중개거래,서울 성북구,84.68,5,632,N,,11290,개인,돈암동,성북구
,길음뉴타운경남아너스빌,1999,개인,,,"81,900",23,1,2026,중개거래,서울 성북구,114.63,15,1015,N,,11290,개인,정릉동,성북구
,롯데캐슬클라시아,2022,개인,,,"144,000",24,1,2026,중개거래,서울 성북구,59.7812,10,1289,N,,11290,개인,길음동,성북구
,정릉스카이쌍용아파트,1999,개인,,,"71,500",24,1,2026,중개거래,서울 성북구,84.19,4,1014,N,,11290,개인,정릉동,성북구
,길음뉴타운2단지푸르지오,2005,개인,,,"96,000",23,1,2026,중개거래,서울 성북구,84.97,14,1280,N,,11290,개인,길음동,성북구
,돈암동 풍림아파트 101~105동,1999,개인,,,"69,000",23,1,2026,중개거래,서울 성북구,84.68,11,632,N,,11290,개인,돈암동,성북구
,래미안장위퍼스트하이,2020,개인,,,"127,500",23,1,2026,중개거래,서울 성북구,84.94,27,320,N,,11290,개인,장위동,성북구
,래미안장위퍼스트하이,2020,개인,,,"121,000",23,1,2026,중개거래,서울 성북구,84.98,12,320,N,,11290,개인,장위동,성북구
,길음동동부센트레빌(1278-0),2003,개인,,,"104,000",16,1,2026,중개거래,서울 성북구,114.912,3,1278,N,,11290,개인,길음동,성북구
,돈암동더샵아파트,2006,개인,,,"80,500",22,1,2026,중개거래,서울 성북구,84.413,6,603,N,,11290,개인,돈암동,성북구
,길음뉴타운경남아너스빌,1999,개인,,,"71,500",23,1,2026,중개거래,서울 성북구,59.59,9,1015,N,,11290,개인,정릉동,성북구
,돈암동삼성,1999,개인,,,"85,000",22,1,2026,중개거래,서울 성북구,84.59,3,15-1,N,,11290,개인,돈암동,성북구
,범양,1998,개인,,,"70,500",23,1,2026,중개거래,서울 성북구,59.79,1,631,N,,11290,개인,돈암동,성북구
,삼선푸르지오,2008,개인,,,"84,000",22,1,2026,중개거래,"서울 강남구, 서울 성북구",59.95,2,425,N,,11290,개인,삼선동2가,성북구
,한신,1998,개인,,,"102,000",22,1,2026,중개거래,서울 성북구,132.96,5,609-1,N,,11290,개인,돈암동,성북구
,래미안아트리치,2019,개인,,,"110,000",22,1,2026,중개거래,서울 성북구,59.98,17,410,N,,11290,개인,석관동,성북구
,길음뉴타운6단지(래미안),2007,개인,,,"136,000",22,1,2026,중개거래,서울 성북구,84.049,16,1283,N,,11290,개인,길음동,성북구
,길음동동부센트레빌(1278-0),2003,개인,,,"94,200",22,1,2026,중개거래,"경기 구리시, 서울 성북구",84.844,2,1278,N,,11290,개인,길음동,성북구
,길음뉴타운1단지(래미안길음1차),2003,개인,,,"110,000",22,1,2026,중개거래,서울 성북구,59.99,5,1279,N,,11290,개인,길음동,성북구
,돈암동더샵아파트,2006,개인,,,"78,000",12,1,2026,중개거래,서울 성북구,84.817,3,603,N,,11290,개인,돈암동,성북구
,정릉e-편한세상,2006,개인,,,"74,500",17,1,2026,중개거래,서울 성북구,85.0,20,1028,N,,11290,개인,정릉동,성북구
,래미안세레니티,2009,개인,,,"96,000",8,1,2026,중개거래,서울 성북구,59.92,12,133,N,,11290,개인,종암동,성북구
,래미안월곡,2006,개인,,,"98,000",22,1,2026,중개거래,서울 성북구,84.589,3,225,N,,11290,개인,하월곡동,성북구
,래미안월곡,2006,개인,,,"97,000",22,1,2026,중개거래,서울 성북구,84.589,14,225,N,,11290,개인,하월곡동,성북구
3동,삼익,1983,개인,,,"80,000",16,1,2026,중개거래,서울 성북구,98.68,4,135,N,26.02.10,11290,개인,안암동3가,성북구
,대우,2001,개인,,,"33,000",21,1,2026,중개거래,서울 성북구,43.11,2,1021,N,,11290,개인,정릉동,성북구
,길음뉴타운6단지(래미안),2007,개인,,,"115,000",19,1,2026,중개거래,서울 성북구,59.373,5,1283,N,,11290,개인,길음동,성북구
,월곡두산위브,2003,개인,,,"93,000",21,1,2026,중개거래,서울 성북구,114.752,10,222,N,,11290,개인,하월곡동,성북구
,라온유,2008,개인,,,"93,000",21,1,2026,중개거래,서울 성북구,109.75,5,1034,N,,11290,개인,정릉동,성북구
,우방아파트,2001,개인,,,"58,000",21,1,2026,중개거래,서울 성북구,59.98,11,312,N,,11290,개인,장위동,성북구
103,동일하이빌뉴시티,2011,개인,,,"177,000",21,1,2026,중개거래,서울 성북구,188.22,25,230,N,26.02.10,11290,개인,하월곡동,성북구
,길음뉴타운3단지푸르지오,2005,개인,,,"84,000",20,1,2026,중개거래,"서울 강남구, 서울 성북구",59.99,17,1280-1,N,,11290,개인,길음동,성북구
,길음뉴타운7단지(두산위브),2010,개인,,,"138,500",21,1,2026,중개거래,서울 성북구,114.99,2,1285,N,,11290,개인,길음동,성북구
,래미안세레니티,2009,개인,,,"113,000",21,1,2026,중개거래,서울 성북구,84.99,14,133,N,,11290,개인,종암동,성북구
,돈암동삼성,1999,개인,,,"89,000",21,1,2026,중개거래,"서울 강북구, 서울 성북구",84.59,15,15-1,N,,11290,개인,돈암동,성북구
,길음뉴타운7단지(두산위브),2010,개인,,,"104,500",21,1,2026,중개거래,"서울 성북구, 서울 영등포구",59.98,4,1285,N,,11290,개인,길음동,성북구
,길음동동부센트레빌(1278-0),2003,개인,,,"105,000",15,1,2026,중개거래,서울 성북구,114.912,19,1278,N,,11290,개인,길음동,성북구
,돈암현대아파트,1991,개인,,,"74,000",20,1,2026,중개거래,서울 성북구,68.76,11,1,N,,11290,개인,돈암동,성북구
,정릉2차e-편한세상,2009,개인,,,"80,500",15,1,2026,중개거래,"서울 강남구, 서울 성북구",59.2,4,1035,N,,11290,개인,정릉동,성북구
,동일하이빌뉴시티,2011,개인,,,"120,000",20,1,2026,중개거래,서울 성북구,126.6,12,230,N,,11290,개인,하월곡동,성북구
,길음뉴타운3단지푸르지오,2005,개인,,,"94,500",17,1,2026,중개거래,서울 성북구,84.97,9,1280-1,N,,11290,개인,길음동,성북구
,한진(609-1),1998,개인,,,"69,700",19,1,2026,중개거래,"서울 강남구, 서울 성북구",59.58,11,609-1,N,,11290,개인,돈암동,성북구
,삼익,1983,개인,,,"79,500",10,1,2026,중개거래,서울 성북구,98.92,2,135,N,,11290,개인,안암동3가,성북구
,래미안아트리치,2019,개인,,,"107,800",10,1,2026,중개거래,서울 성북구,59.98,11,410,N,,11290,개인,석관동,성북구
,아이파크종암동1차,2004,개인,,,"114,000",14,1,2026,중개거래,서울 성북구,114.99,12,130,N,,11290,개인,종암동,성북구
,돈암동더샵아파트,2006,개인,,,"82,000",19,1,2026,중개거래,서울 성북구,84.413,4,603,N,,11290,개인,돈암동,성북구
,동아에코빌,2003,개인,,,"85,000",19,1,2026,중개거래,서울 성북구,114.66,19,101,N,,11290,개인,상월곡동,성북구
,래미안길음센터피스,2019,개인,,,"139,000",19,1,2026,중개거래,서울 성북구,59.97,16,1288,N,,11290,개인,길음동,성북구
,"산장아파트가동,나동",1977,개인,,,"39,000",16,1,2026,중개거래,서울 성북구,71.5,3,780,N,,11290,개인,정릉동,성북구
,석계역한일노벨리아시티,2019,개인,,,"11,000",10,1,2026,중개거래,서울 성북구,14.7145,17,8-2,N,,11290,개인,장위동,성북구
,돈암동 풍림아파트 101~105동,1999,개인,,,"54,500",18,1,2026,중개거래,서울 성북구,59.64,2,632,N,,11290,개인,돈암동,성북구
,래미안크리시엘,2004,개인,,,"106,500",18,1,2026,중개거래,서울 성북구,114.98,14,80,N,,11290,개인,종암동,성북구
,삼선현대힐스테이트,2009,개인,,,"99,000",17,1,2026,중개거래,"서울 성동구, 서울 종로구",84.71,9,420,N,,11290,개인,삼선동2가,성북구
,래미안크리시엘,2004,개인,,,"88,000",17,1,2026,중개거래,서울 성북구,59.99,5,80,N,,11290,개인,종암동,성북구
,석관래미안,2009,개인,,,"100,000",17,1,2026,중개거래,서울 성북구,114.97,11,407,N,,11290,개인,석관동,성북구
,길음뉴타운8단지(래미안),2010,개인,,,"138,000",17,1,2026,중개거래,서울 성북구,114.99,19,1284,N,,11290,개인,길음동,성북구
,길음뉴타운경남아너스빌,1999,개인,,,"60,000",17,1,2026,중개거래,서울 성북구,50.45,4,1015,N,,11290,개인,정릉동,성북구
,길음뉴타운5단지(래미안),2006,개인,,,"124,500",17,1,2026,중개거래,서울 성북구,84.96,6,1282,N,,11290,개인,길음동,성북구
,정릉풍림아이원,2005,개인,,,"68,500",17,1,2026,중개거래,"서울 강북구, 서울 성북구",114.75,11,239,N,,11290,개인,정릉동,성북구
,월곡두산위브,2003,개인,,,"89,990",17,1,2026,중개거래,서울 성북구,84.992,17,222,N,,11290,개인,하월곡동,성북구
,길음뉴타운4단지(e편한세상),2005,개인,,,"97,000",17,1,2026,중개거래,서울 성북구,59.97,7,1281,N,,11290,개인,길음동,성북구
,보문파크뷰자이,2017,개인,,,"105,000",17,1,2026,중개거래,서울 성북구,59.81,1,458,N,,11290,개인,보문동6가,성북구
,한신,1998,개인,,,"78,000",17,1,2026,중개거래,서울 성북구,68.13,13,609-1,N,,11290,개인,돈암동,성북구
,이편한세상보문,2013,개인,,,"103,800",17,1,2026,중개거래,서울 성북구,84.774,5,230,N,,11290,개인,보문동3가,성북구
,꿈의숲아이파크,2022,개인,,,"127,000",17,1,2026,중개거래,서울 성북구,84.47,5,323,N,,11290,개인,장위동,성북구
,종암에스케이,1999,개인,,,"99,700",17,1,2026,중개거래,서울 성북구,114.75,21,104-1,N,,11290,개인,종암동,성북구
,래미안크리시엘,2004,개인,,,"99,000",17,1,2026,중개거래,서울 성북구,84.95,16,80,N,,11290,개인,종암동,성북구
,종암에스케이,1999,개인,,,"88,000",17,1,2026,중개거래,서울 성북구,84.72,13,104-1,N,,11290,개인,종암동,성북구
,래미안세레니티,2009,개인,,,"93,000",17,1,2026,중개거래,서울 성북구,59.97,5,133,N,,11290,개인,종암동,성북구
,롯데캐슬클라시아,2022,개인,,,"170,000",17,1,2026,중개거래,"서울 노원구, 서울 성북구",84.9757,13,1289,N,,11290,개인,길음동,성북구
,길음뉴타운경남아너스빌,1999,개인,,,"72,000",17,1,2026,중개거래,"서울 강북구, 서울 성북구",59.59,15,1015,N,,11290,개인,정릉동,성북구
,길음동동부센트레빌(1278-0),2003,개인,,,"99,500",17,1,2026,중개거래,서울 성북구,84.844,5,1278,N,,11290,개인,길음동,성북구
,꿈의숲아이파크,2022,개인,,,"120,000",17,1,2026,중개거래,"서울 강북구, 서울 성북구",59.49,18,323,N,,11290,개인,장위동,성북구
,돈암동더샵아파트,2006,개인,,,"75,500",17,1,2026,중개거래,서울 성북구,84.413,5,603,N,,11290,개인,돈암동,성북구
,브라운스톤동선,2010,개인,,,"111,200",17,1,2026,중개거래,서울 성북구,84.96,4,120,N,,11290,개인,동소문동7가,성북구
,래미안장위퍼스트하이,2020,개인,,,"104,200",17,1,2026,중개거래,"서울 성동구, 서울 성북구",59.99,4,320,N,,11290,개인,장위동,성북구
,래미안장위퍼스트하이,2020,개인,,,"114,000",17,1,2026,중개거래,서울 성북구,84.94,2,320,N,,11290,개인,장위동,성북구
112,동아에코빌,2003,개인,,,"74,000",16,1,2026,중개거래,서울 성북구,84.97,10,101,N,26.01.30,11290,개인,상월곡동,성북구
,래미안크리시엘,2004,개인,,,"89,500",17,1,2026,중개거래,서울 성북구,59.99,7,80,N,,11290,개인,종암동,성북구
,아이파크종암동1차,2004,개인,,,"91,900",17,1,2026,중개거래,서울 성북구,59.73,9,130,N,,11290,개인,종암동,성북구
,삼익,1983,개인,,,"90,000",9,1,2026,중개거래,서울 성북구,174.68,1,135,N,,11290,개인,안암동3가,성북구
,대광,1971,개인,,,"20,000",14,1,2026,중개거래,서울 성북구,51.57,3,136-1,N,,11290,기타,안암동3가,성북구
,두산,1998,개인,,,"81,000",17,1,2026,중개거래,서울 성북구,59.97,18,10,N,,11290,개인,석관동,성북구
,보문파크뷰자이,2017,개인,,,"125,000",16,1,2026,중개거래,서울 성북구,84.99,3,458,N,,11290,개인,보문동6가,성북구
,돈암코오롱하늘채,2016,개인,,,"117,000",16,1,2026,중개거래,서울 성북구,84.8576,7,644,N,,11290,개인,돈암동,성북구
,삼부컨비니언,1998,개인,,,"86,500",16,1,2026,중개거래,서울 성북구,111.71,5,1276,N,,11290,개인,길음동,성북구
,돈암현대아파트,1991,개인,,,"59,400",16,1,2026,중개거래,서울 성북구,55.89,6,1,N,,11290,개인,돈암동,성북구
,종암선경,1996,개인,,,"70,000",16,1,2026,중개거래,서울 성북구,75.5,20,34-3,N,,11290,개인,종암동,성북구
,삼선푸르지오,2008,개인,,,"87,000",16,1,2026,중개거래,서울 성북구,59.95,6,425,N,,11290,개인,삼선동2가,성북구
,꿈의숲코오롱하늘채,2017,개인,,,"116,700",16,1,2026,중개거래,서울 성북구,84.71,24,319,N,,11290,개인,장위동,성북구
,정릉풍림아이원,2005,개인,,,"53,800",15,1,2026,중개거래,서울 성북구,59.88,9,239,N,,11290,개인,정릉동,성북구
,꿈의숲코오롱하늘채,2017,개인,,,"99,700",16,1,2026,중개거래,서울 성북구,59.35,8,319,N,,11290,개인,장위동,성북구
,삼선푸르지오,2008,개인,,,"94,450",12,1,2026,직거래,,114.65,6,425,N,,11290,개인,삼선동2가,성북구
,두산,1998,개인,,,"90,000",14,1,2026,중개거래,서울 성북구,84.9,16,10,N,,11290,개인,석관동,성북구
,롯데캐슬클라시아,2022,개인,,,"167,000",15,1,2026,중개거래,서울 성북구,84.9757,27,1289,N,,11290,개인,길음동,성북구
,아이파크종암동1차,2004,개인,,,"78,500",15,1,2026,중개거래,서울 성북구,55.27,1,130,N,,11290,개인,종암동,성북구
,월곡두산위브,2003,개인,,,"100,000",15,1,2026,중개거래,서울 성북구,114.752,15,222,N,,11290,개인,하월곡동,성북구
,돈암현대아파트,1991,개인,,,"47,000",15,1,2026,중개거래,서울 성북구,41.58,3,1,N,,11290,개인,돈암동,성북구
107,정릉힐스테이트,2004,개인,,,"77,800",15,1,2026,중개거래,서울 성북구,84.92,2,1025,N,26.01.29,11290,개인,정릉동,성북구
,롯데캐슬클라시아,2022,개인,,,"140,000",15,1,2026,중개거래,"서울 성북구, 인천 중구",59.8745,4,1289,N,,11290,개인,길음동,성북구
,우방,1999,개인,,,"41,500",15,1,2026,중개거래,서울 성북구,59.94,1,1016,N,,11290,개인,정릉동,성북구
,삼선현대힐스테이트,2009,개인,,,"76,000",15,1,2026,중개거래,서울 서초구,56.83,1,420,N,,11290,개인,삼선동2가,성북구
,삼선푸르지오,2008,개인,,,"99,500",15,1,2026,중개거래,서울 성북구,114.65,7,425,N,,11290,개인,삼선동2가,성북구
,이수브라운스톤돈암,2004,개인,,,"83,000",15,1,2026,중개거래,"서울 강서구, 서울 성동구",59.99,18,636,N,,11290,개인,돈암동,성북구
,동아에코빌,2003,개인,,,"71,500",15,1,2026,중개거래,서울 성북구,59.95,13,101,N,,11290,개인,상월곡동,성북구
,두산,1998,개인,,,"75,800",11,1,2026,중개거래,"서울 노원구, 서울 성북구",59.97,2,10,N,,11290,개인,석관동,성북구
,길음현대,2000,개인,,,"41,500",15,1,2026,중개거래,서울 성북구,32.98,9,1277,N,26.01.22,11290,개인,길음동,성북구
,동일하이빌뉴시티,2011,개인,,,"117,500",14,1,2026,중개거래,서울 성북구,126.6,11,230,N,,11290,개인,하월곡동,성북구
,돈암코오롱하늘채,2016,개인,,,"116,500",12,1,2026,중개거래,서울 성북구,84.8576,8,644,N,,11290,개인,돈암동,성북구
,코오롱,1999,개인,,,"75,000",10,1,2026,중개거래,서울 성북구,59.94,11,73,N,,11290,개인,삼선동4가,성북구
,돈암동삼성,1999,개인,,,"71,000",15,1,2026,직거래,,84.59,13,15-1,N,,11290,개인,돈암동,성북구
,삼전솔하임3차,2013,개인,,,"12,000",15,1,2026,중개거래,서울 성북구,15.54,7,88-510,N,26.01.27,11290,개인,하월곡동,성북구
202,참누리아파트,2006,개인,,,"77,700",3,1,2026,중개거래,서울 성북구,84.98,15,316-5,N,26.02.06,11290,개인,장위동,성북구
,돈암동삼성,1999,개인,,,"96,500",14,1,2026,중개거래,"서울 동작구, 서울 성북구",114.66,11,15-1,N,,11290,개인,돈암동,성북구
,참누리아파트,2006,개인,,,"74,000",10,1,2026,중개거래,서울 성북구,84.98,7,316-5,N,,11290,개인,장위동,성북구
102,장위지웰에스테이트,2022,개인,,,"43,500",14,1,2026,중개거래,서울 성북구,39.975,3,322-22,N,26.01.19,11290,개인,장위동,성북구
,정릉푸른마을동아,2003,개인,,,"72,500",14,1,2026,중개거래,서울 성북구,84.96,7,210,N,,11290,개인,정릉동,성북구
,길음뉴타운데시앙,1999,개인,,,"62,000",14,1,2026,중개거래,서울 성북구,59.42,13,1018,N,,11290,개인,정릉동,성북구
,극동,2000,개인,,,"66,000",14,1,2026,중개거래,서울 성북구,59.67,8,128,N,,11290,개인,종암동,성북구
,돈암동삼성,1999,개인,,,"71,500",14,1,2026,중개거래,서울 성북구,59.4,1,15-1,N,,11290,개인,돈암동,성북구
,길음뉴타운8단지(래미안),2010,개인,,,"105,000",15,1,2026,중개거래,서울 성북구,59.99,4,1284,N,,11290,개인,길음동,성북구
,돈암동더샵아파트,2006,개인,,,"78,800",14,1,2026,중개거래,서울 성북구,84.817,6,603,N,,11290,개인,돈암동,성북구
,돈암동더샵아파트,2006,개인,,,"80,500",13,1,2026,중개거래,서울 성북구,84.817,1,603,N,,11290,개인,돈암동,성북구
,월곡두산위브,2003,개인,,,"89,000",14,1,2026,중개거래,서울 성북구,84.843,5,222,N,,11290,개인,하월곡동,성북구
,범양,1998,개인,,,"73,000",14,1,2026,중개거래,서울 성북구,59.79,8,631,N,,11290,개인,돈암동,성북구
,돈암동더샵아파트,2006,개인,,,"82,000",14,1,2026,중개거래,서울 성북구,84.817,17,603,N,,11290,개인,돈암동,성북구
,삼전솔하임3차,2013,개인,,,"11,900",7,1,2026,중개거래,서울 성북구,15.62,18,88-510,N,,11290,개인,하월곡동,성북구
,길음뉴타운2단지푸르지오,2005,개인,,,"112,500",14,1,2026,중개거래,서울 성북구,114.73,9,1280,N,,11290,개인,길음동,성북구
104,동일하이빌뉴시티,2011,개인,,,"133,000",14,1,2026,중개거래,서울 성북구,126.6,31,230,N,26.02.10,11290,개인,하월곡동,성북구
,한진(609-1),1998,개인,,,"87,000",13,1,2026,중개거래,서울 성북구,84.87,20,609-1,N,,11290,개인,돈암동,성북구
,종암2차SKVIEW,2010,개인,,,"89,000",13,1,2026,중개거래,서울 성북구,59.98,5,135,N,,11290,개인,종암동,성북구
,길음뉴타운경남아너스빌,1999,개인,,,"71,800",13,1,2026,중개거래,서울 성북구,84.88,2,1015,N,,11290,개인,정릉동,성북구
,이편한세상보문,2013,개인,,,"115,000",13,1,2026,중개거래,서울 성북구,84.411,15,230,N,,11290,개인,보문동3가,성북구
,중앙하이츠빌2단지,2005,개인,,,"67,000",14,1,2026,중개거래,"서울 서초구, 서울 성북구",84.95,16,435,N,,11290,개인,정릉동,성북구
,종암에스케이,1999,개인,,,"98,000",13,1,2026,중개거래,서울 성북구,114.75,27,104-1,N,,11290,개인,종암동,성북구
,보문파크뷰자이,2017,개인,,,"130,000",13,1,2026,중개거래,서울 성북구,84.99,10,458,N,,11290,개인,보문동6가,성북구
,정릉꿈에그린,2015,개인,,,"83,500",3,1,2026,중개거래,서울 성북구,84.56,7,1037,N,,11290,개인,정릉동,성북구
101,돈암현대아파트,1991,개인,,,"50,000",13,1,2026,중개거래,서울 성북구,41.58,7,1,N,26.01.27,11290,개인,돈암동,성북구
,삼선푸르지오,2008,개인,,,"94,500",13,1,2026,중개거래,서울 성북구,84.83,8,425,N,,11290,개인,삼선동2가,성북구
,래미안아트리치,2019,개인,,,"141,000",9,1,2026,중개거래,서울 성북구,109.38,12,410,N,,11290,개인,석관동,성북구
,현대I-PARK,2003,개인,,,"125,000",5,1,2026,중개거래,서울 성북구,114.55,2,2,N,,11290,개인,보문동3가,성북구
,안암동삼성래미안,2005,개인,,,"95,000",13,1,2026,중개거래,서울 성북구,84.8681,14,361,N,,11290,개인,안암동1가,성북구
,길음뉴타운4단지(e편한세상),2005,개인,,,"115,000",13,1,2026,중개거래,서울 성북구,102.38,15,1281,N,,11290,개인,길음동,성북구
,돈암코오롱하늘채,2016,개인,,,"94,000",9,1,2026,중개거래,서울 성북구,59.8616,5,644,N,,11290,개인,돈암동,성북구
,래미안아트리치,2019,개인,,,"109,500",12,1,2026,중개거래,"서울 동대문구, 서울 성북구",59.42,8,410,N,,11290,개인,석관동,성북구
,꿈의숲푸르지오,2010,개인,,,"80,000",13,1,2026,중개거래,서울 성북구,59.65,3,228,N,,11290,개인,하월곡동,성북구
,길음뉴타운4단지(e편한세상),2005,개인,,,"99,300",13,1,2026,중개거래,서울 성북구,59.97,13,1281,N,,11290,개인,길음동,성북구
,한진(609-1),1998,개인,,,"84,500",8,1,2026,중개거래,서울 성북구,84.87,10,609-1,N,,11290,개인,돈암동,성북구
,길음뉴타운2단지푸르지오,2005,개인,,,"103,000",13,1,2026,중개거래,서울 성북구,84.97,4,1280,N,,11290,개인,길음동,성북구
,돈암동해피트리,2013,개인,,,"89,700",12,1,2026,중개거래,서울 성북구,84.98,8,642,N,,11290,개인,돈암동,성북구
,두산,1998,개인,,,"92,000",12,1,2026,중개거래,"서울 성북구, 서울 중구",84.9,7,10,N,,11290,개인,석관동,성북구
,길음뉴타운7단지(두산위브),2010,개인,,,"103,300",2,1,2026,중개거래,서울 성북구,59.98,16,1285,N,,11290,개인,길음동,성북구
,돈암힐스테이트,2007,개인,,,"80,000",12,1,2026,중개거래,"서울 강북구, 서울 성북구",59.38,11,639,N,,11290,개인,돈암동,성북구
,두산,1998,개인,,,"89,900",9,1,2026,중개거래,서울 성북구,84.9,6,10,N,,11290,개인,석관동,성북구
,두산,1998,개인,,,"93,000",11,1,2026,중개거래,서울 성북구,84.9,25,10,N,,11290,개인,석관동,성북구
,월곡두산위브,2003,개인,,,"90,000",11,1,2026,중개거래,서울 성북구,84.766,7,222,N,,11290,개인,하월곡동,성북구
,동아에코빌,2003,개인,,,"70,000",11,1,2026,중개거래,서울 성북구,59.95,21,101,N,,11290,개인,상월곡동,성북구
,길음동동부센트레빌(1278-0),2003,개인,,,"111,500",10,1,2026,중개거래,서울 성북구,114.912,5,1278,N,,11290,개인,길음동,성북구
,래미안길음센터피스,2019,개인,,,"134,000",10,1,2026,중개거래,서울 성북구,59.99,27,1288,N,,11290,개인,길음동,성북구
,월곡두산위브,2003,개인,,,"89,000",10,1,2026,중개거래,서울 성북구,84.843,5,222,N,,11290,개인,하월곡동,성북구
,두산,1998,개인,,,"74,800",10,1,2026,중개거래,서울 성북구,59.97,2,10,N,,11290,개인,석관동,성북구
,한진(609-1),1998,개인,,,"70,000",10,1,2026,중개거래,"서울 강남구, 서울 성북구",59.58,6,609-1,N,,11290,개인,돈암동,성북구
,래미안월곡,2006,개인,,,"89,000",10,1,2026,중개거래,서울 성북구,59.754,6,225,N,,11290,개인,하월곡동,성북구
,길음뉴타운4단지(e편한세상),2005,개인,,,"100,000",10,1,2026,중개거래,서울 성북구,59.86,16,1281,N,,11290,개인,길음동,성북구
,길음뉴타운경남아너스빌,1999,개인,,,"58,500",10,1,2026,중개거래,서울 성북구,50.45,2,1015,N,,11290,개인,정릉동,성북구
,정릉풍림아이원,2005,개인,,,"63,700",10,1,2026,중개거래,"서울 강북구, 서울 성북구",60.0,8,239,N,,11290,개인,정릉동,성북구
,길음뉴타운4단지(e편한세상),2005,개인,,,"102,000",9,1,2026,중개거래,"서울 강북구, 서울 성북구",59.86,17,1281,N,,11290,개인,길음동,성북구
,대우,2001,개인,,,"65,700",9,1,2026,중개거래,서울 성북구,84.83,8,1021,N,,11290,개인,정릉동,성북구
,범양,1998,개인,,,"70,500",10,1,2026,중개거래,서울 성북구,59.79,5,631,N,,11290,개인,돈암동,성북구
,한신플러스C,2004,개인,,,"86,800",10,1,2026,중개거래,서울 성북구,84.95,4,23,N,,11290,개인,동소문동7가,성북구
,일신건영휴먼빌아파트,2005,개인,,,"80,000",10,1,2026,중개거래,서울 성북구,84.98,11,524,N,,11290,개인,돈암동,성북구
,삼선푸르지오,2008,개인,,,"94,000",9,1,2026,중개거래,서울 성북구,84.83,6,425,N,,11290,개인,삼선동2가,성북구
,길음동동부센트레빌(1278-0),2003,개인,,,"92,000",9,1,2026,중개거래,서울 성북구,84.844,1,1278,N,,11290,개인,길음동,성북구
,안암동삼성래미안,2005,개인,,,"94,000",3,1,2026,중개거래,서울 성북구,84.8681,4,361,N,,11290,개인,안암동1가,성북구
,정릉우성아파트 101~105동,2000,개인,,,"60,000",10,1,2026,중개거래,서울 성북구,59.97,2,1020,N,,11290,개인,정릉동,성북구
,정릉풍림아이원,2005,개인,,,"54,900",9,1,2026,중개거래,서울 성북구,59.88,10,239,N,,11290,개인,정릉동,성북구
,길음동동부센트레빌(1278-0),2003,개인,,,"112,000",8,1,2026,중개거래,서울 성북구,114.912,6,1278,N,,11290,개인,길음동,성북구
,동부센트레빌,2003,개인,,,"95,000",8,1,2026,중개거래,서울 성북구,80.54,18,633,N,,11290,개인,돈암동,성북구
,월곡갑을명가,2007,개인,,,"69,000",8,1,2026,중개거래,서울 성북구,66.94,5,227,N,,11290,개인,하월곡동,성북구
,돈암동삼성,1999,개인,,,"88,500",2,1,2026,중개거래,서울 성북구,114.66,12,15-1,N,,11290,개인,돈암동,성북구
,래미안길음센터피스,2019,개인,,,"134,000",8,1,2026,중개거래,"서울 강북구, 서울 성북구",59.9,29,1288,N,,11290,개인,길음동,성북구
,이수브라운스톤돈암,2004,개인,,,"85,500",8,1,2026,중개거래,서울 성북구,84.97,1,636,N,,11290,개인,돈암동,성북구
,길음뉴타운2단지푸르지오,2005,개인,,,"98,500",8,1,2026,중개거래,서울 성북구,84.97,17,1280,N,,11290,개인,길음동,성북구
,래미안라센트,2011,개인,,,"94,000",8,1,2026,중개거래,서울 성북구,59.98,1,134,N,,11290,개인,종암동,성북구
,돈암동삼성,1999,개인,,,"84,000",8,1,2026,중개거래,서울 성북구,114.66,6,15-1,N,,11290,개인,돈암동,성북구
,롯데캐슬클라시아,2022,개인,,,"163,800",7,1,2026,중개거래,"경기 군포시, 서울 성북구",84.9757,7,1289,N,,11290,개인,길음동,성북구
,삼선에스케이뷰,2012,개인,,,"127,000",1,1,2026,중개거래,서울 성북구,84.95,2,116,N,,11290,개인,삼선동3가,성북구
,래미안길음센터피스,2019,개인,,,"135,500",8,1,2026,중개거래,"서울 강북구, 서울 성북구",59.97,9,1288,N,,11290,개인,길음동,성북구
,이수브라운스톤돈암,2004,개인,,,"82,000",8,1,2026,중개거래,서울 성북구,59.99,9,636,N,,11290,개인,돈암동,성북구
,길음뉴타운5단지(래미안),2006,개인,,,"115,900",8,1,2026,중개거래,서울 성북구,114.93,1,1282,N,,11290,개인,길음동,성북구
,일신건영휴먼빌아파트,2005,개인,,,"85,000",8,1,2026,중개거래,서울 성북구,117.16,1,524,N,,11290,개인,돈암동,성북구
,종암에스케이,1999,개인,,,"78,900",7,1,2026,중개거래,서울 성북구,59.04,23,104-1,N,,11290,개인,종암동,성북구
,삼선에스케이뷰,2012,개인,,,"158,000",6,1,2026,중개거래,서울 성북구,122.44,7,116,N,,11290,개인,삼선동3가,성북구
,래미안월곡,2006,개인,,,"88,500",5,1,2026,중개거래,서울 성북구,59.754,5,225,N,,11290,개인,하월곡동,성북구
,래미안포레카운티,2021,개인,,,"131,000",6,1,2026,중개거래,서울 성북구,101.79,17,322,N,,11290,개인,장위동,성북구
,삼선푸르지오,2008,개인,,,"92,700",7,1,2026,중개거래,서울 성북구,84.84,4,425,N,,11290,개인,삼선동2가,성북구
,이수브라운스톤돈암,2004,개인,,,"80,000",6,1,2026,중개거래,서울 성북구,59.99,16,636,N,,11290,개인,돈암동,성북구
,롯데캐슬클라시아,2022,개인,,,"140,000",6,1,2026,중개거래,서울 성북구,59.8745,22,1289,N,,11290,개인,길음동,성북구
,월곡두산위브,2003,개인,,,"87,500",6,1,2026,중개거래,서울 성북구,84.992,5,222,N,,11290,개인,하월곡동,성북구
,돈암동더샵아파트,2006,개인,,,"79,500",6,1,2026,중개거래,서울 성북구,84.817,6,603,N,,11290,개인,돈암동,성북구
,래미안월곡,2006,개인,,,"100,500",5,1,2026,중개거래,서울 성북구,84.589,8,225,N,,11290,개인,하월곡동,성북구
,래미안월곡,2006,개인,,,"98,500",5,1,2026,중개거래,서울 성북구,84.589,13,225,N,,11290,개인,하월곡동,성북구
212동,한진(609-1),1998,개인,,,"103,000",5,1,2026,중개거래,서울 성북구,152.25,14,609-1,N,26.01.19,11290,개인,돈암동,성북구
117,두산,1998,개인,,,"62,000",3,1,2026,직거래,,59.97,6,10,N,26.01.27,11290,개인,석관동,성북구
,래미안장위퍼스트하이,2020,개인,,,"132,500",3,1,2026,중개거래,서울 성북구,101.72,4,320,N,,11290,개인,장위동,성북구
,정릉스카이쌍용아파트,1999,개인,,,"74,900",4,1,2026,중개거래,서울 성북구,84.19,14,1014,N,,11290,개인,정릉동,성북구
,우방,1999,개인,,,"54,000",4,1,2026,중개거래,서울 성북구,84.92,15,1016,N,,11290,개인,정릉동,성북구
,정릉스카이쌍용아파트,1999,개인,,,"60,000",4,1,2026,중개거래,서울 성북구,59.9,11,1014,N,,11290,개인,정릉동,성북구
,참누리아파트,2006,개인,,,"67,500",4,1,2026,중개거래,서울 성북구,59.98,11,316-5,N,,11290,개인,장위동,성북구
,래미안세레니티,2009,개인,,,"113,000",3,1,2026,중개거래,서울 성북구,84.98,18,133,N,,11290,개인,종암동,성북구
,길음뉴타운6단지(래미안),2007,개인,,,"130,000",3,1,2026,중개거래,서울 성북구,84.049,3,1283,N,,11290,개인,길음동,성북구
,길음뉴타운6단지(래미안),2007,개인,,,"147,000",3,1,2026,중개거래,서울 성북구,113.226,17,1283,N,,11290,개인,길음동,성북구
,석관래미안,2009,개인,,,"96,700",3,1,2026,중개거래,서울 성북구,84.84,6,407,N,,11290,개인,석관동,성북구
,꿈의숲대명루첸아파트,2008,개인,,,"86,000",3,1,2026,중개거래,서울 성북구,59.988,6,317,N,,11290,개인,장위동,성북구
,아이파크종암동1차,2004,개인,,,"119,000",2,1,2026,중개거래,서울 성북구,114.99,15,130,N,,11290,개인,종암동,성북구
,길음뉴타운7단지(두산위브),2010,개인,,,"129,500",3,1,2026,중개거래,서울 성북구,84.99,13,1285,N,,11290,개인,길음동,성북구
,종암에스케이,1999,개인,,,"79,700",2,1,2026,중개거래,서울 성북구,59.86,13,104-1,N,,11290,개인,종암동,성북구
,길음뉴타운9단지(래미안),2010,개인,,,"125,000",2,1,2026,중개거래,서울 성북구,84.96,15,1286,N,,11290,개인,길음동,성북구
,꿈의숲푸르지오,2010,개인,,,"72,000",2,1,2026,중개거래,"서울 동대문구, 서울 성북구",59.65,1,228,N,,11290,개인,하월곡동,성북구
,래미안장위퍼스트하이,2020,개인,,,"124,700",2,1,2026,중개거래,"서울 동대문구, 서울 성북구",84.94,16,320,N,,11290,개인,장위동,성북구
,정릉꿈에그린,2015,개인,,,"80,000",2,1,2026,중개거래,서울 성북구,59.63,5,1037,N,,11290,개인,정릉동,성북구
,길음뉴타운3단지푸르지오,2005,개인,,,"87,000",5,2,2026,중개거래,서울 동대문구,59.77,16,1280-1,N,,11290,개인,길음동,성북구
,삼선에스케이뷰,2012,개인,,,"131,000",13,2,2026,중개거래,서울 성북구,84.95,15,116,N,,11290,개인,삼선동3가,성북구
,두산,1998,개인,,,"88,900",15,2,2026,중개거래,서울 성북구,84.9,9,10,N,,11290,개인,석관동,성북구
,한신,1998,개인,,,"84,600",10,2,2026,직거래,,132.96,7,609-1,N,,11290,개인,돈암동,성북구
,한신,1998,개인,,,"97,300",3,2,2026,중개거래,서울 성북구,132.96,9,609-1,N,,11290,개인,돈암동,성북구
,길음뉴타운신안파크아파트,1988,개인,,,"57,500",12,2,2026,중개거래,서울 성북구,79.87,2,635-168,N,,11290,개인,길음동,성북구
,삼선푸르지오,2008,개인,,,"82,500",12,2,2026,중개거래,"서울 성북구, 서울 종로구",59.95,4,425,N,,11290,개인,삼선동2가,성북구
,삼부컨비니언,1998,개인,,,"88,500",11,2,2026,중개거래,"서울 강남구, 서울 성북구",111.71,15,1276,N,,11290,개인,길음동,성북구
,정릉2차대주피오레,2008,개인,,,"46,000",8,2,2026,직거래,,84.9819,9,1032,N,,11290,개인,정릉동,성북구
,석관래미안,2009,개인,,,"100,000",7,2,2026,중개거래,서울 성북구,114.97,14,407,N,,11290,개인,석관동,성북구
,삼부컨비니언,1998,개인,,,"44,000",12,2,2026,직거래,,59.94,7,1276,N,,11290,개인,길음동,성북구
,정릉풍림아이원,2005,개인,,,"59,000",12,2,2026,중개거래,서울 성북구,60.0,6,239,N,,11290,개인,정릉동,성북구
,길음뉴타운8단지(래미안),2010,개인,,,"112,000",12,2,2026,중개거래,서울 중랑구,59.99,8,1284,N,,11290,개인,길음동,성북구
,동일하이빌뉴시티,2011,개인,,,"122,000",11,2,2026,중개거래,서울 성북구,126.6,10,230,N,,11290,개인,하월곡동,성북구
,래미안장위퍼스트하이,2020,개인,,,"135,000",11,2,2026,중개거래,서울 성북구,101.72,6,320,N,,11290,개인,장위동,성북구
,정릉우성아파트 101~105동,2000,개인,,,"49,500",3,2,2026,중개거래,서울 성북구,46.65,17,1020,N,,11290,개인,정릉동,성북구
,극동,2000,개인,,,"82,000",11,2,2026,중개거래,서울 성북구,84.96,11,128,N,,11290,개인,종암동,성북구
,월곡두산위브,2003,개인,,,"94,700",6,2,2026,중개거래,서울 성북구,84.843,13,222,N,,11290,개인,하월곡동,성북구
,래미안포레카운티,2021,개인,,,"125,000",11,2,2026,중개거래,서울 성북구,84.97,23,322,N,,11290,개인,장위동,성북구
,길음뉴타운9단지(래미안),2010,개인,,,"119,800",10,2,2026,중개거래,서울 성북구,59.98,7,1286,N,,11290,개인,길음동,성북구
,꿈의숲푸르지오,2010,개인,,,"91,000",10,2,2026,중개거래,서울 성북구,84.73,1,228,N,,11290,개인,하월곡동,성북구
,길음동동부센트레빌(1278-0),2003,개인,,,"105,500",10,2,2026,중개거래,서울 성북구,84.844,20,1278,N,,11290,개인,길음동,성북구
,길음뉴타운4단지(e편한세상),2005,개인,,,"108,000",10,2,2026,중개거래,서울 강북구,59.86,17,1281,N,,11290,개인,길음동,성북구
,한신플러스C,2004,개인,,,"90,000",7,2,2026,중개거래,"서울 성북구, 충남 천안시 서북구",84.95,16,23,N,,11290,개인,동소문동7가,성북구
,코오롱,1999,개인,,,"90,000",9,2,2026,중개거래,서울 성북구,84.87,12,73,N,,11290,개인,삼선동4가,성북구
,한신플러스C,2004,개인,,,"80,000",9,2,2026,중개거래,서울 성북구,59.91,12,23,N,,11290,개인,동소문동7가,성북구
,코아루센타시아,2010,개인,,,"77,000",9,2,2026,중개거래,서울 성북구,84.46,7,121-6,N,,11290,개인,동선동1가,성북구
,한신,1998,개인,,,"76,500",9,2,2026,중개거래,서울 성북구,68.13,5,609-1,N,,11290,개인,돈암동,성북구
,코오롱,1999,개인,,,"78,000",7,2,2026,중개거래,서울 성북구,84.87,15,405,N,,11290,개인,석관동,성북구
106,이편한세상보문,2013,개인,,,"82,000",3,2,2026,직거래,,84.411,1,230,N,26.02.11,11290,개인,보문동3가,성북구
,중앙하이츠빌2단지,2005,개인,,,"80,000",8,2,2026,중개거래,서울 성북구,84.6824,8,435,N,,11290,개인,정릉동,성북구
,이편한세상보문,2013,개인,,,"113,500",8,2,2026,중개거래,서울 성북구,84.411,14,230,N,,11290,개인,보문동3가,성북구
,동아에코빌,2003,개인,,,"74,900",8,2,2026,중개거래,서울 성북구,59.95,11,101,N,,11290,개인,상월곡동,성북구
,정릉2차e-편한세상,2009,개인,,,"109,500",7,2,2026,중개거래,서울 성북구,114.35,6,1035,N,,11290,개인,정릉동,성북구
,종암선경,1996,개인,,,"68,500",7,2,2026,중개거래,서울 성북구,75.5,8,34-3,N,,11290,개인,종암동,성북구
,길음뉴타운6단지(래미안),2007,개인,,,"127,000",7,2,2026,중개거래,서울 성북구,59.373,18,1283,N,,11290,개인,길음동,성북구
,길음뉴타운4단지(e편한세상),2005,개인,,,"116,500",7,2,2026,중개거래,서울 성북구,84.64,8,1281,N,,11290,개인,길음동,성북구
,길음현대,2000,개인,,,"59,800",7,2,2026,중개거래,서울 강북구,59.98,1,1277,N,,11290,개인,길음동,성북구
,꿈의숲아이파크,2022,개인,,,"139,000",7,2,2026,중개거래,"서울 강남구, 서울 성북구",84.47,7,323,N,,11290,개인,장위동,성북구
,롯데캐슬클라시아,2022,개인,,,"180,000",7,2,2026,중개거래,서울 성북구,84.7694,19,1289,N,,11290,개인,길음동,성북구
,길음뉴타운4단지(e편한세상),2005,개인,,,"119,000",7,2,2026,중개거래,서울 성북구,84.64,4,1281,N,,11290,개인,길음동,성북구
,중앙하이츠빌2단지,2005,개인,,,"65,500",6,2,2026,중개거래,서울 성북구,73.28,4,435,N,,11290,개인,정릉동,성북구
,이수브라운스톤돈암,2004,개인,,,"97,900",6,2,2026,중개거래,"서울 노원구, 서울 성북구",84.97,4,636,N,,11290,개인,돈암동,성북구
,꿈의숲아이파크,2022,개인,,,"140,000",6,2,2026,중개거래,서울 성북구,84.48,20,323,N,,11290,개인,장위동,성북구
,정릉힐스테이트3차,2008,개인,,,"77,500",6,2,2026,중개거래,"서울 노원구, 서울 성북구",84.97,4,1031,N,,11290,개인,정릉동,성북구
,극동,2000,개인,,,"78,000",6,2,2026,중개거래,서울 성북구,84.96,10,128,N,,11290,개인,종암동,성북구
,꿈의숲아이파크,2022,개인,,,"114,000",6,2,2026,중개거래,서울 성북구,59.1,5,323,N,,11290,개인,장위동,성북구
,한진(609-1),1998,개인,,,"70,000",2,2,2026,중개거래,서울 성북구,59.58,3,609-1,N,,11290,개인,돈암동,성북구
,길음뉴타운경남아너스빌,1999,개인,,,"63,000",6,2,2026,중개거래,서울 성북구,50.45,8,1015,N,,11290,개인,정릉동,성북구
,동부센트레빌,2003,개인,,,"95,000",6,2,2026,중개거래,서울 성북구,80.54,3,633,N,,11290,개인,돈암동,성북구
,꿈의숲대명루첸아파트,2008,개인,,,"90,000",6,2,2026,중개거래,서울 성북구,59.988,5,317,N,,11290,개인,장위동,성북구
,길음뉴타운8단지(래미안),2010,개인,,,"131,000",5,2,2026,중개거래,서울 성북구,59.9,9,1284,N,,11290,개인,길음동,성북구
,정릉힐스테이트3차,2008,개인,,,"82,800",6,2,2026,중개거래,서울 성북구,84.97,2,1031,N,,11290,개인,정릉동,성북구
,길음뉴타운9단지(래미안),2010,개인,,,"149,500",5,2,2026,중개거래,서울 성북구,114.86,2,1286,N,,11290,개인,길음동,성북구
,한신,1998,개인,,,"107,500",5,2,2026,중개거래,서울 성북구,132.96,13,609-1,N,,11290,개인,돈암동,성북구
,삼선현대힐스테이트,2009,개인,,,"74,500",4,2,2026,직거래,,84.71,4,420,N,,11290,개인,삼선동2가,성북구
,동아에코빌,2003,개인,,,"86,000",5,2,2026,중개거래,서울 성북구,114.66,6,101,N,,11290,개인,상월곡동,성북구
,한신플러스C,2004,개인,,,"81,000",2,2,2026,중개거래,서울 성북구,59.91,7,23,N,,11290,개인,동소문동7가,성북구
,래미안아트리치,2019,개인,,,"124,500",5,2,2026,중개거래,"서울 동대문구, 서울 성북구",84.97,5,410,N,,11290,개인,석관동,성북구
,래미안길음센터피스,2019,개인,,,"175,000",4,2,2026,중개거래,서울 강북구,84.99,10,1288,N,,11290,개인,길음동,성북구
,정릉힐스테이트1차,2007,개인,,,"82,500",4,2,2026,중개거래,서울 성북구,84.853,16,1030,N,,11290,개인,정릉동,성북구
,정릉풍림아이원,2005,개인,,,"58,000",4,2,2026,중개거래,서울 성북구,60.0,4,239,N,,11290,개인,정릉동,성북구
,정릉풍림아이원,2005,개인,,,"67,000",4,2,2026,중개거래,"서울 성북구, 서울 양천구",84.09,11,239,N,,11290,개인,정릉동,성북구
,샹그레빌아파트,2004,개인,,,"72,000",4,2,2026,중개거래,"서울 관악구, 서울 성북구",79.248,10,224,N,,11290,개인,하월곡동,성북구
,성북힐스테이트(102동),2007,개인,,,"95,500",4,2,2026,중개거래,서울 성북구,106.28,7,88-957,N,,11290,개인,하월곡동,성북구
,아이파크종암동2차,2005,개인,,,"95,000",4,2,2026,중개거래,"서울 성북구, 서울 중구",84.73,4,131,N,,11290,개인,종암동,성북구
,종암에스케이,1999,개인,,,"87,000",4,2,2026,중개거래,서울 성북구,84.72,2,104-1,N,,11290,개인,종암동,성북구
,래미안길음센터피스,2019,개인,,,"140,000",4,2,2026,중개거래,서울 성북구,59.97,4,1288,N,,11290,개인,길음동,성북구
,라온유,2008,개인,,,"90,000",3,2,2026,중개거래,서울 성북구,84.65,14,1034,N,,11290,개인,정릉동,성북구
,래미안길음센터피스,2019,개인,,,"168,000",4,2,2026,중개거래,서울 성북구,84.95,7,1288,N,,11290,개인,길음동,성북구
,길음뉴타운2단지푸르지오,2005,개인,,,"90,000",3,2,2026,중개거래,"서울 동대문구, 서울 성북구",59.99,16,1280,N,,11290,개인,길음동,성북구
,코오롱,1999,개인,,,"80,000",4,2,2026,중개거래,서울 동대문구,112.23,10,405,N,,11290,개인,석관동,성북구
,래미안아트리치,2019,개인,,,"129,000",4,2,2026,중개거래,서울 성북구,109.38,2,410,N,,11290,개인,석관동,성북구
,삼전솔하임3차,2013,개인,,,"13,000",3,2,2026,직거래,,15.62,13,88-510,N,,11290,개인,하월곡동,성북구
,두산,1998,개인,,,"81,000",3,2,2026,중개거래,서울 성북구,59.97,10,10,N,,11290,개인,석관동,성북구
,아이파크종암동1차,2004,개인,,,"92,500",3,2,2026,중개거래,서울 성북구,59.73,14,130,N,,11290,개인,종암동,성북구
,아이파크종암동2차,2005,개인,,,"103,000",3,2,2026,중개거래,서울 성북구,84.73,18,131,N,,11290,개인,종암동,성북구
,길음동동부센트레빌(1278-0),2003,개인,,,"114,750",3,2,2026,중개거래,서울 성북구,114.912,12,1278,N,,11290,개인,길음동,성북구
,돈암코오롱하늘채,2016,개인,,,"118,000",3,2,2026,중개거래,서울 성북구,84.9594,3,644,N,,11290,개인,돈암동,성북구
,아이파크종암동1차,2004,개인,,,"107,500",3,2,2026,중개거래,서울 성북구,84.98,8,130,N,,11290,개인,종암동,성북구
,꿈의숲푸르지오,2010,개인,,,"80,000",3,2,2026,중개거래,서울 성북구,59.65,1,228,N,,11290,개인,하월곡동,성북구
,보문파크뷰자이,2017,개인,,,"117,000",3,2,2026,중개거래,서울 성북구,59.87,5,458,N,,11290,개인,보문동6가,성북구
,두산,1998,개인,,,"83,000",2,2,2026,중개거래,서울 성북구,59.97,15,10,N,,11290,개인,석관동,성북구
,삼선푸르지오,2008,개인,,,"105,000",3,2,2026,중개거래,서울 성북구,84.83,7,425,N,,11290,개인,삼선동2가,성북구
,길음뉴타운8단지(래미안),2010,개인,,,"150,000",3,2,2026,중개거래,서울 성북구,114.98,17,1284,N,,11290,개인,길음동,성북구
,길음뉴타운7단지(두산위브),2010,개인,,,"118,000",3,2,2026,중개거래,서울 성북구,59.99,5,1285,N,,11290,개인,길음동,성북구
,동아에코빌,2003,개인,,,"80,000",3,2,2026,중개거래,서울 성북구,114.66,4,101,N,,11290,개인,상월곡동,성북구
,돈암코오롱하늘채,2016,개인,,,"98,000",3,2,2026,중개거래,서울 성북구,59.9342,2,644,N,,11290,개인,돈암동,성북구
,한진(609-1),1998,개인,,,"86,700",3,2,2026,중개거래,"서울 강남구, 서울 성북구",84.87,19,609-1,N,,11290,개인,돈암동,성북구
,꿈의숲푸르지오,2010,개인,,,"86,000",3,2,2026,중개거래,서울 성북구,59.65,14,228,N,,11290,개인,하월곡동,성북구
,꿈의숲아이파크,2022,개인,,,"136,000",3,2,2026,중개거래,서울 성북구,84.48,11,323,N,,11290,개인,장위동,성북구
,정릉스카이쌍용아파트,1999,개인,,,"67,900",2,2,2026,중개거래,서울 성북구,84.19,4,1014,N,,11290,개인,정릉동,성북구
,정릉푸르지오,2005,개인,,,"82,000",2,2,2026,중개거래,서울 성북구,84.89,18,406,N,,11290,개인,정릉동,성북구
,정릉푸르지오,2005,개인,,,"92,000",2,2,2026,중개거래,서울 성북구,114.93,9,406,N,,11290,개인,정릉동,성북구
,정릉우성아파트 101~105동,2000,개인,,,"44,500",2,2,2026,중개거래,서울 성북구,46.65,1,1020,N,,11290,개인,정릉동,성북구
,우방,1999,개인,,,"43,000",2,2,2026,중개거래,서울 성북구,59.94,9,1016,N,,11290,개인,정릉동,성북구
,정릉풍림아이원,2005,개인,,,"56,700",1,2,2026,중개거래,서울 성북구,59.88,6,239,N,,11290,개인,정릉동,성북구
,래미안포레카운티,2021,개인,,,"108,500",1,2,2026,중개거래,"서울 동대문구, 서울 성북구",59.92,13,322,N,,11290,개인,장위동,성북구
,돈암힐스테이트,2007,개인,,,"85,500",1,2,2026,중개거래,서울 성북구,59.38,10,639,N,,11290,개인,돈암동,성북구
,수유아름채,2025,개인,,,"19,000",17,1,2026,직거래,,12.93,14,47-23,N,,11305,개인,수유동,강북구
,에스케이북한산시티,2004,개인,,,"66,750",22,1,2026,중개거래,서울 강북구,84.86,9,1353,N,,11305,개인,미아동,강북구
,에스케이북한산시티,2004,개인,,,"63,000",24,1,2026,중개거래,서울 강북구,59.98,7,1353,N,,11305,개인,미아동,강북구
,번동금호어울림,1998,개인,,,"55,300",14,1,2026,중개거래,서울 강북구,84.96,5,656,N,,11305,개인,번동,강북구
,현대(148-494),1997,개인,,,"47,000",22,1,2026,중개거래,서울 강북구,84.9,15,148-494,N,,11305,개인,번동,강북구
,꿈의숲해링턴플레이스,2019,개인,,,"100,000",24,1,2026,중개거래,서울 강북구,84.86,12,1369,N,,11305,개인,미아동,강북구
,수유역두산위브1,2009,개인,,,"75,000",17,1,2026,중개거래,서울 강북구,84.9909,3,410,N,,11305,개인,번동,강북구
,현대(190-2),1992,개인,,,"65,500",16,1,2026,중개거래,서울 강북구,84.91,8,190-2,N,,11305,개인,미아동,강북구
,수유아름채,2025,개인,,,"26,000",8,1,2026,직거래,,20.45,8,47-23,N,,11305,개인,수유동,강북구
,경남아너스빌(1356-0),2003,개인,,,"84,500",27,1,2026,중개거래,서울 강북구,114.922,23,1356,N,,11305,개인,미아동,강북구
,수유아름채,2025,개인,,,"26,000",7,1,2026,직거래,,20.45,15,47-23,N,26.02.05,11305,개인,수유동,강북구
,번동솔그린,1999,개인,,,"59,000",29,1,2026,중개거래,서울 강북구,84.6,15,136,N,,11305,개인,번동,강북구
,삼각산아이원,2003,개인,,,"64,400",16,1,2026,중개거래,서울 강북구,59.758,3,1357,N,,11305,개인,미아동,강북구
,에스케이북한산시티,2004,개인,,,"66,000",30,1,2026,중개거래,서울 강북구,84.86,25,1353,N,,11305,개인,미아동,강북구
,FIRSTVIEW,2010,개인,,,"35,500",20,1,2026,중개거래,서울 강북구,52.88,4,274-3,N,,11305,개인,수유동,강북구
,수유시그니티,2023,개인,,,"53,000",21,1,2026,직거래,,48.59,7,87-5,N,,11305,개인,수유동,강북구
,삼성래미안트리베라2단지,2010,개인,,,"95,000",31,1,2026,중개거래,서울 강북구,84.18,22,812,N,,11305,개인,미아동,강북구
,형인휴아름,2013,개인,,,"58,500",31,1,2026,중개거래,"서울 강북구, 서울 도봉구",83.82,4,732,N,,11305,개인,수유동,강북구
,벽산라이브파크,2004,개인,,,"66,000",31,1,2026,중개거래,서울 강북구,84.89,19,1354,N,,11305,개인,미아동,강북구
,삼성래미안트리베라2단지,2010,개인,,,"92,400",31,1,2026,중개거래,서울 강북구,84.29,5,812,N,,11305,개인,미아동,강북구
,꿈의숲해링턴플레이스,2019,개인,,,"92,000",30,1,2026,중개거래,서울 강북구,84.86,6,1369,N,,11305,개인,미아동,강북구
,벽산라이브파크,2004,개인,,,"63,500",29,1,2026,중개거래,서울 강북구,84.89,3,1354,N,,11305,개인,미아동,강북구
,에스케이북한산시티,2004,개인,,,"64,300",30,1,2026,중개거래,서울 강북구,59.98,25,1353,N,,11305,개인,미아동,강북구
,벽산라이브파크,2004,개인,,,"57,000",27,1,2026,중개거래,서울 강북구,60.0,1,1354,N,,11305,개인,미아동,강북구
,꿈의숲해링턴플레이스,2019,개인,,,"92,500",22,1,2026,중개거래,서울 강북구,84.67,8,1369,N,,11305,개인,미아동,강북구
,에스케이북한산시티,2004,개인,,,"74,000",28,1,2026,중개거래,서울 강북구,114.85,11,1353,N,,11305,개인,미아동,강북구
,주공1단지,1991,개인,,,"44,000",27,1,2026,중개거래,서울 강북구,41.3,5,242,N,,11305,개인,번동,강북구
,주공1단지,1991,개인,,,"39,000",17,1,2026,중개거래,서울 강북구,41.3,1,242,N,,11305,개인,번동,강북구
,대우,2000,개인,,,"60,000",28,1,2026,중개거래,서울 노원구,84.93,3,342,N,,11305,개인,우이동,강북구
,수유벽산1차,1993,개인,,,"51,000",27,1,2026,중개거래,서울 강북구,63.78,12,205,N,,11305,개인,수유동,강북구
,삼성래미안트리베라2단지,2010,개인,,,"97,000",27,1,2026,중개거래,서울 강북구,84.29,8,812,N,,11305,개인,미아동,강북구
,두산위브트레지움,2011,개인,,,"74,900",27,1,2026,중개거래,서울 강북구,59.54,21,811,N,,11305,개인,미아동,강북구
,두산위브트레지움,2011,개인,,,"85,700",27,1,2026,중개거래,서울 강북구,84.99,20,811,N,,11305,개인,미아동,강북구
,래미안수유,2001,개인,,,"53,750",24,1,2026,중개거래,"서울 강북구, 서울 도봉구",59.88,4,730,N,,11305,개인,수유동,강북구
,에스케이북한산시티,2004,개인,,,"72,000",24,1,2026,중개거래,서울 강북구,84.71,10,1353,N,,11305,개인,미아동,강북구
,에스케이북한산시티,2004,개인,,,"64,000",26,1,2026,중개거래,서울 강북구,59.98,20,1353,N,,11305,개인,미아동,강북구
,에스케이북한산시티,2004,개인,,,"68,300",22,1,2026,중개거래,서울 강북구,84.71,17,1353,N,,11305,개인,미아동,강북구
,벽산라이브파크,2004,개인,,,"74,000",24,1,2026,중개거래,서울 강북구,114.68,10,1354,N,,11305,개인,미아동,강북구
,태솔타워,2010,개인,,,"45,000",24,1,2026,중개거래,서울 강북구,68.6,8,51-7,N,,11305,개인,수유동,강북구
,삼성래미안트리베라2단지,2010,개인,,,"96,000",24,1,2026,중개거래,서울 강북구,84.29,4,812,N,,11305,개인,미아동,강북구
,삼각산아이원,2003,개인,,,"77,500",24,1,2026,중개거래,서울 강북구,114.88,9,1357,N,,11305,개인,미아동,강북구
,에스케이북한산시티,2004,개인,,,"65,000",24,1,2026,중개거래,서울 강북구,59.98,7,1353,N,,11305,개인,미아동,강북구
,삼성,1998,개인,,,"50,600",24,1,2026,중개거래,"서울 강북구, 서울 도봉구",59.77,18,470-1,N,,11305,개인,번동,강북구
,에스케이북한산시티,2004,개인,,,"64,300",24,1,2026,중개거래,서울 강북구,59.98,16,1353,N,,11305,개인,미아동,강북구
,주공1단지,1991,개인,,,"55,000",20,1,2026,중개거래,서울 강북구,49.94,1,242,N,,11305,개인,번동,강북구
,두산위브트레지움,2011,개인,,,"85,800",22,1,2026,중개거래,서울 강북구,84.97,9,811,N,,11305,개인,미아동,강북구
,에스케이북한산시티,2004,개인,,,"66,000",22,1,2026,중개거래,서울 강북구,59.98,21,1353,N,,11305,개인,미아동,강북구
,꿈의숲해링턴플레이스,2019,개인,,,"87,600",22,1,2026,중개거래,서울 강북구,84.67,1,1369,N,,11305,개인,미아동,강북구
,삼성래미안트리베라2단지,2010,개인,,,"119,000",22,1,2026,중개거래,서울 강북구,113.89,13,812,N,,11305,개인,미아동,강북구
,에스케이북한산시티,2004,개인,,,"69,500",17,1,2026,중개거래,서울 강북구,84.76,12,1353,N,,11305,개인,미아동,강북구
,에스케이북한산시티,2004,개인,,,"68,000",20,1,2026,중개거래,서울 강북구,84.86,17,1353,N,,11305,개인,미아동,강북구
,주공1단지,1991,개인,,,"39,500",13,1,2026,중개거래,서울 강북구,41.3,1,242,N,,11305,법인,번동,강북구
,주공1단지,1991,개인,,,"42,500",17,1,2026,중개거래,"서울 강북구, 서울 노원구",41.3,13,242,N,,11305,개인,번동,강북구
,꿈의숲해링턴플레이스,2019,개인,,,"92,500",21,1,2026,중개거래,서울 강북구,84.67,3,1369,N,,11305,개인,미아동,강북구
,수유벽산2차,1994,개인,,,"65,000",21,1,2026,중개거래,서울 강북구,84.22,5,648,N,,11305,개인,수유동,강북구
,형인휴아름,2013,개인,,,"58,800",20,1,2026,중개거래,"서울 강북구, 서울 성북구",83.04,6,732,N,,11305,개인,수유동,강북구
,삼성래미안트리베라2단지,2010,개인,,,"97,000",20,1,2026,중개거래,서울 강북구,84.29,13,812,N,,11305,개인,미아동,강북구
,동아하이빌14차,2003,개인,,,"41,000",12,1,2026,중개거래,서울 강북구,63.54,4,192-16,N,,11305,개인,미아동,강북구
,꿈의숲한신더휴,2022,개인,,,"78,400",17,1,2026,중개거래,서울 강북구,84.8178,2,1371,N,,11305,개인,미아동,강북구
4,극동,1992,개인,,,"52,000",20,1,2026,중개거래,서울 강북구,84.99,12,553-61,N,26.01.20,11305,개인,수유동,강북구
,주공4단지,1991,개인,,,"54,500",17,1,2026,중개거래,서울 강북구,59.22,2,234,N,,11305,개인,번동,강북구
,두산위브트레지움,2011,개인,,,"86,000",19,1,2026,중개거래,"서울 강북구, 서울 광진구",84.99,16,811,N,,11305,개인,미아동,강북구
,에스케이북한산시티,2004,개인,,,"64,000",17,1,2026,중개거래,서울 강북구,59.98,18,1353,N,,11305,개인,미아동,강북구
,에스케이북한산시티,2004,개인,,,"64,300",16,1,2026,중개거래,서울 강북구,59.98,11,1353,N,,11305,개인,미아동,강북구
,에스케이북한산시티,2004,개인,,,"61,500",7,1,2026,중개거래,서울 강북구,59.98,5,1353,N,,11305,개인,미아동,강북구
104,경남아너스빌,2008,개인,,,"73,000",17,1,2026,중개거래,서울 강북구,84.9351,11,796,N,26.01.26,11305,개인,미아동,강북구
,에스케이북한산시티,2004,개인,,,"59,000",17,1,2026,중개거래,서울 강북구,59.98,1,1353,N,,11305,개인,미아동,강북구
,주공1단지,1991,개인,,,"67,500",17,1,2026,중개거래,서울 강북구,79.07,9,242,N,,11305,개인,번동,강북구
,꿈의숲해링턴플레이스,2019,개인,,,"88,500",17,1,2026,중개거래,서울 강북구,84.86,1,1369,N,,11305,개인,미아동,강북구
,래미안트리베라1단지,2010,개인,,,"93,500",8,1,2026,중개거래,서울 강북구,84.97,11,813,N,,11305,개인,미아동,강북구
,한솔솔파크,2005,개인,,,"65,000",8,1,2026,중개거래,"서울 강북구, 서울 중랑구",84.88,9,138,N,,11305,개인,번동,강북구
,에스케이북한산시티,2004,개인,,,"65,500",7,1,2026,중개거래,서울 강북구,84.92,4,1353,N,,11305,개인,미아동,강북구
,래미안트리베라1단지,2010,개인,,,"95,000",6,1,2026,중개거래,서울 강북구,84.97,19,813,N,,11305,개인,미아동,강북구
,삼각산아이원,2003,개인,,,"73,500",15,1,2026,중개거래,서울 강북구,84.705,4,1357,N,,11305,개인,미아동,강북구
,송천센트레빌,2010,개인,,,"108,000",15,1,2026,중개거래,"서울 강북구, 서울 성북구",84.867,4,461,N,,11305,개인,미아동,강북구
,꿈의숲해링턴플레이스,2019,개인,,,"99,000",10,1,2026,중개거래,"서울 강북구, 서울 성북구",99.93,7,1369,N,,11305,개인,미아동,강북구
,꿈의숲롯데캐슬,2017,개인,,,"87,000",3,1,2026,중개거래,서울 강북구,84.98,2,4,N,,11305,개인,미아동,강북구
,주공4단지,1991,개인,,,"39,000",8,1,2026,중개거래,"서울 강북구, 서울 노원구",44.89,3,234,N,,11305,개인,번동,강북구
,벽산라이브파크,2004,개인,,,"68,000",13,1,2026,중개거래,서울 강북구,84.89,15,1354,N,,11305,개인,미아동,강북구
,에스케이북한산시티,2004,개인,,,"72,000",13,1,2026,중개거래,서울 강북구,84.86,25,1353,N,,11305,개인,미아동,강북구
,에스케이북한산시티,2004,개인,,,"68,300",13,1,2026,중개거래,서울 강북구,59.98,19,1353,N,,11305,개인,미아동,강북구
,에스케이북한산시티,2004,개인,,,"59,000",2,1,2026,중개거래,"서울 강북구, 전북 전주시 완산구",59.98,1,1353,N,,11305,개인,미아동,강북구
,삼성래미안트리베라2단지,2010,개인,,,"110,000",13,1,2026,중개거래,"서울 강북구, 서울 성동구",113.89,10,812,N,,11305,개인,미아동,강북구
,삼각산아이원,2003,개인,,,"72,750",12,1,2026,중개거래,서울 강북구,84.705,9,1357,N,,11305,개인,미아동,강북구
,꿈의숲해링턴플레이스,2019,개인,,,"93,000",12,1,2026,중개거래,서울 강북구,84.86,6,1369,N,,11305,개인,미아동,강북구
,래미안트리베라1단지,2010,개인,,,"105,000",10,1,2026,중개거래,서울 강북구,114.98,10,813,N,,11305,개인,미아동,강북구
,현대성우,1998,개인,,,"66,500",2,1,2026,중개거래,서울 강북구,84.92,15,561-2,N,,11305,개인,미아동,강북구
,래미안트리베라1단지,2010,개인,,,"92,500",8,1,2026,중개거래,서울 강북구,84.97,15,813,N,,11305,개인,미아동,강북구
,벽산라이브파크,2004,개인,,,"58,500",10,1,2026,중개거래,서울 강북구,59.67,7,1354,N,,11305,개인,미아동,강북구
,에스케이북한산시티,2004,개인,,,"70,000",13,1,2026,중개거래,서울 강북구,84.76,3,1353,N,,11305,법인,미아동,강북구
,삼각산아이원,2003,개인,,,"64,900",9,1,2026,중개거래,서울 강북구,59.758,14,1357,N,,11305,개인,미아동,강북구
,에스케이북한산시티,2004,개인,,,"62,500",8,1,2026,중개거래,서울 강북구,59.98,13,1353,N,,11305,개인,미아동,강북구
,에스케이북한산시티,2004,개인,,,"66,000",8,1,2026,중개거래,서울 강북구,84.71,3,1353,N,,11305,개인,미아동,강북구
,해모로아파트,2003,개인,,,"60,000",8,1,2026,중개거래,서울 강북구,84.93,8,139,N,,11305,개인,번동,강북구
,래미안트리베라1단지,2010,개인,,,"92,500",7,1,2026,중개거래,"서울 강북구, 서울 성북구",84.97,17,813,N,,11305,개인,미아동,강북구
,삼각산아이원,2003,개인,,,"85,000",7,1,2026,중개거래,서울 강북구,114.88,14,1357,N,,11305,개인,미아동,강북구
,삼각산아이원,2003,개인,,,"71,000",6,1,2026,중개거래,"서울 강북구, 서울 성북구",84.705,1,1357,N,,11305,개인,미아동,강북구
,삼각산아이원,2003,개인,,,"71,000",6,1,2026,중개거래,서울 강북구,84.705,1,1357,N,,11305,개인,미아동,강북구
,삼각산아이원,2003,개인,,,"66,300",6,1,2026,중개거래,"서울 강북구, 서울 성북구",59.758,14,1357,N,,11305,개인,미아동,강북구
,삼성래미안트리베라2단지,2010,개인,,,"92,000",6,1,2026,중개거래,"서울 강북구, 서울 동대문구",84.29,14,812,N,,11305,개인,미아동,강북구
,삼성래미안트리베라2단지,2010,개인,,,"82,000",3,1,2026,중개거래,서울 강북구,59.33,2,812,N,,11305,개인,미아동,강북구
139,에스케이북한산시티,2004,개인,,,"66,000",5,1,2026,중개거래,서울 강북구,84.71,18,1353,N,26.01.23,11305,개인,미아동,강북구
,주공1단지,1991,개인,,,"43,800",6,1,2026,중개거래,서울 강북구,41.3,6,242,N,,11305,개인,번동,강북구
,벽산라이브파크,2004,개인,,,"68,000",2,1,2026,중개거래,서울 강북구,84.89,23,1354,N,,11305,개인,미아동,강북구
,두산위브트레지움,2011,개인,,,"89,000",5,1,2026,중개거래,서울 강북구,84.97,8,811,N,,11305,개인,미아동,강북구
,삼각산아이원,2003,개인,,,"77,500",3,1,2026,중개거래,서울 강북구,84.705,12,1357,N,,11305,개인,미아동,강북구
,꿈의숲롯데캐슬,2017,개인,,,"91,000",3,1,2026,중개거래,서울 강북구,84.98,2,4,N,,11305,개인,미아동,강북구
,꿈의숲롯데캐슬,2017,개인,,,"90,000",3,1,2026,중개거래,서울 강북구,84.98,2,4,N,,11305,개인,미아동,강북구
,꿈의숲해링턴플레이스,2019,개인,,,"83,000",3,1,2026,중개거래,서울 강북구,59.36,3,1369,N,,11305,개인,미아동,강북구
,꿈의숲롯데캐슬,2017,개인,,,"92,800",3,1,2026,중개거래,"서울 강북구, 서울 도봉구",84.98,11,4,N,,11305,개인,미아동,강북구
,삼각산아이원,2003,개인,,,"75,500",2,1,2026,중개거래,서울 강북구,84.705,17,1357,N,,11305,개인,미아동,강북구
,삼성래미안트리베라2단지,2010,개인,,,"114,000",3,1,2026,중개거래,서울 강북구,113.89,13,812,N,,11305,개인,미아동,강북구
,북서울자이폴라리스(2단지),2024,개인,,,"110,500",2,1,2026,중개거래,서울 강북구,84.96,4,1375,N,,11305,개인,미아동,강북구
,주공4단지,1991,개인,,,"48,000",2,2,2026,중개거래,서울 강북구,49.94,14,234,N,,11305,개인,번동,강북구
,삼각산아이원,2003,개인,,,"64,800",7,2,2026,중개거래,서울 강북구,59.758,2,1357,N,,11305,개인,미아동,강북구
,벽산라이브파크,2004,개인,,,"66,000",12,2,2026,중개거래,서울 강북구,84.89,6,1354,N,,11305,개인,미아동,강북구
,에스케이북한산시티,2004,개인,,,"72,000",10,2,2026,중개거래,서울 강북구,84.76,8,1353,N,,11305,개인,미아동,강북구
,벽산라이브파크,2004,개인,,,"59,800",5,2,2026,중개거래,서울 강북구,59.67,22,1354,N,,11305,개인,미아동,강북구
,수유아름채,2025,개인,,,"25,800",1,2,2026,직거래,,20.45,17,47-23,N,,11305,개인,수유동,강북구
,수유벽산1차,1993,개인,,,"55,000",11,2,2026,중개거래,서울 강북구,63.78,5,205,N,,11305,개인,수유동,강북구
,벽산라이브파크,2004,개인,,,"62,500",7,2,2026,중개거래,서울 강북구,60.0,5,1354,N,,11305,개인,미아동,강북구
,에스케이북한산시티,2004,개인,,,"60,700",9,2,2026,중개거래,서울 강북구,59.98,2,1353,N,,11305,개인,미아동,강북구
수유역푸르지오시티,푸르지오시티,2014,개인,,,"13,000",10,2,2026,중개거래,서울 강북구,18.6479,6,160-3,N,26.02.11,11305,개인,미아동,강북구
,벽산라이브파크,2004,개인,,,"60,800",7,2,2026,중개거래,서울 강북구,59.67,4,1354,N,,11305,개인,미아동,강북구
,북한산스카이뷰아파트,2020,개인,,,"40,000",9,2,2026,중개거래,서울 강북구,64.5,3,739,N,,11305,개인,수유동,강북구
,송천센트레빌,2010,개인,,,"115,000",3,2,2026,중개거래,서울 강북구,84.965,8,461,N,,11305,개인,미아동,강북구
103,현대(190-2),1992,개인,,,"40,000",6,2,2026,직거래,,84.91,8,190-2,N,26.02.09,11305,개인,미아동,강북구
,벽산라이브파크,2004,개인,,,"57,500",9,2,2026,중개거래,서울 강북구,59.67,3,1354,N,,11305,개인,미아동,강북구
,두산위브트레지움,2011,개인,,,"86,500",8,2,2026,중개거래,서울 강북구,84.99,11,811,N,,11305,개인,미아동,강북구
,꿈의숲롯데캐슬,2017,개인,,,"96,500",7,2,2026,중개거래,서울 강북구,84.98,6,4,N,,11305,개인,미아동,강북구
,삼각산아이원,2003,개인,,,"66,700",7,2,2026,중개거래,서울 성북구,59.758,10,1357,N,,11305,개인,미아동,강북구
,에스케이북한산시티,2004,개인,,,"72,000",7,2,2026,중개거래,서울 강북구,84.76,25,1353,N,,11305,개인,미아동,강북구
,에스케이북한산시티,2004,개인,,,"75,000",6,2,2026,중개거래,서울 강북구,84.92,17,1353,N,,11305,개인,미아동,강북구
,수유아름채,2025,개인,,,"25,000",2,2,2026,직거래,,20.7,15,47-23,N,26.02.05,11305,개인,수유동,강북구
,래미안트리베라1단지,2010,개인,,,"90,000",4,2,2026,중개거래,서울 강북구,59.6,12,813,N,,11305,개인,미아동,강북구
,삼각산아이원,2003,개인,,,"73,000",4,2,2026,중개거래,서울 강북구,84.705,17,1357,N,,11305,개인,미아동,강북구
,두산위브트레지움,2011,개인,,,"85,800",4,2,2026,중개거래,서울 강북구,84.99,16,811,N,,11305,개인,미아동,강북구
,에스케이북한산시티,2004,개인,,,"63,000",4,2,2026,중개거래,"서울 강북구, 서울 송파구",59.98,15,1353,N,,11305,개인,미아동,강북구
,해모로아파트,2003,개인,,,"59,800",3,2,2026,중개거래,서울 강북구,84.93,7,139,N,,11305,개인,번동,강북구
,주공4단지,1991,개인,,,"39,000",3,2,2026,중개거래,서울 강북구,44.89,10,234,N,,11305,개인,번동,강북구
,래미안수유,2001,개인,,,"76,000",5,2,2026,중개거래,서울 강북구,84.993,4,730,N,,11305,개인,수유동,강북구
,주공17단지,1989,개인,,,"30,500",27,1,2026,중개거래,서울 도봉구,36.16,2,38,N,,11320,개인,창동,도봉구
,주공17단지,1989,개인,,,"31,000",23,1,2026,중개거래,서울 도봉구,36.34,13,38,N,,11320,개인,창동,도봉구
,주공19단지(창동리버타운),1988,개인,,,"88,000",29,1,2026,중개거래,서울 도봉구,68.86,4,27,N,,11320,개인,창동,도봉구
,창동주공3단지(해등마을),1990,개인,,,"45,000",28,1,2026,중개거래,서울 도봉구,44.89,1,347,N,,11320,법인,창동,도봉구
,시티프라디움,2021,개인,,,"60,000",26,1,2026,중개거래,서울 강북구,68.9258,6,734,N,,11320,개인,쌍문동,도봉구
,주공19단지(창동리버타운),1988,개인,,,"80,000",30,1,2026,중개거래,서울 도봉구,59.39,14,27,N,,11320,개인,창동,도봉구
,창동주공2단지,1990,개인,,,"54,500",30,1,2026,중개거래,서울 도봉구,49.94,13,316,N,,11320,개인,창동,도봉구
,주공19단지(창동리버타운),1988,개인,,,"91,000",27,1,2026,중개거래,서울 도봉구,68.86,8,27,N,,11320,개인,창동,도봉구
,이에스에이아파트2,2003,개인,,,"73,000",30,1,2026,중개거래,서울 도봉구,124.66,2,716-5,N,,11320,개인,방학동,도봉구
,창동주공1단지,1990,개인,,,"62,000",28,1,2026,중개거래,서울 도봉구,58.01,13,305,N,,11320,개인,창동,도봉구
,방학동삼성래미안1,2002,개인,,,"100,000",31,1,2026,중개거래,서울 도봉구,118.381,8,720-18,N,,11320,개인,방학동,도봉구
,창동주공3단지(해등마을),1990,개인,,,"59,600",17,1,2026,중개거래,서울 도봉구,49.94,14,347,N,,11320,개인,창동,도봉구
,성원상떼빌,2001,개인,,,"59,500",19,1,2026,중개거래,서울 도봉구,59.75,10,743-15,N,,11320,개인,창동,도봉구
,럭키,1992,개인,,,"52,800",30,1,2026,중개거래,서울 도봉구,84.86,15,595,N,,11320,개인,도봉동,도봉구
,북한산한신휴플러스,2007,개인,,,"80,000",31,1,2026,중개거래,서울 도봉구,84.9499,23,826,N,,11320,개인,창동,도봉구
,래미안도봉,2005,개인,,,"83,000",19,1,2026,중개거래,"서울 노원구, 서울 도봉구",114.76,10,655,N,,11320,개인,도봉동,도봉구
,북한산팰리스아파트,2001,개인,,,"51,800",20,1,2026,중개거래,서울 도봉구,159.03,4,522,N,,11320,개인,방학동,도봉구
,원산아파트33차,2003,개인,,,"27,000",30,1,2026,중개거래,서울 도봉구,56.49,6,661-13,N,,11320,개인,창동,도봉구
,한신,1995,개인,,,"60,000",28,1,2026,중개거래,서울 도봉구,84.94,8,30-1,N,,11320,개인,도봉동,도봉구
,서원,1996,개인,,,"37,300",31,1,2026,중개거래,서울 도봉구,49.77,18,641,N,,11320,개인,도봉동,도봉구
,서원,1996,개인,,,"38,000",31,1,2026,중개거래,서울 도봉구,49.77,16,641,N,,11320,개인,도봉동,도봉구
,서원,1996,개인,,,"33,500",31,1,2026,중개거래,서울 도봉구,49.77,16,641,N,,11320,개인,도봉동,도봉구
,주공19단지(창동리버타운),1988,개인,26.02.06,O,"91,000",27,1,2026,직거래,,68.86,8,27,N,,11320,개인,창동,도봉구
,수산트리플,2004,개인,,,"67,500",19,1,2026,중개거래,서울 도봉구,84.89,8,817,N,,11320,개인,창동,도봉구
,창동주공1단지,1990,개인,,,"42,300",27,1,2026,중개거래,서울 도봉구,41.3,10,305,N,,11320,개인,창동,도봉구
,삼성래미안,1992,개인,,,"86,200",30,1,2026,중개거래,서울 도봉구,84.87,7,45,N,,11320,개인,창동,도봉구
12,신동아아파트1,1986,개인,,,"34,000",15,1,2026,중개거래,서울 도봉구,51.27,9,271-1,N,26.02.03,11320,개인,방학동,도봉구
,벽산아파트2,1998,개인,,,"41,000",28,1,2026,중개거래,서울 도봉구,59.581,9,496,N,,11320,개인,방학동,도봉구
107,이에스에이아파트2,2003,개인,,,"70,000",29,1,2026,중개거래,서울 도봉구,84.98,20,716-5,N,26.02.09,11320,개인,방학동,도봉구
,방학동삼성래미안1,2002,개인,,,"107,500",28,1,2026,중개거래,서울 도봉구,118.381,20,720-18,N,,11320,개인,방학동,도봉구
,삼익세라믹,1988,개인,,,"44,000",16,1,2026,중개거래,서울 도봉구,58.77,3,56,N,,11320,개인,쌍문동,도봉구
,북한산아이파크5차,2004,개인,,,"110,000",26,1,2026,중개거래,서울 도봉구,101.9176,17,825,N,,11320,개인,창동,도봉구
,현대1,1990,개인,,,"47,000",30,1,2026,중개거래,서울 도봉구,84.66,2,54,N,,11320,개인,쌍문동,도봉구
,창동2차현대,2001,개인,,,"85,500",29,1,2026,중개거래,서울 도봉구,84.504,17,815,N,,11320,개인,창동,도봉구
,창동주공3단지(해등마을),1990,개인,,,"67,000",23,1,2026,중개거래,서울 도봉구,59.22,15,347,N,,11320,개인,창동,도봉구
,대상타운현대아파트,2001,개인,,,"82,000",28,1,2026,중개거래,서울 도봉구,84.78,12,720-1,N,,11320,개인,방학동,도봉구
,한신,1995,개인,,,"58,500",29,1,2026,중개거래,서울 도봉구,84.94,1,30-1,N,,11320,개인,도봉동,도봉구
,창동주공2단지,1990,개인,,,"54,700",29,1,2026,중개거래,서울 도봉구,49.94,11,316,N,,11320,개인,창동,도봉구
,창동2차현대,2001,개인,,,"83,000",29,1,2026,중개거래,서울 도봉구,84.504,20,815,N,,11320,개인,창동,도봉구
,주공19단지(창동리버타운),1988,개인,,,"102,000",29,1,2026,중개거래,서울 도봉구,90.94,4,27,N,,11320,개인,창동,도봉구
,주공17단지,1989,개인,,,"30,500",14,1,2026,중개거래,서울 도봉구,36.16,13,38,N,,11320,개인,창동,도봉구
,삼성래미안,1992,개인,,,"89,000",14,1,2026,중개거래,서울 도봉구,84.87,12,45,N,,11320,개인,창동,도봉구
,삼익세라믹아파트,1988,개인,,,"36,500",28,1,2026,중개거래,서울 도봉구,58.77,8,274,N,,11320,개인,방학동,도봉구
,쌍용,1997,개인,,,"77,000",14,1,2026,중개거래,서울 도봉구,59.88,21,807,N,,11320,개인,창동,도봉구
,북한산아이파크5차,2004,개인,,,"112,000",28,1,2026,중개거래,서울 도봉구,101.9176,11,825,N,,11320,개인,창동,도봉구
,창동2차현대,2001,개인,,,"73,500",28,1,2026,중개거래,서울 도봉구,59.499,12,815,N,,11320,개인,창동,도봉구
,주공19단지(창동리버타운),1988,개인,,,"90,800",24,1,2026,중개거래,"서울 노원구, 서울 도봉구",68.86,11,27,N,,11320,개인,창동,도봉구
,서원,1996,개인,,,"34,000",27,1,2026,중개거래,서울 도봉구,49.77,3,641,N,,11320,개인,도봉동,도봉구
,성원아파트,1996,개인,,,"50,500",9,1,2026,중개거래,서울 도봉구,84.54,4,735,N,,11320,개인,방학동,도봉구
,삼익세라믹,1988,개인,,,"32,000",27,1,2026,중개거래,서울 도봉구,42.93,13,56,N,,11320,개인,쌍문동,도봉구
,한신,1995,개인,,,"61,500",2,1,2026,중개거래,서울 도봉구,84.94,12,30-1,N,,11320,개인,도봉동,도봉구
,대우,1995,개인,,,"71,500",12,1,2026,중개거래,"서울 노원구, 서울 도봉구",84.88,11,804,N,,11320,개인,창동,도봉구
,래미안도봉,2005,개인,,,"64,000",26,1,2026,중개거래,서울 도봉구,84.55,1,655,N,,11320,개인,도봉동,도봉구
,창동주공4단지,1991,개인,,,"34,800",26,1,2026,중개거래,서울 도봉구,41.3,2,373,N,,11320,개인,창동,도봉구
,LIG건영캐스빌,2002,개인,,,"65,000",26,1,2026,중개거래,서울 도봉구,80.1498,10,635-42,N,,11320,개인,창동,도봉구
,삼익세라믹아파트,1988,개인,,,"30,500",13,1,2026,중개거래,서울 도봉구,42.93,12,274,N,,11320,개인,방학동,도봉구
,한신,1995,개인,,,"66,000",13,1,2026,중개거래,"경기 의정부시, 서울 도봉구",84.94,6,30-1,N,,11320,개인,도봉동,도봉구
,한양6,2002,개인,,,"51,500",15,1,2026,중개거래,서울 도봉구,83.86,7,59-5,N,,11320,개인,쌍문동,도봉구
,창동주공1단지,1990,개인,,,"52,800",23,1,2026,중개거래,서울 도봉구,49.94,4,305,N,,11320,개인,창동,도봉구
,신동아아파트1,1986,개인,,,"37,500",8,1,2026,중개거래,서울 도봉구,53.16,10,271-1,N,,11320,개인,방학동,도봉구
,창동현대4차,2003,개인,,,"94,500",26,1,2026,중개거래,서울 도봉구,101.9957,5,818,N,,11320,개인,창동,도봉구
,월가타워,2013,개인,,,"8,700",20,1,2026,중개거래,서울 도봉구,13.09,10,7,N,26.01.29,11320,개인,창동,도봉구
,삼성래미안,1992,개인,,,"84,000",23,1,2026,중개거래,서울 도봉구,84.87,11,45,N,,11320,개인,창동,도봉구
,우성아파트2,1993,개인,,,"51,000",23,1,2026,중개거래,서울 도봉구,84.98,8,508,N,,11320,개인,방학동,도봉구
,창동주공3단지(해등마을),1990,개인,,,"59,500",22,1,2026,중개거래,서울 도봉구,49.94,5,347,N,,11320,개인,창동,도봉구
,DK포시즌,2003,개인,,,"36,000",22,1,2026,중개거래,서울 도봉구,77.85,4,442-33,N,,11320,개인,창동,도봉구
,삼성래미안,1992,개인,,,"89,500",23,1,2026,중개거래,서울 도봉구,84.87,9,45,N,,11320,개인,창동,도봉구
,우암쎈스뷰아파트,2003,개인,,,"50,800",22,1,2026,중개거래,서울 도봉구,67.971,13,713-12,N,,11320,개인,방학동,도봉구
,주공19단지(창동리버타운),1988,개인,,,"86,000",22,1,2026,중개거래,서울 도봉구,68.86,2,27,N,,11320,개인,창동,도봉구
,수산트리플,2004,개인,,,"57,000",22,1,2026,중개거래,서울 도봉구,59.86,12,817,N,,11320,개인,창동,도봉구
,벽산아파트1,1991,개인,,,"52,000",6,1,2026,중개거래,서울 도봉구,84.9,13,275,N,,11320,개인,방학동,도봉구
,한신,1995,개인,,,"57,000",21,1,2026,중개거래,서울 도봉구,84.94,7,30-1,N,,11320,개인,도봉동,도봉구
,태영데시앙,2003,개인,,,"71,000",14,1,2026,중개거래,서울 도봉구,84.995,1,819,N,,11320,개인,창동,도봉구
,삼성브래뉴,2013,개인,,,"32,000",20,1,2026,중개거래,서울 도봉구,58.43,8,443-1,N,,11320,개인,창동,도봉구
,금호2,1991,개인,,,"56,800",16,1,2026,중개거래,서울 도봉구,84.46,9,산69-1,N,,11320,개인,쌍문동,도봉구
,삼익세라믹,1988,개인,,,"59,500",16,1,2026,중개거래,서울 도봉구,79.98,14,56,N,,11320,개인,쌍문동,도봉구
,북한산아이파크5차,2004,개인,,,"90,000",3,1,2026,중개거래,서울 도봉구,84.4516,20,825,N,,11320,개인,창동,도봉구
,창동주공1단지,1990,개인,,,"54,000",18,1,2026,중개거래,서울 도봉구,49.94,12,305,N,,11320,개인,창동,도봉구
,삼성래미안,1992,개인,,,"86,500",21,1,2026,중개거래,서울 도봉구,84.87,8,45,N,,11320,개인,창동,도봉구
,월가타워,2013,개인,,,"8,050",19,1,2026,중개거래,서울 도봉구,13.62,9,7,N,26.01.27,11320,개인,창동,도봉구
,창동주공3단지(해등마을),1990,개인,,,"59,500",14,1,2026,중개거래,서울 도봉구,58.01,1,347,N,,11320,개인,창동,도봉구
,벽산아파트2,1998,개인,,,"41,500",16,1,2026,중개거래,서울 도봉구,59.581,13,496,N,,11320,개인,방학동,도봉구
,서원,1996,개인,,,"35,800",15,1,2026,중개거래,"서울 강북구, 서울 도봉구",49.77,15,641,N,,11320,개인,도봉동,도봉구
,시티프라디움,2021,개인,,,"60,000",11,1,2026,중개거래,서울 도봉구,68.9258,4,734,N,,11320,개인,쌍문동,도봉구
,신동아아파트1,1986,개인,,,"33,000",13,1,2026,중개거래,서울 도봉구,53.16,1,271-1,N,,11320,개인,방학동,도봉구
,쌍용,1997,개인,,,"94,000",19,1,2026,중개거래,서울 도봉구,84.76,9,807,N,,11320,개인,창동,도봉구
,창동주공3단지(해등마을),1990,개인,,,"67,000",17,1,2026,중개거래,서울 도봉구,59.22,10,347,N,,11320,개인,창동,도봉구
,도봉파크빌3,2002,개인,,,"65,000",14,1,2026,중개거래,서울 도봉구,84.163,7,644,N,,11320,개인,도봉동,도봉구
,삼성래미안,1992,개인,,,"79,000",3,1,2026,중개거래,서울 도봉구,73.92,9,45,N,,11320,개인,창동,도봉구
,대상타운현대아파트,2001,개인,,,"81,300",17,1,2026,중개거래,서울 도봉구,84.78,20,720-1,N,,11320,개인,방학동,도봉구
,신동아아파트4,1995,개인,,,"49,000",19,1,2026,중개거래,서울 도봉구,84.9,6,732,N,,11320,개인,방학동,도봉구
,서울가든,1987,개인,,,"43,000",17,1,2026,중개거래,서울 도봉구,75.33,11,555,N,,11320,개인,도봉동,도봉구
,창동신도브래뉴1차,2003,개인,,,"81,000",17,1,2026,중개거래,서울 도봉구,79.435,8,820,N,,11320,개인,창동,도봉구
,도봉금강아미움파크타운,2018,개인,,,"50,000",17,1,2026,중개거래,서울 도봉구,68.2097,7,711,N,,11320,개인,쌍문동,도봉구
,신동아아파트5,1998,개인,,,"38,800",17,1,2026,중개거래,서울 도봉구,59.4,6,738,N,,11320,개인,방학동,도봉구
3,삼환도봉,1987,개인,,,"52,000",17,1,2026,중개거래,서울 도봉구,73.89,8,87,N,26.02.03,11320,개인,도봉동,도봉구
,한신,1995,개인,,,"58,800",17,1,2026,중개거래,서울 도봉구,84.94,10,30-1,N,,11320,개인,도봉동,도봉구
,삼성래미안,1992,개인,,,"81,750",17,1,2026,중개거래,"서울 노원구, 서울 도봉구",84.87,13,45,N,,11320,개인,창동,도봉구
,주공19단지(창동리버타운),1988,개인,,,"81,000",16,1,2026,중개거래,"서울 강북구, 서울 도봉구",59.39,12,27,N,,11320,개인,창동,도봉구
,삼성래미안,1992,개인,,,"78,500",16,1,2026,중개거래,서울 도봉구,73.92,20,45,N,,11320,개인,창동,도봉구
,창동3차현대,2001,개인,,,"95,000",16,1,2026,중개거래,서울 도봉구,115.42,22,816,N,,11320,개인,창동,도봉구
,벽산아파트1,1991,개인,,,"32,700",13,1,2026,중개거래,서울 도봉구,52.36,15,275,N,,11320,개인,방학동,도봉구
,삼안리치,2002,개인,,,"26,000",15,1,2026,중개거래,서울 도봉구,74.25,4,570-10,N,,11320,개인,도봉동,도봉구
,창동2차현대,2001,개인,,,"68,000",15,1,2026,중개거래,서울 도봉구,59.499,2,815,N,,11320,개인,창동,도봉구
,삼성래미안,1992,개인,,,"79,500",15,1,2026,중개거래,서울 도봉구,84.87,1,45,N,,11320,개인,창동,도봉구
,서원,1996,개인,,,"29,500",12,1,2026,중개거래,서울 도봉구,40.02,6,641,N,,11320,개인,도봉동,도봉구
,삼익세라믹,1988,개인,,,"30,500",9,1,2026,중개거래,서울 도봉구,42.93,12,56,N,,11320,개인,쌍문동,도봉구
,성원,1989,개인,,,"56,700",14,1,2026,중개거래,서울 도봉구,84.98,11,53,N,,11320,개인,쌍문동,도봉구
,창동한승미메이드,2004,개인,,,"52,000",14,1,2026,중개거래,"서울 강북구, 서울 노원구",84.6865,3,824,N,,11320,개인,창동,도봉구
,창동신도브래뉴1차,2003,개인,,,"77,000",14,1,2026,중개거래,서울 도봉구,84.989,1,820,N,,11320,개인,창동,도봉구
,서원,1996,개인,,,"32,500",12,1,2026,중개거래,서울 도봉구,49.77,1,641,N,,11320,개인,도봉동,도봉구
102,북한산청호아파트,2022,개인,,,"48,600",8,1,2026,직거래,,55.67,2,743,N,26.01.30,11320,법인,방학동,도봉구
,동아청솔,1997,개인,,,"81,000",13,1,2026,중개거래,서울 도봉구,59.76,4,808,N,,11320,개인,창동,도봉구
,한신,1995,개인,,,"63,250",9,1,2026,중개거래,"서울 도봉구, 서울 성북구",84.94,14,30-1,N,,11320,개인,도봉동,도봉구
,대우,1995,개인,,,"58,000",9,1,2026,중개거래,서울 도봉구,59.86,10,804,N,,11320,개인,창동,도봉구
,DK포시즌,2003,개인,,,"36,500",12,1,2026,중개거래,서울 도봉구,77.85,2,442-33,N,,11320,개인,창동,도봉구
,현대1,1990,개인,,,"50,000",12,1,2026,중개거래,서울 도봉구,84.66,4,54,N,,11320,개인,쌍문동,도봉구
,창동주공3단지(해등마을),1990,개인,,,"59,800",12,1,2026,중개거래,서울 도봉구,49.94,15,347,N,,11320,개인,창동,도봉구
,삼안리치,2002,개인,26.01.15,O,"26,000",12,1,2026,중개거래,서울 도봉구,74.25,4,570-10,N,,11320,개인,도봉동,도봉구
,경남,1988,개인,,,"23,000",9,1,2026,중개거래,서울 도봉구,44.5,5,73,N,,11320,개인,쌍문동,도봉구
,한양2,1988,개인,,,"37,500",9,1,2026,중개거래,서울 도봉구,59.67,5,59,N,,11320,개인,쌍문동,도봉구
,극동,1991,개인,,,"46,000",12,1,2026,중개거래,서울 도봉구,84.83,3,81-1,N,,11320,개인,도봉동,도봉구
주건축물제1동,스마트트라움,2021,개인,,,"15,000",8,1,2026,중개거래,서울 도봉구,16.42,10,661-55,N,26.01.21,11320,개인,창동,도봉구
주건축물제1동,스마트트라움,2021,개인,,,"14,450",10,1,2026,중개거래,서울 강북구,16.42,12,661-55,N,26.01.14,11320,개인,창동,도봉구
,삼성래미안,1992,개인,,,"79,500",10,1,2026,중개거래,서울 도봉구,84.87,1,45,N,,11320,개인,창동,도봉구
,한신,1995,개인,,,"58,500",10,1,2026,중개거래,서울 도봉구,84.94,5,30-1,N,,11320,개인,도봉동,도봉구
,창동주공2단지,1990,개인,,,"35,500",10,1,2026,중개거래,서울 도봉구,45.9,2,316,N,,11320,개인,창동,도봉구
,창동주공3단지(해등마을),1990,개인,,,"69,900",9,1,2026,중개거래,서울 도봉구,58.01,7,347,N,,11320,개인,창동,도봉구
,삼성래미안,1992,개인,,,"84,700",10,1,2026,중개거래,"서울 노원구, 서울 도봉구",84.87,7,45,N,,11320,개인,창동,도봉구
,극동,1991,개인,,,"49,900",10,1,2026,중개거래,"서울 노원구, 서울 동대문구",84.83,9,81-1,N,,11320,개인,도봉동,도봉구
,서원,1996,개인,,,"36,200",10,1,2026,중개거래,서울 도봉구,49.77,3,641,N,,11320,개인,도봉동,도봉구
,한양2,1988,개인,,,"35,800",9,1,2026,중개거래,서울 도봉구,48.96,2,59,N,,11320,개인,쌍문동,도봉구
,이에스에이아파트2,2003,개인,,,"65,000",9,1,2026,중개거래,서울 도봉구,84.98,8,716-5,N,,11320,개인,방학동,도봉구
,대상타운현대아파트,2001,개인,,,"77,500",9,1,2026,중개거래,서울 도봉구,84.78,3,720-1,N,,11320,개인,방학동,도봉구
,대우,1995,개인,,,"69,000",9,1,2026,중개거래,서울 도봉구,84.88,14,804,N,,11320,개인,창동,도봉구
,창동주공1단지,1990,개인,,,"54,000",9,1,2026,중개거래,서울 도봉구,49.94,6,305,N,,11320,개인,창동,도봉구
,삼성래미안,1992,개인,,,"72,000",9,1,2026,중개거래,서울 도봉구,73.92,2,45,N,,11320,개인,창동,도봉구
101,서광,1999,개인,,,"45,000",6,1,2026,중개거래,서울 도봉구,59.58,10,643,N,26.02.09,11320,개인,도봉동,도봉구
,시티프라디움,2021,개인,,,"59,700",7,1,2026,중개거래,서울 도봉구,68.9258,2,734,N,,11320,개인,쌍문동,도봉구
,창동주공3단지(해등마을),1990,개인,,,"64,500",9,1,2026,중개거래,서울 도봉구,59.22,13,347,N,,11320,개인,창동,도봉구
,주공19단지(창동리버타운),1988,개인,,,"80,000",8,1,2026,중개거래,"경기 용인시 수지구, 서울 도봉구",61.52,9,27,N,,11320,개인,창동,도봉구
,미소애,2005,개인,,,"34,000",5,1,2026,중개거래,서울 도봉구,45.466,2,715-3,N,,11320,개인,창동,도봉구
,삼익세라믹,1988,개인,,,"59,000",7,1,2026,중개거래,서울 도봉구,79.98,12,56,N,,11320,개인,쌍문동,도봉구
,신동아아파트1,1986,개인,,,"47,500",8,1,2026,중개거래,서울 도봉구,70.62,7,271-1,N,,11320,개인,방학동,도봉구
311동,창동주공3단지(해등마을),1990,개인,,,"67,000",7,1,2026,중개거래,서울 도봉구,58.01,12,347,N,26.02.12,11320,개인,창동,도봉구
,주공17단지,1989,개인,,,"33,500",8,1,2026,중개거래,서울 도봉구,41.3,4,38,N,,11320,개인,창동,도봉구
,북한산아이파크5차,2004,개인,,,"111,000",7,1,2026,중개거래,서울 도봉구,119.1731,14,825,N,,11320,개인,창동,도봉구
,창동주공3단지(해등마을),1990,개인,,,"48,000",7,1,2026,중개거래,서울 도봉구,41.3,3,347,N,,11320,개인,창동,도봉구
,금광포란재아파트,2005,개인,,,"52,400",7,1,2026,중개거래,서울 도봉구,59.611,1,714-1,N,,11320,개인,방학동,도봉구
3,벽산아파트1,1991,개인,,,"40,000",2,1,2026,중개거래,서울 도봉구,63.38,4,275,N,26.02.12,11320,개인,방학동,도봉구
,서원,1996,개인,,,"34,300",2,1,2026,중개거래,서울 도봉구,49.77,4,641,N,,11320,개인,도봉동,도봉구
,삼성래미안,1992,개인,,,"73,000",7,1,2026,중개거래,서울 도봉구,66.54,2,45,N,,11320,개인,창동,도봉구
101,한화성원아파트,1996,개인,,,"36,000",7,1,2026,중개거래,서울 도봉구,59.88,13,731,N,26.01.26,11320,개인,방학동,도봉구
,신동아아파트1,1986,개인,,,"42,000",6,1,2026,중개거래,"서울 도봉구, 서울 성북구",62.22,6,271-1,N,,11320,개인,방학동,도봉구
,신동아아파트1,1986,개인,,,"28,500",7,1,2026,중개거래,서울 도봉구,43.35,6,271-1,N,,11320,개인,방학동,도봉구
101동,창동현대타운,1999,개인,,,"41,000",6,1,2026,중개거래,서울 도봉구,57.93,2,812,N,26.01.30,11320,개인,창동,도봉구
,서원,1996,개인,,,"35,100",6,1,2026,중개거래,서울 도봉구,49.77,1,641,N,,11320,개인,도봉동,도봉구
,태영데시앙,2003,개인,,,"81,200",6,1,2026,중개거래,서울 도봉구,84.995,19,819,N,,11320,개인,창동,도봉구
,신동아아파트1,1986,개인,,,"30,000",6,1,2026,중개거래,서울 도봉구,51.27,1,271-1,N,,11320,개인,방학동,도봉구
,창동주공3단지(해등마을),1990,개인,,,"65,000",5,1,2026,중개거래,서울 도봉구,58.01,7,347,N,,11320,개인,창동,도봉구
,북한산한신휴플러스,2007,개인,,,"89,500",3,1,2026,중개거래,서울 도봉구,114.5534,5,826,N,,11320,개인,창동,도봉구
,대우그린,2000,개인,,,"60,500",3,1,2026,중개거래,서울 도봉구,59.97,7,814,N,,11320,개인,창동,도봉구
,금광포란재아파트,2005,개인,,,"51,700",3,1,2026,중개거래,서울 도봉구,59.611,4,714-1,N,,11320,개인,방학동,도봉구
,동아청솔,1997,개인,,,"103,000",2,1,2026,중개거래,서울 도봉구,84.97,19,808,N,,11320,개인,창동,도봉구
,초안산신도브래뉴,2005,개인,,,"58,800",2,1,2026,중개거래,"서울 강북구, 서울 도봉구",78.2974,9,821,N,,11320,개인,창동,도봉구
1703,주공17단지,1989,개인,,,"32,500",1,1,2026,중개거래,"서울 노원구, 서울 도봉구",36.16,6,38,N,26.01.06,11320,개인,창동,도봉구
106,현대1,1990,개인,,,"29,500",7,1,2026,중개거래,서울 도봉구,44.55,11,54,N,26.02.02,11320,개인,쌍문동,도봉구
,창동주공2단지,1990,개인,,,"38,500",14,2,2026,중개거래,서울 도봉구,36.16,11,316,N,,11320,개인,창동,도봉구
,주공19단지(창동리버타운),1988,개인,,,"109,500",12,2,2026,중개거래,서울 도봉구,90.94,4,27,N,,11320,개인,창동,도봉구
,창동주공1단지,1990,개인,,,"54,000",12,2,2026,중개거래,서울 도봉구,49.94,3,305,N,,11320,개인,창동,도봉구
,대상타운현대아파트,2001,개인,,,"65,000",13,2,2026,중개거래,"서울 노원구, 서울 도봉구",60.0,1,720-1,N,,11320,개인,방학동,도봉구
,래미안도봉,2005,개인,,,"54,000",11,2,2026,중개거래,서울 도봉구,59.25,1,655,N,,11320,개인,도봉동,도봉구
,서울가든,1987,개인,,,"40,000",12,2,2026,중개거래,서울 도봉구,75.33,10,555,N,,11320,개인,도봉동,도봉구
,창동주공1단지,1990,개인,,,"46,500",12,2,2026,중개거래,서울 도봉구,44.89,11,305,N,,11320,개인,창동,도봉구
,창동주공3단지(해등마을),1990,개인,,,"52,000",11,2,2026,중개거래,서울 도봉구,41.3,7,347,N,,11320,개인,창동,도봉구
,동익미라벨,1987,개인,,,"32,200",11,2,2026,중개거래,서울 도봉구,65.42,13,285-5,N,,11320,개인,쌍문동,도봉구
,대우,1995,개인,,,"70,000",11,2,2026,중개거래,"서울 노원구, 서울 도봉구",84.88,7,804,N,,11320,개인,창동,도봉구
,창동2차현대,2001,개인,,,"86,000",11,2,2026,중개거래,서울 도봉구,84.504,21,815,N,,11320,개인,창동,도봉구
,주공17단지,1989,개인,,,"28,500",7,2,2026,중개거래,서울 도봉구,36.16,1,38,N,,11320,개인,창동,도봉구
,청구아파트,1994,개인,,,"52,000",11,2,2026,중개거래,서울 도봉구,84.97,2,734,N,,11320,개인,방학동,도봉구
,북한산코오롱하늘채,2014,개인,,,"74,800",11,2,2026,중개거래,서울 도봉구,84.98,9,732,N,,11320,개인,쌍문동,도봉구
,한신,1995,개인,,,"57,500",4,2,2026,중개거래,서울 도봉구,84.94,17,30-1,N,,11320,개인,도봉동,도봉구
,대동,1999,개인,,,"57,000",8,2,2026,중개거래,서울 도봉구,79.68,14,811,N,,11320,개인,창동,도봉구
,대우그린,2000,개인,,,"78,900",11,2,2026,중개거래,서울 도봉구,84.93,15,814,N,,11320,개인,창동,도봉구
,파크힐,2013,개인,,,"35,500",5,2,2026,중개거래,서울 도봉구,59.03,4,443-4,N,,11320,개인,창동,도봉구
,금호2,1991,개인,,,"50,500",6,2,2026,직거래,,84.46,4,산69-1,N,,11320,개인,쌍문동,도봉구
,방학지음재힐스,2018,개인,,,"12,000",7,2,2026,중개거래,서울 도봉구,14.86,11,717-2,N,,11320,개인,방학동,도봉구
,창동주공3단지(해등마을),1990,개인,,,"55,000",3,2,2026,중개거래,서울 도봉구,45.77,2,347,N,,11320,개인,창동,도봉구
,주공19단지(창동리버타운),1988,개인,,,"80,500",10,2,2026,중개거래,서울 도봉구,59.39,3,27,N,,11320,개인,창동,도봉구
,쌍용,1997,개인,,,"75,000",10,2,2026,중개거래,서울 도봉구,59.88,3,807,N,,11320,개인,창동,도봉구
,서원,1996,개인,,,"35,800",7,2,2026,중개거래,"서울 강북구, 서울 도봉구",49.77,8,641,N,,11320,개인,도봉동,도봉구
,서원,1996,개인,,,"37,000",7,2,2026,중개거래,서울 도봉구,49.77,11,641,N,,11320,개인,도봉동,도봉구
,한신,1995,개인,,,"56,500",9,2,2026,중개거래,서울 도봉구,84.94,2,30-1,N,,11320,개인,도봉동,도봉구
,신동아아파트1,1986,개인,,,"37,500",9,2,2026,중개거래,"서울 노원구, 서울 도봉구",53.16,6,271-1,N,,11320,개인,방학동,도봉구
,신동아아파트1,1986,개인,,,"37,000",3,2,2026,중개거래,서울 도봉구,53.16,2,271-1,N,,11320,개인,방학동,도봉구
,금성파크B동,2003,개인,,,"37,900",9,2,2026,중개거래,서울 강북구,73.9,3,665-26,N,,11320,개인,창동,도봉구
,신일라이프,2002,개인,,,"46,500",9,2,2026,중개거래,서울 도봉구,81.68,11,726,N,,11320,개인,쌍문동,도봉구
,태영데시앙,2003,개인,,,"75,500",7,2,2026,중개거래,서울 도봉구,84.995,21,819,N,,11320,개인,창동,도봉구
,창동주공3단지(해등마을),1990,개인,,,"69,700",6,2,2026,중개거래,서울 도봉구,58.01,8,347,N,,11320,개인,창동,도봉구
,대상타운현대아파트,2001,개인,,,"75,000",7,2,2026,중개거래,서울 도봉구,84.78,2,720-1,N,,11320,개인,방학동,도봉구
,럭키,1992,개인,,,"52,900",5,2,2026,중개거래,서울 도봉구,84.86,4,595,N,,11320,개인,도봉동,도봉구
,주공17단지,1989,개인,,,"26,500",7,2,2026,중개거래,서울 도봉구,36.16,1,38,N,,11320,개인,창동,도봉구
,한신,1995,개인,,,"58,800",7,2,2026,중개거래,서울 도봉구,84.94,17,30-1,N,,11320,개인,도봉동,도봉구
,삼성래미안,1992,개인,,,"92,800",7,2,2026,중개거래,서울 도봉구,84.87,12,45,N,,11320,개인,창동,도봉구
,창동신도브래뉴1차,2003,개인,,,"81,000",6,2,2026,중개거래,서울 도봉구,79.435,23,820,N,,11320,개인,창동,도봉구
,서원,1996,개인,,,"35,900",7,2,2026,중개거래,서울 도봉구,49.77,11,641,N,,11320,개인,도봉동,도봉구
,주공17단지,1989,개인,,,"48,500",7,2,2026,중개거래,서울 도봉구,49.94,12,38,N,,11320,개인,창동,도봉구
,거성학마을아파트,1994,개인,,,"60,000",6,2,2026,중개거래,서울 도봉구,84.93,16,701-15,N,,11320,개인,방학동,도봉구
,상아2차아파트,1988,개인,,,"53,000",6,2,2026,중개거래,서울 도봉구,58.59,2,300,N,,11320,개인,창동,도봉구
,럭키,1992,개인,,,"55,000",5,2,2026,중개거래,서울 도봉구,84.86,5,595,N,,11320,개인,도봉동,도봉구
,창동주공1단지,1990,개인,,,"57,700",5,2,2026,중개거래,서울 도봉구,58.01,4,305,N,,11320,개인,창동,도봉구
,서원,1996,개인,,,"36,700",5,2,2026,중개거래,서울 도봉구,49.77,9,641,N,,11320,개인,도봉동,도봉구
,럭키,1992,개인,,,"54,000",6,2,2026,중개거래,"경기 의정부시, 서울 도봉구",84.86,4,595,N,,11320,개인,도봉동,도봉구
,동아그린,1996,개인,,,"67,900",6,2,2026,중개거래,서울 도봉구,59.96,15,805,N,,11320,개인,창동,도봉구
,창동주공4단지,1991,개인,,,"44,800",2,2,2026,중개거래,서울 도봉구,49.94,2,373,N,,11320,개인,창동,도봉구
,신동아아파트1,1986,개인,,,"46,000",3,2,2026,중개거래,서울 도봉구,70.62,10,271-1,N,,11320,개인,방학동,도봉구
,신창,1998,개인,,,"29,000",5,2,2026,중개거래,서울 도봉구,39.6,9,810,N,,11320,개인,창동,도봉구
,금호1,1990,개인,,,"24,000",4,2,2026,중개거래,서울 도봉구,36.36,2,199-1,N,,11320,개인,쌍문동,도봉구
,서원,1996,개인,,,"35,000",3,2,2026,중개거래,서울 도봉구,49.77,18,641,N,,11320,개인,도봉동,도봉구
,대원그린아파트,1987,개인,,,"30,000",2,2,2026,중개거래,서울 도봉구,53.7,7,444-31,N,,11320,개인,방학동,도봉구
,이에스에이아파트1,2003,개인,,,"65,500",3,2,2026,중개거래,서울 도봉구,84.98,11,718-7,N,,11320,개인,방학동,도봉구
,쌍용,1997,개인,,,"77,500",2,2,2026,중개거래,서울 도봉구,59.88,7,807,N,,11320,개인,창동,도봉구
,창동주공1단지,1990,개인,,,"44,000",3,2,2026,중개거래,서울 도봉구,41.3,6,305,N,,11320,개인,창동,도봉구
,주공17단지,1989,개인,,,"30,800",3,2,2026,중개거래,서울 도봉구,36.16,9,38,N,,11320,개인,창동,도봉구
,삼익세라믹아파트,1988,개인,,,"50,800",2,2,2026,중개거래,서울 도봉구,74.105,5,274,N,,11320,개인,방학동,도봉구
,창동주공1단지,1990,개인,,,"52,000",3,2,2026,중개거래,서울 도봉구,49.94,2,305,N,,11320,개인,창동,도봉구
,창동주공1단지,1990,개인,,,"54,500",3,2,2026,중개거래,서울 도봉구,49.94,12,305,N,,11320,개인,창동,도봉구
,북한산아이파크5차,2004,개인,,,"90,000",2,2,2026,중개거래,서울 도봉구,84.4516,22,825,N,,11320,개인,창동,도봉구
,대상타운현대아파트,2001,개인,,,"96,400",2,2,2026,중개거래,서울 도봉구,133.97,16,720-1,N,,11320,개인,방학동,도봉구
방학지음재힐스,방학지음재힐스,2018,개인,,,"12,000",1,2,2026,중개거래,서울 도봉구,14.86,12,717-2,N,26.02.12,11320,개인,방학동,도봉구
,래미안도봉,2005,개인,,,"60,000",1,2,2026,중개거래,서울 도봉구,59.25,14,655,N,,11320,개인,도봉동,도봉구
,창동주공1단지,1990,개인,,,"45,800",2,2,2026,중개거래,서울 도봉구,45.77,10,305,N,,11320,개인,창동,도봉구
,상계주공9(고층),1988,개인,,,"59,500",26,1,2026,중개거래,서울 노원구,61.52,5,670,N,,11350,개인,상계동,노원구
,보람아파트,1988,개인,,,"48,500",29,1,2026,중개거래,서울 노원구,54.59,10,639,N,,11350,개인,상계동,노원구
,현대,2000,개인,,,"79,500",29,1,2026,중개거래,서울 노원구,59.95,8,929,N,,11350,개인,월계동,노원구
106,대우,1998,개인,,,"69,000",9,1,2026,중개거래,서울 노원구,134.64,6,775,N,26.02.12,11350,개인,월계동,노원구
,우림루미아트1,2004,개인,,,"67,900",31,1,2026,중개거래,서울 노원구,84.887,2,1306,N,,11350,개인,상계동,노원구
,신일,1998,개인,,,"56,800",28,1,2026,중개거래,서울 노원구,84.94,19,589,N,,11350,개인,중계동,노원구
,상계주공6(고층),1988,개인,,,"69,000",29,1,2026,중개거래,서울 노원구,59.39,15,720,N,,11350,개인,상계동,노원구
,월계센트럴아이파크,2020,개인,,,"107,000",30,1,2026,중개거래,서울 노원구,84.99,3,951,N,,11350,개인,월계동,노원구
,은빛1단지,1998,개인,,,"35,900",31,1,2026,중개거래,서울 노원구,39.69,11,1255,N,,11350,개인,상계동,노원구
,서경하누리아파트,2005,개인,,,"39,800",14,1,2026,중개거래,서울 노원구,68.77,5,493-20,N,,11350,개인,공릉동,노원구
,상계주공9(고층),1988,개인,,,"40,000",31,1,2026,중개거래,서울 노원구,41.3,6,670,N,,11350,개인,상계동,노원구
,주공2,1992,개인,,,"58,700",31,1,2026,중개거래,서울 노원구,59.97,11,556,N,,11350,개인,월계동,노원구
,청솔(시영7),1989,개인,,,"44,500",24,1,2026,중개거래,서울 노원구,49.5,1,274,N,,11350,개인,하계동,노원구
,상계주공7(고층),1988,개인,,,"71,000",31,1,2026,중개거래,서울 노원구,58.01,15,691,N,,11350,개인,상계동,노원구
,상계주공4(고층),1988,개인,,,"61,000",19,1,2026,중개거래,서울 노원구,58.01,12,749-5,N,,11350,개인,상계동,노원구
,상계주공4(고층),1988,개인,,,"59,000",21,1,2026,중개거래,서울 노원구,49.94,12,749-5,N,,11350,개인,상계동,노원구
,노원롯데캐슬시그니처,2023,개인,,,"60,000",31,1,2026,중개거래,서울 노원구,39.038,25,1410,N,,11350,개인,상계동,노원구
,상계주공11(고층),1988,개인,,,"55,900",24,1,2026,중개거래,"서울 노원구, 서울 성북구",59.39,2,652,N,,11350,개인,상계동,노원구
,공릉우성아파트,1995,개인,,,"50,500",20,1,2026,중개거래,서울 중랑구,59.44,12,738,N,,11350,개인,공릉동,노원구
,라이프,1993,개인,,,"129,000",19,1,2026,중개거래,"서울 노원구, 서울 도봉구",101.85,7,366,N,,11350,개인,중계동,노원구
,풍림아파트A,2001,개인,,,"72,800",22,1,2026,중개거래,서울 노원구,59.94,19,725,N,,11350,개인,공릉동,노원구
,상계주공6(고층),1988,개인,,,"67,000",7,1,2026,중개거래,서울 노원구,58.01,7,720,N,,11350,개인,상계동,노원구
,대동,1997,개인,,,"56,800",18,1,2026,중개거래,"서울 노원구, 서울 성북구",59.76,9,925,N,,11350,개인,월계동,노원구
,주공10,1995,개인,,,"67,500",23,1,2026,중개거래,서울 노원구,58.14,11,360-16,N,,11350,개인,중계동,노원구
,삼익아파트,1997,개인,,,"52,500",27,1,2026,중개거래,서울 중랑구,59.89,4,690-2,N,,11350,개인,공릉동,노원구
,한일2,2000,개인,,,"62,500",22,1,2026,중개거래,서울 노원구,84.846,1,927,N,,11350,개인,월계동,노원구
,상계주공7(고층),1988,개인,,,"54,000",31,1,2026,중개거래,서울 노원구,45.55,11,691,N,,11350,개인,상계동,노원구
,풍림아파트A,2001,개인,,,"83,700",24,1,2026,중개거래,서울 노원구,84.99,18,725,N,,11350,개인,공릉동,노원구
,임광,1989,개인,,,"110,000",28,1,2026,중개거래,서울 노원구,122.18,15,694,N,,11350,개인,상계동,노원구
,노원롯데캐슬시그니처,2023,개인,,,"109,000",21,1,2026,중개거래,서울 노원구,84.999,21,1410,N,,11350,개인,상계동,노원구
,동아불암,1999,개인,,,"58,800",17,1,2026,중개거래,서울 노원구,84.9,1,1285,N,,11350,개인,상계동,노원구
,상계주공7(고층),1988,개인,,,"65,000",31,1,2026,중개거래,서울 노원구,49.94,7,691,N,,11350,개인,상계동,노원구
,우방아파트,2000,개인,,,"74,500",28,1,2026,중개거래,"서울 노원구, 서울 중랑구",84.881,6,108,N,,11350,개인,공릉동,노원구
,주공5,1992,개인,,,"40,000",21,1,2026,중개거래,서울 노원구,38.64,13,359-1,N,,11350,개인,중계동,노원구
,상계주공7(고층),1988,개인,,,"36,000",29,1,2026,직거래,,45.55,7,691,N,,11350,개인,상계동,노원구
진명비베레,진명비베레,2012,개인,,,"9,500",29,1,2026,직거래,,14.1326,1,395-7,N,26.02.02,11350,개인,공릉동,노원구
,주공2,1992,개인,,,"35,850",29,1,2026,중개거래,서울 노원구,44.52,13,369,N,,11350,개인,중계동,노원구
,은빛1단지,1998,개인,,,"38,000",16,1,2026,중개거래,서울 노원구,49.77,13,1255,N,,11350,개인,상계동,노원구
,주공2,1992,개인,,,"51,000",30,1,2026,중개거래,서울 노원구,58.65,9,556,N,,11350,개인,월계동,노원구
,장미(시영6),1989,개인,,,"50,750",23,1,2026,중개거래,서울 노원구,39.78,9,273,N,,11350,개인,하계동,노원구
,상계주공10(고층),1988,개인,,,"40,500",29,1,2026,중개거래,서울 노원구,45.9,1,666,N,,11350,개인,상계동,노원구
,한일휴니스빌,2013,개인,,,"13,400",22,1,2026,직거래,,13.62,9,683-14,N,26.02.04,11350,개인,공릉동,노원구
,상계주공6(고층),1988,개인,,,"68,000",21,1,2026,중개거래,서울 노원구,58.01,13,720,N,,11350,개인,상계동,노원구
,학여울청구,1999,개인,,,"93,000",23,1,2026,중개거래,서울 노원구,113.51,5,354,N,,11350,개인,하계동,노원구
,상계대림,1989,개인,,,"47,700",29,1,2026,중개거래,서울 노원구,59.67,15,172,N,,11350,개인,상계동,노원구
,상계주공7(고층),1988,개인,,,"50,000",31,1,2026,중개거래,서울 노원구,45.77,15,691,N,,11350,개인,상계동,노원구
,한일2,2000,개인,,,"72,500",31,1,2026,중개거래,서울 노원구,84.846,13,927,N,,11350,개인,월계동,노원구
,상계주공10(고층),1988,개인,,,"57,000",17,1,2026,중개거래,서울 노원구,59.2,1,666,N,,11350,개인,상계동,노원구
,노원롯데캐슬시그니처,2023,개인,,,"79,000",29,1,2026,중개거래,서울 노원구,52.936,11,1410,N,,11350,개인,상계동,노원구
,상계주공1(고층),1988,개인,,,"60,000",31,1,2026,중개거래,서울 노원구,58.01,4,765,N,,11350,개인,상계동,노원구
,노원프레미어스엠코,2016,개인,,,"93,000",30,1,2026,중개거래,서울 노원구,84.0261,29,670-20,N,,11350,개인,공릉동,노원구
,염광,1996,개인,,,"57,900",30,1,2026,중개거래,"서울 강북구, 서울 노원구",59.34,3,445,N,,11350,개인,중계동,노원구
,상계주공1(고층),1988,개인,,,"58,000",29,1,2026,중개거래,서울 노원구,58.01,2,765,N,,11350,개인,상계동,노원구
,노원롯데캐슬시그니처,2023,개인,,,"91,000",14,1,2026,중개거래,서울 노원구,59.975,9,1410,N,,11350,개인,상계동,노원구
,노원롯데캐슬시그니처,2023,개인,,,"84,000",10,1,2026,중개거래,서울 노원구,59.996,1,1410,N,,11350,개인,상계동,노원구
,주공5,1992,개인,,,"74,500",28,1,2026,중개거래,서울 노원구,58.46,11,359-1,N,,11350,개인,중계동,노원구
,상계주공4(고층),1988,개인,,,"58,000",31,1,2026,중개거래,서울 노원구,58.01,2,749-5,N,,11350,개인,상계동,노원구
,상계주공4(고층),1988,개인,,,"47,500",17,1,2026,중개거래,서울 노원구,41.3,7,749-5,N,,11350,개인,상계동,노원구
,공릉동한보에센시티아파트,2000,개인,,,"67,000",31,1,2026,중개거래,서울 노원구,84.93,1,743,N,,11350,개인,공릉동,노원구
,코오롱,1997,개인,,,"69,000",31,1,2026,중개거래,서울 노원구,84.9,8,1281,N,,11350,개인,상계동,노원구
,상계주공6(고층),1988,개인,,,"71,100",31,1,2026,중개거래,서울 노원구,58.01,2,720,N,,11350,개인,상계동,노원구
,상계주공9(고층),1988,개인,,,"41,300",31,1,2026,중개거래,서울 노원구,41.3,13,670,N,,11350,개인,상계동,노원구
,상계주공1(고층),1988,개인,,,"60,000",31,1,2026,중개거래,서울 노원구,58.01,5,765,N,,11350,개인,상계동,노원구
,주공5,1992,개인,,,"49,000",31,1,2026,중개거래,서울 노원구,44.52,9,359-1,N,,11350,개인,중계동,노원구
,상계주공4(고층),1988,개인,,,"41,000",28,1,2026,중개거래,서울 노원구,41.3,15,749-5,N,,11350,개인,상계동,노원구
,성원(사슴4),1995,개인,,,"47,700",31,1,2026,중개거래,서울 노원구,49.92,14,322-1,N,,11350,개인,월계동,노원구
,태강아파트(아이파크),1999,개인,,,"59,800",30,1,2026,중개거래,서울 노원구,49.6,15,81,N,,11350,개인,공릉동,노원구
,신도1차아파트,2002,개인,,,"80,000",30,1,2026,중개거래,서울 노원구,81.2768,4,748,N,,11350,개인,공릉동,노원구
,시영3차(라이프)아파트,1994,개인,,,"32,600",30,1,2026,중개거래,서울 노원구,39.6,1,715,N,,11350,개인,공릉동,노원구
,미성,1986,개인,,,"84,000",30,1,2026,중개거래,서울 노원구,50.14,10,13,N,,11350,개인,월계동,노원구
,한신1차,1987,개인,,,"39,000",30,1,2026,중개거래,서울 노원구,53.96,5,135,N,,11350,개인,상계동,노원구
,중계3벽산,1999,개인,,,"61,000",30,1,2026,중개거래,서울 노원구,59.88,5,592,N,,11350,개인,중계동,노원구
,보람아파트,1988,개인,,,"51,000",22,1,2026,중개거래,서울 노원구,54.59,8,639,N,,11350,개인,상계동,노원구
,건영,1988,개인,,,"82,000",30,1,2026,중개거래,서울 노원구,84.93,15,271-3,N,,11350,개인,하계동,노원구
,우림루미아트1,2004,개인,,,"75,500",29,1,2026,중개거래,서울 노원구,84.887,7,1306,N,,11350,개인,상계동,노원구
,서광,1994,개인,,,"61,500",23,1,2026,중개거래,서울 노원구,59.96,6,922,N,,11350,개인,월계동,노원구
,노원롯데캐슬시그니처,2023,개인,,,"91,800",29,1,2026,중개거래,서울 노원구,59.975,13,1410,N,,11350,개인,상계동,노원구
,중계무지개,1991,개인,,,"41,700",30,1,2026,중개거래,서울 노원구,39.96,5,512,N,,11350,개인,중계동,노원구
,보람아파트,1988,개인,,,"59,000",30,1,2026,중개거래,서울 노원구,68.99,4,639,N,,11350,개인,상계동,노원구
,상계주공14(고층),1989,개인,,,"55,400",30,1,2026,중개거래,서울 노원구,59.39,4,626,N,,11350,개인,상계동,노원구
,상계주공9(고층),1988,개인,,,"42,000",31,1,2026,중개거래,서울 노원구,45.55,8,670,N,,11350,개인,상계동,노원구
,주공10,1995,개인,,,"69,900",30,1,2026,중개거래,서울 노원구,58.14,5,360-16,N,,11350,개인,중계동,노원구
,상계주공9(고층),1988,개인,,,"59,900",13,1,2026,중개거래,서울 노원구,61.52,9,670,N,,11350,개인,상계동,노원구
,상계1차현대아파트,1993,개인,,,"52,000",29,1,2026,중개거래,서울 노원구,83.92,1,1055,N,,11350,개인,상계동,노원구
,화랑타운아파트,2000,개인,,,"82,500",24,1,2026,중개거래,서울 노원구,84.65,7,111,N,,11350,개인,공릉동,노원구
,시영2단지(라이프)아파트,1994,개인,,,"29,900",30,1,2026,중개거래,서울 노원구,34.44,8,707,N,,11350,개인,공릉동,노원구
,주공4,1991,개인,,,"96,800",30,1,2026,중개거래,서울 노원구,84.79,13,358-2,N,,11350,법인,중계동,노원구
,한신1,1988,개인,,,"29,500",29,1,2026,중개거래,서울 노원구,27.0,2,284,N,,11350,개인,하계동,노원구
,초안2,1997,개인,,,"26,800",26,1,2026,중개거래,서울 노원구,39.6,5,924,N,,11350,개인,월계동,노원구
,상계주공7(고층),1988,개인,,,"62,000",28,1,2026,중개거래,서울 노원구,49.94,10,691,N,,11350,개인,상계동,노원구
,은빛2단지,1998,개인,,,"53,000",29,1,2026,중개거래,서울 노원구,59.95,11,1256,N,,11350,개인,상계동,노원구
,양지마을(대림)2,1999,개인,,,"97,200",30,1,2026,중개거래,서울 노원구,84.88,21,588,N,,11350,개인,중계동,노원구
,상계주공16(고층),1988,개인,,,"51,000",29,1,2026,중개거래,서울 노원구,59.39,9,624,N,,11350,개인,상계동,노원구
,상계주공1(고층),1988,개인,,,"41,000",29,1,2026,중개거래,서울 노원구,41.3,2,765,N,,11350,개인,상계동,노원구
,노원롯데캐슬시그니처,2023,개인,,,"89,500",29,1,2026,중개거래,서울 노원구,59.996,8,1410,N,,11350,개인,상계동,노원구
,중계그린1단지,1990,개인,,,"68,000",29,1,2026,중개거래,"서울 강남구, 서울 노원구",59.46,8,502-1,N,,11350,개인,중계동,노원구
,대림벽산(363),1993,개인,,,"149,000",29,1,2026,중개거래,서울 노원구,141.45,5,363,N,,11350,개인,중계동,노원구
,주공8,1993,개인,,,"54,000",29,1,2026,중개거래,서울 노원구,49.72,9,362-1,N,,11350,개인,중계동,노원구
,상계주공9(고층),1988,개인,,,"52,700",28,1,2026,중개거래,서울 노원구,49.94,6,670,N,,11350,개인,상계동,노원구
,한양,1988,개인,,,"76,800",29,1,2026,중개거래,서울 노원구,87.49,9,757,N,,11350,개인,상계동,노원구
,한신2차,1988,개인,,,"46,000",29,1,2026,중개거래,서울 노원구,58.46,2,451,N,,11350,개인,상계동,노원구
,벽산,1989,개인,,,"50,900",29,1,2026,중개거래,서울 노원구,59.9,11,173-1,N,,11350,개인,상계동,노원구
,주공10,1995,개인,,,"70,100",29,1,2026,중개거래,서울 노원구,58.14,5,360-16,N,,11350,개인,중계동,노원구
,상계주공14(고층),1989,개인,,,"40,800",29,1,2026,중개거래,서울 노원구,41.3,8,626,N,,11350,개인,상계동,노원구
,성원(사슴4),1995,개인,,,"37,500",18,1,2026,중개거래,서울 노원구,39.6,14,322-1,N,,11350,개인,월계동,노원구
1618,상계주공16(고층),1988,개인,,,"48,500",29,1,2026,중개거래,서울 노원구,59.39,2,624,N,26.02.12,11350,개인,상계동,노원구
,상계주공7(고층),1988,개인,,,"52,000",26,1,2026,중개거래,서울 노원구,41.3,4,691,N,,11350,개인,상계동,노원구
,진명비베레,2012,개인,26.02.04,O,"9,500",28,1,2026,직거래,,14.1326,1,395-7,N,,11350,개인,공릉동,노원구
,태강아파트(아이파크),1999,개인,,,"66,500",15,1,2026,중개거래,서울 노원구,59.34,11,81,N,,11350,개인,공릉동,노원구
,태강아파트(아이파크),1999,개인,,,"67,700",29,1,2026,중개거래,서울 노원구,59.38,13,81,N,,11350,개인,공릉동,노원구
,롯데우성,1993,개인,,,"145,000",29,1,2026,중개거래,"서울 노원구, 전남 나주시",115.26,7,361-1,N,,11350,개인,중계동,노원구
704,주공7,1993,개인,,,"38,500",13,1,2026,중개거래,서울 노원구,44.1,4,363-1,N,26.02.13,11350,개인,중계동,노원구
,수락파크빌,2001,개인,,,"78,700",7,1,2026,중개거래,서울 노원구,84.62,4,1269,N,,11350,기타,상계동,노원구
,상계대림,1989,개인,,,"64,500",7,1,2026,중개거래,서울 노원구,84.91,12,172,N,,11350,개인,상계동,노원구
,상계주공10(고층),1988,개인,,,"65,000",26,1,2026,중개거래,서울 노원구,59.39,15,666,N,,11350,개인,상계동,노원구
,상계주공1(고층),1988,개인,,,"56,700",15,1,2026,중개거래,서울 노원구,59.2,6,765,N,,11350,개인,상계동,노원구
,상계주공16(고층),1988,개인,,,"38,200",26,1,2026,중개거래,서울 노원구,45.77,6,624,N,,11350,개인,상계동,노원구
,중앙하이츠,1998,개인,,,"71,000",23,1,2026,중개거래,서울 노원구,84.98,9,161-1,N,,11350,개인,중계동,노원구
,상계1차현대아파트,1993,개인,,,"52,500",29,1,2026,중개거래,서울 노원구,82.94,3,1055,N,,11350,개인,상계동,노원구
,상계주공7(고층),1988,개인,,,"62,000",26,1,2026,중개거래,서울 노원구,49.94,2,691,N,,11350,개인,상계동,노원구
,보람아파트,1988,개인,,,"58,000",28,1,2026,중개거래,서울 노원구,68.99,15,639,N,,11350,개인,상계동,노원구
,보람아파트,1988,개인,,,"49,000",23,1,2026,중개거래,서울 노원구,54.59,6,639,N,,11350,개인,상계동,노원구
,보람아파트,1988,개인,,,"60,000",28,1,2026,중개거래,서울 노원구,68.99,8,639,N,,11350,개인,상계동,노원구
,상계주공12(고층),1988,개인,,,"55,000",28,1,2026,중개거래,"경기 의정부시, 서울 노원구",49.94,4,647,N,,11350,개인,상계동,노원구
,은빛2단지,1998,개인,,,"44,200",19,1,2026,중개거래,서울 노원구,49.77,8,1256,N,,11350,개인,상계동,노원구
,우방아파트,2000,개인,,,"75,000",21,1,2026,중개거래,"서울 노원구, 서울 중랑구",84.881,2,108,N,,11350,개인,공릉동,노원구
,극동,1988,개인,,,"69,500",28,1,2026,중개거래,서울 노원구,70.56,5,271-3,N,,11350,개인,하계동,노원구
,보람아파트,1988,개인,,,"47,000",24,1,2026,중개거래,서울 노원구,54.59,2,639,N,,11350,개인,상계동,노원구
,대동아파트2,1999,개인,,,"53,500",24,1,2026,중개거래,서울 노원구,59.34,8,380-1,N,,11350,개인,공릉동,노원구
,학여울청구,1999,개인,,,"83,000",28,1,2026,중개거래,서울 노원구,113.51,1,354,N,,11350,개인,하계동,노원구
,상계주공7(고층),1988,개인,,,"54,500",28,1,2026,중개거래,서울 노원구,41.3,13,691,N,,11350,개인,상계동,노원구
,주공2,1992,개인,,,"35,200",28,1,2026,중개거래,서울 노원구,44.52,4,369,N,,11350,개인,중계동,노원구
,풍림아파트B,2001,개인,,,"29,700",27,1,2026,중개거래,서울 노원구,31.32,9,727,N,,11350,개인,공릉동,노원구
,상계주공7(고층),1988,개인,,,"51,900",28,1,2026,중개거래,서울 노원구,45.9,8,691,N,,11350,개인,상계동,노원구
,삼익포레스트아파트,1995,개인,,,"69,700",23,1,2026,중개거래,서울 노원구,84.6,7,737,N,,11350,개인,공릉동,노원구
,주공2,1992,개인,,,"36,550",26,1,2026,중개거래,서울 노원구,44.52,8,369,N,,11350,개인,중계동,노원구
,상계주공9(고층),1988,개인,,,"40,500",24,1,2026,중개거래,서울 노원구,45.9,11,670,N,,11350,개인,상계동,노원구
,상계1차중앙하이츠,1997,개인,,,"56,000",23,1,2026,중개거래,서울 노원구,59.82,12,1279,N,,11350,개인,상계동,노원구
,시영3차(라이프)아파트,1994,개인,,,"30,000",28,1,2026,중개거래,서울 노원구,34.44,15,715,N,,11350,개인,공릉동,노원구
,대우,1998,개인,,,"50,000",5,1,2026,직거래,,99.98,4,775,N,,11350,개인,월계동,노원구
,우남그랜드,2001,개인,,,"68,000",27,1,2026,중개거래,서울 노원구,84.73,3,930,N,,11350,개인,월계동,노원구
,상계주공4(고층),1988,개인,,,"59,500",27,1,2026,중개거래,서울 노원구,49.94,11,749-5,N,,11350,개인,상계동,노원구
,주공8,1993,개인,,,"56,000",27,1,2026,중개거래,서울 노원구,49.72,7,362-1,N,,11350,개인,중계동,노원구
,비선아파트,1999,개인,,,"42,000",27,1,2026,중개거래,서울 노원구,48.93,10,109,N,,11350,개인,공릉동,노원구
,염광,1996,개인,,,"92,000",24,1,2026,중개거래,서울 노원구,123.41,14,445,N,,11350,개인,중계동,노원구
,상계주공10(저층),1988,개인,,,"58,000",22,1,2026,중개거래,서울 노원구,54.54,3,666,N,,11350,개인,상계동,노원구
,상계주공6(고층),1988,개인,,,"66,000",16,1,2026,중개거래,서울 노원구,58.01,7,720,N,,11350,개인,상계동,노원구
,청솔(시영7),1989,개인,,,"46,800",27,1,2026,중개거래,서울 노원구,49.5,2,274,N,,11350,개인,하계동,노원구
,건영,1988,개인,,,"64,500",27,1,2026,중개거래,서울 노원구,65.43,1,271-3,N,,11350,개인,하계동,노원구
,미라보(성림),2006,개인,,,"47,900",21,1,2026,중개거래,서울 노원구,84.5,1,1320,N,,11350,개인,상계동,노원구
,시영2단지(라이프)아파트,1994,개인,,,"30,900",22,1,2026,중개거래,서울 노원구,39.6,1,707,N,,11350,개인,공릉동,노원구
,동신아파트,1999,개인,,,"60,000",19,1,2026,중개거래,서울 노원구,59.99,20,745,N,,11350,개인,공릉동,노원구
,상계주공7(고층),1988,개인,,,"72,000",24,1,2026,중개거래,"서울 노원구, 서울 성북구",58.01,5,691,N,,11350,개인,상계동,노원구
,상계주공7(고층),1988,개인,,,"72,500",26,1,2026,중개거래,서울 노원구,58.01,13,691,N,,11350,개인,상계동,노원구
,상계주공11(고층),1988,개인,,,"57,700",24,1,2026,중개거래,서울 노원구,58.01,15,652,N,,11350,개인,상계동,노원구
,상계주공7(고층),1988,개인,,,"54,800",26,1,2026,중개거래,서울 노원구,45.55,5,691,N,,11350,개인,상계동,노원구
,상계주공6(고층),1988,개인,,,"65,000",22,1,2026,중개거래,서울 노원구,49.94,8,720,N,,11350,개인,상계동,노원구
,코오롱,1997,개인,,,"54,000",26,1,2026,중개거래,"경기 성남시 중원구, 서울 노원구",59.94,6,1281,N,,11350,개인,상계동,노원구
,주공5,1992,개인,,,"99,000",26,1,2026,중개거래,서울 노원구,76.51,2,359-1,N,,11350,개인,중계동,노원구
,상계2차중앙하이츠,1998,개인,,,"60,000",26,1,2026,중개거래,서울 노원구,59.82,1,1282,N,,11350,개인,상계동,노원구
,동신,1983,개인,,,"86,000",24,1,2026,중개거래,"서울 노원구, 서울 성북구",91.54,2,436,N,,11350,개인,월계동,노원구
,삼익선경,1993,개인,,,"87,000",26,1,2026,중개거래,서울 노원구,107.95,3,255-1,N,,11350,개인,하계동,노원구
,건영3,1995,개인,,,"124,000",26,1,2026,중개거래,서울 노원구,84.9,14,360-15,N,,11350,개인,중계동,노원구
,장미(시영6),1989,개인,,,"66,000",24,1,2026,중개거래,서울 노원구,49.5,7,273,N,,11350,개인,하계동,노원구
,태릉해링턴플레이스,2022,개인,,,"88,800",26,1,2026,중개거래,서울 노원구,59.98,21,758,N,,11350,개인,공릉동,노원구
,양지마을(대림)2,1999,개인,,,"69,900",26,1,2026,중개거래,서울 노원구,59.4,20,588,N,,11350,개인,중계동,노원구
,상계주공9(고층),1988,개인,,,"57,000",22,1,2026,중개거래,서울 노원구,61.52,15,670,N,,11350,개인,상계동,노원구
,상계주공16(고층),1988,개인,,,"37,700",13,1,2026,중개거래,서울 노원구,45.77,4,624,N,,11350,개인,상계동,노원구
,상계주공11(고층),1988,개인,,,"70,900",11,1,2026,중개거래,서울 노원구,68.86,11,652,N,,11350,개인,상계동,노원구
,상계주공1(고층),1988,개인,,,"33,800",26,1,2026,중개거래,서울 노원구,32.39,3,765,N,,11350,개인,상계동,노원구
,노원센트럴푸르지오,2021,개인,,,"83,500",24,1,2026,중개거래,서울 노원구,59.994,3,1355,N,,11350,개인,상계동,노원구
,코오롱,1997,개인,,,"56,000",24,1,2026,중개거래,서울 노원구,59.94,9,1281,N,,11350,개인,상계동,노원구
,상계주공12(고층),1988,개인,,,"57,500",18,1,2026,중개거래,"서울 노원구, 인천 미추홀구",61.52,15,647,N,,11350,개인,상계동,노원구
,상계주공2(고층),1987,개인,,,"61,000",17,1,2026,중개거래,서울 노원구,58.01,15,740,N,,11350,개인,상계동,노원구
,상계신동아,1995,개인,,,"57,000",26,1,2026,중개거래,서울 노원구,84.99,12,463,N,,11350,개인,상계동,노원구
,상계주공7(고층),1988,개인,,,"73,000",21,1,2026,중개거래,서울 노원구,58.01,14,691,N,,11350,개인,상계동,노원구
,대동,1997,개인,,,"55,000",23,1,2026,중개거래,서울 노원구,59.76,4,925,N,,11350,개인,월계동,노원구
,상계주공1(고층),1988,개인,,,"51,000",23,1,2026,중개거래,서울 노원구,49.94,7,765,N,,11350,개인,상계동,노원구
,한일2,2000,개인,26.02.05,O,"62,500",22,1,2026,중개거래,서울 노원구,84.846,1,927,N,,11350,개인,월계동,노원구
,하계2현대,1997,개인,,,"86,000",24,1,2026,중개거래,서울 노원구,84.51,10,288,N,,11350,개인,하계동,노원구
,공릉동한보에센시티아파트,2000,개인,,,"51,000",25,1,2026,중개거래,서울 노원구,59.4,3,743,N,,11350,개인,공릉동,노원구
,태강아파트(아이파크),1999,개인,,,"57,500",25,1,2026,중개거래,서울 노원구,49.6,13,81,N,,11350,개인,공릉동,노원구
,은빛2단지,1998,개인,,,"35,000",24,1,2026,중개거래,서울 노원구,39.7,13,1256,N,,11350,개인,상계동,노원구
,상계주공16(고층),1988,개인,,,"69,000",24,1,2026,중개거래,"서울 노원구, 서울 성북구",79.07,3,624,N,,11350,개인,상계동,노원구
,주공7,1993,개인,,,"37,500",24,1,2026,중개거래,서울 노원구,44.1,13,363-1,N,,11350,개인,중계동,노원구
,한신1,1988,개인,,,"43,000",24,1,2026,중개거래,서울 노원구,44.52,1,284,N,,11350,개인,하계동,노원구
,염광,1996,개인,,,"89,800",24,1,2026,중개거래,서울 노원구,131.25,13,445,N,,11350,개인,중계동,노원구
,주공5,1992,개인,26.02.19,O,"113,500",24,1,2026,중개거래,서울 노원구,84.79,14,359-1,N,,11350,개인,중계동,노원구
,상계주공7(고층),1988,개인,,,"73,000",24,1,2026,중개거래,서울 노원구,59.39,10,691,N,,11350,개인,상계동,노원구
,태강아파트(아이파크),1999,개인,,,"57,500",24,1,2026,중개거래,서울 노원구,49.6,13,81,N,,11350,개인,공릉동,노원구
,한진한화그랑빌,2002,개인,,,"104,500",24,1,2026,중개거래,서울 노원구,84.97,11,18,N,,11350,개인,월계동,노원구
,한양,1988,개인,,,"74,500",24,1,2026,중개거래,서울 노원구,87.49,14,757,N,,11350,개인,상계동,노원구
,현대,1988,개인,,,"93,500",23,1,2026,중개거래,"서울 노원구, 서울 중랑구",71.68,2,270,N,,11350,개인,하계동,노원구
,상계주공6(고층),1988,개인,,,"69,500",15,1,2026,중개거래,서울 노원구,59.39,11,720,N,,11350,개인,상계동,노원구
,한진한화그랑빌,2002,개인,,,"95,000",24,1,2026,중개거래,서울 노원구,84.97,25,18,N,,11350,개인,월계동,노원구
,학여울청구,1999,개인,,,"65,000",23,1,2026,중개거래,서울 노원구,59.4,14,354,N,,11350,개인,하계동,노원구
,성원1,1996,개인,,,"78,000",22,1,2026,중개거래,서울 노원구,59.75,18,580,N,,11350,개인,중계동,노원구
,한진한화그랑빌,2002,개인,,,"85,500",23,1,2026,중개거래,서울 노원구,59.94,14,18,N,,11350,개인,월계동,노원구
,우성,1988,개인,,,"133,500",23,1,2026,중개거래,서울 노원구,127.22,8,270,N,,11350,개인,하계동,노원구
,학여울청구,1999,개인,,,"90,500",23,1,2026,중개거래,서울 노원구,113.51,16,354,N,,11350,개인,하계동,노원구
,상계주공6(고층),1988,개인,,,"50,000",23,1,2026,중개거래,서울 노원구,41.3,7,720,N,,11350,개인,상계동,노원구
,성원(사슴4),1995,개인,,,"59,600",18,1,2026,중개거래,서울 노원구,59.94,11,322-1,N,,11350,개인,월계동,노원구
,한양,1988,개인,,,"69,200",23,1,2026,중개거래,"경기 구리시, 서울 노원구",86.62,12,757,N,,11350,개인,상계동,노원구
,학여울청구,1999,개인,,,"88,500",23,1,2026,중개거래,서울 노원구,84.77,12,354,N,,11350,개인,하계동,노원구
,장미(시영6),1989,개인,,,"49,500",22,1,2026,중개거래,서울 노원구,39.92,10,273,N,,11350,개인,하계동,노원구
,태강아파트(아이파크),1999,개인,,,"58,000",22,1,2026,중개거래,서울 노원구,49.6,4,81,N,,11350,개인,공릉동,노원구
,건영3,1995,개인,,,"120,000",23,1,2026,중개거래,서울 노원구,84.9,2,360-15,N,,11350,개인,중계동,노원구
,주공10,1995,개인,,,"72,000",23,1,2026,중개거래,서울 노원구,58.14,3,360-16,N,,11350,개인,중계동,노원구
,학여울청구,1999,개인,,,"91,000",17,1,2026,중개거래,서울 노원구,113.51,7,354,N,,11350,개인,하계동,노원구
,미륭,1986,개인,,,"84,000",14,1,2026,중개거래,서울 노원구,51.48,10,13,N,,11350,개인,월계동,노원구
,상계주공6(고층),1988,개인,,,"70,000",17,1,2026,중개거래,서울 노원구,58.01,5,720,N,,11350,개인,상계동,노원구
,하계2현대,1997,개인,,,"92,000",23,1,2026,중개거래,서울 노원구,84.896,8,288,N,,11350,개인,하계동,노원구
,상계주공4(고층),1988,개인,,,"51,800",16,1,2026,중개거래,서울 노원구,49.94,2,749-5,N,,11350,개인,상계동,노원구
,벽산,1989,개인,,,"31,000",14,1,2026,중개거래,서울 노원구,38.71,2,173-1,N,,11350,개인,상계동,노원구
,롯데(505),1989,개인,,,"73,700",23,1,2026,중개거래,서울 노원구,72.49,6,505,N,,11350,개인,중계동,노원구
,상계주공12(고층),1988,개인,,,"41,420",23,1,2026,중개거래,서울 노원구,41.3,10,647,N,,11350,개인,상계동,노원구
,청솔아파트9,2000,개인,,,"78,500",11,1,2026,중개거래,서울 노원구,84.99,7,90,N,,11350,개인,공릉동,노원구
,공릉우성아파트,1995,개인,,,"52,400",22,1,2026,중개거래,서울 노원구,59.26,6,738,N,,11350,개인,공릉동,노원구
,상계주공6(고층),1988,개인,,,"69,000",23,1,2026,중개거래,서울 노원구,59.28,5,720,N,,11350,개인,상계동,노원구
,은빛1단지,1998,개인,,,"51,000",20,1,2026,중개거래,서울 노원구,59.95,5,1255,N,,11350,개인,상계동,노원구
,성원1,1996,개인,,,"85,200",19,1,2026,중개거래,서울 노원구,84.78,1,580,N,,11350,개인,중계동,노원구
,삼성,1999,개인,,,"53,000",21,1,2026,중개거래,서울 노원구,59.9,9,593,N,,11350,개인,중계동,노원구
,은빛1단지,1998,개인,,,"50,000",21,1,2026,중개거래,서울 노원구,59.95,7,1255,N,,11350,개인,상계동,노원구
,벽산,1989,개인,,,"33,500",23,1,2026,중개거래,서울 노원구,43.35,6,173-1,N,,11350,개인,상계동,노원구
,태강아파트(아이파크),1999,개인,,,"52,000",19,1,2026,중개거래,서울 노원구,49.6,4,81,N,,11350,개인,공릉동,노원구
,초안산쌍용스윗닷홈,2006,개인,,,"58,800",22,1,2026,중개거래,서울 노원구,84.69,1,945,N,,11350,개인,월계동,노원구
,장미(시영6),1989,개인,,,"49,500",22,1,2026,중개거래,서울 노원구,39.78,4,273,N,,11350,개인,하계동,노원구
,상아,1989,개인,,,"75,500",22,1,2026,중개거래,서울 노원구,72.73,7,505,N,,11350,개인,중계동,노원구
,주공2,1992,개인,,,"33,700",22,1,2026,중개거래,서울 노원구,44.52,15,369,N,,11350,개인,중계동,노원구
,상계주공4(고층),1988,개인,,,"65,000",16,1,2026,중개거래,서울 노원구,59.28,13,749-5,N,,11350,개인,상계동,노원구
,상계주공1(고층),1988,개인,,,"60,000",21,1,2026,중개거래,서울 노원구,58.01,11,765,N,,11350,개인,상계동,노원구
,공릉동한보에센시티아파트,2000,개인,,,"63,000",22,1,2026,중개거래,서울 노원구,84.93,6,743,N,,11350,개인,공릉동,노원구
,양지마을(대림)2,1999,개인,,,"68,000",13,1,2026,중개거래,서울 노원구,59.4,14,588,N,,11350,개인,중계동,노원구
,비선아파트,1999,개인,,,"44,700",21,1,2026,중개거래,서울 노원구,48.6,9,109,N,,11350,개인,공릉동,노원구
,코오롱,1997,개인,,,"68,000",21,1,2026,중개거래,서울 노원구,84.9,10,1281,N,,11350,개인,상계동,노원구
,은빛1단지,1998,개인,26.02.03,O,"38,000",16,1,2026,중개거래,서울 노원구,49.77,13,1255,N,,11350,개인,상계동,노원구
,길성그랑프리텔아파트,2003,개인,,,"53,800",16,1,2026,중개거래,서울 노원구,71.848,3,753,N,,11350,개인,공릉동,노원구
,보람아파트,1988,개인,,,"64,500",22,1,2026,중개거래,서울 노원구,79.25,2,639,N,,11350,개인,상계동,노원구
,현대4차,1995,개인,,,"60,000",22,1,2026,중개거래,서울 노원구,84.99,12,1271,N,,11350,개인,상계동,노원구
,상계주공6(고층),1988,개인,,,"73,500",10,1,2026,중개거래,서울 노원구,58.01,8,720,N,,11350,개인,상계동,노원구
,상계주공6(고층),1988,개인,,,"61,000",21,1,2026,중개거래,서울 도봉구,49.94,10,720,N,,11350,개인,상계동,노원구
,상계주공13(고층),1989,개인,,,"34,000",15,1,2026,중개거래,서울 노원구,41.3,12,637,N,,11350,개인,상계동,노원구
,보람아파트,1988,개인,,,"58,000",22,1,2026,중개거래,서울 노원구,68.99,2,639,N,,11350,개인,상계동,노원구
,상계주공1(저층),1988,개인,,,"72,000",15,1,2026,중개거래,서울 노원구,84.41,4,765,N,,11350,개인,상계동,노원구
,상계주공2(고층),1987,개인,,,"64,800",22,1,2026,중개거래,서울 노원구,58.01,11,740,N,,11350,개인,상계동,노원구
,현대,1988,개인,,,"111,000",19,1,2026,중개거래,서울 노원구,84.95,13,270,N,,11350,개인,하계동,노원구
,태강아파트(아이파크),1999,개인,,,"53,700",22,1,2026,중개거래,서울 노원구,49.6,10,81,N,,11350,개인,공릉동,노원구
,꿈의숲SKVIEW,2016,개인,,,"86,000",20,1,2026,중개거래,서울 노원구,59.92,8,949,N,,11350,개인,월계동,노원구
,태강아파트(아이파크),1999,개인,,,"59,500",16,1,2026,중개거래,서울 노원구,49.6,9,81,N,,11350,개인,공릉동,노원구
124,한진한화그랑빌,2002,개인,,,"68,200",21,1,2026,직거래,,114.97,4,18,N,26.01.26,11350,개인,월계동,노원구
,건영3,1995,개인,,,"123,000",21,1,2026,중개거래,서울 노원구,84.9,12,360-15,N,,11350,개인,중계동,노원구
,동신,1983,개인,,,"87,000",19,1,2026,중개거래,서울 노원구,91.54,6,436,N,,11350,개인,월계동,노원구
,상계주공11(고층),1988,개인,,,"73,500",21,1,2026,중개거래,서울 노원구,68.86,5,652,N,,11350,개인,상계동,노원구
,상계주공9(고층),1988,개인,,,"41,000",20,1,2026,중개거래,서울 노원구,45.9,11,670,N,,11350,개인,상계동,노원구
,보람아파트,1988,개인,,,"50,600",21,1,2026,중개거래,서울 노원구,54.59,11,639,N,,11350,개인,상계동,노원구
1424,상계주공14(고층),1989,개인,,,"39,000",17,1,2026,중개거래,서울 서초구,45.9,9,626,N,26.01.27,11350,개인,상계동,노원구
,중계그린1단지,1990,개인,,,"57,200",12,1,2026,중개거래,서울 노원구,49.5,3,502-1,N,,11350,개인,중계동,노원구
,중계무지개,1991,개인,,,"41,000",9,1,2026,중개거래,서울 노원구,39.82,11,512,N,,11350,개인,중계동,노원구
,상계주공11(고층),1988,개인,,,"60,000",21,1,2026,중개거래,서울 노원구,59.28,15,652,N,,11350,개인,상계동,노원구
,태릉우성아파트,1985,개인,,,"86,000",9,1,2026,중개거래,서울 노원구,84.97,9,254,N,,11350,개인,공릉동,노원구
,서광,1994,개인,,,"81,000",17,1,2026,중개거래,서울 노원구,84.61,7,922,N,,11350,개인,월계동,노원구
,청솔(시영7),1989,개인,,,"52,700",16,1,2026,중개거래,서울 노원구,49.5,4,274,N,,11350,개인,하계동,노원구
,한진한화그랑빌,2002,개인,,,"104,000",21,1,2026,중개거래,"서울 노원구, 서울 성북구",84.97,11,18,N,,11350,개인,월계동,노원구
,현대,2000,개인,,,"72,500",20,1,2026,중개거래,서울 노원구,59.95,5,929,N,,11350,개인,월계동,노원구
,주공2,1992,개인,,,"36,000",21,1,2026,중개거래,서울 노원구,44.52,14,369,N,,11350,개인,중계동,노원구
,주공2,1992,개인,,,"50,800",20,1,2026,중개거래,서울 노원구,58.65,14,556,N,,11350,개인,월계동,노원구
,대동아파트,1999,개인,,,"51,000",7,1,2026,중개거래,서울 노원구,59.83,14,604-11,N,,11350,개인,공릉동,노원구
,벽산,1989,개인,,,"37,400",14,1,2026,중개거래,서울 노원구,43.35,1,173-1,N,,11350,개인,상계동,노원구
307,건영3,1995,개인,,,"124,000",15,1,2026,중개거래,서울 노원구,84.9,5,360-15,N,26.02.05,11350,개인,중계동,노원구
,상계1차현대아파트,1993,개인,,,"55,000",21,1,2026,중개거래,서울 노원구,83.92,3,1055,N,,11350,개인,상계동,노원구
,중계센트럴파크,2016,개인,,,"76,500",20,1,2026,중개거래,서울 노원구,59.75,4,1322,N,,11350,개인,상계동,노원구
,상계주공9(고층),1988,개인,,,"79,000",21,1,2026,중개거래,서울 노원구,79.07,11,670,N,,11350,개인,상계동,노원구
,상계주공9(고층),1988,개인,,,"59,500",21,1,2026,중개거래,"경기 남양주시, 서울 노원구",61.52,10,670,N,,11350,개인,상계동,노원구
,상계주공7(고층),1988,개인,,,"69,000",20,1,2026,중개거래,서울 노원구,59.39,7,691,N,,11350,개인,상계동,노원구
,화랑타운아파트,2000,개인,,,"80,500",20,1,2026,중개거래,서울 노원구,84.65,1,111,N,,11350,개인,공릉동,노원구
,상아,1989,개인,,,"72,700",20,1,2026,중개거래,서울 노원구,72.73,15,505,N,,11350,개인,중계동,노원구
,상계주공9(고층),1988,개인,,,"50,000",10,1,2026,중개거래,서울 노원구,49.94,3,670,N,,11350,개인,상계동,노원구
,태릉해링턴플레이스,2022,개인,,,"119,500",20,1,2026,중개거래,서울 노원구,84.98,12,758,N,,11350,개인,공릉동,노원구
,화랑대디오베이션,2021,개인,,,"66,900",11,1,2026,중개거래,서울 노원구,59.9883,5,760,N,,11350,개인,공릉동,노원구
,노원센트럴푸르지오,2021,개인,,,"87,000",19,1,2026,중개거래,서울 노원구,59.996,5,1355,N,,11350,개인,상계동,노원구
,주공2,1992,개인,,,"70,800",9,1,2026,중개거래,서울 노원구,84.815,9,556,N,,11350,개인,월계동,노원구
,상계주공11(고층),1988,개인,,,"59,900",15,1,2026,중개거래,서울 노원구,58.01,15,652,N,,11350,개인,상계동,노원구
,중계무지개,1991,개인,,,"52,000",20,1,2026,중개거래,서울 노원구,49.54,2,512,N,,11350,개인,중계동,노원구
,주공5,1992,개인,,,"47,000",19,1,2026,중개거래,서울 노원구,44.94,15,359-1,N,,11350,개인,중계동,노원구
,태강아파트(아이파크),1999,개인,,,"53,000",20,1,2026,중개거래,서울 노원구,49.6,2,81,N,,11350,개인,공릉동,노원구
,상계주공3(고층),1987,개인,,,"75,000",19,1,2026,중개거래,서울 노원구,59.39,14,730-2,N,,11350,개인,상계동,노원구
,주공4,1991,개인,,,"64,000",20,1,2026,중개거래,"경기 안양시 만안구, 서울 노원구",59.39,8,358-2,N,,11350,개인,중계동,노원구
,주공8,1993,개인,,,"54,000",20,1,2026,중개거래,"서울 강남구, 서울 노원구",49.72,13,362-1,N,,11350,개인,중계동,노원구
,장미(시영6),1989,개인,,,"51,000",20,1,2026,중개거래,서울 도봉구,49.5,5,273,N,,11350,개인,하계동,노원구
,벽산,1989,개인,,,"30,300",20,1,2026,중개거래,서울 노원구,43.35,2,173-1,N,,11350,개인,상계동,노원구
,청솔(시영7),1989,개인,,,"39,000",20,1,2026,중개거래,서울 노원구,39.78,5,274,N,,11350,개인,하계동,노원구
,한진한화그랑빌,2002,개인,,,"90,000",20,1,2026,중개거래,"서울 노원구, 서울 성북구",84.97,1,18,N,,11350,개인,월계동,노원구
,사슴3,1995,개인,,,"49,800",7,1,2026,중개거래,서울 노원구,49.5,14,320-11,N,,11350,개인,월계동,노원구
,청암2단지,2001,개인,,,"43,400",19,1,2026,중개거래,서울 노원구,49.77,17,1276,N,,11350,개인,상계동,노원구
,동신,1983,개인,,,"77,000",19,1,2026,중개거래,서울 노원구,71.83,6,436,N,,11350,개인,월계동,노원구
,한화꿈에그린,2005,개인,,,"86,800",14,1,2026,중개거래,서울 노원구,84.902,3,598,N,,11350,개인,중계동,노원구
,태강아파트(아이파크),1999,개인,,,"48,500",19,1,2026,중개거래,서울 노원구,49.6,1,81,N,,11350,개인,공릉동,노원구
,상계주공11(고층),1988,개인,,,"43,800",16,1,2026,중개거래,서울 노원구,41.3,6,652,N,,11350,개인,상계동,노원구
1009,태강아파트(아이파크),1999,개인,,,"53,600",8,1,2026,중개거래,서울 노원구,49.6,5,81,N,26.02.11,11350,개인,공릉동,노원구
,미성,1989,개인,,,"73,000",16,1,2026,중개거래,"경기 의정부시, 서울 노원구",72.17,11,280,N,,11350,개인,하계동,노원구
,현대성우아파트,2000,개인,,,"49,500",19,1,2026,중개거래,서울 노원구,59.98,7,741,N,,11350,개인,공릉동,노원구
,상계주공10(고층),1988,개인,,,"59,900",19,1,2026,중개거래,서울 노원구,58.01,5,666,N,,11350,개인,상계동,노원구
,삼익4단지아파트,1994,개인,,,"53,000",13,1,2026,중개거래,서울 노원구,59.04,4,714,N,,11350,개인,공릉동,노원구
,상계주공6(고층),1988,개인,,,"52,700",19,1,2026,중개거래,서울 노원구,41.3,7,720,N,,11350,개인,상계동,노원구
,월계센트럴아이파크,2020,개인,,,"107,000",17,1,2026,중개거래,서울 노원구,84.99,3,951,N,,11350,개인,월계동,노원구
,삼익4단지아파트,1994,개인,,,"47,700",17,1,2026,중개거래,서울 노원구,49.5,12,714,N,,11350,개인,공릉동,노원구
,동양엔파트,2003,개인,,,"86,000",12,1,2026,중개거래,서울 노원구,84.88,17,1305,N,,11350,개인,상계동,노원구
,미라쉘,2018,개인,,,"14,500",19,1,2026,중개거래,서울 노원구,16.69,12,670-6,N,26.01.21,11350,개인,공릉동,노원구
,월계흥화브라운빌,2004,개인,,,"63,000",19,1,2026,중개거래,서울 노원구,84.91,1,939,N,,11350,개인,월계동,노원구
,상계1차중앙하이츠,1997,개인,,,"58,800",17,1,2026,중개거래,서울 노원구,59.82,15,1279,N,,11350,개인,상계동,노원구
,상계주공10(고층),1988,개인,,,"59,000",17,1,2026,중개거래,서울 노원구,59.2,4,666,N,,11350,개인,상계동,노원구
,청솔(시영7),1989,개인,,,"38,000",17,1,2026,중개거래,서울 노원구,39.92,15,274,N,,11350,개인,하계동,노원구
,대동,1997,개인,,,"56,500",18,1,2026,중개거래,서울 노원구,59.76,12,925,N,,11350,개인,월계동,노원구
,상계주공7(고층),1988,개인,,,"51,000",19,1,2026,중개거래,서울 노원구,41.3,11,691,N,,11350,개인,상계동,노원구
,상계주공7(고층),1988,개인,,,"52,200",15,1,2026,중개거래,서울 노원구,45.9,4,691,N,,11350,개인,상계동,노원구
,벽산,1989,개인,,,"68,500",18,1,2026,중개거래,서울 노원구,84.89,6,173-1,N,,11350,개인,상계동,노원구
,동신,1983,개인,,,"85,000",17,1,2026,중개거래,서울 노원구,93.9,1,436,N,,11350,개인,월계동,노원구
,상계주공12(고층),1988,개인,,,"42,000",17,1,2026,중개거래,서울 노원구,41.3,10,647,N,,11350,개인,상계동,노원구
,태강아파트(아이파크),1999,개인,,,"51,000",17,1,2026,중개거래,서울 노원구,49.6,3,81,N,,11350,개인,공릉동,노원구
,상계불암대림,2000,개인,,,"49,800",17,1,2026,중개거래,서울 노원구,59.22,3,1289,N,,11350,개인,상계동,노원구
,사슴3,1995,개인,,,"35,500",16,1,2026,중개거래,서울 노원구,39.6,12,320-11,N,,11350,개인,월계동,노원구
,청구(366),1993,개인,,,"127,500",17,1,2026,중개거래,서울 노원구,115.47,15,366,N,,11350,개인,중계동,노원구
,염광,1996,개인,,,"82,000",17,1,2026,중개거래,서울 노원구,84.5,14,445,N,,11350,개인,중계동,노원구
,장미(시영6),1989,개인,,,"62,000",17,1,2026,중개거래,서울 노원구,49.5,1,273,N,,11350,개인,하계동,노원구
,서광,1994,개인,,,"60,000",17,1,2026,중개거래,서울 노원구,59.96,1,922,N,,11350,개인,월계동,노원구
,태강아파트(아이파크),1999,개인,,,"55,300",17,1,2026,중개거래,서울 노원구,49.6,11,81,N,,11350,개인,공릉동,노원구
,상계주공16(고층),1988,개인,,,"43,700",17,1,2026,중개거래,서울 노원구,59.39,1,624,N,,11350,개인,상계동,노원구
,풍림아파트A,2001,개인,,,"71,000",17,1,2026,중개거래,서울 노원구,59.94,20,725,N,,11350,개인,공릉동,노원구
,상계주공11(고층),1988,개인,,,"45,000",17,1,2026,중개거래,서울 노원구,41.3,9,652,N,,11350,개인,상계동,노원구
,동진신안,1993,개인,,,"140,000",17,1,2026,중개거래,서울 노원구,134.74,1,364,N,,11350,개인,중계동,노원구
,상계주공10(고층),1988,개인,,,"53,700",17,1,2026,중개거래,"서울 노원구, 서울 도봉구",49.94,4,666,N,,11350,개인,상계동,노원구
,상계주공6(고층),1988,개인,,,"73,700",16,1,2026,중개거래,서울 노원구,58.01,9,720,N,,11350,개인,상계동,노원구
,양지마을(대림)2,1999,개인,,,"94,500",16,1,2026,중개거래,서울 노원구,84.88,11,588,N,,11350,개인,중계동,노원구
,하계1청구,1997,개인,,,"87,200",16,1,2026,중개거래,서울 노원구,84.6,13,251,N,,11350,개인,하계동,노원구
,청구(366),1993,개인,,,"123,700",16,1,2026,중개거래,서울 노원구,101.99,10,366,N,,11350,개인,중계동,노원구
,동아불암,1999,개인,,,"50,400",15,1,2026,중개거래,서울 노원구,59.4,13,1285,N,,11350,개인,상계동,노원구
,중계그린1단지,1990,개인,,,"56,000",16,1,2026,중개거래,서울 노원구,49.85,3,502-1,N,,11350,개인,중계동,노원구
,중계무지개,1991,개인,,,"54,500",16,1,2026,중개거래,"서울 강남구, 서울 노원구",49.54,3,512,N,,11350,개인,중계동,노원구
,상계주공1(고층),1988,개인,,,"60,000",8,1,2026,중개거래,서울 노원구,58.01,11,765,N,,11350,개인,상계동,노원구
,중계그린1단지,1990,개인,,,"57,000",13,1,2026,중개거래,서울 노원구,49.5,5,502-1,N,,11350,개인,중계동,노원구
,동신,1983,개인,,,"76,800",16,1,2026,중개거래,서울 노원구,70.81,12,436,N,,11350,개인,월계동,노원구
107,롯데우성,1993,개인,,,"125,000",14,1,2026,중개거래,서울 노원구,115.26,1,361-1,N,26.02.11,11350,개인,중계동,노원구
,주공2,1992,개인,,,"36,000",3,1,2026,중개거래,서울 노원구,44.52,3,369,N,,11350,개인,중계동,노원구
,한진한화그랑빌,2002,개인,,,"81,500",16,1,2026,중개거래,서울 노원구,59.94,3,18,N,,11350,개인,월계동,노원구
,상계주공4(고층),1988,개인,,,"47,500",16,1,2026,중개거래,서울 노원구,41.3,10,749-5,N,,11350,개인,상계동,노원구
,중계무지개,1991,개인,,,"58,000",16,1,2026,중개거래,서울 노원구,49.89,13,512,N,,11350,개인,중계동,노원구
,성원(사슴4),1995,개인,,,"46,000",16,1,2026,중개거래,서울 노원구,49.92,6,322-1,N,,11350,개인,월계동,노원구
,삼호3,1986,개인,,,"98,000",16,1,2026,중개거래,서울 노원구,59.22,12,13,N,,11350,개인,월계동,노원구
,주공4,1991,개인,,,"77,200",12,1,2026,중개거래,서울 노원구,76.51,13,358-2,N,,11350,개인,중계동,노원구
,중계그린1단지,1990,개인,,,"59,000",15,1,2026,중개거래,"서울 강남구, 서울 노원구",49.5,4,502-1,N,,11350,개인,중계동,노원구
,상계2차중앙하이츠,1998,개인,,,"58,500",14,1,2026,중개거래,"서울 강남구, 서울 노원구",59.82,3,1282,N,,11350,개인,상계동,노원구
,청솔아파트8,2000,개인,,,"76,000",10,1,2026,중개거래,서울 노원구,84.83,5,91,N,,11350,개인,공릉동,노원구
,미륭,1986,개인,,,"83,500",15,1,2026,중개거래,서울 노원구,51.48,12,13,N,,11350,개인,월계동,노원구
,양지마을(대림)1,1998,개인,,,"91,000",14,1,2026,중개거래,서울 노원구,84.9,1,587,N,,11350,개인,중계동,노원구
,미륭,1986,개인,,,"83,000",9,1,2026,중개거래,서울 노원구,51.48,9,13,N,,11350,개인,월계동,노원구
,주공8,1993,개인,,,"57,500",15,1,2026,중개거래,서울 노원구,49.72,12,362-1,N,,11350,개인,중계동,노원구
,불암현대,1999,개인,,,"65,000",5,1,2026,중개거래,서울 노원구,84.9,9,1293,N,,11350,개인,상계동,노원구
,현대1(4차),1993,개인,,,"65,500",15,1,2026,중개거래,서울 노원구,84.99,8,577,N,,11350,개인,중계동,노원구
,상계주공1(고층),1988,개인,,,"60,000",15,1,2026,중개거래,서울 노원구,59.28,6,765,N,,11350,개인,상계동,노원구
,동원베네스트,2005,개인,,,"59,500",9,1,2026,중개거래,서울 노원구,59.854,13,940,N,,11350,개인,월계동,노원구
,상계주공4(고층),1988,개인,,,"57,500",14,1,2026,중개거래,서울 노원구,58.01,1,749-5,N,,11350,개인,상계동,노원구
,청구3,1996,개인,,,"132,000",14,1,2026,중개거래,서울 노원구,84.77,7,360-2,N,,11350,개인,중계동,노원구
,염광,1996,개인,,,"58,300",14,1,2026,중개거래,서울 노원구,59.34,15,445,N,,11350,개인,중계동,노원구
,한진한화그랑빌,2002,개인,,,"77,300",12,1,2026,중개거래,서울 노원구,59.94,1,18,N,,11350,개인,월계동,노원구
,상계주공6(고층),1988,개인,,,"40,000",14,1,2026,중개거래,서울 노원구,32.39,1,720,N,,11350,개인,상계동,노원구
,상계주공4(고층),1988,개인,,,"54,000",14,1,2026,중개거래,"서울 노원구, 서울 도봉구",59.2,1,749-5,N,,11350,개인,상계동,노원구
,시영3차(라이프)아파트,1994,개인,,,"32,000",14,1,2026,중개거래,서울 노원구,34.44,6,715,N,,11350,개인,공릉동,노원구
,청구(366),1993,개인,,,"130,500",14,1,2026,중개거래,서울 노원구,115.47,13,366,N,,11350,개인,중계동,노원구
,미성,1989,개인,,,"83,500",13,1,2026,중개거래,서울 노원구,84.94,3,280,N,,11350,개인,하계동,노원구
,상계주공9(고층),1988,개인,26.01.30,O,"59,900",13,1,2026,중개거래,서울 노원구,61.52,9,670,N,,11350,개인,상계동,노원구
,공릉동한보에센시티아파트,2000,개인,,,"54,500",13,1,2026,중개거래,서울 노원구,59.4,11,743,N,,11350,개인,공릉동,노원구
,태릉해링턴플레이스,2022,개인,,,"105,000",13,1,2026,중개거래,서울 노원구,74.95,17,758,N,,11350,개인,공릉동,노원구
402,주공4,1991,개인,,,"45,500",13,1,2026,중개거래,서울 노원구,45.77,7,358-2,N,26.02.05,11350,개인,중계동,노원구
,중계그린1단지,1990,개인,,,"58,000",13,1,2026,중개거래,서울 노원구,49.85,3,502-1,N,,11350,개인,중계동,노원구
,대림,1988,개인,,,"82,700",3,1,2026,중개거래,서울 노원구,93.75,1,695,N,,11350,개인,상계동,노원구
,중계3벽산,1999,개인,,,"59,900",9,1,2026,중개거래,서울 노원구,59.88,3,592,N,,11350,개인,중계동,노원구
,동아불암,1999,개인,,,"50,000",6,1,2026,중개거래,서울 노원구,59.4,7,1285,N,,11350,개인,상계동,노원구
,학여울청구,1999,개인,,,"94,000",10,1,2026,중개거래,서울 노원구,113.51,7,354,N,,11350,개인,하계동,노원구
,중계그린1단지,1990,개인,,,"57,000",13,1,2026,중개거래,서울 노원구,49.5,4,502-1,N,,11350,개인,중계동,노원구
,수락리버시티3단지,2009,개인,,,"67,800",13,1,2026,중개거래,서울 노원구,84.81,15,1312,N,,11350,개인,상계동,노원구
,청솔아파트9,2000,개인,,,"83,000",4,1,2026,중개거래,서울 노원구,84.9,4,90,N,,11350,개인,공릉동,노원구
,금호타운(583),1997,개인,,,"75,500",5,1,2026,중개거래,서울 노원구,84.98,12,583,N,,11350,개인,중계동,노원구
,한진한화그랑빌,2002,개인,,,"84,000",13,1,2026,중개거래,서울 노원구,59.94,9,18,N,,11350,개인,월계동,노원구
112,학여울청구,1999,개인,,,"92,000",7,1,2026,중개거래,서울 노원구,113.51,17,354,N,26.02.10,11350,개인,하계동,노원구
1208,상계주공12(고층),1988,개인,,,"49,900",12,1,2026,중개거래,서울 노원구,49.94,4,647,N,26.01.27,11350,개인,상계동,노원구
,상계주공2(고층),1987,개인,,,"60,000",11,1,2026,중개거래,서울 노원구,58.01,2,740,N,,11350,개인,상계동,노원구
,노원롯데캐슬시그니처,2023,개인,,,"78,900",9,1,2026,중개거래,서울 노원구,52.873,12,1410,N,,11350,개인,상계동,노원구
,두산,1994,개인,,,"49,500",3,1,2026,중개거래,서울 노원구,59.97,6,1110,N,,11350,개인,상계동,노원구
,상계1차중앙하이츠,1997,개인,,,"80,000",10,1,2026,중개거래,서울 노원구,84.6,14,1279,N,,11350,개인,상계동,노원구
,보람아파트,1988,개인,,,"56,000",10,1,2026,중개거래,서울 노원구,68.99,15,639,N,,11350,개인,상계동,노원구
,동신,1983,개인,,,"88,000",11,1,2026,중개거래,서울 노원구,91.54,11,436,N,,11350,개인,월계동,노원구
,청솔(시영7),1989,개인,,,"40,000",7,1,2026,중개거래,"경기 구리시, 서울 노원구",39.78,6,274,N,,11350,개인,하계동,노원구
,상계주공7(고층),1988,개인,,,"71,000",7,1,2026,중개거래,"서울 노원구, 서울 도봉구",58.01,11,691,N,,11350,개인,상계동,노원구
,장미(시영6),1989,개인,,,"51,000",10,1,2026,중개거래,서울 노원구,39.78,10,273,N,,11350,개인,하계동,노원구
,월계센트럴아이파크,2020,개인,,,"115,000",11,1,2026,중개거래,경기 남양주시,84.99,22,951,N,,11350,개인,월계동,노원구
,상계1차중앙하이츠,1997,개인,,,"54,000",11,1,2026,중개거래,서울 노원구,59.82,23,1279,N,,11350,개인,상계동,노원구
,염광,1996,개인,,,"57,900",12,1,2026,중개거래,서울 노원구,59.34,9,445,N,,11350,개인,중계동,노원구
,은빛1단지,1998,개인,,,"41,000",10,1,2026,중개거래,서울 노원구,49.77,9,1255,N,,11350,개인,상계동,노원구
,대우,1998,개인,26.02.12,O,"69,000",9,1,2026,중개거래,서울 노원구,134.64,6,775,N,,11350,개인,월계동,노원구
,상계주공16(고층),1988,개인,,,"38,000",10,1,2026,중개거래,서울 노원구,45.77,7,624,N,,11350,개인,상계동,노원구
,은빛2단지,1998,개인,,,"52,800",8,1,2026,중개거래,서울 노원구,59.95,14,1256,N,,11350,개인,상계동,노원구
,하계2현대,1997,개인,,,"90,000",10,1,2026,중개거래,서울 노원구,84.896,15,288,N,,11350,개인,하계동,노원구
,상계주공1(고층),1988,개인,,,"35,000",9,1,2026,중개거래,"서울 노원구, 서울 도봉구",32.39,10,765,N,,11350,개인,상계동,노원구
,화랑해링턴플레이스아파트,1999,개인,,,"88,500",10,1,2026,중개거래,서울 노원구,126.78,5,746,N,,11350,개인,공릉동,노원구
,포레나노원,2020,개인,,,"94,000",8,1,2026,중개거래,서울 노원구,59.9908,6,680,N,,11350,개인,상계동,노원구
,상계주공14(고층),1989,개인,,,"40,000",9,1,2026,중개거래,서울 노원구,41.3,5,626,N,,11350,개인,상계동,노원구
,학여울청구,1999,개인,,,"87,800",10,1,2026,중개거래,서울 노원구,84.77,16,354,N,,11350,개인,하계동,노원구
,한진한화그랑빌,2002,개인,,,"115,000",10,1,2026,중개거래,서울 노원구,139.08,18,18,N,,11350,개인,월계동,노원구
,상계주공6(고층),1988,개인,,,"69,800",10,1,2026,중개거래,서울 노원구,58.01,9,720,N,,11350,개인,상계동,노원구
,하계2현대,1997,개인,,,"87,500",10,1,2026,중개거래,"경기 남양주시, 서울 노원구",84.51,14,288,N,,11350,개인,하계동,노원구
,한신2,1988,개인,,,"50,000",10,1,2026,중개거래,서울 노원구,44.52,11,284,N,,11350,개인,하계동,노원구
,건영3,1995,개인,,,"121,000",10,1,2026,중개거래,"경기 남양주시, 서울 노원구",84.9,11,360-15,N,,11350,개인,중계동,노원구
,화랑해링턴플레이스아파트,1999,개인,,,"73,500",10,1,2026,중개거래,서울 노원구,84.75,11,746,N,,11350,개인,공릉동,노원구
,극동,1988,개인,,,"68,000",10,1,2026,중개거래,서울 노원구,70.56,8,271-3,N,,11350,개인,하계동,노원구
,상계주공12(고층),1988,개인,,,"41,000",10,1,2026,중개거래,서울 노원구,41.3,14,647,N,,11350,개인,상계동,노원구
,학여울청구,1999,개인,,,"89,400",10,1,2026,중개거래,서울 노원구,84.77,18,354,N,,11350,개인,하계동,노원구
,태강아파트(아이파크),1999,개인,,,"63,900",10,1,2026,중개거래,서울 노원구,59.38,9,81,N,,11350,개인,공릉동,노원구
,동신,1983,개인,,,"75,000",10,1,2026,중개거래,서울 성북구,70.81,5,436,N,,11350,개인,월계동,노원구
,태릉해링턴플레이스,2022,개인,,,"107,700",10,1,2026,중개거래,서울 노원구,84.98,3,758,N,,11350,개인,공릉동,노원구
,삼익포레스트아파트,1995,개인,,,"65,800",10,1,2026,중개거래,서울 노원구,84.6,15,737,N,,11350,개인,공릉동,노원구
,풍림아파트A,2001,개인,,,"77,850",9,1,2026,중개거래,서울 노원구,84.99,3,725,N,,11350,개인,공릉동,노원구
,미륭,1986,개인,,,"84,000",9,1,2026,중개거래,서울 노원구,51.48,12,13,N,,11350,개인,월계동,노원구
,경남,1989,개인,,,"51,500",9,1,2026,중개거래,서울 노원구,50.97,12,505,N,,11350,개인,중계동,노원구
,청솔(시영7),1989,개인,,,"40,000",9,1,2026,중개거래,서울 노원구,39.92,6,274,N,,11350,개인,하계동,노원구
,상계주공12(고층),1988,개인,,,"52,000",9,1,2026,중개거래,서울 노원구,49.94,9,647,N,,11350,개인,상계동,노원구
,상계주공6(고층),1988,개인,,,"70,500",9,1,2026,중개거래,서울 노원구,58.01,14,720,N,,11350,개인,상계동,노원구
,성원(사슴4),1995,개인,,,"37,000",9,1,2026,중개거래,서울 노원구,39.6,3,322-1,N,,11350,개인,월계동,노원구
,시영3차(라이프)아파트,1994,개인,,,"51,000",9,1,2026,중개거래,서울 노원구,49.5,9,715,N,,11350,개인,공릉동,노원구
,건영,1988,개인,,,"58,500",9,1,2026,중개거래,서울 노원구,53.14,6,271-3,N,,11350,개인,하계동,노원구
,중앙하이츠(5지역),1996,개인,,,"39,200",6,1,2026,중개거래,서울 노원구,59.99,8,1068,N,,11350,개인,상계동,노원구
,태릉우성아파트,1985,개인,,,"85,000",3,1,2026,중개거래,서울 노원구,84.97,4,254,N,,11350,개인,공릉동,노원구
,노원센트럴푸르지오,2021,개인,,,"71,500",9,1,2026,중개거래,서울 노원구,48.373,7,1355,N,,11350,개인,상계동,노원구
,상계1차중앙하이츠,1997,개인,,,"60,000",9,1,2026,중개거래,서울 노원구,59.82,14,1279,N,,11350,개인,상계동,노원구
,월계센트럴아이파크,2020,개인,,,"95,000",8,1,2026,중개거래,"서울 노원구, 서울 성북구",59.99,20,951,N,,11350,개인,월계동,노원구
,중계무지개,1991,개인,,,"64,500",8,1,2026,중개거래,"서울 강남구, 서울 노원구",59.26,8,512,N,,11350,개인,중계동,노원구
,신성미소지움아파트,2004,개인,,,"68,500",8,1,2026,중개거래,서울 노원구,84.996,10,756,N,,11350,개인,공릉동,노원구
,현대그린,1998,개인,,,"59,900",2,1,2026,중개거래,서울 노원구,84.99,5,49,N,,11350,개인,중계동,노원구
,상계주공3(고층),1987,개인,,,"70,000",8,1,2026,중개거래,서울 노원구,60.5,2,730-2,N,,11350,개인,상계동,노원구
,은빛1단지,1998,개인,,,"41,500",5,1,2026,중개거래,서울 노원구,49.77,12,1255,N,,11350,개인,상계동,노원구
,청구3,1996,개인,,,"133,500",8,1,2026,중개거래,서울 노원구,84.77,7,360-2,N,,11350,개인,중계동,노원구
,상계주공7(고층),1988,개인,,,"64,100",8,1,2026,중개거래,서울 노원구,49.94,5,691,N,,11350,개인,상계동,노원구
,태강아파트(아이파크),1999,개인,,,"56,400",7,1,2026,중개거래,서울 노원구,49.6,8,81,N,,11350,개인,공릉동,노원구
15,미성,1986,개인,,,"77,000",8,1,2026,중개거래,서울 노원구,50.14,1,13,N,26.02.10,11350,개인,월계동,노원구
,청백3,1998,개인,,,"36,700",6,1,2026,중개거래,서울 노원구,49.77,7,780,N,,11350,개인,월계동,노원구
,상계주공3(고층),1987,개인,,,"69,000",4,1,2026,중개거래,서울 노원구,59.2,14,730-2,N,,11350,개인,상계동,노원구
7,건영,1988,개인,,,"50,700",7,1,2026,중개거래,서울 노원구,53.14,1,271-3,N,26.01.23,11350,개인,하계동,노원구
,미성,1986,개인,,,"63,000",8,1,2026,중개거래,서울 노원구,33.28,5,13,N,,11350,개인,월계동,노원구
,상계주공2(고층),1987,개인,,,"57,850",7,1,2026,중개거래,"서울 노원구, 서울 송파구",59.28,15,740,N,,11350,개인,상계동,노원구
,태릉해링턴플레이스,2022,개인,,,"111,000",7,1,2026,중개거래,서울 노원구,84.98,2,758,N,,11350,개인,공릉동,노원구
,미성,1986,개인,,,"63,000",7,1,2026,중개거래,"서울 노원구, 서울 성동구",33.28,5,13,N,,11350,개인,월계동,노원구
,대림벽산(363),1993,개인,,,"139,000",7,1,2026,중개거래,서울 노원구,141.45,12,363,N,,11350,개인,중계동,노원구
,상계주공10(고층),1988,개인,,,"51,000",7,1,2026,중개거래,서울 노원구,49.94,2,666,N,,11350,개인,상계동,노원구
,현대(3차),1992,개인,,,"62,000",7,1,2026,중개거래,서울 노원구,66.47,8,576,N,,11350,개인,중계동,노원구
,상아,1989,개인,,,"57,000",7,1,2026,중개거래,서울 노원구,51.29,9,505,N,,11350,개인,중계동,노원구
,상계대림,1989,개인,,,"63,500",6,1,2026,중개거래,서울 노원구,84.91,15,172,N,,11350,개인,상계동,노원구
,청구3,1996,개인,,,"141,000",5,1,2026,중개거래,서울 노원구,84.77,9,360-2,N,,11350,개인,중계동,노원구
,상계주공7(고층),1988,개인,,,"50,000",7,1,2026,중개거래,서울 노원구,45.9,7,691,N,,11350,개인,상계동,노원구
,양지마을(대림)2,1999,개인,,,"60,000",7,1,2026,중개거래,서울 노원구,59.4,7,588,N,,11350,개인,중계동,노원구
,상계주공9(고층),1988,개인,,,"73,000",7,1,2026,중개거래,서울 노원구,79.07,6,670,N,,11350,개인,상계동,노원구
,한진한화그랑빌,2002,개인,,,"96,750",7,1,2026,중개거래,서울 노원구,84.97,19,18,N,,11350,개인,월계동,노원구
,동아불암,1999,개인,,,"52,500",3,1,2026,중개거래,서울 노원구,84.9,1,1285,N,,11350,개인,상계동,노원구
103,한화꿈에그린TheFIRST,2014,개인,,,"101,500",7,1,2026,중개거래,서울 노원구,84.97,17,606,N,26.02.06,11350,개인,중계동,노원구
,수락리버시티3단지,2009,개인,,,"68,000",7,1,2026,중개거래,서울 노원구,84.69,4,1312,N,,11350,개인,상계동,노원구
,삼익포레스트아파트,1995,개인,,,"47,200",6,1,2026,중개거래,서울 노원구,51.03,9,737,N,,11350,개인,공릉동,노원구
,시영2단지(라이프)아파트,1994,개인,,,"34,300",5,1,2026,중개거래,서울 노원구,39.6,8,707,N,,11350,개인,공릉동,노원구
,장미(시영6),1989,개인,,,"64,500",7,1,2026,중개거래,서울 노원구,49.5,7,273,N,,11350,개인,하계동,노원구
,중계그린1단지,1990,개인,,,"45,800",7,1,2026,중개거래,서울 노원구,39.91,8,502-1,N,,11350,개인,중계동,노원구
,태릉해링턴플레이스,2022,개인,,,"104,000",6,1,2026,중개거래,서울 노원구,74.95,24,758,N,,11350,개인,공릉동,노원구
,염광,1996,개인,,,"81,000",6,1,2026,중개거래,서울 노원구,84.5,15,445,N,,11350,개인,중계동,노원구
,한진한화그랑빌,2002,개인,,,"105,500",6,1,2026,중개거래,"서울 노원구, 서울 성북구",114.97,9,18,N,,11350,개인,월계동,노원구
,상계대림,1989,개인,,,"45,000",6,1,2026,중개거래,서울 노원구,59.67,15,172,N,,11350,개인,상계동,노원구
,미라쉘,2018,개인,,,"14,500",6,1,2026,중개거래,서울 노원구,16.69,19,670-6,N,26.01.14,11350,개인,공릉동,노원구
,미성,1986,개인,,,"62,000",6,1,2026,중개거래,서울 노원구,33.28,5,13,N,,11350,개인,월계동,노원구
,삼호3,1986,개인,,,"97,500",6,1,2026,중개거래,서울 노원구,59.22,13,13,N,,11350,개인,월계동,노원구
,동아불암,1999,개인,,,"68,900",6,1,2026,중개거래,서울 노원구,114.24,2,1285,N,,11350,개인,상계동,노원구
,청구(366),1993,개인,,,"133,500",6,1,2026,중개거래,"경기 성남시 분당구, 서울 노원구",115.47,9,366,N,,11350,개인,중계동,노원구
,시영3차(라이프)아파트,1994,개인,,,"30,750",6,1,2026,중개거래,서울 노원구,34.44,15,715,N,,11350,개인,공릉동,노원구
,상계주공9(고층),1988,개인,,,"42,000",5,1,2026,중개거래,서울 노원구,45.9,8,670,N,,11350,개인,상계동,노원구
,상계주공1(고층),1988,개인,,,"59,500",4,1,2026,중개거래,"서울 노원구, 서울 도봉구",58.01,13,765,N,,11350,개인,상계동,노원구
,공릉동한보에센시티아파트,2000,개인,,,"64,000",5,1,2026,중개거래,서울 노원구,84.93,1,743,N,,11350,개인,공릉동,노원구
,주공2,1992,개인,,,"33,900",2,1,2026,중개거래,서울 노원구,44.52,3,369,N,,11350,개인,중계동,노원구
,은빛2단지,1998,개인,,,"53,800",5,1,2026,중개거래,서울 노원구,59.95,9,1256,N,,11350,개인,상계동,노원구
,북부현대,1996,개인,,,"40,200",5,1,2026,중개거래,서울 노원구,59.24,5,1273,N,,11350,개인,상계동,노원구
,길성그랑프리텔아파트,2003,개인,,,"61,500",5,1,2026,중개거래,서울 노원구,81.1088,10,753,N,,11350,개인,공릉동,노원구
,한신월드,2005,개인,,,"45,000",5,1,2026,직거래,,82.21,6,68-1,N,26.01.05,11350,개인,중계동,노원구
,월계센트럴아이파크,2020,개인,,,"110,000",3,1,2026,중개거래,서울 노원구,84.99,11,951,N,,11350,개인,월계동,노원구
,녹천역두산위브아파트,2017,개인,,,"73,000",5,1,2026,중개거래,서울 도봉구,84.9343,6,950,N,,11350,개인,월계동,노원구
,한진한화그랑빌,2002,개인,,,"87,500",3,1,2026,중개거래,서울 성북구,59.94,26,18,N,,11350,개인,월계동,노원구
,성원1,1996,개인,,,"79,000",3,1,2026,중개거래,서울 노원구,59.75,13,580,N,,11350,개인,중계동,노원구
,주공2,1992,개인,,,"34,700",3,1,2026,중개거래,서울 노원구,44.52,15,369,N,,11350,개인,중계동,노원구
,태릉해링턴플레이스,2022,개인,,,"111,500",3,1,2026,중개거래,서울 노원구,84.98,8,758,N,,11350,개인,공릉동,노원구
,청암2단지,2001,개인,,,"43,000",3,1,2026,중개거래,서울 노원구,49.77,15,1276,N,,11350,개인,상계동,노원구
,신동아(366),1993,개인,,,"120,700",2,1,2026,중개거래,서울 노원구,115.35,11,366,N,,11350,개인,중계동,노원구
518,주공5,1992,개인,,,"99,000",3,1,2026,중개거래,서울 노원구,76.51,15,359-1,N,26.02.06,11350,개인,중계동,노원구
,롯데(505),1989,개인,,,"54,500",2,1,2026,중개거래,서울 노원구,54.48,13,505,N,,11350,개인,중계동,노원구
,상계주공12(고층),1988,개인,,,"46,000",2,1,2026,중개거래,서울 노원구,49.94,1,647,N,,11350,개인,상계동,노원구
,건영3,1995,개인,,,"125,000",2,1,2026,중개거래,서울 노원구,84.9,6,360-15,N,,11350,개인,중계동,노원구
,태릉해링턴플레이스,2022,개인,,,"104,000",2,1,2026,중개거래,서울 노원구,74.95,15,758,N,,11350,개인,공릉동,노원구
,수락리버시티3단지,2009,개인,,,"63,000",2,1,2026,중개거래,서울 노원구,84.69,2,1312,N,,11350,개인,상계동,노원구
304,청백3,1998,개인,,,"34,500",2,1,2026,중개거래,서울 노원구,49.77,1,780,N,26.01.30,11350,개인,월계동,노원구
,풍림아파트A,2001,개인,,,"83,000",2,1,2026,중개거래,서울 노원구,84.99,14,725,N,,11350,개인,공릉동,노원구
,월계센트럴아이파크,2020,개인,,,"106,800",2,1,2026,중개거래,서울 성북구,84.99,5,951,N,,11350,개인,월계동,노원구
,월계센트럴아이파크,2020,개인,,,"109,000",1,1,2026,중개거래,"서울 강북구, 서울 노원구",84.99,7,951,N,,11350,개인,월계동,노원구
,월계센트럴아이파크,2020,개인,,,"95,000",1,1,2026,중개거래,"서울 노원구, 서울 성북구",59.99,21,951,N,,11350,개인,월계동,노원구
,한양,1988,개인,,,"77,000",20,2,2026,중개거래,서울 노원구,87.49,10,757,N,,11350,개인,상계동,노원구
,상계주공12(고층),1988,개인,,,"54,800",13,2,2026,중개거래,서울 노원구,58.01,12,647,N,,11350,개인,상계동,노원구
,중계무지개,1991,개인,,,"59,900",19,2,2026,중개거래,서울 노원구,49.54,2,512,N,,11350,개인,중계동,노원구
,염광,1996,개인,,,"97,500",7,2,2026,중개거래,서울 노원구,131.25,21,445,N,,11350,개인,중계동,노원구
,동진신안,1993,개인,,,"145,000",13,2,2026,중개거래,서울 노원구,134.74,3,364,N,,11350,개인,중계동,노원구
,상계주공11(고층),1988,개인,,,"76,800",12,2,2026,중개거래,서울 노원구,68.86,10,652,N,,11350,개인,상계동,노원구
,코오롱,1997,개인,,,"70,000",13,2,2026,중개거래,서울 노원구,84.9,10,1281,N,,11350,개인,상계동,노원구
,공릉우성아파트,1995,개인,,,"75,000",13,2,2026,중개거래,서울 노원구,84.97,12,738,N,,11350,개인,공릉동,노원구
,현대2차,1993,개인,,,"58,000",14,2,2026,중개거래,서울 노원구,82.68,15,1078,N,,11350,개인,상계동,노원구
,중계그린1단지,1990,개인,,,"57,000",6,2,2026,중개거래,서울 노원구,49.5,12,502-1,N,,11350,개인,중계동,노원구
,한화꿈에그린,2005,개인,,,"83,000",12,2,2026,중개거래,서울 노원구,84.902,9,598,N,,11350,개인,중계동,노원구
,신원아파트,2000,개인,,,"51,000",6,2,2026,중개거래,"서울 강동구, 서울 노원구",59.59,2,370-4,N,,11350,개인,공릉동,노원구
,상계주공14(고층),1989,개인,,,"40,000",13,2,2026,중개거래,서울 노원구,45.9,10,626,N,,11350,개인,상계동,노원구
,중계무지개,1991,개인,,,"42,000",13,2,2026,중개거래,서울 노원구,39.96,5,512,N,,11350,개인,중계동,노원구
,상계주공6(고층),1988,개인,,,"71,000",12,2,2026,중개거래,서울 송파구,59.39,4,720,N,,11350,개인,상계동,노원구
,청솔(시영7),1989,개인,,,"54,000",7,2,2026,중개거래,서울 노원구,49.5,4,274,N,,11350,개인,하계동,노원구
,상계주공16(고층),1988,개인,,,"48,000",10,2,2026,중개거래,서울 노원구,59.39,2,624,N,,11350,개인,상계동,노원구
,테라파크뷰,2022,개인,,,"64,000",13,2,2026,직거래,,55.2,10,366-15,N,,11350,법인,공릉동,노원구
,상계주공12(고층),1988,개인,,,"60,000",11,2,2026,중개거래,서울 노원구,58.01,10,647,N,,11350,개인,상계동,노원구
,성원(사슴4),1995,개인,,,"48,800",13,2,2026,중개거래,서울 노원구,49.92,1,322-1,N,,11350,개인,월계동,노원구
,중계3벽산,1999,개인,,,"48,000",12,2,2026,중개거래,서울 노원구,59.88,2,592,N,,11350,개인,중계동,노원구
,두산힐스빌아파트,2000,개인,,,"87,000",13,2,2026,중개거래,서울 노원구,84.9,8,747,N,,11350,개인,공릉동,노원구
,상계주공11(고층),1988,개인,,,"59,900",6,2,2026,중개거래,서울 노원구,49.94,9,652,N,,11350,개인,상계동,노원구
,풍림아파트A,2001,개인,,,"88,800",11,2,2026,중개거래,서울 노원구,84.99,13,725,N,,11350,개인,공릉동,노원구
,상계주공4(고층),1988,개인,,,"60,000",11,2,2026,중개거래,서울 노원구,59.2,1,749-5,N,,11350,개인,상계동,노원구
,청구3,1996,개인,,,"76,000",12,2,2026,중개거래,"경기 구리시, 서울 노원구",84.99,9,251-12,N,,11350,개인,하계동,노원구
,학여울청구,1999,개인,,,"88,000",12,2,2026,중개거래,서울 노원구,84.77,15,354,N,,11350,개인,하계동,노원구
,불암현대,1999,개인,,,"57,000",7,2,2026,중개거래,서울 노원구,84.9,1,1293,N,,11350,개인,상계동,노원구
,중계현대2,1991,개인,,,"69,500",12,2,2026,중개거래,서울 노원구,84.34,9,435-1,N,,11350,개인,중계동,노원구
,삼익포레스트아파트,1995,개인,,,"47,000",12,2,2026,중개거래,서울 노원구,51.03,4,737,N,,11350,개인,공릉동,노원구
,한일유앤아이,2005,개인,,,"68,000",12,2,2026,중개거래,서울 노원구,59.877,14,1309,N,,11350,개인,상계동,노원구
,노원롯데캐슬시그니처,2023,개인,,,"112,300",7,2,2026,중개거래,서울 노원구,84.999,3,1410,N,,11350,개인,상계동,노원구
,상계주공12(고층),1988,개인,,,"40,800",8,2,2026,중개거래,서울 노원구,41.3,2,647,N,,11350,개인,상계동,노원구
,상계주공6(고층),1988,개인,,,"53,800",10,2,2026,중개거래,서울 노원구,41.3,13,720,N,,11350,개인,상계동,노원구
,벽산,1988,개인,,,"83,000",12,2,2026,중개거래,"경기 수원시 팔달구, 서울 노원구",84.85,7,271-3,N,,11350,개인,하계동,노원구
,꿈의숲SKVIEW,2016,개인,,,"84,700",1,2,2026,중개거래,서울 성북구,59.96,18,949,N,,11350,개인,월계동,노원구
,중계무지개,1991,개인,,,"55,000",3,2,2026,중개거래,서울 노원구,49.54,1,512,N,,11350,개인,중계동,노원구
,상계주공9(고층),1988,개인,,,"48,000",11,2,2026,중개거래,서울 노원구,49.94,15,670,N,,11350,개인,상계동,노원구
,상계주공3(고층),1987,개인,,,"100,000",10,2,2026,중개거래,서울 노원구,73.94,7,730-2,N,,11350,개인,상계동,노원구
,신명아파트,1995,개인,,,"52,700",6,2,2026,중개거래,서울 노원구,84.55,10,382-14,N,,11350,개인,공릉동,노원구
,태릉해링턴플레이스,2022,개인,,,"102,500",11,2,2026,중개거래,서울 노원구,74.95,16,758,N,,11350,개인,공릉동,노원구
,주공8,1993,개인,,,"57,800",11,2,2026,중개거래,서울 노원구,49.72,13,362-1,N,,11350,개인,중계동,노원구
,노원현대,1997,개인,,,"74,000",7,2,2026,중개거래,서울 노원구,84.78,15,359,N,,11350,개인,상계동,노원구
,신성미소지움아파트,2004,개인,,,"66,500",11,2,2026,중개거래,서울 노원구,84.996,15,756,N,,11350,개인,공릉동,노원구
,금호타운(583),1997,개인,,,"78,300",10,2,2026,중개거래,서울 노원구,84.98,9,583,N,,11350,개인,중계동,노원구
,청솔(시영7),1989,개인,,,"52,000",11,2,2026,중개거래,서울 노원구,49.5,6,274,N,,11350,개인,하계동,노원구
,상계주공16(고층),1988,개인,,,"51,000",10,2,2026,중개거래,"경기 양주시, 서울 노원구",59.39,15,624,N,,11350,개인,상계동,노원구
,동신아파트,1999,개인,,,"82,000",10,2,2026,중개거래,서울 노원구,84.97,16,745,N,,11350,개인,공릉동,노원구
,청백3,1998,개인,,,"35,900",10,2,2026,중개거래,서울 노원구,49.77,15,780,N,,11350,개인,월계동,노원구
,시영3차(라이프)아파트,1994,개인,,,"54,000",2,2,2026,중개거래,서울 노원구,49.5,10,715,N,,11350,개인,공릉동,노원구
,진로유통조합대림,1992,개인,,,"66,500",7,2,2026,중개거래,서울 노원구,84.99,7,78,N,,11350,개인,중계동,노원구
,상계주공16(고층),1988,개인,,,"49,000",6,2,2026,중개거래,서울 노원구,59.39,13,624,N,,11350,개인,상계동,노원구
,중앙하이츠,1998,개인,,,"53,000",11,2,2026,중개거래,서울 노원구,59.91,8,161-1,N,,11350,법인,중계동,노원구
,풍림아파트B,2001,개인,,,"31,500",7,2,2026,중개거래,서울 노원구,31.32,5,727,N,,11350,개인,공릉동,노원구
,상계주공11(고층),1988,개인,,,"52,900",9,2,2026,중개거래,서울 노원구,49.94,1,652,N,,11350,개인,상계동,노원구
,주공2,1992,개인,,,"34,000",10,2,2026,중개거래,서울 노원구,44.52,3,369,N,,11350,개인,중계동,노원구
,청구,1988,개인,,,"88,500",10,2,2026,중개거래,서울 노원구,84.97,14,284,N,,11350,개인,하계동,노원구
,상계주공16(고층),1988,개인,,,"49,500",3,2,2026,중개거래,"서울 노원구, 서울 은평구",59.39,7,624,N,,11350,개인,상계동,노원구
,노원센트럴푸르지오,2021,개인,,,"89,000",9,2,2026,중개거래,서울 노원구,59.996,7,1355,N,,11350,개인,상계동,노원구
,상계주공6(고층),1988,개인,,,"70,000",7,2,2026,중개거래,서울 노원구,58.01,10,720,N,,11350,개인,상계동,노원구
,은빛2단지,1998,개인,,,"42,200",9,2,2026,중개거래,서울 노원구,49.77,15,1256,N,,11350,개인,상계동,노원구
,벽산,1989,개인,,,"52,500",11,2,2026,중개거래,서울 노원구,59.9,10,173-1,N,,11350,개인,상계동,노원구
,양우,2002,개인,,,"70,000",9,2,2026,중개거래,서울 노원구,79.4198,7,1299,N,,11350,개인,상계동,노원구
,주공2,1992,개인,,,"37,700",9,2,2026,중개거래,서울 노원구,44.52,7,369,N,,11350,개인,중계동,노원구
,상계주공16(고층),1988,개인,26.02.12,O,"48,000",10,2,2026,중개거래,서울 노원구,59.39,2,624,N,,11350,개인,상계동,노원구
,미성,1989,개인,,,"83,000",9,2,2026,중개거래,서울 노원구,84.94,4,280,N,,11350,개인,하계동,노원구
,시영2단지(라이프)아파트,1994,개인,,,"35,200",10,2,2026,중개거래,서울 노원구,39.6,11,707,N,,11350,개인,공릉동,노원구
,중계그린1단지,1990,개인,,,"65,000",9,2,2026,중개거래,서울 노원구,49.5,4,502-1,N,,11350,개인,중계동,노원구
,은빛1단지,1998,개인,,,"52,000",7,2,2026,중개거래,서울 노원구,59.95,10,1255,N,,11350,개인,상계동,노원구
,상계주공16(고층),1988,개인,,,"39,500",9,2,2026,중개거래,서울 노원구,45.77,4,624,N,,11350,개인,상계동,노원구
,중계무지개,1991,개인,,,"64,000",9,2,2026,중개거래,서울 노원구,49.54,3,512,N,,11350,개인,중계동,노원구
202,주공2,1992,개인,,,"26,000",9,2,2026,직거래,,38.64,1,556,N,26.02.12,11350,개인,월계동,노원구
,태릉해링턴플레이스,2022,개인,,,"115,000",7,2,2026,중개거래,서울 노원구,84.98,4,758,N,,11350,개인,공릉동,노원구
,청암3단지(582),2003,개인,,,"54,000",9,2,2026,중개거래,"서울 노원구, 서울 도봉구",84.438,4,582,N,,11350,개인,중계동,노원구
,상계주공1(고층),1988,개인,,,"61,000",9,2,2026,중개거래,"서울 노원구, 서울 도봉구",58.01,9,765,N,,11350,개인,상계동,노원구
,청솔(시영7),1989,개인,,,"54,100",9,2,2026,중개거래,서울 노원구,49.85,13,274,N,,11350,개인,하계동,노원구
,상계주공14(고층),1989,개인,,,"35,500",4,2,2026,중개거래,서울 노원구,41.3,1,626,N,,11350,개인,상계동,노원구
,사슴3,1995,개인,,,"35,600",4,2,2026,중개거래,서울 노원구,39.6,5,320-11,N,,11350,개인,월계동,노원구
,은빛2단지,1998,개인,,,"51,800",5,2,2026,중개거래,서울 노원구,59.95,3,1256,N,,11350,개인,상계동,노원구
,상계현대3차,1999,개인,,,"61,500",6,2,2026,중개거래,서울 노원구,84.98,5,1063,N,,11350,개인,상계동,노원구
1,한신1,1988,개인,,,"29,500",7,2,2026,중개거래,서울 노원구,27.0,15,284,N,26.02.10,11350,개인,하계동,노원구
,공릉우성아파트,1995,개인,,,"53,500",7,2,2026,중개거래,서울 노원구,59.88,5,738,N,,11350,개인,공릉동,노원구
,해링턴플레이스노원센트럴,2025,공공기관,,,"29,450",3,2,2026,직거래,,23.5668,4,690,N,,11350,법인,상계동,노원구
,해링턴플레이스노원센트럴,2025,공공기관,,,"29,050",3,2,2026,직거래,,22.762,4,690,N,,11350,법인,상계동,노원구
,해링턴플레이스노원센트럴,2025,공공기관,,,"29,450",3,2,2026,직거래,,23.5668,5,690,N,,11350,법인,상계동,노원구
,해링턴플레이스노원센트럴,2025,공공기관,,,"29,050",3,2,2026,직거래,,22.762,5,690,N,,11350,법인,상계동,노원구
,해링턴플레이스노원센트럴,2025,공공기관,,,"28,750",3,2,2026,직거래,,22.762,6,690,N,,11350,법인,상계동,노원구
,해링턴플레이스노원센트럴,2025,공공기관,,,"29,600",3,2,2026,직거래,,23.5668,6,690,N,,11350,법인,상계동,노원구
,해링턴플레이스노원센트럴,2025,공공기관,,,"29,200",3,2,2026,직거래,,22.762,6,690,N,,11350,법인,상계동,노원구
,해링턴플레이스노원센트럴,2025,공공기관,,,"29,700",3,2,2026,직거래,,23.5668,7,690,N,,11350,법인,상계동,노원구
,해링턴플레이스노원센트럴,2025,공공기관,,,"34,850",3,2,2026,직거래,,26.8359,7,690,N,,11350,법인,상계동,노원구
,해링턴플레이스노원센트럴,2025,공공기관,,,"29,350",3,2,2026,직거래,,22.762,7,690,N,,11350,법인,상계동,노원구
,해링턴플레이스노원센트럴,2025,공공기관,,,"29,900",3,2,2026,직거래,,23.5668,8,690,N,,11350,법인,상계동,노원구
,해링턴플레이스노원센트럴,2025,공공기관,,,"29,500",3,2,2026,직거래,,22.762,8,690,N,,11350,법인,상계동,노원구
,해링턴플레이스노원센트럴,2025,공공기관,,,"29,900",3,2,2026,직거래,,23.5668,9,690,N,,11350,법인,상계동,노원구
,해링턴플레이스노원센트럴,2025,공공기관,,,"35,000",3,2,2026,직거래,,26.8359,9,690,N,,11350,법인,상계동,노원구
,해링턴플레이스노원센트럴,2025,공공기관,,,"29,500",3,2,2026,직거래,,22.762,9,690,N,,11350,법인,상계동,노원구
,해링턴플레이스노원센트럴,2025,공공기관,,,"30,200",3,2,2026,직거래,,23.5668,10,690,N,,11350,법인,상계동,노원구
,해링턴플레이스노원센트럴,2025,공공기관,,,"35,350",3,2,2026,직거래,,26.8359,10,690,N,,11350,법인,상계동,노원구
,해링턴플레이스노원센트럴,2025,공공기관,,,"29,800",3,2,2026,직거래,,22.762,10,690,N,,11350,법인,상계동,노원구
,해링턴플레이스노원센트럴,2025,공공기관,,,"30,200",3,2,2026,직거래,,23.5668,11,690,N,,11350,법인,상계동,노원구
,해링턴플레이스노원센트럴,2025,공공기관,,,"35,350",3,2,2026,직거래,,26.8359,11,690,N,,11350,법인,상계동,노원구
,해링턴플레이스노원센트럴,2025,공공기관,,,"29,800",3,2,2026,직거래,,22.762,11,690,N,,11350,법인,상계동,노원구
,해링턴플레이스노원센트럴,2025,공공기관,,,"30,350",3,2,2026,직거래,,23.5668,12,690,N,,11350,법인,상계동,노원구
,해링턴플레이스노원센트럴,2025,공공기관,,,"29,950",3,2,2026,직거래,,22.762,12,690,N,,11350,법인,상계동,노원구
,해링턴플레이스노원센트럴,2025,공공기관,,,"30,500",3,2,2026,직거래,,23.5668,13,690,N,,11350,법인,상계동,노원구
,해링턴플레이스노원센트럴,2025,공공기관,,,"30,100",3,2,2026,직거래,,22.762,13,690,N,,11350,법인,상계동,노원구
,해링턴플레이스노원센트럴,2025,공공기관,,,"30,650",3,2,2026,직거래,,23.5668,14,690,N,,11350,법인,상계동,노원구
,해링턴플레이스노원센트럴,2025,공공기관,,,"35,900",3,2,2026,직거래,,26.8359,14,690,N,,11350,법인,상계동,노원구
,해링턴플레이스노원센트럴,2025,공공기관,,,"30,250",3,2,2026,직거래,,22.762,14,690,N,,11350,법인,상계동,노원구
,해링턴플레이스노원센트럴,2025,공공기관,,,"30,650",3,2,2026,직거래,,23.5668,15,690,N,,11350,법인,상계동,노원구
,해링턴플레이스노원센트럴,2025,공공기관,,,"30,250",3,2,2026,직거래,,22.762,15,690,N,,11350,법인,상계동,노원구
,해링턴플레이스노원센트럴,2025,공공기관,,,"30,750",3,2,2026,직거래,,23.5668,16,690,N,,11350,법인,상계동,노원구
,해링턴플레이스노원센트럴,2025,공공기관,,,"36,100",3,2,2026,직거래,,26.8359,16,690,N,,11350,법인,상계동,노원구
,해링턴플레이스노원센트럴,2025,공공기관,,,"30,400",3,2,2026,직거래,,22.762,16,690,N,,11350,법인,상계동,노원구
,해링턴플레이스노원센트럴,2025,공공기관,,,"30,750",3,2,2026,직거래,,23.5668,17,690,N,,11350,법인,상계동,노원구
,해링턴플레이스노원센트럴,2025,공공기관,,,"36,100",3,2,2026,직거래,,26.8359,17,690,N,,11350,법인,상계동,노원구
,해링턴플레이스노원센트럴,2025,공공기관,,,"30,400",3,2,2026,직거래,,22.762,17,690,N,,11350,법인,상계동,노원구
,해링턴플레이스노원센트럴,2025,공공기관,,,"29,950",3,2,2026,직거래,,22.762,18,690,N,,11350,법인,상계동,노원구
,해링턴플레이스노원센트럴,2025,공공기관,,,"30,750",3,2,2026,직거래,,23.5668,18,690,N,,11350,법인,상계동,노원구
,해링턴플레이스노원센트럴,2025,공공기관,,,"36,100",3,2,2026,직거래,,26.8359,18,690,N,,11350,법인,상계동,노원구
,해링턴플레이스노원센트럴,2025,공공기관,,,"30,400",3,2,2026,직거래,,22.762,18,690,N,,11350,법인,상계동,노원구
,해링턴플레이스노원센트럴,2025,공공기관,,,"30,900",3,2,2026,직거래,,23.5668,19,690,N,,11350,법인,상계동,노원구
,해링턴플레이스노원센트럴,2025,공공기관,,,"36,250",3,2,2026,직거래,,26.8359,21,690,N,,11350,법인,상계동,노원구
,성원(사슴4),1995,개인,,,"59,300",8,2,2026,중개거래,서울 노원구,59.94,13,322-1,N,,11350,개인,월계동,노원구
,금호타운(583),1997,개인,,,"79,800",7,2,2026,중개거래,서울 노원구,84.98,4,583,N,,11350,개인,중계동,노원구
,금호타운(583),1997,개인,,,"78,500",7,2,2026,중개거래,서울 노원구,84.98,11,583,N,,11350,개인,중계동,노원구
,삼성,1999,개인,,,"54,000",7,2,2026,중개거래,서울 노원구,59.9,10,593,N,,11350,개인,중계동,노원구
,금호타운(583),1997,개인,,,"57,000",7,2,2026,중개거래,서울 노원구,59.52,9,583,N,,11350,개인,중계동,노원구
,태강아파트(아이파크),1999,개인,,,"70,000",7,2,2026,중개거래,서울 노원구,59.38,11,81,N,,11350,개인,공릉동,노원구
,성원(사슴4),1995,개인,,,"37,000",7,2,2026,중개거래,서울 노원구,39.6,3,322-1,N,,11350,개인,월계동,노원구
,상계주공1(고층),1988,개인,,,"52,000",7,2,2026,중개거래,서울 노원구,49.94,4,765,N,,11350,개인,상계동,노원구
,상계주공9(고층),1988,개인,,,"50,000",7,2,2026,중개거래,서울 노원구,49.94,2,670,N,,11350,개인,상계동,노원구
,태릉해링턴플레이스,2022,개인,,,"92,500",7,2,2026,중개거래,서울 노원구,59.98,7,758,N,,11350,개인,공릉동,노원구
,미성,1986,개인,,,"69,000",7,2,2026,중개거래,서울 노원구,33.28,1,13,N,,11350,개인,월계동,노원구
,상계주공11(고층),1988,개인,,,"59,200",7,2,2026,중개거래,"서울 노원구, 서울 서초구",59.39,3,652,N,,11350,개인,상계동,노원구
,시영3차(라이프)아파트,1994,개인,,,"32,700",7,2,2026,중개거래,서울 노원구,34.44,8,715,N,,11350,개인,공릉동,노원구
,주공6,1993,개인,,,"44,000",7,2,2026,중개거래,서울 노원구,44.1,11,364-12,N,,11350,개인,중계동,노원구
,상계주공9(고층),1988,개인,,,"46,300",6,2,2026,중개거래,서울 노원구,45.9,13,670,N,,11350,개인,상계동,노원구
,성원(사슴4),1995,개인,,,"56,500",6,2,2026,중개거래,서울 노원구,59.94,4,322-1,N,,11350,개인,월계동,노원구
,보람아파트,1988,개인,,,"66,400",6,2,2026,중개거래,서울 노원구,79.25,14,639,N,,11350,개인,상계동,노원구
,사슴3,1995,개인,,,"34,000",6,2,2026,중개거래,서울 도봉구,39.6,15,320-11,N,,11350,개인,월계동,노원구
,한진한화그랑빌,2002,개인,,,"102,000",6,2,2026,중개거래,서울 노원구,84.97,16,18,N,,11350,개인,월계동,노원구
,롯데우성,1993,개인,,,"135,000",6,2,2026,중개거래,서울 노원구,101.88,14,361-1,N,,11350,개인,중계동,노원구
,태강아파트(아이파크),1999,개인,,,"54,500",6,2,2026,중개거래,서울 노원구,49.6,4,81,N,,11350,개인,공릉동,노원구
,상계주공9(고층),1988,개인,,,"52,800",6,2,2026,중개거래,서울 노원구,49.94,10,670,N,,11350,개인,상계동,노원구
,주공10,1995,개인,,,"73,000",6,2,2026,중개거래,"경기 부천시 원미구, 서울 노원구",58.14,5,360-16,N,,11350,개인,중계동,노원구
,태릉해링턴플레이스,2022,개인,,,"90,000",6,2,2026,중개거래,서울 노원구,59.98,7,758,N,,11350,개인,공릉동,노원구
,청솔(시영7),1989,개인,,,"54,500",6,2,2026,중개거래,서울 노원구,49.85,15,274,N,,11350,개인,하계동,노원구
,상계주공6(고층),1988,개인,,,"75,000",6,2,2026,중개거래,서울 노원구,58.01,7,720,N,,11350,개인,상계동,노원구
,청솔(시영7),1989,개인,,,"53,500",6,2,2026,중개거래,서울 노원구,49.5,6,274,N,,11350,개인,하계동,노원구
,동아불암,1999,개인,,,"55,000",7,2,2026,중개거래,"서울 노원구, 서울 도봉구",84.9,1,1285,N,,11350,개인,상계동,노원구
,롯데(505),1989,개인,,,"77,000",7,2,2026,중개거래,서울 노원구,72.49,14,505,N,,11350,개인,중계동,노원구
,태강아파트(아이파크),1999,개인,,,"66,000",6,2,2026,중개거래,서울 노원구,59.38,3,81,N,,11350,개인,공릉동,노원구
4,한신2,1988,개인,,,"38,700",6,2,2026,중개거래,"경기 수원시 권선구, 서울 노원구",35.28,6,284,N,26.02.09,11350,개인,하계동,노원구
,상계주공11(고층),1988,개인,,,"52,000",6,2,2026,중개거래,서울 노원구,49.94,2,652,N,,11350,개인,상계동,노원구
,한화꿈에그린,2005,개인,,,"89,500",2,2,2026,중개거래,서울 노원구,84.902,9,598,N,,11350,개인,중계동,노원구
,상계주공16(고층),1988,개인,,,"52,000",5,2,2026,중개거래,서울 노원구,59.39,9,624,N,,11350,개인,상계동,노원구
,상계주공3(고층),1987,개인,,,"78,000",5,2,2026,중개거래,서울 노원구,59.2,5,730-2,N,,11350,개인,상계동,노원구
,건영3,1995,개인,,,"123,500",5,2,2026,중개거래,서울 노원구,84.9,4,360-15,N,,11350,개인,중계동,노원구
,시영2단지(라이프)아파트,1994,개인,,,"34,000",4,2,2026,중개거래,서울 노원구,39.6,2,707,N,,11350,개인,공릉동,노원구
,상계주공7(고층),1988,개인,,,"62,000",5,2,2026,중개거래,서울 양천구,49.94,10,691,N,,11350,개인,상계동,노원구
,상계주공13(고층),1989,개인,,,"49,000",5,2,2026,중개거래,서울 노원구,58.01,13,637,N,,11350,개인,상계동,노원구
,우방,1999,개인,,,"48,000",5,2,2026,중개거래,서울 노원구,59.74,13,353,N,,11350,개인,하계동,노원구
,상계2차중앙하이츠,1998,개인,,,"98,000",2,2,2026,중개거래,서울 노원구,134.97,18,1282,N,,11350,개인,상계동,노원구
,청솔(시영7),1989,개인,,,"54,000",5,2,2026,중개거래,서울 노원구,59.87,1,274,N,,11350,개인,하계동,노원구
,중계무지개,1991,개인,,,"55,800",4,2,2026,중개거래,서울 노원구,49.89,9,512,N,,11350,개인,중계동,노원구
,미라보(성림),2006,개인,,,"47,000",3,2,2026,중개거래,서울 노원구,84.5,3,1320,N,,11350,개인,상계동,노원구
,상계주공2(고층),1987,개인,,,"35,500",4,2,2026,중개거래,서울 노원구,32.39,11,740,N,,11350,개인,상계동,노원구
,공릉해링턴플레이스,2000,개인,,,"81,500",4,2,2026,중개거래,서울 노원구,99.917,1,106,N,,11350,개인,공릉동,노원구
,보람아파트,1988,개인,,,"58,000",4,2,2026,중개거래,서울 노원구,68.99,2,639,N,,11350,개인,상계동,노원구
,사슴3,1995,개인,,,"32,700",4,2,2026,중개거래,서울 노원구,33.18,1,320-11,N,,11350,개인,월계동,노원구
,상계신동아,1995,개인,,,"45,500",4,2,2026,중개거래,서울 노원구,59.4,6,463,N,,11350,개인,상계동,노원구
,상계주공16(고층),1988,개인,,,"38,300",2,2,2026,중개거래,"서울 노원구, 서울 마포구",45.77,15,624,N,,11350,개인,상계동,노원구
,대아2차아파트,2000,개인,,,"66,000",4,2,2026,중개거래,"서울 노원구, 서울 동대문구",84.69,5,492-1,N,,11350,개인,공릉동,노원구
,주공8,1993,개인,,,"54,900",3,2,2026,중개거래,서울 노원구,49.72,15,362-1,N,,11350,개인,중계동,노원구
,학여울청구,1999,개인,,,"69,500",3,2,2026,중개거래,서울 노원구,59.4,16,354,N,,11350,개인,하계동,노원구
,청백4,1998,개인,,,"49,600",3,2,2026,중개거래,서울 노원구,59.4,14,781,N,,11350,개인,월계동,노원구
,동신,1983,개인,,,"95,000",3,2,2026,중개거래,"서울 강남구, 서울 노원구",93.38,11,436,N,,11350,개인,월계동,노원구
,한신3차,1990,개인,,,"45,500",3,2,2026,중개거래,서울 노원구,60.44,6,458,N,,11350,개인,상계동,노원구
,상계주공14(고층),1989,개인,,,"52,000",3,2,2026,중개거래,서울 노원구,49.94,8,626,N,,11350,개인,상계동,노원구
,삼익선경,1993,개인,,,"84,500",3,2,2026,중개거래,서울 노원구,107.95,2,255-1,N,,11350,개인,하계동,노원구
,한화꿈에그린,2005,개인,26.02.06,O,"89,500",2,2,2026,중개거래,서울 노원구,84.902,9,598,N,,11350,개인,중계동,노원구
,한화꿈에그린,2005,개인,,,"87,000",2,2,2026,중개거래,서울 노원구,84.902,14,598,N,,11350,개인,중계동,노원구
,금호타운,1995,개인,,,"50,000",3,2,2026,중개거래,서울 노원구,84.54,10,1270,N,,11350,개인,상계동,노원구
,비콘드림힐3,2005,개인,,,"70,000",3,2,2026,중개거래,서울 노원구,84.978,5,1310,N,,11350,개인,상계동,노원구
,보람아파트,1988,개인,,,"51,000",2,2,2026,중개거래,서울 노원구,54.59,11,639,N,,11350,개인,상계동,노원구
,노원롯데캐슬시그니처,2023,개인,,,"118,000",2,2,2026,중개거래,"서울 노원구, 서울 성북구",97.987,11,1410,N,,11350,개인,상계동,노원구
,상계주공6(고층),1988,개인,,,"75,000",2,2,2026,중개거래,서울 노원구,59.28,9,720,N,,11350,개인,상계동,노원구
,한신3차,1990,개인,,,"47,800",2,2,2026,중개거래,서울 노원구,60.44,10,458,N,,11350,개인,상계동,노원구
,성원1,1996,개인,,,"97,000",2,2,2026,중개거래,서울 노원구,84.78,11,580,N,,11350,개인,중계동,노원구
,은빛2단지,1998,개인,,,"44,500",2,2,2026,중개거래,서울 노원구,49.77,5,1256,N,,11350,개인,상계동,노원구
,건영3,1995,개인,,,"121,000",2,2,2026,중개거래,서울 노원구,84.9,3,360-15,N,,11350,개인,중계동,노원구
,백련산해모로,2020,개인,,,"82,000",31,1,2026,중개거래,"서울 용산구, 서울 은평구",59.97,2,768,N,,11380,개인,응암동,은평구
,거장메카,2024,개인,,,"58,200",25,1,2026,직거래,,48.755,11,91-3,N,,11380,개인,응암동,은평구
,DMCSK뷰아이파크포레,2025,개인,,,"131,000",13,1,2026,중개거래,"서울 강남구, 서울 은평구",84.94,4,419,N,,11380,개인,수색동,은평구
,백련산힐스테이트2차,2011,개인,,,"84,000",30,1,2026,중개거래,서울 은평구,84.59,4,760,N,,11380,개인,응암동,은평구
,디우아르떼,2019,개인,,,"43,000",15,1,2026,중개거래,서울 은평구,42.69,8,590-23,N,,11380,개인,응암동,은평구
,e편한세상 수색 에코포레,2003,개인,,,"65,800",23,1,2026,중개거래,서울 은평구,59.895,10,415-1,N,,11380,개인,수색동,은평구
1,제이타워4,2013,개인,,,"11,000",29,1,2026,중개거래,서울 은평구,12.29,9,9-50,N,26.02.12,11380,개인,대조동,은평구
,유진아이디움,2019,개인,,,"16,000",9,1,2026,중개거래,서울 은평구,14.03,12,197-1,N,,11380,개인,대조동,은평구
,라이프미성,1988,개인,,,"74,500",10,1,2026,중개거래,서울 은평구,66.7,4,248,N,,11380,개인,불광동,은평구
,북한산현대힐스테이트3차아파트,2010,개인,,,"90,000",29,1,2026,중개거래,서울 은평구,84.96,7,641,N,,11380,개인,불광동,은평구
,거장메카,2024,개인,,,"58,800",18,1,2026,직거래,,50.515,10,91-3,N,,11380,개인,응암동,은평구
,우물골2단지두산위브(209~222동)BL2-8,2009,개인,,,"86,000",31,1,2026,중개거래,"서울 영등포구, 서울 은평구",84.79,2,88,N,,11380,개인,진관동,은평구
,갈현1단지e-편한세상,2004,개인,,,"73,700",28,1,2026,중개거래,서울 은평구,84.618,22,547,N,,11380,개인,구산동,은평구
,힐스테이트녹번역,2022,개인,,,"120,000",30,1,2026,중개거래,서울 은평구,59.99,1,770,N,,11380,개인,응암동,은평구
,대경아르체,2024,개인,,,"60,000",30,1,2026,직거래,,42.48,4,550,N,,11380,법인,갈현동,은평구
,대경아르체,2024,개인,,,"62,700",30,1,2026,직거래,,42.48,6,550,N,,11380,법인,갈현동,은평구
,갈현동현대,1997,개인,,,"54,400",31,1,2026,중개거래,"서울 성북구, 서울 은평구",59.25,9,537,N,,11380,개인,갈현동,은평구
,라이프미성,1988,개인,,,"75,000",30,1,2026,중개거래,서울 은평구,66.7,7,248,N,,11380,개인,불광동,은평구
,백련산파크자이,2021,개인,,,"96,000",22,1,2026,중개거래,"경기 고양시 일산서구, 서울 은평구",84.669,15,766,N,,11380,개인,응암동,은평구
,경남아너스빌,2004,개인,,,"60,000",27,1,2026,중개거래,서울 은평구,84.69,1,224,N,,11380,개인,구산동,은평구
,은평뉴타운기자촌11단지,2015,개인,,,"81,000",24,1,2026,중개거래,서울 은평구,84.78,2,150,N,,11380,개인,진관동,은평구
,연신내역트리플라101동,2021,개인,,,"33,800",27,1,2026,직거래,,23.17,10,484-63,N,26.02.03,11380,법인,불광동,은평구
,은평뉴타운꿈에그린,2018,개인,,,"74,000",30,1,2026,중개거래,서울 은평구,59.92,11,66,N,,11380,개인,진관동,은평구
,백련산해모로,2020,개인,,,"104,500",30,1,2026,중개거래,서울 은평구,84.91,6,768,N,,11380,개인,응암동,은평구
,정익제이원6차,2017,개인,,,"29,000",31,1,2026,중개거래,서울 은평구,29.95,12,186-12,N,,11380,개인,대조동,은평구
,청록,1998,개인,26.01.30,O,"28,000",30,1,2026,직거래,,75.89,2,227-22,N,,11380,개인,응암동,은평구
,백련산힐스테이트2차,2011,개인,,,"74,000",24,1,2026,중개거래,서울 은평구,59.63,2,760,N,,11380,개인,응암동,은평구
,백련산힐스테이트1차,2011,개인,,,"93,500",31,1,2026,중개거래,서울 은평구,114.9,12,759,N,,11380,개인,응암동,은평구
,북한산현대힐스테이트3차아파트,2010,개인,,,"94,700",27,1,2026,중개거래,서울 은평구,84.96,8,641,N,,11380,개인,불광동,은평구
,명남더블레스,2012,개인,,,"45,000",29,1,2026,중개거래,서울 은평구,51.28,10,577-16,N,,11380,개인,응암동,은평구
,북한산래미안아파트(1단지),2010,개인,,,"84,500",31,1,2026,중개거래,서울 은평구,59.9932,12,638,N,,11380,개인,불광동,은평구
,DMC센트럴자이(1단지),2023,개인,,,"158,000",31,1,2026,중개거래,서울 은평구,84.92,6,258,N,,11380,개인,증산동,은평구
,북한산힐스테이트7차,2011,개인,,,"103,500",31,1,2026,중개거래,서울 은평구,59.981,9,643,N,,11380,개인,불광동,은평구
,백련산힐스테이트4차,2018,개인,,,"93,000",31,1,2026,중개거래,서울 은평구,59.98,15,764,N,,11380,개인,응암동,은평구
,래미안베라힐즈,2019,개인,,,"141,500",31,1,2026,중개거래,서울 은평구,84.93,13,283,N,,11380,개인,녹번동,은평구
,DMCSK뷰아이파크포레,2025,개인,,,"84,500",31,1,2026,중개거래,서울 은평구,53.95,1,419,N,,11380,개인,수색동,은평구
,백련산힐스테이트4차,2018,개인,,,"101,000",30,1,2026,중개거래,서울 은평구,84.98,16,764,N,,11380,개인,응암동,은평구
,DMC자이1단지,2009,개인,,,"120,000",30,1,2026,중개거래,서울 은평구,123.67,16,75,N,,11380,개인,수색동,은평구
,상림마을8단지롯데캐슬(821~830동)BL1-12,2008,개인,,,"109,000",25,1,2026,직거래,,101.61,10,20,N,,11380,개인,진관동,은평구
,갈현1단지e-편한세상,2004,개인,,,"67,500",30,1,2026,중개거래,서울 은평구,84.618,12,547,N,,11380,개인,구산동,은평구
,백련산힐스테이트4차,2018,개인,,,"87,000",29,1,2026,중개거래,서울 은평구,59.98,4,764,N,,11380,개인,응암동,은평구
,래미안베라힐즈,2019,개인,,,"73,000",30,1,2026,중개거래,광주 북구,59.98,2,283,N,,11380,개인,녹번동,은평구
,백련산해모로,2020,개인,,,"87,500",29,1,2026,중개거래,서울 은평구,59.93,17,768,N,,11380,개인,응암동,은평구
,백련산에스케이뷰아이파크,2020,개인,,,"105,000",29,1,2026,중개거래,서울 은평구,84.9039,2,767,N,,11380,개인,응암동,은평구
,e편한세상백련산,2022,개인,,,"86,000",29,1,2026,중개거래,서울 은평구,84.31,2,771,N,,11380,개인,응암동,은평구
,북한산푸르지오,2015,개인,,,"120,000",27,1,2026,중개거래,서울 은평구,84.99,5,281,N,,11380,개인,녹번동,은평구
,힐스테이트녹번역,2022,개인,,,"135,500",29,1,2026,중개거래,서울 은평구,84.99,4,770,N,,11380,개인,응암동,은평구
,대림e-편한세상2,2004,개인,,,"64,000",28,1,2026,중개거래,서울 은평구,84.618,10,546,N,,11380,개인,구산동,은평구
,상림마을8단지롯데캐슬(801~809동)BL1-2,2008,개인,,,"74,400",28,1,2026,중개거래,서울 은평구,59.28,4,14,N,,11380,개인,진관동,은평구
,힐스테이트녹번역,2022,개인,,,"138,500",27,1,2026,중개거래,"서울 서대문구, 서울 은평구",84.99,14,770,N,,11380,개인,응암동,은평구
,DMC센트럴자이(2단지),2023,개인,,,"134,500",28,1,2026,중개거래,서울 은평구,59.67,1,258,N,,11380,개인,증산동,은평구
,응암푸르지오,2008,개인,,,"76,800",28,1,2026,중개거래,서울 은평구,84.2,9,176,N,,11380,개인,응암동,은평구
,북한산현대힐스테이트3차아파트,2010,개인,,,"84,800",28,1,2026,중개거래,서울 은평구,59.99,4,641,N,,11380,개인,불광동,은평구
,백련산해모로,2020,개인,,,"102,000",16,1,2026,중개거래,서울 은평구,84.91,15,768,N,,11380,개인,응암동,은평구
,북한산래미안아파트(1단지),2010,개인,,,"80,000",28,1,2026,중개거래,서울 은평구,59.9932,1,638,N,,11380,개인,불광동,은평구
,갈현건영,2001,개인,,,"59,500",10,1,2026,중개거래,서울 은평구,84.38,9,541-1,N,,11380,개인,갈현동,은평구
,대림아파트(276),1993,개인,,,"77,000",10,1,2026,중개거래,"서울 마포구, 서울 은평구",84.68,10,276,N,,11380,개인,녹번동,은평구
,대림아파트(276),1993,개인,,,"69,500",28,1,2026,중개거래,서울 은평구,84.94,3,276,N,,11380,개인,녹번동,은평구
,응암푸르지오,2008,개인,,,"73,000",28,1,2026,중개거래,서울 은평구,84.2,12,176,N,,11380,개인,응암동,은평구
,미성,1987,개인,,,"59,500",28,1,2026,중개거래,서울 은평구,63.53,10,140-1,N,,11380,개인,신사동,은평구
,북한산현대힐스테이트3차아파트,2010,개인,,,"77,000",26,1,2026,중개거래,서울 은평구,59.99,1,641,N,,11380,개인,불광동,은평구
,무궁화,1972,개인,,,"21,000",28,1,2026,중개거래,서울 강서구,61.18,2,62-16,N,,11380,개인,역촌동,은평구
,힐스테이트녹번역,2022,개인,,,"128,000",24,1,2026,중개거래,서울 은평구,59.99,10,770,N,,11380,개인,응암동,은평구
,대경홈타운,2014,법인,,,"13,500",20,1,2026,중개거래,서울 은평구,13.79,5,9-45,N,26.01.28,11380,개인,대조동,은평구
,상림마을7단지아이파크(706~708동)BL1-3,2008,개인,,,"81,500",28,1,2026,중개거래,서울 은평구,84.79,5,13,N,,11380,개인,진관동,은평구
,백련산힐스테이트4차,2018,개인,,,"99,000",27,1,2026,중개거래,서울 은평구,84.98,5,764,N,,11380,개인,응암동,은평구
,북한산힐스테이트1차아파트,2009,개인,,,"86,500",27,1,2026,중개거래,서울 은평구,59.817,8,635,N,,11380,개인,불광동,은평구
,은평뉴타운엘크루,2017,개인,,,"70,000",27,1,2026,중개거래,서울 은평구,59.98,5,65,N,,11380,개인,진관동,은평구
,DMC파인시티자이,2025,개인,,,"125,500",27,1,2026,중개거래,서울 은평구,59.64,6,431,N,,11380,개인,수색동,은평구
,백련산힐스테이트1차,2011,개인,,,"74,000",27,1,2026,중개거래,서울 은평구,59.93,12,759,N,,11380,개인,응암동,은평구
105,e편한세상 수색 에코포레,2003,개인,,,"64,300",24,1,2026,중개거래,서울 은평구,59.895,3,415-1,N,26.02.12,11380,개인,수색동,은평구
230,우물골2단지두산위브(223~244동)BL2-7,2010,개인,,,"100,000",16,1,2026,중개거래,서울 강남구,167.76,2,84,N,26.01.28,11380,개인,진관동,은평구
,래미안베라힐즈,2019,개인,,,"120,000",15,1,2026,중개거래,서울 은평구,114.99,4,283,N,,11380,개인,녹번동,은평구
,북한산푸르지오,2015,개인,,,"115,000",2,1,2026,중개거래,서울 은평구,84.99,7,281,N,,11380,개인,녹번동,은평구
,백련산힐스테이트3차,2011,개인,,,"78,000",27,1,2026,중개거래,"경기 고양시 덕양구, 서울 은평구",59.63,13,761,N,,11380,개인,응암동,은평구
,e편한세상 수색 에코포레,2003,개인,,,"83,000",24,1,2026,중개거래,서울 은평구,114.18,2,415-1,N,,11380,개인,수색동,은평구
,상림마을8단지롯데캐슬(821~830동)BL1-12,2008,개인,,,"95,700",27,1,2026,중개거래,서울 은평구,84.79,11,20,N,,11380,개인,진관동,은평구
,대경홈타운,2014,개인,,,"12,500",22,1,2026,중개거래,서울 은평구,13.79,10,9-45,N,26.01.29,11380,개인,대조동,은평구
,상림마을6단지푸르지오(606~614동)BL1-7,2008,개인,,,"79,000",26,1,2026,중개거래,서울 은평구,84.95,13,2,N,,11380,개인,진관동,은평구
,라이프미성,1988,개인,,,"75,000",26,1,2026,중개거래,서울 은평구,66.7,11,248,N,,11380,개인,불광동,은평구
,녹번역e편한세상캐슬,2021,개인,,,"138,000",10,1,2026,중개거래,서울 은평구,84.94,14,769,N,,11380,개인,응암동,은평구
,센트레빌아스테리움시그니처,2024,개인,,,"87,000",12,1,2026,중개거래,서울 은평구,70.6625,6,189-1,N,,11380,개인,역촌동,은평구
,백련산에스케이뷰아이파크,2020,개인,,,"97,500",3,1,2026,중개거래,서울 은평구,59.8545,18,767,N,,11380,개인,응암동,은평구
,서강스카이빌3(116-24),2006,개인,,,"71,300",26,1,2026,중개거래,서울 은평구,84.98,12,116-24,N,,11380,개인,응암동,은평구
,DMC우방,2000,개인,,,"92,500",3,1,2026,중개거래,서울 은평구,84.99,5,244,N,,11380,개인,증산동,은평구
,DMCSK뷰아이파크포레,2025,개인,,,"63,500",26,1,2026,중개거래,서울 은평구,39.97,11,419,N,,11380,개인,수색동,은평구
,DMC센트럴자이(4단지),2023,개인,,,"119,000",26,1,2026,중개거래,서울 은평구,55.93,6,258,N,,11380,개인,증산동,은평구
,고도아파트,2021,개인,,,"50,000",26,1,2026,중개거래,서울 은평구,50.82,9,2-1,N,26.01.26,11380,개인,역촌동,은평구
,대경홈타운,2014,법인,26.01.28,O,"13,500",20,1,2026,중개거래,서울 은평구,13.79,5,9-45,N,,11380,개인,대조동,은평구
,DMC아트포레자이,2023,개인,,,"133,000",23,1,2026,중개거래,서울 은평구,84.99,11,189,N,,11380,개인,수색동,은평구
,백련산해모로,2020,개인,,,"83,000",24,1,2026,중개거래,"서울 은평구, 서울 종로구",59.97,4,768,N,,11380,개인,응암동,은평구
,e편한세상백련산,2022,개인,,,"89,900",23,1,2026,중개거래,서울 은평구,84.72,15,771,N,,11380,개인,응암동,은평구
,백련산힐스테이트1차,2011,개인,,,"82,500",23,1,2026,중개거래,서울 은평구,84.21,1,759,N,,11380,개인,응암동,은평구
,래미안베라힐즈,2019,개인,,,"111,500",12,1,2026,중개거래,서울 은평구,59.99,18,283,N,,11380,개인,녹번동,은평구
,백련산해모로,2020,개인,,,"80,800",23,1,2026,중개거래,서울 은평구,59.93,2,768,N,,11380,개인,응암동,은평구
,백련산힐스테이트1차,2011,개인,,,"73,500",24,1,2026,중개거래,서울 은평구,59.63,4,759,N,,11380,개인,응암동,은평구
,백련산힐스테이트4차,2018,개인,,,"100,000",23,1,2026,중개거래,서울 은평구,84.98,18,764,N,,11380,개인,응암동,은평구
,구파발10단지어울림(1011~1019동)BL3-1,2010,개인,,,"110,000",24,1,2026,중개거래,서울 은평구,101.84,10,27,N,,11380,개인,진관동,은평구
,DMC센트럴자이(2단지),2023,개인,,,"147,000",23,1,2026,중개거래,서울 은평구,59.97,11,258,N,,11380,개인,증산동,은평구
,백련산힐스테이트1차,2011,개인,,,"71,800",24,1,2026,중개거래,"서울 마포구, 서울 은평구",59.93,8,759,N,,11380,개인,응암동,은평구
,백련산힐스테이트1차,2011,개인,,,"76,500",24,1,2026,중개거래,서울 은평구,59.85,14,759,N,,11380,개인,응암동,은평구
,응암동금호,1998,개인,,,"60,000",24,1,2026,중개거래,서울 은평구,59.82,9,739,N,,11380,개인,응암동,은평구
,녹번JR아파트,2002,개인,,,"65,500",24,1,2026,중개거래,서울 은평구,84.923,2,280-1,N,,11380,개인,녹번동,은평구
,DMC롯데캐슬더퍼스트,2021,개인,,,"105,500",24,1,2026,중개거래,서울 은평구,59.96,3,417,N,,11380,개인,수색동,은평구
,e편한세상 수색 에코포레,2003,개인,,,"79,000",24,1,2026,중개거래,서울 은평구,84.951,13,415-1,N,,11380,개인,수색동,은평구
,북한산현대힐스테이트3차아파트,2010,개인,,,"93,700",24,1,2026,중개거래,서울 은평구,84.97,13,641,N,,11380,개인,불광동,은평구
,라이프미성,1988,개인,,,"70,000",22,1,2026,중개거래,서울 은평구,66.7,5,248,N,,11380,개인,불광동,은평구
,청구,2000,개인,,,"84,000",23,1,2026,중개거래,서울 은평구,59.97,15,413,N,,11380,개인,수색동,은평구
,백련산힐스테이트4차,2018,개인,,,"84,000",23,1,2026,중개거래,"서울 마포구, 서울 은평구",59.98,3,764,N,,11380,개인,응암동,은평구
,힐스테이트녹번,2019,개인,,,"128,000",17,1,2026,중개거래,서울 은평구,84.898,17,282,N,,11380,개인,녹번동,은평구
,승윤노블리안,2019,개인,,,"48,500",16,1,2026,중개거래,서울 은평구,57.997,11,19-147,N,,11380,개인,신사동,은평구
,마고정3단지센트레빌(310~322동)BL2-3,2009,개인,,,"76,500",23,1,2026,중개거래,서울 은평구,59.71,5,107,N,,11380,개인,진관동,은평구
,북한산푸르지오,2015,개인,,,"109,000",17,1,2026,중개거래,서울 은평구,84.99,17,281,N,,11380,개인,녹번동,은평구
,박석고개1단지힐스테이트(116~131동)BL2-1,2009,개인,,,"88,500",22,1,2026,중개거래,서울 은평구,59.85,4,102,N,,11380,개인,진관동,은평구
,e편한세상백련산,2022,개인,,,"89,500",22,1,2026,중개거래,서울 은평구,84.72,12,771,N,,11380,개인,응암동,은평구
,북한산현대힐스테이트3차아파트,2010,개인,,,"94,500",15,1,2026,중개거래,서울 은평구,84.97,5,641,N,,11380,개인,불광동,은평구
,북한산힐스테이트7차,2011,개인,,,"96,000",21,1,2026,중개거래,서울 은평구,59.981,2,643,N,,11380,개인,불광동,은평구
,힐스테이트녹번,2019,개인,,,"121,700",20,1,2026,중개거래,"서울 서대문구, 서울 은평구",84.898,1,282,N,,11380,개인,녹번동,은평구
,신성,1988,개인,,,"54,700",21,1,2026,중개거래,서울 은평구,82.74,8,155-1,N,,11380,개인,신사동,은평구
,북한산힐스테이트7차,2011,개인,,,"118,500",21,1,2026,중개거래,서울 은평구,84.891,7,643,N,,11380,개인,불광동,은평구
,불광롯데캐슬,2018,개인,,,"97,000",21,1,2026,중개거래,서울 은평구,59.99,18,645,N,,11380,개인,불광동,은평구
,백련산해모로,2020,개인,,,"85,000",10,1,2026,중개거래,서울 은평구,59.93,6,768,N,,11380,개인,응암동,은평구
,불광롯데캐슬,2018,개인,,,"95,000",21,1,2026,중개거래,서울 은평구,59.99,6,645,N,,11380,개인,불광동,은평구
,대경홈타운,2014,개인,,,"13,500",14,1,2026,중개거래,서울 은평구,13.79,6,9-45,N,26.01.27,11380,개인,대조동,은평구
,녹번JR아파트,2002,개인,,,"64,700",20,1,2026,중개거래,서울 은평구,59.866,4,280-1,N,,11380,개인,녹번동,은평구
,북한산현대힐스테이트3차아파트,2010,개인,,,"98,000",7,1,2026,중개거래,서울 은평구,84.96,14,641,N,,11380,개인,불광동,은평구
,DMCSK뷰아이파크포레,2025,개인,,,"120,000",19,1,2026,중개거래,서울 은평구,76.65,16,419,N,,11380,개인,수색동,은평구
,구파발9단지래미안(916~928동)BL3-2,2010,개인,,,"96,500",12,1,2026,중개거래,서울 은평구,101.92,5,25,N,,11380,개인,진관동,은평구
,펠리시티,2022,개인,,,"57,500",9,1,2026,직거래,,55.69,7,117-24,N,,11380,법인,응암동,은평구
,제이타워4,2013,개인,,,"10,000",13,1,2026,중개거래,서울 은평구,12.16,6,9-50,N,,11380,개인,대조동,은평구
,갈현동현대,1997,개인,,,"53,000",17,1,2026,중개거래,서울 은평구,59.25,15,537,N,,11380,개인,갈현동,은평구
,효민아크로뷰,2024,개인,,,"68,800",1,1,2026,직거래,,47.73,19,395-2,N,,11380,개인,갈현동,은평구
,북한산힐스테이트1차아파트,2009,개인,,,"87,500",19,1,2026,중개거래,서울 은평구,84.734,4,635,N,,11380,개인,불광동,은평구
,백련산힐스테이트3차,2011,개인,,,"79,700",19,1,2026,중개거래,서울 은평구,59.63,10,761,N,,11380,개인,응암동,은평구
,DMC센트럴자이(3단지),2023,개인,,,"172,000",19,1,2026,중개거래,"서울 영등포구, 서울 은평구",84.96,22,258,N,,11380,개인,증산동,은평구
,백련산해모로,2020,개인,,,"86,000",18,1,2026,중개거래,서울 은평구,59.93,11,768,N,,11380,개인,응암동,은평구
,갈현동현대,1997,개인,,,"51,000",18,1,2026,중개거래,서울 은평구,59.25,8,537,N,,11380,개인,갈현동,은평구
,미성,1987,개인,,,"56,900",18,1,2026,중개거래,서울 은평구,63.53,10,140-1,N,,11380,개인,신사동,은평구
,DMCSKVIEW,2023,개인,,,"135,000",17,1,2026,중개거래,서울 은평구,59.9865,10,418,N,,11380,개인,수색동,은평구
,래미안베라힐즈,2019,개인,,,"115,000",17,1,2026,중개거래,"서울 마포구, 서울 은평구",59.98,6,283,N,,11380,개인,녹번동,은평구
,DMC롯데캐슬더퍼스트,2021,개인,,,"110,000",17,1,2026,중개거래,서울 은평구,59.96,13,417,N,,11380,개인,수색동,은평구
,북한산푸르지오,2015,개인,,,"108,500",17,1,2026,중개거래,서울 은평구,84.99,10,281,N,,11380,개인,녹번동,은평구
,백련산힐스테이트1차,2011,개인,,,"97,500",17,1,2026,중개거래,서울 은평구,114.9,7,759,N,,11380,개인,응암동,은평구
,래미안베라힐즈,2019,개인,,,"123,000",17,1,2026,중개거래,서울 은평구,84.98,3,283,N,,11380,개인,녹번동,은평구
,백련산힐스테이트4차,2018,개인,,,"99,500",17,1,2026,중개거래,"서울 마포구, 서울 은평구",84.98,16,764,N,,11380,개인,응암동,은평구
,백련산힐스테이트1차,2011,개인,,,"73,000",17,1,2026,중개거래,서울 은평구,59.63,8,759,N,,11380,개인,응암동,은평구
,백련산에스케이뷰아이파크,2020,개인,,,"95,000",17,1,2026,중개거래,서울 은평구,59.9335,19,767,N,,11380,개인,응암동,은평구
,녹번역e편한세상캐슬,2021,개인,,,"93,000",17,1,2026,중개거래,서울 은평구,44.85,12,769,N,,11380,개인,응암동,은평구
,백련산힐스테이트3차,2011,개인,,,"81,000",17,1,2026,중개거래,서울 은평구,84.59,1,761,N,,11380,개인,응암동,은평구
,DMCSK뷰아이파크포레,2025,개인,,,"110,900",17,1,2026,중개거래,"경기 고양시 덕양구, 서울 은평구",59.96,17,419,N,,11380,개인,수색동,은평구
,신성,1988,개인,,,"54,000",16,1,2026,중개거래,서울 은평구,82.74,6,155-1,N,,11380,개인,신사동,은평구
,삼성타운,1997,개인,,,"60,000",16,1,2026,중개거래,서울 은평구,59.4,7,231,N,,11380,개인,대조동,은평구
,e편한세상백련산,2022,개인,,,"77,000",16,1,2026,중개거래,서울 은평구,59.71,3,771,N,,11380,개인,응암동,은평구
,e편한세상백련산,2022,개인,,,"80,000",16,1,2026,중개거래,"서울 마포구, 서울 은평구",59.98,5,771,N,,11380,개인,응암동,은평구
,북한산힐스테이트7차,2011,개인,,,"130,000",16,1,2026,중개거래,"서울 강남구, 서울 은평구",84.947,17,643,N,,11380,개인,불광동,은평구
203,북한산래미안아파트(2단지),2010,개인,,,"100,000",16,1,2026,중개거래,서울 은평구,84.9885,7,637,N,26.01.23,11380,개인,불광동,은평구
,백련산힐스테이트2차,2011,개인,,,"78,000",15,1,2026,중개거래,서울 은평구,59.95,5,760,N,,11380,개인,응암동,은평구
,DMC센트럴자이(2단지),2023,개인,,,"143,000",3,1,2026,중개거래,서울 은평구,59.97,13,258,N,,11380,개인,증산동,은평구
,은혜스카이빌아파트,2005,개인,,,"64,500",13,1,2026,중개거래,서울 은평구,84.716,6,634,N,,11380,개인,불광동,은평구
,대주파크빌,2004,개인,,,"55,000",15,1,2026,중개거래,서울 은평구,59.99,8,368,N,,11380,개인,신사동,은평구
,폭포동4단지힐스테이트(408~422동)BL3-9,2010,개인,,,"97,000",15,1,2026,중개거래,서울 은평구,101.9,11,140,N,,11380,개인,진관동,은평구
,은평뉴타운 제각말 푸르지오(5-4단지),2010,개인,,,"85,500",15,1,2026,중개거래,서울 은평구,84.89,7,92,N,,11380,개인,진관동,은평구
,서강스카이빌3(116-24),2006,개인,,,"72,000",15,1,2026,중개거래,서울 은평구,84.98,10,116-24,N,,11380,개인,응암동,은평구
,미성,1987,개인,,,"55,000",15,1,2026,중개거래,서울 은평구,63.53,8,140-1,N,,11380,개인,신사동,은평구
,모아아파트(103동),2015,개인,,,"41,700",1,1,2026,중개거래,서울 은평구,42.51,12,9-19,N,26.01.20,11380,개인,대조동,은평구
,래미안베라힐즈,2019,개인,,,"134,500",15,1,2026,중개거래,서울 은평구,84.95,11,283,N,,11380,개인,녹번동,은평구
,대경홈타운,2014,개인,,,"13,500",13,1,2026,중개거래,서울 은평구,13.79,6,9-45,N,26.01.30,11380,법인,대조동,은평구
,불광롯데캐슬,2018,개인,,,"109,500",15,1,2026,중개거래,서울 은평구,84.99,14,645,N,,11380,개인,불광동,은평구
,백련산해모로,2020,개인,,,"104,000",15,1,2026,중개거래,서울 은평구,84.99,19,768,N,,11380,개인,응암동,은평구
,DMC파인시티자이,2025,개인,,,"129,300",14,1,2026,중개거래,서울 은평구,74.78,2,431,N,,11380,개인,수색동,은평구
,DMC파인시티자이,2025,개인,,,"154,000",6,1,2026,중개거래,서울 은평구,84.96,13,431,N,,11380,개인,수색동,은평구
3,미성,1987,개인,,,"46,000",15,1,2026,직거래,,83.27,2,140-1,N,26.01.30,11380,개인,신사동,은평구
,북한산힐스테이트1차아파트,2009,개인,,,"100,000",14,1,2026,중개거래,서울 은평구,84.369,6,635,N,,11380,개인,불광동,은평구
,e편한세상백련산,2022,개인,,,"90,000",14,1,2026,중개거래,서울 은평구,84.72,9,771,N,,11380,개인,응암동,은평구
,정익제이원6차,2017,개인,,,"31,000",14,1,2026,중개거래,서울 은평구,29.95,8,186-12,N,,11380,개인,대조동,은평구
,은평뉴타운기자촌11단지,2015,개인,,,"84,700",13,1,2026,중개거래,서울 은평구,84.94,10,150,N,,11380,개인,진관동,은평구
,뉴월드(402-120),2005,개인,,,"42,500",5,1,2026,중개거래,서울 은평구,84.43,5,402-120,N,,11380,개인,응암동,은평구
,북한산푸르지오,2015,개인,,,"115,000",13,1,2026,중개거래,서울 은평구,84.99,17,281,N,,11380,개인,녹번동,은평구
,북한산현대힐스테이트3차아파트,2010,개인,,,"83,000",14,1,2026,중개거래,경남 창원시 성산구,59.99,7,641,N,,11380,개인,불광동,은평구
,백련산에스케이뷰아이파크,2020,개인,,,"96,000",14,1,2026,중개거래,서울 은평구,59.8545,4,767,N,,11380,개인,응암동,은평구
,응암푸르지오,2008,개인,,,"70,000",13,1,2026,중개거래,서울 은평구,84.2,2,176,N,,11380,개인,응암동,은평구
,DMC센트럴자이(4단지),2023,개인,,,"123,000",10,1,2026,중개거래,서울 은평구,55.93,23,258,N,,11380,개인,증산동,은평구
,녹번역센트레빌,2013,개인,,,"85,000",9,1,2026,중개거래,서울 은평구,84.9,2,762,N,,11380,개인,응암동,은평구
1,제이타워4,2013,개인,,,"10,000",12,1,2026,중개거래,서울 은평구,12.29,6,9-50,N,26.01.22,11380,개인,대조동,은평구
,대경홈타운,2014,개인,,,"12,500",7,1,2026,중개거래,서울 은평구,13.79,8,9-45,N,26.01.16,11380,개인,대조동,은평구
,DMC파인시티자이,2025,개인,,,"150,000",11,1,2026,중개거래,서울 은평구,84.96,8,431,N,,11380,개인,수색동,은평구
,백련산힐스테이트2차,2011,개인,,,"79,700",12,1,2026,중개거래,서울 은평구,59.95,10,760,N,,11380,개인,응암동,은평구
,구파발9단지래미안(916~928동)BL3-2,2010,개인,,,"105,000",10,1,2026,중개거래,서울 은평구,101.92,4,25,N,,11380,개인,진관동,은평구
,불광롯데캐슬,2018,개인,,,"109,000",6,1,2026,중개거래,서울 은평구,84.98,16,645,N,,11380,개인,불광동,은평구
,백련산힐스테이트1차,2011,개인,,,"70,200",12,1,2026,중개거래,서울 은평구,59.63,1,759,N,,11380,개인,응암동,은평구
,백련산힐스테이트1차,2011,개인,,,"75,000",10,1,2026,중개거래,서울 은평구,59.63,6,759,N,,11380,개인,응암동,은평구
,갈현동현대,1997,개인,,,"70,000",10,1,2026,중개거래,서울 은평구,84.87,2,537,N,,11380,개인,갈현동,은평구
,래미안베라힐즈,2019,개인,,,"120,000",11,1,2026,중개거래,서울 은평구,84.95,4,283,N,,11380,개인,녹번동,은평구
,백련산에스케이뷰아이파크,2020,개인,,,"98,000",11,1,2026,중개거래,"서울 서대문구, 서울 은평구",59.8545,22,767,N,,11380,개인,응암동,은평구
,백련산에스케이뷰아이파크,2020,개인,,,"113,800",10,1,2026,중개거래,서울 은평구,84.9039,6,767,N,,11380,개인,응암동,은평구
402,백련산힐스테이트4차,2018,개인,,,"99,000",10,1,2026,중개거래,서울 은평구,84.98,10,764,N,26.02.11,11380,개인,응암동,은평구
,e편한세상 수색 에코포레,2003,개인,,,"63,500",10,1,2026,중개거래,"서울 서대문구, 서울 은평구",59.895,2,415-1,N,,11380,개인,수색동,은평구
,이랜드타운아파트,2004,개인,,,"55,000",10,1,2026,중개거래,서울 은평구,59.982,23,367,N,,11380,개인,신사동,은평구
,명남더블레스,2012,개인,,,"45,500",9,1,2026,중개거래,서울 은평구,51.28,9,577-16,N,,11380,개인,응암동,은평구
,래미안베라힐즈,2019,개인,,,"132,500",10,1,2026,중개거래,서울 은평구,84.93,10,283,N,,11380,개인,녹번동,은평구
,대림아파트(276),1993,개인,26.01.27,O,"77,000",10,1,2026,중개거래,"서울 마포구, 서울 은평구",84.68,10,276,N,,11380,개인,녹번동,은평구
,북한산힐스테이트7차,2011,개인,,,"101,000",10,1,2026,중개거래,서울 은평구,59.981,11,643,N,,11380,개인,불광동,은평구
,e편한세상 수색 에코포레,2003,개인,,,"65,500",10,1,2026,중개거래,서울 은평구,59.895,11,415-1,N,,11380,개인,수색동,은평구
,북한산현대홈타운,2004,개인,,,"87,000",10,1,2026,중개거래,서울 은평구,59.9765,13,633,N,,11380,개인,불광동,은평구
,삼성타운,1997,개인,,,"59,700",10,1,2026,중개거래,서울 은평구,59.4,19,231,N,,11380,개인,대조동,은평구
,은평신사두산위브2차,2011,개인,,,"78,600",10,1,2026,중개거래,서울 은평구,84.99,4,371,N,,11380,개인,신사동,은평구
,북한산현대힐스테이트3차아파트,2010,개인,,,"90,000",10,1,2026,중개거래,서울 은평구,84.97,4,641,N,,11380,개인,불광동,은평구
,백련산에스케이뷰아이파크,2020,개인,,,"99,000",10,1,2026,중개거래,서울 은평구,59.9335,25,767,N,,11380,개인,응암동,은평구
,박석고개1단지힐스테이트(101~111동)BL2-12,2009,개인,,,"88,000",10,1,2026,중개거래,서울 은평구,59.85,9,101,N,,11380,개인,진관동,은평구
,더위일,2017,개인,,,"54,300",10,1,2026,중개거래,서울 은평구,50.64,11,81-173,N,,11380,개인,응암동,은평구
,백련산힐스테이트1차,2011,개인,,,"72,000",10,1,2026,중개거래,서울 은평구,59.85,2,759,N,,11380,개인,응암동,은평구
,백련산힐스테이트2차,2011,개인,,,"75,000",10,1,2026,중개거래,"서울 서대문구, 서울 은평구",59.63,15,760,N,,11380,개인,응암동,은평구
,DMC센트럴자이(3단지),2023,개인,,,"170,000",10,1,2026,중개거래,"경기 파주시, 서울 은평구",84.97,24,258,N,,11380,개인,증산동,은평구
,백련산힐스테이트1차,2011,개인,,,"73,000",9,1,2026,중개거래,"서울 강서구, 서울 은평구",59.93,4,759,N,,11380,개인,응암동,은평구
,녹번역e편한세상캐슬,2021,개인,,,"145,000",9,1,2026,중개거래,서울 은평구,84.98,17,769,N,,11380,개인,응암동,은평구
,신우아파트,1995,개인,,,"54,500",9,1,2026,중개거래,서울 은평구,59.97,12,241-23,N,,11380,개인,불광동,은평구
,거성리젠시2차,2006,개인,,,"53,500",7,1,2026,중개거래,서울 은평구,63.82,12,44-6,N,,11380,개인,역촌동,은평구
,녹번역e편한세상캐슬,2021,개인,,,"140,000",9,1,2026,중개거래,서울 은평구,84.92,15,769,N,,11380,개인,응암동,은평구
,녹번역e편한세상캐슬,2021,개인,,,"145,000",9,1,2026,중개거래,서울 은평구,84.94,8,769,N,,11380,개인,응암동,은평구
,래미안베라힐즈,2019,개인,,,"132,000",8,1,2026,중개거래,서울 은평구,84.95,4,283,N,,11380,개인,녹번동,은평구
,백련산해모로,2020,개인,,,"74,900",6,1,2026,중개거래,서울 은평구,50.74,9,768,N,,11380,개인,응암동,은평구
,백련산해모로,2020,개인,,,"103,300",8,1,2026,중개거래,서울 은평구,84.91,8,768,N,,11380,개인,응암동,은평구
,녹번역e편한세상캐슬,2021,개인,,,"145,000",8,1,2026,중개거래,서울 은평구,84.94,9,769,N,,11380,개인,응암동,은평구
,백련산힐스테이트4차,2018,개인,,,"89,500",8,1,2026,중개거래,서울 은평구,59.98,15,764,N,,11380,개인,응암동,은평구
101,힐데스하임,2017,개인,,,"45,000",8,1,2026,중개거래,서울 종로구,39.3,11,64,N,26.01.14,11380,개인,진관동,은평구
,대경아르체,2024,개인,,,"80,500",3,1,2026,직거래,,65.89,14,550,N,,11380,법인,갈현동,은평구
,백련산해모로,2020,개인,,,"95,500",7,1,2026,중개거래,서울 은평구,74.94,22,768,N,,11380,개인,응암동,은평구
,백련산파크자이,2021,개인,,,"86,000",7,1,2026,중개거래,서울 은평구,59.789,12,766,N,,11380,개인,응암동,은평구
,녹번역e편한세상캐슬,2021,개인,,,"128,000",7,1,2026,중개거래,서울 은평구,59.97,16,769,N,,11380,개인,응암동,은평구
,대림아파트(276),1993,개인,,,"74,500",6,1,2026,중개거래,서울 은평구,84.68,9,276,N,,11380,개인,녹번동,은평구
,상림마을8단지롯데캐슬(801~809동)BL1-2,2008,개인,,,"73,000",2,1,2026,중개거래,서울 은평구,59.28,6,14,N,,11380,개인,진관동,은평구
,백련산파크자이,2021,개인,,,"88,000",6,1,2026,중개거래,서울 은평구,59.905,16,766,N,,11380,개인,응암동,은평구
,힐스테이트녹번역,2022,개인,,,"125,000",6,1,2026,중개거래,서울 은평구,59.99,15,770,N,,11380,개인,응암동,은평구
,DMCSKVIEW,2023,개인,,,"134,500",5,1,2026,중개거래,서울 은평구,59.9865,7,418,N,,11380,개인,수색동,은평구
,백련산힐스테이트1차,2011,개인,,,"71,000",6,1,2026,중개거래,서울 은평구,59.63,1,759,N,,11380,개인,응암동,은평구
,라이프미성,1988,개인,,,"86,000",5,1,2026,중개거래,서울 은평구,84.65,7,248,N,,11380,개인,불광동,은평구
,은평뉴타운꿈에그린,2018,개인,,,"70,000",6,1,2026,중개거래,서울 은평구,59.92,7,66,N,,11380,개인,진관동,은평구
,래미안베라힐즈,2019,개인,,,"132,500",6,1,2026,중개거래,"경남 창원시 성산구, 서울 은평구",84.95,3,283,N,,11380,개인,녹번동,은평구
,래미안베라힐즈,2019,개인,,,"128,500",2,1,2026,중개거래,서울 은평구,84.95,13,283,N,,11380,개인,녹번동,은평구
,백련산해모로,2020,개인,,,"84,000",5,1,2026,중개거래,"서울 서대문구, 서울 은평구",59.93,5,768,N,,11380,개인,응암동,은평구
,우물골2단지두산위브(209~222동)BL2-8,2009,개인,,,"87,900",5,1,2026,중개거래,서울 은평구,84.51,8,88,N,,11380,개인,진관동,은평구
,녹번역e편한세상캐슬,2021,개인,,,"129,000",5,1,2026,중개거래,서울 은평구,59.97,7,769,N,,11380,개인,응암동,은평구
,백련산파크자이,2021,개인,,,"87,000",4,1,2026,중개거래,서울 은평구,59.789,17,766,N,,11380,개인,응암동,은평구
,우물골2단지두산위브(209~222동)BL2-8,2009,개인,,,"92,000",3,1,2026,중개거래,서울 은평구,101.53,3,88,N,,11380,개인,진관동,은평구
,북한산래미안아파트(1단지),2010,개인,,,"96,000",1,1,2026,중개거래,서울 은평구,84.9885,3,638,N,,11380,개인,불광동,은평구
,불광롯데캐슬,2018,개인,,,"98,000",3,1,2026,중개거래,"서울 강남구, 서울 은평구",59.99,14,645,N,,11380,개인,불광동,은평구
,북한산현대힐스테이트3차아파트,2010,개인,,,"78,000",3,1,2026,중개거래,서울 은평구,59.96,1,641,N,,11380,개인,불광동,은평구
,북한산현대힐스테이트3차아파트,2010,개인,,,"87,000",3,1,2026,중개거래,서울 은평구,84.98,4,641,N,,11380,개인,불광동,은평구
,힐스테이트녹번역,2022,개인,,,"136,000",3,1,2026,중개거래,서울 은평구,84.99,12,770,N,,11380,개인,응암동,은평구
,힐스테이트녹번역,2022,개인,,,"132,000",3,1,2026,중개거래,서울 은평구,84.99,1,770,N,,11380,개인,응암동,은평구
,DMC센트럴자이(2단지),2023,개인,26.01.15,O,"143,000",3,1,2026,중개거래,서울 은평구,59.97,13,258,N,,11380,개인,증산동,은평구
,래미안베라힐즈,2019,개인,,,"113,000",3,1,2026,중개거래,서울 은평구,59.99,19,283,N,,11380,개인,녹번동,은평구
,북한산푸르지오,2015,개인,,,"105,000",2,1,2026,중개거래,"서울 마포구, 서울 은평구",84.99,2,281,N,,11380,개인,녹번동,은평구
,백련산힐스테이트4차,2018,개인,,,"85,000",2,1,2026,중개거래,서울 은평구,59.98,4,764,N,,11380,개인,응암동,은평구
,DMC자이2단지,2009,개인,,,"110,000",2,1,2026,중개거래,"서울 강동구, 서울 은평구",113.66,9,223-28,N,,11380,개인,증산동,은평구
,래미안베라힐즈,2019,개인,,,"134,500",2,1,2026,중개거래,서울 은평구,84.95,19,283,N,,11380,개인,녹번동,은평구
,백련산에스케이뷰아이파크,2020,개인,,,"113,000",2,1,2026,중개거래,"서울 마포구, 서울 은평구",84.9039,18,767,N,,11380,개인,응암동,은평구
,모아아파트,2016,개인,,,"35,800",13,2,2026,중개거래,서울 은평구,45.02,12,763,N,,11380,개인,응암동,은평구
,e편한세상 수색 에코포레,2003,개인,,,"88,000",19,2,2026,중개거래,서울 은평구,114.18,15,415-1,N,,11380,개인,수색동,은평구
,대림아파트(276),1993,개인,,,"80,000",4,2,2026,중개거래,서울 은평구,84.94,11,276,N,,11380,개인,녹번동,은평구
,DMC 진흥,2003,개인,,,"63,000",14,2,2026,중개거래,서울 은평구,57.5033,13,416-1,N,,11380,개인,수색동,은평구
,역촌센트레빌,2011,개인,,,"69,000",14,2,2026,중개거래,서울 은평구,84.89,4,232,N,,11380,개인,역촌동,은평구
,e편한세상 수색 에코포레,2003,개인,,,"81,750",12,2,2026,중개거래,서울 은평구,84.951,7,415-1,N,,11380,개인,수색동,은평구
,신진뉴캐슬,2004,개인,,,"48,000",4,2,2026,중개거래,서울 은평구,84.35,7,115-4,N,,11380,개인,응암동,은평구
,백련산힐스테이트2차,2011,개인,,,"88,700",7,2,2026,중개거래,서울 은평구,84.59,15,760,N,,11380,개인,응암동,은평구
,라이프미성,1988,개인,,,"108,000",7,2,2026,중개거래,서울 은평구,125.75,7,248,N,,11380,개인,불광동,은평구
,갈현1단지e-편한세상,2004,개인,,,"72,300",7,2,2026,중개거래,서울 은평구,84.618,10,547,N,,11380,개인,구산동,은평구
,우물골2단지두산위브(245~255동)BL2-6,2009,개인,,,"105,000",13,2,2026,중개거래,서울 은평구,84.71,6,81,N,,11380,개인,진관동,은평구
,대림아파트(276),1993,개인,,,"75,300",13,2,2026,중개거래,서울 은평구,84.94,15,276,N,,11380,개인,녹번동,은평구
,DMC센트럴자이(3단지),2023,개인,,,"175,000",12,2,2026,중개거래,서울 은평구,84.92,30,258,N,,11380,개인,증산동,은평구
,백련산에스케이뷰아이파크,2020,개인,,,"115,500",12,2,2026,중개거래,"서울 용산구, 서울 은평구",84.9039,16,767,N,,11380,개인,응암동,은평구
,갈현1단지e-편한세상,2004,개인,,,"80,000",10,2,2026,중개거래,서울 은평구,122.578,17,547,N,,11380,개인,구산동,은평구
,백련산에스케이뷰아이파크,2020,개인,,,"99,000",6,2,2026,중개거래,서울 은평구,59.8545,20,767,N,,11380,개인,응암동,은평구
,대림아파트(276),1993,개인,,,"80,000",10,2,2026,중개거래,서울 은평구,84.68,16,276,N,,11380,개인,녹번동,은평구
,e편한세상백련산,2022,개인,,,"85,000",10,2,2026,중개거래,서울 은평구,59.71,13,771,N,,11380,개인,응암동,은평구
,디오반,2011,개인,,,"11,800",10,2,2026,직거래,,14.46,5,173-1,N,26.02.11,11380,개인,증산동,은평구
,응암역효성해링턴플레이스,2019,개인,,,"94,000",10,2,2026,중개거래,서울 은평구,84.99,4,372,N,,11380,개인,신사동,은평구
,은평스카이뷰자이,2019,개인,,,"109,800",5,2,2026,중개거래,서울 은평구,84.3363,5,62,N,,11380,개인,진관동,은평구
,구파발10단지어울림(1011~1019동)BL3-1,2010,개인,,,"93,000",10,2,2026,중개거래,서울 은평구,84.78,7,27,N,,11380,개인,진관동,은평구
,응암아네스트,2014,개인,,,"11,000",5,2,2026,중개거래,서울 은평구,13.6793,15,88-8,N,,11380,개인,응암동,은평구
,경남아너스빌,2004,개인,,,"64,300",5,2,2026,중개거래,서울 은평구,84.99,18,224,N,,11380,개인,구산동,은평구
,신성,1988,개인,,,"42,000",7,2,2026,중개거래,서울 은평구,61.32,9,155-1,N,,11380,개인,신사동,은평구
,마고정3단지센트레빌(310~322동)BL2-3,2009,개인,,,"81,500",10,2,2026,중개거래,서울 은평구,59.37,5,107,N,,11380,개인,진관동,은평구
,삼흥리치,2016,개인,,,"52,000",8,2,2026,중개거래,서울 은평구,56.43,15,117-54,N,,11380,개인,응암동,은평구
,래미안베라힐즈,2019,개인,,,"120,000",5,2,2026,중개거래,서울 은평구,59.98,14,283,N,,11380,개인,녹번동,은평구
,응암역효성해링턴플레이스,2019,개인,,,"80,000",6,2,2026,중개거래,서울 은평구,71.93,5,372,N,,11380,개인,신사동,은평구
,백련산힐스테이트4차,2018,개인,,,"87,900",9,2,2026,중개거래,서울 은평구,59.98,13,764,N,,11380,개인,응암동,은평구
,마고정3단지센트레빌(310~322동)BL2-3,2009,개인,,,"135,500",7,2,2026,중개거래,서울 은평구,167.14,8,107,N,,11380,개인,진관동,은평구
,백련산파크자이,2021,개인,,,"101,000",5,2,2026,중개거래,서울 은평구,84.901,10,766,N,,11380,개인,응암동,은평구
,북한산현대홈타운,2004,개인,,,"110,500",7,2,2026,중개거래,서울 은평구,114.9984,13,633,N,,11380,개인,불광동,은평구
,명남스카이뷰,2023,개인,,,"58,000",4,2,2026,직거래,,57.07,6,590-10,N,,11380,개인,응암동,은평구
,백련산힐스테이트1차,2011,개인,,,"80,000",9,2,2026,중개거래,서울 은평구,84.59,1,759,N,,11380,개인,응암동,은평구
,미성,1987,개인,,,"54,200",8,2,2026,중개거래,서울 은평구,63.53,7,140-1,N,,11380,개인,신사동,은평구
,갈현현대,1998,개인,,,"46,800",8,2,2026,중개거래,서울 은평구,59.94,9,382,N,,11380,개인,구산동,은평구
,은평스카이뷰자이,2019,개인,,,"116,800",4,2,2026,중개거래,서울 은평구,84.7488,21,62,N,,11380,개인,진관동,은평구
,센트레빌아스테리움시그니처,2024,개인,,,"94,000",7,2,2026,중개거래,서울 은평구,84.9719,20,189-1,N,,11380,개인,역촌동,은평구
,힐스테이트녹번역,2022,개인,,,"137,000",7,2,2026,중개거래,"서울 양천구, 서울 은평구",84.99,4,770,N,,11380,개인,응암동,은평구
,북한산힐스테이트7차,2011,개인,,,"123,000",7,2,2026,중개거래,서울 은평구,84.947,7,643,N,,11380,개인,불광동,은평구
,경남,1995,개인,,,"48,000",7,2,2026,중개거래,서울 서대문구,74.21,2,714,N,,11380,개인,응암동,은평구
,백련산해모로,2020,개인,,,"97,000",7,2,2026,중개거래,경기 광명시,74.94,12,768,N,,11380,개인,응암동,은평구
,래미안베라힐즈,2019,개인,,,"124,000",7,2,2026,중개거래,서울 은평구,84.95,2,283,N,,11380,개인,녹번동,은평구
,백련산힐스테이트1차,2011,개인,,,"83,500",6,2,2026,중개거래,서울 은평구,84.42,8,759,N,,11380,개인,응암동,은평구
,백련산에스케이뷰아이파크,2020,개인,,,"109,000",6,2,2026,중개거래,서울 은평구,84.9039,4,767,N,,11380,개인,응암동,은평구
,북한산힐스테이트1차아파트,2009,개인,,,"86,500",6,2,2026,중개거래,서울 은평구,59.817,10,635,N,,11380,개인,불광동,은평구
,폭포동4단지힐스테이트(408~422동)BL3-9,2010,개인,,,"95,000",6,2,2026,중개거래,서울 송파구,166.96,7,140,N,,11380,개인,진관동,은평구
,은평뉴타운엘크루,2017,개인,,,"70,500",6,2,2026,중개거래,서울 은평구,59.98,4,65,N,,11380,개인,진관동,은평구
,상림마을6단지푸르지오(622~629동)BL1-5,2008,개인,,,"65,000",6,2,2026,중개거래,서울 은평구,59.8,2,5,N,,11380,개인,진관동,은평구
,백련산힐스테이트4차,2018,개인,,,"103,500",7,2,2026,중개거래,서울 은평구,84.98,13,764,N,,11380,개인,응암동,은평구
,DMC센트럴자이(2단지),2023,개인,,,"160,000",5,2,2026,중개거래,서울 은평구,74.78,15,258,N,,11380,개인,증산동,은평구
,래미안베라힐즈,2019,개인,,,"133,000",6,2,2026,중개거래,서울 은평구,84.98,8,283,N,,11380,개인,녹번동,은평구
,신사동한신휴플러스,2003,개인,,,"66,000",6,2,2026,중개거래,서울 은평구,84.65,15,365,N,,11380,개인,신사동,은평구
,미성,1987,개인,,,"68,700",5,2,2026,중개거래,서울 은평구,83.27,11,140-1,N,,11380,개인,신사동,은평구
,DMC센트럴자이(3단지),2023,개인,,,"176,000",5,2,2026,중개거래,서울 은평구,84.92,30,258,N,,11380,개인,증산동,은평구
,대경아르체,2024,개인,,,"61,500",2,2,2026,직거래,,42.48,5,550,N,,11380,법인,갈현동,은평구
,백련산힐스테이트2차,2011,개인,,,"88,000",4,2,2026,중개거래,서울 은평구,84.37,6,760,N,,11380,개인,응암동,은평구
,래미안베라힐즈,2019,개인,,,"134,500",5,2,2026,중개거래,서울 은평구,84.95,10,283,N,,11380,개인,녹번동,은평구
,명남스카이뷰,2023,개인,,,"58,000",4,2,2026,직거래,,57.07,7,590-10,N,,11380,개인,응암동,은평구
,e편한세상백련산,2022,개인,,,"82,000",4,2,2026,중개거래,서울 은평구,59.98,13,771,N,,11380,개인,응암동,은평구
,백련산힐스테이트3차,2011,개인,,,"93,000",4,2,2026,중개거래,서울 은평구,84.43,12,761,N,,11380,개인,응암동,은평구
,백련산힐스테이트1차,2011,개인,,,"83,000",4,2,2026,중개거래,서울 은평구,84.59,12,759,N,,11380,개인,응암동,은평구
,북한산푸르지오,2015,개인,,,"135,000",4,2,2026,중개거래,"서울 서초구, 서울 은평구",114.98,7,281,N,,11380,개인,녹번동,은평구
,백련산힐스테이트4차,2018,개인,,,"89,000",4,2,2026,중개거래,서울 은평구,59.98,11,764,N,,11380,개인,응암동,은평구
,DMCSK뷰아이파크포레,2025,개인,,,"112,000",4,2,2026,중개거래,서울 은평구,59.96,8,419,N,,11380,개인,수색동,은평구
,e편한세상 수색 에코포레,2003,개인,,,"64,000",3,2,2026,중개거래,서울 은평구,59.895,11,415-1,N,,11380,개인,수색동,은평구
,DMC파인시티자이,2025,개인,,,"125,000",3,2,2026,중개거래,서울 은평구,59.98,11,431,N,,11380,개인,수색동,은평구
,DMCSK뷰아이파크포레,2025,개인,,,"109,400",3,2,2026,중개거래,서울 은평구,59.97,7,419,N,,11380,개인,수색동,은평구
,신성,1988,개인,,,"48,500",1,2,2026,중개거래,서울 은평구,82.74,7,155-1,N,,11380,개인,신사동,은평구
,은평스카이뷰자이,2019,개인,,,"111,000",2,2,2026,중개거래,"서울 서대문구, 서울 은평구",84.7488,23,62,N,,11380,개인,진관동,은평구
,현대2,1994,개인,,,"60,000",1,2,2026,중개거래,서울 은평구,84.83,14,355,N,,11380,개인,신사동,은평구
,DH팰리스타워,2020,개인,,,"51,000",1,2,2026,중개거래,서울 은평구,43.95,11,83-26,N,,11380,개인,녹번동,은평구
,DMC래미안e편한세상,2012,개인,,,"154,800",31,1,2026,중개거래,서울 서대문구,84.94,7,481,N,,11410,개인,북가좌동,서대문구
,청구3차,2001,개인,,,"78,000",30,1,2026,중개거래,서울 서대문구,59.4,10,462,N,,11410,개인,홍제동,서대문구
,성원,2001,개인,,,"90,500",29,1,2026,중개거래,서울 서대문구,84.95,11,740,N,,11410,개인,연희동,서대문구
,e편한세상신촌2단지,2018,개인,,,"207,000",19,1,2026,중개거래,서울 서대문구,84.95,4,1013,N,,11410,개인,북아현동,서대문구
,"현대(1,2차)",1988,개인,,,"61,000",10,1,2026,중개거래,서울 서대문구,59.96,1,202-5,N,,11410,개인,홍은동,서대문구
,홍은동벽산,1997,개인,,,"71,000",29,1,2026,중개거래,서울 서대문구,84.78,8,455,N,,11410,개인,홍은동,서대문구
,제일아파트,2015,개인,,,"77,500",31,1,2026,중개거래,서울 서대문구,84.12,6,470,N,,11410,개인,홍제동,서대문구
,풍림2,1990,개인,,,"65,700",27,1,2026,중개거래,서울 서대문구,66.69,4,453-2,N,,11410,개인,홍은동,서대문구
,"현대(1,2차)",1988,개인,26.02.11,O,"61,000",10,1,2026,중개거래,서울 서대문구,59.96,1,202-5,N,,11410,개인,홍은동,서대문구
,홍일,1969,개인,,,"35,000",29,1,2026,중개거래,서울 서대문구,65.22,3,247-19,N,,11410,개인,홍제동,서대문구
,독립문삼호,1995,개인,,,"125,000",11,1,2026,중개거래,서울 서대문구,84.78,7,100,N,,11410,개인,영천동,서대문구
,선명(101동),2005,개인,,,"48,500",17,1,2026,중개거래,서울 서대문구,63.35,5,703-32,N,,11410,개인,연희동,서대문구
,독립문극동(200-0),1998,개인,,,"139,000",29,1,2026,중개거래,서울 서대문구,102.45,10,200,N,,11410,개인,현저동,서대문구
,무악재한화,2001,개인,,,"110,000",30,1,2026,중개거래,서울 서대문구,84.28,12,464,N,,11410,개인,홍제동,서대문구
,래미안루센티아,2020,개인,,,"132,000",31,1,2026,중개거래,서울 서대문구,59.98,10,390,N,,11410,개인,남가좌동,서대문구
,유원하나,1996,개인,,,"60,000",24,1,2026,중개거래,서울 서대문구,82.35,1,454,N,,11410,개인,홍제동,서대문구
,DMC래미안e편한세상,2012,개인,,,"145,000",31,1,2026,중개거래,서울 서대문구,84.95,7,481,N,,11410,개인,북가좌동,서대문구
,홍제원현대(459-0),2000,개인,,,"86,000",24,1,2026,중개거래,서울 서대문구,59.93,15,459,N,,11410,개인,홍제동,서대문구
,홍은미성,1985,개인,,,"49,850",31,1,2026,중개거래,서울 서대문구,83.61,1,186-1,N,,11410,개인,홍은동,서대문구
,유원,1987,개인,,,"50,500",24,1,2026,중개거래,서울 서대문구,64.26,5,22,N,,11410,개인,홍은동,서대문구
,DMC래미안클라시스,2000,개인,,,"104,500",31,1,2026,중개거래,서울 서대문구,114.93,1,377,N,,11410,개인,남가좌동,서대문구
,"현대(1,2차)",1988,개인,,,"61,000",22,1,2026,중개거래,서울 서대문구,59.97,1,202-5,N,,11410,개인,홍은동,서대문구
,DMC파크뷰자이1단지,2015,개인,,,"180,000",17,1,2026,중개거래,서울 서대문구,120.492,13,385,N,,11410,개인,남가좌동,서대문구
,홍제역해링턴플레이스,2024,개인,,,"169,500",24,1,2026,중개거래,서울 서대문구,114.95,5,474,N,,11410,개인,홍제동,서대문구
,DMC금호리첸시아,2024,개인,,,"133,000",8,1,2026,중개거래,서울 서대문구,74.343,23,396,N,,11410,개인,남가좌동,서대문구
,북한산두산위브,2020,개인,,,"94,300",17,1,2026,중개거래,서울 서대문구,84.98,6,467,N,,11410,개인,홍은동,서대문구
,피어리스,1987,개인,,,"74,500",26,1,2026,중개거래,서울 마포구,84.24,13,222,N,,11410,개인,충정로3가,서대문구
,풍림2,1990,개인,,,"72,000",17,1,2026,중개거래,서울 서대문구,84.93,15,453-2,N,,11410,개인,홍은동,서대문구
,서대문푸르지오센트럴파크,2023,개인,,,"132,000",31,1,2026,중개거래,서울 서대문구,55.25,12,478,N,,11410,개인,홍제동,서대문구
,홍제역해링턴플레이스,2024,개인,,,"155,000",31,1,2026,중개거래,서울 서대문구,84.95,4,474,N,,11410,개인,홍제동,서대문구
,DMC래미안e편한세상,2012,개인,,,"147,000",31,1,2026,중개거래,서울 서대문구,84.95,15,481,N,,11410,개인,북가좌동,서대문구
,홍제삼성래미안,2001,개인,,,"79,700",31,1,2026,중개거래,"서울 서대문구, 서울 성북구",60.0,2,461,N,,11410,개인,홍제동,서대문구
,DMC에코자이,2019,개인,,,"122,500",31,1,2026,중개거래,서울 서대문구,59.79,12,389,N,,11410,개인,남가좌동,서대문구
,DMC래미안클라시스,2000,개인,,,"109,000",31,1,2026,중개거래,서울 서대문구,84.9,16,377,N,,11410,개인,남가좌동,서대문구
,연희파크푸르지오,2018,개인,,,"120,000",27,1,2026,중개거래,서울 서대문구,84.4317,18,747,N,,11410,개인,연희동,서대문구
,청구1차,1994,개인,,,"105,000",31,1,2026,중개거래,서울 서대문구,84.78,4,453,N,,11410,개인,홍제동,서대문구
,DMC래미안클라시스,2000,개인,,,"120,000",30,1,2026,중개거래,서울 서대문구,114.88,15,377,N,,11410,개인,남가좌동,서대문구
,금호어울림,2016,개인,,,"85,000",17,1,2026,중개거래,서울 서대문구,84.7861,1,471,N,,11410,개인,홍제동,서대문구
,홍제역해링턴플레이스,2024,개인,,,"176,000",15,1,2026,중개거래,"서울 서대문구, 인천 서구",114.95,14,474,N,,11410,개인,홍제동,서대문구
,유원,1987,개인,,,"56,000",30,1,2026,중개거래,서울 서대문구,84.6,11,22,N,,11410,개인,홍은동,서대문구
,e편한세상홍제가든플라츠,2023,개인,,,"135,000",30,1,2026,중개거래,서울 서대문구,84.994,19,469,N,,11410,개인,홍은동,서대문구
,DMC래미안e편한세상,2012,개인,,,"168,000",31,1,2026,중개거래,서울 서대문구,120.95,17,481,N,,11410,개인,북가좌동,서대문구
,인왕산한신휴플러스,2009,개인,,,"100,000",30,1,2026,중개거래,서울 서대문구,84.925,8,469,N,,11410,개인,홍제동,서대문구
,홍은동벽산,1997,개인,,,"92,500",18,1,2026,중개거래,서울 서대문구,114.96,14,455,N,,11410,개인,홍은동,서대문구
,풍림1차,1988,개인,,,"49,000",30,1,2026,중개거래,서울 서대문구,64.53,8,440-3,N,,11410,개인,홍은동,서대문구
,"현대(1,2차)",1988,개인,,,"79,700",30,1,2026,중개거래,서울 서대문구,84.77,10,202-5,N,,11410,개인,홍은동,서대문구
,천연뜨란채,2006,개인,,,"98,000",29,1,2026,중개거래,서울 서대문구,56.02,11,145,N,,11410,개인,천연동,서대문구
,홍제역해링턴플레이스,2024,개인,,,"164,500",29,1,2026,중개거래,서울 서대문구,84.95,14,474,N,,11410,개인,홍제동,서대문구
,북가좌삼호,1996,개인,,,"89,000",29,1,2026,중개거래,서울 서대문구,84.57,11,449,N,,11410,개인,북가좌동,서대문구
,대우푸르지오,2002,개인,,,"89,500",18,1,2026,중개거래,서울 서대문구,59.79,13,739,N,,11410,개인,연희동,서대문구
,홍제역해링턴플레이스,2024,개인,,,"149,500",15,1,2026,중개거래,서울 서대문구,84.95,6,474,N,,11410,개인,홍제동,서대문구
,인왕산현대,2000,개인,,,"95,000",27,1,2026,중개거래,서울 서대문구,84.9,18,460,N,,11410,개인,홍제동,서대문구
,제일아파트,2015,개인,,,"78,000",28,1,2026,중개거래,서울 서대문구,80.11,2,470,N,,11410,개인,홍제동,서대문구
,서대문푸르지오센트럴파크,2023,개인,,,"150,000",28,1,2026,중개거래,서울 서대문구,59.94,11,478,N,,11410,개인,홍제동,서대문구
,금호어울림,2016,개인,,,"88,000",27,1,2026,중개거래,서울 서대문구,84.759,2,471,N,,11410,개인,홍제동,서대문구
,금호어울림,2016,개인,,,"95,000",28,1,2026,중개거래,서울 서대문구,84.7861,6,471,N,,11410,개인,홍제동,서대문구
,북가좌삼호,1996,개인,,,"85,000",10,1,2026,중개거래,서울 서대문구,114.03,2,449,N,,11410,개인,북가좌동,서대문구
,서강주상복합,1998,개인,,,"73,000",28,1,2026,중개거래,서울 서대문구,112.73,14,404-1,N,,11410,개인,홍은동,서대문구
,DMC래미안e편한세상,2012,개인,,,"143,500",28,1,2026,중개거래,서울 서대문구,84.95,17,481,N,,11410,개인,북가좌동,서대문구
,홍일,1969,개인,,,"36,500",27,1,2026,직거래,,65.22,2,247-19,N,26.01.28,11410,개인,홍제동,서대문구
,DMC파크뷰자이1단지,2015,개인,,,"155,000",17,1,2026,중개거래,서울 서대문구,84.971,10,385,N,,11410,개인,남가좌동,서대문구
,홍은동벽산,1997,개인,,,"72,500",24,1,2026,중개거래,서울 서대문구,84.78,5,455,N,,11410,개인,홍은동,서대문구
,남가좌동현대,1999,개인,,,"85,000",26,1,2026,중개거래,서울 서대문구,59.4,9,376,N,,11410,개인,남가좌동,서대문구
,청구3차,2001,개인,,,"78,000",26,1,2026,중개거래,서울 서대문구,59.4,15,462,N,,11410,개인,홍제동,서대문구
,홍은동벽산,1997,개인,,,"73,750",26,1,2026,중개거래,서울 서대문구,84.78,10,455,N,,11410,개인,홍은동,서대문구
,DMC파크뷰자이2단지,2015,개인,,,"157,000",26,1,2026,중개거래,서울 서대문구,84.909,8,385,N,,11410,개인,남가좌동,서대문구
,홍일,1969,개인,26.01.26,O,"36,500",8,1,2026,직거래,,65.22,2,247-19,N,,11410,개인,홍제동,서대문구
,남가좌동현대,1999,개인,,,"104,500",26,1,2026,중개거래,서울 서대문구,84.78,17,376,N,,11410,개인,남가좌동,서대문구
,남가좌동현대,1999,개인,,,"80,000",26,1,2026,중개거래,서울 서대문구,59.4,3,376,N,,11410,개인,남가좌동,서대문구
,북한산두산위브,2020,개인,,,"92,000",26,1,2026,중개거래,서울 서대문구,84.78,12,467,N,,11410,개인,홍은동,서대문구
,연희자이엘라,2014,개인,,,"15,700",22,1,2026,중개거래,서울 서대문구,13.642,11,745,N,26.02.11,11410,개인,연희동,서대문구
,e편한세상홍제가든플라츠,2023,개인,,,"130,000",16,1,2026,중개거래,서울 서대문구,84.994,8,469,N,,11410,개인,홍은동,서대문구
,DMC휴먼빌아파트,2008,개인,,,"97,800",22,1,2026,중개거래,"경기 고양시 덕양구, 서울 서대문구",114.53,10,456,N,,11410,개인,북가좌동,서대문구
,DMC한양,1987,개인,,,"77,500",21,1,2026,중개거래,서울 서대문구,65.34,7,431,N,,11410,개인,북가좌동,서대문구
,DMC파크뷰자이1단지,2015,개인,,,"150,000",24,1,2026,중개거래,서울 서대문구,84.971,3,385,N,,11410,개인,남가좌동,서대문구
,두산,1997,개인,,,"60,000",24,1,2026,중개거래,서울 서대문구,59.73,13,456,N,,11410,개인,홍은동,서대문구
,인왕산현대,2000,개인,,,"98,000",24,1,2026,중개거래,서울 서대문구,84.9,2,460,N,,11410,개인,홍제동,서대문구
,DMC두산위브,2007,개인,,,"80,000",24,1,2026,중개거래,서울 마포구,84.9923,1,459,N,,11410,개인,북가좌동,서대문구
,DMC한양,1987,개인,,,"88,500",24,1,2026,중개거래,서울 서대문구,84.33,7,431,N,,11410,개인,북가좌동,서대문구
,DMC파크뷰자이1단지,2015,개인,,,"160,000",23,1,2026,중개거래,서울 서대문구,84.98,4,385,N,,11410,개인,남가좌동,서대문구
,DMC래미안e편한세상,2012,개인,,,"165,000",21,1,2026,중개거래,서울 서대문구,120.95,29,481,N,,11410,개인,북가좌동,서대문구
,인왕산현대,2000,개인,,,"101,000",23,1,2026,중개거래,서울 서대문구,84.9,4,460,N,,11410,개인,홍제동,서대문구
,북가좌삼호,1996,개인,,,"83,000",24,1,2026,중개거래,서울 서대문구,75.75,11,449,N,,11410,개인,북가좌동,서대문구
,홍제센트럴IPARK,2020,개인,,,"124,000",23,1,2026,중개거래,서울 서대문구,59.9837,1,473,N,,11410,개인,홍제동,서대문구
,DMC센트럴아이파크,2018,개인,,,"138,000",14,1,2026,중개거래,서울 서대문구,84.97,17,388,N,,11410,개인,남가좌동,서대문구
,DMC센트럴아이파크,2018,개인,,,"134,000",19,1,2026,중개거래,서울 서대문구,84.95,6,388,N,,11410,개인,남가좌동,서대문구
,독립문극동(200-0),1998,개인,,,"142,000",17,1,2026,중개거래,서울 서대문구,114.51,5,200,N,,11410,개인,현저동,서대문구
105,천연뜨란채,2006,개인,,,"85,000",7,1,2026,직거래,,55.85,7,145,N,26.02.10,11410,개인,천연동,서대문구
,홍은동벽산,1997,개인,,,"75,000",23,1,2026,중개거래,서울 서대문구,84.96,2,455,N,,11410,개인,홍은동,서대문구
,문화촌현대,2002,개인,,,"66,850",22,1,2026,중개거래,서울 서대문구,59.94,11,463,N,,11410,개인,홍제동,서대문구
,월드컵현대,1998,개인,,,"83,000",22,1,2026,중개거래,서울 은평구,59.76,6,371-1,N,,11410,개인,북가좌동,서대문구
,북한산두산위브2차,2021,개인,,,"77,000",22,1,2026,중개거래,서울 서대문구,59.7501,9,468,N,,11410,개인,홍은동,서대문구
,홍제역해링턴플레이스,2024,개인,,,"150,000",15,1,2026,중개거래,서울 서대문구,84.95,11,474,N,,11410,개인,홍제동,서대문구
,동부센트레빌,2002,개인,,,"108,000",22,1,2026,중개거래,서울 서대문구,114.92,15,260,N,,11410,개인,냉천동,서대문구
,동아빌라(188-72),1992,개인,,,"80,000",17,1,2026,중개거래,서울 서대문구,164.92,6,188-72,N,,11410,개인,홍은동,서대문구
,DMC센트럴아이파크,2018,개인,,,"117,000",21,1,2026,중개거래,서울 서대문구,59.91,4,388,N,,11410,개인,남가좌동,서대문구
,홍은동벽산,1997,개인,,,"74,800",21,1,2026,중개거래,서울 서대문구,84.78,10,455,N,,11410,개인,홍은동,서대문구
,홍제역해링턴플레이스,2024,개인,,,"104,000",21,1,2026,중개거래,서울 서대문구,48.21,16,474,N,,11410,개인,홍제동,서대문구
,DMC파크뷰자이4단지,2015,개인,,,"130,000",10,1,2026,중개거래,서울 서대문구,59.981,5,385,N,,11410,개인,남가좌동,서대문구
,서대문푸르지오센트럴파크,2023,개인,,,"125,500",20,1,2026,중개거래,서울 서대문구,55.25,12,478,N,,11410,개인,홍제동,서대문구
,인왕산현대,2000,개인,,,"102,000",20,1,2026,중개거래,서울 서대문구,84.9,18,460,N,,11410,개인,홍제동,서대문구
,DMC파크뷰자이1단지,2015,개인,,,"150,000",20,1,2026,중개거래,서울 서대문구,84.968,2,385,N,,11410,개인,남가좌동,서대문구
,북가좌삼호,1996,개인,,,"84,000",20,1,2026,중개거래,서울 서대문구,75.75,4,449,N,,11410,개인,북가좌동,서대문구
,DMC파크뷰자이1단지,2015,개인,,,"152,000",20,1,2026,중개거래,서울 서대문구,84.968,9,385,N,,11410,개인,남가좌동,서대문구
,남가좌동현대,1999,개인,,,"107,500",20,1,2026,중개거래,서울 서대문구,84.78,20,376,N,,11410,개인,남가좌동,서대문구
,신촌푸르지오,2015,개인,,,"205,000",20,1,2026,중개거래,서울 서대문구,84.9892,8,1011,N,,11410,개인,북아현동,서대문구
,서대문노블루체,2018,개인,,,"28,000",20,1,2026,중개거래,서울 서대문구,29.07,4,274-32,N,,11410,개인,홍은동,서대문구
,사랑채,2003,개인,,,"53,000",20,1,2026,중개거래,서울 서대문구,75.95,1,31-9,N,,11410,개인,합동,서대문구
,연희파크푸르지오,2018,개인,,,"98,500",13,1,2026,중개거래,"서울 서대문구, 서울 중랑구",59.9835,7,747,N,,11410,개인,연희동,서대문구
,인왕산현대,2000,개인,,,"99,800",3,1,2026,중개거래,서울 서대문구,84.9,13,460,N,,11410,개인,홍제동,서대문구
,디엠씨엘가,2017,개인,,,"20,400",6,1,2026,중개거래,서울 서대문구,17.23,11,387,N,,11410,개인,남가좌동,서대문구
,DMC래미안e편한세상,2012,개인,,,"159,000",20,1,2026,중개거래,서울 서대문구,120.95,5,481,N,,11410,개인,북가좌동,서대문구
301,DMC파크뷰자이3단지,2015,개인,,,"139,000",20,1,2026,중개거래,서울 서대문구,84.99,18,385,N,26.02.05,11410,개인,남가좌동,서대문구
,문화촌현대,2002,개인,,,"75,500",16,1,2026,중개거래,서울 서대문구,84.99,7,463,N,,11410,개인,홍제동,서대문구
,DMC래미안e편한세상,2012,개인,,,"147,000",10,1,2026,중개거래,서울 서대문구,84.95,22,481,N,,11410,개인,북가좌동,서대문구
,DMC센트럴아이파크,2018,개인,,,"144,500",6,1,2026,중개거래,서울 서대문구,103.19,11,388,N,,11410,개인,남가좌동,서대문구
,힐스테이트신촌,2023,개인,,,"175,000",20,1,2026,중개거래,"서울 마포구, 서울 서대문구",59.8404,18,1017,N,,11410,개인,북아현동,서대문구
,대우푸르지오,2002,개인,,,"83,000",13,1,2026,중개거래,서울 서대문구,59.584,2,739,N,,11410,개인,연희동,서대문구
,연희파크푸르지오,2018,개인,,,"99,500",13,1,2026,중개거래,서울 서대문구,59.9835,14,747,N,,11410,개인,연희동,서대문구
,남가좌동현대,1999,개인,,,"84,900",19,1,2026,중개거래,서울 서대문구,59.4,7,376,N,,11410,개인,남가좌동,서대문구
,두산,1999,개인,,,"135,000",19,1,2026,중개거래,서울 서대문구,59.96,15,1009,N,,11410,개인,북아현동,서대문구
,힐스테이트신촌,2023,개인,,,"173,500",7,1,2026,중개거래,서울 서대문구,59.8404,7,1017,N,,11410,개인,북아현동,서대문구
,남가좌동현대,1999,개인,,,"83,500",19,1,2026,중개거래,서울 서대문구,73.65,3,376,N,,11410,개인,남가좌동,서대문구
,북가좌삼호,1996,개인,,,"85,000",19,1,2026,중개거래,서울 서대문구,84.57,18,449,N,,11410,개인,북가좌동,서대문구
,래미안루센티아,2020,개인,,,"148,500",16,1,2026,중개거래,서울 서대문구,84.84,7,390,N,,11410,개인,남가좌동,서대문구
,북한산두산위브,2020,개인,,,"75,500",16,1,2026,중개거래,서울 서대문구,59.96,4,467,N,,11410,개인,홍은동,서대문구
,청구3차,2001,개인,,,"99,000",18,1,2026,중개거래,서울 서대문구,84.96,10,462,N,,11410,개인,홍제동,서대문구
,독립문극동(200-0),1998,개인,,,"134,500",17,1,2026,중개거래,서울 서대문구,84.87,22,200,N,,11410,개인,현저동,서대문구
,e편한세상신촌4단지,2018,개인,,,"230,000",17,1,2026,중개거래,서울 서대문구,84.82,18,1013,N,,11410,개인,북아현동,서대문구
,두산,1999,개인,,,"129,000",16,1,2026,중개거래,서울 서대문구,59.96,6,1009,N,,11410,개인,북아현동,서대문구
,문화촌현대,2002,개인,,,"67,000",17,1,2026,중개거래,서울 서대문구,59.94,7,463,N,,11410,개인,홍제동,서대문구
,DMC센트럴아이파크,2018,개인,,,"133,500",17,1,2026,중개거래,"경기 고양시 덕양구, 서울 서대문구",84.9,9,388,N,,11410,개인,남가좌동,서대문구
,DMC센트레빌,2009,개인,,,"125,000",17,1,2026,중개거래,서울 서대문구,114.85,15,381,N,,11410,개인,남가좌동,서대문구
,홍제역해링턴플레이스,2024,개인,,,"103,000",17,1,2026,중개거래,서울 서대문구,48.21,17,474,N,,11410,개인,홍제동,서대문구
,DMC에코자이,2019,개인,,,"124,000",16,1,2026,중개거래,"서울 서대문구, 서울 중구",59.79,9,389,N,,11410,개인,남가좌동,서대문구
,연희파크푸르지오,2018,개인,,,"102,000",16,1,2026,중개거래,서울 서대문구,59.9835,5,747,N,,11410,개인,연희동,서대문구
,DMC파크뷰자이1단지,2015,개인,,,"160,000",17,1,2026,중개거래,서울 서대문구,84.98,15,385,N,,11410,개인,남가좌동,서대문구
,홍은동벽산,1997,개인,,,"72,800",17,1,2026,중개거래,서울 서대문구,84.96,8,455,N,,11410,개인,홍은동,서대문구
,홍제한양,1993,개인,,,"93,000",17,1,2026,중개거래,서울 서대문구,84.77,11,82,N,,11410,개인,홍제동,서대문구
,인왕산현대,2000,개인,,,"82,700",17,1,2026,중개거래,서울 서대문구,59.93,15,460,N,,11410,개인,홍제동,서대문구
,남가좌동현대,1999,개인,,,"107,200",17,1,2026,중개거래,서울 서대문구,114.9,3,376,N,,11410,개인,남가좌동,서대문구
,e편한세상신촌1단지,2018,개인,,,"219,500",17,1,2026,중개거래,서울 서대문구,84.93,8,1013,N,,11410,개인,북아현동,서대문구
,독립문극동(200-0),1998,개인,,,"116,000",17,1,2026,중개거래,서울 서대문구,59.58,9,200,N,,11410,개인,현저동,서대문구
,DMC한양,1987,개인,,,"85,000",17,1,2026,중개거래,서울 서대문구,84.33,3,431,N,,11410,개인,북가좌동,서대문구
,서대문푸르지오센트럴파크,2023,개인,,,"124,500",17,1,2026,중개거래,서울 서대문구,55.25,4,478,N,,11410,개인,홍제동,서대문구
,홍은동벽산,1997,개인,,,"88,000",17,1,2026,중개거래,서울 서대문구,114.96,8,455,N,,11410,개인,홍은동,서대문구
,홍일,1969,개인,,,"28,000",17,1,2026,중개거래,서울 서대문구,64.89,1,247-19,N,26.01.19,11410,개인,홍제동,서대문구
,독립문극동(200-0),1998,개인,,,"106,000",17,1,2026,중개거래,서울 서대문구,59.58,2,200,N,,11410,개인,현저동,서대문구
,홍제현대,1992,개인,,,"90,500",17,1,2026,중개거래,서울 서대문구,75.15,9,331,N,,11410,개인,홍제동,서대문구
,e편한세상신촌1단지,2018,개인,,,"185,500",16,1,2026,중개거래,"서울 마포구, 서울 서대문구",59.85,3,1013,N,,11410,개인,북아현동,서대문구
,DMC파크뷰자이3단지,2015,개인,,,"145,000",16,1,2026,중개거래,서울 서대문구,84.968,12,385,N,,11410,개인,남가좌동,서대문구
,DMC센트레빌,2009,개인,,,"120,000",16,1,2026,중개거래,서울 서대문구,84.87,3,381,N,,11410,개인,남가좌동,서대문구
,청구1차,1994,개인,,,"98,000",16,1,2026,중개거래,서울 서대문구,84.78,4,453,N,,11410,개인,홍제동,서대문구
,신촌럭키,1999,개인,26.01.30,O,"160,000",15,1,2026,중개거래,서울 서대문구,121.6,13,144,N,,11410,개인,대현동,서대문구
,신촌푸르지오,2015,개인,,,"199,000",16,1,2026,중개거래,서울 마포구,84.9892,14,1011,N,,11410,개인,북아현동,서대문구
107,서대문푸르지오센트럴파크,2023,개인,,,"100,000",16,1,2026,중개거래,서울 강남구,59.98,15,478,N,26.01.30,11410,개인,홍제동,서대문구
,돈의문센트레빌,2011,개인,,,"146,000",16,1,2026,중개거래,서울 서대문구,59.98,8,261,N,,11410,개인,냉천동,서대문구
,DMC파크뷰자이1단지,2015,개인,,,"195,000",12,1,2026,직거래,,152.146,4,385,N,,11410,개인,남가좌동,서대문구
,래미안남가좌2차,2005,개인,,,"118,000",16,1,2026,중개거래,서울 서대문구,59.788,11,379,N,,11410,개인,남가좌동,서대문구
,홍제역해링턴플레이스,2024,개인,,,"130,000",15,1,2026,중개거래,서울 서대문구,59.96,6,474,N,,11410,개인,홍제동,서대문구
,래미안루센티아,2020,개인,,,"153,000",15,1,2026,중개거래,서울 서대문구,84.83,22,390,N,,11410,개인,남가좌동,서대문구
,DMC에코자이,2019,개인,,,"120,000",15,1,2026,중개거래,서울 서대문구,59.79,4,389,N,,11410,개인,남가좌동,서대문구
,DMC한양,1987,개인,,,"80,000",14,1,2026,중개거래,서울 서대문구,65.34,11,431,N,,11410,개인,북가좌동,서대문구
,래미안남가좌2차,2005,개인,,,"111,500",15,1,2026,중개거래,서울 서대문구,59.788,2,379,N,,11410,개인,남가좌동,서대문구
,서대문푸르지오센트럴파크,2023,개인,,,"149,500",15,1,2026,중개거래,서울 서대문구,59.94,9,478,N,,11410,개인,홍제동,서대문구
,DMC래미안클라시스,2000,개인,,,"104,000",15,1,2026,중개거래,서울 서대문구,84.95,12,377,N,,11410,개인,남가좌동,서대문구
,DMC에코자이,2019,개인,,,"118,000",14,1,2026,중개거래,서울 서대문구,59.656,2,389,N,,11410,개인,남가좌동,서대문구
,두산,1997,개인,,,"68,500",6,1,2026,중개거래,서울 서대문구,84.84,4,456,N,,11410,개인,홍은동,서대문구
,요진,1998,개인,,,"63,000",14,1,2026,중개거래,"서울 서대문구, 서울 은평구",82.08,6,150,N,,11410,개인,북가좌동,서대문구
,DMC래미안클라시스,2000,개인,,,"95,000",14,1,2026,중개거래,서울 서대문구,59.93,5,377,N,,11410,개인,남가좌동,서대문구
,DMC한양,1987,개인,,,"101,000",14,1,2026,중개거래,서울 서대문구,116.76,10,431,N,,11410,개인,북가좌동,서대문구
,인왕산현대,2000,개인,,,"102,800",14,1,2026,중개거래,"서울 강남구, 서울 서대문구",84.9,9,460,N,,11410,개인,홍제동,서대문구
,서대문푸르지오센트럴파크,2023,개인,,,"179,000",14,1,2026,중개거래,서울 서대문구,84.95,12,478,N,,11410,개인,홍제동,서대문구
,서강2차(2동),1989,개인,,,"42,000",12,1,2026,중개거래,서울 서대문구,91.91,10,186-25,N,,11410,개인,홍은동,서대문구
,홍제삼성래미안,2001,개인,,,"82,000",14,1,2026,중개거래,서울 서대문구,60.0,11,461,N,,11410,개인,홍제동,서대문구
,인왕산현대,2000,개인,,,"81,500",14,1,2026,중개거래,서울 서대문구,59.93,5,460,N,,11410,개인,홍제동,서대문구
,경남102동,2008,개인,,,"100,000",6,1,2026,직거래,,59.97,2,1010,N,,11410,개인,북아현동,서대문구
,서대문푸르지오센트럴파크,2023,개인,,,"112,000",13,1,2026,중개거래,서울 서대문구,49.5,4,478,N,,11410,개인,홍제동,서대문구
,북한산더샵,2017,개인,,,"123,750",13,1,2026,중개거래,서울 서대문구,84.956,4,464,N,,11410,개인,홍은동,서대문구
,래미안남가좌2차,2005,개인,,,"115,700",14,1,2026,중개거래,서울 서대문구,59.788,14,379,N,,11410,개인,남가좌동,서대문구
,DMC래미안클라시스,2000,개인,,,"93,000",13,1,2026,중개거래,서울 서대문구,59.97,3,377,N,,11410,개인,남가좌동,서대문구
,인왕산현대,2000,개인,,,"110,000",7,1,2026,중개거래,"서울 서대문구, 서울 종로구",114.72,14,460,N,,11410,개인,홍제동,서대문구
,북한산두산위브,2020,개인,,,"75,000",6,1,2026,중개거래,서울 서대문구,59.96,3,467,N,,11410,개인,홍은동,서대문구
,DMC현대아파트,2000,개인,,,"68,900",2,1,2026,중개거래,서울 서대문구,71.89,12,453,N,,11410,개인,북가좌동,서대문구
,DMC파크뷰자이3단지,2015,개인,,,"128,500",12,1,2026,중개거래,서울 서대문구,59.981,16,385,N,,11410,개인,남가좌동,서대문구
,홍은동벽산,1997,개인,,,"73,000",12,1,2026,중개거래,서울 서대문구,84.78,4,455,N,,11410,개인,홍은동,서대문구
,래미안루센티아,2020,개인,,,"125,000",12,1,2026,중개거래,서울 서대문구,59.98,2,390,N,,11410,개인,남가좌동,서대문구
,유원하나,1996,개인,,,"59,000",12,1,2026,중개거래,서울 서대문구,82.35,10,454,N,,11410,개인,홍제동,서대문구
,북한산두산위브,2020,개인,,,"77,500",9,1,2026,중개거래,서울 서대문구,59.42,8,467,N,,11410,개인,홍은동,서대문구
,동원베네스트,2012,개인,,,"76,500",12,1,2026,중개거래,서울 서대문구,105.0526,9,463,N,,11410,개인,홍은동,서대문구
,힐스테이트신촌,2023,개인,,,"205,000",12,1,2026,중개거래,"서울 마포구, 서울 서대문구",84.9715,3,1017,N,,11410,개인,북아현동,서대문구
,서대문푸르지오센트럴파크,2023,개인,,,"163,500",10,1,2026,중개거래,"경기 성남시 분당구, 서울 서대문구",75.49,6,478,N,,11410,개인,홍제동,서대문구
,천연뜨란채,2006,개인,,,"105,000",11,1,2026,중개거래,서울 서대문구,55.82,16,145,N,,11410,개인,천연동,서대문구
,DMC금호리첸시아,2024,개인,,,"139,000",11,1,2026,중개거래,"서울 서대문구, 서울 은평구",84.9901,13,396,N,,11410,개인,남가좌동,서대문구
,HDX휴팰리스,2018,개인,,,"62,000",10,1,2026,중개거래,서울 서대문구,59.1032,9,465,N,,11410,개인,홍은동,서대문구
,DMC센트럴아이파크,2018,개인,,,"139,000",10,1,2026,중개거래,서울 서대문구,103.89,3,388,N,,11410,개인,남가좌동,서대문구
,홍은동벽산,1997,개인,,,"74,500",10,1,2026,중개거래,서울 서대문구,84.96,9,455,N,,11410,개인,홍은동,서대문구
,인왕산벽산,2003,개인,,,"81,500",10,1,2026,중개거래,서울 서대문구,84.63,6,465,N,,11410,개인,홍제동,서대문구
,유원하나,1996,개인,,,"54,500",10,1,2026,중개거래,서울 서대문구,58.77,9,454,N,,11410,개인,홍제동,서대문구
,풍림1차,1988,개인,,,"51,700",10,1,2026,중개거래,서울 서대문구,64.53,11,440-3,N,,11410,개인,홍은동,서대문구
,"현대(1,2차)",1988,개인,,,"64,800",10,1,2026,중개거래,서울 서대문구,59.97,3,202-5,N,,11410,개인,홍은동,서대문구
,DMC현대아파트,2000,개인,,,"75,000",10,1,2026,중개거래,서울 서대문구,84.95,9,453,N,,11410,개인,북가좌동,서대문구
,문화촌현대,2002,개인,,,"64,000",10,1,2026,중개거래,서울 서대문구,59.94,3,463,N,,11410,개인,홍제동,서대문구
,DMC래미안클라시스,2000,개인,,,"95,000",10,1,2026,중개거래,서울 서대문구,59.59,8,377,N,,11410,개인,남가좌동,서대문구
,인왕산현대,2000,개인,,,"99,000",10,1,2026,중개거래,서울 서대문구,84.9,9,460,N,,11410,개인,홍제동,서대문구
,남가좌동현대,1999,개인,,,"78,000",10,1,2026,중개거래,서울 서대문구,59.4,2,376,N,,11410,개인,남가좌동,서대문구
,디엠씨엘가,2017,개인,,,"43,500",7,1,2026,중개거래,서울 서대문구,41.23,2,387,N,,11410,법인,남가좌동,서대문구
,래미안남가좌2차,2005,개인,,,"107,000",8,1,2026,중개거래,"서울 서대문구, 서울 용산구",59.788,9,379,N,,11410,개인,남가좌동,서대문구
111,청구1차,1994,개인,,,"103,500",9,1,2026,중개거래,서울 종로구,84.78,7,453,N,26.02.10,11410,개인,홍제동,서대문구
,DMC한양,1987,개인,,,"82,800",9,1,2026,중개거래,서울 서대문구,84.33,4,431,N,,11410,개인,북가좌동,서대문구
,천연뜨란채,2006,개인,,,"95,000",8,1,2026,중개거래,서울 서대문구,57.78,2,145,N,,11410,개인,천연동,서대문구
,남가좌동현대,1999,개인,,,"75,000",8,1,2026,중개거래,서울 서대문구,59.4,1,376,N,,11410,개인,남가좌동,서대문구
,극동,1995,개인,,,"50,000",5,1,2026,중개거래,서울 서대문구,84.92,5,454,N,,11410,개인,홍은동,서대문구
,독립문극동(200-0),1998,개인,,,"140,500",7,1,2026,중개거래,서울 서대문구,102.45,14,200,N,,11410,개인,현저동,서대문구
,DMC래미안e편한세상,2012,개인,,,"168,000",7,1,2026,중개거래,서울 서대문구,120.95,15,481,N,,11410,개인,북가좌동,서대문구
,두산,1999,개인,,,"130,000",7,1,2026,중개거래,"서울 서대문구, 인천 남동구",59.96,8,1009,N,,11410,개인,북아현동,서대문구
,충림예하임,2010,개인,,,"85,000",5,1,2026,중개거래,서울 서대문구,84.6,5,477,N,,11410,개인,충정로3가,서대문구
,피어리스,1987,개인,,,"67,000",2,1,2026,중개거래,서울 서대문구,84.24,12,222,N,,11410,개인,충정로3가,서대문구
,월드컵현대,1998,개인,,,"94,500",1,1,2026,중개거래,서울 서대문구,84.93,10,371-1,N,,11410,개인,북가좌동,서대문구
,DMC래미안e편한세상,2012,개인,,,"138,000",6,1,2026,중개거래,서울 서대문구,84.92,4,481,N,,11410,개인,북가좌동,서대문구
130,DMC파크뷰자이1단지,2015,개인,,,"139,000",6,1,2026,중개거래,서울 서대문구,84.971,14,385,N,26.01.30,11410,개인,남가좌동,서대문구
,DMC파크뷰자이1단지,2015,개인,,,"161,000",6,1,2026,중개거래,서울 서대문구,84.971,4,385,N,,11410,개인,남가좌동,서대문구
,유원하나,1996,개인,,,"59,500",2,1,2026,중개거래,"서울 마포구, 서울 서대문구",82.35,9,454,N,,11410,개인,홍제동,서대문구
,북한산두산위브,2020,개인,,,"77,500",6,1,2026,중개거래,"서울 서대문구, 서울 서초구",59.54,3,467,N,,11410,개인,홍은동,서대문구
,창덕에버빌,1998,개인,,,"99,000",6,1,2026,중개거래,서울 서대문구,120.5,16,105-1,N,,11410,개인,남가좌동,서대문구
,DMC파크뷰자이3단지,2015,개인,,,"127,000",6,1,2026,중개거래,서울 서대문구,59.981,14,385,N,,11410,개인,남가좌동,서대문구
,DMC금호리첸시아,2024,개인,,,"108,500",6,1,2026,중개거래,서울 서대문구,59.8295,6,396,N,,11410,개인,남가좌동,서대문구
,금호어울림,2016,개인,,,"90,500",5,1,2026,중개거래,서울 서대문구,84.7861,5,471,N,,11410,개인,홍제동,서대문구
,DMC센트럴아이파크,2018,개인,,,"131,300",5,1,2026,중개거래,서울 서대문구,84.95,18,388,N,,11410,개인,남가좌동,서대문구
,풍림2,1990,개인,,,"57,000",5,1,2026,중개거래,"서울 강남구, 서울 서대문구",58.5,2,453-2,N,,11410,개인,홍은동,서대문구
102,힐스테이트신촌,2023,개인,,,"200,000",5,1,2026,중개거래,서울 서대문구,84.6043,10,1017,N,26.02.10,11410,개인,북아현동,서대문구
,e편한세상홍제가든플라츠,2023,개인,,,"114,000",4,1,2026,중개거래,서울 서대문구,59.991,13,469,N,,11410,개인,홍은동,서대문구
,홍제원현대(459-0),2000,개인,,,"105,000",3,1,2026,중개거래,"서울 강남구, 서울 서대문구",84.9,11,459,N,,11410,개인,홍제동,서대문구
,인왕산현대,2000,개인,,,"83,000",3,1,2026,중개거래,서울 서대문구,59.93,9,460,N,,11410,개인,홍제동,서대문구
,홍제원현대(459-0),2000,개인,,,"120,000",3,1,2026,중개거래,서울 서대문구,114.72,13,459,N,,11410,개인,홍제동,서대문구
,홍제원현대(459-0),2000,개인,,,"85,000",3,1,2026,중개거래,서울 서대문구,59.93,15,459,N,,11410,개인,홍제동,서대문구
,북한산더샵,2017,개인,,,"130,000",2,1,2026,중개거래,서울 서대문구,84.85,7,464,N,,11410,개인,홍은동,서대문구
,DMC래미안e편한세상,2012,개인,,,"150,000",2,1,2026,중개거래,서울 서대문구,84.92,32,481,N,,11410,개인,북가좌동,서대문구
,홍제현대,1992,개인,,,"83,000",3,1,2026,중개거래,서울 서대문구,83.05,1,331,N,,11410,개인,홍제동,서대문구
,청구1차,1994,개인,,,"107,400",2,1,2026,중개거래,서울 용산구,84.78,11,453,N,,11410,개인,홍제동,서대문구
,안산맨숀,1972,개인,,,"72,000",22,1,2026,중개거래,서울 서대문구,76.03,5,104-20,N,,11410,개인,홍제동,서대문구
,성원쌍떼빌팰리스,2005,개인,,,"144,700",10,2,2026,중개거래,서울 서대문구,148.12,4,742,N,,11410,개인,연희동,서대문구
,홍제에스피엘,2023,개인,,,"49,400",4,2,2026,직거래,,80.948,6,322-138,N,,11410,법인,홍제동,서대문구
,홍제에스피엘,2023,개인,,,"48,000",4,2,2026,직거래,,80.41,3,322-138,N,,11410,법인,홍제동,서대문구
,신촌럭키,1999,개인,,,"160,000",12,2,2026,중개거래,서울 서대문구,121.6,13,144,N,,11410,개인,대현동,서대문구
,광산,1973,개인,,,"45,000",12,2,2026,중개거래,서울 서대문구,70.64,3,157-68,N,,11410,개인,홍제동,서대문구
,북한산두산위브,2020,개인,,,"76,000",11,2,2026,중개거래,서울 서대문구,59.96,12,467,N,,11410,개인,홍은동,서대문구
,유원,1987,개인,,,"47,500",7,2,2026,중개거래,서울 서대문구,64.26,5,22,N,,11410,개인,홍은동,서대문구
,래미안루센티아,2020,개인,,,"135,500",11,2,2026,중개거래,서울 서대문구,84.95,6,390,N,,11410,개인,남가좌동,서대문구
,홍제센트럴IPARK,2020,개인,,,"139,800",8,2,2026,중개거래,"서울 서대문구, 서울 성북구",84.9206,2,473,N,,11410,개인,홍제동,서대문구
,홍은미성,1985,개인,,,"84,000",4,2,2026,중개거래,서울 서대문구,127.33,5,186-1,N,,11410,개인,홍은동,서대문구
,홍제삼성래미안,2001,개인,,,"90,500",10,2,2026,중개거래,서울 서대문구,60.0,12,461,N,,11410,개인,홍제동,서대문구
,독립문극동(200-0),1998,개인,,,"136,000",8,2,2026,중개거래,서울 종로구,84.87,20,200,N,,11410,개인,현저동,서대문구
,두산,1999,개인,,,"120,000",6,2,2026,중개거래,서울 서대문구,59.96,11,1009,N,,11410,개인,북아현동,서대문구
,힐스테이트홍은포레스트,2023,개인,,,"90,000",11,2,2026,중개거래,서울 은평구,59.84,2,470,N,,11410,개인,홍은동,서대문구
,독립문삼호,1995,개인,,,"150,000",4,2,2026,중개거래,서울 서대문구,114.63,12,100,N,,11410,개인,영천동,서대문구
,"현대(1,2차)",1988,개인,,,"73,300",6,2,2026,중개거래,"서울 서대문구, 서울 서초구",84.77,2,202-5,N,,11410,개인,홍은동,서대문구
,풍림2,1990,개인,,,"60,000",9,2,2026,중개거래,서울 서대문구,58.5,15,453-2,N,,11410,개인,홍은동,서대문구
,DMC금호리첸시아,2024,개인,,,"130,000",9,2,2026,중개거래,서울 서대문구,59.8295,29,396,N,,11410,개인,남가좌동,서대문구
,천연뜨란채,2006,개인,,,"102,300",9,2,2026,중개거래,서울 서대문구,56.02,8,145,N,,11410,개인,천연동,서대문구
,극동,1995,개인,,,"57,700",7,2,2026,중개거래,서울 서대문구,84.98,13,454,N,,11410,개인,홍은동,서대문구
,힐스테이트홍은포레스트,2023,개인,,,"110,000",2,2,2026,중개거래,서울 서대문구,72.79,12,470,N,,11410,개인,홍은동,서대문구
,독립문삼호,1995,개인,,,"140,000",6,2,2026,중개거래,서울 서대문구,108.63,6,100,N,,11410,개인,영천동,서대문구
,DMC에코자이,2019,개인,,,"136,000",8,2,2026,중개거래,서울 서대문구,72.845,20,389,N,,11410,개인,남가좌동,서대문구
,홍은동벽산,1997,개인,,,"62,800",7,2,2026,중개거래,서울 서대문구,58.64,3,455,N,,11410,개인,홍은동,서대문구
,문화촌현대,2002,개인,,,"85,000",7,2,2026,중개거래,서울 서대문구,84.99,4,463,N,,11410,개인,홍제동,서대문구
,문화촌현대,2002,개인,,,"67,000",7,2,2026,중개거래,서울 서대문구,59.94,2,463,N,,11410,개인,홍제동,서대문구
,홍제현대,1992,개인,,,"69,000",7,2,2026,중개거래,서울 서대문구,60.81,5,331,N,,11410,개인,홍제동,서대문구
,홍은동벽산,1997,개인,,,"75,000",6,2,2026,중개거래,서울 서대문구,84.78,7,455,N,,11410,개인,홍은동,서대문구
,DMC에코자이,2019,개인,,,"140,000",5,2,2026,중개거래,서울 서대문구,84.978,6,389,N,,11410,개인,남가좌동,서대문구
,임광,1999,개인,,,"74,000",5,2,2026,중개거래,서울 서대문구,59.96,18,738,N,,11410,개인,연희동,서대문구
,독립문극동(200-0),1998,개인,,,"119,500",5,2,2026,중개거래,서울 서대문구,59.58,5,200,N,,11410,개인,현저동,서대문구
,DMC센트럴아이파크,2018,개인,,,"117,000",5,2,2026,중개거래,"서울 서대문구, 서울 은평구",59.91,4,388,N,,11410,개인,남가좌동,서대문구
,힐스테이트홍은포레스트,2023,개인,,,"92,000",5,2,2026,중개거래,서울 은평구,59.84,3,470,N,,11410,개인,홍은동,서대문구
,래미안루센티아,2020,개인,,,"144,000",5,2,2026,중개거래,서울 서대문구,84.84,1,390,N,,11410,개인,남가좌동,서대문구
,풍림1차,1988,개인,,,"50,200",4,2,2026,중개거래,서울 서대문구,56.61,3,440-3,N,,11410,개인,홍은동,서대문구
,혜우,1996,개인,,,"85,000",2,2,2026,중개거래,"서울 강서구, 서울 서대문구",129.9,16,101-7,N,,11410,개인,대현동,서대문구
,e편한세상홍제가든플라츠,2023,개인,,,"139,000",3,2,2026,중개거래,서울 서대문구,84.994,11,469,N,,11410,개인,홍은동,서대문구
,"현대(1,2차)",1988,개인,,,"74,000",2,2,2026,중개거래,서울 서대문구,74.52,9,202-5,N,,11410,개인,홍은동,서대문구
,북가좌삼호,1996,개인,,,"97,000",2,2,2026,중개거래,서울 서대문구,114.03,12,449,N,,11410,개인,북가좌동,서대문구
,북가좌삼호,1996,개인,,,"87,000",2,2,2026,중개거래,서울 서대문구,84.57,7,449,N,,11410,개인,북가좌동,서대문구
,힐스테이트홍은포레스트,2023,개인,,,"93,900",1,2,2026,중개거래,"서울 서대문구, 인천 계양구",59.84,9,470,N,,11410,개인,홍은동,서대문구
,유원하나,1996,개인,,,"59,000",1,2,2026,중개거래,서울 영등포구,82.35,16,454,N,,11410,개인,홍제동,서대문구
,금호어울림,2016,개인,,,"89,000",2,2,2026,중개거래,서울 서대문구,84.4965,9,471,N,,11410,개인,홍제동,서대문구
,DMC한양,1987,개인,,,"83,500",1,2,2026,중개거래,서울 서대문구,84.33,2,431,N,,11410,개인,북가좌동,서대문구
,우성,1991,개인,,,"180,000",30,1,2026,중개거래,서울 마포구,111.725,3,82,N,,11440,개인,도화동,마포구
,코오롱,2003,개인,,,"107,000",15,1,2026,중개거래,서울 마포구,59.76,11,573,N,,11440,개인,연남동,마포구
,코오롱,2003,개인,,,"123,800",15,1,2026,중개거래,서울 마포구,84.936,11,573,N,,11440,개인,연남동,마포구
,성산월드타운대림,2004,개인,,,"133,000",29,1,2026,중개거래,서울 마포구,117.898,4,601,N,,11440,개인,성산동,마포구
,상암월드컵파크5단지,2005,개인,,,"145,000",27,1,2026,중개거래,서울 마포구,84.75,19,1658,N,,11440,개인,상암동,마포구
,래미안공덕5차,2011,개인,,,"199,000",21,1,2026,중개거래,서울 마포구,59.959,10,469,N,,11440,개인,공덕동,마포구
,마포자이더센트리지(102동~112동),2022,개인,,,"244,500",17,1,2026,중개거래,서울 마포구,84.995,11,533,N,,11440,개인,염리동,마포구
,상암월드컵파크3단지,2003,개인,,,"119,000",22,1,2026,중개거래,서울 마포구,84.84,11,1643,N,,11440,개인,상암동,마포구
,신부파스카5차,2013,개인,,,"38,000",15,1,2026,중개거래,서울 마포구,37.21,7,518,N,,11440,개인,망원동,마포구
,정우상가맨션,1983,개인,,,"138,800",17,1,2026,중개거래,서울 마포구,126.07,11,536,N,,11440,개인,도화동,마포구
,홍익하이빌,2004,개인,,,"43,000",24,1,2026,중개거래,서울 마포구,57.06,4,493-27,N,,11440,개인,연남동,마포구
,대흥동태영아파트,1999,개인,,,"220,000",22,1,2026,중개거래,서울 마포구,84.77,12,660,N,,11440,개인,대흥동,마포구
,메세나폴리스,2012,개인,,,"278,000",8,1,2026,중개거래,서울 마포구,148.981,26,490,N,,11440,개인,서교동,마포구
,대흥동태영아파트,1999,개인,,,"214,000",17,1,2026,중개거래,서울 마포구,84.77,4,660,N,,11440,개인,대흥동,마포구
,마포중동현대,2001,개인,,,"139,000",24,1,2026,중개거래,"서울 금천구, 서울 은평구",114.93,19,392,N,,11440,개인,중동,마포구
,래미안공덕4차,2005,개인,,,"185,000",27,1,2026,중개거래,서울 마포구,59.9,14,464,N,,11440,개인,공덕동,마포구
,월드컵아이파크(667),2009,개인,,,"110,000",31,1,2026,중개거래,서울 은평구,59.73,14,667,N,,11440,개인,성산동,마포구
,대우미래사랑,2005,개인,,,"69,500",24,1,2026,중개거래,서울 마포구,68.03,7,487,N,,11440,개인,서교동,마포구
,DMC상암센트럴파크2단지,2009,개인,,,"109,000",30,1,2026,중개거래,"서울 마포구, 서울 은평구",59.9,5,1618,N,,11440,개인,상암동,마포구
,신수동성원,1998,개인,,,"134,000",24,1,2026,중개거래,서울 마포구,84.96,1,190,N,,11440,개인,신수동,마포구
가,성신,1976,개인,,,"44,700",28,1,2026,중개거래,서울 마포구,47.58,3,433-3,N,26.02.10,11440,개인,망원동,마포구
,한화꿈에그린,2004,개인,,,"183,000",30,1,2026,중개거래,서울 마포구,84.939,1,460,N,,11440,개인,공덕동,마포구
,코오롱,2003,개인,,,"133,000",7,1,2026,중개거래,서울 마포구,84.936,9,573,N,,11440,법인,연남동,마포구
,한화오벨리스크,2004,개인,,,"95,000",31,1,2026,중개거래,서울 마포구,59.0,11,555,N,,11440,개인,도화동,마포구
,염리삼성래미안,2001,개인,,,"165,000",31,1,2026,중개거래,서울 마포구,59.52,9,520,N,,11440,개인,염리동,마포구
,신촌태영데시앙,2003,개인,,,"130,000",10,1,2026,중개거래,서울 마포구,84.97,9,439,N,,11440,개인,창전동,마포구
,한화오벨리스크,2004,개인,,,"117,000",9,1,2026,중개거래,서울 마포구,75.7,24,555,N,,11440,개인,도화동,마포구
,신공덕래미안2차,2000,개인,,,"148,500",30,1,2026,중개거래,서울 용산구,59.48,14,159,N,,11440,개인,신공덕동,마포구
,마포프레스티지자이,2021,개인,,,"285,000",30,1,2026,중개거래,서울 마포구,84.8079,7,532,N,,11440,개인,염리동,마포구
,대림2,2002,개인,,,"90,000",24,1,2026,중개거래,서울 마포구,59.99,11,497,N,,11440,개인,망원동,마포구
,마포래미안푸르지오2단지,2014,개인,,,"235,000",29,1,2026,중개거래,서울 마포구,59.9236,5,777,N,,11440,개인,아현동,마포구
,애오개아이파크,2016,개인,,,"40,000",24,1,2026,중개거래,서울 마포구,25.24,9,780,N,,11440,개인,아현동,마포구
,공덕자이,2015,개인,,,"220,000",28,1,2026,중개거래,서울 마포구,59.99,2,800,N,,11440,개인,아현동,마포구
,코오롱,2003,개인,,,"139,000",24,1,2026,중개거래,서울 마포구,114.88,13,573,N,,11440,개인,연남동,마포구
,래미안공덕5차,2011,개인,,,"195,000",24,1,2026,중개거래,서울 마포구,59.959,9,469,N,,11440,개인,공덕동,마포구
,상암월드컵파크5단지,2005,개인,26.02.10,O,"145,000",27,1,2026,중개거래,서울 마포구,84.75,19,1658,N,,11440,개인,상암동,마포구
,망원동동원데쟈뷰,2008,개인,,,"80,500",27,1,2026,중개거래,서울 마포구,84.85,1,516,N,,11440,개인,망원동,마포구
,밤섬예가클래식,1989,개인,,,"200,000",27,1,2026,중개거래,서울 마포구,85.48,5,118,N,,11440,개인,현석동,마포구
,성산시영(대우),1986,개인,,,"133,000",19,1,2026,중개거래,서울 마포구,50.03,4,446,N,,11440,개인,성산동,마포구
,상암월드컵파크10단지,2010,개인,,,"107,000",23,1,2026,중개거래,"서울 강서구, 서울 마포구",84.89,8,1736,N,,11440,개인,상암동,마포구
,중앙하이츠103동,2007,개인,,,"59,000",25,1,2026,중개거래,서울 마포구,57.86,3,42-9,N,,11440,개인,창전동,마포구
,공덕2삼성래미안,2004,개인,,,"172,000",26,1,2026,중개거래,서울 마포구,59.97,8,43,N,,11440,개인,공덕동,마포구
,상암월드컵파크2단지,2003,개인,,,"97,000",5,1,2026,중개거래,서울 마포구,49.9,8,1637,N,,11440,개인,상암동,마포구
,신촌포스빌,2004,개인,,,"27,000",17,1,2026,중개거래,서울 마포구,32.34,11,1-3,N,26.02.06,11440,개인,노고산동,마포구
,성산시영(대우),1986,개인,,,"133,000",16,1,2026,중개거래,서울 마포구,50.03,2,446,N,,11440,개인,성산동,마포구
,서강예가,2007,개인,,,"168,000",16,1,2026,중개거래,"서울 마포구, 서울 서대문구",59.983,6,444,N,,11440,개인,창전동,마포구
,우리파크아파트,2021,개인,,,"25,600",14,1,2026,직거래,,19.72,1,10-54,N,26.01.20,11440,법인,염리동,마포구
,상암월드컵파크4단지,2006,개인,,,"160,000",24,1,2026,중개거래,서울 마포구,84.76,12,1655,N,,11440,개인,상암동,마포구
,상암월드컵파크5단지,2005,개인,,,"144,800",25,1,2026,중개거래,서울 마포구,84.73,14,1658,N,,11440,개인,상암동,마포구
,서서울삼성,1998,개인,,,"108,000",6,1,2026,중개거래,"서울 마포구, 서울 서대문구",84.89,1,692,N,,11440,개인,아현동,마포구
,래미안마포리버웰,2015,개인,,,"299,000",24,1,2026,중개거래,서울 마포구,84.97,12,502,N,,11440,개인,용강동,마포구
,한화오벨리스크,2004,개인,,,"52,500",24,1,2026,중개거래,"서울 강남구, 서울 마포구",36.96,2,555,N,,11440,개인,도화동,마포구
,상암월드컵파크2단지,2003,개인,,,"123,500",24,1,2026,중개거래,서울 마포구,59.92,8,1637,N,,11440,개인,상암동,마포구
,신촌금호,2001,개인,,,"120,000",23,1,2026,중개거래,서울 마포구,84.86,1,438,N,,11440,개인,창전동,마포구
,마포한강아이파크,2019,개인,,,"210,000",23,1,2026,중개거래,서울 마포구,111.3958,12,521,N,,11440,개인,망원동,마포구
,마포쌍용황금아파트,2000,개인,,,"132,000",23,1,2026,중개거래,서울 마포구,59.9,10,253,N,,11440,개인,마포동,마포구
,마포한강아이파크,2019,개인,,,"150,000",23,1,2026,중개거래,서울 마포구,59.3813,13,521,N,,11440,개인,망원동,마포구
,코오롱,2003,개인,,,"106,300",23,1,2026,중개거래,서울 마포구,59.76,12,573,N,,11440,개인,연남동,마포구
,우성,1991,개인,,,"200,000",12,1,2026,중개거래,서울 마포구,128.315,11,82,N,,11440,개인,도화동,마포구
,한화오벨리스크,2004,개인,,,"122,000",22,1,2026,중개거래,서울 마포구,75.7,34,555,N,26.01.23,11440,개인,도화동,마포구
,대우메트로디오빌,2005,개인,,,"34,000",22,1,2026,중개거래,서울 마포구,29.11,25,167,N,,11440,개인,신공덕동,마포구
,한화오벨리스크,2004,개인,,,"147,500",21,1,2026,중개거래,서울 마포구,82.14,36,555,N,,11440,개인,도화동,마포구
,건영월드컵,2002,개인,,,"67,900",16,1,2026,중개거래,서울 마포구,58.76,16,393,N,,11440,개인,중동,마포구
,서강예가,2007,개인,,,"183,000",3,1,2026,중개거래,서울 마포구,84.988,4,444,N,,11440,개인,창전동,마포구
411,상암월드컵파크4단지,2006,개인,,,"157,000",22,1,2026,중개거래,서울 마포구,104.78,1,1655,N,26.01.30,11440,개인,상암동,마포구
,대명,1995,개인,,,"105,500",21,1,2026,중개거래,서울 마포구,84.99,13,259-1,N,,11440,개인,연남동,마포구
,중앙하이츠,1998,개인,,,"131,500",21,1,2026,중개거래,서울 마포구,83.82,16,161-1,N,,11440,개인,염리동,마포구
,현대벤처빌,2002,개인,,,"27,500",16,1,2026,중개거래,서울 마포구,34.64,4,107-36,N,26.02.06,11440,개인,노고산동,마포구
,마포동원베네스트,2010,개인,,,"138,000",21,1,2026,중개거래,서울 마포구,58.65,11,564,N,,11440,개인,도화동,마포구
,상암월드컵파크6단지,2005,개인,,,"165,000",21,1,2026,중개거래,서울 마포구,104.32,9,1689,N,,11440,개인,상암동,마포구
,삼성,1997,개인,,,"219,000",21,1,2026,중개거래,서울 마포구,84.985,6,550,N,,11440,개인,도화동,마포구
,상암월드컵파크3단지,2003,개인,,,"125,000",20,1,2026,중개거래,서울 마포구,84.84,10,1643,N,,11440,개인,상암동,마포구
,상암월드컵파크9단지,2010,개인,,,"102,500",15,1,2026,중개거래,서울 마포구,84.98,13,1752,N,,11440,개인,상암동,마포구
,상암월드컵파크5단지,2005,개인,,,"145,000",17,1,2026,중개거래,서울 마포구,84.75,9,1658,N,,11440,개인,상암동,마포구
,마포중동현대,2001,개인,,,"78,500",20,1,2026,중개거래,서울 마포구,59.88,1,392,N,,11440,개인,중동,마포구
,마포프레스티지자이,2021,개인,,,"240,000",20,1,2026,중개거래,서울 마포구,59.8772,11,532,N,,11440,개인,염리동,마포구
,마포용강삼성래미안,2003,개인,,,"180,000",20,1,2026,중개거래,서울 마포구,59.98,13,380,N,,11440,개인,용강동,마포구
,한화오벨리스크,2004,개인,26.02.02,O,"62,300",17,1,2026,중개거래,서울 마포구,41.32,15,555,N,,11440,개인,도화동,마포구
,성산동자담이움아파트,2006,개인,,,"90,000",7,1,2026,중개거래,서울 마포구,84.75,6,650,N,,11440,개인,성산동,마포구
,공덕1삼성래미안,1999,개인,,,"200,000",10,1,2026,중개거래,서울 마포구,84.94,18,371,N,,11440,개인,공덕동,마포구
1,대우메트로디오빌,2005,개인,,,"34,750",6,1,2026,중개거래,서울 마포구,29.11,27,167,N,26.02.12,11440,개인,신공덕동,마포구
,래미안마포리버웰,2015,개인,,,"248,000",19,1,2026,중개거래,"서울 동대문구, 서울 마포구",59.99,8,502,N,,11440,개인,용강동,마포구
,건영월드컵,2002,개인,,,"82,000",12,1,2026,중개거래,서울 마포구,78.39,9,393,N,,11440,개인,중동,마포구
104,대림1,2002,개인,,,"95,000",9,1,2026,중개거래,서울 마포구,84.96,9,496,N,26.02.09,11440,개인,망원동,마포구
,코오롱,2003,개인,,,"104,000",17,1,2026,중개거래,서울 마포구,59.76,14,573,N,,11440,개인,연남동,마포구
,성산월드타운대림,2004,개인,,,"106,000",17,1,2026,중개거래,서울 마포구,84.689,1,601,N,,11440,개인,성산동,마포구
,성사1차풍림아파트101동,2000,개인,,,"69,400",17,1,2026,중개거래,서울 마포구,59.85,13,600,N,,11440,개인,성산동,마포구
,창전쌍용스윗닷홈,2005,개인,,,"130,000",16,1,2026,중개거래,서울 마포구,84.983,2,441,N,,11440,개인,창전동,마포구
,합정한강아파트,2017,개인,,,"75,700",16,1,2026,중개거래,서울 마포구,52.62,7,474,N,,11440,개인,합정동,마포구
,휴먼빌,2004,개인,,,"94,000",10,1,2026,중개거래,서울 마포구,59.955,13,509,N,,11440,개인,망원동,마포구
,수풍,2009,개인,,,"39,500",13,1,2026,중개거래,서울 마포구,55.35,6,30-28,N,,11440,개인,중동,마포구
,예미원,1970,개인,,,"87,000",13,1,2026,중개거래,서울 마포구,79.16,6,371-1,N,,11440,개인,아현동,마포구
,밤섬힐스테이트,1999,개인,,,"147,000",2,1,2026,중개거래,서울 마포구,59.4,3,220,N,,11440,개인,현석동,마포구
,브라운스톤공덕아파트,2009,개인,,,"195,000",15,1,2026,중개거래,서울 마포구,59.89,13,170,N,,11440,개인,신공덕동,마포구
,상암월드컵파크4단지,2006,개인,,,"160,000",15,1,2026,중개거래,서울 마포구,84.76,16,1655,N,,11440,개인,상암동,마포구
,공덕자이,2015,개인,,,"269,000",14,1,2026,중개거래,서울 마포구,114.99,8,800,N,,11440,개인,아현동,마포구
,염리삼성래미안,2001,개인,,,"180,000",14,1,2026,중개거래,서울 마포구,84.96,2,520,N,,11440,개인,염리동,마포구
,마포웨스트리버태영데시앙,2019,개인,,,"188,000",14,1,2026,중개거래,"서울 강남구, 서울 마포구",74.784,20,449,N,,11440,개인,창전동,마포구
,마포한강제이스카이,2019,개인,,,"38,000",3,1,2026,중개거래,서울 마포구,31.524,3,522,N,,11440,개인,망원동,마포구
,마포한강아이파크,2019,개인,,,"146,500",10,1,2026,중개거래,서울 마포구,59.3813,14,521,N,,11440,개인,망원동,마포구
,래미안마포리버웰,2015,개인,,,"298,000",13,1,2026,중개거래,서울 마포구,84.97,18,502,N,,11440,개인,용강동,마포구
,서서울삼성,1998,개인,,,"132,000",10,1,2026,중개거래,서울 마포구,84.89,9,692,N,,11440,개인,아현동,마포구
,함성월드빌,2003,개인,,,"73,000",13,1,2026,중개거래,서울 마포구,59.9,4,502,N,,11440,개인,망원동,마포구
,정우상가맨션,1983,개인,,,"127,000",12,1,2026,중개거래,서울 서대문구,105.52,4,536,N,,11440,개인,도화동,마포구
,마포푸르지오더센트럴,2023,개인,,,"84,500",5,1,2026,중개거래,서울 마포구,38.79,15,275-2,N,,11440,개인,아현동,마포구
,동원월드타운,2004,개인,,,"90,000",8,1,2026,중개거래,서울 마포구,118.085,10,395,N,,11440,개인,중동,마포구
,성사1차풍림아파트101동,2000,개인,,,"82,500",10,1,2026,중개거래,서울 마포구,84.99,11,600,N,,11440,개인,성산동,마포구
,신부파스카5차,2013,개인,,,"40,000",11,1,2026,중개거래,서울 마포구,37.21,1,518,N,,11440,개인,망원동,마포구
,솔루체,2021,개인,,,"67,500",12,1,2026,중개거래,서울 마포구,57.92,7,439-1,N,,11440,개인,망원동,마포구
,신공덕래미안2차,2000,개인,,,"147,000",11,1,2026,중개거래,서울 마포구,59.48,10,159,N,,11440,개인,신공덕동,마포구
,마포동원베네스트,2010,개인,,,"134,000",6,1,2026,중개거래,서울 마포구,58.65,12,564,N,,11440,개인,도화동,마포구
,마포현대,1988,개인,,,"141,300",10,1,2026,중개거래,서울 마포구,59.95,9,188-108,N,,11440,개인,공덕동,마포구
,신공덕1차삼성래미안1아파트,2000,개인,,,"174,500",10,1,2026,중개거래,서울 마포구,59.76,4,155,N,,11440,개인,신공덕동,마포구
,밤섬경남아너스빌,2009,개인,,,"175,000",9,1,2026,중개거래,"서울 동작구, 서울 마포구",84.83,12,459,N,,11440,개인,신수동,마포구
,래미안밤섬리베뉴Ⅱ,2014,개인,,,"244,000",10,1,2026,중개거래,서울 마포구,122.87,15,398,N,,11440,개인,상수동,마포구
,염리삼성래미안,2001,개인,,,"167,000",10,1,2026,중개거래,서울 마포구,59.76,11,520,N,,11440,개인,염리동,마포구
,신공덕e편한세상,2007,개인,,,"148,000",9,1,2026,중개거래,서울 마포구,59.62,4,168,N,,11440,개인,신공덕동,마포구
,래미안웰스트림,2016,개인,,,"202,000",9,1,2026,중개거래,서울 마포구,59.97,11,225,N,,11440,개인,현석동,마포구
,벽산솔렌스힐,2007,개인,,,"124,000",9,1,2026,중개거래,서울 마포구,84.9657,6,457,N,,11440,개인,신수동,마포구
102,한강삼성,1997,개인,,,"178,000",8,1,2026,중개거래,서울 양천구,59.76,26,138,N,26.02.02,11440,개인,토정동,마포구
102동,공덕파크자이,2015,개인,,,"263,000",7,1,2026,중개거래,서울 마포구,84.996,17,476,N,26.02.10,11440,개인,공덕동,마포구
,현대홈타운,2000,개인,,,"167,500",7,1,2026,중개거래,서울 마포구,84.95,13,353,N,,11440,개인,도화동,마포구
,대원칸타빌,2004,개인,,,"190,000",8,1,2026,중개거래,서울 마포구,143.656,13,453,N,,11440,개인,신수동,마포구
,대원칸타빌,2004,개인,,,"169,000",8,1,2026,중개거래,서울 마포구,84.96,16,453,N,,11440,개인,신수동,마포구
,상록,1997,개인,,,"112,000",7,1,2026,중개거래,서울 마포구,49.8,14,515-1,N,,11440,개인,염리동,마포구
102,신수동성원,1998,개인,,,"125,000",6,1,2026,중개거래,서울 마포구,59.76,9,190,N,26.02.05,11440,개인,신수동,마포구
,서강오벨리스크스위트,2007,개인,,,"162,500",6,1,2026,중개거래,서울 마포구,116.51,9,442,N,,11440,개인,창전동,마포구
,대흥동태영아파트,1999,개인,,,"215,000",6,1,2026,중개거래,서울 마포구,84.77,11,660,N,,11440,개인,대흥동,마포구
,도화동현대,1996,개인,,,"166,250",5,1,2026,중개거래,서울 마포구,128.26,2,357,N,,11440,개인,도화동,마포구
,에덴지우,2011,개인,,,"80,500",3,1,2026,중개거래,서울 마포구,84.24,4,458-6,N,,11440,개인,서교동,마포구
,마포웨스트리버태영데시앙,2019,개인,,,"185,000",2,1,2026,중개거래,"경기 동두천시, 서울 마포구",74.784,16,449,N,,11440,개인,창전동,마포구
,대흥동태영아파트,1999,개인,,,"199,700",5,1,2026,중개거래,서울 마포구,84.77,3,660,N,,11440,개인,대흥동,마포구
,상암월드컵파크2단지,2003,개인,,,"110,000",4,1,2026,중개거래,서울 은평구,59.92,2,1637,N,,11440,개인,상암동,마포구
,대흥동태영아파트,1999,개인,,,"158,000",2,1,2026,중개거래,서울 마포구,59.4,2,660,N,,11440,개인,대흥동,마포구
4,마포현대,1988,개인,,,"136,500",3,1,2026,중개거래,서울 마포구,54.81,4,188-108,N,26.02.06,11440,개인,공덕동,마포구
,창전동현대홈타운,2005,개인,,,"159,500",2,1,2026,중개거래,서울 마포구,84.978,5,440,N,,11440,개인,창전동,마포구
,대흥동태영아파트,1999,개인,26.01.05,O,"199,700",2,1,2026,중개거래,서울 마포구,84.77,3,660,N,,11440,개인,대흥동,마포구
,도화동현대,1996,개인,,,"187,000",7,2,2026,중개거래,서울 마포구,128.26,4,357,N,,11440,개인,도화동,마포구
,정우상가맨션,1983,개인,,,"159,000",12,2,2026,중개거래,서울 서대문구,142.64,11,536,N,,11440,개인,도화동,마포구
,한화오벨리스크,2004,개인,,,"118,000",12,2,2026,중개거래,서울 마포구,82.14,21,555,N,,11440,개인,도화동,마포구
,밤섬예가클래식,1989,개인,,,"204,283",8,2,2026,중개거래,서울 마포구,89.48,8,118,N,,11440,개인,현석동,마포구
,DMC마포청구아파트,1994,개인,,,"110,000",6,2,2026,중개거래,"서울 마포구, 서울 성동구",84.9,19,390,N,,11440,개인,중동,마포구
102,마포한강푸르지오,2015,법인,,,"266,000",11,2,2026,중개거래,서울 마포구,137.04,9,472,N,26.02.11,11440,개인,합정동,마포구
,마포한강제이스카이,2019,개인,,,"71,500",10,2,2026,중개거래,서울 마포구,49.738,8,522,N,,11440,개인,망원동,마포구
,공덕아이파크,2013,개인,,,"190,000",9,2,2026,중개거래,서울 마포구,59.98,12,174,N,,11440,개인,신공덕동,마포구
,미원2,1997,개인,,,"61,700",7,2,2026,중개거래,서울 마포구,55.29,2,433-9,N,,11440,개인,망원동,마포구
,대림2,2002,개인,,,"119,500",7,2,2026,중개거래,서울 마포구,84.79,2,497,N,,11440,개인,망원동,마포구
,도화현대,1998,개인,,,"152,500",7,2,2026,중개거래,서울 서대문구,59.4,15,547,N,,11440,개인,도화동,마포구
,신부3차파스카,2002,개인,,,"67,000",7,2,2026,중개거래,서울 마포구,59.94,3,495,N,,11440,개인,망원동,마포구
,상암월드컵파크9단지,2010,개인,,,"102,000",1,2,2026,중개거래,서울 마포구,84.89,5,1752,N,,11440,개인,상암동,마포구
,DMC마포청구아파트,1994,개인,26.02.10,O,"110,000",6,2,2026,중개거래,"서울 마포구, 서울 성동구",84.9,19,390,N,,11440,개인,중동,마포구
,상암월드컵파크5단지,2005,개인,,,"156,000",6,2,2026,중개거래,서울 마포구,104.69,14,1658,N,,11440,개인,상암동,마포구
,중앙하이츠101동,2007,개인,,,"59,000",5,2,2026,중개거래,서울 마포구,57.86,4,42-7,N,,11440,개인,창전동,마포구
,대림1,2002,개인,,,"92,000",5,2,2026,중개거래,서울 마포구,59.73,6,496,N,,11440,개인,망원동,마포구
,휴먼빌,2004,개인,,,"90,000",3,2,2026,중개거래,서울 마포구,59.955,4,509,N,,11440,개인,망원동,마포구
,상암월드컵파크11단지,2010,개인,,,"96,000",4,2,2026,중개거래,서울 마포구,84.89,4,1741,N,,11440,개인,상암동,마포구
,한화오벨리스크,2004,개인,,,"62,300",2,2,2026,중개거래,서울 마포구,41.32,15,555,N,,11440,개인,도화동,마포구
,마포프레스티지자이,2021,개인,,,"240,000",1,2,2026,중개거래,"경기 부천시 소사구, 서울 마포구",59.7848,13,532,N,,11440,개인,염리동,마포구
,롯데캐슬위너,2005,개인,,,"134,000",24,1,2026,중개거래,서울 양천구,84.98,19,956,N,,11470,개인,목동,양천구
,해주,2001,개인,,,"45,000",29,1,2026,중개거래,서울 양천구,79.86,7,217-8,N,,11470,개인,신월동,양천구
,목동동보,2004,개인,,,"134,500",26,1,2026,중개거래,서울 양천구,110.14,5,993-1,N,,11470,개인,신정동,양천구
,목동신시가지9,1987,개인,,,"320,000",13,1,2026,중개거래,서울 양천구,126.02,3,312,N,,11470,개인,신정동,양천구
,성원2,2000,개인,,,"64,250",26,1,2026,중개거래,서울 강서구,59.9,3,709-2,N,,11470,개인,목동,양천구
,래미안목동아델리체(101동~118동),2021,개인,,,"190,000",28,1,2026,중개거래,서울 양천구,84.72,21,1326,N,,11470,개인,신정동,양천구
,푸른마을2,2001,개인,,,"62,000",30,1,2026,중개거래,서울 양천구,59.85,2,1281,N,,11470,개인,신정동,양천구
,래미안목동아델리체(101동~118동),2021,개인,,,"210,000",29,1,2026,중개거래,서울 양천구,115.97,6,1326,N,,11470,개인,신정동,양천구
,래미안목동아델리체(101동~118동),2021,개인,,,"159,000",26,1,2026,중개거래,서울 양천구,59.82,21,1326,N,,11470,개인,신정동,양천구
,신정현대5,1999,개인,,,"137,000",31,1,2026,중개거래,서울 양천구,114.24,7,1273,N,,11470,개인,신정동,양천구
,신트리3,2000,개인,,,"108,000",27,1,2026,중개거래,서울 양천구,84.8,14,1276,N,,11470,개인,신정동,양천구
,목동센트럴아이파크위브3단지,2020,개인,,,"130,000",31,1,2026,중개거래,서울 양천구,84.98,10,1077,N,,11470,개인,신월동,양천구
,건영,1994,개인,,,"55,000",30,1,2026,직거래,,84.33,11,928,N,,11470,개인,목동,양천구
,현대,1995,개인,,,"140,000",31,1,2026,중개거래,서울 양천구,84.84,9,1252,N,,11470,개인,신정동,양천구
,하이페리온2,2006,개인,,,"314,000",31,1,2026,중개거래,서울 양천구,119.369,35,961,N,,11470,개인,목동,양천구
,목동금호베스트빌,2002,개인,,,"98,000",31,1,2026,중개거래,서울 양천구,83.71,4,549,N,,11470,개인,목동,양천구
,신월대림,2001,개인,,,"80,500",26,1,2026,중개거래,서울 양천구,114.3,7,491-1,N,,11470,개인,신월동,양천구
,목동동화옥시죤-7,2005,개인,,,"79,500",30,1,2026,중개거래,"서울 강서구, 서울 양천구",76.38,6,747-12,N,,11470,개인,목동,양천구
,목동우성3,1999,개인,,,"92,000",17,1,2026,중개거래,서울 양천구,114.89,6,338,N,,11470,개인,신정동,양천구
,신트리1,1999,개인,,,"87,800",31,1,2026,중개거래,서울 양천구,59.73,12,1259,N,,11470,개인,신정동,양천구
,중앙하이츠,2010,개인,,,"135,000",30,1,2026,중개거래,서울 구로구,162.36,2,1314,N,,11470,개인,신정동,양천구
,목동센트럴아이파크위브3단지,2020,개인,,,"106,500",31,1,2026,중개거래,서울 양천구,59.88,7,1077,N,,11470,개인,신월동,양천구
,신트리1,1999,개인,,,"78,000",31,1,2026,중개거래,서울 양천구,49.95,11,1259,N,,11470,개인,신정동,양천구
,이펜하우스4단지,2011,개인,,,"78,400",31,1,2026,중개거래,서울 양천구,84.86,2,1317,N,,11470,개인,신정동,양천구
,목동우성2,2000,개인,,,"120,000",28,1,2026,중개거래,서울 양천구,84.96,12,337,N,,11470,개인,신정동,양천구
,롯데캐슬위너,2005,개인,,,"155,000",30,1,2026,중개거래,서울 양천구,127.65,20,956,N,,11470,개인,목동,양천구
,수명산롯데캐슬,2008,개인,,,"72,500",30,1,2026,중개거래,서울 양천구,80.28,8,1036,N,,11470,개인,신월동,양천구
,목동현대3차,1997,개인,,,"175,000",30,1,2026,중개거래,서울 양천구,84.77,10,1279,N,,11470,개인,신정동,양천구
,목동신시가지1,1985,개인,26.02.02,O,"226,000",30,1,2026,중개거래,서울 양천구,66.0,2,901,N,,11470,개인,목동,양천구
,목동성원(926-8),1997,개인,,,"157,000",30,1,2026,중개거래,서울 양천구,59.4,11,926-8,N,,11470,개인,목동,양천구
,목동청구한신아파트,1997,개인,,,"199,000",30,1,2026,중개거래,서울 양천구,84.77,1,929,N,,11470,개인,목동,양천구
,목동에버하임,2019,개인,,,"24,000",30,1,2026,중개거래,"서울 강서구, 서울 양천구",24.91,3,966,N,,11470,법인,목동,양천구
,목동우성3,1999,개인,,,"75,000",29,1,2026,중개거래,서울 구로구,59.69,11,338,N,,11470,개인,신정동,양천구
,목동현대3차,1997,개인,,,"176,000",29,1,2026,중개거래,서울 양천구,84.77,13,1279,N,,11470,개인,신정동,양천구
,부영그린타운1,1999,개인,,,"186,000",15,1,2026,중개거래,서울 양천구,147.95,22,907-12,N,,11470,개인,목동,양천구
1201,목동신시가지12,1988,개인,,,"185,000",29,1,2026,중개거래,서울 양천구,56.76,3,326,N,26.02.02,11470,개인,신정동,양천구
,신트리4,2000,개인,,,"71,000",29,1,2026,중개거래,서울 양천구,59.73,3,1277,N,,11470,개인,신정동,양천구
,신트리1,1999,개인,,,"75,000",26,1,2026,중개거래,서울 양천구,49.8,10,1259,N,,11470,개인,신정동,양천구
214,목동신시가지2,1986,개인,,,"355,000",29,1,2026,중개거래,서울 양천구,144.0,9,902,N,26.01.30,11470,개인,목동,양천구
,신트리1,1999,개인,,,"89,000",26,1,2026,중개거래,서울 양천구,59.73,7,1259,N,,11470,개인,신정동,양천구
,목동센트럴아이파크위브1단지,2020,개인,,,"128,500",29,1,2026,중개거래,서울 양천구,84.97,3,1075,N,,11470,개인,신월동,양천구
201,목동신시가지2,1986,개인,,,"275,000",23,1,2026,중개거래,서울 영등포구,95.22,3,902,N,26.02.04,11470,개인,목동,양천구
,트라팰리스웨스턴에비뉴,2009,개인,,,"380,000",7,1,2026,중개거래,서울 양천구,146.1,31,962,N,,11470,개인,목동,양천구
,목동센트럴아이파크위브2단지,2020,개인,,,"102,500",24,1,2026,중개거래,서울 양천구,59.68,4,1076,N,,11470,개인,신월동,양천구
,태진,1998,개인,,,"53,500",22,1,2026,중개거래,"서울 강서구, 서울 양천구",84.87,4,467-3,N,,11470,개인,신월동,양천구
,래미안목동아델리체(101동~118동),2021,개인,,,"185,000",28,1,2026,중개거래,서울 양천구,84.72,5,1326,N,,11470,개인,신정동,양천구
,목동롯데캐슬마에스트로,2019,개인,,,"133,000",28,1,2026,중개거래,서울 양천구,84.9779,1,965,N,,11470,개인,목동,양천구
,세양청마루,2006,개인,,,"130,000",28,1,2026,중개거래,서울 구로구,84.98,14,1306,N,,11470,개인,신정동,양천구
,수정,1987,개인,,,"35,500",14,1,2026,중개거래,서울 양천구,48.87,4,733-31,N,,11470,개인,신정동,양천구
,태영데시앙,2002,개인,,,"70,000",28,1,2026,직거래,,84.76,7,1291,N,,11470,개인,신정동,양천구
,목동우성3,1999,개인,,,"70,300",27,1,2026,중개거래,서울 양천구,59.69,3,338,N,,11470,개인,신정동,양천구
,목동신시가지7,1986,개인,,,"272,500",28,1,2026,중개거래,"서울 동대문구, 서울 양천구",66.6,5,925,N,,11470,개인,목동,양천구
,금호어울림,2004,개인,,,"164,000",22,1,2026,중개거래,서울 양천구,133.03,7,951,N,,11470,개인,목동,양천구
122,목동신시가지1,1985,개인,,,"235,000",27,1,2026,중개거래,서울 양천구,65.34,2,901,N,26.01.28,11470,개인,목동,양천구
127,목동신시가지1,1985,개인,,,"238,000",27,1,2026,중개거래,서울 양천구,65.34,12,901,N,26.01.28,11470,개인,목동,양천구
,우성,1992,개인,,,"172,500",27,1,2026,중개거래,서울 양천구,84.63,8,200,N,,11470,개인,목동,양천구
,호반써밋목동,2022,개인,,,"145,000",27,1,2026,중개거래,서울 양천구,59.9182,8,1327,N,,11470,개인,신정동,양천구
,상신,2003,개인,,,"31,000",24,1,2026,중개거래,서울 양천구,62.66,7,439-25,N,,11470,개인,신월동,양천구
,목동신시가지2,1986,개인,,,"234,000",26,1,2026,중개거래,"서울 마포구, 서울 양천구",65.25,6,902,N,,11470,개인,목동,양천구
,목동현대3차,1997,개인,,,"196,000",23,1,2026,중개거래,서울 양천구,114.93,19,1279,N,,11470,개인,신정동,양천구
,목동현대3차,1997,개인,,,"146,000",23,1,2026,중개거래,서울 양천구,71.16,2,1279,N,,11470,개인,신정동,양천구
,아이파크,2002,개인,,,"217,000",23,1,2026,중개거래,서울 양천구,84.88,12,1296,N,,11470,개인,신정동,양천구
,태영데시앙,2002,개인,,,"79,000",26,1,2026,중개거래,서울 양천구,84.96,5,1291,N,,11470,개인,신정동,양천구
,목동센트럴아이파크위브1단지,2020,개인,,,"125,000",26,1,2026,중개거래,서울 양천구,84.97,4,1075,N,,11470,개인,신월동,양천구
,신트리4,2000,개인,,,"82,500",26,1,2026,중개거래,서울 양천구,59.73,9,1277,N,,11470,개인,신정동,양천구
1223,목동신시가지12,1988,개인,,,"190,000",22,1,2026,직거래,,71.64,2,326,N,26.01.26,11470,개인,신정동,양천구
,대림타운,1997,개인,,,"65,300",21,1,2026,중개거래,서울 양천구,113.4,4,558-9,N,,11470,개인,신월동,양천구
,대림e-편한세상,2004,개인,,,"111,000",25,1,2026,중개거래,서울 양천구,109.905,17,1303,N,,11470,개인,신정동,양천구
,대림e-편한세상,2004,개인,,,"90,500",25,1,2026,중개거래,서울 양천구,84.985,2,1303,N,,11470,개인,신정동,양천구
,목동센트럴아이파크위브2단지,2020,개인,,,"91,000",24,1,2026,중개거래,서울 양천구,52.85,5,1076,N,,11470,개인,신월동,양천구
,성원2,2000,개인,,,"64,000",17,1,2026,중개거래,서울 양천구,59.9,6,709-2,N,,11470,개인,목동,양천구
,목동삼성,1996,개인,,,"170,000",24,1,2026,중개거래,서울 양천구,114.93,19,1278,N,,11470,개인,신정동,양천구
105,목동신시가지1,1985,개인,,,"290,000",23,1,2026,중개거래,서울 양천구,99.15,3,901,N,26.01.28,11470,개인,목동,양천구
,목동센트럴아이파크위브2단지,2020,개인,,,"129,500",23,1,2026,중개거래,서울 양천구,84.97,12,1076,N,,11470,개인,신월동,양천구
,동원데자뷰,2012,개인,,,"74,000",23,1,2026,중개거래,서울 양천구,84.9755,3,1060,N,,11470,개인,신월동,양천구
,목동센트럴아이파크위브4단지,2020,개인,,,"122,500",14,1,2026,중개거래,서울 양천구,84.97,2,1078,N,,11470,개인,신월동,양천구
,래미안목동아델리체(101동~118동),2021,개인,,,"185,000",23,1,2026,중개거래,서울 양천구,84.58,6,1326,N,,11470,개인,신정동,양천구
,파인빌,2001,개인,,,"91,000",23,1,2026,중개거래,서울 양천구,73.138,5,339,N,,11470,개인,신정동,양천구
,동원데자뷰,2012,개인,,,"76,300",21,1,2026,중개거래,서울 양천구,84.9253,12,1060,N,,11470,개인,신월동,양천구
,수명산타워빌,2003,개인,,,"52,500",20,1,2026,중개거래,서울 양천구,79.81,6,8-2,N,,11470,개인,신월동,양천구
,신트리4,2000,개인,,,"73,000",22,1,2026,중개거래,"서울 서초구, 서울 양천구",59.73,2,1277,N,,11470,개인,신정동,양천구
,신트리4,2000,개인,,,"81,000",22,1,2026,중개거래,서울 양천구,59.73,11,1277,N,,11470,개인,신정동,양천구
,목동센트럴아이파크위브4단지,2020,개인,,,"119,000",22,1,2026,중개거래,서울 양천구,84.97,1,1078,N,,11470,개인,신월동,양천구
,목동신시가지14,1987,개인,,,"184,000",16,1,2026,중개거래,서울 양천구,55.02,1,329,N,,11470,개인,신정동,양천구
,신트리1,1999,개인,,,"87,000",5,1,2026,중개거래,서울 양천구,59.73,12,1259,N,,11470,개인,신정동,양천구
,신트리3,2000,개인,,,"97,800",22,1,2026,중개거래,서울 양천구,84.8,3,1276,N,,11470,개인,신정동,양천구
,금호어울림,2004,개인,26.01.28,O,"164,000",22,1,2026,중개거래,서울 양천구,133.03,7,951,N,,11470,개인,목동,양천구
,목동신시가지4,1986,개인,,,"249,500",15,1,2026,중개거래,서울 양천구,67.58,6,904,N,,11470,개인,목동,양천구
,신트리4,2000,개인,,,"69,500",15,1,2026,중개거래,서울 양천구,59.73,1,1277,N,,11470,개인,신정동,양천구
,쌍용,1992,개인,,,"133,000",17,1,2026,중개거래,서울 양천구,84.63,6,334,N,,11470,개인,신정동,양천구
,금호어울림,2004,개인,,,"148,000",22,1,2026,중개거래,서울 양천구,120.12,4,951,N,,11470,개인,목동,양천구
,동방,1999,개인,,,"14,800",20,1,2026,중개거래,서울 양천구,27.69,9,607-1,N,,11470,개인,신월동,양천구
,목동우성2,2000,개인,,,"115,000",19,1,2026,중개거래,서울 양천구,84.96,8,337,N,,11470,개인,신정동,양천구
127,목동신시가지1,1985,개인,,,"220,000",20,1,2026,중개거래,서울 양천구,65.34,1,901,N,26.01.23,11470,개인,목동,양천구
405,목동신시가지4,1986,개인,,,"160,000",21,1,2026,중개거래,서울 양천구,47.25,12,904,N,26.02.12,11470,개인,목동,양천구
,동양브로미(102동)A,2004,개인,,,"49,000",21,1,2026,중개거래,서울 양천구,83.52,1,492-24,N,,11470,개인,신월동,양천구
,양천벽산블루밍1단지,2006,개인,,,"58,800",21,1,2026,중개거래,서울 양천구,59.99,13,1026,N,,11470,개인,신월동,양천구
,상진지오벨리,2009,개인,,,"64,000",21,1,2026,중개거래,"서울 강서구, 서울 양천구",84.98,7,1059,N,,11470,개인,신월동,양천구
,푸른마을3,2001,개인,,,"64,000",20,1,2026,중개거래,서울 양천구,59.91,8,1283,N,,11470,개인,신정동,양천구
,학마을1단지,2000,개인,,,"59,500",20,1,2026,중개거래,서울 양천구,49.98,15,1293,N,,11470,개인,신정동,양천구
,목동센트럴아이파크위브1단지,2020,개인,,,"126,300",20,1,2026,중개거래,서울 양천구,84.98,5,1075,N,,11470,개인,신월동,양천구
,대성유니드1차,2004,개인,,,"58,500",20,1,2026,중개거래,서울 양천구,59.87,5,1198-23,N,,11470,개인,신정동,양천구
,푸른마을3,2001,개인,,,"60,000",17,1,2026,중개거래,서울 양천구,59.91,7,1283,N,,11470,개인,신정동,양천구
,금호어울림,2004,개인,,,"142,000",13,1,2026,중개거래,서울 양천구,84.99,8,951,N,,11470,개인,목동,양천구
,목동롯데캐슬마에스트로,2019,개인,,,"140,000",20,1,2026,중개거래,서울 양천구,84.9779,4,965,N,,11470,개인,목동,양천구
,목동이-편한세상,2006,개인,,,"190,000",19,1,2026,중개거래,"서울 양천구, 인천 중구",134.77,3,950,N,,11470,개인,목동,양천구
,길훈,1987,개인,,,"28,900",20,1,2026,중개거래,서울 양천구,42.57,2,341-1,N,,11470,개인,신월동,양천구
,목동성원,2000,개인,,,"107,200",20,1,2026,중개거래,서울 양천구,59.85,4,763-1,N,,11470,개인,목동,양천구
,롯데캐슬(1057-0),2010,개인,,,"77,400",20,1,2026,중개거래,서울 양천구,70.91,4,1057,N,,11470,개인,신월동,양천구
103,목동신시가지1,1985,개인,,,"278,000",17,1,2026,중개거래,서울 양천구,98.08,2,901,N,26.01.20,11470,개인,목동,양천구
,목동센트럴아이파크위브2단지,2020,개인,,,"129,500",17,1,2026,중개거래,서울 양천구,84.98,22,1076,N,,11470,개인,신월동,양천구
,대신,2003,개인,,,"34,000",19,1,2026,중개거래,서울 양천구,71.28,6,481-9,N,,11470,개인,신월동,양천구
129,목동신시가지1,1985,개인,,,"127,000",19,1,2026,중개거래,서울 서초구,51.48,15,901,N,26.01.28,11470,개인,목동,양천구
,목동에버하임,2019,개인,,,"43,000",10,1,2026,중개거래,서울 영등포구,41.06,5,966,N,26.02.04,11470,개인,목동,양천구
218,목동신시가지2,1986,개인,,,"236,000",6,1,2026,중개거래,서울 양천구,65.25,5,902,N,26.01.23,11470,개인,목동,양천구
,목동금호베스트빌,2002,개인,26.02.03,O,"94,500",18,1,2026,중개거래,서울 양천구,96.83,1,549,N,,11470,개인,목동,양천구
,목동센트럴아이파크위브3단지,2020,개인,,,"92,000",18,1,2026,중개거래,서울 양천구,52.85,18,1077,N,,11470,개인,신월동,양천구
,목동신시가지7,1986,개인,,,"240,000",18,1,2026,중개거래,서울 양천구,53.88,4,925,N,,11470,개인,목동,양천구
,목동센트럴아이파크위브2단지,2020,개인,,,"111,500",18,1,2026,중개거래,서울 양천구,59.88,14,1076,N,,11470,개인,신월동,양천구
,래미안목동아델리체(119동~123동),2021,개인,,,"140,000",17,1,2026,중개거래,서울 양천구,59.82,10,1326,N,,11470,개인,신정동,양천구
,청구,1992,개인,,,"133,500",17,1,2026,중개거래,서울 양천구,84.99,10,336,N,,11470,개인,신정동,양천구
,목동신시가지1,1985,개인,26.01.19,O,"278,000",17,1,2026,중개거래,서울 양천구,98.08,2,901,N,,11470,개인,목동,양천구
,목동롯데캐슬마에스트로,2019,개인,,,"117,000",17,1,2026,중개거래,서울 양천구,59.9846,1,965,N,,11470,개인,목동,양천구
,래미안목동아델리체(119동~123동),2021,개인,,,"141,000",16,1,2026,중개거래,서울 양천구,59.82,15,1326,N,,11470,개인,신정동,양천구
,목동삼성,1996,개인,,,"173,000",16,1,2026,중개거래,서울 양천구,114.93,18,1278,N,,11470,개인,신정동,양천구
,푸른마을3,2001,개인,,,"60,000",17,1,2026,중개거래,서울 양천구,59.91,4,1283,N,,11470,개인,신정동,양천구
,목동우성2,2000,개인,,,"120,000",16,1,2026,중개거래,"서울 강서구, 서울 양천구",84.96,15,337,N,,11470,개인,신정동,양천구
,롯데캐슬(1057-0),2010,개인,,,"87,200",16,1,2026,중개거래,서울 양천구,84.94,10,1057,N,,11470,개인,신월동,양천구
,목동센트럴아이파크위브1단지,2020,개인,,,"126,500",16,1,2026,중개거래,서울 양천구,84.97,4,1075,N,,11470,개인,신월동,양천구
,목동센트럴아이파크위브1단지,2020,개인,,,"129,500",16,1,2026,중개거래,서울 양천구,84.98,15,1075,N,,11470,개인,신월동,양천구
,서울가든,1985,개인,,,"59,000",16,1,2026,중개거래,서울 양천구,81.0,2,475,N,,11470,개인,신월동,양천구
,목동삼성,1996,개인,26.02.03,O,"149,500",16,1,2026,중개거래,서울 양천구,84.77,2,1278,N,,11470,개인,신정동,양천구
213,목동신시가지2,1986,개인,,,"275,000",8,1,2026,중개거래,서울 양천구,95.4,12,902,N,26.01.20,11470,개인,목동,양천구
122,목동신시가지1,1985,개인,,,"215,000",16,1,2026,중개거래,서울 양천구,66.0,2,901,N,26.01.21,11470,개인,목동,양천구
,월드메르디앙2,2003,개인,,,"121,000",16,1,2026,중개거래,서울 양천구,84.3,11,948,N,,11470,개인,목동,양천구
,태형,1998,개인,,,"42,000",16,1,2026,직거래,,84.75,1,134-17,N,,11470,개인,신월동,양천구
,학마을1단지,2000,개인,,,"53,900",5,1,2026,중개거래,서울 양천구,49.98,6,1293,N,,11470,개인,신정동,양천구
,부영2,2000,개인,,,"165,000",3,1,2026,중개거래,서울 양천구,79.69,7,908-28,N,26.02.04,11470,개인,목동,양천구
,신도브래뉴2차,2004,개인,,,"63,000",12,1,2026,중개거래,서울 양천구,84.4,5,1031,N,,11470,개인,신월동,양천구
,목동2차아이파크,2004,개인,,,"150,000",9,1,2026,중개거래,서울 양천구,84.85,8,758-2,N,,11470,개인,목동,양천구
,동일하이빌1단지,2005,개인,,,"100,000",15,1,2026,중개거래,서울 양천구,84.955,9,1310,N,,11470,개인,신정동,양천구
,경남아너스빌,2004,개인,,,"144,500",14,1,2026,중개거래,"서울 양천구, 서울 영등포구",84.98,1,1307,N,,11470,개인,신정동,양천구
,목동센트럴아이파크위브4단지,2020,개인,,,"131,000",14,1,2026,중개거래,서울 양천구,84.97,8,1078,N,,11470,개인,신월동,양천구
,롯데캐슬(1057-0),2010,개인,,,"71,000",14,1,2026,중개거래,서울 양천구,59.88,2,1057,N,,11470,개인,신월동,양천구
,목동신시가지4,1986,개인,,,"209,000",9,1,2026,중개거래,"경기 김포시, 서울 양천구",47.25,10,904,N,,11470,법인,목동,양천구
,벽산블루밍2단지,2003,개인,,,"72,000",14,1,2026,중개거래,서울 양천구,59.822,10,1023,N,,11470,개인,신월동,양천구
219,목동신시가지2,1986,개인,,,"239,500",14,1,2026,중개거래,서울 양천구,65.25,9,902,N,26.01.21,11470,개인,목동,양천구
,목동센트럴아이파크위브2단지,2020,개인,,,"102,500",13,1,2026,중개거래,서울 양천구,59.88,1,1076,N,,11470,개인,신월동,양천구
,롯데캐슬위너,2005,개인,26.01.25,O,"115,000",13,1,2026,직거래,,59.98,3,956,N,,11470,개인,목동,양천구
,아이파크,2002,개인,,,"207,000",13,1,2026,중개거래,서울 양천구,84.88,1,1296,N,,11470,개인,신정동,양천구
,동원로데오,2006,개인,,,"95,000",5,1,2026,중개거래,서울 양천구,84.2,8,1308,N,,11470,개인,신정동,양천구
,목동신시가지14,1987,개인,,,"183,000",13,1,2026,중개거래,서울 양천구,55.02,5,329,N,,11470,개인,신정동,양천구
201,방주기픈샘2,2007,개인,,,"60,400",12,1,2026,직거래,,84.99,2,1047,N,26.01.19,11470,개인,신월동,양천구
,롯데캐슬,2014,개인,,,"117,000",13,1,2026,중개거래,서울 양천구,84.966,13,1063,N,,11470,개인,신월동,양천구
,목동현대3차,1997,개인,,,"175,000",8,1,2026,중개거래,서울 양천구,84.77,14,1279,N,,11470,개인,신정동,양천구
,신트리4,2000,개인,,,"75,000",12,1,2026,중개거래,서울 양천구,59.73,9,1277,N,,11470,개인,신정동,양천구
,목동센트럴아이파크위브4단지,2020,개인,,,"127,000",10,1,2026,중개거래,서울 양천구,84.97,4,1078,N,,11470,개인,신월동,양천구
,목동신시가지3,1986,개인,,,"240,500",9,1,2026,중개거래,서울 양천구,64.98,6,903,N,,11470,개인,목동,양천구
1217,목동신시가지12,1988,개인,,,"207,000",12,1,2026,중개거래,서울 양천구,71.64,4,326,N,26.01.30,11470,개인,신정동,양천구
,목동센트럴아이파크위브3단지,2020,개인,,,"129,000",8,1,2026,중개거래,서울 양천구,84.98,10,1077,N,,11470,개인,신월동,양천구
,목동신시가지3,1986,개인,,,"279,000",12,1,2026,중개거래,서울 양천구,95.74,1,903,N,,11470,개인,목동,양천구
,신트리4,2000,개인,,,"72,500",12,1,2026,중개거래,서울 양천구,59.73,15,1277,N,,11470,개인,신정동,양천구
,중앙하이츠,2010,개인,,,"121,000",11,1,2026,중개거래,서울 구로구,104.62,13,1314,N,,11470,개인,신정동,양천구
,수산팰리스,2005,개인,,,"68,000",11,1,2026,중개거래,경기 용인시 수지구,84.81,6,541,N,,11470,개인,목동,양천구
1117,목동신시가지11,1988,개인,,,"159,500",5,1,2026,중개거래,서울 양천구,51.48,3,325,N,26.01.13,11470,개인,신정동,양천구
,주함헤븐103동,2006,개인,,,"41,500",12,1,2026,중개거래,서울 양천구,73.88,5,203-14,N,,11470,개인,신월동,양천구
,아이파크,2002,개인,,,"235,000",12,1,2026,중개거래,서울 양천구,84.74,11,1296,N,,11470,개인,신정동,양천구
,롯데캐슬위너,2005,개인,,,"115,000",7,1,2026,중개거래,서울 양천구,59.98,8,956,N,,11470,개인,목동,양천구
,목동우성2,2000,개인,,,"115,000",11,1,2026,중개거래,서울 양천구,84.96,12,337,N,,11470,개인,신정동,양천구
,신트리4,2000,개인,,,"61,000",11,1,2026,중개거래,서울 양천구,48.96,9,1277,N,,11470,개인,신정동,양천구
,삼백훼미리,2002,개인,,,"47,700",10,1,2026,중개거래,서울 양천구,78.84,2,918-1,N,,11470,개인,신정동,양천구
,신트리3,2000,개인,,,"102,500",10,1,2026,중개거래,서울 양천구,84.8,6,1276,N,,11470,개인,신정동,양천구
,극동늘푸른,1998,개인,,,"144,000",10,1,2026,중개거래,서울 양천구,114.65,14,752-1,N,,11470,개인,목동,양천구
,롯데캐슬위너,2005,개인,,,"156,000",10,1,2026,중개거래,서울 양천구,127.65,2,956,N,,11470,개인,목동,양천구
,신트리4,2000,개인,,,"62,000",10,1,2026,중개거래,서울 양천구,49.08,3,1277,N,,11470,개인,신정동,양천구
,목동에버하임,2019,개인,,,"46,000",9,1,2026,중개거래,"서울 강남구, 서울 강서구",41.06,11,966,N,,11470,개인,목동,양천구
,학마을1단지,2000,개인,,,"55,700",9,1,2026,중개거래,서울 양천구,49.98,2,1293,N,,11470,개인,신정동,양천구
,롯데캐슬(1057-0),2010,개인,,,"69,800",10,1,2026,중개거래,서울 양천구,59.88,5,1057,N,,11470,개인,신월동,양천구
,롯데캐슬,2014,개인,,,"127,500",9,1,2026,중개거래,서울 양천구,116.375,16,1063,N,,11470,개인,신월동,양천구
,롯데캐슬,2014,개인,,,"113,000",9,1,2026,중개거래,서울 양천구,84.984,18,1063,N,,11470,개인,신월동,양천구
,목동신시가지3,1986,개인,,,"237,000",8,1,2026,중개거래,서울 양천구,64.98,8,903,N,,11470,개인,목동,양천구
,목동신시가지7,1986,개인,,,"239,000",9,1,2026,중개거래,서울 양천구,59.39,2,925,N,,11470,개인,목동,양천구
,목동센트럴아이파크위브2단지,2020,개인,,,"110,000",9,1,2026,중개거래,서울 양천구,59.88,12,1076,N,,11470,개인,신월동,양천구
,예지보금자리74차,2014,개인,,,"31,100",6,1,2026,중개거래,서울 양천구,55.69,2,480-4,N,,11470,개인,신월동,양천구
,양천벽산블루밍1단지,2006,개인,,,"74,700",9,1,2026,중개거래,서울 양천구,84.77,10,1026,N,,11470,개인,신월동,양천구
126,목동신시가지1,1985,개인,,,"350,000",9,1,2026,중개거래,서울 양천구,154.44,3,901,N,26.01.12,11470,개인,목동,양천구
,우성,1992,개인,,,"171,000",8,1,2026,중개거래,서울 양천구,84.63,10,200,N,,11470,개인,목동,양천구
,롯데캐슬,2014,개인,,,"119,900",9,1,2026,중개거래,"서울 구로구, 서울 양천구",84.984,16,1063,N,,11470,개인,신월동,양천구
,목동신시가지14,1987,개인,,,"203,000",8,1,2026,중개거래,서울 양천구,74.19,1,329,N,,11470,개인,신정동,양천구
,성원2,2000,개인,,,"58,000",8,1,2026,중개거래,서울 강남구,59.9,1,709-2,N,,11470,개인,목동,양천구
109,롯데캐슬,2014,개인,,,"110,000",8,1,2026,중개거래,서울 양천구,84.984,13,1063,N,26.02.06,11470,개인,신월동,양천구
,블레스빌,2002,개인,,,"133,000",8,1,2026,중개거래,서울 양천구,79.43,9,340,N,,11470,개인,신정동,양천구
스위트드림아파트,스위트드림아파트,2020,개인,,,"37,000",9,1,2026,중개거래,서울 양천구,48.31,7,1074,N,26.01.09,11470,개인,신월동,양천구
,목동신시가지12,1988,개인,,,"180,000",8,1,2026,중개거래,"서울 동대문구, 서울 동작구",56.76,2,326,N,,11470,개인,신정동,양천구
,목동두산위브,2005,개인,,,"107,500",5,1,2026,중개거래,서울 양천구,112.209,1,953,N,,11470,개인,목동,양천구
,리슈리안,2015,개인,,,"50,000",8,1,2026,중개거래,서울 양천구,52.74,7,500-21,N,,11470,개인,신월동,양천구
,목동신시가지10,1987,개인,,,"237,000",8,1,2026,중개거래,서울 양천구,70.2,11,311,N,,11470,개인,신정동,양천구
122,목동신시가지1,1985,개인,,,"232,500",8,1,2026,중개거래,서울 양천구,66.0,7,901,N,26.01.16,11470,개인,목동,양천구
1117,목동신시가지11,1988,개인,,,"164,000",8,1,2026,중개거래,서울 양천구,51.48,12,325,N,26.01.19,11470,개인,신정동,양천구
,목동우성2,2000,개인,,,"115,000",7,1,2026,중개거래,서울 양천구,84.96,5,337,N,,11470,개인,신정동,양천구
,정은스카이빌(959),2006,개인,,,"70,800",7,1,2026,중개거래,서울 양천구,68.18,7,959,N,,11470,개인,목동,양천구
,월드메르디앙2,2003,개인,,,"107,500",7,1,2026,중개거래,서울 양천구,72.24,10,948,N,,11470,개인,목동,양천구
,목동신시가지6,1986,개인,,,"355,000",7,1,2026,중개거래,서울 양천구,142.39,1,911,N,,11470,개인,목동,양천구
,목동청구한신아파트,1997,개인,,,"208,000",7,1,2026,중개거래,서울 양천구,84.76,14,929,N,,11470,개인,목동,양천구
129,목동신시가지1,1985,개인,,,"194,000",7,1,2026,중개거래,서울 양천구,51.48,10,901,N,26.01.13,11470,개인,목동,양천구
116,목동신시가지1,1985,개인,,,"227,000",7,1,2026,중개거래,서울 양천구,66.0,1,901,N,26.01.20,11470,개인,목동,양천구
,목동신시가지3,1986,개인,,,"233,000",6,1,2026,중개거래,서울 양천구,64.98,14,903,N,,11470,개인,목동,양천구
,동문굿모닝탑,2003,개인,,,"163,000",6,1,2026,중개거래,서울 양천구,153.39,19,324-10,N,,11470,개인,신정동,양천구
,코아루2단지,2010,개인,,,"58,800",6,1,2026,중개거래,"경기 광명시, 서울 양천구",84.95,5,1058,N,,11470,개인,신월동,양천구
,삼익4차플라주,2008,개인,,,"61,300",5,1,2026,중개거래,서울 양천구,83.935,10,1056,N,,11470,개인,신월동,양천구
,목동신시가지10,1987,개인,,,"183,000",6,1,2026,중개거래,서울 양천구,53.82,11,311,N,,11470,개인,신정동,양천구
,롯데캐슬,2014,개인,,,"105,000",6,1,2026,중개거래,서울 양천구,84.984,2,1063,N,,11470,개인,신월동,양천구
,목동센트럴아이파크위브4단지,2020,개인,,,"126,500",5,1,2026,중개거래,서울 양천구,84.97,18,1078,N,,11470,개인,신월동,양천구
,목동신시가지3,1986,개인,,,"237,000",3,1,2026,중개거래,서울 양천구,64.98,9,903,N,,11470,개인,목동,양천구
,대림,1992,개인,,,"138,000",5,1,2026,중개거래,서울 양천구,84.89,7,333,N,,11470,개인,신정동,양천구
1119,목동신시가지11,1988,개인,,,"160,000",2,1,2026,중개거래,서울 양천구,51.48,2,325,N,26.01.06,11470,개인,신정동,양천구
,성원2,2000,개인,,,"82,600",3,1,2026,중개거래,서울 양천구,77.17,5,709-2,N,,11470,개인,목동,양천구
,경남아너스빌,2004,개인,,,"172,000",3,1,2026,중개거래,서울 양천구,96.17,17,1307,N,,11470,개인,신정동,양천구
,신트리4,2000,개인,,,"63,000",3,1,2026,중개거래,서울 양천구,48.96,8,1277,N,,11470,개인,신정동,양천구
,목동신시가지3,1986,개인,,,"232,000",3,1,2026,중개거래,서울 양천구,64.98,11,903,N,,11470,개인,목동,양천구
,학마을1단지,2000,개인,,,"54,000",2,1,2026,중개거래,서울 양천구,49.99,11,1293,N,,11470,개인,신정동,양천구
,신트리4,2000,개인,,,"71,500",2,1,2026,중개거래,"서울 구로구, 서울 양천구",59.73,8,1277,N,,11470,개인,신정동,양천구
,목동현대3차,1997,개인,,,"150,000",2,1,2026,중개거래,서울 양천구,71.16,4,1279,N,,11470,개인,신정동,양천구
,건영,1994,개인,,,"71,500",2,1,2026,중개거래,"서울 동작구, 서울 양천구",84.39,3,928,N,,11470,개인,목동,양천구
,신트리4,2000,개인,,,"63,000",2,1,2026,중개거래,서울 양천구,49.5,15,1277,N,,11470,개인,신정동,양천구
,성원2,2000,개인,,,"98,500",2,1,2026,중개거래,서울 강서구,114.57,13,709-2,N,,11470,개인,목동,양천구
811,목동신시가지8,1987,개인,,,"195,000",2,1,2026,중개거래,서울 양천구,54.94,6,314,N,26.01.30,11470,개인,신정동,양천구
,양천벽산블루밍1단지,2006,개인,,,"74,800",1,1,2026,중개거래,서울 양천구,84.77,8,1026,N,,11470,개인,신월동,양천구
,양천벽산블루밍1단지,2006,개인,,,"62,800",1,1,2026,중개거래,서울 양천구,59.99,4,1026,N,,11470,개인,신월동,양천구
,신월동방원,2004,개인,,,"56,000",10,2,2026,중개거래,서울 양천구,84.86,3,1032,N,,11470,개인,신월동,양천구
,목동센트럴아이파크위브1단지,2020,개인,,,"138,500",14,2,2026,중개거래,"서울 마포구, 서울 양천구",84.97,17,1075,N,,11470,개인,신월동,양천구
,목동신시가지3,1986,개인,,,"360,000",8,2,2026,중개거래,서울 양천구,153.58,3,903,N,,11470,개인,목동,양천구
,목동우성2,2000,개인,,,"120,000",7,2,2026,중개거래,서울 구로구,113.91,4,337,N,,11470,개인,신정동,양천구
,건영,1994,개인,,,"73,700",6,2,2026,중개거래,서울 양천구,84.33,13,928,N,,11470,개인,목동,양천구
,양천벽산블루밍2단지,2006,개인,,,"71,500",19,2,2026,중개거래,서울 양천구,84.77,3,1027,N,,11470,개인,신월동,양천구
,은성마을승윤노블리안,2013,개인,,,"66,500",14,2,2026,중개거래,서울 양천구,84.5714,5,1065,N,,11470,개인,신월동,양천구
,명지해드는터,2005,개인,,,"98,000",14,2,2026,중개거래,서울 양천구,84.82,3,957,N,,11470,개인,목동,양천구
,신정두산위브,2012,개인,,,"105,700",12,2,2026,중개거래,서울 양천구,84.22,20,1055,N,,11470,개인,신월동,양천구
,목동신시가지8,1987,개인,,,"180,000",14,2,2026,중개거래,서울 양천구,54.94,6,314,N,,11470,개인,신정동,양천구
,목동신시가지4,1986,개인,,,"210,000",14,2,2026,중개거래,서울 양천구,47.25,13,904,N,,11470,개인,목동,양천구
,월드메르디앙2,2003,개인,,,"121,500",13,2,2026,중개거래,서울 양천구,84.3,7,948,N,,11470,개인,목동,양천구
,목동2삼성래미안,2001,개인,,,"115,000",13,2,2026,중개거래,서울 양천구,59.92,3,1295,N,,11470,개인,신정동,양천구
,목동신시가지4,1986,개인,,,"199,000",11,2,2026,중개거래,서울 양천구,48.69,11,904,N,,11470,개인,목동,양천구
,상진지오밸리가동,2006,개인,,,"67,500",11,2,2026,중개거래,서울 양천구,84.78,6,743-19,N,,11470,개인,목동,양천구
,목동신시가지4,1986,개인,,,"243,000",13,2,2026,중개거래,서울 양천구,65.34,7,904,N,,11470,개인,목동,양천구
,신트리3,2000,개인,,,"112,000",13,2,2026,중개거래,서울 양천구,84.8,10,1276,N,,11470,개인,신정동,양천구
,금호어울림,2004,개인,,,"149,000",13,2,2026,중개거래,"서울 동작구, 서울 양천구",84.99,4,951,N,,11470,개인,목동,양천구
,롯데캐슬위너,2005,개인,,,"120,000",10,2,2026,중개거래,서울 양천구,59.98,3,956,N,,11470,개인,목동,양천구
,목동신시가지11,1988,개인,,,"200,000",11,2,2026,중개거래,서울 양천구,66.24,13,325,N,,11470,개인,신정동,양천구
,목동신시가지1,1985,개인,,,"298,000",12,2,2026,중개거래,서울 양천구,98.08,5,901,N,,11470,개인,목동,양천구
,목동우성2,2000,개인,,,"119,000",11,2,2026,중개거래,서울 양천구,84.96,2,337,N,,11470,개인,신정동,양천구
,목동센트럴아이파크위브2단지,2020,개인,,,"130,000",12,2,2026,중개거래,서울 양천구,84.97,20,1076,N,,11470,개인,신월동,양천구
,정은스카이빌2차,2004,개인,,,"55,000",6,2,2026,중개거래,서울 양천구,59.98,2,1304,N,,11470,개인,신정동,양천구
,목동센트럴아이파크위브2단지,2020,개인,,,"122,000",12,2,2026,중개거래,서울 양천구,59.88,18,1076,N,,11470,개인,신월동,양천구
,목동센트럴아이파크위브2단지,2020,개인,,,"120,000",12,2,2026,중개거래,서울 양천구,59.88,19,1076,N,,11470,개인,신월동,양천구
,제일에비앙101동,2004,개인,,,"81,000",10,2,2026,중개거래,서울 양천구,82.32,6,990-16,N,,11470,개인,신정동,양천구
,목동신시가지3,1986,개인,,,"242,000",11,2,2026,중개거래,서울 양천구,64.98,12,903,N,,11470,개인,목동,양천구
,푸른마을2,2001,개인,,,"59,990",12,2,2026,중개거래,서울 양천구,59.91,1,1281,N,,11470,개인,신정동,양천구
,신트리3,2000,개인,,,"105,000",11,2,2026,중개거래,서울 양천구,84.8,4,1276,N,,11470,개인,신정동,양천구
,목동우성3,1999,개인,,,"87,000",12,2,2026,중개거래,서울 양천구,84.73,4,338,N,,11470,개인,신정동,양천구
,목동센트럴아이파크위브3단지,2020,개인,,,"121,000",11,2,2026,중개거래,서울 양천구,59.88,12,1077,N,,11470,개인,신월동,양천구
,신트리1,1999,개인,,,"85,000",11,2,2026,중개거래,서울 양천구,49.95,6,1259,N,,11470,개인,신정동,양천구
,리슈리안,2015,개인,,,"50,500",11,2,2026,중개거래,서울 양천구,52.74,9,500-21,N,,11470,개인,신월동,양천구
,금호어울림,2004,개인,,,"164,350",10,2,2026,중개거래,서울 양천구,133.03,9,951,N,,11470,개인,목동,양천구
,목동신시가지9,1987,개인,,,"235,000",10,2,2026,중개거래,서울 양천구,71.37,9,312,N,,11470,개인,신정동,양천구
,대성유니드,2004,개인,,,"74,000",6,2,2026,중개거래,서울 양천구,84.3,10,1033,N,,11470,개인,신월동,양천구
,목동신시가지13,1987,개인,,,"307,500",10,2,2026,중개거래,서울 양천구,122.3,13,327,N,,11470,개인,신정동,양천구
,스카이빌아파트,2002,개인,,,"109,500",10,2,2026,중개거래,서울 양천구,84.51,5,772-11,N,,11470,개인,목동,양천구
,부영3,2000,개인,,,"243,000",10,2,2026,중개거래,서울 양천구,140.52,13,908-34,N,,11470,개인,목동,양천구
,목동신시가지3,1986,개인,,,"278,000",11,2,2026,중개거래,"서울 강남구, 서울 양천구",95.03,4,903,N,,11470,개인,목동,양천구
,목동신시가지10,1987,개인,,,"190,000",8,2,2026,중개거래,서울 양천구,53.82,8,311,N,,11470,개인,신정동,양천구
,대방샤인힐,2003,개인,,,"50,500",9,2,2026,중개거래,서울 양천구,59.648,13,1017,N,,11470,개인,신월동,양천구
,목동신시가지14,1987,개인,,,"224,000",9,2,2026,중개거래,서울 양천구,71.4,17,329,N,,11470,개인,신정동,양천구
,스카이빌아파트,2002,개인,,,"107,000",7,2,2026,중개거래,"경기 용인시 처인구, 서울 양천구",84.51,10,772-11,N,,11470,개인,목동,양천구
,금호어울림,2004,개인,,,"150,000",9,2,2026,중개거래,서울 양천구,84.99,5,951,N,,11470,개인,목동,양천구
,대성유니드,2004,개인,,,"73,000",6,2,2026,중개거래,서울 양천구,84.3,6,1033,N,,11470,개인,신월동,양천구
,목동신시가지14,1987,개인,,,"219,000",5,2,2026,중개거래,서울 양천구,71.4,16,329,N,,11470,개인,신정동,양천구
,목동우성2,2000,개인,,,"119,500",8,2,2026,중개거래,서울 양천구,84.96,13,337,N,,11470,개인,신정동,양천구
,목동신시가지3,1986,개인,26.02.19,O,"360,000",8,2,2026,중개거래,서울 양천구,153.58,3,903,N,,11470,개인,목동,양천구
,한우리아파트,2005,개인,,,"42,000",7,2,2026,중개거래,서울 양천구,53.91,7,467-2,N,,11470,개인,신월동,양천구
,목동청구한신아파트,1997,개인,,,"212,000",7,2,2026,중개거래,서울 양천구,84.76,12,929,N,,11470,개인,목동,양천구
,학마을1단지,2000,개인,,,"53,500",7,2,2026,중개거래,서울 양천구,49.99,1,1293,N,,11470,개인,신정동,양천구
,목동우성2,2000,개인,,,"124,000",7,2,2026,중개거래,서울 양천구,84.96,4,337,N,,11470,개인,신정동,양천구
,롯데캐슬(1057-0),2010,개인,,,"68,000",7,2,2026,중개거래,서울 양천구,59.88,1,1057,N,,11470,개인,신월동,양천구
,대성유니드1차,2004,개인,,,"57,000",7,2,2026,중개거래,서울 양천구,59.87,13,1198-23,N,,11470,개인,신정동,양천구
,동일하이빌2단지,2005,개인,,,"110,000",7,2,2026,중개거래,서울 양천구,84.955,11,1311,N,,11470,개인,신정동,양천구
,롯데캐슬위너,2005,개인,,,"117,800",7,2,2026,중개거래,서울 양천구,59.98,3,956,N,,11470,개인,목동,양천구
,해태,1999,개인,,,"59,500",7,2,2026,중개거래,서울 양천구,84.93,11,514-3,N,,11470,개인,신월동,양천구
,신정두산위브,2012,개인,,,"106,500",6,2,2026,중개거래,서울 양천구,84.22,20,1055,N,,11470,개인,신월동,양천구
,웨스트빌(102동),2005,개인,,,"79,000",5,2,2026,중개거래,서울 양천구,81.216,3,954,N,,11470,개인,목동,양천구
,우성,1992,개인,,,"173,000",6,2,2026,중개거래,"경기 고양시 덕양구, 서울 양천구",84.44,7,200,N,,11470,개인,목동,양천구
,목동현대3차,1997,개인,,,"193,000",6,2,2026,중개거래,서울 양천구,101.91,10,1279,N,,11470,개인,신정동,양천구
,대원칸타빌2,2003,개인,,,"155,000",6,2,2026,중개거래,서울 양천구,83.72,11,941,N,,11470,개인,목동,양천구
,목동청구한신아파트,1997,개인,,,"207,500",6,2,2026,중개거래,서울 성북구,84.77,1,929,N,,11470,개인,목동,양천구
,목동신시가지14,1987,개인,,,"220,000",6,2,2026,중개거래,"서울 서초구, 서울 양천구",71.37,1,329,N,,11470,개인,신정동,양천구
,목동센트럴아이파크위브2단지,2020,개인,,,"127,000",5,2,2026,중개거래,서울 양천구,84.98,5,1076,N,,11470,개인,신월동,양천구
,대성유니드,2004,개인,,,"71,800",5,2,2026,중개거래,서울 양천구,84.3,2,1033,N,,11470,개인,신월동,양천구
,신트리4,2000,개인,,,"68,000",5,2,2026,중개거래,서울 양천구,48.96,4,1277,N,,11470,개인,신정동,양천구
,푸른마을2,2001,개인,,,"53,500",4,2,2026,중개거래,서울 양천구,49.16,4,1281,N,,11470,개인,신정동,양천구
,목동성원초원,1999,개인,,,"82,800",3,2,2026,중개거래,서울 양천구,59.9,9,751-4,N,,11470,개인,목동,양천구
,목동현대3차,1997,개인,,,"180,000",5,2,2026,중개거래,"서울 서대문구, 서울 양천구",84.77,8,1279,N,,11470,개인,신정동,양천구
,신월2차보람쉬움,2005,개인,,,"65,000",5,2,2026,중개거래,서울 양천구,82.52,2,1039,N,,11470,개인,신월동,양천구
,현대파크빌(907-23),2003,개인,,,"140,000",4,2,2026,직거래,,149.92,20,907-23,N,,11470,개인,목동,양천구
,이펜하우스3단지,2011,개인,,,"68,000",4,2,2026,중개거래,서울 양천구,59.93,15,1316,N,,11470,개인,신정동,양천구
,목동신시가지4,1986,개인,,,"300,000",4,2,2026,중개거래,서울 양천구,95.67,2,904,N,,11470,개인,목동,양천구
,목동신시가지3,1986,개인,,,"249,500",4,2,2026,중개거래,서울 양천구,64.98,13,903,N,,11470,개인,목동,양천구
,목동금호베스트빌,2002,개인,,,"94,500",3,2,2026,중개거래,서울 양천구,96.83,1,549,N,,11470,개인,목동,양천구
,신트리1,1999,개인,,,"90,000",3,2,2026,중개거래,서울 양천구,59.73,10,1259,N,,11470,개인,신정동,양천구
,신트리4,2000,개인,,,"80,000",3,2,2026,중개거래,서울 양천구,59.73,12,1277,N,,11470,개인,신정동,양천구
,목동롯데캐슬마에스트로,2019,개인,,,"128,000",3,2,2026,중개거래,"서울 강서구, 서울 양천구",59.9846,6,965,N,,11470,개인,목동,양천구
,목동삼성,1996,개인,,,"149,500",3,2,2026,중개거래,서울 양천구,84.77,2,1278,N,,11470,개인,신정동,양천구
,이펜하우스2단지,2011,개인,,,"78,000",1,2,2026,중개거래,서울 양천구,84.51,7,1322,N,,11470,개인,신정동,양천구
116,목동신시가지1,1985,개인,,,"226,000",2,2,2026,중개거래,서울 양천구,66.0,2,901,N,26.02.04,11470,개인,목동,양천구
,이펜하우스3단지,2011,개인,,,"80,000",5,2,2026,중개거래,서울 양천구,84.51,8,1316,N,,11470,개인,신정동,양천구
,목동롯데캐슬마에스트로,2019,개인,,,"126,500",1,2,2026,중개거래,서울 양천구,59.9846,7,965,N,,11470,개인,목동,양천구
,더트루엘마곡HQ,2024,개인,,,"64,700",30,1,2026,직거래,,48.3293,11,1398,N,,11500,법인,공항동,강서구
,화곡푸르지오,2002,개인,,,"120,000",27,1,2026,중개거래,서울 강서구,104.75,11,1091,N,,11500,개인,화곡동,강서구
,대림,1995,개인,,,"75,000",23,1,2026,직거래,,89.975,6,694,N,,11500,개인,등촌동,강서구
,극동,2000,개인,,,"90,440",24,1,2026,중개거래,서울 강서구,79.465,2,246-23,N,,11500,개인,염창동,강서구
,우장산힐스테이트,2005,개인,,,"154,500",29,1,2026,중개거래,서울 강서구,84.98,11,657,N,,11500,개인,내발산동,강서구
,더트루엘마곡HQ,2024,개인,26.02.13,O,"64,700",30,1,2026,직거래,,48.3293,11,1398,N,,11500,법인,공항동,강서구
,관음삼성,1997,개인,,,"67,000",28,1,2026,중개거래,인천 미추홀구,84.93,2,268,N,,11500,개인,염창동,강서구
,공항동부센트레빌,2009,개인,,,"74,500",28,1,2026,중개거래,서울 강서구,59.96,9,1374,N,,11500,개인,공항동,강서구
,등촌동아이파크,2004,개인,,,"95,000",22,1,2026,중개거래,서울 강서구,84.9958,1,715,N,,11500,개인,등촌동,강서구
,방화그린,1993,개인,,,"33,200",31,1,2026,중개거래,서울 강서구,33.6,3,839,N,,11500,개인,방화동,강서구
,방화그린,1993,개인,,,"34,000",29,1,2026,중개거래,서울 강서구,33.18,4,839,N,,11500,개인,방화동,강서구
,방화그린,1993,개인,,,"54,500",31,1,2026,중개거래,서울 강서구,49.77,8,839,N,,11500,개인,방화동,강서구
,화곡푸르지오,2002,개인,,,"134,500",24,1,2026,중개거래,서울 강서구,144.123,10,1091,N,,11500,개인,화곡동,강서구
,벽산,1999,개인,,,"78,500",24,1,2026,중개거래,서울 강서구,59.98,17,429,N,,11500,개인,마곡동,강서구
,다울,2002,개인,,,"70,500",29,1,2026,중개거래,서울 강서구,83.198,3,637-26,N,,11500,개인,등촌동,강서구
,"등촌1,2단지주공아파트",1994,개인,,,"69,400",30,1,2026,중개거래,서울 강서구,41.85,9,687,N,,11500,개인,등촌동,강서구
,더트루엘마곡HQ,2024,개인,,,"64,700",23,1,2026,직거래,,48.3293,11,1398,N,,11500,법인,공항동,강서구
,마곡엠밸리9단지,2021,개인,,,"146,000",31,1,2026,중개거래,서울 강서구,59.86,14,744,N,,11500,개인,마곡동,강서구
,화곡더리브스카이,2022,개인,,,"49,243",27,1,2026,직거래,,59.093,3,1175,N,,11500,법인,화곡동,강서구
,염창1차한화꿈에그린,2005,개인,,,"142,800",22,1,2026,중개거래,"서울 강서구, 서울 마포구",84.93,2,281-22,N,,11500,개인,염창동,강서구
,마곡나루경남아파트,1991,개인,,,"88,700",31,1,2026,중개거래,서울 강서구,84.99,5,1577,N,,11500,개인,마곡동,강서구
,현대2,1993,개인,,,"81,700",22,1,2026,중개거래,서울 강서구,82.74,9,249-11,N,,11500,개인,염창동,강서구
,삼성한아름,1993,개인,,,"84,900",28,1,2026,중개거래,서울 강서구,84.89,7,264-27,N,,11500,개인,염창동,강서구
,마곡수명산파크1단지,2007,개인,,,"124,800",28,1,2026,중개거래,서울 강서구,84.53,13,742,N,,11500,개인,내발산동,강서구
,마곡중앙하이츠아파트,1994,개인,,,"54,000",29,1,2026,중개거래,서울 강서구,51.03,5,852,N,,11500,개인,방화동,강서구
,청솔,1994,개인,,,"64,500",21,1,2026,중개거래,서울 강서구,59.04,2,832,N,,11500,개인,방화동,강서구
,중앙화곡하이츠,1988,개인,,,"51,000",18,1,2026,중개거래,서울 강서구,74.16,8,351-89,N,,11500,개인,화곡동,강서구
,등촌라인(조합),1997,개인,,,"95,000",29,1,2026,중개거래,서울 강서구,84.78,4,628-15,N,,11500,개인,등촌동,강서구
,신송타워,1997,개인,,,"52,000",29,1,2026,중개거래,서울 강서구,59.97,9,662-3,N,,11500,개인,등촌동,강서구
,강서한강월드메르디앙,2006,개인,,,"96,350",22,1,2026,중개거래,"경기 하남시, 서울 강서구",84.9,2,1462,N,,11500,개인,가양동,강서구
,마곡서광(치현마을),1998,개인,,,"60,000",30,1,2026,중개거래,서울 강서구,84.93,11,860,N,,11500,개인,방화동,강서구
,삼성꽃마을,1997,개인,,,"58,000",16,1,2026,중개거래,서울 강서구,59.99,10,858,N,,11500,개인,방화동,강서구
,강변,1992,개인,,,"67,000",14,1,2026,중개거래,서울 강서구,34.44,14,1475,N,,11500,개인,가양동,강서구
,천우네오젠,2007,개인,,,"59,900",31,1,2026,중개거래,서울 강서구,84.53,5,645-14,N,,11500,개인,등촌동,강서구
,대림경동아파트,1993,개인,,,"139,500",30,1,2026,중개거래,서울 강서구,131.4,5,1474,N,,11500,개인,가양동,강서구
,등촌라인(조합),1997,개인,,,"79,700",14,1,2026,중개거래,서울 강서구,59.91,4,628-15,N,,11500,개인,등촌동,강서구
,"등촌7,8단지주공아파트",1994,개인,,,"62,000",9,1,2026,중개거래,서울 강서구,41.85,3,707,N,,11500,개인,등촌동,강서구
,태진아름,1995,개인,,,"66,000",15,1,2026,중개거래,서울 강서구,59.94,10,676,N,,11500,개인,등촌동,강서구
,화곡푸르지오,2002,개인,,,"123,000",28,1,2026,중개거래,서울 강서구,125.021,8,1091,N,,11500,개인,화곡동,강서구
,방화그린,1993,개인,,,"57,000",13,1,2026,중개거래,서울 강서구,49.77,11,839,N,,11500,개인,방화동,강서구
,중앙하이츠,1999,개인,,,"113,000",24,1,2026,중개거래,서울 강서구,119.85,15,1467,N,,11500,개인,가양동,강서구
,대동황토방2,2003,개인,,,"82,000",31,1,2026,중개거래,서울 강서구,59.93,9,713,N,,11500,개인,등촌동,강서구
,동신대아,1993,개인,,,"133,000",29,1,2026,중개거래,서울 강서구,101.97,3,1459,N,,11500,개인,가양동,강서구
,강서힐스테이트,2015,개인,,,"132,500",31,1,2026,중개거래,서울 강서구,59.99,14,1165,N,,11500,개인,화곡동,강서구
,부영,1994,개인,,,"103,000",31,1,2026,중개거래,서울 강서구,80.64,7,691-3,N,,11500,개인,등촌동,강서구
,주공3,1995,개인,,,"91,000",31,1,2026,중개거래,서울 강서구,58.14,2,688,N,,11500,개인,등촌동,강서구
,우성,1992,개인,,,"83,000",31,1,2026,중개거래,서울 강서구,84.96,12,630-3,N,,11500,개인,등촌동,강서구
,원다벨라빌,2001,개인,,,"61,000",31,1,2026,중개거래,서울 강서구,84.0152,3,672-15,N,,11500,개인,내발산동,강서구
,마곡수명산파크4단지,2008,개인,,,"115,000",31,1,2026,중개거래,서울 강서구,84.96,3,753,N,,11500,개인,내발산동,강서구
,우장산롯데캐슬,2003,개인,,,"124,000",31,1,2026,중개거래,서울 강서구,85.0,6,1145,N,,11500,개인,화곡동,강서구
,우성,1992,개인,,,"82,000",31,1,2026,중개거래,서울 강서구,84.96,10,630-3,N,,11500,개인,등촌동,강서구
,가양도시개발9-2단지,1993,개인,,,"88,500",30,1,2026,중개거래,"서울 강남구, 서울 강서구",49.5,10,1490,N,,11500,개인,가양동,강서구
,공항동부센트레빌,2009,개인,,,"87,500",17,1,2026,중개거래,서울 강서구,84.99,8,1374,N,,11500,개인,공항동,강서구
,"우장산아이파크,이편한세상",2008,개인,,,"129,900",30,1,2026,중개거래,"경기 김포시, 서울 강서구",59.98,2,1159,N,,11500,개인,화곡동,강서구
,빛고을우방,1999,개인,,,"89,000",31,1,2026,중개거래,"서울 강서구, 인천 부평구",84.87,2,448-9,N,,11500,개인,가양동,강서구
,한솔솔파크,2005,개인,,,"108,500",30,1,2026,중개거래,서울 강서구,59.81,5,716,N,,11500,개인,마곡동,강서구
,염창1차보람더하임,2008,개인,,,"128,000",30,1,2026,중개거래,서울 강서구,84.98,15,305,N,,11500,개인,염창동,강서구
,벽산,1999,개인,,,"89,000",31,1,2026,중개거래,서울 강서구,84.97,10,429,N,,11500,개인,마곡동,강서구
,한사랑2삼성,1999,개인,,,"84,000",30,1,2026,중개거래,"서울 강서구, 서울 송파구",59.85,14,634-2,N,,11500,개인,등촌동,강서구
,강서힐스테이트,2015,개인,,,"165,000",29,1,2026,중개거래,"경기 부천시 원미구, 서울 강서구",128.81,11,1165,N,,11500,개인,화곡동,강서구
,강서힐스테이트,2015,개인,,,"140,000",29,1,2026,중개거래,"경기 광명시, 서울 강서구",59.99,14,1165,N,,11500,개인,화곡동,강서구
,엠그린,2006,개인,,,"51,000",29,1,2026,중개거래,서울 강서구,59.73,1,241-24,N,,11500,개인,염창동,강서구
,마곡수명산파크6단지,2007,개인,,,"104,000",16,1,2026,중개거래,서울 강서구,84.68,6,759,N,,11500,개인,내발산동,강서구
,대림e-편한세상,2003,개인,,,"77,500",27,1,2026,중개거래,서울 강서구,84.67,3,874,N,,11500,개인,방화동,강서구
,마곡중앙하이츠아파트,1994,개인,,,"52,000",29,1,2026,중개거래,서울 강서구,51.03,1,852,N,,11500,개인,방화동,강서구
,마곡엠밸리6단지,2014,개인,,,"172,000",29,1,2026,중개거래,"경기 고양시 덕양구, 서울 강서구",84.99,5,743,N,,11500,개인,마곡동,강서구
,우장산휴먼빌,2005,개인,,,"66,700",29,1,2026,중개거래,서울 강서구,84.76,6,1156,N,,11500,개인,화곡동,강서구
,삼형.그레이스빌,2001,개인,,,"63,000",28,1,2026,직거래,,55.178,9,564-7,N,,11500,개인,등촌동,강서구
,화곡대진(1021-2),2007,개인,,,"52,800",20,1,2026,중개거래,서울 강서구,69.84,4,1021-2,N,,11500,개인,화곡동,강서구
,삼성꽃마을,1997,개인,,,"54,700",19,1,2026,중개거래,서울 강서구,59.99,2,858,N,,11500,개인,방화동,강서구
,AndPra레지던스,2013,개인,,,"10,000",29,1,2026,중개거래,서울 강서구,15.26,14,918-25,N,26.02.03,11500,개인,화곡동,강서구
,방화5,1994,개인,,,"68,750",21,1,2026,중개거래,"서울 강서구, 서울 영등포구",49.77,9,814,N,,11500,개인,방화동,강서구
,대림경동아파트,1993,개인,,,"136,300",29,1,2026,중개거래,서울 강서구,131.4,1,1474,N,,11500,개인,가양동,강서구
,마곡수명산파크2단지,2007,개인,,,"124,500",28,1,2026,중개거래,서울 강서구,84.68,3,741,N,,11500,개인,내발산동,강서구
,대동황토방,2000,개인,,,"75,000",28,1,2026,중개거래,서울 강서구,59.94,15,631-9,N,,11500,개인,등촌동,강서구
,삼성꽃마을,1997,개인,,,"67,500",7,1,2026,중개거래,서울 강서구,84.41,6,858,N,,11500,개인,방화동,강서구
,강서한강자이,2013,개인,,,"157,000",28,1,2026,중개거래,서울 강서구,84.9903,21,1500,N,,11500,개인,가양동,강서구
,관음삼성,1997,개인,26.02.11,O,"67,000",28,1,2026,중개거래,인천 미추홀구,84.93,2,268,N,,11500,개인,염창동,강서구
,스위트드림아파트,2019,개인,,,"49,000",28,1,2026,중개거래,서울 강서구,49.36,7,1168,N,,11500,법인,화곡동,강서구
,등촌라인(조합),1997,개인,26.02.03,O,"79,700",14,1,2026,중개거래,서울 강서구,59.91,4,628-15,N,,11500,개인,등촌동,강서구
,방화메이빌,2017,개인,,,"49,000",21,1,2026,중개거래,서울 강서구,48.8686,8,902,N,,11500,개인,방화동,강서구
,동성,1995,개인,,,"120,000",28,1,2026,중개거래,서울 강서구,101.88,6,691-1,N,,11500,개인,등촌동,강서구
,동양하우징(899-4),2017,개인,,,"25,600",18,1,2026,중개거래,서울 강서구,28.25,7,899-4,N,,11500,개인,화곡동,강서구
,관음삼성,1997,개인,,,"93,500",16,1,2026,중개거래,"서울 강서구, 서울 양천구",59.96,6,268,N,,11500,개인,염창동,강서구
,마곡우림필유아파트,2003,개인,,,"88,800",28,1,2026,중개거래,"서울 강서구, 서울 마포구",74.946,3,1467,N,,11500,개인,마곡동,강서구
,부영,1994,개인,,,"104,700",28,1,2026,중개거래,서울 강서구,80.64,6,691-3,N,,11500,개인,등촌동,강서구
,태영,1999,개인,,,"112,000",9,1,2026,중개거래,"서울 강서구, 서울 양천구",114.99,1,270-1,N,,11500,개인,염창동,강서구
,한양아이클래스,2013,개인,,,"7,100",23,1,2026,직거래,,13.79,9,926-5,N,26.01.28,11500,개인,화곡동,강서구
,마곡13단지힐스테이트마스터,2017,개인,,,"165,200",28,1,2026,중개거래,서울 강서구,84.9881,7,748,N,,11500,개인,마곡동,강서구
,부영,1994,개인,,,"97,000",28,1,2026,중개거래,서울 강서구,80.64,3,691-3,N,,11500,개인,등촌동,강서구
,방화그린,1993,개인,,,"53,500",27,1,2026,중개거래,서울 강서구,49.77,9,839,N,,11500,개인,방화동,강서구
,우장산롯데캐슬,2003,개인,,,"124,500",28,1,2026,중개거래,서울 강서구,85.0,14,1145,N,,11500,개인,화곡동,강서구
,부영,1994,개인,,,"99,000",27,1,2026,중개거래,서울 강서구,80.64,3,691-3,N,,11500,개인,등촌동,강서구
,현대2,1993,개인,,,"85,000",22,1,2026,중개거래,"서울 강서구, 서울 중구",82.74,6,249-11,N,,11500,개인,염창동,강서구
,등촌동아이파크,2004,개인,,,"133,500",25,1,2026,중개거래,"서울 강서구, 서울 양천구",134.9883,14,715,N,,11500,개인,등촌동,강서구
,트윈캐슬B동(56-11),2003,개인,,,"36,500",26,1,2026,중개거래,서울 강서구,75.24,1,56-11,N,,11500,개인,화곡동,강서구
,마곡엠밸리6단지,2014,개인,,,"170,000",27,1,2026,중개거래,"서울 강서구, 서울 양천구",84.88,7,743,N,,11500,개인,마곡동,강서구
,마곡우림필유아파트,2003,개인,,,"94,500",26,1,2026,중개거래,서울 강서구,84.528,4,1467,N,,11500,개인,마곡동,강서구
,신동아,1995,개인,,,"99,500",26,1,2026,중개거래,서울 강서구,84.9,6,289,N,,11500,개인,염창동,강서구
,화곡푸르지오,2002,개인,,,"107,000",26,1,2026,중개거래,서울 양천구,84.94,6,1091,N,,11500,개인,화곡동,강서구
,태영,1998,개인,,,"74,500",26,1,2026,중개거래,서울 강서구,59.97,9,632-2,N,,11500,개인,등촌동,강서구
,방화5,1994,개인,,,"58,200",26,1,2026,중개거래,서울 강서구,49.77,1,814,N,,11500,개인,방화동,강서구
,동신대아,1993,개인,,,"165,000",26,1,2026,중개거래,서울 강서구,164.25,14,1459,N,,11500,개인,가양동,강서구
,주공5,1995,개인,,,"90,000",26,1,2026,중개거래,서울 강서구,58.14,3,695,N,,11500,개인,등촌동,강서구
,가양2단지(성지),1992,개인,,,"74,500",26,1,2026,중개거래,서울 강서구,39.6,14,1461,N,,11500,개인,가양동,강서구
,더트루엘마곡HQ,2024,개인,,,"64,600",5,1,2026,직거래,,48.3293,10,1398,N,,11500,법인,공항동,강서구
,더트루엘마곡HQ,2024,개인,,,"64,700",22,1,2026,직거래,,48.3293,13,1398,N,,11500,법인,공항동,강서구
,동아,1998,개인,,,"133,000",26,1,2026,중개거래,서울 강서구,114.84,7,292,N,,11500,개인,염창동,강서구
,동아3,1999,개인,,,"129,000",26,1,2026,중개거래,서울 강서구,59.83,17,258-1,N,,11500,개인,염창동,강서구
,가양도시개발9-2단지,1993,개인,,,"58,000",26,1,2026,중개거래,서울 강서구,34.44,6,1490,N,,11500,개인,가양동,강서구
,한사랑2삼성,1999,개인,,,"93,000",21,1,2026,중개거래,서울 강서구,84.96,16,634-2,N,,11500,개인,등촌동,강서구
,가양역두산위브,2022,개인,,,"103,000",25,1,2026,중개거래,서울 강서구,59.98,7,726,N,,11500,개인,등촌동,강서구
,강변월드메르디앙,2010,개인,,,"118,000",25,1,2026,중개거래,"서울 강서구, 서울 양천구",84.8789,15,240-1,N,,11500,개인,염창동,강서구
,마곡현대아파트,1999,개인,,,"80,000",20,1,2026,중개거래,서울 강서구,84.95,8,1171,N,,11500,개인,마곡동,강서구
,"등촌1,2단지주공아파트",1994,개인,,,"67,000",24,1,2026,중개거래,"서울 강남구, 서울 강서구",41.85,15,687,N,,11500,개인,등촌동,강서구
,마곡수명산파크7단지,2008,개인,,,"98,600",24,1,2026,중개거래,서울 강서구,84.82,2,756,N,,11500,개인,내발산동,강서구
,주공3,1995,개인,,,"96,000",24,1,2026,중개거래,서울 강서구,58.14,3,688,N,,11500,개인,등촌동,강서구
,한숲마을대림,1999,개인,,,"59,500",24,1,2026,중개거래,"서울 강서구, 서울 마포구",59.94,15,862,N,,11500,개인,방화동,강서구
,등촌동아이파크,2004,개인,,,"108,500",24,1,2026,중개거래,서울 강서구,84.9958,20,715,N,,11500,개인,등촌동,강서구
,마곡수명산파크3단지,2007,개인,,,"115,500",24,1,2026,중개거래,서울 강서구,84.53,7,751,N,,11500,개인,내발산동,강서구
,방화5,1994,개인,,,"65,000",24,1,2026,중개거래,서울 강서구,49.77,4,814,N,,11500,개인,방화동,강서구
,청솔,1994,개인,,,"44,500",24,1,2026,중개거래,서울 강서구,39.36,14,832,N,,11500,개인,방화동,강서구
,마곡수명산파크1단지,2007,개인,,,"128,000",24,1,2026,중개거래,"서울 강서구, 서울 서대문구",84.53,9,742,N,,11500,개인,내발산동,강서구
,초록,1998,개인,,,"65,000",24,1,2026,중개거래,서울 강서구,49.77,5,1139,N,,11500,개인,화곡동,강서구
,송촌,2005,개인,,,"80,300",24,1,2026,중개거래,서울 강서구,84.99,15,264-18,N,,11500,개인,염창동,강서구
,염창1차한화꿈에그린,2005,개인,,,"140,000",23,1,2026,중개거래,"서울 강서구, 서울 성동구",59.94,18,281-22,N,,11500,개인,염창동,강서구
,마곡엠밸리12단지,2016,개인,,,"170,000",24,1,2026,중개거래,서울 강서구,84.88,13,746-1,N,,11500,개인,마곡동,강서구
,가양2단지(성지),1992,개인,,,"93,000",24,1,2026,중개거래,서울 강서구,49.65,12,1461,N,,11500,개인,가양동,강서구
,부영,1994,개인,,,"103,500",24,1,2026,중개거래,서울 강서구,80.64,8,691-3,N,,11500,개인,등촌동,강서구
,한사랑2삼성,1999,개인,26.01.26,O,"93,000",21,1,2026,중개거래,서울 강서구,84.96,16,634-2,N,,11500,개인,등촌동,강서구
,서광등촌마을아파트,1999,개인,,,"94,500",23,1,2026,중개거래,서울 강서구,84.93,8,638,N,,11500,개인,등촌동,강서구
,대림e편한세상,2002,개인,,,"92,500",23,1,2026,중개거래,서울 강서구,116.41,1,561-1,N,,11500,개인,등촌동,강서구
,가양도시개발9-2단지,1993,개인,,,"85,000",23,1,2026,중개거래,서울 강서구,49.5,5,1490,N,,11500,개인,가양동,강서구
,등촌동현대2차,1997,개인,,,"75,000",23,1,2026,중개거래,서울 강서구,84.95,11,655-46,N,,11500,개인,등촌동,강서구
,주공10,1995,개인,,,"95,500",24,1,2026,중개거래,서울 강서구,58.14,8,702,N,,11500,개인,등촌동,강서구
,주공5,1995,개인,,,"89,000",23,1,2026,중개거래,서울 강서구,58.14,5,695,N,,11500,개인,등촌동,강서구
,강서힐스테이트,2015,개인,,,"141,000",13,1,2026,중개거래,서울 강서구,84.99,13,1165,N,,11500,개인,화곡동,강서구
,보람(640),2002,개인,,,"70,000",19,1,2026,중개거래,서울 강서구,58.93,8,640,N,,11500,개인,등촌동,강서구
,강서힐스테이트,2015,개인,,,"161,000",23,1,2026,중개거래,서울 강서구,128.81,4,1165,N,,11500,개인,화곡동,강서구
,우장산힐스테이트,2005,개인,,,"134,000",23,1,2026,중개거래,서울 강서구,101.87,14,657,N,,11500,개인,내발산동,강서구
,현대,1993,개인,,,"76,500",23,1,2026,중개거래,서울 강서구,84.99,6,793,N,,11500,개인,방화동,강서구
,"우장산아이파크,이편한세상",2008,개인,,,"137,500",8,1,2026,중개거래,서울 강서구,59.98,18,1159,N,,11500,개인,화곡동,강서구
,가양도시개발9-2단지,1993,개인,,,"58,500",23,1,2026,직거래,,34.44,11,1490,N,,11500,개인,가양동,강서구
,방화5,1994,개인,,,"47,800",22,1,2026,중개거래,서울 강서구,39.6,2,814,N,,11500,개인,방화동,강서구
,월드메르디앙,2002,개인,,,"77,000",22,1,2026,중개거래,서울 강서구,59.79,3,711,N,,11500,개인,등촌동,강서구
,부영,1994,개인,,,"103,000",22,1,2026,중개거래,서울 강서구,80.64,6,691-3,N,,11500,개인,등촌동,강서구
,마곡엠밸리9단지,2021,개인,,,"130,000",22,1,2026,중개거래,서울 강서구,59.89,11,744,N,,11500,개인,마곡동,강서구
,풍원팰리스,2012,개인,,,"33,000",8,1,2026,중개거래,서울 강서구,43.8,4,925-5,N,,11500,개인,화곡동,강서구
,코오롱하늘채,2003,개인,,,"93,000",22,1,2026,중개거래,서울 강서구,84.96,12,714,N,,11500,개인,등촌동,강서구
,강서한강자이,2013,개인,,,"129,000",21,1,2026,중개거래,서울 강서구,59.9382,3,1500,N,,11500,개인,가양동,강서구
,일신건영휴먼빌,2004,개인,,,"103,000",22,1,2026,중개거래,서울 강서구,84.93,12,298,N,,11500,개인,염창동,강서구
,제이월드,2001,개인,,,"49,500",22,1,2026,중개거래,서울 강서구,60.6683,4,1037-27,N,,11500,개인,화곡동,강서구
,등촌동현대2차,1997,개인,,,"67,000",22,1,2026,중개거래,서울 강서구,59.97,1,655-46,N,,11500,개인,등촌동,강서구
,마곡엠밸리7단지,2014,개인,,,"198,500",21,1,2026,중개거래,서울 강서구,84.95,8,743-4,N,,11500,개인,마곡동,강서구
,화곡푸르지오,2002,개인,,,"120,000",21,1,2026,중개거래,"서울 강남구, 서울 강서구",104.75,12,1091,N,,11500,개인,화곡동,강서구
,우장산힐스테이트,2005,개인,,,"157,000",21,1,2026,중개거래,서울 강서구,84.98,18,657,N,,11500,개인,내발산동,강서구
,일신건영휴먼빌,2004,개인,,,"102,500",21,1,2026,중개거래,서울 강서구,84.93,16,298,N,,11500,개인,염창동,강서구
,벽산늘푸른,1998,개인,,,"91,000",21,1,2026,중개거래,서울 강서구,84.94,10,290,N,,11500,개인,염창동,강서구
,한울밸리움,2020,개인,,,"36,500",21,1,2026,중개거래,서울 강서구,24.08,8,274-18,N,,11500,개인,염창동,강서구
,동일스위트리버2차,2009,개인,,,"60,500",21,1,2026,중개거래,서울 강서구,59.94,3,895,N,,11500,개인,방화동,강서구
,가양6단지,1992,개인,,,"103,000",21,1,2026,중개거래,서울 강서구,58.65,8,1485,N,,11500,개인,가양동,강서구
,동성,1995,개인,,,"120,000",21,1,2026,중개거래,서울 강서구,134.94,13,691-1,N,,11500,개인,등촌동,강서구
,동아3,1999,개인,,,"107,500",9,1,2026,중개거래,서울 강서구,59.83,14,258-1,N,,11500,개인,염창동,강서구
,마곡13단지힐스테이트마스터,2017,개인,,,"149,000",21,1,2026,중개거래,"서울 강서구, 서울 영등포구",59.9825,9,748,N,,11500,개인,마곡동,강서구
,마곡루나플라체,2021,개인,,,"25,000",21,1,2026,중개거래,서울 강서구,22.05,3,725,N,,11500,법인,등촌동,강서구
,우성2,1992,개인,,,"102,000",21,1,2026,중개거래,서울 강서구,84.7,7,287-1,N,,11500,개인,염창동,강서구
,마곡엠밸리1단지,2014,개인,,,"142,500",21,1,2026,중개거래,서울 강서구,84.92,4,734,N,,11500,개인,마곡동,강서구
,대림,1995,개인,,,"127,000",21,1,2026,중개거래,서울 강서구,89.975,8,694,N,,11500,개인,등촌동,강서구
,방화그린,1993,개인,,,"51,800",2,1,2026,중개거래,서울 강서구,49.77,4,839,N,,11500,개인,방화동,강서구
,가양2단지(성지),1992,개인,,,"66,000",21,1,2026,중개거래,서울 강서구,34.44,8,1461,N,,11500,개인,가양동,강서구
,서광등촌마을아파트,1999,개인,,,"88,000",21,1,2026,중개거래,서울 강서구,59.67,2,638,N,,11500,개인,등촌동,강서구
,장미,1994,개인,,,"43,500",16,1,2026,중개거래,서울 강서구,39.96,5,841,N,,11500,개인,방화동,강서구
,마곡청구아파트,1998,개인,,,"72,800",19,1,2026,중개거래,서울 강서구,59.91,7,1181,N,,11500,개인,마곡동,강서구
,우장산에스케이뷰,2006,개인,,,"94,000",15,1,2026,중개거래,"서울 강서구, 서울 양천구",84.97,11,1158,N,,11500,개인,화곡동,강서구
,빛고을우방,1999,개인,,,"76,400",16,1,2026,중개거래,서울 강서구,59.97,4,448-9,N,,11500,개인,가양동,강서구
,동아,1998,개인,,,"124,000",20,1,2026,중개거래,서울 강서구,114.84,5,292,N,,11500,개인,염창동,강서구
,등촌동아이파크,2004,개인,,,"120,000",20,1,2026,직거래,,84.9958,16,715,N,,11500,개인,등촌동,강서구
,등촌동아이파크,2004,개인,,,"119,000",20,1,2026,중개거래,서울 강서구,84.9958,7,715,N,,11500,개인,등촌동,강서구
,대림,1999,개인,,,"104,000",20,1,2026,중개거래,서울 강서구,84.87,8,262-2,N,,11500,개인,염창동,강서구
,화곡동복지,1974,개인,,,"31,000",8,1,2026,중개거래,서울 강서구,53.94,4,354-54,N,,11500,개인,화곡동,강서구
,"등촌7,8단지주공아파트",1994,개인,,,"60,000",20,1,2026,중개거래,서울 강서구,41.85,1,707,N,,11500,개인,등촌동,강서구
,제일(코오롱),1999,개인,,,"70,800",20,1,2026,중개거래,서울 강서구,59.95,14,642,N,,11500,개인,등촌동,강서구
,성원,2001,개인,,,"93,000",20,1,2026,중개거래,"서울 강남구, 서울 강서구",59.91,9,295,N,,11500,개인,염창동,강서구
,우장산힐스테이트,2005,개인,,,"120,000",5,1,2026,중개거래,서울 강서구,59.98,1,657,N,,11500,개인,내발산동,강서구
,우장산숲아이파크,2022,개인,,,"145,000",20,1,2026,중개거래,서울 강서구,84.9771,12,1173,N,,11500,개인,화곡동,강서구
,동부센트레빌,2003,개인,,,"65,000",16,1,2026,중개거래,서울 강서구,59.97,7,870,N,,11500,개인,방화동,강서구
,우장산힐스테이트,2005,개인,,,"142,000",20,1,2026,중개거래,서울 강서구,84.98,2,657,N,,11500,개인,내발산동,강서구
501,주공5,1995,개인,,,"92,000",20,1,2026,중개거래,서울 강서구,58.14,4,695,N,26.02.06,11500,개인,등촌동,강서구
,현대1,1994,개인,,,"91,000",19,1,2026,중개거래,서울 강서구,84.34,1,288,N,,11500,개인,염창동,강서구
,탑건진선미,2005,개인,,,"62,400",19,1,2026,중개거래,서울 강서구,69.33,5,1155,N,,11500,개인,화곡동,강서구
,대림,1995,개인,,,"116,600",20,1,2026,중개거래,서울 강서구,123.72,1,694,N,,11500,개인,등촌동,강서구
,장미,1994,개인,,,"39,500",16,1,2026,중개거래,서울 강서구,39.96,1,841,N,,11500,개인,방화동,강서구
,신동아,1995,개인,26.02.12,O,"84,500",19,1,2026,중개거래,서울 강서구,59.82,13,289,N,,11500,개인,염창동,강서구
,동아,1998,개인,,,"93,000",19,1,2026,중개거래,서울 성동구,59.97,16,292,N,,11500,개인,염창동,강서구
,강서힐스테이트,2015,개인,,,"173,500",17,1,2026,중개거래,서울 강서구,152.1,9,1165,N,,11500,개인,화곡동,강서구
,우장산숲아이파크,2022,개인,,,"139,000",19,1,2026,중개거래,서울 강서구,84.9854,3,1173,N,,11500,개인,화곡동,강서구
,서림골드,2002,개인,,,"51,000",7,1,2026,중개거래,서울 강서구,93.84,1,111-149,N,,11500,개인,화곡동,강서구
,한사랑2삼성,1999,개인,,,"83,600",19,1,2026,중개거래,서울 강서구,59.85,13,634-2,N,,11500,개인,등촌동,강서구
,마곡일성트루엘아파트,2013,개인,,,"96,000",19,1,2026,중개거래,서울 강서구,84.958,7,1535,N,,11500,개인,마곡동,강서구
,삼성하나로,1994,개인,,,"84,900",16,1,2026,중개거래,서울 강서구,84.78,10,248-3,N,,11500,개인,염창동,강서구
,우장산동문디이스트,2023,개인,,,"88,000",15,1,2026,중개거래,서울 강서구,74.03,2,765,N,,11500,개인,내발산동,강서구
,장미,1994,개인,,,"53,000",19,1,2026,중개거래,서울 강서구,49.2,5,841,N,,11500,개인,방화동,강서구
,청솔,1994,개인,,,"67,500",16,1,2026,중개거래,서울 강서구,59.04,6,832,N,,11500,개인,방화동,강서구
,방화그린,1993,개인,,,"42,000",2,1,2026,중개거래,서울 강서구,39.76,14,839,N,,11500,개인,방화동,강서구
,태진한솔,1994,개인,,,"86,000",18,1,2026,중개거래,서울 강서구,58.87,12,263,N,,11500,개인,염창동,강서구
,등촌동아이파크,2004,개인,,,"105,000",17,1,2026,중개거래,서울 강서구,84.7556,14,715,N,,11500,개인,등촌동,강서구
,신안,1993,개인,,,"87,000",17,1,2026,중개거래,서울 강서구,59.98,7,422,N,,11500,개인,마곡동,강서구
,마곡엠밸리9단지,2021,개인,,,"141,500",17,1,2026,중개거래,서울 강서구,59.82,13,744,N,,11500,개인,마곡동,강서구
,가양2단지(성지),1992,개인,,,"71,500",17,1,2026,중개거래,"서울 강서구, 서울 마포구",39.6,6,1461,N,,11500,개인,가양동,강서구
,마곡수명산파크3단지,2007,개인,,,"117,000",17,1,2026,중개거래,서울 강서구,84.53,13,751,N,,11500,개인,내발산동,강서구
,마곡수명산파크2단지,2007,개인,,,"127,000",17,1,2026,중개거래,서울 강서구,84.75,4,741,N,,11500,개인,내발산동,강서구
,마곡수명산파크5단지,2008,개인,,,"106,500",17,1,2026,중개거래,서울 강서구,59.84,7,749,N,,11500,개인,내발산동,강서구
,강서힐스테이트,2015,개인,,,"145,500",17,1,2026,중개거래,서울 강서구,128.81,2,1165,N,,11500,개인,화곡동,강서구
,한진로즈힐,2004,개인,,,"78,000",17,1,2026,중개거래,"서울 강서구, 서울 영등포구",84.93,2,579,N,,11500,개인,방화동,강서구
,강변,1992,개인,,,"77,000",16,1,2026,중개거래,서울 강서구,39.6,15,1475,N,,11500,개인,가양동,강서구
,마곡13단지힐스테이트마스터,2017,개인,,,"145,000",17,1,2026,중개거래,서울 강서구,59.9825,10,748,N,,11500,개인,마곡동,강서구
,우장산힐스테이트,2005,개인,,,"141,500",16,1,2026,중개거래,서울 강서구,59.98,8,657,N,,11500,개인,내발산동,강서구
,한보구암마을,1999,개인,,,"80,000",16,1,2026,중개거래,서울 강서구,59.85,11,1495,N,,11500,개인,가양동,강서구
,탑건진선미,2005,개인,,,"60,000",16,1,2026,중개거래,서울 강서구,84.85,1,1155,N,,11500,개인,화곡동,강서구
,한솔솔파크,2005,개인,,,"115,000",16,1,2026,중개거래,서울 강서구,84.87,5,716,N,,11500,개인,마곡동,강서구
,대동황토방,2000,개인,,,"105,000",16,1,2026,중개거래,서울 강서구,84.95,6,631-9,N,,11500,개인,등촌동,강서구
,제일(코오롱),1999,개인,,,"68,500",10,1,2026,중개거래,서울 강서구,59.95,7,642,N,,11500,개인,등촌동,강서구
,우림루미아트아파트,2003,개인,,,"63,500",16,1,2026,중개거래,서울 강서구,76.36,5,1144,N,,11500,개인,화곡동,강서구
,마곡엠밸리6단지,2014,개인,,,"168,000",16,1,2026,중개거래,서울 강서구,84.88,6,743,N,,11500,개인,마곡동,강서구
101,극동,2000,개인,,,"98,500",16,1,2026,중개거래,서울 강서구,85.0,7,246-23,N,26.02.09,11500,개인,염창동,강서구
,제일(코오롱),1999,개인,,,"86,000",5,1,2026,중개거래,서울 강서구,84.83,3,642,N,,11500,개인,등촌동,강서구
101,방화3차우림필유,2005,개인,,,"67,500",4,1,2026,중개거래,서울 강서구,83.35,2,546-1,N,26.02.10,11500,개인,방화동,강서구
,태진한솔,1994,개인,,,"89,000",16,1,2026,중개거래,서울 강서구,58.87,12,263,N,,11500,개인,염창동,강서구
,성재센트리움아파트,2017,개인,,,"21,700",7,1,2026,중개거래,서울 강서구,26.84,8,143-11,N,26.01.19,11500,개인,화곡동,강서구
,마곡삼성아파트,1998,개인,,,"67,800",12,1,2026,중개거래,서울 강서구,59.95,15,1478,N,,11500,개인,마곡동,강서구
,화곡푸르지오,2002,개인,,,"114,000",15,1,2026,중개거래,서울 강서구,129.204,6,1091,N,,11500,개인,화곡동,강서구
,강서힐스테이트,2015,개인,,,"145,000",16,1,2026,중개거래,서울 강서구,84.99,5,1165,N,,11500,개인,화곡동,강서구
,그랜드아이파크,2010,개인,,,"90,000",16,1,2026,중개거래,서울 강서구,112.46,6,1095,N,,11500,개인,화곡동,강서구
,방화동진로아파트,1994,개인,,,"66,000",15,1,2026,중개거래,서울 강서구,84.96,9,804,N,,11500,개인,방화동,강서구
,청솔,1994,개인,,,"65,000",16,1,2026,중개거래,서울 강서구,59.04,8,832,N,,11500,개인,방화동,강서구
,한보구암마을,1999,개인,,,"79,500",15,1,2026,중개거래,서울 강서구,59.58,7,1495,N,,11500,개인,가양동,강서구
,초록,1998,개인,,,"97,000",15,1,2026,중개거래,"서울 강남구, 서울 강서구",84.07,11,1139,N,,11500,개인,화곡동,강서구
,강변,1992,개인,,,"60,000",15,1,2026,중개거래,서울 강서구,34.44,1,1475,N,,11500,개인,가양동,강서구
,주공3,1995,개인,,,"95,000",15,1,2026,중개거래,서울 강서구,58.14,14,688,N,,11500,개인,등촌동,강서구
,등촌라인(조합),1997,개인,26.01.28,O,"79,700",14,1,2026,중개거래,서울 강서구,59.91,4,628-15,N,,11500,개인,등촌동,강서구
,화곡보람,2004,개인,,,"72,000",10,1,2026,중개거래,서울 강서구,59.24,5,1149,N,,11500,개인,화곡동,강서구
,NS파크APT,2018,개인,,,"25,500",10,1,2026,중개거래,서울 강서구,29.93,6,1076-9,N,,11500,개인,화곡동,강서구
,마곡서광(치현마을),1998,개인,,,"55,000",14,1,2026,중개거래,서울 강서구,84.93,14,860,N,,11500,개인,방화동,강서구
,e편한세상염창,2019,개인,,,"90,000",15,1,2026,중개거래,"서울 강서구, 서울 마포구",55.0323,6,309,N,,11500,개인,염창동,강서구
,마곡엠밸리7단지,2014,개인,,,"230,000",14,1,2026,중개거래,서울 강서구,114.86,5,743-4,N,,11500,개인,마곡동,강서구
,대림경동아파트,1993,개인,,,"142,000",14,1,2026,중개거래,서울 강서구,131.4,14,1474,N,,11500,개인,가양동,강서구
,염창3우성,1993,개인,,,"93,000",14,1,2026,중개거래,서울 강서구,84.96,10,272-28,N,,11500,개인,염창동,강서구
,그랜드아이파크,2010,개인,,,"87,000",14,1,2026,중개거래,서울 강서구,112.46,10,1095,N,,11500,개인,화곡동,강서구
,태영,1998,개인,,,"73,500",14,1,2026,중개거래,"서울 강서구, 서울 구로구",59.97,9,632-2,N,,11500,개인,등촌동,강서구
,마곡엠벨리(14단지),2014,개인,,,"172,500",14,1,2026,중개거래,서울 강서구,84.86,11,750,N,,11500,개인,마곡동,강서구
,화곡보람,2004,개인,,,"81,700",10,1,2026,중개거래,서울 강서구,84.51,11,1149,N,,11500,개인,화곡동,강서구
,청솔,1994,개인,,,"46,900",9,1,2026,중개거래,서울 강서구,39.36,9,832,N,,11500,개인,방화동,강서구
,대림e편한세상,1992,개인,,,"79,000",13,1,2026,중개거래,서울 강서구,110.26,2,361-1,N,,11500,개인,화곡동,강서구
,삼백,1999,개인,,,"31,500",14,1,2026,중개거래,서울 강서구,65.88,3,915-16,N,,11500,개인,화곡동,강서구
,마곡13단지힐스테이트마스터,2017,개인,,,"138,800",14,1,2026,중개거래,서울 강서구,59.9855,2,748,N,,11500,개인,마곡동,강서구
,마곡수명산파크7단지,2008,개인,,,"95,500",14,1,2026,중개거래,서울 강서구,84.53,9,756,N,,11500,개인,내발산동,강서구
,가양2단지(성지),1992,개인,,,"85,000",12,1,2026,중개거래,서울 강서구,49.56,11,1461,N,,11500,개인,가양동,강서구
,가양6단지,1992,개인,,,"99,000",14,1,2026,중개거래,서울 강서구,49.5,15,1485,N,,11500,개인,가양동,강서구
,마곡엠밸리6단지,2014,개인,,,"164,000",10,1,2026,중개거래,서울 강서구,84.99,3,743,N,,11500,개인,마곡동,강서구
,마곡13단지힐스테이트마스터,2017,개인,,,"143,500",9,1,2026,중개거래,서울 강서구,59.9825,8,748,N,,11500,개인,마곡동,강서구
,마곡보타닉경남아너스빌,2005,개인,,,"77,000",13,1,2026,중개거래,서울 강서구,59.7672,13,1252,N,,11500,개인,마곡동,강서구
103동,신마곡벽산블루밍,2020,개인,,,"82,750",13,1,2026,중개거래,서울 강서구,59.9313,14,904,N,26.02.05,11500,개인,방화동,강서구
,마곡엠밸리6단지,2014,개인,,,"194,000",12,1,2026,중개거래,"서울 강서구, 서울 광진구",114.98,5,743,N,,11500,개인,마곡동,강서구
,신안네트빌2단지,2002,개인,,,"59,000",10,1,2026,중개거래,서울 강서구,57.1659,3,869,N,,11500,개인,방화동,강서구
,주공5,1995,개인,,,"90,500",13,1,2026,중개거래,서울 강서구,58.14,7,695,N,,11500,개인,등촌동,강서구
,신안,1993,개인,,,"85,500",13,1,2026,중개거래,서울 강서구,59.98,2,422,N,,11500,개인,마곡동,강서구
,신송타워,1997,개인,,,"54,000",9,1,2026,중개거래,서울 강서구,84.96,3,662-3,N,,11500,개인,등촌동,강서구
,우장산숲아이파크,2022,개인,,,"126,000",10,1,2026,중개거래,서울 강서구,59.9983,3,1173,N,,11500,개인,화곡동,강서구
,장미,1994,개인,,,"55,000",12,1,2026,중개거래,"서울 강서구, 서울 동대문구",49.2,12,841,N,,11500,개인,방화동,강서구
,가양역두산위브,2022,개인,,,"87,800",10,1,2026,중개거래,서울 강서구,50.09,17,726,N,,11500,개인,등촌동,강서구
,마곡서광(치현마을),1998,개인,,,"60,000",12,1,2026,중개거래,서울 강서구,84.93,11,860,N,,11500,개인,방화동,강서구
,이너스5차동진,2007,개인,,,"72,500",12,1,2026,중개거래,서울 강서구,69.76,6,304,N,,11500,개인,염창동,강서구
102,한진로즈힐,2004,개인,,,"72,000",9,1,2026,중개거래,서울 강서구,84.93,1,579,N,26.02.06,11500,개인,방화동,강서구
,현대,1995,개인,,,"80,800",10,1,2026,중개거래,서울 강서구,84.62,13,655-27,N,,11500,개인,등촌동,강서구
,주공10,1995,개인,,,"90,000",12,1,2026,중개거래,서울 강서구,58.14,8,702,N,,11500,개인,등촌동,강서구
,강서힐스테이트,2015,개인,,,"139,000",12,1,2026,중개거래,"서울 강남구, 서울 강서구",59.99,13,1165,N,,11500,개인,화곡동,강서구
,마곡엠밸리9단지,2021,개인,,,"128,000",12,1,2026,중개거래,서울 강서구,59.86,3,744,N,,11500,개인,마곡동,강서구
,강변,1992,개인,,,"76,000",12,1,2026,중개거래,서울 강서구,39.6,14,1475,N,,11500,개인,가양동,강서구
,등촌파밀리에더클래식101동,2020,개인,,,"68,500",7,1,2026,중개거래,서울 강서구,49.77,7,722,N,,11500,개인,등촌동,강서구
,염창1차한화꿈에그린,2005,개인,,,"133,100",10,1,2026,중개거래,서울 강서구,84.93,13,281-22,N,,11500,개인,염창동,강서구
,마곡중앙하이츠아파트,1994,개인,,,"45,000",10,1,2026,중개거래,"서울 강남구, 서울 강서구",39.58,14,852,N,,11500,개인,방화동,강서구
,가양6단지,1992,개인,,,"105,000",10,1,2026,중개거래,서울 강서구,58.65,7,1485,N,,11500,개인,가양동,강서구
,마곡수명산파크1단지,2007,개인,,,"124,000",10,1,2026,중개거래,서울 강서구,84.82,6,742,N,,11500,개인,내발산동,강서구
,제일(코오롱),1999,개인,,,"66,000",10,1,2026,중개거래,서울 강서구,59.99,5,642,N,,11500,개인,등촌동,강서구
,마곡13단지힐스테이트마스터,2017,개인,,,"168,500",10,1,2026,중개거래,서울 강서구,84.9805,9,748,N,,11500,개인,마곡동,강서구
,한솔솔파크,2005,개인,,,"100,000",10,1,2026,중개거래,서울 강서구,59.81,8,716,N,,11500,개인,마곡동,강서구
,대림,1999,개인,,,"104,500",10,1,2026,중개거래,서울 강서구,93.3,11,262-2,N,,11500,개인,염창동,강서구
,강서힐스테이트,2015,개인,,,"145,000",9,1,2026,중개거래,서울 강서구,84.99,3,1165,N,,11500,개인,화곡동,강서구
,가양1차보람더하임,2006,개인,,,"75,000",10,1,2026,중개거래,서울 강서구,59.96,7,1497,N,,11500,개인,가양동,강서구
,"등촌7,8단지주공아파트",1994,개인,,,"64,500",10,1,2026,중개거래,서울 강서구,41.85,14,707,N,,11500,개인,등촌동,강서구
,주공3,1995,개인,,,"80,500",10,1,2026,중개거래,서울 강서구,58.14,1,688,N,,11500,개인,등촌동,강서구
,강서힐스테이트,2015,개인,,,"151,500",10,1,2026,중개거래,서울 강서구,128.81,2,1165,N,,11500,개인,화곡동,강서구
,한울에이치밸리움A동,2019,개인,,,"26,500",3,1,2026,중개거래,"서울 강남구, 서울 강서구",20.92,10,1065-4,N,,11500,개인,화곡동,강서구
,염창1차한화꿈에그린,2005,개인,,,"139,500",9,1,2026,중개거래,"서울 강서구, 서울 마포구",67.43,15,281-22,N,,11500,개인,염창동,강서구
,"진로,미주아파트",1994,개인,,,"94,800",9,1,2026,중개거래,"서울 강서구, 서울 마포구",84.96,7,701,N,,11500,개인,등촌동,강서구
,"등촌7,8단지주공아파트",1994,개인,,,"64,500",9,1,2026,중개거래,서울 강서구,41.85,8,707,N,,11500,개인,등촌동,강서구
,강변,1992,개인,,,"66,500",9,1,2026,중개거래,서울 강서구,34.44,7,1475,N,,11500,개인,가양동,강서구
,"등촌7,8단지주공아파트",1994,개인,,,"69,000",9,1,2026,중개거래,"서울 강남구, 서울 강서구",41.85,9,707,N,,11500,개인,등촌동,강서구
106,대림경동아파트,1993,개인,,,"141,000",9,1,2026,중개거래,서울 강서구,131.4,14,1474,N,26.02.09,11500,개인,가양동,강서구
,강서힐스테이트,2015,개인,,,"133,500",9,1,2026,중개거래,서울 강서구,84.99,1,1165,N,,11500,개인,화곡동,강서구
,중앙화곡하이츠,1988,개인,,,"42,700",9,1,2026,중개거래,"서울 강남구, 서울 강서구",56.88,3,351-89,N,,11500,개인,화곡동,강서구
,화곡동복지,1974,개인,26.01.20,O,"31,000",8,1,2026,중개거래,서울 강서구,53.94,4,354-54,N,,11500,개인,화곡동,강서구
,동아,1998,개인,,,"113,700",6,1,2026,중개거래,서울 강서구,84.95,13,292,N,,11500,개인,염창동,강서구
,AndPra레지던스,2013,개인,,,"9,500",5,1,2026,중개거래,서울 강서구,15.26,11,918-25,N,26.01.12,11500,개인,화곡동,강서구
,강변,1992,개인,,,"74,500",8,1,2026,중개거래,"경기 고양시 일산서구, 서울 강서구",39.6,5,1475,N,,11500,개인,가양동,강서구
,명지해드는터,2005,개인,,,"60,000",6,1,2026,직거래,,84.39,2,473-4,N,,11500,개인,화곡동,강서구
,나성,2003,개인,,,"63,800",8,1,2026,중개거래,서울 강서구,59.826,10,635-6,N,,11500,개인,등촌동,강서구
129,강서힐스테이트,2015,개인,,,"124,500",8,1,2026,중개거래,서울 강서구,59.99,1,1165,N,26.02.10,11500,개인,화곡동,강서구
,"등촌1,2단지주공아파트",1994,개인,,,"69,000",3,1,2026,중개거래,서울 강서구,41.85,11,687,N,,11500,개인,등촌동,강서구
제2,신동아,1995,개인,,,"74,500",5,1,2026,중개거래,서울 강서구,84.81,10,796,N,26.02.05,11500,개인,방화동,강서구
,동아3,1999,개인,,,"126,000",8,1,2026,중개거래,서울 강서구,84.87,5,258-1,N,,11500,개인,염창동,강서구
,태창네스트힐,2004,개인,,,"62,000",8,1,2026,중개거래,서울 강서구,82.35,7,1146,N,,11500,개인,화곡동,강서구
,동아,1998,개인,,,"88,500",6,1,2026,중개거래,서울 강서구,59.97,11,292,N,,11500,개인,염창동,강서구
,금호타운,1999,개인,,,"90,000",2,1,2026,중개거래,서울 강서구,84.84,3,240-32,N,,11500,개인,염창동,강서구
,관음삼성,1997,개인,,,"97,000",7,1,2026,중개거래,서울 강서구,59.96,20,268,N,,11500,개인,염창동,강서구
,화곡푸르지오,2002,개인,,,"106,500",7,1,2026,중개거래,서울 강서구,84.914,2,1091,N,,11500,개인,화곡동,강서구
,마곡수명산파크7단지,2008,개인,,,"96,000",7,1,2026,중개거래,서울 강서구,84.53,6,756,N,,11500,개인,내발산동,강서구
,공항동부센트레빌,2009,개인,,,"75,000",7,1,2026,중개거래,"서울 강서구, 서울 마포구",59.96,8,1374,N,,11500,개인,공항동,강서구
,마곡13단지힐스테이트마스터,2017,개인,,,"167,000",6,1,2026,중개거래,서울 강서구,84.9805,10,748,N,,11500,개인,마곡동,강서구
,마곡엠밸리5단지,2014,개인,,,"137,000",7,1,2026,중개거래,서울 강서구,84.92,1,740,N,,11500,개인,마곡동,강서구
,우장산월드메르디앙,2005,개인,,,"83,750",6,1,2026,중개거래,서울 강서구,84.4476,6,734,N,,11500,개인,내발산동,강서구
,우장산힐스테이트,2005,개인,,,"148,000",7,1,2026,중개거래,"경기 고양시 덕양구, 서울 강서구",84.98,4,657,N,,11500,개인,내발산동,강서구
,강서힐스테이트,2015,개인,,,"165,000",7,1,2026,중개거래,서울 강서구,128.81,15,1165,N,,11500,개인,화곡동,강서구
,가양6단지,1992,개인,,,"82,500",6,1,2026,중개거래,서울 강서구,39.6,10,1485,N,,11500,개인,가양동,강서구
,주공3,1995,개인,,,"95,000",6,1,2026,중개거래,서울 강서구,58.14,6,688,N,,11500,개인,등촌동,강서구
,등촌라인(조합),1997,개인,,,"82,000",6,1,2026,중개거래,서울 강서구,59.91,6,628-15,N,,11500,개인,등촌동,강서구
,대림,1995,개인,,,"117,500",6,1,2026,중개거래,서울 강서구,123.72,1,694,N,,11500,개인,등촌동,강서구
,강서아이파크,2005,개인,,,"71,000",6,1,2026,중개거래,서울 강서구,83.077,4,980-21,N,,11500,개인,화곡동,강서구
,e편한세상염창,2019,개인,,,"156,000",6,1,2026,중개거래,서울 강서구,84.6352,6,309,N,,11500,개인,염창동,강서구
,주공3,1995,개인,,,"89,000",6,1,2026,중개거래,서울 강서구,58.14,2,688,N,,11500,개인,등촌동,강서구
108,벽산,1999,개인,,,"81,900",6,1,2026,중개거래,서울 강서구,59.98,17,429,N,26.02.11,11500,개인,마곡동,강서구
,마곡13단지힐스테이트마스터,2017,개인,,,"142,000",5,1,2026,중개거래,서울 강서구,59.9825,16,748,N,,11500,개인,마곡동,강서구
,태영,1999,개인,,,"80,000",5,1,2026,중개거래,서울 강서구,59.97,15,270-1,N,,11500,개인,염창동,강서구
,마곡엠밸리5단지,2014,개인,,,"174,000",5,1,2026,중개거래,서울 강서구,114.98,5,740,N,,11500,개인,마곡동,강서구
,벽산,1999,개인,,,"78,000",5,1,2026,중개거래,서울 강서구,59.98,9,429,N,,11500,개인,마곡동,강서구
,장미,1994,개인,,,"44,500",3,1,2026,중개거래,서울 강서구,39.96,8,841,N,,11500,개인,방화동,강서구
102,벽산늘푸른,1998,개인,,,"70,800",4,1,2026,중개거래,서울 강서구,59.97,13,290,N,26.02.12,11500,개인,염창동,강서구
,방화3차우림필유,2005,개인,26.01.16,O,"67,500",4,1,2026,중개거래,서울 강서구,83.35,2,546-1,N,,11500,개인,방화동,강서구
,우장산힐스테이트,2005,개인,,,"134,000",3,1,2026,중개거래,서울 강서구,59.98,17,657,N,,11500,개인,내발산동,강서구
,강변월드메르디앙,2010,개인,,,"133,500",3,1,2026,중개거래,서울 강서구,103.0197,8,240-1,N,,11500,개인,염창동,강서구
,한솔솔파크,2005,개인,,,"113,500",3,1,2026,중개거래,서울 강서구,84.87,9,716,N,,11500,개인,마곡동,강서구
,부영,1994,개인,,,"97,000",3,1,2026,중개거래,서울 강서구,80.64,4,691-3,N,,11500,개인,등촌동,강서구
,금호타운,1999,개인,,,"87,000",3,1,2026,중개거래,서울 강서구,59.88,15,240-32,N,,11500,개인,염창동,강서구
,강변코아루,2007,개인,,,"100,000",2,1,2026,중개거래,서울 강서구,84.77,2,303,N,,11500,개인,염창동,강서구
,태영,1999,개인,,,"79,000",1,1,2026,중개거래,서울 강서구,59.97,10,270-1,N,,11500,개인,염창동,강서구
,부영,1994,개인,,,"85,000",19,2,2026,직거래,,80.64,2,691-3,N,,11500,개인,등촌동,강서구
,더트루엘마곡HQ,2024,개인,,,"64,900",20,2,2026,직거래,,48.3293,9,1398,N,,11500,법인,공항동,강서구
,효성A(923-17),2002,개인,,,"14,000",16,2,2026,직거래,,50.22,4,923-17,N,,11500,개인,화곡동,강서구
,초록,1998,개인,,,"95,000",14,2,2026,직거래,,84.07,2,1139,N,,11500,개인,화곡동,강서구
,이너스양화6차,2009,개인,,,"80,500",11,2,2026,중개거래,서울 강서구,84.75,6,250-3,N,,11500,개인,염창동,강서구
,굿이모션(1103-3),2004,개인,,,"43,900",3,2,2026,중개거래,"서울 마포구, 서울 은평구",77.76,3,1103-3,N,,11500,개인,화곡동,강서구
,신동아,1995,개인,,,"76,500",10,2,2026,중개거래,서울 강서구,84.81,7,796,N,,11500,개인,방화동,강서구
,이너스내안에201동,2006,개인,,,"84,000",10,2,2026,중개거래,서울 강서구,84.72,5,245-1,N,,11500,개인,염창동,강서구
,초록,1998,개인,,,"82,000",10,2,2026,중개거래,서울 강서구,59.34,10,1139,N,,11500,개인,화곡동,강서구
,한숲마을대림,1999,개인,,,"68,700",10,2,2026,중개거래,서울 강서구,84.83,3,862,N,,11500,개인,방화동,강서구
,방화5,1994,개인,,,"51,500",6,2,2026,중개거래,서울 강서구,39.6,11,814,N,,11500,개인,방화동,강서구
,장미,1994,개인,,,"47,000",5,2,2026,중개거래,서울 강서구,39.96,9,841,N,,11500,개인,방화동,강서구
,방화그린,1993,개인,,,"58,000",8,2,2026,중개거래,서울 강서구,49.77,9,839,N,,11500,개인,방화동,강서구
,마곡수명산파크3단지,2007,개인,,,"118,000",5,2,2026,중개거래,서울 강서구,84.53,13,751,N,,11500,개인,내발산동,강서구
,마곡13단지힐스테이트마스터,2017,개인,,,"164,000",6,2,2026,중개거래,"서울 강서구, 서울 서대문구",84.9805,3,748,N,,11500,개인,마곡동,강서구
,가양역두산위브,2022,개인,,,"118,000",9,2,2026,중개거래,"경기 성남시 분당구, 서울 강서구",84.74,10,726,N,,11500,개인,등촌동,강서구
,임광,2000,개인,,,"86,000",6,2,2026,중개거래,서울 양천구,84.91,14,562-5,N,,11500,개인,등촌동,강서구
,마곡우림필유아파트,2003,개인,,,"90,500",7,2,2026,중개거래,서울 강서구,84.528,5,1467,N,,11500,개인,마곡동,강서구
,화곡푸르지오,2002,개인,,,"106,500",3,2,2026,중개거래,서울 강서구,84.94,1,1091,N,,11500,개인,화곡동,강서구
,방화5,1994,개인,,,"49,500",8,2,2026,중개거래,서울 동대문구,39.6,10,814,N,,11500,개인,방화동,강서구
,화곡푸르지오,2002,개인,,,"104,500",7,2,2026,중개거래,서울 강서구,84.914,1,1091,N,,11500,개인,화곡동,강서구
,마곡청구아파트,1998,개인,,,"70,000",7,2,2026,중개거래,서울 강서구,59.91,10,1181,N,,11500,개인,마곡동,강서구
,"우장산아이파크,이편한세상",2008,개인,26.02.20,O,"155,000",7,2,2026,중개거래,서울 강서구,84.97,10,1159,N,,11500,개인,화곡동,강서구
,우장산힐스테이트,2005,개인,,,"160,000",7,2,2026,중개거래,서울 강서구,84.98,5,657,N,,11500,개인,내발산동,강서구
,관음삼성,1997,개인,,,"98,900",7,2,2026,중개거래,서울 강서구,59.96,8,268,N,,11500,개인,염창동,강서구
,강변,1992,개인,,,"73,500",3,2,2026,중개거래,서울 강서구,39.6,5,1475,N,,11500,개인,가양동,강서구
,우장산힐스테이트,2005,개인,,,"162,000",7,2,2026,중개거래,서울 강서구,84.98,8,657,N,,11500,개인,내발산동,강서구
,염창1차보람더하임,2008,개인,,,"140,000",7,2,2026,중개거래,서울 강서구,116.92,9,305,N,,11500,개인,염창동,강서구
,극동,2000,개인,,,"103,000",7,2,2026,중개거래,서울 강서구,104.15,4,246-23,N,,11500,개인,염창동,강서구
,마곡중앙하이츠아파트,1994,개인,,,"38,000",7,2,2026,중개거래,서울 강서구,39.58,1,852,N,,11500,개인,방화동,강서구
,강서월드메르디앙,2006,개인,,,"94,000",6,2,2026,중개거래,서울 강서구,84.8945,5,659-1,N,,11500,개인,내발산동,강서구
,삼성한마음,1995,개인,,,"86,000",5,2,2026,중개거래,서울 강서구,84.87,1,244-2,N,,11500,개인,염창동,강서구
,강변,1992,개인,,,"63,000",4,2,2026,중개거래,서울 강서구,34.44,3,1475,N,,11500,개인,가양동,강서구
,장미,1994,개인,,,"57,500",6,2,2026,중개거래,서울 강서구,49.2,11,841,N,,11500,개인,방화동,강서구
,초록,1998,개인,,,"81,000",7,2,2026,중개거래,서울 강서구,59.34,3,1139,N,,11500,개인,화곡동,강서구
,더트루엘마곡HQ,2024,개인,,,"64,700",2,2,2026,직거래,,48.3293,12,1398,N,,11500,법인,공항동,강서구
,AndPra레지던스,2013,개인,,,"10,000",6,2,2026,중개거래,서울 강서구,15.26,11,918-25,N,26.02.09,11500,개인,화곡동,강서구
,마곡힐스테이트,2017,개인,,,"170,000",6,2,2026,중개거래,서울 강서구,84.89,11,1589,N,,11500,개인,마곡동,강서구
,방화5,1994,개인,,,"49,200",6,2,2026,중개거래,서울 강서구,39.6,8,814,N,,11500,개인,방화동,강서구
,방화5,1994,개인,,,"51,500",6,2,2026,중개거래,서울 강서구,39.6,9,814,N,,11500,개인,방화동,강서구
,송촌,2005,개인,,,"87,000",5,2,2026,중개거래,서울 강서구,84.99,9,264-18,N,,11500,개인,염창동,강서구
,마곡태승훼미리아파트,2005,개인,,,"71,000",5,2,2026,중개거래,서울 강서구,84.08,4,1454,N,,11500,개인,마곡동,강서구
,신안네트빌1단지,2002,개인,,,"69,300",5,2,2026,중개거래,서울 강서구,84.0164,1,868,N,,11500,개인,방화동,강서구
,한진로즈힐,2004,개인,,,"70,000",5,2,2026,중개거래,서울 강서구,84.93,3,579,N,,11500,개인,방화동,강서구
,화곡푸르지오,2002,개인,,,"116,300",5,2,2026,중개거래,서울 강서구,125.021,3,1091,N,,11500,개인,화곡동,강서구
,길훈,1989,개인,,,"63,500",5,2,2026,중개거래,서울 강서구,51.28,8,1565,N,,11500,개인,마곡동,강서구
,염창1차보람더하임,2008,개인,,,"119,000",5,2,2026,중개거래,서울 강서구,84.97,5,305,N,,11500,개인,염창동,강서구
,주공5,1995,개인,,,"95,000",4,2,2026,중개거래,서울 강서구,58.14,15,695,N,,11500,개인,등촌동,강서구
,극동상록수,1999,개인,,,"108,500",4,2,2026,중개거래,서울 강서구,84.96,10,280,N,,11500,개인,염창동,강서구
,한보구암마을,1999,개인,,,"77,000",4,2,2026,중개거래,서울 강서구,59.85,5,1495,N,,11500,개인,가양동,강서구
,가양도시개발9-2단지,1993,개인,,,"86,500",4,2,2026,중개거래,서울 강서구,49.5,5,1490,N,,11500,개인,가양동,강서구
,삼성하나로,1994,개인,,,"74,000",3,2,2026,중개거래,서울 강서구,59.26,11,248-3,N,,11500,개인,염창동,강서구
,이너스내안에,2004,개인,,,"93,500",3,2,2026,중개거래,서울 강서구,84.91,14,254-2,N,,11500,개인,염창동,강서구
,동성,1993,개인,,,"80,000",3,2,2026,중개거래,서울 강서구,84.95,3,817,N,,11500,개인,방화동,강서구
,가양2단지(성지),1992,개인,,,"75,000",3,2,2026,중개거래,"서울 강서구, 서울 용산구",39.6,8,1461,N,,11500,개인,가양동,강서구
105,한강타운,1993,개인,,,"130,000",3,2,2026,중개거래,서울 강서구,84.99,9,1460,N,26.02.04,11500,개인,가양동,강서구
,화곡푸르지오,2002,개인,,,"123,000",3,2,2026,중개거래,"서울 강남구, 서울 강서구",103.92,11,1091,N,,11500,개인,화곡동,강서구
,동성,1995,개인,,,"120,000",3,2,2026,중개거래,서울 강서구,101.88,15,691-1,N,,11500,개인,등촌동,강서구
,주공5,1995,개인,,,"96,000",2,2,2026,중개거래,서울 강서구,58.14,5,695,N,,11500,개인,등촌동,강서구
,주공10,1995,개인,,,"98,000",2,2,2026,중개거래,서울 강서구,58.14,5,702,N,,11500,개인,등촌동,강서구
,"우장산아이파크,이편한세상",2008,개인,,,"134,000",2,2,2026,중개거래,서울 강서구,59.98,11,1159,N,,11500,개인,화곡동,강서구
,가양우성,1990,개인,,,"110,000",2,2,2026,중개거래,"서울 강서구, 서울 영등포구",84.85,10,14-3,N,,11500,개인,가양동,강서구
,마곡엠밸리5단지,2014,개인,,,"160,000",2,2,2026,중개거래,"경기 부천시 원미구, 서울 강서구",84.92,9,740,N,,11500,개인,마곡동,강서구
,가양2단지(성지),1992,개인,,,"73,800",2,2,2026,중개거래,서울 강서구,39.6,10,1461,N,,11500,개인,가양동,강서구
,마곡엠밸리9단지,2021,개인,,,"142,500",1,2,2026,중개거래,서울 강서구,59.86,7,744,N,,11500,개인,마곡동,강서구
,강변,1992,개인,,,"95,000",1,2,2026,중개거래,서울 강서구,49.5,8,1475,N,,11500,개인,가양동,강서구
2,미성아파트(연립),1987,개인,,,"60,000",5,2,2026,중개거래,인천 서구,118.7,12,409-248,N,26.02.06,11500,개인,화곡동,강서구
,로얄홈타운(103동),2012,개인,,,"25,000",7,2,2026,중개거래,서울 강서구,39.26,5,928-27,N,,11500,개인,화곡동,강서구
,개봉동현대아이파크,2006,개인,,,"91,200",22,1,2026,중개거래,서울 구로구,84.98,9,489,N,,11530,개인,개봉동,구로구
,대림1,1999,개인,,,"151,000",30,1,2026,중개거래,서울 구로구,134.99,11,642,N,,11530,개인,신도림동,구로구
,새솔금호,1996,개인,,,"49,000",15,1,2026,중개거래,서울 구로구,59.9,4,108-2,N,,11530,개인,구로동,구로구
,보광,1984,개인,,,"69,500",27,1,2026,중개거래,서울 구로구,66.42,5,440,N,,11530,개인,구로동,구로구
,천왕이펜하우스1단지,2011,개인,,,"70,000",31,1,2026,중개거래,서울 구로구,59.94,5,282,N,,11530,개인,천왕동,구로구
,삼환로즈빌,2004,개인,,,"93,000",30,1,2026,중개거래,서울 구로구,84.994,5,336,N,,11530,개인,고척동,구로구
,삼성래미안,2004,개인,,,"78,500",30,1,2026,중개거래,서울 구로구,56.036,20,256-1,N,,11530,개인,구로동,구로구
,"우성,현대아파트",1987,개인,,,"62,000",20,1,2026,중개거래,서울 구로구,68.7,10,76-55,N,,11530,개인,고척동,구로구
,우성꿈동산,1996,개인,,,"53,500",31,1,2026,중개거래,서울 구로구,79.77,10,321,N,,11530,개인,고척동,구로구
,대림e-편한세상4,2003,개인,,,"200,000",26,1,2026,중개거래,서울 구로구,117.74,21,646,N,,11530,개인,신도림동,구로구
,천왕연지타운1단지,2013,개인,,,"74,500",22,1,2026,중개거래,서울 구로구,59.97,9,280,N,,11530,개인,천왕동,구로구
,경남2,1999,개인,,,"54,000",24,1,2026,중개거래,서울 구로구,59.96,7,306,N,,11530,개인,고척동,구로구
,우리유앤미,2004,개인,,,"50,500",31,1,2026,중개거래,서울 금천구,53.51,8,1277,N,,11530,개인,구로동,구로구
,삼천리,1998,개인,,,"55,500",24,1,2026,중개거래,서울 구로구,59.73,25,340,N,,11530,개인,오류동,구로구
,한일유앤아이,2005,개인,,,"73,000",7,1,2026,중개거래,서울 구로구,84.98,11,337,N,,11530,개인,고척동,구로구
,구로지웰,2011,개인,,,"58,000",28,1,2026,중개거래,서울 구로구,59.651,4,1287,N,,11530,개인,구로동,구로구
,개봉동현대아이파크,2006,개인,,,"84,000",28,1,2026,중개거래,서울 구로구,59.99,10,489,N,,11530,개인,개봉동,구로구
,현대,2001,개인,,,"81,000",28,1,2026,중개거래,서울 구로구,84.99,1,481,N,,11530,개인,개봉동,구로구
,대림1,1999,개인,,,"96,000",24,1,2026,중개거래,서울 구로구,59.93,1,642,N,,11530,개인,신도림동,구로구
,한양수자인에듀힐즈,2019,개인,,,"81,800",28,1,2026,중개거래,"서울 구로구, 서울 영등포구",76.88,14,241,N,,11530,개인,항동,구로구
,주공2,1987,개인,,,"94,000",22,1,2026,중개거래,서울 구로구,64.62,2,685-223,N,,11530,개인,구로동,구로구
,우림필유,2005,개인,,,"62,000",17,1,2026,중개거래,서울 구로구,84.99,14,348,N,,11530,개인,오류동,구로구
,성삼하이츠,2004,개인,,,"61,300",28,1,2026,중개거래,서울 구로구,78.88,6,1275,N,,11530,개인,구로동,구로구
,천왕이펜하우스5단지,2011,개인,,,"70,000",18,1,2026,중개거래,서울 구로구,84.98,4,277,N,,11530,개인,천왕동,구로구
,한마을,1999,개인,,,"101,000",21,1,2026,중개거래,서울 구로구,123.46,24,476,N,,11530,개인,개봉동,구로구
,현대홈타운,2001,개인,,,"84,000",16,1,2026,중개거래,서울 구로구,84.915,10,480,N,,11530,개인,개봉동,구로구
,덕영드림,2006,개인,,,"52,800",30,1,2026,중개거래,서울 구로구,56.19,4,1282,N,,11530,개인,구로동,구로구
,두산,1997,개인,,,"54,200",30,1,2026,중개거래,서울 구로구,59.69,4,472,N,,11530,개인,개봉동,구로구
,대우,1999,개인,,,"69,500",21,1,2026,중개거래,서울 구로구,84.99,20,296,N,,11530,개인,고척동,구로구
,청구,1999,개인,,,"58,500",17,1,2026,중개거래,서울 구로구,59.94,19,326,N,,11530,개인,고척동,구로구
,대림1,1999,개인,,,"119,500",31,1,2026,중개거래,서울 구로구,59.88,11,642,N,,11530,개인,신도림동,구로구
,대림2,2001,개인,,,"120,000",31,1,2026,중개거래,서울 구로구,59.88,9,642,N,,11530,개인,신도림동,구로구
,현대홈타운아파트,1999,개인,,,"97,000",31,1,2026,중개거래,서울 구로구,59.73,11,641,N,,11530,개인,신도림동,구로구
,현대홈타운,2001,개인,,,"84,900",30,1,2026,중개거래,서울 구로구,84.915,9,480,N,,11530,개인,개봉동,구로구
,동부(105동~106동),1999,개인,,,"45,900",30,1,2026,중개거래,"서울 강남구, 서울 구로구",59.58,5,339,N,,11530,개인,오류동,구로구
,중앙하이츠(1269),2001,개인,,,"70,000",13,1,2026,중개거래,서울 구로구,59.73,8,1269,N,,11530,개인,구로동,구로구
,우원그린빌,2001,개인,,,"53,900",31,1,2026,중개거래,서울 구로구,84.206,3,110-9,N,,11530,개인,구로동,구로구
,한진,2000,개인,,,"62,800",30,1,2026,중개거래,서울 구로구,84.96,1,478,N,,11530,개인,개봉동,구로구
,현대,2001,개인,,,"84,000",30,1,2026,중개거래,서울 구로구,114.99,1,481,N,,11530,개인,개봉동,구로구
,한일유앤아이,2005,개인,,,"71,000",30,1,2026,중개거래,서울 구로구,84.726,14,337,N,,11530,개인,고척동,구로구
,이화우성,1998,개인,,,"63,000",31,1,2026,중개거래,서울 구로구,59.82,16,1260,N,,11530,개인,구로동,구로구
,동아2,2000,개인,,,"146,000",31,1,2026,중개거래,서울 구로구,84.908,22,644,N,,11530,개인,신도림동,구로구
,온수힐스테이트,2010,개인,,,"70,000",30,1,2026,중개거래,서울 구로구,59.96,5,155,N,,11530,개인,온수동,구로구
,고척파크푸르지오,2009,개인,,,"107,500",30,1,2026,중개거래,"서울 구로구, 서울 양천구",84.94,9,339,N,,11530,개인,고척동,구로구
,대림2,2001,개인,,,"119,500",30,1,2026,중개거래,서울 구로구,59.9,14,642,N,,11530,개인,신도림동,구로구
,동부골든,1998,개인,,,"50,700",28,1,2026,중개거래,서울 구로구,71.06,6,338,N,,11530,개인,오류동,구로구
,삼성래미안,2004,개인,,,"95,300",30,1,2026,중개거래,서울 구로구,78.665,16,256-1,N,,11530,개인,구로동,구로구
,중앙하이츠(1269),2001,개인,,,"70,700",30,1,2026,중개거래,서울 구로구,59.73,8,1269,N,,11530,개인,구로동,구로구
,벽산,2003,개인,,,"97,500",31,1,2026,중개거래,서울 구로구,84.878,8,334,N,,11530,개인,고척동,구로구
,서울가든,1989,개인,,,"64,600",30,1,2026,중개거래,서울 구로구,84.99,1,141-1,N,,11530,개인,고척동,구로구
,대우,1999,개인,,,"54,900",30,1,2026,중개거래,서울 구로구,59.97,3,296,N,,11530,개인,고척동,구로구
,대상,1999,개인,,,"54,000",17,1,2026,중개거래,서울 구로구,84.98,18,477,N,,11530,개인,개봉동,구로구
,우리유앤미,2004,개인,,,"69,500",29,1,2026,중개거래,"서울 구로구, 서울 동작구",84.71,18,1277,N,,11530,개인,구로동,구로구
,현대홈타운,2001,개인,,,"74,500",29,1,2026,중개거래,서울 구로구,59.49,9,480,N,,11530,개인,개봉동,구로구
,벽산,2003,개인,,,"99,000",29,1,2026,중개거래,서울 구로구,84.878,19,334,N,,11530,개인,고척동,구로구
,대림2,2001,개인,,,"146,000",29,1,2026,중개거래,서울 구로구,101.48,22,642,N,,11530,개인,신도림동,구로구
,온수힐스테이트,2010,개인,,,"78,500",29,1,2026,중개거래,서울 구로구,84.97,6,155,N,,11530,개인,온수동,구로구
,그랜드,1997,개인,,,"35,200",27,1,2026,중개거래,서울 구로구,57.74,6,323,N,,11530,개인,고척동,구로구
,신도림롯데아파트,1999,개인,,,"114,000",29,1,2026,중개거래,서울 구로구,131.3,16,1263,N,,11530,개인,구로동,구로구
,현대홈타운스위트,2004,개인,,,"62,800",17,1,2026,중개거래,서울 구로구,84.9852,3,233,N,,11530,개인,항동,구로구
,신구로자이,2007,개인,,,"79,500",23,1,2026,중개거래,서울 구로구,84.87,14,501,N,,11530,개인,구로동,구로구
,동부(105동~106동),1999,개인,,,"60,000",19,1,2026,중개거래,서울 구로구,84.9,12,339,N,,11530,개인,오류동,구로구
,고척월드메르디앙,2011,개인,,,"81,000",27,1,2026,중개거래,"서울 구로구, 서울 양천구",84.93,19,343,N,,11530,개인,고척동,구로구
,현대,2001,개인,,,"102,000",27,1,2026,중개거래,서울 구로구,114.99,21,481,N,,11530,개인,개봉동,구로구
,동부골든,1998,개인,,,"55,900",29,1,2026,중개거래,서울 구로구,84.96,18,338,N,,11530,개인,오류동,구로구
,금강,1996,개인,,,"44,500",28,1,2026,중개거래,"서울 구로구, 서울 영등포구",84.96,1,335,N,,11530,개인,오류동,구로구
,구일우성,1998,개인,,,"55,500",28,1,2026,중개거래,서울 구로구,59.44,18,1259,N,,11530,개인,구로동,구로구
,구일우성,1998,개인,,,"75,500",28,1,2026,중개거래,서울 구로구,84.49,20,1259,N,,11530,개인,구로동,구로구
,개봉동현대아이파크,2006,개인,,,"83,000",28,1,2026,중개거래,서울 구로구,59.99,17,489,N,,11530,개인,개봉동,구로구
,현대홈타운아파트,1999,개인,,,"93,000",12,1,2026,중개거래,서울 구로구,59.73,14,641,N,,11530,개인,신도림동,구로구
,한진,2000,개인,,,"52,700",28,1,2026,중개거래,서울 구로구,59.95,1,478,N,,11530,개인,개봉동,구로구
,한마을,1999,개인,,,"74,000",12,1,2026,중개거래,서울 구로구,59.57,4,476,N,,11530,개인,개봉동,구로구
,순영웰라이빌1차,2003,개인,,,"49,000",15,1,2026,중개거래,서울 구로구,59.5,15,106-10,N,,11530,개인,구로동,구로구
,"우성,현대아파트",1987,개인,,,"55,800",5,1,2026,중개거래,서울 구로구,58.5,4,76-55,N,,11530,개인,고척동,구로구
,신도림롯데아파트,1999,개인,,,"103,250",27,1,2026,중개거래,서울 구로구,84.93,4,1263,N,,11530,개인,구로동,구로구
,구로두산,1998,개인,,,"59,950",27,1,2026,중개거래,서울 구로구,51.84,22,1265,N,,11530,개인,구로동,구로구
,하버라인3단지,2019,개인,,,"65,000",27,1,2026,중개거래,서울 구로구,59.86,6,242,N,,11530,개인,항동,구로구
,하버라인3단지,2019,개인,,,"64,500",27,1,2026,중개거래,서울 구로구,59.86,4,242,N,,11530,개인,항동,구로구
,동부골든,1998,개인,,,"51,000",21,1,2026,중개거래,서울 구로구,105.21,5,338,N,,11530,개인,오류동,구로구
,구로두산위브,2006,개인,,,"50,500",27,1,2026,중개거래,서울 구로구,36.88,15,1278,N,,11530,개인,구로동,구로구
,삼천리,1998,개인,,,"59,000",9,1,2026,중개거래,서울 구로구,59.73,14,340,N,,11530,개인,오류동,구로구
,대림2,2001,개인,,,"140,000",23,1,2026,중개거래,서울 구로구,101.48,22,642,N,,11530,개인,신도림동,구로구
104,구로두산위브,2006,개인,,,"62,000",27,1,2026,중개거래,서울 성동구,50.14,1,1278,N,26.02.11,11530,개인,구로동,구로구
,우성꿈동산,1996,개인,,,"51,000",15,1,2026,중개거래,서울 구로구,80.29,7,321,N,,11530,개인,고척동,구로구
,영화,1998,개인,,,"64,000",26,1,2026,중개거래,서울 구로구,59.78,14,475,N,,11530,개인,개봉동,구로구
,구로두산,1998,개인,,,"58,600",26,1,2026,중개거래,서울 구로구,51.84,9,1265,N,,11530,개인,구로동,구로구
,우성(1058),1995,개인,,,"74,250",26,1,2026,중개거래,서울 구로구,84.38,2,1058,N,,11530,개인,구로동,구로구
,개봉동현대아이파크,2006,개인,,,"91,000",23,1,2026,중개거래,서울 구로구,84.98,15,489,N,,11530,개인,개봉동,구로구
,개봉동현대아이파크,2006,개인,,,"81,800",26,1,2026,중개거래,서울 구로구,59.99,4,489,N,,11530,개인,개봉동,구로구
,대우,1999,개인,,,"73,000",23,1,2026,중개거래,서울 구로구,114.95,6,296,N,,11530,개인,고척동,구로구
,동아1,1999,개인,,,"122,000",26,1,2026,중개거래,서울 구로구,59.978,5,643,N,,11530,개인,신도림동,구로구
,고척파크푸르지오,2009,개인,,,"131,500",15,1,2026,중개거래,서울 구로구,114.99,9,339,N,,11530,개인,고척동,구로구
,현대,2001,개인,,,"87,000",23,1,2026,중개거래,서울 구로구,84.99,20,481,N,,11530,개인,개봉동,구로구
,한신플러스타운,2002,개인,,,"52,800",23,1,2026,중개거래,서울 양천구,59.91,7,341,N,,11530,개인,오류동,구로구
,삼환,1995,개인,,,"81,000",21,1,2026,중개거래,서울 구로구,114.48,13,470,N,,11530,개인,개봉동,구로구
,센츄리,1994,개인,,,"64,500",23,1,2026,중개거래,서울 구로구,84.56,6,320,N,,11530,개인,고척동,구로구
,개봉동현대아이파크,2006,개인,,,"90,000",23,1,2026,중개거래,서울 구로구,84.98,3,489,N,,11530,개인,개봉동,구로구
,개봉동현대아이파크,2006,개인,,,"80,800",24,1,2026,중개거래,서울 구로구,59.99,14,489,N,,11530,개인,개봉동,구로구
,다울숲,2010,개인,,,"67,500",23,1,2026,중개거래,서울 구로구,84.32,3,1286,N,,11530,개인,구로동,구로구
,우성꿈동산,1996,개인,,,"56,400",24,1,2026,중개거래,서울 구로구,84.3,9,321,N,,11530,개인,고척동,구로구
,현대,2001,개인,,,"82,000",24,1,2026,중개거래,서울 구로구,59.94,20,481,N,,11530,개인,개봉동,구로구
,일신건영,1998,개인,,,"60,000",24,1,2026,중개거래,서울 구로구,59.97,10,1261,N,,11530,개인,구로동,구로구
,대림2,2001,개인,,,"124,000",24,1,2026,중개거래,서울 구로구,59.9,15,642,N,,11530,개인,신도림동,구로구
,신개봉삼환,2001,개인,,,"57,700",19,1,2026,중개거래,서울 구로구,59.81,8,170-30,N,,11530,개인,개봉동,구로구
,한진,2000,개인,,,"65,500",24,1,2026,중개거래,서울 구로구,84.96,4,478,N,,11530,개인,개봉동,구로구
,한마을,1999,개인,,,"96,000",24,1,2026,중개거래,서울 구로구,123.46,2,476,N,,11530,개인,개봉동,구로구
,한마을,1999,개인,,,"81,500",24,1,2026,중개거래,서울 구로구,59.57,15,476,N,,11530,개인,개봉동,구로구
,한신,1988,개인,,,"34,900",24,1,2026,중개거래,서울 구로구,35.277,3,642-9,N,,11530,개인,구로동,구로구
,청구,1999,개인,,,"59,700",23,1,2026,중개거래,서울 구로구,59.94,17,326,N,,11530,개인,고척동,구로구
,대우,1999,개인,,,"78,000",23,1,2026,중개거래,서울 구로구,114.95,18,296,N,,11530,개인,고척동,구로구
,신도림롯데아파트,1999,개인,,,"93,000",24,1,2026,중개거래,서울 구로구,59.96,14,1263,N,,11530,개인,구로동,구로구
,한마을,1999,개인,,,"91,000",23,1,2026,중개거래,서울 구로구,84.57,15,476,N,,11530,개인,개봉동,구로구
,한신,1988,개인,,,"47,000",23,1,2026,중개거래,서울 구로구,44.78,7,642-9,N,,11530,개인,구로동,구로구
,두산,1997,개인,,,"61,500",10,1,2026,중개거래,서울 구로구,84.96,23,472,N,,11530,개인,개봉동,구로구
,동아2,2000,개인,,,"120,000",24,1,2026,중개거래,서울 구로구,59.595,18,644,N,,11530,개인,신도림동,구로구
,오류동푸르지오,2004,개인,,,"67,000",24,1,2026,중개거래,서울 구로구,61.257,6,346,N,,11530,개인,오류동,구로구
,대우,1999,개인,,,"72,750",21,1,2026,중개거래,서울 구로구,114.95,13,296,N,,11530,개인,고척동,구로구
,대림e-편한세상7,2004,개인,,,"154,500",23,1,2026,중개거래,서울 구로구,116.308,20,649,N,,11530,개인,신도림동,구로구
,현대홈타운,2001,개인,,,"80,500",23,1,2026,중개거래,서울 구로구,84.915,28,480,N,,11530,개인,개봉동,구로구
,대림e-편한세상6,2003,개인,,,"125,000",23,1,2026,중개거래,서울 구로구,84.816,6,648,N,,11530,개인,신도림동,구로구
,동아1,1999,개인,,,"146,000",23,1,2026,중개거래,"서울 구로구, 서울 양천구",148.296,2,643,N,,11530,개인,신도림동,구로구
,개봉청구,1993,개인,,,"31,000",16,1,2026,중개거래,서울 구로구,58.67,4,269-1,N,,11530,개인,고척동,구로구
,벽산베스트블루밍,2010,개인,,,"89,500",16,1,2026,중개거래,서울 구로구,84.887,10,342,N,,11530,개인,고척동,구로구
,대림3,2001,개인,,,"120,000",16,1,2026,중개거래,서울 구로구,114.55,7,691,N,,11530,개인,신도림동,구로구
,한마을,1999,개인,,,"82,000",15,1,2026,중개거래,서울 구로구,59.57,13,476,N,,11530,개인,개봉동,구로구
,서울가든,1989,개인,,,"66,300",22,1,2026,중개거래,서울 영등포구,84.99,13,141-1,N,,11530,개인,고척동,구로구
,(792-6),1996,개인,,,"22,000",17,1,2026,중개거래,서울 구로구,41.42,3,792-6,N,26.02.09,11530,개인,구로동,구로구
,삼명,1977,개인,,,"29,500",20,1,2026,중개거래,서울 구로구,43.74,4,97-3,N,,11530,개인,고척동,구로구
,동아1,1999,개인,,,"121,500",22,1,2026,중개거래,서울 구로구,59.978,10,643,N,,11530,개인,신도림동,구로구
,구로두산,1998,개인,,,"49,000",22,1,2026,중개거래,서울 구로구,44.64,10,1265,N,,11530,개인,구로동,구로구
,한일유앤아이,2005,개인,,,"56,500",22,1,2026,중개거래,서울 구로구,59.647,17,337,N,,11530,개인,고척동,구로구
,신성미소지움,2003,개인,,,"64,800",20,1,2026,중개거래,서울 구로구,71.04,3,1274,N,,11530,개인,구로동,구로구
,로제리움2차,2014,개인,,,"13,000",8,1,2026,직거래,,14.91,15,97,N,,11530,개인,구로동,구로구
,한양수자인에듀힐즈,2019,개인,,,"82,500",22,1,2026,중개거래,서울 구로구,84.9591,2,241,N,,11530,개인,항동,구로구
,대림역와이즈플레이스,2012,개인,,,"14,300",5,1,2026,중개거래,서울 구로구,24.647,17,98-4,N,,11530,개인,구로동,구로구
,한일유앤아이,2005,개인,,,"56,500",21,1,2026,중개거래,서울 구로구,59.647,7,337,N,,11530,개인,고척동,구로구
,현대홈타운,2001,개인,,,"69,000",21,1,2026,중개거래,서울 구로구,59.49,3,480,N,,11530,개인,개봉동,구로구
,덕영드림,2006,개인,,,"55,000",17,1,2026,중개거래,서울 구로구,56.19,13,1282,N,,11530,개인,구로동,구로구
,동아3,2000,개인,,,"137,000",21,1,2026,중개거래,서울 구로구,60.0,4,645,N,,11530,개인,신도림동,구로구
,효성,1998,개인,,,"53,500",21,1,2026,중개거래,서울 금천구,84.87,10,139,N,,11530,개인,가리봉동,구로구
,동부(105동~106동),1999,개인,,,"50,500",21,1,2026,중개거래,서울 구로구,59.79,4,339,N,,11530,개인,오류동,구로구
,구로현대,1992,개인,,,"77,800",12,1,2026,중개거래,서울 구로구,84.57,5,1256,N,,11530,개인,구로동,구로구
,비즈트위트레드,2016,개인,,,"17,500",10,1,2026,중개거래,서울 구로구,20.75,6,104-8,N,26.02.10,11530,개인,구로동,구로구
,고척파크푸르지오,2009,개인,,,"92,500",20,1,2026,중개거래,서울 구로구,59.89,3,339,N,,11530,개인,고척동,구로구
,구로아트빌라4동(806-33),2002,개인,,,"33,000",13,1,2026,중개거래,서울 구로구,59.93,1,806-33,N,,11530,개인,구로동,구로구
,벽산,2003,개인,,,"99,500",21,1,2026,중개거래,서울 구로구,84.878,17,334,N,,11530,개인,고척동,구로구
,현대연예인,1989,개인,,,"49,000",20,1,2026,중개거래,서울 구로구,54.86,1,685-70,N,,11530,개인,구로동,구로구
,동아2,2000,개인,,,"125,000",20,1,2026,중개거래,서울 구로구,59.595,10,644,N,,11530,개인,신도림동,구로구
,건양,2002,개인,,,"25,200",7,1,2026,중개거래,서울 구로구,56.96,5,304-16,N,,11530,개인,개봉동,구로구
,미성,1987,개인,,,"60,000",18,1,2026,중개거래,서울 구로구,37.91,10,290,N,,11530,개인,신도림동,구로구
,신도림LG자이,2004,개인,,,"105,000",20,1,2026,중개거래,서울 영등포구,84.952,20,42,N,,11530,개인,구로동,구로구
,현대홈타운,2001,개인,,,"81,000",19,1,2026,중개거래,"서울 구로구, 서울 동대문구",84.915,25,480,N,,11530,개인,개봉동,구로구
,순영웰라이빌2차,2005,개인,,,"48,600",19,1,2026,중개거래,서울 구로구,64.45,16,97-2,N,,11530,개인,구로동,구로구
,고척LIG리가1차,2009,개인,,,"85,000",9,1,2026,중개거래,서울 구로구,84.91,4,340,N,,11530,개인,고척동,구로구
,SKVIEW,2006,개인,,,"116,000",19,1,2026,중개거래,서울 구로구,84.96,7,432-1,N,,11530,개인,신도림동,구로구
,하버라인2단지,2019,개인,,,"75,000",17,1,2026,중개거래,서울 구로구,74.85,8,237,N,,11530,개인,항동,구로구
101,상우,1997,개인,,,"36,000",16,1,2026,직거래,,84.06,1,473,N,26.01.20,11530,개인,개봉동,구로구
,우방,1993,개인,,,"60,000",20,1,2026,중개거래,서울 구로구,84.9,6,642-46,N,,11530,개인,구로동,구로구
,개봉동현대아이파크,2006,개인,,,"91,000",17,1,2026,중개거래,서울 구로구,84.98,19,489,N,,11530,개인,개봉동,구로구
,현대홈타운,2001,개인,,,"79,500",19,1,2026,중개거래,서울 구로구,84.915,3,480,N,,11530,개인,개봉동,구로구
,한마을,1999,개인,,,"103,000",19,1,2026,중개거래,서울 구로구,149.97,4,476,N,,11530,개인,개봉동,구로구
,중앙하이츠(1269),2001,개인,,,"77,000",17,1,2026,중개거래,서울 구로구,82.3019,7,1269,N,,11530,개인,구로동,구로구
,"우성,현대아파트",1987,개인,,,"65,000",3,1,2026,중개거래,서울 구로구,79.32,1,76-55,N,,11530,개인,고척동,구로구
,온수힐스테이트,2010,개인,,,"77,750",13,1,2026,중개거래,서울 구로구,84.97,4,155,N,,11530,개인,온수동,구로구
,영화아이닉스,2005,개인,,,"62,000",9,1,2026,중개거래,"경기 광명시, 서울 구로구",84.98,14,488,N,,11530,개인,개봉동,구로구
,비즈트위트레인보우,2012,개인,,,"11,000",17,1,2026,중개거래,서울 구로구,15.58,5,44-5,N,26.01.20,11530,개인,구로동,구로구
,두산,1997,개인,,,"60,000",18,1,2026,중개거래,서울 구로구,84.96,22,472,N,,11530,개인,개봉동,구로구
,현대,2001,개인,,,"85,000",18,1,2026,중개거래,서울 구로구,84.99,12,481,N,,11530,개인,개봉동,구로구
,보람쉬움,2003,개인,,,"61,700",18,1,2026,중개거래,서울 구로구,59.916,4,1271,N,,11530,개인,구로동,구로구
,한신휴플러스(1280-0),2007,개인,,,"67,800",17,1,2026,중개거래,"서울 강남구, 서울 구로구",50.03,13,1280,N,,11530,개인,구로동,구로구
,럭키,1992,개인,,,"68,400",17,1,2026,중개거래,서울 구로구,71.4,7,1257,N,,11530,개인,구로동,구로구
,럭키,1992,개인,,,"54,900",17,1,2026,중개거래,서울 구로구,56.11,3,1257,N,,11530,개인,구로동,구로구
,한마을,1999,개인,,,"89,500",17,1,2026,중개거래,서울 구로구,84.57,23,476,N,,11530,개인,개봉동,구로구
,중앙하이츠,1987,개인,,,"61,500",17,1,2026,중개거래,서울 구로구,70.52,7,685-124,N,,11530,개인,구로동,구로구
,현대홈타운,2001,개인,,,"69,000",17,1,2026,중개거래,경기 광명시,59.49,6,480,N,,11530,개인,개봉동,구로구
,벽산베스트블루밍,2010,개인,,,"80,600",17,1,2026,중개거래,"경기 광명시, 서울 구로구",59.962,9,342,N,,11530,개인,고척동,구로구
,미래타워,2003,개인,,,"50,000",17,1,2026,중개거래,"서울 구로구, 서울 금천구",78.23,14,1272,N,,11530,개인,구로동,구로구
,한일유앤아이,2005,개인,,,"64,500",17,1,2026,중개거래,서울 구로구,84.98,3,337,N,,11530,개인,고척동,구로구
,대림e-편한세상5,2003,개인,,,"135,000",17,1,2026,중개거래,서울 구로구,84.789,20,647,N,,11530,개인,신도림동,구로구
,개봉동현대아이파크,2006,개인,,,"94,200",16,1,2026,중개거래,서울 구로구,84.98,18,489,N,,11530,개인,개봉동,구로구
,동아1,1999,개인,,,"156,000",16,1,2026,중개거래,서울 구로구,169.199,10,643,N,,11530,개인,신도림동,구로구
,벽산,2003,개인,,,"97,500",16,1,2026,중개거래,서울 구로구,84.878,5,334,N,,11530,개인,고척동,구로구
,현대,2001,개인,,,"88,500",16,1,2026,중개거래,서울 구로구,114.99,22,481,N,,11530,개인,개봉동,구로구
,개봉동현대아이파크,2006,개인,,,"91,000",16,1,2026,중개거래,서울 구로구,84.98,19,489,N,,11530,개인,개봉동,구로구
,주공2,1987,개인,,,"54,000",16,1,2026,중개거래,서울 구로구,32.39,10,685-223,N,,11530,개인,구로동,구로구
,현대,2001,개인,,,"90,000",15,1,2026,중개거래,서울 구로구,114.99,15,481,N,,11530,개인,개봉동,구로구
,벽산,2003,개인,,,"95,500",15,1,2026,중개거래,서울 구로구,84.878,17,334,N,,11530,개인,고척동,구로구
,개봉동현대아이파크,2006,개인,,,"73,000",5,1,2026,중개거래,서울 구로구,59.99,2,489,N,,11530,개인,개봉동,구로구
,마젤란,2008,개인,,,"65,000",16,1,2026,중개거래,서울 구로구,59.491,9,338,N,,11530,개인,고척동,구로구
,개봉동현대아이파크,2006,개인,,,"100,000",15,1,2026,중개거래,서울 구로구,117.74,18,489,N,,11530,개인,개봉동,구로구
102,한진,2000,개인,,,"59,800",16,1,2026,중개거래,서울 구로구,59.95,9,478,N,26.02.12,11530,개인,개봉동,구로구
,우남퍼스트빌더센트럴,2020,개인,26.02.12,O,"75,000",15,1,2026,중개거래,서울 구로구,84.9817,7,244,N,,11530,개인,항동,구로구
,한마을,1999,개인,,,"80,000",15,1,2026,중개거래,서울 구로구,59.57,12,476,N,,11530,개인,개봉동,구로구
,항동제일풍경채포레스트,2020,개인,,,"69,000",15,1,2026,중개거래,"경기 시흥시, 서울 구로구",84.6614,6,246,N,,11530,개인,항동,구로구
,구로현대,1992,개인,,,"61,000",15,1,2026,중개거래,"경기 평택시, 서울 구로구",56.49,7,1256,N,,11530,개인,구로동,구로구
,영풍마드레빌,2002,개인,,,"69,200",15,1,2026,중개거래,서울 구로구,84.741,6,342,N,,11530,개인,오류동,구로구
,우남퍼스트빌더센트럴,2020,개인,,,"77,500",15,1,2026,중개거래,서울 구로구,84.9149,6,244,N,,11530,개인,항동,구로구
,중앙하이츠,1987,개인,,,"54,500",15,1,2026,중개거래,서울 구로구,59.99,1,685-124,N,,11530,개인,구로동,구로구
,"우성,현대아파트",1987,개인,,,"64,500",3,1,2026,중개거래,서울 구로구,79.32,3,76-55,N,,11530,개인,고척동,구로구
,우성꿈동산,1996,개인,,,"56,000",14,1,2026,중개거래,서울 구로구,84.19,2,321,N,,11530,개인,고척동,구로구
,(807-1),1997,개인,,,"10,200",15,1,2026,중개거래,서울 구로구,35.28,1,807-1,N,,11530,개인,구로동,구로구
,동아1,1999,개인,,,"139,500",15,1,2026,중개거래,서울 구로구,84.908,20,643,N,,11530,개인,신도림동,구로구
,온수힐스테이트,2010,개인,,,"78,500",14,1,2026,중개거래,서울 구로구,84.97,5,155,N,,11530,개인,온수동,구로구
,미성,1987,개인,,,"82,000",12,1,2026,중개거래,서울 구로구,66.03,5,290,N,,11530,개인,신도림동,구로구
,상우,1997,개인,,,"48,000",10,1,2026,중개거래,서울 구로구,59.4,1,473,N,,11530,개인,개봉동,구로구
,주공1,1986,개인,,,"100,500",14,1,2026,중개거래,서울 구로구,84.87,2,685-222,N,,11530,개인,구로동,구로구
,한양수자인에듀힐즈,2019,개인,,,"83,000",14,1,2026,중개거래,서울 구로구,84.9544,10,241,N,,11530,법인,항동,구로구
,고척LIG리가1차,2009,개인,,,"87,800",14,1,2026,중개거래,서울 구로구,84.98,13,340,N,,11530,개인,고척동,구로구
,우성2,1996,개인,,,"110,000",14,1,2026,중개거래,서울 구로구,84.82,14,639,N,,11530,개인,신도림동,구로구
,현대,2001,개인,,,"86,700",14,1,2026,중개거래,서울 구로구,84.99,11,481,N,,11530,개인,개봉동,구로구
,현대홈타운아파트,1999,개인,,,"108,000",14,1,2026,중개거래,서울 구로구,83.76,3,641,N,,11530,개인,신도림동,구로구
,상우,1997,개인,,,"50,500",13,1,2026,중개거래,서울 구로구,59.4,7,473,N,,11530,개인,개봉동,구로구
,신도림태영타운,2000,개인,,,"132,000",14,1,2026,중개거래,서울 구로구,84.87,7,1267,N,,11530,개인,구로동,구로구
,주공2,1987,개인,,,"59,700",6,1,2026,중개거래,서울 구로구,41.3,1,685-223,N,,11530,개인,구로동,구로구
1,럭키,1992,개인,,,"52,500",13,1,2026,중개거래,서울 구로구,59.98,3,1257,N,26.01.16,11530,개인,구로동,구로구
303,우성3,1993,개인,,,"80,000",14,1,2026,직거래,,84.75,7,637,N,26.01.14,11530,개인,신도림동,구로구
,고척LIG리가2차,2009,개인,,,"80,250",14,1,2026,중개거래,서울 구로구,59.95,6,340-1,N,,11530,개인,고척동,구로구
,한신휴플러스(1280-0),2007,개인,,,"66,000",13,1,2026,중개거래,서울 구로구,50.03,19,1280,N,,11530,개인,구로동,구로구
,한진,2000,개인,,,"59,800",13,1,2026,중개거래,서울 구로구,59.95,14,478,N,,11530,개인,개봉동,구로구
,대림2,2001,개인,,,"118,500",9,1,2026,중개거래,서울 구로구,59.88,18,642,N,,11530,개인,신도림동,구로구
,구로두산,1998,개인,,,"51,500",13,1,2026,중개거래,서울 구로구,44.64,21,1265,N,,11530,개인,구로동,구로구
,서울가든,1989,개인,,,"69,000",5,1,2026,중개거래,서울 구로구,84.99,10,141-1,N,,11530,개인,고척동,구로구
,천왕이펜하우스1단지,2011,개인,,,"69,000",11,1,2026,중개거래,서울 구로구,59.94,8,282,N,,11530,개인,천왕동,구로구
,현대,2001,개인,,,"85,750",10,1,2026,중개거래,서울 구로구,84.99,18,481,N,,11530,개인,개봉동,구로구
,현대,2001,개인,,,"84,000",12,1,2026,중개거래,서울 구로구,84.99,14,481,N,,11530,개인,개봉동,구로구
,우성5,1994,개인,,,"87,000",12,1,2026,중개거래,"서울 강서구, 서울 구로구",59.91,6,638,N,,11530,개인,신도림동,구로구
,한진,2000,개인,,,"58,700",12,1,2026,중개거래,서울 구로구,59.95,22,478,N,,11530,개인,개봉동,구로구
,신도림현대,1994,개인,,,"99,500",12,1,2026,중개거래,서울 구로구,80.01,3,560,N,,11530,개인,구로동,구로구
,한신,1988,개인,,,"43,500",12,1,2026,중개거래,서울 구로구,45.563,5,642-9,N,,11530,개인,구로동,구로구
,하버라인3단지,2019,개인,,,"79,000",9,1,2026,중개거래,서울 구로구,74.87,12,242,N,,11530,개인,항동,구로구
,럭키,1992,개인,,,"77,500",9,1,2026,중개거래,서울 구로구,84.9,13,1257,N,,11530,개인,구로동,구로구
,삼호,1996,개인,,,"53,500",12,1,2026,중개거래,서울 구로구,59.86,1,471,N,,11530,개인,개봉동,구로구
,신도림3차푸르지오,2007,개인,,,"103,000",7,1,2026,중개거래,서울 구로구,90.08,7,435-10,N,,11530,개인,신도림동,구로구
,항동제일풍경채포레스트,2020,개인,,,"68,000",12,1,2026,중개거래,서울 구로구,84.6614,3,246,N,,11530,개인,항동,구로구
,주공2,1987,개인,,,"63,000",12,1,2026,중개거래,서울 구로구,41.3,11,685-223,N,,11530,개인,구로동,구로구
,구로현대,1992,개인,,,"59,000",11,1,2026,중개거래,서울 구로구,56.49,13,1256,N,,11530,개인,구로동,구로구
,천왕이펜하우스1단지,2011,개인,,,"79,000",11,1,2026,중개거래,서울 구로구,84.94,9,282,N,,11530,개인,천왕동,구로구
,동아2,2000,개인,,,"147,500",10,1,2026,중개거래,서울 구로구,84.908,7,644,N,,11530,개인,신도림동,구로구
,신도림현대,1994,개인,,,"95,000",9,1,2026,중개거래,"서울 구로구, 서울 양천구",80.01,2,560,N,,11530,개인,구로동,구로구
,한신휴플러스(1280-0),2007,개인,,,"63,000",10,1,2026,중개거래,서울 구로구,50.17,5,1280,N,,11530,개인,구로동,구로구
,삼환로즈빌,2004,개인,,,"90,000",9,1,2026,중개거래,서울 구로구,84.994,17,336,N,,11530,개인,고척동,구로구
204동,하버라인2단지,2019,개인,,,"67,500",9,1,2026,중개거래,서울 구로구,59.86,7,237,N,26.01.29,11530,개인,항동,구로구
,청솔우성,2000,개인,,,"54,000",9,1,2026,중개거래,서울 구로구,59.27,17,329,N,,11530,개인,고척동,구로구
,구로두산위브,2006,개인,,,"53,700",9,1,2026,중개거래,서울 구로구,36.88,7,1278,N,,11530,개인,구로동,구로구
,삼환로즈빌,2004,개인,,,"80,500",9,1,2026,중개거래,서울 구로구,59.998,14,336,N,,11530,개인,고척동,구로구
216,천왕연지타운2단지,2014,개인,,,"77,000",2,1,2026,중개거래,서울 구로구,84.99,2,281,N,26.01.30,11530,개인,천왕동,구로구
,하버라인2단지,2019,개인,,,"64,000",9,1,2026,중개거래,서울 구로구,59.86,2,237,N,,11530,개인,항동,구로구
,다청림(356),2013,개인,,,"26,500",6,1,2026,중개거래,서울 구로구,36.01,4,356,N,,11530,개인,오류동,구로구
,신도림LG자이,2004,개인,,,"98,000",9,1,2026,중개거래,서울 구로구,84.952,6,42,N,,11530,개인,구로동,구로구
,대림2,2001,개인,,,"114,500",8,1,2026,중개거래,서울 구로구,59.88,18,642,N,,11530,개인,신도림동,구로구
,구로두산,1998,개인,,,"63,000",8,1,2026,중개거래,서울 구로구,63.33,9,1265,N,,11530,개인,구로동,구로구
,신도림태영타운,2000,개인,,,"124,800",5,1,2026,중개거래,서울 구로구,84.87,18,1267,N,,11530,개인,구로동,구로구
,월드,1998,개인,,,"54,000",8,1,2026,중개거래,서울 구로구,59.92,3,1262,N,,11530,개인,구로동,구로구
,벽산,2003,개인,,,"94,000",7,1,2026,중개거래,서울 구로구,84.878,14,334,N,,11530,개인,고척동,구로구
,한마을,1999,개인,,,"85,000",7,1,2026,중개거래,서울 구로구,84.57,2,476,N,,11530,개인,개봉동,구로구
,삼환로즈빌,2004,개인,,,"89,000",7,1,2026,중개거래,서울 구로구,84.994,21,336,N,,11530,개인,고척동,구로구
,하버라인2단지,2019,개인,,,"68,000",7,1,2026,중개거래,서울 구로구,59.86,9,237,N,,11530,개인,항동,구로구
,항동제일풍경채포레스트,2020,개인,,,"70,000",7,1,2026,중개거래,서울 구로구,84.6614,10,246,N,,11530,개인,항동,구로구
,청구,1999,개인,,,"56,300",7,1,2026,중개거래,서울 구로구,59.94,18,326,N,,11530,개인,고척동,구로구
,현대,2001,개인,,,"76,000",7,1,2026,중개거래,서울 구로구,59.94,10,481,N,,11530,개인,개봉동,구로구
,두산,1997,개인,,,"60,000",6,1,2026,중개거래,서울 구로구,84.96,2,472,N,,11530,개인,개봉동,구로구
,구로두산,1998,개인,,,"60,000",6,1,2026,중개거래,서울 구로구,51.84,14,1265,N,,11530,개인,구로동,구로구
,한신휴플러스(1280-0),2007,개인,,,"77,000",6,1,2026,중개거래,서울 구로구,58.03,18,1280,N,,11530,개인,구로동,구로구
,한마을,1999,개인,,,"81,300",7,1,2026,중개거래,서울 구로구,59.57,18,476,N,,11530,개인,개봉동,구로구
,개봉동현대아이파크,2006,개인,,,"87,800",6,1,2026,중개거래,서울 구로구,84.98,4,489,N,,11530,개인,개봉동,구로구
,구일우성,1998,개인,,,"55,000",6,1,2026,중개거래,서울 구로구,59.44,12,1259,N,,11530,개인,구로동,구로구
,현대홈타운아파트,1999,개인,,,"94,900",6,1,2026,중개거래,서울 구로구,59.73,8,641,N,,11530,개인,신도림동,구로구
,두산,1997,개인,,,"55,000",5,1,2026,중개거래,서울 구로구,59.69,25,472,N,,11530,개인,개봉동,구로구
,한마을,1999,개인,,,"80,000",6,1,2026,중개거래,서울 구로구,59.57,18,476,N,,11530,개인,개봉동,구로구
,구로두산,1998,개인,,,"53,000",3,1,2026,중개거래,서울 구로구,44.64,18,1265,N,,11530,개인,구로동,구로구
,청구,1999,개인,,,"57,500",5,1,2026,중개거래,서울 구로구,59.94,12,326,N,,11530,개인,고척동,구로구
,대림2,2001,개인,,,"129,000",5,1,2026,중개거래,서울 구로구,84.95,24,642,N,,11530,개인,신도림동,구로구
,동아2,2000,개인,,,"116,000",5,1,2026,중개거래,서울 구로구,59.595,22,644,N,,11530,개인,신도림동,구로구
,개봉동현대아이파크,2006,개인,26.01.16,O,"73,000",5,1,2026,중개거래,서울 구로구,59.99,2,489,N,,11530,개인,개봉동,구로구
,월드,1998,개인,,,"71,000",5,1,2026,중개거래,"서울 구로구, 서울 양천구",84.94,20,1262,N,,11530,개인,구로동,구로구
,(792-2),1996,개인,,,"29,000",5,1,2026,중개거래,서울 구로구,53.82,3,792-2,N,,11530,개인,구로동,구로구
,우성2,1996,개인,,,"103,000",5,1,2026,중개거래,"서울 강서구, 서울 구로구",84.82,4,639,N,,11530,개인,신도림동,구로구
,신도림태영타운,2000,개인,,,"126,500",2,1,2026,중개거래,경기 안양시 동안구,84.87,18,1267,N,,11530,개인,구로동,구로구
,삼환,1995,개인,,,"55,000",3,1,2026,중개거래,서울 구로구,59.4,4,470,N,,11530,개인,개봉동,구로구
,구로두산위브,2006,개인,,,"51,500",3,1,2026,중개거래,서울 구로구,36.88,11,1278,N,,11530,개인,구로동,구로구
,개봉동현대아이파크,2006,개인,,,"80,800",3,1,2026,중개거래,서울 구로구,59.99,6,489,N,,11530,개인,개봉동,구로구
,미성,1987,개인,,,"70,500",3,1,2026,중개거래,서울 구로구,52.45,12,290,N,,11530,개인,신도림동,구로구
,한신휴플러스(1280-1),2007,개인,,,"84,000",2,1,2026,중개거래,서울 구로구,84.94,5,1280-1,N,,11530,개인,구로동,구로구
,우성5,1994,개인,,,"87,000",3,1,2026,중개거래,서울 구로구,59.91,4,638,N,,11530,개인,신도림동,구로구
,구로두산,1998,개인,,,"64,500",2,1,2026,중개거래,서울 구로구,63.33,16,1265,N,,11530,개인,구로동,구로구
,율포그레이스빌,2002,개인,,,"59,000",5,2,2026,직거래,,84.78,9,483,N,,11530,개인,개봉동,구로구
,고운아파트,2002,개인,,,"49,000",10,2,2026,중개거래,서울 구로구,59.94,12,484,N,,11530,개인,개봉동,구로구
,영화,1998,개인,,,"75,000",12,2,2026,중개거래,서울 구로구,84.96,13,475,N,,11530,개인,개봉동,구로구
,한신,1988,개인,,,"32,000",11,2,2026,중개거래,서울 구로구,35.277,2,642-9,N,,11530,개인,구로동,구로구
,한진,2000,개인,,,"60,000",5,2,2026,중개거래,서울 구로구,59.95,20,478,N,,11530,개인,개봉동,구로구
,온수힐스테이트,2010,개인,,,"80,500",12,2,2026,중개거래,서울 구로구,84.97,4,155,N,,11530,개인,온수동,구로구
,구로현대,1992,개인,,,"80,000",12,2,2026,중개거래,서울 구로구,84.57,13,1256,N,,11530,개인,구로동,구로구
,한진,2000,개인,,,"60,000",12,2,2026,중개거래,서울 구로구,59.95,23,478,N,,11530,개인,개봉동,구로구
,동부골든,1998,개인,,,"63,000",11,2,2026,중개거래,서울 구로구,113.43,14,338,N,,11530,개인,오류동,구로구
,현대연예인,1989,개인,,,"65,500",11,2,2026,중개거래,"서울 구로구, 서울 양천구",74.66,12,685-70,N,,11530,개인,구로동,구로구
,구로두산,1998,개인,,,"51,000",11,2,2026,중개거래,서울 구로구,44.64,9,1265,N,,11530,개인,구로동,구로구
,한마을,1999,개인,,,"95,000",11,2,2026,중개거래,서울 구로구,84.57,23,476,N,,11530,개인,개봉동,구로구
,현대상선,1987,개인,,,"69,700",10,2,2026,중개거래,서울 구로구,79.98,9,685-147,N,,11530,개인,구로동,구로구
,영화,1998,개인,,,"75,500",11,2,2026,중개거래,서울 구로구,84.96,1,475,N,,11530,개인,개봉동,구로구
,현대,1988,개인,,,"50,000",11,2,2026,중개거래,서울 구로구,56.49,10,74-30,N,,11530,개인,구로동,구로구
,삼호,1996,개인,,,"66,000",10,2,2026,중개거래,"경기 양평군, 서울 구로구",59.86,14,471,N,,11530,개인,개봉동,구로구
,삼환,1995,개인,,,"78,000",11,2,2026,중개거래,서울 구로구,114.48,8,470,N,,11530,개인,개봉동,구로구
,구로두산,1998,개인,,,"50,700",11,2,2026,중개거래,서울 구로구,44.64,14,1265,N,,11530,개인,구로동,구로구
,현대,2001,개인,,,"87,000",3,2,2026,중개거래,서울 구로구,84.99,7,481,N,,11530,개인,개봉동,구로구
,대우,1999,개인,,,"59,900",4,2,2026,중개거래,서울 구로구,59.96,15,296,N,,11530,개인,고척동,구로구
,대림역경남아너스빌,2009,개인,,,"71,000",10,2,2026,중개거래,서울 구로구,84.8382,5,1285,N,,11530,개인,구로동,구로구
,우성에비뉴,2008,개인,,,"72,200",10,2,2026,중개거래,서울 구로구,84.9915,13,1284,N,,11530,개인,구로동,구로구
,한신플러스타운,2002,개인,,,"53,000",10,2,2026,중개거래,서울 구로구,59.91,8,341,N,,11530,개인,오류동,구로구
,동부골든,1998,개인,,,"51,000",10,2,2026,중개거래,서울 구로구,71.06,2,338,N,,11530,개인,오류동,구로구
,삼천리,1998,개인,,,"59,500",10,2,2026,중개거래,서울 구로구,59.73,18,340,N,,11530,개인,오류동,구로구
,두산,1997,개인,,,"61,000",10,2,2026,중개거래,서울 구로구,84.96,7,472,N,,11530,개인,개봉동,구로구
,경남2,1999,개인,,,"63,700",8,2,2026,중개거래,서울 구로구,84.85,15,306,N,,11530,개인,고척동,구로구
,영화아이닉스,2005,개인,,,"61,000",9,2,2026,중개거래,서울 구로구,84.98,21,488,N,,11530,개인,개봉동,구로구
,신도림태영타운,2000,개인,,,"135,000",10,2,2026,중개거래,서울 구로구,84.87,6,1267,N,,11530,개인,구로동,구로구
,한일유앤아이,2006,개인,,,"67,000",10,2,2026,중개거래,서울 구로구,84.962,2,1281,N,,11530,개인,구로동,구로구
,삼환,1995,개인,,,"67,500",9,2,2026,중개거래,서울 구로구,84.945,8,470,N,,11530,개인,개봉동,구로구
,주공1,1986,개인,,,"105,000",10,2,2026,중개거래,서울 구로구,83.805,9,685-222,N,,11530,개인,구로동,구로구
,구로두산,1998,개인,,,"51,000",6,2,2026,중개거래,서울 구로구,44.64,10,1265,N,,11530,개인,구로동,구로구
,개봉동현대아이파크,2006,개인,,,"109,000",4,2,2026,중개거래,서울 구로구,117.74,6,489,N,,11530,개인,개봉동,구로구
,온수힐스테이트,2010,개인,,,"70,000",7,2,2026,중개거래,서울 구로구,59.98,3,155,N,,11530,개인,온수동,구로구
,벽산,2003,개인,,,"103,000",9,2,2026,중개거래,서울 구로구,84.878,23,334,N,,11530,개인,고척동,구로구
,구로두산,1998,개인,,,"52,900",4,2,2026,중개거래,서울 구로구,44.64,12,1265,N,,11530,개인,구로동,구로구
,구로두산위브,2006,개인,,,"52,000",9,2,2026,중개거래,서울 구로구,36.88,19,1278,N,,11530,개인,구로동,구로구
,센츄리,1994,개인,,,"64,000",6,2,2026,중개거래,서울 구로구,84.56,4,320,N,,11530,개인,고척동,구로구
,오류동삼전솔하임,2020,개인,,,"25,000",3,2,2026,중개거래,"서울 구로구, 서울 금천구",31.724,8,9-231,N,,11530,개인,오류동,구로구
,두산,1997,개인,,,"61,000",7,2,2026,중개거래,서울 구로구,84.96,21,472,N,,11530,개인,개봉동,구로구
,두산,1997,개인,,,"60,000",7,2,2026,중개거래,서울 구로구,84.96,17,472,N,,11530,개인,개봉동,구로구
,양우,2000,개인,,,"44,500",9,2,2026,중개거래,서울 구로구,59.94,7,328,N,,11530,개인,고척동,구로구
,순영웰라이빌1차,2003,개인,,,"49,900",7,2,2026,중개거래,서울 구로구,59.5,10,106-10,N,,11530,개인,구로동,구로구
,한진,2000,개인,,,"67,000",8,2,2026,중개거래,서울 구로구,84.96,10,478,N,,11530,개인,개봉동,구로구
,두산,1997,개인,,,"55,000",8,2,2026,중개거래,서울 구로구,59.69,23,472,N,,11530,개인,개봉동,구로구
,한진,2000,개인,,,"62,800",8,2,2026,중개거래,서울 구로구,84.96,3,478,N,,11530,개인,개봉동,구로구
,구로두산,1998,개인,,,"49,700",7,2,2026,중개거래,"서울 구로구, 서울 용산구",44.64,19,1265,N,,11530,개인,구로동,구로구
,구로두산,1998,개인,,,"79,000",5,2,2026,중개거래,서울 구로구,84.9,8,1265,N,,11530,개인,구로동,구로구
,구로두산위브,2006,개인,,,"52,000",8,2,2026,중개거래,"서울 강남구, 서울 구로구",36.88,7,1278,N,,11530,개인,구로동,구로구
,한마을,1999,개인,,,"106,000",7,2,2026,중개거래,서울 구로구,149.97,21,476,N,,11530,개인,개봉동,구로구
,개봉동현대아이파크,2006,개인,,,"92,800",7,2,2026,중개거래,서울 구로구,84.98,5,489,N,,11530,개인,개봉동,구로구
,대상,1999,개인,,,"46,000",7,2,2026,중개거래,서울 구로구,59.93,22,477,N,,11530,개인,개봉동,구로구
,구로두산,1998,개인,,,"55,400",7,2,2026,중개거래,서울 구로구,44.64,14,1265,N,,11530,개인,구로동,구로구
,우성3,1993,개인,,,"125,500",6,2,2026,중개거래,서울 구로구,84.75,15,637,N,,11530,개인,신도림동,구로구
,구로두산,1998,개인,,,"62,000",3,2,2026,중개거래,서울 구로구,51.84,6,1265,N,,11530,개인,구로동,구로구
,현대,1988,개인,,,"69,000",6,2,2026,중개거래,서울 구로구,84.57,7,74-30,N,,11530,개인,구로동,구로구
,한일유앤아이,2005,개인,,,"60,000",6,2,2026,중개거래,"서울 구로구, 서울 양천구",59.647,1,337,N,,11530,개인,고척동,구로구
,동선,2004,개인,,,"47,500",5,2,2026,중개거래,서울 구로구,58.2159,18,345,N,,11530,개인,오류동,구로구
,동선,2004,개인,,,"48,000",6,2,2026,중개거래,서울 구로구,58.2159,19,345,N,,11530,개인,오류동,구로구
,오류동휘버스,2006,개인,,,"38,000",4,2,2026,중개거래,서울 구로구,83.97,7,31-4,N,,11530,개인,오류동,구로구
,한마을,1999,개인,,,"79,500",7,2,2026,중개거래,서울 구로구,59.57,20,476,N,,11530,개인,개봉동,구로구
,대우,1999,개인,,,"63,000",6,2,2026,중개거래,서울 구로구,59.97,9,296,N,,11530,개인,고척동,구로구
,현대,1988,개인,,,"58,000",6,2,2026,중개거래,서울 구로구,61.77,8,74-30,N,,11530,개인,구로동,구로구
,센츄리,1994,개인,,,"63,000",2,2,2026,중개거래,"서울 구로구, 서울 양천구",84.64,8,320,N,,11530,개인,고척동,구로구
,두산,1997,개인,,,"56,000",6,2,2026,중개거래,서울 구로구,59.69,9,472,N,,11530,개인,개봉동,구로구
,온수힐스테이트,2010,개인,,,"79,200",5,2,2026,중개거래,서울 구로구,84.99,8,155,N,,11530,개인,온수동,구로구
,벽산,2003,개인,,,"98,500",5,2,2026,중개거래,서울 구로구,84.878,20,334,N,,11530,개인,고척동,구로구
,현대홈타운,2001,개인,,,"86,500",5,2,2026,중개거래,"서울 강남구, 서울 구로구",84.915,21,480,N,,11530,개인,개봉동,구로구
,신도림태영타운,2000,개인,,,"132,800",5,2,2026,중개거래,서울 구로구,84.87,9,1267,N,,11530,개인,구로동,구로구
,대우,1999,개인,,,"66,000",2,2,2026,중개거래,서울 구로구,84.99,14,296,N,,11530,개인,고척동,구로구
,구로두산,1998,개인,,,"59,000",2,2,2026,중개거래,서울 구로구,51.84,8,1265,N,,11530,개인,구로동,구로구
,구로두산,1998,개인,,,"49,700",4,2,2026,중개거래,서울 구로구,44.64,7,1265,N,,11530,개인,구로동,구로구
,다울숲,2010,개인,,,"69,500",2,2,2026,중개거래,서울 구로구,84.32,4,1286,N,,11530,개인,구로동,구로구
,삼성래미안,2004,개인,,,"94,000",4,2,2026,중개거래,"서울 구로구, 서울 동작구",78.665,6,256-1,N,,11530,개인,구로동,구로구
,하버라인2단지,2019,개인,,,"64,600",4,2,2026,중개거래,서울 구로구,59.86,1,237,N,,11530,개인,항동,구로구
,현대,1988,개인,,,"62,000",3,2,2026,중개거래,서울 구로구,72.33,13,74-30,N,,11530,개인,구로동,구로구
,파인마루오피스텔,2016,개인,,,"12,600",3,2,2026,중개거래,서울 구로구,15.75,13,98-12,N,26.02.06,11530,개인,구로동,구로구
,두산,1997,개인,,,"62,000",4,2,2026,중개거래,서울 구로구,84.96,10,472,N,,11530,개인,개봉동,구로구
,개봉동현대아이파크,2006,개인,,,"91,000",4,2,2026,중개거래,서울 구로구,84.98,20,489,N,,11530,개인,개봉동,구로구
,신구로자이,2007,개인,,,"77,000",1,2,2026,중개거래,서울 구로구,84.94,12,501,N,,11530,개인,구로동,구로구
,청구,1999,개인,,,"54,700",3,2,2026,중개거래,서울 구로구,59.94,6,326,N,,11530,개인,고척동,구로구
,디큐브시티,2011,개인,,,"156,000",4,2,2026,중개거래,서울 구로구,105.45,35,692,N,,11530,개인,신도림동,구로구
,신구로자이,2007,개인,,,"84,500",3,2,2026,중개거래,서울 구로구,84.91,18,501,N,,11530,개인,구로동,구로구
,현대,1988,개인,,,"62,500",4,2,2026,중개거래,"서울 구로구, 서울 영등포구",72.33,13,74-30,N,,11530,개인,구로동,구로구
,동아한신,2000,개인,,,"74,000",3,2,2026,중개거래,서울 구로구,84.99,10,327,N,,11530,개인,고척동,구로구
,대림2,2001,개인,,,"149,000",3,2,2026,중개거래,서울 구로구,101.48,23,642,N,,11530,개인,신도림동,구로구
,한마을,1999,개인,,,"76,000",3,2,2026,중개거래,서울 구로구,59.57,2,476,N,,11530,개인,개봉동,구로구
,거성푸르뫼,1993,개인,,,"44,500",3,2,2026,중개거래,서울 구로구,59.89,12,60-101,N,,11530,개인,개봉동,구로구
,현대,2001,개인,26.02.11,O,"87,000",3,2,2026,중개거래,서울 구로구,84.99,7,481,N,,11530,개인,개봉동,구로구
,현대,2001,개인,,,"94,400",3,2,2026,중개거래,서울 구로구,114.99,22,481,N,,11530,개인,개봉동,구로구
,우성1,1992,개인,,,"120,000",3,2,2026,중개거래,서울 구로구,84.96,4,312-17,N,,11530,개인,신도림동,구로구
,삼익(1단지),2001,개인,,,"57,600",3,2,2026,중개거래,서울 구로구,84.96,2,330,N,,11530,개인,고척동,구로구
,경남2,1999,개인,,,"50,800",3,2,2026,중개거래,서울 구로구,59.96,2,306,N,,11530,개인,고척동,구로구
,삼환로즈빌,2004,개인,,,"92,000",2,2,2026,중개거래,서울 구로구,84.994,23,336,N,,11530,개인,고척동,구로구
,우성꿈동산,1996,개인,,,"54,000",3,2,2026,중개거래,서울 구로구,80.29,12,321,N,,11530,개인,고척동,구로구
,케어빌(98-8),2007,개인,,,"46,000",1,2,2026,중개거래,서울 구로구,84.72,5,98-8,N,,11530,개인,구로동,구로구
1,비즈트위트블루,2012,개인,,,"9,700",1,2,2026,중개거래,서울 구로구,16.04,7,107-4,N,26.02.09,11530,개인,구로동,구로구
,개봉동현대아이파크,2006,개인,,,"92,500",2,2,2026,중개거래,서울 구로구,84.98,2,489,N,,11530,개인,개봉동,구로구
,대림1,1999,개인,,,"122,000",2,2,2026,중개거래,서울 구로구,59.88,25,642,N,,11530,개인,신도림동,구로구
,쌍용플래티넘노블,2006,개인,,,"91,000",2,2,2026,중개거래,서울 구로구,123.9,21,46,N,,11530,개인,구로동,구로구
,대림1,1999,개인,,,"123,000",2,2,2026,중개거래,서울 구로구,59.88,17,642,N,,11530,개인,신도림동,구로구
,센츄리,1994,개인,,,"63,500",2,2,2026,중개거래,서울 구로구,84.56,14,320,N,,11530,개인,고척동,구로구
,동도아르떼빌,2003,개인,,,"53,500",2,2,2026,중개거래,서울 구로구,83.01,3,106,N,,11530,개인,구로동,구로구
,동아2,2000,개인,,,"112,000",2,2,2026,중개거래,서울 구로구,59.595,15,644,N,,11530,개인,신도림동,구로구
,한마을,1999,개인,,,"70,000",2,2,2026,중개거래,서울 구로구,59.57,1,476,N,,11530,개인,개봉동,구로구
,성지,1986,개인,,,"67,500",24,1,2026,중개거래,서울 금천구,79.42,5,산173-8,N,,11545,개인,시흥동,금천구
,성웅,2001,개인,,,"42,000",31,1,2026,중개거래,서울 금천구,66.85,7,888-18,N,,11545,개인,독산동,금천구
,삼익,1999,개인,,,"45,000",24,1,2026,중개거래,서울 금천구,59.76,15,5-13,N,,11545,개인,시흥동,금천구
,삼익,1999,개인,,,"42,000",31,1,2026,중개거래,서울 금천구,59.9,5,5-13,N,,11545,개인,시흥동,금천구
,삼익,1999,개인,,,"45,900",30,1,2026,중개거래,서울 금천구,59.9,7,5-13,N,,11545,개인,시흥동,금천구
,남서울힐스테이트,2014,개인,,,"100,000",10,1,2026,중개거래,서울 금천구,84.786,14,1026,N,,11545,개인,시흥동,금천구
,경남아파트,1998,개인,,,"44,500",29,1,2026,중개거래,서울 금천구,59.97,6,820-12,N,,11545,개인,시흥동,금천구
,독산현대,1999,개인,,,"52,000",10,1,2026,중개거래,서울 금천구,58.72,5,293-10,N,,11545,개인,독산동,금천구
,우림메르디앙,2016,개인,,,"43,000",27,1,2026,중개거래,서울 금천구,53.09,5,882-3,N,,11545,개인,시흥동,금천구
,관악산벽산타운5,2004,개인,,,"53,000",26,1,2026,중개거래,서울 금천구,84.97,16,1013,N,,11545,개인,시흥동,금천구
,삼익,1999,개인,,,"40,000",28,1,2026,중개거래,"서울 금천구, 인천 계양구",59.9,8,5-13,N,,11545,개인,시흥동,금천구
,독산주공14단지,1990,개인,,,"64,000",27,1,2026,중개거래,서울 금천구,76.51,14,1088,N,,11545,개인,독산동,금천구
,e편한세상독산더타워,2019,개인,,,"94,000",31,1,2026,중개거래,서울 금천구,84.9256,23,1007-13,N,,11545,개인,독산동,금천구
,남서울건영아파트,1982,개인,,,"43,500",30,1,2026,중개거래,서울 금천구,53.39,4,992-2,N,,11545,개인,시흥동,금천구
104,두산,1998,개인,,,"60,000",28,1,2026,직거래,,59.84,23,769,N,26.02.11,11545,개인,가산동,금천구
,e편한세상독산더타워,2019,개인,,,"75,000",24,1,2026,중개거래,서울 금천구,59.8637,29,1007-13,N,,11545,개인,독산동,금천구
,관악산벽산타운5,2004,개인,,,"55,000",17,1,2026,중개거래,서울 금천구,84.97,3,1013,N,,11545,개인,시흥동,금천구
,금천롯데캐슬골드파크3차,2018,개인,,,"101,000",31,1,2026,중개거래,서울 금천구,59.968,20,1155,N,,11545,개인,독산동,금천구
,삼익,1998,개인,,,"48,000",31,1,2026,중개거래,서울 금천구,59.94,9,234-46,N,,11545,개인,가산동,금천구
,럭키남서울아파트,1981,개인,,,"41,800",23,1,2026,중개거래,"경기 안양시 동안구, 서울 금천구",41.22,7,1002-1,N,,11545,개인,시흥동,금천구
,금천롯데캐슬골드파크1차,2016,개인,,,"124,000",31,1,2026,중개거래,서울 금천구,84.8114,24,1147,N,,11545,개인,독산동,금천구
,금천롯데캐슬골드파크1차,2016,개인,,,"95,000",30,1,2026,중개거래,서울 금천구,59.9384,9,1147,N,,11545,개인,독산동,금천구
,청광플러스원,2003,개인,,,"62,000",24,1,2026,중개거래,"서울 강남구, 서울 금천구",84.995,8,1139,N,,11545,개인,독산동,금천구
,삼익,1999,기타,,,"59,400",28,1,2026,중개거래,서울 금천구,84.96,12,5-13,N,,11545,개인,시흥동,금천구
,금천롯데캐슬골드파크3차,2018,개인,,,"122,000",17,1,2026,중개거래,서울 금천구,84.408,15,1155,N,,11545,개인,독산동,금천구
,한신아파트,1991,개인,,,"63,500",27,1,2026,중개거래,"경기 광명시, 서울 금천구",89.46,15,1093-4,N,,11545,개인,독산동,금천구
,한신아파트,1991,개인,,,"63,300",28,1,2026,중개거래,"서울 강남구, 서울 금천구",89.46,4,1093-4,N,,11545,개인,독산동,금천구
1,가산양우내안에애플,2013,개인,,,"10,050",29,1,2026,중개거래,서울 금천구,12.04,11,141-2,N,26.01.30,11545,개인,가산동,금천구
,두산,1998,개인,,,"65,000",14,1,2026,중개거래,서울 금천구,59.84,19,769,N,,11545,개인,가산동,금천구
,남서울건영2,1989,개인,,,"31,500",29,1,2026,중개거래,서울 금천구,41.34,11,384-12,N,,11545,개인,시흥동,금천구
,남서울건영2,1989,개인,,,"31,000",28,1,2026,중개거래,서울 금천구,41.34,7,384-12,N,,11545,개인,시흥동,금천구
,시흥동월드메르디앙,2006,개인,,,"49,000",28,1,2026,중개거래,서울 관악구,59.88,3,806,N,,11545,개인,시흥동,금천구
,금천현대,2002,개인,,,"61,000",28,1,2026,중개거래,서울 금천구,59.82,8,711-2,N,,11545,개인,독산동,금천구
,경남아파트,1998,개인,,,"43,000",22,1,2026,직거래,,59.97,7,820-12,N,,11545,개인,시흥동,금천구
,관악산벽산타운5,2004,개인,,,"45,000",25,1,2026,중개거래,서울 금천구,59.34,10,1013,N,,11545,개인,시흥동,금천구
,남서울건영2,1989,개인,,,"29,900",26,1,2026,중개거래,서울 금천구,41.34,9,384-12,N,,11545,개인,시흥동,금천구
1동,가산지웰에스테이트2차,2018,개인,,,"11,000",28,1,2026,중개거래,서울 금천구,14.12,10,143-6,N,26.01.28,11545,개인,가산동,금천구
,관악산벽산타운5,2004,개인,,,"44,500",27,1,2026,중개거래,서울 금천구,59.34,12,1013,N,,11545,개인,시흥동,금천구
,독산동중앙하이츠빌,2004,개인,,,"84,000",24,1,2026,중개거래,서울 금천구,84.8768,19,1140,N,,11545,개인,독산동,금천구
,금천현대,2002,개인,,,"67,300",28,1,2026,중개거래,서울 금천구,84.83,17,711-2,N,,11545,개인,독산동,금천구
,삼일,1997,개인,,,"37,000",28,1,2026,중개거래,서울 금천구,59.91,2,948,N,,11545,개인,시흥동,금천구
,두산,1998,개인,,,"59,000",27,1,2026,중개거래,서울 금천구,59.84,1,769,N,,11545,개인,가산동,금천구
,벽산,2000,개인,,,"57,000",27,1,2026,중개거래,서울 금천구,114.84,18,1010,N,,11545,개인,시흥동,금천구
,금천롯데캐슬골드파크1차,2016,개인,,,"117,000",17,1,2026,중개거래,서울 금천구,84.8114,8,1147,N,,11545,개인,독산동,금천구
,두산,1998,개인,,,"66,000",19,1,2026,중개거래,서울 금천구,84.9,1,769,N,,11545,개인,가산동,금천구
,한신아파트,1991,개인,,,"63,300",24,1,2026,중개거래,서울 금천구,89.46,10,1093-4,N,,11545,개인,독산동,금천구
,독산동한양수자인,2011,개인,,,"71,000",17,1,2026,중개거래,서울 금천구,68.161,13,1144,N,,11545,개인,독산동,금천구
,우방,2002,개인,,,"65,300",2,1,2026,직거래,,114.89,19,1011,N,,11545,개인,시흥동,금천구
,금천롯데캐슬골드파크3차,2018,개인,,,"100,000",25,1,2026,중개거래,서울 금천구,59.968,24,1155,N,,11545,개인,독산동,금천구
,우방,2002,개인,,,"46,800",25,1,2026,중개거래,서울 금천구,59.91,5,1011,N,,11545,개인,시흥동,금천구
,금천롯데캐슬골드파크3차,2018,개인,,,"99,500",24,1,2026,중개거래,서울 금천구,59.9662,27,1155,N,,11545,개인,독산동,금천구
,남서울건영2,1989,개인,,,"52,500",13,1,2026,중개거래,서울 금천구,84.82,12,384-12,N,,11545,개인,시흥동,금천구
,금천롯데캐슬골드파크3차,2018,개인,,,"119,000",24,1,2026,중개거래,서울 금천구,84.4855,24,1155,N,,11545,개인,독산동,금천구
,남서울힐스테이트,2014,개인,,,"81,000",24,1,2026,중개거래,서울 금천구,59.817,10,1026,N,,11545,개인,시흥동,금천구
,금천현대,2002,개인,,,"57,000",21,1,2026,중개거래,"서울 관악구, 서울 금천구",59.82,5,711-2,N,,11545,개인,독산동,금천구
,진도1차,1996,개인,,,"38,500",21,1,2026,중개거래,서울 금천구,59.94,4,1002,N,,11545,개인,독산동,금천구
,금천현대,2002,개인,,,"59,000",23,1,2026,중개거래,서울 금천구,59.82,4,711-2,N,,11545,개인,독산동,금천구
,삼익,1999,개인,,,"64,000",23,1,2026,중개거래,서울 금천구,114.48,7,5-13,N,,11545,개인,시흥동,금천구
,예전이룸(965-1),2003,개인,,,"46,500",23,1,2026,중개거래,서울 금천구,62.127,2,965-1,N,,11545,개인,독산동,금천구
,삼익,1999,개인,,,"40,700",17,1,2026,중개거래,서울 금천구,59.9,1,5-13,N,,11545,개인,시흥동,금천구
,이랜드해가든,2008,개인,,,"75,000",16,1,2026,중개거래,서울 금천구,84.935,21,1143,N,,11545,개인,독산동,금천구
1,무지개,1980,개인,,,"34,000",22,1,2026,직거래,,53.75,6,109-1,N,26.02.11,11545,개인,시흥동,금천구
,독산주공14단지,1990,개인,,,"40,000",10,1,2026,중개거래,경기 광명시,44.89,13,1088,N,,11545,개인,독산동,금천구
,관악산벽산타운5,2004,개인,,,"66,000",19,1,2026,중개거래,서울 금천구,114.84,7,1013,N,,11545,개인,시흥동,금천구
,남서울힐스테이트,2014,개인,,,"77,000",10,1,2026,중개거래,서울 금천구,59.87,6,1026,N,,11545,개인,시흥동,금천구
,무지개,1980,개인,,,"46,700",20,1,2026,중개거래,서울 금천구,53.75,9,109-1,N,,11545,개인,시흥동,금천구
,무지개,1980,개인,,,"48,000",9,1,2026,중개거래,서울 금천구,53.79,7,109-1,N,,11545,개인,시흥동,금천구
,독산주공14단지,1990,개인,,,"35,000",10,1,2026,중개거래,"경기 광명시, 서울 구로구",38.64,15,1088,N,,11545,개인,독산동,금천구
,독산동중앙하이츠빌,2004,개인,,,"73,000",19,1,2026,중개거래,서울 금천구,84.8768,15,1140,N,,11545,개인,독산동,금천구
,우방,2002,개인,,,"63,000",19,1,2026,중개거래,서울 금천구,84.84,13,1011,N,,11545,개인,시흥동,금천구
,이랜드해가든,2008,개인,26.01.22,O,"75,000",16,1,2026,중개거래,서울 금천구,84.935,21,1143,N,,11545,개인,독산동,금천구
,청호센트레빌,2003,개인,,,"40,000",6,1,2026,중개거래,서울 금천구,72.36,2,887-5,N,,11545,개인,독산동,금천구
,SM엘루이,2012,개인,,,"58,000",17,1,2026,중개거래,서울 금천구,71.09,8,791-40,N,,11545,개인,시흥동,금천구
,관악산벽산타운5,2004,개인,,,"68,000",17,1,2026,중개거래,서울 금천구,114.84,10,1013,N,,11545,개인,시흥동,금천구
,금천롯데캐슬골드파크3차,2018,개인,,,"97,000",15,1,2026,중개거래,서울 금천구,59.9662,27,1155,N,,11545,개인,독산동,금천구
,금천롯데캐슬골드파크3차,2018,개인,,,"95,000",10,1,2026,중개거래,서울 금천구,59.968,24,1155,N,,11545,개인,독산동,금천구
,금천롯데캐슬골드파크3차,2018,개인,,,"95,000",16,1,2026,중개거래,서울 금천구,59.968,9,1155,N,,11545,개인,독산동,금천구
,두산,1998,개인,,,"72,000",15,1,2026,중개거래,서울 금천구,84.9,18,769,N,,11545,개인,가산동,금천구
,금천롯데캐슬골드파크1차,2016,개인,,,"113,000",14,1,2026,중개거래,서울 금천구,84.4633,25,1147,N,,11545,개인,독산동,금천구
,금천롯데캐슬골드파크1차,2016,개인,,,"113,500",14,1,2026,중개거래,서울 금천구,84.4623,4,1147,N,,11545,개인,독산동,금천구
,SM엘루이,2012,개인,,,"60,000",12,1,2026,중개거래,서울 금천구,84.97,4,791-40,N,,11545,개인,시흥동,금천구
,한신아파트,1991,개인,,,"63,500",10,1,2026,중개거래,서울 금천구,89.46,2,1093-4,N,,11545,개인,독산동,금천구
,금천롯데캐슬골드파크2차201동202동,2017,개인,,,"89,500",12,1,2026,중개거래,"경기 평택시, 서울 금천구",59.27,29,1150,N,,11545,개인,독산동,금천구
107,금천현대,2002,개인,,,"62,500",9,1,2026,중개거래,서울 금천구,84.83,1,711-2,N,26.02.02,11545,개인,독산동,금천구
,e편한세상독산더타워,2019,개인,,,"75,000",12,1,2026,중개거래,서울 금천구,59.9673,11,1007-13,N,,11545,개인,독산동,금천구
,시흥(817-29),1975,개인,,,"24,800",10,1,2026,중개거래,서울 금천구,39.83,2,817-29,N,,11545,개인,시흥동,금천구
,벽산3,1998,개인,,,"49,500",10,1,2026,중개거래,서울 금천구,84.96,6,1006,N,,11545,개인,시흥동,금천구
,금천현대,2002,개인,,,"60,000",9,1,2026,중개거래,서울 금천구,59.82,7,711-2,N,,11545,개인,독산동,금천구
,독산동중앙하이츠빌,2004,개인,,,"72,000",10,1,2026,중개거래,서울 금천구,84.8768,6,1140,N,,11545,개인,독산동,금천구
1,가산지웰에스테이트,2013,개인,,,"10,500",15,1,2026,중개거래,서울 양천구,15.52,9,140-9,N,26.01.15,11545,개인,가산동,금천구
,금천롯데캐슬골드파크1차,2016,개인,,,"119,000",10,1,2026,중개거래,서울 금천구,84.8114,9,1147,N,,11545,개인,독산동,금천구
,삼익,1998,개인,,,"52,000",10,1,2026,중개거래,"광주 서구, 서울 금천구",69.72,4,956,N,,11545,개인,독산동,금천구
,두산,1998,개인,,,"63,000",10,1,2026,중개거래,서울 금천구,59.84,18,769,N,,11545,개인,가산동,금천구
,금천롯데캐슬골드파크1차,2016,개인,,,"99,700",10,1,2026,중개거래,"서울 금천구, 서울 영등포구",59.9384,12,1147,N,,11545,개인,독산동,금천구
,금천롯데캐슬골드파크3차,2018,개인,,,"96,000",10,1,2026,중개거래,서울 금천구,59.9672,19,1155,N,,11545,개인,독산동,금천구
,금천현대,2002,개인,,,"54,500",9,1,2026,중개거래,서울 금천구,59.82,2,711-2,N,,11545,개인,독산동,금천구
,남서울건영아파트,1982,개인,,,"55,000",5,1,2026,중개거래,서울 금천구,77.02,3,992-2,N,,11545,개인,시흥동,금천구
,금천롯데캐슬골드파크1차,2016,개인,,,"109,000",9,1,2026,중개거래,서울 금천구,72.5249,29,1147,N,,11545,개인,독산동,금천구
,한신아파트,1991,개인,,,"68,000",8,1,2026,중개거래,서울 금천구,89.46,12,1093-4,N,,11545,개인,독산동,금천구
1동,가산지웰에스테이트2차,2018,개인,,,"11,000",9,1,2026,중개거래,서울 금천구,14.12,10,143-6,N,26.01.09,11545,개인,가산동,금천구
,금천롯데캐슬골드파크3차,2018,개인,,,"95,000",6,1,2026,중개거래,"서울 금천구, 서울 영등포구",59.968,36,1155,N,,11545,개인,독산동,금천구
,우방,2002,개인,,,"41,400",6,1,2026,중개거래,"서울 관악구, 서울 금천구",59.91,1,1011,N,,11545,개인,시흥동,금천구
,벽산,2000,개인,,,"52,000",6,1,2026,중개거래,서울 금천구,84.99,8,1010,N,,11545,개인,시흥동,금천구
,금천롯데캐슬골드파크2차201동202동,2017,개인,,,"88,800",6,1,2026,중개거래,서울 금천구,59.27,9,1150,N,,11545,개인,독산동,금천구
,독산주공14단지,1990,개인,,,"51,000",5,1,2026,중개거래,경기 광명시,59.22,14,1088,N,,11545,개인,독산동,금천구
,금천롯데캐슬골드파크2차201동202동,2017,개인,,,"90,000",3,1,2026,중개거래,서울 금천구,59.98,31,1150,N,,11545,개인,독산동,금천구
,관악산벽산타운5,2004,개인,,,"44,000",3,1,2026,중개거래,서울 금천구,59.34,15,1013,N,,11545,개인,시흥동,금천구
,금천롯데캐슬골드파크2차201동202동,2017,개인,,,"92,500",3,1,2026,중개거래,서울 금천구,59.98,12,1150,N,,11545,개인,독산동,금천구
,시흥베르빌,2004,개인,,,"74,700",2,1,2026,중개거래,서울 금천구,81.16,10,1015,N,,11545,개인,시흥동,금천구
107,벽산,2000,개인,,,"60,000",2,1,2026,중개거래,서울 금천구,114.84,9,1010,N,26.01.30,11545,개인,시흥동,금천구
,남서울힐스테이트,2014,개인,,,"90,000",19,2,2026,중개거래,경기 광명시,84.786,9,1026,N,,11545,개인,시흥동,금천구
,진도1차,1996,개인,,,"43,000",9,2,2026,중개거래,서울 금천구,59.94,9,1002,N,,11545,개인,독산동,금천구
,우방,2002,개인,,,"46,000",6,2,2026,중개거래,서울 금천구,59.91,3,1011,N,,11545,개인,시흥동,금천구
,우방,2002,개인,,,"62,500",12,2,2026,중개거래,서울 금천구,84.84,17,1011,N,,11545,개인,시흥동,금천구
,금천롯데캐슬골드파크1차,2016,개인,26.02.19,O,"110,000",4,2,2026,중개거래,서울 금천구,84.4417,2,1147,N,,11545,개인,독산동,금천구
,금천롯데캐슬골드파크2차201동202동,2017,개인,,,"89,000",3,2,2026,중개거래,서울 금천구,59.27,17,1150,N,,11545,개인,독산동,금천구
,한신아파트,1991,개인,,,"80,000",5,2,2026,중개거래,서울 금천구,129.66,5,1093-4,N,,11545,개인,독산동,금천구
,비즈트위트바이올렛5차,2014,개인,,,"12,500",6,2,2026,중개거래,경기 수원시 팔달구,12.1,12,140-36,N,,11545,개인,가산동,금천구
,남서울힐스테이트,2014,개인,,,"91,000",7,2,2026,중개거래,서울 금천구,84.786,22,1026,N,,11545,개인,시흥동,금천구
,e편한세상독산더타워,2019,개인,,,"79,000",7,2,2026,중개거래,서울 금천구,59.6222,35,1007-13,N,,11545,개인,독산동,금천구
,금천롯데캐슬골드파크2차201동202동,2017,개인,,,"93,000",2,2,2026,중개거래,서울 금천구,59.27,29,1150,N,,11545,개인,독산동,금천구
,진도1차,1996,개인,,,"54,800",7,2,2026,중개거래,서울 금천구,84.84,7,1002,N,,11545,개인,독산동,금천구
,신도브래뉴,2002,개인,,,"56,000",7,2,2026,중개거래,서울 금천구,55.55,6,955,N,,11545,개인,독산동,금천구
,금천롯데캐슬골드파크1차,2016,개인,,,"118,500",7,2,2026,중개거래,서울 금천구,84.8114,10,1147,N,,11545,개인,독산동,금천구
,금천롯데캐슬골드파크3차,2018,개인,,,"123,500",6,2,2026,중개거래,서울 금천구,84.408,33,1155,N,,11545,개인,독산동,금천구
,남서울힐스테이트,2014,개인,,,"79,000",7,2,2026,중개거래,서울 금천구,59.87,3,1026,N,,11545,개인,시흥동,금천구
,한신아파트,1991,개인,,,"80,000",5,2,2026,중개거래,서울 금천구,129.66,9,1093-4,N,,11545,개인,독산동,금천구
,금천현대,2002,개인,,,"67,000",4,2,2026,중개거래,서울 금천구,84.83,11,711-2,N,,11545,개인,독산동,금천구
,한신아파트,1991,개인,,,"65,000",4,2,2026,중개거래,서울 금천구,89.46,6,1093-4,N,,11545,개인,독산동,금천구
,금천현대,2002,개인,,,"68,000",4,2,2026,중개거래,서울 금천구,84.83,13,711-2,N,,11545,개인,독산동,금천구
,금천롯데캐슬골드파크3차,2018,개인,,,"124,000",4,2,2026,중개거래,서울 금천구,84.408,17,1155,N,,11545,개인,독산동,금천구
,금천롯데캐슬골드파크2차201동202동,2017,개인,,,"105,000",2,2,2026,중개거래,서울 금천구,84.97,28,1150,N,,11545,개인,독산동,금천구
,남서울힐스테이트,2014,개인,,,"81,000",3,2,2026,중개거래,서울 금천구,59.817,26,1026,N,,11545,개인,시흥동,금천구
,금천롯데캐슬골드파크3차,2018,개인,,,"97,700",2,2,2026,중개거래,서울 금천구,59.9672,19,1155,N,,11545,개인,독산동,금천구
,한신아파트,1991,개인,,,"63,600",2,2,2026,중개거래,"서울 금천구, 전남 무안군",89.46,4,1093-4,N,,11545,개인,독산동,금천구
,금천현대,2002,개인,,,"60,000",2,2,2026,중개거래,서울 금천구,59.82,4,711-2,N,,11545,개인,독산동,금천구
,남서울건영2,1989,개인,26.02.03,O,"23,000",1,2,2026,직거래,,41.34,2,384-12,N,,11545,개인,시흥동,금천구
,광장,1978,개인,,,"380,000",27,1,2026,중개거래,"서울 양천구, 서울 영등포구",139.14,3,28,N,,11560,개인,여의도동,영등포구
,보라매정은벚꽃마을,2014,개인,,,"77,500",31,1,2026,중개거래,서울 영등포구,74.53,7,4944,N,,11560,개인,신길동,영등포구
,당산대우,1999,개인,,,"35,750",30,1,2026,중개거래,서울 영등포구,31.73,14,16-1,N,,11560,개인,당산동2가,영등포구
,래미안에스티움,2017,개인,,,"191,000",31,1,2026,중개거래,서울 영등포구,84.93,14,4950,N,,11560,개인,신길동,영등포구
,당산계룡리슈빌2단지,2014,개인,,,"73,000",18,1,2026,중개거래,서울 영등포구,38.77,14,566,N,,11560,개인,당산동3가,영등포구
,문래건영,1998,개인,,,"120,000",30,1,2026,중개거래,서울 영등포구,84.87,2,93-1,N,,11560,개인,문래동3가,영등포구
,우성5,1993,개인,,,"82,000",31,1,2026,중개거래,서울 영등포구,84.98,1,4933,N,,11560,개인,신길동,영등포구
,여의휴젠느,2018,개인,,,"49,500",31,1,2026,중개거래,서울 영등포구,36.85,16,94-99,N,,11560,개인,영등포동7가,영등포구
,당산어울림2차,2009,개인,,,"119,000",29,1,2026,중개거래,서울 영등포구,84.9651,2,563,N,,11560,개인,당산동3가,영등포구
,공작,1976,개인,,,"377,000",12,1,2026,중개거래,서울 영등포구,125.75,11,21-2,N,,11560,개인,여의도동,영등포구
,브라운스톤영등포,2004,개인,,,"100,500",18,1,2026,중개거래,서울 영등포구,84.9,11,202,N,,11560,개인,영등포동7가,영등포구
,영일,1969,개인,,,"66,500",19,1,2026,중개거래,서울 영등포구,38.02,2,618-83,N,,11560,개인,영등포동,영등포구
,삼익플라주201동,2012,개인,,,"90,000",21,1,2026,중개거래,"서울 강서구, 서울 영등포구",84.55,6,105,N,,11560,개인,양평동3가,영등포구
,시범,1971,개인,,,"280,000",22,1,2026,중개거래,서울 영등포구,79.24,4,50,N,,11560,개인,여의도동,영등포구
레전드힐스,신길레전드힐스,2013,개인,,,"9,700",31,1,2026,중개거래,서울 동작구,13.74,7,261-22,N,26.02.05,11560,개인,신길동,영등포구
,경남,1999,개인,,,"103,500",13,1,2026,중개거래,"서울 노원구, 서울 영등포구",84.96,3,67-1,N,,11560,개인,신길동,영등포구
,신대림자이2단지,2007,개인,,,"84,500",26,1,2026,중개거래,서울 영등포구,84.45,21,1122,N,,11560,개인,대림동,영등포구
,당산삼성2차,1997,개인,,,"147,800",14,1,2026,중개거래,서울 영등포구,84.93,7,94-1,N,,11560,개인,당산동4가,영등포구
,e편한세상영등포아델포레,2020,개인,,,"154,000",29,1,2026,중개거래,서울 영등포구,84.995,9,1127,N,,11560,개인,대림동,영등포구
,당산삼성2차,1997,개인,,,"152,500",17,1,2026,중개거래,서울 영등포구,84.93,18,94-1,N,,11560,개인,당산동4가,영등포구
,양평현대6차,2000,개인,,,"140,000",31,1,2026,중개거래,서울 영등포구,84.94,3,101,N,,11560,개인,양평동3가,영등포구
,대성유니드,2003,개인,,,"71,500",31,1,2026,중개거래,서울 영등포구,83.5,2,389,N,,11560,개인,신길동,영등포구
,보라매 신동아 파밀리에,2016,개인,,,"97,500",31,1,2026,중개거래,"서울 동작구, 서울 영등포구",84.88,12,1125,N,,11560,개인,대림동,영등포구
,경남,1999,개인,,,"100,000",31,1,2026,중개거래,서울 영등포구,59.96,10,67-1,N,,11560,개인,신길동,영등포구
,양평현대6차,2000,개인,,,"140,000",31,1,2026,중개거래,서울 영등포구,84.94,14,101,N,,11560,개인,양평동3가,영등포구
,래미안영등포프레비뉴,2015,개인,,,"149,000",31,1,2026,중개거래,서울 영등포구,59.99,2,4945,N,,11560,개인,신길동,영등포구
,성원(650),1995,개인,,,"62,000",31,1,2026,중개거래,서울 영등포구,59.63,15,650,N,,11560,개인,대림동,영등포구
,영등포아트자이,2014,개인,,,"159,000",30,1,2026,중개거래,"서울 영등포구, 서울 중구",84.764,23,821,N,,11560,개인,도림동,영등포구
,문래모아미래도,2017,개인,,,"143,000",30,1,2026,중개거래,서울 영등포구,84.81,4,67,N,,11560,개인,문래동5가,영등포구
,브라운스톤영등포,2004,개인,,,"100,000",31,1,2026,중개거래,"서울 마포구, 서울 영등포구",84.9,7,202,N,,11560,개인,영등포동7가,영등포구
,진로,1997,개인,,,"135,000",30,1,2026,중개거래,서울 영등포구,84.87,7,16-1,N,,11560,개인,당산동1가,영등포구
,여의도의아침,2012,개인,,,"10,200",20,1,2026,직거래,,12.03,4,29,N,26.01.30,11560,개인,영등포동1가,영등포구
,진로,1997,개인,,,"115,700",30,1,2026,중개거래,서울 영등포구,59.4,7,16-1,N,,11560,개인,당산동1가,영등포구
,당산한양,1986,개인,,,"148,500",30,1,2026,중개거래,"서울 강서구, 서울 영등포구",84.93,7,2-6,N,,11560,개인,당산동3가,영등포구
,여의도자이,2008,개인,,,"467,000",23,1,2026,중개거래,서울 영등포구,210.38,27,47,N,,11560,개인,여의도동,영등포구
,당산반도유보라팰리스,2010,개인,,,"170,000",3,1,2026,중개거래,서울 영등포구,124.62,6,96,N,,11560,개인,당산동4가,영등포구
,동부센트레빌,2003,개인,,,"168,000",13,1,2026,중개거래,"경기 안양시 동안구, 서울 영등포구",134.83,15,561,N,,11560,개인,당산동3가,영등포구
,보라매경남아너스빌,2005,개인,,,"140,000",30,1,2026,중개거래,"서울 동작구, 서울 영등포구",114.19,10,4780,N,,11560,개인,신길동,영등포구
,당산반도유보라팰리스,2010,개인,,,"183,000",19,1,2026,중개거래,서울 영등포구,157.87,18,96,N,,11560,개인,당산동4가,영등포구
,현대3차,1997,개인,,,"118,200",30,1,2026,중개거래,서울 영등포구,84.89,5,608-1,N,,11560,개인,대림동,영등포구
,당산센트럴아이파크,2020,개인,,,"223,000",29,1,2026,중개거래,서울 영등포구,71.98,20,43,N,,11560,개인,당산동5가,영등포구
,상록수,1999,개인,,,"62,000",19,1,2026,중개거래,서울 영등포구,59.54,13,45,N,,11560,개인,양평동2가,영등포구
,(1101-1),2012,개인,,,"10,800",23,1,2026,중개거래,서울 영등포구,14.81,7,1101-1,N,,11560,개인,대림동,영등포구
,우성2,1986,개인,,,"144,000",29,1,2026,중개거래,"서울 동작구, 서울 송파구, 서울 영등포구",84.47,6,4518,N,,11560,개인,신길동,영등포구
,현대2차,1990,개인,,,"154,000",24,1,2026,중개거래,서울 영등포구,80.92,4,79-4,N,,11560,개인,양평동3가,영등포구
,창건애드웰,2006,개인,,,"84,000",23,1,2026,중개거래,서울 영등포구,84.69,9,270,N,,11560,개인,양평동1가,영등포구
,현대3차,1997,개인,,,"112,500",24,1,2026,중개거래,서울 영등포구,84.89,6,608-1,N,,11560,개인,대림동,영등포구
,우성2,1986,개인,,,"145,000",28,1,2026,중개거래,"서울 동작구, 서울 영등포구",84.47,5,4518,N,,11560,개인,신길동,영등포구
,양평현대6차,2000,개인,,,"126,000",28,1,2026,중개거래,서울 영등포구,59.98,8,101,N,,11560,개인,양평동3가,영등포구
,양평한신,1996,개인,,,"120,000",28,1,2026,중개거래,서울 영등포구,59.94,10,76,N,,11560,개인,양평동5가,영등포구
,삼성래미안,1998,개인,,,"124,000",24,1,2026,중개거래,서울 영등포구,114.63,10,38-1,N,,11560,개인,양평동2가,영등포구
,신대림자이2단지,2007,개인,,,"89,000",28,1,2026,중개거래,서울 영등포구,84.83,6,1122,N,,11560,개인,대림동,영등포구
,현대1,1992,개인,,,"81,700",28,1,2026,중개거래,"서울 강남구, 서울 영등포구",84.75,17,785-1,N,,11560,개인,대림동,영등포구
,한성,1997,개인,,,"145,000",12,1,2026,중개거래,서울 영등포구,134.33,3,769-1,N,,11560,개인,신길동,영등포구
,우성2,1986,개인,,,"133,000",28,1,2026,중개거래,서울 영등포구,64.4,3,4518,N,,11560,개인,신길동,영등포구
,문래힐스테이트,2003,개인,,,"177,000",22,1,2026,중개거래,서울 영등포구,84.92,11,94,N,,11560,개인,문래동3가,영등포구
,당산현대3차,1988,개인,,,"134,500",27,1,2026,중개거래,서울 영등포구,59.26,14,88,N,,11560,개인,당산동4가,영등포구
,우성1,1985,개인,,,"54,500",10,1,2026,중개거래,서울 영등포구,52.07,1,696,N,,11560,개인,대림동,영등포구
,문래공원한신,1988,개인,,,"116,500",24,1,2026,중개거래,서울 영등포구,58.96,7,77-2,N,,11560,개인,문래동3가,영등포구
,신길센트럴아이파크,2019,개인,,,"150,000",27,1,2026,중개거래,서울 영등포구,59.98,25,4955,N,,11560,개인,신길동,영등포구
,신동아,1987,개인,,,"59,000",21,1,2026,중개거래,서울 영등포구,67.41,13,777-1,N,,11560,개인,대림동,영등포구
,진주,1977,개인,,,"221,500",24,1,2026,중개거래,서울 영등포구,48.26,6,54,N,,11560,개인,여의도동,영등포구
,당산계룡리슈빌3단지,2014,개인,,,"83,700",24,1,2026,중개거래,서울 영등포구,49.963,8,565,N,,11560,개인,당산동3가,영등포구
,예지팰리스77차,2015,개인,,,"75,000",24,1,2026,중개거래,서울 영등포구,77.76,5,99,N,,11560,개인,문래동3가,영등포구
,상록수,1999,개인,,,"60,000",26,1,2026,중개거래,서울 영등포구,59.67,10,45,N,,11560,개인,양평동2가,영등포구
,문래대림,2000,개인,,,"85,000",24,1,2026,중개거래,서울 영등포구,84.92,9,1,N,,11560,개인,문래동5가,영등포구
,문래모아미래도,2017,개인,,,"144,000",26,1,2026,중개거래,"서울 양천구, 서울 영등포구",84.75,16,67,N,,11560,개인,문래동5가,영등포구
,e편한세상영등포아델포레,2020,개인,,,"140,000",19,1,2026,중개거래,서울 영등포구,59.968,15,1127,N,,11560,개인,대림동,영등포구
,경남아너스빌,1998,개인,,,"140,000",24,1,2026,중개거래,서울 영등포구,114.77,1,46-1,N,,11560,개인,영등포동7가,영등포구
,당산현대5차,2000,개인,,,"165,000",22,1,2026,중개거래,"서울 영등포구, 서울 용산구",59.75,8,30-1,N,,11560,개인,당산동4가,영등포구
,현대2,1992,개인,,,"79,000",24,1,2026,중개거래,서울 영등포구,84.74,9,785,N,,11560,개인,대림동,영등포구
,현대1,1992,개인,,,"76,000",24,1,2026,중개거래,서울 영등포구,66.66,6,785-1,N,,11560,개인,대림동,영등포구
,삼환,1997,개인,,,"106,000",23,1,2026,중개거래,서울 영등포구,59.53,2,897-1,N,,11560,개인,신길동,영등포구
,래미안에스티움,2017,개인,,,"202,500",24,1,2026,중개거래,서울 영등포구,118.03,19,4950,N,,11560,개인,신길동,영등포구
,현대2,1992,개인,,,"78,300",24,1,2026,중개거래,서울 영등포구,84.74,14,785,N,,11560,개인,대림동,영등포구
,신길센트럴자이아파트,2021,개인,,,"187,000",24,1,2026,중개거래,"서울 서대문구, 서울 영등포구",84.98,5,4964,N,,11560,개인,신길동,영등포구
,현대1차,1986,개인,,,"85,700",24,1,2026,중개거래,서울 영등포구,64.38,11,46,N,,11560,개인,문래동6가,영등포구
,당산2가현대홈타운,1994,개인,,,"151,000",17,1,2026,중개거래,서울 영등포구,82.77,2,164,N,,11560,개인,당산동2가,영등포구
,삼환,1997,개인,,,"119,800",24,1,2026,중개거래,서울 영등포구,84.84,11,897-1,N,,11560,개인,신길동,영등포구
,경남아너스빌,1998,개인,,,"86,800",23,1,2026,중개거래,서울 강동구,114.77,3,46-1,N,,11560,개인,영등포동7가,영등포구
,시범,1971,개인,,,"259,000",13,1,2026,중개거래,서울 영등포구,60.96,5,50,N,,11560,개인,여의도동,영등포구
,양평현대6차,2000,개인,,,"135,000",12,1,2026,중개거래,서울 영등포구,84.94,6,101,N,,11560,개인,양평동3가,영등포구
,쌍용예가클래식,2010,개인,,,"144,000",6,1,2026,중개거래,서울 영등포구,95.2,8,559,N,,11560,개인,당산동3가,영등포구
레전드힐스,신길레전드힐스,2013,개인,,,"9,700",21,1,2026,중개거래,서울 영등포구,13.74,7,261-22,N,26.01.23,11560,개인,신길동,영등포구
102,동양,2000,개인,,,"60,000",15,1,2026,직거래,,59.86,12,100,N,26.02.06,11560,개인,양평동6가,영등포구
,신동아,1987,개인,,,"50,000",15,1,2026,중개거래,"서울 금천구, 서울 영등포구",53.37,7,777-1,N,,11560,개인,대림동,영등포구
,영등포푸르지오,2002,개인,,,"143,000",22,1,2026,중개거래,서울 영등포구,59.912,5,647,N,,11560,개인,영등포동,영등포구
,강변래미안,2002,개인,,,"159,000",5,1,2026,중개거래,서울 영등포구,78.9,4,376,N,,11560,개인,당산동,영등포구
,삼익플라주201동,2012,개인,26.01.30,O,"90,000",21,1,2026,중개거래,"서울 강서구, 서울 영등포구",84.55,6,105,N,,11560,개인,양평동3가,영등포구
,e편한세상 문래 에듀플라츠,2020,개인,,,"129,500",21,1,2026,중개거래,서울 강서구,59.9854,9,58,N,,11560,개인,문래동6가,영등포구
,신길센트럴자이아파트,2021,개인,,,"191,000",21,1,2026,중개거래,서울 영등포구,84.98,10,4964,N,,11560,개인,신길동,영등포구
,문래힐스테이트,2003,개인,,,"195,000",21,1,2026,중개거래,서울 영등포구,119.47,10,94,N,,11560,개인,문래동3가,영등포구
,더샵파크프레스티지,2022,개인,,,"137,500",3,1,2026,중개거래,서울 영등포구,59.8635,10,4974,N,,11560,개인,신길동,영등포구
,거성파스텔,1999,개인,,,"136,000",20,1,2026,중개거래,서울 영등포구,84.99,11,90-1,N,,11560,개인,양평동3가,영등포구
,우성5,1993,개인,,,"86,000",20,1,2026,중개거래,서울 영등포구,84.98,14,4933,N,,11560,개인,신길동,영등포구
,롯데캐슬아이비,2005,개인,,,"193,500",16,1,2026,중개거래,서울 영등포구,113.59,13,43-4,N,,11560,개인,여의도동,영등포구
,당산계룡리슈빌1단지,2014,개인,,,"81,000",10,1,2026,중개거래,서울 영등포구,47.25,9,564,N,,11560,개인,당산동3가,영등포구
,당산삼성2차,1997,개인,26.01.30,O,"152,500",17,1,2026,중개거래,서울 영등포구,84.93,18,94-1,N,,11560,개인,당산동4가,영등포구
,보라매에스케이뷰,2020,개인,,,"192,000",15,1,2026,중개거래,서울 영등포구,100.95,2,4958,N,,11560,개인,신길동,영등포구
,아크로타워스퀘어,2017,개인,,,"167,000",20,1,2026,중개거래,서울 영등포구,59.91,11,203,N,,11560,개인,영등포동7가,영등포구
,현대1,1992,개인,,,"73,000",20,1,2026,중개거래,서울 영등포구,84.75,3,785-1,N,,11560,개인,대림동,영등포구
,한신휴1차,1998,개인,,,"59,000",11,1,2026,중개거래,서울 영등포구,59.89,9,887-1,N,,11560,개인,대림동,영등포구
,현대2,1986,개인,,,"96,900",10,1,2026,중개거래,서울 영등포구,62.6,4,92,N,,11560,개인,당산동4가,영등포구
,당산푸르지오,2004,개인,,,"152,000",19,1,2026,중개거래,서울 영등포구,84.98,1,91,N,,11560,개인,영등포동8가,영등포구
,경남아너스빌,1998,개인,,,"73,000",19,1,2026,중개거래,서울 영등포구,59.9,10,55-1,N,,11560,개인,양평동3가,영등포구
,영등포푸르지오,2002,개인,,,"148,000",19,1,2026,중개거래,서울 영등포구,79.777,19,647,N,,11560,개인,영등포동,영등포구
,당산현대5차,2000,개인,,,"150,000",19,1,2026,중개거래,서울 영등포구,59.75,16,30-1,N,,11560,개인,당산동4가,영등포구
,삼환,1997,개인,,,"105,000",19,1,2026,중개거래,서울 영등포구,59.53,2,897-1,N,,11560,개인,신길동,영등포구
,시범,1971,개인,,,"273,000",19,1,2026,중개거래,서울 영등포구,79.24,1,50,N,,11560,개인,여의도동,영등포구
,당산2가현대홈타운,1994,개인,,,"148,000",16,1,2026,중개거래,서울 영등포구,82.77,1,164,N,,11560,법인,당산동2가,영등포구
,강변래미안,2002,개인,,,"192,500",17,1,2026,중개거래,서울 영등포구,108.15,15,376,N,,11560,개인,당산동,영등포구
,당산센트럴아이파크,2020,개인,,,"240,000",19,1,2026,중개거래,서울 영등포구,84.98,15,43,N,,11560,개인,당산동5가,영등포구
,훼미리하우스117,2012,개인,,,"12,500",14,1,2026,중개거래,서울 영등포구,16.98,7,94-51,N,26.01.26,11560,개인,영등포동7가,영등포구
,e편한세상 문래 에듀플라츠,2020,개인,,,"129,500",18,1,2026,중개거래,서울 영등포구,59.9854,11,58,N,,11560,개인,문래동6가,영등포구
,양평역미소지움,2018,개인,,,"71,000",16,1,2026,중개거래,서울 영등포구,37.8,7,106,N,,11560,개인,양평동3가,영등포구
,신동아파밀리에,2008,개인,,,"103,500",17,1,2026,중개거래,서울 영등포구,59.4,3,457,N,,11560,개인,당산동1가,영등포구
,신길센트럴자이아파트,2021,개인,,,"169,000",14,1,2026,중개거래,서울 영등포구,59.98,3,4964,N,,11560,개인,신길동,영등포구
1,시범,1971,개인,,,"290,000",16,1,2026,중개거래,"서울 강남구, 서울 영등포구",79.24,9,50,N,26.02.03,11560,개인,여의도동,영등포구
,현대1,1992,개인,,,"80,000",17,1,2026,중개거래,서울 영등포구,84.75,11,785-1,N,,11560,개인,대림동,영등포구
,한솔,1999,개인,,,"75,000",17,1,2026,중개거래,서울 영등포구,59.28,18,99,N,,11560,개인,양평동6가,영등포구
,당산계룡리슈빌2단지,2014,개인,,,"78,600",17,1,2026,중개거래,"경기 성남시 분당구, 서울 영등포구",46.203,3,566,N,,11560,개인,당산동3가,영등포구
,현대1,1992,개인,,,"79,800",16,1,2026,중개거래,서울 영등포구,84.75,10,785-1,N,,11560,개인,대림동,영등포구
,현대3차,1991,개인,,,"84,500",16,1,2026,중개거래,서울 영등포구,84.55,11,21,N,,11560,개인,문래동5가,영등포구
,동아에코빌,2000,개인,,,"96,500",17,1,2026,중개거래,"경기 부천시 원미구, 서울 영등포구",84.99,10,165-1,N,,11560,개인,도림동,영등포구
,영등포푸르지오,2002,개인,,,"147,500",16,1,2026,중개거래,서울 영등포구,79.777,15,647,N,,11560,개인,영등포동,영등포구
,예지팰리스77차,2015,개인,,,"66,000",15,1,2026,중개거래,서울 영등포구,62.65,7,99,N,,11560,개인,문래동3가,영등포구
,우성1,1985,개인,,,"84,000",16,1,2026,중개거래,서울 영등포구,83.59,3,696,N,,11560,개인,대림동,영등포구
,성원(650),1995,개인,,,"72,000",16,1,2026,중개거래,서울 영등포구,84.66,6,650,N,,11560,개인,대림동,영등포구
,당산삼성2차,1997,개인,,,"120,000",16,1,2026,중개거래,서울 영등포구,59.76,16,94-1,N,,11560,개인,당산동4가,영등포구
,당산현대3차,1988,개인,,,"147,500",9,1,2026,중개거래,서울 영등포구,84.5,1,88,N,,11560,개인,당산동4가,영등포구
,롯데캐슬아이비,2005,개인,,,"224,500",3,1,2026,중개거래,서울 영등포구,137.09,21,43-4,N,,11560,개인,여의도동,영등포구
,e편한세상영등포아델포레,2020,개인,,,"150,000",16,1,2026,중개거래,"부산 남구, 서울 영등포구",84.9571,15,1127,N,,11560,개인,대림동,영등포구
,보라매에스케이뷰,2020,개인,,,"169,200",16,1,2026,중개거래,서울 영등포구,59.98,16,4958,N,,11560,개인,신길동,영등포구
,현대3차,1997,개인,,,"118,000",16,1,2026,중개거래,서울 영등포구,84.89,25,608-1,N,,11560,개인,대림동,영등포구
,동양,2000,개인,,,"100,000",16,1,2026,중개거래,서울 영등포구,84.85,3,100,N,,11560,개인,양평동6가,영등포구
,보라매에스케이뷰,2020,개인,,,"191,500",12,1,2026,중개거래,서울 영등포구,84.98,19,4958,N,,11560,개인,신길동,영등포구
107,삼성래미안,2001,개인,,,"89,900",15,1,2026,중개거래,서울 영등포구,84.91,2,4934,N,26.01.16,11560,개인,신길동,영등포구
,현대2,1992,개인,,,"77,800",8,1,2026,중개거래,서울 영등포구,84.74,15,785,N,,11560,개인,대림동,영등포구
,영등포푸르지오,2002,개인,,,"148,000",15,1,2026,중개거래,서울 영등포구,79.777,20,647,N,,11560,개인,영등포동,영등포구
,우성2,1986,개인,,,"133,500",15,1,2026,중개거래,서울 영등포구,64.4,10,4518,N,,11560,개인,신길동,영등포구
,현대3차,1991,개인,,,"128,000",15,1,2026,중개거래,서울 영등포구,84.62,15,79,N,,11560,개인,양평동3가,영등포구
,신길파크자이,2022,개인,,,"168,000",14,1,2026,중개거래,서울 영등포구,59.95,16,4967,N,,11560,개인,신길동,영등포구
1,쌍용플래티넘S,2013,개인,,,"9,500",6,1,2026,중개거래,서울 영등포구,18.24,3,717,N,26.01.22,11560,개인,대림동,영등포구
,영등포중흥에스클래스,2021,개인,,,"150,000",9,1,2026,중개거래,"서울 양천구, 서울 영등포구",84.95,4,271,N,,11560,개인,양평동1가,영등포구
,미주프라자,1998,개인,,,"58,000",13,1,2026,중개거래,서울 영등포구,59.94,12,56-1,N,,11560,개인,문래동6가,영등포구
,코오롱,1998,개인,,,"95,000",14,1,2026,중개거래,서울 영등포구,59.94,10,607-1,N,,11560,개인,대림동,영등포구
,영등포중흥에스클래스,2021,개인,,,"50,000",14,1,2026,중개거래,서울 영등포구,28.97,10,271,N,,11560,개인,양평동1가,영등포구
,래미안에스티움,2017,개인,,,"189,000",10,1,2026,중개거래,서울 영등포구,84.92,13,4950,N,,11560,개인,신길동,영등포구
,양평역미소지움,2018,개인,,,"73,000",14,1,2026,중개거래,"서울 강동구, 서울 영등포구",37.8,18,106,N,,11560,개인,양평동3가,영등포구
비,장미,1978,개인,,,"315,000",14,1,2026,중개거래,서울 영등포구,133.72,11,40,N,26.01.14,11560,개인,여의도동,영등포구
,영등포자이르네,2022,개인,,,"64,500",13,1,2026,중개거래,서울 동작구,49.01,13,1132,N,,11560,개인,대림동,영등포구
,보라매경남아너스빌,2005,개인,,,"113,000",13,1,2026,중개거래,서울 동작구,59.78,12,4780,N,,11560,개인,신길동,영등포구
,영등포아트자이,2014,개인,,,"152,000",13,1,2026,중개거래,서울 영등포구,84.974,10,821,N,,11560,개인,도림동,영등포구
,당산삼성래미안4차,2003,개인,,,"245,000",13,1,2026,중개거래,서울 영등포구,115.78,2,42,N,,11560,개인,당산동5가,영등포구
,우림루미아트,2004,개인,,,"102,500",12,1,2026,중개거래,서울 영등포구,84.91,2,102,N,,11560,개인,양평동3가,영등포구
경동미르웰 여의도,경동미르웰여의도,2017,개인,,,"13,600",10,1,2026,중개거래,서울 영등포구,14.03,5,94-129,N,26.01.28,11560,개인,영등포동2가,영등포구
,우성1,1986,개인,,,"84,500",13,1,2026,중개거래,"서울 강동구, 서울 영등포구",49.64,1,365,N,,11560,개인,신길동,영등포구
1,쌍용플래티넘S,2013,개인,,,"10,000",5,1,2026,중개거래,서울 영등포구,18.24,3,717,N,26.01.16,11560,개인,대림동,영등포구
,시범,1971,개인,,,"277,000",9,1,2026,중개거래,서울 영등포구,79.24,6,50,N,,11560,개인,여의도동,영등포구
,G밸리소홈,2018,개인,,,"12,800",12,1,2026,중개거래,서울 구로구,16.1,7,1101-7,N,26.01.29,11560,개인,대림동,영등포구
,동양,2000,개인,,,"81,500",10,1,2026,중개거래,서울 영등포구,59.86,1,100,N,,11560,개인,양평동6가,영등포구
,양평현대6차,2000,개인,,,"137,300",12,1,2026,중개거래,서울 영등포구,84.94,13,101,N,,11560,개인,양평동3가,영등포구
,삼성래미안,2001,개인,,,"101,000",12,1,2026,중개거래,서울 영등포구,59.54,6,4934,N,,11560,개인,신길동,영등포구
,강변래미안,2002,개인,,,"162,000",10,1,2026,중개거래,서울 영등포구,79.05,12,376,N,,11560,개인,당산동,영등포구
,양평벽산블루밍,1990,개인,,,"75,000",12,1,2026,중개거래,서울 영등포구,59.58,1,23,N,,11560,개인,양평동2가,영등포구
,현대3차,1997,개인,,,"105,000",12,1,2026,중개거래,서울 영등포구,59.83,7,608-1,N,,11560,개인,대림동,영등포구
,루나플라체,2019,개인,,,"14,500",9,1,2026,중개거래,서울 영등포구,13.42,15,69-20,N,26.01.22,11560,개인,신길동,영등포구
,리버뷰,2015,개인,,,"10,500",2,1,2026,중개거래,서울 영등포구,15.05,12,121-130,N,26.01.20,11560,개인,당산동,영등포구
,훼미리하우스117,2012,개인,,,"10,000",11,1,2026,중개거래,서울 영등포구,16.98,13,94-51,N,,11560,개인,영등포동7가,영등포구
,양평현대6차,2000,개인,,,"139,500",11,1,2026,중개거래,서울 영등포구,84.94,17,101,N,,11560,개인,양평동3가,영등포구
,거성파스텔,1999,개인,,,"129,000",10,1,2026,중개거래,서울 영등포구,84.99,2,90-1,N,,11560,개인,양평동3가,영등포구
,문래두산위브,1988,개인,,,"102,000",10,1,2026,중개거래,서울 영등포구,79.86,15,14,N,,11560,개인,문래동5가,영등포구
,우성4,1991,개인,,,"111,000",10,1,2026,중개거래,서울 영등포구,84.95,2,102-8,N,,11560,개인,신길동,영등포구
,문래미원,1996,개인,,,"78,000",10,1,2026,중개거래,서울 영등포구,59.4,2,54,N,,11560,개인,문래동6가,영등포구
,당산대우,1999,개인,,,"58,000",10,1,2026,중개거래,서울 영등포구,45.55,16,16-1,N,,11560,개인,당산동2가,영등포구
,남성,1983,개인,,,"90,000",10,1,2026,중개거래,서울 영등포구,58.52,11,35,N,,11560,개인,문래동2가,영등포구
,브라운스톤영등포,2004,개인,,,"109,500",10,1,2026,중개거래,서울 영등포구,84.9,16,202,N,,11560,개인,영등포동7가,영등포구
,양평역미소지움,2018,개인,,,"95,000",10,1,2026,중개거래,서울 영등포구,59.343,7,106,N,,11560,개인,양평동3가,영등포구
,영등포푸르지오,2002,개인,,,"141,000",10,1,2026,중개거래,서울 영등포구,73.133,13,647,N,,11560,개인,영등포동,영등포구
,현대3차,1997,개인,,,"103,000",10,1,2026,중개거래,서울 영등포구,63.48,6,608-1,N,,11560,개인,대림동,영등포구
,양평벽산블루밍,1990,개인,,,"87,000",10,1,2026,중개거래,서울 영등포구,59.58,10,23,N,,11560,개인,양평동2가,영등포구
,코오롱,1998,개인,,,"93,000",10,1,2026,중개거래,서울 영등포구,59.94,3,607-1,N,,11560,개인,대림동,영등포구
,동양,2000,개인,,,"92,000",10,1,2026,중개거래,서울 영등포구,59.86,9,100,N,,11560,개인,양평동6가,영등포구
,현대6차,1997,개인,,,"72,000",10,1,2026,중개거래,서울 영등포구,50.55,6,55-1,N,,11560,개인,문래동6가,영등포구
,선유도삼성홈타운,2015,개인,,,"41,500",10,1,2026,중개거래,서울 영등포구,42.98,3,101,N,,11560,개인,양평동6가,영등포구
,당산현대3차,1988,개인,26.01.16,O,"147,500",9,1,2026,중개거래,서울 영등포구,84.5,1,88,N,,11560,개인,당산동4가,영등포구
,영등포아트자이,2014,개인,,,"153,000",9,1,2026,중개거래,서울 영등포구,84.781,24,821,N,,11560,개인,도림동,영등포구
,현대2차,1990,개인,,,"149,000",6,1,2026,중개거래,"서울 강서구, 서울 영등포구",80.92,12,79-4,N,,11560,개인,양평동3가,영등포구
,문래미원,1996,개인,,,"110,500",4,1,2026,중개거래,서울 영등포구,124.41,6,54,N,,11560,개인,문래동6가,영등포구
,순영웰라이빌,2002,개인,,,"86,500",8,1,2026,중개거래,서울 영등포구,84.88,6,648,N,,11560,개인,영등포동,영등포구
,거성파스텔,1999,개인,,,"135,000",8,1,2026,중개거래,서울 영등포구,84.99,14,90-1,N,,11560,개인,양평동3가,영등포구
,양평한신,1996,개인,,,"135,000",8,1,2026,중개거래,서울 영등포구,84.87,13,76,N,,11560,개인,양평동5가,영등포구
,당산어울림2차,2009,개인,,,"123,000",8,1,2026,중개거래,서울 영등포구,84.9651,13,563,N,,11560,개인,당산동3가,영등포구
,G밸리소홈,2018,개인,,,"14,000",7,1,2026,중개거래,서울 구로구,16.1,7,1101-7,N,26.01.29,11560,개인,대림동,영등포구
,신동아,1987,개인,,,"50,000",8,1,2026,중개거래,서울 영등포구,53.37,9,777-1,N,,11560,개인,대림동,영등포구
,삼환,1997,개인,,,"125,300",8,1,2026,중개거래,서울 영등포구,84.84,22,897-1,N,,11560,개인,신길동,영등포구
레전드힐스,신길레전드힐스,2013,개인,,,"9,800",8,1,2026,중개거래,서울 영등포구,13.49,17,261-22,N,26.01.12,11560,개인,신길동,영등포구
,당산효성1차,1999,개인,,,"155,000",8,1,2026,중개거래,"서울 마포구, 서울 영등포구",59.85,8,12,N,,11560,개인,당산동5가,영등포구
,문래동원데자뷰,2004,개인,,,"104,000",7,1,2026,중개거래,서울 영등포구,84.97,1,95,N,,11560,개인,문래동3가,영등포구
,당산롯데캐슬프레스티지,2017,개인,,,"178,000",7,1,2026,중개거래,서울 영등포구,84.99,1,99,N,,11560,개인,당산동4가,영등포구
,삼성래미안,2001,개인,,,"120,000",7,1,2026,중개거래,"서울 강남구, 서울 영등포구",114.87,5,4934,N,,11560,개인,신길동,영등포구
,거성파스텔,1999,개인,,,"144,500",7,1,2026,중개거래,서울 영등포구,131.34,13,90-1,N,,11560,개인,양평동3가,영등포구
,당산대우,1999,개인,,,"39,000",7,1,2026,중개거래,서울 영등포구,31.73,16,16-1,N,,11560,개인,당산동2가,영등포구
,포레나 신길,2008,개인,,,"147,000",7,1,2026,중개거래,서울 영등포구,84.5802,6,4937,N,,11560,개인,신길동,영등포구
,영등포아트자이,2014,개인,,,"151,000",5,1,2026,중개거래,서울 영등포구,84.974,16,821,N,,11560,개인,도림동,영등포구
,당산현대5차,2000,개인,,,"173,500",7,1,2026,중개거래,서울 영등포구,84.69,14,30-1,N,,11560,개인,당산동4가,영등포구
,영등포푸르지오,2002,개인,,,"137,000",7,1,2026,중개거래,서울 영등포구,59.912,17,647,N,,11560,개인,영등포동,영등포구
,당산현대3차,1988,개인,,,"133,000",7,1,2026,중개거래,서울 영등포구,59.26,2,88,N,,11560,개인,당산동4가,영등포구
,삼성래미안,2001,개인,,,"113,000",6,1,2026,중개거래,서울 영등포구,114.87,10,4934,N,,11560,개인,신길동,영등포구
,현대3차,1997,개인,,,"109,500",6,1,2026,중개거래,서울 영등포구,84.89,12,608-1,N,,11560,개인,대림동,영등포구
,현대3차,1997,개인,,,"72,000",5,1,2026,중개거래,서울 영등포구,43.92,25,608-1,N,,11560,개인,대림동,영등포구
,현대1,1992,개인,,,"79,000",5,1,2026,중개거래,서울 영등포구,84.75,3,785-1,N,,11560,개인,대림동,영등포구
,삼환,1994,개인,,,"68,200",5,1,2026,중개거래,서울 영등포구,59.76,3,245,N,,11560,개인,양평동1가,영등포구
,동남,1971,개인,,,"85,000",3,1,2026,중개거래,서울 영등포구,82.65,6,24,N,,11560,개인,영등포동5가,영등포구
,경남,1999,개인,,,"94,000",3,1,2026,중개거래,서울 영등포구,59.96,4,67-1,N,,11560,개인,신길동,영등포구
,당산효성타운2차,2001,개인,,,"179,000",2,1,2026,중개거래,서울 영등포구,84.38,14,13,N,,11560,개인,당산동5가,영등포구
,삼익,1979,개인,,,"115,000",3,1,2026,중개거래,서울 영등포구,82.65,4,394,N,,11560,개인,당산동3가,영등포구
,현대프라자,1999,개인,,,"59,800",2,1,2026,중개거래,서울 영등포구,59.96,7,49-1,N,26.01.28,11560,개인,영등포동5가,영등포구
,강변래미안,2002,개인,,,"162,500",4,1,2026,중개거래,서울 영등포구,79.43,8,376,N,,11560,개인,당산동,영등포구
,힐스테이트클래시안,2020,개인,,,"161,000",3,1,2026,중개거래,서울 영등포구,59.91,4,4969,N,,11560,개인,신길동,영등포구
,삼성래미안,2001,개인,,,"111,000",3,1,2026,중개거래,서울 영등포구,84.91,13,4934,N,,11560,개인,신길동,영등포구
,신동아,1982,개인,,,"98,500",3,1,2026,중개거래,서울 영등포구,50.81,6,20,N,,11560,개인,양평동1가,영등포구
,당산현대5차,2000,개인,,,"159,000",3,1,2026,중개거래,서울 영등포구,59.37,15,30-1,N,,11560,개인,당산동4가,영등포구
,당산효성1차,1999,개인,,,"148,000",2,1,2026,중개거래,서울 영등포구,59.85,1,12,N,,11560,개인,당산동5가,영등포구
,당산2가현대홈타운,1994,개인,,,"150,000",2,1,2026,중개거래,서울 영등포구,82.77,12,164,N,,11560,개인,당산동2가,영등포구
,당산현대5차,2000,개인,,,"185,000",2,1,2026,중개거래,서울 영등포구,114.84,10,30-1,N,,11560,개인,당산동4가,영등포구
,당산효성타운2차,2001,개인,,,"180,000",2,1,2026,중개거래,서울 영등포구,84.38,2,13,N,,11560,개인,당산동5가,영등포구
,시범,1971,개인,,,"280,000",1,1,2026,중개거래,서울 영등포구,79.24,2,50,N,,11560,개인,여의도동,영등포구
,신동아,1987,개인,,,"60,000",19,2,2026,중개거래,서울 구로구,67.41,7,777-1,N,,11560,개인,대림동,영등포구
,보라매 신동아 파밀리에,2016,개인,,,"99,500",14,2,2026,중개거래,서울 영등포구,84.88,18,1125,N,,11560,개인,대림동,영등포구
,보라매 신동아 파밀리에,2016,개인,,,"104,000",13,2,2026,중개거래,서울 영등포구,84.88,4,1125,N,,11560,개인,대림동,영등포구
,삼두,1987,개인,,,"71,000",10,2,2026,중개거래,서울 영등포구,57.87,1,2-3,N,,11560,개인,신길동,영등포구
,보라매 신동아 파밀리에,2016,개인,,,"104,000",14,2,2026,중개거래,서울 영등포구,84.88,10,1125,N,,11560,개인,대림동,영등포구
,브라이튼여의도,2023,개인,,,"464,600",3,2,2026,직거래,,113.9657,22,525,N,,11560,법인,여의도동,영등포구
,영등포푸르지오,2002,개인,,,"155,000",4,2,2026,중개거래,서울 영등포구,73.133,15,647,N,,11560,개인,영등포동,영등포구
,신동아,1987,개인,,,"48,500",7,2,2026,중개거래,서울 영등포구,53.37,6,777-1,N,,11560,개인,대림동,영등포구
,래미안에스티움,2017,개인,,,"191,000",3,2,2026,중개거래,서울 영등포구,84.92,11,4950,N,,11560,개인,신길동,영등포구
,시범,1971,개인,,,"261,000",11,2,2026,중개거래,서울 영등포구,60.96,9,50,N,,11560,개인,여의도동,영등포구
,한솔,1999,개인,,,"80,000",11,2,2026,중개거래,서울 영등포구,59.28,13,99,N,,11560,개인,양평동6가,영등포구
,문래우정,1998,개인,,,"108,000",11,2,2026,중개거래,서울 영등포구,84.99,11,78,N,,11560,개인,문래동3가,영등포구
,대원,1998,개인,,,"90,000",11,2,2026,중개거래,서울 영등포구,59.99,16,47-1,N,,11560,개인,문래동6가,영등포구
,동아에코빌,2000,개인,,,"110,000",11,2,2026,중개거래,서울 영등포구,84.99,13,165-1,N,,11560,개인,도림동,영등포구
,아크로타워스퀘어,2017,개인,,,"170,000",7,2,2026,중개거래,서울 영등포구,59.7,8,203,N,,11560,개인,영등포동7가,영등포구
,삼환,1999,개인,,,"133,000",11,2,2026,중개거래,서울 영등포구,59.91,7,76-1,N,,11560,개인,영등포동8가,영등포구
,태승훼밀리,2008,개인,,,"102,000",7,2,2026,중개거래,서울 영등포구,84.6,5,103,N,,11560,개인,양평동3가,영등포구
,건영,1985,개인,,,"116,500",10,2,2026,중개거래,서울 영등포구,89.16,9,364,N,,11560,개인,신길동,영등포구
,동훈노보빌,2007,개인,,,"81,000",7,2,2026,중개거래,서울 영등포구,84.81,4,499,N,,11560,개인,신길동,영등포구
,롯데캐슬아이비,2005,개인,,,"245,000",5,2,2026,중개거래,서울 영등포구,103.86,24,43-4,N,,11560,개인,여의도동,영등포구
,G밸리소홈,2018,개인,,,"13,000",10,2,2026,중개거래,서울 영등포구,16.1,11,1101-7,N,,11560,개인,대림동,영등포구
,리첸시아,2003,개인,,,"277,000",10,2,2026,중개거래,서울 영등포구,146.68,13,61,N,,11560,개인,여의도동,영등포구
,우성1,1985,개인,,,"84,000",10,2,2026,중개거래,서울 영등포구,83.59,2,696,N,,11560,개인,대림동,영등포구
,당산계룡리슈빌1단지,2014,개인,,,"72,000",7,2,2026,중개거래,서울 영등포구,38.77,12,564,N,,11560,개인,당산동3가,영등포구
,코오롱,1996,개인,,,"62,700",6,2,2026,중개거래,서울 영등포구,59.9,7,9-1,N,,11560,개인,당산동1가,영등포구
,영등포중흥에스클래스,2021,개인,,,"47,900",9,2,2026,중개거래,서울 영등포구,24.85,24,271,N,,11560,개인,양평동1가,영등포구
,코오롱,1998,개인,,,"100,000",9,2,2026,중개거래,서울 구로구,59.94,23,607-1,N,,11560,개인,대림동,영등포구
,반도유보라,2002,개인,,,"98,000",6,2,2026,중개거래,서울 영등포구,78.84,3,41,N,,11560,개인,당산동5가,영등포구
,현대2,1986,개인,,,"134,500",6,2,2026,중개거래,서울 영등포구,84.94,9,92,N,,11560,개인,당산동4가,영등포구
,신동아,1987,개인,,,"43,000",7,2,2026,중개거래,서울 영등포구,53.37,1,777-1,N,,11560,개인,대림동,영등포구
,리버뷰,2015,개인,,,"14,900",9,2,2026,직거래,,15.05,13,121-130,N,26.02.10,11560,개인,당산동,영등포구
,신동아,1987,개인,,,"60,000",7,2,2026,중개거래,서울 영등포구,67.41,5,777-1,N,,11560,개인,대림동,영등포구
,문래대림,2000,개인,,,"85,000",9,2,2026,중개거래,서울 영등포구,84.92,2,1,N,,11560,개인,문래동5가,영등포구
,양평현대6차,2000,개인,,,"123,500",8,2,2026,중개거래,서울 영등포구,59.98,7,101,N,,11560,개인,양평동3가,영등포구
,한강아파트,1999,개인,,,"120,000",7,2,2026,중개거래,서울 영등포구,59.4,13,29,N,,11560,개인,당산동4가,영등포구
,동양,2000,개인,,,"95,000",7,2,2026,중개거래,서울 영등포구,59.86,14,100,N,,11560,개인,양평동6가,영등포구
,래미안에스티움,2017,개인,,,"180,000",7,2,2026,중개거래,서울 영등포구,84.92,1,4950,N,,11560,개인,신길동,영등포구
,아크로타워스퀘어,2017,개인,,,"197,000",7,2,2026,중개거래,"서울 영등포구, 서울 종로구",84.71,11,203,N,,11560,개인,영등포동7가,영등포구
,우창,1983,개인,,,"135,000",7,2,2026,중개거래,서울 영등포구,66.82,11,4501,N,,11560,개인,신길동,영등포구
,보라매경남아너스빌,2005,개인,,,"125,000",7,2,2026,중개거래,"서울 동작구, 서울 영등포구",84.79,21,4780,N,,11560,개인,신길동,영등포구
,월드메르디앙,2005,개인,,,"110,500",7,2,2026,중개거래,서울 영등포구,84.44,4,19,N,,11560,개인,양평동3가,영등포구
,e편한세상영등포아델포레,2020,개인,,,"137,000",6,2,2026,중개거래,"서울 강남구, 서울 영등포구",59.968,6,1127,N,,11560,개인,대림동,영등포구
,현대3차,1997,개인,,,"128,000",6,2,2026,중개거래,서울 영등포구,84.89,17,608-1,N,,11560,개인,대림동,영등포구
,현대3차,1997,개인,,,"107,300",6,2,2026,중개거래,서울 영등포구,59.83,21,608-1,N,,11560,개인,대림동,영등포구
,삼성래미안,1998,개인,,,"120,000",3,2,2026,중개거래,서울 영등포구,114.63,9,38-1,N,,11560,개인,양평동2가,영등포구
,신길파크자이,2022,개인,,,"185,000",1,2,2026,중개거래,"경기 과천시, 서울 영등포구",84.98,14,4967,N,,11560,개인,신길동,영등포구
,우성1,1985,개인,,,"86,000",7,2,2026,중개거래,서울 영등포구,83.59,4,696,N,,11560,개인,대림동,영등포구
,당산효성1차,1999,개인,,,"172,500",6,2,2026,중개거래,서울 영등포구,84.9,17,12,N,,11560,개인,당산동5가,영등포구
,시범,1971,개인,,,"280,000",6,2,2026,중개거래,서울 영등포구,79.24,3,50,N,,11560,개인,여의도동,영등포구
,당산반도유보라팰리스,2010,개인,,,"188,500",6,2,2026,중개거래,"서울 동작구, 서울 영등포구",157.87,4,96,N,,11560,개인,당산동4가,영등포구
,보라매 신동아 파밀리에,2016,개인,,,"96,000",4,2,2026,중개거래,"서울 동작구, 서울 영등포구",84.88,3,1125,N,,11560,개인,대림동,영등포구
,경남,1999,개인,,,"103,000",5,2,2026,중개거래,서울 영등포구,59.96,10,67-1,N,,11560,개인,신길동,영등포구
,시범,1971,개인,,,"283,000",5,2,2026,중개거래,서울 영등포구,79.24,10,50,N,,11560,개인,여의도동,영등포구
,삼성,1984,개인,,,"100,000",5,2,2026,중개거래,서울 영등포구,60.48,4,4759,N,,11560,개인,신길동,영등포구
,문래베어스타운,1997,개인,,,"100,000",4,2,2026,중개거래,서울 영등포구,84.9,2,38-1,N,,11560,개인,문래동6가,영등포구
,대교,1975,개인,,,"323,000",5,2,2026,중개거래,서울 영등포구,95.5,9,41,N,,11560,개인,여의도동,영등포구
,포레나영등포센트럴,2020,개인,,,"180,000",5,2,2026,중개거래,서울 서초구,84.8025,22,208,N,,11560,개인,영등포동7가,영등포구
,당산롯데캐슬프레스티지,2017,개인,,,"165,000",5,2,2026,중개거래,서울 영등포구,84.99,1,99,N,,11560,개인,당산동4가,영등포구
,문래공원한신,1988,개인,,,"120,000",4,2,2026,중개거래,서울 영등포구,58.96,7,77-2,N,,11560,개인,문래동3가,영등포구
,현대2차,1987,개인,,,"73,000",4,2,2026,중개거래,서울 영등포구,41.04,6,45,N,,11560,개인,문래동6가,영등포구
,남성,1983,개인,,,"97,500",4,2,2026,중개거래,서울 영등포구,58.52,4,35,N,,11560,개인,문래동2가,영등포구
,우창,1983,개인,,,"133,000",4,2,2026,중개거래,서울 동작구,66.82,11,4501,N,,11560,개인,신길동,영등포구
,우성2,1986,개인,,,"136,000",4,2,2026,중개거래,서울 영등포구,64.4,12,4518,N,,11560,개인,신길동,영등포구
,한신공영,1996,개인,,,"85,500",4,2,2026,중개거래,"서울 강서구, 서울 영등포구",59.98,2,14-1,N,,11560,개인,양평동1가,영등포구
,문래자이,2001,개인,,,"202,000",4,2,2026,중개거래,서울 영등포구,121.53,10,54,N,,11560,개인,문래동3가,영등포구
,태영데시앙,2005,개인,,,"123,000",3,2,2026,중개거래,서울 영등포구,84.93,13,96,N,,11560,개인,문래동3가,영등포구
,우성1,1985,개인,,,"84,500",3,2,2026,중개거래,서울 영등포구,83.59,9,696,N,,11560,개인,대림동,영등포구
,삼성래미안,2001,개인,,,"130,000",3,2,2026,중개거래,서울 영등포구,114.87,11,4934,N,,11560,개인,신길동,영등포구
,영등포푸르지오,2002,개인,,,"140,000",2,2,2026,중개거래,서울 영등포구,59.912,1,647,N,,11560,개인,영등포동,영등포구
,양평역미소지움,2018,개인,,,"70,000",2,2,2026,중개거래,"서울 성북구, 서울 영등포구",37.8,8,106,N,,11560,개인,양평동3가,영등포구
,래미안영등포프레비뉴,2015,개인,,,"178,000",1,2,2026,중개거래,서울 영등포구,84.98,12,4945,N,,11560,개인,신길동,영등포구
,강변래미안,2002,개인,,,"171,000",1,2,2026,중개거래,서울 영등포구,79.05,12,376,N,,11560,개인,당산동,영등포구
,건영(103동-106동),1997,개인,,,"112,000",22,1,2026,직거래,,84.94,16,324,N,,11590,개인,노량진동,동작구
,힐스테이트 상도 프레스티지,2013,개인,,,"175,000",21,1,2026,중개거래,서울 동작구,84.884,13,533,N,,11590,개인,상도동,동작구
,래미안상도3차,2004,개인,,,"220,000",31,1,2026,중개거래,서울 동작구,164.91,10,431,N,,11590,개인,상도동,동작구
,성원,1994,개인,,,"145,000",27,1,2026,중개거래,서울 동작구,84.32,2,500,N,,11590,개인,대방동,동작구
,대림아파트,1993,개인,,,"167,000",21,1,2026,중개거래,서울 동작구,84.92,15,501,N,,11590,개인,대방동,동작구
,롯데캐슬에듀포레,2018,개인,,,"213,000",31,1,2026,중개거래,서울 동작구,59.8718,12,340,N,,11590,개인,흑석동,동작구
,주공2,1995,개인,,,"120,000",20,1,2026,중개거래,서울 동작구,51.66,15,503,N,,11590,개인,대방동,동작구
,대성유니드,2009,개인,,,"102,700",29,1,2026,중개거래,"경기 고양시 일산동구, 서울 동작구",84.96,5,1155,N,,11590,개인,사당동,동작구
,신일해피트리,2005,개인,,,"91,000",26,1,2026,중개거래,서울 영등포구,59.8165,8,510,N,,11590,개인,대방동,동작구
,대림(169-8),1990,개인,,,"121,000",22,1,2026,직거래,,125.4,3,169-8,N,,11590,개인,사당동,동작구
,래미안로이파크,2018,개인,,,"210,000",23,1,2026,중개거래,"서울 동작구, 서울 서초구",84.98,19,1159,N,,11590,개인,사당동,동작구
,쌍용스윗닷홈,2003,개인,,,"104,000",10,1,2026,중개거래,서울 동작구,59.578,1,418,N,,11590,개인,상도동,동작구
,상도효성해링턴플레이스,2016,개인,,,"168,000",10,1,2026,중개거래,서울 동작구,84.8136,14,536,N,,11590,개인,상도동,동작구
,이수교신동아아파트,2001,개인,,,"98,000",19,1,2026,중개거래,서울 동작구,80.55,5,329,N,,11590,개인,동작동,동작구
,사당우성2,1993,개인,,,"158,000",27,1,2026,중개거래,서울 동작구,59.89,3,105,N,,11590,개인,사당동,동작구
,상도휴엔하임,2016,개인,,,"13,500",29,1,2026,중개거래,서울 동작구,14.7,3,363-164,N,,11590,개인,상도동,동작구
,경남아너스빌1차,1997,개인,,,"95,000",14,1,2026,직거래,,59.9,8,1134,N,,11590,개인,사당동,동작구
,상도동래미안1차,2004,개인,,,"129,000",30,1,2026,중개거래,서울 동작구,59.828,12,450,N,,11590,개인,상도동,동작구
상도휴엔하임,상도휴엔하임,2016,개인,,,"13,100",29,1,2026,중개거래,서울 동작구,14.7,3,363-164,N,26.02.12,11590,개인,상도동,동작구
,이수역리가,2013,개인,,,"184,000",31,1,2026,중개거래,"서울 관악구, 서울 동작구",84.956,6,1157,N,,11590,개인,사당동,동작구
,경동윈츠리버,2004,개인,,,"135,000",31,1,2026,중개거래,서울 동작구,79.68,3,484,N,,11590,개인,본동,동작구
,우성1차,1988,개인,,,"133,500",31,1,2026,중개거래,서울 송파구,84.99,18,565,N,,11590,개인,신대방동,동작구
,경남아너스빌1차,1997,개인,,,"103,000",31,1,2026,중개거래,서울 동작구,84.98,1,1134,N,,11590,개인,사당동,동작구
,경남교수,2001,개인,,,"140,000",31,1,2026,중개거래,서울 동작구,113.93,21,710,N,,11590,개인,신대방동,동작구
,현대,1996,개인,,,"124,500",29,1,2026,중개거래,서울 동작구,84.57,13,707,N,,11590,개인,신대방동,동작구
,해태보라매타워,1996,개인,,,"69,000",31,1,2026,중개거래,서울 동작구,59.94,23,708,N,,11590,개인,신대방동,동작구
,극동(105),1993,개인,,,"158,000",30,1,2026,중개거래,서울 동작구,84.32,19,105,N,,11590,개인,사당동,동작구
,사당우성2,1993,개인,,,"187,000",17,1,2026,중개거래,서울 동작구,84.66,11,105,N,,11590,개인,사당동,동작구
,e편한세상상도노빌리티,2018,개인,,,"213,000",30,1,2026,중개거래,서울 동작구,84.9704,3,903,N,,11590,개인,상도동,동작구
,롯데낙천대,2003,개인,,,"130,000",29,1,2026,중개거래,"경기 용인시 수지구, 서울 동작구",80.2422,12,713,N,,11590,개인,신대방동,동작구
,흑석동양아파트,2003,개인,,,"146,000",27,1,2026,중개거래,서울 동작구,84.985,13,328,N,,11590,개인,흑석동,동작구
,상도동래미안1차,2004,개인,,,"150,000",9,1,2026,중개거래,서울 동작구,84.959,13,450,N,,11590,개인,상도동,동작구
,한신휴플러스,2004,개인,,,"149,500",29,1,2026,중개거래,"서울 동작구, 서울 서초구",84.84,18,487,N,,11590,개인,본동,동작구
,신동아4,1993,개인,,,"150,000",29,1,2026,중개거래,서울 동작구,59.89,2,105,N,,11590,개인,사당동,동작구
,힐스테이트 상도 센트럴파크,2012,개인,,,"172,000",29,1,2026,중개거래,"서울 동작구, 인천 연수구",59.7754,9,531,N,,11590,개인,상도동,동작구
,신동아4,1993,개인,,,"167,000",29,1,2026,중개거래,서울 동작구,84.46,2,105,N,,11590,개인,사당동,동작구
,사당휴먼시아,2009,개인,,,"115,000",29,1,2026,중개거래,서울 동작구,84.97,14,1154,N,,11590,개인,사당동,동작구
,대림아파트,1993,개인,,,"220,000",29,1,2026,중개거래,서울 동작구,164.79,17,501,N,,11590,개인,대방동,동작구
,한강현대,1988,개인,,,"225,000",21,1,2026,중개거래,"서울 동작구, 서울 서초구",66.225,6,28,N,,11590,개인,흑석동,동작구
,신동아리버파크,2001,개인,,,"170,000",29,1,2026,중개거래,서울 동작구,114.75,27,325,N,,11590,개인,노량진동,동작구
,갑을명가,2006,개인,,,"80,000",17,1,2026,중개거래,서울 동작구,81.6491,6,1151,N,,11590,개인,사당동,동작구
,e편한세상상도노빌리티,2018,개인,,,"189,500",29,1,2026,중개거래,서울 동작구,59.7827,16,903,N,,11590,개인,상도동,동작구
,이수교KCC스위첸,2006,개인,,,"144,000",21,1,2026,중개거래,서울 동작구,84.98,3,332,N,,11590,개인,동작동,동작구
,아크로리버하임,2019,개인,,,"266,000",28,1,2026,중개거래,서울 동작구,59.9154,11,341,N,,11590,개인,흑석동,동작구
,흑석리버파크자이,2025,개인,,,"220,000",16,1,2026,중개거래,서울 동작구,59.93,4,343,N,,11590,개인,흑석동,동작구
,보라매자이더포레스트,2021,개인,,,"154,700",28,1,2026,중개거래,"경기 김포시, 서울 동작구",59.9278,31,724,N,,11590,개인,신대방동,동작구
,신대방경남,2003,개인,,,"108,000",9,1,2026,중개거래,"서울 동작구, 서울 영등포구",78.19,7,712,N,,11590,개인,신대방동,동작구
,삼성래미안,2004,개인,,,"143,000",28,1,2026,중개거래,"경기 평택시, 서울 동작구",59.9843,2,492,N,,11590,개인,본동,동작구
,진흥아리엘,2004,개인,,,"79,800",27,1,2026,중개거래,서울 동작구,84.9713,4,1142,N,,11590,개인,사당동,동작구
,우성2차,1995,개인,,,"84,500",28,1,2026,중개거래,서울 동작구,59.47,11,565-21,N,,11590,개인,신대방동,동작구
,동작상떼빌,2006,개인,,,"102,500",23,1,2026,중개거래,서울 동작구,84.98,25,719,N,,11590,개인,신대방동,동작구
314,흑석리버파크자이,2025,개인,,,"186,100",26,1,2026,직거래,,84.96,11,343,N,26.02.11,11590,개인,흑석동,동작구
,흑석한강센트레빌Ⅱ,2012,개인,,,"229,000",27,1,2026,중개거래,서울 동작구,84.951,6,339,N,,11590,개인,흑석동,동작구
,이수푸르지오더프레티움,2021,개인,,,"230,000",13,1,2026,중개거래,서울 동작구,84.9728,12,1161,N,,11590,개인,사당동,동작구
,상도파크자이,2016,개인,,,"225,000",27,1,2026,중개거래,서울 동작구,84.947,16,900,N,,11590,개인,상도동,동작구
,흑석한강센트레빌,2011,개인,,,"237,000",18,1,2026,중개거래,"서울 강서구, 서울 동작구",84.91,3,335,N,,11590,개인,흑석동,동작구
,흑석한강센트레빌,2011,개인,,,"240,000",26,1,2026,중개거래,서울 동작구,84.91,6,335,N,,11590,개인,흑석동,동작구
,사당우성3,1993,개인,,,"151,800",24,1,2026,중개거래,서울 동작구,59.89,15,105,N,,11590,개인,사당동,동작구
,벽산,1997,개인,,,"76,500",26,1,2026,중개거래,서울 동작구,59.76,4,709,N,,11590,개인,신대방동,동작구
,롯데낙천대,2003,개인,,,"110,000",26,1,2026,중개거래,서울 동작구,55.4561,5,713,N,,11590,개인,신대방동,동작구
,포스코더샵,2007,개인,,,"160,000",16,1,2026,중개거래,서울 동작구,59.99,3,521,N,,11590,개인,상도동,동작구
,두산위브트레지움2차,2016,개인,,,"204,000",26,1,2026,중개거래,"서울 강서구, 서울 동작구",84.864,22,535,N,,11590,개인,상도동,동작구
,신동아4,1993,개인,,,"175,000",26,1,2026,중개거래,서울 동작구,118.25,2,105,N,,11590,개인,사당동,동작구
,우성1차,1988,개인,,,"104,000",16,1,2026,중개거래,서울 동작구,66.69,1,565,N,,11590,개인,신대방동,동작구
,한강쌍용,1999,개인,,,"189,000",19,1,2026,중개거래,서울 동작구,114.18,4,150,N,,11590,개인,본동,동작구
,대방동현대,1994,개인,,,"135,000",25,1,2026,중개거래,서울 동작구,84.96,10,502,N,,11590,개인,대방동,동작구
,흑석한강푸르지오,2012,개인,,,"240,000",19,1,2026,중개거래,서울 동작구,84.98,12,336,N,,11590,개인,흑석동,동작구
,보라매자이더포레스트,2021,개인,,,"147,900",24,1,2026,중개거래,서울 동작구,59.9365,6,724,N,,11590,개인,신대방동,동작구
,신동아,1993,개인,,,"43,000",24,1,2026,중개거래,서울 동작구,37.74,10,360-17,N,,11590,개인,신대방동,동작구
,극동(105),1993,개인,,,"154,000",24,1,2026,중개거래,서울 동작구,59.25,15,105,N,,11590,개인,사당동,동작구
,포스코더샵,2007,개인,,,"183,500",23,1,2026,중개거래,서울 동작구,84.992,7,521,N,,11590,개인,상도동,동작구
,우성1차,1988,개인,,,"106,000",24,1,2026,중개거래,서울 동작구,66.69,4,565,N,,11590,개인,신대방동,동작구
,사당롯데캐슬골든포레,2021,개인,,,"147,000",23,1,2026,중개거래,"서울 강남구, 서울 동작구",59.9908,2,1160,N,,11590,개인,사당동,동작구
,르메이에르,2001,개인,,,"71,300",12,1,2026,중개거래,"서울 관악구, 서울 동작구",59.4,8,1141,N,,11590,개인,사당동,동작구
,보라매e편한세상,2010,개인,,,"165,000",23,1,2026,중개거래,"서울 동작구, 서울 서초구",133.3,13,720,N,,11590,개인,신대방동,동작구
,사당롯데캐슬골든포레,2021,개인,,,"153,000",21,1,2026,중개거래,서울 관악구,59.9908,17,1160,N,,11590,개인,사당동,동작구
,아이파크,2004,개인,,,"153,000",3,1,2026,중개거래,서울 동작구,114.83,17,416,N,,11590,개인,상도동,동작구
,아이파크,2004,개인,,,"149,000",3,1,2026,중개거래,서울 동작구,84.96,11,416,N,,11590,개인,상도동,동작구
,르메이에르,2001,개인,,,"73,000",10,1,2026,중개거래,"대전 유성구, 서울 동작구",59.4,14,1141,N,,11590,개인,사당동,동작구
,우성1차,1988,개인,,,"134,000",2,1,2026,중개거래,서울 동작구,84.99,14,565,N,,11590,개인,신대방동,동작구
,우성2차,1995,개인,,,"121,000",7,1,2026,중개거래,서울 동작구,149.49,13,565-21,N,,11590,개인,신대방동,동작구
,보라매e편한세상,2010,개인,,,"138,500",15,1,2026,중개거래,서울 동작구,84.94,3,720,N,,11590,개인,신대방동,동작구
,신동아리버파크,2001,개인,,,"156,000",14,1,2026,중개거래,서울 동작구,84.88,17,325,N,,11590,개인,노량진동,동작구
,e편한세상상도노빌리티,2018,개인,,,"192,000",21,1,2026,중개거래,서울 동작구,59.7827,14,903,N,,11590,개인,상도동,동작구
,흑석리버파크자이,2025,개인,,,"249,000",21,1,2026,중개거래,서울 동작구,84.99,9,343,N,,11590,개인,흑석동,동작구
,쌍용스윗닷홈,2003,개인,,,"130,000",20,1,2026,중개거래,서울 동작구,84.954,12,418,N,,11590,개인,상도동,동작구
,사당롯데캐슬골든포레,2021,개인,,,"128,000",19,1,2026,중개거래,서울 동작구,59.978,1,1160,N,,11590,개인,사당동,동작구
,극동(105),1993,개인,,,"171,000",20,1,2026,중개거래,서울 동작구,119.91,3,105,N,,11590,개인,사당동,동작구
,이수역리가,2013,개인,,,"182,000",17,1,2026,중개거래,서울 동작구,84.9827,12,1157,N,,11590,개인,사당동,동작구
,경남교수,2001,개인,,,"119,000",19,1,2026,중개거래,서울 동작구,84.94,6,710,N,,11590,개인,신대방동,동작구
,포스코더샵,2007,개인,,,"162,000",19,1,2026,중개거래,서울 동작구,59.99,3,521,N,,11590,개인,상도동,동작구
,삼환나우빌(520-0),2007,개인,,,"120,000",19,1,2026,중개거래,서울 동작구,84.87,12,520,N,,11590,개인,상도동,동작구
,보라매자이더포레스트,2021,개인,,,"170,000",6,1,2026,중개거래,서울 동작구,84.7739,23,724,N,,11590,개인,신대방동,동작구
,보라매자이더포레스트,2021,개인,,,"155,000",7,1,2026,중개거래,서울 동작구,59.9365,32,724,N,,11590,개인,신대방동,동작구
메가스터디타워,메가스터디타워,2015,개인,,,"15,000",12,1,2026,중개거래,서울 동작구,16.01,14,57-1,N,26.01.23,11590,개인,노량진동,동작구
,이수역리가,2013,개인,,,"174,000",19,1,2026,중개거래,서울 동작구,84.847,3,1157,N,,11590,개인,사당동,동작구
,보라매자이더포레스트,2021,개인,,,"150,000",17,1,2026,중개거래,서울 동작구,59.9365,25,724,N,,11590,개인,신대방동,동작구
,삼성래미안,2003,개인,,,"140,000",17,1,2026,중개거래,서울 동작구,84.967,8,1133,N,,11590,개인,사당동,동작구
,중앙하이츠빌,2003,개인,,,"138,300",17,1,2026,중개거래,서울 동작구,84.9883,23,415,N,,11590,개인,상도동,동작구
,동작상떼빌,2006,개인,,,"93,700",17,1,2026,중개거래,서울 동작구,84.98,10,719,N,,11590,개인,신대방동,동작구
,사당롯데캐슬골든포레,2021,개인,,,"163,500",16,1,2026,중개거래,"서울 강동구, 서울 송파구",84.9787,14,1160,N,,11590,개인,사당동,동작구
,보라매e편한세상,2010,개인,,,"149,900",17,1,2026,중개거래,"서울 동작구, 서울 영등포구",133.3,15,720,N,,11590,개인,신대방동,동작구
,성원,1994,개인,,,"134,500",16,1,2026,중개거래,서울 동작구,84.32,11,500,N,,11590,개인,대방동,동작구
,아이파크,2004,개인,,,"148,500",16,1,2026,중개거래,서울 동작구,84.96,6,416,N,,11590,개인,상도동,동작구
,대방동현대,1994,개인,,,"118,000",16,1,2026,중개거래,서울 동작구,59.84,9,502,N,,11590,개인,대방동,동작구
,힐스테이트 상도 프레스티지,2013,개인,,,"179,000",15,1,2026,중개거래,"경기 고양시 덕양구, 서울 관악구",84.951,9,533,N,,11590,개인,상도동,동작구
102,극동(105),1993,개인,,,"139,000",9,1,2026,직거래,,110.14,7,105,N,26.01.16,11590,개인,사당동,동작구
,이수힐스테이트,2013,개인,,,"222,000",6,1,2026,중개거래,서울 동작구,84.9817,9,333,N,,11590,개인,동작동,동작구
,대림아파트,1993,개인,,,"142,000",16,1,2026,중개거래,서울 동작구,59.84,14,501,N,,11590,개인,대방동,동작구
,대림(169-8),1990,개인,,,"184,000",6,1,2026,중개거래,서울 동작구,125.4,10,169-8,N,,11590,개인,사당동,동작구
,삼성래미안,2003,개인,,,"135,000",9,1,2026,중개거래,서울 동작구,60.739,4,1133,N,,11590,개인,사당동,동작구
,롯데캐슬,2003,개인,,,"150,000",9,1,2026,중개거래,서울 동작구,117.68,10,1132,N,,11590,개인,사당동,동작구
,신동아리버파크,2001,개인,,,"155,000",15,1,2026,중개거래,서울 동작구,84.88,7,325,N,,11590,개인,노량진동,동작구
,롯데낙천대,2003,개인,,,"104,000",14,1,2026,중개거래,서울 동작구,55.4561,13,713,N,,11590,개인,신대방동,동작구
,흑석리버파크자이,2025,개인,,,"257,000",15,1,2026,중개거래,"서울 강서구, 서울 동작구",84.99,6,343,N,,11590,개인,흑석동,동작구
,상도휴엔하임,2016,개인,,,"13,900",6,1,2026,중개거래,서울 동작구,14.7,5,363-164,N,,11590,개인,상도동,동작구
,동작상떼빌,2006,개인,,,"126,900",15,1,2026,중개거래,"서울 금천구, 서울 동작구",128.61,14,719,N,,11590,개인,신대방동,동작구
,사당휴먼시아,2009,개인,,,"90,000",3,1,2026,중개거래,서울 동작구,59.96,12,1154,N,,11590,개인,사당동,동작구
,래미안트윈파크,2011,개인,,,"193,000",14,1,2026,중개거래,서울 동작구,59.9,14,494,N,,11590,개인,본동,동작구
,대방1차e-편한세상,2003,개인,,,"155,000",14,1,2026,중개거래,서울 동작구,84.32,20,508,N,,11590,개인,대방동,동작구
,성원,1994,개인,,,"140,000",14,1,2026,중개거래,서울 동작구,84.32,15,500,N,,11590,개인,대방동,동작구
,힐스테이트 상도 프레스티지,2013,개인,,,"181,000",14,1,2026,중개거래,"경기 고양시 덕양구, 서울 동작구",84.884,9,533,N,,11590,개인,상도동,동작구
,롯데낙천대,2003,개인,,,"105,000",14,1,2026,중개거래,서울 동작구,55.4561,16,713,N,,11590,개인,신대방동,동작구
,흑석동양아파트,2003,개인,,,"128,000",12,1,2026,중개거래,서울 동작구,59.511,12,328,N,,11590,개인,흑석동,동작구
,대림아파트,1993,개인,,,"155,000",13,1,2026,중개거래,서울 영등포구,84.92,1,501,N,,11590,개인,대방동,동작구
,포스코더샵,2007,개인,,,"160,000",7,1,2026,중개거래,서울 동작구,59.99,6,521,N,,11590,개인,상도동,동작구
,신한토탈,1997,개인,,,"90,000",11,1,2026,중개거래,서울 동작구,69.12,16,41,N,,11590,개인,대방동,동작구
,롯데캐슬비엔,2010,개인,,,"117,000",10,1,2026,중개거래,서울 동작구,84.95,5,530,N,,11590,개인,상도동,동작구
,롯데캐슬,2003,개인,,,"157,000",10,1,2026,중개거래,서울 동작구,155.6,18,1132,N,,11590,개인,사당동,동작구
,롯데낙천대,2003,개인,,,"126,000",12,1,2026,중개거래,서울 동작구,80.2422,2,713,N,,11590,개인,신대방동,동작구
,삼성래미안,2004,개인,,,"141,000",12,1,2026,중개거래,서울 동작구,59.9843,8,492,N,,11590,개인,본동,동작구
,우성1차,1988,개인,,,"160,000",12,1,2026,중개거래,서울 동작구,126.16,15,565,N,,11590,개인,신대방동,동작구
103,한성아파트,1995,개인,,,"53,000",12,1,2026,직거래,,59.87,15,470-8,N,26.01.29,11590,개인,신대방동,동작구
,경남교수,2001,개인,,,"120,000",12,1,2026,중개거래,"서울 동작구, 서울 영등포구",84.94,18,710,N,,11590,개인,신대방동,동작구
,아이파크,2004,개인,,,"148,000",12,1,2026,중개거래,서울 동작구,84.96,8,416,N,,11590,개인,상도동,동작구
,우성,1997,개인,,,"141,000",3,1,2026,중개거래,서울 동작구,84.96,13,323,N,,11590,개인,노량진동,동작구
,반석블레스,2016,개인,,,"76,000",12,1,2026,중개거래,서울 동작구,59.86,13,1158,N,,11590,개인,사당동,동작구
,경동윈츠리버,2004,개인,,,"103,000",11,1,2026,중개거래,서울 동작구,56.68,1,484,N,,11590,개인,본동,동작구
,중앙하이츠빌,2003,개인,,,"147,000",10,1,2026,중개거래,서울 동작구,123.6025,20,415,N,,11590,개인,상도동,동작구
,대성유니드,2009,개인,,,"93,000",9,1,2026,중개거래,서울 동작구,84.96,8,1155,N,,11590,개인,사당동,동작구
,현대,1991,개인,,,"97,000",10,1,2026,중개거래,서울 동작구,59.96,9,169-32,N,,11590,개인,사당동,동작구
,우리유앤미,2003,개인,,,"114,500",10,1,2026,중개거래,서울 동작구,59.9404,16,329,N,,11590,개인,흑석동,동작구
,현대,1991,개인,,,"79,000",10,1,2026,중개거래,서울 동작구,51.66,6,169-32,N,,11590,개인,사당동,동작구
,사당우성2,1993,개인,,,"118,500",9,1,2026,중개거래,서울 동작구,46.75,2,105,N,,11590,개인,사당동,동작구
,신동아리버파크,2001,개인,,,"153,000",9,1,2026,중개거래,서울 동작구,84.88,12,325,N,,11590,개인,노량진동,동작구
,우성1차,1988,개인,,,"112,400",9,1,2026,중개거래,서울 동작구,66.69,14,565,N,,11590,개인,신대방동,동작구
,보라매파크빌,2002,개인,,,"128,500",9,1,2026,중개거래,"서울 동작구, 서울 영등포구",84.59,12,711,N,,11590,개인,신대방동,동작구
,상도역롯데캐슬파크엘,2021,개인,,,"184,000",8,1,2026,중개거래,"서울 동작구, 인천 남동구",74.9853,3,904,N,,11590,개인,상도동,동작구
,보라매자이더포레스트,2021,개인,,,"142,000",8,1,2026,중개거래,서울 동작구,59.9459,16,724,N,,11590,개인,신대방동,동작구
,경동윈츠리버,2004,개인,,,"123,500",3,1,2026,중개거래,서울 동작구,56.68,9,484,N,,11590,개인,본동,동작구
,이수힐스테이트,2013,개인,,,"209,000",8,1,2026,중개거래,서울 동작구,84.9719,3,333,N,,11590,개인,동작동,동작구
,신동아리버파크,2001,개인,,,"150,000",6,1,2026,중개거래,서울 동작구,84.88,20,325,N,,11590,개인,노량진동,동작구
,힐스테이트 상도 프레스티지,2013,개인,,,"166,000",7,1,2026,중개거래,서울 동작구,84.884,1,533,N,,11590,개인,상도동,동작구
,경남아너스빌2차,1998,개인,,,"94,500",5,1,2026,중개거래,"서울 동작구, 서울 은평구",84.96,5,1135,N,,11590,개인,사당동,동작구
,신동아,1993,개인,,,"137,000",3,1,2026,중개거래,서울 동작구,84.46,10,481,N,,11590,개인,본동,동작구
,롯데캐슬비엔,2010,개인,,,"116,000",6,1,2026,중개거래,서울 동작구,100.52,4,530,N,,11590,개인,상도동,동작구
,중앙하이츠빌,2003,개인,,,"147,000",5,1,2026,중개거래,"서울 동작구, 서울 성동구",123.6025,12,415,N,,11590,개인,상도동,동작구
,대림아파트,1993,개인,,,"140,000",5,1,2026,중개거래,서울 동작구,59.84,16,501,N,,11590,개인,대방동,동작구
,삼성래미안,2003,개인,,,"160,000",5,1,2026,중개거래,서울 동작구,158.468,7,1133,N,,11590,개인,사당동,동작구
,삼성래미안,2004,개인,,,"148,500",4,1,2026,중개거래,서울 동작구,84.2261,11,492,N,,11590,개인,본동,동작구
,사당롯데캐슬골든포레,2021,개인,,,"150,000",3,1,2026,중개거래,서울 동작구,59.9775,11,1160,N,,11590,개인,사당동,동작구
,래미안상도3차,2004,개인,,,"171,000",3,1,2026,중개거래,서울 동작구,84.96,13,431,N,,11590,개인,상도동,동작구
,현대,1996,개인,,,"110,500",2,1,2026,중개거래,"서울 동작구, 서울 영등포구",84.57,8,707,N,,11590,개인,신대방동,동작구
103,삼성래미안,2003,개인,,,"146,000",3,1,2026,중개거래,서울 동작구,84.967,19,1133,N,26.02.12,11590,개인,사당동,동작구
,동작협성휴포레시그니처,2022,개인,,,"115,000",2,1,2026,중개거래,서울 동작구,84.9869,25,686-48,N,,11590,개인,신대방동,동작구
,성원,1994,개인,,,"118,000",2,1,2026,중개거래,서울 동작구,84.32,1,500,N,,11590,개인,대방동,동작구
,롯데낙천대,2003,개인,,,"102,500",2,1,2026,중개거래,서울 동작구,55.4561,3,713,N,,11590,개인,신대방동,동작구
,힐스테이트 상도 센트럴파크,2012,개인,,,"159,000",1,1,2026,중개거래,서울 동작구,59.8758,12,531,N,,11590,개인,상도동,동작구
,아데나339,2012,개인,,,"13,700",29,1,2026,중개거래,서울 동작구,15.36,6,515,N,26.02.03,11590,개인,대방동,동작구
,진성마블로스,2011,개인,,,"13,800",19,2,2026,직거래,,14.4,9,394-2,N,,11590,개인,대방동,동작구
,극동(105),1993,개인,,,"162,000",10,2,2026,중개거래,서울 서초구,109.7,9,105,N,,11590,개인,사당동,동작구
,신동아,1993,개인,,,"45,500",13,2,2026,중개거래,"서울 관악구, 서울 동작구",37.74,8,360-17,N,,11590,개인,신대방동,동작구
,상도2차갑을명가,2006,개인,,,"72,500",7,2,2026,중개거래,"경기 성남시 수정구, 서울 동작구",84.33,2,459,N,,11590,개인,상도동,동작구
,동작상떼빌,2006,개인,,,"121,500",10,2,2026,중개거래,서울 동작구,84.98,17,719,N,,11590,개인,신대방동,동작구
,상도동삼호아파트,1994,개인,,,"107,000",11,2,2026,중개거래,"서울 관악구, 서울 동작구",114.63,4,408,N,,11590,개인,상도동,동작구
,삼성래미안,2004,개인,,,"145,000",5,2,2026,중개거래,서울 동작구,59.9843,2,492,N,,11590,개인,본동,동작구
,경남아너스빌,2006,개인,,,"149,500",10,2,2026,중개거래,서울 동작구,84.805,11,512,N,,11590,개인,대방동,동작구
,동작협성휴포레시그니처,2022,개인,,,"117,000",6,2,2026,중개거래,서울 동작구,84.9869,18,686-48,N,,11590,개인,신대방동,동작구
,래미안로이파크,2018,개인,,,"225,000",9,2,2026,중개거래,서울 동작구,84.98,20,1159,N,,11590,개인,사당동,동작구
,삼호그린,1999,개인,,,"74,000",8,2,2026,중개거래,서울 동작구,59.58,1,1138,N,,11590,개인,사당동,동작구
,동작협성휴포레시그니처,2022,개인,,,"117,800",7,2,2026,중개거래,서울 동작구,84.9464,25,686-48,N,,11590,개인,신대방동,동작구
,대림(169-8),1990,개인,,,"175,000",7,2,2026,중개거래,서울 동작구,84.91,6,169-8,N,,11590,개인,사당동,동작구
,우리유앤미,2003,개인,,,"132,000",6,2,2026,중개거래,서울 강남구,83.5859,6,329,N,,11590,개인,흑석동,동작구
,상도파크자이,2016,개인,,,"147,000",5,2,2026,직거래,,72.328,16,900,N,,11590,개인,상도동,동작구
,상도동삼호아파트,1994,개인,,,"108,500",7,2,2026,중개거래,서울 관악구,114.63,4,408,N,,11590,개인,상도동,동작구
,신동아파밀리에,2005,개인,,,"134,000",7,2,2026,중개거래,서울 동작구,112.058,10,717,N,,11590,개인,신대방동,동작구
,대림아파트,1993,개인,,,"210,000",7,2,2026,중개거래,서울 동작구,164.79,8,501,N,,11590,개인,대방동,동작구
,보라매파크빌,2002,개인,,,"138,000",6,2,2026,중개거래,서울 동작구,84.84,7,711,N,,11590,개인,신대방동,동작구
,극동(105),1993,개인,,,"161,000",6,2,2026,중개거래,서울 동작구,110.14,1,105,N,,11590,개인,사당동,동작구
,두산위브트레지움,2011,개인,,,"194,000",4,2,2026,중개거래,서울 동작구,84.9706,25,1131,N,,11590,개인,사당동,동작구
,롯데낙천대,2003,개인,,,"112,000",5,2,2026,중개거래,서울 동작구,55.4561,18,713,N,,11590,개인,신대방동,동작구
,한신휴플러스,2004,개인,,,"143,500",5,2,2026,중개거래,서울 동작구,84.84,5,487,N,,11590,개인,본동,동작구
,한성아파트,1995,개인,,,"120,000",5,2,2026,중개거래,서울 동작구,84.99,16,470-8,N,,11590,개인,신대방동,동작구
,건영,1997,개인,,,"74,000",5,2,2026,중개거래,서울 동작구,32.8,17,414,N,,11590,개인,상도동,동작구
,보라매파크빌,2002,개인,,,"131,000",5,2,2026,중개거래,서울 동작구,84.81,10,711,N,,11590,개인,신대방동,동작구
1,진성마블로스,2011,개인,,,"11,000",4,2,2026,중개거래,서울 동작구,14.134,7,394-2,N,26.02.09,11590,개인,대방동,동작구
,흑석한강센트레빌,2011,개인,,,"247,000",4,2,2026,중개거래,"경기 수원시 영통구, 서울 동작구",84.84,13,335,N,,11590,개인,흑석동,동작구
,사당우성2,1993,개인,,,"120,000",4,2,2026,중개거래,서울 동작구,46.75,1,105,N,,11590,개인,사당동,동작구
,롯데낙천대,2003,개인,,,"135,000",4,2,2026,중개거래,서울 동작구,108.4848,3,713,N,,11590,개인,신대방동,동작구
,현대주택조합,1993,개인,,,"116,000",4,2,2026,중개거래,서울 동작구,84.99,6,산25-2,N,,11590,개인,사당동,동작구
,상도현대,2003,개인,,,"78,900",3,2,2026,중개거래,"서울 관악구, 서울 동작구",59.72,3,412,N,,11590,개인,상도동,동작구
,동작협성휴포레시그니처,2022,개인,,,"117,000",3,2,2026,중개거래,"서울 관악구, 서울 동작구",84.9464,29,686-48,N,,11590,개인,신대방동,동작구
,대방동현대,1994,개인,,,"135,000",2,2,2026,중개거래,서울 동작구,84.96,9,502,N,,11590,개인,대방동,동작구
,신림현대,1993,개인,,,"73,000",26,1,2026,중개거래,서울 관악구,82.2,1,1694,N,,11620,개인,신림동,관악구
,신림현대,1993,개인,,,"46,500",27,1,2026,중개거래,서울 관악구,34.86,15,1694,N,,11620,개인,신림동,관악구
,관악푸르지오,2004,개인,,,"98,000",24,1,2026,중개거래,서울 관악구,59.58,5,1717,N,,11620,개인,봉천동,관악구
,신안,1978,개인,,,"44,000",31,1,2026,중개거래,서울 관악구,55.21,5,10-10,N,,11620,개인,신림동,관악구
,예성2차그린캐슬,2004,개인,,,"89,000",29,1,2026,중개거래,서울 관악구,84.17,6,1134,N,,11620,개인,남현동,관악구
,보라매우성,1995,개인,,,"65,000",28,1,2026,중개거래,서울 동작구,58.86,3,1696,N,,11620,개인,봉천동,관악구
,미래,2005,개인,,,"49,500",24,1,2026,중개거래,서울 관악구,64.66,5,1654-14,N,,11620,개인,봉천동,관악구
,현대(관악),1992,개인,,,"97,000",29,1,2026,중개거래,서울 관악구,68.8,9,1000,N,,11620,개인,봉천동,관악구
,예성그랑펠리체,2007,개인,,,"92,000",23,1,2026,중개거래,"서울 관악구, 서울 동작구",73.55,2,1138,N,,11620,개인,남현동,관악구
,신림2차현대,1996,개인,,,"85,000",31,1,2026,중개거래,서울 관악구,113.52,5,551-9,N,,11620,개인,신림동,관악구
,두산,2000,개인,,,"123,900",17,1,2026,중개거래,서울 관악구,84.87,16,1708,N,,11620,개인,봉천동,관악구
,보라매삼성,1996,개인,,,"100,000",30,1,2026,중개거래,서울 관악구,84.84,8,1698-1,N,,11620,개인,봉천동,관악구
,낙성대현대아파트,1988,개인,,,"65,000",21,1,2026,중개거래,서울 관악구,61.74,2,179-58,N,,11620,개인,봉천동,관악구
,제창그로힐,2005,개인,,,"73,800",13,1,2026,중개거래,"서울 관악구, 서울 동작구",81.892,5,1722,N,,11620,개인,봉천동,관악구
217,관악산휴먼시아2단지,2008,개인,,,"60,500",30,1,2026,중개거래,서울 관악구,59.96,10,1735,N,26.02.10,11620,개인,신림동,관악구
,국제산장,1993,개인,,,"47,900",29,1,2026,중개거래,서울 관악구,84.15,8,1693,N,,11620,개인,신림동,관악구
,신림현대,1993,개인,,,"44,250",21,1,2026,중개거래,"서울 관악구, 서울 동작구",34.86,6,1694,N,,11620,개인,신림동,관악구
,서울대입구삼성,1999,개인,,,"90,000",5,1,2026,직거래,,114.98,6,1591-2,N,,11620,개인,봉천동,관악구
,관악푸르지오,2004,개인,,,"107,000",31,1,2026,중개거래,서울 관악구,84.2,3,1717,N,,11620,개인,봉천동,관악구
,관악산휴먼시아2단지,2008,개인,,,"81,500",30,1,2026,중개거래,서울 관악구,114.7,13,1735,N,,11620,개인,신림동,관악구
,보라매삼성,1996,개인,,,"97,000",30,1,2026,중개거래,서울 관악구,84.84,1,1698-1,N,,11620,개인,봉천동,관악구
,늘푸른5차,2008,개인,,,"60,000",31,1,2026,중개거래,서울 관악구,84.99,2,1690-171,N,,11620,개인,봉천동,관악구
,신림푸르지오,2005,개인,,,"100,000",24,1,2026,중개거래,서울 관악구,84.79,21,1730,N,,11620,개인,신림동,관악구
,e편한세상서울대입구1단지,2019,개인,,,"146,000",31,1,2026,중개거래,서울 관악구,84.93,8,1730,N,,11620,개인,봉천동,관악구
,관악드림(동아),2003,개인,,,"114,500",31,1,2026,중개거래,서울 관악구,102.0,9,1712,N,,11620,개인,봉천동,관악구
,봉천동아,2000,개인,,,"90,500",31,1,2026,중개거래,서울 관악구,59.76,16,1703,N,,11620,개인,봉천동,관악구
,신림2차푸르지오,2007,개인,,,"85,000",31,1,2026,중개거래,서울 관악구,114.7143,7,1736,N,,11620,개인,신림동,관악구
,관악드림(삼성),2003,개인,,,"98,000",31,1,2026,중개거래,서울 관악구,59.85,3,1712,N,,11620,개인,봉천동,관악구
,프라비다2,2013,개인,,,"18,000",10,1,2026,중개거래,서울 관악구,20.45,4,867-12,N,,11620,개인,봉천동,관악구
,삼성산주공(주공3단지),2000,개인,,,"59,000",31,1,2026,중개거래,서울 관악구,83.21,4,1714,N,,11620,개인,신림동,관악구
,관악캠퍼스타워,1998,개인,,,"23,000",27,1,2026,중개거래,서울 관악구,35.76,17,875-1,N,,11620,개인,봉천동,관악구
,현대(관악),1992,개인,,,"81,000",31,1,2026,중개거래,서울 관악구,58.59,2,1000,N,,11620,개인,봉천동,관악구
,관악푸르지오,2004,개인,,,"119,800",31,1,2026,중개거래,서울 관악구,84.2,18,1717,N,,11620,개인,봉천동,관악구
,봉천우성,2000,개인,,,"108,000",31,1,2026,중개거래,서울 관악구,84.96,7,1706,N,,11620,개인,봉천동,관악구
,봉천동아,2000,개인,,,"101,500",16,1,2026,중개거래,서울 관악구,84.87,13,1703,N,,11620,개인,봉천동,관악구
,관악파크푸르지오,2014,개인,,,"87,600",30,1,2026,중개거래,서울 서초구,59.98,2,1728,N,,11620,개인,봉천동,관악구
,LIG대학마을(건영아파트3차),1996,개인,,,"53,700",30,1,2026,중개거래,서울 관악구,58.89,1,1703-1,N,,11620,개인,신림동,관악구
,벽산블루밍,2005,개인,,,"107,500",31,1,2026,중개거래,서울 관악구,101.95,25,1718,N,,11620,개인,봉천동,관악구
,벽산블루밍,2005,개인,,,"98,500",31,1,2026,중개거래,서울 관악구,84.99,1,1718,N,,11620,개인,봉천동,관악구
,관악푸르지오,2004,개인,,,"105,000",30,1,2026,중개거래,서울 관악구,59.58,5,1717,N,,11620,개인,봉천동,관악구
,주공1,1995,개인,,,"40,000",28,1,2026,중개거래,서울 관악구,59.5,2,1704-1,N,,11620,개인,신림동,관악구
,보라매삼성,1996,개인,,,"107,500",24,1,2026,중개거래,서울 관악구,84.84,6,1698-1,N,,11620,개인,봉천동,관악구
,벽산블루밍,2005,개인,,,"88,000",24,1,2026,중개거래,서울 관악구,59.99,18,1718,N,,11620,개인,봉천동,관악구
,신림현대,1993,개인,,,"44,000",29,1,2026,중개거래,서울 관악구,34.86,10,1694,N,,11620,개인,신림동,관악구
,제창그로힐,2005,개인,,,"70,500",25,1,2026,중개거래,서울 관악구,81.842,6,1722,N,,11620,개인,봉천동,관악구
,관악드림(삼성),2003,개인,,,"120,000",28,1,2026,중개거래,서울 관악구,84.96,6,1712,N,,11620,개인,봉천동,관악구
,벽산블루밍,2005,개인,,,"75,000",15,1,2026,직거래,,101.95,13,1718,N,,11620,개인,봉천동,관악구
,벽산블루밍,2005,개인,,,"96,000",28,1,2026,중개거래,서울 관악구,114.97,1,1718,N,,11620,개인,봉천동,관악구
,봉천동아,2000,개인,,,"94,500",13,1,2026,중개거래,서울 관악구,84.87,18,1703,N,,11620,개인,봉천동,관악구
,현대(관악),1992,개인,,,"81,500",27,1,2026,중개거래,서울 관악구,58.59,2,1000,N,,11620,개인,봉천동,관악구
,현대(관악),1992,개인,,,"109,750",28,1,2026,중개거래,"서울 관악구, 서울 동작구",116.72,2,1000,N,,11620,개인,봉천동,관악구
,신림2차푸르지오,2007,개인,,,"75,000",27,1,2026,중개거래,서울 관악구,84.8098,5,1736,N,,11620,개인,신림동,관악구
,삼성산주공(주공3단지),2000,개인,,,"51,000",27,1,2026,중개거래,서울 관악구,58.55,14,1714,N,,11620,개인,신림동,관악구
,신림현대,1993,개인,,,"75,000",27,1,2026,중개거래,서울 관악구,82.2,2,1694,N,,11620,개인,신림동,관악구
,두산,2000,개인,,,"111,500",26,1,2026,중개거래,서울 관악구,114.99,1,1708,N,,11620,개인,봉천동,관악구
,관악드림(삼성),2003,개인,,,"118,000",27,1,2026,중개거래,서울 관악구,84.96,15,1712,N,,11620,개인,봉천동,관악구
,LIG대학마을(건영아파트3차),1996,개인,,,"52,000",23,1,2026,중개거래,서울 관악구,58.9,3,1703-1,N,,11620,개인,신림동,관악구
,보라매삼성,1996,개인,,,"105,000",24,1,2026,중개거래,서울 관악구,84.84,13,1698-1,N,,11620,개인,봉천동,관악구
,관악드림(동아),2003,개인,,,"110,000",6,1,2026,중개거래,"서울 관악구, 서울 서초구",84.96,6,1712,N,,11620,개인,봉천동,관악구
,관악산휴먼시아2단지,2008,개인,,,"62,500",27,1,2026,중개거래,서울 관악구,59.96,11,1735,N,,11620,개인,신림동,관악구
,서희스타힐스,2015,개인,,,"78,000",22,1,2026,중개거래,"서울 관악구, 서울 동작구",84.93,2,1729,N,,11620,개인,봉천동,관악구
,e편한세상서울대입구1단지,2019,개인,,,"142,000",24,1,2026,중개거래,서울 관악구,114.88,1,1730,N,,11620,개인,봉천동,관악구
,봉천우성,2000,개인,,,"106,200",17,1,2026,중개거래,서울 관악구,84.96,18,1706,N,,11620,개인,봉천동,관악구
,코스모블루,2012,개인,,,"12,500",25,1,2026,중개거래,서울 관악구,13.09,5,863-9,N,26.02.05,11620,개인,봉천동,관악구
,보라매삼성,1996,개인,,,"110,000",24,1,2026,중개거래,"서울 관악구, 서울 동작구",84.78,11,1698-1,N,,11620,개인,봉천동,관악구
,낙성대현대홈타운,2002,개인,,,"111,000",21,1,2026,중개거래,서울 관악구,84.923,8,1713,N,,11620,개인,봉천동,관악구
,관악푸르지오,2004,개인,,,"96,500",14,1,2026,중개거래,서울 관악구,59.58,10,1717,N,,11620,개인,봉천동,관악구
,삼원하이츠11차,2010,개인,,,"55,000",26,1,2026,중개거래,서울 관악구,75.25,3,602-210,N,,11620,개인,남현동,관악구
,벽산블루밍,2005,개인,,,"104,500",26,1,2026,중개거래,서울 관악구,84.99,12,1718,N,,11620,개인,봉천동,관악구
,관악미래가,2004,개인,,,"79,000",23,1,2026,중개거래,서울 관악구,129.87,4,148-129,N,,11620,개인,봉천동,관악구
,e편한세상서울대입구2차,2020,개인,,,"147,000",22,1,2026,중개거래,"서울 관악구, 서울 송파구",116.72,10,1733,N,,11620,개인,봉천동,관악구
,해태보라매타워,1996,개인,,,"70,000",24,1,2026,중개거래,"서울 관악구, 서울 동작구",59.94,20,729-32,N,,11620,개인,봉천동,관악구
,한양,1992,개인,,,"63,000",23,1,2026,중개거래,서울 관악구,84.79,15,1563-82,N,,11620,개인,신림동,관악구
,해태보라매타워,1996,개인,,,"64,500",20,1,2026,중개거래,서울 동작구,59.94,6,729-32,N,,11620,개인,봉천동,관악구
,신림2차현대,1996,개인,,,"74,500",24,1,2026,중개거래,경기 구리시,113.52,14,551-9,N,,11620,개인,신림동,관악구
,관악드림(동아),2003,개인,,,"115,000",2,1,2026,중개거래,서울 관악구,114.75,12,1712,N,,11620,개인,봉천동,관악구
,관악드림(동아),2003,개인,,,"120,000",19,1,2026,중개거래,서울 관악구,114.75,21,1712,N,,11620,개인,봉천동,관악구
,벽산블루밍,2005,개인,,,"92,000",24,1,2026,중개거래,서울 관악구,59.99,9,1718,N,,11620,개인,봉천동,관악구
,현대(관악),1992,개인,,,"86,500",24,1,2026,중개거래,서울 관악구,58.59,6,1000,N,,11620,개인,봉천동,관악구
,두산,2000,개인,,,"123,000",24,1,2026,중개거래,"서울 관악구, 서울 서초구",84.87,3,1708,N,,11620,개인,봉천동,관악구
,두산,2000,개인,,,"121,000",24,1,2026,중개거래,서울 관악구,114.99,1,1708,N,,11620,개인,봉천동,관악구
,관악산휴먼시아1단지,2008,개인,,,"59,000",24,1,2026,중개거래,서울 관악구,59.99,2,1735-1,N,,11620,개인,신림동,관악구
,낙성대현대홈타운,2002,개인,,,"113,000",23,1,2026,중개거래,서울 관악구,114.919,5,1713,N,,11620,개인,봉천동,관악구
,관악드림(삼성),2003,개인,,,"98,000",21,1,2026,중개거래,서울 관악구,59.85,25,1712,N,,11620,개인,봉천동,관악구
,관악드림(동아),2003,개인,,,"119,500",23,1,2026,중개거래,서울 관악구,114.75,21,1712,N,,11620,개인,봉천동,관악구
,관악드림(삼성),2003,개인,,,"108,000",23,1,2026,중개거래,서울 관악구,84.96,1,1712,N,,11620,개인,봉천동,관악구
제201,낙성대현대(296),1998,개인,,,"92,500",21,1,2026,중개거래,서울 관악구,84.97,12,296,N,26.02.06,11620,개인,봉천동,관악구
,은천2단지아파트,2000,개인,,,"58,000",22,1,2026,중개거래,서울 관악구,49.95,4,1707-1,N,,11620,개인,봉천동,관악구
,G밸리마인드,2021,개인,,,"18,700",17,1,2026,중개거래,서울 구로구,14.96,10,1655-17,N,26.01.26,11620,개인,신림동,관악구
,봉천우성,2000,개인,,,"85,000",22,1,2026,중개거래,서울 관악구,59.76,8,1706,N,,11620,개인,봉천동,관악구
,서울대입구역더하이브센트럴,2024,개인,,,"70,500",14,1,2026,중개거래,서울 관악구,59.74,11,1738,N,,11620,개인,봉천동,관악구
,관악산휴먼시아1단지,2008,개인,,,"60,000",22,1,2026,중개거래,서울 관악구,59.99,5,1735-1,N,,11620,개인,신림동,관악구
,신림현대,1993,개인,,,"81,000",17,1,2026,중개거래,서울 관악구,105.36,3,1694,N,,11620,개인,신림동,관악구
,신림현대,1993,개인,,,"75,000",17,1,2026,중개거래,서울 관악구,82.2,4,1694,N,,11620,개인,신림동,관악구
,벽산블루밍,2005,개인,,,"117,500",21,1,2026,중개거래,서울 관악구,101.95,8,1718,N,,11620,개인,봉천동,관악구
,봉천우성,2000,개인,,,"91,000",21,1,2026,중개거래,서울 관악구,59.76,13,1706,N,,11620,개인,봉천동,관악구
,LIG대학마을(건영아파트3차),1996,개인,,,"55,000",10,1,2026,중개거래,서울 관악구,58.9,10,1703-1,N,,11620,개인,신림동,관악구
,해태보라매타워,1996,개인,,,"87,500",17,1,2026,중개거래,"서울 동작구, 서울 영등포구",84.04,21,729-32,N,,11620,개인,봉천동,관악구
,은천2단지아파트,2000,개인,,,"47,000",16,1,2026,중개거래,서울 관악구,49.95,1,1707-1,N,,11620,개인,봉천동,관악구
,동원낙성대,2004,개인,,,"97,000",20,1,2026,중개거래,서울 관악구,97.32,4,1630-7,N,,11620,개인,봉천동,관악구
,관악파크푸르지오,2014,개인,,,"91,400",20,1,2026,중개거래,서울 관악구,59.98,5,1728,N,,11620,개인,봉천동,관악구
,금강아미움(106동),2010,개인,,,"84,000",20,1,2026,중개거래,서울 관악구,71.3453,5,1522-31,N,,11620,개인,봉천동,관악구
,관악드림(삼성),2003,개인,,,"105,000",8,1,2026,중개거래,서울 관악구,84.96,4,1712,N,,11620,개인,봉천동,관악구
,관악파크푸르지오,2014,개인,,,"98,000",20,1,2026,중개거래,서울 관악구,84.99,8,1728,N,,11620,개인,봉천동,관악구
,관악산휴먼시아2단지,2008,개인,,,"59,800",20,1,2026,중개거래,서울 관악구,59.96,18,1735,N,,11620,개인,신림동,관악구
,보라매해담채,2012,개인,,,"16,000",9,1,2026,직거래,,13.23,3,497-5,N,26.01.20,11620,개인,신림동,관악구
,한일유앤아이2차,2006,개인,,,"76,000",20,1,2026,중개거래,서울 동작구,84.99,1,1077-1,N,,11620,개인,남현동,관악구
,서울대역마에스트로,2012,개인,,,"19,000",15,1,2026,중개거래,서울 관악구,23.09,18,869-6,N,,11620,개인,봉천동,관악구
,관악파크푸르지오,2014,개인,,,"104,000",16,1,2026,중개거래,서울 관악구,84.99,10,1728,N,,11620,개인,봉천동,관악구
,성우,1998,개인,,,"66,000",20,1,2026,중개거래,서울 관악구,59.97,10,10-622,N,,11620,개인,신림동,관악구
,관악푸르지오,2004,개인,,,"115,000",19,1,2026,중개거래,서울 관악구,84.75,15,1717,N,,11620,개인,봉천동,관악구
,관악푸르지오,2004,개인,,,"91,000",19,1,2026,중개거래,서울 관악구,59.58,2,1717,N,,11620,개인,봉천동,관악구
,일두(1021),1985,개인,,,"42,000",13,1,2026,중개거래,"서울 관악구, 서울 동작구",38.92,5,1021,N,,11620,개인,봉천동,관악구
,신림현대,1993,개인,,,"77,000",19,1,2026,중개거래,서울 관악구,82.2,9,1694,N,,11620,개인,신림동,관악구
,건영1,1984,개인,,,"55,000",19,1,2026,중개거래,서울 관악구,60.27,12,746-43,N,,11620,개인,신림동,관악구
,은천2단지아파트,2000,개인,,,"67,000",16,1,2026,중개거래,서울 관악구,59.93,3,1707-1,N,,11620,개인,봉천동,관악구
,봉천우성,2000,개인,,,"86,000",16,1,2026,중개거래,서울 관악구,59.76,17,1706,N,,11620,개인,봉천동,관악구
,LIG대학마을(건영아파트3차),1996,개인,,,"54,000",16,1,2026,중개거래,서울 관악구,58.9,4,1703-1,N,,11620,개인,신림동,관악구
,보람(685-100),2004,개인,,,"35,000",12,1,2026,중개거래,서울 관악구,68.58,2,685-100,N,,11620,개인,봉천동,관악구
,서울대입구아이원(1560-61),2006,개인,,,"117,800",18,1,2026,중개거래,서울 관악구,84.89,5,1560-61,N,,11620,개인,봉천동,관악구
,신림현대,1993,개인,,,"81,000",18,1,2026,중개거래,"경기 하남시, 서울 관악구",82.2,9,1694,N,,11620,개인,신림동,관악구
,서울대입구아이원(1560-61),2006,개인,,,"128,000",18,1,2026,중개거래,서울 관악구,113.53,4,1560-61,N,,11620,개인,봉천동,관악구
,e편한세상서울대입구2단지,2019,개인,,,"130,000",18,1,2026,중개거래,서울 관악구,84.93,1,1730-1,N,,11620,개인,봉천동,관악구
,e편한세상서울대입구2차,2020,개인,,,"144,500",9,1,2026,중개거래,서울 관악구,116.72,11,1733,N,,11620,개인,봉천동,관악구
,관악푸르지오,2004,개인,,,"117,000",17,1,2026,중개거래,"서울 관악구, 인천 동구",84.75,19,1717,N,,11620,개인,봉천동,관악구
,관악드림(동아),2003,개인,,,"104,000",17,1,2026,중개거래,서울 관악구,60.0,16,1712,N,,11620,개인,봉천동,관악구
,VIP(602-284),2006,개인,,,"71,100",14,1,2026,중개거래,서울 서초구,82.15,1,602-284,N,,11620,개인,남현동,관악구
,두산,2000,개인,26.02.09,O,"123,900",17,1,2026,중개거래,서울 관악구,84.87,16,1708,N,,11620,개인,봉천동,관악구
,관악푸르지오,2004,개인,,,"102,500",17,1,2026,중개거래,서울 관악구,59.58,14,1717,N,,11620,개인,봉천동,관악구
,신림현대,1993,개인,26.01.20,O,"81,000",17,1,2026,중개거래,서울 관악구,105.36,3,1694,N,,11620,개인,신림동,관악구
,현대(관악),1992,개인,,,"86,000",16,1,2026,중개거래,서울 관악구,58.59,10,1000,N,,11620,개인,봉천동,관악구
,관악드림(동아),2003,개인,,,"116,500",17,1,2026,중개거래,"서울 관악구, 서울 서초구",84.96,12,1712,N,,11620,개인,봉천동,관악구
,관악파크푸르지오,2014,개인,,,"87,500",15,1,2026,중개거래,서울 관악구,59.98,7,1728,N,,11620,개인,봉천동,관악구
,관악드림(동아),2003,개인,,,"105,000",6,1,2026,중개거래,서울 관악구,102.0,1,1712,N,,11620,개인,봉천동,관악구
,예촌BC,2004,개인,,,"58,700",15,1,2026,중개거래,서울 관악구,90.45,1,1072-47,N,,11620,개인,남현동,관악구
,제창그로힐,2004,개인,,,"69,900",12,1,2026,중개거래,서울 관악구,79.72,7,1728,N,,11620,개인,신림동,관악구
,현대(관악),1992,개인,,,"92,000",14,1,2026,중개거래,서울 관악구,68.8,10,1000,N,,11620,개인,봉천동,관악구
,봉천동아,2000,개인,,,"100,000",14,1,2026,중개거래,서울 관악구,84.87,8,1703,N,,11620,개인,봉천동,관악구
,벽산블루밍,2005,개인,,,"92,700",13,1,2026,중개거래,"서울 강남구, 서울 관악구",59.99,19,1718,N,,11620,개인,봉천동,관악구
,현대(관악),1992,개인,,,"85,500",13,1,2026,중개거래,서울 관악구,58.59,15,1000,N,,11620,개인,봉천동,관악구
,봉천우성,2000,개인,,,"83,000",13,1,2026,중개거래,서울 관악구,84.96,1,1706,N,,11620,개인,봉천동,관악구
,관악동부센트레빌,2004,개인,,,"100,000",13,1,2026,중개거래,서울 관악구,59.8,12,1719,N,,11620,개인,봉천동,관악구
,두산,2000,개인,,,"119,000",13,1,2026,중개거래,서울 관악구,84.92,23,1708,N,,11620,개인,봉천동,관악구
,관악푸르지오,2004,개인,,,"109,000",14,1,2026,중개거래,서울 관악구,84.75,1,1717,N,,11620,개인,봉천동,관악구
,현대(관악),1992,개인,,,"86,800",10,1,2026,중개거래,서울 관악구,58.59,12,1000,N,,11620,개인,봉천동,관악구
,관악드림(동아),2003,개인,,,"115,000",13,1,2026,중개거래,서울 관악구,84.96,13,1712,N,,11620,개인,봉천동,관악구
,금강아미움(102동),2010,개인,,,"83,000",12,1,2026,중개거래,"서울 강남구, 서울 관악구, 서울 금천구",71.3453,5,1522-29,N,,11620,개인,봉천동,관악구
,보라매삼성,1996,개인,,,"106,500",13,1,2026,중개거래,서울 관악구,84.84,15,1698-1,N,,11620,개인,봉천동,관악구
,서울대입구아이원(1560-62),2006,개인,,,"107,500",12,1,2026,중개거래,서울 관악구,84.92,7,1560-62,N,,11620,개인,봉천동,관악구
105,관악산휴먼시아1단지,2008,개인,,,"62,000",12,1,2026,중개거래,"서울 관악구, 서울 구로구",59.99,19,1735-1,N,26.02.12,11620,개인,신림동,관악구
,프라비다2,2013,개인,,,"16,900",12,1,2026,중개거래,경기 부천시 원미구,19.61,5,867-12,N,26.01.15,11620,개인,봉천동,관악구
,두산,2000,개인,,,"92,500",12,1,2026,중개거래,서울 관악구,59.92,1,1708,N,,11620,개인,봉천동,관악구
,봉천동아,2000,개인,,,"79,000",10,1,2026,중개거래,서울 관악구,59.76,4,1703,N,,11620,개인,봉천동,관악구
,신림현대,1993,개인,,,"59,500",11,1,2026,중개거래,서울 관악구,59.85,1,1694,N,,11620,개인,신림동,관악구
,신림현대,1993,개인,,,"44,400",11,1,2026,중개거래,서울 관악구,34.86,12,1694,N,,11620,개인,신림동,관악구
,은천2단지아파트,2000,개인,,,"58,800",10,1,2026,중개거래,서울 관악구,49.95,7,1707-1,N,,11620,개인,봉천동,관악구
,신림2차푸르지오,2007,개인,,,"68,000",10,1,2026,중개거래,서울 관악구,84.8098,1,1736,N,,11620,개인,신림동,관악구
,벽산블루밍,2005,개인,,,"94,500",10,1,2026,중개거래,서울 관악구,59.99,6,1718,N,,11620,개인,봉천동,관악구
,e편한세상서울대입구2차,2020,개인,,,"123,000",10,1,2026,중개거래,서울 관악구,59.85,5,1733,N,,11620,개인,봉천동,관악구
,두산,2000,개인,,,"108,500",10,1,2026,중개거래,서울 관악구,114.99,1,1708,N,,11620,개인,봉천동,관악구
,벽산블루밍,2005,개인,,,"108,000",10,1,2026,중개거래,서울 관악구,114.99,13,1718,N,,11620,개인,봉천동,관악구
,두산,2000,개인,,,"125,000",10,1,2026,중개거래,서울 관악구,114.99,10,1708,N,,11620,개인,봉천동,관악구
,현대(관악),1992,개인,,,"83,500",9,1,2026,중개거래,"서울 관악구, 서울 동작구",68.8,1,1000,N,,11620,개인,봉천동,관악구
,관악동부센트레빌,2004,개인,,,"92,500",9,1,2026,중개거래,서울 관악구,59.75,2,1719,N,,11620,개인,봉천동,관악구
,신림푸르지오,2005,개인,,,"99,500",7,1,2026,중개거래,서울 관악구,84.79,21,1730,N,,11620,개인,신림동,관악구
,건영1,1984,개인,,,"54,600",7,1,2026,중개거래,서울 관악구,60.27,8,746-43,N,,11620,개인,신림동,관악구
,e편한세상서울대입구2단지,2019,개인,,,"142,400",8,1,2026,중개거래,서울 관악구,84.97,9,1730-1,N,,11620,개인,봉천동,관악구
,관악산휴먼시아2단지,2008,개인,,,"60,000",8,1,2026,중개거래,서울 관악구,59.96,12,1735,N,,11620,개인,신림동,관악구
,LIG대학마을(건영아파트3차),1996,개인,,,"70,000",8,1,2026,중개거래,서울 관악구,84.82,4,1703-1,N,,11620,개인,신림동,관악구
,삼성산주공(주공3단지),2000,개인,,,"60,000",7,1,2026,중개거래,서울 관악구,83.21,19,1714,N,,11620,개인,신림동,관악구
,관악드림(동아),2003,개인,,,"97,000",7,1,2026,중개거래,서울 관악구,60.0,2,1712,N,,11620,개인,봉천동,관악구
,주공1,1995,개인,,,"39,000",3,1,2026,중개거래,서울 관악구,59.5,1,1704-1,N,,11620,개인,신림동,관악구
,관악산휴먼시아1단지,2008,개인,,,"57,000",6,1,2026,중개거래,서울 관악구,59.99,2,1735-1,N,,11620,개인,신림동,관악구
106,관악산휴먼시아1단지,2008,개인,,,"59,500",7,1,2026,중개거래,서울 관악구,59.96,1,1735-1,N,26.02.10,11620,개인,신림동,관악구
,브라운스톤관악,2005,개인,,,"81,000",6,1,2026,중개거래,서울 관악구,59.67,15,1721,N,,11620,개인,봉천동,관악구
,LIG대학마을(건영아파트3차),1996,개인,,,"58,800",5,1,2026,중개거래,서울 관악구,69.17,3,1703-1,N,,11620,개인,신림동,관악구
,관악푸르지오,2004,개인,,,"100,000",5,1,2026,중개거래,서울 관악구,59.58,17,1717,N,,11620,개인,봉천동,관악구
,동부,1993,개인,,,"104,500",3,1,2026,중개거래,서울 관악구,114.71,4,1695,N,,11620,개인,신림동,관악구
,관악드림(동아),2003,개인,,,"96,000",5,1,2026,중개거래,서울 관악구,59.85,10,1712,N,,11620,개인,봉천동,관악구
,관악드림(삼성),2003,개인,,,"118,200",5,1,2026,중개거래,서울 관악구,84.96,7,1712,N,,11620,개인,봉천동,관악구
,동부,1993,개인,,,"74,500",2,1,2026,중개거래,서울 관악구,60.38,4,1695,N,,11620,개인,신림동,관악구
,신림현대,1993,개인,,,"86,500",3,1,2026,중개거래,서울 관악구,105.36,9,1694,N,,11620,개인,신림동,관악구
,e편한세상서울대입구1단지,2019,개인,,,"147,000",3,1,2026,중개거래,서울 관악구,84.97,8,1730,N,,11620,개인,봉천동,관악구
,벽산블루밍,2005,개인,,,"74,000",11,2,2026,중개거래,서울 관악구,84.98,9,1733,N,,11620,개인,신림동,관악구
,관악드림(삼성),2003,개인,,,"119,500",19,2,2026,중개거래,서울 관악구,84.96,11,1712,N,,11620,개인,봉천동,관악구
,두산,2000,개인,,,"115,000",13,2,2026,중개거래,서울 관악구,59.92,3,1708,N,,11620,개인,봉천동,관악구
,관악산휴먼시아2단지,2008,개인,,,"71,500",14,2,2026,중개거래,서울 관악구,84.97,13,1735,N,,11620,개인,신림동,관악구
,낙성대현대아파트,1988,개인,,,"75,000",13,2,2026,중개거래,서울 관악구,61.74,12,179-58,N,,11620,개인,봉천동,관악구
,신림푸르지오,2005,개인,,,"95,000",13,2,2026,중개거래,서울 관악구,84.79,7,1730,N,,11620,개인,신림동,관악구
,관악드림(동아),2003,개인,,,"120,000",7,2,2026,중개거래,서울 관악구,114.75,9,1712,N,,11620,개인,봉천동,관악구
,금호(1차),1997,개인,,,"54,000",12,2,2026,중개거래,서울 관악구,84.96,2,1705,N,,11620,개인,신림동,관악구
,그대家,2003,개인,,,"53,000",13,2,2026,중개거래,서울 관악구,59.6,14,1727,N,,11620,개인,신림동,관악구
,금호(1차),1997,개인,,,"44,200",9,2,2026,중개거래,서울 관악구,59.4,6,1705,N,,11620,개인,신림동,관악구
,봉천우성,2000,개인,,,"96,000",12,2,2026,중개거래,서울 관악구,59.76,22,1706,N,,11620,개인,봉천동,관악구
,봉천우성,2000,개인,,,"90,000",12,2,2026,중개거래,서울 관악구,59.76,21,1706,N,,11620,개인,봉천동,관악구
,서울대입구아이원(1560-61),2006,개인,,,"106,000",7,2,2026,중개거래,서울 강남구,84.89,8,1560-61,N,,11620,개인,봉천동,관악구
,관악드림(동아),2003,개인,,,"122,000",5,2,2026,중개거래,서울 관악구,84.96,15,1712,N,,11620,개인,봉천동,관악구
,삼성산주공(주공3단지),2000,개인,,,"59,500",11,2,2026,중개거래,서울 관악구,83.21,16,1714,N,,11620,개인,신림동,관악구
,봉천우성,2000,개인,,,"114,000",7,2,2026,중개거래,"서울 관악구, 서울 서초구",114.78,15,1706,N,,11620,개인,봉천동,관악구
,신림푸르지오,2005,개인,,,"102,500",6,2,2026,중개거래,"서울 관악구, 서울 영등포구",84.87,13,1730,N,,11620,개인,신림동,관악구
,신림푸르지오,2005,개인,,,"103,000",10,2,2026,중개거래,"서울 관악구, 서울 금천구",84.87,7,1730,N,,11620,개인,신림동,관악구
,서울대입구아이원(1560-62),2006,개인,,,"120,000",11,2,2026,중개거래,"서울 강남구, 서울 관악구",84.92,4,1560-62,N,,11620,개인,봉천동,관악구
,벽산블루밍,2005,개인,,,"94,000",4,2,2026,중개거래,서울 관악구,59.99,15,1718,N,,11620,개인,봉천동,관악구
,건영1,1984,개인,,,"35,500",6,2,2026,중개거래,서울 관악구,41.04,1,746-43,N,,11620,개인,신림동,관악구
,현대(관악),1992,개인,,,"105,000",11,2,2026,중개거래,서울 관악구,84.74,3,1000,N,,11620,개인,봉천동,관악구
,삼성산주공(주공3단지),2000,개인,,,"54,500",10,2,2026,중개거래,서울 관악구,58.55,12,1714,N,,11620,개인,신림동,관악구
,봉천우성,2000,개인,,,"105,000",5,2,2026,중개거래,서울 관악구,84.96,6,1706,N,,11620,개인,봉천동,관악구
,신림푸르지오,2005,개인,,,"123,000",10,2,2026,중개거래,서울 관악구,138.74,7,1730,N,,11620,개인,신림동,관악구
,관악파크푸르지오,2014,개인,,,"83,500",7,2,2026,중개거래,서울 관악구,59.98,1,1728,N,,11620,개인,봉천동,관악구
,라이프,1996,개인,,,"66,000",9,2,2026,중개거래,서울 관악구,84.38,7,1700,N,,11620,개인,신림동,관악구
,태흥,1995,개인,,,"42,500",9,2,2026,중개거래,서울 관악구,59.86,13,1698,N,,11620,개인,신림동,관악구
,벽산블루밍,2005,개인,,,"110,000",6,2,2026,중개거래,"서울 관악구, 서울 영등포구",101.95,11,1718,N,,11620,개인,봉천동,관악구
,서울대입구역더하이브센트럴,2024,개인,,,"74,000",9,2,2026,중개거래,서울 관악구,59.74,4,1738,N,,11620,개인,봉천동,관악구
,현대(관악),1992,개인,,,"99,000",9,2,2026,중개거래,서울 관악구,68.8,8,1000,N,,11620,개인,봉천동,관악구
,관악파크푸르지오,2014,개인,,,"86,000",9,2,2026,중개거래,서울 관악구,80.12,1,1728,N,,11620,개인,봉천동,관악구
,관악푸르지오,2004,개인,,,"114,000",9,2,2026,중개거래,서울 관악구,84.75,12,1717,N,,11620,개인,봉천동,관악구
,신림푸르지오,2005,개인,,,"104,500",9,2,2026,중개거래,서울 관악구,114.84,24,1730,N,,11620,개인,신림동,관악구
,코스모블루,2012,개인,,,"15,000",9,2,2026,중개거래,서울 관악구,14.47,6,863-9,N,,11620,개인,봉천동,관악구
,신림푸르지오,2005,개인,,,"110,000",6,2,2026,중개거래,"서울 관악구, 서울 동작구",84.87,4,1730,N,,11620,개인,신림동,관악구
,e편한세상서울대입구1단지,2019,개인,,,"135,000",9,2,2026,중개거래,서울 관악구,59.9,8,1730,N,,11620,개인,봉천동,관악구
,건영2,1988,개인,,,"37,500",8,2,2026,중개거래,서울 관악구,59.76,2,721-2,N,,11620,개인,신림동,관악구
,동송하이클래스,2003,개인,,,"56,000",6,2,2026,중개거래,서울 관악구,70.56,5,602-163,N,,11620,개인,남현동,관악구
,로마아트빌,2003,개인,,,"44,700",5,2,2026,중개거래,서울 관악구,84.47,3,635-457,N,,11620,개인,봉천동,관악구
,삼성산주공(주공3단지),2000,개인,,,"57,500",8,2,2026,중개거래,서울 관악구,83.21,22,1714,N,,11620,개인,신림동,관악구
,보라매갑을,2003,개인,,,"72,000",7,2,2026,중개거래,"서울 관악구, 서울 서초구",74.7,16,1718,N,,11620,개인,신림동,관악구
,삼성산주공(주공3단지),2000,개인,,,"59,500",5,2,2026,중개거래,서울 관악구,83.21,24,1714,N,,11620,개인,신림동,관악구
,관악푸르지오,2004,개인,,,"109,200",7,2,2026,중개거래,서울 관악구,59.58,15,1717,N,,11620,개인,봉천동,관악구
,벽산블루밍,2005,개인,,,"108,000",7,2,2026,중개거래,서울 관악구,84.99,18,1718,N,,11620,개인,봉천동,관악구
,신림푸르지오,2005,개인,,,"97,300",6,2,2026,중개거래,서울 관악구,84.79,1,1730,N,,11620,개인,신림동,관악구
,신림2차푸르지오,2007,개인,,,"77,700",7,2,2026,중개거래,서울 관악구,84.8098,14,1736,N,,11620,개인,신림동,관악구
,관악산휴먼시아2단지,2008,개인,,,"61,500",7,2,2026,중개거래,서울 관악구,59.99,8,1735,N,,11620,개인,신림동,관악구
,벽산블루밍,2005,개인,,,"97,000",7,2,2026,중개거래,서울 관악구,84.99,1,1718,N,,11620,개인,봉천동,관악구
,봉천우성,2000,개인,,,"95,000",7,2,2026,중개거래,"서울 관악구, 서울 용산구",59.76,7,1706,N,,11620,개인,봉천동,관악구
,신림2차푸르지오,2007,개인,,,"71,500",7,2,2026,중개거래,서울 관악구,84.8098,5,1736,N,,11620,개인,신림동,관악구
,관악산휴먼시아2단지,2008,개인,,,"74,000",7,2,2026,중개거래,서울 관악구,84.97,7,1735,N,,11620,개인,신림동,관악구
,관악동부센트레빌,2004,개인,,,"116,000",6,2,2026,중개거래,서울 관악구,84.7,5,1719,N,,11620,개인,봉천동,관악구
,라이프,1996,개인,,,"54,000",6,2,2026,중개거래,서울 관악구,59.04,18,1700,N,,11620,개인,신림동,관악구
,봉천우성,2000,개인,,,"114,500",6,2,2026,중개거래,서울 관악구,84.96,15,1706,N,,11620,개인,봉천동,관악구
,e편한세상서울대입구2단지,2019,개인,,,"143,500",7,2,2026,중개거래,서울 관악구,84.93,10,1730-1,N,,11620,개인,봉천동,관악구
,두산,2000,개인,,,"118,000",4,2,2026,중개거래,서울 관악구,59.92,13,1708,N,,11620,개인,봉천동,관악구
,두산,2000,개인,,,"110,400",6,2,2026,중개거래,"서울 관악구, 서울 중구",59.92,18,1708,N,,11620,개인,봉천동,관악구
,관악산휴먼시아2단지,2008,개인,,,"70,200",6,2,2026,중개거래,서울 관악구,84.97,19,1735,N,,11620,개인,신림동,관악구
,우방,1999,개인,,,"84,500",5,2,2026,중개거래,서울 관악구,114.79,17,1715,N,,11620,개인,신림동,관악구
,현대(관악),1992,개인,,,"87,000",6,2,2026,중개거래,서울 관악구,58.59,3,1000,N,,11620,개인,봉천동,관악구
,벽산블루밍,2005,개인,,,"106,000",5,2,2026,중개거래,서울 관악구,114.99,24,1718,N,,11620,개인,봉천동,관악구
,삼성산주공(주공3단지),2000,개인,,,"57,000",7,2,2026,중개거래,서울 관악구,83.21,25,1714,N,,11620,개인,신림동,관악구
,주공1,1995,개인,,,"44,800",7,2,2026,중개거래,서울 관악구,59.5,17,1704-1,N,,11620,개인,신림동,관악구
,보라매삼성,1996,개인,,,"105,000",4,2,2026,중개거래,서울 관악구,84.84,8,1698-1,N,,11620,개인,봉천동,관악구
,관악드림(삼성),2003,개인,,,"99,700",5,2,2026,중개거래,서울 관악구,59.85,2,1712,N,,11620,개인,봉천동,관악구
,관악드림(동아),2003,개인,,,"119,000",5,2,2026,중개거래,서울 관악구,84.96,11,1712,N,,11620,개인,봉천동,관악구
,건영1,1984,개인,,,"45,000",5,2,2026,중개거래,서울 관악구,41.04,3,746-43,N,,11620,개인,신림동,관악구
,봉천우성,2000,개인,,,"108,000",5,2,2026,중개거래,서울 관악구,114.78,8,1706,N,,11620,개인,봉천동,관악구
,관악,1983,개인,,,"45,000",4,2,2026,중개거래,서울 관악구,57.43,2,244,N,,11620,개인,신림동,관악구
,청광,2000,개인,,,"46,000",5,2,2026,중개거래,서울 관악구,59.91,2,1716,N,,11620,개인,신림동,관악구
,관악드림(동아),2003,개인,,,"120,000",2,2,2026,중개거래,서울 관악구,114.75,5,1712,N,,11620,개인,봉천동,관악구
,낙성대현대아파트,1988,개인,,,"102,700",4,2,2026,중개거래,서울 관악구,136.11,15,179-58,N,,11620,개인,봉천동,관악구
,하이캐슬,2004,개인,,,"58,000",5,2,2026,중개거래,서울 관악구,84.97,6,1718-6,N,,11620,개인,봉천동,관악구
,현대(관악),1992,개인,,,"118,000",4,2,2026,중개거래,서울 관악구,105.84,11,1000,N,,11620,개인,봉천동,관악구
,관악드림(동아),2003,개인,,,"129,500",4,2,2026,중개거래,서울 관악구,114.75,18,1712,N,,11620,개인,봉천동,관악구
,건영2,1988,개인,,,"45,000",4,2,2026,중개거래,서울 관악구,59.76,9,721-2,N,,11620,개인,신림동,관악구
,갑을,1998,개인,,,"71,500",3,2,2026,중개거래,서울 관악구,59.86,6,1700,N,,11620,개인,봉천동,관악구
,관악드림(삼성),2003,개인,,,"92,000",3,2,2026,중개거래,서울 관악구,59.85,8,1712,N,,11620,개인,봉천동,관악구
,관악푸르지오,2004,개인,,,"100,700",3,2,2026,중개거래,서울 관악구,59.58,17,1717,N,,11620,개인,봉천동,관악구
,벽산블루밍3차,2004,개인,,,"102,800",3,2,2026,중개거래,서울 관악구,83.87,18,1720,N,,11620,개인,봉천동,관악구
,신림현대,1993,개인,,,"77,000",3,2,2026,중개거래,서울 관악구,82.2,10,1694,N,,11620,개인,신림동,관악구
,관악드림(삼성),2003,개인,,,"119,000",3,2,2026,중개거래,서울 관악구,84.96,8,1712,N,,11620,개인,봉천동,관악구
,신림현대,1993,개인,,,"90,000",2,2,2026,중개거래,서울 관악구,119.49,1,1694,N,,11620,개인,신림동,관악구
,브라운스톤관악,2005,개인,,,"84,500",2,2,2026,중개거래,서울 관악구,59.67,8,1721,N,,11620,개인,봉천동,관악구
,낙성대현대홈타운,2002,개인,,,"114,500",1,2,2026,중개거래,서울 관악구,114.919,3,1713,N,,11620,개인,봉천동,관악구
,봉천우성,2000,개인,,,"83,000",2,2,2026,중개거래,서울 관악구,59.76,1,1706,N,,11620,개인,봉천동,관악구
,LIG대학마을(건영아파트3차),1996,개인,,,"65,800",2,2,2026,중개거래,서울 관악구,69.16,15,1703-1,N,,11620,개인,신림동,관악구
,관악산휴먼시아2단지,2008,개인,,,"60,000",2,2,2026,중개거래,서울 관악구,59.99,6,1735,N,,11620,개인,신림동,관악구
,두산,2000,개인,,,"112,000",2,2,2026,중개거래,서울 관악구,59.92,9,1708,N,,11620,개인,봉천동,관악구
,현대(관악),1992,개인,,,"73,500",1,2,2026,중개거래,서울 관악구,58.59,1,1000,N,,11620,개인,봉천동,관악구
,서초노빌리에,2006,개인,,,"70,000",30,1,2026,직거래,,81.36,6,1566-19,N,,11650,개인,서초동,서초구
,롯데캐슬클래식,2006,개인,,,"390,000",30,1,2026,중개거래,서울 서초구,133.45,2,1312-3,N,,11650,개인,서초동,서초구
,방배2차e-편한세상,2004,개인,,,"275,000",24,1,2026,중개거래,서울 서초구,164.53,3,881-26,N,,11650,개인,방배동,서초구
,방배래미안타워,2005,개인,,,"265,500",28,1,2026,중개거래,서울 서초구,134.36,14,485-3,N,,11650,개인,방배동,서초구
,롯데캐슬클래식,2006,개인,,,"367,000",24,1,2026,중개거래,서울 서초구,120.18,6,1312-3,N,,11650,개인,서초동,서초구
,대림서초리시온,2003,개인,,,"50,500",30,1,2026,중개거래,서울 서초구,49.92,3,1671-5,N,,11650,개인,서초동,서초구
,신반포2,1978,개인,,,"572,000",16,1,2026,중개거래,서울 서초구,107.31,2,73,N,,11650,개인,잠원동,서초구
,신반포2,1978,개인,,,"422,701",16,1,2026,직거래,,79.42,2,73,N,,11650,법인,잠원동,서초구
,신반포25,1984,개인,,,"440,000",20,1,2026,중개거래,서울 서초구,117.06,2,61-1,N,,11650,개인,잠원동,서초구
,새티스,2003,개인,,,"130,000",30,1,2026,중개거래,서울 서초구,80.85,5,1435-2,N,,11650,개인,서초동,서초구
,방배2차e-편한세상,2004,개인,,,"295,400",24,1,2026,중개거래,서울 서초구,164.53,8,881-26,N,,11650,개인,방배동,서초구
,서리풀프라젠아파트,2020,개인,,,"166,400",26,1,2026,중개거래,서울 서초구,78.19,5,3281,N,,11650,개인,방배동,서초구
,대성유니드,2004,개인,,,"208,000",31,1,2026,중개거래,서울 서초구,84.991,10,1641-3,N,,11650,개인,서초동,서초구
,반포자이,2009,개인,,,"510,000",22,1,2026,중개거래,서울 서초구,84.943,17,20-43,N,,11650,개인,반포동,서초구
119,신반포16,1983,법인,,,"187,119",13,1,2026,직거래,,52.32,3,55-12,N,26.01.26,11650,개인,잠원동,서초구
,서초이오빌,2003,개인,,,"42,000",23,1,2026,중개거래,서울 서초구,45.96,17,1593-7,N,,11650,개인,서초동,서초구
,서초한빛삼성,1999,개인,,,"246,000",28,1,2026,중개거래,서울 서초구,110.59,8,1509-1,N,,11650,개인,서초동,서초구
,서초동아타워,1996,개인,,,"128,000",27,1,2026,중개거래,서울 강남구,178.58,11,1321-6,N,,11650,개인,서초동,서초구
,래미안서초에스티지S,2018,개인,,,"352,000",22,1,2026,중개거래,"서울 강동구, 서울 서초구",84.17,12,1754,N,,11650,개인,서초동,서초구
,엠브이아파트,1994,개인,,,"260,000",12,1,2026,중개거래,서울 서초구,129.93,12,46,N,,11650,개인,반포동,서초구
,래미안서초에스티지S,2018,개인,,,"355,000",21,1,2026,중개거래,서울 서초구,84.96,16,1754,N,,11650,개인,서초동,서초구
,래미안서초에스티지S,2018,개인,,,"503,000",29,1,2026,중개거래,서울 서초구,134.27,6,1754,N,,11650,개인,서초동,서초구
,반포리체,2010,개인,,,"450,000",28,1,2026,중개거래,서울 서초구,84.972,19,30-26,N,,11650,개인,반포동,서초구
,방배대우유로카운티,2002,개인,,,"405,000",21,1,2026,중개거래,서울 서초구,216.15,2,847-34,N,,11650,개인,방배동,서초구
,엠브이아파트,1994,개인,,,"190,000",17,1,2026,중개거래,서울 서초구,59.82,9,46,N,,11650,개인,반포동,서초구
,래미안서초4차,2005,개인,,,"229,500",12,1,2026,중개거래,서울 서초구,133.14,2,1473-2,N,,11650,개인,서초동,서초구
,우성,1991,개인,,,"225,000",26,1,2026,중개거래,서울 서초구,84.58,2,154-2,N,,11650,개인,양재동,서초구
,대림서초리시온,2003,개인,,,"53,000",31,1,2026,중개거래,서울 서초구,41.94,9,1671-5,N,,11650,개인,서초동,서초구
,더미켈란,2005,개인,,,"407,500",20,1,2026,중개거래,"서울 강남구, 서울 서초구",244.98,9,1494-4,N,,11650,개인,서초동,서초구
,방배임광3차,1988,개인,,,"225,000",27,1,2026,중개거래,서울 서초구,84.0,6,1010-1,N,,11650,개인,방배동,서초구
,서초힐스,2012,개인,,,"180,000",28,1,2026,중개거래,서울 서초구,59.97,12,773,N,,11650,개인,우면동,서초구
,서초래미안,2003,개인,,,"320,000",29,1,2026,중개거래,서울 서초구,111.32,14,1682,N,,11650,개인,서초동,서초구
,대우아이빌,2001,개인,,,"64,000",28,1,2026,중개거래,서울 서초구,35.38,12,42-13,N,,11650,개인,잠원동,서초구
,래미안서초에스티지S,2018,개인,,,"358,000",29,1,2026,중개거래,서울 서초구,84.8,6,1754,N,,11650,개인,서초동,서초구
,서초동삼성쉐르빌2,2002,개인,,,"67,500",19,1,2026,중개거래,서울 서초구,52.83,17,1330,N,,11650,개인,서초동,서초구
,더샵서초,2006,개인,,,"67,000",21,1,2026,중개거래,서울 서초구,33.06,26,1445-14,N,,11650,개인,서초동,서초구
,서초그랑자이,2021,개인,,,"355,000",26,1,2026,중개거래,서울 서초구,59.98,34,1757,N,,11650,개인,서초동,서초구
,한신,1992,개인,,,"358,500",24,1,2026,중개거래,서울 서초구,84.52,11,56-3,N,,11650,개인,잠원동,서초구
,현대아파트,1989,개인,,,"180,000",6,1,2026,중개거래,서울 서초구,62.05,5,1346,N,,11650,개인,서초동,서초구
,반포자이,2009,개인,,,"520,000",19,1,2026,중개거래,"서울 강남구, 서울 서초구",84.943,18,20-43,N,,11650,개인,반포동,서초구
,잠원아이비,2005,개인,,,"143,000",22,1,2026,중개거래,서울 서초구,84.969,5,34-1,N,,11650,개인,잠원동,서초구
,방배그랑자이,2021,개인,,,"340,000",17,1,2026,중개거래,서울 서초구,84.972,19,3283,N,,11650,개인,방배동,서초구
,대림서초리시온,2003,개인,,,"41,500",27,1,2026,직거래,,49.92,6,1671-5,N,26.01.29,11650,개인,서초동,서초구
,우성아파트,1998,개인,,,"218,000",10,1,2026,중개거래,서울 서초구,59.93,18,1326-17,N,,11650,개인,서초동,서초구
,삼성서초가든스위트,2000,개인,,,"399,000",21,1,2026,중개거래,서울 서초구,181.5,8,1326,N,,11650,개인,서초동,서초구
113,우성KBS(113동),1996,개인,,,"205,000",8,1,2026,중개거래,서울 서초구,84.69,8,160-2,N,26.02.03,11650,개인,양재동,서초구
,황실자이,2005,개인,,,"345,000",17,1,2026,중개거래,"서울 동작구, 서울 서초구",186.983,14,883-9,N,,11650,개인,방배동,서초구
,래미안서초유니빌,2003,개인,,,"45,000",23,1,2026,중개거래,서울 서초구,42.0,7,1445-4,N,,11650,개인,서초동,서초구
,방배그랑자이,2021,개인,,,"340,000",17,1,2026,중개거래,서울 서초구,84.9712,10,3283,N,,11650,개인,방배동,서초구
103,동고,1995,개인,,,"80,000",8,1,2026,직거래,,77.14,1,59,N,26.02.10,11650,개인,우면동,서초구
,서리풀e편한세상,2010,개인,,,"333,000",24,1,2026,중개거래,서울 서초구,108.28,5,906-13,N,,11650,개인,방배동,서초구
,삼호한숲,1998,개인,,,"181,000",27,1,2026,중개거래,서울 서초구,84.87,4,1030-1,N,,11650,개인,방배동,서초구
,두산위브(1362),2005,개인,,,"109,000",7,1,2026,중개거래,서울 서초구,57.15,5,1362,N,,11650,개인,서초동,서초구
,대림서초리시온,2003,법인,,,"55,000",24,1,2026,중개거래,서울 서초구,45.72,9,1671-5,N,26.01.30,11650,개인,서초동,서초구
,서초극동스타클래스,2003,개인,,,"185,000",26,1,2026,중개거래,서울 서초구,90.18,11,1616-10,N,,11650,개인,서초동,서초구
,새티스2,2002,개인,,,"104,000",6,1,2026,중개거래,"서울 강남구, 서울 서초구",84.48,2,1472-21,N,,11650,개인,서초동,서초구
,정광아파트,2004,개인,,,"129,000",26,1,2026,중개거래,서울 서초구,95.65,1,107-19,N,,11650,개인,반포동,서초구
,반포자이,2009,개인,,,"486,000",22,1,2026,중개거래,서울 서초구,84.943,18,20-43,N,,11650,개인,반포동,서초구
,서초대우,2000,개인,,,"242,000",10,1,2026,중개거래,서울 서초구,188.47,7,1467-3,N,,11650,개인,서초동,서초구
,반포훼미리(101동),2002,개인,26.01.27,O,"146,000",13,1,2026,직거래,,108.5,11,713-1,N,,11650,개인,반포동,서초구
,경남아너스빌201동,2006,개인,,,"223,000",25,1,2026,중개거래,서울 서초구,84.95,13,1456-2,N,,11650,개인,서초동,서초구
,훼미리타운,2012,개인,,,"62,000",17,1,2026,중개거래,서울 서초구,35.34,3,932-34,N,,11650,개인,방배동,서초구
,방배한화,2001,개인,,,"211,000",19,1,2026,중개거래,"서울 동작구, 서울 서초구",84.7,13,169-24,N,,11650,개인,방배동,서초구
,우솔마을서초리슈빌S아파트,2014,개인,,,"30,000",23,1,2026,중개거래,서울 서초구,30.89,7,764,N,,11650,개인,우면동,서초구
,신영체르니,2002,개인,,,"59,300",10,1,2026,중개거래,"서울 마포구, 서울 서초구",35.91,8,90,N,,11650,개인,양재동,서초구
,"더샾오데움(101,102동)",2005,개인,,,"375,000",17,1,2026,중개거래,서울 서초구,207.228,3,1483-18,N,,11650,개인,서초동,서초구
,삼풍아파트,1988,개인,,,"450,000",21,1,2026,중개거래,서울 서초구,130.73,5,1685,N,,11650,개인,서초동,서초구
,뉴현대,1992,개인,,,"140,000",24,1,2026,중개거래,서울 서초구,132.2,3,292,N,,11650,개인,양재동,서초구
,쌍용예가클래식,2006,개인,,,"242,000",6,1,2026,중개거래,서울 서초구,89.844,5,776-3,N,,11650,개인,방배동,서초구
,한라,1994,개인,,,"157,000",20,1,2026,중개거래,서울 서초구,59.98,4,67,N,,11650,개인,우면동,서초구
,디오수페리움2,2006,개인,,,"161,000",23,1,2026,중개거래,서울 서초구,84.97,10,3001-1,N,,11650,개인,방배동,서초구
,풍림아이원플러스,2004,개인,,,"29,500",21,1,2026,중개거래,서울 서초구,27.643,13,1338-1,N,,11650,개인,서초동,서초구
,서초네이처힐6단지,2013,개인,,,"160,000",17,1,2026,중개거래,서울 서초구,59.99,9,737,N,,11650,개인,우면동,서초구
,방배신동아럭스빌,2003,개인,,,"253,500",22,1,2026,중개거래,"대전 유성구, 서울 서초구",164.43,10,1026-14,N,,11650,개인,방배동,서초구
,현대슈퍼빌,2003,개인,,,"292,000",12,1,2026,중개거래,서울 서초구,147.86,13,1446-11,N,,11650,개인,서초동,서초구
201,서초힐스,2012,개인,,,"170,000",22,1,2026,중개거래,서울 서초구,74.97,16,773,N,26.02.09,11650,개인,우면동,서초구
,서초노블레스아파트,2019,개인,,,"51,000",20,1,2026,중개거래,서울 강남구,29.47,6,1362-10,N,,11650,개인,서초동,서초구
,래미안방배아트힐(1008-2),2004,개인,,,"270,000",15,1,2026,중개거래,서울 강남구,127.31,20,1008-2,N,,11650,개인,방배동,서초구
,래미안퍼스티지,2009,개인,,,"470,000",17,1,2026,중개거래,서울 서초구,84.93,15,18-1,N,,11650,개인,반포동,서초구
,방배그랑자이,2021,개인,,,"340,000",9,1,2026,중개거래,서울 서초구,84.972,14,3283,N,,11650,개인,방배동,서초구
,영진,1998,개인,,,"181,000",16,1,2026,중개거래,서울 서초구,104.98,1,836-4,N,,11650,개인,방배동,서초구
,서초더샵포레,2014,법인,,,"184,500",19,1,2026,중개거래,서울 서초구,84.81,11,411,N,,11650,개인,내곡동,서초구
,더샵서초,2006,개인,,,"58,000",12,1,2026,중개거래,서울 서초구,30.39,30,1445-14,N,,11650,개인,서초동,서초구
,비버리캐슬,2020,개인,,,"115,000",19,1,2026,중개거래,서울 서초구,59.49,3,1486-17,N,,11650,개인,서초동,서초구
,풍림아이원플러스,2004,개인,,,"30,200",12,1,2026,중개거래,서울 서초구,28.666,15,1338-1,N,,11650,개인,서초동,서초구
,삼환나띠르빌(1002-21),2003,개인,,,"150,000",19,1,2026,중개거래,서울 서초구,92.93,2,1002-21,N,,11650,개인,방배동,서초구
,동아,2002,개인,,,"365,000",6,1,2026,중개거래,서울 서초구,84.91,14,157,N,,11650,개인,잠원동,서초구
,대림,1995,개인,,,"206,500",8,1,2026,중개거래,서울 서초구,130.89,15,57,N,,11650,개인,우면동,서초구
,서초파라곤,2005,개인,,,"132,000",16,1,2026,중개거래,서울 서초구,89.01,13,1327-29,N,,11650,개인,서초동,서초구
,서초노빌리에,2006,개인,,,"127,500",17,1,2026,중개거래,서울 서초구,81.36,8,1566-19,N,,11650,개인,서초동,서초구
,방배대우디오빌,2005,개인,,,"27,500",17,1,2026,중개거래,서울 서초구,29.6,7,866-20,N,,11650,개인,방배동,서초구
,현대성우주상복합아파트,2002,개인,,,"180,000",11,1,2026,중개거래,서울 서초구,161.91,13,1316-15,N,,11650,개인,서초동,서초구
,서초훼미리하우스,2017,개인,,,"123,500",18,1,2026,중개거래,서울 서초구,59.57,2,917-4,N,,11650,개인,방배동,서초구
,엠브이아파트,1994,개인,,,"190,000",17,1,2026,중개거래,서울 서초구,59.82,10,46,N,,11650,개인,반포동,서초구
,대림서초리시온,2003,개인,,,"58,100",17,1,2026,중개거래,서울 서초구,49.92,7,1671-5,N,,11650,개인,서초동,서초구
,신원아침도시(1434),2004,개인,,,"143,000",16,1,2026,중개거래,"경기 용인시 기흥구, 서울 서초구",82.174,2,1434-2,N,,11650,개인,서초동,서초구
,방배 서리풀 그랑블,2019,개인,,,"232,000",8,1,2026,중개거래,"서울 동작구, 서울 서초구",84.9969,5,3279,N,,11650,개인,방배동,서초구
,서초포레스타5단지,2014,개인,,,"178,000",6,1,2026,중개거래,서울 서초구,59.93,5,579,N,,11650,개인,신원동,서초구
,대우아이빌,2001,개인,,,"67,200",2,1,2026,중개거래,서울 서초구,35.38,8,42-13,N,,11650,개인,잠원동,서초구
,서초4현대,2000,개인,,,"295,000",15,1,2026,중개거래,서울 서초구,140.03,15,1684,N,,11650,개인,서초동,서초구
,서초4현대,2000,개인,,,"275,000",15,1,2026,중개거래,서울 서초구,84.99,12,1684,N,,11650,개인,서초동,서초구
,삼성에이스빌,2002,개인,,,"170,000",13,1,2026,중개거래,서울 서초구,84.67,5,726-16,N,,11650,개인,반포동,서초구
,서초포레스타2단지,2015,개인,,,"178,000",7,1,2026,중개거래,서울 서초구,84.48,19,384,N,,11650,개인,내곡동,서초구
,삼호1동~3동,1975,개인,,,"242,000",12,1,2026,중개거래,서울 서초구,81.39,8,770-1,N,,11650,개인,방배동,서초구
,현대성우주상복합아파트,2002,개인,26.01.16,O,"180,000",11,1,2026,중개거래,서울 서초구,161.91,13,1316-15,N,,11650,개인,서초동,서초구
,서초더샵포레,2014,개인,,,"185,000",13,1,2026,중개거래,서울 서초구,114.71,11,411,N,,11650,개인,내곡동,서초구
,UPPERHOUSE,2012,개인,,,"640,000",13,1,2026,중개거래,"서울 마포구, 서울 서초구",233.44,1,12-1,N,,11650,개인,방배동,서초구
,서초현대,1999,개인,,,"228,000",13,1,2026,중개거래,서울 서초구,84.81,7,1648-2,N,,11650,개인,서초동,서초구
,신화,1997,개인,,,"270,000",10,1,2026,중개거래,서울 서초구,84.85,8,54-7,N,,11650,개인,잠원동,서초구
,방배대우디오빌,2005,개인,,,"29,000",5,1,2026,중개거래,서울 서초구,29.6,6,866-20,N,,11650,법인,방배동,서초구
,래미안서초유니빌,2003,개인,,,"51,000",8,1,2026,중개거래,"서울 강남구, 서울 서초구",45.255,12,1445-4,N,,11650,개인,서초동,서초구
,방배2차현대홈타운,2001,개인,,,"282,000",10,1,2026,중개거래,서울 서초구,84.94,12,2001,N,,11650,개인,방배동,서초구
,현대이에스에이아파트,2002,개인,,,"155,000",10,1,2026,중개거래,서울 서초구,100.06,12,1338,N,,11650,개인,서초동,서초구
,방배롯데캐슬로제,2009,개인,,,"438,000",7,1,2026,중개거래,서울 서초구,172.27,9,849-30,N,,11650,개인,방배동,서초구
,서초그랑자이,2021,개인,,,"490,000",9,1,2026,중개거래,서울 서초구,119.41,12,1757,N,,11650,개인,서초동,서초구
,신원아침도시(1434),2004,개인,,,"146,000",9,1,2026,중개거래,서울 서초구,83.102,4,1434-2,N,,11650,개인,서초동,서초구
123,래미안퍼스티지,2009,개인,,,"960,000",13,1,2026,중개거래,서울 서초구,222.76,24,18-1,N,26.01.13,11650,개인,반포동,서초구
114,서초더샵포레,2014,개인,,,"195,000",7,1,2026,중개거래,서울 서초구,114.71,16,411,N,26.02.03,11650,개인,내곡동,서초구
,써니힐,2003,개인,,,"110,000",6,1,2026,중개거래,서울 서초구,76.83,2,701-31,N,26.01.14,11650,개인,반포동,서초구
,서초자이,2006,개인,,,"285,000",2,1,2026,중개거래,서울 서초구,148.83,15,1444-7,N,,11650,개인,서초동,서초구
,롯데아파트,1998,개인,,,"200,000",8,1,2026,중개거래,서울 서초구,206.87,9,987-1,N,,11650,개인,방배동,서초구
,힐스테이트서초젠트리스,2014,개인,,,"237,000",5,1,2026,중개거래,서울 서초구,114.9,7,557,N,,11650,개인,신원동,서초구
,신반포16,1983,개인,,,"299,000",9,1,2026,중개거래,서울 서초구,52.32,4,55-12,N,,11650,개인,잠원동,서초구
,서초센트럴IPARK,2020,개인,,,"203,000",2,1,2026,중개거래,서울 서초구,80.5154,14,1582-3,N,,11650,개인,서초동,서초구
,롯데캐슬쥬피터,2003,개인,,,"255,500",2,1,2026,중개거래,"서울 강남구, 서울 서초구",164.05,6,1359-50,N,,11650,개인,서초동,서초구
3,임광,1985,개인,,,"297,000",2,1,2026,중개거래,서울 강남구,136.38,10,1015,N,26.01.30,11650,개인,방배동,서초구
,태림,2004,개인,,,"132,000",18,1,2026,중개거래,서울 서초구,102.8,3,912-13,N,,11650,개인,방배동,서초구
,서초중흥S-클래스(도시형생활주택),2013,개인,,,"24,000",14,2,2026,중개거래,서울 서초구,25.82,7,1451-89,N,,11650,개인,서초동,서초구
,서초더샵포레,2014,개인,,,"195,000",10,2,2026,중개거래,서울 서초구,114.71,11,411,N,,11650,개인,내곡동,서초구
,우성아파트,1998,개인,,,"210,000",5,2,2026,중개거래,서울 서초구,59.93,10,1326-17,N,,11650,개인,서초동,서초구
,방배3차e-편한세상,2006,개인,,,"445,000",12,2,2026,중개거래,서울 서초구,216.7346,13,797-30,N,,11650,개인,방배동,서초구
,롯데캐슬헤론,2006,개인,,,"230,000",6,2,2026,중개거래,서울 서초구,103.7,16,754-1,N,,11650,개인,방배동,서초구
,아크로리버뷰신반포,2018,개인,,,"580,000",10,2,2026,중개거래,서울 서초구,78.5,27,159,N,,11650,개인,잠원동,서초구
,래미안퍼스티지,2009,개인,,,"575,000",3,2,2026,중개거래,서울 서초구,84.93,9,18-1,N,,11650,개인,반포동,서초구
,서초이오빌,2003,개인,,,"67,500",5,2,2026,중개거래,서울 서초구,58.48,16,1593-7,N,,11650,개인,서초동,서초구
,청암,1992,개인,,,"167,000",6,2,2026,중개거래,서울 서초구,227.97,4,980-45,N,,11650,개인,방배동,서초구
,신반포2,1978,개인,,,"420,000",6,2,2026,중개거래,"경기 과천시, 서울 서초구",68.91,10,73,N,,11650,개인,잠원동,서초구
,호반써밋서초파크,2013,개인,,,"183,500",4,2,2026,중개거래,서울 서초구,84.99,8,788,N,,11650,개인,우면동,서초구
,방배아트e편한세상104,2005,개인,,,"198,500",2,2,2026,중개거래,"서울 동작구, 서울 서초구",113.183,4,486-1,N,,11650,개인,방배동,서초구
,우성아파트,1998,개인,,,"238,000",3,2,2026,중개거래,서울 서초구,59.93,5,1326-17,N,,11650,개인,서초동,서초구
,서초8차상지리츠빌,2006,개인,,,"220,000",3,2,2026,중개거래,서울 서초구,128.81,3,1491-3,N,,11650,개인,서초동,서초구
,아크로리버뷰신반포,2018,개인,,,"500,000",2,2,2026,중개거래,서울 서초구,78.48,17,159,N,,11650,개인,잠원동,서초구
121,래미안원베일리,2023,개인,,,"735,000",9,2,2026,중개거래,서울 서초구,101.99,9,1,N,26.02.11,11650,개인,반포동,서초구
,현대1차101동~106동,1984,개인,,,"425,000",23,1,2026,중개거래,서울 강남구,177.19,3,653,N,,11680,개인,개포동,강남구
,까치마을,1993,개인,,,"150,000",27,1,2026,중개거래,서울 강남구,34.44,4,746,N,,11680,개인,수서동,강남구
,LG선릉에클라트(B),2004,법인,,,"35,000",20,1,2026,중개거래,서울 강남구,36.35,10,142-3,N,,11680,개인,삼성동,강남구
,신현대9차,1982,개인,,,"700,000",12,1,2026,중개거래,서울 강남구,109.24,10,426,N,,11680,개인,압구정동,강남구
,도곡렉슬,2006,개인,,,"650,000",20,1,2026,중개거래,"서울 강남구, 서울 중랑구",176.9924,21,527,N,,11680,개인,도곡동,강남구
,까치마을,1993,개인,,,"157,000",14,1,2026,중개거래,서울 강남구,39.6,3,746,N,,11680,개인,수서동,강남구
,까치마을,1993,개인,,,"166,500",31,1,2026,중개거래,서울 강남구,39.6,12,746,N,,11680,개인,수서동,강남구
,진넥스빌2,2003,개인,,,"20,000",31,1,2026,중개거래,서울 강남구,23.85,11,706-24,N,,11680,개인,역삼동,강남구
,한양7,1981,개인,,,"545,000",20,1,2026,중개거래,서울 강남구,106.22,3,528,N,,11680,개인,압구정동,강남구
,역삼르비앙1,2003,개인,,,"155,000",21,1,2026,중개거래,서울 서초구,152.58,3,835-12,N,,11680,개인,역삼동,강남구
,한화진넥스빌,2001,개인,,,"32,500",26,1,2026,중개거래,서울 강남구,34.82,25,706-20,N,,11680,개인,역삼동,강남구
,청담건영,1994,개인,,,"330,000",16,1,2026,중개거래,서울 강남구,84.595,5,108,N,,11680,법인,청담동,강남구
,포스코트,2003,개인,,,"330,000",27,1,2026,중개거래,"서울 성동구, 서울 용산구",154.21,6,146,N,,11680,개인,삼성동,강남구
,대우디오빌플러스,2004,개인,,,"43,200",30,1,2026,중개거래,서울 강남구,43.99,9,824-25,N,,11680,개인,역삼동,강남구
,개포자이프레지던스,2023,개인,,,"385,000",17,1,2026,중개거래,"경기 안양시 동안구, 서울 강남구",78.7747,22,1284,N,,11680,개인,개포동,강남구
,현대비젼21,1999,개인,,,"37,000",15,1,2026,직거래,,33.1,13,467-19,N,,11680,개인,도곡동,강남구
,대치삼성,2000,개인,,,"395,000",19,1,2026,중개거래,서울 강남구,109.04,10,1014-3,N,,11680,개인,대치동,강남구
,목련타운,1993,개인,,,"305,000",15,1,2026,중개거래,서울 강남구,99.79,4,716,N,,11680,개인,일원동,강남구
,한양1차(영동한양),1977,개인,,,"415,000",15,1,2026,중개거래,서울 강남구,49.98,12,490,N,,11680,개인,압구정동,강남구
,청담대림이-편한세상,2002,개인,,,"265,000",24,1,2026,중개거래,서울 강남구,81.84,15,30-33,N,,11680,개인,청담동,강남구
,현대1차101동~106동,1984,개인,,,"445,000",15,1,2026,중개거래,서울 강남구,177.19,7,653,N,,11680,개인,개포동,강남구
,대우디오빌,2002,개인,,,"80,500",17,1,2026,중개거래,서울 강남구,59.505,21,720-25,N,,11680,개인,역삼동,강남구
,청담린든그로브,2017,개인,,,"273,000",31,1,2026,중개거래,서울 강남구,84.9979,3,67-1,N,,11680,개인,청담동,강남구
,석탑아파트101동,1996,개인,,,"249,000",27,1,2026,중개거래,"서울 강남구, 서울 강동구",84.6,1,3-3,N,,11680,개인,삼성동,강남구
,골든아트빌,2000,개인,,,"223,000",14,1,2026,중개거래,서울 강남구,153.33,5,28-13,N,,11680,개인,청담동,강남구
,대우유로카운티,2004,개인,,,"266,000",19,1,2026,중개거래,서울 강남구,105.66,7,50-5,N,,11680,개인,청담동,강남구
,개포주공7단지,1983,개인,,,"405,000",14,1,2026,중개거래,"서울 강남구, 서울 동대문구",83.7,7,185,N,,11680,개인,개포동,강남구
,상지리츠빌6,2002,개인,,,"329,000",13,1,2026,중개거래,서울 강남구,150.85,3,106-1,N,,11680,개인,청담동,강남구
,신현대12차,1982,개인,,,"990,000",20,1,2026,중개거래,서울 강남구,170.38,13,434,N,,11680,개인,압구정동,강남구
,개포우성1,1983,개인,,,"520,000",11,1,2026,중개거래,서울 강남구,127.61,1,503,N,,11680,개인,대치동,강남구
,삼성래미안,2001,개인,,,"250,000",12,1,2026,직거래,,59.96,7,91-5,N,,11680,개인,도곡동,강남구
,대우아이빌멤버스(891-26),2003,개인,,,"32,000",31,1,2026,중개거래,서울 강남구,35.236,11,891-26,N,,11680,개인,대치동,강남구
,수서,1992,개인,,,"140,000",13,1,2026,중개거래,서울 강남구,39.98,11,711,N,,11680,개인,일원동,강남구
,현대힐스테이트2단지,2008,개인,,,"214,000",24,1,2026,중개거래,서울 강남구,43.842,18,50,N,,11680,개인,삼성동,강남구
,테헤란아이파크,2014,개인,,,"312,500",10,1,2026,중개거래,서울 강남구,70.8333,22,709-5,N,,11680,개인,역삼동,강남구
,청담아이파크,1992,개인,,,"300,000",29,1,2026,중개거래,"서울 강남구, 서울 송파구",110.13,2,130,N,,11680,개인,청담동,강남구
,강남자곡 힐스테이트,2015,개인,,,"99,700",16,1,2026,중개거래,서울 강남구,59.93,6,619,N,,11680,개인,자곡동,강남구
,래미안블레스티지,2019,개인,,,"290,000",9,1,2026,중개거래,서울 강남구,59.888,5,1280,N,,11680,개인,개포동,강남구
,한양5,1979,개인,,,"530,000",24,1,2026,중개거래,서울 강남구,102.35,5,513,N,,11680,개인,압구정동,강남구
,현대1차101동~106동,1984,개인,,,"431,000",10,1,2026,중개거래,서울 강남구,177.19,13,653,N,,11680,개인,개포동,강남구
,개포주공7단지,1983,개인,,,"318,500",26,1,2026,중개거래,서울 강남구,53.46,7,185,N,,11680,개인,개포동,강남구
,아크로힐스논현,2014,개인,,,"317,000",31,1,2026,중개거래,서울 강남구,84.13,29,276-1,N,,11680,개인,논현동,강남구
,동익,1993,개인,,,"250,000",31,1,2026,중개거래,서울 강남구,84.46,12,738,N,,11680,개인,수서동,강남구
,동부센트레빌,2003,개인,,,"250,000",30,1,2026,중개거래,서울 강남구,114.498,7,275,N,,11680,개인,논현동,강남구
,성원대치2단지아파트,1992,개인,,,"188,900",28,1,2026,중개거래,서울 강남구,39.53,6,12,N,,11680,개인,개포동,강남구
,브라운스톤역삼,2004,개인,,,"104,000",13,1,2026,중개거래,서울 강남구,59.96,9,747-5,N,,11680,개인,역삼동,강남구
,동부센트레빌,2003,개인,26.02.09,O,"292,000",30,1,2026,중개거래,서울 강남구,114.498,19,275,N,,11680,개인,논현동,강남구
,동익,1993,개인,,,"243,500",17,1,2026,중개거래,서울 강남구,84.46,3,738,N,,11680,개인,수서동,강남구
,럭키(963),1995,개인,,,"310,000",17,1,2026,중개거래,서울 강남구,124.1,11,963,N,,11680,개인,도곡동,강남구
,수서,1992,개인,,,"149,000",24,1,2026,중개거래,서울 강남구,39.98,7,711,N,,11680,개인,일원동,강남구
,수서,1992,개인,,,"153,000",29,1,2026,중개거래,서울 강남구,39.98,10,711,N,,11680,개인,일원동,강남구
,래미안대치하이스턴,1989,개인,,,"362,000",23,1,2026,중개거래,"서울 강남구, 서울 송파구",110.39,8,985,N,,11680,법인,대치동,강남구
306,세곡리엔파크(3단지),2011,개인,,,"118,000",16,1,2026,직거래,,84.96,7,516,N,26.01.30,11680,개인,세곡동,강남구
,신동아(22),1997,개인,,,"113,000",29,1,2026,중개거래,서울 강남구,35.73,6,22,N,,11680,개인,논현동,강남구
,신현대12차,1982,개인,,,"860,000",16,1,2026,중개거래,"서울 강남구, 서울 용산구",155.52,4,434,N,,11680,개인,압구정동,강남구
,신동아,1992,개인,,,"154,000",14,1,2026,중개거래,서울 강남구,33.18,9,736,N,,11680,개인,수서동,강남구
,"현대1차(12,13,21,22,31,32,33동)",1976,개인,,,"890,000",18,1,2026,중개거래,"서울 강남구, 서울 성동구",161.19,11,369-1,N,,11680,개인,압구정동,강남구
,경남1,1984,개인,,,"353,000",28,1,2026,중개거래,서울 강남구,96.98,2,649,N,,11680,개인,개포동,강남구
,동부센트레빌,2005,개인,,,"650,000",15,1,2026,중개거래,서울 강남구,161.47,13,670,N,,11680,법인,대치동,강남구
,개포자이프레지던스,2023,개인,,,"318,000",10,1,2026,중개거래,서울 강남구,59.9751,23,1284,N,,11680,개인,개포동,강남구
,개포래미안포레스트,2020,개인,,,"390,000",26,1,2026,중개거래,서울 강남구,102.41,19,1282,N,,11680,개인,개포동,강남구
,라테라스청담,2018,개인,,,"78,000",26,1,2026,중개거래,서울 강남구,42.56,6,76-12,N,,11680,개인,청담동,강남구
,까치마을,1993,개인,,,"200,000",6,1,2026,중개거래,서울 강남구,49.5,4,746,N,,11680,개인,수서동,강남구
,대우멤버스카운티301,2005,개인,,,"238,000",27,1,2026,중개거래,서울 강남구,109.99,6,33-24,N,,11680,개인,삼성동,강남구
,성원대치2단지아파트,1992,개인,,,"162,500",9,1,2026,중개거래,서울 강남구,33.18,9,12,N,,11680,개인,개포동,강남구
,삼익,1992,개인,,,"230,000",14,1,2026,중개거래,"서울 강남구, 서울 강동구",49.2,8,708,N,,11680,개인,수서동,강남구
,강남자곡 힐스테이트,2015,개인,,,"174,000",27,1,2026,중개거래,"서울 강남구, 서울 관악구",84.39,17,619,N,,11680,개인,자곡동,강남구
,동원스위트뷰역삼,2017,개인,,,"120,000",26,1,2026,중개거래,서울 서초구,84.83,6,745-13,N,,11680,개인,역삼동,강남구
,대우디오빌,2002,개인,,,"108,000",3,1,2026,중개거래,서울 강남구,84.986,5,720-25,N,,11680,법인,역삼동,강남구
,성원대치2단지아파트,1992,개인,,,"192,000",15,1,2026,중개거래,"서울 강남구, 서울 서초구",39.53,9,12,N,,11680,개인,개포동,강남구
,학동,2005,개인,,,"132,800",17,1,2026,중개거래,서울 강남구,107.86,5,217-34,N,,11680,개인,논현동,강남구
,강남자곡 힐스테이트,2015,개인,,,"144,000",26,1,2026,중개거래,서울 강남구,59.93,10,619,N,,11680,개인,자곡동,강남구
108,한보미도맨션1,1983,개인,,,"390,000",6,1,2026,직거래,,128.01,9,511,N,26.02.11,11680,개인,대치동,강남구
,케이씨빌,2004,개인,,,"136,000",17,1,2026,중개거래,서울 강남구,113.77,1,104-23,N,,11680,개인,논현동,강남구
,삼성동힐스테이트 1단지,2008,개인,,,"118,000",26,1,2026,직거래,,31.402,22,16-2,N,,11680,개인,삼성동,강남구
,현대1차101동~106동,1984,개인,,,"390,000",15,1,2026,중개거래,서울 강남구,128.62,8,653,N,,11680,개인,개포동,강남구
,강남자곡아이파크,2014,개인,,,"232,000",24,1,2026,중개거래,서울 강남구,84.96,14,602,N,,11680,개인,자곡동,강남구
,포스코더샵,2004,개인,,,"400,000",10,1,2026,중개거래,서울 강남구,139.54,17,902,N,,11680,개인,대치동,강남구
,선경1차(1동-7동),1983,개인,,,"530,000",13,1,2026,중개거래,서울 강남구,136.68,2,506,N,,11680,개인,대치동,강남구
,까치마을,1993,개인,,,"142,000",6,1,2026,중개거래,서울 강남구,34.44,3,746,N,,11680,개인,수서동,강남구
,세호시티라이프,1996,개인,,,"48,000",24,1,2026,중개거래,서울 강남구,45.04,5,122-25,N,,11680,개인,논현동,강남구
,대치현대,1999,개인,,,"278,000",17,1,2026,중개거래,서울 강남구,59.82,15,974,N,,11680,개인,대치동,강남구
,강남자곡아이파크,2014,개인,,,"219,000",24,1,2026,중개거래,서울 강남구,74.89,11,602,N,,11680,개인,자곡동,강남구
,현대비젼21,1999,개인,,,"37,750",23,1,2026,중개거래,서울 강남구,33.1,22,467-19,N,26.01.27,11680,개인,도곡동,강남구
,우찬현대(1260-2),2006,개인,,,"92,500",24,1,2026,중개거래,서울 강남구,65.06,6,1260-2,N,,11680,개인,개포동,강남구
,개포주공6단지,1983,개인,,,"377,000",24,1,2026,중개거래,서울 강남구,73.02,8,185,N,,11680,개인,개포동,강남구
,성원대치2단지아파트,1992,개인,,,"184,000",24,1,2026,중개거래,"서울 강남구, 서울 서초구",39.53,3,12,N,,11680,개인,개포동,강남구
,강남서해그랑블,2012,개인,,,"102,000",22,1,2026,중개거래,서울 강남구,66.04,9,796-29,N,,11680,개인,역삼동,강남구
,개포래미안포레스트,2020,개인,,,"360,000",19,1,2026,중개거래,서울 강남구,84.83,6,1282,N,,11680,개인,개포동,강남구
104,청담대림이-편한세상,2002,개인,,,"272,000",14,1,2026,중개거래,서울 강남구,81.84,12,30-33,N,26.02.09,11680,개인,청담동,강남구
,알파임하우스1,2002,개인,,,"640,000",14,1,2026,중개거래,"서울 강남구, 서울 용산구",242.16,6,649-5,N,,11680,개인,신사동,강남구
,현대1,1990,개인,,,"250,000",15,1,2026,중개거래,서울 강남구,84.27,11,992,N,,11680,개인,대치동,강남구
,신동아,1992,개인,,,"146,500",22,1,2026,중개거래,"서울 강남구, 서울 마포구",33.18,6,736,N,,11680,개인,수서동,강남구
,미켈란147,2004,개인,,,"176,000",22,1,2026,중개거래,서울 강남구,84.86,21,147-2,N,26.01.26,11680,개인,삼성동,강남구
,"현대2차(10,11,20,23,24,25동)",1976,개인,,,"840,000",19,1,2026,중개거래,서울 강남구,160.51,5,369-1,N,,11680,개인,압구정동,강남구
,대림역삼,1997,개인,,,"244,000",13,1,2026,중개거래,서울 강남구,84.96,17,761-10,N,,11680,개인,역삼동,강남구
,우성아파트,2005,개인,,,"175,000",6,1,2026,중개거래,서울 강남구,105.58,6,11-25,N,,11680,개인,청담동,강남구
,서광아파트,1998,개인,,,"250,000",17,1,2026,중개거래,서울 강남구,59.67,5,2,N,,11680,개인,삼성동,강남구
,대치현대,1999,개인,,,"360,000",21,1,2026,중개거래,서울 강남구,85.0,22,974,N,,11680,개인,대치동,강남구
,개포래미안포레스트,2020,개인,,,"340,000",9,1,2026,중개거래,서울 강남구,84.86,11,1282,N,,11680,개인,개포동,강남구
,대우디오빌,2004,개인,,,"30,000",20,1,2026,중개거래,서울 서초구,25.89,12,952,N,,11680,개인,도곡동,강남구
,성원대치2단지아파트,1992,개인,,,"165,000",10,1,2026,중개거래,서울 강남구,33.18,13,12,N,,11680,개인,개포동,강남구
,개포주공5단지,1983,법인,,,"199,150",19,1,2026,직거래,,53.98,7,187,N,,11680,개인,개포동,강남구
,SK허브프리모,2006,개인,,,"98,000",21,1,2026,중개거래,서울 강남구,70.31,5,953-1,N,,11680,개인,도곡동,강남구
,삼성동힐스테이트 1단지,2008,개인,,,"159,000",20,1,2026,중개거래,서울 강남구,31.402,3,16-2,N,,11680,개인,삼성동,강남구
,삼성웰피아,2005,개인,,,"147,000",10,1,2026,중개거래,서울 강남구,92.11,4,130-2,N,,11680,개인,삼성동,강남구
,대우디오빌플러스,2004,개인,,,"44,400",17,1,2026,중개거래,서울 강남구,43.99,12,824-25,N,,11680,개인,역삼동,강남구
,논현아이파크,2020,개인,,,"120,000",19,1,2026,중개거래,서울 강남구,47.46,10,225-6,N,,11680,개인,논현동,강남구
,신동아,1992,개인,,,"185,000",5,1,2026,중개거래,서울 강남구,39.51,4,736,N,,11680,개인,수서동,강남구
,현대비젼21,1999,개인,,,"38,000",19,1,2026,중개거래,서울 강남구,32.65,15,467-19,N,,11680,개인,도곡동,강남구
,대우디오빌,2002,개인,,,"39,750",9,1,2026,중개거래,서울 강남구,39.13,18,720-25,N,,11680,개인,역삼동,강남구
,개포래미안포레스트,2020,개인,,,"314,000",14,1,2026,중개거래,"서울 강남구, 서울 서초구",74.66,8,1282,N,,11680,개인,개포동,강남구
,청담대림이-편한세상,2002,개인,,,"313,000",14,1,2026,중개거래,서울 강남구,134.24,6,30-33,N,,11680,개인,청담동,강남구
,디에이치자이개포,2021,개인,,,"375,000",24,1,2026,중개거래,"서울 강남구, 서울 서초구",84.73,14,743,N,,11680,개인,일원동,강남구
,도곡스타클래스,2007,개인,,,"155,000",5,1,2026,중개거래,서울 강남구,112.75,4,957-11,N,26.02.02,11680,개인,도곡동,강남구
,강남엘에이치1단지,2013,개인,,,"185,000",14,1,2026,중개거래,서울 송파구,84.83,2,579,N,,11680,개인,세곡동,강남구
,아카데미스위트1,2004,개인,,,"228,000",9,1,2026,중개거래,서울 강남구,83.0,19,467-7,N,,11680,개인,도곡동,강남구
,까치마을,1993,개인,,,"140,500",16,1,2026,중개거래,서울 강남구,34.44,3,746,N,,11680,개인,수서동,강남구
,신동아(22),1997,개인,,,"112,500",17,1,2026,중개거래,"서울 강남구, 서울 강서구",35.73,7,22,N,,11680,개인,논현동,강남구
,세곡푸르지오,2012,개인,,,"190,000",17,1,2026,중개거래,서울 강남구,84.83,5,533,N,,11680,개인,세곡동,강남구
,한보미도맨션1,1983,개인,,,"475,000",17,1,2026,중개거래,서울 강남구,128.01,2,511,N,,11680,개인,대치동,강남구
,개포주공6단지,1983,개인,,,"337,000",2,1,2026,중개거래,서울 강남구,60.13,2,185,N,,11680,개인,개포동,강남구
,까치마을,1993,개인,,,"160,000",17,1,2026,중개거래,서울 강남구,39.6,4,746,N,,11680,개인,수서동,강남구
,도곡렉슬,2006,개인,,,"505,000",5,1,2026,중개거래,서울 강남구,134.9023,13,527,N,,11680,개인,도곡동,강남구
,역삼래미안,2005,개인,,,"284,500",16,1,2026,중개거래,서울 강남구,59.53,6,757,N,,11680,개인,역삼동,강남구
,우성캐릭터199,1998,개인,,,"316,000",13,1,2026,중개거래,서울 강남구,164.97,21,467-24,N,,11680,개인,도곡동,강남구
,삼성동롯데아파트,2000,개인,,,"309,000",17,1,2026,중개거래,서울 강남구,91.77,7,17,N,,11680,개인,삼성동,강남구
,삼성청담아파트,1999,개인,,,"270,000",9,1,2026,중개거래,서울 강남구,84.98,3,42,N,,11680,개인,청담동,강남구
,한화진넥스빌,2001,개인,,,"43,250",14,1,2026,중개거래,서울 강남구,43.58,6,706-20,N,,11680,개인,역삼동,강남구
,래미안강남힐즈,2014,개인,,,"209,000",13,1,2026,중개거래,서울 강남구,91.96,5,611,N,,11680,개인,자곡동,강남구
,수서한아름,1993,개인,,,"270,000",14,1,2026,중개거래,"서울 강남구, 서울 서초구",97.63,7,712,N,,11680,개인,수서동,강남구
,까치마을,1993,개인,,,"141,000",1,1,2026,중개거래,서울 강남구,34.44,3,746,N,,11680,개인,수서동,강남구
,"대치우성아파트1동,2동,3동,5동,6동,7동",1984,개인,,,"429,000",7,1,2026,중개거래,서울 강남구,115.59,14,63,N,,11680,개인,대치동,강남구
,삼익대청아파트,1992,개인,,,"195,000",14,1,2026,중개거래,서울 강남구,39.53,8,12,N,,11680,개인,개포동,강남구
23,은마,1979,개인,,,"420,000",7,1,2026,중개거래,서울 강남구,84.43,4,316,N,26.02.05,11680,개인,대치동,강남구
705,신동아,1992,개인,,,"97,000",12,1,2026,직거래,,33.18,11,736,N,26.01.19,11680,개인,수서동,강남구
,롯데캐슬노블,2007,개인,,,"257,000",7,1,2026,중개거래,서울 강남구,176.03,8,835-68,N,,11680,개인,역삼동,강남구
,청담현대3차아파트,1999,개인,,,"450,000",5,1,2026,중개거래,"서울 강남구, 서울 용산구",109.53,13,127-31,N,,11680,개인,청담동,강남구
,대우아이빌명문가(891-23),2004,개인,,,"27,800",10,1,2026,중개거래,서울 강남구,33.06,10,891-23,N,,11680,개인,대치동,강남구
,한솔마을,1994,개인,,,"269,000",13,1,2026,중개거래,"서울 강남구, 서울 송파구",63.76,3,731,N,,11680,개인,일원동,강남구
,신동아(22),1997,개인,,,"230,000",12,1,2026,중개거래,서울 강남구,84.52,3,22,N,,11680,개인,논현동,강남구
,로데오현대,1998,개인,,,"205,000",12,1,2026,중개거래,서울 강남구,90.94,8,658,N,,11680,개인,신사동,강남구
,수서한아름,1993,개인,,,"290,000",9,1,2026,중개거래,서울 강남구,129.45,5,712,N,,11680,개인,수서동,강남구
,삼성파크,2001,개인,,,"233,000",8,1,2026,중개거래,서울 강남구,107.38,5,126,N,,11680,개인,삼성동,강남구
,한솔마을,1994,개인,,,"320,000",9,1,2026,중개거래,서울 강남구,84.73,3,731,N,,11680,개인,일원동,강남구
214,성원대치2단지아파트,1992,개인,,,"158,000",9,1,2026,중개거래,서울 강남구,33.18,3,12,N,26.02.10,11680,개인,개포동,강남구
,"청학아파트에이동,비동,씨동",1976,개인,,,"154,000",6,1,2026,중개거래,서울 강남구,97.18,4,62-3,N,,11680,개인,논현동,강남구
,"현대1차(12,13,21,22,31,32,33동)",1976,개인,,,"700,000",10,1,2026,중개거래,"서울 강남구, 서울 영등포구",131.48,10,369-1,N,,11680,개인,압구정동,강남구
,청담2차이-편한세상(204동),2005,개인,,,"245,500",10,1,2026,중개거래,서울 강남구,98.05,4,15,N,,11680,개인,청담동,강남구
,삼성동한솔아파트,1998,개인,,,"207,000",10,1,2026,중개거래,서울 강남구,58.57,19,4-6,N,,11680,개인,삼성동,강남구
,강남자곡 힐스테이트,2015,개인,,,"116,500",7,1,2026,중개거래,"서울 강남구, 서울 서초구",51.96,1,619,N,,11680,개인,자곡동,강남구
,풍림(1차),1998,개인,,,"215,000",10,1,2026,중개거래,서울 강남구,59.7,3,106,N,,11680,개인,삼성동,강남구
,역삼푸르지오,2006,개인,,,"275,000",9,1,2026,중개거래,서울 강남구,59.8848,4,754-1,N,,11680,개인,역삼동,강남구
,래미안 개포 루체하임,2018,개인,,,"312,000",9,1,2026,중개거래,"서울 강남구, 서울 송파구",71.65,16,741,N,,11680,개인,일원동,강남구
,한일,2001,개인,,,"230,000",9,1,2026,중개거래,서울 강남구,80.29,12,48,N,,11680,개인,삼성동,강남구
,우성리빙텔,1996,개인,,,"190,000",2,1,2026,중개거래,서울 강남구,119.25,9,467-10,N,26.01.15,11680,개인,도곡동,강남구
,푸른마을아파트101동~111동,1994,개인,,,"230,000",8,1,2026,중개거래,서울 강남구,59.76,7,719,N,,11680,개인,일원동,강남구
,까치마을,1993,개인,,,"207,000",8,1,2026,중개거래,서울 강남구,49.5,6,746,N,,11680,개인,수서동,강남구
,필로스(193-45),2004,개인,,,"117,000",3,1,2026,중개거래,서울 강남구,104.76,3,193-45,N,,11680,개인,도곡동,강남구
,롯데캐슬,2002,개인,,,"343,000",6,1,2026,중개거래,서울 강남구,135.73,11,893,N,,11680,개인,대치동,강남구
,세곡푸르지오,2012,개인,,,"174,000",7,1,2026,중개거래,서울 강남구,74.74,7,533,N,,11680,개인,세곡동,강남구
,대치아이파크,2008,개인,,,"392,000",6,1,2026,중개거래,서울 강남구,84.95,20,888,N,,11680,개인,대치동,강남구
,강남자곡 힐스테이트,2015,개인,,,"146,000",6,1,2026,중개거래,서울 강남구,59.93,15,619,N,,11680,개인,자곡동,강남구
,강남한양수자인(4단지),2014,개인,,,"220,000",6,1,2026,중개거래,서울 강남구,114.46,4,686,N,,11680,개인,자곡동,강남구
,강남데시앙파크,2011,개인,,,"179,000",3,1,2026,중개거래,서울 강남구,114.69,5,525,N,,11680,개인,세곡동,강남구
,도곡현대힐스테이트103동,1996,개인,,,"240,000",5,1,2026,중개거래,서울 강남구,149.3,1,183-8,N,,11680,개인,도곡동,강남구
,청담대림이-편한세상,2002,개인,,,"280,000",3,1,2026,중개거래,서울 강남구,98.47,6,30-33,N,,11680,개인,청담동,강남구
,논현한가람빌라트,2002,개인,,,"180,000",5,1,2026,중개거래,서울 강남구,84.95,4,105-3,N,,11680,개인,논현동,강남구
708,강남자곡아이파크,2014,개인,,,"165,000",5,1,2026,중개거래,서울 강남구,74.97,10,602,N,26.01.15,11680,개인,자곡동,강남구
,개포주공6단지,1983,개인,,,"389,500",3,1,2026,중개거래,서울 강남구,83.21,15,185,N,,11680,개인,개포동,강남구
,디에이치자이개포,2021,개인,,,"447,000",3,1,2026,중개거래,서울 강남구,103.86,5,743,N,,11680,개인,일원동,강남구
,강남브리즈힐(토지임대부아파트),2014,개인,,,"122,000",3,1,2026,중개거래,서울 강남구,74.04,10,618,Y,,11680,개인,자곡동,강남구
,강남자곡 힐스테이트,2015,개인,,,"144,500",3,1,2026,중개거래,서울 강남구,59.93,10,619,N,,11680,개인,자곡동,강남구
,은마,1979,개인,,,"364,000",13,2,2026,중개거래,서울 강남구,76.79,7,316,N,,11680,개인,대치동,강남구
,대우디오빌,2002,개인,,,"30,000",11,2,2026,중개거래,"서울 강남구, 서울 서초구",30.03,15,720-25,N,,11680,개인,역삼동,강남구
,대우디오빌플러스,2004,개인,,,"43,000",13,2,2026,중개거래,서울 강남구,43.99,11,824-25,N,,11680,개인,역삼동,강남구
,경남아너스빌,2002,개인,,,"150,000",13,2,2026,중개거래,서울 강남구,84.688,13,722,N,,11680,개인,역삼동,강남구
,시티프라디움더강남101동,2021,개인,,,"160,000",5,2,2026,중개거래,서울 강남구,59.99,10,900,N,,11680,개인,역삼동,강남구
,파크힐,2005,개인,,,"75,500",10,2,2026,중개거래,서울 강남구,47.6,2,550-1,N,,11680,개인,도곡동,강남구
,현대힐스테이트2단지,2008,개인,,,"199,000",7,2,2026,중개거래,서울 강남구,40.763,2,50,N,,11680,개인,삼성동,강남구
,토미,2004,개인,,,"90,000",2,2,2026,중개거래,서울 강남구,80.83,2,593-32,N,,11680,개인,신사동,강남구
,강남엘에이치1단지,2013,개인,,,"195,000",2,2,2026,중개거래,서울 강남구,84.83,9,579,N,,11680,개인,세곡동,강남구
,래미안블레스티지,2019,개인,,,"367,000",4,2,2026,중개거래,서울 강남구,84.943,19,1280,N,,11680,개인,개포동,강남구
,개포주공5단지,1983,개인,,,"414,000",2,2,2026,중개거래,서울 강남구,83.17,3,187,N,,11680,개인,개포동,강남구
,마일스디오빌,2004,개인,,,"35,000",9,2,2026,중개거래,"서울 강남구, 서울 마포구",36.29,3,58-2,N,,11680,개인,논현동,강남구
,래미안강남힐즈,2014,개인,,,"205,000",9,2,2026,중개거래,서울 강남구,91.96,3,611,N,,11680,개인,자곡동,강남구
,까치마을,1993,개인,,,"137,000",8,2,2026,중개거래,서울 강남구,34.44,1,746,N,,11680,개인,수서동,강남구
,삼성동힐스테이트 1단지,2008,개인,,,"158,500",7,2,2026,중개거래,"서울 강남구, 서울 송파구",31.402,6,16-2,N,,11680,개인,삼성동,강남구
,세곡푸르지오,2012,개인,,,"190,000",7,2,2026,중개거래,서울 강남구,84.84,11,533,N,,11680,개인,세곡동,강남구
,까치마을,1993,개인,,,"154,000",6,2,2026,중개거래,서울 강남구,34.44,13,746,N,,11680,개인,수서동,강남구
,강남자곡 힐스테이트,2015,개인,,,"126,000",5,2,2026,중개거래,서울 강남구,59.93,6,619,N,,11680,개인,자곡동,강남구
,신동아(22),1997,개인,,,"110,000",3,2,2026,중개거래,서울 강남구,35.73,1,22,N,,11680,개인,논현동,강남구
,강남자곡 힐스테이트,2015,개인,,,"167,000",2,2,2026,중개거래,서울 강남구,74.8,17,619,N,,11680,개인,자곡동,강남구
,까치마을,1993,개인,,,"160,000",2,2,2026,중개거래,서울 강남구,39.6,8,746,N,,11680,개인,수서동,강남구
,대우아이빌멤버스(891-26),2003,개인,,,"34,000",2,2,2026,중개거래,서울 강남구,35.796,6,891-26,N,26.02.04,11680,개인,대치동,강남구
,송파더센트레,2013,개인,,,"166,500",30,1,2026,중개거래,서울 송파구,59.85,14,879,N,,11710,개인,장지동,송파구
,이트리움송파(281-4),2024,개인,,,"77,425",27,1,2026,중개거래,서울 송파구,72.2,6,281-4,N,,11710,법인,풍납동,송파구
,장미1,1979,개인,,,"298,000",27,1,2026,중개거래,서울 송파구,71.2,8,7,N,,11710,개인,신천동,송파구
,문정시영,1989,개인,,,"110,000",24,1,2026,중개거래,서울 송파구,46.26,5,145,N,,11710,개인,문정동,송파구
,위례아이파크,2015,개인,,,"210,000",31,1,2026,중개거래,"경기 , 서울 송파구",87.8869,17,894,N,,11710,개인,장지동,송파구
,파크리오,2008,개인,,,"277,000",31,1,2026,중개거래,서울 송파구,59.86,5,17,N,,11710,개인,신천동,송파구
,래미안파크팰리스,2007,개인,,,"234,500",23,1,2026,중개거래,서울 송파구,84.885,15,165,N,,11710,개인,가락동,송파구
,주공아파트 5단지,1978,개인,,,"409,700",24,1,2026,중개거래,서울 송파구,76.5,2,27,N,,11710,개인,잠실동,송파구
,문정시영,1989,개인,,,"100,000",31,1,2026,중개거래,서울 송파구,39.69,14,145,N,,11710,개인,문정동,송파구
,송파레이크파크호반써밋Ⅰ,2022,개인,,,"195,700",28,1,2026,중개거래,서울 송파구,108.8119,6,597,N,,11710,개인,거여동,송파구
,현대,1997,개인,,,"155,000",24,1,2026,중개거래,서울 송파구,84.96,15,163-14,N,,11710,개인,송파동,송파구
,현대2차,1992,개인,,,"110,000",20,1,2026,중개거래,서울 송파구,82.96,5,44,N,,11710,개인,거여동,송파구
,우성아파트,1981,개인,,,"301,500",24,1,2026,중개거래,서울 송파구,80.35,5,101-1,N,,11710,개인,잠실동,송파구
,한강극동,1995,개인,,,"173,000",31,1,2026,중개거래,서울 송파구,114.76,2,508,N,,11710,개인,풍납동,송파구
,장미2,1979,개인,,,"301,000",23,1,2026,중개거래,서울 송파구,71.2,11,11,N,,11710,개인,신천동,송파구
,위례24단지(꿈에그린),2013,개인,,,"150,000",28,1,2026,중개거래,서울 송파구,51.77,4,901,N,,11710,개인,장지동,송파구
,거여4단지,1997,개인,,,"130,000",31,1,2026,중개거래,서울 송파구,59.73,3,293,N,,11710,개인,거여동,송파구
,건영1,1996,개인,,,"182,000",28,1,2026,중개거래,서울 송파구,84.39,8,72-3,N,,11710,개인,문정동,송파구
,동아한가람1,1995,개인,,,"154,000",12,1,2026,중개거래,서울 송파구,84.38,15,506,N,,11710,개인,풍납동,송파구
,신아,1999,개인,,,"85,500",23,1,2026,중개거래,경기 안양시 동안구,130.05,8,271-3,N,,11710,개인,풍납동,송파구
,방이금호어울림,2001,개인,,,"119,000",29,1,2026,중개거래,서울 송파구,84.3,3,157,N,,11710,개인,방이동,송파구
,신동아,2001,개인,,,"64,000",16,1,2026,중개거래,서울 송파구,59.88,8,20,N,,11710,개인,마천동,송파구
,파크리오,2008,개인,,,"295,000",24,1,2026,중개거래,서울 송파구,84.79,16,17,N,,11710,개인,신천동,송파구
,파크리오,2008,개인,,,"363,000",14,1,2026,중개거래,서울 송파구,144.77,32,17,N,,11710,개인,신천동,송파구
,올림픽선수기자촌1단지,1988,개인,,,"295,000",30,1,2026,중개거래,서울 송파구,83.06,3,89,N,,11710,개인,방이동,송파구
,송파파밀리에더퍼스트,2023,개인,,,"135,000",25,1,2026,중개거래,서울 송파구,59.8077,4,245,N,,11710,개인,송파동,송파구
,호수임광,1995,개인,,,"107,000",17,1,2026,중개거래,서울 송파구,57.72,10,33,N,,11710,개인,송파동,송파구
,주공아파트 5단지,1978,개인,,,"402,700",21,1,2026,중개거래,서울 송파구,76.5,1,27,N,,11710,개인,잠실동,송파구
,주공아파트 5단지,1978,개인,,,"422,700",24,1,2026,중개거래,서울 송파구,76.5,10,27,N,,11710,개인,잠실동,송파구
,파크하비오,2016,개인,,,"188,000",25,1,2026,중개거래,서울 송파구,84.9725,14,618,N,,11710,개인,문정동,송파구
,현대리버빌1지구,1999,개인,,,"84,000",22,1,2026,중개거래,서울 송파구,43.2,3,260,N,,11710,개인,풍납동,송파구
,갤러리아팰리스,2005,개인,,,"376,000",20,1,2026,중개거래,서울 송파구,163.935,41,40,N,,11710,개인,잠실동,송파구
,리센츠,2008,개인,,,"470,000",26,1,2026,중개거래,"경기 포천시, 서울 송파구",124.22,18,22,N,,11710,개인,잠실동,송파구
,거여1단지,1997,개인,,,"110,000",31,1,2026,중개거래,서울 송파구,49.8,4,290,N,,11710,개인,거여동,송파구
,파크리오,2008,개인,,,"302,000",24,1,2026,중개거래,서울 송파구,84.79,23,17,N,,11710,개인,신천동,송파구
,송파두산위브,2019,개인,,,"130,000",30,1,2026,중개거래,서울 송파구,59.9823,11,135,N,,11710,개인,오금동,송파구
,강변현대,1991,개인,,,"116,500",13,1,2026,중개거래,"서울 광진구, 서울 송파구",83.19,5,299-1,N,,11710,개인,풍납동,송파구
,주공아파트 5단지,1978,개인,,,"419,800",28,1,2026,중개거래,서울 송파구,76.5,6,27,N,,11710,개인,잠실동,송파구
,올림픽선수기자촌3단지,1988,개인,,,"300,000",22,1,2026,중개거래,서울 송파구,83.06,6,89,N,,11710,개인,방이동,송파구
,파크하비오,2016,개인,,,"185,000",6,1,2026,중개거래,서울 송파구,84.9342,4,618,N,,11710,개인,문정동,송파구
,쌍용스윗닷홈2차,2006,개인,,,"129,500",22,1,2026,중개거래,서울 송파구,104.14,8,27-5,N,,11710,개인,거여동,송파구
,거여4단지,1997,개인,,,"72,000",16,1,2026,중개거래,서울 송파구,39.6,2,293,N,,11710,개인,거여동,송파구
,송파파인타운8단지,2008,개인,,,"137,250",31,1,2026,중개거래,서울 송파구,59.97,9,842,N,,11710,개인,장지동,송파구
,잠실엘스,2008,개인,,,"460,000",16,1,2026,중개거래,서울 송파구,119.93,13,19,N,,11710,개인,잠실동,송파구
,위례24단지(꿈에그린),2013,개인,,,"155,000",29,1,2026,중개거래,서울 송파구,51.78,3,901,N,,11710,개인,장지동,송파구
,한양아파트,1983,개인,,,"205,000",22,1,2026,중개거래,서울 송파구,64.26,3,119,N,,11710,개인,송파동,송파구
,송파파인타운3단지,2008,개인,,,"185,000",15,1,2026,중개거래,"서울 강남구, 서울 송파구",84.94,10,849,N,,11710,개인,장지동,송파구
,가락삼익맨숀,1984,개인,,,"270,000",17,1,2026,중개거래,서울 송파구,108.338,12,166,N,,11710,개인,송파동,송파구
,우성아파트,1981,개인,,,"330,000",24,1,2026,중개거래,서울 송파구,96.65,9,101-1,N,,11710,개인,잠실동,송파구
,거여1단지,1997,개인,,,"89,950",31,1,2026,중개거래,서울 강남구,39.6,2,290,N,,11710,개인,거여동,송파구
,트리지움,2007,개인,,,"319,000",30,1,2026,중개거래,서울 송파구,84.95,4,35,N,,11710,개인,잠실동,송파구
,예명,2001,개인,,,"106,000",27,1,2026,중개거래,서울 송파구,68.93,6,253-2,N,,11710,개인,석촌동,송파구
,송파두산위브,2019,개인,,,"129,000",30,1,2026,중개거래,서울 송파구,59.9823,4,135,N,,11710,개인,오금동,송파구
,테라펠리체송파,2021,개인,,,"80,500",31,1,2026,중개거래,서울 송파구,44.0351,7,166-6,N,,11710,법인,가락동,송파구
,현대1,1995,개인,,,"181,000",9,1,2026,중개거래,서울 송파구,84.0,8,413-1,N,,11710,개인,풍납동,송파구
,신성노바빌아파트,2000,개인,,,"134,500",31,1,2026,중개거래,서울 송파구,84.96,6,510,N,,11710,개인,풍납동,송파구
,문정시영,1989,개인,,,"76,800",28,1,2026,중개거래,서울 송파구,35.46,5,145,N,,11710,개인,문정동,송파구
,파크리오,2008,개인,,,"318,000",31,1,2026,중개거래,서울 송파구,84.97,9,17,N,,11710,개인,신천동,송파구
,이스턴잠실,2020,개인,,,"37,000",31,1,2026,중개거래,서울 송파구,23.93,6,46-1,N,,11710,개인,방이동,송파구
,위례24단지(꿈에그린),2013,개인,,,"195,000",31,1,2026,중개거래,서울 송파구,84.96,1,901,N,,11710,개인,장지동,송파구
,송파더센트레,2013,개인,,,"143,000",31,1,2026,중개거래,"경기 성남시 수정구, 서울 송파구",51.77,1,879,N,,11710,개인,장지동,송파구
,송파레이크파크호반써밋Ⅰ,2022,개인,,,"204,000",30,1,2026,중개거래,서울 송파구,108.8119,11,597,N,,11710,개인,거여동,송파구
,파크리오,2008,개인,,,"298,000",30,1,2026,중개거래,서울 송파구,84.9,17,17,N,,11710,개인,신천동,송파구
,동아한가람1,1995,개인,,,"118,000",27,1,2026,중개거래,서울 송파구,59.98,3,506,N,,11710,개인,풍납동,송파구
,잠실엘스,2008,개인,,,"297,500",31,1,2026,중개거래,서울 송파구,59.96,9,19,N,,11710,개인,잠실동,송파구
,대림,1988,개인,,,"252,000",30,1,2026,중개거래,서울 송파구,125.79,10,2,N,,11710,개인,오금동,송파구
,대림,1988,개인,,,"153,000",24,1,2026,중개거래,서울 송파구,76.49,9,70-19,N,,11710,개인,가락동,송파구
,주공아파트 5단지,1978,개인,,,"416,700",16,1,2026,중개거래,서울 송파구,76.5,6,27,N,,11710,개인,잠실동,송파구
,대림,1988,개인,,,"131,000",29,1,2026,중개거래,서울 송파구,59.24,10,70-19,N,,11710,개인,가락동,송파구
,래미안송파파인탑,2012,개인,,,"202,000",30,1,2026,중개거래,서울 송파구,53.36,3,243,N,,11710,개인,송파동,송파구
,송파파인타운6단지,2008,개인,,,"179,000",20,1,2026,중개거래,서울 송파구,84.98,5,847,N,,11710,개인,장지동,송파구
,파크하비오,2016,개인,,,"210,000",30,1,2026,중개거래,서울 송파구,84.9725,9,618,N,,11710,개인,문정동,송파구
,동신,2003,개인,,,"75,000",17,1,2026,중개거래,서울 송파구,61.04,4,166-10,N,,11710,개인,삼전동,송파구
,풍림1,1995,개인,,,"99,000",30,1,2026,중개거래,서울 송파구,59.94,3,142,N,,11710,개인,가락동,송파구
,호수임광,1995,개인,,,"104,500",30,1,2026,중개거래,서울 송파구,56.6,2,33,N,,11710,개인,송파동,송파구
,송파파인타운4단지,2008,개인,,,"199,500",8,1,2026,중개거래,"서울 강남구, 서울 송파구",84.95,12,837,N,,11710,개인,장지동,송파구
,우성아파트,1981,개인,,,"250,000",15,1,2026,직거래,,96.65,7,101-1,N,,11710,개인,잠실동,송파구
,삼익1,1996,개인,,,"120,000",29,1,2026,중개거래,서울 송파구,84.9,9,573,N,,11710,개인,마천동,송파구
,레이크팰리스,2006,개인,,,"330,000",21,1,2026,중개거래,서울 송파구,84.82,9,44,N,,11710,개인,잠실동,송파구
,건영1,1996,개인,,,"162,000",28,1,2026,중개거래,서울 송파구,77.68,1,72-3,N,,11710,개인,문정동,송파구
,송파더센트레,2013,개인,,,"156,500",29,1,2026,중개거래,서울 송파구,51.77,4,879,N,,11710,개인,장지동,송파구
,대림,1988,개인,,,"259,000",5,1,2026,중개거래,"경기 남양주시, 서울 송파구",125.79,9,2,N,,11710,개인,오금동,송파구
8,우성,1986,개인,,,"140,000",28,1,2026,중개거래,서울 송파구,43.79,10,96-1,N,26.02.06,11710,개인,가락동,송파구
,장미1,1979,개인,,,"389,000",11,1,2026,중개거래,서울 송파구,120.0,6,7,N,,11710,개인,신천동,송파구
,리센츠,2008,개인,,,"330,000",24,1,2026,중개거래,서울 송파구,84.99,4,22,N,,11710,개인,잠실동,송파구
,문정시영,1989,개인,,,"98,000",28,1,2026,중개거래,서울 송파구,39.69,4,145,N,,11710,개인,문정동,송파구
,석촌호수효성해링턴타워,2015,개인,,,"25,700",28,1,2026,중개거래,서울 송파구,15.8307,11,24-3,N,,11710,개인,석촌동,송파구
,파크하비오,2016,개인,,,"188,500",9,1,2026,중개거래,서울 송파구,84.9342,5,618,N,,11710,개인,문정동,송파구
,쌍용,1994,개인,,,"144,000",7,1,2026,중개거래,서울 송파구,84.86,12,401-1,N,,11710,개인,풍납동,송파구
,헬리오시티,2018,개인,,,"314,000",2,1,2026,중개거래,서울 송파구,84.99,11,913,N,,11710,개인,가락동,송파구
,현대3차,1993,개인,,,"124,800",24,1,2026,중개거래,서울 송파구,84.94,12,46,N,,11710,개인,거여동,송파구
,파크하비오,2016,개인,26.02.03,O,"185,000",6,1,2026,중개거래,서울 송파구,84.9342,4,618,N,,11710,개인,문정동,송파구
,"가락3차쌍용스윗닷홈101동,102동",2005,개인,,,"148,000",28,1,2026,중개거래,서울 송파구,59.94,7,53,N,,11710,개인,가락동,송파구
,헬리오시티,2018,개인,,,"300,000",13,1,2026,중개거래,서울 송파구,84.99,12,913,N,,11710,개인,가락동,송파구
,리센츠,2008,개인,,,"410,000",24,1,2026,중개거래,서울 송파구,124.22,7,22,N,,11710,개인,잠실동,송파구
,잠실엘스,2008,개인,,,"337,000",26,1,2026,중개거래,"서울 광진구, 서울 송파구",84.8,13,19,N,,11710,개인,잠실동,송파구
,거여4단지,1997,개인,,,"97,000",14,1,2026,중개거래,서울 송파구,49.8,2,293,N,,11710,개인,거여동,송파구
2407,위례24단지(꿈에그린),2013,개인,,,"115,000",10,1,2026,직거래,,51.77,7,901,N,26.01.28,11710,개인,장지동,송파구
,트리지움,2007,개인,,,"335,000",24,1,2026,중개거래,서울 송파구,84.83,9,35,N,,11710,개인,잠실동,송파구
,리센츠,2008,개인,,,"155,000",27,1,2026,중개거래,서울 송파구,27.68,11,22,N,,11710,개인,잠실동,송파구
,가락금호아파트,1997,개인,,,"169,000",28,1,2026,중개거래,서울 송파구,59.91,3,95-1,N,,11710,개인,가락동,송파구
,송파시그니처롯데캐슬,2021,개인,,,"183,500",27,1,2026,중개거래,서울 송파구,59.98,23,697,N,,11710,개인,거여동,송파구
,파크리오,2008,개인,,,"322,000",26,1,2026,중개거래,서울 송파구,84.97,20,17,N,,11710,개인,신천동,송파구
,헬리오시티,2018,개인,,,"290,000",9,1,2026,중개거래,서울 송파구,84.98,24,913,N,,11710,개인,가락동,송파구
,헬리오시티,2018,개인,,,"304,000",27,1,2026,중개거래,"경기 화성병점구, 서울 송파구",84.97,18,913,N,,11710,개인,가락동,송파구
,테라펠리체송파,2021,개인,,,"82,000",9,1,2026,중개거래,서울 송파구,44.0351,15,166-6,N,,11710,법인,가락동,송파구
,현대(2-4차),1984,개인,,,"292,000",27,1,2026,중개거래,서울 송파구,130.93,4,43,N,,11710,개인,오금동,송파구
,상아2차아파트,1988,개인,,,"150,000",13,1,2026,중개거래,서울 송파구,60.0,7,165,N,,11710,개인,오금동,송파구
,상아2차아파트,1988,개인,,,"165,000",16,1,2026,중개거래,서울 송파구,84.98,1,165,N,,11710,개인,오금동,송파구
,올림픽카운티,2003,개인,,,"60,000",22,1,2026,중개거래,서울 송파구,56.22,7,51-4,N,,11710,개인,방이동,송파구
,주공아파트 5단지,1978,개인,,,"457,500",21,1,2026,중개거래,서울 송파구,82.51,14,27,N,,11710,개인,잠실동,송파구
,현대2차,1992,개인,,,"103,000",12,1,2026,중개거래,서울 송파구,82.96,7,44,N,,11710,개인,거여동,송파구
,트리지움,2007,개인,,,"320,000",26,1,2026,중개거래,"서울 관악구, 서울 송파구",84.83,19,35,N,,11710,개인,잠실동,송파구
,건영1,1996,개인,,,"157,500",24,1,2026,중개거래,서울 송파구,77.68,2,72-3,N,,11710,개인,문정동,송파구
,현대1,1995,개인,,,"173,000",10,1,2026,중개거래,서울 송파구,83.02,6,413-1,N,,11710,개인,풍납동,송파구
,올림픽레아아파트,2024,개인,,,"80,000",26,1,2026,중개거래,서울 송파구,52.3564,6,515,N,,11710,공공기관,풍납동,송파구
,극동,1987,개인,,,"145,000",26,1,2026,중개거래,서울 송파구,79.945,8,391,N,,11710,개인,풍납동,송파구
,건영1,1996,개인,,,"164,000",25,1,2026,중개거래,서울 송파구,84.39,3,72-3,N,,11710,개인,문정동,송파구
,헬리오시티,2018,개인,,,"239,000",27,1,2026,중개거래,서울 송파구,49.21,29,913,N,,11710,개인,가락동,송파구
,현대(2-4차),1984,개인,,,"291,500",13,1,2026,중개거래,서울 송파구,130.93,10,43,N,,11710,개인,오금동,송파구
,문정시영,1989,개인,,,"78,000",24,1,2026,중개거래,서울 송파구,35.46,9,145,N,,11710,개인,문정동,송파구
,송파시그니처롯데캐슬,2021,개인,,,"204,000",23,1,2026,중개거래,서울 송파구,84.98,5,697,N,,11710,개인,거여동,송파구
,현대(6차),1991,개인,,,"158,500",24,1,2026,중개거래,서울 송파구,84.8,7,55,N,,11710,개인,가락동,송파구
,송파더센트레,2013,개인,,,"139,500",24,1,2026,중개거래,"경기 성남시 수정구, 서울 송파구",51.77,1,879,N,,11710,개인,장지동,송파구
,동광팰리스,2018,개인,,,"39,000",23,1,2026,중개거래,서울 송파구,25.27,14,50-10,N,,11710,개인,방이동,송파구
,대림,1988,개인,,,"248,000",24,1,2026,중개거래,서울 송파구,125.79,12,2,N,,11710,개인,오금동,송파구
,코오롱아파트,1991,개인,,,"208,000",23,1,2026,중개거래,서울 송파구,84.95,6,212-8,N,,11710,개인,방이동,송파구
,현대1,1989,개인,,,"135,000",23,1,2026,중개거래,서울 송파구,82.0,7,39,N,,11710,개인,삼전동,송파구
,동아한가람1,1995,개인,,,"142,000",22,1,2026,중개거래,서울 송파구,84.38,7,506,N,,11710,개인,풍납동,송파구
,올림픽선수기자촌2단지,1988,개인,,,"320,000",23,1,2026,중개거래,서울 송파구,83.06,17,89,N,,11710,개인,방이동,송파구
,송파두산위브,2019,개인,,,"128,800",23,1,2026,중개거래,서울 송파구,59.9823,13,135,N,,11710,개인,오금동,송파구
,롯데캐슬,2003,개인,,,"150,000",23,1,2026,직거래,,180.516,16,79,N,26.01.23,11710,개인,가락동,송파구
,송파위례리슈빌,2021,개인,,,"227,000",19,1,2026,중개거래,서울 송파구,111.5354,3,654,N,,11710,개인,거여동,송파구
,잠실엘스,2008,개인,,,"290,000",22,1,2026,중개거래,서울 송파구,59.96,2,19,N,,11710,개인,잠실동,송파구
,잠실엘스,2008,개인,,,"340,000",15,1,2026,중개거래,서울 송파구,84.8,11,19,N,,11710,개인,잠실동,송파구
,현대(62-5),1993,개인,,,"97,500",22,1,2026,중개거래,서울 송파구,54.6,4,62-5,N,,11710,개인,문정동,송파구
,한영해시안아파트,2019,개인,,,"103,800",22,1,2026,중개거래,서울 송파구,63.81,5,167-1,N,,11710,개인,송파동,송파구
,리센츠,2008,개인,,,"152,000",21,1,2026,중개거래,서울 송파구,27.68,4,22,N,,11710,개인,잠실동,송파구
,위례신도시송파푸르지오,2015,개인,,,"210,000",22,1,2026,중개거래,"서울 노원구, 서울 송파구",108.8164,2,878,N,,11710,개인,장지동,송파구
,주공아파트 5단지,1978,개인,,,"457,500",21,1,2026,중개거래,서울 송파구,82.51,3,27,N,,11710,개인,잠실동,송파구
104,송파파인타운1단지,2010,개인,,,"142,000",23,1,2026,중개거래,서울 송파구,84.95,2,833,N,26.01.23,11710,개인,장지동,송파구
,거여2단지효성아파트,1997,개인,,,"159,000",16,1,2026,중개거래,서울 송파구,134.88,9,291,N,,11710,개인,거여동,송파구
210,올림픽훼밀리타운,1988,개인,,,"155,500",16,1,2026,중개거래,"서울 서초구, 서울 송파구",117.585,9,150,N,26.01.23,11710,개인,문정동,송파구
,잠실엘스,2008,개인,,,"330,000",6,1,2026,중개거래,서울 송파구,84.97,5,19,N,,11710,개인,잠실동,송파구
,파크리오,2008,개인,,,"371,500",21,1,2026,중개거래,서울 송파구,121.63,14,17,N,,11710,개인,신천동,송파구
,트리지움,2007,개인,,,"409,000",22,1,2026,중개거래,서울 송파구,149.45,26,35,N,,11710,개인,잠실동,송파구
,헬리오시티,2018,개인,,,"303,000",16,1,2026,중개거래,서울 송파구,84.97,21,913,N,,11710,개인,가락동,송파구
,잠실엘스,2008,개인,,,"349,000",19,1,2026,중개거래,서울 송파구,84.8,17,19,N,,11710,개인,잠실동,송파구
,리센츠,2008,개인,,,"350,000",22,1,2026,중개거래,서울 송파구,84.99,26,22,N,,11710,개인,잠실동,송파구
,문정대우푸르지오1차,1999,개인,,,"172,000",21,1,2026,중개거래,서울 송파구,84.86,16,18,N,,11710,개인,문정동,송파구
,송파파밀리에더퍼스트,2023,개인,,,"131,000",21,1,2026,중개거래,서울 송파구,59.8077,3,245,N,,11710,개인,송파동,송파구
,더샵스타리버,2006,개인,,,"234,000",15,1,2026,중개거래,서울 송파구,145.93,8,11-8,N,,11710,개인,신천동,송파구
,래미안파크팰리스,2007,개인,,,"232,500",21,1,2026,중개거래,서울 송파구,84.936,25,165,N,,11710,개인,가락동,송파구
,성해,2003,개인,,,"100,500",14,1,2026,중개거래,서울 송파구,108.57,11,4-2,N,,11710,개인,문정동,송파구
,트리지움,2007,개인,,,"327,000",21,1,2026,중개거래,서울 송파구,84.83,24,35,N,,11710,개인,잠실동,송파구
,래미안송파파인탑,2012,개인,,,"252,000",21,1,2026,중개거래,서울 송파구,87.05,17,243,N,,11710,개인,송파동,송파구
,파크리오,2008,개인,,,"140,000",20,1,2026,중개거래,서울 송파구,35.24,9,17,N,,11710,개인,신천동,송파구
,대련,2001,개인,,,"38,000",20,1,2026,중개거래,서울 송파구,40.97,5,166-15,N,,11710,개인,가락동,송파구
,SK,2001,개인,,,"147,000",20,1,2026,중개거래,서울 송파구,83.8,5,170,N,,11710,개인,송파동,송파구
,한양3,1985,개인,,,"257,000",20,1,2026,중개거래,서울 송파구,126.9,7,225,N,,11710,개인,방이동,송파구
,세양청마루,2004,개인,,,"96,000",15,1,2026,중개거래,서울 송파구,59.91,8,146,N,,11710,개인,문정동,송파구
,씨티극동1,1998,개인,,,"94,500",10,1,2026,중개거래,서울 송파구,59.69,4,509,N,,11710,개인,풍납동,송파구
,대림,1988,개인,,,"131,000",19,1,2026,중개거래,서울 송파구,59.24,10,70-19,N,,11710,개인,가락동,송파구
,헬리오시티,2018,개인,,,"312,500",13,1,2026,중개거래,서울 송파구,84.98,28,913,N,,11710,개인,가락동,송파구
,문정시영,1989,개인,,,"100,000",6,1,2026,중개거래,서울 송파구,46.26,1,145,N,,11710,개인,문정동,송파구
,문정시영,1989,개인,,,"94,000",7,1,2026,중개거래,서울 송파구,39.69,12,145,N,,11710,개인,문정동,송파구
,한영해시안아파트,2019,개인,,,"104,000",19,1,2026,중개거래,서울 송파구,63.81,10,167-1,N,,11710,개인,송파동,송파구
,성원상떼빌,2006,개인,,,"145,000",15,1,2026,중개거래,서울 송파구,136.24,14,80,N,,11710,개인,가락동,송파구
,주공아파트 5단지,1978,개인,,,"407,500",10,1,2026,중개거래,"서울 강남구, 서울 송파구",76.5,15,27,N,,11710,개인,잠실동,송파구
,파크리오,2008,개인,,,"305,000",19,1,2026,중개거래,"서울 송파구, 서울 영등포구",84.9,33,17,N,,11710,개인,신천동,송파구
,옥산크리스탈,2001,개인,,,"87,000",19,1,2026,중개거래,서울 송파구,74.53,1,193-37,N,,11710,개인,방이동,송파구
,마천금호어울림1차아파트,2002,개인,,,"102,000",19,1,2026,중개거래,"서울 강남구, 서울 강동구",81.18,14,575,N,,11710,개인,마천동,송파구
,위례24단지(꿈에그린),2013,개인,,,"215,000",19,1,2026,중개거래,서울 송파구,84.96,19,901,N,,11710,개인,장지동,송파구
,잠실푸르지오월드마크,2013,개인,,,"220,000",16,1,2026,중개거래,서울 송파구,84.39,30,11-4,N,,11710,개인,신천동,송파구
,갤러리아팰리스,2005,개인,,,"325,000",9,1,2026,중개거래,서울 송파구,163.935,10,40,N,,11710,개인,잠실동,송파구
,위례24단지(꿈에그린),2013,개인,,,"170,000",16,1,2026,중개거래,"서울 강동구, 서울 마포구",59.63,17,901,N,,11710,개인,장지동,송파구
8,우성,1986,개인,,,"97,800",17,1,2026,직거래,,43.79,4,96-1,N,26.01.20,11710,개인,가락동,송파구
,씨티극동1,1998,개인,,,"114,000",13,1,2026,중개거래,서울 송파구,59.95,6,509,N,,11710,개인,풍납동,송파구
,잠실아이스페이스,2001,개인,,,"137,000",15,1,2026,중개거래,서울 송파구,84.69,21,11-10,N,,11710,개인,신천동,송파구
,더샵스타리버,2006,개인,,,"228,000",10,1,2026,중개거래,서울 송파구,171.53,15,11-8,N,,11710,개인,신천동,송파구
,우방아파트,2002,개인,,,"69,600",17,1,2026,중개거래,서울 송파구,55.32,1,576,N,,11710,개인,마천동,송파구
,미성,1985,개인,,,"174,000",10,1,2026,중개거래,서울 송파구,116.965,11,219,N,,11710,개인,풍납동,송파구
,잠실한솔,2000,개인,,,"170,000",17,1,2026,중개거래,서울 송파구,84.87,1,285,N,,11710,개인,석촌동,송파구
,거여1단지,1997,개인,,,"76,800",17,1,2026,중개거래,서울 송파구,39.6,4,290,N,,11710,개인,거여동,송파구
,거여1단지,1997,개인,,,"79,700",17,1,2026,중개거래,서울 송파구,39.6,11,290,N,,11710,개인,거여동,송파구
,가락(1차)쌍용아파트,1997,개인,,,"183,000",17,1,2026,중개거래,서울 송파구,59.92,3,140,N,,11710,개인,가락동,송파구
,씨티극동1,1998,개인,,,"114,500",8,1,2026,중개거래,서울 송파구,59.95,5,509,N,,11710,개인,풍납동,송파구
,파크하비오,2016,개인,,,"191,500",9,1,2026,중개거래,서울 송파구,84.9072,4,618,N,,11710,개인,문정동,송파구
,트리지움,2007,개인,,,"328,000",16,1,2026,중개거래,서울 송파구,84.95,15,35,N,,11710,개인,잠실동,송파구
,보화2차,1988,개인,,,"100,000",16,1,2026,중개거래,서울 송파구,40.38,6,258-7,N,,11710,개인,거여동,송파구
109,한강극동,1995,개인,,,"122,000",13,1,2026,중개거래,서울 송파구,59.26,2,508,N,26.02.06,11710,개인,풍납동,송파구
,송파파인타운13단지,2011,개인,,,"198,000",15,1,2026,중개거래,서울 송파구,84.85,7,857,N,,11710,개인,장지동,송파구
,문정시영,1989,개인,,,"93,000",16,1,2026,중개거래,서울 송파구,39.69,11,145,N,,11710,개인,문정동,송파구
,송파더플래티넘,2024,개인,,,"138,000",15,1,2026,중개거래,"서울 강남구, 서울 송파구",65.33,3,67,N,,11710,법인,오금동,송파구
,송파파인타운9단지,2007,개인,,,"164,000",3,1,2026,중개거래,서울 송파구,59.95,15,843,N,,11710,개인,장지동,송파구
,신동아파밀리에,1993,개인,,,"70,000",5,1,2026,중개거래,서울 송파구,59.36,8,220-2,N,,11710,개인,풍납동,송파구
,리센츠,2008,개인,,,"154,000",16,1,2026,중개거래,서울 송파구,27.68,14,22,N,,11710,개인,잠실동,송파구
104,위례신도시송파푸르지오,2015,개인,,,"200,000",15,1,2026,중개거래,서울 송파구,112.1156,22,878,N,26.02.05,11710,개인,장지동,송파구
,상아2차아파트,1988,개인,,,"132,000",15,1,2026,중개거래,서울 송파구,60.0,9,165,N,,11710,개인,오금동,송파구
,헬리오시티,2018,개인,,,"182,500",3,1,2026,중개거래,"서울 송파구, 서울 영등포구",39.1,21,913,N,,11710,개인,가락동,송파구
,송파더센트레,2013,개인,,,"144,000",9,1,2026,중개거래,서울 송파구,51.77,4,879,N,,11710,개인,장지동,송파구
,하이파크아파트,2016,개인,,,"75,000",9,1,2026,중개거래,서울 송파구,51.2,8,38-12,N,,11710,개인,삼전동,송파구
,마천금호어울림1차아파트,2002,개인,,,"99,500",13,1,2026,중개거래,서울 송파구,81.18,3,575,N,,11710,개인,마천동,송파구
,올림픽훼밀리타운,1988,개인,,,"278,000",14,1,2026,중개거래,서울 송파구,84.751,10,150,N,,11710,개인,문정동,송파구
,위례중앙푸르지오1단지,2016,개인,,,"234,000",10,1,2026,중개거래,서울 송파구,110.2718,9,897,N,,11710,개인,장지동,송파구
2,대림,1988,개인,,,"170,000",15,1,2026,중개거래,서울 송파구,84.91,6,2,N,26.01.30,11710,개인,오금동,송파구
,잠실엘스,2008,개인,,,"309,500",10,1,2026,중개거래,서울 송파구,59.96,11,19,N,,11710,개인,잠실동,송파구
,파크리오,2008,개인,,,"275,000",7,1,2026,중개거래,서울 송파구,59.86,21,17,N,,11710,개인,신천동,송파구
,파크리오,2008,개인,,,"280,000",14,1,2026,중개거래,서울 송파구,59.95,11,17,N,,11710,개인,신천동,송파구
,대림,1988,개인,,,"172,500",9,1,2026,중개거래,서울 송파구,120.96,11,70-19,N,,11710,개인,가락동,송파구
,송파파인타운5단지,2008,개인,,,"174,000",14,1,2026,중개거래,서울 송파구,84.98,6,845,N,,11710,개인,장지동,송파구
,송파더센트레,2013,개인,,,"147,000",14,1,2026,중개거래,서울 송파구,51.82,7,879,N,,11710,개인,장지동,송파구
,거여1단지,1997,개인,,,"101,000",12,1,2026,중개거래,서울 송파구,49.8,3,290,N,,11710,개인,거여동,송파구
,상아2차아파트,1988,개인,,,"134,400",13,1,2026,중개거래,서울 송파구,50.72,5,165,N,,11710,개인,오금동,송파구
,올림픽훼밀리타운,1988,개인,,,"309,500",14,1,2026,중개거래,서울 송파구,136.325,5,150,N,,11710,개인,문정동,송파구
,세양청마루,2004,개인,,,"94,000",14,1,2026,중개거래,서울 송파구,59.91,3,146,N,,11710,개인,문정동,송파구
,다성파크뷰,2002,개인,,,"85,000",13,1,2026,중개거래,서울 송파구,71.63,9,26-3,N,,11710,개인,오금동,송파구
,가락금호아파트,1997,개인,,,"176,000",14,1,2026,중개거래,서울 송파구,59.91,20,95-1,N,,11710,개인,가락동,송파구
,거여5단지,1997,개인,,,"105,000",12,1,2026,중개거래,서울 송파구,59.74,5,294,N,,11710,개인,거여동,송파구
,현대1차,1992,개인,,,"120,000",10,1,2026,중개거래,서울 송파구,74.83,2,362,N,,11710,개인,거여동,송파구
,상아2차아파트,1988,개인,,,"145,000",8,1,2026,중개거래,서울 송파구,60.0,11,165,N,,11710,개인,오금동,송파구
,헬리오시티,2018,개인,,,"275,000",10,1,2026,중개거래,서울 송파구,84.99,1,913,N,,11710,개인,가락동,송파구
,올림픽선수기자촌3단지,1988,개인,,,"314,000",13,1,2026,중개거래,서울 송파구,83.06,6,89,N,,11710,개인,방이동,송파구
,거여1단지,1997,개인,,,"77,500",11,1,2026,중개거래,서울 송파구,39.6,8,290,N,,11710,개인,거여동,송파구
,거여4단지,1997,개인,,,"105,000",13,1,2026,중개거래,서울 송파구,49.8,1,293,N,,11710,개인,거여동,송파구
,현대2,1995,개인,,,"72,000",13,1,2026,중개거래,서울 송파구,55.26,10,58,N,,11710,개인,문정동,송파구
,한양아파트,1983,개인,,,"209,000",13,1,2026,중개거래,서울 송파구,64.26,12,119,N,,11710,개인,송파동,송파구
,거여5단지,1997,개인,,,"103,000",10,1,2026,중개거래,서울 송파구,59.74,6,294,N,,11710,개인,거여동,송파구
,현대2차,1992,개인,,,"108,000",3,1,2026,중개거래,"서울 강남구, 서울 송파구",82.96,7,44,N,,11710,개인,거여동,송파구
,현대1,1995,개인,,,"167,000",12,1,2026,중개거래,서울 송파구,83.02,1,413-1,N,,11710,개인,풍납동,송파구
,현대3차,1993,개인,,,"113,000",13,1,2026,중개거래,서울 송파구,84.83,5,46,N,,11710,개인,거여동,송파구
,위례중앙푸르지오2단지,2016,개인,,,"235,000",9,1,2026,중개거래,서울 송파구,106.0557,14,896,N,,11710,개인,장지동,송파구
,한신잠실코아,1988,개인,,,"135,000",8,1,2026,중개거래,서울 송파구,41.99,10,11-9,N,,11710,개인,신천동,송파구
,삼성,1989,개인,,,"114,500",3,1,2026,중개거래,서울 송파구,73.59,1,160,N,,11710,개인,오금동,송파구
,트리지움,2007,개인,,,"317,000",13,1,2026,중개거래,서울 송파구,84.97,31,35,N,,11710,개인,잠실동,송파구
,잠실엘스,2008,개인,,,"335,000",10,1,2026,중개거래,서울 송파구,84.8,12,19,N,,11710,개인,잠실동,송파구
1,삼환,1984,개인,,,"225,000",13,1,2026,중개거래,"서울 강남구, 서울 송파구",121.04,10,176,N,26.01.14,11710,개인,가락동,송파구
,파크하비오,2016,개인,,,"183,500",12,1,2026,중개거래,서울 송파구,84.9942,2,618,N,,11710,개인,문정동,송파구
,극동,1987,개인,,,"125,000",5,1,2026,중개거래,서울 송파구,59.975,3,391,N,,11710,개인,풍납동,송파구
,동아한가람1,1995,개인,,,"134,500",10,1,2026,중개거래,서울 용산구,84.38,14,506,N,,11710,개인,풍납동,송파구
,송파파밀리에더퍼스트,2023,개인,,,"140,000",10,1,2026,중개거래,"서울 송파구, 서울 은평구",70.0828,2,245,N,,11710,개인,송파동,송파구
,미성,1985,개인,26.01.13,O,"174,000",10,1,2026,중개거래,서울 송파구,116.965,11,219,N,,11710,개인,풍납동,송파구
,씨티극동1,1998,개인,,,"142,500",7,1,2026,중개거래,서울 송파구,84.22,11,509,N,,11710,개인,풍납동,송파구
,올림픽선수기자촌1단지,1988,개인,,,"305,000",9,1,2026,중개거래,서울 송파구,83.06,11,89,N,,11710,개인,방이동,송파구
,송파시그니처롯데캐슬,2021,개인,,,"179,500",12,1,2026,중개거래,"서울 강남구, 서울 송파구",59.98,22,697,N,,11710,개인,거여동,송파구
,파크리오,2008,개인,,,"285,000",12,1,2026,중개거래,서울 송파구,84.79,26,17,N,,11710,개인,신천동,송파구
,토성현대,1986,개인,,,"63,800",9,1,2026,중개거래,서울 송파구,49.14,4,251-2,N,,11710,개인,풍납동,송파구
,송파레미니스,2017,개인,,,"153,000",12,1,2026,중개거래,"서울 강남구, 서울 송파구",59.85,4,616,N,,11710,개인,오금동,송파구
,파크하비오,2016,개인,,,"199,000",11,1,2026,중개거래,서울 송파구,116.1338,2,618,N,,11710,개인,문정동,송파구
,거여1단지,1997,개인,,,"78,000",11,1,2026,중개거래,서울 송파구,39.6,7,290,N,,11710,개인,거여동,송파구
,올림픽훼밀리타운,1988,개인,,,"303,000",10,1,2026,중개거래,"서울 서초구, 서울 송파구",117.585,5,150,N,,11710,개인,문정동,송파구
,문정시영,1989,개인,,,"102,000",8,1,2026,중개거래,서울 송파구,46.26,9,145,N,,11710,개인,문정동,송파구
,래미안파크팰리스,2007,개인,,,"235,000",10,1,2026,중개거래,서울 송파구,84.936,15,165,N,,11710,개인,가락동,송파구
,송파레이크파크호반써밋Ⅰ,2022,개인,,,"201,000",10,1,2026,중개거래,서울 송파구,108.8119,19,597,N,,11710,개인,거여동,송파구
,대림,1988,개인,,,"149,000",10,1,2026,중개거래,서울 송파구,68.78,7,70-19,N,,11710,개인,가락동,송파구
,리센츠,2008,개인,,,"350,000",9,1,2026,중개거래,서울 송파구,84.99,5,22,N,,11710,개인,잠실동,송파구
,파크리오,2008,개인,,,"290,000",9,1,2026,중개거래,"서울 마포구, 서울 송파구",84.79,7,17,N,,11710,개인,신천동,송파구
,현대3차,1993,개인,,,"120,000",10,1,2026,중개거래,서울 송파구,84.94,14,46,N,,11710,개인,거여동,송파구
,파크리오,2008,개인,,,"303,800",7,1,2026,중개거래,서울 송파구,84.9,35,17,N,,11710,개인,신천동,송파구
,상아2차아파트,1988,개인,,,"170,000",7,1,2026,중개거래,서울 송파구,84.98,6,165,N,,11710,개인,오금동,송파구
106,잠실올림픽공원아이파크,2019,개인,,,"230,000",9,1,2026,중개거래,"서울 서초구, 서울 송파구",75.99,6,514,N,26.01.21,11710,개인,풍납동,송파구
,거여4단지,1997,개인,,,"80,000",9,1,2026,중개거래,서울 송파구,39.6,11,293,N,,11710,개인,거여동,송파구
,잠실엘스,2008,개인,,,"348,000",3,1,2026,중개거래,서울 송파구,84.8,9,19,N,,11710,개인,잠실동,송파구
,송파파인타운13단지,2011,개인,,,"179,000",8,1,2026,중개거래,서울 송파구,84.9,4,857,N,,11710,개인,장지동,송파구
,위례24단지(꿈에그린),2013,개인,,,"166,000",8,1,2026,중개거래,서울 송파구,59.63,2,901,N,,11710,개인,장지동,송파구
,호수임광,1995,개인,,,"148,000",5,1,2026,중개거래,서울 송파구,84.87,7,33,N,,11710,개인,송파동,송파구
,송파파크데일1단지,2011,개인,,,"148,500",8,1,2026,중개거래,서울 송파구,114.84,2,582,N,,11710,개인,마천동,송파구
,잠실엘스,2008,개인,,,"330,000",7,1,2026,중개거래,"서울 송파구, 서울 영등포구",84.97,6,19,N,,11710,개인,잠실동,송파구
,문정래미안,2004,개인,,,"198,500",8,1,2026,중개거래,서울 송파구,84.96,18,1,N,,11710,개인,문정동,송파구
,동아한가람1,1995,개인,,,"114,000",7,1,2026,중개거래,"경기 하남시, 서울 송파구",84.38,16,506,N,,11710,개인,풍납동,송파구
,잠실엘스,2008,개인,,,"460,000",26,1,2026,중개거래,서울 송파구,119.93,26,19,N,,11710,개인,잠실동,송파구
,가락(1차)쌍용아파트,1997,개인,,,"185,000",7,1,2026,중개거래,서울 송파구,59.92,8,140,N,,11710,개인,가락동,송파구
,송파레이크파크호반써밋Ⅰ,2022,개인,,,"187,000",7,1,2026,중개거래,서울 송파구,108.8119,3,597,N,,11710,개인,거여동,송파구
,레이크팰리스,2006,개인,,,"400,000",7,1,2026,중개거래,서울 송파구,136.74,22,44,N,,11710,개인,잠실동,송파구
,트리지움,2007,개인,,,"310,000",6,1,2026,중개거래,서울 송파구,84.97,24,35,N,,11710,개인,잠실동,송파구
,트리지움,2007,개인,,,"321,000",5,1,2026,중개거래,서울 송파구,84.83,17,35,N,,11710,개인,잠실동,송파구
,e편한세상송파파크센트럴,2021,개인,,,"191,500",6,1,2026,중개거래,서울 송파구,84.96,24,696,N,,11710,개인,거여동,송파구
,올림픽선수기자촌2단지,1988,개인,,,"330,000",5,1,2026,중개거래,"서울 강동구, 서울 송파구",100.31,13,89,N,,11710,개인,방이동,송파구
,가락미륭아파트,1986,개인,,,"190,000",5,1,2026,중개거래,서울 송파구,83.58,5,138,N,,11710,개인,가락동,송파구
,파크리오,2008,개인,,,"270,000",3,1,2026,중개거래,서울 송파구,59.64,3,17,N,,11710,개인,신천동,송파구
,래미안송파파인탑,2012,개인,,,"210,000",5,1,2026,중개거래,서울 송파구,64.66,1,243,N,,11710,개인,송파동,송파구
,쌍용,1994,개인,,,"120,000",5,1,2026,중개거래,서울 송파구,84.86,6,401-1,N,,11710,개인,풍납동,송파구
,현대리버빌2지구,1999,개인,,,"64,000",5,1,2026,중개거래,서울 송파구,40.95,10,261,N,,11710,개인,풍납동,송파구
,거여5단지,1997,개인,,,"83,000",5,1,2026,중개거래,서울 송파구,59.74,11,294,N,,11710,개인,거여동,송파구
,송파파인타운12단지,2011,개인,,,"190,000",5,1,2026,중개거래,"서울 강남구, 서울 송파구",84.9,15,855,N,,11710,개인,장지동,송파구
,트리지움,2007,개인,,,"317,000",5,1,2026,중개거래,서울 송파구,84.95,15,35,N,,11710,개인,잠실동,송파구
,올림픽선수기자촌2단지,1988,개인,,,"330,000",5,1,2026,중개거래,서울 송파구,100.82,9,89,N,,11710,개인,방이동,송파구
,한빛웰리스,1996,개인,,,"185,000",5,1,2026,중개거래,서울 송파구,146.74,15,7-17,N,,11710,개인,신천동,송파구
,테라펠리체송파,2021,개인,,,"65,800",5,1,2026,중개거래,서울 송파구,33.9472,14,166-6,N,,11710,법인,가락동,송파구
,송파파인타운5단지,2008,개인,,,"178,000",3,1,2026,중개거래,서울 송파구,84.93,10,845,N,,11710,개인,장지동,송파구
,리센츠,2008,개인,,,"140,000",5,1,2026,중개거래,서울 송파구,27.68,2,22,N,,11710,개인,잠실동,송파구
,송파시그니처롯데캐슬,2021,개인,,,"178,000",5,1,2026,중개거래,서울 송파구,59.98,24,697,N,,11710,개인,거여동,송파구
,올림픽선수기자촌1단지,1988,개인,,,"330,000",3,1,2026,중개거래,서울 송파구,100.82,10,89,N,,11710,개인,방이동,송파구
,상아2차아파트,1988,개인,,,"120,000",4,1,2026,중개거래,서울 송파구,45.77,6,165,N,,11710,개인,오금동,송파구
,건영1,1996,개인,,,"172,000",3,1,2026,중개거래,서울 송파구,84.39,5,72-3,N,,11710,개인,문정동,송파구
,래미안송파파인탑,2012,개인,,,"250,000",3,1,2026,중개거래,서울 송파구,87.05,17,243,N,,11710,개인,송파동,송파구
,대림,1988,개인,,,"130,000",3,1,2026,중개거래,서울 송파구,59.24,11,70-19,N,,11710,개인,가락동,송파구
,문정래미안,2004,개인,,,"220,000",3,1,2026,중개거래,서울 송파구,133.29,10,1,N,,11710,개인,문정동,송파구
,미랜드퀸,2008,개인,,,"81,000",3,1,2026,중개거래,서울 송파구,84.89,5,254,N,,11710,개인,풍납동,송파구
,동아한가람1,1995,개인,,,"165,000",14,2,2026,중개거래,서울 송파구,84.38,9,506,N,,11710,개인,풍납동,송파구
,신동아파밀리에,1993,개인,,,"105,000",13,2,2026,중개거래,서울 송파구,84.63,5,220-2,N,,11710,개인,풍납동,송파구
,한두리,2004,개인,,,"49,500",14,2,2026,중개거래,서울 송파구,68.7,3,114-29,N,,11710,개인,오금동,송파구
,파크리오,2008,개인,,,"298,000",12,2,2026,중개거래,"경기 하남시, 서울 송파구",84.9,29,17,N,,11710,개인,신천동,송파구
,르네상스빌,2002,개인,,,"180,000",7,2,2026,중개거래,서울 송파구,179.66,9,45,N,,11710,개인,오금동,송파구
,동아한가람1,1995,개인,26.02.19,O,"165,000",14,2,2026,중개거래,서울 송파구,84.38,9,506,N,,11710,개인,풍납동,송파구
,송파시그니처롯데캐슬,2021,개인,,,"223,000",13,2,2026,중개거래,서울 송파구,84.98,25,697,N,,11710,개인,거여동,송파구
,송파시그니처롯데캐슬,2021,개인,,,"207,500",14,2,2026,중개거래,"서울 송파구, 인천 연수구",84.98,17,697,N,,11710,개인,거여동,송파구
,리센츠,2008,개인,,,"310,000",14,2,2026,중개거래,서울 송파구,59.99,15,22,N,,11710,개인,잠실동,송파구
,현대1차,1992,개인,,,"145,000",4,2,2026,직거래,,84.64,11,362,N,,11710,개인,거여동,송파구
,헬리오시티,2018,개인,,,"238,200",12,2,2026,중개거래,서울 송파구,84.99,9,913,N,,11710,개인,가락동,송파구
,거여2단지효성아파트,1997,개인,,,"198,000",11,2,2026,중개거래,"서울 강남구, 서울 송파구",134.88,6,291,N,,11710,개인,거여동,송파구
,송파레이크파크호반써밋Ⅰ,2022,개인,,,"208,000",12,2,2026,중개거래,서울 송파구,108.8119,13,597,N,,11710,개인,거여동,송파구
,대림,1985,개인,,,"265,000",9,2,2026,중개거래,서울 송파구,125.075,5,217,N,,11710,개인,방이동,송파구
,거여1단지,1997,개인,,,"80,000",6,2,2026,중개거래,서울 송파구,39.6,2,290,N,,11710,개인,거여동,송파구
,문정시영,1989,개인,,,"98,400",7,2,2026,중개거래,서울 송파구,39.69,9,145,N,,11710,개인,문정동,송파구
,문정가락현대1차,1984,개인,,,"199,000",2,2,2026,중개거래,"서울 서초구, 서울 송파구",84.98,4,3,N,,11710,개인,문정동,송파구
,장미2,1979,개인,,,"380,000",11,2,2026,중개거래,서울 송파구,120.0,9,11,N,,11710,개인,신천동,송파구
,테라펠리체송파,2021,개인,,,"82,000",11,2,2026,중개거래,서울 송파구,44.0351,8,166-6,N,,11710,법인,가락동,송파구
,대림,1988,개인,,,"250,000",7,2,2026,중개거래,서울 송파구,125.79,6,2,N,,11710,개인,오금동,송파구
,파크리오,2008,개인,,,"372,000",5,2,2026,중개거래,서울 송파구,121.63,17,17,N,,11710,개인,신천동,송파구
,거여4단지,1997,개인,,,"126,000",9,2,2026,중개거래,서울 송파구,59.73,10,293,N,,11710,개인,거여동,송파구
,주공아파트 5단지,1978,개인,,,"424,700",7,2,2026,중개거래,"서울 서초구, 서울 송파구",76.5,4,27,N,,11710,개인,잠실동,송파구
,주성파크빌,2002,개인,,,"64,000",6,2,2026,중개거래,서울 송파구,67.03,5,169-13,N,,11710,개인,가락동,송파구
,현대2차,1992,개인,,,"131,000",4,2,2026,중개거래,서울 송파구,82.96,12,44,N,,11710,개인,거여동,송파구
,송파파밀리에더퍼스트,2023,개인,,,"150,000",3,2,2026,중개거래,서울 송파구,59.935,5,245,N,,11710,개인,송파동,송파구
,대림,1985,개인,,,"249,300",7,2,2026,중개거래,"서울 성동구, 서울 송파구",84.915,15,217,N,,11710,개인,방이동,송파구
314,헬리오시티,2018,개인,,,"450,000",9,2,2026,중개거래,서울 송파구,150.09,29,913,N,26.02.11,11710,개인,가락동,송파구
,미성,1985,개인,,,"173,000",6,2,2026,중개거래,서울 송파구,116.97,7,219,N,,11710,개인,풍납동,송파구
,대림,1985,개인,26.02.12,O,"265,000",9,2,2026,중개거래,서울 송파구,125.075,5,217,N,,11710,개인,방이동,송파구
,트윈레이크팰리스빌,2018,개인,,,"36,500",7,2,2026,중개거래,서울 송파구,28.11,5,58-15,N,,11710,개인,송파동,송파구
,동아한가람1,1995,개인,,,"149,900",9,2,2026,중개거래,"경기 하남시, 서울 송파구",84.38,9,506,N,,11710,개인,풍납동,송파구
5,우성,1986,개인,,,"211,000",9,2,2026,중개거래,서울 송파구,109.25,15,96-1,N,26.02.10,11710,개인,가락동,송파구
,현대리버빌2지구,1999,개인,,,"149,500",8,2,2026,중개거래,서울 송파구,84.97,8,261,N,,11710,개인,풍납동,송파구
,문정시영,1989,개인,,,"103,000",7,2,2026,중개거래,서울 송파구,39.69,10,145,N,,11710,개인,문정동,송파구
,잠실더샵스타파크,2008,개인,,,"283,000",3,2,2026,중개거래,서울 송파구,173.17,28,7-14,N,,11710,개인,신천동,송파구
,미켈란호수가,2007,개인,,,"215,000",7,2,2026,중개거래,서울 송파구,129.45,15,158-5,N,,11710,개인,석촌동,송파구
,문정시영,1989,개인,,,"80,000",4,2,2026,중개거래,서울 송파구,35.46,11,145,N,,11710,개인,문정동,송파구
,대림,1985,개인,,,"248,000",5,2,2026,중개거래,서울 송파구,84.915,7,217,N,,11710,개인,방이동,송파구
,현대백조,1997,개인,,,"149,500",1,2,2026,중개거래,"서울 서초구, 서울 송파구",84.92,7,11,N,,11710,개인,오금동,송파구
,e편한세상송파파크센트럴,2021,개인,,,"180,000",4,2,2026,중개거래,서울 송파구,59.96,23,696,N,,11710,개인,거여동,송파구
,송파시그니처롯데캐슬,2021,개인,,,"212,500",7,2,2026,중개거래,서울 송파구,84.98,22,697,N,,11710,개인,거여동,송파구
,선경쉐르빌(106-23),2002,개인,,,"73,000",7,2,2026,중개거래,서울 송파구,76.47,7,106-23,N,,11710,개인,문정동,송파구
,리센츠,2008,개인,,,"158,000",7,2,2026,중개거래,서울 송파구,27.68,15,22,N,,11710,개인,잠실동,송파구
,송파위례리슈빌,2021,개인,,,"215,000",4,2,2026,중개거래,서울 송파구,105.4624,9,654,N,,11710,개인,거여동,송파구
,한강극동,1995,개인,,,"167,000",6,2,2026,중개거래,서울 송파구,114.76,5,508,N,,11710,개인,풍납동,송파구
,쌍용스윗닷홈(105동),2005,개인,,,"162,000",4,2,2026,중개거래,서울 송파구,122.43,3,51-1,N,,11710,개인,가락동,송파구
,가락현대투웰브(101동),2005,개인,,,"120,000",5,2,2026,중개거래,서울 송파구,105.02,7,198-9,N,,11710,개인,가락동,송파구
,현대리버빌2지구,1999,개인,,,"67,500",3,2,2026,중개거래,서울 송파구,40.95,17,261,N,,11710,개인,풍납동,송파구
,송파호반베르디움더퍼스트,2018,개인,,,"167,000",3,2,2026,중개거래,서울 송파구,101.4632,19,619,N,,11710,개인,오금동,송파구
,마천금호어울림1차아파트,2002,개인,,,"110,000",2,2,2026,중개거래,"서울 강남구, 서울 송파구",114.81,2,575,N,,11710,개인,마천동,송파구
,이트리움송파(281-4),2024,개인,,,"84,645",5,2,2026,직거래,,84.7,5,281-4,N,,11710,법인,풍납동,송파구
,현대(2-4차),1984,개인,,,"260,000",4,2,2026,중개거래,"서울 서초구, 서울 송파구",84.98,5,43,N,,11710,개인,오금동,송파구
7,우성,1986,개인,,,"159,000",3,2,2026,중개거래,서울 송파구,43.79,9,96-1,N,26.02.06,11710,개인,가락동,송파구
,잠실엘스,2008,개인,,,"345,000",4,2,2026,중개거래,서울 송파구,84.8,6,19,N,,11710,개인,잠실동,송파구
,송파레이크파크호반써밋Ⅱ,2022,개인,,,"226,000",4,2,2026,중개거래,서울 송파구,108.8119,11,607,N,,11710,개인,거여동,송파구
,잠실아이스페이스,2001,개인,,,"120,000",3,2,2026,직거래,,76.55,22,11-10,N,,11710,개인,신천동,송파구
,극동,1987,개인,,,"165,000",1,2,2026,중개거래,서울 송파구,79.945,2,391,N,,11710,개인,풍납동,송파구
,성원,1995,개인,,,"75,000",24,1,2026,중개거래,서울 강동구,77.13,7,613,N,,11740,개인,둔촌동,강동구
,고덕그라시움,2019,개인,,,"249,900",22,1,2026,중개거래,서울 강동구,84.24,2,693,N,,11740,개인,고덕동,강동구
,삼익그린2차,1983,개인,,,"185,000",22,1,2026,중개거래,서울 강동구,66.87,3,15,N,,11740,개인,명일동,강동구
,고덕리엔파크2단지,2011,개인,,,"128,000",12,1,2026,중개거래,서울 강동구,84.98,7,717,N,,11740,개인,강일동,강동구
,선사현대아파트,2000,개인,,,"135,000",20,1,2026,중개거래,서울 강동구,59.64,15,509,N,,11740,개인,암사동,강동구
,고덕주공9,1985,개인,,,"179,000",29,1,2026,중개거래,"서울 강동구, 서울 성북구",83.93,4,257,N,,11740,개인,명일동,강동구
,에스아이팰리스강동센텀I,2023,개인,,,"51,557",25,1,2026,직거래,,33.291,10,388-2,N,,11740,법인,길동,강동구
,강일리버파크7단지,2009,개인,,,"129,500",24,1,2026,중개거래,서울 강동구,84.83,8,686,N,,11740,개인,강일동,강동구
,강일리버파크10단지,2009,개인,,,"130,000",29,1,2026,중개거래,서울 강동구,84.74,12,695,N,,11740,개인,강일동,강동구
,고덕풍경채어바니티,2024,개인,,,"182,000",12,1,2026,중개거래,서울 강동구,84.03,22,BL-3-1,N,,11740,개인,고덕동,강동구
,진넥스빌Ⅲ,2003,개인,,,"71,500",31,1,2026,중개거래,서울 강동구,73.26,4,447-15,N,,11740,개인,천호동,강동구
,올림픽파크한양수자인,2016,개인,,,"164,000",31,1,2026,중개거래,서울 강동구,84.92,8,606,N,,11740,개인,성내동,강동구
,동서울오네뜨,2009,개인,,,"85,000",30,1,2026,중개거래,서울 강동구,84.82,6,339-1,N,,11740,개인,길동,강동구
,유원아파트,1997,개인,,,"77,000",16,1,2026,중개거래,"서울 강동구, 서울 서초구",55.98,7,287-9,N,,11740,개인,천호동,강동구
,고덕아르테온,2020,개인,,,"233,000",10,1,2026,중개거래,서울 강동구,84.97,15,519,N,,11740,개인,상일동,강동구
,둔촌푸르지오,2010,개인,,,"181,000",29,1,2026,중개거래,서울 강동구,113.67,8,630,N,,11740,개인,둔촌동,강동구
,둔촌푸르지오,2010,개인,,,"162,000",28,1,2026,중개거래,서울 강동구,84.92,20,630,N,,11740,개인,둔촌동,강동구
,우성,1985,개인,,,"107,700",19,1,2026,중개거래,서울 강동구,64.53,1,19-1,N,,11740,개인,천호동,강동구
,고덕아르테스미소지움,2022,개인,,,"185,000",13,1,2026,중개거래,"서울 강동구, 서울 광진구",84.96,8,555,N,,11740,개인,상일동,강동구
,에이치비골드빌(103동),2004,개인,,,"79,500",16,1,2026,중개거래,"서울 강동구, 서울 송파구",83.11,6,384-5,N,,11740,개인,길동,강동구
,고덕롯데캐슬베네루체,2019,개인,,,"160,000",31,1,2026,중개거래,서울 강동구,59.981,5,514,N,,11740,개인,상일동,강동구
,고덕풍경채어바니티,2024,개인,,,"174,250",7,1,2026,중개거래,서울 강동구,84.1,12,BL-3-1,N,,11740,개인,고덕동,강동구
,고덕풍경채어바니티,2024,개인,,,"180,000",16,1,2026,중개거래,서울 강동구,84.1,13,BL-3-1,N,,11740,개인,고덕동,강동구
,시앤디아파트,2025,개인,,,"71,700",21,1,2026,중개거래,서울 강동구,54.15,2,360,N,,11740,법인,명일동,강동구
,초원동아,1997,개인,,,"90,000",16,1,2026,중개거래,서울 강동구,84.34,5,621,N,,11740,개인,둔촌동,강동구
,성안마을청구,2002,개인,,,"73,000",31,1,2026,중개거래,서울 강동구,37.8,13,295,N,,11740,개인,성내동,강동구
,삼성광나루,2002,개인,,,"145,000",30,1,2026,중개거래,서울 강동구,114.87,16,508,N,,11740,개인,암사동,강동구
,래미안힐스테이트고덕,2016,개인,,,"220,000",31,1,2026,중개거래,서울 강동구,84.83,3,688,N,,11740,개인,고덕동,강동구
,암사라인,1996,개인,,,"78,500",30,1,2026,중개거래,서울 강동구,84.87,2,442,N,,11740,개인,암사동,강동구
,둔촌푸르지오,2010,개인,,,"138,000",31,1,2026,중개거래,서울 강동구,59.98,13,630,N,,11740,개인,둔촌동,강동구
,삼익그린2차,1983,개인,,,"228,000",31,1,2026,중개거래,"서울 강동구, 서울 강서구",107.555,11,15,N,,11740,개인,명일동,강동구
,성내동삼성아파트,1999,개인,,,"147,000",31,1,2026,중개거래,서울 강동구,84.99,8,590,N,,11740,개인,성내동,강동구
,강동리엔파크14단지,2021,개인,,,"97,000",30,1,2026,중개거래,경기 하남시,59.94,6,28,N,,11740,개인,상일동,강동구
,현대(명일),1988,개인,,,"100,000",30,1,2026,중개거래,서울 강동구,57.09,15,251-1,N,,11740,개인,명일동,강동구
,래미안힐스테이트고덕,2016,개인,,,"208,000",31,1,2026,중개거래,서울 강동구,84.9,19,688,N,,11740,개인,고덕동,강동구
,강동리버스트4단지,2020,개인,,,"101,500",30,1,2026,중개거래,서울 강동구,59.99,6,114,N,,11740,개인,강일동,강동구
,선사현대아파트,2000,개인,,,"180,000",30,1,2026,중개거래,서울 강동구,82.94,23,509,N,,11740,개인,암사동,강동구
,천호동삼성아파트,1997,개인,,,"99,500",31,1,2026,중개거래,서울 강동구,59.86,15,528,N,,11740,개인,천호동,강동구
,프라이어팰리스,2007,개인,,,"174,500",30,1,2026,중개거래,서울 강동구,84.988,8,413,N,,11740,개인,암사동,강동구
,선사현대아파트,2000,개인,,,"138,000",16,1,2026,중개거래,서울 강동구,58.68,18,509,N,,11740,개인,암사동,강동구
,신동아파밀리에,2002,개인,,,"148,000",30,1,2026,중개거래,서울 강동구,103.72,5,555,N,,11740,개인,둔촌동,강동구
,강동헤리티지자이,2024,개인,,,"187,000",29,1,2026,중개거래,서울 강동구,74.974,10,483,N,,11740,개인,길동,강동구
,고덕아르테온,2020,개인,26.02.20,O,"220,000",30,1,2026,중개거래,서울 강동구,84.97,11,519,N,,11740,개인,상일동,강동구
,둔촌푸르지오,2010,개인,,,"157,000",27,1,2026,중개거래,서울 강동구,84.92,4,630,N,,11740,개인,둔촌동,강동구
,강동리엔파크14단지,2021,개인,,,"91,800",30,1,2026,중개거래,"경기 하남시, 서울 강동구",59.94,1,28,N,,11740,개인,상일동,강동구
,삼성광나루,2002,개인,,,"128,000",29,1,2026,중개거래,"서울 강남구, 서울 광진구",59.69,21,508,N,,11740,개인,암사동,강동구
,삼성광나루,2002,개인,,,"143,000",12,1,2026,중개거래,서울 강동구,84.79,20,508,N,,11740,개인,암사동,강동구
,고덕롯데캐슬베네루체,2019,개인,,,"152,500",29,1,2026,중개거래,"서울 강동구, 서울 노원구",59.981,2,514,N,,11740,개인,상일동,강동구
1,우성,1985,개인,,,"82,600",23,1,2026,직거래,,64.53,11,19-1,N,26.01.29,11740,개인,천호동,강동구
,고덕아르테온,2020,개인,,,"225,000",29,1,2026,중개거래,서울 강동구,84.97,11,519,N,,11740,개인,상일동,강동구
,아남1,1996,개인,,,"156,500",10,1,2026,중개거래,서울 강동구,84.91,8,486,N,,11740,개인,고덕동,강동구
,강동역두산위브센티움,2004,개인,,,"73,700",28,1,2026,중개거래,서울 강동구,59.96,7,155-5,N,,11740,개인,천호동,강동구
,동아하이빌아파트,2000,개인,,,"115,000",28,1,2026,중개거래,서울 강동구,114.98,17,217-132,N,,11740,개인,천호동,강동구
,고덕 아이파크,2011,개인,,,"256,000",23,1,2026,중개거래,서울 강동구,145.22,17,499,N,,11740,개인,고덕동,강동구
,래미안힐스테이트고덕,2016,개인,,,"208,000",13,1,2026,중개거래,서울 강동구,84.88,24,688,N,,11740,개인,고덕동,강동구
1,강동렘브란트,2014,개인,,,"10,500",16,1,2026,중개거래,서울 강동구,15.86,6,457-1,N,26.01.29,11740,개인,길동,강동구
,고덕 아이파크,2011,개인,,,"204,000",26,1,2026,중개거래,서울 강동구,84.98,4,499,N,,11740,개인,고덕동,강동구
,삼익가든,1984,개인,,,"169,500",28,1,2026,중개거래,서울 강동구,117.76,6,270,N,,11740,개인,명일동,강동구
,삼익파크맨션,1982,개인,,,"174,000",18,1,2026,중개거래,서울 강동구,151.47,10,53,N,,11740,개인,길동,강동구
,천호동삼성아파트,1997,개인,,,"110,000",24,1,2026,중개거래,서울 강동구,84.97,13,528,N,,11740,개인,천호동,강동구
,주풍그린빌,1996,개인,,,"93,000",20,1,2026,중개거래,서울 강동구,139.61,3,323-1,N,,11740,개인,길동,강동구
,올림픽파크한양수자인,2016,개인,,,"149,000",27,1,2026,중개거래,서울 강동구,59.55,11,606,N,,11740,개인,성내동,강동구
,강일리버파크3단지,2009,개인,,,"126,000",25,1,2026,중개거래,서울 강동구,84.74,9,674,N,,11740,개인,강일동,강동구
,청광플러스원큐브2차,2013,개인,,,"10,200",23,1,2026,중개거래,서울 강동구,14.495,9,457,N,26.01.30,11740,개인,길동,강동구
,동원베네스트,2002,개인,,,"86,000",9,1,2026,중개거래,서울 강동구,84.82,11,670,N,,11740,개인,암사동,강동구
,고덕주공9,1985,개인,,,"179,000",27,1,2026,중개거래,서울 강동구,83.52,11,257,N,,11740,개인,명일동,강동구
,한신아파트,1991,개인,,,"58,000",8,1,2026,중개거래,서울 강동구,58.08,4,237,N,,11740,개인,천호동,강동구
,대우한강베네시티,2007,개인,,,"106,000",23,1,2026,중개거래,서울 강동구,114.63,11,425-5,N,,11740,개인,천호동,강동구
,청광플러스원큐브2차,2013,개인,26.01.27,O,"10,200",23,1,2026,중개거래,서울 강동구,14.495,9,457,N,,11740,개인,길동,강동구
,삼익그린2차,1983,개인,,,"200,000",26,1,2026,중개거래,서울 강동구,84.755,8,15,N,,11740,개인,명일동,강동구
,고덕센트럴푸르지오,2020,개인,,,"154,000",17,1,2026,중개거래,서울 강동구,59.14,28,210-1,N,,11740,개인,고덕동,강동구
,시앤디아파트,2025,개인,,,"72,500",7,1,2026,중개거래,서울 강동구,54.15,5,360,N,,11740,법인,명일동,강동구
,아남1,1996,개인,,,"150,500",26,1,2026,중개거래,서울 강동구,84.91,17,486,N,,11740,개인,고덕동,강동구
,삼익그린2차,1983,개인,,,"160,000",26,1,2026,중개거래,"서울 강동구, 서울 영등포구",54.81,14,15,N,,11740,개인,명일동,강동구
,천호롯데아파트,1999,개인,,,"78,000",24,1,2026,중개거래,서울 강동구,84.51,5,55-4,N,,11740,개인,천호동,강동구
,백룡도원,2001,개인,,,"76,000",26,1,2026,중개거래,서울 강동구,80.57,2,444,N,,11740,개인,성내동,강동구
,강일리버파크10단지,2009,개인,,,"125,000",21,1,2026,중개거래,서울 강동구,84.74,10,695,N,,11740,개인,강일동,강동구
,래미안강동팰리스,2017,개인,,,"164,000",26,1,2026,중개거래,서울 강동구,84.97,10,571,N,,11740,개인,천호동,강동구
,한강현대,1999,개인,26.02.13,O,"115,500",22,1,2026,중개거래,서울 강동구,84.93,7,442-1,N,,11740,개인,암사동,강동구
,리치,2007,개인,,,"54,000",13,1,2026,중개거래,서울 강동구,74.81,2,513-4,N,,11740,개인,암사동,강동구
,한솔솔파크,2003,개인,,,"89,000",22,1,2026,중개거래,서울 강동구,67.24,1,611,N,,11740,개인,둔촌동,강동구
,현대아파트,1990,개인,,,"81,500",24,1,2026,중개거래,서울 강동구,60.76,1,168-6,N,,11740,개인,천호동,강동구
,고려아파트(C동),2001,개인,,,"61,500",26,1,2026,중개거래,"서울 강동구, 인천 부평구",80.08,1,22-11,N,,11740,개인,천호동,강동구
,프라이어팰리스,2007,개인,,,"172,000",24,1,2026,중개거래,서울 강동구,84.988,18,413,N,,11740,개인,암사동,강동구
,성내2차e-편한세상,2004,개인,,,"109,500",23,1,2026,중개거래,서울 강동구,84.79,10,137,N,,11740,개인,성내동,강동구
,삼익세라믹,1992,개인,,,"82,000",17,1,2026,중개거래,서울 강동구,84.85,3,184,N,,11740,개인,길동,강동구
,고덕그라시움,2019,개인,,,"210,000",24,1,2026,중개거래,서울 강동구,59.785,8,693,N,,11740,개인,고덕동,강동구
,고덕자이,2021,개인,,,"180,000",25,1,2026,중개거래,"서울 강동구, 서울 용산구",59.9398,13,521,N,,11740,개인,상일동,강동구
,신성둔촌미소지움1,1998,개인,,,"119,500",24,1,2026,중개거래,서울 강동구,59.78,3,546,N,,11740,개인,둔촌동,강동구
,고덕리엔파크3단지,2011,개인,,,"129,500",24,1,2026,중개거래,"서울 강남구, 서울 강동구",84.96,8,490,N,,11740,개인,상일동,강동구
,우정에쉐르(102동),2004,개인,,,"64,000",24,1,2026,중개거래,서울 강동구,84.3,10,163-14,N,,11740,개인,천호동,강동구
,성내동삼성아파트,1999,개인,,,"128,000",24,1,2026,중개거래,서울 강동구,59.88,5,590,N,,11740,개인,성내동,강동구
,한신아파트,1991,개인,,,"73,500",24,1,2026,중개거래,서울 강동구,82.08,9,237,N,,11740,개인,천호동,강동구
,롯데캐슬퍼스트,2008,개인,,,"168,000",24,1,2026,중개거래,서울 강동구,59.99,8,414-2,N,,11740,개인,암사동,강동구
,둔촌푸르지오,2010,개인,,,"158,000",23,1,2026,중개거래,서울 강동구,84.9,7,630,N,,11740,개인,둔촌동,강동구
,한건브리앙,2004,개인,,,"69,000",23,1,2026,중개거래,서울 강동구,82.91,7,497-6,N,,11740,개인,암사동,강동구
,성내2차e-편한세상,2004,개인,,,"108,000",3,1,2026,중개거래,서울 강동구,84.79,10,137,N,,11740,개인,성내동,강동구
,삼익파크맨션,1982,개인,,,"132,000",23,1,2026,중개거래,서울 강동구,72.3,4,53,N,,11740,개인,길동,강동구
,율전에버그린아파트,2016,개인,,,"43,500",22,1,2026,중개거래,서울 강동구,43.49,5,394-17,N,,11740,개인,길동,강동구
,선사현대아파트,2000,개인,,,"158,700",10,1,2026,중개거래,서울 강동구,82.94,16,509,N,,11740,개인,암사동,강동구
,롯데캐슬퍼스트,2008,개인,,,"190,000",16,1,2026,중개거래,서울 강동구,84.98,19,414-2,N,,11740,개인,암사동,강동구
,아남1,1996,개인,,,"155,000",23,1,2026,중개거래,"경기 화성시, 서울 강동구",84.91,3,486,N,,11740,개인,고덕동,강동구
8,아남1,1996,개인,,,"80,000",10,1,2026,직거래,,71.2,1,486,N,26.02.03,11740,개인,고덕동,강동구
,한강현대,1999,개인,,,"115,000",22,1,2026,중개거래,서울 강동구,84.93,3,442-1,N,,11740,개인,암사동,강동구
,강동리버스트4단지,2020,개인,,,"84,000",12,1,2026,중개거래,서울 강동구,49.82,3,114,N,,11740,개인,강일동,강동구
,한솔브리즈,2004,개인,,,"67,000",19,1,2026,중개거래,서울 강동구,84.89,10,415-11,N,,11740,개인,길동,강동구
,그란츠리버파크,2025,개인,,,"151,000",22,1,2026,중개거래,서울 강동구,59.8256,16,611,N,,11740,개인,성내동,강동구
,브라운스톤암사아파트,2005,개인,,,"105,000",19,1,2026,중개거래,서울 강동구,84.97,6,288-29,N,,11740,개인,천호동,강동구
,천호태영아파트,1999,개인,,,"121,700",3,1,2026,중개거래,서울 강동구,84.88,17,566,N,,11740,개인,천호동,강동구
,두산위브센티움,2004,개인,,,"15,500",13,1,2026,중개거래,서울 강동구,31.37,6,414,N,26.02.05,11740,개인,천호동,강동구
,고덕센트럴IPARK,2019,개인,,,"182,000",22,1,2026,중개거래,서울 강동구,74.99,16,513,N,,11740,개인,상일동,강동구
,둔촌하이츠,1998,개인,,,"118,500",9,1,2026,중개거래,서울 강동구,84.54,17,545,N,,11740,개인,둔촌동,강동구
,고덕그라시움,2019,개인,26.02.11,O,"249,900",22,1,2026,중개거래,서울 강동구,84.24,2,693,N,,11740,개인,고덕동,강동구
,삼익가든,1984,개인,,,"155,000",22,1,2026,중개거래,서울 강동구,82.45,10,270,N,,11740,개인,명일동,강동구
,삼익파크맨션,1982,개인,,,"128,000",21,1,2026,중개거래,서울 강동구,62.91,4,53,N,,11740,개인,길동,강동구
,고덕주공9,1985,개인,,,"172,500",21,1,2026,중개거래,서울 강동구,83.52,2,257,N,,11740,개인,명일동,강동구
,강동렘브란트,2014,개인,26.01.28,O,"10,500",21,1,2026,중개거래,서울 강동구,15.86,6,457-1,N,,11740,개인,길동,강동구
,둔촌푸르지오,2010,개인,,,"150,000",14,1,2026,중개거래,"서울 강동구, 서울 송파구",84.9,10,630,N,,11740,개인,둔촌동,강동구
,두산위브센티움,2004,개인,,,"15,900",21,1,2026,중개거래,서울 강동구,31.97,4,414,N,26.01.21,11740,개인,천호동,강동구
,롯데캐슬퍼스트,2008,개인,,,"205,000",8,1,2026,중개거래,서울 강동구,111.22,31,414-2,N,,11740,개인,암사동,강동구
,힐데스하임천호아파트,2023,개인,,,"148,000",7,1,2026,중개거래,서울 강동구,84.9627,17,578,N,,11740,개인,천호동,강동구
,우정에쉐르(101동),2004,개인,,,"53,500",20,1,2026,중개거래,서울 강동구,59.88,6,163-34,N,,11740,개인,천호동,강동구
,천호롯데아파트,1999,개인,,,"63,000",10,1,2026,중개거래,서울 강동구,59.99,4,55-4,N,,11740,개인,천호동,강동구
,힐스테이트 강동 리버뷰,2019,개인,,,"170,000",16,1,2026,중개거래,서울 강동구,84.9628,7,675,N,,11740,개인,암사동,강동구
,우성,1985,개인,,,"99,000",9,1,2026,중개거래,서울 강동구,51.44,7,19-1,N,,11740,개인,천호동,강동구
,롯데캐슬퍼스트,2008,개인,,,"189,000",17,1,2026,중개거래,서울 강동구,84.81,16,414-2,N,,11740,개인,암사동,강동구
,롯데캐슬퍼스트,2008,개인,,,"205,000",17,1,2026,중개거래,서울 강동구,112.11,27,414-2,N,,11740,개인,암사동,강동구
,길동우성,1994,개인,,,"65,000",19,1,2026,중개거래,서울 강동구,40.36,4,400,N,,11740,개인,길동,강동구
,삼익가든,1984,개인,,,"139,000",19,1,2026,중개거래,"경기 하남시, 서울 강동구",66.87,2,270,N,,11740,개인,명일동,강동구
,삼익파크맨션,1982,개인,,,"115,000",3,1,2026,중개거래,서울 강동구,63.32,9,53,N,,11740,개인,길동,강동구
,우성(102동),2004,개인,,,"69,000",19,1,2026,중개거래,서울 강동구,81.32,2,386-6,N,,11740,개인,성내동,강동구
,우정아파트,1996,개인,,,"78,000",10,1,2026,중개거래,"서울 강동구, 서울 송파구",84.97,11,46-5,N,,11740,개인,천호동,강동구
,아남1,1996,개인,,,"131,000",12,1,2026,중개거래,"서울 강동구, 서울 송파구",71.2,18,486,N,,11740,개인,고덕동,강동구
,우림루미아트,2003,개인,,,"82,000",14,1,2026,중개거래,서울 강동구,84.07,9,45,N,,11740,개인,길동,강동구
,고덕아르테온,2020,개인,,,"184,000",18,1,2026,중개거래,서울 강동구,59.96,1,519,N,,11740,개인,상일동,강동구
,힐스테이트리슈빌강일,2023,개인,,,"134,500",19,1,2026,중개거래,경기 하남시,84.8935,3,72,N,,11740,개인,강일동,강동구
,동일상가,1999,개인,,,"69,000",8,1,2026,중개거래,서울 강동구,104.82,4,416-11,N,,11740,개인,성내동,강동구
,파크프라자,2003,개인,,,"117,000",8,1,2026,중개거래,서울 강동구,107.17,8,428-2,N,,11740,개인,성내동,강동구
,에스아이팰리스강동센텀I,2023,개인,,,"52,018",16,1,2026,직거래,,33.291,11,388-2,N,,11740,법인,길동,강동구
,다성이즈빌(명일4차),2005,개인,,,"66,000",17,1,2026,중개거래,서울 강동구,84.02,2,348-1,N,,11740,개인,명일동,강동구
,삼익파크맨션,1982,개인,,,"127,000",17,1,2026,중개거래,서울 강동구,79.57,5,53,N,,11740,개인,길동,강동구
,삼익그린2차,1983,개인,,,"139,000",17,1,2026,중개거래,서울 강동구,42.93,10,15,N,,11740,개인,명일동,강동구
,고덕센트럴푸르지오,2020,개인,,,"149,700",17,1,2026,중개거래,서울 강동구,59.14,28,210-1,N,,11740,개인,고덕동,강동구
,힐스테이트리슈빌강일,2023,개인,,,"136,500",17,1,2026,중개거래,"서울 강동구, 서울 송파구",84.8942,2,72,N,,11740,개인,강일동,강동구
,고덕센트럴IPARK,2019,개인,,,"220,000",17,1,2026,중개거래,서울 강동구,102.85,4,513,N,,11740,개인,상일동,강동구
,대은팰리스뷰(102),2007,개인,,,"73,000",17,1,2026,중개거래,"경기 남양주시, 서울 강동구",84.9,6,503-6,N,,11740,개인,암사동,강동구
,롯데캐슬퍼스트,2008,개인,,,"191,000",17,1,2026,중개거래,서울 강동구,102.34,3,414-2,N,,11740,개인,암사동,강동구
,파크프라자,2003,개인,,,"57,000",17,1,2026,중개거래,서울 강동구,58.13,4,428-2,N,,11740,개인,성내동,강동구
,LIGA,2008,개인,,,"84,500",17,1,2026,중개거래,서울 강동구,84.91,9,244-12,N,,11740,개인,성내동,강동구
,경보그레이스힐,2002,개인,,,"79,700",17,1,2026,중개거래,서울 강동구,65.37,13,596,N,,11740,개인,성내동,강동구
,강동리버스트4단지,2020,개인,,,"83,000",17,1,2026,중개거래,"경기 하남시, 서울 강동구",49.82,3,114,N,,11740,개인,강일동,강동구
,삼익가든,1984,개인,,,"140,000",16,1,2026,중개거래,서울 강동구,66.87,6,270,N,,11740,개인,명일동,강동구
,신동아파밀리에,2002,개인,,,"121,000",16,1,2026,중개거래,"서울 강남구, 서울 강동구",59.4,15,555,N,,11740,개인,둔촌동,강동구
,청호뜨레피움퍼스트아파트,2016,개인,,,"68,500",16,1,2026,중개거래,서울 강동구,58.16,9,64,N,,11740,개인,둔촌동,강동구
,우성,1985,개인,,,"120,000",3,1,2026,중개거래,서울 강동구,84.93,8,19-1,N,,11740,개인,천호동,강동구
101,선사현대아파트,2000,개인,,,"145,000",15,1,2026,중개거래,서울 강동구,59.64,19,509,N,26.01.30,11740,개인,암사동,강동구
,우성,1985,개인,,,"121,000",3,1,2026,중개거래,서울 강동구,84.93,6,19-1,N,,11740,개인,천호동,강동구
,우성101동,2004,개인,,,"55,000",15,1,2026,중개거래,서울 강동구,84.98,1,356,N,,11740,개인,명일동,강동구
,지원G델타아파트,2004,개인,,,"65,000",14,1,2026,중개거래,서울 강동구,84.6,5,54-12,N,,11740,개인,천호동,강동구
,둔촌푸르지오,2010,개인,,,"150,000",16,1,2026,중개거래,"경기 부천시 원미구, 서울 강동구",84.92,5,630,N,,11740,개인,둔촌동,강동구
,둔촌푸르지오,2010,개인,,,"158,000",3,1,2026,중개거래,"서울 강동구, 서울 노원구",84.92,17,630,N,,11740,개인,둔촌동,강동구
,초원동아,1997,개인,,,"100,000",15,1,2026,중개거래,"경기 성남시 중원구, 서울 강동구",84.34,15,621,N,,11740,개인,둔촌동,강동구
,광남벨라스613V,2004,개인,,,"65,500",9,1,2026,중개거래,서울 강동구,65.4,13,385-3,N,,11740,개인,길동,강동구
,비앤비(102동),2003,개인,,,"70,000",8,1,2026,중개거래,서울 강동구,84.48,3,386-82,N,,11740,개인,성내동,강동구
,라움(492-45),2006,개인,,,"64,000",15,1,2026,중개거래,서울 강동구,67.64,5,492-45,N,,11740,개인,암사동,강동구
,라움포레,2020,개인,,,"82,900",8,1,2026,중개거래,서울 강동구,58.2,7,607,N,,11740,개인,성내동,강동구
,아이퍼스트빌,2012,개인,,,"15,750",13,1,2026,직거래,,15.94,8,199-18,N,26.01.15,11740,개인,성내동,강동구
,삼성광나루,2002,개인,,,"121,500",14,1,2026,중개거래,"서울 강남구, 서울 강동구",59.69,12,508,N,,11740,개인,암사동,강동구
,삼익그린2차,1983,개인,,,"130,300",10,1,2026,중개거래,서울 강동구,42.93,12,15,N,,11740,개인,명일동,강동구
,선사현대아파트,2000,개인,,,"143,900",10,1,2026,중개거래,서울 강동구,59.64,28,509,N,,11740,개인,암사동,강동구
,강동상떼빌,2007,개인,,,"101,000",15,1,2026,중개거래,서울 강동구,108.17,14,450,N,,11740,개인,천호동,강동구
,롯데캐슬퍼스트,2008,개인,,,"173,000",9,1,2026,중개거래,서울 강동구,59.99,9,414-2,N,,11740,개인,암사동,강동구
,하이브2,2013,개인,,,"15,000",10,1,2026,중개거래,서울 강동구,13.5,11,164-70,N,,11740,개인,천호동,강동구
,아남1,1996,개인,,,"99,500",15,1,2026,중개거래,서울 강동구,50.2,11,486,N,,11740,개인,고덕동,강동구
,암사e편한세상,2005,개인,,,"97,000",13,1,2026,중개거래,서울 강동구,84.98,3,422-26,N,,11740,개인,암사동,강동구
,힐스테이트리슈빌강일,2023,개인,,,"137,500",6,1,2026,중개거래,서울 강동구,84.8935,11,72,N,,11740,개인,강일동,강동구
,한양,1986,개인,,,"184,000",10,1,2026,중개거래,서울 강동구,84.92,9,54,N,,11740,개인,명일동,강동구
,동아,1992,개인,,,"68,500",14,1,2026,중개거래,서울 강동구,54.22,8,94-16,N,,11740,개인,둔촌동,강동구
,강동LG자이,2003,개인,,,"170,000",3,1,2026,중개거래,"서울 강남구, 서울 강동구",147.17,9,474,N,,11740,개인,길동,강동구
,고덕숲아이파크,2018,개인,,,"172,500",14,1,2026,중개거래,서울 강동구,84.85,9,515,N,,11740,개인,상일동,강동구
A,광남벨라스643V(50-32),2003,개인,,,"87,500",14,1,2026,중개거래,서울 강동구,126.4,4,50-32,N,26.02.02,11740,개인,천호동,강동구
,삼익그린2차,1983,개인,,,"161,000",14,1,2026,중개거래,서울 강동구,54.81,14,15,N,,11740,개인,명일동,강동구
,삼익가든,1984,개인,,,"143,000",13,1,2026,중개거래,서울 강동구,71.2,2,270,N,,11740,개인,명일동,강동구
,고덕센트럴IPARK,2019,개인,,,"180,000",14,1,2026,중개거래,서울 강동구,74.88,10,513,N,,11740,개인,상일동,강동구
,래미안힐스테이트고덕,2016,개인,,,"244,000",13,1,2026,중개거래,서울 강동구,97.26,7,688,N,,11740,개인,고덕동,강동구
,신성둔촌미소지움2,2000,개인,,,"138,000",13,1,2026,중개거래,서울 강동구,84.78,12,134-10,N,,11740,개인,둔촌동,강동구
,힐스테이트리슈빌강일,2023,개인,,,"130,000",13,1,2026,중개거래,서울 강동구,84.6331,3,72,N,,11740,개인,강일동,강동구
,삼익가든,1984,개인,,,"144,500",12,1,2026,중개거래,서울 강동구,71.2,7,270,N,,11740,개인,명일동,강동구
,금광포란재,2007,개인,,,"113,500",13,1,2026,중개거래,서울 강동구,114.31,4,604,N,,11740,개인,성내동,강동구
,고덕리엔파크3단지,2011,개인,,,"129,300",10,1,2026,중개거래,서울 강동구,84.98,15,490,N,,11740,개인,상일동,강동구
,현대1,1996,개인,,,"87,000",10,1,2026,중개거래,서울 강동구,84.87,1,470,N,,11740,개인,길동,강동구
,에스케이허브진,2004,개인,,,"60,000",10,1,2026,중개거래,서울 강동구,47.36,15,194,N,,11740,개인,성내동,강동구
,두산위브센티움,2004,개인,,,"16,700",9,1,2026,중개거래,서울 강동구,31.37,6,414,N,26.01.15,11740,개인,천호동,강동구
,시앤디아파트,2025,개인,,,"70,000",12,1,2026,중개거래,서울 강동구,54.46,5,360,N,,11740,법인,명일동,강동구
,두산위브센티움,2004,개인,,,"17,000",8,1,2026,중개거래,서울 강동구,31.37,7,414,N,,11740,개인,천호동,강동구
,강동헤리티지자이,2024,개인,,,"170,000",12,1,2026,중개거래,서울 강동구,59.98,4,483,N,,11740,개인,길동,강동구
,래미안강동팰리스,2017,개인,,,"168,000",2,1,2026,직거래,,84.97,14,571,N,,11740,개인,천호동,강동구
,동아코아아파트,1997,개인,,,"86,000",12,1,2026,중개거래,서울 강동구,107.01,9,563,N,26.01.26,11740,개인,천호동,강동구
,강동리버스트4단지,2020,개인,,,"88,200",6,1,2026,중개거래,서울 강동구,49.82,20,114,N,,11740,개인,강일동,강동구
,청광플러스원큐브2차,2013,개인,,,"9,900",2,1,2026,중개거래,서울 강동구,14.495,13,457,N,26.01.15,11740,개인,길동,강동구
,삼익그린2차,1983,개인,,,"185,000",10,1,2026,중개거래,서울 강동구,66.87,2,15,N,,11740,개인,명일동,강동구
,한양,1986,개인,,,"217,000",10,1,2026,중개거래,서울 강동구,106.64,2,54,N,,11740,개인,명일동,강동구
,우정에쉐르(101동),2004,개인,,,"55,000",9,1,2026,중개거래,"서울 강동구, 서울 송파구",59.88,3,163-34,N,,11740,개인,천호동,강동구
,한신아파트,1991,개인,,,"73,500",10,1,2026,중개거래,서울 강동구,82.08,11,237,N,,11740,개인,천호동,강동구
,래미안힐스테이트고덕,2016,개인,,,"200,000",10,1,2026,중개거래,"서울 강동구, 서울 서초구",84.9,9,688,N,,11740,개인,고덕동,강동구
,현대,1987,개인,,,"99,000",8,1,2026,중개거래,"서울 강동구, 서울 송파구",59.36,4,30-2,N,,11740,개인,성내동,강동구
,암사라인,1996,개인,,,"58,000",10,1,2026,중개거래,서울 강동구,59.34,5,442,N,,11740,개인,암사동,강동구
,둔촌하이츠,1998,개인,,,"106,000",10,1,2026,중개거래,서울 강동구,59.79,7,545,N,,11740,개인,둔촌동,강동구
,둔촌하이츠,1998,개인,,,"99,000",10,1,2026,중개거래,서울 강동구,59.79,8,545,N,,11740,개인,둔촌동,강동구
,강일리버파크3단지,2009,개인,,,"118,000",10,1,2026,중개거래,서울 강동구,84.53,7,674,N,,11740,개인,강일동,강동구
,성내동삼성아파트,1999,개인,,,"127,000",4,1,2026,중개거래,서울 송파구,59.88,9,590,N,,11740,개인,성내동,강동구
,에스케이허브진,2004,개인,,,"33,450",9,1,2026,중개거래,서울 강동구,33.71,12,194,N,,11740,개인,성내동,강동구
,신동아,1986,개인,,,"237,500",9,1,2026,중개거래,서울 강동구,127.33,1,44,N,,11740,개인,명일동,강동구
,아남1,1996,개인,,,"133,000",9,1,2026,중개거래,서울 강동구,71.2,11,486,N,,11740,개인,고덕동,강동구
,골드클래스,2022,개인,,,"53,000",8,1,2026,중개거래,서울 강동구,59.14,6,414-5,N,,11740,법인,길동,강동구
,이편한세상강동에코포레,2020,개인,,,"159,700",8,1,2026,중개거래,서울 강동구,84.97,8,477,N,,11740,개인,길동,강동구
,고덕주공9,1985,개인,,,"169,500",8,1,2026,중개거래,서울 강동구,83.52,1,257,N,,11740,개인,명일동,강동구
,골드클래스,2022,개인,,,"53,000",29,1,2026,중개거래,서울 강동구,59.99,6,414-5,N,,11740,법인,길동,강동구
,래미안힐스테이트고덕,2016,개인,,,"187,000",7,1,2026,중개거래,"경기 하남시, 서울 강동구",59.35,10,688,N,,11740,개인,고덕동,강동구
,고덕리엔파크1단지,2011,개인,,,"122,000",7,1,2026,중개거래,"경기 하남시, 서울 강동구",84.98,7,707,N,,11740,개인,강일동,강동구
,선사현대아파트,2000,개인,,,"128,000",7,1,2026,중개거래,"서울 강동구, 서울 송파구",59.64,5,509,N,,11740,개인,암사동,강동구
,브라운스톤암사아파트,2005,개인,,,"112,300",7,1,2026,중개거래,서울 강동구,84.97,12,288-29,N,,11740,개인,천호동,강동구
,라인,1998,개인,,,"90,000",7,1,2026,중개거래,서울 강동구,105.71,17,365-1,N,,11740,개인,길동,강동구
,강일리버파크10단지,2009,개인,,,"140,000",5,1,2026,중개거래,서울 강동구,114.81,15,695,N,,11740,개인,강일동,강동구
,고덕리엔파크3단지,2011,개인,,,"127,500",6,1,2026,중개거래,서울 강동구,84.98,2,490,N,,11740,개인,상일동,강동구
,천호롯데아파트,1999,개인,,,"80,000",5,1,2026,중개거래,서울 강동구,84.51,12,55-4,N,,11740,개인,천호동,강동구
형인허브빌,형인허브빌,2008,개인,,,"64,500",3,1,2026,중개거래,서울 강동구,75.81,4,27-41,N,26.02.02,11740,개인,천호동,강동구
,삼익그린2차,1983,개인,,,"150,000",6,1,2026,중개거래,서울 강동구,54.81,3,15,N,,11740,개인,명일동,강동구
,천호동삼성아파트,1997,개인,,,"87,000",5,1,2026,중개거래,서울 강동구,59.86,1,528,N,,11740,개인,천호동,강동구
,중앙하이츠,1992,개인,,,"123,000",4,1,2026,중개거래,서울 강동구,84.23,6,476,N,,11740,개인,상일동,강동구
106,이편한세상강동에코포레,2020,개인,,,"119,000",3,1,2026,중개거래,서울 강동구,59.97,19,477,N,26.02.03,11740,개인,길동,강동구
,천호2차이룸아파트,2004,개인,,,"73,500",3,1,2026,중개거래,서울 강동구,83.81,4,52-6,N,,11740,개인,천호동,강동구
,삼익가든,1984,개인,,,"139,000",3,1,2026,중개거래,서울 강동구,72.55,6,270,N,,11740,개인,명일동,강동구
111,고덕자이,2021,개인,,,"170,000",3,1,2026,중개거래,서울 강동구,59.9398,22,521,N,26.02.11,11740,개인,상일동,강동구
,신동아파밀리에,2002,개인,,,"115,000",3,1,2026,중개거래,서울 강동구,58.87,5,555,N,,11740,개인,둔촌동,강동구
,선사현대아파트,2000,개인,,,"148,500",3,1,2026,중개거래,서울 강동구,72.85,20,509,N,,11740,개인,암사동,강동구
,삼익가든,1984,개인,,,"140,500",2,1,2026,중개거래,서울 강동구,66.87,8,270,N,,11740,개인,명일동,강동구
,성원아파트,1998,개인,,,"73,000",2,1,2026,중개거래,서울 강동구,83.15,5,564,N,,11740,개인,천호동,강동구
,성내동삼성아파트,1999,개인,,,"78,500",20,2,2026,직거래,,59.88,5,590,N,,11740,개인,성내동,강동구
,성내동삼성아파트,1999,개인,,,"160,000",6,2,2026,중개거래,서울 강동구,84.99,11,590,N,,11740,개인,성내동,강동구
,라인,1998,개인,,,"61,750",13,2,2026,중개거래,서울 강동구,59.94,1,365-1,N,,11740,개인,길동,강동구
,고덕센트럴푸르지오,2020,개인,,,"154,000",13,2,2026,중개거래,서울 강동구,59.14,31,210-1,N,,11740,개인,고덕동,강동구
,고덕센트럴IPARK,2019,개인,,,"105,000",5,2,2026,직거래,,59.97,6,513,N,,11740,개인,상일동,강동구
,길동우성,1994,개인,,,"118,000",13,2,2026,중개거래,서울 강동구,84.75,8,400,N,,11740,개인,길동,강동구
,우성(102동),2004,개인,,,"78,500",12,2,2026,중개거래,"서울 강동구, 서울 성동구",83.99,6,386-6,N,,11740,개인,성내동,강동구
,에스엠이로빌(379-0),2004,개인,,,"59,500",6,2,2026,중개거래,서울 강동구,61.72,9,379,N,,11740,개인,길동,강동구
,오륜하이츠,2002,개인,,,"86,500",2,2,2026,중개거래,서울 강동구,118.77,4,443-24,N,,11740,개인,성내동,강동구
,삼익파크맨션,1982,개인,,,"125,000",11,2,2026,중개거래,서울 강동구,72.3,9,53,N,,11740,개인,길동,강동구
,오륜하이츠,2002,개인,26.02.12,O,"86,500",2,2,2026,중개거래,서울 강동구,118.77,4,443-24,N,,11740,개인,성내동,강동구
,고덕롯데캐슬베네루체,2019,개인,,,"161,000",6,2,2026,중개거래,서울 강동구,59.981,13,514,N,,11740,개인,상일동,강동구
,라움포레,2020,개인,,,"85,000",7,2,2026,중개거래,"서울 강동구, 서울 송파구",59.18,7,607,N,,11740,개인,성내동,강동구
,중앙하이츠,1998,개인,,,"87,000",10,2,2026,중개거래,서울 강동구,84.99,1,305,N,,11740,개인,천호동,강동구
,성내동삼성아파트,1999,개인,,,"133,000",9,2,2026,중개거래,서울 강동구,59.88,16,590,N,,11740,개인,성내동,강동구
,길동우성,1994,개인,,,"70,000",7,2,2026,중개거래,서울 강동구,40.36,8,400,N,,11740,개인,길동,강동구
,씨제이나인,2006,개인,,,"83,000",9,2,2026,중개거래,서울 강동구,83.59,11,164-1,N,,11740,개인,성내동,강동구
,한영해시안아파트,2022,개인,,,"89,000",10,2,2026,중개거래,서울 강동구,64.24,8,552-1,N,,11740,개인,성내동,강동구
,둔촌푸르지오,2010,개인,,,"146,500",7,2,2026,중개거래,"서울 강남구, 서울 강동구",59.98,17,630,N,,11740,개인,둔촌동,강동구
,동구햇살아파트,2002,개인,,,"68,500",7,2,2026,중개거래,서울 강동구,84.82,1,567,N,,11740,개인,천호동,강동구
,천호태영아파트,1999,개인,,,"134,500",8,2,2026,중개거래,서울 강동구,114.83,11,566,N,,11740,개인,천호동,강동구
,이스트드림힐,2003,개인,,,"68,000",4,2,2026,중개거래,서울 강동구,84.92,9,385-4,N,,11740,개인,길동,강동구
,래미안강동팰리스,2017,개인,,,"175,000",8,2,2026,중개거래,서울 강동구,84.97,33,571,N,,11740,개인,천호동,강동구
,강동상떼빌,2007,개인,,,"107,500",7,2,2026,중개거래,서울 강동구,108.17,8,450,N,,11740,개인,천호동,강동구
,강동상떼빌,2007,개인,,,"100,000",7,2,2026,중개거래,서울 강동구,93.79,17,450,N,,11740,개인,천호동,강동구
,강일리버파크3단지,2009,개인,,,"119,300",4,2,2026,중개거래,서울 강동구,59.88,13,674,N,,11740,개인,강일동,강동구
,성안마을청구,2002,개인,,,"96,500",7,2,2026,중개거래,서울 강동구,59.93,13,295,N,,11740,개인,성내동,강동구
,유원아파트,1997,개인,,,"86,000",6,2,2026,중개거래,서울 강동구,84.78,2,287-9,N,,11740,개인,천호동,강동구
,고덕센트럴푸르지오,2020,개인,,,"150,000",7,2,2026,중개거래,"서울 강동구, 서울 중구",59.06,13,210-1,N,,11740,개인,고덕동,강동구
,래미안솔베뉴,2019,개인,,,"217,000",6,2,2026,중개거래,서울 강동구,78.07,15,359,N,,11740,개인,명일동,강동구
,래미안힐스테이트고덕,2016,개인,,,"227,000",7,2,2026,중개거래,"경기 화성동탄구, 서울 강동구",84.88,32,688,N,,11740,개인,고덕동,강동구
,명일지에스아파트,1999,개인,,,"117,000",7,2,2026,중개거래,서울 강동구,84.9,1,332,N,,11740,개인,명일동,강동구
,고덕아르테온,2020,개인,,,"240,000",6,2,2026,중개거래,서울 강동구,84.97,6,519,N,,11740,개인,상일동,강동구
,한강포스파크,2002,개인,,,"116,600",7,2,2026,중개거래,서울 강동구,80.65,10,445,N,,11740,개인,암사동,강동구
,강일리버파크6단지,2009,개인,,,"130,000",6,2,2026,중개거래,"경기 광주시, 서울 강동구",84.74,3,684,N,,11740,개인,강일동,강동구
,고덕아르테온,2020,개인,,,"191,500",6,2,2026,중개거래,서울 강동구,59.98,8,519,N,,11740,개인,상일동,강동구
,현대(명일),1988,개인,,,"100,000",3,2,2026,중개거래,"경기 하남시, 서울 강동구",57.09,6,251-1,N,,11740,개인,명일동,강동구
,래미안솔베뉴,2019,개인,,,"180,000",3,2,2026,중개거래,서울 강동구,59.11,15,359,N,,11740,개인,명일동,강동구
,강일리버파크6단지,2009,개인,,,"130,000",6,2,2026,중개거래,서울 강동구,84.74,9,684,N,,11740,개인,강일동,강동구
,배재현대,1995,개인,,,"175,000",5,2,2026,중개거래,서울 강동구,84.9,18,312,N,,11740,개인,고덕동,강동구
,성내동삼성아파트,1999,개인,,,"150,000",1,2,2026,중개거래,경기 용인시 수지구,84.99,15,590,N,,11740,개인,성내동,강동구
,둔촌푸르지오,2010,개인,,,"164,500",4,2,2026,중개거래,서울 강동구,84.9,16,630,N,,11740,개인,둔촌동,강동구
,성내동삼성아파트,1999,개인,,,"122,000",4,2,2026,직거래,,114.93,9,590,N,,11740,개인,성내동,강동구
,미사아름채아파트,2020,개인,,,"23,000",4,2,2026,중개거래,서울 강동구,12.995,15,452-15,N,26.02.11,11740,개인,천호동,강동구
,강일리버파크10단지,2009,개인,,,"125,000",3,2,2026,중개거래,서울 강동구,84.74,5,695,N,,11740,개인,강일동,강동구
,고덕리엔파크2단지,2011,개인,,,"120,000",1,2,2026,중개거래,서울 강동구,59.72,4,717,N,,11740,개인,강일동,강동구
,고덕주공9,1985,개인,,,"179,000",3,2,2026,중개거래,서울 강동구,83.34,12,257,N,,11740,개인,명일동,강동구
,천호e-편한세상,2005,개인,,,"100,000",2,2,2026,중개거래,서울 강동구,84.95,2,333-55,N,,11740,개인,천호동,강동구
,고덕자이,2021,개인,,,"200,000",3,2,2026,중개거래,서울 강동구,84.9712,14,521,N,,11740,개인,상일동,강동구
,늘푸른아파트,2006,개인,,,"41,000",2,2,2026,중개거래,서울 강동구,57.08,3,52-16,N,,11740,개인,천호동,강동구
,고덕롯데캐슬베네루체,2019,개인,,,"177,500",2,2,2026,중개거래,서울 강동구,84.923,17,514,N,,11740,개인,상일동,강동구
