C1_OBJ_NM,C2_NM,DT,C2,C1,PRD_SE,UNIT_NM_ENG,ITM_ID,TBL_ID,ITM_NM,TBL_NM,PRD_DE,LST_CHN_DE,C1_NM_ENG,C1_NM,UNIT_NM,ITM_NM_ENG,C2_NM_ENG,ORG_ID,C1_OBJ_NM_ENG,C2_OBJ_NM
소득구간별,전국,100,000,0,A,Percent Ten Thousands Won,T10,DT_1NW1027,신혼부부 구성비,신혼부부 특성별 소득(근로·사업소득) 현황,2022,2024-01-08,Total,합계,% 만원,Number of newlyweds,Whole country,101,By income level of wage,신혼부부 특성별
소득구간별,전국,100,000,0,A,Percent Ten Thousands Won,T10,DT_1NW1027,신혼부부 구성비,신혼부부 특성별 소득(근로·사업소득) 현황,2023,2024-12-19,Total,합계,% 만원,Number of newlyweds,Whole country,101,By income level of wage,신혼부부 특성별
소득구간별,전국,100,000,0,A,Percent Ten Thousands Won,T10,DT_1NW1027,신혼부부 구성비,신혼부부 특성별 소득(근로·사업소득) 현황,2024,2025-12-17,Total,합계,% 만원,Number of newlyweds,Whole country,101,By income level of wage,신혼부부 특성별
소득구간별,혼인1년차,100,101,0,A,Percent Ten Thousands Won,T10,DT_1NW1027,신혼부부 구성비,신혼부부 특성별 소득(근로·사업소득) 현황,2022,2024-01-08,Total,합계,% 만원,Number of newlyweds,First year,101,By income level of wage,신혼부부 특성별
소득구간별,혼인1년차,100,101,0,A,Percent Ten Thousands Won,T10,DT_1NW1027,신혼부부 구성비,신혼부부 특성별 소득(근로·사업소득) 현황,2023,2024-12-19,Total,합계,% 만원,Number of newlyweds,First year,101,By income level of wage,신혼부부 특성별
소득구간별,혼인1년차,100,101,0,A,Percent Ten Thousands Won,T10,DT_1NW1027,신혼부부 구성비,신혼부부 특성별 소득(근로·사업소득) 현황,2024,2025-12-17,Total,합계,% 만원,Number of newlyweds,First year,101,By income level of wage,신혼부부 특성별
소득구간별,혼인2년차,100,102,0,A,Percent Ten Thousands Won,T10,DT_1NW1027,신혼부부 구성비,신혼부부 특성별 소득(근로·사업소득) 현황,2022,2024-01-08,Total,합계,% 만원,Number of newlyweds,Second year,101,By income level of wage,신혼부부 특성별
소득구간별,혼인2년차,100,102,0,A,Percent Ten Thousands Won,T10,DT_1NW1027,신혼부부 구성비,신혼부부 특성별 소득(근로·사업소득) 현황,2023,2024-12-19,Total,합계,% 만원,Number of newlyweds,Second year,101,By income level of wage,신혼부부 특성별
소득구간별,혼인2년차,100,102,0,A,Percent Ten Thousands Won,T10,DT_1NW1027,신혼부부 구성비,신혼부부 특성별 소득(근로·사업소득) 현황,2024,2025-12-17,Total,합계,% 만원,Number of newlyweds,Second year,101,By income level of wage,신혼부부 특성별
소득구간별,혼인3년차,100,103,0,A,Percent Ten Thousands Won,T10,DT_1NW1027,신혼부부 구성비,신혼부부 특성별 소득(근로·사업소득) 현황,2022,2024-01-08,Total,합계,% 만원,Number of newlyweds,Third year,101,By income level of wage,신혼부부 특성별
소득구간별,혼인3년차,100,103,0,A,Percent Ten Thousands Won,T10,DT_1NW1027,신혼부부 구성비,신혼부부 특성별 소득(근로·사업소득) 현황,2023,2024-12-19,Total,합계,% 만원,Number of newlyweds,Third year,101,By income level of wage,신혼부부 특성별
소득구간별,혼인3년차,100,103,0,A,Percent Ten Thousands Won,T10,DT_1NW1027,신혼부부 구성비,신혼부부 특성별 소득(근로·사업소득) 현황,2024,2025-12-17,Total,합계,% 만원,Number of newlyweds,Third year,101,By income level of wage,신혼부부 특성별
소득구간별,혼인4년차,100,104,0,A,Percent Ten Thousands Won,T10,DT_1NW1027,신혼부부 구성비,신혼부부 특성별 소득(근로·사업소득) 현황,2022,2024-01-08,Total,합계,% 만원,Number of newlyweds,Fourth year,101,By income level of wage,신혼부부 특성별
소득구간별,혼인4년차,100,104,0,A,Percent Ten Thousands Won,T10,DT_1NW1027,신혼부부 구성비,신혼부부 특성별 소득(근로·사업소득) 현황,2023,2024-12-19,Total,합계,% 만원,Number of newlyweds,Fourth year,101,By income level of wage,신혼부부 특성별
소득구간별,혼인4년차,100,104,0,A,Percent Ten Thousands Won,T10,DT_1NW1027,신혼부부 구성비,신혼부부 특성별 소득(근로·사업소득) 현황,2024,2025-12-17,Total,합계,% 만원,Number of newlyweds,Fourth year,101,By income level of wage,신혼부부 특성별
소득구간별,혼인5년차,100,105,0,A,Percent Ten Thousands Won,T10,DT_1NW1027,신혼부부 구성비,신혼부부 특성별 소득(근로·사업소득) 현황,2022,2024-01-08,Total,합계,% 만원,Number of newlyweds,Fifth year,101,By income level of wage,신혼부부 특성별
소득구간별,혼인5년차,100,105,0,A,Percent Ten Thousands Won,T10,DT_1NW1027,신혼부부 구성비,신혼부부 특성별 소득(근로·사업소득) 현황,2023,2024-12-19,Total,합계,% 만원,Number of newlyweds,Fifth year,101,By income level of wage,신혼부부 특성별
소득구간별,혼인5년차,100,105,0,A,Percent Ten Thousands Won,T10,DT_1NW1027,신혼부부 구성비,신혼부부 특성별 소득(근로·사업소득) 현황,2024,2025-12-17,Total,합계,% 만원,Number of newlyweds,Fifth year,101,By income level of wage,신혼부부 특성별
소득구간별,서울특별시,100,211,0,A,Percent Ten Thousands Won,T10,DT_1NW1027,신혼부부 구성비,신혼부부 특성별 소득(근로·사업소득) 현황,2022,2024-01-08,Total,합계,% 만원,Number of newlyweds,Seoul,101,By income level of wage,신혼부부 특성별
소득구간별,서울특별시,100,211,0,A,Percent Ten Thousands Won,T10,DT_1NW1027,신혼부부 구성비,신혼부부 특성별 소득(근로·사업소득) 현황,2023,2024-12-19,Total,합계,% 만원,Number of newlyweds,Seoul,101,By income level of wage,신혼부부 특성별
소득구간별,서울특별시,100,211,0,A,Percent Ten Thousands Won,T10,DT_1NW1027,신혼부부 구성비,신혼부부 특성별 소득(근로·사업소득) 현황,2024,2025-12-17,Total,합계,% 만원,Number of newlyweds,Seoul,101,By income level of wage,신혼부부 특성별
소득구간별,부산광역시,100,221,0,A,Percent Ten Thousands Won,T10,DT_1NW1027,신혼부부 구성비,신혼부부 특성별 소득(근로·사업소득) 현황,2022,2024-01-08,Total,합계,% 만원,Number of newlyweds,Busan,101,By income level of wage,신혼부부 특성별
소득구간별,부산광역시,100,221,0,A,Percent Ten Thousands Won,T10,DT_1NW1027,신혼부부 구성비,신혼부부 특성별 소득(근로·사업소득) 현황,2023,2024-12-19,Total,합계,% 만원,Number of newlyweds,Busan,101,By income level of wage,신혼부부 특성별
소득구간별,부산광역시,100,221,0,A,Percent Ten Thousands Won,T10,DT_1NW1027,신혼부부 구성비,신혼부부 특성별 소득(근로·사업소득) 현황,2024,2025-12-17,Total,합계,% 만원,Number of newlyweds,Busan,101,By income level of wage,신혼부부 특성별
소득구간별,대구광역시,100,222,0,A,Percent Ten Thousands Won,T10,DT_1NW1027,신혼부부 구성비,신혼부부 특성별 소득(근로·사업소득) 현황,2022,2024-01-08,Total,합계,% 만원,Number of newlyweds,Daegu,101,By income level of wage,신혼부부 특성별
소득구간별,대구광역시,100,222,0,A,Percent Ten Thousands Won,T10,DT_1NW1027,신혼부부 구성비,신혼부부 특성별 소득(근로·사업소득) 현황,2023,2024-12-19,Total,합계,% 만원,Number of newlyweds,Daegu,101,By income level of wage,신혼부부 특성별
소득구간별,대구광역시,100,222,0,A,Percent Ten Thousands Won,T10,DT_1NW1027,신혼부부 구성비,신혼부부 특성별 소득(근로·사업소득) 현황,2024,2025-12-17,Total,합계,% 만원,Number of newlyweds,Daegu,101,By income level of wage,신혼부부 특성별
소득구간별,인천광역시,100,223,0,A,Percent Ten Thousands Won,T10,DT_1NW1027,신혼부부 구성비,신혼부부 특성별 소득(근로·사업소득) 현황,2022,2024-01-08,Total,합계,% 만원,Number of newlyweds,Incheon,101,By income level of wage,신혼부부 특성별
소득구간별,인천광역시,100,223,0,A,Percent Ten Thousands Won,T10,DT_1NW1027,신혼부부 구성비,신혼부부 특성별 소득(근로·사업소득) 현황,2023,2024-12-19,Total,합계,% 만원,Number of newlyweds,Incheon,101,By income level of wage,신혼부부 특성별
소득구간별,인천광역시,100,223,0,A,Percent Ten Thousands Won,T10,DT_1NW1027,신혼부부 구성비,신혼부부 특성별 소득(근로·사업소득) 현황,2024,2025-12-17,Total,합계,% 만원,Number of newlyweds,Incheon,101,By income level of wage,신혼부부 특성별
소득구간별,광주광역시,100,224,0,A,Percent Ten Thousands Won,T10,DT_1NW1027,신혼부부 구성비,신혼부부 특성별 소득(근로·사업소득) 현황,2022,2024-01-08,Total,합계,% 만원,Number of newlyweds,Gwangju,101,By income level of wage,신혼부부 특성별
소득구간별,광주광역시,100,224,0,A,Percent Ten Thousands Won,T10,DT_1NW1027,신혼부부 구성비,신혼부부 특성별 소득(근로·사업소득) 현황,2023,2024-12-19,Total,합계,% 만원,Number of newlyweds,Gwangju,101,By income level of wage,신혼부부 특성별
소득구간별,광주광역시,100,224,0,A,Percent Ten Thousands Won,T10,DT_1NW1027,신혼부부 구성비,신혼부부 특성별 소득(근로·사업소득) 현황,2024,2025-12-17,Total,합계,% 만원,Number of newlyweds,Gwangju,101,By income level of wage,신혼부부 특성별
소득구간별,대전광역시,100,225,0,A,Percent Ten Thousands Won,T10,DT_1NW1027,신혼부부 구성비,신혼부부 특성별 소득(근로·사업소득) 현황,2022,2024-01-08,Total,합계,% 만원,Number of newlyweds,Daejeon,101,By income level of wage,신혼부부 특성별
소득구간별,대전광역시,100,225,0,A,Percent Ten Thousands Won,T10,DT_1NW1027,신혼부부 구성비,신혼부부 특성별 소득(근로·사업소득) 현황,2023,2024-12-19,Total,합계,% 만원,Number of newlyweds,Daejeon,101,By income level of wage,신혼부부 특성별
소득구간별,대전광역시,100,225,0,A,Percent Ten Thousands Won,T10,DT_1NW1027,신혼부부 구성비,신혼부부 특성별 소득(근로·사업소득) 현황,2024,2025-12-17,Total,합계,% 만원,Number of newlyweds,Daejeon,101,By income level of wage,신혼부부 특성별
소득구간별,울산광역시,100,226,0,A,Percent Ten Thousands Won,T10,DT_1NW1027,신혼부부 구성비,신혼부부 특성별 소득(근로·사업소득) 현황,2022,2024-01-08,Total,합계,% 만원,Number of newlyweds,Ulsan,101,By income level of wage,신혼부부 특성별
소득구간별,울산광역시,100,226,0,A,Percent Ten Thousands Won,T10,DT_1NW1027,신혼부부 구성비,신혼부부 특성별 소득(근로·사업소득) 현황,2023,2024-12-19,Total,합계,% 만원,Number of newlyweds,Ulsan,101,By income level of wage,신혼부부 특성별
소득구간별,울산광역시,100,226,0,A,Percent Ten Thousands Won,T10,DT_1NW1027,신혼부부 구성비,신혼부부 특성별 소득(근로·사업소득) 현황,2024,2025-12-17,Total,합계,% 만원,Number of newlyweds,Ulsan,101,By income level of wage,신혼부부 특성별
소득구간별,세종특별자치시,100,229,0,A,Percent Ten Thousands Won,T10,DT_1NW1027,신혼부부 구성비,신혼부부 특성별 소득(근로·사업소득) 현황,2022,2024-01-08,Total,합계,% 만원,Number of newlyweds,Sejong,101,By income level of wage,신혼부부 특성별
소득구간별,세종특별자치시,100,229,0,A,Percent Ten Thousands Won,T10,DT_1NW1027,신혼부부 구성비,신혼부부 특성별 소득(근로·사업소득) 현황,2023,2024-12-19,Total,합계,% 만원,Number of newlyweds,Sejong,101,By income level of wage,신혼부부 특성별
소득구간별,세종특별자치시,100,229,0,A,Percent Ten Thousands Won,T10,DT_1NW1027,신혼부부 구성비,신혼부부 특성별 소득(근로·사업소득) 현황,2024,2025-12-17,Total,합계,% 만원,Number of newlyweds,Sejong,101,By income level of wage,신혼부부 특성별
소득구간별,경기도,100,231,0,A,Percent Ten Thousands Won,T10,DT_1NW1027,신혼부부 구성비,신혼부부 특성별 소득(근로·사업소득) 현황,2022,2024-01-08,Total,합계,% 만원,Number of newlyweds,Gyeonggi-do,101,By income level of wage,신혼부부 특성별
소득구간별,경기도,100,231,0,A,Percent Ten Thousands Won,T10,DT_1NW1027,신혼부부 구성비,신혼부부 특성별 소득(근로·사업소득) 현황,2023,2024-12-19,Total,합계,% 만원,Number of newlyweds,Gyeonggi-do,101,By income level of wage,신혼부부 특성별
소득구간별,경기도,100,231,0,A,Percent Ten Thousands Won,T10,DT_1NW1027,신혼부부 구성비,신혼부부 특성별 소득(근로·사업소득) 현황,2024,2025-12-17,Total,합계,% 만원,Number of newlyweds,Gyeonggi-do,101,By income level of wage,신혼부부 특성별
소득구간별,강원특별자치도,100,232,0,A,Percent Ten Thousands Won,T10,DT_1NW1027,신혼부부 구성비,신혼부부 특성별 소득(근로·사업소득) 현황,2022,2024-01-08,Total,합계,% 만원,Number of newlyweds,Gangwon State,101,By income level of wage,신혼부부 특성별
소득구간별,강원특별자치도,100,232,0,A,Percent Ten Thousands Won,T10,DT_1NW1027,신혼부부 구성비,신혼부부 특성별 소득(근로·사업소득) 현황,2023,2024-12-19,Total,합계,% 만원,Number of newlyweds,Gangwon State,101,By income level of wage,신혼부부 특성별
소득구간별,강원특별자치도,100,232,0,A,Percent Ten Thousands Won,T10,DT_1NW1027,신혼부부 구성비,신혼부부 특성별 소득(근로·사업소득) 현황,2024,2025-12-17,Total,합계,% 만원,Number of newlyweds,Gangwon State,101,By income level of wage,신혼부부 특성별
소득구간별,충청북도,100,233,0,A,Percent Ten Thousands Won,T10,DT_1NW1027,신혼부부 구성비,신혼부부 특성별 소득(근로·사업소득) 현황,2022,2024-01-08,Total,합계,% 만원,Number of newlyweds,Chungcheongbuk-do,101,By income level of wage,신혼부부 특성별
소득구간별,충청북도,100,233,0,A,Percent Ten Thousands Won,T10,DT_1NW1027,신혼부부 구성비,신혼부부 특성별 소득(근로·사업소득) 현황,2023,2024-12-19,Total,합계,% 만원,Number of newlyweds,Chungcheongbuk-do,101,By income level of wage,신혼부부 특성별
소득구간별,충청북도,100,233,0,A,Percent Ten Thousands Won,T10,DT_1NW1027,신혼부부 구성비,신혼부부 특성별 소득(근로·사업소득) 현황,2024,2025-12-17,Total,합계,% 만원,Number of newlyweds,Chungcheongbuk-do,101,By income level of wage,신혼부부 특성별
소득구간별,충청남도,100,234,0,A,Percent Ten Thousands Won,T10,DT_1NW1027,신혼부부 구성비,신혼부부 특성별 소득(근로·사업소득) 현황,2022,2024-01-08,Total,합계,% 만원,Number of newlyweds,Chungcheongnam-do,101,By income level of wage,신혼부부 특성별
소득구간별,충청남도,100,234,0,A,Percent Ten Thousands Won,T10,DT_1NW1027,신혼부부 구성비,신혼부부 특성별 소득(근로·사업소득) 현황,2023,2024-12-19,Total,합계,% 만원,Number of newlyweds,Chungcheongnam-do,101,By income level of wage,신혼부부 특성별
소득구간별,충청남도,100,234,0,A,Percent Ten Thousands Won,T10,DT_1NW1027,신혼부부 구성비,신혼부부 특성별 소득(근로·사업소득) 현황,2024,2025-12-17,Total,합계,% 만원,Number of newlyweds,Chungcheongnam-do,101,By income level of wage,신혼부부 특성별
소득구간별,전북특별자치도,100,235,0,A,Percent Ten Thousands Won,T10,DT_1NW1027,신혼부부 구성비,신혼부부 특성별 소득(근로·사업소득) 현황,2022,2024-01-08,Total,합계,% 만원,Number of newlyweds,Jeonbuk State,101,By income level of wage,신혼부부 특성별
소득구간별,전북특별자치도,100,235,0,A,Percent Ten Thousands Won,T10,DT_1NW1027,신혼부부 구성비,신혼부부 특성별 소득(근로·사업소득) 현황,2023,2024-12-19,Total,합계,% 만원,Number of newlyweds,Jeonbuk State,101,By income level of wage,신혼부부 특성별
소득구간별,전북특별자치도,100,235,0,A,Percent Ten Thousands Won,T10,DT_1NW1027,신혼부부 구성비,신혼부부 특성별 소득(근로·사업소득) 현황,2024,2025-12-17,Total,합계,% 만원,Number of newlyweds,Jeonbuk State,101,By income level of wage,신혼부부 특성별
소득구간별,전라남도,100,236,0,A,Percent Ten Thousands Won,T10,DT_1NW1027,신혼부부 구성비,신혼부부 특성별 소득(근로·사업소득) 현황,2022,2024-01-08,Total,합계,% 만원,Number of newlyweds,Jeollanam-do,101,By income level of wage,신혼부부 특성별
소득구간별,전라남도,100,236,0,A,Percent Ten Thousands Won,T10,DT_1NW1027,신혼부부 구성비,신혼부부 특성별 소득(근로·사업소득) 현황,2023,2024-12-19,Total,합계,% 만원,Number of newlyweds,Jeollanam-do,101,By income level of wage,신혼부부 특성별
소득구간별,전라남도,100,236,0,A,Percent Ten Thousands Won,T10,DT_1NW1027,신혼부부 구성비,신혼부부 특성별 소득(근로·사업소득) 현황,2024,2025-12-17,Total,합계,% 만원,Number of newlyweds,Jeollanam-do,101,By income level of wage,신혼부부 특성별
소득구간별,경상북도,100,237,0,A,Percent Ten Thousands Won,T10,DT_1NW1027,신혼부부 구성비,신혼부부 특성별 소득(근로·사업소득) 현황,2022,2024-01-08,Total,합계,% 만원,Number of newlyweds,Gyeongsangbuk-do,101,By income level of wage,신혼부부 특성별
소득구간별,경상북도,100,237,0,A,Percent Ten Thousands Won,T10,DT_1NW1027,신혼부부 구성비,신혼부부 특성별 소득(근로·사업소득) 현황,2023,2024-12-19,Total,합계,% 만원,Number of newlyweds,Gyeongsangbuk-do,101,By income level of wage,신혼부부 특성별
소득구간별,경상북도,100,237,0,A,Percent Ten Thousands Won,T10,DT_1NW1027,신혼부부 구성비,신혼부부 특성별 소득(근로·사업소득) 현황,2024,2025-12-17,Total,합계,% 만원,Number of newlyweds,Gyeongsangbuk-do,101,By income level of wage,신혼부부 특성별
소득구간별,경상남도,100,238,0,A,Percent Ten Thousands Won,T10,DT_1NW1027,신혼부부 구성비,신혼부부 특성별 소득(근로·사업소득) 현황,2022,2024-01-08,Total,합계,% 만원,Number of newlyweds,Gyeongsangnam-do,101,By income level of wage,신혼부부 특성별
소득구간별,경상남도,100,238,0,A,Percent Ten Thousands Won,T10,DT_1NW1027,신혼부부 구성비,신혼부부 특성별 소득(근로·사업소득) 현황,2023,2024-12-19,Total,합계,% 만원,Number of newlyweds,Gyeongsangnam-do,101,By income level of wage,신혼부부 특성별
소득구간별,경상남도,100,238,0,A,Percent Ten Thousands Won,T10,DT_1NW1027,신혼부부 구성비,신혼부부 특성별 소득(근로·사업소득) 현황,2024,2025-12-17,Total,합계,% 만원,Number of newlyweds,Gyeongsangnam-do,101,By income level of wage,신혼부부 특성별
소득구간별,제주특별자치도,100,239,0,A,Percent Ten Thousands Won,T10,DT_1NW1027,신혼부부 구성비,신혼부부 특성별 소득(근로·사업소득) 현황,2022,2024-01-08,Total,합계,% 만원,Number of newlyweds,Jeju-do,101,By income level of wage,신혼부부 특성별
소득구간별,제주특별자치도,100,239,0,A,Percent Ten Thousands Won,T10,DT_1NW1027,신혼부부 구성비,신혼부부 특성별 소득(근로·사업소득) 현황,2023,2024-12-19,Total,합계,% 만원,Number of newlyweds,Jeju-do,101,By income level of wage,신혼부부 특성별
소득구간별,제주특별자치도,100,239,0,A,Percent Ten Thousands Won,T10,DT_1NW1027,신혼부부 구성비,신혼부부 특성별 소득(근로·사업소득) 현황,2024,2025-12-17,Total,합계,% 만원,Number of newlyweds,Jeju-do,101,By income level of wage,신혼부부 특성별
소득구간별,맞벌이,100,701,0,A,Percent Ten Thousands Won,T10,DT_1NW1027,신혼부부 구성비,신혼부부 특성별 소득(근로·사업소득) 현황,2022,2024-01-08,Total,합계,% 만원,Number of newlyweds,Dual-earner families,101,By income level of wage,신혼부부 특성별
소득구간별,맞벌이,100,701,0,A,Percent Ten Thousands Won,T10,DT_1NW1027,신혼부부 구성비,신혼부부 특성별 소득(근로·사업소득) 현황,2023,2024-12-19,Total,합계,% 만원,Number of newlyweds,Dual-earner families,101,By income level of wage,신혼부부 특성별
소득구간별,맞벌이,100,701,0,A,Percent Ten Thousands Won,T10,DT_1NW1027,신혼부부 구성비,신혼부부 특성별 소득(근로·사업소득) 현황,2024,2025-12-17,Total,합계,% 만원,Number of newlyweds,Dual-earner families,101,By income level of wage,신혼부부 특성별
소득구간별,외벌이,100,702,0,A,Percent Ten Thousands Won,T10,DT_1NW1027,신혼부부 구성비,신혼부부 특성별 소득(근로·사업소득) 현황,2022,2024-01-08,Total,합계,% 만원,Number of newlyweds,Single-earner families,101,By income level of wage,신혼부부 특성별
소득구간별,외벌이,100,702,0,A,Percent Ten Thousands Won,T10,DT_1NW1027,신혼부부 구성비,신혼부부 특성별 소득(근로·사업소득) 현황,2023,2024-12-19,Total,합계,% 만원,Number of newlyweds,Single-earner families,101,By income level of wage,신혼부부 특성별
소득구간별,외벌이,100,702,0,A,Percent Ten Thousands Won,T10,DT_1NW1027,신혼부부 구성비,신혼부부 특성별 소득(근로·사업소득) 현황,2024,2025-12-17,Total,합계,% 만원,Number of newlyweds,Single-earner families,101,By income level of wage,신혼부부 특성별
소득구간별,기타,100,709,0,A,Percent Ten Thousands Won,T10,DT_1NW1027,신혼부부 구성비,신혼부부 특성별 소득(근로·사업소득) 현황,2022,2024-01-08,Total,합계,% 만원,Number of newlyweds,The others,101,By income level of wage,신혼부부 특성별
소득구간별,기타,100,709,0,A,Percent Ten Thousands Won,T10,DT_1NW1027,신혼부부 구성비,신혼부부 특성별 소득(근로·사업소득) 현황,2023,2024-12-19,Total,합계,% 만원,Number of newlyweds,The others,101,By income level of wage,신혼부부 특성별
소득구간별,기타,100,709,0,A,Percent Ten Thousands Won,T10,DT_1NW1027,신혼부부 구성비,신혼부부 특성별 소득(근로·사업소득) 현황,2024,2025-12-17,Total,합계,% 만원,Number of newlyweds,The others,101,By income level of wage,신혼부부 특성별
소득구간별,무자녀,100,780,0,A,Percent Ten Thousands Won,T10,DT_1NW1027,신혼부부 구성비,신혼부부 특성별 소득(근로·사업소득) 현황,2022,2024-01-08,Total,합계,% 만원,Number of newlyweds,No children,101,By income level of wage,신혼부부 특성별
소득구간별,무자녀,100,780,0,A,Percent Ten Thousands Won,T10,DT_1NW1027,신혼부부 구성비,신혼부부 특성별 소득(근로·사업소득) 현황,2023,2024-12-19,Total,합계,% 만원,Number of newlyweds,No children,101,By income level of wage,신혼부부 특성별
소득구간별,무자녀,100,780,0,A,Percent Ten Thousands Won,T10,DT_1NW1027,신혼부부 구성비,신혼부부 특성별 소득(근로·사업소득) 현황,2024,2025-12-17,Total,합계,% 만원,Number of newlyweds,No children,101,By income level of wage,신혼부부 특성별
소득구간별,유자녀,100,790,0,A,Percent Ten Thousands Won,T10,DT_1NW1027,신혼부부 구성비,신혼부부 특성별 소득(근로·사업소득) 현황,2022,2024-01-08,Total,합계,% 만원,Number of newlyweds,Have children(Subtotal),101,By income level of wage,신혼부부 특성별
소득구간별,유자녀,100,790,0,A,Percent Ten Thousands Won,T10,DT_1NW1027,신혼부부 구성비,신혼부부 특성별 소득(근로·사업소득) 현황,2023,2024-12-19,Total,합계,% 만원,Number of newlyweds,Have children(Subtotal),101,By income level of wage,신혼부부 특성별
소득구간별,유자녀,100,790,0,A,Percent Ten Thousands Won,T10,DT_1NW1027,신혼부부 구성비,신혼부부 특성별 소득(근로·사업소득) 현황,2024,2025-12-17,Total,합계,% 만원,Number of newlyweds,Have children(Subtotal),101,By income level of wage,신혼부부 특성별
소득구간별,주택 미소유,100,810,0,A,Percent Ten Thousands Won,T10,DT_1NW1027,신혼부부 구성비,신혼부부 특성별 소득(근로·사업소득) 현황,2022,2024-01-08,Total,합계,% 만원,Number of newlyweds,Non-possession of house,101,By income level of wage,신혼부부 특성별
소득구간별,주택 미소유,100,810,0,A,Percent Ten Thousands Won,T10,DT_1NW1027,신혼부부 구성비,신혼부부 특성별 소득(근로·사업소득) 현황,2023,2024-12-19,Total,합계,% 만원,Number of newlyweds,Non-possession of house,101,By income level of wage,신혼부부 특성별
소득구간별,주택 미소유,100,810,0,A,Percent Ten Thousands Won,T10,DT_1NW1027,신혼부부 구성비,신혼부부 특성별 소득(근로·사업소득) 현황,2024,2025-12-17,Total,합계,% 만원,Number of newlyweds,Non-possession of house,101,By income level of wage,신혼부부 특성별
소득구간별,주택 소유,100,820,0,A,Percent Ten Thousands Won,T10,DT_1NW1027,신혼부부 구성비,신혼부부 특성별 소득(근로·사업소득) 현황,2022,2024-01-08,Total,합계,% 만원,Number of newlyweds,Possession of house(Subtotal),101,By income level of wage,신혼부부 특성별
소득구간별,주택 소유,100,820,0,A,Percent Ten Thousands Won,T10,DT_1NW1027,신혼부부 구성비,신혼부부 특성별 소득(근로·사업소득) 현황,2023,2024-12-19,Total,합계,% 만원,Number of newlyweds,Possession of house(Subtotal),101,By income level of wage,신혼부부 특성별
소득구간별,주택 소유,100,820,0,A,Percent Ten Thousands Won,T10,DT_1NW1027,신혼부부 구성비,신혼부부 특성별 소득(근로·사업소득) 현황,2024,2025-12-17,Total,합계,% 만원,Number of newlyweds,Possession of house(Subtotal),101,By income level of wage,신혼부부 특성별
소득구간별,전국,9.9,000,1,A,Percent Ten Thousands Won,T10,DT_1NW1027,신혼부부 구성비,신혼부부 특성별 소득(근로·사업소득) 현황,2022,2024-01-08,Less then 10 million won,1000만원미만,% 만원,Number of newlyweds,Whole country,101,By income level of wage,신혼부부 특성별
소득구간별,전국,9.6,000,1,A,Percent Ten Thousands Won,T10,DT_1NW1027,신혼부부 구성비,신혼부부 특성별 소득(근로·사업소득) 현황,2023,2024-12-19,Less then 10 million won,1000만원미만,% 만원,Number of newlyweds,Whole country,101,By income level of wage,신혼부부 특성별
소득구간별,전국,9.2,000,1,A,Percent Ten Thousands Won,T10,DT_1NW1027,신혼부부 구성비,신혼부부 특성별 소득(근로·사업소득) 현황,2024,2025-12-17,Less then 10 million won,1000만원미만,% 만원,Number of newlyweds,Whole country,101,By income level of wage,신혼부부 특성별
소득구간별,혼인1년차,9,101,1,A,Percent Ten Thousands Won,T10,DT_1NW1027,신혼부부 구성비,신혼부부 특성별 소득(근로·사업소득) 현황,2022,2024-01-08,Less then 10 million won,1000만원미만,% 만원,Number of newlyweds,First year,101,By income level of wage,신혼부부 특성별
소득구간별,혼인1년차,8.1,101,1,A,Percent Ten Thousands Won,T10,DT_1NW1027,신혼부부 구성비,신혼부부 특성별 소득(근로·사업소득) 현황,2023,2024-12-19,Less then 10 million won,1000만원미만,% 만원,Number of newlyweds,First year,101,By income level of wage,신혼부부 특성별
소득구간별,혼인1년차,7.5,101,1,A,Percent Ten Thousands Won,T10,DT_1NW1027,신혼부부 구성비,신혼부부 특성별 소득(근로·사업소득) 현황,2024,2025-12-17,Less then 10 million won,1000만원미만,% 만원,Number of newlyweds,First year,101,By income level of wage,신혼부부 특성별
소득구간별,혼인2년차,9.5,102,1,A,Percent Ten Thousands Won,T10,DT_1NW1027,신혼부부 구성비,신혼부부 특성별 소득(근로·사업소득) 현황,2022,2024-01-08,Less then 10 million won,1000만원미만,% 만원,Number of newlyweds,Second year,101,By income level of wage,신혼부부 특성별
소득구간별,혼인2년차,10.4,102,1,A,Percent Ten Thousands Won,T10,DT_1NW1027,신혼부부 구성비,신혼부부 특성별 소득(근로·사업소득) 현황,2023,2024-12-19,Less then 10 million won,1000만원미만,% 만원,Number of newlyweds,Second year,101,By income level of wage,신혼부부 특성별
소득구간별,혼인2년차,10.3,102,1,A,Percent Ten Thousands Won,T10,DT_1NW1027,신혼부부 구성비,신혼부부 특성별 소득(근로·사업소득) 현황,2024,2025-12-17,Less then 10 million won,1000만원미만,% 만원,Number of newlyweds,Second year,101,By income level of wage,신혼부부 특성별
소득구간별,혼인3년차,10.2,103,1,A,Percent Ten Thousands Won,T10,DT_1NW1027,신혼부부 구성비,신혼부부 특성별 소득(근로·사업소득) 현황,2022,2024-01-08,Less then 10 million won,1000만원미만,% 만원,Number of newlyweds,Third year,101,By income level of wage,신혼부부 특성별
소득구간별,혼인3년차,9.1,103,1,A,Percent Ten Thousands Won,T10,DT_1NW1027,신혼부부 구성비,신혼부부 특성별 소득(근로·사업소득) 현황,2023,2024-12-19,Less then 10 million won,1000만원미만,% 만원,Number of newlyweds,Third year,101,By income level of wage,신혼부부 특성별
소득구간별,혼인3년차,10,103,1,A,Percent Ten Thousands Won,T10,DT_1NW1027,신혼부부 구성비,신혼부부 특성별 소득(근로·사업소득) 현황,2024,2025-12-17,Less then 10 million won,1000만원미만,% 만원,Number of newlyweds,Third year,101,By income level of wage,신혼부부 특성별
소득구간별,혼인4년차,10.6,104,1,A,Percent Ten Thousands Won,T10,DT_1NW1027,신혼부부 구성비,신혼부부 특성별 소득(근로·사업소득) 현황,2022,2024-01-08,Less then 10 million won,1000만원미만,% 만원,Number of newlyweds,Fourth year,101,By income level of wage,신혼부부 특성별
소득구간별,혼인4년차,9.8,104,1,A,Percent Ten Thousands Won,T10,DT_1NW1027,신혼부부 구성비,신혼부부 특성별 소득(근로·사업소득) 현황,2023,2024-12-19,Less then 10 million won,1000만원미만,% 만원,Number of newlyweds,Fourth year,101,By income level of wage,신혼부부 특성별
소득구간별,혼인4년차,9.6,104,1,A,Percent Ten Thousands Won,T10,DT_1NW1027,신혼부부 구성비,신혼부부 특성별 소득(근로·사업소득) 현황,2024,2025-12-17,Less then 10 million won,1000만원미만,% 만원,Number of newlyweds,Fourth year,101,By income level of wage,신혼부부 특성별
소득구간별,혼인5년차,9.9,105,1,A,Percent Ten Thousands Won,T10,DT_1NW1027,신혼부부 구성비,신혼부부 특성별 소득(근로·사업소득) 현황,2022,2024-01-08,Less then 10 million won,1000만원미만,% 만원,Number of newlyweds,Fifth year,101,By income level of wage,신혼부부 특성별
소득구간별,혼인5년차,10.2,105,1,A,Percent Ten Thousands Won,T10,DT_1NW1027,신혼부부 구성비,신혼부부 특성별 소득(근로·사업소득) 현황,2023,2024-12-19,Less then 10 million won,1000만원미만,% 만원,Number of newlyweds,Fifth year,101,By income level of wage,신혼부부 특성별
소득구간별,혼인5년차,8.8,105,1,A,Percent Ten Thousands Won,T10,DT_1NW1027,신혼부부 구성비,신혼부부 특성별 소득(근로·사업소득) 현황,2024,2025-12-17,Less then 10 million won,1000만원미만,% 만원,Number of newlyweds,Fifth year,101,By income level of wage,신혼부부 특성별
소득구간별,서울특별시,7.5,211,1,A,Percent Ten Thousands Won,T10,DT_1NW1027,신혼부부 구성비,신혼부부 특성별 소득(근로·사업소득) 현황,2022,2024-01-08,Less then 10 million won,1000만원미만,% 만원,Number of newlyweds,Seoul,101,By income level of wage,신혼부부 특성별
소득구간별,서울특별시,8.2,211,1,A,Percent Ten Thousands Won,T10,DT_1NW1027,신혼부부 구성비,신혼부부 특성별 소득(근로·사업소득) 현황,2023,2024-12-19,Less then 10 million won,1000만원미만,% 만원,Number of newlyweds,Seoul,101,By income level of wage,신혼부부 특성별
소득구간별,서울특별시,7.7,211,1,A,Percent Ten Thousands Won,T10,DT_1NW1027,신혼부부 구성비,신혼부부 특성별 소득(근로·사업소득) 현황,2024,2025-12-17,Less then 10 million won,1000만원미만,% 만원,Number of newlyweds,Seoul,101,By income level of wage,신혼부부 특성별
소득구간별,부산광역시,11.1,221,1,A,Percent Ten Thousands Won,T10,DT_1NW1027,신혼부부 구성비,신혼부부 특성별 소득(근로·사업소득) 현황,2022,2024-01-08,Less then 10 million won,1000만원미만,% 만원,Number of newlyweds,Busan,101,By income level of wage,신혼부부 특성별
소득구간별,부산광역시,10.3,221,1,A,Percent Ten Thousands Won,T10,DT_1NW1027,신혼부부 구성비,신혼부부 특성별 소득(근로·사업소득) 현황,2023,2024-12-19,Less then 10 million won,1000만원미만,% 만원,Number of newlyweds,Busan,101,By income level of wage,신혼부부 특성별
소득구간별,부산광역시,10,221,1,A,Percent Ten Thousands Won,T10,DT_1NW1027,신혼부부 구성비,신혼부부 특성별 소득(근로·사업소득) 현황,2024,2025-12-17,Less then 10 million won,1000만원미만,% 만원,Number of newlyweds,Busan,101,By income level of wage,신혼부부 특성별
소득구간별,대구광역시,11.3,222,1,A,Percent Ten Thousands Won,T10,DT_1NW1027,신혼부부 구성비,신혼부부 특성별 소득(근로·사업소득) 현황,2022,2024-01-08,Less then 10 million won,1000만원미만,% 만원,Number of newlyweds,Daegu,101,By income level of wage,신혼부부 특성별
소득구간별,대구광역시,10.2,222,1,A,Percent Ten Thousands Won,T10,DT_1NW1027,신혼부부 구성비,신혼부부 특성별 소득(근로·사업소득) 현황,2023,2024-12-19,Less then 10 million won,1000만원미만,% 만원,Number of newlyweds,Daegu,101,By income level of wage,신혼부부 특성별
소득구간별,대구광역시,9.4,222,1,A,Percent Ten Thousands Won,T10,DT_1NW1027,신혼부부 구성비,신혼부부 특성별 소득(근로·사업소득) 현황,2024,2025-12-17,Less then 10 million won,1000만원미만,% 만원,Number of newlyweds,Daegu,101,By income level of wage,신혼부부 특성별
소득구간별,인천광역시,10.5,223,1,A,Percent Ten Thousands Won,T10,DT_1NW1027,신혼부부 구성비,신혼부부 특성별 소득(근로·사업소득) 현황,2022,2024-01-08,Less then 10 million won,1000만원미만,% 만원,Number of newlyweds,Incheon,101,By income level of wage,신혼부부 특성별
소득구간별,인천광역시,10.7,223,1,A,Percent Ten Thousands Won,T10,DT_1NW1027,신혼부부 구성비,신혼부부 특성별 소득(근로·사업소득) 현황,2023,2024-12-19,Less then 10 million won,1000만원미만,% 만원,Number of newlyweds,Incheon,101,By income level of wage,신혼부부 특성별
소득구간별,인천광역시,8.7,223,1,A,Percent Ten Thousands Won,T10,DT_1NW1027,신혼부부 구성비,신혼부부 특성별 소득(근로·사업소득) 현황,2024,2025-12-17,Less then 10 million won,1000만원미만,% 만원,Number of newlyweds,Incheon,101,By income level of wage,신혼부부 특성별
소득구간별,광주광역시,8.9,224,1,A,Percent Ten Thousands Won,T10,DT_1NW1027,신혼부부 구성비,신혼부부 특성별 소득(근로·사업소득) 현황,2022,2024-01-08,Less then 10 million won,1000만원미만,% 만원,Number of newlyweds,Gwangju,101,By income level of wage,신혼부부 특성별
소득구간별,광주광역시,8.4,224,1,A,Percent Ten Thousands Won,T10,DT_1NW1027,신혼부부 구성비,신혼부부 특성별 소득(근로·사업소득) 현황,2023,2024-12-19,Less then 10 million won,1000만원미만,% 만원,Number of newlyweds,Gwangju,101,By income level of wage,신혼부부 특성별
소득구간별,광주광역시,10.5,224,1,A,Percent Ten Thousands Won,T10,DT_1NW1027,신혼부부 구성비,신혼부부 특성별 소득(근로·사업소득) 현황,2024,2025-12-17,Less then 10 million won,1000만원미만,% 만원,Number of newlyweds,Gwangju,101,By income level of wage,신혼부부 특성별
소득구간별,대전광역시,10.5,225,1,A,Percent Ten Thousands Won,T10,DT_1NW1027,신혼부부 구성비,신혼부부 특성별 소득(근로·사업소득) 현황,2022,2024-01-08,Less then 10 million won,1000만원미만,% 만원,Number of newlyweds,Daejeon,101,By income level of wage,신혼부부 특성별
소득구간별,대전광역시,8.3,225,1,A,Percent Ten Thousands Won,T10,DT_1NW1027,신혼부부 구성비,신혼부부 특성별 소득(근로·사업소득) 현황,2023,2024-12-19,Less then 10 million won,1000만원미만,% 만원,Number of newlyweds,Daejeon,101,By income level of wage,신혼부부 특성별
소득구간별,대전광역시,8.3,225,1,A,Percent Ten Thousands Won,T10,DT_1NW1027,신혼부부 구성비,신혼부부 특성별 소득(근로·사업소득) 현황,2024,2025-12-17,Less then 10 million won,1000만원미만,% 만원,Number of newlyweds,Daejeon,101,By income level of wage,신혼부부 특성별
소득구간별,울산광역시,7.4,226,1,A,Percent Ten Thousands Won,T10,DT_1NW1027,신혼부부 구성비,신혼부부 특성별 소득(근로·사업소득) 현황,2022,2024-01-08,Less then 10 million won,1000만원미만,% 만원,Number of newlyweds,Ulsan,101,By income level of wage,신혼부부 특성별
소득구간별,울산광역시,7,226,1,A,Percent Ten Thousands Won,T10,DT_1NW1027,신혼부부 구성비,신혼부부 특성별 소득(근로·사업소득) 현황,2023,2024-12-19,Less then 10 million won,1000만원미만,% 만원,Number of newlyweds,Ulsan,101,By income level of wage,신혼부부 특성별
소득구간별,울산광역시,7,226,1,A,Percent Ten Thousands Won,T10,DT_1NW1027,신혼부부 구성비,신혼부부 특성별 소득(근로·사업소득) 현황,2024,2025-12-17,Less then 10 million won,1000만원미만,% 만원,Number of newlyweds,Ulsan,101,By income level of wage,신혼부부 특성별
소득구간별,세종특별자치시,5.6,229,1,A,Percent Ten Thousands Won,T10,DT_1NW1027,신혼부부 구성비,신혼부부 특성별 소득(근로·사업소득) 현황,2022,2024-01-08,Less then 10 million won,1000만원미만,% 만원,Number of newlyweds,Sejong,101,By income level of wage,신혼부부 특성별
소득구간별,세종특별자치시,5.8,229,1,A,Percent Ten Thousands Won,T10,DT_1NW1027,신혼부부 구성비,신혼부부 특성별 소득(근로·사업소득) 현황,2023,2024-12-19,Less then 10 million won,1000만원미만,% 만원,Number of newlyweds,Sejong,101,By income level of wage,신혼부부 특성별
소득구간별,세종특별자치시,4.3,229,1,A,Percent Ten Thousands Won,T10,DT_1NW1027,신혼부부 구성비,신혼부부 특성별 소득(근로·사업소득) 현황,2024,2025-12-17,Less then 10 million won,1000만원미만,% 만원,Number of newlyweds,Sejong,101,By income level of wage,신혼부부 특성별
소득구간별,경기도,8.5,231,1,A,Percent Ten Thousands Won,T10,DT_1NW1027,신혼부부 구성비,신혼부부 특성별 소득(근로·사업소득) 현황,2022,2024-01-08,Less then 10 million won,1000만원미만,% 만원,Number of newlyweds,Gyeonggi-do,101,By income level of wage,신혼부부 특성별
소득구간별,경기도,8.1,231,1,A,Percent Ten Thousands Won,T10,DT_1NW1027,신혼부부 구성비,신혼부부 특성별 소득(근로·사업소득) 현황,2023,2024-12-19,Less then 10 million won,1000만원미만,% 만원,Number of newlyweds,Gyeonggi-do,101,By income level of wage,신혼부부 특성별
소득구간별,경기도,8.2,231,1,A,Percent Ten Thousands Won,T10,DT_1NW1027,신혼부부 구성비,신혼부부 특성별 소득(근로·사업소득) 현황,2024,2025-12-17,Less then 10 million won,1000만원미만,% 만원,Number of newlyweds,Gyeonggi-do,101,By income level of wage,신혼부부 특성별
소득구간별,강원특별자치도,11.9,232,1,A,Percent Ten Thousands Won,T10,DT_1NW1027,신혼부부 구성비,신혼부부 특성별 소득(근로·사업소득) 현황,2022,2024-01-08,Less then 10 million won,1000만원미만,% 만원,Number of newlyweds,Gangwon State,101,By income level of wage,신혼부부 특성별
소득구간별,강원특별자치도,11.2,232,1,A,Percent Ten Thousands Won,T10,DT_1NW1027,신혼부부 구성비,신혼부부 특성별 소득(근로·사업소득) 현황,2023,2024-12-19,Less then 10 million won,1000만원미만,% 만원,Number of newlyweds,Gangwon State,101,By income level of wage,신혼부부 특성별
소득구간별,강원특별자치도,10.5,232,1,A,Percent Ten Thousands Won,T10,DT_1NW1027,신혼부부 구성비,신혼부부 특성별 소득(근로·사업소득) 현황,2024,2025-12-17,Less then 10 million won,1000만원미만,% 만원,Number of newlyweds,Gangwon State,101,By income level of wage,신혼부부 특성별
소득구간별,충청북도,10.3,233,1,A,Percent Ten Thousands Won,T10,DT_1NW1027,신혼부부 구성비,신혼부부 특성별 소득(근로·사업소득) 현황,2022,2024-01-08,Less then 10 million won,1000만원미만,% 만원,Number of newlyweds,Chungcheongbuk-do,101,By income level of wage,신혼부부 특성별
소득구간별,충청북도,9.8,233,1,A,Percent Ten Thousands Won,T10,DT_1NW1027,신혼부부 구성비,신혼부부 특성별 소득(근로·사업소득) 현황,2023,2024-12-19,Less then 10 million won,1000만원미만,% 만원,Number of newlyweds,Chungcheongbuk-do,101,By income level of wage,신혼부부 특성별
소득구간별,충청북도,10.2,233,1,A,Percent Ten Thousands Won,T10,DT_1NW1027,신혼부부 구성비,신혼부부 특성별 소득(근로·사업소득) 현황,2024,2025-12-17,Less then 10 million won,1000만원미만,% 만원,Number of newlyweds,Chungcheongbuk-do,101,By income level of wage,신혼부부 특성별
소득구간별,충청남도,10.5,234,1,A,Percent Ten Thousands Won,T10,DT_1NW1027,신혼부부 구성비,신혼부부 특성별 소득(근로·사업소득) 현황,2022,2024-01-08,Less then 10 million won,1000만원미만,% 만원,Number of newlyweds,Chungcheongnam-do,101,By income level of wage,신혼부부 특성별
소득구간별,충청남도,10.5,234,1,A,Percent Ten Thousands Won,T10,DT_1NW1027,신혼부부 구성비,신혼부부 특성별 소득(근로·사업소득) 현황,2023,2024-12-19,Less then 10 million won,1000만원미만,% 만원,Number of newlyweds,Chungcheongnam-do,101,By income level of wage,신혼부부 특성별
소득구간별,충청남도,10.2,234,1,A,Percent Ten Thousands Won,T10,DT_1NW1027,신혼부부 구성비,신혼부부 특성별 소득(근로·사업소득) 현황,2024,2025-12-17,Less then 10 million won,1000만원미만,% 만원,Number of newlyweds,Chungcheongnam-do,101,By income level of wage,신혼부부 특성별
소득구간별,전북특별자치도,16,235,1,A,Percent Ten Thousands Won,T10,DT_1NW1027,신혼부부 구성비,신혼부부 특성별 소득(근로·사업소득) 현황,2022,2024-01-08,Less then 10 million won,1000만원미만,% 만원,Number of newlyweds,Jeonbuk State,101,By income level of wage,신혼부부 특성별
소득구간별,전북특별자치도,13.9,235,1,A,Percent Ten Thousands Won,T10,DT_1NW1027,신혼부부 구성비,신혼부부 특성별 소득(근로·사업소득) 현황,2023,2024-12-19,Less then 10 million won,1000만원미만,% 만원,Number of newlyweds,Jeonbuk State,101,By income level of wage,신혼부부 특성별
소득구간별,전북특별자치도,11.4,235,1,A,Percent Ten Thousands Won,T10,DT_1NW1027,신혼부부 구성비,신혼부부 특성별 소득(근로·사업소득) 현황,2024,2025-12-17,Less then 10 million won,1000만원미만,% 만원,Number of newlyweds,Jeonbuk State,101,By income level of wage,신혼부부 특성별
소득구간별,전라남도,15.1,236,1,A,Percent Ten Thousands Won,T10,DT_1NW1027,신혼부부 구성비,신혼부부 특성별 소득(근로·사업소득) 현황,2022,2024-01-08,Less then 10 million won,1000만원미만,% 만원,Number of newlyweds,Jeollanam-do,101,By income level of wage,신혼부부 특성별
소득구간별,전라남도,13.9,236,1,A,Percent Ten Thousands Won,T10,DT_1NW1027,신혼부부 구성비,신혼부부 특성별 소득(근로·사업소득) 현황,2023,2024-12-19,Less then 10 million won,1000만원미만,% 만원,Number of newlyweds,Jeollanam-do,101,By income level of wage,신혼부부 특성별
소득구간별,전라남도,11.9,236,1,A,Percent Ten Thousands Won,T10,DT_1NW1027,신혼부부 구성비,신혼부부 특성별 소득(근로·사업소득) 현황,2024,2025-12-17,Less then 10 million won,1000만원미만,% 만원,Number of newlyweds,Jeollanam-do,101,By income level of wage,신혼부부 특성별
소득구간별,경상북도,13.5,237,1,A,Percent Ten Thousands Won,T10,DT_1NW1027,신혼부부 구성비,신혼부부 특성별 소득(근로·사업소득) 현황,2022,2024-01-08,Less then 10 million won,1000만원미만,% 만원,Number of newlyweds,Gyeongsangbuk-do,101,By income level of wage,신혼부부 특성별
소득구간별,경상북도,13,237,1,A,Percent Ten Thousands Won,T10,DT_1NW1027,신혼부부 구성비,신혼부부 특성별 소득(근로·사업소득) 현황,2023,2024-12-19,Less then 10 million won,1000만원미만,% 만원,Number of newlyweds,Gyeongsangbuk-do,101,By income level of wage,신혼부부 특성별
소득구간별,경상북도,12.4,237,1,A,Percent Ten Thousands Won,T10,DT_1NW1027,신혼부부 구성비,신혼부부 특성별 소득(근로·사업소득) 현황,2024,2025-12-17,Less then 10 million won,1000만원미만,% 만원,Number of newlyweds,Gyeongsangbuk-do,101,By income level of wage,신혼부부 특성별
소득구간별,경상남도,12.4,238,1,A,Percent Ten Thousands Won,T10,DT_1NW1027,신혼부부 구성비,신혼부부 특성별 소득(근로·사업소득) 현황,2022,2024-01-08,Less then 10 million won,1000만원미만,% 만원,Number of newlyweds,Gyeongsangnam-do,101,By income level of wage,신혼부부 특성별
소득구간별,경상남도,11.9,238,1,A,Percent Ten Thousands Won,T10,DT_1NW1027,신혼부부 구성비,신혼부부 특성별 소득(근로·사업소득) 현황,2023,2024-12-19,Less then 10 million won,1000만원미만,% 만원,Number of newlyweds,Gyeongsangnam-do,101,By income level of wage,신혼부부 특성별
소득구간별,경상남도,12.2,238,1,A,Percent Ten Thousands Won,T10,DT_1NW1027,신혼부부 구성비,신혼부부 특성별 소득(근로·사업소득) 현황,2024,2025-12-17,Less then 10 million won,1000만원미만,% 만원,Number of newlyweds,Gyeongsangnam-do,101,By income level of wage,신혼부부 특성별
소득구간별,제주특별자치도,13.5,239,1,A,Percent Ten Thousands Won,T10,DT_1NW1027,신혼부부 구성비,신혼부부 특성별 소득(근로·사업소득) 현황,2022,2024-01-08,Less then 10 million won,1000만원미만,% 만원,Number of newlyweds,Jeju-do,101,By income level of wage,신혼부부 특성별
소득구간별,제주특별자치도,13.9,239,1,A,Percent Ten Thousands Won,T10,DT_1NW1027,신혼부부 구성비,신혼부부 특성별 소득(근로·사업소득) 현황,2023,2024-12-19,Less then 10 million won,1000만원미만,% 만원,Number of newlyweds,Jeju-do,101,By income level of wage,신혼부부 특성별
소득구간별,제주특별자치도,13.9,239,1,A,Percent Ten Thousands Won,T10,DT_1NW1027,신혼부부 구성비,신혼부부 특성별 소득(근로·사업소득) 현황,2024,2025-12-17,Less then 10 million won,1000만원미만,% 만원,Number of newlyweds,Jeju-do,101,By income level of wage,신혼부부 특성별
소득구간별,맞벌이,2.5,701,1,A,Percent Ten Thousands Won,T10,DT_1NW1027,신혼부부 구성비,신혼부부 특성별 소득(근로·사업소득) 현황,2022,2024-01-08,Less then 10 million won,1000만원미만,% 만원,Number of newlyweds,Dual-earner families,101,By income level of wage,신혼부부 특성별
소득구간별,맞벌이,2.2,701,1,A,Percent Ten Thousands Won,T10,DT_1NW1027,신혼부부 구성비,신혼부부 특성별 소득(근로·사업소득) 현황,2023,2024-12-19,Less then 10 million won,1000만원미만,% 만원,Number of newlyweds,Dual-earner families,101,By income level of wage,신혼부부 특성별
소득구간별,맞벌이,2,701,1,A,Percent Ten Thousands Won,T10,DT_1NW1027,신혼부부 구성비,신혼부부 특성별 소득(근로·사업소득) 현황,2024,2025-12-17,Less then 10 million won,1000만원미만,% 만원,Number of newlyweds,Dual-earner families,101,By income level of wage,신혼부부 특성별
소득구간별,외벌이,10.8,702,1,A,Percent Ten Thousands Won,T10,DT_1NW1027,신혼부부 구성비,신혼부부 특성별 소득(근로·사업소득) 현황,2022,2024-01-08,Less then 10 million won,1000만원미만,% 만원,Number of newlyweds,Single-earner families,101,By income level of wage,신혼부부 특성별
소득구간별,외벌이,10.2,702,1,A,Percent Ten Thousands Won,T10,DT_1NW1027,신혼부부 구성비,신혼부부 특성별 소득(근로·사업소득) 현황,2023,2024-12-19,Less then 10 million won,1000만원미만,% 만원,Number of newlyweds,Single-earner families,101,By income level of wage,신혼부부 특성별
소득구간별,외벌이,9.9,702,1,A,Percent Ten Thousands Won,T10,DT_1NW1027,신혼부부 구성비,신혼부부 특성별 소득(근로·사업소득) 현황,2024,2025-12-17,Less then 10 million won,1000만원미만,% 만원,Number of newlyweds,Single-earner families,101,By income level of wage,신혼부부 특성별
소득구간별,기타,66.8,709,1,A,Percent Ten Thousands Won,T10,DT_1NW1027,신혼부부 구성비,신혼부부 특성별 소득(근로·사업소득) 현황,2022,2024-01-08,Less then 10 million won,1000만원미만,% 만원,Number of newlyweds,The others,101,By income level of wage,신혼부부 특성별
소득구간별,기타,64.2,709,1,A,Percent Ten Thousands Won,T10,DT_1NW1027,신혼부부 구성비,신혼부부 특성별 소득(근로·사업소득) 현황,2023,2024-12-19,Less then 10 million won,1000만원미만,% 만원,Number of newlyweds,The others,101,By income level of wage,신혼부부 특성별
소득구간별,기타,63.4,709,1,A,Percent Ten Thousands Won,T10,DT_1NW1027,신혼부부 구성비,신혼부부 특성별 소득(근로·사업소득) 현황,2024,2025-12-17,Less then 10 million won,1000만원미만,% 만원,Number of newlyweds,The others,101,By income level of wage,신혼부부 특성별
소득구간별,무자녀,7.9,780,1,A,Percent Ten Thousands Won,T10,DT_1NW1027,신혼부부 구성비,신혼부부 특성별 소득(근로·사업소득) 현황,2022,2024-01-08,Less then 10 million won,1000만원미만,% 만원,Number of newlyweds,No children,101,By income level of wage,신혼부부 특성별
소득구간별,무자녀,7.8,780,1,A,Percent Ten Thousands Won,T10,DT_1NW1027,신혼부부 구성비,신혼부부 특성별 소득(근로·사업소득) 현황,2023,2024-12-19,Less then 10 million won,1000만원미만,% 만원,Number of newlyweds,No children,101,By income level of wage,신혼부부 특성별
소득구간별,무자녀,7.7,780,1,A,Percent Ten Thousands Won,T10,DT_1NW1027,신혼부부 구성비,신혼부부 특성별 소득(근로·사업소득) 현황,2024,2025-12-17,Less then 10 million won,1000만원미만,% 만원,Number of newlyweds,No children,101,By income level of wage,신혼부부 특성별
소득구간별,유자녀,11.4,790,1,A,Percent Ten Thousands Won,T10,DT_1NW1027,신혼부부 구성비,신혼부부 특성별 소득(근로·사업소득) 현황,2022,2024-01-08,Less then 10 million won,1000만원미만,% 만원,Number of newlyweds,Have children(Subtotal),101,By income level of wage,신혼부부 특성별
소득구간별,유자녀,10.9,790,1,A,Percent Ten Thousands Won,T10,DT_1NW1027,신혼부부 구성비,신혼부부 특성별 소득(근로·사업소득) 현황,2023,2024-12-19,Less then 10 million won,1000만원미만,% 만원,Number of newlyweds,Have children(Subtotal),101,By income level of wage,신혼부부 특성별
소득구간별,유자녀,10.4,790,1,A,Percent Ten Thousands Won,T10,DT_1NW1027,신혼부부 구성비,신혼부부 특성별 소득(근로·사업소득) 현황,2024,2025-12-17,Less then 10 million won,1000만원미만,% 만원,Number of newlyweds,Have children(Subtotal),101,By income level of wage,신혼부부 특성별
소득구간별,주택 미소유,10.7,810,1,A,Percent Ten Thousands Won,T10,DT_1NW1027,신혼부부 구성비,신혼부부 특성별 소득(근로·사업소득) 현황,2022,2024-01-08,Less then 10 million won,1000만원미만,% 만원,Number of newlyweds,Non-possession of house,101,By income level of wage,신혼부부 특성별
소득구간별,주택 미소유,10.6,810,1,A,Percent Ten Thousands Won,T10,DT_1NW1027,신혼부부 구성비,신혼부부 특성별 소득(근로·사업소득) 현황,2023,2024-12-19,Less then 10 million won,1000만원미만,% 만원,Number of newlyweds,Non-possession of house,101,By income level of wage,신혼부부 특성별
소득구간별,주택 미소유,10.3,810,1,A,Percent Ten Thousands Won,T10,DT_1NW1027,신혼부부 구성비,신혼부부 특성별 소득(근로·사업소득) 현황,2024,2025-12-17,Less then 10 million won,1000만원미만,% 만원,Number of newlyweds,Non-possession of house,101,By income level of wage,신혼부부 특성별
소득구간별,주택 소유,8.8,820,1,A,Percent Ten Thousands Won,T10,DT_1NW1027,신혼부부 구성비,신혼부부 특성별 소득(근로·사업소득) 현황,2022,2024-01-08,Less then 10 million won,1000만원미만,% 만원,Number of newlyweds,Possession of house(Subtotal),101,By income level of wage,신혼부부 특성별
소득구간별,주택 소유,8.2,820,1,A,Percent Ten Thousands Won,T10,DT_1NW1027,신혼부부 구성비,신혼부부 특성별 소득(근로·사업소득) 현황,2023,2024-12-19,Less then 10 million won,1000만원미만,% 만원,Number of newlyweds,Possession of house(Subtotal),101,By income level of wage,신혼부부 특성별
소득구간별,주택 소유,7.8,820,1,A,Percent Ten Thousands Won,T10,DT_1NW1027,신혼부부 구성비,신혼부부 특성별 소득(근로·사업소득) 현황,2024,2025-12-17,Less then 10 million won,1000만원미만,% 만원,Number of newlyweds,Possession of house(Subtotal),101,By income level of wage,신혼부부 특성별
소득구간별,전국,6375,000,12,A,10000Won,T10,DT_1NW1027,신혼부부 구성비,신혼부부 특성별 소득(근로·사업소득) 현황,2022,2024-01-08,,소득 평균,만원,Number of newlyweds,Whole country,101,By income level of wage,신혼부부 특성별
소득구간별,전국,6834,000,12,A,10000Won,T10,DT_1NW1027,신혼부부 구성비,신혼부부 특성별 소득(근로·사업소득) 현황,2023,2024-12-19,,소득 평균,만원,Number of newlyweds,Whole country,101,By income level of wage,신혼부부 특성별
소득구간별,전국,7229,000,12,A,10000Won,T10,DT_1NW1027,신혼부부 구성비,신혼부부 특성별 소득(근로·사업소득) 현황,2024,2025-12-17,,소득 평균,만원,Number of newlyweds,Whole country,101,By income level of wage,신혼부부 특성별
소득구간별,혼인1년차,6459,101,12,A,10000Won,T10,DT_1NW1027,신혼부부 구성비,신혼부부 특성별 소득(근로·사업소득) 현황,2022,2024-01-08,,소득 평균,만원,Number of newlyweds,First year,101,By income level of wage,신혼부부 특성별
소득구간별,혼인1년차,7135,101,12,A,10000Won,T10,DT_1NW1027,신혼부부 구성비,신혼부부 특성별 소득(근로·사업소득) 현황,2023,2024-12-19,,소득 평균,만원,Number of newlyweds,First year,101,By income level of wage,신혼부부 특성별
소득구간별,혼인1년차,7578,101,12,A,10000Won,T10,DT_1NW1027,신혼부부 구성비,신혼부부 특성별 소득(근로·사업소득) 현황,2024,2025-12-17,,소득 평균,만원,Number of newlyweds,First year,101,By income level of wage,신혼부부 특성별
소득구간별,혼인2년차,6248,102,12,A,10000Won,T10,DT_1NW1027,신혼부부 구성비,신혼부부 특성별 소득(근로·사업소득) 현황,2022,2024-01-08,,소득 평균,만원,Number of newlyweds,Second year,101,By income level of wage,신혼부부 특성별
소득구간별,혼인2년차,6496,102,12,A,10000Won,T10,DT_1NW1027,신혼부부 구성비,신혼부부 특성별 소득(근로·사업소득) 현황,2023,2024-12-19,,소득 평균,만원,Number of newlyweds,Second year,101,By income level of wage,신혼부부 특성별
소득구간별,혼인2년차,7007,102,12,A,10000Won,T10,DT_1NW1027,신혼부부 구성비,신혼부부 특성별 소득(근로·사업소득) 현황,2024,2025-12-17,,소득 평균,만원,Number of newlyweds,Second year,101,By income level of wage,신혼부부 특성별
소득구간별,혼인3년차,6349,103,12,A,10000Won,T10,DT_1NW1027,신혼부부 구성비,신혼부부 특성별 소득(근로·사업소득) 현황,2022,2024-01-08,,소득 평균,만원,Number of newlyweds,Third year,101,By income level of wage,신혼부부 특성별
소득구간별,혼인3년차,6756,103,12,A,10000Won,T10,DT_1NW1027,신혼부부 구성비,신혼부부 특성별 소득(근로·사업소득) 현황,2023,2024-12-19,,소득 평균,만원,Number of newlyweds,Third year,101,By income level of wage,신혼부부 특성별
소득구간별,혼인3년차,6982,103,12,A,10000Won,T10,DT_1NW1027,신혼부부 구성비,신혼부부 특성별 소득(근로·사업소득) 현황,2024,2025-12-17,,소득 평균,만원,Number of newlyweds,Third year,101,By income level of wage,신혼부부 특성별
소득구간별,혼인4년차,6300,104,12,A,10000Won,T10,DT_1NW1027,신혼부부 구성비,신혼부부 특성별 소득(근로·사업소득) 현황,2022,2024-01-08,,소득 평균,만원,Number of newlyweds,Fourth year,101,By income level of wage,신혼부부 특성별
소득구간별,혼인4년차,6727,104,12,A,10000Won,T10,DT_1NW1027,신혼부부 구성비,신혼부부 특성별 소득(근로·사업소득) 현황,2023,2024-12-19,,소득 평균,만원,Number of newlyweds,Fourth year,101,By income level of wage,신혼부부 특성별
소득구간별,혼인4년차,7139,104,12,A,10000Won,T10,DT_1NW1027,신혼부부 구성비,신혼부부 특성별 소득(근로·사업소득) 현황,2024,2025-12-17,,소득 평균,만원,Number of newlyweds,Fourth year,101,By income level of wage,신혼부부 특성별
소득구간별,혼인5년차,6506,105,12,A,10000Won,T10,DT_1NW1027,신혼부부 구성비,신혼부부 특성별 소득(근로·사업소득) 현황,2022,2024-01-08,,소득 평균,만원,Number of newlyweds,Fifth year,101,By income level of wage,신혼부부 특성별
소득구간별,혼인5년차,7016,105,12,A,10000Won,T10,DT_1NW1027,신혼부부 구성비,신혼부부 특성별 소득(근로·사업소득) 현황,2023,2024-12-19,,소득 평균,만원,Number of newlyweds,Fifth year,101,By income level of wage,신혼부부 특성별
소득구간별,혼인5년차,7372,105,12,A,10000Won,T10,DT_1NW1027,신혼부부 구성비,신혼부부 특성별 소득(근로·사업소득) 현황,2024,2025-12-17,,소득 평균,만원,Number of newlyweds,Fifth year,101,By income level of wage,신혼부부 특성별
소득구간별,서울특별시,8060,211,12,A,10000Won,T10,DT_1NW1027,신혼부부 구성비,신혼부부 특성별 소득(근로·사업소득) 현황,2022,2024-01-08,,소득 평균,만원,Number of newlyweds,Seoul,101,By income level of wage,신혼부부 특성별
소득구간별,서울특별시,8710,211,12,A,10000Won,T10,DT_1NW1027,신혼부부 구성비,신혼부부 특성별 소득(근로·사업소득) 현황,2023,2024-12-19,,소득 평균,만원,Number of newlyweds,Seoul,101,By income level of wage,신혼부부 특성별
소득구간별,서울특별시,9388,211,12,A,10000Won,T10,DT_1NW1027,신혼부부 구성비,신혼부부 특성별 소득(근로·사업소득) 현황,2024,2025-12-17,,소득 평균,만원,Number of newlyweds,Seoul,101,By income level of wage,신혼부부 특성별
소득구간별,부산광역시,5867,221,12,A,10000Won,T10,DT_1NW1027,신혼부부 구성비,신혼부부 특성별 소득(근로·사업소득) 현황,2022,2024-01-08,,소득 평균,만원,Number of newlyweds,Busan,101,By income level of wage,신혼부부 특성별
소득구간별,부산광역시,6548,221,12,A,10000Won,T10,DT_1NW1027,신혼부부 구성비,신혼부부 특성별 소득(근로·사업소득) 현황,2023,2024-12-19,,소득 평균,만원,Number of newlyweds,Busan,101,By income level of wage,신혼부부 특성별
소득구간별,부산광역시,6686,221,12,A,10000Won,T10,DT_1NW1027,신혼부부 구성비,신혼부부 특성별 소득(근로·사업소득) 현황,2024,2025-12-17,,소득 평균,만원,Number of newlyweds,Busan,101,By income level of wage,신혼부부 특성별
소득구간별,대구광역시,5716,222,12,A,10000Won,T10,DT_1NW1027,신혼부부 구성비,신혼부부 특성별 소득(근로·사업소득) 현황,2022,2024-01-08,,소득 평균,만원,Number of newlyweds,Daegu,101,By income level of wage,신혼부부 특성별
소득구간별,대구광역시,6467,222,12,A,10000Won,T10,DT_1NW1027,신혼부부 구성비,신혼부부 특성별 소득(근로·사업소득) 현황,2023,2024-12-19,,소득 평균,만원,Number of newlyweds,Daegu,101,By income level of wage,신혼부부 특성별
소득구간별,대구광역시,6568,222,12,A,10000Won,T10,DT_1NW1027,신혼부부 구성비,신혼부부 특성별 소득(근로·사업소득) 현황,2024,2025-12-17,,소득 평균,만원,Number of newlyweds,Daegu,101,By income level of wage,신혼부부 특성별
소득구간별,인천광역시,5516,223,12,A,10000Won,T10,DT_1NW1027,신혼부부 구성비,신혼부부 특성별 소득(근로·사업소득) 현황,2022,2024-01-08,,소득 평균,만원,Number of newlyweds,Incheon,101,By income level of wage,신혼부부 특성별
소득구간별,인천광역시,6075,223,12,A,10000Won,T10,DT_1NW1027,신혼부부 구성비,신혼부부 특성별 소득(근로·사업소득) 현황,2023,2024-12-19,,소득 평균,만원,Number of newlyweds,Incheon,101,By income level of wage,신혼부부 특성별
소득구간별,인천광역시,6432,223,12,A,10000Won,T10,DT_1NW1027,신혼부부 구성비,신혼부부 특성별 소득(근로·사업소득) 현황,2024,2025-12-17,,소득 평균,만원,Number of newlyweds,Incheon,101,By income level of wage,신혼부부 특성별
소득구간별,광주광역시,5978,224,12,A,10000Won,T10,DT_1NW1027,신혼부부 구성비,신혼부부 특성별 소득(근로·사업소득) 현황,2022,2024-01-08,,소득 평균,만원,Number of newlyweds,Gwangju,101,By income level of wage,신혼부부 특성별
소득구간별,광주광역시,6239,224,12,A,10000Won,T10,DT_1NW1027,신혼부부 구성비,신혼부부 특성별 소득(근로·사업소득) 현황,2023,2024-12-19,,소득 평균,만원,Number of newlyweds,Gwangju,101,By income level of wage,신혼부부 특성별
소득구간별,광주광역시,6253,224,12,A,10000Won,T10,DT_1NW1027,신혼부부 구성비,신혼부부 특성별 소득(근로·사업소득) 현황,2024,2025-12-17,,소득 평균,만원,Number of newlyweds,Gwangju,101,By income level of wage,신혼부부 특성별
소득구간별,대전광역시,5838,225,12,A,10000Won,T10,DT_1NW1027,신혼부부 구성비,신혼부부 특성별 소득(근로·사업소득) 현황,2022,2024-01-08,,소득 평균,만원,Number of newlyweds,Daejeon,101,By income level of wage,신혼부부 특성별
소득구간별,대전광역시,6646,225,12,A,10000Won,T10,DT_1NW1027,신혼부부 구성비,신혼부부 특성별 소득(근로·사업소득) 현황,2023,2024-12-19,,소득 평균,만원,Number of newlyweds,Daejeon,101,By income level of wage,신혼부부 특성별
소득구간별,대전광역시,6737,225,12,A,10000Won,T10,DT_1NW1027,신혼부부 구성비,신혼부부 특성별 소득(근로·사업소득) 현황,2024,2025-12-17,,소득 평균,만원,Number of newlyweds,Daejeon,101,By income level of wage,신혼부부 특성별
소득구간별,울산광역시,6362,226,12,A,10000Won,T10,DT_1NW1027,신혼부부 구성비,신혼부부 특성별 소득(근로·사업소득) 현황,2022,2024-01-08,,소득 평균,만원,Number of newlyweds,Ulsan,101,By income level of wage,신혼부부 특성별
소득구간별,울산광역시,7230,226,12,A,10000Won,T10,DT_1NW1027,신혼부부 구성비,신혼부부 특성별 소득(근로·사업소득) 현황,2023,2024-12-19,,소득 평균,만원,Number of newlyweds,Ulsan,101,By income level of wage,신혼부부 특성별
소득구간별,울산광역시,7534,226,12,A,10000Won,T10,DT_1NW1027,신혼부부 구성비,신혼부부 특성별 소득(근로·사업소득) 현황,2024,2025-12-17,,소득 평균,만원,Number of newlyweds,Ulsan,101,By income level of wage,신혼부부 특성별
소득구간별,세종특별자치시,7008,229,12,A,10000Won,T10,DT_1NW1027,신혼부부 구성비,신혼부부 특성별 소득(근로·사업소득) 현황,2022,2024-01-08,,소득 평균,만원,Number of newlyweds,Sejong,101,By income level of wage,신혼부부 특성별
소득구간별,세종특별자치시,7412,229,12,A,10000Won,T10,DT_1NW1027,신혼부부 구성비,신혼부부 특성별 소득(근로·사업소득) 현황,2023,2024-12-19,,소득 평균,만원,Number of newlyweds,Sejong,101,By income level of wage,신혼부부 특성별
소득구간별,세종특별자치시,8153,229,12,A,10000Won,T10,DT_1NW1027,신혼부부 구성비,신혼부부 특성별 소득(근로·사업소득) 현황,2024,2025-12-17,,소득 평균,만원,Number of newlyweds,Sejong,101,By income level of wage,신혼부부 특성별
소득구간별,경기도,6531,231,12,A,10000Won,T10,DT_1NW1027,신혼부부 구성비,신혼부부 특성별 소득(근로·사업소득) 현황,2022,2024-01-08,,소득 평균,만원,Number of newlyweds,Gyeonggi-do,101,By income level of wage,신혼부부 특성별
소득구간별,경기도,6884,231,12,A,10000Won,T10,DT_1NW1027,신혼부부 구성비,신혼부부 특성별 소득(근로·사업소득) 현황,2023,2024-12-19,,소득 평균,만원,Number of newlyweds,Gyeonggi-do,101,By income level of wage,신혼부부 특성별
소득구간별,경기도,7456,231,12,A,10000Won,T10,DT_1NW1027,신혼부부 구성비,신혼부부 특성별 소득(근로·사업소득) 현황,2024,2025-12-17,,소득 평균,만원,Number of newlyweds,Gyeonggi-do,101,By income level of wage,신혼부부 특성별
소득구간별,강원특별자치도,5408,232,12,A,10000Won,T10,DT_1NW1027,신혼부부 구성비,신혼부부 특성별 소득(근로·사업소득) 현황,2022,2024-01-08,,소득 평균,만원,Number of newlyweds,Gangwon State,101,By income level of wage,신혼부부 특성별
소득구간별,강원특별자치도,5800,232,12,A,10000Won,T10,DT_1NW1027,신혼부부 구성비,신혼부부 특성별 소득(근로·사업소득) 현황,2023,2024-12-19,,소득 평균,만원,Number of newlyweds,Gangwon State,101,By income level of wage,신혼부부 특성별
소득구간별,강원특별자치도,5718,232,12,A,10000Won,T10,DT_1NW1027,신혼부부 구성비,신혼부부 특성별 소득(근로·사업소득) 현황,2024,2025-12-17,,소득 평균,만원,Number of newlyweds,Gangwon State,101,By income level of wage,신혼부부 특성별
소득구간별,충청북도,5964,233,12,A,10000Won,T10,DT_1NW1027,신혼부부 구성비,신혼부부 특성별 소득(근로·사업소득) 현황,2022,2024-01-08,,소득 평균,만원,Number of newlyweds,Chungcheongbuk-do,101,By income level of wage,신혼부부 특성별
소득구간별,충청북도,6219,233,12,A,10000Won,T10,DT_1NW1027,신혼부부 구성비,신혼부부 특성별 소득(근로·사업소득) 현황,2023,2024-12-19,,소득 평균,만원,Number of newlyweds,Chungcheongbuk-do,101,By income level of wage,신혼부부 특성별
소득구간별,충청북도,6639,233,12,A,10000Won,T10,DT_1NW1027,신혼부부 구성비,신혼부부 특성별 소득(근로·사업소득) 현황,2024,2025-12-17,,소득 평균,만원,Number of newlyweds,Chungcheongbuk-do,101,By income level of wage,신혼부부 특성별
소득구간별,충청남도,6104,234,12,A,10000Won,T10,DT_1NW1027,신혼부부 구성비,신혼부부 특성별 소득(근로·사업소득) 현황,2022,2024-01-08,,소득 평균,만원,Number of newlyweds,Chungcheongnam-do,101,By income level of wage,신혼부부 특성별
소득구간별,충청남도,6527,234,12,A,10000Won,T10,DT_1NW1027,신혼부부 구성비,신혼부부 특성별 소득(근로·사업소득) 현황,2023,2024-12-19,,소득 평균,만원,Number of newlyweds,Chungcheongnam-do,101,By income level of wage,신혼부부 특성별
소득구간별,충청남도,6592,234,12,A,10000Won,T10,DT_1NW1027,신혼부부 구성비,신혼부부 특성별 소득(근로·사업소득) 현황,2024,2025-12-17,,소득 평균,만원,Number of newlyweds,Chungcheongnam-do,101,By income level of wage,신혼부부 특성별
소득구간별,전북특별자치도,5159,235,12,A,10000Won,T10,DT_1NW1027,신혼부부 구성비,신혼부부 특성별 소득(근로·사업소득) 현황,2022,2024-01-08,,소득 평균,만원,Number of newlyweds,Jeonbuk State,101,By income level of wage,신혼부부 특성별
소득구간별,전북특별자치도,5496,235,12,A,10000Won,T10,DT_1NW1027,신혼부부 구성비,신혼부부 특성별 소득(근로·사업소득) 현황,2023,2024-12-19,,소득 평균,만원,Number of newlyweds,Jeonbuk State,101,By income level of wage,신혼부부 특성별
소득구간별,전북특별자치도,5916,235,12,A,10000Won,T10,DT_1NW1027,신혼부부 구성비,신혼부부 특성별 소득(근로·사업소득) 현황,2024,2025-12-17,,소득 평균,만원,Number of newlyweds,Jeonbuk State,101,By income level of wage,신혼부부 특성별
소득구간별,전라남도,5528,236,12,A,10000Won,T10,DT_1NW1027,신혼부부 구성비,신혼부부 특성별 소득(근로·사업소득) 현황,2022,2024-01-08,,소득 평균,만원,Number of newlyweds,Jeollanam-do,101,By income level of wage,신혼부부 특성별
소득구간별,전라남도,5696,236,12,A,10000Won,T10,DT_1NW1027,신혼부부 구성비,신혼부부 특성별 소득(근로·사업소득) 현황,2023,2024-12-19,,소득 평균,만원,Number of newlyweds,Jeollanam-do,101,By income level of wage,신혼부부 특성별
소득구간별,전라남도,6068,236,12,A,10000Won,T10,DT_1NW1027,신혼부부 구성비,신혼부부 특성별 소득(근로·사업소득) 현황,2024,2025-12-17,,소득 평균,만원,Number of newlyweds,Jeollanam-do,101,By income level of wage,신혼부부 특성별
소득구간별,경상북도,5505,237,12,A,10000Won,T10,DT_1NW1027,신혼부부 구성비,신혼부부 특성별 소득(근로·사업소득) 현황,2022,2024-01-08,,소득 평균,만원,Number of newlyweds,Gyeongsangbuk-do,101,By income level of wage,신혼부부 특성별
소득구간별,경상북도,5936,237,12,A,10000Won,T10,DT_1NW1027,신혼부부 구성비,신혼부부 특성별 소득(근로·사업소득) 현황,2023,2024-12-19,,소득 평균,만원,Number of newlyweds,Gyeongsangbuk-do,101,By income level of wage,신혼부부 특성별
소득구간별,경상북도,5957,237,12,A,10000Won,T10,DT_1NW1027,신혼부부 구성비,신혼부부 특성별 소득(근로·사업소득) 현황,2024,2025-12-17,,소득 평균,만원,Number of newlyweds,Gyeongsangbuk-do,101,By income level of wage,신혼부부 특성별
소득구간별,경상남도,5487,238,12,A,10000Won,T10,DT_1NW1027,신혼부부 구성비,신혼부부 특성별 소득(근로·사업소득) 현황,2022,2024-01-08,,소득 평균,만원,Number of newlyweds,Gyeongsangnam-do,101,By income level of wage,신혼부부 특성별
소득구간별,경상남도,5754,238,12,A,10000Won,T10,DT_1NW1027,신혼부부 구성비,신혼부부 특성별 소득(근로·사업소득) 현황,2023,2024-12-19,,소득 평균,만원,Number of newlyweds,Gyeongsangnam-do,101,By income level of wage,신혼부부 특성별
소득구간별,경상남도,5973,238,12,A,10000Won,T10,DT_1NW1027,신혼부부 구성비,신혼부부 특성별 소득(근로·사업소득) 현황,2024,2025-12-17,,소득 평균,만원,Number of newlyweds,Gyeongsangnam-do,101,By income level of wage,신혼부부 특성별
소득구간별,제주특별자치도,5149,239,12,A,10000Won,T10,DT_1NW1027,신혼부부 구성비,신혼부부 특성별 소득(근로·사업소득) 현황,2022,2024-01-08,,소득 평균,만원,Number of newlyweds,Jeju-do,101,By income level of wage,신혼부부 특성별
소득구간별,제주특별자치도,5019,239,12,A,10000Won,T10,DT_1NW1027,신혼부부 구성비,신혼부부 특성별 소득(근로·사업소득) 현황,2023,2024-12-19,,소득 평균,만원,Number of newlyweds,Jeju-do,101,By income level of wage,신혼부부 특성별
소득구간별,제주특별자치도,5304,239,12,A,10000Won,T10,DT_1NW1027,신혼부부 구성비,신혼부부 특성별 소득(근로·사업소득) 현황,2024,2025-12-17,,소득 평균,만원,Number of newlyweds,Jeju-do,101,By income level of wage,신혼부부 특성별
소득구간별,맞벌이,8197,701,12,A,10000Won,T10,DT_1NW1027,신혼부부 구성비,신혼부부 특성별 소득(근로·사업소득) 현황,2022,2024-01-08,,소득 평균,만원,Number of newlyweds,Dual-earner families,101,By income level of wage,신혼부부 특성별
소득구간별,맞벌이,8786,701,12,A,10000Won,T10,DT_1NW1027,신혼부부 구성비,신혼부부 특성별 소득(근로·사업소득) 현황,2023,2024-12-19,,소득 평균,만원,Number of newlyweds,Dual-earner families,101,By income level of wage,신혼부부 특성별
소득구간별,맞벌이,9297,701,12,A,10000Won,T10,DT_1NW1027,신혼부부 구성비,신혼부부 특성별 소득(근로·사업소득) 현황,2024,2025-12-17,,소득 평균,만원,Number of newlyweds,Dual-earner families,101,By income level of wage,신혼부부 특성별
소득구간별,외벌이,4770,702,12,A,10000Won,T10,DT_1NW1027,신혼부부 구성비,신혼부부 특성별 소득(근로·사업소득) 현황,2022,2024-01-08,,소득 평균,만원,Number of newlyweds,Single-earner families,101,By income level of wage,신혼부부 특성별
소득구간별,외벌이,5115,702,12,A,10000Won,T10,DT_1NW1027,신혼부부 구성비,신혼부부 특성별 소득(근로·사업소득) 현황,2023,2024-12-19,,소득 평균,만원,Number of newlyweds,Single-earner families,101,By income level of wage,신혼부부 특성별
소득구간별,외벌이,5276,702,12,A,10000Won,T10,DT_1NW1027,신혼부부 구성비,신혼부부 특성별 소득(근로·사업소득) 현황,2024,2025-12-17,,소득 평균,만원,Number of newlyweds,Single-earner families,101,By income level of wage,신혼부부 특성별
소득구간별,기타,999,709,12,A,10000Won,T10,DT_1NW1027,신혼부부 구성비,신혼부부 특성별 소득(근로·사업소득) 현황,2022,2024-01-08,,소득 평균,만원,Number of newlyweds,The others,101,By income level of wage,신혼부부 특성별
소득구간별,기타,1085,709,12,A,10000Won,T10,DT_1NW1027,신혼부부 구성비,신혼부부 특성별 소득(근로·사업소득) 현황,2023,2024-12-19,,소득 평균,만원,Number of newlyweds,The others,101,By income level of wage,신혼부부 특성별
소득구간별,기타,1172,709,12,A,10000Won,T10,DT_1NW1027,신혼부부 구성비,신혼부부 특성별 소득(근로·사업소득) 현황,2024,2025-12-17,,소득 평균,만원,Number of newlyweds,The others,101,By income level of wage,신혼부부 특성별
소득구간별,무자녀,6869,780,12,A,10000Won,T10,DT_1NW1027,신혼부부 구성비,신혼부부 특성별 소득(근로·사업소득) 현황,2022,2024-01-08,,소득 평균,만원,Number of newlyweds,No children,101,By income level of wage,신혼부부 특성별
소득구간별,무자녀,7377,780,12,A,10000Won,T10,DT_1NW1027,신혼부부 구성비,신혼부부 특성별 소득(근로·사업소득) 현황,2023,2024-12-19,,소득 평균,만원,Number of newlyweds,No children,101,By income level of wage,신혼부부 특성별
소득구간별,무자녀,7851,780,12,A,10000Won,T10,DT_1NW1027,신혼부부 구성비,신혼부부 특성별 소득(근로·사업소득) 현황,2024,2025-12-17,,소득 평균,만원,Number of newlyweds,No children,101,By income level of wage,신혼부부 특성별
소득구간별,유자녀,6010,790,12,A,10000Won,T10,DT_1NW1027,신혼부부 구성비,신혼부부 특성별 소득(근로·사업소득) 현황,2022,2024-01-08,,소득 평균,만원,Number of newlyweds,Have children(Subtotal),101,By income level of wage,신혼부부 특성별
소득구간별,유자녀,6414,790,12,A,10000Won,T10,DT_1NW1027,신혼부부 구성비,신혼부부 특성별 소득(근로·사업소득) 현황,2023,2024-12-19,,소득 평균,만원,Number of newlyweds,Have children(Subtotal),101,By income level of wage,신혼부부 특성별
소득구간별,유자녀,6720,790,12,A,10000Won,T10,DT_1NW1027,신혼부부 구성비,신혼부부 특성별 소득(근로·사업소득) 현황,2024,2025-12-17,,소득 평균,만원,Number of newlyweds,Have children(Subtotal),101,By income level of wage,신혼부부 특성별
소득구간별,주택 미소유,5816,810,12,A,10000Won,T10,DT_1NW1027,신혼부부 구성비,신혼부부 특성별 소득(근로·사업소득) 현황,2022,2024-01-08,,소득 평균,만원,Number of newlyweds,Non-possession of house,101,By income level of wage,신혼부부 특성별
소득구간별,주택 미소유,6278,810,12,A,10000Won,T10,DT_1NW1027,신혼부부 구성비,신혼부부 특성별 소득(근로·사업소득) 현황,2023,2024-12-19,,소득 평균,만원,Number of newlyweds,Non-possession of house,101,By income level of wage,신혼부부 특성별
소득구간별,주택 미소유,6586,810,12,A,10000Won,T10,DT_1NW1027,신혼부부 구성비,신혼부부 특성별 소득(근로·사업소득) 현황,2024,2025-12-17,,소득 평균,만원,Number of newlyweds,Non-possession of house,101,By income level of wage,신혼부부 특성별
소득구간별,주택 소유,7136,820,12,A,10000Won,T10,DT_1NW1027,신혼부부 구성비,신혼부부 특성별 소득(근로·사업소득) 현황,2022,2024-01-08,,소득 평균,만원,Number of newlyweds,Possession of house(Subtotal),101,By income level of wage,신혼부부 특성별
소득구간별,주택 소유,7575,820,12,A,10000Won,T10,DT_1NW1027,신혼부부 구성비,신혼부부 특성별 소득(근로·사업소득) 현황,2023,2024-12-19,,소득 평균,만원,Number of newlyweds,Possession of house(Subtotal),101,By income level of wage,신혼부부 특성별
소득구간별,주택 소유,8028,820,12,A,10000Won,T10,DT_1NW1027,신혼부부 구성비,신혼부부 특성별 소득(근로·사업소득) 현황,2024,2025-12-17,,소득 평균,만원,Number of newlyweds,Possession of house(Subtotal),101,By income level of wage,신혼부부 특성별
소득구간별,전국,5570,000,13,A,10000Won,T10,DT_1NW1027,신혼부부 구성비,신혼부부 특성별 소득(근로·사업소득) 현황,2022,2024-01-08,,소득 중앙값,만원,Number of newlyweds,Whole country,101,By income level of wage,신혼부부 특성별
소득구간별,전국,5974,000,13,A,10000Won,T10,DT_1NW1027,신혼부부 구성비,신혼부부 특성별 소득(근로·사업소득) 현황,2023,2024-12-19,,소득 중앙값,만원,Number of newlyweds,Whole country,101,By income level of wage,신혼부부 특성별
소득구간별,전국,6279,000,13,A,10000Won,T10,DT_1NW1027,신혼부부 구성비,신혼부부 특성별 소득(근로·사업소득) 현황,2024,2025-12-17,,소득 중앙값,만원,Number of newlyweds,Whole country,101,By income level of wage,신혼부부 특성별
소득구간별,혼인1년차,5754,101,13,A,10000Won,T10,DT_1NW1027,신혼부부 구성비,신혼부부 특성별 소득(근로·사업소득) 현황,2022,2024-01-08,,소득 중앙값,만원,Number of newlyweds,First year,101,By income level of wage,신혼부부 특성별
소득구간별,혼인1년차,6289,101,13,A,10000Won,T10,DT_1NW1027,신혼부부 구성비,신혼부부 특성별 소득(근로·사업소득) 현황,2023,2024-12-19,,소득 중앙값,만원,Number of newlyweds,First year,101,By income level of wage,신혼부부 특성별
소득구간별,혼인1년차,6831,101,13,A,10000Won,T10,DT_1NW1027,신혼부부 구성비,신혼부부 특성별 소득(근로·사업소득) 현황,2024,2025-12-17,,소득 중앙값,만원,Number of newlyweds,First year,101,By income level of wage,신혼부부 특성별
소득구간별,혼인2년차,5580,102,13,A,10000Won,T10,DT_1NW1027,신혼부부 구성비,신혼부부 특성별 소득(근로·사업소득) 현황,2022,2024-01-08,,소득 중앙값,만원,Number of newlyweds,Second year,101,By income level of wage,신혼부부 특성별
소득구간별,혼인2년차,5756,102,13,A,10000Won,T10,DT_1NW1027,신혼부부 구성비,신혼부부 특성별 소득(근로·사업소득) 현황,2023,2024-12-19,,소득 중앙값,만원,Number of newlyweds,Second year,101,By income level of wage,신혼부부 특성별
소득구간별,혼인2년차,5986,102,13,A,10000Won,T10,DT_1NW1027,신혼부부 구성비,신혼부부 특성별 소득(근로·사업소득) 현황,2024,2025-12-17,,소득 중앙값,만원,Number of newlyweds,Second year,101,By income level of wage,신혼부부 특성별
소득구간별,혼인3년차,5461,103,13,A,10000Won,T10,DT_1NW1027,신혼부부 구성비,신혼부부 특성별 소득(근로·사업소득) 현황,2022,2024-01-08,,소득 중앙값,만원,Number of newlyweds,Third year,101,By income level of wage,신혼부부 특성별
소득구간별,혼인3년차,5946,103,13,A,10000Won,T10,DT_1NW1027,신혼부부 구성비,신혼부부 특성별 소득(근로·사업소득) 현황,2023,2024-12-19,,소득 중앙값,만원,Number of newlyweds,Third year,101,By income level of wage,신혼부부 특성별
소득구간별,혼인3년차,5979,103,13,A,10000Won,T10,DT_1NW1027,신혼부부 구성비,신혼부부 특성별 소득(근로·사업소득) 현황,2024,2025-12-17,,소득 중앙값,만원,Number of newlyweds,Third year,101,By income level of wage,신혼부부 특성별
소득구간별,혼인4년차,5517,104,13,A,10000Won,T10,DT_1NW1027,신혼부부 구성비,신혼부부 특성별 소득(근로·사업소득) 현황,2022,2024-01-08,,소득 중앙값,만원,Number of newlyweds,Fourth year,101,By income level of wage,신혼부부 특성별
소득구간별,혼인4년차,5883,104,13,A,10000Won,T10,DT_1NW1027,신혼부부 구성비,신혼부부 특성별 소득(근로·사업소득) 현황,2023,2024-12-19,,소득 중앙값,만원,Number of newlyweds,Fourth year,101,By income level of wage,신혼부부 특성별
소득구간별,혼인4년차,6148,104,13,A,10000Won,T10,DT_1NW1027,신혼부부 구성비,신혼부부 특성별 소득(근로·사업소득) 현황,2024,2025-12-17,,소득 중앙값,만원,Number of newlyweds,Fourth year,101,By income level of wage,신혼부부 특성별
소득구간별,혼인5년차,5583,105,13,A,10000Won,T10,DT_1NW1027,신혼부부 구성비,신혼부부 특성별 소득(근로·사업소득) 현황,2022,2024-01-08,,소득 중앙값,만원,Number of newlyweds,Fifth year,101,By income level of wage,신혼부부 특성별
소득구간별,혼인5년차,5979,105,13,A,10000Won,T10,DT_1NW1027,신혼부부 구성비,신혼부부 특성별 소득(근로·사업소득) 현황,2023,2024-12-19,,소득 중앙값,만원,Number of newlyweds,Fifth year,101,By income level of wage,신혼부부 특성별
소득구간별,혼인5년차,6347,105,13,A,10000Won,T10,DT_1NW1027,신혼부부 구성비,신혼부부 특성별 소득(근로·사업소득) 현황,2024,2025-12-17,,소득 중앙값,만원,Number of newlyweds,Fifth year,101,By income level of wage,신혼부부 특성별
소득구간별,서울특별시,6643,211,13,A,10000Won,T10,DT_1NW1027,신혼부부 구성비,신혼부부 특성별 소득(근로·사업소득) 현황,2022,2024-01-08,,소득 중앙값,만원,Number of newlyweds,Seoul,101,By income level of wage,신혼부부 특성별
소득구간별,서울특별시,7302,211,13,A,10000Won,T10,DT_1NW1027,신혼부부 구성비,신혼부부 특성별 소득(근로·사업소득) 현황,2023,2024-12-19,,소득 중앙값,만원,Number of newlyweds,Seoul,101,By income level of wage,신혼부부 특성별
소득구간별,서울특별시,7658,211,13,A,10000Won,T10,DT_1NW1027,신혼부부 구성비,신혼부부 특성별 소득(근로·사업소득) 현황,2024,2025-12-17,,소득 중앙값,만원,Number of newlyweds,Seoul,101,By income level of wage,신혼부부 특성별
소득구간별,부산광역시,5196,221,13,A,10000Won,T10,DT_1NW1027,신혼부부 구성비,신혼부부 특성별 소득(근로·사업소득) 현황,2022,2024-01-08,,소득 중앙값,만원,Number of newlyweds,Busan,101,By income level of wage,신혼부부 특성별
소득구간별,부산광역시,5607,221,13,A,10000Won,T10,DT_1NW1027,신혼부부 구성비,신혼부부 특성별 소득(근로·사업소득) 현황,2023,2024-12-19,,소득 중앙값,만원,Number of newlyweds,Busan,101,By income level of wage,신혼부부 특성별
소득구간별,부산광역시,5919,221,13,A,10000Won,T10,DT_1NW1027,신혼부부 구성비,신혼부부 특성별 소득(근로·사업소득) 현황,2024,2025-12-17,,소득 중앙값,만원,Number of newlyweds,Busan,101,By income level of wage,신혼부부 특성별
소득구간별,대구광역시,5081,222,13,A,10000Won,T10,DT_1NW1027,신혼부부 구성비,신혼부부 특성별 소득(근로·사업소득) 현황,2022,2024-01-08,,소득 중앙값,만원,Number of newlyweds,Daegu,101,By income level of wage,신혼부부 특성별
소득구간별,대구광역시,5674,222,13,A,10000Won,T10,DT_1NW1027,신혼부부 구성비,신혼부부 특성별 소득(근로·사업소득) 현황,2023,2024-12-19,,소득 중앙값,만원,Number of newlyweds,Daegu,101,By income level of wage,신혼부부 특성별
소득구간별,대구광역시,5808,222,13,A,10000Won,T10,DT_1NW1027,신혼부부 구성비,신혼부부 특성별 소득(근로·사업소득) 현황,2024,2025-12-17,,소득 중앙값,만원,Number of newlyweds,Daegu,101,By income level of wage,신혼부부 특성별
소득구간별,인천광역시,5038,223,13,A,10000Won,T10,DT_1NW1027,신혼부부 구성비,신혼부부 특성별 소득(근로·사업소득) 현황,2022,2024-01-08,,소득 중앙값,만원,Number of newlyweds,Incheon,101,By income level of wage,신혼부부 특성별
소득구간별,인천광역시,5444,223,13,A,10000Won,T10,DT_1NW1027,신혼부부 구성비,신혼부부 특성별 소득(근로·사업소득) 현황,2023,2024-12-19,,소득 중앙값,만원,Number of newlyweds,Incheon,101,By income level of wage,신혼부부 특성별
소득구간별,인천광역시,5800,223,13,A,10000Won,T10,DT_1NW1027,신혼부부 구성비,신혼부부 특성별 소득(근로·사업소득) 현황,2024,2025-12-17,,소득 중앙값,만원,Number of newlyweds,Incheon,101,By income level of wage,신혼부부 특성별
소득구간별,광주광역시,5152,224,13,A,10000Won,T10,DT_1NW1027,신혼부부 구성비,신혼부부 특성별 소득(근로·사업소득) 현황,2022,2024-01-08,,소득 중앙값,만원,Number of newlyweds,Gwangju,101,By income level of wage,신혼부부 특성별
소득구간별,광주광역시,5528,224,13,A,10000Won,T10,DT_1NW1027,신혼부부 구성비,신혼부부 특성별 소득(근로·사업소득) 현황,2023,2024-12-19,,소득 중앙값,만원,Number of newlyweds,Gwangju,101,By income level of wage,신혼부부 특성별
소득구간별,광주광역시,5749,224,13,A,10000Won,T10,DT_1NW1027,신혼부부 구성비,신혼부부 특성별 소득(근로·사업소득) 현황,2024,2025-12-17,,소득 중앙값,만원,Number of newlyweds,Gwangju,101,By income level of wage,신혼부부 특성별
소득구간별,대전광역시,5315,225,13,A,10000Won,T10,DT_1NW1027,신혼부부 구성비,신혼부부 특성별 소득(근로·사업소득) 현황,2022,2024-01-08,,소득 중앙값,만원,Number of newlyweds,Daejeon,101,By income level of wage,신혼부부 특성별
소득구간별,대전광역시,5850,225,13,A,10000Won,T10,DT_1NW1027,신혼부부 구성비,신혼부부 특성별 소득(근로·사업소득) 현황,2023,2024-12-19,,소득 중앙값,만원,Number of newlyweds,Daejeon,101,By income level of wage,신혼부부 특성별
소득구간별,대전광역시,6057,225,13,A,10000Won,T10,DT_1NW1027,신혼부부 구성비,신혼부부 특성별 소득(근로·사업소득) 현황,2024,2025-12-17,,소득 중앙값,만원,Number of newlyweds,Daejeon,101,By income level of wage,신혼부부 특성별
소득구간별,울산광역시,5922,226,13,A,10000Won,T10,DT_1NW1027,신혼부부 구성비,신혼부부 특성별 소득(근로·사업소득) 현황,2022,2024-01-08,,소득 중앙값,만원,Number of newlyweds,Ulsan,101,By income level of wage,신혼부부 특성별
소득구간별,울산광역시,6660,226,13,A,10000Won,T10,DT_1NW1027,신혼부부 구성비,신혼부부 특성별 소득(근로·사업소득) 현황,2023,2024-12-19,,소득 중앙값,만원,Number of newlyweds,Ulsan,101,By income level of wage,신혼부부 특성별
소득구간별,울산광역시,7039,226,13,A,10000Won,T10,DT_1NW1027,신혼부부 구성비,신혼부부 특성별 소득(근로·사업소득) 현황,2024,2025-12-17,,소득 중앙값,만원,Number of newlyweds,Ulsan,101,By income level of wage,신혼부부 특성별
소득구간별,세종특별자치시,6414,229,13,A,10000Won,T10,DT_1NW1027,신혼부부 구성비,신혼부부 특성별 소득(근로·사업소득) 현황,2022,2024-01-08,,소득 중앙값,만원,Number of newlyweds,Sejong,101,By income level of wage,신혼부부 특성별
소득구간별,세종특별자치시,7024,229,13,A,10000Won,T10,DT_1NW1027,신혼부부 구성비,신혼부부 특성별 소득(근로·사업소득) 현황,2023,2024-12-19,,소득 중앙값,만원,Number of newlyweds,Sejong,101,By income level of wage,신혼부부 특성별
소득구간별,세종특별자치시,7644,229,13,A,10000Won,T10,DT_1NW1027,신혼부부 구성비,신혼부부 특성별 소득(근로·사업소득) 현황,2024,2025-12-17,,소득 중앙값,만원,Number of newlyweds,Sejong,101,By income level of wage,신혼부부 특성별
소득구간별,경기도,5752,231,13,A,10000Won,T10,DT_1NW1027,신혼부부 구성비,신혼부부 특성별 소득(근로·사업소득) 현황,2022,2024-01-08,,소득 중앙값,만원,Number of newlyweds,Gyeonggi-do,101,By income level of wage,신혼부부 특성별
소득구간별,경기도,6117,231,13,A,10000Won,T10,DT_1NW1027,신혼부부 구성비,신혼부부 특성별 소득(근로·사업소득) 현황,2023,2024-12-19,,소득 중앙값,만원,Number of newlyweds,Gyeonggi-do,101,By income level of wage,신혼부부 특성별
소득구간별,경기도,6476,231,13,A,10000Won,T10,DT_1NW1027,신혼부부 구성비,신혼부부 특성별 소득(근로·사업소득) 현황,2024,2025-12-17,,소득 중앙값,만원,Number of newlyweds,Gyeonggi-do,101,By income level of wage,신혼부부 특성별
소득구간별,강원특별자치도,5088,232,13,A,10000Won,T10,DT_1NW1027,신혼부부 구성비,신혼부부 특성별 소득(근로·사업소득) 현황,2022,2024-01-08,,소득 중앙값,만원,Number of newlyweds,Gangwon State,101,By income level of wage,신혼부부 특성별
소득구간별,강원특별자치도,5294,232,13,A,10000Won,T10,DT_1NW1027,신혼부부 구성비,신혼부부 특성별 소득(근로·사업소득) 현황,2023,2024-12-19,,소득 중앙값,만원,Number of newlyweds,Gangwon State,101,By income level of wage,신혼부부 특성별
소득구간별,강원특별자치도,5432,232,13,A,10000Won,T10,DT_1NW1027,신혼부부 구성비,신혼부부 특성별 소득(근로·사업소득) 현황,2024,2025-12-17,,소득 중앙값,만원,Number of newlyweds,Gangwon State,101,By income level of wage,신혼부부 특성별
소득구간별,충청북도,5431,233,13,A,10000Won,T10,DT_1NW1027,신혼부부 구성비,신혼부부 특성별 소득(근로·사업소득) 현황,2022,2024-01-08,,소득 중앙값,만원,Number of newlyweds,Chungcheongbuk-do,101,By income level of wage,신혼부부 특성별
소득구간별,충청북도,5821,233,13,A,10000Won,T10,DT_1NW1027,신혼부부 구성비,신혼부부 특성별 소득(근로·사업소득) 현황,2023,2024-12-19,,소득 중앙값,만원,Number of newlyweds,Chungcheongbuk-do,101,By income level of wage,신혼부부 특성별
소득구간별,충청북도,6132,233,13,A,10000Won,T10,DT_1NW1027,신혼부부 구성비,신혼부부 특성별 소득(근로·사업소득) 현황,2024,2025-12-17,,소득 중앙값,만원,Number of newlyweds,Chungcheongbuk-do,101,By income level of wage,신혼부부 특성별
소득구간별,충청남도,5635,234,13,A,10000Won,T10,DT_1NW1027,신혼부부 구성비,신혼부부 특성별 소득(근로·사업소득) 현황,2022,2024-01-08,,소득 중앙값,만원,Number of newlyweds,Chungcheongnam-do,101,By income level of wage,신혼부부 특성별
소득구간별,충청남도,6020,234,13,A,10000Won,T10,DT_1NW1027,신혼부부 구성비,신혼부부 특성별 소득(근로·사업소득) 현황,2023,2024-12-19,,소득 중앙값,만원,Number of newlyweds,Chungcheongnam-do,101,By income level of wage,신혼부부 특성별
소득구간별,충청남도,6091,234,13,A,10000Won,T10,DT_1NW1027,신혼부부 구성비,신혼부부 특성별 소득(근로·사업소득) 현황,2024,2025-12-17,,소득 중앙값,만원,Number of newlyweds,Chungcheongnam-do,101,By income level of wage,신혼부부 특성별
소득구간별,전북특별자치도,4696,235,13,A,10000Won,T10,DT_1NW1027,신혼부부 구성비,신혼부부 특성별 소득(근로·사업소득) 현황,2022,2024-01-08,,소득 중앙값,만원,Number of newlyweds,Jeonbuk State,101,By income level of wage,신혼부부 특성별
소득구간별,전북특별자치도,5160,235,13,A,10000Won,T10,DT_1NW1027,신혼부부 구성비,신혼부부 특성별 소득(근로·사업소득) 현황,2023,2024-12-19,,소득 중앙값,만원,Number of newlyweds,Jeonbuk State,101,By income level of wage,신혼부부 특성별
소득구간별,전북특별자치도,5389,235,13,A,10000Won,T10,DT_1NW1027,신혼부부 구성비,신혼부부 특성별 소득(근로·사업소득) 현황,2024,2025-12-17,,소득 중앙값,만원,Number of newlyweds,Jeonbuk State,101,By income level of wage,신혼부부 특성별
소득구간별,전라남도,5168,236,13,A,10000Won,T10,DT_1NW1027,신혼부부 구성비,신혼부부 특성별 소득(근로·사업소득) 현황,2022,2024-01-08,,소득 중앙값,만원,Number of newlyweds,Jeollanam-do,101,By income level of wage,신혼부부 특성별
소득구간별,전라남도,5419,236,13,A,10000Won,T10,DT_1NW1027,신혼부부 구성비,신혼부부 특성별 소득(근로·사업소득) 현황,2023,2024-12-19,,소득 중앙값,만원,Number of newlyweds,Jeollanam-do,101,By income level of wage,신혼부부 특성별
소득구간별,전라남도,5725,236,13,A,10000Won,T10,DT_1NW1027,신혼부부 구성비,신혼부부 특성별 소득(근로·사업소득) 현황,2024,2025-12-17,,소득 중앙값,만원,Number of newlyweds,Jeollanam-do,101,By income level of wage,신혼부부 특성별
소득구간별,경상북도,5053,237,13,A,10000Won,T10,DT_1NW1027,신혼부부 구성비,신혼부부 특성별 소득(근로·사업소득) 현황,2022,2024-01-08,,소득 중앙값,만원,Number of newlyweds,Gyeongsangbuk-do,101,By income level of wage,신혼부부 특성별
소득구간별,경상북도,5362,237,13,A,10000Won,T10,DT_1NW1027,신혼부부 구성비,신혼부부 특성별 소득(근로·사업소득) 현황,2023,2024-12-19,,소득 중앙값,만원,Number of newlyweds,Gyeongsangbuk-do,101,By income level of wage,신혼부부 특성별
소득구간별,경상북도,5722,237,13,A,10000Won,T10,DT_1NW1027,신혼부부 구성비,신혼부부 특성별 소득(근로·사업소득) 현황,2024,2025-12-17,,소득 중앙값,만원,Number of newlyweds,Gyeongsangbuk-do,101,By income level of wage,신혼부부 특성별
소득구간별,경상남도,4938,238,13,A,10000Won,T10,DT_1NW1027,신혼부부 구성비,신혼부부 특성별 소득(근로·사업소득) 현황,2022,2024-01-08,,소득 중앙값,만원,Number of newlyweds,Gyeongsangnam-do,101,By income level of wage,신혼부부 특성별
소득구간별,경상남도,5284,238,13,A,10000Won,T10,DT_1NW1027,신혼부부 구성비,신혼부부 특성별 소득(근로·사업소득) 현황,2023,2024-12-19,,소득 중앙값,만원,Number of newlyweds,Gyeongsangnam-do,101,By income level of wage,신혼부부 특성별
소득구간별,경상남도,5588,238,13,A,10000Won,T10,DT_1NW1027,신혼부부 구성비,신혼부부 특성별 소득(근로·사업소득) 현황,2024,2025-12-17,,소득 중앙값,만원,Number of newlyweds,Gyeongsangnam-do,101,By income level of wage,신혼부부 특성별
소득구간별,제주특별자치도,4550,239,13,A,10000Won,T10,DT_1NW1027,신혼부부 구성비,신혼부부 특성별 소득(근로·사업소득) 현황,2022,2024-01-08,,소득 중앙값,만원,Number of newlyweds,Jeju-do,101,By income level of wage,신혼부부 특성별
소득구간별,제주특별자치도,4388,239,13,A,10000Won,T10,DT_1NW1027,신혼부부 구성비,신혼부부 특성별 소득(근로·사업소득) 현황,2023,2024-12-19,,소득 중앙값,만원,Number of newlyweds,Jeju-do,101,By income level of wage,신혼부부 특성별
소득구간별,제주특별자치도,4867,239,13,A,10000Won,T10,DT_1NW1027,신혼부부 구성비,신혼부부 특성별 소득(근로·사업소득) 현황,2024,2025-12-17,,소득 중앙값,만원,Number of newlyweds,Jeju-do,101,By income level of wage,신혼부부 특성별
소득구간별,맞벌이,7271,701,13,A,10000Won,T10,DT_1NW1027,신혼부부 구성비,신혼부부 특성별 소득(근로·사업소득) 현황,2022,2024-01-08,,소득 중앙값,만원,Number of newlyweds,Dual-earner families,101,By income level of wage,신혼부부 특성별
소득구간별,맞벌이,7790,701,13,A,10000Won,T10,DT_1NW1027,신혼부부 구성비,신혼부부 특성별 소득(근로·사업소득) 현황,2023,2024-12-19,,소득 중앙값,만원,Number of newlyweds,Dual-earner families,101,By income level of wage,신혼부부 특성별
소득구간별,맞벌이,8137,701,13,A,10000Won,T10,DT_1NW1027,신혼부부 구성비,신혼부부 특성별 소득(근로·사업소득) 현황,2024,2025-12-17,,소득 중앙값,만원,Number of newlyweds,Dual-earner families,101,By income level of wage,신혼부부 특성별
소득구간별,외벌이,4330,702,13,A,10000Won,T10,DT_1NW1027,신혼부부 구성비,신혼부부 특성별 소득(근로·사업소득) 현황,2022,2024-01-08,,소득 중앙값,만원,Number of newlyweds,Single-earner families,101,By income level of wage,신혼부부 특성별
소득구간별,외벌이,4574,702,13,A,10000Won,T10,DT_1NW1027,신혼부부 구성비,신혼부부 특성별 소득(근로·사업소득) 현황,2023,2024-12-19,,소득 중앙값,만원,Number of newlyweds,Single-earner families,101,By income level of wage,신혼부부 특성별
소득구간별,외벌이,4729,702,13,A,10000Won,T10,DT_1NW1027,신혼부부 구성비,신혼부부 특성별 소득(근로·사업소득) 현황,2024,2025-12-17,,소득 중앙값,만원,Number of newlyweds,Single-earner families,101,By income level of wage,신혼부부 특성별
소득구간별,기타,316,709,13,A,10000Won,T10,DT_1NW1027,신혼부부 구성비,신혼부부 특성별 소득(근로·사업소득) 현황,2022,2024-01-08,,소득 중앙값,만원,Number of newlyweds,The others,101,By income level of wage,신혼부부 특성별
소득구간별,기타,393,709,13,A,10000Won,T10,DT_1NW1027,신혼부부 구성비,신혼부부 특성별 소득(근로·사업소득) 현황,2023,2024-12-19,,소득 중앙값,만원,Number of newlyweds,The others,101,By income level of wage,신혼부부 특성별
소득구간별,기타,361,709,13,A,10000Won,T10,DT_1NW1027,신혼부부 구성비,신혼부부 특성별 소득(근로·사업소득) 현황,2024,2025-12-17,,소득 중앙값,만원,Number of newlyweds,The others,101,By income level of wage,신혼부부 특성별
소득구간별,무자녀,6198,780,13,A,10000Won,T10,DT_1NW1027,신혼부부 구성비,신혼부부 특성별 소득(근로·사업소득) 현황,2022,2024-01-08,,소득 중앙값,만원,Number of newlyweds,No children,101,By income level of wage,신혼부부 특성별
소득구간별,무자녀,6600,780,13,A,10000Won,T10,DT_1NW1027,신혼부부 구성비,신혼부부 특성별 소득(근로·사업소득) 현황,2023,2024-12-19,,소득 중앙값,만원,Number of newlyweds,No children,101,By income level of wage,신혼부부 특성별
소득구간별,무자녀,6995,780,13,A,10000Won,T10,DT_1NW1027,신혼부부 구성비,신혼부부 특성별 소득(근로·사업소득) 현황,2024,2025-12-17,,소득 중앙값,만원,Number of newlyweds,No children,101,By income level of wage,신혼부부 특성별
소득구간별,유자녀,5141,790,13,A,10000Won,T10,DT_1NW1027,신혼부부 구성비,신혼부부 특성별 소득(근로·사업소득) 현황,2022,2024-01-08,,소득 중앙값,만원,Number of newlyweds,Have children(Subtotal),101,By income level of wage,신혼부부 특성별
소득구간별,유자녀,5511,790,13,A,10000Won,T10,DT_1NW1027,신혼부부 구성비,신혼부부 특성별 소득(근로·사업소득) 현황,2023,2024-12-19,,소득 중앙값,만원,Number of newlyweds,Have children(Subtotal),101,By income level of wage,신혼부부 특성별
소득구간별,유자녀,5737,790,13,A,10000Won,T10,DT_1NW1027,신혼부부 구성비,신혼부부 특성별 소득(근로·사업소득) 현황,2024,2025-12-17,,소득 중앙값,만원,Number of newlyweds,Have children(Subtotal),101,By income level of wage,신혼부부 특성별
소득구간별,주택 미소유,5192,810,13,A,10000Won,T10,DT_1NW1027,신혼부부 구성비,신혼부부 특성별 소득(근로·사업소득) 현황,2022,2024-01-08,,소득 중앙값,만원,Number of newlyweds,Non-possession of house,101,By income level of wage,신혼부부 특성별
소득구간별,주택 미소유,5569,810,13,A,10000Won,T10,DT_1NW1027,신혼부부 구성비,신혼부부 특성별 소득(근로·사업소득) 현황,2023,2024-12-19,,소득 중앙값,만원,Number of newlyweds,Non-possession of house,101,By income level of wage,신혼부부 특성별
소득구간별,주택 미소유,5836,810,13,A,10000Won,T10,DT_1NW1027,신혼부부 구성비,신혼부부 특성별 소득(근로·사업소득) 현황,2024,2025-12-17,,소득 중앙값,만원,Number of newlyweds,Non-possession of house,101,By income level of wage,신혼부부 특성별
소득구간별,주택 소유,6152,820,13,A,10000Won,T10,DT_1NW1027,신혼부부 구성비,신혼부부 특성별 소득(근로·사업소득) 현황,2022,2024-01-08,,소득 중앙값,만원,Number of newlyweds,Possession of house(Subtotal),101,By income level of wage,신혼부부 특성별
소득구간별,주택 소유,6521,820,13,A,10000Won,T10,DT_1NW1027,신혼부부 구성비,신혼부부 특성별 소득(근로·사업소득) 현황,2023,2024-12-19,,소득 중앙값,만원,Number of newlyweds,Possession of house(Subtotal),101,By income level of wage,신혼부부 특성별
소득구간별,주택 소유,6883,820,13,A,10000Won,T10,DT_1NW1027,신혼부부 구성비,신혼부부 특성별 소득(근로·사업소득) 현황,2024,2025-12-17,,소득 중앙값,만원,Number of newlyweds,Possession of house(Subtotal),101,By income level of wage,신혼부부 특성별
소득구간별,전국,13.7,000,2,A,Percent Ten Thousands Won,T10,DT_1NW1027,신혼부부 구성비,신혼부부 특성별 소득(근로·사업소득) 현황,2022,2024-01-08,10 million ~ 30 million won,1000~3000만원 미만,% 만원,Number of newlyweds,Whole country,101,By income level of wage,신혼부부 특성별
소득구간별,전국,12.5,000,2,A,Percent Ten Thousands Won,T10,DT_1NW1027,신혼부부 구성비,신혼부부 특성별 소득(근로·사업소득) 현황,2023,2024-12-19,10 million ~ 30 million won,1000~3000만원 미만,% 만원,Number of newlyweds,Whole country,101,By income level of wage,신혼부부 특성별
소득구간별,전국,11.9,000,2,A,Percent Ten Thousands Won,T10,DT_1NW1027,신혼부부 구성비,신혼부부 특성별 소득(근로·사업소득) 현황,2024,2025-12-17,10 million ~ 30 million won,1000~3000만원 미만,% 만원,Number of newlyweds,Whole country,101,By income level of wage,신혼부부 특성별
소득구간별,혼인1년차,13.2,101,2,A,Percent Ten Thousands Won,T10,DT_1NW1027,신혼부부 구성비,신혼부부 특성별 소득(근로·사업소득) 현황,2022,2024-01-08,10 million ~ 30 million won,1000~3000만원 미만,% 만원,Number of newlyweds,First year,101,By income level of wage,신혼부부 특성별
소득구간별,혼인1년차,11.6,101,2,A,Percent Ten Thousands Won,T10,DT_1NW1027,신혼부부 구성비,신혼부부 특성별 소득(근로·사업소득) 현황,2023,2024-12-19,10 million ~ 30 million won,1000~3000만원 미만,% 만원,Number of newlyweds,First year,101,By income level of wage,신혼부부 특성별
소득구간별,혼인1년차,10.2,101,2,A,Percent Ten Thousands Won,T10,DT_1NW1027,신혼부부 구성비,신혼부부 특성별 소득(근로·사업소득) 현황,2024,2025-12-17,10 million ~ 30 million won,1000~3000만원 미만,% 만원,Number of newlyweds,First year,101,By income level of wage,신혼부부 특성별
소득구간별,혼인2년차,14,102,2,A,Percent Ten Thousands Won,T10,DT_1NW1027,신혼부부 구성비,신혼부부 특성별 소득(근로·사업소득) 현황,2022,2024-01-08,10 million ~ 30 million won,1000~3000만원 미만,% 만원,Number of newlyweds,Second year,101,By income level of wage,신혼부부 특성별
소득구간별,혼인2년차,12.8,102,2,A,Percent Ten Thousands Won,T10,DT_1NW1027,신혼부부 구성비,신혼부부 특성별 소득(근로·사업소득) 현황,2023,2024-12-19,10 million ~ 30 million won,1000~3000만원 미만,% 만원,Number of newlyweds,Second year,101,By income level of wage,신혼부부 특성별
소득구간별,혼인2년차,12.7,102,2,A,Percent Ten Thousands Won,T10,DT_1NW1027,신혼부부 구성비,신혼부부 특성별 소득(근로·사업소득) 현황,2024,2025-12-17,10 million ~ 30 million won,1000~3000만원 미만,% 만원,Number of newlyweds,Second year,101,By income level of wage,신혼부부 특성별
소득구간별,혼인3년차,13.6,103,2,A,Percent Ten Thousands Won,T10,DT_1NW1027,신혼부부 구성비,신혼부부 특성별 소득(근로·사업소득) 현황,2022,2024-01-08,10 million ~ 30 million won,1000~3000만원 미만,% 만원,Number of newlyweds,Third year,101,By income level of wage,신혼부부 특성별
소득구간별,혼인3년차,12.6,103,2,A,Percent Ten Thousands Won,T10,DT_1NW1027,신혼부부 구성비,신혼부부 특성별 소득(근로·사업소득) 현황,2023,2024-12-19,10 million ~ 30 million won,1000~3000만원 미만,% 만원,Number of newlyweds,Third year,101,By income level of wage,신혼부부 특성별
소득구간별,혼인3년차,12.1,103,2,A,Percent Ten Thousands Won,T10,DT_1NW1027,신혼부부 구성비,신혼부부 특성별 소득(근로·사업소득) 현황,2024,2025-12-17,10 million ~ 30 million won,1000~3000만원 미만,% 만원,Number of newlyweds,Third year,101,By income level of wage,신혼부부 특성별
소득구간별,혼인4년차,13.7,104,2,A,Percent Ten Thousands Won,T10,DT_1NW1027,신혼부부 구성비,신혼부부 특성별 소득(근로·사업소득) 현황,2022,2024-01-08,10 million ~ 30 million won,1000~3000만원 미만,% 만원,Number of newlyweds,Fourth year,101,By income level of wage,신혼부부 특성별
소득구간별,혼인4년차,12.7,104,2,A,Percent Ten Thousands Won,T10,DT_1NW1027,신혼부부 구성비,신혼부부 특성별 소득(근로·사업소득) 현황,2023,2024-12-19,10 million ~ 30 million won,1000~3000만원 미만,% 만원,Number of newlyweds,Fourth year,101,By income level of wage,신혼부부 특성별
소득구간별,혼인4년차,12.7,104,2,A,Percent Ten Thousands Won,T10,DT_1NW1027,신혼부부 구성비,신혼부부 특성별 소득(근로·사업소득) 현황,2024,2025-12-17,10 million ~ 30 million won,1000~3000만원 미만,% 만원,Number of newlyweds,Fourth year,101,By income level of wage,신혼부부 특성별
소득구간별,혼인5년차,13.9,105,2,A,Percent Ten Thousands Won,T10,DT_1NW1027,신혼부부 구성비,신혼부부 특성별 소득(근로·사업소득) 현황,2022,2024-01-08,10 million ~ 30 million won,1000~3000만원 미만,% 만원,Number of newlyweds,Fifth year,101,By income level of wage,신혼부부 특성별
소득구간별,혼인5년차,12.7,105,2,A,Percent Ten Thousands Won,T10,DT_1NW1027,신혼부부 구성비,신혼부부 특성별 소득(근로·사업소득) 현황,2023,2024-12-19,10 million ~ 30 million won,1000~3000만원 미만,% 만원,Number of newlyweds,Fifth year,101,By income level of wage,신혼부부 특성별
소득구간별,혼인5년차,11.9,105,2,A,Percent Ten Thousands Won,T10,DT_1NW1027,신혼부부 구성비,신혼부부 특성별 소득(근로·사업소득) 현황,2024,2025-12-17,10 million ~ 30 million won,1000~3000만원 미만,% 만원,Number of newlyweds,Fifth year,101,By income level of wage,신혼부부 특성별
소득구간별,서울특별시,11.3,211,2,A,Percent Ten Thousands Won,T10,DT_1NW1027,신혼부부 구성비,신혼부부 특성별 소득(근로·사업소득) 현황,2022,2024-01-08,10 million ~ 30 million won,1000~3000만원 미만,% 만원,Number of newlyweds,Seoul,101,By income level of wage,신혼부부 특성별
소득구간별,서울특별시,9.5,211,2,A,Percent Ten Thousands Won,T10,DT_1NW1027,신혼부부 구성비,신혼부부 특성별 소득(근로·사업소득) 현황,2023,2024-12-19,10 million ~ 30 million won,1000~3000만원 미만,% 만원,Number of newlyweds,Seoul,101,By income level of wage,신혼부부 특성별
소득구간별,서울특별시,8.8,211,2,A,Percent Ten Thousands Won,T10,DT_1NW1027,신혼부부 구성비,신혼부부 특성별 소득(근로·사업소득) 현황,2024,2025-12-17,10 million ~ 30 million won,1000~3000만원 미만,% 만원,Number of newlyweds,Seoul,101,By income level of wage,신혼부부 특성별
소득구간별,부산광역시,14.8,221,2,A,Percent Ten Thousands Won,T10,DT_1NW1027,신혼부부 구성비,신혼부부 특성별 소득(근로·사업소득) 현황,2022,2024-01-08,10 million ~ 30 million won,1000~3000만원 미만,% 만원,Number of newlyweds,Busan,101,By income level of wage,신혼부부 특성별
소득구간별,부산광역시,13.9,221,2,A,Percent Ten Thousands Won,T10,DT_1NW1027,신혼부부 구성비,신혼부부 특성별 소득(근로·사업소득) 현황,2023,2024-12-19,10 million ~ 30 million won,1000~3000만원 미만,% 만원,Number of newlyweds,Busan,101,By income level of wage,신혼부부 특성별
소득구간별,부산광역시,13.2,221,2,A,Percent Ten Thousands Won,T10,DT_1NW1027,신혼부부 구성비,신혼부부 특성별 소득(근로·사업소득) 현황,2024,2025-12-17,10 million ~ 30 million won,1000~3000만원 미만,% 만원,Number of newlyweds,Busan,101,By income level of wage,신혼부부 특성별
소득구간별,대구광역시,15,222,2,A,Percent Ten Thousands Won,T10,DT_1NW1027,신혼부부 구성비,신혼부부 특성별 소득(근로·사업소득) 현황,2022,2024-01-08,10 million ~ 30 million won,1000~3000만원 미만,% 만원,Number of newlyweds,Daegu,101,By income level of wage,신혼부부 특성별
소득구간별,대구광역시,13.4,222,2,A,Percent Ten Thousands Won,T10,DT_1NW1027,신혼부부 구성비,신혼부부 특성별 소득(근로·사업소득) 현황,2023,2024-12-19,10 million ~ 30 million won,1000~3000만원 미만,% 만원,Number of newlyweds,Daegu,101,By income level of wage,신혼부부 특성별
소득구간별,대구광역시,12.7,222,2,A,Percent Ten Thousands Won,T10,DT_1NW1027,신혼부부 구성비,신혼부부 특성별 소득(근로·사업소득) 현황,2024,2025-12-17,10 million ~ 30 million won,1000~3000만원 미만,% 만원,Number of newlyweds,Daegu,101,By income level of wage,신혼부부 특성별
소득구간별,인천광역시,15.7,223,2,A,Percent Ten Thousands Won,T10,DT_1NW1027,신혼부부 구성비,신혼부부 특성별 소득(근로·사업소득) 현황,2022,2024-01-08,10 million ~ 30 million won,1000~3000만원 미만,% 만원,Number of newlyweds,Incheon,101,By income level of wage,신혼부부 특성별
소득구간별,인천광역시,13.8,223,2,A,Percent Ten Thousands Won,T10,DT_1NW1027,신혼부부 구성비,신혼부부 특성별 소득(근로·사업소득) 현황,2023,2024-12-19,10 million ~ 30 million won,1000~3000만원 미만,% 만원,Number of newlyweds,Incheon,101,By income level of wage,신혼부부 특성별
소득구간별,인천광역시,14,223,2,A,Percent Ten Thousands Won,T10,DT_1NW1027,신혼부부 구성비,신혼부부 특성별 소득(근로·사업소득) 현황,2024,2025-12-17,10 million ~ 30 million won,1000~3000만원 미만,% 만원,Number of newlyweds,Incheon,101,By income level of wage,신혼부부 특성별
소득구간별,광주광역시,16.7,224,2,A,Percent Ten Thousands Won,T10,DT_1NW1027,신혼부부 구성비,신혼부부 특성별 소득(근로·사업소득) 현황,2022,2024-01-08,10 million ~ 30 million won,1000~3000만원 미만,% 만원,Number of newlyweds,Gwangju,101,By income level of wage,신혼부부 특성별
소득구간별,광주광역시,14.4,224,2,A,Percent Ten Thousands Won,T10,DT_1NW1027,신혼부부 구성비,신혼부부 특성별 소득(근로·사업소득) 현황,2023,2024-12-19,10 million ~ 30 million won,1000~3000만원 미만,% 만원,Number of newlyweds,Gwangju,101,By income level of wage,신혼부부 특성별
소득구간별,광주광역시,12.4,224,2,A,Percent Ten Thousands Won,T10,DT_1NW1027,신혼부부 구성비,신혼부부 특성별 소득(근로·사업소득) 현황,2024,2025-12-17,10 million ~ 30 million won,1000~3000만원 미만,% 만원,Number of newlyweds,Gwangju,101,By income level of wage,신혼부부 특성별
소득구간별,대전광역시,15.3,225,2,A,Percent Ten Thousands Won,T10,DT_1NW1027,신혼부부 구성비,신혼부부 특성별 소득(근로·사업소득) 현황,2022,2024-01-08,10 million ~ 30 million won,1000~3000만원 미만,% 만원,Number of newlyweds,Daejeon,101,By income level of wage,신혼부부 특성별
소득구간별,대전광역시,13.2,225,2,A,Percent Ten Thousands Won,T10,DT_1NW1027,신혼부부 구성비,신혼부부 특성별 소득(근로·사업소득) 현황,2023,2024-12-19,10 million ~ 30 million won,1000~3000만원 미만,% 만원,Number of newlyweds,Daejeon,101,By income level of wage,신혼부부 특성별
소득구간별,대전광역시,12.1,225,2,A,Percent Ten Thousands Won,T10,DT_1NW1027,신혼부부 구성비,신혼부부 특성별 소득(근로·사업소득) 현황,2024,2025-12-17,10 million ~ 30 million won,1000~3000만원 미만,% 만원,Number of newlyweds,Daejeon,101,By income level of wage,신혼부부 특성별
소득구간별,울산광역시,13.1,226,2,A,Percent Ten Thousands Won,T10,DT_1NW1027,신혼부부 구성비,신혼부부 특성별 소득(근로·사업소득) 현황,2022,2024-01-08,10 million ~ 30 million won,1000~3000만원 미만,% 만원,Number of newlyweds,Ulsan,101,By income level of wage,신혼부부 특성별
소득구간별,울산광역시,9.5,226,2,A,Percent Ten Thousands Won,T10,DT_1NW1027,신혼부부 구성비,신혼부부 특성별 소득(근로·사업소득) 현황,2023,2024-12-19,10 million ~ 30 million won,1000~3000만원 미만,% 만원,Number of newlyweds,Ulsan,101,By income level of wage,신혼부부 특성별
소득구간별,울산광역시,9.6,226,2,A,Percent Ten Thousands Won,T10,DT_1NW1027,신혼부부 구성비,신혼부부 특성별 소득(근로·사업소득) 현황,2024,2025-12-17,10 million ~ 30 million won,1000~3000만원 미만,% 만원,Number of newlyweds,Ulsan,101,By income level of wage,신혼부부 특성별
소득구간별,세종특별자치시,10.9,229,2,A,Percent Ten Thousands Won,T10,DT_1NW1027,신혼부부 구성비,신혼부부 특성별 소득(근로·사업소득) 현황,2022,2024-01-08,10 million ~ 30 million won,1000~3000만원 미만,% 만원,Number of newlyweds,Sejong,101,By income level of wage,신혼부부 특성별
소득구간별,세종특별자치시,9.4,229,2,A,Percent Ten Thousands Won,T10,DT_1NW1027,신혼부부 구성비,신혼부부 특성별 소득(근로·사업소득) 현황,2023,2024-12-19,10 million ~ 30 million won,1000~3000만원 미만,% 만원,Number of newlyweds,Sejong,101,By income level of wage,신혼부부 특성별
소득구간별,세종특별자치시,8.3,229,2,A,Percent Ten Thousands Won,T10,DT_1NW1027,신혼부부 구성비,신혼부부 특성별 소득(근로·사업소득) 현황,2024,2025-12-17,10 million ~ 30 million won,1000~3000만원 미만,% 만원,Number of newlyweds,Sejong,101,By income level of wage,신혼부부 특성별
소득구간별,경기도,12.7,231,2,A,Percent Ten Thousands Won,T10,DT_1NW1027,신혼부부 구성비,신혼부부 특성별 소득(근로·사업소득) 현황,2022,2024-01-08,10 million ~ 30 million won,1000~3000만원 미만,% 만원,Number of newlyweds,Gyeonggi-do,101,By income level of wage,신혼부부 특성별
소득구간별,경기도,12.5,231,2,A,Percent Ten Thousands Won,T10,DT_1NW1027,신혼부부 구성비,신혼부부 특성별 소득(근로·사업소득) 현황,2023,2024-12-19,10 million ~ 30 million won,1000~3000만원 미만,% 만원,Number of newlyweds,Gyeonggi-do,101,By income level of wage,신혼부부 특성별
소득구간별,경기도,11.6,231,2,A,Percent Ten Thousands Won,T10,DT_1NW1027,신혼부부 구성비,신혼부부 특성별 소득(근로·사업소득) 현황,2024,2025-12-17,10 million ~ 30 million won,1000~3000만원 미만,% 만원,Number of newlyweds,Gyeonggi-do,101,By income level of wage,신혼부부 특성별
소득구간별,강원특별자치도,14.6,232,2,A,Percent Ten Thousands Won,T10,DT_1NW1027,신혼부부 구성비,신혼부부 특성별 소득(근로·사업소득) 현황,2022,2024-01-08,10 million ~ 30 million won,1000~3000만원 미만,% 만원,Number of newlyweds,Gangwon State,101,By income level of wage,신혼부부 특성별
소득구간별,강원특별자치도,14.7,232,2,A,Percent Ten Thousands Won,T10,DT_1NW1027,신혼부부 구성비,신혼부부 특성별 소득(근로·사업소득) 현황,2023,2024-12-19,10 million ~ 30 million won,1000~3000만원 미만,% 만원,Number of newlyweds,Gangwon State,101,By income level of wage,신혼부부 특성별
소득구간별,강원특별자치도,14.5,232,2,A,Percent Ten Thousands Won,T10,DT_1NW1027,신혼부부 구성비,신혼부부 특성별 소득(근로·사업소득) 현황,2024,2025-12-17,10 million ~ 30 million won,1000~3000만원 미만,% 만원,Number of newlyweds,Gangwon State,101,By income level of wage,신혼부부 특성별
소득구간별,충청북도,14.1,233,2,A,Percent Ten Thousands Won,T10,DT_1NW1027,신혼부부 구성비,신혼부부 특성별 소득(근로·사업소득) 현황,2022,2024-01-08,10 million ~ 30 million won,1000~3000만원 미만,% 만원,Number of newlyweds,Chungcheongbuk-do,101,By income level of wage,신혼부부 특성별
소득구간별,충청북도,12.5,233,2,A,Percent Ten Thousands Won,T10,DT_1NW1027,신혼부부 구성비,신혼부부 특성별 소득(근로·사업소득) 현황,2023,2024-12-19,10 million ~ 30 million won,1000~3000만원 미만,% 만원,Number of newlyweds,Chungcheongbuk-do,101,By income level of wage,신혼부부 특성별
소득구간별,충청북도,10.6,233,2,A,Percent Ten Thousands Won,T10,DT_1NW1027,신혼부부 구성비,신혼부부 특성별 소득(근로·사업소득) 현황,2024,2025-12-17,10 million ~ 30 million won,1000~3000만원 미만,% 만원,Number of newlyweds,Chungcheongbuk-do,101,By income level of wage,신혼부부 특성별
소득구간별,충청남도,13.9,234,2,A,Percent Ten Thousands Won,T10,DT_1NW1027,신혼부부 구성비,신혼부부 특성별 소득(근로·사업소득) 현황,2022,2024-01-08,10 million ~ 30 million won,1000~3000만원 미만,% 만원,Number of newlyweds,Chungcheongnam-do,101,By income level of wage,신혼부부 특성별
소득구간별,충청남도,11.5,234,2,A,Percent Ten Thousands Won,T10,DT_1NW1027,신혼부부 구성비,신혼부부 특성별 소득(근로·사업소득) 현황,2023,2024-12-19,10 million ~ 30 million won,1000~3000만원 미만,% 만원,Number of newlyweds,Chungcheongnam-do,101,By income level of wage,신혼부부 특성별
소득구간별,충청남도,12.1,234,2,A,Percent Ten Thousands Won,T10,DT_1NW1027,신혼부부 구성비,신혼부부 특성별 소득(근로·사업소득) 현황,2024,2025-12-17,10 million ~ 30 million won,1000~3000만원 미만,% 만원,Number of newlyweds,Chungcheongnam-do,101,By income level of wage,신혼부부 특성별
소득구간별,전북특별자치도,16,235,2,A,Percent Ten Thousands Won,T10,DT_1NW1027,신혼부부 구성비,신혼부부 특성별 소득(근로·사업소득) 현황,2022,2024-01-08,10 million ~ 30 million won,1000~3000만원 미만,% 만원,Number of newlyweds,Jeonbuk State,101,By income level of wage,신혼부부 특성별
소득구간별,전북특별자치도,14.1,235,2,A,Percent Ten Thousands Won,T10,DT_1NW1027,신혼부부 구성비,신혼부부 특성별 소득(근로·사업소득) 현황,2023,2024-12-19,10 million ~ 30 million won,1000~3000만원 미만,% 만원,Number of newlyweds,Jeonbuk State,101,By income level of wage,신혼부부 특성별
소득구간별,전북특별자치도,17.1,235,2,A,Percent Ten Thousands Won,T10,DT_1NW1027,신혼부부 구성비,신혼부부 특성별 소득(근로·사업소득) 현황,2024,2025-12-17,10 million ~ 30 million won,1000~3000만원 미만,% 만원,Number of newlyweds,Jeonbuk State,101,By income level of wage,신혼부부 특성별
소득구간별,전라남도,14,236,2,A,Percent Ten Thousands Won,T10,DT_1NW1027,신혼부부 구성비,신혼부부 특성별 소득(근로·사업소득) 현황,2022,2024-01-08,10 million ~ 30 million won,1000~3000만원 미만,% 만원,Number of newlyweds,Jeollanam-do,101,By income level of wage,신혼부부 특성별
소득구간별,전라남도,13.7,236,2,A,Percent Ten Thousands Won,T10,DT_1NW1027,신혼부부 구성비,신혼부부 특성별 소득(근로·사업소득) 현황,2023,2024-12-19,10 million ~ 30 million won,1000~3000만원 미만,% 만원,Number of newlyweds,Jeollanam-do,101,By income level of wage,신혼부부 특성별
소득구간별,전라남도,14.3,236,2,A,Percent Ten Thousands Won,T10,DT_1NW1027,신혼부부 구성비,신혼부부 특성별 소득(근로·사업소득) 현황,2024,2025-12-17,10 million ~ 30 million won,1000~3000만원 미만,% 만원,Number of newlyweds,Jeollanam-do,101,By income level of wage,신혼부부 특성별
소득구간별,경상북도,16.7,237,2,A,Percent Ten Thousands Won,T10,DT_1NW1027,신혼부부 구성비,신혼부부 특성별 소득(근로·사업소득) 현황,2022,2024-01-08,10 million ~ 30 million won,1000~3000만원 미만,% 만원,Number of newlyweds,Gyeongsangbuk-do,101,By income level of wage,신혼부부 특성별
소득구간별,경상북도,13.6,237,2,A,Percent Ten Thousands Won,T10,DT_1NW1027,신혼부부 구성비,신혼부부 특성별 소득(근로·사업소득) 현황,2023,2024-12-19,10 million ~ 30 million won,1000~3000만원 미만,% 만원,Number of newlyweds,Gyeongsangbuk-do,101,By income level of wage,신혼부부 특성별
소득구간별,경상북도,12.4,237,2,A,Percent Ten Thousands Won,T10,DT_1NW1027,신혼부부 구성비,신혼부부 특성별 소득(근로·사업소득) 현황,2024,2025-12-17,10 million ~ 30 million won,1000~3000만원 미만,% 만원,Number of newlyweds,Gyeongsangbuk-do,101,By income level of wage,신혼부부 특성별
소득구간별,경상남도,14.9,238,2,A,Percent Ten Thousands Won,T10,DT_1NW1027,신혼부부 구성비,신혼부부 특성별 소득(근로·사업소득) 현황,2022,2024-01-08,10 million ~ 30 million won,1000~3000만원 미만,% 만원,Number of newlyweds,Gyeongsangnam-do,101,By income level of wage,신혼부부 특성별
소득구간별,경상남도,14.4,238,2,A,Percent Ten Thousands Won,T10,DT_1NW1027,신혼부부 구성비,신혼부부 특성별 소득(근로·사업소득) 현황,2023,2024-12-19,10 million ~ 30 million won,1000~3000만원 미만,% 만원,Number of newlyweds,Gyeongsangnam-do,101,By income level of wage,신혼부부 특성별
소득구간별,경상남도,13.1,238,2,A,Percent Ten Thousands Won,T10,DT_1NW1027,신혼부부 구성비,신혼부부 특성별 소득(근로·사업소득) 현황,2024,2025-12-17,10 million ~ 30 million won,1000~3000만원 미만,% 만원,Number of newlyweds,Gyeongsangnam-do,101,By income level of wage,신혼부부 특성별
소득구간별,제주특별자치도,19,239,2,A,Percent Ten Thousands Won,T10,DT_1NW1027,신혼부부 구성비,신혼부부 특성별 소득(근로·사업소득) 현황,2022,2024-01-08,10 million ~ 30 million won,1000~3000만원 미만,% 만원,Number of newlyweds,Jeju-do,101,By income level of wage,신혼부부 특성별
소득구간별,제주특별자치도,20.2,239,2,A,Percent Ten Thousands Won,T10,DT_1NW1027,신혼부부 구성비,신혼부부 특성별 소득(근로·사업소득) 현황,2023,2024-12-19,10 million ~ 30 million won,1000~3000만원 미만,% 만원,Number of newlyweds,Jeju-do,101,By income level of wage,신혼부부 특성별
소득구간별,제주특별자치도,17.4,239,2,A,Percent Ten Thousands Won,T10,DT_1NW1027,신혼부부 구성비,신혼부부 특성별 소득(근로·사업소득) 현황,2024,2025-12-17,10 million ~ 30 million won,1000~3000만원 미만,% 만원,Number of newlyweds,Jeju-do,101,By income level of wage,신혼부부 특성별
소득구간별,맞벌이,7,701,2,A,Percent Ten Thousands Won,T10,DT_1NW1027,신혼부부 구성비,신혼부부 특성별 소득(근로·사업소득) 현황,2022,2024-01-08,10 million ~ 30 million won,1000~3000만원 미만,% 만원,Number of newlyweds,Dual-earner families,101,By income level of wage,신혼부부 특성별
소득구간별,맞벌이,6.1,701,2,A,Percent Ten Thousands Won,T10,DT_1NW1027,신혼부부 구성비,신혼부부 특성별 소득(근로·사업소득) 현황,2023,2024-12-19,10 million ~ 30 million won,1000~3000만원 미만,% 만원,Number of newlyweds,Dual-earner families,101,By income level of wage,신혼부부 특성별
소득구간별,맞벌이,5.8,701,2,A,Percent Ten Thousands Won,T10,DT_1NW1027,신혼부부 구성비,신혼부부 특성별 소득(근로·사업소득) 현황,2024,2025-12-17,10 million ~ 30 million won,1000~3000만원 미만,% 만원,Number of newlyweds,Dual-earner families,101,By income level of wage,신혼부부 특성별
소득구간별,외벌이,21,702,2,A,Percent Ten Thousands Won,T10,DT_1NW1027,신혼부부 구성비,신혼부부 특성별 소득(근로·사업소득) 현황,2022,2024-01-08,10 million ~ 30 million won,1000~3000만원 미만,% 만원,Number of newlyweds,Single-earner families,101,By income level of wage,신혼부부 특성별
소득구간별,외벌이,19.3,702,2,A,Percent Ten Thousands Won,T10,DT_1NW1027,신혼부부 구성비,신혼부부 특성별 소득(근로·사업소득) 현황,2023,2024-12-19,10 million ~ 30 million won,1000~3000만원 미만,% 만원,Number of newlyweds,Single-earner families,101,By income level of wage,신혼부부 특성별
소득구간별,외벌이,18.6,702,2,A,Percent Ten Thousands Won,T10,DT_1NW1027,신혼부부 구성비,신혼부부 특성별 소득(근로·사업소득) 현황,2024,2025-12-17,10 million ~ 30 million won,1000~3000만원 미만,% 만원,Number of newlyweds,Single-earner families,101,By income level of wage,신혼부부 특성별
소득구간별,기타,24.3,709,2,A,Percent Ten Thousands Won,T10,DT_1NW1027,신혼부부 구성비,신혼부부 특성별 소득(근로·사업소득) 현황,2022,2024-01-08,10 million ~ 30 million won,1000~3000만원 미만,% 만원,Number of newlyweds,The others,101,By income level of wage,신혼부부 특성별
소득구간별,기타,25,709,2,A,Percent Ten Thousands Won,T10,DT_1NW1027,신혼부부 구성비,신혼부부 특성별 소득(근로·사업소득) 현황,2023,2024-12-19,10 million ~ 30 million won,1000~3000만원 미만,% 만원,Number of newlyweds,The others,101,By income level of wage,신혼부부 특성별
소득구간별,기타,24.8,709,2,A,Percent Ten Thousands Won,T10,DT_1NW1027,신혼부부 구성비,신혼부부 특성별 소득(근로·사업소득) 현황,2024,2025-12-17,10 million ~ 30 million won,1000~3000만원 미만,% 만원,Number of newlyweds,The others,101,By income level of wage,신혼부부 특성별
소득구간별,무자녀,11.8,780,2,A,Percent Ten Thousands Won,T10,DT_1NW1027,신혼부부 구성비,신혼부부 특성별 소득(근로·사업소득) 현황,2022,2024-01-08,10 million ~ 30 million won,1000~3000만원 미만,% 만원,Number of newlyweds,No children,101,By income level of wage,신혼부부 특성별
소득구간별,무자녀,10.3,780,2,A,Percent Ten Thousands Won,T10,DT_1NW1027,신혼부부 구성비,신혼부부 특성별 소득(근로·사업소득) 현황,2023,2024-12-19,10 million ~ 30 million won,1000~3000만원 미만,% 만원,Number of newlyweds,No children,101,By income level of wage,신혼부부 특성별
소득구간별,무자녀,9.4,780,2,A,Percent Ten Thousands Won,T10,DT_1NW1027,신혼부부 구성비,신혼부부 특성별 소득(근로·사업소득) 현황,2024,2025-12-17,10 million ~ 30 million won,1000~3000만원 미만,% 만원,Number of newlyweds,No children,101,By income level of wage,신혼부부 특성별
소득구간별,유자녀,15.1,790,2,A,Percent Ten Thousands Won,T10,DT_1NW1027,신혼부부 구성비,신혼부부 특성별 소득(근로·사업소득) 현황,2022,2024-01-08,10 million ~ 30 million won,1000~3000만원 미만,% 만원,Number of newlyweds,Have children(Subtotal),101,By income level of wage,신혼부부 특성별
소득구간별,유자녀,14.2,790,2,A,Percent Ten Thousands Won,T10,DT_1NW1027,신혼부부 구성비,신혼부부 특성별 소득(근로·사업소득) 현황,2023,2024-12-19,10 million ~ 30 million won,1000~3000만원 미만,% 만원,Number of newlyweds,Have children(Subtotal),101,By income level of wage,신혼부부 특성별
소득구간별,유자녀,13.9,790,2,A,Percent Ten Thousands Won,T10,DT_1NW1027,신혼부부 구성비,신혼부부 특성별 소득(근로·사업소득) 현황,2024,2025-12-17,10 million ~ 30 million won,1000~3000만원 미만,% 만원,Number of newlyweds,Have children(Subtotal),101,By income level of wage,신혼부부 특성별
소득구간별,주택 미소유,15.2,810,2,A,Percent Ten Thousands Won,T10,DT_1NW1027,신혼부부 구성비,신혼부부 특성별 소득(근로·사업소득) 현황,2022,2024-01-08,10 million ~ 30 million won,1000~3000만원 미만,% 만원,Number of newlyweds,Non-possession of house,101,By income level of wage,신혼부부 특성별
소득구간별,주택 미소유,13.9,810,2,A,Percent Ten Thousands Won,T10,DT_1NW1027,신혼부부 구성비,신혼부부 특성별 소득(근로·사업소득) 현황,2023,2024-12-19,10 million ~ 30 million won,1000~3000만원 미만,% 만원,Number of newlyweds,Non-possession of house,101,By income level of wage,신혼부부 특성별
소득구간별,주택 미소유,13.3,810,2,A,Percent Ten Thousands Won,T10,DT_1NW1027,신혼부부 구성비,신혼부부 특성별 소득(근로·사업소득) 현황,2024,2025-12-17,10 million ~ 30 million won,1000~3000만원 미만,% 만원,Number of newlyweds,Non-possession of house,101,By income level of wage,신혼부부 특성별
소득구간별,주택 소유,11.7,820,2,A,Percent Ten Thousands Won,T10,DT_1NW1027,신혼부부 구성비,신혼부부 특성별 소득(근로·사업소득) 현황,2022,2024-01-08,10 million ~ 30 million won,1000~3000만원 미만,% 만원,Number of newlyweds,Possession of house(Subtotal),101,By income level of wage,신혼부부 특성별
소득구간별,주택 소유,10.6,820,2,A,Percent Ten Thousands Won,T10,DT_1NW1027,신혼부부 구성비,신혼부부 특성별 소득(근로·사업소득) 현황,2023,2024-12-19,10 million ~ 30 million won,1000~3000만원 미만,% 만원,Number of newlyweds,Possession of house(Subtotal),101,By income level of wage,신혼부부 특성별
소득구간별,주택 소유,10.1,820,2,A,Percent Ten Thousands Won,T10,DT_1NW1027,신혼부부 구성비,신혼부부 특성별 소득(근로·사업소득) 현황,2024,2025-12-17,10 million ~ 30 million won,1000~3000만원 미만,% 만원,Number of newlyweds,Possession of house(Subtotal),101,By income level of wage,신혼부부 특성별
소득구간별,전국,20.1,000,3,A,Percent Ten Thousands Won,T10,DT_1NW1027,신혼부부 구성비,신혼부부 특성별 소득(근로·사업소득) 현황,2022,2024-01-08,30 million ~ 50 million won,3000~5000만원 미만,% 만원,Number of newlyweds,Whole country,101,By income level of wage,신혼부부 특성별
소득구간별,전국,17.9,000,3,A,Percent Ten Thousands Won,T10,DT_1NW1027,신혼부부 구성비,신혼부부 특성별 소득(근로·사업소득) 현황,2023,2024-12-19,30 million ~ 50 million won,3000~5000만원 미만,% 만원,Number of newlyweds,Whole country,101,By income level of wage,신혼부부 특성별
소득구간별,전국,16.5,000,3,A,Percent Ten Thousands Won,T10,DT_1NW1027,신혼부부 구성비,신혼부부 특성별 소득(근로·사업소득) 현황,2024,2025-12-17,30 million ~ 50 million won,3000~5000만원 미만,% 만원,Number of newlyweds,Whole country,101,By income level of wage,신혼부부 특성별
소득구간별,혼인1년차,19.5,101,3,A,Percent Ten Thousands Won,T10,DT_1NW1027,신혼부부 구성비,신혼부부 특성별 소득(근로·사업소득) 현황,2022,2024-01-08,30 million ~ 50 million won,3000~5000만원 미만,% 만원,Number of newlyweds,First year,101,By income level of wage,신혼부부 특성별
소득구간별,혼인1년차,17.1,101,3,A,Percent Ten Thousands Won,T10,DT_1NW1027,신혼부부 구성비,신혼부부 특성별 소득(근로·사업소득) 현황,2023,2024-12-19,30 million ~ 50 million won,3000~5000만원 미만,% 만원,Number of newlyweds,First year,101,By income level of wage,신혼부부 특성별
소득구간별,혼인1년차,15.5,101,3,A,Percent Ten Thousands Won,T10,DT_1NW1027,신혼부부 구성비,신혼부부 특성별 소득(근로·사업소득) 현황,2024,2025-12-17,30 million ~ 50 million won,3000~5000만원 미만,% 만원,Number of newlyweds,First year,101,By income level of wage,신혼부부 특성별
소득구간별,혼인2년차,20.1,102,3,A,Percent Ten Thousands Won,T10,DT_1NW1027,신혼부부 구성비,신혼부부 특성별 소득(근로·사업소득) 현황,2022,2024-01-08,30 million ~ 50 million won,3000~5000만원 미만,% 만원,Number of newlyweds,Second year,101,By income level of wage,신혼부부 특성별
소득구간별,혼인2년차,18.6,102,3,A,Percent Ten Thousands Won,T10,DT_1NW1027,신혼부부 구성비,신혼부부 특성별 소득(근로·사업소득) 현황,2023,2024-12-19,30 million ~ 50 million won,3000~5000만원 미만,% 만원,Number of newlyweds,Second year,101,By income level of wage,신혼부부 특성별
소득구간별,혼인2년차,17.1,102,3,A,Percent Ten Thousands Won,T10,DT_1NW1027,신혼부부 구성비,신혼부부 특성별 소득(근로·사업소득) 현황,2024,2025-12-17,30 million ~ 50 million won,3000~5000만원 미만,% 만원,Number of newlyweds,Second year,101,By income level of wage,신혼부부 특성별
소득구간별,혼인3년차,20.5,103,3,A,Percent Ten Thousands Won,T10,DT_1NW1027,신혼부부 구성비,신혼부부 특성별 소득(근로·사업소득) 현황,2022,2024-01-08,30 million ~ 50 million won,3000~5000만원 미만,% 만원,Number of newlyweds,Third year,101,By income level of wage,신혼부부 특성별
소득구간별,혼인3년차,18.4,103,3,A,Percent Ten Thousands Won,T10,DT_1NW1027,신혼부부 구성비,신혼부부 특성별 소득(근로·사업소득) 현황,2023,2024-12-19,30 million ~ 50 million won,3000~5000만원 미만,% 만원,Number of newlyweds,Third year,101,By income level of wage,신혼부부 특성별
소득구간별,혼인3년차,17.8,103,3,A,Percent Ten Thousands Won,T10,DT_1NW1027,신혼부부 구성비,신혼부부 특성별 소득(근로·사업소득) 현황,2024,2025-12-17,30 million ~ 50 million won,3000~5000만원 미만,% 만원,Number of newlyweds,Third year,101,By income level of wage,신혼부부 특성별
소득구간별,혼인4년차,20.6,104,3,A,Percent Ten Thousands Won,T10,DT_1NW1027,신혼부부 구성비,신혼부부 특성별 소득(근로·사업소득) 현황,2022,2024-01-08,30 million ~ 50 million won,3000~5000만원 미만,% 만원,Number of newlyweds,Fourth year,101,By income level of wage,신혼부부 특성별
소득구간별,혼인4년차,17.9,104,3,A,Percent Ten Thousands Won,T10,DT_1NW1027,신혼부부 구성비,신혼부부 특성별 소득(근로·사업소득) 현황,2023,2024-12-19,30 million ~ 50 million won,3000~5000만원 미만,% 만원,Number of newlyweds,Fourth year,101,By income level of wage,신혼부부 특성별
소득구간별,혼인4년차,16.5,104,3,A,Percent Ten Thousands Won,T10,DT_1NW1027,신혼부부 구성비,신혼부부 특성별 소득(근로·사업소득) 현황,2024,2025-12-17,30 million ~ 50 million won,3000~5000만원 미만,% 만원,Number of newlyweds,Fourth year,101,By income level of wage,신혼부부 특성별
소득구간별,혼인5년차,19.6,105,3,A,Percent Ten Thousands Won,T10,DT_1NW1027,신혼부부 구성비,신혼부부 특성별 소득(근로·사업소득) 현황,2022,2024-01-08,30 million ~ 50 million won,3000~5000만원 미만,% 만원,Number of newlyweds,Fifth year,101,By income level of wage,신혼부부 특성별
소득구간별,혼인5년차,17.5,105,3,A,Percent Ten Thousands Won,T10,DT_1NW1027,신혼부부 구성비,신혼부부 특성별 소득(근로·사업소득) 현황,2023,2024-12-19,30 million ~ 50 million won,3000~5000만원 미만,% 만원,Number of newlyweds,Fifth year,101,By income level of wage,신혼부부 특성별
소득구간별,혼인5년차,15.8,105,3,A,Percent Ten Thousands Won,T10,DT_1NW1027,신혼부부 구성비,신혼부부 특성별 소득(근로·사업소득) 현황,2024,2025-12-17,30 million ~ 50 million won,3000~5000만원 미만,% 만원,Number of newlyweds,Fifth year,101,By income level of wage,신혼부부 특성별
소득구간별,서울특별시,15.8,211,3,A,Percent Ten Thousands Won,T10,DT_1NW1027,신혼부부 구성비,신혼부부 특성별 소득(근로·사업소득) 현황,2022,2024-01-08,30 million ~ 50 million won,3000~5000만원 미만,% 만원,Number of newlyweds,Seoul,101,By income level of wage,신혼부부 특성별
소득구간별,서울특별시,14.2,211,3,A,Percent Ten Thousands Won,T10,DT_1NW1027,신혼부부 구성비,신혼부부 특성별 소득(근로·사업소득) 현황,2023,2024-12-19,30 million ~ 50 million won,3000~5000만원 미만,% 만원,Number of newlyweds,Seoul,101,By income level of wage,신혼부부 특성별
소득구간별,서울특별시,12.8,211,3,A,Percent Ten Thousands Won,T10,DT_1NW1027,신혼부부 구성비,신혼부부 특성별 소득(근로·사업소득) 현황,2024,2025-12-17,30 million ~ 50 million won,3000~5000만원 미만,% 만원,Number of newlyweds,Seoul,101,By income level of wage,신혼부부 특성별
소득구간별,부산광역시,22,221,3,A,Percent Ten Thousands Won,T10,DT_1NW1027,신혼부부 구성비,신혼부부 특성별 소득(근로·사업소득) 현황,2022,2024-01-08,30 million ~ 50 million won,3000~5000만원 미만,% 만원,Number of newlyweds,Busan,101,By income level of wage,신혼부부 특성별
소득구간별,부산광역시,18.7,221,3,A,Percent Ten Thousands Won,T10,DT_1NW1027,신혼부부 구성비,신혼부부 특성별 소득(근로·사업소득) 현황,2023,2024-12-19,30 million ~ 50 million won,3000~5000만원 미만,% 만원,Number of newlyweds,Busan,101,By income level of wage,신혼부부 특성별
소득구간별,부산광역시,18.2,221,3,A,Percent Ten Thousands Won,T10,DT_1NW1027,신혼부부 구성비,신혼부부 특성별 소득(근로·사업소득) 현황,2024,2025-12-17,30 million ~ 50 million won,3000~5000만원 미만,% 만원,Number of newlyweds,Busan,101,By income level of wage,신혼부부 특성별
소득구간별,대구광역시,23.1,222,3,A,Percent Ten Thousands Won,T10,DT_1NW1027,신혼부부 구성비,신혼부부 특성별 소득(근로·사업소득) 현황,2022,2024-01-08,30 million ~ 50 million won,3000~5000만원 미만,% 만원,Number of newlyweds,Daegu,101,By income level of wage,신혼부부 특성별
소득구간별,대구광역시,19.4,222,3,A,Percent Ten Thousands Won,T10,DT_1NW1027,신혼부부 구성비,신혼부부 특성별 소득(근로·사업소득) 현황,2023,2024-12-19,30 million ~ 50 million won,3000~5000만원 미만,% 만원,Number of newlyweds,Daegu,101,By income level of wage,신혼부부 특성별
소득구간별,대구광역시,19.7,222,3,A,Percent Ten Thousands Won,T10,DT_1NW1027,신혼부부 구성비,신혼부부 특성별 소득(근로·사업소득) 현황,2024,2025-12-17,30 million ~ 50 million won,3000~5000만원 미만,% 만원,Number of newlyweds,Daegu,101,By income level of wage,신혼부부 특성별
소득구간별,인천광역시,23.3,223,3,A,Percent Ten Thousands Won,T10,DT_1NW1027,신혼부부 구성비,신혼부부 특성별 소득(근로·사업소득) 현황,2022,2024-01-08,30 million ~ 50 million won,3000~5000만원 미만,% 만원,Number of newlyweds,Incheon,101,By income level of wage,신혼부부 특성별
소득구간별,인천광역시,20.6,223,3,A,Percent Ten Thousands Won,T10,DT_1NW1027,신혼부부 구성비,신혼부부 특성별 소득(근로·사업소득) 현황,2023,2024-12-19,30 million ~ 50 million won,3000~5000만원 미만,% 만원,Number of newlyweds,Incheon,101,By income level of wage,신혼부부 특성별
소득구간별,인천광역시,18.6,223,3,A,Percent Ten Thousands Won,T10,DT_1NW1027,신혼부부 구성비,신혼부부 특성별 소득(근로·사업소득) 현황,2024,2025-12-17,30 million ~ 50 million won,3000~5000만원 미만,% 만원,Number of newlyweds,Incheon,101,By income level of wage,신혼부부 특성별
소득구간별,광주광역시,22.6,224,3,A,Percent Ten Thousands Won,T10,DT_1NW1027,신혼부부 구성비,신혼부부 특성별 소득(근로·사업소득) 현황,2022,2024-01-08,30 million ~ 50 million won,3000~5000만원 미만,% 만원,Number of newlyweds,Gwangju,101,By income level of wage,신혼부부 특성별
소득구간별,광주광역시,21.2,224,3,A,Percent Ten Thousands Won,T10,DT_1NW1027,신혼부부 구성비,신혼부부 특성별 소득(근로·사업소득) 현황,2023,2024-12-19,30 million ~ 50 million won,3000~5000만원 미만,% 만원,Number of newlyweds,Gwangju,101,By income level of wage,신혼부부 특성별
소득구간별,광주광역시,20.1,224,3,A,Percent Ten Thousands Won,T10,DT_1NW1027,신혼부부 구성비,신혼부부 특성별 소득(근로·사업소득) 현황,2024,2025-12-17,30 million ~ 50 million won,3000~5000만원 미만,% 만원,Number of newlyweds,Gwangju,101,By income level of wage,신혼부부 특성별
소득구간별,대전광역시,20.5,225,3,A,Percent Ten Thousands Won,T10,DT_1NW1027,신혼부부 구성비,신혼부부 특성별 소득(근로·사업소득) 현황,2022,2024-01-08,30 million ~ 50 million won,3000~5000만원 미만,% 만원,Number of newlyweds,Daejeon,101,By income level of wage,신혼부부 특성별
소득구간별,대전광역시,18.9,225,3,A,Percent Ten Thousands Won,T10,DT_1NW1027,신혼부부 구성비,신혼부부 특성별 소득(근로·사업소득) 현황,2023,2024-12-19,30 million ~ 50 million won,3000~5000만원 미만,% 만원,Number of newlyweds,Daejeon,101,By income level of wage,신혼부부 특성별
소득구간별,대전광역시,18.1,225,3,A,Percent Ten Thousands Won,T10,DT_1NW1027,신혼부부 구성비,신혼부부 특성별 소득(근로·사업소득) 현황,2024,2025-12-17,30 million ~ 50 million won,3000~5000만원 미만,% 만원,Number of newlyweds,Daejeon,101,By income level of wage,신혼부부 특성별
소득구간별,울산광역시,18.6,226,3,A,Percent Ten Thousands Won,T10,DT_1NW1027,신혼부부 구성비,신혼부부 특성별 소득(근로·사업소득) 현황,2022,2024-01-08,30 million ~ 50 million won,3000~5000만원 미만,% 만원,Number of newlyweds,Ulsan,101,By income level of wage,신혼부부 특성별
소득구간별,울산광역시,16.4,226,3,A,Percent Ten Thousands Won,T10,DT_1NW1027,신혼부부 구성비,신혼부부 특성별 소득(근로·사업소득) 현황,2023,2024-12-19,30 million ~ 50 million won,3000~5000만원 미만,% 만원,Number of newlyweds,Ulsan,101,By income level of wage,신혼부부 특성별
소득구간별,울산광역시,14.6,226,3,A,Percent Ten Thousands Won,T10,DT_1NW1027,신혼부부 구성비,신혼부부 특성별 소득(근로·사업소득) 현황,2024,2025-12-17,30 million ~ 50 million won,3000~5000만원 미만,% 만원,Number of newlyweds,Ulsan,101,By income level of wage,신혼부부 특성별
소득구간별,세종특별자치시,18.1,229,3,A,Percent Ten Thousands Won,T10,DT_1NW1027,신혼부부 구성비,신혼부부 특성별 소득(근로·사업소득) 현황,2022,2024-01-08,30 million ~ 50 million won,3000~5000만원 미만,% 만원,Number of newlyweds,Sejong,101,By income level of wage,신혼부부 특성별
소득구간별,세종특별자치시,15,229,3,A,Percent Ten Thousands Won,T10,DT_1NW1027,신혼부부 구성비,신혼부부 특성별 소득(근로·사업소득) 현황,2023,2024-12-19,30 million ~ 50 million won,3000~5000만원 미만,% 만원,Number of newlyweds,Sejong,101,By income level of wage,신혼부부 특성별
소득구간별,세종특별자치시,12.9,229,3,A,Percent Ten Thousands Won,T10,DT_1NW1027,신혼부부 구성비,신혼부부 특성별 소득(근로·사업소득) 현황,2024,2025-12-17,30 million ~ 50 million won,3000~5000만원 미만,% 만원,Number of newlyweds,Sejong,101,By income level of wage,신혼부부 특성별
소득구간별,경기도,20.3,231,3,A,Percent Ten Thousands Won,T10,DT_1NW1027,신혼부부 구성비,신혼부부 특성별 소득(근로·사업소득) 현황,2022,2024-01-08,30 million ~ 50 million won,3000~5000만원 미만,% 만원,Number of newlyweds,Gyeonggi-do,101,By income level of wage,신혼부부 특성별
소득구간별,경기도,17.7,231,3,A,Percent Ten Thousands Won,T10,DT_1NW1027,신혼부부 구성비,신혼부부 특성별 소득(근로·사업소득) 현황,2023,2024-12-19,30 million ~ 50 million won,3000~5000만원 미만,% 만원,Number of newlyweds,Gyeonggi-do,101,By income level of wage,신혼부부 특성별
소득구간별,경기도,15.7,231,3,A,Percent Ten Thousands Won,T10,DT_1NW1027,신혼부부 구성비,신혼부부 특성별 소득(근로·사업소득) 현황,2024,2025-12-17,30 million ~ 50 million won,3000~5000만원 미만,% 만원,Number of newlyweds,Gyeonggi-do,101,By income level of wage,신혼부부 특성별
소득구간별,강원특별자치도,22.3,232,3,A,Percent Ten Thousands Won,T10,DT_1NW1027,신혼부부 구성비,신혼부부 특성별 소득(근로·사업소득) 현황,2022,2024-01-08,30 million ~ 50 million won,3000~5000만원 미만,% 만원,Number of newlyweds,Gangwon State,101,By income level of wage,신혼부부 특성별
소득구간별,강원특별자치도,20.3,232,3,A,Percent Ten Thousands Won,T10,DT_1NW1027,신혼부부 구성비,신혼부부 특성별 소득(근로·사업소득) 현황,2023,2024-12-19,30 million ~ 50 million won,3000~5000만원 미만,% 만원,Number of newlyweds,Gangwon State,101,By income level of wage,신혼부부 특성별
소득구간별,강원특별자치도,20.1,232,3,A,Percent Ten Thousands Won,T10,DT_1NW1027,신혼부부 구성비,신혼부부 특성별 소득(근로·사업소득) 현황,2024,2025-12-17,30 million ~ 50 million won,3000~5000만원 미만,% 만원,Number of newlyweds,Gangwon State,101,By income level of wage,신혼부부 특성별
소득구간별,충청북도,20.1,233,3,A,Percent Ten Thousands Won,T10,DT_1NW1027,신혼부부 구성비,신혼부부 특성별 소득(근로·사업소득) 현황,2022,2024-01-08,30 million ~ 50 million won,3000~5000만원 미만,% 만원,Number of newlyweds,Chungcheongbuk-do,101,By income level of wage,신혼부부 특성별
소득구간별,충청북도,18.1,233,3,A,Percent Ten Thousands Won,T10,DT_1NW1027,신혼부부 구성비,신혼부부 특성별 소득(근로·사업소득) 현황,2023,2024-12-19,30 million ~ 50 million won,3000~5000만원 미만,% 만원,Number of newlyweds,Chungcheongbuk-do,101,By income level of wage,신혼부부 특성별
소득구간별,충청북도,17.3,233,3,A,Percent Ten Thousands Won,T10,DT_1NW1027,신혼부부 구성비,신혼부부 특성별 소득(근로·사업소득) 현황,2024,2025-12-17,30 million ~ 50 million won,3000~5000만원 미만,% 만원,Number of newlyweds,Chungcheongbuk-do,101,By income level of wage,신혼부부 특성별
소득구간별,충청남도,18.9,234,3,A,Percent Ten Thousands Won,T10,DT_1NW1027,신혼부부 구성비,신혼부부 특성별 소득(근로·사업소득) 현황,2022,2024-01-08,30 million ~ 50 million won,3000~5000만원 미만,% 만원,Number of newlyweds,Chungcheongnam-do,101,By income level of wage,신혼부부 특성별
소득구간별,충청남도,16.9,234,3,A,Percent Ten Thousands Won,T10,DT_1NW1027,신혼부부 구성비,신혼부부 특성별 소득(근로·사업소득) 현황,2023,2024-12-19,30 million ~ 50 million won,3000~5000만원 미만,% 만원,Number of newlyweds,Chungcheongnam-do,101,By income level of wage,신혼부부 특성별
소득구간별,충청남도,16.7,234,3,A,Percent Ten Thousands Won,T10,DT_1NW1027,신혼부부 구성비,신혼부부 특성별 소득(근로·사업소득) 현황,2024,2025-12-17,30 million ~ 50 million won,3000~5000만원 미만,% 만원,Number of newlyweds,Chungcheongnam-do,101,By income level of wage,신혼부부 특성별
소득구간별,전북특별자치도,21.8,235,3,A,Percent Ten Thousands Won,T10,DT_1NW1027,신혼부부 구성비,신혼부부 특성별 소득(근로·사업소득) 현황,2022,2024-01-08,30 million ~ 50 million won,3000~5000만원 미만,% 만원,Number of newlyweds,Jeonbuk State,101,By income level of wage,신혼부부 특성별
소득구간별,전북특별자치도,19.9,235,3,A,Percent Ten Thousands Won,T10,DT_1NW1027,신혼부부 구성비,신혼부부 특성별 소득(근로·사업소득) 현황,2023,2024-12-19,30 million ~ 50 million won,3000~5000만원 미만,% 만원,Number of newlyweds,Jeonbuk State,101,By income level of wage,신혼부부 특성별
소득구간별,전북특별자치도,17.6,235,3,A,Percent Ten Thousands Won,T10,DT_1NW1027,신혼부부 구성비,신혼부부 특성별 소득(근로·사업소득) 현황,2024,2025-12-17,30 million ~ 50 million won,3000~5000만원 미만,% 만원,Number of newlyweds,Jeonbuk State,101,By income level of wage,신혼부부 특성별
소득구간별,전라남도,19.2,236,3,A,Percent Ten Thousands Won,T10,DT_1NW1027,신혼부부 구성비,신혼부부 특성별 소득(근로·사업소득) 현황,2022,2024-01-08,30 million ~ 50 million won,3000~5000만원 미만,% 만원,Number of newlyweds,Jeollanam-do,101,By income level of wage,신혼부부 특성별
소득구간별,전라남도,18.1,236,3,A,Percent Ten Thousands Won,T10,DT_1NW1027,신혼부부 구성비,신혼부부 특성별 소득(근로·사업소득) 현황,2023,2024-12-19,30 million ~ 50 million won,3000~5000만원 미만,% 만원,Number of newlyweds,Jeollanam-do,101,By income level of wage,신혼부부 특성별
소득구간별,전라남도,17,236,3,A,Percent Ten Thousands Won,T10,DT_1NW1027,신혼부부 구성비,신혼부부 특성별 소득(근로·사업소득) 현황,2024,2025-12-17,30 million ~ 50 million won,3000~5000만원 미만,% 만원,Number of newlyweds,Jeollanam-do,101,By income level of wage,신혼부부 특성별
소득구간별,경상북도,18.9,237,3,A,Percent Ten Thousands Won,T10,DT_1NW1027,신혼부부 구성비,신혼부부 특성별 소득(근로·사업소득) 현황,2022,2024-01-08,30 million ~ 50 million won,3000~5000만원 미만,% 만원,Number of newlyweds,Gyeongsangbuk-do,101,By income level of wage,신혼부부 특성별
소득구간별,경상북도,19.3,237,3,A,Percent Ten Thousands Won,T10,DT_1NW1027,신혼부부 구성비,신혼부부 특성별 소득(근로·사업소득) 현황,2023,2024-12-19,30 million ~ 50 million won,3000~5000만원 미만,% 만원,Number of newlyweds,Gyeongsangbuk-do,101,By income level of wage,신혼부부 특성별
소득구간별,경상북도,18.7,237,3,A,Percent Ten Thousands Won,T10,DT_1NW1027,신혼부부 구성비,신혼부부 특성별 소득(근로·사업소득) 현황,2024,2025-12-17,30 million ~ 50 million won,3000~5000만원 미만,% 만원,Number of newlyweds,Gyeongsangbuk-do,101,By income level of wage,신혼부부 특성별
소득구간별,경상남도,23.5,238,3,A,Percent Ten Thousands Won,T10,DT_1NW1027,신혼부부 구성비,신혼부부 특성별 소득(근로·사업소득) 현황,2022,2024-01-08,30 million ~ 50 million won,3000~5000만원 미만,% 만원,Number of newlyweds,Gyeongsangnam-do,101,By income level of wage,신혼부부 특성별
소득구간별,경상남도,20.8,238,3,A,Percent Ten Thousands Won,T10,DT_1NW1027,신혼부부 구성비,신혼부부 특성별 소득(근로·사업소득) 현황,2023,2024-12-19,30 million ~ 50 million won,3000~5000만원 미만,% 만원,Number of newlyweds,Gyeongsangnam-do,101,By income level of wage,신혼부부 특성별
소득구간별,경상남도,18.8,238,3,A,Percent Ten Thousands Won,T10,DT_1NW1027,신혼부부 구성비,신혼부부 특성별 소득(근로·사업소득) 현황,2024,2025-12-17,30 million ~ 50 million won,3000~5000만원 미만,% 만원,Number of newlyweds,Gyeongsangnam-do,101,By income level of wage,신혼부부 특성별
소득구간별,제주특별자치도,23,239,3,A,Percent Ten Thousands Won,T10,DT_1NW1027,신혼부부 구성비,신혼부부 특성별 소득(근로·사업소득) 현황,2022,2024-01-08,30 million ~ 50 million won,3000~5000만원 미만,% 만원,Number of newlyweds,Jeju-do,101,By income level of wage,신혼부부 특성별
소득구간별,제주특별자치도,22.2,239,3,A,Percent Ten Thousands Won,T10,DT_1NW1027,신혼부부 구성비,신혼부부 특성별 소득(근로·사업소득) 현황,2023,2024-12-19,30 million ~ 50 million won,3000~5000만원 미만,% 만원,Number of newlyweds,Jeju-do,101,By income level of wage,신혼부부 특성별
소득구간별,제주특별자치도,19.9,239,3,A,Percent Ten Thousands Won,T10,DT_1NW1027,신혼부부 구성비,신혼부부 특성별 소득(근로·사업소득) 현황,2024,2025-12-17,30 million ~ 50 million won,3000~5000만원 미만,% 만원,Number of newlyweds,Jeju-do,101,By income level of wage,신혼부부 특성별
소득구간별,맞벌이,15.3,701,3,A,Percent Ten Thousands Won,T10,DT_1NW1027,신혼부부 구성비,신혼부부 특성별 소득(근로·사업소득) 현황,2022,2024-01-08,30 million ~ 50 million won,3000~5000만원 미만,% 만원,Number of newlyweds,Dual-earner families,101,By income level of wage,신혼부부 특성별
소득구간별,맞벌이,13,701,3,A,Percent Ten Thousands Won,T10,DT_1NW1027,신혼부부 구성비,신혼부부 특성별 소득(근로·사업소득) 현황,2023,2024-12-19,30 million ~ 50 million won,3000~5000만원 미만,% 만원,Number of newlyweds,Dual-earner families,101,By income level of wage,신혼부부 특성별
소득구간별,맞벌이,11.7,701,3,A,Percent Ten Thousands Won,T10,DT_1NW1027,신혼부부 구성비,신혼부부 특성별 소득(근로·사업소득) 현황,2024,2025-12-17,30 million ~ 50 million won,3000~5000만원 미만,% 만원,Number of newlyweds,Dual-earner families,101,By income level of wage,신혼부부 특성별
소득구간별,외벌이,28.7,702,3,A,Percent Ten Thousands Won,T10,DT_1NW1027,신혼부부 구성비,신혼부부 특성별 소득(근로·사업소득) 현황,2022,2024-01-08,30 million ~ 50 million won,3000~5000만원 미만,% 만원,Number of newlyweds,Single-earner families,101,By income level of wage,신혼부부 특성별
소득구간별,외벌이,26.5,702,3,A,Percent Ten Thousands Won,T10,DT_1NW1027,신혼부부 구성비,신혼부부 특성별 소득(근로·사업소득) 현황,2023,2024-12-19,30 million ~ 50 million won,3000~5000만원 미만,% 만원,Number of newlyweds,Single-earner families,101,By income level of wage,신혼부부 특성별
소득구간별,외벌이,25.3,702,3,A,Percent Ten Thousands Won,T10,DT_1NW1027,신혼부부 구성비,신혼부부 특성별 소득(근로·사업소득) 현황,2024,2025-12-17,30 million ~ 50 million won,3000~5000만원 미만,% 만원,Number of newlyweds,Single-earner families,101,By income level of wage,신혼부부 특성별
소득구간별,기타,6.5,709,3,A,Percent Ten Thousands Won,T10,DT_1NW1027,신혼부부 구성비,신혼부부 특성별 소득(근로·사업소득) 현황,2022,2024-01-08,30 million ~ 50 million won,3000~5000만원 미만,% 만원,Number of newlyweds,The others,101,By income level of wage,신혼부부 특성별
소득구간별,기타,7.8,709,3,A,Percent Ten Thousands Won,T10,DT_1NW1027,신혼부부 구성비,신혼부부 특성별 소득(근로·사업소득) 현황,2023,2024-12-19,30 million ~ 50 million won,3000~5000만원 미만,% 만원,Number of newlyweds,The others,101,By income level of wage,신혼부부 특성별
소득구간별,기타,7.1,709,3,A,Percent Ten Thousands Won,T10,DT_1NW1027,신혼부부 구성비,신혼부부 특성별 소득(근로·사업소득) 현황,2024,2025-12-17,30 million ~ 50 million won,3000~5000만원 미만,% 만원,Number of newlyweds,The others,101,By income level of wage,신혼부부 특성별
소득구간별,무자녀,17.7,780,3,A,Percent Ten Thousands Won,T10,DT_1NW1027,신혼부부 구성비,신혼부부 특성별 소득(근로·사업소득) 현황,2022,2024-01-08,30 million ~ 50 million won,3000~5000만원 미만,% 만원,Number of newlyweds,No children,101,By income level of wage,신혼부부 특성별
소득구간별,무자녀,15.9,780,3,A,Percent Ten Thousands Won,T10,DT_1NW1027,신혼부부 구성비,신혼부부 특성별 소득(근로·사업소득) 현황,2023,2024-12-19,30 million ~ 50 million won,3000~5000만원 미만,% 만원,Number of newlyweds,No children,101,By income level of wage,신혼부부 특성별
소득구간별,무자녀,14.3,780,3,A,Percent Ten Thousands Won,T10,DT_1NW1027,신혼부부 구성비,신혼부부 특성별 소득(근로·사업소득) 현황,2024,2025-12-17,30 million ~ 50 million won,3000~5000만원 미만,% 만원,Number of newlyweds,No children,101,By income level of wage,신혼부부 특성별
소득구간별,유자녀,21.9,790,3,A,Percent Ten Thousands Won,T10,DT_1NW1027,신혼부부 구성비,신혼부부 특성별 소득(근로·사업소득) 현황,2022,2024-01-08,30 million ~ 50 million won,3000~5000만원 미만,% 만원,Number of newlyweds,Have children(Subtotal),101,By income level of wage,신혼부부 특성별
소득구간별,유자녀,19.4,790,3,A,Percent Ten Thousands Won,T10,DT_1NW1027,신혼부부 구성비,신혼부부 특성별 소득(근로·사업소득) 현황,2023,2024-12-19,30 million ~ 50 million won,3000~5000만원 미만,% 만원,Number of newlyweds,Have children(Subtotal),101,By income level of wage,신혼부부 특성별
소득구간별,유자녀,18.3,790,3,A,Percent Ten Thousands Won,T10,DT_1NW1027,신혼부부 구성비,신혼부부 특성별 소득(근로·사업소득) 현황,2024,2025-12-17,30 million ~ 50 million won,3000~5000만원 미만,% 만원,Number of newlyweds,Have children(Subtotal),101,By income level of wage,신혼부부 특성별
소득구간별,주택 미소유,21.8,810,3,A,Percent Ten Thousands Won,T10,DT_1NW1027,신혼부부 구성비,신혼부부 특성별 소득(근로·사업소득) 현황,2022,2024-01-08,30 million ~ 50 million won,3000~5000만원 미만,% 만원,Number of newlyweds,Non-possession of house,101,By income level of wage,신혼부부 특성별
소득구간별,주택 미소유,19.4,810,3,A,Percent Ten Thousands Won,T10,DT_1NW1027,신혼부부 구성비,신혼부부 특성별 소득(근로·사업소득) 현황,2023,2024-12-19,30 million ~ 50 million won,3000~5000만원 미만,% 만원,Number of newlyweds,Non-possession of house,101,By income level of wage,신혼부부 특성별
소득구간별,주택 미소유,18,810,3,A,Percent Ten Thousands Won,T10,DT_1NW1027,신혼부부 구성비,신혼부부 특성별 소득(근로·사업소득) 현황,2024,2025-12-17,30 million ~ 50 million won,3000~5000만원 미만,% 만원,Number of newlyweds,Non-possession of house,101,By income level of wage,신혼부부 특성별
소득구간별,주택 소유,17.8,820,3,A,Percent Ten Thousands Won,T10,DT_1NW1027,신혼부부 구성비,신혼부부 특성별 소득(근로·사업소득) 현황,2022,2024-01-08,30 million ~ 50 million won,3000~5000만원 미만,% 만원,Number of newlyweds,Possession of house(Subtotal),101,By income level of wage,신혼부부 특성별
소득구간별,주택 소유,15.9,820,3,A,Percent Ten Thousands Won,T10,DT_1NW1027,신혼부부 구성비,신혼부부 특성별 소득(근로·사업소득) 현황,2023,2024-12-19,30 million ~ 50 million won,3000~5000만원 미만,% 만원,Number of newlyweds,Possession of house(Subtotal),101,By income level of wage,신혼부부 특성별
소득구간별,주택 소유,14.6,820,3,A,Percent Ten Thousands Won,T10,DT_1NW1027,신혼부부 구성비,신혼부부 특성별 소득(근로·사업소득) 현황,2024,2025-12-17,30 million ~ 50 million won,3000~5000만원 미만,% 만원,Number of newlyweds,Possession of house(Subtotal),101,By income level of wage,신혼부부 특성별
소득구간별,전국,20.6,000,4,A,Percent Ten Thousands Won,T10,DT_1NW1027,신혼부부 구성비,신혼부부 특성별 소득(근로·사업소득) 현황,2022,2024-01-08,50 million ~ 70 million won,5000~7000만원 미만,% 만원,Number of newlyweds,Whole country,101,By income level of wage,신혼부부 특성별
소득구간별,전국,20.2,000,4,A,Percent Ten Thousands Won,T10,DT_1NW1027,신혼부부 구성비,신혼부부 특성별 소득(근로·사업소득) 현황,2023,2024-12-19,50 million ~ 70 million won,5000~7000만원 미만,% 만원,Number of newlyweds,Whole country,101,By income level of wage,신혼부부 특성별
소득구간별,전국,19.2,000,4,A,Percent Ten Thousands Won,T10,DT_1NW1027,신혼부부 구성비,신혼부부 특성별 소득(근로·사업소득) 현황,2024,2025-12-17,50 million ~ 70 million won,5000~7000만원 미만,% 만원,Number of newlyweds,Whole country,101,By income level of wage,신혼부부 특성별
소득구간별,혼인1년차,21,101,4,A,Percent Ten Thousands Won,T10,DT_1NW1027,신혼부부 구성비,신혼부부 특성별 소득(근로·사업소득) 현황,2022,2024-01-08,50 million ~ 70 million won,5000~7000만원 미만,% 만원,Number of newlyweds,First year,101,By income level of wage,신혼부부 특성별
소득구간별,혼인1년차,20,101,4,A,Percent Ten Thousands Won,T10,DT_1NW1027,신혼부부 구성비,신혼부부 특성별 소득(근로·사업소득) 현황,2023,2024-12-19,50 million ~ 70 million won,5000~7000만원 미만,% 만원,Number of newlyweds,First year,101,By income level of wage,신혼부부 특성별
소득구간별,혼인1년차,18.2,101,4,A,Percent Ten Thousands Won,T10,DT_1NW1027,신혼부부 구성비,신혼부부 특성별 소득(근로·사업소득) 현황,2024,2025-12-17,50 million ~ 70 million won,5000~7000만원 미만,% 만원,Number of newlyweds,First year,101,By income level of wage,신혼부부 특성별
소득구간별,혼인2년차,20.4,102,4,A,Percent Ten Thousands Won,T10,DT_1NW1027,신혼부부 구성비,신혼부부 특성별 소득(근로·사업소득) 현황,2022,2024-01-08,50 million ~ 70 million won,5000~7000만원 미만,% 만원,Number of newlyweds,Second year,101,By income level of wage,신혼부부 특성별
소득구간별,혼인2년차,19.8,102,4,A,Percent Ten Thousands Won,T10,DT_1NW1027,신혼부부 구성비,신혼부부 특성별 소득(근로·사업소득) 현황,2023,2024-12-19,50 million ~ 70 million won,5000~7000만원 미만,% 만원,Number of newlyweds,Second year,101,By income level of wage,신혼부부 특성별
소득구간별,혼인2년차,19,102,4,A,Percent Ten Thousands Won,T10,DT_1NW1027,신혼부부 구성비,신혼부부 특성별 소득(근로·사업소득) 현황,2024,2025-12-17,50 million ~ 70 million won,5000~7000만원 미만,% 만원,Number of newlyweds,Second year,101,By income level of wage,신혼부부 특성별
소득구간별,혼인3년차,20.8,103,4,A,Percent Ten Thousands Won,T10,DT_1NW1027,신혼부부 구성비,신혼부부 특성별 소득(근로·사업소득) 현황,2022,2024-01-08,50 million ~ 70 million won,5000~7000만원 미만,% 만원,Number of newlyweds,Third year,101,By income level of wage,신혼부부 특성별
소득구간별,혼인3년차,20.6,103,4,A,Percent Ten Thousands Won,T10,DT_1NW1027,신혼부부 구성비,신혼부부 특성별 소득(근로·사업소득) 현황,2023,2024-12-19,50 million ~ 70 million won,5000~7000만원 미만,% 만원,Number of newlyweds,Third year,101,By income level of wage,신혼부부 특성별
소득구간별,혼인3년차,19.7,103,4,A,Percent Ten Thousands Won,T10,DT_1NW1027,신혼부부 구성비,신혼부부 특성별 소득(근로·사업소득) 현황,2024,2025-12-17,50 million ~ 70 million won,5000~7000만원 미만,% 만원,Number of newlyweds,Third year,101,By income level of wage,신혼부부 특성별
소득구간별,혼인4년차,20.1,104,4,A,Percent Ten Thousands Won,T10,DT_1NW1027,신혼부부 구성비,신혼부부 특성별 소득(근로·사업소득) 현황,2022,2024-01-08,50 million ~ 70 million won,5000~7000만원 미만,% 만원,Number of newlyweds,Fourth year,101,By income level of wage,신혼부부 특성별
소득구간별,혼인4년차,20.6,104,4,A,Percent Ten Thousands Won,T10,DT_1NW1027,신혼부부 구성비,신혼부부 특성별 소득(근로·사업소득) 현황,2023,2024-12-19,50 million ~ 70 million won,5000~7000만원 미만,% 만원,Number of newlyweds,Fourth year,101,By income level of wage,신혼부부 특성별
소득구간별,혼인4년차,19.2,104,4,A,Percent Ten Thousands Won,T10,DT_1NW1027,신혼부부 구성비,신혼부부 특성별 소득(근로·사업소득) 현황,2024,2025-12-17,50 million ~ 70 million won,5000~7000만원 미만,% 만원,Number of newlyweds,Fourth year,101,By income level of wage,신혼부부 특성별
소득구간별,혼인5년차,20.8,105,4,A,Percent Ten Thousands Won,T10,DT_1NW1027,신혼부부 구성비,신혼부부 특성별 소득(근로·사업소득) 현황,2022,2024-01-08,50 million ~ 70 million won,5000~7000만원 미만,% 만원,Number of newlyweds,Fifth year,101,By income level of wage,신혼부부 특성별
소득구간별,혼인5년차,19.8,105,4,A,Percent Ten Thousands Won,T10,DT_1NW1027,신혼부부 구성비,신혼부부 특성별 소득(근로·사업소득) 현황,2023,2024-12-19,50 million ~ 70 million won,5000~7000만원 미만,% 만원,Number of newlyweds,Fifth year,101,By income level of wage,신혼부부 특성별
소득구간별,혼인5년차,20,105,4,A,Percent Ten Thousands Won,T10,DT_1NW1027,신혼부부 구성비,신혼부부 특성별 소득(근로·사업소득) 현황,2024,2025-12-17,50 million ~ 70 million won,5000~7000만원 미만,% 만원,Number of newlyweds,Fifth year,101,By income level of wage,신혼부부 특성별
소득구간별,서울특별시,17.9,211,4,A,Percent Ten Thousands Won,T10,DT_1NW1027,신혼부부 구성비,신혼부부 특성별 소득(근로·사업소득) 현황,2022,2024-01-08,50 million ~ 70 million won,5000~7000만원 미만,% 만원,Number of newlyweds,Seoul,101,By income level of wage,신혼부부 특성별
소득구간별,서울특별시,16.1,211,4,A,Percent Ten Thousands Won,T10,DT_1NW1027,신혼부부 구성비,신혼부부 특성별 소득(근로·사업소득) 현황,2023,2024-12-19,50 million ~ 70 million won,5000~7000만원 미만,% 만원,Number of newlyweds,Seoul,101,By income level of wage,신혼부부 특성별
소득구간별,서울특별시,15.5,211,4,A,Percent Ten Thousands Won,T10,DT_1NW1027,신혼부부 구성비,신혼부부 특성별 소득(근로·사업소득) 현황,2024,2025-12-17,50 million ~ 70 million won,5000~7000만원 미만,% 만원,Number of newlyweds,Seoul,101,By income level of wage,신혼부부 특성별
소득구간별,부산광역시,21.2,221,4,A,Percent Ten Thousands Won,T10,DT_1NW1027,신혼부부 구성비,신혼부부 특성별 소득(근로·사업소득) 현황,2022,2024-01-08,50 million ~ 70 million won,5000~7000만원 미만,% 만원,Number of newlyweds,Busan,101,By income level of wage,신혼부부 특성별
소득구간별,부산광역시,21.4,221,4,A,Percent Ten Thousands Won,T10,DT_1NW1027,신혼부부 구성비,신혼부부 특성별 소득(근로·사업소득) 현황,2023,2024-12-19,50 million ~ 70 million won,5000~7000만원 미만,% 만원,Number of newlyweds,Busan,101,By income level of wage,신혼부부 특성별
소득구간별,부산광역시,18.9,221,4,A,Percent Ten Thousands Won,T10,DT_1NW1027,신혼부부 구성비,신혼부부 특성별 소득(근로·사업소득) 현황,2024,2025-12-17,50 million ~ 70 million won,5000~7000만원 미만,% 만원,Number of newlyweds,Busan,101,By income level of wage,신혼부부 특성별
소득구간별,대구광역시,21.9,222,4,A,Percent Ten Thousands Won,T10,DT_1NW1027,신혼부부 구성비,신혼부부 특성별 소득(근로·사업소득) 현황,2022,2024-01-08,50 million ~ 70 million won,5000~7000만원 미만,% 만원,Number of newlyweds,Daegu,101,By income level of wage,신혼부부 특성별
소득구간별,대구광역시,20.7,222,4,A,Percent Ten Thousands Won,T10,DT_1NW1027,신혼부부 구성비,신혼부부 특성별 소득(근로·사업소득) 현황,2023,2024-12-19,50 million ~ 70 million won,5000~7000만원 미만,% 만원,Number of newlyweds,Daegu,101,By income level of wage,신혼부부 특성별
소득구간별,대구광역시,20,222,4,A,Percent Ten Thousands Won,T10,DT_1NW1027,신혼부부 구성비,신혼부부 특성별 소득(근로·사업소득) 현황,2024,2025-12-17,50 million ~ 70 million won,5000~7000만원 미만,% 만원,Number of newlyweds,Daegu,101,By income level of wage,신혼부부 특성별
소득구간별,인천광역시,22,223,4,A,Percent Ten Thousands Won,T10,DT_1NW1027,신혼부부 구성비,신혼부부 특성별 소득(근로·사업소득) 현황,2022,2024-01-08,50 million ~ 70 million won,5000~7000만원 미만,% 만원,Number of newlyweds,Incheon,101,By income level of wage,신혼부부 특성별
소득구간별,인천광역시,21.1,223,4,A,Percent Ten Thousands Won,T10,DT_1NW1027,신혼부부 구성비,신혼부부 특성별 소득(근로·사업소득) 현황,2023,2024-12-19,50 million ~ 70 million won,5000~7000만원 미만,% 만원,Number of newlyweds,Incheon,101,By income level of wage,신혼부부 특성별
소득구간별,인천광역시,20.5,223,4,A,Percent Ten Thousands Won,T10,DT_1NW1027,신혼부부 구성비,신혼부부 특성별 소득(근로·사업소득) 현황,2024,2025-12-17,50 million ~ 70 million won,5000~7000만원 미만,% 만원,Number of newlyweds,Incheon,101,By income level of wage,신혼부부 특성별
소득구간별,광주광역시,20.5,224,4,A,Percent Ten Thousands Won,T10,DT_1NW1027,신혼부부 구성비,신혼부부 특성별 소득(근로·사업소득) 현황,2022,2024-01-08,50 million ~ 70 million won,5000~7000만원 미만,% 만원,Number of newlyweds,Gwangju,101,By income level of wage,신혼부부 특성별
소득구간별,광주광역시,20.8,224,4,A,Percent Ten Thousands Won,T10,DT_1NW1027,신혼부부 구성비,신혼부부 특성별 소득(근로·사업소득) 현황,2023,2024-12-19,50 million ~ 70 million won,5000~7000만원 미만,% 만원,Number of newlyweds,Gwangju,101,By income level of wage,신혼부부 특성별
소득구간별,광주광역시,19.8,224,4,A,Percent Ten Thousands Won,T10,DT_1NW1027,신혼부부 구성비,신혼부부 특성별 소득(근로·사업소득) 현황,2024,2025-12-17,50 million ~ 70 million won,5000~7000만원 미만,% 만원,Number of newlyweds,Gwangju,101,By income level of wage,신혼부부 특성별
소득구간별,대전광역시,20.6,225,4,A,Percent Ten Thousands Won,T10,DT_1NW1027,신혼부부 구성비,신혼부부 특성별 소득(근로·사업소득) 현황,2022,2024-01-08,50 million ~ 70 million won,5000~7000만원 미만,% 만원,Number of newlyweds,Daejeon,101,By income level of wage,신혼부부 특성별
소득구간별,대전광역시,22.1,225,4,A,Percent Ten Thousands Won,T10,DT_1NW1027,신혼부부 구성비,신혼부부 특성별 소득(근로·사업소득) 현황,2023,2024-12-19,50 million ~ 70 million won,5000~7000만원 미만,% 만원,Number of newlyweds,Daejeon,101,By income level of wage,신혼부부 특성별
소득구간별,대전광역시,21.1,225,4,A,Percent Ten Thousands Won,T10,DT_1NW1027,신혼부부 구성비,신혼부부 특성별 소득(근로·사업소득) 현황,2024,2025-12-17,50 million ~ 70 million won,5000~7000만원 미만,% 만원,Number of newlyweds,Daejeon,101,By income level of wage,신혼부부 특성별
소득구간별,울산광역시,21.4,226,4,A,Percent Ten Thousands Won,T10,DT_1NW1027,신혼부부 구성비,신혼부부 특성별 소득(근로·사업소득) 현황,2022,2024-01-08,50 million ~ 70 million won,5000~7000만원 미만,% 만원,Number of newlyweds,Ulsan,101,By income level of wage,신혼부부 특성별
소득구간별,울산광역시,20.7,226,4,A,Percent Ten Thousands Won,T10,DT_1NW1027,신혼부부 구성비,신혼부부 특성별 소득(근로·사업소득) 현황,2023,2024-12-19,50 million ~ 70 million won,5000~7000만원 미만,% 만원,Number of newlyweds,Ulsan,101,By income level of wage,신혼부부 특성별
소득구간별,울산광역시,18.3,226,4,A,Percent Ten Thousands Won,T10,DT_1NW1027,신혼부부 구성비,신혼부부 특성별 소득(근로·사업소득) 현황,2024,2025-12-17,50 million ~ 70 million won,5000~7000만원 미만,% 만원,Number of newlyweds,Ulsan,101,By income level of wage,신혼부부 특성별
소득구간별,세종특별자치시,21.3,229,4,A,Percent Ten Thousands Won,T10,DT_1NW1027,신혼부부 구성비,신혼부부 특성별 소득(근로·사업소득) 현황,2022,2024-01-08,50 million ~ 70 million won,5000~7000만원 미만,% 만원,Number of newlyweds,Sejong,101,By income level of wage,신혼부부 특성별
소득구간별,세종특별자치시,19.7,229,4,A,Percent Ten Thousands Won,T10,DT_1NW1027,신혼부부 구성비,신혼부부 특성별 소득(근로·사업소득) 현황,2023,2024-12-19,50 million ~ 70 million won,5000~7000만원 미만,% 만원,Number of newlyweds,Sejong,101,By income level of wage,신혼부부 특성별
소득구간별,세종특별자치시,17.2,229,4,A,Percent Ten Thousands Won,T10,DT_1NW1027,신혼부부 구성비,신혼부부 특성별 소득(근로·사업소득) 현황,2024,2025-12-17,50 million ~ 70 million won,5000~7000만원 미만,% 만원,Number of newlyweds,Sejong,101,By income level of wage,신혼부부 특성별
소득구간별,경기도,20.8,231,4,A,Percent Ten Thousands Won,T10,DT_1NW1027,신혼부부 구성비,신혼부부 특성별 소득(근로·사업소득) 현황,2022,2024-01-08,50 million ~ 70 million won,5000~7000만원 미만,% 만원,Number of newlyweds,Gyeonggi-do,101,By income level of wage,신혼부부 특성별
소득구간별,경기도,21.1,231,4,A,Percent Ten Thousands Won,T10,DT_1NW1027,신혼부부 구성비,신혼부부 특성별 소득(근로·사업소득) 현황,2023,2024-12-19,50 million ~ 70 million won,5000~7000만원 미만,% 만원,Number of newlyweds,Gyeonggi-do,101,By income level of wage,신혼부부 특성별
소득구간별,경기도,19.7,231,4,A,Percent Ten Thousands Won,T10,DT_1NW1027,신혼부부 구성비,신혼부부 특성별 소득(근로·사업소득) 현황,2024,2025-12-17,50 million ~ 70 million won,5000~7000만원 미만,% 만원,Number of newlyweds,Gyeonggi-do,101,By income level of wage,신혼부부 특성별
소득구간별,강원특별자치도,24,232,4,A,Percent Ten Thousands Won,T10,DT_1NW1027,신혼부부 구성비,신혼부부 특성별 소득(근로·사업소득) 현황,2022,2024-01-08,50 million ~ 70 million won,5000~7000만원 미만,% 만원,Number of newlyweds,Gangwon State,101,By income level of wage,신혼부부 특성별
소득구간별,강원특별자치도,22.6,232,4,A,Percent Ten Thousands Won,T10,DT_1NW1027,신혼부부 구성비,신혼부부 특성별 소득(근로·사업소득) 현황,2023,2024-12-19,50 million ~ 70 million won,5000~7000만원 미만,% 만원,Number of newlyweds,Gangwon State,101,By income level of wage,신혼부부 특성별
소득구간별,강원특별자치도,21.1,232,4,A,Percent Ten Thousands Won,T10,DT_1NW1027,신혼부부 구성비,신혼부부 특성별 소득(근로·사업소득) 현황,2024,2025-12-17,50 million ~ 70 million won,5000~7000만원 미만,% 만원,Number of newlyweds,Gangwon State,101,By income level of wage,신혼부부 특성별
소득구간별,충청북도,23.5,233,4,A,Percent Ten Thousands Won,T10,DT_1NW1027,신혼부부 구성비,신혼부부 특성별 소득(근로·사업소득) 현황,2022,2024-01-08,50 million ~ 70 million won,5000~7000만원 미만,% 만원,Number of newlyweds,Chungcheongbuk-do,101,By income level of wage,신혼부부 특성별
소득구간별,충청북도,21.6,233,4,A,Percent Ten Thousands Won,T10,DT_1NW1027,신혼부부 구성비,신혼부부 특성별 소득(근로·사업소득) 현황,2023,2024-12-19,50 million ~ 70 million won,5000~7000만원 미만,% 만원,Number of newlyweds,Chungcheongbuk-do,101,By income level of wage,신혼부부 특성별
소득구간별,충청북도,20.7,233,4,A,Percent Ten Thousands Won,T10,DT_1NW1027,신혼부부 구성비,신혼부부 특성별 소득(근로·사업소득) 현황,2024,2025-12-17,50 million ~ 70 million won,5000~7000만원 미만,% 만원,Number of newlyweds,Chungcheongbuk-do,101,By income level of wage,신혼부부 특성별
소득구간별,충청남도,21.5,234,4,A,Percent Ten Thousands Won,T10,DT_1NW1027,신혼부부 구성비,신혼부부 특성별 소득(근로·사업소득) 현황,2022,2024-01-08,50 million ~ 70 million won,5000~7000만원 미만,% 만원,Number of newlyweds,Chungcheongnam-do,101,By income level of wage,신혼부부 특성별
소득구간별,충청남도,21.7,234,4,A,Percent Ten Thousands Won,T10,DT_1NW1027,신혼부부 구성비,신혼부부 특성별 소득(근로·사업소득) 현황,2023,2024-12-19,50 million ~ 70 million won,5000~7000만원 미만,% 만원,Number of newlyweds,Chungcheongnam-do,101,By income level of wage,신혼부부 특성별
소득구간별,충청남도,20.5,234,4,A,Percent Ten Thousands Won,T10,DT_1NW1027,신혼부부 구성비,신혼부부 특성별 소득(근로·사업소득) 현황,2024,2025-12-17,50 million ~ 70 million won,5000~7000만원 미만,% 만원,Number of newlyweds,Chungcheongnam-do,101,By income level of wage,신혼부부 특성별
소득구간별,전북특별자치도,20,235,4,A,Percent Ten Thousands Won,T10,DT_1NW1027,신혼부부 구성비,신혼부부 특성별 소득(근로·사업소득) 현황,2022,2024-01-08,50 million ~ 70 million won,5000~7000만원 미만,% 만원,Number of newlyweds,Jeonbuk State,101,By income level of wage,신혼부부 특성별
소득구간별,전북특별자치도,21.7,235,4,A,Percent Ten Thousands Won,T10,DT_1NW1027,신혼부부 구성비,신혼부부 특성별 소득(근로·사업소득) 현황,2023,2024-12-19,50 million ~ 70 million won,5000~7000만원 미만,% 만원,Number of newlyweds,Jeonbuk State,101,By income level of wage,신혼부부 특성별
소득구간별,전북특별자치도,19.8,235,4,A,Percent Ten Thousands Won,T10,DT_1NW1027,신혼부부 구성비,신혼부부 특성별 소득(근로·사업소득) 현황,2024,2025-12-17,50 million ~ 70 million won,5000~7000만원 미만,% 만원,Number of newlyweds,Jeonbuk State,101,By income level of wage,신혼부부 특성별
소득구간별,전라남도,21.1,236,4,A,Percent Ten Thousands Won,T10,DT_1NW1027,신혼부부 구성비,신혼부부 특성별 소득(근로·사업소득) 현황,2022,2024-01-08,50 million ~ 70 million won,5000~7000만원 미만,% 만원,Number of newlyweds,Jeollanam-do,101,By income level of wage,신혼부부 특성별
소득구간별,전라남도,20.7,236,4,A,Percent Ten Thousands Won,T10,DT_1NW1027,신혼부부 구성비,신혼부부 특성별 소득(근로·사업소득) 현황,2023,2024-12-19,50 million ~ 70 million won,5000~7000만원 미만,% 만원,Number of newlyweds,Jeollanam-do,101,By income level of wage,신혼부부 특성별
소득구간별,전라남도,18.6,236,4,A,Percent Ten Thousands Won,T10,DT_1NW1027,신혼부부 구성비,신혼부부 특성별 소득(근로·사업소득) 현황,2024,2025-12-17,50 million ~ 70 million won,5000~7000만원 미만,% 만원,Number of newlyweds,Jeollanam-do,101,By income level of wage,신혼부부 특성별
소득구간별,경상북도,20.6,237,4,A,Percent Ten Thousands Won,T10,DT_1NW1027,신혼부부 구성비,신혼부부 특성별 소득(근로·사업소득) 현황,2022,2024-01-08,50 million ~ 70 million won,5000~7000만원 미만,% 만원,Number of newlyweds,Gyeongsangbuk-do,101,By income level of wage,신혼부부 특성별
소득구간별,경상북도,20.1,237,4,A,Percent Ten Thousands Won,T10,DT_1NW1027,신혼부부 구성비,신혼부부 특성별 소득(근로·사업소득) 현황,2023,2024-12-19,50 million ~ 70 million won,5000~7000만원 미만,% 만원,Number of newlyweds,Gyeongsangbuk-do,101,By income level of wage,신혼부부 특성별
소득구간별,경상북도,20.3,237,4,A,Percent Ten Thousands Won,T10,DT_1NW1027,신혼부부 구성비,신혼부부 특성별 소득(근로·사업소득) 현황,2024,2025-12-17,50 million ~ 70 million won,5000~7000만원 미만,% 만원,Number of newlyweds,Gyeongsangbuk-do,101,By income level of wage,신혼부부 특성별
소득구간별,경상남도,20.8,238,4,A,Percent Ten Thousands Won,T10,DT_1NW1027,신혼부부 구성비,신혼부부 특성별 소득(근로·사업소득) 현황,2022,2024-01-08,50 million ~ 70 million won,5000~7000만원 미만,% 만원,Number of newlyweds,Gyeongsangnam-do,101,By income level of wage,신혼부부 특성별
소득구간별,경상남도,20.8,238,4,A,Percent Ten Thousands Won,T10,DT_1NW1027,신혼부부 구성비,신혼부부 특성별 소득(근로·사업소득) 현황,2023,2024-12-19,50 million ~ 70 million won,5000~7000만원 미만,% 만원,Number of newlyweds,Gyeongsangnam-do,101,By income level of wage,신혼부부 특성별
소득구간별,경상남도,21.3,238,4,A,Percent Ten Thousands Won,T10,DT_1NW1027,신혼부부 구성비,신혼부부 특성별 소득(근로·사업소득) 현황,2024,2025-12-17,50 million ~ 70 million won,5000~7000만원 미만,% 만원,Number of newlyweds,Gyeongsangnam-do,101,By income level of wage,신혼부부 특성별
소득구간별,제주특별자치도,18.8,239,4,A,Percent Ten Thousands Won,T10,DT_1NW1027,신혼부부 구성비,신혼부부 특성별 소득(근로·사업소득) 현황,2022,2024-01-08,50 million ~ 70 million won,5000~7000만원 미만,% 만원,Number of newlyweds,Jeju-do,101,By income level of wage,신혼부부 특성별
소득구간별,제주특별자치도,18.6,239,4,A,Percent Ten Thousands Won,T10,DT_1NW1027,신혼부부 구성비,신혼부부 특성별 소득(근로·사업소득) 현황,2023,2024-12-19,50 million ~ 70 million won,5000~7000만원 미만,% 만원,Number of newlyweds,Jeju-do,101,By income level of wage,신혼부부 특성별
소득구간별,제주특별자치도,20.8,239,4,A,Percent Ten Thousands Won,T10,DT_1NW1027,신혼부부 구성비,신혼부부 특성별 소득(근로·사업소득) 현황,2024,2025-12-17,50 million ~ 70 million won,5000~7000만원 미만,% 만원,Number of newlyweds,Jeju-do,101,By income level of wage,신혼부부 특성별
소득구간별,맞벌이,22.2,701,4,A,Percent Ten Thousands Won,T10,DT_1NW1027,신혼부부 구성비,신혼부부 특성별 소득(근로·사업소득) 현황,2022,2024-01-08,50 million ~ 70 million won,5000~7000만원 미만,% 만원,Number of newlyweds,Dual-earner families,101,By income level of wage,신혼부부 특성별
소득구간별,맞벌이,20.2,701,4,A,Percent Ten Thousands Won,T10,DT_1NW1027,신혼부부 구성비,신혼부부 특성별 소득(근로·사업소득) 현황,2023,2024-12-19,50 million ~ 70 million won,5000~7000만원 미만,% 만원,Number of newlyweds,Dual-earner families,101,By income level of wage,신혼부부 특성별
소득구간별,맞벌이,18.7,701,4,A,Percent Ten Thousands Won,T10,DT_1NW1027,신혼부부 구성비,신혼부부 특성별 소득(근로·사업소득) 현황,2024,2025-12-17,50 million ~ 70 million won,5000~7000만원 미만,% 만원,Number of newlyweds,Dual-earner families,101,By income level of wage,신혼부부 특성별
소득구간별,외벌이,21.6,702,4,A,Percent Ten Thousands Won,T10,DT_1NW1027,신혼부부 구성비,신혼부부 특성별 소득(근로·사업소득) 현황,2022,2024-01-08,50 million ~ 70 million won,5000~7000만원 미만,% 만원,Number of newlyweds,Single-earner families,101,By income level of wage,신혼부부 특성별
소득구간별,외벌이,23.4,702,4,A,Percent Ten Thousands Won,T10,DT_1NW1027,신혼부부 구성비,신혼부부 특성별 소득(근로·사업소득) 현황,2023,2024-12-19,50 million ~ 70 million won,5000~7000만원 미만,% 만원,Number of newlyweds,Single-earner families,101,By income level of wage,신혼부부 특성별
소득구간별,외벌이,23,702,4,A,Percent Ten Thousands Won,T10,DT_1NW1027,신혼부부 구성비,신혼부부 특성별 소득(근로·사업소득) 현황,2024,2025-12-17,50 million ~ 70 million won,5000~7000만원 미만,% 만원,Number of newlyweds,Single-earner families,101,By income level of wage,신혼부부 특성별
소득구간별,기타,1,709,4,A,Percent Ten Thousands Won,T10,DT_1NW1027,신혼부부 구성비,신혼부부 특성별 소득(근로·사업소득) 현황,2022,2024-01-08,50 million ~ 70 million won,5000~7000만원 미만,% 만원,Number of newlyweds,The others,101,By income level of wage,신혼부부 특성별
소득구간별,기타,1.9,709,4,A,Percent Ten Thousands Won,T10,DT_1NW1027,신혼부부 구성비,신혼부부 특성별 소득(근로·사업소득) 현황,2023,2024-12-19,50 million ~ 70 million won,5000~7000만원 미만,% 만원,Number of newlyweds,The others,101,By income level of wage,신혼부부 특성별
소득구간별,기타,2.6,709,4,A,Percent Ten Thousands Won,T10,DT_1NW1027,신혼부부 구성비,신혼부부 특성별 소득(근로·사업소득) 현황,2024,2025-12-17,50 million ~ 70 million won,5000~7000만원 미만,% 만원,Number of newlyweds,The others,101,By income level of wage,신혼부부 특성별
소득구간별,무자녀,20.7,780,4,A,Percent Ten Thousands Won,T10,DT_1NW1027,신혼부부 구성비,신혼부부 특성별 소득(근로·사업소득) 현황,2022,2024-01-08,50 million ~ 70 million won,5000~7000만원 미만,% 만원,Number of newlyweds,No children,101,By income level of wage,신혼부부 특성별
소득구간별,무자녀,19.8,780,4,A,Percent Ten Thousands Won,T10,DT_1NW1027,신혼부부 구성비,신혼부부 특성별 소득(근로·사업소득) 현황,2023,2024-12-19,50 million ~ 70 million won,5000~7000만원 미만,% 만원,Number of newlyweds,No children,101,By income level of wage,신혼부부 특성별
소득구간별,무자녀,18.6,780,4,A,Percent Ten Thousands Won,T10,DT_1NW1027,신혼부부 구성비,신혼부부 특성별 소득(근로·사업소득) 현황,2024,2025-12-17,50 million ~ 70 million won,5000~7000만원 미만,% 만원,Number of newlyweds,No children,101,By income level of wage,신혼부부 특성별
소득구간별,유자녀,20.5,790,4,A,Percent Ten Thousands Won,T10,DT_1NW1027,신혼부부 구성비,신혼부부 특성별 소득(근로·사업소득) 현황,2022,2024-01-08,50 million ~ 70 million won,5000~7000만원 미만,% 만원,Number of newlyweds,Have children(Subtotal),101,By income level of wage,신혼부부 특성별
소득구간별,유자녀,20.5,790,4,A,Percent Ten Thousands Won,T10,DT_1NW1027,신혼부부 구성비,신혼부부 특성별 소득(근로·사업소득) 현황,2023,2024-12-19,50 million ~ 70 million won,5000~7000만원 미만,% 만원,Number of newlyweds,Have children(Subtotal),101,By income level of wage,신혼부부 특성별
소득구간별,유자녀,19.7,790,4,A,Percent Ten Thousands Won,T10,DT_1NW1027,신혼부부 구성비,신혼부부 특성별 소득(근로·사업소득) 현황,2024,2025-12-17,50 million ~ 70 million won,5000~7000만원 미만,% 만원,Number of newlyweds,Have children(Subtotal),101,By income level of wage,신혼부부 특성별
소득구간별,주택 미소유,21.3,810,4,A,Percent Ten Thousands Won,T10,DT_1NW1027,신혼부부 구성비,신혼부부 특성별 소득(근로·사업소득) 현황,2022,2024-01-08,50 million ~ 70 million won,5000~7000만원 미만,% 만원,Number of newlyweds,Non-possession of house,101,By income level of wage,신혼부부 특성별
소득구간별,주택 미소유,20.7,810,4,A,Percent Ten Thousands Won,T10,DT_1NW1027,신혼부부 구성비,신혼부부 특성별 소득(근로·사업소득) 현황,2023,2024-12-19,50 million ~ 70 million won,5000~7000만원 미만,% 만원,Number of newlyweds,Non-possession of house,101,By income level of wage,신혼부부 특성별
소득구간별,주택 미소유,19.7,810,4,A,Percent Ten Thousands Won,T10,DT_1NW1027,신혼부부 구성비,신혼부부 특성별 소득(근로·사업소득) 현황,2024,2025-12-17,50 million ~ 70 million won,5000~7000만원 미만,% 만원,Number of newlyweds,Non-possession of house,101,By income level of wage,신혼부부 특성별
소득구간별,주택 소유,19.7,820,4,A,Percent Ten Thousands Won,T10,DT_1NW1027,신혼부부 구성비,신혼부부 특성별 소득(근로·사업소득) 현황,2022,2024-01-08,50 million ~ 70 million won,5000~7000만원 미만,% 만원,Number of newlyweds,Possession of house(Subtotal),101,By income level of wage,신혼부부 특성별
소득구간별,주택 소유,19.5,820,4,A,Percent Ten Thousands Won,T10,DT_1NW1027,신혼부부 구성비,신혼부부 특성별 소득(근로·사업소득) 현황,2023,2024-12-19,50 million ~ 70 million won,5000~7000만원 미만,% 만원,Number of newlyweds,Possession of house(Subtotal),101,By income level of wage,신혼부부 특성별
소득구간별,주택 소유,18.6,820,4,A,Percent Ten Thousands Won,T10,DT_1NW1027,신혼부부 구성비,신혼부부 특성별 소득(근로·사업소득) 현황,2024,2025-12-17,50 million ~ 70 million won,5000~7000만원 미만,% 만원,Number of newlyweds,Possession of house(Subtotal),101,By income level of wage,신혼부부 특성별
소득구간별,전국,19.4,000,5,A,Percent Ten Thousands Won,T10,DT_1NW1027,신혼부부 구성비,신혼부부 특성별 소득(근로·사업소득) 현황,2022,2024-01-08,70 million ~ 100 million won,7000~10000만원 미만,% 만원,Number of newlyweds,Whole country,101,By income level of wage,신혼부부 특성별
소득구간별,전국,20.9,000,5,A,Percent Ten Thousands Won,T10,DT_1NW1027,신혼부부 구성비,신혼부부 특성별 소득(근로·사업소득) 현황,2023,2024-12-19,70 million ~ 100 million won,7000~10000만원 미만,% 만원,Number of newlyweds,Whole country,101,By income level of wage,신혼부부 특성별
소득구간별,전국,21.6,000,5,A,Percent Ten Thousands Won,T10,DT_1NW1027,신혼부부 구성비,신혼부부 특성별 소득(근로·사업소득) 현황,2024,2025-12-17,70 million ~ 100 million won,7000~10000만원 미만,% 만원,Number of newlyweds,Whole country,101,By income level of wage,신혼부부 특성별
소득구간별,혼인1년차,20.6,101,5,A,Percent Ten Thousands Won,T10,DT_1NW1027,신혼부부 구성비,신혼부부 특성별 소득(근로·사업소득) 현황,2022,2024-01-08,70 million ~ 100 million won,7000~10000만원 미만,% 만원,Number of newlyweds,First year,101,By income level of wage,신혼부부 특성별
소득구간별,혼인1년차,23,101,5,A,Percent Ten Thousands Won,T10,DT_1NW1027,신혼부부 구성비,신혼부부 특성별 소득(근로·사업소득) 현황,2023,2024-12-19,70 million ~ 100 million won,7000~10000만원 미만,% 만원,Number of newlyweds,First year,101,By income level of wage,신혼부부 특성별
소득구간별,혼인1년차,24.6,101,5,A,Percent Ten Thousands Won,T10,DT_1NW1027,신혼부부 구성비,신혼부부 특성별 소득(근로·사업소득) 현황,2024,2025-12-17,70 million ~ 100 million won,7000~10000만원 미만,% 만원,Number of newlyweds,First year,101,By income level of wage,신혼부부 특성별
소득구간별,혼인2년차,20.5,102,5,A,Percent Ten Thousands Won,T10,DT_1NW1027,신혼부부 구성비,신혼부부 특성별 소득(근로·사업소득) 현황,2022,2024-01-08,70 million ~ 100 million won,7000~10000만원 미만,% 만원,Number of newlyweds,Second year,101,By income level of wage,신혼부부 특성별
소득구간별,혼인2년차,21.1,102,5,A,Percent Ten Thousands Won,T10,DT_1NW1027,신혼부부 구성비,신혼부부 특성별 소득(근로·사업소득) 현황,2023,2024-12-19,70 million ~ 100 million won,7000~10000만원 미만,% 만원,Number of newlyweds,Second year,101,By income level of wage,신혼부부 특성별
소득구간별,혼인2년차,20.9,102,5,A,Percent Ten Thousands Won,T10,DT_1NW1027,신혼부부 구성비,신혼부부 특성별 소득(근로·사업소득) 현황,2024,2025-12-17,70 million ~ 100 million won,7000~10000만원 미만,% 만원,Number of newlyweds,Second year,101,By income level of wage,신혼부부 특성별
소득구간별,혼인3년차,19.1,103,5,A,Percent Ten Thousands Won,T10,DT_1NW1027,신혼부부 구성비,신혼부부 특성별 소득(근로·사업소득) 현황,2022,2024-01-08,70 million ~ 100 million won,7000~10000만원 미만,% 만원,Number of newlyweds,Third year,101,By income level of wage,신혼부부 특성별
소득구간별,혼인3년차,20.5,103,5,A,Percent Ten Thousands Won,T10,DT_1NW1027,신혼부부 구성비,신혼부부 특성별 소득(근로·사업소득) 현황,2023,2024-12-19,70 million ~ 100 million won,7000~10000만원 미만,% 만원,Number of newlyweds,Third year,101,By income level of wage,신혼부부 특성별
소득구간별,혼인3년차,20.5,103,5,A,Percent Ten Thousands Won,T10,DT_1NW1027,신혼부부 구성비,신혼부부 특성별 소득(근로·사업소득) 현황,2024,2025-12-17,70 million ~ 100 million won,7000~10000만원 미만,% 만원,Number of newlyweds,Third year,101,By income level of wage,신혼부부 특성별
소득구간별,혼인4년차,19.1,104,5,A,Percent Ten Thousands Won,T10,DT_1NW1027,신혼부부 구성비,신혼부부 특성별 소득(근로·사업소득) 현황,2022,2024-01-08,70 million ~ 100 million won,7000~10000만원 미만,% 만원,Number of newlyweds,Fourth year,101,By income level of wage,신혼부부 특성별
소득구간별,혼인4년차,20.5,104,5,A,Percent Ten Thousands Won,T10,DT_1NW1027,신혼부부 구성비,신혼부부 특성별 소득(근로·사업소득) 현황,2023,2024-12-19,70 million ~ 100 million won,7000~10000만원 미만,% 만원,Number of newlyweds,Fourth year,101,By income level of wage,신혼부부 특성별
소득구간별,혼인4년차,20.5,104,5,A,Percent Ten Thousands Won,T10,DT_1NW1027,신혼부부 구성비,신혼부부 특성별 소득(근로·사업소득) 현황,2024,2025-12-17,70 million ~ 100 million won,7000~10000만원 미만,% 만원,Number of newlyweds,Fourth year,101,By income level of wage,신혼부부 특성별
소득구간별,혼인5년차,18.2,105,5,A,Percent Ten Thousands Won,T10,DT_1NW1027,신혼부부 구성비,신혼부부 특성별 소득(근로·사업소득) 현황,2022,2024-01-08,70 million ~ 100 million won,7000~10000만원 미만,% 만원,Number of newlyweds,Fifth year,101,By income level of wage,신혼부부 특성별
소득구간별,혼인5년차,19.7,105,5,A,Percent Ten Thousands Won,T10,DT_1NW1027,신혼부부 구성비,신혼부부 특성별 소득(근로·사업소득) 현황,2023,2024-12-19,70 million ~ 100 million won,7000~10000만원 미만,% 만원,Number of newlyweds,Fifth year,101,By income level of wage,신혼부부 특성별
소득구간별,혼인5년차,20.9,105,5,A,Percent Ten Thousands Won,T10,DT_1NW1027,신혼부부 구성비,신혼부부 특성별 소득(근로·사업소득) 현황,2024,2025-12-17,70 million ~ 100 million won,7000~10000만원 미만,% 만원,Number of newlyweds,Fifth year,101,By income level of wage,신혼부부 특성별
소득구간별,서울특별시,19.2,211,5,A,Percent Ten Thousands Won,T10,DT_1NW1027,신혼부부 구성비,신혼부부 특성별 소득(근로·사업소득) 현황,2022,2024-01-08,70 million ~ 100 million won,7000~10000만원 미만,% 만원,Number of newlyweds,Seoul,101,By income level of wage,신혼부부 특성별
소득구간별,서울특별시,20.5,211,5,A,Percent Ten Thousands Won,T10,DT_1NW1027,신혼부부 구성비,신혼부부 특성별 소득(근로·사업소득) 현황,2023,2024-12-19,70 million ~ 100 million won,7000~10000만원 미만,% 만원,Number of newlyweds,Seoul,101,By income level of wage,신혼부부 특성별
소득구간별,서울특별시,20.6,211,5,A,Percent Ten Thousands Won,T10,DT_1NW1027,신혼부부 구성비,신혼부부 특성별 소득(근로·사업소득) 현황,2024,2025-12-17,70 million ~ 100 million won,7000~10000만원 미만,% 만원,Number of newlyweds,Seoul,101,By income level of wage,신혼부부 특성별
소득구간별,부산광역시,17.9,221,5,A,Percent Ten Thousands Won,T10,DT_1NW1027,신혼부부 구성비,신혼부부 특성별 소득(근로·사업소득) 현황,2022,2024-01-08,70 million ~ 100 million won,7000~10000만원 미만,% 만원,Number of newlyweds,Busan,101,By income level of wage,신혼부부 특성별
소득구간별,부산광역시,21,221,5,A,Percent Ten Thousands Won,T10,DT_1NW1027,신혼부부 구성비,신혼부부 특성별 소득(근로·사업소득) 현황,2023,2024-12-19,70 million ~ 100 million won,7000~10000만원 미만,% 만원,Number of newlyweds,Busan,101,By income level of wage,신혼부부 특성별
소득구간별,부산광역시,21.9,221,5,A,Percent Ten Thousands Won,T10,DT_1NW1027,신혼부부 구성비,신혼부부 특성별 소득(근로·사업소득) 현황,2024,2025-12-17,70 million ~ 100 million won,7000~10000만원 미만,% 만원,Number of newlyweds,Busan,101,By income level of wage,신혼부부 특성별
소득구간별,대구광역시,17.5,222,5,A,Percent Ten Thousands Won,T10,DT_1NW1027,신혼부부 구성비,신혼부부 특성별 소득(근로·사업소득) 현황,2022,2024-01-08,70 million ~ 100 million won,7000~10000만원 미만,% 만원,Number of newlyweds,Daegu,101,By income level of wage,신혼부부 특성별
소득구간별,대구광역시,21.7,222,5,A,Percent Ten Thousands Won,T10,DT_1NW1027,신혼부부 구성비,신혼부부 특성별 소득(근로·사업소득) 현황,2023,2024-12-19,70 million ~ 100 million won,7000~10000만원 미만,% 만원,Number of newlyweds,Daegu,101,By income level of wage,신혼부부 특성별
소득구간별,대구광역시,22.2,222,5,A,Percent Ten Thousands Won,T10,DT_1NW1027,신혼부부 구성비,신혼부부 특성별 소득(근로·사업소득) 현황,2024,2025-12-17,70 million ~ 100 million won,7000~10000만원 미만,% 만원,Number of newlyweds,Daegu,101,By income level of wage,신혼부부 특성별
소득구간별,인천광역시,18.4,223,5,A,Percent Ten Thousands Won,T10,DT_1NW1027,신혼부부 구성비,신혼부부 특성별 소득(근로·사업소득) 현황,2022,2024-01-08,70 million ~ 100 million won,7000~10000만원 미만,% 만원,Number of newlyweds,Incheon,101,By income level of wage,신혼부부 특성별
소득구간별,인천광역시,20.3,223,5,A,Percent Ten Thousands Won,T10,DT_1NW1027,신혼부부 구성비,신혼부부 특성별 소득(근로·사업소득) 현황,2023,2024-12-19,70 million ~ 100 million won,7000~10000만원 미만,% 만원,Number of newlyweds,Incheon,101,By income level of wage,신혼부부 특성별
소득구간별,인천광역시,22.1,223,5,A,Percent Ten Thousands Won,T10,DT_1NW1027,신혼부부 구성비,신혼부부 특성별 소득(근로·사업소득) 현황,2024,2025-12-17,70 million ~ 100 million won,7000~10000만원 미만,% 만원,Number of newlyweds,Incheon,101,By income level of wage,신혼부부 특성별
소득구간별,광주광역시,19.2,224,5,A,Percent Ten Thousands Won,T10,DT_1NW1027,신혼부부 구성비,신혼부부 특성별 소득(근로·사업소득) 현황,2022,2024-01-08,70 million ~ 100 million won,7000~10000만원 미만,% 만원,Number of newlyweds,Gwangju,101,By income level of wage,신혼부부 특성별
소득구간별,광주광역시,21.2,224,5,A,Percent Ten Thousands Won,T10,DT_1NW1027,신혼부부 구성비,신혼부부 특성별 소득(근로·사업소득) 현황,2023,2024-12-19,70 million ~ 100 million won,7000~10000만원 미만,% 만원,Number of newlyweds,Gwangju,101,By income level of wage,신혼부부 특성별
소득구간별,광주광역시,22.5,224,5,A,Percent Ten Thousands Won,T10,DT_1NW1027,신혼부부 구성비,신혼부부 특성별 소득(근로·사업소득) 현황,2024,2025-12-17,70 million ~ 100 million won,7000~10000만원 미만,% 만원,Number of newlyweds,Gwangju,101,By income level of wage,신혼부부 특성별
소득구간별,대전광역시,20.8,225,5,A,Percent Ten Thousands Won,T10,DT_1NW1027,신혼부부 구성비,신혼부부 특성별 소득(근로·사업소득) 현황,2022,2024-01-08,70 million ~ 100 million won,7000~10000만원 미만,% 만원,Number of newlyweds,Daejeon,101,By income level of wage,신혼부부 특성별
소득구간별,대전광역시,20.4,225,5,A,Percent Ten Thousands Won,T10,DT_1NW1027,신혼부부 구성비,신혼부부 특성별 소득(근로·사업소득) 현황,2023,2024-12-19,70 million ~ 100 million won,7000~10000만원 미만,% 만원,Number of newlyweds,Daejeon,101,By income level of wage,신혼부부 특성별
소득구간별,대전광역시,22.2,225,5,A,Percent Ten Thousands Won,T10,DT_1NW1027,신혼부부 구성비,신혼부부 특성별 소득(근로·사업소득) 현황,2024,2025-12-17,70 million ~ 100 million won,7000~10000만원 미만,% 만원,Number of newlyweds,Daejeon,101,By income level of wage,신혼부부 특성별
소득구간별,울산광역시,24.3,226,5,A,Percent Ten Thousands Won,T10,DT_1NW1027,신혼부부 구성비,신혼부부 특성별 소득(근로·사업소득) 현황,2022,2024-01-08,70 million ~ 100 million won,7000~10000만원 미만,% 만원,Number of newlyweds,Ulsan,101,By income level of wage,신혼부부 특성별
소득구간별,울산광역시,25.2,226,5,A,Percent Ten Thousands Won,T10,DT_1NW1027,신혼부부 구성비,신혼부부 특성별 소득(근로·사업소득) 현황,2023,2024-12-19,70 million ~ 100 million won,7000~10000만원 미만,% 만원,Number of newlyweds,Ulsan,101,By income level of wage,신혼부부 특성별
소득구간별,울산광역시,24.5,226,5,A,Percent Ten Thousands Won,T10,DT_1NW1027,신혼부부 구성비,신혼부부 특성별 소득(근로·사업소득) 현황,2024,2025-12-17,70 million ~ 100 million won,7000~10000만원 미만,% 만원,Number of newlyweds,Ulsan,101,By income level of wage,신혼부부 특성별
소득구간별,세종특별자치시,23.7,229,5,A,Percent Ten Thousands Won,T10,DT_1NW1027,신혼부부 구성비,신혼부부 특성별 소득(근로·사업소득) 현황,2022,2024-01-08,70 million ~ 100 million won,7000~10000만원 미만,% 만원,Number of newlyweds,Sejong,101,By income level of wage,신혼부부 특성별
소득구간별,세종특별자치시,26.7,229,5,A,Percent Ten Thousands Won,T10,DT_1NW1027,신혼부부 구성비,신혼부부 특성별 소득(근로·사업소득) 현황,2023,2024-12-19,70 million ~ 100 million won,7000~10000만원 미만,% 만원,Number of newlyweds,Sejong,101,By income level of wage,신혼부부 특성별
소득구간별,세종특별자치시,27.9,229,5,A,Percent Ten Thousands Won,T10,DT_1NW1027,신혼부부 구성비,신혼부부 특성별 소득(근로·사업소득) 현황,2024,2025-12-17,70 million ~ 100 million won,7000~10000만원 미만,% 만원,Number of newlyweds,Sejong,101,By income level of wage,신혼부부 특성별
소득구간별,경기도,20.6,231,5,A,Percent Ten Thousands Won,T10,DT_1NW1027,신혼부부 구성비,신혼부부 특성별 소득(근로·사업소득) 현황,2022,2024-01-08,70 million ~ 100 million won,7000~10000만원 미만,% 만원,Number of newlyweds,Gyeonggi-do,101,By income level of wage,신혼부부 특성별
소득구간별,경기도,21.4,231,5,A,Percent Ten Thousands Won,T10,DT_1NW1027,신혼부부 구성비,신혼부부 특성별 소득(근로·사업소득) 현황,2023,2024-12-19,70 million ~ 100 million won,7000~10000만원 미만,% 만원,Number of newlyweds,Gyeonggi-do,101,By income level of wage,신혼부부 특성별
소득구간별,경기도,21.2,231,5,A,Percent Ten Thousands Won,T10,DT_1NW1027,신혼부부 구성비,신혼부부 특성별 소득(근로·사업소득) 현황,2024,2025-12-17,70 million ~ 100 million won,7000~10000만원 미만,% 만원,Number of newlyweds,Gyeonggi-do,101,By income level of wage,신혼부부 특성별
소득구간별,강원특별자치도,18.1,232,5,A,Percent Ten Thousands Won,T10,DT_1NW1027,신혼부부 구성비,신혼부부 특성별 소득(근로·사업소득) 현황,2022,2024-01-08,70 million ~ 100 million won,7000~10000만원 미만,% 만원,Number of newlyweds,Gangwon State,101,By income level of wage,신혼부부 특성별
소득구간별,강원특별자치도,20,232,5,A,Percent Ten Thousands Won,T10,DT_1NW1027,신혼부부 구성비,신혼부부 특성별 소득(근로·사업소득) 현황,2023,2024-12-19,70 million ~ 100 million won,7000~10000만원 미만,% 만원,Number of newlyweds,Gangwon State,101,By income level of wage,신혼부부 특성별
소득구간별,강원특별자치도,21.9,232,5,A,Percent Ten Thousands Won,T10,DT_1NW1027,신혼부부 구성비,신혼부부 특성별 소득(근로·사업소득) 현황,2024,2025-12-17,70 million ~ 100 million won,7000~10000만원 미만,% 만원,Number of newlyweds,Gangwon State,101,By income level of wage,신혼부부 특성별
소득구간별,충청북도,18.5,233,5,A,Percent Ten Thousands Won,T10,DT_1NW1027,신혼부부 구성비,신혼부부 특성별 소득(근로·사업소득) 현황,2022,2024-01-08,70 million ~ 100 million won,7000~10000만원 미만,% 만원,Number of newlyweds,Chungcheongbuk-do,101,By income level of wage,신혼부부 특성별
소득구간별,충청북도,22,233,5,A,Percent Ten Thousands Won,T10,DT_1NW1027,신혼부부 구성비,신혼부부 특성별 소득(근로·사업소득) 현황,2023,2024-12-19,70 million ~ 100 million won,7000~10000만원 미만,% 만원,Number of newlyweds,Chungcheongbuk-do,101,By income level of wage,신혼부부 특성별
소득구간별,충청북도,23.8,233,5,A,Percent Ten Thousands Won,T10,DT_1NW1027,신혼부부 구성비,신혼부부 특성별 소득(근로·사업소득) 현황,2024,2025-12-17,70 million ~ 100 million won,7000~10000만원 미만,% 만원,Number of newlyweds,Chungcheongbuk-do,101,By income level of wage,신혼부부 특성별
소득구간별,충청남도,19.9,234,5,A,Percent Ten Thousands Won,T10,DT_1NW1027,신혼부부 구성비,신혼부부 특성별 소득(근로·사업소득) 현황,2022,2024-01-08,70 million ~ 100 million won,7000~10000만원 미만,% 만원,Number of newlyweds,Chungcheongnam-do,101,By income level of wage,신혼부부 특성별
소득구간별,충청남도,21.6,234,5,A,Percent Ten Thousands Won,T10,DT_1NW1027,신혼부부 구성비,신혼부부 특성별 소득(근로·사업소득) 현황,2023,2024-12-19,70 million ~ 100 million won,7000~10000만원 미만,% 만원,Number of newlyweds,Chungcheongnam-do,101,By income level of wage,신혼부부 특성별
소득구간별,충청남도,21.8,234,5,A,Percent Ten Thousands Won,T10,DT_1NW1027,신혼부부 구성비,신혼부부 특성별 소득(근로·사업소득) 현황,2024,2025-12-17,70 million ~ 100 million won,7000~10000만원 미만,% 만원,Number of newlyweds,Chungcheongnam-do,101,By income level of wage,신혼부부 특성별
소득구간별,전북특별자치도,16.7,235,5,A,Percent Ten Thousands Won,T10,DT_1NW1027,신혼부부 구성비,신혼부부 특성별 소득(근로·사업소득) 현황,2022,2024-01-08,70 million ~ 100 million won,7000~10000만원 미만,% 만원,Number of newlyweds,Jeonbuk State,101,By income level of wage,신혼부부 특성별
소득구간별,전북특별자치도,19.6,235,5,A,Percent Ten Thousands Won,T10,DT_1NW1027,신혼부부 구성비,신혼부부 특성별 소득(근로·사업소득) 현황,2023,2024-12-19,70 million ~ 100 million won,7000~10000만원 미만,% 만원,Number of newlyweds,Jeonbuk State,101,By income level of wage,신혼부부 특성별
소득구간별,전북특별자치도,20.8,235,5,A,Percent Ten Thousands Won,T10,DT_1NW1027,신혼부부 구성비,신혼부부 특성별 소득(근로·사업소득) 현황,2024,2025-12-17,70 million ~ 100 million won,7000~10000만원 미만,% 만원,Number of newlyweds,Jeonbuk State,101,By income level of wage,신혼부부 특성별
소득구간별,전라남도,19.3,236,5,A,Percent Ten Thousands Won,T10,DT_1NW1027,신혼부부 구성비,신혼부부 특성별 소득(근로·사업소득) 현황,2022,2024-01-08,70 million ~ 100 million won,7000~10000만원 미만,% 만원,Number of newlyweds,Jeollanam-do,101,By income level of wage,신혼부부 특성별
소득구간별,전라남도,20.3,236,5,A,Percent Ten Thousands Won,T10,DT_1NW1027,신혼부부 구성비,신혼부부 특성별 소득(근로·사업소득) 현황,2023,2024-12-19,70 million ~ 100 million won,7000~10000만원 미만,% 만원,Number of newlyweds,Jeollanam-do,101,By income level of wage,신혼부부 특성별
소득구간별,전라남도,22.4,236,5,A,Percent Ten Thousands Won,T10,DT_1NW1027,신혼부부 구성비,신혼부부 특성별 소득(근로·사업소득) 현황,2024,2025-12-17,70 million ~ 100 million won,7000~10000만원 미만,% 만원,Number of newlyweds,Jeollanam-do,101,By income level of wage,신혼부부 특성별
소득구간별,경상북도,18.7,237,5,A,Percent Ten Thousands Won,T10,DT_1NW1027,신혼부부 구성비,신혼부부 특성별 소득(근로·사업소득) 현황,2022,2024-01-08,70 million ~ 100 million won,7000~10000만원 미만,% 만원,Number of newlyweds,Gyeongsangbuk-do,101,By income level of wage,신혼부부 특성별
소득구간별,경상북도,20.6,237,5,A,Percent Ten Thousands Won,T10,DT_1NW1027,신혼부부 구성비,신혼부부 특성별 소득(근로·사업소득) 현황,2023,2024-12-19,70 million ~ 100 million won,7000~10000만원 미만,% 만원,Number of newlyweds,Gyeongsangbuk-do,101,By income level of wage,신혼부부 특성별
소득구간별,경상북도,22.6,237,5,A,Percent Ten Thousands Won,T10,DT_1NW1027,신혼부부 구성비,신혼부부 특성별 소득(근로·사업소득) 현황,2024,2025-12-17,70 million ~ 100 million won,7000~10000만원 미만,% 만원,Number of newlyweds,Gyeongsangbuk-do,101,By income level of wage,신혼부부 특성별
소득구간별,경상남도,18.1,238,5,A,Percent Ten Thousands Won,T10,DT_1NW1027,신혼부부 구성비,신혼부부 특성별 소득(근로·사업소득) 현황,2022,2024-01-08,70 million ~ 100 million won,7000~10000만원 미만,% 만원,Number of newlyweds,Gyeongsangnam-do,101,By income level of wage,신혼부부 특성별
소득구간별,경상남도,19.3,238,5,A,Percent Ten Thousands Won,T10,DT_1NW1027,신혼부부 구성비,신혼부부 특성별 소득(근로·사업소득) 현황,2023,2024-12-19,70 million ~ 100 million won,7000~10000만원 미만,% 만원,Number of newlyweds,Gyeongsangnam-do,101,By income level of wage,신혼부부 특성별
소득구간별,경상남도,20.7,238,5,A,Percent Ten Thousands Won,T10,DT_1NW1027,신혼부부 구성비,신혼부부 특성별 소득(근로·사업소득) 현황,2024,2025-12-17,70 million ~ 100 million won,7000~10000만원 미만,% 만원,Number of newlyweds,Gyeongsangnam-do,101,By income level of wage,신혼부부 특성별
소득구간별,제주특별자치도,16.3,239,5,A,Percent Ten Thousands Won,T10,DT_1NW1027,신혼부부 구성비,신혼부부 특성별 소득(근로·사업소득) 현황,2022,2024-01-08,70 million ~ 100 million won,7000~10000만원 미만,% 만원,Number of newlyweds,Jeju-do,101,By income level of wage,신혼부부 특성별
소득구간별,제주특별자치도,16.2,239,5,A,Percent Ten Thousands Won,T10,DT_1NW1027,신혼부부 구성비,신혼부부 특성별 소득(근로·사업소득) 현황,2023,2024-12-19,70 million ~ 100 million won,7000~10000만원 미만,% 만원,Number of newlyweds,Jeju-do,101,By income level of wage,신혼부부 특성별
소득구간별,제주특별자치도,17.6,239,5,A,Percent Ten Thousands Won,T10,DT_1NW1027,신혼부부 구성비,신혼부부 특성별 소득(근로·사업소득) 현황,2024,2025-12-17,70 million ~ 100 million won,7000~10000만원 미만,% 만원,Number of newlyweds,Jeju-do,101,By income level of wage,신혼부부 특성별
소득구간별,맞벌이,27.2,701,5,A,Percent Ten Thousands Won,T10,DT_1NW1027,신혼부부 구성비,신혼부부 특성별 소득(근로·사업소득) 현황,2022,2024-01-08,70 million ~ 100 million won,7000~10000만원 미만,% 만원,Number of newlyweds,Dual-earner families,101,By income level of wage,신혼부부 특성별
소득구간별,맞벌이,29,701,5,A,Percent Ten Thousands Won,T10,DT_1NW1027,신혼부부 구성비,신혼부부 특성별 소득(근로·사업소득) 현황,2023,2024-12-19,70 million ~ 100 million won,7000~10000만원 미만,% 만원,Number of newlyweds,Dual-earner families,101,By income level of wage,신혼부부 특성별
소득구간별,맞벌이,28.7,701,5,A,Percent Ten Thousands Won,T10,DT_1NW1027,신혼부부 구성비,신혼부부 특성별 소득(근로·사업소득) 현황,2024,2025-12-17,70 million ~ 100 million won,7000~10000만원 미만,% 만원,Number of newlyweds,Dual-earner families,101,By income level of wage,신혼부부 특성별
소득구간별,외벌이,11.8,702,5,A,Percent Ten Thousands Won,T10,DT_1NW1027,신혼부부 구성비,신혼부부 특성별 소득(근로·사업소득) 현황,2022,2024-01-08,70 million ~ 100 million won,7000~10000만원 미만,% 만원,Number of newlyweds,Single-earner families,101,By income level of wage,신혼부부 특성별
소득구간별,외벌이,13.3,702,5,A,Percent Ten Thousands Won,T10,DT_1NW1027,신혼부부 구성비,신혼부부 특성별 소득(근로·사업소득) 현황,2023,2024-12-19,70 million ~ 100 million won,7000~10000만원 미만,% 만원,Number of newlyweds,Single-earner families,101,By income level of wage,신혼부부 특성별
소득구간별,외벌이,14.7,702,5,A,Percent Ten Thousands Won,T10,DT_1NW1027,신혼부부 구성비,신혼부부 특성별 소득(근로·사업소득) 현황,2024,2025-12-17,70 million ~ 100 million won,7000~10000만원 미만,% 만원,Number of newlyweds,Single-earner families,101,By income level of wage,신혼부부 특성별
소득구간별,기타,1,709,5,A,Percent Ten Thousands Won,T10,DT_1NW1027,신혼부부 구성비,신혼부부 특성별 소득(근로·사업소득) 현황,2022,2024-01-08,70 million ~ 100 million won,7000~10000만원 미만,% 만원,Number of newlyweds,The others,101,By income level of wage,신혼부부 특성별
소득구간별,기타,0.5,709,5,A,Percent Ten Thousands Won,T10,DT_1NW1027,신혼부부 구성비,신혼부부 특성별 소득(근로·사업소득) 현황,2023,2024-12-19,70 million ~ 100 million won,7000~10000만원 미만,% 만원,Number of newlyweds,The others,101,By income level of wage,신혼부부 특성별
소득구간별,기타,1.5,709,5,A,Percent Ten Thousands Won,T10,DT_1NW1027,신혼부부 구성비,신혼부부 특성별 소득(근로·사업소득) 현황,2024,2025-12-17,70 million ~ 100 million won,7000~10000만원 미만,% 만원,Number of newlyweds,The others,101,By income level of wage,신혼부부 특성별
소득구간별,무자녀,23.1,780,5,A,Percent Ten Thousands Won,T10,DT_1NW1027,신혼부부 구성비,신혼부부 특성별 소득(근로·사업소득) 현황,2022,2024-01-08,70 million ~ 100 million won,7000~10000만원 미만,% 만원,Number of newlyweds,No children,101,By income level of wage,신혼부부 특성별
소득구간별,무자녀,24.2,780,5,A,Percent Ten Thousands Won,T10,DT_1NW1027,신혼부부 구성비,신혼부부 특성별 소득(근로·사업소득) 현황,2023,2024-12-19,70 million ~ 100 million won,7000~10000만원 미만,% 만원,Number of newlyweds,No children,101,By income level of wage,신혼부부 특성별
소득구간별,무자녀,24.8,780,5,A,Percent Ten Thousands Won,T10,DT_1NW1027,신혼부부 구성비,신혼부부 특성별 소득(근로·사업소득) 현황,2024,2025-12-17,70 million ~ 100 million won,7000~10000만원 미만,% 만원,Number of newlyweds,No children,101,By income level of wage,신혼부부 특성별
소득구간별,유자녀,16.7,790,5,A,Percent Ten Thousands Won,T10,DT_1NW1027,신혼부부 구성비,신혼부부 특성별 소득(근로·사업소득) 현황,2022,2024-01-08,70 million ~ 100 million won,7000~10000만원 미만,% 만원,Number of newlyweds,Have children(Subtotal),101,By income level of wage,신혼부부 특성별
소득구간별,유자녀,18.4,790,5,A,Percent Ten Thousands Won,T10,DT_1NW1027,신혼부부 구성비,신혼부부 특성별 소득(근로·사업소득) 현황,2023,2024-12-19,70 million ~ 100 million won,7000~10000만원 미만,% 만원,Number of newlyweds,Have children(Subtotal),101,By income level of wage,신혼부부 특성별
소득구간별,유자녀,18.9,790,5,A,Percent Ten Thousands Won,T10,DT_1NW1027,신혼부부 구성비,신혼부부 특성별 소득(근로·사업소득) 현황,2024,2025-12-17,70 million ~ 100 million won,7000~10000만원 미만,% 만원,Number of newlyweds,Have children(Subtotal),101,By income level of wage,신혼부부 특성별
소득구간별,주택 미소유,18.3,810,5,A,Percent Ten Thousands Won,T10,DT_1NW1027,신혼부부 구성비,신혼부부 특성별 소득(근로·사업소득) 현황,2022,2024-01-08,70 million ~ 100 million won,7000~10000만원 미만,% 만원,Number of newlyweds,Non-possession of house,101,By income level of wage,신혼부부 특성별
소득구간별,주택 미소유,20.1,810,5,A,Percent Ten Thousands Won,T10,DT_1NW1027,신혼부부 구성비,신혼부부 특성별 소득(근로·사업소득) 현황,2023,2024-12-19,70 million ~ 100 million won,7000~10000만원 미만,% 만원,Number of newlyweds,Non-possession of house,101,By income level of wage,신혼부부 특성별
소득구간별,주택 미소유,20.5,810,5,A,Percent Ten Thousands Won,T10,DT_1NW1027,신혼부부 구성비,신혼부부 특성별 소득(근로·사업소득) 현황,2024,2025-12-17,70 million ~ 100 million won,7000~10000만원 미만,% 만원,Number of newlyweds,Non-possession of house,101,By income level of wage,신혼부부 특성별
소득구간별,주택 소유,20.9,820,5,A,Percent Ten Thousands Won,T10,DT_1NW1027,신혼부부 구성비,신혼부부 특성별 소득(근로·사업소득) 현황,2022,2024-01-08,70 million ~ 100 million won,7000~10000만원 미만,% 만원,Number of newlyweds,Possession of house(Subtotal),101,By income level of wage,신혼부부 특성별
소득구간별,주택 소유,22.1,820,5,A,Percent Ten Thousands Won,T10,DT_1NW1027,신혼부부 구성비,신혼부부 특성별 소득(근로·사업소득) 현황,2023,2024-12-19,70 million ~ 100 million won,7000~10000만원 미만,% 만원,Number of newlyweds,Possession of house(Subtotal),101,By income level of wage,신혼부부 특성별
소득구간별,주택 소유,22.8,820,5,A,Percent Ten Thousands Won,T10,DT_1NW1027,신혼부부 구성비,신혼부부 특성별 소득(근로·사업소득) 현황,2024,2025-12-17,70 million ~ 100 million won,7000~10000만원 미만,% 만원,Number of newlyweds,Possession of house(Subtotal),101,By income level of wage,신혼부부 특성별
소득구간별,전국,16.3,000,6,A,Percent Ten Thousands Won,T10,DT_1NW1027,신혼부부 구성비,신혼부부 특성별 소득(근로·사업소득) 현황,2022,2024-01-08,100 million won ＆ more,10000만원 이상,% 만원,Number of newlyweds,Whole country,101,By income level of wage,신혼부부 특성별
소득구간별,전국,18.9,000,6,A,Percent Ten Thousands Won,T10,DT_1NW1027,신혼부부 구성비,신혼부부 특성별 소득(근로·사업소득) 현황,2023,2024-12-19,100 million won ＆ more,10000만원 이상,% 만원,Number of newlyweds,Whole country,101,By income level of wage,신혼부부 특성별
소득구간별,전국,21.7,000,6,A,Percent Ten Thousands Won,T10,DT_1NW1027,신혼부부 구성비,신혼부부 특성별 소득(근로·사업소득) 현황,2024,2025-12-17,100 million won ＆ more,10000만원 이상,% 만원,Number of newlyweds,Whole country,101,By income level of wage,신혼부부 특성별
소득구간별,혼인1년차,16.7,101,6,A,Percent Ten Thousands Won,T10,DT_1NW1027,신혼부부 구성비,신혼부부 특성별 소득(근로·사업소득) 현황,2022,2024-01-08,100 million won ＆ more,10000만원 이상,% 만원,Number of newlyweds,First year,101,By income level of wage,신혼부부 특성별
소득구간별,혼인1년차,20.3,101,6,A,Percent Ten Thousands Won,T10,DT_1NW1027,신혼부부 구성비,신혼부부 특성별 소득(근로·사업소득) 현황,2023,2024-12-19,100 million won ＆ more,10000만원 이상,% 만원,Number of newlyweds,First year,101,By income level of wage,신혼부부 특성별
소득구간별,혼인1년차,23.9,101,6,A,Percent Ten Thousands Won,T10,DT_1NW1027,신혼부부 구성비,신혼부부 특성별 소득(근로·사업소득) 현황,2024,2025-12-17,100 million won ＆ more,10000만원 이상,% 만원,Number of newlyweds,First year,101,By income level of wage,신혼부부 특성별
소득구간별,혼인2년차,15.5,102,6,A,Percent Ten Thousands Won,T10,DT_1NW1027,신혼부부 구성비,신혼부부 특성별 소득(근로·사업소득) 현황,2022,2024-01-08,100 million won ＆ more,10000만원 이상,% 만원,Number of newlyweds,Second year,101,By income level of wage,신혼부부 특성별
소득구간별,혼인2년차,17.3,102,6,A,Percent Ten Thousands Won,T10,DT_1NW1027,신혼부부 구성비,신혼부부 특성별 소득(근로·사업소득) 현황,2023,2024-12-19,100 million won ＆ more,10000만원 이상,% 만원,Number of newlyweds,Second year,101,By income level of wage,신혼부부 특성별
소득구간별,혼인2년차,20,102,6,A,Percent Ten Thousands Won,T10,DT_1NW1027,신혼부부 구성비,신혼부부 특성별 소득(근로·사업소득) 현황,2024,2025-12-17,100 million won ＆ more,10000만원 이상,% 만원,Number of newlyweds,Second year,101,By income level of wage,신혼부부 특성별
소득구간별,혼인3년차,15.8,103,6,A,Percent Ten Thousands Won,T10,DT_1NW1027,신혼부부 구성비,신혼부부 특성별 소득(근로·사업소득) 현황,2022,2024-01-08,100 million won ＆ more,10000만원 이상,% 만원,Number of newlyweds,Third year,101,By income level of wage,신혼부부 특성별
소득구간별,혼인3년차,18.7,103,6,A,Percent Ten Thousands Won,T10,DT_1NW1027,신혼부부 구성비,신혼부부 특성별 소득(근로·사업소득) 현황,2023,2024-12-19,100 million won ＆ more,10000만원 이상,% 만원,Number of newlyweds,Third year,101,By income level of wage,신혼부부 특성별
소득구간별,혼인3년차,19.9,103,6,A,Percent Ten Thousands Won,T10,DT_1NW1027,신혼부부 구성비,신혼부부 특성별 소득(근로·사업소득) 현황,2024,2025-12-17,100 million won ＆ more,10000만원 이상,% 만원,Number of newlyweds,Third year,101,By income level of wage,신혼부부 특성별
소득구간별,혼인4년차,15.9,104,6,A,Percent Ten Thousands Won,T10,DT_1NW1027,신혼부부 구성비,신혼부부 특성별 소득(근로·사업소득) 현황,2022,2024-01-08,100 million won ＆ more,10000만원 이상,% 만원,Number of newlyweds,Fourth year,101,By income level of wage,신혼부부 특성별
소득구간별,혼인4년차,18.4,104,6,A,Percent Ten Thousands Won,T10,DT_1NW1027,신혼부부 구성비,신혼부부 특성별 소득(근로·사업소득) 현황,2023,2024-12-19,100 million won ＆ more,10000만원 이상,% 만원,Number of newlyweds,Fourth year,101,By income level of wage,신혼부부 특성별
소득구간별,혼인4년차,21.5,104,6,A,Percent Ten Thousands Won,T10,DT_1NW1027,신혼부부 구성비,신혼부부 특성별 소득(근로·사업소득) 현황,2024,2025-12-17,100 million won ＆ more,10000만원 이상,% 만원,Number of newlyweds,Fourth year,101,By income level of wage,신혼부부 특성별
소득구간별,혼인5년차,17.6,105,6,A,Percent Ten Thousands Won,T10,DT_1NW1027,신혼부부 구성비,신혼부부 특성별 소득(근로·사업소득) 현황,2022,2024-01-08,100 million won ＆ more,10000만원 이상,% 만원,Number of newlyweds,Fifth year,101,By income level of wage,신혼부부 특성별
소득구간별,혼인5년차,20,105,6,A,Percent Ten Thousands Won,T10,DT_1NW1027,신혼부부 구성비,신혼부부 특성별 소득(근로·사업소득) 현황,2023,2024-12-19,100 million won ＆ more,10000만원 이상,% 만원,Number of newlyweds,Fifth year,101,By income level of wage,신혼부부 특성별
소득구간별,혼인5년차,22.6,105,6,A,Percent Ten Thousands Won,T10,DT_1NW1027,신혼부부 구성비,신혼부부 특성별 소득(근로·사업소득) 현황,2024,2025-12-17,100 million won ＆ more,10000만원 이상,% 만원,Number of newlyweds,Fifth year,101,By income level of wage,신혼부부 특성별
소득구간별,서울특별시,28.2,211,6,A,Percent Ten Thousands Won,T10,DT_1NW1027,신혼부부 구성비,신혼부부 특성별 소득(근로·사업소득) 현황,2022,2024-01-08,100 million won ＆ more,10000만원 이상,% 만원,Number of newlyweds,Seoul,101,By income level of wage,신혼부부 특성별
소득구간별,서울특별시,31.4,211,6,A,Percent Ten Thousands Won,T10,DT_1NW1027,신혼부부 구성비,신혼부부 특성별 소득(근로·사업소득) 현황,2023,2024-12-19,100 million won ＆ more,10000만원 이상,% 만원,Number of newlyweds,Seoul,101,By income level of wage,신혼부부 특성별
소득구간별,서울특별시,34.6,211,6,A,Percent Ten Thousands Won,T10,DT_1NW1027,신혼부부 구성비,신혼부부 특성별 소득(근로·사업소득) 현황,2024,2025-12-17,100 million won ＆ more,10000만원 이상,% 만원,Number of newlyweds,Seoul,101,By income level of wage,신혼부부 특성별
소득구간별,부산광역시,12.9,221,6,A,Percent Ten Thousands Won,T10,DT_1NW1027,신혼부부 구성비,신혼부부 특성별 소득(근로·사업소득) 현황,2022,2024-01-08,100 million won ＆ more,10000만원 이상,% 만원,Number of newlyweds,Busan,101,By income level of wage,신혼부부 특성별
소득구간별,부산광역시,14.7,221,6,A,Percent Ten Thousands Won,T10,DT_1NW1027,신혼부부 구성비,신혼부부 특성별 소득(근로·사업소득) 현황,2023,2024-12-19,100 million won ＆ more,10000만원 이상,% 만원,Number of newlyweds,Busan,101,By income level of wage,신혼부부 특성별
소득구간별,부산광역시,17.8,221,6,A,Percent Ten Thousands Won,T10,DT_1NW1027,신혼부부 구성비,신혼부부 특성별 소득(근로·사업소득) 현황,2024,2025-12-17,100 million won ＆ more,10000만원 이상,% 만원,Number of newlyweds,Busan,101,By income level of wage,신혼부부 특성별
소득구간별,대구광역시,11.3,222,6,A,Percent Ten Thousands Won,T10,DT_1NW1027,신혼부부 구성비,신혼부부 특성별 소득(근로·사업소득) 현황,2022,2024-01-08,100 million won ＆ more,10000만원 이상,% 만원,Number of newlyweds,Daegu,101,By income level of wage,신혼부부 특성별
소득구간별,대구광역시,14.6,222,6,A,Percent Ten Thousands Won,T10,DT_1NW1027,신혼부부 구성비,신혼부부 특성별 소득(근로·사업소득) 현황,2023,2024-12-19,100 million won ＆ more,10000만원 이상,% 만원,Number of newlyweds,Daegu,101,By income level of wage,신혼부부 특성별
소득구간별,대구광역시,15.9,222,6,A,Percent Ten Thousands Won,T10,DT_1NW1027,신혼부부 구성비,신혼부부 특성별 소득(근로·사업소득) 현황,2024,2025-12-17,100 million won ＆ more,10000만원 이상,% 만원,Number of newlyweds,Daegu,101,By income level of wage,신혼부부 특성별
소득구간별,인천광역시,10.2,223,6,A,Percent Ten Thousands Won,T10,DT_1NW1027,신혼부부 구성비,신혼부부 특성별 소득(근로·사업소득) 현황,2022,2024-01-08,100 million won ＆ more,10000만원 이상,% 만원,Number of newlyweds,Incheon,101,By income level of wage,신혼부부 특성별
소득구간별,인천광역시,13.6,223,6,A,Percent Ten Thousands Won,T10,DT_1NW1027,신혼부부 구성비,신혼부부 특성별 소득(근로·사업소득) 현황,2023,2024-12-19,100 million won ＆ more,10000만원 이상,% 만원,Number of newlyweds,Incheon,101,By income level of wage,신혼부부 특성별
소득구간별,인천광역시,16,223,6,A,Percent Ten Thousands Won,T10,DT_1NW1027,신혼부부 구성비,신혼부부 특성별 소득(근로·사업소득) 현황,2024,2025-12-17,100 million won ＆ more,10000만원 이상,% 만원,Number of newlyweds,Incheon,101,By income level of wage,신혼부부 특성별
소득구간별,광주광역시,12.1,224,6,A,Percent Ten Thousands Won,T10,DT_1NW1027,신혼부부 구성비,신혼부부 특성별 소득(근로·사업소득) 현황,2022,2024-01-08,100 million won ＆ more,10000만원 이상,% 만원,Number of newlyweds,Gwangju,101,By income level of wage,신혼부부 특성별
소득구간별,광주광역시,14,224,6,A,Percent Ten Thousands Won,T10,DT_1NW1027,신혼부부 구성비,신혼부부 특성별 소득(근로·사업소득) 현황,2023,2024-12-19,100 million won ＆ more,10000만원 이상,% 만원,Number of newlyweds,Gwangju,101,By income level of wage,신혼부부 특성별
소득구간별,광주광역시,14.7,224,6,A,Percent Ten Thousands Won,T10,DT_1NW1027,신혼부부 구성비,신혼부부 특성별 소득(근로·사업소득) 현황,2024,2025-12-17,100 million won ＆ more,10000만원 이상,% 만원,Number of newlyweds,Gwangju,101,By income level of wage,신혼부부 특성별
소득구간별,대전광역시,12.3,225,6,A,Percent Ten Thousands Won,T10,DT_1NW1027,신혼부부 구성비,신혼부부 특성별 소득(근로·사업소득) 현황,2022,2024-01-08,100 million won ＆ more,10000만원 이상,% 만원,Number of newlyweds,Daejeon,101,By income level of wage,신혼부부 특성별
소득구간별,대전광역시,17.1,225,6,A,Percent Ten Thousands Won,T10,DT_1NW1027,신혼부부 구성비,신혼부부 특성별 소득(근로·사업소득) 현황,2023,2024-12-19,100 million won ＆ more,10000만원 이상,% 만원,Number of newlyweds,Daejeon,101,By income level of wage,신혼부부 특성별
소득구간별,대전광역시,18.2,225,6,A,Percent Ten Thousands Won,T10,DT_1NW1027,신혼부부 구성비,신혼부부 특성별 소득(근로·사업소득) 현황,2024,2025-12-17,100 million won ＆ more,10000만원 이상,% 만원,Number of newlyweds,Daejeon,101,By income level of wage,신혼부부 특성별
소득구간별,울산광역시,15.2,226,6,A,Percent Ten Thousands Won,T10,DT_1NW1027,신혼부부 구성비,신혼부부 특성별 소득(근로·사업소득) 현황,2022,2024-01-08,100 million won ＆ more,10000만원 이상,% 만원,Number of newlyweds,Ulsan,101,By income level of wage,신혼부부 특성별
소득구간별,울산광역시,21.2,226,6,A,Percent Ten Thousands Won,T10,DT_1NW1027,신혼부부 구성비,신혼부부 특성별 소득(근로·사업소득) 현황,2023,2024-12-19,100 million won ＆ more,10000만원 이상,% 만원,Number of newlyweds,Ulsan,101,By income level of wage,신혼부부 특성별
소득구간별,울산광역시,25.9,226,6,A,Percent Ten Thousands Won,T10,DT_1NW1027,신혼부부 구성비,신혼부부 특성별 소득(근로·사업소득) 현황,2024,2025-12-17,100 million won ＆ more,10000만원 이상,% 만원,Number of newlyweds,Ulsan,101,By income level of wage,신혼부부 특성별
소득구간별,세종특별자치시,20.5,229,6,A,Percent Ten Thousands Won,T10,DT_1NW1027,신혼부부 구성비,신혼부부 특성별 소득(근로·사업소득) 현황,2022,2024-01-08,100 million won ＆ more,10000만원 이상,% 만원,Number of newlyweds,Sejong,101,By income level of wage,신혼부부 특성별
소득구간별,세종특별자치시,23.4,229,6,A,Percent Ten Thousands Won,T10,DT_1NW1027,신혼부부 구성비,신혼부부 특성별 소득(근로·사업소득) 현황,2023,2024-12-19,100 million won ＆ more,10000만원 이상,% 만원,Number of newlyweds,Sejong,101,By income level of wage,신혼부부 특성별
소득구간별,세종특별자치시,29.3,229,6,A,Percent Ten Thousands Won,T10,DT_1NW1027,신혼부부 구성비,신혼부부 특성별 소득(근로·사업소득) 현황,2024,2025-12-17,100 million won ＆ more,10000만원 이상,% 만원,Number of newlyweds,Sejong,101,By income level of wage,신혼부부 특성별
소득구간별,경기도,17,231,6,A,Percent Ten Thousands Won,T10,DT_1NW1027,신혼부부 구성비,신혼부부 특성별 소득(근로·사업소득) 현황,2022,2024-01-08,100 million won ＆ more,10000만원 이상,% 만원,Number of newlyweds,Gyeonggi-do,101,By income level of wage,신혼부부 특성별
소득구간별,경기도,19.4,231,6,A,Percent Ten Thousands Won,T10,DT_1NW1027,신혼부부 구성비,신혼부부 특성별 소득(근로·사업소득) 현황,2023,2024-12-19,100 million won ＆ more,10000만원 이상,% 만원,Number of newlyweds,Gyeonggi-do,101,By income level of wage,신혼부부 특성별
소득구간별,경기도,23.5,231,6,A,Percent Ten Thousands Won,T10,DT_1NW1027,신혼부부 구성비,신혼부부 특성별 소득(근로·사업소득) 현황,2024,2025-12-17,100 million won ＆ more,10000만원 이상,% 만원,Number of newlyweds,Gyeonggi-do,101,By income level of wage,신혼부부 특성별
소득구간별,강원특별자치도,9,232,6,A,Percent Ten Thousands Won,T10,DT_1NW1027,신혼부부 구성비,신혼부부 특성별 소득(근로·사업소득) 현황,2022,2024-01-08,100 million won ＆ more,10000만원 이상,% 만원,Number of newlyweds,Gangwon State,101,By income level of wage,신혼부부 특성별
소득구간별,강원특별자치도,11.2,232,6,A,Percent Ten Thousands Won,T10,DT_1NW1027,신혼부부 구성비,신혼부부 특성별 소득(근로·사업소득) 현황,2023,2024-12-19,100 million won ＆ more,10000만원 이상,% 만원,Number of newlyweds,Gangwon State,101,By income level of wage,신혼부부 특성별
소득구간별,강원특별자치도,11.9,232,6,A,Percent Ten Thousands Won,T10,DT_1NW1027,신혼부부 구성비,신혼부부 특성별 소득(근로·사업소득) 현황,2024,2025-12-17,100 million won ＆ more,10000만원 이상,% 만원,Number of newlyweds,Gangwon State,101,By income level of wage,신혼부부 특성별
소득구간별,충청북도,13.5,233,6,A,Percent Ten Thousands Won,T10,DT_1NW1027,신혼부부 구성비,신혼부부 특성별 소득(근로·사업소득) 현황,2022,2024-01-08,100 million won ＆ more,10000만원 이상,% 만원,Number of newlyweds,Chungcheongbuk-do,101,By income level of wage,신혼부부 특성별
소득구간별,충청북도,16.1,233,6,A,Percent Ten Thousands Won,T10,DT_1NW1027,신혼부부 구성비,신혼부부 특성별 소득(근로·사업소득) 현황,2023,2024-12-19,100 million won ＆ more,10000만원 이상,% 만원,Number of newlyweds,Chungcheongbuk-do,101,By income level of wage,신혼부부 특성별
소득구간별,충청북도,17.4,233,6,A,Percent Ten Thousands Won,T10,DT_1NW1027,신혼부부 구성비,신혼부부 특성별 소득(근로·사업소득) 현황,2024,2025-12-17,100 million won ＆ more,10000만원 이상,% 만원,Number of newlyweds,Chungcheongbuk-do,101,By income level of wage,신혼부부 특성별
소득구간별,충청남도,15.2,234,6,A,Percent Ten Thousands Won,T10,DT_1NW1027,신혼부부 구성비,신혼부부 특성별 소득(근로·사업소득) 현황,2022,2024-01-08,100 million won ＆ more,10000만원 이상,% 만원,Number of newlyweds,Chungcheongnam-do,101,By income level of wage,신혼부부 특성별
소득구간별,충청남도,17.8,234,6,A,Percent Ten Thousands Won,T10,DT_1NW1027,신혼부부 구성비,신혼부부 특성별 소득(근로·사업소득) 현황,2023,2024-12-19,100 million won ＆ more,10000만원 이상,% 만원,Number of newlyweds,Chungcheongnam-do,101,By income level of wage,신혼부부 특성별
소득구간별,충청남도,18.6,234,6,A,Percent Ten Thousands Won,T10,DT_1NW1027,신혼부부 구성비,신혼부부 특성별 소득(근로·사업소득) 현황,2024,2025-12-17,100 million won ＆ more,10000만원 이상,% 만원,Number of newlyweds,Chungcheongnam-do,101,By income level of wage,신혼부부 특성별
소득구간별,전북특별자치도,9.4,235,6,A,Percent Ten Thousands Won,T10,DT_1NW1027,신혼부부 구성비,신혼부부 특성별 소득(근로·사업소득) 현황,2022,2024-01-08,100 million won ＆ more,10000만원 이상,% 만원,Number of newlyweds,Jeonbuk State,101,By income level of wage,신혼부부 특성별
소득구간별,전북특별자치도,10.9,235,6,A,Percent Ten Thousands Won,T10,DT_1NW1027,신혼부부 구성비,신혼부부 특성별 소득(근로·사업소득) 현황,2023,2024-12-19,100 million won ＆ more,10000만원 이상,% 만원,Number of newlyweds,Jeonbuk State,101,By income level of wage,신혼부부 특성별
소득구간별,전북특별자치도,13.3,235,6,A,Percent Ten Thousands Won,T10,DT_1NW1027,신혼부부 구성비,신혼부부 특성별 소득(근로·사업소득) 현황,2024,2025-12-17,100 million won ＆ more,10000만원 이상,% 만원,Number of newlyweds,Jeonbuk State,101,By income level of wage,신혼부부 특성별
소득구간별,전라남도,11.5,236,6,A,Percent Ten Thousands Won,T10,DT_1NW1027,신혼부부 구성비,신혼부부 특성별 소득(근로·사업소득) 현황,2022,2024-01-08,100 million won ＆ more,10000만원 이상,% 만원,Number of newlyweds,Jeollanam-do,101,By income level of wage,신혼부부 특성별
소득구간별,전라남도,13.3,236,6,A,Percent Ten Thousands Won,T10,DT_1NW1027,신혼부부 구성비,신혼부부 특성별 소득(근로·사업소득) 현황,2023,2024-12-19,100 million won ＆ more,10000만원 이상,% 만원,Number of newlyweds,Jeollanam-do,101,By income level of wage,신혼부부 특성별
소득구간별,전라남도,15.8,236,6,A,Percent Ten Thousands Won,T10,DT_1NW1027,신혼부부 구성비,신혼부부 특성별 소득(근로·사업소득) 현황,2024,2025-12-17,100 million won ＆ more,10000만원 이상,% 만원,Number of newlyweds,Jeollanam-do,101,By income level of wage,신혼부부 특성별
소득구간별,경상북도,11.5,237,6,A,Percent Ten Thousands Won,T10,DT_1NW1027,신혼부부 구성비,신혼부부 특성별 소득(근로·사업소득) 현황,2022,2024-01-08,100 million won ＆ more,10000만원 이상,% 만원,Number of newlyweds,Gyeongsangbuk-do,101,By income level of wage,신혼부부 특성별
소득구간별,경상북도,13.4,237,6,A,Percent Ten Thousands Won,T10,DT_1NW1027,신혼부부 구성비,신혼부부 특성별 소득(근로·사업소득) 현황,2023,2024-12-19,100 million won ＆ more,10000만원 이상,% 만원,Number of newlyweds,Gyeongsangbuk-do,101,By income level of wage,신혼부부 특성별
소득구간별,경상북도,13.7,237,6,A,Percent Ten Thousands Won,T10,DT_1NW1027,신혼부부 구성비,신혼부부 특성별 소득(근로·사업소득) 현황,2024,2025-12-17,100 million won ＆ more,10000만원 이상,% 만원,Number of newlyweds,Gyeongsangbuk-do,101,By income level of wage,신혼부부 특성별
소득구간별,경상남도,10.3,238,6,A,Percent Ten Thousands Won,T10,DT_1NW1027,신혼부부 구성비,신혼부부 특성별 소득(근로·사업소득) 현황,2022,2024-01-08,100 million won ＆ more,10000만원 이상,% 만원,Number of newlyweds,Gyeongsangnam-do,101,By income level of wage,신혼부부 특성별
소득구간별,경상남도,12.7,238,6,A,Percent Ten Thousands Won,T10,DT_1NW1027,신혼부부 구성비,신혼부부 특성별 소득(근로·사업소득) 현황,2023,2024-12-19,100 million won ＆ more,10000만원 이상,% 만원,Number of newlyweds,Gyeongsangnam-do,101,By income level of wage,신혼부부 특성별
소득구간별,경상남도,13.9,238,6,A,Percent Ten Thousands Won,T10,DT_1NW1027,신혼부부 구성비,신혼부부 특성별 소득(근로·사업소득) 현황,2024,2025-12-17,100 million won ＆ more,10000만원 이상,% 만원,Number of newlyweds,Gyeongsangnam-do,101,By income level of wage,신혼부부 특성별
소득구간별,제주특별자치도,9.5,239,6,A,Percent Ten Thousands Won,T10,DT_1NW1027,신혼부부 구성비,신혼부부 특성별 소득(근로·사업소득) 현황,2022,2024-01-08,100 million won ＆ more,10000만원 이상,% 만원,Number of newlyweds,Jeju-do,101,By income level of wage,신혼부부 특성별
소득구간별,제주특별자치도,8.8,239,6,A,Percent Ten Thousands Won,T10,DT_1NW1027,신혼부부 구성비,신혼부부 특성별 소득(근로·사업소득) 현황,2023,2024-12-19,100 million won ＆ more,10000만원 이상,% 만원,Number of newlyweds,Jeju-do,101,By income level of wage,신혼부부 특성별
소득구간별,제주특별자치도,10.5,239,6,A,Percent Ten Thousands Won,T10,DT_1NW1027,신혼부부 구성비,신혼부부 특성별 소득(근로·사업소득) 현황,2024,2025-12-17,100 million won ＆ more,10000만원 이상,% 만원,Number of newlyweds,Jeju-do,101,By income level of wage,신혼부부 특성별
소득구간별,맞벌이,25.8,701,6,A,Percent Ten Thousands Won,T10,DT_1NW1027,신혼부부 구성비,신혼부부 특성별 소득(근로·사업소득) 현황,2022,2024-01-08,100 million won ＆ more,10000만원 이상,% 만원,Number of newlyweds,Dual-earner families,101,By income level of wage,신혼부부 특성별
소득구간별,맞벌이,29.6,701,6,A,Percent Ten Thousands Won,T10,DT_1NW1027,신혼부부 구성비,신혼부부 특성별 소득(근로·사업소득) 현황,2023,2024-12-19,100 million won ＆ more,10000만원 이상,% 만원,Number of newlyweds,Dual-earner families,101,By income level of wage,신혼부부 특성별
소득구간별,맞벌이,33,701,6,A,Percent Ten Thousands Won,T10,DT_1NW1027,신혼부부 구성비,신혼부부 특성별 소득(근로·사업소득) 현황,2024,2025-12-17,100 million won ＆ more,10000만원 이상,% 만원,Number of newlyweds,Dual-earner families,101,By income level of wage,신혼부부 특성별
소득구간별,외벌이,6.1,702,6,A,Percent Ten Thousands Won,T10,DT_1NW1027,신혼부부 구성비,신혼부부 특성별 소득(근로·사업소득) 현황,2022,2024-01-08,100 million won ＆ more,10000만원 이상,% 만원,Number of newlyweds,Single-earner families,101,By income level of wage,신혼부부 특성별
소득구간별,외벌이,7.2,702,6,A,Percent Ten Thousands Won,T10,DT_1NW1027,신혼부부 구성비,신혼부부 특성별 소득(근로·사업소득) 현황,2023,2024-12-19,100 million won ＆ more,10000만원 이상,% 만원,Number of newlyweds,Single-earner families,101,By income level of wage,신혼부부 특성별
소득구간별,외벌이,8.7,702,6,A,Percent Ten Thousands Won,T10,DT_1NW1027,신혼부부 구성비,신혼부부 특성별 소득(근로·사업소득) 현황,2024,2025-12-17,100 million won ＆ more,10000만원 이상,% 만원,Number of newlyweds,Single-earner families,101,By income level of wage,신혼부부 특성별
소득구간별,기타,0.4,709,6,A,Percent Ten Thousands Won,T10,DT_1NW1027,신혼부부 구성비,신혼부부 특성별 소득(근로·사업소득) 현황,2022,2024-01-08,100 million won ＆ more,10000만원 이상,% 만원,Number of newlyweds,The others,101,By income level of wage,신혼부부 특성별
소득구간별,기타,0.6,709,6,A,Percent Ten Thousands Won,T10,DT_1NW1027,신혼부부 구성비,신혼부부 특성별 소득(근로·사업소득) 현황,2023,2024-12-19,100 million won ＆ more,10000만원 이상,% 만원,Number of newlyweds,The others,101,By income level of wage,신혼부부 특성별
소득구간별,기타,0.6,709,6,A,Percent Ten Thousands Won,T10,DT_1NW1027,신혼부부 구성비,신혼부부 특성별 소득(근로·사업소득) 현황,2024,2025-12-17,100 million won ＆ more,10000만원 이상,% 만원,Number of newlyweds,The others,101,By income level of wage,신혼부부 특성별
소득구간별,무자녀,18.8,780,6,A,Percent Ten Thousands Won,T10,DT_1NW1027,신혼부부 구성비,신혼부부 특성별 소득(근로·사업소득) 현황,2022,2024-01-08,100 million won ＆ more,10000만원 이상,% 만원,Number of newlyweds,No children,101,By income level of wage,신혼부부 특성별
소득구간별,무자녀,22.1,780,6,A,Percent Ten Thousands Won,T10,DT_1NW1027,신혼부부 구성비,신혼부부 특성별 소득(근로·사업소득) 현황,2023,2024-12-19,100 million won ＆ more,10000만원 이상,% 만원,Number of newlyweds,No children,101,By income level of wage,신혼부부 특성별
소득구간별,무자녀,25.2,780,6,A,Percent Ten Thousands Won,T10,DT_1NW1027,신혼부부 구성비,신혼부부 특성별 소득(근로·사업소득) 현황,2024,2025-12-17,100 million won ＆ more,10000만원 이상,% 만원,Number of newlyweds,No children,101,By income level of wage,신혼부부 특성별
소득구간별,유자녀,14.5,790,6,A,Percent Ten Thousands Won,T10,DT_1NW1027,신혼부부 구성비,신혼부부 특성별 소득(근로·사업소득) 현황,2022,2024-01-08,100 million won ＆ more,10000만원 이상,% 만원,Number of newlyweds,Have children(Subtotal),101,By income level of wage,신혼부부 특성별
소득구간별,유자녀,16.5,790,6,A,Percent Ten Thousands Won,T10,DT_1NW1027,신혼부부 구성비,신혼부부 특성별 소득(근로·사업소득) 현황,2023,2024-12-19,100 million won ＆ more,10000만원 이상,% 만원,Number of newlyweds,Have children(Subtotal),101,By income level of wage,신혼부부 특성별
소득구간별,유자녀,18.8,790,6,A,Percent Ten Thousands Won,T10,DT_1NW1027,신혼부부 구성비,신혼부부 특성별 소득(근로·사업소득) 현황,2024,2025-12-17,100 million won ＆ more,10000만원 이상,% 만원,Number of newlyweds,Have children(Subtotal),101,By income level of wage,신혼부부 특성별
소득구간별,주택 미소유,12.8,810,6,A,Percent Ten Thousands Won,T10,DT_1NW1027,신혼부부 구성비,신혼부부 특성별 소득(근로·사업소득) 현황,2022,2024-01-08,100 million won ＆ more,10000만원 이상,% 만원,Number of newlyweds,Non-possession of house,101,By income level of wage,신혼부부 특성별
소득구간별,주택 미소유,15.3,810,6,A,Percent Ten Thousands Won,T10,DT_1NW1027,신혼부부 구성비,신혼부부 특성별 소득(근로·사업소득) 현황,2023,2024-12-19,100 million won ＆ more,10000만원 이상,% 만원,Number of newlyweds,Non-possession of house,101,By income level of wage,신혼부부 특성별
소득구간별,주택 미소유,18.1,810,6,A,Percent Ten Thousands Won,T10,DT_1NW1027,신혼부부 구성비,신혼부부 특성별 소득(근로·사업소득) 현황,2024,2025-12-17,100 million won ＆ more,10000만원 이상,% 만원,Number of newlyweds,Non-possession of house,101,By income level of wage,신혼부부 특성별
소득구간별,주택 소유,21.1,820,6,A,Percent Ten Thousands Won,T10,DT_1NW1027,신혼부부 구성비,신혼부부 특성별 소득(근로·사업소득) 현황,2022,2024-01-08,100 million won ＆ more,10000만원 이상,% 만원,Number of newlyweds,Possession of house(Subtotal),101,By income level of wage,신혼부부 특성별
소득구간별,주택 소유,23.8,820,6,A,Percent Ten Thousands Won,T10,DT_1NW1027,신혼부부 구성비,신혼부부 특성별 소득(근로·사업소득) 현황,2023,2024-12-19,100 million won ＆ more,10000만원 이상,% 만원,Number of newlyweds,Possession of house(Subtotal),101,By income level of wage,신혼부부 특성별
소득구간별,주택 소유,26.1,820,6,A,Percent Ten Thousands Won,T10,DT_1NW1027,신혼부부 구성비,신혼부부 특성별 소득(근로·사업소득) 현황,2024,2025-12-17,100 million won ＆ more,10000만원 이상,% 만원,Number of newlyweds,Possession of house(Subtotal),101,By income level of wage,신혼부부 특성별
