opratDate,stgSdCd,stgSdNm,stgSggCd,stgSggNm,stgEmdCd,stgEmdNm,arrSdCd,arrSdNm,arrSggCd,arrSggNm,arrEmdCd,arrEmdNm,tzon,quater,useStf,useTm,origin_sdCd,origin_sdNm,origin_sggCd,origin_sggNm,origin_emdCd,origin_emdNm
20260224,11,서울특별시,11110,종로구,1111010100,청운동,11,서울특별시,11680,강남구,1168010100,역삼동,07,15,1,2609.0,11,서울특별시,11110,종로구,1111010100,청운동
20260224,11,서울특별시,11110,종로구,1111010100,청운동,11,서울특별시,11680,강남구,1168010100,역삼동,07,30,1,2818.0,11,서울특별시,11110,종로구,1111010100,청운동
20260224,11,서울특별시,11110,종로구,1111010100,청운동,11,서울특별시,11680,강남구,1168010100,역삼동,08,00,1,2449.0,11,서울특별시,11110,종로구,1111010100,청운동
20260224,11,서울특별시,11110,종로구,1111010100,청운동,11,서울특별시,11680,강남구,1168010100,역삼동,08,15,1,2243.0,11,서울특별시,11110,종로구,1111010100,청운동
20260224,11,서울특별시,11110,종로구,1111010100,청운동,11,서울특별시,11680,강남구,1168010100,역삼동,10,45,2,3168.0,11,서울특별시,11110,종로구,1111010100,청운동
20260224,11,서울특별시,11110,종로구,1111010100,청운동,11,서울특별시,11680,강남구,1168010100,역삼동,11,00,1,2807.0,11,서울특별시,11110,종로구,1111010100,청운동
20260224,11,서울특별시,11110,종로구,1111010400,효자동,11,서울특별시,11680,강남구,1168010100,역삼동,07,15,1,2406.0,11,서울특별시,11110,종로구,1111010400,효자동
20260224,11,서울특별시,11110,종로구,1111010400,효자동,11,서울특별시,11680,강남구,1168010100,역삼동,07,30,1,2869.0,11,서울특별시,11110,종로구,1111010400,효자동
20260224,11,서울특별시,11110,종로구,1111010400,효자동,11,서울특별시,11680,강남구,1168010100,역삼동,07,45,1,2669.0,11,서울특별시,11110,종로구,1111010400,효자동
20260224,11,서울특별시,11110,종로구,1111010400,효자동,11,서울특별시,11680,강남구,1168010100,역삼동,08,00,1,2017.0,11,서울특별시,11110,종로구,1111010400,효자동
20260224,11,서울특별시,11110,종로구,1111010400,효자동,11,서울특별시,11680,강남구,1168010100,역삼동,08,15,1,2128.0,11,서울특별시,11110,종로구,1111010400,효자동
20260224,11,서울특별시,11110,종로구,1111010400,효자동,11,서울특별시,11680,강남구,1168010100,역삼동,08,45,1,2622.0,11,서울특별시,11110,종로구,1111010400,효자동
20260224,11,서울특별시,11110,종로구,1111010400,효자동,11,서울특별시,11680,강남구,1168010100,역삼동,09,00,1,2524.0,11,서울특별시,11110,종로구,1111010400,효자동
20260224,11,서울특별시,11110,종로구,1111010400,효자동,11,서울특별시,11680,강남구,1168010100,역삼동,09,30,2,2367.0,11,서울특별시,11110,종로구,1111010400,효자동
20260224,11,서울특별시,11110,종로구,1111010400,효자동,11,서울특별시,11680,강남구,1168010100,역삼동,09,45,1,2247.0,11,서울특별시,11110,종로구,1111010400,효자동
20260224,11,서울특별시,11110,종로구,1111010400,효자동,11,서울특별시,11680,강남구,1168010100,역삼동,11,00,2,2381.0,11,서울특별시,11110,종로구,1111010400,효자동
20260224,11,서울특별시,11110,종로구,1111010700,적선동,11,서울특별시,11680,강남구,1168010100,역삼동,07,00,5,2177.0,11,서울특별시,11110,종로구,1111010700,적선동
20260224,11,서울특별시,11110,종로구,1111010700,적선동,11,서울특별시,11680,강남구,1168010100,역삼동,07,15,4,2364.0,11,서울특별시,11110,종로구,1111010700,적선동
20260224,11,서울특별시,11110,종로구,1111010700,적선동,11,서울특별시,11680,강남구,1168010100,역삼동,07,30,9,2302.0,11,서울특별시,11110,종로구,1111010700,적선동
20260224,11,서울특별시,11110,종로구,1111010700,적선동,11,서울특별시,11680,강남구,1168010100,역삼동,07,45,2,2003.0,11,서울특별시,11110,종로구,1111010700,적선동
20260224,11,서울특별시,11110,종로구,1111010700,적선동,11,서울특별시,11680,강남구,1168010100,역삼동,08,00,13,2451.0,11,서울특별시,11110,종로구,1111010700,적선동
20260224,11,서울특별시,11110,종로구,1111010700,적선동,11,서울특별시,11680,강남구,1168010100,역삼동,08,15,5,2279.0,11,서울특별시,11110,종로구,1111010700,적선동
20260224,11,서울특별시,11110,종로구,1111010700,적선동,11,서울특별시,11680,강남구,1168010100,역삼동,08,30,7,2457.0,11,서울특별시,11110,종로구,1111010700,적선동
20260224,11,서울특별시,11110,종로구,1111010700,적선동,11,서울특별시,11680,강남구,1168010100,역삼동,08,45,13,2358.0,11,서울특별시,11110,종로구,1111010700,적선동
20260224,11,서울특별시,11110,종로구,1111010700,적선동,11,서울특별시,11680,강남구,1168010100,역삼동,09,00,6,2333.0,11,서울특별시,11110,종로구,1111010700,적선동
20260224,11,서울특별시,11110,종로구,1111010700,적선동,11,서울특별시,11680,강남구,1168010100,역삼동,09,15,7,2295.0,11,서울특별시,11110,종로구,1111010700,적선동
20260224,11,서울특별시,11110,종로구,1111010700,적선동,11,서울특별시,11680,강남구,1168010100,역삼동,09,30,8,2332.0,11,서울특별시,11110,종로구,1111010700,적선동
20260224,11,서울특별시,11110,종로구,1111010700,적선동,11,서울특별시,11680,강남구,1168010100,역삼동,09,45,5,2513.0,11,서울특별시,11110,종로구,1111010700,적선동
20260224,11,서울특별시,11110,종로구,1111010700,적선동,11,서울특별시,11680,강남구,1168010100,역삼동,10,00,1,2014.0,11,서울특별시,11110,종로구,1111010700,적선동
20260224,11,서울특별시,11110,종로구,1111010700,적선동,11,서울특별시,11680,강남구,1168010100,역삼동,10,15,9,2271.0,11,서울특별시,11110,종로구,1111010700,적선동
20260224,11,서울특별시,11110,종로구,1111010700,적선동,11,서울특별시,11680,강남구,1168010100,역삼동,10,30,4,2580.0,11,서울특별시,11110,종로구,1111010700,적선동
20260224,11,서울특별시,11110,종로구,1111010700,적선동,11,서울특별시,11680,강남구,1168010100,역삼동,10,45,1,2405.0,11,서울특별시,11110,종로구,1111010700,적선동
20260224,11,서울특별시,11110,종로구,1111010700,적선동,11,서울특별시,11680,강남구,1168010100,역삼동,11,00,6,2626.0,11,서울특별시,11110,종로구,1111010700,적선동
20260224,11,서울특별시,11110,종로구,1111010700,적선동,11,서울특별시,11680,강남구,1168010100,역삼동,11,15,6,2563.0,11,서울특별시,11110,종로구,1111010700,적선동
20260224,11,서울특별시,11110,종로구,1111010700,적선동,11,서울특별시,11680,강남구,1168010100,역삼동,11,30,2,2272.0,11,서울특별시,11110,종로구,1111010700,적선동
20260224,11,서울특별시,11110,종로구,1111010700,적선동,11,서울특별시,11680,강남구,1168010100,역삼동,11,45,3,2391.0,11,서울특별시,11110,종로구,1111010700,적선동
20260224,11,서울특별시,11110,종로구,1111010800,통인동,11,서울특별시,11680,강남구,1168010100,역삼동,07,30,1,2622.0,11,서울특별시,11110,종로구,1111010800,통인동
20260224,11,서울특별시,11110,종로구,1111010800,통인동,11,서울특별시,11680,강남구,1168010100,역삼동,08,00,1,2290.0,11,서울특별시,11110,종로구,1111010800,통인동
20260224,11,서울특별시,11110,종로구,1111010800,통인동,11,서울특별시,11680,강남구,1168010100,역삼동,08,30,1,2579.0,11,서울특별시,11110,종로구,1111010800,통인동
20260224,11,서울특별시,11110,종로구,1111010800,통인동,11,서울특별시,11680,강남구,1168010100,역삼동,08,45,1,2527.0,11,서울특별시,11110,종로구,1111010800,통인동
20260224,11,서울특별시,11110,종로구,1111010800,통인동,11,서울특별시,11680,강남구,1168010100,역삼동,11,15,1,2425.0,11,서울특별시,11110,종로구,1111010800,통인동
20260224,11,서울특별시,11110,종로구,1111010900,누상동,11,서울특별시,11680,강남구,1168010100,역삼동,07,15,2,3093.0,11,서울특별시,11110,종로구,1111010900,누상동
20260224,11,서울특별시,11110,종로구,1111010900,누상동,11,서울특별시,11680,강남구,1168010100,역삼동,07,30,1,2752.0,11,서울특별시,11110,종로구,1111010900,누상동
20260224,11,서울특별시,11110,종로구,1111010900,누상동,11,서울특별시,11680,강남구,1168010100,역삼동,07,45,3,2691.0,11,서울특별시,11110,종로구,1111010900,누상동
20260224,11,서울특별시,11110,종로구,1111010900,누상동,11,서울특별시,11680,강남구,1168010100,역삼동,08,00,1,2997.0,11,서울특별시,11110,종로구,1111010900,누상동
20260224,11,서울특별시,11110,종로구,1111010900,누상동,11,서울특별시,11680,강남구,1168010100,역삼동,08,30,1,2692.0,11,서울특별시,11110,종로구,1111010900,누상동
20260224,11,서울특별시,11110,종로구,1111010900,누상동,11,서울특별시,11680,강남구,1168010100,역삼동,08,45,2,2633.0,11,서울특별시,11110,종로구,1111010900,누상동
20260224,11,서울특별시,11110,종로구,1111010900,누상동,11,서울특별시,11680,강남구,1168010100,역삼동,10,00,1,2435.0,11,서울특별시,11110,종로구,1111010900,누상동
20260224,11,서울특별시,11110,종로구,1111010900,누상동,11,서울특별시,11680,강남구,1168010100,역삼동,10,45,1,2710.0,11,서울특별시,11110,종로구,1111010900,누상동
20260224,11,서울특별시,11110,종로구,1111011000,누하동,11,서울특별시,11680,강남구,1168010100,역삼동,07,00,1,2204.0,11,서울특별시,11110,종로구,1111011000,누하동
20260224,11,서울특별시,11110,종로구,1111011000,누하동,11,서울특별시,11680,강남구,1168010100,역삼동,07,45,1,3503.0,11,서울특별시,11110,종로구,1111011000,누하동
20260224,11,서울특별시,11110,종로구,1111011000,누하동,11,서울특별시,11680,강남구,1168010100,역삼동,08,00,1,2033.0,11,서울특별시,11110,종로구,1111011000,누하동
20260224,11,서울특별시,11110,종로구,1111011000,누하동,11,서울특별시,11680,강남구,1168010100,역삼동,09,00,1,2759.0,11,서울특별시,11110,종로구,1111011000,누하동
20260224,11,서울특별시,11110,종로구,1111011000,누하동,11,서울특별시,11680,강남구,1168010100,역삼동,11,00,1,3218.0,11,서울특별시,11110,종로구,1111011000,누하동
20260224,11,서울특별시,11110,종로구,1111011100,옥인동,11,서울특별시,11680,강남구,1168010100,역삼동,07,45,1,2820.0,11,서울특별시,11110,종로구,1111011100,옥인동
20260224,11,서울특별시,11110,종로구,1111011100,옥인동,11,서울특별시,11680,강남구,1168010100,역삼동,11,30,1,3424.0,11,서울특별시,11110,종로구,1111011100,옥인동
20260224,11,서울특별시,11110,종로구,1111011200,체부동,11,서울특별시,11680,강남구,1168010100,역삼동,07,00,1,2629.0,11,서울특별시,11110,종로구,1111011200,체부동
20260224,11,서울특별시,11110,종로구,1111011500,사직동,11,서울특별시,11680,강남구,1168010100,역삼동,07,15,1,2421.0,11,서울특별시,11110,종로구,1111011500,사직동
20260224,11,서울특별시,11110,종로구,1111011500,사직동,11,서울특별시,11680,강남구,1168010100,역삼동,08,45,1,3127.0,11,서울특별시,11110,종로구,1111011500,사직동
20260224,11,서울특별시,11110,종로구,1111011500,사직동,11,서울특별시,11680,강남구,1168010100,역삼동,09,30,1,2204.0,11,서울특별시,11110,종로구,1111011500,사직동
20260224,11,서울특별시,11110,종로구,1111011500,사직동,11,서울특별시,11680,강남구,1168010100,역삼동,10,00,1,2202.0,11,서울특별시,11110,종로구,1111011500,사직동
20260224,11,서울특별시,11110,종로구,1111011900,세종로,11,서울특별시,11680,강남구,1168010100,역삼동,07,15,1,2104.0,11,서울특별시,11110,종로구,1111011900,세종로
20260224,11,서울특별시,11110,종로구,1111011900,세종로,11,서울특별시,11680,강남구,1168010100,역삼동,08,00,1,2582.0,11,서울특별시,11110,종로구,1111011900,세종로
20260224,11,서울특별시,11110,종로구,1111011900,세종로,11,서울특별시,11680,강남구,1168010100,역삼동,08,15,1,2769.0,11,서울특별시,11110,종로구,1111011900,세종로
20260224,11,서울특별시,11110,종로구,1111011900,세종로,11,서울특별시,11680,강남구,1168010100,역삼동,08,30,1,2882.0,11,서울특별시,11110,종로구,1111011900,세종로
20260224,11,서울특별시,11110,종로구,1111011900,세종로,11,서울특별시,11680,강남구,1168010100,역삼동,08,45,1,2210.0,11,서울특별시,11110,종로구,1111011900,세종로
20260224,11,서울특별시,11110,종로구,1111011900,세종로,11,서울특별시,11680,강남구,1168010100,역삼동,09,00,1,2325.0,11,서울특별시,11110,종로구,1111011900,세종로
20260224,11,서울특별시,11110,종로구,1111011900,세종로,11,서울특별시,11680,강남구,1168010100,역삼동,10,00,1,2278.0,11,서울특별시,11110,종로구,1111011900,세종로
20260224,11,서울특별시,11110,종로구,1111011900,세종로,11,서울특별시,11680,강남구,1168010100,역삼동,10,15,1,2259.0,11,서울특별시,11110,종로구,1111011900,세종로
20260224,11,서울특별시,11110,종로구,1111011900,세종로,11,서울특별시,11680,강남구,1168010100,역삼동,10,30,3,2672.0,11,서울특별시,11110,종로구,1111011900,세종로
20260224,11,서울특별시,11110,종로구,1111011900,세종로,11,서울특별시,11680,강남구,1168010100,역삼동,10,45,1,3168.0,11,서울특별시,11110,종로구,1111011900,세종로
20260224,11,서울특별시,11110,종로구,1111011900,세종로,11,서울특별시,11680,강남구,1168010100,역삼동,11,00,4,3096.0,11,서울특별시,11110,종로구,1111011900,세종로
20260224,11,서울특별시,11110,종로구,1111011900,세종로,11,서울특별시,11680,강남구,1168010100,역삼동,11,15,4,2741.0,11,서울특별시,11110,종로구,1111011900,세종로
20260224,11,서울특별시,11110,종로구,1111011900,세종로,11,서울특별시,11680,강남구,1168010100,역삼동,11,30,1,2559.0,11,서울특별시,11110,종로구,1111011900,세종로
20260224,11,서울특별시,11110,종로구,1111011900,세종로,11,서울특별시,11680,강남구,1168010100,역삼동,11,45,1,3034.0,11,서울특별시,11110,종로구,1111011900,세종로
20260224,11,서울특별시,11110,종로구,1111012100,신문로2가,11,서울특별시,11680,강남구,1168010100,역삼동,07,45,1,2143.0,11,서울특별시,11110,종로구,1111012100,신문로2가
20260224,11,서울특별시,11110,종로구,1111012100,신문로2가,11,서울특별시,11680,강남구,1168010100,역삼동,10,15,2,2427.0,11,서울특별시,11110,종로구,1111012100,신문로2가
20260224,11,서울특별시,11110,종로구,1111012100,신문로2가,11,서울특별시,11680,강남구,1168010100,역삼동,10,45,1,2674.0,11,서울특별시,11110,종로구,1111012100,신문로2가
20260224,11,서울특별시,11110,종로구,1111012600,종로1가,11,서울특별시,11680,강남구,1168010100,역삼동,08,00,1,1877.0,11,서울특별시,11110,종로구,1111012600,종로1가
20260224,11,서울특별시,11110,종로구,1111012600,종로1가,11,서울특별시,11680,강남구,1168010100,역삼동,08,45,1,1990.0,11,서울특별시,11110,종로구,1111012600,종로1가
20260224,11,서울특별시,11110,종로구,1111012600,종로1가,11,서울특별시,11680,강남구,1168010100,역삼동,09,00,1,1933.0,11,서울특별시,11110,종로구,1111012600,종로1가
20260224,11,서울특별시,11110,종로구,1111012600,종로1가,11,서울특별시,11680,강남구,1168010100,역삼동,11,15,1,2732.0,11,서울특별시,11110,종로구,1111012600,종로1가
20260224,11,서울특별시,11110,종로구,1111013400,경운동,11,서울특별시,11680,강남구,1168010100,역삼동,07,15,3,1998.0,11,서울특별시,11110,종로구,1111013400,경운동
20260224,11,서울특별시,11110,종로구,1111013400,경운동,11,서울특별시,11680,강남구,1168010100,역삼동,07,30,2,2268.0,11,서울특별시,11110,종로구,1111013400,경운동
20260224,11,서울특별시,11110,종로구,1111013400,경운동,11,서울특별시,11680,강남구,1168010100,역삼동,07,45,7,2314.0,11,서울특별시,11110,종로구,1111013400,경운동
20260224,11,서울특별시,11110,종로구,1111013400,경운동,11,서울특별시,11680,강남구,1168010100,역삼동,08,00,1,2406.0,11,서울특별시,11110,종로구,1111013400,경운동
20260224,11,서울특별시,11110,종로구,1111013400,경운동,11,서울특별시,11680,강남구,1168010100,역삼동,08,15,5,2318.0,11,서울특별시,11110,종로구,1111013400,경운동
20260224,11,서울특별시,11110,종로구,1111013400,경운동,11,서울특별시,11680,강남구,1168010100,역삼동,08,30,8,2084.0,11,서울특별시,11110,종로구,1111013400,경운동
20260224,11,서울특별시,11110,종로구,1111013400,경운동,11,서울특별시,11680,강남구,1168010100,역삼동,08,45,5,2157.0,11,서울특별시,11110,종로구,1111013400,경운동
20260224,11,서울특별시,11110,종로구,1111013400,경운동,11,서울특별시,11680,강남구,1168010100,역삼동,09,00,4,2394.0,11,서울특별시,11110,종로구,1111013400,경운동
20260224,11,서울특별시,11110,종로구,1111013400,경운동,11,서울특별시,11680,강남구,1168010100,역삼동,09,15,4,2036.0,11,서울특별시,11110,종로구,1111013400,경운동
20260224,11,서울특별시,11110,종로구,1111013400,경운동,11,서울특별시,11680,강남구,1168010100,역삼동,09,30,4,2212.0,11,서울특별시,11110,종로구,1111013400,경운동
20260224,11,서울특별시,11110,종로구,1111013400,경운동,11,서울특별시,11680,강남구,1168010100,역삼동,09,45,9,2092.0,11,서울특별시,11110,종로구,1111013400,경운동
20260224,11,서울특별시,11110,종로구,1111013400,경운동,11,서울특별시,11680,강남구,1168010100,역삼동,10,00,3,2336.0,11,서울특별시,11110,종로구,1111013400,경운동
20260224,11,서울특별시,11110,종로구,1111013400,경운동,11,서울특별시,11680,강남구,1168010100,역삼동,10,15,7,2348.0,11,서울특별시,11110,종로구,1111013400,경운동
20260224,11,서울특별시,11110,종로구,1111013400,경운동,11,서울특별시,11680,강남구,1168010100,역삼동,10,30,4,2343.0,11,서울특별시,11110,종로구,1111013400,경운동
20260224,11,서울특별시,11110,종로구,1111013400,경운동,11,서울특별시,11680,강남구,1168010100,역삼동,10,45,10,2455.0,11,서울특별시,11110,종로구,1111013400,경운동
20260224,11,서울특별시,11110,종로구,1111013400,경운동,11,서울특별시,11680,강남구,1168010100,역삼동,11,00,5,2178.0,11,서울특별시,11110,종로구,1111013400,경운동
20260224,11,서울특별시,11110,종로구,1111013400,경운동,11,서울특별시,11680,강남구,1168010100,역삼동,11,15,3,2010.0,11,서울특별시,11110,종로구,1111013400,경운동
20260224,11,서울특별시,11110,종로구,1111013400,경운동,11,서울특별시,11680,강남구,1168010100,역삼동,11,30,10,2412.0,11,서울특별시,11110,종로구,1111013400,경운동
20260224,11,서울특별시,11110,종로구,1111013400,경운동,11,서울특별시,11680,강남구,1168010100,역삼동,11,45,5,3148.0,11,서울특별시,11110,종로구,1111013400,경운동
20260224,11,서울특별시,11110,종로구,1111013500,관철동,11,서울특별시,11680,강남구,1168010100,역삼동,07,00,1,2322.0,11,서울특별시,11110,종로구,1111013500,관철동
20260224,11,서울특별시,11110,종로구,1111013500,관철동,11,서울특별시,11680,강남구,1168010100,역삼동,07,30,1,1374.0,11,서울특별시,11110,종로구,1111013500,관철동
20260224,11,서울특별시,11110,종로구,1111013500,관철동,11,서울특별시,11680,강남구,1168010100,역삼동,08,00,2,2784.0,11,서울특별시,11110,종로구,1111013500,관철동
20260224,11,서울특별시,11110,종로구,1111013500,관철동,11,서울특별시,11680,강남구,1168010100,역삼동,08,15,1,3858.0,11,서울특별시,11110,종로구,1111013500,관철동
20260224,11,서울특별시,11110,종로구,1111013500,관철동,11,서울특별시,11680,강남구,1168010100,역삼동,09,15,2,2971.0,11,서울특별시,11110,종로구,1111013500,관철동
20260224,11,서울특별시,11110,종로구,1111013500,관철동,11,서울특별시,11680,강남구,1168010100,역삼동,09,30,1,1874.0,11,서울특별시,11110,종로구,1111013500,관철동
20260224,11,서울특별시,11110,종로구,1111013500,관철동,11,서울특별시,11680,강남구,1168010100,역삼동,10,00,3,1907.0,11,서울특별시,11110,종로구,1111013500,관철동
20260224,11,서울특별시,11110,종로구,1111013500,관철동,11,서울특별시,11680,강남구,1168010100,역삼동,10,15,3,3460.0,11,서울특별시,11110,종로구,1111013500,관철동
20260224,11,서울특별시,11110,종로구,1111013500,관철동,11,서울특별시,11680,강남구,1168010100,역삼동,10,45,1,3065.0,11,서울특별시,11110,종로구,1111013500,관철동
20260224,11,서울특별시,11110,종로구,1111013500,관철동,11,서울특별시,11680,강남구,1168010100,역삼동,11,00,2,3355.0,11,서울특별시,11110,종로구,1111013500,관철동
20260224,11,서울특별시,11110,종로구,1111013500,관철동,11,서울특별시,11680,강남구,1168010100,역삼동,11,15,7,2616.0,11,서울특별시,11110,종로구,1111013500,관철동
20260224,11,서울특별시,11110,종로구,1111013500,관철동,11,서울특별시,11680,강남구,1168010100,역삼동,11,30,2,2531.0,11,서울특별시,11110,종로구,1111013500,관철동
20260224,11,서울특별시,11110,종로구,1111013500,관철동,11,서울특별시,11680,강남구,1168010100,역삼동,11,45,3,2656.0,11,서울특별시,11110,종로구,1111013500,관철동
20260224,11,서울특별시,11110,종로구,1111013800,종로2가,11,서울특별시,11680,강남구,1168010100,역삼동,08,00,1,1475.0,11,서울특별시,11110,종로구,1111013800,종로2가
20260224,11,서울특별시,11110,종로구,1111013800,종로2가,11,서울특별시,11680,강남구,1168010100,역삼동,11,45,1,1959.0,11,서울특별시,11110,종로구,1111013800,종로2가
20260224,11,서울특별시,11110,종로구,1111013900,팔판동,11,서울특별시,11680,강남구,1168010100,역삼동,08,45,1,2394.0,11,서울특별시,11110,종로구,1111013900,팔판동
20260224,11,서울특별시,11110,종로구,1111014000,삼청동,11,서울특별시,11680,강남구,1168010100,역삼동,08,00,1,3842.0,11,서울특별시,11110,종로구,1111014000,삼청동
20260224,11,서울특별시,11110,종로구,1111015100,묘동,11,서울특별시,11680,강남구,1168010100,역삼동,07,15,1,1819.0,11,서울특별시,11110,종로구,1111015100,묘동
20260224,11,서울특별시,11110,종로구,1111015100,묘동,11,서울특별시,11680,강남구,1168010100,역삼동,07,30,2,2314.0,11,서울특별시,11110,종로구,1111015100,묘동
20260224,11,서울특별시,11110,종로구,1111015100,묘동,11,서울특별시,11680,강남구,1168010100,역삼동,07,45,1,1761.0,11,서울특별시,11110,종로구,1111015100,묘동
20260224,11,서울특별시,11110,종로구,1111015100,묘동,11,서울특별시,11680,강남구,1168010100,역삼동,08,30,1,2068.0,11,서울특별시,11110,종로구,1111015100,묘동
20260224,11,서울특별시,11110,종로구,1111015100,묘동,11,서울특별시,11680,강남구,1168010100,역삼동,08,45,1,2348.0,11,서울특별시,11110,종로구,1111015100,묘동
20260224,11,서울특별시,11110,종로구,1111015100,묘동,11,서울특별시,11680,강남구,1168010100,역삼동,09,00,4,2861.0,11,서울특별시,11110,종로구,1111015100,묘동
20260224,11,서울특별시,11110,종로구,1111015100,묘동,11,서울특별시,11680,강남구,1168010100,역삼동,09,15,1,2223.0,11,서울특별시,11110,종로구,1111015100,묘동
20260224,11,서울특별시,11110,종로구,1111015100,묘동,11,서울특별시,11680,강남구,1168010100,역삼동,09,45,1,2541.0,11,서울특별시,11110,종로구,1111015100,묘동
20260224,11,서울특별시,11110,종로구,1111015100,묘동,11,서울특별시,11680,강남구,1168010100,역삼동,10,00,3,2048.0,11,서울특별시,11110,종로구,1111015100,묘동
20260224,11,서울특별시,11110,종로구,1111015100,묘동,11,서울특별시,11680,강남구,1168010100,역삼동,10,15,1,2298.0,11,서울특별시,11110,종로구,1111015100,묘동
20260224,11,서울특별시,11110,종로구,1111015100,묘동,11,서울특별시,11680,강남구,1168010100,역삼동,10,30,4,2244.0,11,서울특별시,11110,종로구,1111015100,묘동
20260224,11,서울특별시,11110,종로구,1111015100,묘동,11,서울특별시,11680,강남구,1168010100,역삼동,10,45,2,2319.0,11,서울특별시,11110,종로구,1111015100,묘동
20260224,11,서울특별시,11110,종로구,1111015100,묘동,11,서울특별시,11680,강남구,1168010100,역삼동,11,15,6,2322.0,11,서울특별시,11110,종로구,1111015100,묘동
20260224,11,서울특별시,11110,종로구,1111015100,묘동,11,서울특별시,11680,강남구,1168010100,역삼동,11,30,1,2883.0,11,서울특별시,11110,종로구,1111015100,묘동
20260224,11,서울특별시,11110,종로구,1111015100,묘동,11,서울특별시,11680,강남구,1168010100,역삼동,11,45,2,2306.0,11,서울특별시,11110,종로구,1111015100,묘동
20260224,11,서울특별시,11110,종로구,1111015300,돈의동,11,서울특별시,11680,강남구,1168010100,역삼동,09,00,3,2143.0,11,서울특별시,11110,종로구,1111015300,돈의동
20260224,11,서울특별시,11110,종로구,1111015300,돈의동,11,서울특별시,11680,강남구,1168010100,역삼동,09,15,1,2473.0,11,서울특별시,11110,종로구,1111015300,돈의동
20260224,11,서울특별시,11110,종로구,1111015300,돈의동,11,서울특별시,11680,강남구,1168010100,역삼동,10,45,2,1829.0,11,서울특별시,11110,종로구,1111015300,돈의동
20260224,11,서울특별시,11110,종로구,1111015300,돈의동,11,서울특별시,11680,강남구,1168010100,역삼동,11,45,1,2043.0,11,서울특별시,11110,종로구,1111015300,돈의동
20260224,11,서울특별시,11110,종로구,1111015600,종로3가,11,서울특별시,11680,강남구,1168010100,역삼동,07,00,1,2192.0,11,서울특별시,11110,종로구,1111015600,종로3가
20260224,11,서울특별시,11110,종로구,1111015600,종로3가,11,서울특별시,11680,강남구,1168010100,역삼동,07,15,1,2238.0,11,서울특별시,11110,종로구,1111015600,종로3가
20260224,11,서울특별시,11110,종로구,1111015600,종로3가,11,서울특별시,11680,강남구,1168010100,역삼동,08,00,1,1826.0,11,서울특별시,11110,종로구,1111015600,종로3가
20260224,11,서울특별시,11110,종로구,1111015600,종로3가,11,서울특별시,11680,강남구,1168010100,역삼동,08,30,2,2223.0,11,서울특별시,11110,종로구,1111015600,종로3가
20260224,11,서울특별시,11110,종로구,1111015600,종로3가,11,서울특별시,11680,강남구,1168010100,역삼동,09,00,1,2131.0,11,서울특별시,11110,종로구,1111015600,종로3가
20260224,11,서울특별시,11110,종로구,1111015600,종로3가,11,서울특별시,11680,강남구,1168010100,역삼동,09,15,2,2178.0,11,서울특별시,11110,종로구,1111015600,종로3가
20260224,11,서울특별시,11110,종로구,1111015600,종로3가,11,서울특별시,11680,강남구,1168010100,역삼동,10,00,1,2310.0,11,서울특별시,11110,종로구,1111015600,종로3가
20260224,11,서울특별시,11110,종로구,1111015600,종로3가,11,서울특별시,11680,강남구,1168010100,역삼동,10,15,5,2167.0,11,서울특별시,11110,종로구,1111015600,종로3가
20260224,11,서울특별시,11110,종로구,1111015600,종로3가,11,서울특별시,11680,강남구,1168010100,역삼동,10,30,1,2418.0,11,서울특별시,11110,종로구,1111015600,종로3가
20260224,11,서울특별시,11110,종로구,1111015600,종로3가,11,서울특별시,11680,강남구,1168010100,역삼동,10,45,1,2441.0,11,서울특별시,11110,종로구,1111015600,종로3가
20260224,11,서울특별시,11110,종로구,1111015600,종로3가,11,서울특별시,11680,강남구,1168010100,역삼동,11,00,1,1843.0,11,서울특별시,11110,종로구,1111015600,종로3가
20260224,11,서울특별시,11110,종로구,1111015600,종로3가,11,서울특별시,11680,강남구,1168010100,역삼동,11,30,3,2264.0,11,서울특별시,11110,종로구,1111015600,종로3가
20260224,11,서울특별시,11110,종로구,1111015600,종로3가,11,서울특별시,11680,강남구,1168010100,역삼동,11,45,1,2101.0,11,서울특별시,11110,종로구,1111015600,종로3가
20260224,11,서울특별시,11110,종로구,1111015700,인의동,11,서울특별시,11680,강남구,1168010100,역삼동,08,15,1,2259.0,11,서울특별시,11110,종로구,1111015700,인의동
20260224,11,서울특별시,11110,종로구,1111015800,예지동,11,서울특별시,11680,강남구,1168010100,역삼동,07,45,1,1932.0,11,서울특별시,11110,종로구,1111015800,예지동
20260224,11,서울특별시,11110,종로구,1111015900,원남동,11,서울특별시,11680,강남구,1168010100,역삼동,07,30,1,2403.0,11,서울특별시,11110,종로구,1111015900,원남동
20260224,11,서울특별시,11110,종로구,1111015900,원남동,11,서울특별시,11680,강남구,1168010100,역삼동,08,15,1,2807.0,11,서울특별시,11110,종로구,1111015900,원남동
20260224,11,서울특별시,11110,종로구,1111015900,원남동,11,서울특별시,11680,강남구,1168010100,역삼동,10,15,1,2881.0,11,서울특별시,11110,종로구,1111015900,원남동
20260224,11,서울특별시,11110,종로구,1111016000,연지동,11,서울특별시,11680,강남구,1168010100,역삼동,07,00,1,2588.0,11,서울특별시,11110,종로구,1111016000,연지동
20260224,11,서울특별시,11110,종로구,1111016000,연지동,11,서울특별시,11680,강남구,1168010100,역삼동,07,45,1,2802.0,11,서울특별시,11110,종로구,1111016000,연지동
20260224,11,서울특별시,11110,종로구,1111016000,연지동,11,서울특별시,11680,강남구,1168010100,역삼동,10,45,1,3083.0,11,서울특별시,11110,종로구,1111016000,연지동
20260224,11,서울특별시,11110,종로구,1111016300,종로5가,11,서울특별시,11680,강남구,1168010100,역삼동,08,00,1,2691.0,11,서울특별시,11110,종로구,1111016300,종로5가
20260224,11,서울특별시,11110,종로구,1111016300,종로5가,11,서울특별시,11680,강남구,1168010100,역삼동,08,15,2,2004.0,11,서울특별시,11110,종로구,1111016300,종로5가
20260224,11,서울특별시,11110,종로구,1111016300,종로5가,11,서울특별시,11680,강남구,1168010100,역삼동,09,00,3,2701.0,11,서울특별시,11110,종로구,1111016300,종로5가
20260224,11,서울특별시,11110,종로구,1111016300,종로5가,11,서울특별시,11680,강남구,1168010100,역삼동,09,45,2,2155.0,11,서울특별시,11110,종로구,1111016300,종로5가
20260224,11,서울특별시,11110,종로구,1111016300,종로5가,11,서울특별시,11680,강남구,1168010100,역삼동,10,00,3,2832.0,11,서울특별시,11110,종로구,1111016300,종로5가
20260224,11,서울특별시,11110,종로구,1111016300,종로5가,11,서울특별시,11680,강남구,1168010100,역삼동,10,15,1,5308.0,11,서울특별시,11110,종로구,1111016300,종로5가
20260224,11,서울특별시,11110,종로구,1111016300,종로5가,11,서울특별시,11680,강남구,1168010100,역삼동,10,30,2,2592.0,11,서울특별시,11110,종로구,1111016300,종로5가
20260224,11,서울특별시,11110,종로구,1111016300,종로5가,11,서울특별시,11680,강남구,1168010100,역삼동,10,45,2,2293.0,11,서울특별시,11110,종로구,1111016300,종로5가
20260224,11,서울특별시,11110,종로구,1111016300,종로5가,11,서울특별시,11680,강남구,1168010100,역삼동,11,00,2,2482.0,11,서울특별시,11110,종로구,1111016300,종로5가
20260224,11,서울특별시,11110,종로구,1111016300,종로5가,11,서울특별시,11680,강남구,1168010100,역삼동,11,15,3,2408.0,11,서울특별시,11110,종로구,1111016300,종로5가
20260224,11,서울특별시,11110,종로구,1111016300,종로5가,11,서울특별시,11680,강남구,1168010100,역삼동,11,30,2,2504.0,11,서울특별시,11110,종로구,1111016300,종로5가
20260224,11,서울특별시,11110,종로구,1111016300,종로5가,11,서울특별시,11680,강남구,1168010100,역삼동,11,45,4,2652.0,11,서울특별시,11110,종로구,1111016300,종로5가
20260224,11,서울특별시,11110,종로구,1111016400,종로6가,11,서울특별시,11680,강남구,1168010100,역삼동,07,15,1,2662.0,11,서울특별시,11110,종로구,1111016400,종로6가
20260224,11,서울특별시,11110,종로구,1111016400,종로6가,11,서울특별시,11680,강남구,1168010100,역삼동,07,45,2,2027.0,11,서울특별시,11110,종로구,1111016400,종로6가
20260224,11,서울특별시,11110,종로구,1111016400,종로6가,11,서울특별시,11680,강남구,1168010100,역삼동,08,15,1,2712.0,11,서울특별시,11110,종로구,1111016400,종로6가
20260224,11,서울특별시,11110,종로구,1111016400,종로6가,11,서울특별시,11680,강남구,1168010100,역삼동,08,30,1,2452.0,11,서울특별시,11110,종로구,1111016400,종로6가
20260224,11,서울특별시,11110,종로구,1111016400,종로6가,11,서울특별시,11680,강남구,1168010100,역삼동,08,45,1,2245.0,11,서울특별시,11110,종로구,1111016400,종로6가
20260224,11,서울특별시,11110,종로구,1111016400,종로6가,11,서울특별시,11680,강남구,1168010100,역삼동,09,00,1,2677.0,11,서울특별시,11110,종로구,1111016400,종로6가
20260224,11,서울특별시,11110,종로구,1111016400,종로6가,11,서울특별시,11680,강남구,1168010100,역삼동,09,45,2,3074.0,11,서울특별시,11110,종로구,1111016400,종로6가
20260224,11,서울특별시,11110,종로구,1111016400,종로6가,11,서울특별시,11680,강남구,1168010100,역삼동,10,00,1,2843.0,11,서울특별시,11110,종로구,1111016400,종로6가
20260224,11,서울특별시,11110,종로구,1111016400,종로6가,11,서울특별시,11680,강남구,1168010100,역삼동,10,15,2,2394.0,11,서울특별시,11110,종로구,1111016400,종로6가
20260224,11,서울특별시,11110,종로구,1111016400,종로6가,11,서울특별시,11680,강남구,1168010100,역삼동,10,45,1,2461.0,11,서울특별시,11110,종로구,1111016400,종로6가
20260224,11,서울특별시,11110,종로구,1111016400,종로6가,11,서울특별시,11680,강남구,1168010100,역삼동,11,00,2,3082.0,11,서울특별시,11110,종로구,1111016400,종로6가
20260224,11,서울특별시,11110,종로구,1111016500,이화동,11,서울특별시,11680,강남구,1168010100,역삼동,07,00,1,1811.0,11,서울특별시,11110,종로구,1111016500,이화동
20260224,11,서울특별시,11110,종로구,1111016500,이화동,11,서울특별시,11680,강남구,1168010100,역삼동,08,45,1,2183.0,11,서울특별시,11110,종로구,1111016500,이화동
20260224,11,서울특별시,11110,종로구,1111016500,이화동,11,서울특별시,11680,강남구,1168010100,역삼동,11,00,1,3247.0,11,서울특별시,11110,종로구,1111016500,이화동
20260224,11,서울특별시,11110,종로구,1111016500,이화동,11,서울특별시,11680,강남구,1168010100,역삼동,11,45,1,2145.0,11,서울특별시,11110,종로구,1111016500,이화동
20260224,11,서울특별시,11110,종로구,1111016600,연건동,11,서울특별시,11680,강남구,1168010100,역삼동,08,00,1,2409.0,11,서울특별시,11110,종로구,1111016600,연건동
20260224,11,서울특별시,11110,종로구,1111016600,연건동,11,서울특별시,11680,강남구,1168010100,역삼동,10,45,2,3393.0,11,서울특별시,11110,종로구,1111016600,연건동
20260224,11,서울특별시,11110,종로구,1111016600,연건동,11,서울특별시,11680,강남구,1168010100,역삼동,11,45,1,4935.0,11,서울특별시,11110,종로구,1111016600,연건동
20260224,11,서울특별시,11110,종로구,1111016700,충신동,11,서울특별시,11680,강남구,1168010100,역삼동,07,30,1,2506.0,11,서울특별시,11110,종로구,1111016700,충신동
20260224,11,서울특별시,11110,종로구,1111016700,충신동,11,서울특별시,11680,강남구,1168010100,역삼동,09,00,3,2919.0,11,서울특별시,11110,종로구,1111016700,충신동
20260224,11,서울특별시,11110,종로구,1111016700,충신동,11,서울특별시,11680,강남구,1168010100,역삼동,10,00,1,2364.0,11,서울특별시,11110,종로구,1111016700,충신동
20260224,11,서울특별시,11110,종로구,1111016800,동숭동,11,서울특별시,11680,강남구,1168010100,역삼동,07,00,4,2466.0,11,서울특별시,11110,종로구,1111016800,동숭동
20260224,11,서울특별시,11110,종로구,1111016800,동숭동,11,서울특별시,11680,강남구,1168010100,역삼동,07,15,5,2292.0,11,서울특별시,11110,종로구,1111016800,동숭동
20260224,11,서울특별시,11110,종로구,1111016800,동숭동,11,서울특별시,11680,강남구,1168010100,역삼동,07,30,2,2412.0,11,서울특별시,11110,종로구,1111016800,동숭동
20260224,11,서울특별시,11110,종로구,1111016800,동숭동,11,서울특별시,11680,강남구,1168010100,역삼동,07,45,9,2535.0,11,서울특별시,11110,종로구,1111016800,동숭동
20260224,11,서울특별시,11110,종로구,1111016800,동숭동,11,서울특별시,11680,강남구,1168010100,역삼동,08,00,7,2573.0,11,서울특별시,11110,종로구,1111016800,동숭동
20260224,11,서울특별시,11110,종로구,1111016800,동숭동,11,서울특별시,11680,강남구,1168010100,역삼동,08,15,2,2665.0,11,서울특별시,11110,종로구,1111016800,동숭동
20260224,11,서울특별시,11110,종로구,1111016800,동숭동,11,서울특별시,11680,강남구,1168010100,역삼동,08,30,7,2479.0,11,서울특별시,11110,종로구,1111016800,동숭동
20260224,11,서울특별시,11110,종로구,1111016800,동숭동,11,서울특별시,11680,강남구,1168010100,역삼동,08,45,8,2644.0,11,서울특별시,11110,종로구,1111016800,동숭동
20260224,11,서울특별시,11110,종로구,1111016800,동숭동,11,서울특별시,11680,강남구,1168010100,역삼동,09,00,8,2753.0,11,서울특별시,11110,종로구,1111016800,동숭동
20260224,11,서울특별시,11110,종로구,1111016800,동숭동,11,서울특별시,11680,강남구,1168010100,역삼동,09,15,5,2434.0,11,서울특별시,11110,종로구,1111016800,동숭동
20260224,11,서울특별시,11110,종로구,1111016800,동숭동,11,서울특별시,11680,강남구,1168010100,역삼동,09,30,5,2498.0,11,서울특별시,11110,종로구,1111016800,동숭동
20260224,11,서울특별시,11110,종로구,1111016800,동숭동,11,서울특별시,11680,강남구,1168010100,역삼동,09,45,2,2353.0,11,서울특별시,11110,종로구,1111016800,동숭동
20260224,11,서울특별시,11110,종로구,1111016800,동숭동,11,서울특별시,11680,강남구,1168010100,역삼동,10,00,6,2720.0,11,서울특별시,11110,종로구,1111016800,동숭동
20260224,11,서울특별시,11110,종로구,1111016800,동숭동,11,서울특별시,11680,강남구,1168010100,역삼동,10,15,11,2890.0,11,서울특별시,11110,종로구,1111016800,동숭동
20260224,11,서울특별시,11110,종로구,1111016800,동숭동,11,서울특별시,11680,강남구,1168010100,역삼동,10,30,8,2670.0,11,서울특별시,11110,종로구,1111016800,동숭동
20260224,11,서울특별시,11110,종로구,1111016800,동숭동,11,서울특별시,11680,강남구,1168010100,역삼동,10,45,2,2413.0,11,서울특별시,11110,종로구,1111016800,동숭동
20260224,11,서울특별시,11110,종로구,1111016800,동숭동,11,서울특별시,11680,강남구,1168010100,역삼동,11,00,3,2698.0,11,서울특별시,11110,종로구,1111016800,동숭동
20260224,11,서울특별시,11110,종로구,1111016800,동숭동,11,서울특별시,11680,강남구,1168010100,역삼동,11,15,3,2902.0,11,서울특별시,11110,종로구,1111016800,동숭동
20260224,11,서울특별시,11110,종로구,1111016800,동숭동,11,서울특별시,11680,강남구,1168010100,역삼동,11,30,3,2750.0,11,서울특별시,11110,종로구,1111016800,동숭동
20260224,11,서울특별시,11110,종로구,1111016800,동숭동,11,서울특별시,11680,강남구,1168010100,역삼동,11,45,5,2637.0,11,서울특별시,11110,종로구,1111016800,동숭동
20260224,11,서울특별시,11110,종로구,1111016900,혜화동,11,서울특별시,11680,강남구,1168010100,역삼동,07,00,1,2286.0,11,서울특별시,11110,종로구,1111016900,혜화동
20260224,11,서울특별시,11110,종로구,1111016900,혜화동,11,서울특별시,11680,강남구,1168010100,역삼동,07,15,1,2827.0,11,서울특별시,11110,종로구,1111016900,혜화동
20260224,11,서울특별시,11110,종로구,1111016900,혜화동,11,서울특별시,11680,강남구,1168010100,역삼동,08,00,3,2586.0,11,서울특별시,11110,종로구,1111016900,혜화동
20260224,11,서울특별시,11110,종로구,1111016900,혜화동,11,서울특별시,11680,강남구,1168010100,역삼동,08,15,1,2791.0,11,서울특별시,11110,종로구,1111016900,혜화동
20260224,11,서울특별시,11110,종로구,1111016900,혜화동,11,서울특별시,11680,강남구,1168010100,역삼동,09,00,1,2108.0,11,서울특별시,11110,종로구,1111016900,혜화동
20260224,11,서울특별시,11110,종로구,1111016900,혜화동,11,서울특별시,11680,강남구,1168010100,역삼동,10,45,1,2691.0,11,서울특별시,11110,종로구,1111016900,혜화동
20260224,11,서울특별시,11110,종로구,1111017000,명륜1가,11,서울특별시,11680,강남구,1168010100,역삼동,07,00,1,2706.0,11,서울특별시,11110,종로구,1111017000,명륜1가
20260224,11,서울특별시,11110,종로구,1111017000,명륜1가,11,서울특별시,11680,강남구,1168010100,역삼동,07,30,2,3071.0,11,서울특별시,11110,종로구,1111017000,명륜1가
20260224,11,서울특별시,11110,종로구,1111017000,명륜1가,11,서울특별시,11680,강남구,1168010100,역삼동,08,00,2,2759.0,11,서울특별시,11110,종로구,1111017000,명륜1가
20260224,11,서울특별시,11110,종로구,1111017000,명륜1가,11,서울특별시,11680,강남구,1168010100,역삼동,08,45,2,2862.0,11,서울특별시,11110,종로구,1111017000,명륜1가
20260224,11,서울특별시,11110,종로구,1111017000,명륜1가,11,서울특별시,11680,강남구,1168010100,역삼동,09,00,1,2648.0,11,서울특별시,11110,종로구,1111017000,명륜1가
20260224,11,서울특별시,11110,종로구,1111017000,명륜1가,11,서울특별시,11680,강남구,1168010100,역삼동,09,45,1,2883.0,11,서울특별시,11110,종로구,1111017000,명륜1가
20260224,11,서울특별시,11110,종로구,1111017000,명륜1가,11,서울특별시,11680,강남구,1168010100,역삼동,11,00,1,2281.0,11,서울특별시,11110,종로구,1111017000,명륜1가
20260224,11,서울특별시,11110,종로구,1111017200,명륜4가,11,서울특별시,11680,강남구,1168010100,역삼동,07,45,1,2254.0,11,서울특별시,11110,종로구,1111017200,명륜4가
20260224,11,서울특별시,11110,종로구,1111017200,명륜4가,11,서울특별시,11680,강남구,1168010100,역삼동,08,45,1,2340.0,11,서울특별시,11110,종로구,1111017200,명륜4가
20260224,11,서울특별시,11110,종로구,1111017200,명륜4가,11,서울특별시,11680,강남구,1168010100,역삼동,10,00,1,3208.0,11,서울특별시,11110,종로구,1111017200,명륜4가
20260224,11,서울특별시,11110,종로구,1111017300,명륜3가,11,서울특별시,11680,강남구,1168010100,역삼동,07,00,1,3091.0,11,서울특별시,11110,종로구,1111017300,명륜3가
20260224,11,서울특별시,11110,종로구,1111017300,명륜3가,11,서울특별시,11680,강남구,1168010100,역삼동,07,15,1,2796.0,11,서울특별시,11110,종로구,1111017300,명륜3가
20260224,11,서울특별시,11110,종로구,1111017300,명륜3가,11,서울특별시,11680,강남구,1168010100,역삼동,07,30,1,2908.0,11,서울특별시,11110,종로구,1111017300,명륜3가
20260224,11,서울특별시,11110,종로구,1111017300,명륜3가,11,서울특별시,11680,강남구,1168010100,역삼동,08,15,2,2993.0,11,서울특별시,11110,종로구,1111017300,명륜3가
20260224,11,서울특별시,11110,종로구,1111017300,명륜3가,11,서울특별시,11680,강남구,1168010100,역삼동,08,30,1,3302.0,11,서울특별시,11110,종로구,1111017300,명륜3가
20260224,11,서울특별시,11110,종로구,1111017300,명륜3가,11,서울특별시,11680,강남구,1168010100,역삼동,08,45,1,2370.0,11,서울특별시,11110,종로구,1111017300,명륜3가
20260224,11,서울특별시,11110,종로구,1111017300,명륜3가,11,서울특별시,11680,강남구,1168010100,역삼동,11,15,1,3538.0,11,서울특별시,11110,종로구,1111017300,명륜3가
20260224,11,서울특별시,11110,종로구,1111017300,명륜3가,11,서울특별시,11680,강남구,1168010100,역삼동,11,45,1,2407.0,11,서울특별시,11110,종로구,1111017300,명륜3가
20260224,11,서울특별시,11110,종로구,1111017400,창신동,11,서울특별시,11680,강남구,1168010100,역삼동,07,00,9,2555.0,11,서울특별시,11110,종로구,1111017400,창신동
20260224,11,서울특별시,11110,종로구,1111017400,창신동,11,서울특별시,11680,강남구,1168010100,역삼동,07,15,11,2250.0,11,서울특별시,11110,종로구,1111017400,창신동
20260224,11,서울특별시,11110,종로구,1111017400,창신동,11,서울특별시,11680,강남구,1168010100,역삼동,07,30,17,2441.0,11,서울특별시,11110,종로구,1111017400,창신동
20260224,11,서울특별시,11110,종로구,1111017400,창신동,11,서울특별시,11680,강남구,1168010100,역삼동,07,45,21,2424.0,11,서울특별시,11110,종로구,1111017400,창신동
20260224,11,서울특별시,11110,종로구,1111017400,창신동,11,서울특별시,11680,강남구,1168010100,역삼동,08,00,17,2351.0,11,서울특별시,11110,종로구,1111017400,창신동
20260224,11,서울특별시,11110,종로구,1111017400,창신동,11,서울특별시,11680,강남구,1168010100,역삼동,08,15,15,2177.0,11,서울특별시,11110,종로구,1111017400,창신동
20260224,11,서울특별시,11110,종로구,1111017400,창신동,11,서울특별시,11680,강남구,1168010100,역삼동,08,30,13,2368.0,11,서울특별시,11110,종로구,1111017400,창신동
20260224,11,서울특별시,11110,종로구,1111017400,창신동,11,서울특별시,11680,강남구,1168010100,역삼동,08,45,12,2489.0,11,서울특별시,11110,종로구,1111017400,창신동
20260224,11,서울특별시,11110,종로구,1111017400,창신동,11,서울특별시,11680,강남구,1168010100,역삼동,09,00,14,2589.0,11,서울특별시,11110,종로구,1111017400,창신동
20260224,11,서울특별시,11110,종로구,1111017400,창신동,11,서울특별시,11680,강남구,1168010100,역삼동,09,15,9,2350.0,11,서울특별시,11110,종로구,1111017400,창신동
20260224,11,서울특별시,11110,종로구,1111017400,창신동,11,서울특별시,11680,강남구,1168010100,역삼동,09,30,6,2354.0,11,서울특별시,11110,종로구,1111017400,창신동
20260224,11,서울특별시,11110,종로구,1111017400,창신동,11,서울특별시,11680,강남구,1168010100,역삼동,09,45,3,2241.0,11,서울특별시,11110,종로구,1111017400,창신동
20260224,11,서울특별시,11110,종로구,1111017400,창신동,11,서울특별시,11680,강남구,1168010100,역삼동,10,00,5,3281.0,11,서울특별시,11110,종로구,1111017400,창신동
20260224,11,서울특별시,11110,종로구,1111017400,창신동,11,서울특별시,11680,강남구,1168010100,역삼동,10,15,3,2336.0,11,서울특별시,11110,종로구,1111017400,창신동
20260224,11,서울특별시,11110,종로구,1111017400,창신동,11,서울특별시,11680,강남구,1168010100,역삼동,10,30,5,2517.0,11,서울특별시,11110,종로구,1111017400,창신동
20260224,11,서울특별시,11110,종로구,1111017400,창신동,11,서울특별시,11680,강남구,1168010100,역삼동,11,00,6,2613.0,11,서울특별시,11110,종로구,1111017400,창신동
20260224,11,서울특별시,11110,종로구,1111017400,창신동,11,서울특별시,11680,강남구,1168010100,역삼동,11,15,3,2618.0,11,서울특별시,11110,종로구,1111017400,창신동
20260224,11,서울특별시,11110,종로구,1111017400,창신동,11,서울특별시,11680,강남구,1168010100,역삼동,11,45,3,2165.0,11,서울특별시,11110,종로구,1111017400,창신동
20260224,11,서울특별시,11110,종로구,1111017500,숭인동,11,서울특별시,11680,강남구,1168010100,역삼동,07,15,1,2980.0,11,서울특별시,11110,종로구,1111017500,숭인동
20260224,11,서울특별시,11110,종로구,1111017500,숭인동,11,서울특별시,11680,강남구,1168010100,역삼동,07,30,1,2183.0,11,서울특별시,11110,종로구,1111017500,숭인동
20260224,11,서울특별시,11110,종로구,1111017500,숭인동,11,서울특별시,11680,강남구,1168010100,역삼동,07,45,3,2110.0,11,서울특별시,11110,종로구,1111017500,숭인동
20260224,11,서울특별시,11110,종로구,1111017500,숭인동,11,서울특별시,11680,강남구,1168010100,역삼동,08,00,1,2316.0,11,서울특별시,11110,종로구,1111017500,숭인동
20260224,11,서울특별시,11110,종로구,1111017500,숭인동,11,서울특별시,11680,강남구,1168010100,역삼동,08,15,3,2481.0,11,서울특별시,11110,종로구,1111017500,숭인동
20260224,11,서울특별시,11110,종로구,1111017500,숭인동,11,서울특별시,11680,강남구,1168010100,역삼동,08,30,1,1531.0,11,서울특별시,11110,종로구,1111017500,숭인동
20260224,11,서울특별시,11110,종로구,1111017500,숭인동,11,서울특별시,11680,강남구,1168010100,역삼동,08,45,1,1669.0,11,서울특별시,11110,종로구,1111017500,숭인동
20260224,11,서울특별시,11110,종로구,1111017500,숭인동,11,서울특별시,11680,강남구,1168010100,역삼동,09,00,2,2566.0,11,서울특별시,11110,종로구,1111017500,숭인동
20260224,11,서울특별시,11110,종로구,1111017500,숭인동,11,서울특별시,11680,강남구,1168010100,역삼동,09,15,2,2329.0,11,서울특별시,11110,종로구,1111017500,숭인동
20260224,11,서울특별시,11110,종로구,1111017500,숭인동,11,서울특별시,11680,강남구,1168010100,역삼동,10,00,1,2774.0,11,서울특별시,11110,종로구,1111017500,숭인동
20260224,11,서울특별시,11110,종로구,1111017500,숭인동,11,서울특별시,11680,강남구,1168010100,역삼동,10,15,1,2589.0,11,서울특별시,11110,종로구,1111017500,숭인동
20260224,11,서울특별시,11110,종로구,1111017500,숭인동,11,서울특별시,11680,강남구,1168010100,역삼동,10,45,1,4619.0,11,서울특별시,11110,종로구,1111017500,숭인동
20260224,11,서울특별시,11110,종로구,1111017500,숭인동,11,서울특별시,11680,강남구,1168010100,역삼동,11,30,1,2662.0,11,서울특별시,11110,종로구,1111017500,숭인동
20260224,11,서울특별시,11110,종로구,1111017500,숭인동,11,서울특별시,11680,강남구,1168010100,역삼동,11,45,1,2199.0,11,서울특별시,11110,종로구,1111017500,숭인동
20260224,11,서울특별시,11110,종로구,1111018100,행촌동,11,서울특별시,11680,강남구,1168010100,역삼동,07,15,1,2561.0,11,서울특별시,11110,종로구,1111018100,행촌동
20260224,11,서울특별시,11110,종로구,1111018200,구기동,11,서울특별시,11680,강남구,1168010100,역삼동,07,00,2,3797.0,11,서울특별시,11110,종로구,1111018200,구기동
20260224,11,서울특별시,11110,종로구,1111018200,구기동,11,서울특별시,11680,강남구,1168010100,역삼동,07,15,3,3487.0,11,서울특별시,11110,종로구,1111018200,구기동
20260224,11,서울특별시,11110,종로구,1111018200,구기동,11,서울특별시,11680,강남구,1168010100,역삼동,07,30,2,4183.0,11,서울특별시,11110,종로구,1111018200,구기동
20260224,11,서울특별시,11110,종로구,1111018200,구기동,11,서울특별시,11680,강남구,1168010100,역삼동,07,45,2,3356.0,11,서울특별시,11110,종로구,1111018200,구기동
20260224,11,서울특별시,11110,종로구,1111018200,구기동,11,서울특별시,11680,강남구,1168010100,역삼동,08,00,1,3053.0,11,서울특별시,11110,종로구,1111018200,구기동
20260224,11,서울특별시,11110,종로구,1111018200,구기동,11,서울특별시,11680,강남구,1168010100,역삼동,08,45,2,3168.0,11,서울특별시,11110,종로구,1111018200,구기동
20260224,11,서울특별시,11110,종로구,1111018200,구기동,11,서울특별시,11680,강남구,1168010100,역삼동,09,00,1,4408.0,11,서울특별시,11110,종로구,1111018200,구기동
20260224,11,서울특별시,11110,종로구,1111018200,구기동,11,서울특별시,11680,강남구,1168010100,역삼동,09,15,1,3276.0,11,서울특별시,11110,종로구,1111018200,구기동
20260224,11,서울특별시,11110,종로구,1111018200,구기동,11,서울특별시,11680,강남구,1168010100,역삼동,09,45,1,3668.0,11,서울특별시,11110,종로구,1111018200,구기동
20260224,11,서울특별시,11110,종로구,1111018200,구기동,11,서울특별시,11680,강남구,1168010100,역삼동,11,30,1,3162.0,11,서울특별시,11110,종로구,1111018200,구기동
20260224,11,서울특별시,11110,종로구,1111018200,구기동,11,서울특별시,11680,강남구,1168010100,역삼동,11,45,1,3128.0,11,서울특별시,11110,종로구,1111018200,구기동
20260224,11,서울특별시,11110,종로구,1111018300,평창동,11,서울특별시,11680,강남구,1168010100,역삼동,07,00,1,3844.0,11,서울특별시,11110,종로구,1111018300,평창동
20260224,11,서울특별시,11110,종로구,1111018300,평창동,11,서울특별시,11680,강남구,1168010100,역삼동,07,15,4,3782.0,11,서울특별시,11110,종로구,1111018300,평창동
20260224,11,서울특별시,11110,종로구,1111018300,평창동,11,서울특별시,11680,강남구,1168010100,역삼동,07,45,5,3584.0,11,서울특별시,11110,종로구,1111018300,평창동
20260224,11,서울특별시,11110,종로구,1111018300,평창동,11,서울특별시,11680,강남구,1168010100,역삼동,08,15,1,3258.0,11,서울특별시,11110,종로구,1111018300,평창동
20260224,11,서울특별시,11110,종로구,1111018300,평창동,11,서울특별시,11680,강남구,1168010100,역삼동,08,45,2,3403.0,11,서울특별시,11110,종로구,1111018300,평창동
20260224,11,서울특별시,11110,종로구,1111018300,평창동,11,서울특별시,11680,강남구,1168010100,역삼동,09,00,1,3240.0,11,서울특별시,11110,종로구,1111018300,평창동
20260224,11,서울특별시,11110,종로구,1111018300,평창동,11,서울특별시,11680,강남구,1168010100,역삼동,09,30,1,3515.0,11,서울특별시,11110,종로구,1111018300,평창동
20260224,11,서울특별시,11110,종로구,1111018300,평창동,11,서울특별시,11680,강남구,1168010100,역삼동,09,45,1,3309.0,11,서울특별시,11110,종로구,1111018300,평창동
20260224,11,서울특별시,11110,종로구,1111018300,평창동,11,서울특별시,11680,강남구,1168010100,역삼동,10,15,1,3596.0,11,서울특별시,11110,종로구,1111018300,평창동
20260224,11,서울특별시,11110,종로구,1111018300,평창동,11,서울특별시,11680,강남구,1168010100,역삼동,11,00,1,3083.0,11,서울특별시,11110,종로구,1111018300,평창동
20260224,11,서울특별시,11110,종로구,1111018400,부암동,11,서울특별시,11680,강남구,1168010100,역삼동,07,15,1,3043.0,11,서울특별시,11110,종로구,1111018400,부암동
20260224,11,서울특별시,11110,종로구,1111018400,부암동,11,서울특별시,11680,강남구,1168010100,역삼동,07,30,3,3122.0,11,서울특별시,11110,종로구,1111018400,부암동
20260224,11,서울특별시,11110,종로구,1111018400,부암동,11,서울특별시,11680,강남구,1168010100,역삼동,07,45,1,3354.0,11,서울특별시,11110,종로구,1111018400,부암동
20260224,11,서울특별시,11110,종로구,1111018400,부암동,11,서울특별시,11680,강남구,1168010100,역삼동,08,00,1,3065.0,11,서울특별시,11110,종로구,1111018400,부암동
20260224,11,서울특별시,11110,종로구,1111018400,부암동,11,서울특별시,11680,강남구,1168010100,역삼동,08,15,2,3025.0,11,서울특별시,11110,종로구,1111018400,부암동
20260224,11,서울특별시,11110,종로구,1111018400,부암동,11,서울특별시,11680,강남구,1168010100,역삼동,08,30,2,3359.0,11,서울특별시,11110,종로구,1111018400,부암동
20260224,11,서울특별시,11110,종로구,1111018400,부암동,11,서울특별시,11680,강남구,1168010100,역삼동,08,45,1,3525.0,11,서울특별시,11110,종로구,1111018400,부암동
20260224,11,서울특별시,11110,종로구,1111018400,부암동,11,서울특별시,11680,강남구,1168010100,역삼동,09,30,2,3102.0,11,서울특별시,11110,종로구,1111018400,부암동
20260224,11,서울특별시,11110,종로구,1111018400,부암동,11,서울특별시,11680,강남구,1168010100,역삼동,10,00,1,2718.0,11,서울특별시,11110,종로구,1111018400,부암동
20260224,11,서울특별시,11110,종로구,1111018400,부암동,11,서울특별시,11680,강남구,1168010100,역삼동,11,15,1,3493.0,11,서울특별시,11110,종로구,1111018400,부암동
20260224,11,서울특별시,11110,종로구,1111018400,부암동,11,서울특별시,11680,강남구,1168010100,역삼동,11,45,1,3245.0,11,서울특별시,11110,종로구,1111018400,부암동
20260224,11,서울특별시,11110,종로구,1111018500,홍지동,11,서울특별시,11680,강남구,1168010100,역삼동,07,30,2,3340.0,11,서울특별시,11110,종로구,1111018500,홍지동
20260224,11,서울특별시,11110,종로구,1111018500,홍지동,11,서울특별시,11680,강남구,1168010100,역삼동,07,45,2,3227.0,11,서울특별시,11110,종로구,1111018500,홍지동
20260224,11,서울특별시,11110,종로구,1111018500,홍지동,11,서울특별시,11680,강남구,1168010100,역삼동,08,30,1,3251.0,11,서울특별시,11110,종로구,1111018500,홍지동
20260224,11,서울특별시,11110,종로구,1111018500,홍지동,11,서울특별시,11680,강남구,1168010100,역삼동,09,00,1,2810.0,11,서울특별시,11110,종로구,1111018500,홍지동
20260224,11,서울특별시,11110,종로구,1111018500,홍지동,11,서울특별시,11680,강남구,1168010100,역삼동,09,30,1,2250.0,11,서울특별시,11110,종로구,1111018500,홍지동
20260224,11,서울특별시,11110,종로구,1111018500,홍지동,11,서울특별시,11680,강남구,1168010100,역삼동,09,45,1,3105.0,11,서울특별시,11110,종로구,1111018500,홍지동
20260224,11,서울특별시,11110,종로구,1111018500,홍지동,11,서울특별시,11680,강남구,1168010100,역삼동,11,30,1,3353.0,11,서울특별시,11110,종로구,1111018500,홍지동
20260224,11,서울특별시,11110,종로구,1111018600,신영동,11,서울특별시,11680,강남구,1168010100,역삼동,07,00,1,3531.0,11,서울특별시,11110,종로구,1111018600,신영동
20260224,11,서울특별시,11110,종로구,1111018600,신영동,11,서울특별시,11680,강남구,1168010100,역삼동,07,30,1,3746.0,11,서울특별시,11110,종로구,1111018600,신영동
20260224,11,서울특별시,11110,종로구,1111018600,신영동,11,서울특별시,11680,강남구,1168010100,역삼동,08,00,1,3428.0,11,서울특별시,11110,종로구,1111018600,신영동
20260224,11,서울특별시,11110,종로구,1111018600,신영동,11,서울특별시,11680,강남구,1168010100,역삼동,08,15,1,2654.0,11,서울특별시,11110,종로구,1111018600,신영동
20260224,11,서울특별시,11110,종로구,1111018600,신영동,11,서울특별시,11680,강남구,1168010100,역삼동,08,45,2,3154.0,11,서울특별시,11110,종로구,1111018600,신영동
20260224,11,서울특별시,11110,종로구,1111018600,신영동,11,서울특별시,11680,강남구,1168010100,역삼동,11,30,1,4000.0,11,서울특별시,11110,종로구,1111018600,신영동
20260224,11,서울특별시,11110,종로구,1111018700,무악동,11,서울특별시,11680,강남구,1168010100,역삼동,07,00,6,2212.0,11,서울특별시,11110,종로구,1111018700,무악동
20260224,11,서울특별시,11110,종로구,1111018700,무악동,11,서울특별시,11680,강남구,1168010100,역삼동,07,15,11,2364.0,11,서울특별시,11110,종로구,1111018700,무악동
20260224,11,서울특별시,11110,종로구,1111018700,무악동,11,서울특별시,11680,강남구,1168010100,역삼동,07,30,13,2474.0,11,서울특별시,11110,종로구,1111018700,무악동
20260224,11,서울특별시,11110,종로구,1111018700,무악동,11,서울특별시,11680,강남구,1168010100,역삼동,07,45,14,2572.0,11,서울특별시,11110,종로구,1111018700,무악동
20260224,11,서울특별시,11110,종로구,1111018700,무악동,11,서울특별시,11680,강남구,1168010100,역삼동,08,00,20,2666.0,11,서울특별시,11110,종로구,1111018700,무악동
20260224,11,서울특별시,11110,종로구,1111018700,무악동,11,서울특별시,11680,강남구,1168010100,역삼동,08,15,11,2431.0,11,서울특별시,11110,종로구,1111018700,무악동
20260224,11,서울특별시,11110,종로구,1111018700,무악동,11,서울특별시,11680,강남구,1168010100,역삼동,08,30,18,2410.0,11,서울특별시,11110,종로구,1111018700,무악동
20260224,11,서울특별시,11110,종로구,1111018700,무악동,11,서울특별시,11680,강남구,1168010100,역삼동,08,45,16,2594.0,11,서울특별시,11110,종로구,1111018700,무악동
20260224,11,서울특별시,11110,종로구,1111018700,무악동,11,서울특별시,11680,강남구,1168010100,역삼동,09,00,9,2503.0,11,서울특별시,11110,종로구,1111018700,무악동
20260224,11,서울특별시,11110,종로구,1111018700,무악동,11,서울특별시,11680,강남구,1168010100,역삼동,09,15,8,2423.0,11,서울특별시,11110,종로구,1111018700,무악동
20260224,11,서울특별시,11110,종로구,1111018700,무악동,11,서울특별시,11680,강남구,1168010100,역삼동,09,30,3,2607.0,11,서울특별시,11110,종로구,1111018700,무악동
20260224,11,서울특별시,11110,종로구,1111018700,무악동,11,서울특별시,11680,강남구,1168010100,역삼동,09,45,5,2462.0,11,서울특별시,11110,종로구,1111018700,무악동
20260224,11,서울특별시,11110,종로구,1111018700,무악동,11,서울특별시,11680,강남구,1168010100,역삼동,10,00,6,2448.0,11,서울특별시,11110,종로구,1111018700,무악동
20260224,11,서울특별시,11110,종로구,1111018700,무악동,11,서울특별시,11680,강남구,1168010100,역삼동,10,15,2,2587.0,11,서울특별시,11110,종로구,1111018700,무악동
20260224,11,서울특별시,11110,종로구,1111018700,무악동,11,서울특별시,11680,강남구,1168010100,역삼동,10,30,2,2513.0,11,서울특별시,11110,종로구,1111018700,무악동
20260224,11,서울특별시,11110,종로구,1111018700,무악동,11,서울특별시,11680,강남구,1168010100,역삼동,10,45,5,2661.0,11,서울특별시,11110,종로구,1111018700,무악동
20260224,11,서울특별시,11110,종로구,1111018700,무악동,11,서울특별시,11680,강남구,1168010100,역삼동,11,00,2,2700.0,11,서울특별시,11110,종로구,1111018700,무악동
20260224,11,서울특별시,11110,종로구,1111018700,무악동,11,서울특별시,11680,강남구,1168010100,역삼동,11,30,1,2532.0,11,서울특별시,11110,종로구,1111018700,무악동
20260224,11,서울특별시,11110,종로구,1111018700,무악동,11,서울특별시,11680,강남구,1168010100,역삼동,11,45,1,2268.0,11,서울특별시,11110,종로구,1111018700,무악동
20260224,11,서울특별시,11140,중구,1114010300,태평로1가,11,서울특별시,11680,강남구,1168010100,역삼동,07,45,1,2479.0,11,서울특별시,11140,중구,1114010300,태평로1가
20260224,11,서울특별시,11140,중구,1114010400,을지로1가,11,서울특별시,11680,강남구,1168010100,역삼동,07,00,2,2109.0,11,서울특별시,11140,중구,1114010400,을지로1가
20260224,11,서울특별시,11140,중구,1114010400,을지로1가,11,서울특별시,11680,강남구,1168010100,역삼동,07,15,1,2526.0,11,서울특별시,11140,중구,1114010400,을지로1가
20260224,11,서울특별시,11140,중구,1114010400,을지로1가,11,서울특별시,11680,강남구,1168010100,역삼동,07,45,3,3761.0,11,서울특별시,11140,중구,1114010400,을지로1가
20260224,11,서울특별시,11140,중구,1114010400,을지로1가,11,서울특별시,11680,강남구,1168010100,역삼동,08,15,1,2521.0,11,서울특별시,11140,중구,1114010400,을지로1가
20260224,11,서울특별시,11140,중구,1114010400,을지로1가,11,서울특별시,11680,강남구,1168010100,역삼동,09,00,5,2350.0,11,서울특별시,11140,중구,1114010400,을지로1가
20260224,11,서울특별시,11140,중구,1114010400,을지로1가,11,서울특별시,11680,강남구,1168010100,역삼동,09,30,1,2613.0,11,서울특별시,11140,중구,1114010400,을지로1가
20260224,11,서울특별시,11140,중구,1114010400,을지로1가,11,서울특별시,11680,강남구,1168010100,역삼동,09,45,2,2236.0,11,서울특별시,11140,중구,1114010400,을지로1가
20260224,11,서울특별시,11140,중구,1114010400,을지로1가,11,서울특별시,11680,강남구,1168010100,역삼동,10,00,2,2496.0,11,서울특별시,11140,중구,1114010400,을지로1가
20260224,11,서울특별시,11140,중구,1114010400,을지로1가,11,서울특별시,11680,강남구,1168010100,역삼동,10,15,4,2597.0,11,서울특별시,11140,중구,1114010400,을지로1가
20260224,11,서울특별시,11140,중구,1114010400,을지로1가,11,서울특별시,11680,강남구,1168010100,역삼동,10,30,7,2544.0,11,서울특별시,11140,중구,1114010400,을지로1가
20260224,11,서울특별시,11140,중구,1114010400,을지로1가,11,서울특별시,11680,강남구,1168010100,역삼동,10,45,11,2922.0,11,서울특별시,11140,중구,1114010400,을지로1가
20260224,11,서울특별시,11140,중구,1114010400,을지로1가,11,서울특별시,11680,강남구,1168010100,역삼동,11,00,6,2258.0,11,서울특별시,11140,중구,1114010400,을지로1가
20260224,11,서울특별시,11140,중구,1114010400,을지로1가,11,서울특별시,11680,강남구,1168010100,역삼동,11,15,9,2610.0,11,서울특별시,11140,중구,1114010400,을지로1가
20260224,11,서울특별시,11140,중구,1114010400,을지로1가,11,서울특별시,11680,강남구,1168010100,역삼동,11,30,9,2650.0,11,서울특별시,11140,중구,1114010400,을지로1가
20260224,11,서울특별시,11140,중구,1114010400,을지로1가,11,서울특별시,11680,강남구,1168010100,역삼동,11,45,3,2321.0,11,서울특별시,11140,중구,1114010400,을지로1가
20260224,11,서울특별시,11140,중구,1114011100,소공동,11,서울특별시,11680,강남구,1168010100,역삼동,11,45,1,2460.0,11,서울특별시,11140,중구,1114011100,소공동
20260224,11,서울특별시,11140,중구,1114011200,남창동,11,서울특별시,11680,강남구,1168010100,역삼동,07,00,1,2052.0,11,서울특별시,11140,중구,1114011200,남창동
20260224,11,서울특별시,11140,중구,1114011200,남창동,11,서울특별시,11680,강남구,1168010100,역삼동,07,30,1,2043.0,11,서울특별시,11140,중구,1114011200,남창동
20260224,11,서울특별시,11140,중구,1114011200,남창동,11,서울특별시,11680,강남구,1168010100,역삼동,07,45,2,2199.0,11,서울특별시,11140,중구,1114011200,남창동
20260224,11,서울특별시,11140,중구,1114011200,남창동,11,서울특별시,11680,강남구,1168010100,역삼동,08,00,3,2303.0,11,서울특별시,11140,중구,1114011200,남창동
20260224,11,서울특별시,11140,중구,1114011200,남창동,11,서울특별시,11680,강남구,1168010100,역삼동,08,15,2,2245.0,11,서울특별시,11140,중구,1114011200,남창동
20260224,11,서울특별시,11140,중구,1114011200,남창동,11,서울특별시,11680,강남구,1168010100,역삼동,08,30,2,2365.0,11,서울특별시,11140,중구,1114011200,남창동
20260224,11,서울특별시,11140,중구,1114011200,남창동,11,서울특별시,11680,강남구,1168010100,역삼동,08,45,4,2147.0,11,서울특별시,11140,중구,1114011200,남창동
20260224,11,서울특별시,11140,중구,1114011200,남창동,11,서울특별시,11680,강남구,1168010100,역삼동,09,00,3,2607.0,11,서울특별시,11140,중구,1114011200,남창동
20260224,11,서울특별시,11140,중구,1114011200,남창동,11,서울특별시,11680,강남구,1168010100,역삼동,09,15,1,2441.0,11,서울특별시,11140,중구,1114011200,남창동
20260224,11,서울특별시,11140,중구,1114011200,남창동,11,서울특별시,11680,강남구,1168010100,역삼동,09,30,8,2347.0,11,서울특별시,11140,중구,1114011200,남창동
20260224,11,서울특별시,11140,중구,1114011200,남창동,11,서울특별시,11680,강남구,1168010100,역삼동,10,00,5,2177.0,11,서울특별시,11140,중구,1114011200,남창동
20260224,11,서울특별시,11140,중구,1114011200,남창동,11,서울특별시,11680,강남구,1168010100,역삼동,10,15,2,2286.0,11,서울특별시,11140,중구,1114011200,남창동
20260224,11,서울특별시,11140,중구,1114011200,남창동,11,서울특별시,11680,강남구,1168010100,역삼동,10,30,2,2264.0,11,서울특별시,11140,중구,1114011200,남창동
20260224,11,서울특별시,11140,중구,1114011200,남창동,11,서울특별시,11680,강남구,1168010100,역삼동,10,45,3,2188.0,11,서울특별시,11140,중구,1114011200,남창동
20260224,11,서울특별시,11140,중구,1114011200,남창동,11,서울특별시,11680,강남구,1168010100,역삼동,11,00,2,2579.0,11,서울특별시,11140,중구,1114011200,남창동
20260224,11,서울특별시,11140,중구,1114011200,남창동,11,서울특별시,11680,강남구,1168010100,역삼동,11,15,3,2749.0,11,서울특별시,11140,중구,1114011200,남창동
20260224,11,서울특별시,11140,중구,1114011200,남창동,11,서울특별시,11680,강남구,1168010100,역삼동,11,30,2,2850.0,11,서울특별시,11140,중구,1114011200,남창동
20260224,11,서울특별시,11140,중구,1114011200,남창동,11,서울특별시,11680,강남구,1168010100,역삼동,11,45,6,2584.0,11,서울특별시,11140,중구,1114011200,남창동
20260224,11,서울특별시,11140,중구,1114011400,태평로2가,11,서울특별시,11680,강남구,1168010100,역삼동,09,00,1,2709.0,11,서울특별시,11140,중구,1114011400,태평로2가
20260224,11,서울특별시,11140,중구,1114011600,남대문로3가,11,서울특별시,11680,강남구,1168010100,역삼동,10,45,1,2022.0,11,서울특별시,11140,중구,1114011600,남대문로3가
20260224,11,서울특별시,11140,중구,1114011800,남대문로5가,11,서울특별시,11680,강남구,1168010100,역삼동,07,00,1,2345.0,11,서울특별시,11140,중구,1114011800,남대문로5가
20260224,11,서울특별시,11140,중구,1114011800,남대문로5가,11,서울특별시,11680,강남구,1168010100,역삼동,10,15,3,3013.0,11,서울특별시,11140,중구,1114011800,남대문로5가
20260224,11,서울특별시,11140,중구,1114012000,봉래동2가,11,서울특별시,11680,강남구,1168010100,역삼동,07,00,12,2228.0,11,서울특별시,11140,중구,1114012000,봉래동2가
20260224,11,서울특별시,11140,중구,1114012000,봉래동2가,11,서울특별시,11680,강남구,1168010100,역삼동,07,15,15,2333.0,11,서울특별시,11140,중구,1114012000,봉래동2가
20260224,11,서울특별시,11140,중구,1114012000,봉래동2가,11,서울특별시,11680,강남구,1168010100,역삼동,07,30,2,2266.0,11,서울특별시,11140,중구,1114012000,봉래동2가
20260224,11,서울특별시,11140,중구,1114012000,봉래동2가,11,서울특별시,11680,강남구,1168010100,역삼동,07,45,19,2729.0,11,서울특별시,11140,중구,1114012000,봉래동2가
20260224,11,서울특별시,11140,중구,1114012000,봉래동2가,11,서울특별시,11680,강남구,1168010100,역삼동,08,00,28,2560.0,11,서울특별시,11140,중구,1114012000,봉래동2가
20260224,11,서울특별시,11140,중구,1114012000,봉래동2가,11,서울특별시,11680,강남구,1168010100,역삼동,08,15,17,2443.0,11,서울특별시,11140,중구,1114012000,봉래동2가
20260224,11,서울특별시,11140,중구,1114012000,봉래동2가,11,서울특별시,11680,강남구,1168010100,역삼동,08,30,22,2495.0,11,서울특별시,11140,중구,1114012000,봉래동2가
20260224,11,서울특별시,11140,중구,1114012000,봉래동2가,11,서울특별시,11680,강남구,1168010100,역삼동,08,45,45,2794.0,11,서울특별시,11140,중구,1114012000,봉래동2가
20260224,11,서울특별시,11140,중구,1114012000,봉래동2가,11,서울특별시,11680,강남구,1168010100,역삼동,09,00,33,2452.0,11,서울특별시,11140,중구,1114012000,봉래동2가
20260224,11,서울특별시,11140,중구,1114012000,봉래동2가,11,서울특별시,11680,강남구,1168010100,역삼동,09,15,26,2386.0,11,서울특별시,11140,중구,1114012000,봉래동2가
20260224,11,서울특별시,11140,중구,1114012000,봉래동2가,11,서울특별시,11680,강남구,1168010100,역삼동,09,30,15,2243.0,11,서울특별시,11140,중구,1114012000,봉래동2가
20260224,11,서울특별시,11140,중구,1114012000,봉래동2가,11,서울특별시,11680,강남구,1168010100,역삼동,09,45,41,2383.0,11,서울특별시,11140,중구,1114012000,봉래동2가
20260224,11,서울특별시,11140,중구,1114012000,봉래동2가,11,서울특별시,11680,강남구,1168010100,역삼동,10,00,18,2299.0,11,서울특별시,11140,중구,1114012000,봉래동2가
20260224,11,서울특별시,11140,중구,1114012000,봉래동2가,11,서울특별시,11680,강남구,1168010100,역삼동,10,15,24,2560.0,11,서울특별시,11140,중구,1114012000,봉래동2가
20260224,11,서울특별시,11140,중구,1114012000,봉래동2가,11,서울특별시,11680,강남구,1168010100,역삼동,10,30,5,2195.0,11,서울특별시,11140,중구,1114012000,봉래동2가
20260224,11,서울특별시,11140,중구,1114012000,봉래동2가,11,서울특별시,11680,강남구,1168010100,역삼동,10,45,7,2312.0,11,서울특별시,11140,중구,1114012000,봉래동2가
20260224,11,서울특별시,11140,중구,1114012000,봉래동2가,11,서울특별시,11680,강남구,1168010100,역삼동,11,00,13,2419.0,11,서울특별시,11140,중구,1114012000,봉래동2가
20260224,11,서울특별시,11140,중구,1114012000,봉래동2가,11,서울특별시,11680,강남구,1168010100,역삼동,11,15,19,2588.0,11,서울특별시,11140,중구,1114012000,봉래동2가
20260224,11,서울특별시,11140,중구,1114012000,봉래동2가,11,서울특별시,11680,강남구,1168010100,역삼동,11,30,28,2758.0,11,서울특별시,11140,중구,1114012000,봉래동2가
20260224,11,서울특별시,11140,중구,1114012000,봉래동2가,11,서울특별시,11680,강남구,1168010100,역삼동,11,45,20,2570.0,11,서울특별시,11140,중구,1114012000,봉래동2가
20260224,11,서울특별시,11140,중구,1114012200,회현동2가,11,서울특별시,11680,강남구,1168010100,역삼동,08,00,3,1868.0,11,서울특별시,11140,중구,1114012200,회현동2가
20260224,11,서울특별시,11140,중구,1114012200,회현동2가,11,서울특별시,11680,강남구,1168010100,역삼동,08,15,2,1930.0,11,서울특별시,11140,중구,1114012200,회현동2가
20260224,11,서울특별시,11140,중구,1114012200,회현동2가,11,서울특별시,11680,강남구,1168010100,역삼동,09,00,1,2251.0,11,서울특별시,11140,중구,1114012200,회현동2가
20260224,11,서울특별시,11140,중구,1114012200,회현동2가,11,서울특별시,11680,강남구,1168010100,역삼동,10,15,2,2457.0,11,서울특별시,11140,중구,1114012200,회현동2가
20260224,11,서울특별시,11140,중구,1114012200,회현동2가,11,서울특별시,11680,강남구,1168010100,역삼동,11,30,1,2498.0,11,서울특별시,11140,중구,1114012200,회현동2가
20260224,11,서울특별시,11140,중구,1114012400,충무로1가,11,서울특별시,11680,강남구,1168010100,역삼동,07,15,2,1985.0,11,서울특별시,11140,중구,1114012400,충무로1가
20260224,11,서울특별시,11140,중구,1114012500,충무로2가,11,서울특별시,11680,강남구,1168010100,역삼동,08,00,2,2399.0,11,서울특별시,11140,중구,1114012500,충무로2가
20260224,11,서울특별시,11140,중구,1114012500,충무로2가,11,서울특별시,11680,강남구,1168010100,역삼동,08,30,4,2721.0,11,서울특별시,11140,중구,1114012500,충무로2가
20260224,11,서울특별시,11140,중구,1114012500,충무로2가,11,서울특별시,11680,강남구,1168010100,역삼동,08,45,6,2464.0,11,서울특별시,11140,중구,1114012500,충무로2가
20260224,11,서울특별시,11140,중구,1114012500,충무로2가,11,서울특별시,11680,강남구,1168010100,역삼동,09,00,7,2342.0,11,서울특별시,11140,중구,1114012500,충무로2가
20260224,11,서울특별시,11140,중구,1114012500,충무로2가,11,서울특별시,11680,강남구,1168010100,역삼동,09,15,2,2007.0,11,서울특별시,11140,중구,1114012500,충무로2가
20260224,11,서울특별시,11140,중구,1114012500,충무로2가,11,서울특별시,11680,강남구,1168010100,역삼동,09,30,9,2122.0,11,서울특별시,11140,중구,1114012500,충무로2가
20260224,11,서울특별시,11140,중구,1114012500,충무로2가,11,서울특별시,11680,강남구,1168010100,역삼동,09,45,2,2437.0,11,서울특별시,11140,중구,1114012500,충무로2가
20260224,11,서울특별시,11140,중구,1114012500,충무로2가,11,서울특별시,11680,강남구,1168010100,역삼동,10,00,6,2486.0,11,서울특별시,11140,중구,1114012500,충무로2가
20260224,11,서울특별시,11140,중구,1114012500,충무로2가,11,서울특별시,11680,강남구,1168010100,역삼동,10,15,14,3707.0,11,서울특별시,11140,중구,1114012500,충무로2가
20260224,11,서울특별시,11140,중구,1114012500,충무로2가,11,서울특별시,11680,강남구,1168010100,역삼동,10,30,6,3043.0,11,서울특별시,11140,중구,1114012500,충무로2가
20260224,11,서울특별시,11140,중구,1114012500,충무로2가,11,서울특별시,11680,강남구,1168010100,역삼동,10,45,1,3056.0,11,서울특별시,11140,중구,1114012500,충무로2가
20260224,11,서울특별시,11140,중구,1114012500,충무로2가,11,서울특별시,11680,강남구,1168010100,역삼동,11,00,5,3452.0,11,서울특별시,11140,중구,1114012500,충무로2가
20260224,11,서울특별시,11140,중구,1114012500,충무로2가,11,서울특별시,11680,강남구,1168010100,역삼동,11,15,8,2414.0,11,서울특별시,11140,중구,1114012500,충무로2가
20260224,11,서울특별시,11140,중구,1114012500,충무로2가,11,서울특별시,11680,강남구,1168010100,역삼동,11,30,11,2392.0,11,서울특별시,11140,중구,1114012500,충무로2가
20260224,11,서울특별시,11140,중구,1114012500,충무로2가,11,서울특별시,11680,강남구,1168010100,역삼동,11,45,5,3169.0,11,서울특별시,11140,중구,1114012500,충무로2가
20260224,11,서울특별시,11140,중구,1114012800,남산동1가,11,서울특별시,11680,강남구,1168010100,역삼동,11,15,1,1887.0,11,서울특별시,11140,중구,1114012800,남산동1가
20260224,11,서울특별시,11140,중구,1114013100,저동1가,11,서울특별시,11680,강남구,1168010100,역삼동,07,45,1,1284.0,11,서울특별시,11140,중구,1114013100,저동1가
20260224,11,서울특별시,11140,중구,1114013100,저동1가,11,서울특별시,11680,강남구,1168010100,역삼동,08,00,1,2167.0,11,서울특별시,11140,중구,1114013100,저동1가
20260224,11,서울특별시,11140,중구,1114013100,저동1가,11,서울특별시,11680,강남구,1168010100,역삼동,08,15,1,1317.0,11,서울특별시,11140,중구,1114013100,저동1가
20260224,11,서울특별시,11140,중구,1114013100,저동1가,11,서울특별시,11680,강남구,1168010100,역삼동,11,00,1,1925.0,11,서울특별시,11140,중구,1114013100,저동1가
20260224,11,서울특별시,11140,중구,1114013100,저동1가,11,서울특별시,11680,강남구,1168010100,역삼동,11,30,2,1882.0,11,서울특별시,11140,중구,1114013100,저동1가
20260224,11,서울특별시,11140,중구,1114013100,저동1가,11,서울특별시,11680,강남구,1168010100,역삼동,11,45,1,1707.0,11,서울특별시,11140,중구,1114013100,저동1가
20260224,11,서울특별시,11140,중구,1114013200,충무로4가,11,서울특별시,11680,강남구,1168010100,역삼동,08,15,1,2131.0,11,서울특별시,11140,중구,1114013200,충무로4가
20260224,11,서울특별시,11140,중구,1114013200,충무로4가,11,서울특별시,11680,강남구,1168010100,역삼동,10,45,1,2349.0,11,서울특별시,11140,중구,1114013200,충무로4가
20260224,11,서울특별시,11140,중구,1114013200,충무로4가,11,서울특별시,11680,강남구,1168010100,역삼동,11,45,1,1731.0,11,서울특별시,11140,중구,1114013200,충무로4가
20260224,11,서울특별시,11140,중구,1114013300,충무로5가,11,서울특별시,11680,강남구,1168010100,역삼동,09,00,1,1970.0,11,서울특별시,11140,중구,1114013300,충무로5가
20260224,11,서울특별시,11140,중구,1114013500,예관동,11,서울특별시,11680,강남구,1168010100,역삼동,09,45,1,1679.0,11,서울특별시,11140,중구,1114013500,예관동
20260224,11,서울특별시,11140,중구,1114013600,묵정동,11,서울특별시,11680,강남구,1168010100,역삼동,07,15,1,1863.0,11,서울특별시,11140,중구,1114013600,묵정동
20260224,11,서울특별시,11140,중구,1114013600,묵정동,11,서울특별시,11680,강남구,1168010100,역삼동,10,45,1,2017.0,11,서울특별시,11140,중구,1114013600,묵정동
20260224,11,서울특별시,11140,중구,1114013700,필동1가,11,서울특별시,11680,강남구,1168010100,역삼동,11,00,2,2056.0,11,서울특별시,11140,중구,1114013700,필동1가
20260224,11,서울특별시,11140,중구,1114013800,필동2가,11,서울특별시,11680,강남구,1168010100,역삼동,07,00,1,1812.0,11,서울특별시,11140,중구,1114013800,필동2가
20260224,11,서울특별시,11140,중구,1114013800,필동2가,11,서울특별시,11680,강남구,1168010100,역삼동,07,15,2,1933.0,11,서울특별시,11140,중구,1114013800,필동2가
20260224,11,서울특별시,11140,중구,1114013800,필동2가,11,서울특별시,11680,강남구,1168010100,역삼동,07,30,6,1845.0,11,서울특별시,11140,중구,1114013800,필동2가
20260224,11,서울특별시,11140,중구,1114013800,필동2가,11,서울특별시,11680,강남구,1168010100,역삼동,07,45,5,1969.0,11,서울특별시,11140,중구,1114013800,필동2가
20260224,11,서울특별시,11140,중구,1114013800,필동2가,11,서울특별시,11680,강남구,1168010100,역삼동,08,00,7,1926.0,11,서울특별시,11140,중구,1114013800,필동2가
20260224,11,서울특별시,11140,중구,1114013800,필동2가,11,서울특별시,11680,강남구,1168010100,역삼동,08,15,4,1759.0,11,서울특별시,11140,중구,1114013800,필동2가
20260224,11,서울특별시,11140,중구,1114013800,필동2가,11,서울특별시,11680,강남구,1168010100,역삼동,08,30,4,2002.0,11,서울특별시,11140,중구,1114013800,필동2가
20260224,11,서울특별시,11140,중구,1114013800,필동2가,11,서울특별시,11680,강남구,1168010100,역삼동,08,45,12,1820.0,11,서울특별시,11140,중구,1114013800,필동2가
20260224,11,서울특별시,11140,중구,1114013800,필동2가,11,서울특별시,11680,강남구,1168010100,역삼동,09,00,12,1995.0,11,서울특별시,11140,중구,1114013800,필동2가
20260224,11,서울특별시,11140,중구,1114013800,필동2가,11,서울특별시,11680,강남구,1168010100,역삼동,09,15,5,1546.0,11,서울특별시,11140,중구,1114013800,필동2가
20260224,11,서울특별시,11140,중구,1114013800,필동2가,11,서울특별시,11680,강남구,1168010100,역삼동,09,30,1,1795.0,11,서울특별시,11140,중구,1114013800,필동2가
20260224,11,서울특별시,11140,중구,1114013800,필동2가,11,서울특별시,11680,강남구,1168010100,역삼동,09,45,5,1968.0,11,서울특별시,11140,중구,1114013800,필동2가
20260224,11,서울특별시,11140,중구,1114013800,필동2가,11,서울특별시,11680,강남구,1168010100,역삼동,10,00,14,2097.0,11,서울특별시,11140,중구,1114013800,필동2가
20260224,11,서울특별시,11140,중구,1114013800,필동2가,11,서울특별시,11680,강남구,1168010100,역삼동,10,15,2,2015.0,11,서울특별시,11140,중구,1114013800,필동2가
20260224,11,서울특별시,11140,중구,1114013800,필동2가,11,서울특별시,11680,강남구,1168010100,역삼동,10,30,3,1952.0,11,서울특별시,11140,중구,1114013800,필동2가
20260224,11,서울특별시,11140,중구,1114013800,필동2가,11,서울특별시,11680,강남구,1168010100,역삼동,10,45,6,1982.0,11,서울특별시,11140,중구,1114013800,필동2가
20260224,11,서울특별시,11140,중구,1114013800,필동2가,11,서울특별시,11680,강남구,1168010100,역삼동,11,00,4,2039.0,11,서울특별시,11140,중구,1114013800,필동2가
20260224,11,서울특별시,11140,중구,1114013800,필동2가,11,서울특별시,11680,강남구,1168010100,역삼동,11,15,4,1795.0,11,서울특별시,11140,중구,1114013800,필동2가
20260224,11,서울특별시,11140,중구,1114013800,필동2가,11,서울특별시,11680,강남구,1168010100,역삼동,11,30,13,2214.0,11,서울특별시,11140,중구,1114013800,필동2가
20260224,11,서울특별시,11140,중구,1114013800,필동2가,11,서울특별시,11680,강남구,1168010100,역삼동,11,45,6,2139.0,11,서울특별시,11140,중구,1114013800,필동2가
20260224,11,서울특별시,11140,중구,1114014200,예장동,11,서울특별시,11680,강남구,1168010100,역삼동,07,00,1,2004.0,11,서울특별시,11140,중구,1114014200,예장동
20260224,11,서울특별시,11140,중구,1114014200,예장동,11,서울특별시,11680,강남구,1168010100,역삼동,07,45,2,1619.0,11,서울특별시,11140,중구,1114014200,예장동
20260224,11,서울특별시,11140,중구,1114014200,예장동,11,서울특별시,11680,강남구,1168010100,역삼동,08,30,1,1458.0,11,서울특별시,11140,중구,1114014200,예장동
20260224,11,서울특별시,11140,중구,1114014200,예장동,11,서울특별시,11680,강남구,1168010100,역삼동,10,30,1,2818.0,11,서울특별시,11140,중구,1114014200,예장동
20260224,11,서울특별시,11140,중구,1114014300,장충동1가,11,서울특별시,11680,강남구,1168010100,역삼동,08,00,1,2100.0,11,서울특별시,11140,중구,1114014300,장충동1가
20260224,11,서울특별시,11140,중구,1114014300,장충동1가,11,서울특별시,11680,강남구,1168010100,역삼동,10,15,1,2268.0,11,서울특별시,11140,중구,1114014300,장충동1가
20260224,11,서울특별시,11140,중구,1114014400,장충동2가,11,서울특별시,11680,강남구,1168010100,역삼동,07,00,1,1836.0,11,서울특별시,11140,중구,1114014400,장충동2가
20260224,11,서울특별시,11140,중구,1114014400,장충동2가,11,서울특별시,11680,강남구,1168010100,역삼동,07,15,1,1416.0,11,서울특별시,11140,중구,1114014400,장충동2가
20260224,11,서울특별시,11140,중구,1114014400,장충동2가,11,서울특별시,11680,강남구,1168010100,역삼동,07,30,1,1280.0,11,서울특별시,11140,중구,1114014400,장충동2가
20260224,11,서울특별시,11140,중구,1114014400,장충동2가,11,서울특별시,11680,강남구,1168010100,역삼동,07,45,1,1777.0,11,서울특별시,11140,중구,1114014400,장충동2가
20260224,11,서울특별시,11140,중구,1114014400,장충동2가,11,서울특별시,11680,강남구,1168010100,역삼동,08,00,4,2032.0,11,서울특별시,11140,중구,1114014400,장충동2가
20260224,11,서울특별시,11140,중구,1114014400,장충동2가,11,서울특별시,11680,강남구,1168010100,역삼동,08,15,8,1556.0,11,서울특별시,11140,중구,1114014400,장충동2가
20260224,11,서울특별시,11140,중구,1114014400,장충동2가,11,서울특별시,11680,강남구,1168010100,역삼동,08,30,1,1840.0,11,서울특별시,11140,중구,1114014400,장충동2가
20260224,11,서울특별시,11140,중구,1114014400,장충동2가,11,서울특별시,11680,강남구,1168010100,역삼동,08,45,9,1659.0,11,서울특별시,11140,중구,1114014400,장충동2가
20260224,11,서울특별시,11140,중구,1114014400,장충동2가,11,서울특별시,11680,강남구,1168010100,역삼동,09,00,5,1673.0,11,서울특별시,11140,중구,1114014400,장충동2가
20260224,11,서울특별시,11140,중구,1114014400,장충동2가,11,서울특별시,11680,강남구,1168010100,역삼동,09,15,4,1618.0,11,서울특별시,11140,중구,1114014400,장충동2가
20260224,11,서울특별시,11140,중구,1114014400,장충동2가,11,서울특별시,11680,강남구,1168010100,역삼동,09,30,3,1705.0,11,서울특별시,11140,중구,1114014400,장충동2가
20260224,11,서울특별시,11140,중구,1114014400,장충동2가,11,서울특별시,11680,강남구,1168010100,역삼동,09,45,2,1773.0,11,서울특별시,11140,중구,1114014400,장충동2가
20260224,11,서울특별시,11140,중구,1114014400,장충동2가,11,서울특별시,11680,강남구,1168010100,역삼동,10,00,1,1898.0,11,서울특별시,11140,중구,1114014400,장충동2가
20260224,11,서울특별시,11140,중구,1114014400,장충동2가,11,서울특별시,11680,강남구,1168010100,역삼동,10,15,1,1624.0,11,서울특별시,11140,중구,1114014400,장충동2가
20260224,11,서울특별시,11140,중구,1114014400,장충동2가,11,서울특별시,11680,강남구,1168010100,역삼동,10,30,2,1712.0,11,서울특별시,11140,중구,1114014400,장충동2가
20260224,11,서울특별시,11140,중구,1114014400,장충동2가,11,서울특별시,11680,강남구,1168010100,역삼동,10,45,1,1679.0,11,서울특별시,11140,중구,1114014400,장충동2가
20260224,11,서울특별시,11140,중구,1114014400,장충동2가,11,서울특별시,11680,강남구,1168010100,역삼동,11,00,1,1962.0,11,서울특별시,11140,중구,1114014400,장충동2가
20260224,11,서울특별시,11140,중구,1114014400,장충동2가,11,서울특별시,11680,강남구,1168010100,역삼동,11,30,9,1872.0,11,서울특별시,11140,중구,1114014400,장충동2가
20260224,11,서울특별시,11140,중구,1114014400,장충동2가,11,서울특별시,11680,강남구,1168010100,역삼동,11,45,1,1838.0,11,서울특별시,11140,중구,1114014400,장충동2가
20260224,11,서울특별시,11140,중구,1114014500,광희동1가,11,서울특별시,11680,강남구,1168010100,역삼동,07,00,1,1687.0,11,서울특별시,11140,중구,1114014500,광희동1가
20260224,11,서울특별시,11140,중구,1114014500,광희동1가,11,서울특별시,11680,강남구,1168010100,역삼동,08,30,1,2328.0,11,서울특별시,11140,중구,1114014500,광희동1가
20260224,11,서울특별시,11140,중구,1114014500,광희동1가,11,서울특별시,11680,강남구,1168010100,역삼동,09,15,8,2836.0,11,서울특별시,11140,중구,1114014500,광희동1가
20260224,11,서울특별시,11140,중구,1114014500,광희동1가,11,서울특별시,11680,강남구,1168010100,역삼동,09,30,1,2663.0,11,서울특별시,11140,중구,1114014500,광희동1가
20260224,11,서울특별시,11140,중구,1114014500,광희동1가,11,서울특별시,11680,강남구,1168010100,역삼동,10,30,1,1820.0,11,서울특별시,11140,중구,1114014500,광희동1가
20260224,11,서울특별시,11140,중구,1114014500,광희동1가,11,서울특별시,11680,강남구,1168010100,역삼동,11,45,1,2601.0,11,서울특별시,11140,중구,1114014500,광희동1가
20260224,11,서울특별시,11140,중구,1114014600,광희동2가,11,서울특별시,11680,강남구,1168010100,역삼동,09,00,2,2789.0,11,서울특별시,11140,중구,1114014600,광희동2가
20260224,11,서울특별시,11140,중구,1114014800,을지로6가,11,서울특별시,11680,강남구,1168010100,역삼동,08,00,1,2288.0,11,서울특별시,11140,중구,1114014800,을지로6가
20260224,11,서울특별시,11140,중구,1114014800,을지로6가,11,서울특별시,11680,강남구,1168010100,역삼동,08,45,1,1954.0,11,서울특별시,11140,중구,1114014800,을지로6가
20260224,11,서울특별시,11140,중구,1114014900,을지로7가,11,서울특별시,11680,강남구,1168010100,역삼동,07,00,1,2384.0,11,서울특별시,11140,중구,1114014900,을지로7가
20260224,11,서울특별시,11140,중구,1114014900,을지로7가,11,서울특별시,11680,강남구,1168010100,역삼동,07,15,1,2292.0,11,서울특별시,11140,중구,1114014900,을지로7가
20260224,11,서울특별시,11140,중구,1114014900,을지로7가,11,서울특별시,11680,강남구,1168010100,역삼동,07,30,4,2319.0,11,서울특별시,11140,중구,1114014900,을지로7가
20260224,11,서울특별시,11140,중구,1114014900,을지로7가,11,서울특별시,11680,강남구,1168010100,역삼동,07,45,6,2176.0,11,서울특별시,11140,중구,1114014900,을지로7가
20260224,11,서울특별시,11140,중구,1114014900,을지로7가,11,서울특별시,11680,강남구,1168010100,역삼동,08,00,4,2046.0,11,서울특별시,11140,중구,1114014900,을지로7가
20260224,11,서울특별시,11140,중구,1114014900,을지로7가,11,서울특별시,11680,강남구,1168010100,역삼동,08,15,10,2313.0,11,서울특별시,11140,중구,1114014900,을지로7가
20260224,11,서울특별시,11140,중구,1114014900,을지로7가,11,서울특별시,11680,강남구,1168010100,역삼동,08,30,1,2335.0,11,서울특별시,11140,중구,1114014900,을지로7가
20260224,11,서울특별시,11140,중구,1114014900,을지로7가,11,서울특별시,11680,강남구,1168010100,역삼동,08,45,7,2712.0,11,서울특별시,11140,중구,1114014900,을지로7가
20260224,11,서울특별시,11140,중구,1114014900,을지로7가,11,서울특별시,11680,강남구,1168010100,역삼동,09,00,8,2219.0,11,서울특별시,11140,중구,1114014900,을지로7가
20260224,11,서울특별시,11140,중구,1114014900,을지로7가,11,서울특별시,11680,강남구,1168010100,역삼동,09,15,5,2296.0,11,서울특별시,11140,중구,1114014900,을지로7가
20260224,11,서울특별시,11140,중구,1114014900,을지로7가,11,서울특별시,11680,강남구,1168010100,역삼동,09,30,6,2593.0,11,서울특별시,11140,중구,1114014900,을지로7가
20260224,11,서울특별시,11140,중구,1114014900,을지로7가,11,서울특별시,11680,강남구,1168010100,역삼동,09,45,3,2683.0,11,서울특별시,11140,중구,1114014900,을지로7가
20260224,11,서울특별시,11140,중구,1114014900,을지로7가,11,서울특별시,11680,강남구,1168010100,역삼동,10,00,3,2096.0,11,서울특별시,11140,중구,1114014900,을지로7가
20260224,11,서울특별시,11140,중구,1114014900,을지로7가,11,서울특별시,11680,강남구,1168010100,역삼동,10,15,2,2088.0,11,서울특별시,11140,중구,1114014900,을지로7가
20260224,11,서울특별시,11140,중구,1114014900,을지로7가,11,서울특별시,11680,강남구,1168010100,역삼동,10,30,4,2262.0,11,서울특별시,11140,중구,1114014900,을지로7가
20260224,11,서울특별시,11140,중구,1114014900,을지로7가,11,서울특별시,11680,강남구,1168010100,역삼동,10,45,3,2412.0,11,서울특별시,11140,중구,1114014900,을지로7가
20260224,11,서울특별시,11140,중구,1114014900,을지로7가,11,서울특별시,11680,강남구,1168010100,역삼동,11,00,4,2116.0,11,서울특별시,11140,중구,1114014900,을지로7가
20260224,11,서울특별시,11140,중구,1114014900,을지로7가,11,서울특별시,11680,강남구,1168010100,역삼동,11,15,4,2180.0,11,서울특별시,11140,중구,1114014900,을지로7가
20260224,11,서울특별시,11140,중구,1114014900,을지로7가,11,서울특별시,11680,강남구,1168010100,역삼동,11,30,4,3020.0,11,서울특별시,11140,중구,1114014900,을지로7가
20260224,11,서울특별시,11140,중구,1114014900,을지로7가,11,서울특별시,11680,강남구,1168010100,역삼동,11,45,1,2355.0,11,서울특별시,11140,중구,1114014900,을지로7가
20260224,11,서울특별시,11140,중구,1114015000,을지로4가,11,서울특별시,11680,강남구,1168010100,역삼동,07,15,2,2422.0,11,서울특별시,11140,중구,1114015000,을지로4가
20260224,11,서울특별시,11140,중구,1114015000,을지로4가,11,서울특별시,11680,강남구,1168010100,역삼동,07,30,3,2110.0,11,서울특별시,11140,중구,1114015000,을지로4가
20260224,11,서울특별시,11140,중구,1114015000,을지로4가,11,서울특별시,11680,강남구,1168010100,역삼동,07,45,3,2345.0,11,서울특별시,11140,중구,1114015000,을지로4가
20260224,11,서울특별시,11140,중구,1114015000,을지로4가,11,서울특별시,11680,강남구,1168010100,역삼동,08,00,8,2209.0,11,서울특별시,11140,중구,1114015000,을지로4가
20260224,11,서울특별시,11140,중구,1114015000,을지로4가,11,서울특별시,11680,강남구,1168010100,역삼동,08,15,6,2059.0,11,서울특별시,11140,중구,1114015000,을지로4가
20260224,11,서울특별시,11140,중구,1114015000,을지로4가,11,서울특별시,11680,강남구,1168010100,역삼동,08,30,3,2181.0,11,서울특별시,11140,중구,1114015000,을지로4가
20260224,11,서울특별시,11140,중구,1114015000,을지로4가,11,서울특별시,11680,강남구,1168010100,역삼동,08,45,2,2720.0,11,서울특별시,11140,중구,1114015000,을지로4가
20260224,11,서울특별시,11140,중구,1114015000,을지로4가,11,서울특별시,11680,강남구,1168010100,역삼동,09,00,6,2289.0,11,서울특별시,11140,중구,1114015000,을지로4가
20260224,11,서울특별시,11140,중구,1114015000,을지로4가,11,서울특별시,11680,강남구,1168010100,역삼동,09,15,1,2347.0,11,서울특별시,11140,중구,1114015000,을지로4가
20260224,11,서울특별시,11140,중구,1114015000,을지로4가,11,서울특별시,11680,강남구,1168010100,역삼동,09,30,3,2560.0,11,서울특별시,11140,중구,1114015000,을지로4가
20260224,11,서울특별시,11140,중구,1114015000,을지로4가,11,서울특별시,11680,강남구,1168010100,역삼동,09,45,4,2355.0,11,서울특별시,11140,중구,1114015000,을지로4가
20260224,11,서울특별시,11140,중구,1114015000,을지로4가,11,서울특별시,11680,강남구,1168010100,역삼동,10,00,3,2365.0,11,서울특별시,11140,중구,1114015000,을지로4가
20260224,11,서울특별시,11140,중구,1114015000,을지로4가,11,서울특별시,11680,강남구,1168010100,역삼동,10,15,6,2203.0,11,서울특별시,11140,중구,1114015000,을지로4가
20260224,11,서울특별시,11140,중구,1114015000,을지로4가,11,서울특별시,11680,강남구,1168010100,역삼동,10,30,4,2303.0,11,서울특별시,11140,중구,1114015000,을지로4가
20260224,11,서울특별시,11140,중구,1114015000,을지로4가,11,서울특별시,11680,강남구,1168010100,역삼동,10,45,3,2241.0,11,서울특별시,11140,중구,1114015000,을지로4가
20260224,11,서울특별시,11140,중구,1114015000,을지로4가,11,서울특별시,11680,강남구,1168010100,역삼동,11,00,4,2721.0,11,서울특별시,11140,중구,1114015000,을지로4가
20260224,11,서울특별시,11140,중구,1114015000,을지로4가,11,서울특별시,11680,강남구,1168010100,역삼동,11,15,2,3370.0,11,서울특별시,11140,중구,1114015000,을지로4가
20260224,11,서울특별시,11140,중구,1114015000,을지로4가,11,서울특별시,11680,강남구,1168010100,역삼동,11,45,2,2175.0,11,서울특별시,11140,중구,1114015000,을지로4가
20260224,11,서울특별시,11140,중구,1114015200,주교동,11,서울특별시,11680,강남구,1168010100,역삼동,09,15,2,2868.0,11,서울특별시,11140,중구,1114015200,주교동
20260224,11,서울특별시,11140,중구,1114015200,주교동,11,서울특별시,11680,강남구,1168010100,역삼동,10,15,1,2495.0,11,서울특별시,11140,중구,1114015200,주교동
20260224,11,서울특별시,11140,중구,1114015200,주교동,11,서울특별시,11680,강남구,1168010100,역삼동,11,30,2,2688.0,11,서울특별시,11140,중구,1114015200,주교동
20260224,11,서울특별시,11140,중구,1114015500,을지로3가,11,서울특별시,11680,강남구,1168010100,역삼동,07,00,1,2517.0,11,서울특별시,11140,중구,1114015500,을지로3가
20260224,11,서울특별시,11140,중구,1114015500,을지로3가,11,서울특별시,11680,강남구,1168010100,역삼동,07,15,3,2137.0,11,서울특별시,11140,중구,1114015500,을지로3가
20260224,11,서울특별시,11140,중구,1114015500,을지로3가,11,서울특별시,11680,강남구,1168010100,역삼동,07,30,2,2015.0,11,서울특별시,11140,중구,1114015500,을지로3가
20260224,11,서울특별시,11140,중구,1114015500,을지로3가,11,서울특별시,11680,강남구,1168010100,역삼동,07,45,6,2027.0,11,서울특별시,11140,중구,1114015500,을지로3가
20260224,11,서울특별시,11140,중구,1114015500,을지로3가,11,서울특별시,11680,강남구,1168010100,역삼동,08,00,7,2159.0,11,서울특별시,11140,중구,1114015500,을지로3가
20260224,11,서울특별시,11140,중구,1114015500,을지로3가,11,서울특별시,11680,강남구,1168010100,역삼동,08,15,4,2110.0,11,서울특별시,11140,중구,1114015500,을지로3가
20260224,11,서울특별시,11140,중구,1114015500,을지로3가,11,서울특별시,11680,강남구,1168010100,역삼동,08,30,6,1954.0,11,서울특별시,11140,중구,1114015500,을지로3가
20260224,11,서울특별시,11140,중구,1114015500,을지로3가,11,서울특별시,11680,강남구,1168010100,역삼동,08,45,3,2168.0,11,서울특별시,11140,중구,1114015500,을지로3가
20260224,11,서울특별시,11140,중구,1114015500,을지로3가,11,서울특별시,11680,강남구,1168010100,역삼동,09,00,9,2043.0,11,서울특별시,11140,중구,1114015500,을지로3가
20260224,11,서울특별시,11140,중구,1114015500,을지로3가,11,서울특별시,11680,강남구,1168010100,역삼동,09,15,3,1863.0,11,서울특별시,11140,중구,1114015500,을지로3가
20260224,11,서울특별시,11140,중구,1114015500,을지로3가,11,서울특별시,11680,강남구,1168010100,역삼동,09,30,5,2163.0,11,서울특별시,11140,중구,1114015500,을지로3가
20260224,11,서울특별시,11140,중구,1114015500,을지로3가,11,서울특별시,11680,강남구,1168010100,역삼동,09,45,4,1847.0,11,서울특별시,11140,중구,1114015500,을지로3가
20260224,11,서울특별시,11140,중구,1114015500,을지로3가,11,서울특별시,11680,강남구,1168010100,역삼동,10,00,3,2052.0,11,서울특별시,11140,중구,1114015500,을지로3가
20260224,11,서울특별시,11140,중구,1114015500,을지로3가,11,서울특별시,11680,강남구,1168010100,역삼동,10,15,4,2223.0,11,서울특별시,11140,중구,1114015500,을지로3가
20260224,11,서울특별시,11140,중구,1114015500,을지로3가,11,서울특별시,11680,강남구,1168010100,역삼동,10,30,4,1946.0,11,서울특별시,11140,중구,1114015500,을지로3가
20260224,11,서울특별시,11140,중구,1114015500,을지로3가,11,서울특별시,11680,강남구,1168010100,역삼동,10,45,1,2279.0,11,서울특별시,11140,중구,1114015500,을지로3가
20260224,11,서울특별시,11140,중구,1114015500,을지로3가,11,서울특별시,11680,강남구,1168010100,역삼동,11,00,5,2178.0,11,서울특별시,11140,중구,1114015500,을지로3가
20260224,11,서울특별시,11140,중구,1114015500,을지로3가,11,서울특별시,11680,강남구,1168010100,역삼동,11,15,6,2091.0,11,서울특별시,11140,중구,1114015500,을지로3가
20260224,11,서울특별시,11140,중구,1114015500,을지로3가,11,서울특별시,11680,강남구,1168010100,역삼동,11,30,3,2151.0,11,서울특별시,11140,중구,1114015500,을지로3가
20260224,11,서울특별시,11140,중구,1114015500,을지로3가,11,서울특별시,11680,강남구,1168010100,역삼동,11,45,3,2707.0,11,서울특별시,11140,중구,1114015500,을지로3가
20260224,11,서울특별시,11140,중구,1114016200,신당동,11,서울특별시,11680,강남구,1168010100,역삼동,07,00,19,1589.0,11,서울특별시,11140,중구,1114016200,신당동
20260224,11,서울특별시,11140,중구,1114016200,신당동,11,서울특별시,11680,강남구,1168010100,역삼동,07,15,24,1613.0,11,서울특별시,11140,중구,1114016200,신당동
20260224,11,서울특별시,11140,중구,1114016200,신당동,11,서울특별시,11680,강남구,1168010100,역삼동,07,30,32,1670.0,11,서울특별시,11140,중구,1114016200,신당동
20260224,11,서울특별시,11140,중구,1114016200,신당동,11,서울특별시,11680,강남구,1168010100,역삼동,07,45,33,1615.0,11,서울특별시,11140,중구,1114016200,신당동
20260224,11,서울특별시,11140,중구,1114016200,신당동,11,서울특별시,11680,강남구,1168010100,역삼동,08,00,47,1557.0,11,서울특별시,11140,중구,1114016200,신당동
20260224,11,서울특별시,11140,중구,1114016200,신당동,11,서울특별시,11680,강남구,1168010100,역삼동,08,15,49,1657.0,11,서울특별시,11140,중구,1114016200,신당동
20260224,11,서울특별시,11140,중구,1114016200,신당동,11,서울특별시,11680,강남구,1168010100,역삼동,08,30,23,1629.0,11,서울특별시,11140,중구,1114016200,신당동
20260224,11,서울특별시,11140,중구,1114016200,신당동,11,서울특별시,11680,강남구,1168010100,역삼동,08,45,28,1653.0,11,서울특별시,11140,중구,1114016200,신당동
20260224,11,서울특별시,11140,중구,1114016200,신당동,11,서울특별시,11680,강남구,1168010100,역삼동,09,00,30,1783.0,11,서울특별시,11140,중구,1114016200,신당동
20260224,11,서울특별시,11140,중구,1114016200,신당동,11,서울특별시,11680,강남구,1168010100,역삼동,09,15,39,1734.0,11,서울특별시,11140,중구,1114016200,신당동
20260224,11,서울특별시,11140,중구,1114016200,신당동,11,서울특별시,11680,강남구,1168010100,역삼동,09,30,23,1756.0,11,서울특별시,11140,중구,1114016200,신당동
20260224,11,서울특별시,11140,중구,1114016200,신당동,11,서울특별시,11680,강남구,1168010100,역삼동,09,45,11,1862.0,11,서울특별시,11140,중구,1114016200,신당동
20260224,11,서울특별시,11140,중구,1114016200,신당동,11,서울특별시,11680,강남구,1168010100,역삼동,10,00,17,1677.0,11,서울특별시,11140,중구,1114016200,신당동
20260224,11,서울특별시,11140,중구,1114016200,신당동,11,서울특별시,11680,강남구,1168010100,역삼동,10,15,7,1700.0,11,서울특별시,11140,중구,1114016200,신당동
20260224,11,서울특별시,11140,중구,1114016200,신당동,11,서울특별시,11680,강남구,1168010100,역삼동,10,30,6,1558.0,11,서울특별시,11140,중구,1114016200,신당동
20260224,11,서울특별시,11140,중구,1114016200,신당동,11,서울특별시,11680,강남구,1168010100,역삼동,10,45,7,1754.0,11,서울특별시,11140,중구,1114016200,신당동
20260224,11,서울특별시,11140,중구,1114016200,신당동,11,서울특별시,11680,강남구,1168010100,역삼동,11,00,12,1966.0,11,서울특별시,11140,중구,1114016200,신당동
20260224,11,서울특별시,11140,중구,1114016200,신당동,11,서울특별시,11680,강남구,1168010100,역삼동,11,15,8,1734.0,11,서울특별시,11140,중구,1114016200,신당동
20260224,11,서울특별시,11140,중구,1114016200,신당동,11,서울특별시,11680,강남구,1168010100,역삼동,11,30,4,1943.0,11,서울특별시,11140,중구,1114016200,신당동
20260224,11,서울특별시,11140,중구,1114016200,신당동,11,서울특별시,11680,강남구,1168010100,역삼동,11,45,3,2093.0,11,서울특별시,11140,중구,1114016200,신당동
20260224,11,서울특별시,11140,중구,1114016300,흥인동,11,서울특별시,11680,강남구,1168010100,역삼동,07,15,2,2185.0,11,서울특별시,11140,중구,1114016300,흥인동
20260224,11,서울특별시,11140,중구,1114016300,흥인동,11,서울특별시,11680,강남구,1168010100,역삼동,07,30,1,2451.0,11,서울특별시,11140,중구,1114016300,흥인동
20260224,11,서울특별시,11140,중구,1114016300,흥인동,11,서울특별시,11680,강남구,1168010100,역삼동,07,45,2,1949.0,11,서울특별시,11140,중구,1114016300,흥인동
20260224,11,서울특별시,11140,중구,1114016300,흥인동,11,서울특별시,11680,강남구,1168010100,역삼동,08,00,1,2614.0,11,서울특별시,11140,중구,1114016300,흥인동
20260224,11,서울특별시,11140,중구,1114016300,흥인동,11,서울특별시,11680,강남구,1168010100,역삼동,08,15,1,2115.0,11,서울특별시,11140,중구,1114016300,흥인동
20260224,11,서울특별시,11140,중구,1114016300,흥인동,11,서울특별시,11680,강남구,1168010100,역삼동,08,30,4,1914.0,11,서울특별시,11140,중구,1114016300,흥인동
20260224,11,서울특별시,11140,중구,1114016300,흥인동,11,서울특별시,11680,강남구,1168010100,역삼동,09,00,1,1600.0,11,서울특별시,11140,중구,1114016300,흥인동
20260224,11,서울특별시,11140,중구,1114016300,흥인동,11,서울특별시,11680,강남구,1168010100,역삼동,09,15,1,1565.0,11,서울특별시,11140,중구,1114016300,흥인동
20260224,11,서울특별시,11140,중구,1114016300,흥인동,11,서울특별시,11680,강남구,1168010100,역삼동,10,15,1,2206.0,11,서울특별시,11140,중구,1114016300,흥인동
20260224,11,서울특별시,11140,중구,1114016300,흥인동,11,서울특별시,11680,강남구,1168010100,역삼동,10,30,5,2336.0,11,서울특별시,11140,중구,1114016300,흥인동
20260224,11,서울특별시,11140,중구,1114016300,흥인동,11,서울특별시,11680,강남구,1168010100,역삼동,11,15,1,2436.0,11,서울특별시,11140,중구,1114016300,흥인동
20260224,11,서울특별시,11140,중구,1114016300,흥인동,11,서울특별시,11680,강남구,1168010100,역삼동,11,45,3,2635.0,11,서울특별시,11140,중구,1114016300,흥인동
20260224,11,서울특별시,11140,중구,1114016500,황학동,11,서울특별시,11680,강남구,1168010100,역삼동,07,00,11,2137.0,11,서울특별시,11140,중구,1114016500,황학동
20260224,11,서울특별시,11140,중구,1114016500,황학동,11,서울특별시,11680,강남구,1168010100,역삼동,07,15,23,2007.0,11,서울특별시,11140,중구,1114016500,황학동
20260224,11,서울특별시,11140,중구,1114016500,황학동,11,서울특별시,11680,강남구,1168010100,역삼동,07,30,25,2040.0,11,서울특별시,11140,중구,1114016500,황학동
20260224,11,서울특별시,11140,중구,1114016500,황학동,11,서울특별시,11680,강남구,1168010100,역삼동,07,45,30,1934.0,11,서울특별시,11140,중구,1114016500,황학동
20260224,11,서울특별시,11140,중구,1114016500,황학동,11,서울특별시,11680,강남구,1168010100,역삼동,08,00,55,1989.0,11,서울특별시,11140,중구,1114016500,황학동
20260224,11,서울특별시,11140,중구,1114016500,황학동,11,서울특별시,11680,강남구,1168010100,역삼동,08,15,27,1948.0,11,서울특별시,11140,중구,1114016500,황학동
20260224,11,서울특별시,11140,중구,1114016500,황학동,11,서울특별시,11680,강남구,1168010100,역삼동,08,30,35,2069.0,11,서울특별시,11140,중구,1114016500,황학동
20260224,11,서울특별시,11140,중구,1114016500,황학동,11,서울특별시,11680,강남구,1168010100,역삼동,08,45,21,1975.0,11,서울특별시,11140,중구,1114016500,황학동
20260224,11,서울특별시,11140,중구,1114016500,황학동,11,서울특별시,11680,강남구,1168010100,역삼동,09,00,28,1992.0,11,서울특별시,11140,중구,1114016500,황학동
20260224,11,서울특별시,11140,중구,1114016500,황학동,11,서울특별시,11680,강남구,1168010100,역삼동,09,15,23,1880.0,11,서울특별시,11140,중구,1114016500,황학동
20260224,11,서울특별시,11140,중구,1114016500,황학동,11,서울특별시,11680,강남구,1168010100,역삼동,09,30,15,2109.0,11,서울특별시,11140,중구,1114016500,황학동
20260224,11,서울특별시,11140,중구,1114016500,황학동,11,서울특별시,11680,강남구,1168010100,역삼동,09,45,10,1991.0,11,서울특별시,11140,중구,1114016500,황학동
20260224,11,서울특별시,11140,중구,1114016500,황학동,11,서울특별시,11680,강남구,1168010100,역삼동,10,00,8,2028.0,11,서울특별시,11140,중구,1114016500,황학동
20260224,11,서울특별시,11140,중구,1114016500,황학동,11,서울특별시,11680,강남구,1168010100,역삼동,10,15,9,2202.0,11,서울특별시,11140,중구,1114016500,황학동
20260224,11,서울특별시,11140,중구,1114016500,황학동,11,서울특별시,11680,강남구,1168010100,역삼동,10,30,5,1990.0,11,서울특별시,11140,중구,1114016500,황학동
20260224,11,서울특별시,11140,중구,1114016500,황학동,11,서울특별시,11680,강남구,1168010100,역삼동,10,45,5,2093.0,11,서울특별시,11140,중구,1114016500,황학동
20260224,11,서울특별시,11140,중구,1114016500,황학동,11,서울특별시,11680,강남구,1168010100,역삼동,11,15,3,1969.0,11,서울특별시,11140,중구,1114016500,황학동
20260224,11,서울특별시,11140,중구,1114016500,황학동,11,서울특별시,11680,강남구,1168010100,역삼동,11,30,2,1676.0,11,서울특별시,11140,중구,1114016500,황학동
20260224,11,서울특별시,11140,중구,1114016500,황학동,11,서울특별시,11680,강남구,1168010100,역삼동,11,45,8,2091.0,11,서울특별시,11140,중구,1114016500,황학동
20260224,11,서울특별시,11140,중구,1114016600,서소문동,11,서울특별시,11680,강남구,1168010100,역삼동,07,00,1,2532.0,11,서울특별시,11140,중구,1114016600,서소문동
20260224,11,서울특별시,11140,중구,1114016600,서소문동,11,서울특별시,11680,강남구,1168010100,역삼동,07,15,1,2695.0,11,서울특별시,11140,중구,1114016600,서소문동
20260224,11,서울특별시,11140,중구,1114016600,서소문동,11,서울특별시,11680,강남구,1168010100,역삼동,07,30,1,2735.0,11,서울특별시,11140,중구,1114016600,서소문동
20260224,11,서울특별시,11140,중구,1114016600,서소문동,11,서울특별시,11680,강남구,1168010100,역삼동,07,45,5,2306.0,11,서울특별시,11140,중구,1114016600,서소문동
20260224,11,서울특별시,11140,중구,1114016600,서소문동,11,서울특별시,11680,강남구,1168010100,역삼동,08,00,3,3284.0,11,서울특별시,11140,중구,1114016600,서소문동
20260224,11,서울특별시,11140,중구,1114016600,서소문동,11,서울특별시,11680,강남구,1168010100,역삼동,08,30,2,2656.0,11,서울특별시,11140,중구,1114016600,서소문동
20260224,11,서울특별시,11140,중구,1114016600,서소문동,11,서울특별시,11680,강남구,1168010100,역삼동,08,45,2,2265.0,11,서울특별시,11140,중구,1114016600,서소문동
20260224,11,서울특별시,11140,중구,1114016600,서소문동,11,서울특별시,11680,강남구,1168010100,역삼동,09,00,2,2812.0,11,서울특별시,11140,중구,1114016600,서소문동
20260224,11,서울특별시,11140,중구,1114016600,서소문동,11,서울특별시,11680,강남구,1168010100,역삼동,09,15,8,2469.0,11,서울특별시,11140,중구,1114016600,서소문동
20260224,11,서울특별시,11140,중구,1114016600,서소문동,11,서울특별시,11680,강남구,1168010100,역삼동,09,30,2,2952.0,11,서울특별시,11140,중구,1114016600,서소문동
20260224,11,서울특별시,11140,중구,1114016600,서소문동,11,서울특별시,11680,강남구,1168010100,역삼동,09,45,3,2259.0,11,서울특별시,11140,중구,1114016600,서소문동
20260224,11,서울특별시,11140,중구,1114016600,서소문동,11,서울특별시,11680,강남구,1168010100,역삼동,10,00,3,2506.0,11,서울특별시,11140,중구,1114016600,서소문동
20260224,11,서울특별시,11140,중구,1114016600,서소문동,11,서울특별시,11680,강남구,1168010100,역삼동,10,15,5,2667.0,11,서울특별시,11140,중구,1114016600,서소문동
20260224,11,서울특별시,11140,중구,1114016600,서소문동,11,서울특별시,11680,강남구,1168010100,역삼동,10,30,9,2677.0,11,서울특별시,11140,중구,1114016600,서소문동
20260224,11,서울특별시,11140,중구,1114016600,서소문동,11,서울특별시,11680,강남구,1168010100,역삼동,10,45,6,2695.0,11,서울특별시,11140,중구,1114016600,서소문동
20260224,11,서울특별시,11140,중구,1114016600,서소문동,11,서울특별시,11680,강남구,1168010100,역삼동,11,00,9,2386.0,11,서울특별시,11140,중구,1114016600,서소문동
20260224,11,서울특별시,11140,중구,1114016600,서소문동,11,서울특별시,11680,강남구,1168010100,역삼동,11,15,7,3085.0,11,서울특별시,11140,중구,1114016600,서소문동
20260224,11,서울특별시,11140,중구,1114016600,서소문동,11,서울특별시,11680,강남구,1168010100,역삼동,11,30,7,2837.0,11,서울특별시,11140,중구,1114016600,서소문동
20260224,11,서울특별시,11140,중구,1114016600,서소문동,11,서울특별시,11680,강남구,1168010100,역삼동,11,45,5,2502.0,11,서울특별시,11140,중구,1114016600,서소문동
20260224,11,서울특별시,11140,중구,1114016700,정동,11,서울특별시,11680,강남구,1168010100,역삼동,08,45,2,2288.0,11,서울특별시,11140,중구,1114016700,정동
20260224,11,서울특별시,11140,중구,1114016700,정동,11,서울특별시,11680,강남구,1168010100,역삼동,09,00,1,2751.0,11,서울특별시,11140,중구,1114016700,정동
20260224,11,서울특별시,11140,중구,1114016700,정동,11,서울특별시,11680,강남구,1168010100,역삼동,09,30,2,2312.0,11,서울특별시,11140,중구,1114016700,정동
20260224,11,서울특별시,11140,중구,1114016700,정동,11,서울특별시,11680,강남구,1168010100,역삼동,10,45,5,2185.0,11,서울특별시,11140,중구,1114016700,정동
20260224,11,서울특별시,11140,중구,1114016700,정동,11,서울특별시,11680,강남구,1168010100,역삼동,11,00,1,2470.0,11,서울특별시,11140,중구,1114016700,정동
20260224,11,서울특별시,11140,중구,1114016700,정동,11,서울특별시,11680,강남구,1168010100,역삼동,11,15,1,2855.0,11,서울특별시,11140,중구,1114016700,정동
20260224,11,서울특별시,11140,중구,1114016700,정동,11,서울특별시,11680,강남구,1168010100,역삼동,11,30,1,1942.0,11,서울특별시,11140,중구,1114016700,정동
20260224,11,서울특별시,11140,중구,1114016700,정동,11,서울특별시,11680,강남구,1168010100,역삼동,11,45,2,2079.0,11,서울특별시,11140,중구,1114016700,정동
20260224,11,서울특별시,11140,중구,1114016900,의주로1가,11,서울특별시,11680,강남구,1168010100,역삼동,09,00,1,2375.0,11,서울특별시,11140,중구,1114016900,의주로1가
20260224,11,서울특별시,11140,중구,1114016900,의주로1가,11,서울특별시,11680,강남구,1168010100,역삼동,09,45,1,3156.0,11,서울특별시,11140,중구,1114016900,의주로1가
20260224,11,서울특별시,11140,중구,1114017000,충정로1가,11,서울특별시,11680,강남구,1168010100,역삼동,08,00,1,1993.0,11,서울특별시,11140,중구,1114017000,충정로1가
20260224,11,서울특별시,11140,중구,1114017000,충정로1가,11,서울특별시,11680,강남구,1168010100,역삼동,08,30,1,2084.0,11,서울특별시,11140,중구,1114017000,충정로1가
20260224,11,서울특별시,11140,중구,1114017100,중림동,11,서울특별시,11680,강남구,1168010100,역삼동,07,15,1,2879.0,11,서울특별시,11140,중구,1114017100,중림동
20260224,11,서울특별시,11140,중구,1114017100,중림동,11,서울특별시,11680,강남구,1168010100,역삼동,07,45,2,2850.0,11,서울특별시,11140,중구,1114017100,중림동
20260224,11,서울특별시,11140,중구,1114017100,중림동,11,서울특별시,11680,강남구,1168010100,역삼동,08,00,1,2969.0,11,서울특별시,11140,중구,1114017100,중림동
20260224,11,서울특별시,11140,중구,1114017100,중림동,11,서울특별시,11680,강남구,1168010100,역삼동,08,15,1,2067.0,11,서울특별시,11140,중구,1114017100,중림동
20260224,11,서울특별시,11140,중구,1114017100,중림동,11,서울특별시,11680,강남구,1168010100,역삼동,08,30,1,3034.0,11,서울특별시,11140,중구,1114017100,중림동
20260224,11,서울특별시,11170,용산구,1117010100,후암동,11,서울특별시,11680,강남구,1168010100,역삼동,07,00,2,2468.0,11,서울특별시,11170,용산구,1117010100,후암동
20260224,11,서울특별시,11170,용산구,1117010100,후암동,11,서울특별시,11680,강남구,1168010100,역삼동,07,15,3,2417.0,11,서울특별시,11170,용산구,1117010100,후암동
20260224,11,서울특별시,11170,용산구,1117010100,후암동,11,서울특별시,11680,강남구,1168010100,역삼동,07,30,6,2341.0,11,서울특별시,11170,용산구,1117010100,후암동
20260224,11,서울특별시,11170,용산구,1117010100,후암동,11,서울특별시,11680,강남구,1168010100,역삼동,07,45,2,2341.0,11,서울특별시,11170,용산구,1117010100,후암동
20260224,11,서울특별시,11170,용산구,1117010100,후암동,11,서울특별시,11680,강남구,1168010100,역삼동,08,00,3,1944.0,11,서울특별시,11170,용산구,1117010100,후암동
20260224,11,서울특별시,11170,용산구,1117010100,후암동,11,서울특별시,11680,강남구,1168010100,역삼동,08,15,1,3502.0,11,서울특별시,11170,용산구,1117010100,후암동
20260224,11,서울특별시,11170,용산구,1117010100,후암동,11,서울특별시,11680,강남구,1168010100,역삼동,08,30,6,2152.0,11,서울특별시,11170,용산구,1117010100,후암동
20260224,11,서울특별시,11170,용산구,1117010100,후암동,11,서울특별시,11680,강남구,1168010100,역삼동,08,45,1,2370.0,11,서울특별시,11170,용산구,1117010100,후암동
20260224,11,서울특별시,11170,용산구,1117010100,후암동,11,서울특별시,11680,강남구,1168010100,역삼동,09,00,1,1820.0,11,서울특별시,11170,용산구,1117010100,후암동
20260224,11,서울특별시,11170,용산구,1117010100,후암동,11,서울특별시,11680,강남구,1168010100,역삼동,09,15,1,2106.0,11,서울특별시,11170,용산구,1117010100,후암동
20260224,11,서울특별시,11170,용산구,1117010100,후암동,11,서울특별시,11680,강남구,1168010100,역삼동,09,30,2,1915.0,11,서울특별시,11170,용산구,1117010100,후암동
20260224,11,서울특별시,11170,용산구,1117010100,후암동,11,서울특별시,11680,강남구,1168010100,역삼동,10,15,1,2377.0,11,서울특별시,11170,용산구,1117010100,후암동
20260224,11,서울특별시,11170,용산구,1117010100,후암동,11,서울특별시,11680,강남구,1168010100,역삼동,10,45,1,2635.0,11,서울특별시,11170,용산구,1117010100,후암동
20260224,11,서울특별시,11170,용산구,1117010200,용산동2가,11,서울특별시,11680,강남구,1168010100,역삼동,07,00,4,1642.0,11,서울특별시,11170,용산구,1117010200,용산동2가
20260224,11,서울특별시,11170,용산구,1117010200,용산동2가,11,서울특별시,11680,강남구,1168010100,역삼동,07,15,2,2252.0,11,서울특별시,11170,용산구,1117010200,용산동2가
20260224,11,서울특별시,11170,용산구,1117010200,용산동2가,11,서울특별시,11680,강남구,1168010100,역삼동,07,30,5,2154.0,11,서울특별시,11170,용산구,1117010200,용산동2가
20260224,11,서울특별시,11170,용산구,1117010200,용산동2가,11,서울특별시,11680,강남구,1168010100,역삼동,07,45,5,1674.0,11,서울특별시,11170,용산구,1117010200,용산동2가
20260224,11,서울특별시,11170,용산구,1117010200,용산동2가,11,서울특별시,11680,강남구,1168010100,역삼동,08,00,2,2063.0,11,서울특별시,11170,용산구,1117010200,용산동2가
20260224,11,서울특별시,11170,용산구,1117010200,용산동2가,11,서울특별시,11680,강남구,1168010100,역삼동,08,15,7,1890.0,11,서울특별시,11170,용산구,1117010200,용산동2가
20260224,11,서울특별시,11170,용산구,1117010200,용산동2가,11,서울특별시,11680,강남구,1168010100,역삼동,08,30,4,1858.0,11,서울특별시,11170,용산구,1117010200,용산동2가
20260224,11,서울특별시,11170,용산구,1117010200,용산동2가,11,서울특별시,11680,강남구,1168010100,역삼동,08,45,5,1798.0,11,서울특별시,11170,용산구,1117010200,용산동2가
20260224,11,서울특별시,11170,용산구,1117010200,용산동2가,11,서울특별시,11680,강남구,1168010100,역삼동,09,00,6,1933.0,11,서울특별시,11170,용산구,1117010200,용산동2가
20260224,11,서울특별시,11170,용산구,1117010200,용산동2가,11,서울특별시,11680,강남구,1168010100,역삼동,09,15,3,1565.0,11,서울특별시,11170,용산구,1117010200,용산동2가
20260224,11,서울특별시,11170,용산구,1117010200,용산동2가,11,서울특별시,11680,강남구,1168010100,역삼동,09,45,5,1786.0,11,서울특별시,11170,용산구,1117010200,용산동2가
20260224,11,서울특별시,11170,용산구,1117010200,용산동2가,11,서울특별시,11680,강남구,1168010100,역삼동,10,00,1,2083.0,11,서울특별시,11170,용산구,1117010200,용산동2가
20260224,11,서울특별시,11170,용산구,1117010200,용산동2가,11,서울특별시,11680,강남구,1168010100,역삼동,10,45,2,1876.0,11,서울특별시,11170,용산구,1117010200,용산동2가
20260224,11,서울특별시,11170,용산구,1117010200,용산동2가,11,서울특별시,11680,강남구,1168010100,역삼동,11,00,2,1458.0,11,서울특별시,11170,용산구,1117010200,용산동2가
20260224,11,서울특별시,11170,용산구,1117010200,용산동2가,11,서울특별시,11680,강남구,1168010100,역삼동,11,15,1,1281.0,11,서울특별시,11170,용산구,1117010200,용산동2가
20260224,11,서울특별시,11170,용산구,1117010200,용산동2가,11,서울특별시,11680,강남구,1168010100,역삼동,11,45,1,2042.0,11,서울특별시,11170,용산구,1117010200,용산동2가
20260224,11,서울특별시,11170,용산구,1117010300,용산동4가,11,서울특별시,11680,강남구,1168010100,역삼동,07,15,1,1775.0,11,서울특별시,11170,용산구,1117010300,용산동4가
20260224,11,서울특별시,11170,용산구,1117010300,용산동4가,11,서울특별시,11680,강남구,1168010100,역삼동,08,00,1,1683.0,11,서울특별시,11170,용산구,1117010300,용산동4가
20260224,11,서울특별시,11170,용산구,1117010300,용산동4가,11,서울특별시,11680,강남구,1168010100,역삼동,08,15,1,2271.0,11,서울특별시,11170,용산구,1117010300,용산동4가
20260224,11,서울특별시,11170,용산구,1117010300,용산동4가,11,서울특별시,11680,강남구,1168010100,역삼동,08,45,1,2082.0,11,서울특별시,11170,용산구,1117010300,용산동4가
20260224,11,서울특별시,11170,용산구,1117010300,용산동4가,11,서울특별시,11680,강남구,1168010100,역삼동,09,00,1,2428.0,11,서울특별시,11170,용산구,1117010300,용산동4가
20260224,11,서울특별시,11170,용산구,1117010300,용산동4가,11,서울특별시,11680,강남구,1168010100,역삼동,09,30,2,2096.0,11,서울특별시,11170,용산구,1117010300,용산동4가
20260224,11,서울특별시,11170,용산구,1117010300,용산동4가,11,서울특별시,11680,강남구,1168010100,역삼동,10,00,1,1585.0,11,서울특별시,11170,용산구,1117010300,용산동4가
20260224,11,서울특별시,11170,용산구,1117010300,용산동4가,11,서울특별시,11680,강남구,1168010100,역삼동,10,15,2,2215.0,11,서울특별시,11170,용산구,1117010300,용산동4가
20260224,11,서울특별시,11170,용산구,1117010300,용산동4가,11,서울특별시,11680,강남구,1168010100,역삼동,10,30,1,1799.0,11,서울특별시,11170,용산구,1117010300,용산동4가
20260224,11,서울특별시,11170,용산구,1117010300,용산동4가,11,서울특별시,11680,강남구,1168010100,역삼동,11,00,3,1811.0,11,서울특별시,11170,용산구,1117010300,용산동4가
20260224,11,서울특별시,11170,용산구,1117010300,용산동4가,11,서울특별시,11680,강남구,1168010100,역삼동,11,30,1,1269.0,11,서울특별시,11170,용산구,1117010300,용산동4가
20260224,11,서울특별시,11170,용산구,1117010400,갈월동,11,서울특별시,11680,강남구,1168010100,역삼동,07,00,12,1933.0,11,서울특별시,11170,용산구,1117010400,갈월동
20260224,11,서울특별시,11170,용산구,1117010400,갈월동,11,서울특별시,11680,강남구,1168010100,역삼동,07,15,13,1963.0,11,서울특별시,11170,용산구,1117010400,갈월동
20260224,11,서울특별시,11170,용산구,1117010400,갈월동,11,서울특별시,11680,강남구,1168010100,역삼동,07,30,18,2107.0,11,서울특별시,11170,용산구,1117010400,갈월동
20260224,11,서울특별시,11170,용산구,1117010400,갈월동,11,서울특별시,11680,강남구,1168010100,역삼동,07,45,15,2079.0,11,서울특별시,11170,용산구,1117010400,갈월동
20260224,11,서울특별시,11170,용산구,1117010400,갈월동,11,서울특별시,11680,강남구,1168010100,역삼동,08,00,28,2288.0,11,서울특별시,11170,용산구,1117010400,갈월동
20260224,11,서울특별시,11170,용산구,1117010400,갈월동,11,서울특별시,11680,강남구,1168010100,역삼동,08,15,23,2075.0,11,서울특별시,11170,용산구,1117010400,갈월동
20260224,11,서울특별시,11170,용산구,1117010400,갈월동,11,서울특별시,11680,강남구,1168010100,역삼동,08,30,31,1949.0,11,서울특별시,11170,용산구,1117010400,갈월동
20260224,11,서울특별시,11170,용산구,1117010400,갈월동,11,서울특별시,11680,강남구,1168010100,역삼동,08,45,27,2042.0,11,서울특별시,11170,용산구,1117010400,갈월동
20260224,11,서울특별시,11170,용산구,1117010400,갈월동,11,서울특별시,11680,강남구,1168010100,역삼동,09,00,28,2147.0,11,서울특별시,11170,용산구,1117010400,갈월동
20260224,11,서울특별시,11170,용산구,1117010400,갈월동,11,서울특별시,11680,강남구,1168010100,역삼동,09,15,16,2071.0,11,서울특별시,11170,용산구,1117010400,갈월동
20260224,11,서울특별시,11170,용산구,1117010400,갈월동,11,서울특별시,11680,강남구,1168010100,역삼동,09,30,7,1984.0,11,서울특별시,11170,용산구,1117010400,갈월동
20260224,11,서울특별시,11170,용산구,1117010400,갈월동,11,서울특별시,11680,강남구,1168010100,역삼동,09,45,10,1937.0,11,서울특별시,11170,용산구,1117010400,갈월동
20260224,11,서울특별시,11170,용산구,1117010400,갈월동,11,서울특별시,11680,강남구,1168010100,역삼동,10,00,7,1905.0,11,서울특별시,11170,용산구,1117010400,갈월동
20260224,11,서울특별시,11170,용산구,1117010400,갈월동,11,서울특별시,11680,강남구,1168010100,역삼동,10,15,11,2042.0,11,서울특별시,11170,용산구,1117010400,갈월동
20260224,11,서울특별시,11170,용산구,1117010400,갈월동,11,서울특별시,11680,강남구,1168010100,역삼동,10,30,3,2054.0,11,서울특별시,11170,용산구,1117010400,갈월동
20260224,11,서울특별시,11170,용산구,1117010400,갈월동,11,서울특별시,11680,강남구,1168010100,역삼동,10,45,5,1880.0,11,서울특별시,11170,용산구,1117010400,갈월동
20260224,11,서울특별시,11170,용산구,1117010400,갈월동,11,서울특별시,11680,강남구,1168010100,역삼동,11,00,5,2470.0,11,서울특별시,11170,용산구,1117010400,갈월동
20260224,11,서울특별시,11170,용산구,1117010400,갈월동,11,서울특별시,11680,강남구,1168010100,역삼동,11,15,4,2126.0,11,서울특별시,11170,용산구,1117010400,갈월동
20260224,11,서울특별시,11170,용산구,1117010400,갈월동,11,서울특별시,11680,강남구,1168010100,역삼동,11,30,5,2082.0,11,서울특별시,11170,용산구,1117010400,갈월동
20260224,11,서울특별시,11170,용산구,1117010400,갈월동,11,서울특별시,11680,강남구,1168010100,역삼동,11,45,8,2316.0,11,서울특별시,11170,용산구,1117010400,갈월동
20260224,11,서울특별시,11170,용산구,1117010700,동자동,11,서울특별시,11680,강남구,1168010100,역삼동,07,00,2,2284.0,11,서울특별시,11170,용산구,1117010700,동자동
20260224,11,서울특별시,11170,용산구,1117010700,동자동,11,서울특별시,11680,강남구,1168010100,역삼동,07,15,3,2185.0,11,서울특별시,11170,용산구,1117010700,동자동
20260224,11,서울특별시,11170,용산구,1117010700,동자동,11,서울특별시,11680,강남구,1168010100,역삼동,07,30,3,2466.0,11,서울특별시,11170,용산구,1117010700,동자동
20260224,11,서울특별시,11170,용산구,1117010700,동자동,11,서울특별시,11680,강남구,1168010100,역삼동,07,45,7,2407.0,11,서울특별시,11170,용산구,1117010700,동자동
20260224,11,서울특별시,11170,용산구,1117010700,동자동,11,서울특별시,11680,강남구,1168010100,역삼동,08,00,3,2382.0,11,서울특별시,11170,용산구,1117010700,동자동
20260224,11,서울특별시,11170,용산구,1117010700,동자동,11,서울특별시,11680,강남구,1168010100,역삼동,08,15,4,2087.0,11,서울특별시,11170,용산구,1117010700,동자동
20260224,11,서울특별시,11170,용산구,1117010700,동자동,11,서울특별시,11680,강남구,1168010100,역삼동,08,30,4,2234.0,11,서울특별시,11170,용산구,1117010700,동자동
20260224,11,서울특별시,11170,용산구,1117010700,동자동,11,서울특별시,11680,강남구,1168010100,역삼동,08,45,11,2329.0,11,서울특별시,11170,용산구,1117010700,동자동
20260224,11,서울특별시,11170,용산구,1117010700,동자동,11,서울특별시,11680,강남구,1168010100,역삼동,09,00,8,2562.0,11,서울특별시,11170,용산구,1117010700,동자동
20260224,11,서울특별시,11170,용산구,1117010700,동자동,11,서울특별시,11680,강남구,1168010100,역삼동,09,15,5,2071.0,11,서울특별시,11170,용산구,1117010700,동자동
20260224,11,서울특별시,11170,용산구,1117010700,동자동,11,서울특별시,11680,강남구,1168010100,역삼동,09,30,6,2230.0,11,서울특별시,11170,용산구,1117010700,동자동
20260224,11,서울특별시,11170,용산구,1117010700,동자동,11,서울특별시,11680,강남구,1168010100,역삼동,09,45,2,2146.0,11,서울특별시,11170,용산구,1117010700,동자동
20260224,11,서울특별시,11170,용산구,1117010700,동자동,11,서울특별시,11680,강남구,1168010100,역삼동,10,00,3,2190.0,11,서울특별시,11170,용산구,1117010700,동자동
20260224,11,서울특별시,11170,용산구,1117010700,동자동,11,서울특별시,11680,강남구,1168010100,역삼동,10,15,5,2273.0,11,서울특별시,11170,용산구,1117010700,동자동
20260224,11,서울특별시,11170,용산구,1117010700,동자동,11,서울특별시,11680,강남구,1168010100,역삼동,10,30,3,2599.0,11,서울특별시,11170,용산구,1117010700,동자동
20260224,11,서울특별시,11170,용산구,1117010700,동자동,11,서울특별시,11680,강남구,1168010100,역삼동,10,45,5,2323.0,11,서울특별시,11170,용산구,1117010700,동자동
20260224,11,서울특별시,11170,용산구,1117010700,동자동,11,서울특별시,11680,강남구,1168010100,역삼동,11,00,8,2383.0,11,서울특별시,11170,용산구,1117010700,동자동
20260224,11,서울특별시,11170,용산구,1117010700,동자동,11,서울특별시,11680,강남구,1168010100,역삼동,11,15,8,2274.0,11,서울특별시,11170,용산구,1117010700,동자동
20260224,11,서울특별시,11170,용산구,1117010700,동자동,11,서울특별시,11680,강남구,1168010100,역삼동,11,30,3,2149.0,11,서울특별시,11170,용산구,1117010700,동자동
20260224,11,서울특별시,11170,용산구,1117010700,동자동,11,서울특별시,11680,강남구,1168010100,역삼동,11,45,9,2165.0,11,서울특별시,11170,용산구,1117010700,동자동
20260224,11,서울특별시,11170,용산구,1117010800,서계동,11,서울특별시,11680,강남구,1168010100,역삼동,07,00,1,2156.0,11,서울특별시,11170,용산구,1117010800,서계동
20260224,11,서울특별시,11170,용산구,1117010800,서계동,11,서울특별시,11680,강남구,1168010100,역삼동,07,45,3,2786.0,11,서울특별시,11170,용산구,1117010800,서계동
20260224,11,서울특별시,11170,용산구,1117010800,서계동,11,서울특별시,11680,강남구,1168010100,역삼동,08,00,2,2554.0,11,서울특별시,11170,용산구,1117010800,서계동
20260224,11,서울특별시,11170,용산구,1117010800,서계동,11,서울특별시,11680,강남구,1168010100,역삼동,08,15,2,2337.0,11,서울특별시,11170,용산구,1117010800,서계동
20260224,11,서울특별시,11170,용산구,1117010800,서계동,11,서울특별시,11680,강남구,1168010100,역삼동,08,30,1,2507.0,11,서울특별시,11170,용산구,1117010800,서계동
20260224,11,서울특별시,11170,용산구,1117010800,서계동,11,서울특별시,11680,강남구,1168010100,역삼동,08,45,2,3033.0,11,서울특별시,11170,용산구,1117010800,서계동
20260224,11,서울특별시,11170,용산구,1117010800,서계동,11,서울특별시,11680,강남구,1168010100,역삼동,09,00,3,3305.0,11,서울특별시,11170,용산구,1117010800,서계동
20260224,11,서울특별시,11170,용산구,1117010800,서계동,11,서울특별시,11680,강남구,1168010100,역삼동,09,15,1,4041.0,11,서울특별시,11170,용산구,1117010800,서계동
20260224,11,서울특별시,11170,용산구,1117010800,서계동,11,서울특별시,11680,강남구,1168010100,역삼동,09,45,2,2548.0,11,서울특별시,11170,용산구,1117010800,서계동
20260224,11,서울특별시,11170,용산구,1117010900,청파동1가,11,서울특별시,11680,강남구,1168010100,역삼동,07,15,2,1854.0,11,서울특별시,11170,용산구,1117010900,청파동1가
20260224,11,서울특별시,11170,용산구,1117010900,청파동1가,11,서울특별시,11680,강남구,1168010100,역삼동,07,45,1,1919.0,11,서울특별시,11170,용산구,1117010900,청파동1가
20260224,11,서울특별시,11170,용산구,1117011000,청파동2가,11,서울특별시,11680,강남구,1168010100,역삼동,07,15,1,1565.0,11,서울특별시,11170,용산구,1117011000,청파동2가
20260224,11,서울특별시,11170,용산구,1117011000,청파동2가,11,서울특별시,11680,강남구,1168010100,역삼동,07,45,1,2430.0,11,서울특별시,11170,용산구,1117011000,청파동2가
20260224,11,서울특별시,11170,용산구,1117011000,청파동2가,11,서울특별시,11680,강남구,1168010100,역삼동,08,00,1,2533.0,11,서울특별시,11170,용산구,1117011000,청파동2가
20260224,11,서울특별시,11170,용산구,1117011000,청파동2가,11,서울특별시,11680,강남구,1168010100,역삼동,11,00,1,2219.0,11,서울특별시,11170,용산구,1117011000,청파동2가
20260224,11,서울특별시,11170,용산구,1117011200,원효로1가,11,서울특별시,11680,강남구,1168010100,역삼동,07,00,1,2262.0,11,서울특별시,11170,용산구,1117011200,원효로1가
20260224,11,서울특별시,11170,용산구,1117011200,원효로1가,11,서울특별시,11680,강남구,1168010100,역삼동,07,30,1,2328.0,11,서울특별시,11170,용산구,1117011200,원효로1가
20260224,11,서울특별시,11170,용산구,1117011300,원효로2가,11,서울특별시,11680,강남구,1168010100,역삼동,07,00,1,2135.0,11,서울특별시,11170,용산구,1117011300,원효로2가
20260224,11,서울특별시,11170,용산구,1117011300,원효로2가,11,서울특별시,11680,강남구,1168010100,역삼동,07,15,2,3026.0,11,서울특별시,11170,용산구,1117011300,원효로2가
20260224,11,서울특별시,11170,용산구,1117011300,원효로2가,11,서울특별시,11680,강남구,1168010100,역삼동,07,30,1,2555.0,11,서울특별시,11170,용산구,1117011300,원효로2가
20260224,11,서울특별시,11170,용산구,1117011300,원효로2가,11,서울특별시,11680,강남구,1168010100,역삼동,07,45,2,2584.0,11,서울특별시,11170,용산구,1117011300,원효로2가
20260224,11,서울특별시,11170,용산구,1117011300,원효로2가,11,서울특별시,11680,강남구,1168010100,역삼동,08,00,1,2374.0,11,서울특별시,11170,용산구,1117011300,원효로2가
20260224,11,서울특별시,11170,용산구,1117011300,원효로2가,11,서울특별시,11680,강남구,1168010100,역삼동,08,15,1,3406.0,11,서울특별시,11170,용산구,1117011300,원효로2가
20260224,11,서울특별시,11170,용산구,1117011300,원효로2가,11,서울특별시,11680,강남구,1168010100,역삼동,08,30,1,2546.0,11,서울특별시,11170,용산구,1117011300,원효로2가
20260224,11,서울특별시,11170,용산구,1117011300,원효로2가,11,서울특별시,11680,강남구,1168010100,역삼동,08,45,1,3291.0,11,서울특별시,11170,용산구,1117011300,원효로2가
20260224,11,서울특별시,11170,용산구,1117011300,원효로2가,11,서울특별시,11680,강남구,1168010100,역삼동,09,00,2,2751.0,11,서울특별시,11170,용산구,1117011300,원효로2가
20260224,11,서울특별시,11170,용산구,1117011300,원효로2가,11,서울특별시,11680,강남구,1168010100,역삼동,09,15,1,2693.0,11,서울특별시,11170,용산구,1117011300,원효로2가
20260224,11,서울특별시,11170,용산구,1117011300,원효로2가,11,서울특별시,11680,강남구,1168010100,역삼동,10,45,1,2423.0,11,서울특별시,11170,용산구,1117011300,원효로2가
20260224,11,서울특별시,11170,용산구,1117011300,원효로2가,11,서울특별시,11680,강남구,1168010100,역삼동,11,00,1,2262.0,11,서울특별시,11170,용산구,1117011300,원효로2가
20260224,11,서울특별시,11170,용산구,1117011400,신창동,11,서울특별시,11680,강남구,1168010100,역삼동,07,00,1,2443.0,11,서울특별시,11170,용산구,1117011400,신창동
20260224,11,서울특별시,11170,용산구,1117011400,신창동,11,서울특별시,11680,강남구,1168010100,역삼동,07,15,2,2540.0,11,서울특별시,11170,용산구,1117011400,신창동
20260224,11,서울특별시,11170,용산구,1117011400,신창동,11,서울특별시,11680,강남구,1168010100,역삼동,07,45,1,2320.0,11,서울특별시,11170,용산구,1117011400,신창동
20260224,11,서울특별시,11170,용산구,1117011400,신창동,11,서울특별시,11680,강남구,1168010100,역삼동,08,00,2,2935.0,11,서울특별시,11170,용산구,1117011400,신창동
20260224,11,서울특별시,11170,용산구,1117011400,신창동,11,서울특별시,11680,강남구,1168010100,역삼동,08,15,1,2671.0,11,서울특별시,11170,용산구,1117011400,신창동
20260224,11,서울특별시,11170,용산구,1117011400,신창동,11,서울특별시,11680,강남구,1168010100,역삼동,08,30,4,2671.0,11,서울특별시,11170,용산구,1117011400,신창동
20260224,11,서울특별시,11170,용산구,1117011400,신창동,11,서울특별시,11680,강남구,1168010100,역삼동,08,45,1,2534.0,11,서울특별시,11170,용산구,1117011400,신창동
20260224,11,서울특별시,11170,용산구,1117011500,산천동,11,서울특별시,11680,강남구,1168010100,역삼동,07,15,1,2693.0,11,서울특별시,11170,용산구,1117011500,산천동
20260224,11,서울특별시,11170,용산구,1117011500,산천동,11,서울특별시,11680,강남구,1168010100,역삼동,07,30,2,2789.0,11,서울특별시,11170,용산구,1117011500,산천동
20260224,11,서울특별시,11170,용산구,1117011500,산천동,11,서울특별시,11680,강남구,1168010100,역삼동,07,45,2,3033.0,11,서울특별시,11170,용산구,1117011500,산천동
20260224,11,서울특별시,11170,용산구,1117011500,산천동,11,서울특별시,11680,강남구,1168010100,역삼동,08,00,1,3236.0,11,서울특별시,11170,용산구,1117011500,산천동
20260224,11,서울특별시,11170,용산구,1117011500,산천동,11,서울특별시,11680,강남구,1168010100,역삼동,08,15,2,2498.0,11,서울특별시,11170,용산구,1117011500,산천동
20260224,11,서울특별시,11170,용산구,1117011500,산천동,11,서울특별시,11680,강남구,1168010100,역삼동,08,30,1,2780.0,11,서울특별시,11170,용산구,1117011500,산천동
20260224,11,서울특별시,11170,용산구,1117011500,산천동,11,서울특별시,11680,강남구,1168010100,역삼동,08,45,2,2771.0,11,서울특별시,11170,용산구,1117011500,산천동
20260224,11,서울특별시,11170,용산구,1117011600,청암동,11,서울특별시,11680,강남구,1168010100,역삼동,08,00,1,1743.0,11,서울특별시,11170,용산구,1117011600,청암동
20260224,11,서울특별시,11170,용산구,1117011600,청암동,11,서울특별시,11680,강남구,1168010100,역삼동,08,30,1,2482.0,11,서울특별시,11170,용산구,1117011600,청암동
20260224,11,서울특별시,11170,용산구,1117011600,청암동,11,서울특별시,11680,강남구,1168010100,역삼동,09,00,2,2693.0,11,서울특별시,11170,용산구,1117011600,청암동
20260224,11,서울특별시,11170,용산구,1117011600,청암동,11,서울특별시,11680,강남구,1168010100,역삼동,09,30,1,1674.0,11,서울특별시,11170,용산구,1117011600,청암동
20260224,11,서울특별시,11170,용산구,1117011700,원효로3가,11,서울특별시,11680,강남구,1168010100,역삼동,07,00,1,2031.0,11,서울특별시,11170,용산구,1117011700,원효로3가
20260224,11,서울특별시,11170,용산구,1117011700,원효로3가,11,서울특별시,11680,강남구,1168010100,역삼동,07,30,1,1887.0,11,서울특별시,11170,용산구,1117011700,원효로3가
20260224,11,서울특별시,11170,용산구,1117011700,원효로3가,11,서울특별시,11680,강남구,1168010100,역삼동,07,45,1,1620.0,11,서울특별시,11170,용산구,1117011700,원효로3가
20260224,11,서울특별시,11170,용산구,1117011700,원효로3가,11,서울특별시,11680,강남구,1168010100,역삼동,08,00,1,2422.0,11,서울특별시,11170,용산구,1117011700,원효로3가
20260224,11,서울특별시,11170,용산구,1117011700,원효로3가,11,서울특별시,11680,강남구,1168010100,역삼동,08,15,2,2782.0,11,서울특별시,11170,용산구,1117011700,원효로3가
20260224,11,서울특별시,11170,용산구,1117011700,원효로3가,11,서울특별시,11680,강남구,1168010100,역삼동,08,30,3,2847.0,11,서울특별시,11170,용산구,1117011700,원효로3가
20260224,11,서울특별시,11170,용산구,1117011700,원효로3가,11,서울특별시,11680,강남구,1168010100,역삼동,08,45,1,1675.0,11,서울특별시,11170,용산구,1117011700,원효로3가
20260224,11,서울특별시,11170,용산구,1117011700,원효로3가,11,서울특별시,11680,강남구,1168010100,역삼동,09,00,4,2137.0,11,서울특별시,11170,용산구,1117011700,원효로3가
20260224,11,서울특별시,11170,용산구,1117011700,원효로3가,11,서울특별시,11680,강남구,1168010100,역삼동,09,45,1,2076.0,11,서울특별시,11170,용산구,1117011700,원효로3가
20260224,11,서울특별시,11170,용산구,1117011700,원효로3가,11,서울특별시,11680,강남구,1168010100,역삼동,10,15,1,2748.0,11,서울특별시,11170,용산구,1117011700,원효로3가
20260224,11,서울특별시,11170,용산구,1117011700,원효로3가,11,서울특별시,11680,강남구,1168010100,역삼동,11,45,3,1481.0,11,서울특별시,11170,용산구,1117011700,원효로3가
20260224,11,서울특별시,11170,용산구,1117011800,원효로4가,11,서울특별시,11680,강남구,1168010100,역삼동,07,00,3,2815.0,11,서울특별시,11170,용산구,1117011800,원효로4가
20260224,11,서울특별시,11170,용산구,1117011800,원효로4가,11,서울특별시,11680,강남구,1168010100,역삼동,07,15,2,3028.0,11,서울특별시,11170,용산구,1117011800,원효로4가
20260224,11,서울특별시,11170,용산구,1117011800,원효로4가,11,서울특별시,11680,강남구,1168010100,역삼동,07,30,2,2821.0,11,서울특별시,11170,용산구,1117011800,원효로4가
20260224,11,서울특별시,11170,용산구,1117011800,원효로4가,11,서울특별시,11680,강남구,1168010100,역삼동,07,45,1,2783.0,11,서울특별시,11170,용산구,1117011800,원효로4가
20260224,11,서울특별시,11170,용산구,1117011800,원효로4가,11,서울특별시,11680,강남구,1168010100,역삼동,08,00,1,3164.0,11,서울특별시,11170,용산구,1117011800,원효로4가
20260224,11,서울특별시,11170,용산구,1117011800,원효로4가,11,서울특별시,11680,강남구,1168010100,역삼동,08,30,1,2593.0,11,서울특별시,11170,용산구,1117011800,원효로4가
20260224,11,서울특별시,11170,용산구,1117011800,원효로4가,11,서울특별시,11680,강남구,1168010100,역삼동,10,00,2,2542.0,11,서울특별시,11170,용산구,1117011800,원효로4가
20260224,11,서울특별시,11170,용산구,1117011800,원효로4가,11,서울특별시,11680,강남구,1168010100,역삼동,11,00,1,2274.0,11,서울특별시,11170,용산구,1117011800,원효로4가
20260224,11,서울특별시,11170,용산구,1117011900,효창동,11,서울특별시,11680,강남구,1168010100,역삼동,07,00,11,2366.0,11,서울특별시,11170,용산구,1117011900,효창동
20260224,11,서울특별시,11170,용산구,1117011900,효창동,11,서울특별시,11680,강남구,1168010100,역삼동,07,15,7,2748.0,11,서울특별시,11170,용산구,1117011900,효창동
20260224,11,서울특별시,11170,용산구,1117011900,효창동,11,서울특별시,11680,강남구,1168010100,역삼동,07,30,16,2385.0,11,서울특별시,11170,용산구,1117011900,효창동
20260224,11,서울특별시,11170,용산구,1117011900,효창동,11,서울특별시,11680,강남구,1168010100,역삼동,07,45,16,2714.0,11,서울특별시,11170,용산구,1117011900,효창동
20260224,11,서울특별시,11170,용산구,1117011900,효창동,11,서울특별시,11680,강남구,1168010100,역삼동,08,00,14,2811.0,11,서울특별시,11170,용산구,1117011900,효창동
20260224,11,서울특별시,11170,용산구,1117011900,효창동,11,서울특별시,11680,강남구,1168010100,역삼동,08,15,11,2561.0,11,서울특별시,11170,용산구,1117011900,효창동
20260224,11,서울특별시,11170,용산구,1117011900,효창동,11,서울특별시,11680,강남구,1168010100,역삼동,08,30,10,2362.0,11,서울특별시,11170,용산구,1117011900,효창동
20260224,11,서울특별시,11170,용산구,1117011900,효창동,11,서울특별시,11680,강남구,1168010100,역삼동,08,45,9,2857.0,11,서울특별시,11170,용산구,1117011900,효창동
20260224,11,서울특별시,11170,용산구,1117011900,효창동,11,서울특별시,11680,강남구,1168010100,역삼동,09,00,9,2467.0,11,서울특별시,11170,용산구,1117011900,효창동
20260224,11,서울특별시,11170,용산구,1117011900,효창동,11,서울특별시,11680,강남구,1168010100,역삼동,09,15,7,2175.0,11,서울특별시,11170,용산구,1117011900,효창동
20260224,11,서울특별시,11170,용산구,1117011900,효창동,11,서울특별시,11680,강남구,1168010100,역삼동,09,30,3,2466.0,11,서울특별시,11170,용산구,1117011900,효창동
20260224,11,서울특별시,11170,용산구,1117011900,효창동,11,서울특별시,11680,강남구,1168010100,역삼동,09,45,4,2342.0,11,서울특별시,11170,용산구,1117011900,효창동
20260224,11,서울특별시,11170,용산구,1117011900,효창동,11,서울특별시,11680,강남구,1168010100,역삼동,10,00,3,2343.0,11,서울특별시,11170,용산구,1117011900,효창동
20260224,11,서울특별시,11170,용산구,1117011900,효창동,11,서울특별시,11680,강남구,1168010100,역삼동,10,15,5,2690.0,11,서울특별시,11170,용산구,1117011900,효창동
20260224,11,서울특별시,11170,용산구,1117011900,효창동,11,서울특별시,11680,강남구,1168010100,역삼동,10,30,1,3133.0,11,서울특별시,11170,용산구,1117011900,효창동
20260224,11,서울특별시,11170,용산구,1117011900,효창동,11,서울특별시,11680,강남구,1168010100,역삼동,10,45,4,2517.0,11,서울특별시,11170,용산구,1117011900,효창동
20260224,11,서울특별시,11170,용산구,1117011900,효창동,11,서울특별시,11680,강남구,1168010100,역삼동,11,00,2,2508.0,11,서울특별시,11170,용산구,1117011900,효창동
20260224,11,서울특별시,11170,용산구,1117011900,효창동,11,서울특별시,11680,강남구,1168010100,역삼동,11,15,2,2356.0,11,서울특별시,11170,용산구,1117011900,효창동
20260224,11,서울특별시,11170,용산구,1117011900,효창동,11,서울특별시,11680,강남구,1168010100,역삼동,11,30,2,3155.0,11,서울특별시,11170,용산구,1117011900,효창동
20260224,11,서울특별시,11170,용산구,1117011900,효창동,11,서울특별시,11680,강남구,1168010100,역삼동,11,45,2,2513.0,11,서울특별시,11170,용산구,1117011900,효창동
20260224,11,서울특별시,11170,용산구,1117012000,도원동,11,서울특별시,11680,강남구,1168010100,역삼동,08,00,1,2457.0,11,서울특별시,11170,용산구,1117012000,도원동
20260224,11,서울특별시,11170,용산구,1117012000,도원동,11,서울특별시,11680,강남구,1168010100,역삼동,08,15,1,2341.0,11,서울특별시,11170,용산구,1117012000,도원동
20260224,11,서울특별시,11170,용산구,1117012000,도원동,11,서울특별시,11680,강남구,1168010100,역삼동,09,30,1,2184.0,11,서울특별시,11170,용산구,1117012000,도원동
20260224,11,서울특별시,11170,용산구,1117012000,도원동,11,서울특별시,11680,강남구,1168010100,역삼동,10,15,1,2883.0,11,서울특별시,11170,용산구,1117012000,도원동
20260224,11,서울특별시,11170,용산구,1117012000,도원동,11,서울특별시,11680,강남구,1168010100,역삼동,11,00,3,2514.0,11,서울특별시,11170,용산구,1117012000,도원동
20260224,11,서울특별시,11170,용산구,1117012100,용문동,11,서울특별시,11680,강남구,1168010100,역삼동,07,00,2,2024.0,11,서울특별시,11170,용산구,1117012100,용문동
20260224,11,서울특별시,11170,용산구,1117012100,용문동,11,서울특별시,11680,강남구,1168010100,역삼동,07,30,3,2566.0,11,서울특별시,11170,용산구,1117012100,용문동
20260224,11,서울특별시,11170,용산구,1117012100,용문동,11,서울특별시,11680,강남구,1168010100,역삼동,07,45,2,2196.0,11,서울특별시,11170,용산구,1117012100,용문동
20260224,11,서울특별시,11170,용산구,1117012100,용문동,11,서울특별시,11680,강남구,1168010100,역삼동,08,00,2,2699.0,11,서울특별시,11170,용산구,1117012100,용문동
20260224,11,서울특별시,11170,용산구,1117012100,용문동,11,서울특별시,11680,강남구,1168010100,역삼동,08,15,1,2801.0,11,서울특별시,11170,용산구,1117012100,용문동
20260224,11,서울특별시,11170,용산구,1117012100,용문동,11,서울특별시,11680,강남구,1168010100,역삼동,08,30,1,2417.0,11,서울특별시,11170,용산구,1117012100,용문동
20260224,11,서울특별시,11170,용산구,1117012100,용문동,11,서울특별시,11680,강남구,1168010100,역삼동,08,45,1,2519.0,11,서울특별시,11170,용산구,1117012100,용문동
20260224,11,서울특별시,11170,용산구,1117012100,용문동,11,서울특별시,11680,강남구,1168010100,역삼동,09,00,1,2474.0,11,서울특별시,11170,용산구,1117012100,용문동
20260224,11,서울특별시,11170,용산구,1117012100,용문동,11,서울특별시,11680,강남구,1168010100,역삼동,09,15,3,2439.0,11,서울특별시,11170,용산구,1117012100,용문동
20260224,11,서울특별시,11170,용산구,1117012100,용문동,11,서울특별시,11680,강남구,1168010100,역삼동,10,00,1,2377.0,11,서울특별시,11170,용산구,1117012100,용문동
20260224,11,서울특별시,11170,용산구,1117012100,용문동,11,서울특별시,11680,강남구,1168010100,역삼동,10,45,1,2330.0,11,서울특별시,11170,용산구,1117012100,용문동
20260224,11,서울특별시,11170,용산구,1117012100,용문동,11,서울특별시,11680,강남구,1168010100,역삼동,11,15,1,2589.0,11,서울특별시,11170,용산구,1117012100,용문동
20260224,11,서울특별시,11170,용산구,1117012200,문배동,11,서울특별시,11680,강남구,1168010100,역삼동,07,00,3,2091.0,11,서울특별시,11170,용산구,1117012200,문배동
20260224,11,서울특별시,11170,용산구,1117012200,문배동,11,서울특별시,11680,강남구,1168010100,역삼동,07,15,3,2714.0,11,서울특별시,11170,용산구,1117012200,문배동
20260224,11,서울특별시,11170,용산구,1117012200,문배동,11,서울특별시,11680,강남구,1168010100,역삼동,07,30,2,2461.0,11,서울특별시,11170,용산구,1117012200,문배동
20260224,11,서울특별시,11170,용산구,1117012200,문배동,11,서울특별시,11680,강남구,1168010100,역삼동,07,45,3,2232.0,11,서울특별시,11170,용산구,1117012200,문배동
20260224,11,서울특별시,11170,용산구,1117012200,문배동,11,서울특별시,11680,강남구,1168010100,역삼동,08,00,3,2602.0,11,서울특별시,11170,용산구,1117012200,문배동
20260224,11,서울특별시,11170,용산구,1117012200,문배동,11,서울특별시,11680,강남구,1168010100,역삼동,08,15,2,2584.0,11,서울특별시,11170,용산구,1117012200,문배동
20260224,11,서울특별시,11170,용산구,1117012200,문배동,11,서울특별시,11680,강남구,1168010100,역삼동,08,30,3,2440.0,11,서울특별시,11170,용산구,1117012200,문배동
20260224,11,서울특별시,11170,용산구,1117012200,문배동,11,서울특별시,11680,강남구,1168010100,역삼동,08,45,5,2512.0,11,서울특별시,11170,용산구,1117012200,문배동
20260224,11,서울특별시,11170,용산구,1117012200,문배동,11,서울특별시,11680,강남구,1168010100,역삼동,09,00,1,2878.0,11,서울특별시,11170,용산구,1117012200,문배동
20260224,11,서울특별시,11170,용산구,1117012200,문배동,11,서울특별시,11680,강남구,1168010100,역삼동,09,30,1,2456.0,11,서울특별시,11170,용산구,1117012200,문배동
20260224,11,서울특별시,11170,용산구,1117012200,문배동,11,서울특별시,11680,강남구,1168010100,역삼동,10,00,2,2431.0,11,서울특별시,11170,용산구,1117012200,문배동
20260224,11,서울특별시,11170,용산구,1117012200,문배동,11,서울특별시,11680,강남구,1168010100,역삼동,10,15,1,2661.0,11,서울특별시,11170,용산구,1117012200,문배동
20260224,11,서울특별시,11170,용산구,1117012200,문배동,11,서울특별시,11680,강남구,1168010100,역삼동,10,30,1,2517.0,11,서울특별시,11170,용산구,1117012200,문배동
20260224,11,서울특별시,11170,용산구,1117012200,문배동,11,서울특별시,11680,강남구,1168010100,역삼동,11,30,1,2184.0,11,서울특별시,11170,용산구,1117012200,문배동
20260224,11,서울특별시,11170,용산구,1117012200,문배동,11,서울특별시,11680,강남구,1168010100,역삼동,11,45,1,2230.0,11,서울특별시,11170,용산구,1117012200,문배동
20260224,11,서울특별시,11170,용산구,1117012300,신계동,11,서울특별시,11680,강남구,1168010100,역삼동,08,15,1,1967.0,11,서울특별시,11170,용산구,1117012300,신계동
20260224,11,서울특별시,11170,용산구,1117012300,신계동,11,서울특별시,11680,강남구,1168010100,역삼동,10,45,1,3051.0,11,서울특별시,11170,용산구,1117012300,신계동
20260224,11,서울특별시,11170,용산구,1117012400,한강로1가,11,서울특별시,11680,강남구,1168010100,역삼동,07,00,2,1891.0,11,서울특별시,11170,용산구,1117012400,한강로1가
20260224,11,서울특별시,11170,용산구,1117012400,한강로1가,11,서울특별시,11680,강남구,1168010100,역삼동,07,15,7,2151.0,11,서울특별시,11170,용산구,1117012400,한강로1가
20260224,11,서울특별시,11170,용산구,1117012400,한강로1가,11,서울특별시,11680,강남구,1168010100,역삼동,07,30,6,2056.0,11,서울특별시,11170,용산구,1117012400,한강로1가
20260224,11,서울특별시,11170,용산구,1117012400,한강로1가,11,서울특별시,11680,강남구,1168010100,역삼동,07,45,17,2003.0,11,서울특별시,11170,용산구,1117012400,한강로1가
20260224,11,서울특별시,11170,용산구,1117012400,한강로1가,11,서울특별시,11680,강남구,1168010100,역삼동,08,00,15,2191.0,11,서울특별시,11170,용산구,1117012400,한강로1가
20260224,11,서울특별시,11170,용산구,1117012400,한강로1가,11,서울특별시,11680,강남구,1168010100,역삼동,08,15,17,2123.0,11,서울특별시,11170,용산구,1117012400,한강로1가
20260224,11,서울특별시,11170,용산구,1117012400,한강로1가,11,서울특별시,11680,강남구,1168010100,역삼동,08,30,11,1762.0,11,서울특별시,11170,용산구,1117012400,한강로1가
20260224,11,서울특별시,11170,용산구,1117012400,한강로1가,11,서울특별시,11680,강남구,1168010100,역삼동,08,45,16,1848.0,11,서울특별시,11170,용산구,1117012400,한강로1가
20260224,11,서울특별시,11170,용산구,1117012400,한강로1가,11,서울특별시,11680,강남구,1168010100,역삼동,09,00,9,2025.0,11,서울특별시,11170,용산구,1117012400,한강로1가
20260224,11,서울특별시,11170,용산구,1117012400,한강로1가,11,서울특별시,11680,강남구,1168010100,역삼동,09,15,14,1873.0,11,서울특별시,11170,용산구,1117012400,한강로1가
20260224,11,서울특별시,11170,용산구,1117012400,한강로1가,11,서울특별시,11680,강남구,1168010100,역삼동,09,30,9,1850.0,11,서울특별시,11170,용산구,1117012400,한강로1가
20260224,11,서울특별시,11170,용산구,1117012400,한강로1가,11,서울특별시,11680,강남구,1168010100,역삼동,09,45,7,1747.0,11,서울특별시,11170,용산구,1117012400,한강로1가
20260224,11,서울특별시,11170,용산구,1117012400,한강로1가,11,서울특별시,11680,강남구,1168010100,역삼동,10,00,4,1720.0,11,서울특별시,11170,용산구,1117012400,한강로1가
20260224,11,서울특별시,11170,용산구,1117012400,한강로1가,11,서울특별시,11680,강남구,1168010100,역삼동,10,15,5,2076.0,11,서울특별시,11170,용산구,1117012400,한강로1가
20260224,11,서울특별시,11170,용산구,1117012400,한강로1가,11,서울특별시,11680,강남구,1168010100,역삼동,10,30,4,2035.0,11,서울특별시,11170,용산구,1117012400,한강로1가
20260224,11,서울특별시,11170,용산구,1117012400,한강로1가,11,서울특별시,11680,강남구,1168010100,역삼동,10,45,3,1718.0,11,서울특별시,11170,용산구,1117012400,한강로1가
20260224,11,서울특별시,11170,용산구,1117012400,한강로1가,11,서울특별시,11680,강남구,1168010100,역삼동,11,00,2,1869.0,11,서울특별시,11170,용산구,1117012400,한강로1가
20260224,11,서울특별시,11170,용산구,1117012400,한강로1가,11,서울특별시,11680,강남구,1168010100,역삼동,11,15,3,2029.0,11,서울특별시,11170,용산구,1117012400,한강로1가
20260224,11,서울특별시,11170,용산구,1117012400,한강로1가,11,서울특별시,11680,강남구,1168010100,역삼동,11,30,8,2147.0,11,서울특별시,11170,용산구,1117012400,한강로1가
20260224,11,서울특별시,11170,용산구,1117012400,한강로1가,11,서울특별시,11680,강남구,1168010100,역삼동,11,45,2,1993.0,11,서울특별시,11170,용산구,1117012400,한강로1가
20260224,11,서울특별시,11170,용산구,1117012500,한강로2가,11,서울특별시,11680,강남구,1168010100,역삼동,07,00,8,1753.0,11,서울특별시,11170,용산구,1117012500,한강로2가
20260224,11,서울특별시,11170,용산구,1117012500,한강로2가,11,서울특별시,11680,강남구,1168010100,역삼동,07,15,3,1665.0,11,서울특별시,11170,용산구,1117012500,한강로2가
20260224,11,서울특별시,11170,용산구,1117012500,한강로2가,11,서울특별시,11680,강남구,1168010100,역삼동,07,30,7,1941.0,11,서울특별시,11170,용산구,1117012500,한강로2가
20260224,11,서울특별시,11170,용산구,1117012500,한강로2가,11,서울특별시,11680,강남구,1168010100,역삼동,07,45,21,1856.0,11,서울특별시,11170,용산구,1117012500,한강로2가
20260224,11,서울특별시,11170,용산구,1117012500,한강로2가,11,서울특별시,11680,강남구,1168010100,역삼동,08,00,8,1975.0,11,서울특별시,11170,용산구,1117012500,한강로2가
20260224,11,서울특별시,11170,용산구,1117012500,한강로2가,11,서울특별시,11680,강남구,1168010100,역삼동,08,15,18,1929.0,11,서울특별시,11170,용산구,1117012500,한강로2가
20260224,11,서울특별시,11170,용산구,1117012500,한강로2가,11,서울특별시,11680,강남구,1168010100,역삼동,08,30,15,1605.0,11,서울특별시,11170,용산구,1117012500,한강로2가
20260224,11,서울특별시,11170,용산구,1117012500,한강로2가,11,서울특별시,11680,강남구,1168010100,역삼동,08,45,14,1754.0,11,서울특별시,11170,용산구,1117012500,한강로2가
20260224,11,서울특별시,11170,용산구,1117012500,한강로2가,11,서울특별시,11680,강남구,1168010100,역삼동,09,00,17,1959.0,11,서울특별시,11170,용산구,1117012500,한강로2가
20260224,11,서울특별시,11170,용산구,1117012500,한강로2가,11,서울특별시,11680,강남구,1168010100,역삼동,09,15,12,1826.0,11,서울특별시,11170,용산구,1117012500,한강로2가
20260224,11,서울특별시,11170,용산구,1117012500,한강로2가,11,서울특별시,11680,강남구,1168010100,역삼동,09,30,12,1728.0,11,서울특별시,11170,용산구,1117012500,한강로2가
20260224,11,서울특별시,11170,용산구,1117012500,한강로2가,11,서울특별시,11680,강남구,1168010100,역삼동,09,45,14,1811.0,11,서울특별시,11170,용산구,1117012500,한강로2가
20260224,11,서울특별시,11170,용산구,1117012500,한강로2가,11,서울특별시,11680,강남구,1168010100,역삼동,10,00,13,1712.0,11,서울특별시,11170,용산구,1117012500,한강로2가
20260224,11,서울특별시,11170,용산구,1117012500,한강로2가,11,서울특별시,11680,강남구,1168010100,역삼동,10,15,6,1622.0,11,서울특별시,11170,용산구,1117012500,한강로2가
20260224,11,서울특별시,11170,용산구,1117012500,한강로2가,11,서울특별시,11680,강남구,1168010100,역삼동,10,30,4,1687.0,11,서울특별시,11170,용산구,1117012500,한강로2가
20260224,11,서울특별시,11170,용산구,1117012500,한강로2가,11,서울특별시,11680,강남구,1168010100,역삼동,10,45,5,1762.0,11,서울특별시,11170,용산구,1117012500,한강로2가
20260224,11,서울특별시,11170,용산구,1117012500,한강로2가,11,서울특별시,11680,강남구,1168010100,역삼동,11,00,19,1871.0,11,서울특별시,11170,용산구,1117012500,한강로2가
20260224,11,서울특별시,11170,용산구,1117012500,한강로2가,11,서울특별시,11680,강남구,1168010100,역삼동,11,15,8,1818.0,11,서울특별시,11170,용산구,1117012500,한강로2가
20260224,11,서울특별시,11170,용산구,1117012500,한강로2가,11,서울특별시,11680,강남구,1168010100,역삼동,11,30,6,1849.0,11,서울특별시,11170,용산구,1117012500,한강로2가
20260224,11,서울특별시,11170,용산구,1117012500,한강로2가,11,서울특별시,11680,강남구,1168010100,역삼동,11,45,15,1820.0,11,서울특별시,11170,용산구,1117012500,한강로2가
20260224,11,서울특별시,11170,용산구,1117012600,용산동3가,11,서울특별시,11680,강남구,1168010100,역삼동,07,00,2,1835.0,11,서울특별시,11170,용산구,1117012600,용산동3가
20260224,11,서울특별시,11170,용산구,1117012600,용산동3가,11,서울특별시,11680,강남구,1168010100,역삼동,07,15,1,2029.0,11,서울특별시,11170,용산구,1117012600,용산동3가
20260224,11,서울특별시,11170,용산구,1117012600,용산동3가,11,서울특별시,11680,강남구,1168010100,역삼동,08,00,1,1797.0,11,서울특별시,11170,용산구,1117012600,용산동3가
20260224,11,서울특별시,11170,용산구,1117012600,용산동3가,11,서울특별시,11680,강남구,1168010100,역삼동,08,30,2,2050.0,11,서울특별시,11170,용산구,1117012600,용산동3가
20260224,11,서울특별시,11170,용산구,1117012600,용산동3가,11,서울특별시,11680,강남구,1168010100,역삼동,08,45,2,2031.0,11,서울특별시,11170,용산구,1117012600,용산동3가
20260224,11,서울특별시,11170,용산구,1117012600,용산동3가,11,서울특별시,11680,강남구,1168010100,역삼동,09,00,2,2590.0,11,서울특별시,11170,용산구,1117012600,용산동3가
20260224,11,서울특별시,11170,용산구,1117012600,용산동3가,11,서울특별시,11680,강남구,1168010100,역삼동,09,45,1,1601.0,11,서울특별시,11170,용산구,1117012600,용산동3가
20260224,11,서울특별시,11170,용산구,1117012600,용산동3가,11,서울특별시,11680,강남구,1168010100,역삼동,10,00,1,1908.0,11,서울특별시,11170,용산구,1117012600,용산동3가
20260224,11,서울특별시,11170,용산구,1117012600,용산동3가,11,서울특별시,11680,강남구,1168010100,역삼동,10,45,1,2503.0,11,서울특별시,11170,용산구,1117012600,용산동3가
20260224,11,서울특별시,11170,용산구,1117012700,용산동5가,11,서울특별시,11680,강남구,1168010100,역삼동,07,00,9,1762.0,11,서울특별시,11170,용산구,1117012700,용산동5가
20260224,11,서울특별시,11170,용산구,1117012700,용산동5가,11,서울특별시,11680,강남구,1168010100,역삼동,07,15,20,1723.0,11,서울특별시,11170,용산구,1117012700,용산동5가
20260224,11,서울특별시,11170,용산구,1117012700,용산동5가,11,서울특별시,11680,강남구,1168010100,역삼동,07,30,19,1735.0,11,서울특별시,11170,용산구,1117012700,용산동5가
20260224,11,서울특별시,11170,용산구,1117012700,용산동5가,11,서울특별시,11680,강남구,1168010100,역삼동,07,45,25,1666.0,11,서울특별시,11170,용산구,1117012700,용산동5가
20260224,11,서울특별시,11170,용산구,1117012700,용산동5가,11,서울특별시,11680,강남구,1168010100,역삼동,08,00,29,1864.0,11,서울특별시,11170,용산구,1117012700,용산동5가
20260224,11,서울특별시,11170,용산구,1117012700,용산동5가,11,서울특별시,11680,강남구,1168010100,역삼동,08,15,16,1915.0,11,서울특별시,11170,용산구,1117012700,용산동5가
20260224,11,서울특별시,11170,용산구,1117012700,용산동5가,11,서울특별시,11680,강남구,1168010100,역삼동,08,30,16,1528.0,11,서울특별시,11170,용산구,1117012700,용산동5가
20260224,11,서울특별시,11170,용산구,1117012700,용산동5가,11,서울특별시,11680,강남구,1168010100,역삼동,08,45,20,1723.0,11,서울특별시,11170,용산구,1117012700,용산동5가
20260224,11,서울특별시,11170,용산구,1117012700,용산동5가,11,서울특별시,11680,강남구,1168010100,역삼동,09,00,18,1779.0,11,서울특별시,11170,용산구,1117012700,용산동5가
20260224,11,서울특별시,11170,용산구,1117012700,용산동5가,11,서울특별시,11680,강남구,1168010100,역삼동,09,15,9,1707.0,11,서울특별시,11170,용산구,1117012700,용산동5가
20260224,11,서울특별시,11170,용산구,1117012700,용산동5가,11,서울특별시,11680,강남구,1168010100,역삼동,09,30,5,1591.0,11,서울특별시,11170,용산구,1117012700,용산동5가
20260224,11,서울특별시,11170,용산구,1117012700,용산동5가,11,서울특별시,11680,강남구,1168010100,역삼동,09,45,5,1646.0,11,서울특별시,11170,용산구,1117012700,용산동5가
20260224,11,서울특별시,11170,용산구,1117012700,용산동5가,11,서울특별시,11680,강남구,1168010100,역삼동,10,00,7,1604.0,11,서울특별시,11170,용산구,1117012700,용산동5가
20260224,11,서울특별시,11170,용산구,1117012700,용산동5가,11,서울특별시,11680,강남구,1168010100,역삼동,10,15,9,1570.0,11,서울특별시,11170,용산구,1117012700,용산동5가
20260224,11,서울특별시,11170,용산구,1117012700,용산동5가,11,서울특별시,11680,강남구,1168010100,역삼동,10,30,5,1753.0,11,서울특별시,11170,용산구,1117012700,용산동5가
20260224,11,서울특별시,11170,용산구,1117012700,용산동5가,11,서울특별시,11680,강남구,1168010100,역삼동,10,45,6,1577.0,11,서울특별시,11170,용산구,1117012700,용산동5가
20260224,11,서울특별시,11170,용산구,1117012700,용산동5가,11,서울특별시,11680,강남구,1168010100,역삼동,11,00,3,1737.0,11,서울특별시,11170,용산구,1117012700,용산동5가
20260224,11,서울특별시,11170,용산구,1117012700,용산동5가,11,서울특별시,11680,강남구,1168010100,역삼동,11,15,12,1705.0,11,서울특별시,11170,용산구,1117012700,용산동5가
20260224,11,서울특별시,11170,용산구,1117012700,용산동5가,11,서울특별시,11680,강남구,1168010100,역삼동,11,30,9,1792.0,11,서울특별시,11170,용산구,1117012700,용산동5가
20260224,11,서울특별시,11170,용산구,1117012700,용산동5가,11,서울특별시,11680,강남구,1168010100,역삼동,11,45,3,1696.0,11,서울특별시,11170,용산구,1117012700,용산동5가
20260224,11,서울특별시,11170,용산구,1117012800,한강로3가,11,서울특별시,11680,강남구,1168010100,역삼동,07,00,7,1960.0,11,서울특별시,11170,용산구,1117012800,한강로3가
20260224,11,서울특별시,11170,용산구,1117012800,한강로3가,11,서울특별시,11680,강남구,1168010100,역삼동,07,15,2,3161.0,11,서울특별시,11170,용산구,1117012800,한강로3가
20260224,11,서울특별시,11170,용산구,1117012800,한강로3가,11,서울특별시,11680,강남구,1168010100,역삼동,07,30,10,2022.0,11,서울특별시,11170,용산구,1117012800,한강로3가
20260224,11,서울특별시,11170,용산구,1117012800,한강로3가,11,서울특별시,11680,강남구,1168010100,역삼동,07,45,7,2545.0,11,서울특별시,11170,용산구,1117012800,한강로3가
20260224,11,서울특별시,11170,용산구,1117012800,한강로3가,11,서울특별시,11680,강남구,1168010100,역삼동,08,00,1,2043.0,11,서울특별시,11170,용산구,1117012800,한강로3가
20260224,11,서울특별시,11170,용산구,1117012800,한강로3가,11,서울특별시,11680,강남구,1168010100,역삼동,08,15,11,2127.0,11,서울특별시,11170,용산구,1117012800,한강로3가
20260224,11,서울특별시,11170,용산구,1117012800,한강로3가,11,서울특별시,11680,강남구,1168010100,역삼동,08,30,7,1830.0,11,서울특별시,11170,용산구,1117012800,한강로3가
20260224,11,서울특별시,11170,용산구,1117012800,한강로3가,11,서울특별시,11680,강남구,1168010100,역삼동,08,45,7,1912.0,11,서울특별시,11170,용산구,1117012800,한강로3가
20260224,11,서울특별시,11170,용산구,1117012800,한강로3가,11,서울특별시,11680,강남구,1168010100,역삼동,09,00,9,2294.0,11,서울특별시,11170,용산구,1117012800,한강로3가
20260224,11,서울특별시,11170,용산구,1117012800,한강로3가,11,서울특별시,11680,강남구,1168010100,역삼동,09,15,29,2242.0,11,서울특별시,11170,용산구,1117012800,한강로3가
20260224,11,서울특별시,11170,용산구,1117012800,한강로3가,11,서울특별시,11680,강남구,1168010100,역삼동,09,30,14,2282.0,11,서울특별시,11170,용산구,1117012800,한강로3가
20260224,11,서울특별시,11170,용산구,1117012800,한강로3가,11,서울특별시,11680,강남구,1168010100,역삼동,09,45,8,2595.0,11,서울특별시,11170,용산구,1117012800,한강로3가
20260224,11,서울특별시,11170,용산구,1117012800,한강로3가,11,서울특별시,11680,강남구,1168010100,역삼동,10,00,4,1805.0,11,서울특별시,11170,용산구,1117012800,한강로3가
20260224,11,서울특별시,11170,용산구,1117012800,한강로3가,11,서울특별시,11680,강남구,1168010100,역삼동,10,15,2,2321.0,11,서울특별시,11170,용산구,1117012800,한강로3가
20260224,11,서울특별시,11170,용산구,1117012800,한강로3가,11,서울특별시,11680,강남구,1168010100,역삼동,10,30,3,2022.0,11,서울특별시,11170,용산구,1117012800,한강로3가
20260224,11,서울특별시,11170,용산구,1117012800,한강로3가,11,서울특별시,11680,강남구,1168010100,역삼동,10,45,1,2029.0,11,서울특별시,11170,용산구,1117012800,한강로3가
20260224,11,서울특별시,11170,용산구,1117012800,한강로3가,11,서울특별시,11680,강남구,1168010100,역삼동,11,00,12,2346.0,11,서울특별시,11170,용산구,1117012800,한강로3가
20260224,11,서울특별시,11170,용산구,1117012800,한강로3가,11,서울특별시,11680,강남구,1168010100,역삼동,11,15,5,1988.0,11,서울특별시,11170,용산구,1117012800,한강로3가
20260224,11,서울특별시,11170,용산구,1117012800,한강로3가,11,서울특별시,11680,강남구,1168010100,역삼동,11,30,4,2235.0,11,서울특별시,11170,용산구,1117012800,한강로3가
20260224,11,서울특별시,11170,용산구,1117012800,한강로3가,11,서울특별시,11680,강남구,1168010100,역삼동,11,45,9,2011.0,11,서울특별시,11170,용산구,1117012800,한강로3가
20260224,11,서울특별시,11170,용산구,1117012900,이촌동,11,서울특별시,11680,강남구,1168010100,역삼동,07,00,8,2122.0,11,서울특별시,11170,용산구,1117012900,이촌동
20260224,11,서울특별시,11170,용산구,1117012900,이촌동,11,서울특별시,11680,강남구,1168010100,역삼동,07,15,2,2313.0,11,서울특별시,11170,용산구,1117012900,이촌동
20260224,11,서울특별시,11170,용산구,1117012900,이촌동,11,서울특별시,11680,강남구,1168010100,역삼동,07,30,9,2339.0,11,서울특별시,11170,용산구,1117012900,이촌동
20260224,11,서울특별시,11170,용산구,1117012900,이촌동,11,서울특별시,11680,강남구,1168010100,역삼동,07,45,5,2200.0,11,서울특별시,11170,용산구,1117012900,이촌동
20260224,11,서울특별시,11170,용산구,1117012900,이촌동,11,서울특별시,11680,강남구,1168010100,역삼동,08,00,6,2630.0,11,서울특별시,11170,용산구,1117012900,이촌동
20260224,11,서울특별시,11170,용산구,1117012900,이촌동,11,서울특별시,11680,강남구,1168010100,역삼동,08,15,4,2224.0,11,서울특별시,11170,용산구,1117012900,이촌동
20260224,11,서울특별시,11170,용산구,1117012900,이촌동,11,서울특별시,11680,강남구,1168010100,역삼동,08,30,2,2747.0,11,서울특별시,11170,용산구,1117012900,이촌동
20260224,11,서울특별시,11170,용산구,1117012900,이촌동,11,서울특별시,11680,강남구,1168010100,역삼동,08,45,3,2203.0,11,서울특별시,11170,용산구,1117012900,이촌동
20260224,11,서울특별시,11170,용산구,1117012900,이촌동,11,서울특별시,11680,강남구,1168010100,역삼동,09,00,3,2365.0,11,서울특별시,11170,용산구,1117012900,이촌동
20260224,11,서울특별시,11170,용산구,1117012900,이촌동,11,서울특별시,11680,강남구,1168010100,역삼동,09,15,2,2086.0,11,서울특별시,11170,용산구,1117012900,이촌동
20260224,11,서울특별시,11170,용산구,1117012900,이촌동,11,서울특별시,11680,강남구,1168010100,역삼동,09,30,3,1603.0,11,서울특별시,11170,용산구,1117012900,이촌동
20260224,11,서울특별시,11170,용산구,1117012900,이촌동,11,서울특별시,11680,강남구,1168010100,역삼동,09,45,4,2218.0,11,서울특별시,11170,용산구,1117012900,이촌동
20260224,11,서울특별시,11170,용산구,1117012900,이촌동,11,서울특별시,11680,강남구,1168010100,역삼동,10,00,5,2103.0,11,서울특별시,11170,용산구,1117012900,이촌동
20260224,11,서울특별시,11170,용산구,1117012900,이촌동,11,서울특별시,11680,강남구,1168010100,역삼동,10,15,1,2717.0,11,서울특별시,11170,용산구,1117012900,이촌동
20260224,11,서울특별시,11170,용산구,1117012900,이촌동,11,서울특별시,11680,강남구,1168010100,역삼동,10,30,1,1693.0,11,서울특별시,11170,용산구,1117012900,이촌동
20260224,11,서울특별시,11170,용산구,1117012900,이촌동,11,서울특별시,11680,강남구,1168010100,역삼동,11,15,1,1817.0,11,서울특별시,11170,용산구,1117012900,이촌동
20260224,11,서울특별시,11170,용산구,1117012900,이촌동,11,서울특별시,11680,강남구,1168010100,역삼동,11,45,1,1491.0,11,서울특별시,11170,용산구,1117012900,이촌동
20260224,11,서울특별시,11170,용산구,1117013000,이태원동,11,서울특별시,11680,강남구,1168010100,역삼동,07,15,4,1735.0,11,서울특별시,11170,용산구,1117013000,이태원동
20260224,11,서울특별시,11170,용산구,1117013000,이태원동,11,서울특별시,11680,강남구,1168010100,역삼동,07,30,4,1921.0,11,서울특별시,11170,용산구,1117013000,이태원동
20260224,11,서울특별시,11170,용산구,1117013000,이태원동,11,서울특별시,11680,강남구,1168010100,역삼동,07,45,2,2129.0,11,서울특별시,11170,용산구,1117013000,이태원동
20260224,11,서울특별시,11170,용산구,1117013000,이태원동,11,서울특별시,11680,강남구,1168010100,역삼동,08,00,2,1637.0,11,서울특별시,11170,용산구,1117013000,이태원동
20260224,11,서울특별시,11170,용산구,1117013000,이태원동,11,서울특별시,11680,강남구,1168010100,역삼동,08,15,3,1864.0,11,서울특별시,11170,용산구,1117013000,이태원동
20260224,11,서울특별시,11170,용산구,1117013000,이태원동,11,서울특별시,11680,강남구,1168010100,역삼동,08,30,1,1393.0,11,서울특별시,11170,용산구,1117013000,이태원동
20260224,11,서울특별시,11170,용산구,1117013000,이태원동,11,서울특별시,11680,강남구,1168010100,역삼동,08,45,4,1683.0,11,서울특별시,11170,용산구,1117013000,이태원동
20260224,11,서울특별시,11170,용산구,1117013000,이태원동,11,서울특별시,11680,강남구,1168010100,역삼동,09,15,1,2016.0,11,서울특별시,11170,용산구,1117013000,이태원동
20260224,11,서울특별시,11170,용산구,1117013000,이태원동,11,서울특별시,11680,강남구,1168010100,역삼동,09,30,2,1982.0,11,서울특별시,11170,용산구,1117013000,이태원동
20260224,11,서울특별시,11170,용산구,1117013000,이태원동,11,서울특별시,11680,강남구,1168010100,역삼동,09,45,1,1890.0,11,서울특별시,11170,용산구,1117013000,이태원동
20260224,11,서울특별시,11170,용산구,1117013000,이태원동,11,서울특별시,11680,강남구,1168010100,역삼동,10,00,1,1612.0,11,서울특별시,11170,용산구,1117013000,이태원동
20260224,11,서울특별시,11170,용산구,1117013000,이태원동,11,서울특별시,11680,강남구,1168010100,역삼동,10,15,2,2125.0,11,서울특별시,11170,용산구,1117013000,이태원동
20260224,11,서울특별시,11170,용산구,1117013000,이태원동,11,서울특별시,11680,강남구,1168010100,역삼동,10,30,2,1955.0,11,서울특별시,11170,용산구,1117013000,이태원동
20260224,11,서울특별시,11170,용산구,1117013000,이태원동,11,서울특별시,11680,강남구,1168010100,역삼동,11,00,1,2587.0,11,서울특별시,11170,용산구,1117013000,이태원동
20260224,11,서울특별시,11170,용산구,1117013000,이태원동,11,서울특별시,11680,강남구,1168010100,역삼동,11,15,1,1901.0,11,서울특별시,11170,용산구,1117013000,이태원동
20260224,11,서울특별시,11170,용산구,1117013000,이태원동,11,서울특별시,11680,강남구,1168010100,역삼동,11,45,4,2572.0,11,서울특별시,11170,용산구,1117013000,이태원동
20260224,11,서울특별시,11170,용산구,1117013100,한남동,11,서울특별시,11680,강남구,1168010100,역삼동,07,00,3,1249.0,11,서울특별시,11170,용산구,1117013100,한남동
20260224,11,서울특별시,11170,용산구,1117013100,한남동,11,서울특별시,11680,강남구,1168010100,역삼동,07,15,1,2142.0,11,서울특별시,11170,용산구,1117013100,한남동
20260224,11,서울특별시,11170,용산구,1117013100,한남동,11,서울특별시,11680,강남구,1168010100,역삼동,07,30,2,1380.0,11,서울특별시,11170,용산구,1117013100,한남동
20260224,11,서울특별시,11170,용산구,1117013100,한남동,11,서울특별시,11680,강남구,1168010100,역삼동,07,45,1,851.0,11,서울특별시,11170,용산구,1117013100,한남동
20260224,11,서울특별시,11170,용산구,1117013100,한남동,11,서울특별시,11680,강남구,1168010100,역삼동,08,00,2,1423.0,11,서울특별시,11170,용산구,1117013100,한남동
20260224,11,서울특별시,11170,용산구,1117013100,한남동,11,서울특별시,11680,강남구,1168010100,역삼동,08,15,8,1405.0,11,서울특별시,11170,용산구,1117013100,한남동
20260224,11,서울특별시,11170,용산구,1117013100,한남동,11,서울특별시,11680,강남구,1168010100,역삼동,08,30,7,1796.0,11,서울특별시,11170,용산구,1117013100,한남동
20260224,11,서울특별시,11170,용산구,1117013100,한남동,11,서울특별시,11680,강남구,1168010100,역삼동,08,45,3,1318.0,11,서울특별시,11170,용산구,1117013100,한남동
20260224,11,서울특별시,11170,용산구,1117013100,한남동,11,서울특별시,11680,강남구,1168010100,역삼동,09,00,4,1420.0,11,서울특별시,11170,용산구,1117013100,한남동
20260224,11,서울특별시,11170,용산구,1117013100,한남동,11,서울특별시,11680,강남구,1168010100,역삼동,09,15,10,1348.0,11,서울특별시,11170,용산구,1117013100,한남동
20260224,11,서울특별시,11170,용산구,1117013100,한남동,11,서울특별시,11680,강남구,1168010100,역삼동,09,30,3,1064.0,11,서울특별시,11170,용산구,1117013100,한남동
20260224,11,서울특별시,11170,용산구,1117013100,한남동,11,서울특별시,11680,강남구,1168010100,역삼동,09,45,2,1218.0,11,서울특별시,11170,용산구,1117013100,한남동
20260224,11,서울특별시,11170,용산구,1117013100,한남동,11,서울특별시,11680,강남구,1168010100,역삼동,10,00,1,1251.0,11,서울특별시,11170,용산구,1117013100,한남동
20260224,11,서울특별시,11170,용산구,1117013100,한남동,11,서울특별시,11680,강남구,1168010100,역삼동,10,15,2,1947.0,11,서울특별시,11170,용산구,1117013100,한남동
20260224,11,서울특별시,11170,용산구,1117013100,한남동,11,서울특별시,11680,강남구,1168010100,역삼동,10,30,3,1184.0,11,서울특별시,11170,용산구,1117013100,한남동
20260224,11,서울특별시,11170,용산구,1117013100,한남동,11,서울특별시,11680,강남구,1168010100,역삼동,10,45,2,1519.0,11,서울특별시,11170,용산구,1117013100,한남동
20260224,11,서울특별시,11170,용산구,1117013100,한남동,11,서울특별시,11680,강남구,1168010100,역삼동,11,00,3,1685.0,11,서울특별시,11170,용산구,1117013100,한남동
20260224,11,서울특별시,11170,용산구,1117013100,한남동,11,서울특별시,11680,강남구,1168010100,역삼동,11,15,2,1510.0,11,서울특별시,11170,용산구,1117013100,한남동
20260224,11,서울특별시,11170,용산구,1117013100,한남동,11,서울특별시,11680,강남구,1168010100,역삼동,11,30,4,2096.0,11,서울특별시,11170,용산구,1117013100,한남동
20260224,11,서울특별시,11170,용산구,1117013100,한남동,11,서울특별시,11680,강남구,1168010100,역삼동,11,45,1,1911.0,11,서울특별시,11170,용산구,1117013100,한남동
20260224,11,서울특별시,11170,용산구,1117013200,동빙고동,11,서울특별시,11680,강남구,1168010100,역삼동,07,15,2,2188.0,11,서울특별시,11170,용산구,1117013200,동빙고동
20260224,11,서울특별시,11170,용산구,1117013200,동빙고동,11,서울특별시,11680,강남구,1168010100,역삼동,08,00,1,1262.0,11,서울특별시,11170,용산구,1117013200,동빙고동
20260224,11,서울특별시,11170,용산구,1117013200,동빙고동,11,서울특별시,11680,강남구,1168010100,역삼동,08,15,1,1832.0,11,서울특별시,11170,용산구,1117013200,동빙고동
20260224,11,서울특별시,11170,용산구,1117013200,동빙고동,11,서울특별시,11680,강남구,1168010100,역삼동,09,15,1,1625.0,11,서울특별시,11170,용산구,1117013200,동빙고동
20260224,11,서울특별시,11170,용산구,1117013200,동빙고동,11,서울특별시,11680,강남구,1168010100,역삼동,11,00,1,1797.0,11,서울특별시,11170,용산구,1117013200,동빙고동
20260224,11,서울특별시,11170,용산구,1117013300,서빙고동,11,서울특별시,11680,강남구,1168010100,역삼동,07,00,5,1475.0,11,서울특별시,11170,용산구,1117013300,서빙고동
20260224,11,서울특별시,11170,용산구,1117013300,서빙고동,11,서울특별시,11680,강남구,1168010100,역삼동,07,15,2,1949.0,11,서울특별시,11170,용산구,1117013300,서빙고동
20260224,11,서울특별시,11170,용산구,1117013300,서빙고동,11,서울특별시,11680,강남구,1168010100,역삼동,07,45,6,1620.0,11,서울특별시,11170,용산구,1117013300,서빙고동
20260224,11,서울특별시,11170,용산구,1117013300,서빙고동,11,서울특별시,11680,강남구,1168010100,역삼동,08,00,9,1475.0,11,서울특별시,11170,용산구,1117013300,서빙고동
20260224,11,서울특별시,11170,용산구,1117013300,서빙고동,11,서울특별시,11680,강남구,1168010100,역삼동,08,15,2,1572.0,11,서울특별시,11170,용산구,1117013300,서빙고동
20260224,11,서울특별시,11170,용산구,1117013300,서빙고동,11,서울특별시,11680,강남구,1168010100,역삼동,08,30,1,1862.0,11,서울특별시,11170,용산구,1117013300,서빙고동
20260224,11,서울특별시,11170,용산구,1117013300,서빙고동,11,서울특별시,11680,강남구,1168010100,역삼동,08,45,1,2113.0,11,서울특별시,11170,용산구,1117013300,서빙고동
20260224,11,서울특별시,11170,용산구,1117013300,서빙고동,11,서울특별시,11680,강남구,1168010100,역삼동,09,00,4,2030.0,11,서울특별시,11170,용산구,1117013300,서빙고동
20260224,11,서울특별시,11170,용산구,1117013300,서빙고동,11,서울특별시,11680,강남구,1168010100,역삼동,09,15,4,1460.0,11,서울특별시,11170,용산구,1117013300,서빙고동
20260224,11,서울특별시,11170,용산구,1117013300,서빙고동,11,서울특별시,11680,강남구,1168010100,역삼동,09,30,2,2184.0,11,서울특별시,11170,용산구,1117013300,서빙고동
20260224,11,서울특별시,11170,용산구,1117013300,서빙고동,11,서울특별시,11680,강남구,1168010100,역삼동,10,00,3,1817.0,11,서울특별시,11170,용산구,1117013300,서빙고동
20260224,11,서울특별시,11170,용산구,1117013300,서빙고동,11,서울특별시,11680,강남구,1168010100,역삼동,10,15,3,1881.0,11,서울특별시,11170,용산구,1117013300,서빙고동
20260224,11,서울특별시,11170,용산구,1117013300,서빙고동,11,서울특별시,11680,강남구,1168010100,역삼동,10,30,2,1708.0,11,서울특별시,11170,용산구,1117013300,서빙고동
20260224,11,서울특별시,11170,용산구,1117013300,서빙고동,11,서울특별시,11680,강남구,1168010100,역삼동,10,45,1,1787.0,11,서울특별시,11170,용산구,1117013300,서빙고동
20260224,11,서울특별시,11170,용산구,1117013300,서빙고동,11,서울특별시,11680,강남구,1168010100,역삼동,11,30,3,1231.0,11,서울특별시,11170,용산구,1117013300,서빙고동
20260224,11,서울특별시,11170,용산구,1117013300,서빙고동,11,서울특별시,11680,강남구,1168010100,역삼동,11,45,1,5760.0,11,서울특별시,11170,용산구,1117013300,서빙고동
20260224,11,서울특별시,11170,용산구,1117013600,보광동,11,서울특별시,11680,강남구,1168010100,역삼동,07,00,3,1374.0,11,서울특별시,11170,용산구,1117013600,보광동
20260224,11,서울특별시,11170,용산구,1117013600,보광동,11,서울특별시,11680,강남구,1168010100,역삼동,07,15,3,1629.0,11,서울특별시,11170,용산구,1117013600,보광동
20260224,11,서울특별시,11170,용산구,1117013600,보광동,11,서울특별시,11680,강남구,1168010100,역삼동,07,45,2,1575.0,11,서울특별시,11170,용산구,1117013600,보광동
20260224,11,서울특별시,11170,용산구,1117013600,보광동,11,서울특별시,11680,강남구,1168010100,역삼동,08,00,2,1363.0,11,서울특별시,11170,용산구,1117013600,보광동
20260224,11,서울특별시,11170,용산구,1117013600,보광동,11,서울특별시,11680,강남구,1168010100,역삼동,08,15,4,1476.0,11,서울특별시,11170,용산구,1117013600,보광동
20260224,11,서울특별시,11170,용산구,1117013600,보광동,11,서울특별시,11680,강남구,1168010100,역삼동,08,30,3,1499.0,11,서울특별시,11170,용산구,1117013600,보광동
20260224,11,서울특별시,11170,용산구,1117013600,보광동,11,서울특별시,11680,강남구,1168010100,역삼동,08,45,3,1512.0,11,서울특별시,11170,용산구,1117013600,보광동
20260224,11,서울특별시,11170,용산구,1117013600,보광동,11,서울특별시,11680,강남구,1168010100,역삼동,09,00,2,1506.0,11,서울특별시,11170,용산구,1117013600,보광동
20260224,11,서울특별시,11170,용산구,1117013600,보광동,11,서울특별시,11680,강남구,1168010100,역삼동,09,45,2,1599.0,11,서울특별시,11170,용산구,1117013600,보광동
20260224,11,서울특별시,11170,용산구,1117013600,보광동,11,서울특별시,11680,강남구,1168010100,역삼동,10,00,1,1112.0,11,서울특별시,11170,용산구,1117013600,보광동
20260224,11,서울특별시,11200,성동구,1120010100,상왕십리동,11,서울특별시,11680,강남구,1168010100,역삼동,07,00,1,1803.0,11,서울특별시,11200,성동구,1120010100,상왕십리동
20260224,11,서울특별시,11200,성동구,1120010100,상왕십리동,11,서울특별시,11680,강남구,1168010100,역삼동,07,15,2,1998.0,11,서울특별시,11200,성동구,1120010100,상왕십리동
20260224,11,서울특별시,11200,성동구,1120010100,상왕십리동,11,서울특별시,11680,강남구,1168010100,역삼동,07,30,2,2053.0,11,서울특별시,11200,성동구,1120010100,상왕십리동
20260224,11,서울특별시,11200,성동구,1120010100,상왕십리동,11,서울특별시,11680,강남구,1168010100,역삼동,08,00,1,2276.0,11,서울특별시,11200,성동구,1120010100,상왕십리동
20260224,11,서울특별시,11200,성동구,1120010100,상왕십리동,11,서울특별시,11680,강남구,1168010100,역삼동,08,30,1,1885.0,11,서울특별시,11200,성동구,1120010100,상왕십리동
20260224,11,서울특별시,11200,성동구,1120010100,상왕십리동,11,서울특별시,11680,강남구,1168010100,역삼동,08,45,2,2281.0,11,서울특별시,11200,성동구,1120010100,상왕십리동
20260224,11,서울특별시,11200,성동구,1120010100,상왕십리동,11,서울특별시,11680,강남구,1168010100,역삼동,09,00,1,2331.0,11,서울특별시,11200,성동구,1120010100,상왕십리동
20260224,11,서울특별시,11200,성동구,1120010100,상왕십리동,11,서울특별시,11680,강남구,1168010100,역삼동,09,30,2,1824.0,11,서울특별시,11200,성동구,1120010100,상왕십리동
20260224,11,서울특별시,11200,성동구,1120010100,상왕십리동,11,서울특별시,11680,강남구,1168010100,역삼동,10,30,1,2456.0,11,서울특별시,11200,성동구,1120010100,상왕십리동
20260224,11,서울특별시,11200,성동구,1120010100,상왕십리동,11,서울특별시,11680,강남구,1168010100,역삼동,11,00,1,2016.0,11,서울특별시,11200,성동구,1120010100,상왕십리동
20260224,11,서울특별시,11200,성동구,1120010100,상왕십리동,11,서울특별시,11680,강남구,1168010100,역삼동,11,30,2,2378.0,11,서울특별시,11200,성동구,1120010100,상왕십리동
20260224,11,서울특별시,11200,성동구,1120010100,상왕십리동,11,서울특별시,11680,강남구,1168010100,역삼동,11,45,1,1798.0,11,서울특별시,11200,성동구,1120010100,상왕십리동
20260224,11,서울특별시,11200,성동구,1120010200,하왕십리동,11,서울특별시,11680,강남구,1168010100,역삼동,07,00,28,1995.0,11,서울특별시,11200,성동구,1120010200,하왕십리동
20260224,11,서울특별시,11200,성동구,1120010200,하왕십리동,11,서울특별시,11680,강남구,1168010100,역삼동,07,15,27,1964.0,11,서울특별시,11200,성동구,1120010200,하왕십리동
20260224,11,서울특별시,11200,성동구,1120010200,하왕십리동,11,서울특별시,11680,강남구,1168010100,역삼동,07,30,34,2043.0,11,서울특별시,11200,성동구,1120010200,하왕십리동
20260224,11,서울특별시,11200,성동구,1120010200,하왕십리동,11,서울특별시,11680,강남구,1168010100,역삼동,07,45,50,1909.0,11,서울특별시,11200,성동구,1120010200,하왕십리동
20260224,11,서울특별시,11200,성동구,1120010200,하왕십리동,11,서울특별시,11680,강남구,1168010100,역삼동,08,00,71,1984.0,11,서울특별시,11200,성동구,1120010200,하왕십리동
20260224,11,서울특별시,11200,성동구,1120010200,하왕십리동,11,서울특별시,11680,강남구,1168010100,역삼동,08,15,46,1802.0,11,서울특별시,11200,성동구,1120010200,하왕십리동
20260224,11,서울특별시,11200,성동구,1120010200,하왕십리동,11,서울특별시,11680,강남구,1168010100,역삼동,08,30,31,1893.0,11,서울특별시,11200,성동구,1120010200,하왕십리동
20260224,11,서울특별시,11200,성동구,1120010200,하왕십리동,11,서울특별시,11680,강남구,1168010100,역삼동,08,45,43,1858.0,11,서울특별시,11200,성동구,1120010200,하왕십리동
20260224,11,서울특별시,11200,성동구,1120010200,하왕십리동,11,서울특별시,11680,강남구,1168010100,역삼동,09,00,38,1913.0,11,서울특별시,11200,성동구,1120010200,하왕십리동
20260224,11,서울특별시,11200,성동구,1120010200,하왕십리동,11,서울특별시,11680,강남구,1168010100,역삼동,09,15,38,1859.0,11,서울특별시,11200,성동구,1120010200,하왕십리동
20260224,11,서울특별시,11200,성동구,1120010200,하왕십리동,11,서울특별시,11680,강남구,1168010100,역삼동,09,30,18,1913.0,11,서울특별시,11200,성동구,1120010200,하왕십리동
20260224,11,서울특별시,11200,성동구,1120010200,하왕십리동,11,서울특별시,11680,강남구,1168010100,역삼동,09,45,15,2049.0,11,서울특별시,11200,성동구,1120010200,하왕십리동
20260224,11,서울특별시,11200,성동구,1120010200,하왕십리동,11,서울특별시,11680,강남구,1168010100,역삼동,10,00,7,1892.0,11,서울특별시,11200,성동구,1120010200,하왕십리동
20260224,11,서울특별시,11200,성동구,1120010200,하왕십리동,11,서울특별시,11680,강남구,1168010100,역삼동,10,15,17,1927.0,11,서울특별시,11200,성동구,1120010200,하왕십리동
20260224,11,서울특별시,11200,성동구,1120010200,하왕십리동,11,서울특별시,11680,강남구,1168010100,역삼동,10,30,6,1892.0,11,서울특별시,11200,성동구,1120010200,하왕십리동
20260224,11,서울특별시,11200,성동구,1120010200,하왕십리동,11,서울특별시,11680,강남구,1168010100,역삼동,10,45,7,1848.0,11,서울특별시,11200,성동구,1120010200,하왕십리동
20260224,11,서울특별시,11200,성동구,1120010200,하왕십리동,11,서울특별시,11680,강남구,1168010100,역삼동,11,00,3,2065.0,11,서울특별시,11200,성동구,1120010200,하왕십리동
20260224,11,서울특별시,11200,성동구,1120010200,하왕십리동,11,서울특별시,11680,강남구,1168010100,역삼동,11,15,6,1943.0,11,서울특별시,11200,성동구,1120010200,하왕십리동
20260224,11,서울특별시,11200,성동구,1120010200,하왕십리동,11,서울특별시,11680,강남구,1168010100,역삼동,11,30,5,2313.0,11,서울특별시,11200,성동구,1120010200,하왕십리동
20260224,11,서울특별시,11200,성동구,1120010200,하왕십리동,11,서울특별시,11680,강남구,1168010100,역삼동,11,45,6,1884.0,11,서울특별시,11200,성동구,1120010200,하왕십리동
20260224,11,서울특별시,11200,성동구,1120010400,도선동,11,서울특별시,11680,강남구,1168010100,역삼동,07,15,1,1591.0,11,서울특별시,11200,성동구,1120010400,도선동
20260224,11,서울특별시,11200,성동구,1120010400,도선동,11,서울특별시,11680,강남구,1168010100,역삼동,08,45,1,2030.0,11,서울특별시,11200,성동구,1120010400,도선동
20260224,11,서울특별시,11200,성동구,1120010400,도선동,11,서울특별시,11680,강남구,1168010100,역삼동,11,15,1,1653.0,11,서울특별시,11200,성동구,1120010400,도선동
20260224,11,서울특별시,11200,성동구,1120010400,도선동,11,서울특별시,11680,강남구,1168010100,역삼동,11,30,2,1611.0,11,서울특별시,11200,성동구,1120010400,도선동
20260224,11,서울특별시,11200,성동구,1120010500,마장동,11,서울특별시,11680,강남구,1168010100,역삼동,07,00,4,2035.0,11,서울특별시,11200,성동구,1120010500,마장동
20260224,11,서울특별시,11200,성동구,1120010500,마장동,11,서울특별시,11680,강남구,1168010100,역삼동,07,15,5,1953.0,11,서울특별시,11200,성동구,1120010500,마장동
20260224,11,서울특별시,11200,성동구,1120010500,마장동,11,서울특별시,11680,강남구,1168010100,역삼동,07,30,10,1799.0,11,서울특별시,11200,성동구,1120010500,마장동
20260224,11,서울특별시,11200,성동구,1120010500,마장동,11,서울특별시,11680,강남구,1168010100,역삼동,07,45,16,1951.0,11,서울특별시,11200,성동구,1120010500,마장동
20260224,11,서울특별시,11200,성동구,1120010500,마장동,11,서울특별시,11680,강남구,1168010100,역삼동,08,00,11,1985.0,11,서울특별시,11200,성동구,1120010500,마장동
20260224,11,서울특별시,11200,성동구,1120010500,마장동,11,서울특별시,11680,강남구,1168010100,역삼동,08,15,7,1937.0,11,서울특별시,11200,성동구,1120010500,마장동
20260224,11,서울특별시,11200,성동구,1120010500,마장동,11,서울특별시,11680,강남구,1168010100,역삼동,08,30,13,1632.0,11,서울특별시,11200,성동구,1120010500,마장동
20260224,11,서울특별시,11200,성동구,1120010500,마장동,11,서울특별시,11680,강남구,1168010100,역삼동,08,45,5,1919.0,11,서울특별시,11200,성동구,1120010500,마장동
20260224,11,서울특별시,11200,성동구,1120010500,마장동,11,서울특별시,11680,강남구,1168010100,역삼동,09,00,15,2119.0,11,서울특별시,11200,성동구,1120010500,마장동
20260224,11,서울특별시,11200,성동구,1120010500,마장동,11,서울특별시,11680,강남구,1168010100,역삼동,09,15,10,1898.0,11,서울특별시,11200,성동구,1120010500,마장동
20260224,11,서울특별시,11200,성동구,1120010500,마장동,11,서울특별시,11680,강남구,1168010100,역삼동,09,30,4,1930.0,11,서울특별시,11200,성동구,1120010500,마장동
20260224,11,서울특별시,11200,성동구,1120010500,마장동,11,서울특별시,11680,강남구,1168010100,역삼동,09,45,5,1938.0,11,서울특별시,11200,성동구,1120010500,마장동
20260224,11,서울특별시,11200,성동구,1120010500,마장동,11,서울특별시,11680,강남구,1168010100,역삼동,10,00,1,2726.0,11,서울특별시,11200,성동구,1120010500,마장동
20260224,11,서울특별시,11200,성동구,1120010500,마장동,11,서울특별시,11680,강남구,1168010100,역삼동,10,15,3,1992.0,11,서울특별시,11200,성동구,1120010500,마장동
20260224,11,서울특별시,11200,성동구,1120010500,마장동,11,서울특별시,11680,강남구,1168010100,역삼동,10,30,1,2078.0,11,서울특별시,11200,성동구,1120010500,마장동
20260224,11,서울특별시,11200,성동구,1120010500,마장동,11,서울특별시,11680,강남구,1168010100,역삼동,10,45,3,1936.0,11,서울특별시,11200,성동구,1120010500,마장동
20260224,11,서울특별시,11200,성동구,1120010500,마장동,11,서울특별시,11680,강남구,1168010100,역삼동,11,00,1,1866.0,11,서울특별시,11200,성동구,1120010500,마장동
20260224,11,서울특별시,11200,성동구,1120010500,마장동,11,서울특별시,11680,강남구,1168010100,역삼동,11,15,2,2251.0,11,서울특별시,11200,성동구,1120010500,마장동
20260224,11,서울특별시,11200,성동구,1120010500,마장동,11,서울특별시,11680,강남구,1168010100,역삼동,11,30,1,2001.0,11,서울특별시,11200,성동구,1120010500,마장동
20260224,11,서울특별시,11200,성동구,1120010500,마장동,11,서울특별시,11680,강남구,1168010100,역삼동,11,45,2,1981.0,11,서울특별시,11200,성동구,1120010500,마장동
20260224,11,서울특별시,11200,성동구,1120010600,사근동,11,서울특별시,11680,강남구,1168010100,역삼동,07,00,6,2161.0,11,서울특별시,11200,성동구,1120010600,사근동
20260224,11,서울특별시,11200,성동구,1120010600,사근동,11,서울특별시,11680,강남구,1168010100,역삼동,07,15,6,1957.0,11,서울특별시,11200,성동구,1120010600,사근동
20260224,11,서울특별시,11200,성동구,1120010600,사근동,11,서울특별시,11680,강남구,1168010100,역삼동,07,30,12,2055.0,11,서울특별시,11200,성동구,1120010600,사근동
20260224,11,서울특별시,11200,성동구,1120010600,사근동,11,서울특별시,11680,강남구,1168010100,역삼동,07,45,11,2163.0,11,서울특별시,11200,성동구,1120010600,사근동
20260224,11,서울특별시,11200,성동구,1120010600,사근동,11,서울특별시,11680,강남구,1168010100,역삼동,08,00,18,2034.0,11,서울특별시,11200,성동구,1120010600,사근동
20260224,11,서울특별시,11200,성동구,1120010600,사근동,11,서울특별시,11680,강남구,1168010100,역삼동,08,15,12,2083.0,11,서울특별시,11200,성동구,1120010600,사근동
20260224,11,서울특별시,11200,성동구,1120010600,사근동,11,서울특별시,11680,강남구,1168010100,역삼동,08,30,10,1970.0,11,서울특별시,11200,성동구,1120010600,사근동
20260224,11,서울특별시,11200,성동구,1120010600,사근동,11,서울특별시,11680,강남구,1168010100,역삼동,08,45,18,2006.0,11,서울특별시,11200,성동구,1120010600,사근동
20260224,11,서울특별시,11200,성동구,1120010600,사근동,11,서울특별시,11680,강남구,1168010100,역삼동,09,00,10,2205.0,11,서울특별시,11200,성동구,1120010600,사근동
20260224,11,서울특별시,11200,성동구,1120010600,사근동,11,서울특별시,11680,강남구,1168010100,역삼동,09,15,15,1983.0,11,서울특별시,11200,성동구,1120010600,사근동
20260224,11,서울특별시,11200,성동구,1120010600,사근동,11,서울특별시,11680,강남구,1168010100,역삼동,09,30,7,2245.0,11,서울특별시,11200,성동구,1120010600,사근동
20260224,11,서울특별시,11200,성동구,1120010600,사근동,11,서울특별시,11680,강남구,1168010100,역삼동,09,45,4,2236.0,11,서울특별시,11200,성동구,1120010600,사근동
20260224,11,서울특별시,11200,성동구,1120010600,사근동,11,서울특별시,11680,강남구,1168010100,역삼동,10,00,5,2127.0,11,서울특별시,11200,성동구,1120010600,사근동
20260224,11,서울특별시,11200,성동구,1120010600,사근동,11,서울특별시,11680,강남구,1168010100,역삼동,10,15,2,2076.0,11,서울특별시,11200,성동구,1120010600,사근동
20260224,11,서울특별시,11200,성동구,1120010600,사근동,11,서울특별시,11680,강남구,1168010100,역삼동,10,30,6,2231.0,11,서울특별시,11200,성동구,1120010600,사근동
20260224,11,서울특별시,11200,성동구,1120010600,사근동,11,서울특별시,11680,강남구,1168010100,역삼동,10,45,1,1958.0,11,서울특별시,11200,성동구,1120010600,사근동
20260224,11,서울특별시,11200,성동구,1120010600,사근동,11,서울특별시,11680,강남구,1168010100,역삼동,11,00,2,2015.0,11,서울특별시,11200,성동구,1120010600,사근동
20260224,11,서울특별시,11200,성동구,1120010600,사근동,11,서울특별시,11680,강남구,1168010100,역삼동,11,15,2,1998.0,11,서울특별시,11200,성동구,1120010600,사근동
20260224,11,서울특별시,11200,성동구,1120010600,사근동,11,서울특별시,11680,강남구,1168010100,역삼동,11,30,1,2370.0,11,서울특별시,11200,성동구,1120010600,사근동
20260224,11,서울특별시,11200,성동구,1120010600,사근동,11,서울특별시,11680,강남구,1168010100,역삼동,11,45,1,2390.0,11,서울특별시,11200,성동구,1120010600,사근동
20260224,11,서울특별시,11200,성동구,1120010700,행당동,11,서울특별시,11680,강남구,1168010100,역삼동,07,00,41,1543.0,11,서울특별시,11200,성동구,1120010700,행당동
20260224,11,서울특별시,11200,성동구,1120010700,행당동,11,서울특별시,11680,강남구,1168010100,역삼동,07,15,68,1415.0,11,서울특별시,11200,성동구,1120010700,행당동
20260224,11,서울특별시,11200,성동구,1120010700,행당동,11,서울특별시,11680,강남구,1168010100,역삼동,07,30,63,1537.0,11,서울특별시,11200,성동구,1120010700,행당동
20260224,11,서울특별시,11200,성동구,1120010700,행당동,11,서울특별시,11680,강남구,1168010100,역삼동,07,45,92,1529.0,11,서울특별시,11200,성동구,1120010700,행당동
20260224,11,서울특별시,11200,성동구,1120010700,행당동,11,서울특별시,11680,강남구,1168010100,역삼동,08,00,114,1569.0,11,서울특별시,11200,성동구,1120010700,행당동
20260224,11,서울특별시,11200,성동구,1120010700,행당동,11,서울특별시,11680,강남구,1168010100,역삼동,08,15,136,1497.0,11,서울특별시,11200,성동구,1120010700,행당동
20260224,11,서울특별시,11200,성동구,1120010700,행당동,11,서울특별시,11680,강남구,1168010100,역삼동,08,30,97,1474.0,11,서울특별시,11200,성동구,1120010700,행당동
20260224,11,서울특별시,11200,성동구,1120010700,행당동,11,서울특별시,11680,강남구,1168010100,역삼동,08,45,77,1541.0,11,서울특별시,11200,성동구,1120010700,행당동
20260224,11,서울특별시,11200,성동구,1120010700,행당동,11,서울특별시,11680,강남구,1168010100,역삼동,09,00,86,1504.0,11,서울특별시,11200,성동구,1120010700,행당동
20260224,11,서울특별시,11200,성동구,1120010700,행당동,11,서울특별시,11680,강남구,1168010100,역삼동,09,15,101,1573.0,11,서울특별시,11200,성동구,1120010700,행당동
20260224,11,서울특별시,11200,성동구,1120010700,행당동,11,서울특별시,11680,강남구,1168010100,역삼동,09,30,46,1534.0,11,서울특별시,11200,성동구,1120010700,행당동
20260224,11,서울특별시,11200,성동구,1120010700,행당동,11,서울특별시,11680,강남구,1168010100,역삼동,09,45,36,1704.0,11,서울특별시,11200,성동구,1120010700,행당동
20260224,11,서울특별시,11200,성동구,1120010700,행당동,11,서울특별시,11680,강남구,1168010100,역삼동,10,00,40,1655.0,11,서울특별시,11200,성동구,1120010700,행당동
20260224,11,서울특별시,11200,성동구,1120010700,행당동,11,서울특별시,11680,강남구,1168010100,역삼동,10,15,31,1657.0,11,서울특별시,11200,성동구,1120010700,행당동
20260224,11,서울특별시,11200,성동구,1120010700,행당동,11,서울특별시,11680,강남구,1168010100,역삼동,10,30,10,1708.0,11,서울특별시,11200,성동구,1120010700,행당동
20260224,11,서울특별시,11200,성동구,1120010700,행당동,11,서울특별시,11680,강남구,1168010100,역삼동,10,45,12,1745.0,11,서울특별시,11200,성동구,1120010700,행당동
20260224,11,서울특별시,11200,성동구,1120010700,행당동,11,서울특별시,11680,강남구,1168010100,역삼동,11,00,18,1735.0,11,서울특별시,11200,성동구,1120010700,행당동
20260224,11,서울특별시,11200,성동구,1120010700,행당동,11,서울특별시,11680,강남구,1168010100,역삼동,11,15,12,1654.0,11,서울특별시,11200,성동구,1120010700,행당동
20260224,11,서울특별시,11200,성동구,1120010700,행당동,11,서울특별시,11680,강남구,1168010100,역삼동,11,30,21,1815.0,11,서울특별시,11200,성동구,1120010700,행당동
20260224,11,서울특별시,11200,성동구,1120010700,행당동,11,서울특별시,11680,강남구,1168010100,역삼동,11,45,10,1860.0,11,서울특별시,11200,성동구,1120010700,행당동
20260224,11,서울특별시,11200,성동구,1120010800,응봉동,11,서울특별시,11680,강남구,1168010100,역삼동,07,00,8,1829.0,11,서울특별시,11200,성동구,1120010800,응봉동
20260224,11,서울특별시,11200,성동구,1120010800,응봉동,11,서울특별시,11680,강남구,1168010100,역삼동,07,15,4,1735.0,11,서울특별시,11200,성동구,1120010800,응봉동
20260224,11,서울특별시,11200,성동구,1120010800,응봉동,11,서울특별시,11680,강남구,1168010100,역삼동,07,30,8,1834.0,11,서울특별시,11200,성동구,1120010800,응봉동
20260224,11,서울특별시,11200,성동구,1120010800,응봉동,11,서울특별시,11680,강남구,1168010100,역삼동,07,45,10,1874.0,11,서울특별시,11200,성동구,1120010800,응봉동
20260224,11,서울특별시,11200,성동구,1120010800,응봉동,11,서울특별시,11680,강남구,1168010100,역삼동,08,00,10,1729.0,11,서울특별시,11200,성동구,1120010800,응봉동
20260224,11,서울특별시,11200,성동구,1120010800,응봉동,11,서울특별시,11680,강남구,1168010100,역삼동,08,15,7,1672.0,11,서울특별시,11200,성동구,1120010800,응봉동
20260224,11,서울특별시,11200,성동구,1120010800,응봉동,11,서울특별시,11680,강남구,1168010100,역삼동,08,30,7,1942.0,11,서울특별시,11200,성동구,1120010800,응봉동
20260224,11,서울특별시,11200,성동구,1120010800,응봉동,11,서울특별시,11680,강남구,1168010100,역삼동,08,45,6,1946.0,11,서울특별시,11200,성동구,1120010800,응봉동
20260224,11,서울특별시,11200,성동구,1120010800,응봉동,11,서울특별시,11680,강남구,1168010100,역삼동,09,00,3,2428.0,11,서울특별시,11200,성동구,1120010800,응봉동
20260224,11,서울특별시,11200,성동구,1120010800,응봉동,11,서울특별시,11680,강남구,1168010100,역삼동,09,15,7,2081.0,11,서울특별시,11200,성동구,1120010800,응봉동
20260224,11,서울특별시,11200,성동구,1120010800,응봉동,11,서울특별시,11680,강남구,1168010100,역삼동,09,30,2,1876.0,11,서울특별시,11200,성동구,1120010800,응봉동
20260224,11,서울특별시,11200,성동구,1120010800,응봉동,11,서울특별시,11680,강남구,1168010100,역삼동,09,45,2,1846.0,11,서울특별시,11200,성동구,1120010800,응봉동
20260224,11,서울특별시,11200,성동구,1120010800,응봉동,11,서울특별시,11680,강남구,1168010100,역삼동,10,00,1,1945.0,11,서울특별시,11200,성동구,1120010800,응봉동
20260224,11,서울특별시,11200,성동구,1120010800,응봉동,11,서울특별시,11680,강남구,1168010100,역삼동,10,15,1,1901.0,11,서울특별시,11200,성동구,1120010800,응봉동
20260224,11,서울특별시,11200,성동구,1120010800,응봉동,11,서울특별시,11680,강남구,1168010100,역삼동,10,45,1,2303.0,11,서울특별시,11200,성동구,1120010800,응봉동
20260224,11,서울특별시,11200,성동구,1120010800,응봉동,11,서울특별시,11680,강남구,1168010100,역삼동,11,00,2,2231.0,11,서울특별시,11200,성동구,1120010800,응봉동
20260224,11,서울특별시,11200,성동구,1120010800,응봉동,11,서울특별시,11680,강남구,1168010100,역삼동,11,15,4,1730.0,11,서울특별시,11200,성동구,1120010800,응봉동
20260224,11,서울특별시,11200,성동구,1120010800,응봉동,11,서울특별시,11680,강남구,1168010100,역삼동,11,45,1,2097.0,11,서울특별시,11200,성동구,1120010800,응봉동
20260224,11,서울특별시,11200,성동구,1120010900,금호동1가,11,서울특별시,11680,강남구,1168010100,역삼동,07,00,14,2001.0,11,서울특별시,11200,성동구,1120010900,금호동1가
20260224,11,서울특별시,11200,성동구,1120010900,금호동1가,11,서울특별시,11680,강남구,1168010100,역삼동,07,15,9,1949.0,11,서울특별시,11200,성동구,1120010900,금호동1가
20260224,11,서울특별시,11200,성동구,1120010900,금호동1가,11,서울특별시,11680,강남구,1168010100,역삼동,07,30,11,1926.0,11,서울특별시,11200,성동구,1120010900,금호동1가
20260224,11,서울특별시,11200,성동구,1120010900,금호동1가,11,서울특별시,11680,강남구,1168010100,역삼동,07,45,21,2048.0,11,서울특별시,11200,성동구,1120010900,금호동1가
20260224,11,서울특별시,11200,성동구,1120010900,금호동1가,11,서울특별시,11680,강남구,1168010100,역삼동,08,00,19,1971.0,11,서울특별시,11200,성동구,1120010900,금호동1가
20260224,11,서울특별시,11200,성동구,1120010900,금호동1가,11,서울특별시,11680,강남구,1168010100,역삼동,08,15,14,1996.0,11,서울특별시,11200,성동구,1120010900,금호동1가
20260224,11,서울특별시,11200,성동구,1120010900,금호동1가,11,서울특별시,11680,강남구,1168010100,역삼동,08,30,4,1658.0,11,서울특별시,11200,성동구,1120010900,금호동1가
20260224,11,서울특별시,11200,성동구,1120010900,금호동1가,11,서울특별시,11680,강남구,1168010100,역삼동,08,45,8,2078.0,11,서울특별시,11200,성동구,1120010900,금호동1가
20260224,11,서울특별시,11200,성동구,1120010900,금호동1가,11,서울특별시,11680,강남구,1168010100,역삼동,09,00,11,2002.0,11,서울특별시,11200,성동구,1120010900,금호동1가
20260224,11,서울특별시,11200,성동구,1120010900,금호동1가,11,서울특별시,11680,강남구,1168010100,역삼동,09,15,7,2132.0,11,서울특별시,11200,성동구,1120010900,금호동1가
20260224,11,서울특별시,11200,성동구,1120010900,금호동1가,11,서울특별시,11680,강남구,1168010100,역삼동,09,30,5,2029.0,11,서울특별시,11200,성동구,1120010900,금호동1가
20260224,11,서울특별시,11200,성동구,1120010900,금호동1가,11,서울특별시,11680,강남구,1168010100,역삼동,09,45,5,1856.0,11,서울특별시,11200,성동구,1120010900,금호동1가
20260224,11,서울특별시,11200,성동구,1120010900,금호동1가,11,서울특별시,11680,강남구,1168010100,역삼동,10,15,3,2048.0,11,서울특별시,11200,성동구,1120010900,금호동1가
20260224,11,서울특별시,11200,성동구,1120010900,금호동1가,11,서울특별시,11680,강남구,1168010100,역삼동,10,30,2,2016.0,11,서울특별시,11200,성동구,1120010900,금호동1가
20260224,11,서울특별시,11200,성동구,1120010900,금호동1가,11,서울특별시,11680,강남구,1168010100,역삼동,10,45,1,2183.0,11,서울특별시,11200,성동구,1120010900,금호동1가
20260224,11,서울특별시,11200,성동구,1120010900,금호동1가,11,서울특별시,11680,강남구,1168010100,역삼동,11,00,1,2683.0,11,서울특별시,11200,성동구,1120010900,금호동1가
20260224,11,서울특별시,11200,성동구,1120010900,금호동1가,11,서울특별시,11680,강남구,1168010100,역삼동,11,15,1,2425.0,11,서울특별시,11200,성동구,1120010900,금호동1가
20260224,11,서울특별시,11200,성동구,1120010900,금호동1가,11,서울특별시,11680,강남구,1168010100,역삼동,11,30,1,2262.0,11,서울특별시,11200,성동구,1120010900,금호동1가
20260224,11,서울특별시,11200,성동구,1120010900,금호동1가,11,서울특별시,11680,강남구,1168010100,역삼동,11,45,2,2296.0,11,서울특별시,11200,성동구,1120010900,금호동1가
20260224,11,서울특별시,11200,성동구,1120011000,금호동2가,11,서울특별시,11680,강남구,1168010100,역삼동,07,00,6,1592.0,11,서울특별시,11200,성동구,1120011000,금호동2가
20260224,11,서울특별시,11200,성동구,1120011000,금호동2가,11,서울특별시,11680,강남구,1168010100,역삼동,07,30,4,2041.0,11,서울특별시,11200,성동구,1120011000,금호동2가
20260224,11,서울특별시,11200,성동구,1120011000,금호동2가,11,서울특별시,11680,강남구,1168010100,역삼동,07,45,4,1574.0,11,서울특별시,11200,성동구,1120011000,금호동2가
20260224,11,서울특별시,11200,성동구,1120011000,금호동2가,11,서울특별시,11680,강남구,1168010100,역삼동,08,00,1,2242.0,11,서울특별시,11200,성동구,1120011000,금호동2가
20260224,11,서울특별시,11200,성동구,1120011000,금호동2가,11,서울특별시,11680,강남구,1168010100,역삼동,08,15,3,1876.0,11,서울특별시,11200,성동구,1120011000,금호동2가
20260224,11,서울특별시,11200,성동구,1120011000,금호동2가,11,서울특별시,11680,강남구,1168010100,역삼동,08,30,1,1225.0,11,서울특별시,11200,성동구,1120011000,금호동2가
20260224,11,서울특별시,11200,성동구,1120011000,금호동2가,11,서울특별시,11680,강남구,1168010100,역삼동,08,45,2,1547.0,11,서울특별시,11200,성동구,1120011000,금호동2가
20260224,11,서울특별시,11200,성동구,1120011000,금호동2가,11,서울특별시,11680,강남구,1168010100,역삼동,09,00,5,1705.0,11,서울특별시,11200,성동구,1120011000,금호동2가
20260224,11,서울특별시,11200,성동구,1120011000,금호동2가,11,서울특별시,11680,강남구,1168010100,역삼동,09,15,3,1769.0,11,서울특별시,11200,성동구,1120011000,금호동2가
20260224,11,서울특별시,11200,성동구,1120011000,금호동2가,11,서울특별시,11680,강남구,1168010100,역삼동,09,30,2,1886.0,11,서울특별시,11200,성동구,1120011000,금호동2가
20260224,11,서울특별시,11200,성동구,1120011000,금호동2가,11,서울특별시,11680,강남구,1168010100,역삼동,09,45,2,1738.0,11,서울특별시,11200,성동구,1120011000,금호동2가
20260224,11,서울특별시,11200,성동구,1120011000,금호동2가,11,서울특별시,11680,강남구,1168010100,역삼동,10,45,1,1585.0,11,서울특별시,11200,성동구,1120011000,금호동2가
20260224,11,서울특별시,11200,성동구,1120011000,금호동2가,11,서울특별시,11680,강남구,1168010100,역삼동,11,00,1,1542.0,11,서울특별시,11200,성동구,1120011000,금호동2가
20260224,11,서울특별시,11200,성동구,1120011000,금호동2가,11,서울특별시,11680,강남구,1168010100,역삼동,11,45,2,1388.0,11,서울특별시,11200,성동구,1120011000,금호동2가
20260224,11,서울특별시,11200,성동구,1120011100,금호동3가,11,서울특별시,11680,강남구,1168010100,역삼동,07,00,20,1592.0,11,서울특별시,11200,성동구,1120011100,금호동3가
20260224,11,서울특별시,11200,성동구,1120011100,금호동3가,11,서울특별시,11680,강남구,1168010100,역삼동,07,15,23,1406.0,11,서울특별시,11200,성동구,1120011100,금호동3가
20260224,11,서울특별시,11200,성동구,1120011100,금호동3가,11,서울특별시,11680,강남구,1168010100,역삼동,07,30,15,1393.0,11,서울특별시,11200,성동구,1120011100,금호동3가
20260224,11,서울특별시,11200,성동구,1120011100,금호동3가,11,서울특별시,11680,강남구,1168010100,역삼동,07,45,20,1544.0,11,서울특별시,11200,성동구,1120011100,금호동3가
20260224,11,서울특별시,11200,성동구,1120011100,금호동3가,11,서울특별시,11680,강남구,1168010100,역삼동,08,00,38,1423.0,11,서울특별시,11200,성동구,1120011100,금호동3가
20260224,11,서울특별시,11200,성동구,1120011100,금호동3가,11,서울특별시,11680,강남구,1168010100,역삼동,08,15,44,1557.0,11,서울특별시,11200,성동구,1120011100,금호동3가
20260224,11,서울특별시,11200,성동구,1120011100,금호동3가,11,서울특별시,11680,강남구,1168010100,역삼동,08,30,11,1452.0,11,서울특별시,11200,성동구,1120011100,금호동3가
20260224,11,서울특별시,11200,성동구,1120011100,금호동3가,11,서울특별시,11680,강남구,1168010100,역삼동,08,45,20,1412.0,11,서울특별시,11200,성동구,1120011100,금호동3가
20260224,11,서울특별시,11200,성동구,1120011100,금호동3가,11,서울특별시,11680,강남구,1168010100,역삼동,09,00,21,1552.0,11,서울특별시,11200,성동구,1120011100,금호동3가
20260224,11,서울특별시,11200,성동구,1120011100,금호동3가,11,서울특별시,11680,강남구,1168010100,역삼동,09,15,21,1508.0,11,서울특별시,11200,성동구,1120011100,금호동3가
20260224,11,서울특별시,11200,성동구,1120011100,금호동3가,11,서울특별시,11680,강남구,1168010100,역삼동,09,30,18,1484.0,11,서울특별시,11200,성동구,1120011100,금호동3가
20260224,11,서울특별시,11200,성동구,1120011100,금호동3가,11,서울특별시,11680,강남구,1168010100,역삼동,09,45,8,1527.0,11,서울특별시,11200,성동구,1120011100,금호동3가
20260224,11,서울특별시,11200,성동구,1120011100,금호동3가,11,서울특별시,11680,강남구,1168010100,역삼동,10,00,9,1583.0,11,서울특별시,11200,성동구,1120011100,금호동3가
20260224,11,서울특별시,11200,성동구,1120011100,금호동3가,11,서울특별시,11680,강남구,1168010100,역삼동,10,15,3,1484.0,11,서울특별시,11200,성동구,1120011100,금호동3가
20260224,11,서울특별시,11200,성동구,1120011100,금호동3가,11,서울특별시,11680,강남구,1168010100,역삼동,10,30,6,1352.0,11,서울특별시,11200,성동구,1120011100,금호동3가
20260224,11,서울특별시,11200,성동구,1120011100,금호동3가,11,서울특별시,11680,강남구,1168010100,역삼동,10,45,3,2189.0,11,서울특별시,11200,성동구,1120011100,금호동3가
20260224,11,서울특별시,11200,성동구,1120011100,금호동3가,11,서울특별시,11680,강남구,1168010100,역삼동,11,00,7,1751.0,11,서울특별시,11200,성동구,1120011100,금호동3가
20260224,11,서울특별시,11200,성동구,1120011100,금호동3가,11,서울특별시,11680,강남구,1168010100,역삼동,11,15,3,1515.0,11,서울특별시,11200,성동구,1120011100,금호동3가
20260224,11,서울특별시,11200,성동구,1120011100,금호동3가,11,서울특별시,11680,강남구,1168010100,역삼동,11,30,3,1393.0,11,서울특별시,11200,성동구,1120011100,금호동3가
20260224,11,서울특별시,11200,성동구,1120011100,금호동3가,11,서울특별시,11680,강남구,1168010100,역삼동,11,45,5,1504.0,11,서울특별시,11200,성동구,1120011100,금호동3가
20260224,11,서울특별시,11200,성동구,1120011200,금호동4가,11,서울특별시,11680,강남구,1168010100,역삼동,07,00,5,1531.0,11,서울특별시,11200,성동구,1120011200,금호동4가
20260224,11,서울특별시,11200,성동구,1120011200,금호동4가,11,서울특별시,11680,강남구,1168010100,역삼동,07,15,9,1695.0,11,서울특별시,11200,성동구,1120011200,금호동4가
20260224,11,서울특별시,11200,성동구,1120011200,금호동4가,11,서울특별시,11680,강남구,1168010100,역삼동,07,30,5,1572.0,11,서울특별시,11200,성동구,1120011200,금호동4가
20260224,11,서울특별시,11200,성동구,1120011200,금호동4가,11,서울특별시,11680,강남구,1168010100,역삼동,07,45,6,1515.0,11,서울특별시,11200,성동구,1120011200,금호동4가
20260224,11,서울특별시,11200,성동구,1120011200,금호동4가,11,서울특별시,11680,강남구,1168010100,역삼동,08,00,2,1811.0,11,서울특별시,11200,성동구,1120011200,금호동4가
20260224,11,서울특별시,11200,성동구,1120011200,금호동4가,11,서울특별시,11680,강남구,1168010100,역삼동,08,15,2,1605.0,11,서울특별시,11200,성동구,1120011200,금호동4가
20260224,11,서울특별시,11200,성동구,1120011200,금호동4가,11,서울특별시,11680,강남구,1168010100,역삼동,08,30,4,1467.0,11,서울특별시,11200,성동구,1120011200,금호동4가
20260224,11,서울특별시,11200,성동구,1120011200,금호동4가,11,서울특별시,11680,강남구,1168010100,역삼동,08,45,6,1691.0,11,서울특별시,11200,성동구,1120011200,금호동4가
20260224,11,서울특별시,11200,성동구,1120011200,금호동4가,11,서울특별시,11680,강남구,1168010100,역삼동,09,00,6,1726.0,11,서울특별시,11200,성동구,1120011200,금호동4가
20260224,11,서울특별시,11200,성동구,1120011200,금호동4가,11,서울특별시,11680,강남구,1168010100,역삼동,09,15,4,1850.0,11,서울특별시,11200,성동구,1120011200,금호동4가
20260224,11,서울특별시,11200,성동구,1120011200,금호동4가,11,서울특별시,11680,강남구,1168010100,역삼동,09,30,4,1430.0,11,서울특별시,11200,성동구,1120011200,금호동4가
20260224,11,서울특별시,11200,성동구,1120011200,금호동4가,11,서울특별시,11680,강남구,1168010100,역삼동,09,45,8,1623.0,11,서울특별시,11200,성동구,1120011200,금호동4가
20260224,11,서울특별시,11200,성동구,1120011200,금호동4가,11,서울특별시,11680,강남구,1168010100,역삼동,10,00,2,1481.0,11,서울특별시,11200,성동구,1120011200,금호동4가
20260224,11,서울특별시,11200,성동구,1120011200,금호동4가,11,서울특별시,11680,강남구,1168010100,역삼동,10,15,1,1939.0,11,서울특별시,11200,성동구,1120011200,금호동4가
20260224,11,서울특별시,11200,성동구,1120011200,금호동4가,11,서울특별시,11680,강남구,1168010100,역삼동,10,45,1,1885.0,11,서울특별시,11200,성동구,1120011200,금호동4가
20260224,11,서울특별시,11200,성동구,1120011300,옥수동,11,서울특별시,11680,강남구,1168010100,역삼동,07,00,12,1334.0,11,서울특별시,11200,성동구,1120011300,옥수동
20260224,11,서울특별시,11200,성동구,1120011300,옥수동,11,서울특별시,11680,강남구,1168010100,역삼동,07,15,12,1271.0,11,서울특별시,11200,성동구,1120011300,옥수동
20260224,11,서울특별시,11200,성동구,1120011300,옥수동,11,서울특별시,11680,강남구,1168010100,역삼동,07,30,16,1330.0,11,서울특별시,11200,성동구,1120011300,옥수동
20260224,11,서울특별시,11200,성동구,1120011300,옥수동,11,서울특별시,11680,강남구,1168010100,역삼동,07,45,13,1347.0,11,서울특별시,11200,성동구,1120011300,옥수동
20260224,11,서울특별시,11200,성동구,1120011300,옥수동,11,서울특별시,11680,강남구,1168010100,역삼동,08,00,21,1366.0,11,서울특별시,11200,성동구,1120011300,옥수동
20260224,11,서울특별시,11200,성동구,1120011300,옥수동,11,서울특별시,11680,강남구,1168010100,역삼동,08,15,22,1451.0,11,서울특별시,11200,성동구,1120011300,옥수동
20260224,11,서울특별시,11200,성동구,1120011300,옥수동,11,서울특별시,11680,강남구,1168010100,역삼동,08,30,13,1322.0,11,서울특별시,11200,성동구,1120011300,옥수동
20260224,11,서울특별시,11200,성동구,1120011300,옥수동,11,서울특별시,11680,강남구,1168010100,역삼동,08,45,17,1348.0,11,서울특별시,11200,성동구,1120011300,옥수동
20260224,11,서울특별시,11200,성동구,1120011300,옥수동,11,서울특별시,11680,강남구,1168010100,역삼동,09,00,21,1809.0,11,서울특별시,11200,성동구,1120011300,옥수동
20260224,11,서울특별시,11200,성동구,1120011300,옥수동,11,서울특별시,11680,강남구,1168010100,역삼동,09,15,19,1397.0,11,서울특별시,11200,성동구,1120011300,옥수동
20260224,11,서울특별시,11200,성동구,1120011300,옥수동,11,서울특별시,11680,강남구,1168010100,역삼동,09,30,7,1350.0,11,서울특별시,11200,성동구,1120011300,옥수동
20260224,11,서울특별시,11200,성동구,1120011300,옥수동,11,서울특별시,11680,강남구,1168010100,역삼동,09,45,12,1253.0,11,서울특별시,11200,성동구,1120011300,옥수동
20260224,11,서울특별시,11200,성동구,1120011300,옥수동,11,서울특별시,11680,강남구,1168010100,역삼동,10,00,10,1259.0,11,서울특별시,11200,성동구,1120011300,옥수동
20260224,11,서울특별시,11200,성동구,1120011300,옥수동,11,서울특별시,11680,강남구,1168010100,역삼동,10,15,9,1270.0,11,서울특별시,11200,성동구,1120011300,옥수동
20260224,11,서울특별시,11200,성동구,1120011300,옥수동,11,서울특별시,11680,강남구,1168010100,역삼동,10,30,3,1515.0,11,서울특별시,11200,성동구,1120011300,옥수동
20260224,11,서울특별시,11200,성동구,1120011300,옥수동,11,서울특별시,11680,강남구,1168010100,역삼동,10,45,7,1520.0,11,서울특별시,11200,성동구,1120011300,옥수동
20260224,11,서울특별시,11200,성동구,1120011300,옥수동,11,서울특별시,11680,강남구,1168010100,역삼동,11,00,4,1512.0,11,서울특별시,11200,성동구,1120011300,옥수동
20260224,11,서울특별시,11200,성동구,1120011300,옥수동,11,서울특별시,11680,강남구,1168010100,역삼동,11,15,3,1383.0,11,서울특별시,11200,성동구,1120011300,옥수동
20260224,11,서울특별시,11200,성동구,1120011300,옥수동,11,서울특별시,11680,강남구,1168010100,역삼동,11,30,7,1440.0,11,서울특별시,11200,성동구,1120011300,옥수동
20260224,11,서울특별시,11200,성동구,1120011300,옥수동,11,서울특별시,11680,강남구,1168010100,역삼동,11,45,5,1636.0,11,서울특별시,11200,성동구,1120011300,옥수동
20260224,11,서울특별시,11200,성동구,1120011400,성수동1가,11,서울특별시,11680,강남구,1168010100,역삼동,07,00,34,1486.0,11,서울특별시,11200,성동구,1120011400,성수동1가
20260224,11,서울특별시,11200,성동구,1120011400,성수동1가,11,서울특별시,11680,강남구,1168010100,역삼동,07,15,20,1350.0,11,서울특별시,11200,성동구,1120011400,성수동1가
20260224,11,서울특별시,11200,성동구,1120011400,성수동1가,11,서울특별시,11680,강남구,1168010100,역삼동,07,30,43,1327.0,11,서울특별시,11200,성동구,1120011400,성수동1가
20260224,11,서울특별시,11200,성동구,1120011400,성수동1가,11,서울특별시,11680,강남구,1168010100,역삼동,07,45,30,1399.0,11,서울특별시,11200,성동구,1120011400,성수동1가
20260224,11,서울특별시,11200,성동구,1120011400,성수동1가,11,서울특별시,11680,강남구,1168010100,역삼동,08,00,51,1353.0,11,서울특별시,11200,성동구,1120011400,성수동1가
20260224,11,서울특별시,11200,성동구,1120011400,성수동1가,11,서울특별시,11680,강남구,1168010100,역삼동,08,15,68,1305.0,11,서울특별시,11200,성동구,1120011400,성수동1가
20260224,11,서울특별시,11200,성동구,1120011400,성수동1가,11,서울특별시,11680,강남구,1168010100,역삼동,08,30,68,1265.0,11,서울특별시,11200,성동구,1120011400,성수동1가
20260224,11,서울특별시,11200,성동구,1120011400,성수동1가,11,서울특별시,11680,강남구,1168010100,역삼동,08,45,51,1303.0,11,서울특별시,11200,성동구,1120011400,성수동1가
20260224,11,서울특별시,11200,성동구,1120011400,성수동1가,11,서울특별시,11680,강남구,1168010100,역삼동,09,00,39,1366.0,11,서울특별시,11200,성동구,1120011400,성수동1가
20260224,11,서울특별시,11200,성동구,1120011400,성수동1가,11,서울특별시,11680,강남구,1168010100,역삼동,09,15,57,1467.0,11,서울특별시,11200,성동구,1120011400,성수동1가
20260224,11,서울특별시,11200,성동구,1120011400,성수동1가,11,서울특별시,11680,강남구,1168010100,역삼동,09,30,26,1367.0,11,서울특별시,11200,성동구,1120011400,성수동1가
20260224,11,서울특별시,11200,성동구,1120011400,성수동1가,11,서울특별시,11680,강남구,1168010100,역삼동,09,45,13,1351.0,11,서울특별시,11200,성동구,1120011400,성수동1가
20260224,11,서울특별시,11200,성동구,1120011400,성수동1가,11,서울특별시,11680,강남구,1168010100,역삼동,10,00,18,1425.0,11,서울특별시,11200,성동구,1120011400,성수동1가
20260224,11,서울특별시,11200,성동구,1120011400,성수동1가,11,서울특별시,11680,강남구,1168010100,역삼동,10,15,20,1502.0,11,서울특별시,11200,성동구,1120011400,성수동1가
20260224,11,서울특별시,11200,성동구,1120011400,성수동1가,11,서울특별시,11680,강남구,1168010100,역삼동,10,30,18,1377.0,11,서울특별시,11200,성동구,1120011400,성수동1가
20260224,11,서울특별시,11200,성동구,1120011400,성수동1가,11,서울특별시,11680,강남구,1168010100,역삼동,10,45,7,1014.0,11,서울특별시,11200,성동구,1120011400,성수동1가
20260224,11,서울특별시,11200,성동구,1120011400,성수동1가,11,서울특별시,11680,강남구,1168010100,역삼동,11,00,16,1454.0,11,서울특별시,11200,성동구,1120011400,성수동1가
20260224,11,서울특별시,11200,성동구,1120011400,성수동1가,11,서울특별시,11680,강남구,1168010100,역삼동,11,15,12,1351.0,11,서울특별시,11200,성동구,1120011400,성수동1가
20260224,11,서울특별시,11200,성동구,1120011400,성수동1가,11,서울특별시,11680,강남구,1168010100,역삼동,11,30,12,1446.0,11,서울특별시,11200,성동구,1120011400,성수동1가
20260224,11,서울특별시,11200,성동구,1120011400,성수동1가,11,서울특별시,11680,강남구,1168010100,역삼동,11,45,5,1224.0,11,서울특별시,11200,성동구,1120011400,성수동1가
20260224,11,서울특별시,11200,성동구,1120011500,성수동2가,11,서울특별시,11680,강남구,1168010100,역삼동,07,00,18,1639.0,11,서울특별시,11200,성동구,1120011500,성수동2가
20260224,11,서울특별시,11200,성동구,1120011500,성수동2가,11,서울특별시,11680,강남구,1168010100,역삼동,07,15,31,1604.0,11,서울특별시,11200,성동구,1120011500,성수동2가
20260224,11,서울특별시,11200,성동구,1120011500,성수동2가,11,서울특별시,11680,강남구,1168010100,역삼동,07,30,34,1685.0,11,서울특별시,11200,성동구,1120011500,성수동2가
20260224,11,서울특별시,11200,성동구,1120011500,성수동2가,11,서울특별시,11680,강남구,1168010100,역삼동,07,45,41,1628.0,11,서울특별시,11200,성동구,1120011500,성수동2가
20260224,11,서울특별시,11200,성동구,1120011500,성수동2가,11,서울특별시,11680,강남구,1168010100,역삼동,08,00,53,1566.0,11,서울특별시,11200,성동구,1120011500,성수동2가
20260224,11,서울특별시,11200,성동구,1120011500,성수동2가,11,서울특별시,11680,강남구,1168010100,역삼동,08,15,56,1545.0,11,서울특별시,11200,성동구,1120011500,성수동2가
20260224,11,서울특별시,11200,성동구,1120011500,성수동2가,11,서울특별시,11680,강남구,1168010100,역삼동,08,30,31,1585.0,11,서울특별시,11200,성동구,1120011500,성수동2가
20260224,11,서울특별시,11200,성동구,1120011500,성수동2가,11,서울특별시,11680,강남구,1168010100,역삼동,08,45,26,1731.0,11,서울특별시,11200,성동구,1120011500,성수동2가
20260224,11,서울특별시,11200,성동구,1120011500,성수동2가,11,서울특별시,11680,강남구,1168010100,역삼동,09,00,47,1606.0,11,서울특별시,11200,성동구,1120011500,성수동2가
20260224,11,서울특별시,11200,성동구,1120011500,성수동2가,11,서울특별시,11680,강남구,1168010100,역삼동,09,15,35,1538.0,11,서울특별시,11200,성동구,1120011500,성수동2가
20260224,11,서울특별시,11200,성동구,1120011500,성수동2가,11,서울특별시,11680,강남구,1168010100,역삼동,09,30,24,1752.0,11,서울특별시,11200,성동구,1120011500,성수동2가
20260224,11,서울특별시,11200,성동구,1120011500,성수동2가,11,서울특별시,11680,강남구,1168010100,역삼동,09,45,15,1638.0,11,서울특별시,11200,성동구,1120011500,성수동2가
20260224,11,서울특별시,11200,성동구,1120011500,성수동2가,11,서울특별시,11680,강남구,1168010100,역삼동,10,00,23,1735.0,11,서울특별시,11200,성동구,1120011500,성수동2가
20260224,11,서울특별시,11200,성동구,1120011500,성수동2가,11,서울특별시,11680,강남구,1168010100,역삼동,10,15,17,1624.0,11,서울특별시,11200,성동구,1120011500,성수동2가
20260224,11,서울특별시,11200,성동구,1120011500,성수동2가,11,서울특별시,11680,강남구,1168010100,역삼동,10,30,13,1720.0,11,서울특별시,11200,성동구,1120011500,성수동2가
20260224,11,서울특별시,11200,성동구,1120011500,성수동2가,11,서울특별시,11680,강남구,1168010100,역삼동,10,45,20,1573.0,11,서울특별시,11200,성동구,1120011500,성수동2가
20260224,11,서울특별시,11200,성동구,1120011500,성수동2가,11,서울특별시,11680,강남구,1168010100,역삼동,11,00,18,1810.0,11,서울특별시,11200,성동구,1120011500,성수동2가
20260224,11,서울특별시,11200,성동구,1120011500,성수동2가,11,서울특별시,11680,강남구,1168010100,역삼동,11,15,15,1653.0,11,서울특별시,11200,성동구,1120011500,성수동2가
20260224,11,서울특별시,11200,성동구,1120011500,성수동2가,11,서울특별시,11680,강남구,1168010100,역삼동,11,30,12,1694.0,11,서울특별시,11200,성동구,1120011500,성수동2가
20260224,11,서울특별시,11200,성동구,1120011500,성수동2가,11,서울특별시,11680,강남구,1168010100,역삼동,11,45,9,1722.0,11,서울특별시,11200,성동구,1120011500,성수동2가
20260224,11,서울특별시,11200,성동구,1120011800,송정동,11,서울특별시,11680,강남구,1168010100,역삼동,07,00,3,2194.0,11,서울특별시,11200,성동구,1120011800,송정동
20260224,11,서울특별시,11200,성동구,1120011800,송정동,11,서울특별시,11680,강남구,1168010100,역삼동,07,15,4,2747.0,11,서울특별시,11200,성동구,1120011800,송정동
20260224,11,서울특별시,11200,성동구,1120011800,송정동,11,서울특별시,11680,강남구,1168010100,역삼동,07,30,2,2762.0,11,서울특별시,11200,성동구,1120011800,송정동
20260224,11,서울특별시,11200,성동구,1120011800,송정동,11,서울특별시,11680,강남구,1168010100,역삼동,07,45,10,2410.0,11,서울특별시,11200,성동구,1120011800,송정동
20260224,11,서울특별시,11200,성동구,1120011800,송정동,11,서울특별시,11680,강남구,1168010100,역삼동,08,00,9,2634.0,11,서울특별시,11200,성동구,1120011800,송정동
20260224,11,서울특별시,11200,성동구,1120011800,송정동,11,서울특별시,11680,강남구,1168010100,역삼동,08,15,4,2878.0,11,서울특별시,11200,성동구,1120011800,송정동
20260224,11,서울특별시,11200,성동구,1120011800,송정동,11,서울특별시,11680,강남구,1168010100,역삼동,08,30,8,2270.0,11,서울특별시,11200,성동구,1120011800,송정동
20260224,11,서울특별시,11200,성동구,1120011800,송정동,11,서울특별시,11680,강남구,1168010100,역삼동,08,45,7,2568.0,11,서울특별시,11200,성동구,1120011800,송정동
20260224,11,서울특별시,11200,성동구,1120011800,송정동,11,서울특별시,11680,강남구,1168010100,역삼동,09,00,2,2580.0,11,서울특별시,11200,성동구,1120011800,송정동
20260224,11,서울특별시,11200,성동구,1120011800,송정동,11,서울특별시,11680,강남구,1168010100,역삼동,09,15,4,2526.0,11,서울특별시,11200,성동구,1120011800,송정동
20260224,11,서울특별시,11200,성동구,1120011800,송정동,11,서울특별시,11680,강남구,1168010100,역삼동,09,45,1,3181.0,11,서울특별시,11200,성동구,1120011800,송정동
20260224,11,서울특별시,11200,성동구,1120011800,송정동,11,서울특별시,11680,강남구,1168010100,역삼동,10,00,2,2468.0,11,서울특별시,11200,성동구,1120011800,송정동
20260224,11,서울특별시,11200,성동구,1120011800,송정동,11,서울특별시,11680,강남구,1168010100,역삼동,10,15,3,2846.0,11,서울특별시,11200,성동구,1120011800,송정동
20260224,11,서울특별시,11200,성동구,1120011800,송정동,11,서울특별시,11680,강남구,1168010100,역삼동,10,30,1,1895.0,11,서울특별시,11200,성동구,1120011800,송정동
20260224,11,서울특별시,11200,성동구,1120011800,송정동,11,서울특별시,11680,강남구,1168010100,역삼동,10,45,1,2320.0,11,서울특별시,11200,성동구,1120011800,송정동
20260224,11,서울특별시,11200,성동구,1120011800,송정동,11,서울특별시,11680,강남구,1168010100,역삼동,11,00,1,2129.0,11,서울특별시,11200,성동구,1120011800,송정동
20260224,11,서울특별시,11200,성동구,1120011800,송정동,11,서울특별시,11680,강남구,1168010100,역삼동,11,15,2,2301.0,11,서울특별시,11200,성동구,1120011800,송정동
20260224,11,서울특별시,11200,성동구,1120011800,송정동,11,서울특별시,11680,강남구,1168010100,역삼동,11,45,3,2417.0,11,서울특별시,11200,성동구,1120011800,송정동
20260224,11,서울특별시,11200,성동구,1120012200,용답동,11,서울특별시,11680,강남구,1168010100,역삼동,07,00,9,2178.0,11,서울특별시,11200,성동구,1120012200,용답동
20260224,11,서울특별시,11200,성동구,1120012200,용답동,11,서울특별시,11680,강남구,1168010100,역삼동,07,15,8,2105.0,11,서울특별시,11200,성동구,1120012200,용답동
20260224,11,서울특별시,11200,성동구,1120012200,용답동,11,서울특별시,11680,강남구,1168010100,역삼동,07,30,19,2192.0,11,서울특별시,11200,성동구,1120012200,용답동
20260224,11,서울특별시,11200,성동구,1120012200,용답동,11,서울특별시,11680,강남구,1168010100,역삼동,07,45,21,2307.0,11,서울특별시,11200,성동구,1120012200,용답동
20260224,11,서울특별시,11200,성동구,1120012200,용답동,11,서울특별시,11680,강남구,1168010100,역삼동,08,00,27,2286.0,11,서울특별시,11200,성동구,1120012200,용답동
20260224,11,서울특별시,11200,성동구,1120012200,용답동,11,서울특별시,11680,강남구,1168010100,역삼동,08,15,15,2233.0,11,서울특별시,11200,성동구,1120012200,용답동
20260224,11,서울특별시,11200,성동구,1120012200,용답동,11,서울특별시,11680,강남구,1168010100,역삼동,08,30,6,2080.0,11,서울특별시,11200,성동구,1120012200,용답동
20260224,11,서울특별시,11200,성동구,1120012200,용답동,11,서울특별시,11680,강남구,1168010100,역삼동,08,45,12,2287.0,11,서울특별시,11200,성동구,1120012200,용답동
20260224,11,서울특별시,11200,성동구,1120012200,용답동,11,서울특별시,11680,강남구,1168010100,역삼동,09,00,11,2286.0,11,서울특별시,11200,성동구,1120012200,용답동
20260224,11,서울특별시,11200,성동구,1120012200,용답동,11,서울특별시,11680,강남구,1168010100,역삼동,09,15,6,2269.0,11,서울특별시,11200,성동구,1120012200,용답동
20260224,11,서울특별시,11200,성동구,1120012200,용답동,11,서울특별시,11680,강남구,1168010100,역삼동,09,30,3,2422.0,11,서울특별시,11200,성동구,1120012200,용답동
20260224,11,서울특별시,11200,성동구,1120012200,용답동,11,서울특별시,11680,강남구,1168010100,역삼동,09,45,4,2163.0,11,서울특별시,11200,성동구,1120012200,용답동
20260224,11,서울특별시,11200,성동구,1120012200,용답동,11,서울특별시,11680,강남구,1168010100,역삼동,10,00,2,2282.0,11,서울특별시,11200,성동구,1120012200,용답동
20260224,11,서울특별시,11200,성동구,1120012200,용답동,11,서울특별시,11680,강남구,1168010100,역삼동,10,15,2,2089.0,11,서울특별시,11200,성동구,1120012200,용답동
20260224,11,서울특별시,11200,성동구,1120012200,용답동,11,서울특별시,11680,강남구,1168010100,역삼동,10,30,2,2483.0,11,서울특별시,11200,성동구,1120012200,용답동
20260224,11,서울특별시,11200,성동구,1120012200,용답동,11,서울특별시,11680,강남구,1168010100,역삼동,10,45,4,2057.0,11,서울특별시,11200,성동구,1120012200,용답동
20260224,11,서울특별시,11200,성동구,1120012200,용답동,11,서울특별시,11680,강남구,1168010100,역삼동,11,00,4,2348.0,11,서울특별시,11200,성동구,1120012200,용답동
20260224,11,서울특별시,11200,성동구,1120012200,용답동,11,서울특별시,11680,강남구,1168010100,역삼동,11,15,4,2954.0,11,서울특별시,11200,성동구,1120012200,용답동
20260224,11,서울특별시,11200,성동구,1120012200,용답동,11,서울특별시,11680,강남구,1168010100,역삼동,11,30,3,2343.0,11,서울특별시,11200,성동구,1120012200,용답동
20260224,11,서울특별시,11200,성동구,1120012200,용답동,11,서울특별시,11680,강남구,1168010100,역삼동,11,45,3,2261.0,11,서울특별시,11200,성동구,1120012200,용답동
20260224,11,서울특별시,11215,광진구,1121510100,중곡동,11,서울특별시,11680,강남구,1168010100,역삼동,07,00,52,1986.0,11,서울특별시,11215,광진구,1121510100,중곡동
20260224,11,서울특별시,11215,광진구,1121510100,중곡동,11,서울특별시,11680,강남구,1168010100,역삼동,07,15,59,1949.0,11,서울특별시,11215,광진구,1121510100,중곡동
20260224,11,서울특별시,11215,광진구,1121510100,중곡동,11,서울특별시,11680,강남구,1168010100,역삼동,07,30,65,1958.0,11,서울특별시,11215,광진구,1121510100,중곡동
20260224,11,서울특별시,11215,광진구,1121510100,중곡동,11,서울특별시,11680,강남구,1168010100,역삼동,07,45,85,1962.0,11,서울특별시,11215,광진구,1121510100,중곡동
20260224,11,서울특별시,11215,광진구,1121510100,중곡동,11,서울특별시,11680,강남구,1168010100,역삼동,08,00,123,1928.0,11,서울특별시,11215,광진구,1121510100,중곡동
20260224,11,서울특별시,11215,광진구,1121510100,중곡동,11,서울특별시,11680,강남구,1168010100,역삼동,08,15,103,1939.0,11,서울특별시,11215,광진구,1121510100,중곡동
20260224,11,서울특별시,11215,광진구,1121510100,중곡동,11,서울특별시,11680,강남구,1168010100,역삼동,08,30,93,1859.0,11,서울특별시,11215,광진구,1121510100,중곡동
20260224,11,서울특별시,11215,광진구,1121510100,중곡동,11,서울특별시,11680,강남구,1168010100,역삼동,08,45,111,1848.0,11,서울특별시,11215,광진구,1121510100,중곡동
20260224,11,서울특별시,11215,광진구,1121510100,중곡동,11,서울특별시,11680,강남구,1168010100,역삼동,09,00,107,1927.0,11,서울특별시,11215,광진구,1121510100,중곡동
20260224,11,서울특별시,11215,광진구,1121510100,중곡동,11,서울특별시,11680,강남구,1168010100,역삼동,09,15,84,1822.0,11,서울특별시,11215,광진구,1121510100,중곡동
20260224,11,서울특별시,11215,광진구,1121510100,중곡동,11,서울특별시,11680,강남구,1168010100,역삼동,09,30,32,1797.0,11,서울특별시,11215,광진구,1121510100,중곡동
20260224,11,서울특별시,11215,광진구,1121510100,중곡동,11,서울특별시,11680,강남구,1168010100,역삼동,09,45,37,1941.0,11,서울특별시,11215,광진구,1121510100,중곡동
20260224,11,서울특별시,11215,광진구,1121510100,중곡동,11,서울특별시,11680,강남구,1168010100,역삼동,10,00,32,2084.0,11,서울특별시,11215,광진구,1121510100,중곡동
20260224,11,서울특별시,11215,광진구,1121510100,중곡동,11,서울특별시,11680,강남구,1168010100,역삼동,10,15,28,2499.0,11,서울특별시,11215,광진구,1121510100,중곡동
20260224,11,서울특별시,11215,광진구,1121510100,중곡동,11,서울특별시,11680,강남구,1168010100,역삼동,10,30,19,1829.0,11,서울특별시,11215,광진구,1121510100,중곡동
20260224,11,서울특별시,11215,광진구,1121510100,중곡동,11,서울특별시,11680,강남구,1168010100,역삼동,10,45,15,1856.0,11,서울특별시,11215,광진구,1121510100,중곡동
20260224,11,서울특별시,11215,광진구,1121510100,중곡동,11,서울특별시,11680,강남구,1168010100,역삼동,11,00,19,1797.0,11,서울특별시,11215,광진구,1121510100,중곡동
20260224,11,서울특별시,11215,광진구,1121510100,중곡동,11,서울특별시,11680,강남구,1168010100,역삼동,11,15,13,1876.0,11,서울특별시,11215,광진구,1121510100,중곡동
20260224,11,서울특별시,11215,광진구,1121510100,중곡동,11,서울특별시,11680,강남구,1168010100,역삼동,11,30,4,2019.0,11,서울특별시,11215,광진구,1121510100,중곡동
20260224,11,서울특별시,11215,광진구,1121510100,중곡동,11,서울특별시,11680,강남구,1168010100,역삼동,11,45,14,2041.0,11,서울특별시,11215,광진구,1121510100,중곡동
20260224,11,서울특별시,11215,광진구,1121510200,능동,11,서울특별시,11680,강남구,1168010100,역삼동,07,00,6,1607.0,11,서울특별시,11215,광진구,1121510200,능동
20260224,11,서울특별시,11215,광진구,1121510200,능동,11,서울특별시,11680,강남구,1168010100,역삼동,07,15,7,1348.0,11,서울특별시,11215,광진구,1121510200,능동
20260224,11,서울특별시,11215,광진구,1121510200,능동,11,서울특별시,11680,강남구,1168010100,역삼동,07,30,13,1597.0,11,서울특별시,11215,광진구,1121510200,능동
20260224,11,서울특별시,11215,광진구,1121510200,능동,11,서울특별시,11680,강남구,1168010100,역삼동,07,45,6,1376.0,11,서울특별시,11215,광진구,1121510200,능동
20260224,11,서울특별시,11215,광진구,1121510200,능동,11,서울특별시,11680,강남구,1168010100,역삼동,08,00,10,1614.0,11,서울특별시,11215,광진구,1121510200,능동
20260224,11,서울특별시,11215,광진구,1121510200,능동,11,서울특별시,11680,강남구,1168010100,역삼동,08,15,25,1570.0,11,서울특별시,11215,광진구,1121510200,능동
20260224,11,서울특별시,11215,광진구,1121510200,능동,11,서울특별시,11680,강남구,1168010100,역삼동,08,30,19,1663.0,11,서울특별시,11215,광진구,1121510200,능동
20260224,11,서울특별시,11215,광진구,1121510200,능동,11,서울특별시,11680,강남구,1168010100,역삼동,08,45,20,1488.0,11,서울특별시,11215,광진구,1121510200,능동
20260224,11,서울특별시,11215,광진구,1121510200,능동,11,서울특별시,11680,강남구,1168010100,역삼동,09,00,25,1557.0,11,서울특별시,11215,광진구,1121510200,능동
20260224,11,서울특별시,11215,광진구,1121510200,능동,11,서울특별시,11680,강남구,1168010100,역삼동,09,15,21,1598.0,11,서울특별시,11215,광진구,1121510200,능동
20260224,11,서울특별시,11215,광진구,1121510200,능동,11,서울특별시,11680,강남구,1168010100,역삼동,09,30,15,1436.0,11,서울특별시,11215,광진구,1121510200,능동
20260224,11,서울특별시,11215,광진구,1121510200,능동,11,서울특별시,11680,강남구,1168010100,역삼동,09,45,6,1537.0,11,서울특별시,11215,광진구,1121510200,능동
20260224,11,서울특별시,11215,광진구,1121510200,능동,11,서울특별시,11680,강남구,1168010100,역삼동,10,00,7,1692.0,11,서울특별시,11215,광진구,1121510200,능동
20260224,11,서울특별시,11215,광진구,1121510200,능동,11,서울특별시,11680,강남구,1168010100,역삼동,10,15,8,1527.0,11,서울특별시,11215,광진구,1121510200,능동
20260224,11,서울특별시,11215,광진구,1121510200,능동,11,서울특별시,11680,강남구,1168010100,역삼동,10,30,4,1502.0,11,서울특별시,11215,광진구,1121510200,능동
20260224,11,서울특별시,11215,광진구,1121510200,능동,11,서울특별시,11680,강남구,1168010100,역삼동,10,45,3,1740.0,11,서울특별시,11215,광진구,1121510200,능동
20260224,11,서울특별시,11215,광진구,1121510200,능동,11,서울특별시,11680,강남구,1168010100,역삼동,11,00,5,1754.0,11,서울특별시,11215,광진구,1121510200,능동
20260224,11,서울특별시,11215,광진구,1121510200,능동,11,서울특별시,11680,강남구,1168010100,역삼동,11,15,3,1392.0,11,서울특별시,11215,광진구,1121510200,능동
20260224,11,서울특별시,11215,광진구,1121510200,능동,11,서울특별시,11680,강남구,1168010100,역삼동,11,30,4,1678.0,11,서울특별시,11215,광진구,1121510200,능동
20260224,11,서울특별시,11215,광진구,1121510200,능동,11,서울특별시,11680,강남구,1168010100,역삼동,11,45,2,1815.0,11,서울특별시,11215,광진구,1121510200,능동
20260224,11,서울특별시,11215,광진구,1121510300,구의동,11,서울특별시,11680,강남구,1168010100,역삼동,07,00,56,1350.0,11,서울특별시,11215,광진구,1121510300,구의동
20260224,11,서울특별시,11215,광진구,1121510300,구의동,11,서울특별시,11680,강남구,1168010100,역삼동,07,15,81,1520.0,11,서울특별시,11215,광진구,1121510300,구의동
20260224,11,서울특별시,11215,광진구,1121510300,구의동,11,서울특별시,11680,강남구,1168010100,역삼동,07,30,91,1513.0,11,서울특별시,11215,광진구,1121510300,구의동
20260224,11,서울특별시,11215,광진구,1121510300,구의동,11,서울특별시,11680,강남구,1168010100,역삼동,07,45,122,1315.0,11,서울특별시,11215,광진구,1121510300,구의동
20260224,11,서울특별시,11215,광진구,1121510300,구의동,11,서울특별시,11680,강남구,1168010100,역삼동,08,00,141,1322.0,11,서울특별시,11215,광진구,1121510300,구의동
20260224,11,서울특별시,11215,광진구,1121510300,구의동,11,서울특별시,11680,강남구,1168010100,역삼동,08,15,176,1255.0,11,서울특별시,11215,광진구,1121510300,구의동
20260224,11,서울특별시,11215,광진구,1121510300,구의동,11,서울특별시,11680,강남구,1168010100,역삼동,08,30,126,1331.0,11,서울특별시,11215,광진구,1121510300,구의동
20260224,11,서울특별시,11215,광진구,1121510300,구의동,11,서울특별시,11680,강남구,1168010100,역삼동,08,45,129,1366.0,11,서울특별시,11215,광진구,1121510300,구의동
20260224,11,서울특별시,11215,광진구,1121510300,구의동,11,서울특별시,11680,강남구,1168010100,역삼동,09,00,111,1349.0,11,서울특별시,11215,광진구,1121510300,구의동
20260224,11,서울특별시,11215,광진구,1121510300,구의동,11,서울특별시,11680,강남구,1168010100,역삼동,09,15,123,1257.0,11,서울특별시,11215,광진구,1121510300,구의동
20260224,11,서울특별시,11215,광진구,1121510300,구의동,11,서울특별시,11680,강남구,1168010100,역삼동,09,30,78,1303.0,11,서울특별시,11215,광진구,1121510300,구의동
20260224,11,서울특별시,11215,광진구,1121510300,구의동,11,서울특별시,11680,강남구,1168010100,역삼동,09,45,68,1344.0,11,서울특별시,11215,광진구,1121510300,구의동
20260224,11,서울특별시,11215,광진구,1121510300,구의동,11,서울특별시,11680,강남구,1168010100,역삼동,10,00,75,1408.0,11,서울특별시,11215,광진구,1121510300,구의동
20260224,11,서울특별시,11215,광진구,1121510300,구의동,11,서울특별시,11680,강남구,1168010100,역삼동,10,15,50,1387.0,11,서울특별시,11215,광진구,1121510300,구의동
20260224,11,서울특별시,11215,광진구,1121510300,구의동,11,서울특별시,11680,강남구,1168010100,역삼동,10,30,56,1400.0,11,서울특별시,11215,광진구,1121510300,구의동
20260224,11,서울특별시,11215,광진구,1121510300,구의동,11,서울특별시,11680,강남구,1168010100,역삼동,10,45,39,1362.0,11,서울특별시,11215,광진구,1121510300,구의동
20260224,11,서울특별시,11215,광진구,1121510300,구의동,11,서울특별시,11680,강남구,1168010100,역삼동,11,00,40,1378.0,11,서울특별시,11215,광진구,1121510300,구의동
20260224,11,서울특별시,11215,광진구,1121510300,구의동,11,서울특별시,11680,강남구,1168010100,역삼동,11,15,28,1207.0,11,서울특별시,11215,광진구,1121510300,구의동
20260224,11,서울특별시,11215,광진구,1121510300,구의동,11,서울특별시,11680,강남구,1168010100,역삼동,11,30,23,1242.0,11,서울특별시,11215,광진구,1121510300,구의동
20260224,11,서울특별시,11215,광진구,1121510300,구의동,11,서울특별시,11680,강남구,1168010100,역삼동,11,45,25,1256.0,11,서울특별시,11215,광진구,1121510300,구의동
20260224,11,서울특별시,11215,광진구,1121510400,광장동,11,서울특별시,11680,강남구,1168010100,역삼동,07,00,23,1524.0,11,서울특별시,11215,광진구,1121510400,광장동
20260224,11,서울특별시,11215,광진구,1121510400,광장동,11,서울특별시,11680,강남구,1168010100,역삼동,07,15,23,1536.0,11,서울특별시,11215,광진구,1121510400,광장동
20260224,11,서울특별시,11215,광진구,1121510400,광장동,11,서울특별시,11680,강남구,1168010100,역삼동,07,30,27,1603.0,11,서울특별시,11215,광진구,1121510400,광장동
20260224,11,서울특별시,11215,광진구,1121510400,광장동,11,서울특별시,11680,강남구,1168010100,역삼동,07,45,40,1546.0,11,서울특별시,11215,광진구,1121510400,광장동
20260224,11,서울특별시,11215,광진구,1121510400,광장동,11,서울특별시,11680,강남구,1168010100,역삼동,08,00,35,1704.0,11,서울특별시,11215,광진구,1121510400,광장동
20260224,11,서울특별시,11215,광진구,1121510400,광장동,11,서울특별시,11680,강남구,1168010100,역삼동,08,15,30,1701.0,11,서울특별시,11215,광진구,1121510400,광장동
20260224,11,서울특별시,11215,광진구,1121510400,광장동,11,서울특별시,11680,강남구,1168010100,역삼동,08,30,20,1629.0,11,서울특별시,11215,광진구,1121510400,광장동
20260224,11,서울특별시,11215,광진구,1121510400,광장동,11,서울특별시,11680,강남구,1168010100,역삼동,08,45,27,1751.0,11,서울특별시,11215,광진구,1121510400,광장동
20260224,11,서울특별시,11215,광진구,1121510400,광장동,11,서울특별시,11680,강남구,1168010100,역삼동,09,00,30,1560.0,11,서울특별시,11215,광진구,1121510400,광장동
20260224,11,서울특별시,11215,광진구,1121510400,광장동,11,서울특별시,11680,강남구,1168010100,역삼동,09,15,15,1661.0,11,서울특별시,11215,광진구,1121510400,광장동
20260224,11,서울특별시,11215,광진구,1121510400,광장동,11,서울특별시,11680,강남구,1168010100,역삼동,09,30,11,1515.0,11,서울특별시,11215,광진구,1121510400,광장동
20260224,11,서울특별시,11215,광진구,1121510400,광장동,11,서울특별시,11680,강남구,1168010100,역삼동,09,45,7,1701.0,11,서울특별시,11215,광진구,1121510400,광장동
20260224,11,서울특별시,11215,광진구,1121510400,광장동,11,서울특별시,11680,강남구,1168010100,역삼동,10,00,5,1918.0,11,서울특별시,11215,광진구,1121510400,광장동
20260224,11,서울특별시,11215,광진구,1121510400,광장동,11,서울특별시,11680,강남구,1168010100,역삼동,10,15,7,1663.0,11,서울특별시,11215,광진구,1121510400,광장동
20260224,11,서울특별시,11215,광진구,1121510400,광장동,11,서울특별시,11680,강남구,1168010100,역삼동,10,30,5,1487.0,11,서울특별시,11215,광진구,1121510400,광장동
20260224,11,서울특별시,11215,광진구,1121510400,광장동,11,서울특별시,11680,강남구,1168010100,역삼동,10,45,1,1361.0,11,서울특별시,11215,광진구,1121510400,광장동
20260224,11,서울특별시,11215,광진구,1121510400,광장동,11,서울특별시,11680,강남구,1168010100,역삼동,11,00,3,1591.0,11,서울특별시,11215,광진구,1121510400,광장동
20260224,11,서울특별시,11215,광진구,1121510400,광장동,11,서울특별시,11680,강남구,1168010100,역삼동,11,15,1,2067.0,11,서울특별시,11215,광진구,1121510400,광장동
20260224,11,서울특별시,11215,광진구,1121510400,광장동,11,서울특별시,11680,강남구,1168010100,역삼동,11,30,4,2332.0,11,서울특별시,11215,광진구,1121510400,광장동
20260224,11,서울특별시,11215,광진구,1121510400,광장동,11,서울특별시,11680,강남구,1168010100,역삼동,11,45,2,1975.0,11,서울특별시,11215,광진구,1121510400,광장동
20260224,11,서울특별시,11215,광진구,1121510500,자양동,11,서울특별시,11680,강남구,1168010100,역삼동,07,00,71,1276.0,11,서울특별시,11215,광진구,1121510500,자양동
20260224,11,서울특별시,11215,광진구,1121510500,자양동,11,서울특별시,11680,강남구,1168010100,역삼동,07,15,120,1275.0,11,서울특별시,11215,광진구,1121510500,자양동
20260224,11,서울특별시,11215,광진구,1121510500,자양동,11,서울특별시,11680,강남구,1168010100,역삼동,07,30,139,1262.0,11,서울특별시,11215,광진구,1121510500,자양동
20260224,11,서울특별시,11215,광진구,1121510500,자양동,11,서울특별시,11680,강남구,1168010100,역삼동,07,45,173,1310.0,11,서울특별시,11215,광진구,1121510500,자양동
20260224,11,서울특별시,11215,광진구,1121510500,자양동,11,서울특별시,11680,강남구,1168010100,역삼동,08,00,262,1311.0,11,서울특별시,11215,광진구,1121510500,자양동
20260224,11,서울특별시,11215,광진구,1121510500,자양동,11,서울특별시,11680,강남구,1168010100,역삼동,08,15,333,1395.0,11,서울특별시,11215,광진구,1121510500,자양동
20260224,11,서울특별시,11215,광진구,1121510500,자양동,11,서울특별시,11680,강남구,1168010100,역삼동,08,30,215,1323.0,11,서울특별시,11215,광진구,1121510500,자양동
20260224,11,서울특별시,11215,광진구,1121510500,자양동,11,서울특별시,11680,강남구,1168010100,역삼동,08,45,206,1306.0,11,서울특별시,11215,광진구,1121510500,자양동
20260224,11,서울특별시,11215,광진구,1121510500,자양동,11,서울특별시,11680,강남구,1168010100,역삼동,09,00,199,1300.0,11,서울특별시,11215,광진구,1121510500,자양동
20260224,11,서울특별시,11215,광진구,1121510500,자양동,11,서울특별시,11680,강남구,1168010100,역삼동,09,15,257,1263.0,11,서울특별시,11215,광진구,1121510500,자양동
20260224,11,서울특별시,11215,광진구,1121510500,자양동,11,서울특별시,11680,강남구,1168010100,역삼동,09,30,136,1276.0,11,서울특별시,11215,광진구,1121510500,자양동
20260224,11,서울특별시,11215,광진구,1121510500,자양동,11,서울특별시,11680,강남구,1168010100,역삼동,09,45,68,1405.0,11,서울특별시,11215,광진구,1121510500,자양동
20260224,11,서울특별시,11215,광진구,1121510500,자양동,11,서울특별시,11680,강남구,1168010100,역삼동,10,00,51,1329.0,11,서울특별시,11215,광진구,1121510500,자양동
20260224,11,서울특별시,11215,광진구,1121510500,자양동,11,서울특별시,11680,강남구,1168010100,역삼동,10,15,75,1380.0,11,서울특별시,11215,광진구,1121510500,자양동
20260224,11,서울특별시,11215,광진구,1121510500,자양동,11,서울특별시,11680,강남구,1168010100,역삼동,10,30,38,1240.0,11,서울특별시,11215,광진구,1121510500,자양동
20260224,11,서울특별시,11215,광진구,1121510500,자양동,11,서울특별시,11680,강남구,1168010100,역삼동,10,45,35,1244.0,11,서울특별시,11215,광진구,1121510500,자양동
20260224,11,서울특별시,11215,광진구,1121510500,자양동,11,서울특별시,11680,강남구,1168010100,역삼동,11,00,28,1326.0,11,서울특별시,11215,광진구,1121510500,자양동
20260224,11,서울특별시,11215,광진구,1121510500,자양동,11,서울특별시,11680,강남구,1168010100,역삼동,11,15,42,1382.0,11,서울특별시,11215,광진구,1121510500,자양동
20260224,11,서울특별시,11215,광진구,1121510500,자양동,11,서울특별시,11680,강남구,1168010100,역삼동,11,30,29,1334.0,11,서울특별시,11215,광진구,1121510500,자양동
20260224,11,서울특별시,11215,광진구,1121510500,자양동,11,서울특별시,11680,강남구,1168010100,역삼동,11,45,17,1323.0,11,서울특별시,11215,광진구,1121510500,자양동
20260224,11,서울특별시,11215,광진구,1121510700,화양동,11,서울특별시,11680,강남구,1168010100,역삼동,07,00,37,1396.0,11,서울특별시,11215,광진구,1121510700,화양동
20260224,11,서울특별시,11215,광진구,1121510700,화양동,11,서울특별시,11680,강남구,1168010100,역삼동,07,15,50,1374.0,11,서울특별시,11215,광진구,1121510700,화양동
20260224,11,서울특별시,11215,광진구,1121510700,화양동,11,서울특별시,11680,강남구,1168010100,역삼동,07,30,46,1388.0,11,서울특별시,11215,광진구,1121510700,화양동
20260224,11,서울특별시,11215,광진구,1121510700,화양동,11,서울특별시,11680,강남구,1168010100,역삼동,07,45,63,1365.0,11,서울특별시,11215,광진구,1121510700,화양동
20260224,11,서울특별시,11215,광진구,1121510700,화양동,11,서울특별시,11680,강남구,1168010100,역삼동,08,00,109,1434.0,11,서울특별시,11215,광진구,1121510700,화양동
20260224,11,서울특별시,11215,광진구,1121510700,화양동,11,서울특별시,11680,강남구,1168010100,역삼동,08,15,183,1397.0,11,서울특별시,11215,광진구,1121510700,화양동
20260224,11,서울특별시,11215,광진구,1121510700,화양동,11,서울특별시,11680,강남구,1168010100,역삼동,08,30,97,1434.0,11,서울특별시,11215,광진구,1121510700,화양동
20260224,11,서울특별시,11215,광진구,1121510700,화양동,11,서울특별시,11680,강남구,1168010100,역삼동,08,45,95,1536.0,11,서울특별시,11215,광진구,1121510700,화양동
20260224,11,서울특별시,11215,광진구,1121510700,화양동,11,서울특별시,11680,강남구,1168010100,역삼동,09,00,78,1405.0,11,서울특별시,11215,광진구,1121510700,화양동
20260224,11,서울특별시,11215,광진구,1121510700,화양동,11,서울특별시,11680,강남구,1168010100,역삼동,09,15,119,1381.0,11,서울특별시,11215,광진구,1121510700,화양동
20260224,11,서울특별시,11215,광진구,1121510700,화양동,11,서울특별시,11680,강남구,1168010100,역삼동,09,30,71,1326.0,11,서울특별시,11215,광진구,1121510700,화양동
20260224,11,서울특별시,11215,광진구,1121510700,화양동,11,서울특별시,11680,강남구,1168010100,역삼동,09,45,40,1764.0,11,서울특별시,11215,광진구,1121510700,화양동
20260224,11,서울특별시,11215,광진구,1121510700,화양동,11,서울특별시,11680,강남구,1168010100,역삼동,10,00,35,1590.0,11,서울특별시,11215,광진구,1121510700,화양동
20260224,11,서울특별시,11215,광진구,1121510700,화양동,11,서울특별시,11680,강남구,1168010100,역삼동,10,15,36,1479.0,11,서울특별시,11215,광진구,1121510700,화양동
20260224,11,서울특별시,11215,광진구,1121510700,화양동,11,서울특별시,11680,강남구,1168010100,역삼동,10,30,24,1348.0,11,서울특별시,11215,광진구,1121510700,화양동
20260224,11,서울특별시,11215,광진구,1121510700,화양동,11,서울특별시,11680,강남구,1168010100,역삼동,10,45,18,1402.0,11,서울특별시,11215,광진구,1121510700,화양동
20260224,11,서울특별시,11215,광진구,1121510700,화양동,11,서울특별시,11680,강남구,1168010100,역삼동,11,00,17,1529.0,11,서울특별시,11215,광진구,1121510700,화양동
20260224,11,서울특별시,11215,광진구,1121510700,화양동,11,서울특별시,11680,강남구,1168010100,역삼동,11,15,24,1460.0,11,서울특별시,11215,광진구,1121510700,화양동
20260224,11,서울특별시,11215,광진구,1121510700,화양동,11,서울특별시,11680,강남구,1168010100,역삼동,11,30,8,1496.0,11,서울특별시,11215,광진구,1121510700,화양동
20260224,11,서울특별시,11215,광진구,1121510700,화양동,11,서울특별시,11680,강남구,1168010100,역삼동,11,45,11,1348.0,11,서울특별시,11215,광진구,1121510700,화양동
20260224,11,서울특별시,11215,광진구,1121510900,군자동,11,서울특별시,11680,강남구,1168010100,역삼동,07,00,4,1583.0,11,서울특별시,11215,광진구,1121510900,군자동
20260224,11,서울특별시,11215,광진구,1121510900,군자동,11,서울특별시,11680,강남구,1168010100,역삼동,07,15,5,1761.0,11,서울특별시,11215,광진구,1121510900,군자동
20260224,11,서울특별시,11215,광진구,1121510900,군자동,11,서울특별시,11680,강남구,1168010100,역삼동,07,30,8,1973.0,11,서울특별시,11215,광진구,1121510900,군자동
20260224,11,서울특별시,11215,광진구,1121510900,군자동,11,서울특별시,11680,강남구,1168010100,역삼동,07,45,4,1815.0,11,서울특별시,11215,광진구,1121510900,군자동
20260224,11,서울특별시,11215,광진구,1121510900,군자동,11,서울특별시,11680,강남구,1168010100,역삼동,08,00,6,2024.0,11,서울특별시,11215,광진구,1121510900,군자동
20260224,11,서울특별시,11215,광진구,1121510900,군자동,11,서울특별시,11680,강남구,1168010100,역삼동,08,15,5,1982.0,11,서울특별시,11215,광진구,1121510900,군자동
20260224,11,서울특별시,11215,광진구,1121510900,군자동,11,서울특별시,11680,강남구,1168010100,역삼동,08,30,4,1815.0,11,서울특별시,11215,광진구,1121510900,군자동
20260224,11,서울특별시,11215,광진구,1121510900,군자동,11,서울특별시,11680,강남구,1168010100,역삼동,08,45,2,2576.0,11,서울특별시,11215,광진구,1121510900,군자동
20260224,11,서울특별시,11215,광진구,1121510900,군자동,11,서울특별시,11680,강남구,1168010100,역삼동,09,00,6,1769.0,11,서울특별시,11215,광진구,1121510900,군자동
20260224,11,서울특별시,11215,광진구,1121510900,군자동,11,서울특별시,11680,강남구,1168010100,역삼동,09,15,5,1717.0,11,서울특별시,11215,광진구,1121510900,군자동
20260224,11,서울특별시,11215,광진구,1121510900,군자동,11,서울특별시,11680,강남구,1168010100,역삼동,09,30,5,1933.0,11,서울특별시,11215,광진구,1121510900,군자동
20260224,11,서울특별시,11215,광진구,1121510900,군자동,11,서울특별시,11680,강남구,1168010100,역삼동,09,45,2,1640.0,11,서울특별시,11215,광진구,1121510900,군자동
20260224,11,서울특별시,11215,광진구,1121510900,군자동,11,서울특별시,11680,강남구,1168010100,역삼동,10,00,1,2260.0,11,서울특별시,11215,광진구,1121510900,군자동
20260224,11,서울특별시,11215,광진구,1121510900,군자동,11,서울특별시,11680,강남구,1168010100,역삼동,10,15,3,1642.0,11,서울특별시,11215,광진구,1121510900,군자동
20260224,11,서울특별시,11215,광진구,1121510900,군자동,11,서울특별시,11680,강남구,1168010100,역삼동,10,30,1,1873.0,11,서울특별시,11215,광진구,1121510900,군자동
20260224,11,서울특별시,11215,광진구,1121510900,군자동,11,서울특별시,11680,강남구,1168010100,역삼동,10,45,3,2275.0,11,서울특별시,11215,광진구,1121510900,군자동
20260224,11,서울특별시,11215,광진구,1121510900,군자동,11,서울특별시,11680,강남구,1168010100,역삼동,11,15,1,1767.0,11,서울특별시,11215,광진구,1121510900,군자동
20260224,11,서울특별시,11215,광진구,1121510900,군자동,11,서울특별시,11680,강남구,1168010100,역삼동,11,30,2,2142.0,11,서울특별시,11215,광진구,1121510900,군자동
20260224,11,서울특별시,11215,광진구,1121510900,군자동,11,서울특별시,11680,강남구,1168010100,역삼동,11,45,1,2388.0,11,서울특별시,11215,광진구,1121510900,군자동
20260224,11,서울특별시,11230,동대문구,1123010100,신설동,11,서울특별시,11680,강남구,1168010100,역삼동,07,00,4,2664.0,11,서울특별시,11230,동대문구,1123010100,신설동
20260224,11,서울특별시,11230,동대문구,1123010100,신설동,11,서울특별시,11680,강남구,1168010100,역삼동,07,15,8,2485.0,11,서울특별시,11230,동대문구,1123010100,신설동
20260224,11,서울특별시,11230,동대문구,1123010100,신설동,11,서울특별시,11680,강남구,1168010100,역삼동,07,30,13,2464.0,11,서울특별시,11230,동대문구,1123010100,신설동
20260224,11,서울특별시,11230,동대문구,1123010100,신설동,11,서울특별시,11680,강남구,1168010100,역삼동,07,45,24,2829.0,11,서울특별시,11230,동대문구,1123010100,신설동
20260224,11,서울특별시,11230,동대문구,1123010100,신설동,11,서울특별시,11680,강남구,1168010100,역삼동,08,00,22,2526.0,11,서울특별시,11230,동대문구,1123010100,신설동
20260224,11,서울특별시,11230,동대문구,1123010100,신설동,11,서울특별시,11680,강남구,1168010100,역삼동,08,15,7,2664.0,11,서울특별시,11230,동대문구,1123010100,신설동
20260224,11,서울특별시,11230,동대문구,1123010100,신설동,11,서울특별시,11680,강남구,1168010100,역삼동,08,30,14,2360.0,11,서울특별시,11230,동대문구,1123010100,신설동
20260224,11,서울특별시,11230,동대문구,1123010100,신설동,11,서울특별시,11680,강남구,1168010100,역삼동,08,45,14,2591.0,11,서울특별시,11230,동대문구,1123010100,신설동
20260224,11,서울특별시,11230,동대문구,1123010100,신설동,11,서울특별시,11680,강남구,1168010100,역삼동,09,00,11,2482.0,11,서울특별시,11230,동대문구,1123010100,신설동
20260224,11,서울특별시,11230,동대문구,1123010100,신설동,11,서울특별시,11680,강남구,1168010100,역삼동,09,15,6,2662.0,11,서울특별시,11230,동대문구,1123010100,신설동
20260224,11,서울특별시,11230,동대문구,1123010100,신설동,11,서울특별시,11680,강남구,1168010100,역삼동,09,30,5,2696.0,11,서울특별시,11230,동대문구,1123010100,신설동
20260224,11,서울특별시,11230,동대문구,1123010100,신설동,11,서울특별시,11680,강남구,1168010100,역삼동,09,45,5,2756.0,11,서울특별시,11230,동대문구,1123010100,신설동
20260224,11,서울특별시,11230,동대문구,1123010100,신설동,11,서울특별시,11680,강남구,1168010100,역삼동,10,00,8,2669.0,11,서울특별시,11230,동대문구,1123010100,신설동
20260224,11,서울특별시,11230,동대문구,1123010100,신설동,11,서울특별시,11680,강남구,1168010100,역삼동,10,15,7,2619.0,11,서울특별시,11230,동대문구,1123010100,신설동
20260224,11,서울특별시,11230,동대문구,1123010100,신설동,11,서울특별시,11680,강남구,1168010100,역삼동,10,30,4,3121.0,11,서울특별시,11230,동대문구,1123010100,신설동
20260224,11,서울특별시,11230,동대문구,1123010100,신설동,11,서울특별시,11680,강남구,1168010100,역삼동,10,45,5,2854.0,11,서울특별시,11230,동대문구,1123010100,신설동
20260224,11,서울특별시,11230,동대문구,1123010100,신설동,11,서울특별시,11680,강남구,1168010100,역삼동,11,00,9,3035.0,11,서울특별시,11230,동대문구,1123010100,신설동
20260224,11,서울특별시,11230,동대문구,1123010100,신설동,11,서울특별시,11680,강남구,1168010100,역삼동,11,15,4,3087.0,11,서울특별시,11230,동대문구,1123010100,신설동
20260224,11,서울특별시,11230,동대문구,1123010100,신설동,11,서울특별시,11680,강남구,1168010100,역삼동,11,30,3,3091.0,11,서울특별시,11230,동대문구,1123010100,신설동
20260224,11,서울특별시,11230,동대문구,1123010100,신설동,11,서울특별시,11680,강남구,1168010100,역삼동,11,45,3,2509.0,11,서울특별시,11230,동대문구,1123010100,신설동
20260224,11,서울특별시,11230,동대문구,1123010200,용두동,11,서울특별시,11680,강남구,1168010100,역삼동,07,00,22,2356.0,11,서울특별시,11230,동대문구,1123010200,용두동
20260224,11,서울특별시,11230,동대문구,1123010200,용두동,11,서울특별시,11680,강남구,1168010100,역삼동,07,15,9,2367.0,11,서울특별시,11230,동대문구,1123010200,용두동
20260224,11,서울특별시,11230,동대문구,1123010200,용두동,11,서울특별시,11680,강남구,1168010100,역삼동,07,30,29,2373.0,11,서울특별시,11230,동대문구,1123010200,용두동
20260224,11,서울특별시,11230,동대문구,1123010200,용두동,11,서울특별시,11680,강남구,1168010100,역삼동,07,45,30,2498.0,11,서울특별시,11230,동대문구,1123010200,용두동
20260224,11,서울특별시,11230,동대문구,1123010200,용두동,11,서울특별시,11680,강남구,1168010100,역삼동,08,00,28,2333.0,11,서울특별시,11230,동대문구,1123010200,용두동
20260224,11,서울특별시,11230,동대문구,1123010200,용두동,11,서울특별시,11680,강남구,1168010100,역삼동,08,15,21,2303.0,11,서울특별시,11230,동대문구,1123010200,용두동
20260224,11,서울특별시,11230,동대문구,1123010200,용두동,11,서울특별시,11680,강남구,1168010100,역삼동,08,30,14,2393.0,11,서울특별시,11230,동대문구,1123010200,용두동
20260224,11,서울특별시,11230,동대문구,1123010200,용두동,11,서울특별시,11680,강남구,1168010100,역삼동,08,45,19,2388.0,11,서울특별시,11230,동대문구,1123010200,용두동
20260224,11,서울특별시,11230,동대문구,1123010200,용두동,11,서울특별시,11680,강남구,1168010100,역삼동,09,00,19,2391.0,11,서울특별시,11230,동대문구,1123010200,용두동
20260224,11,서울특별시,11230,동대문구,1123010200,용두동,11,서울특별시,11680,강남구,1168010100,역삼동,09,15,13,2386.0,11,서울특별시,11230,동대문구,1123010200,용두동
20260224,11,서울특별시,11230,동대문구,1123010200,용두동,11,서울특별시,11680,강남구,1168010100,역삼동,09,30,9,2400.0,11,서울특별시,11230,동대문구,1123010200,용두동
20260224,11,서울특별시,11230,동대문구,1123010200,용두동,11,서울특별시,11680,강남구,1168010100,역삼동,09,45,8,2437.0,11,서울특별시,11230,동대문구,1123010200,용두동
20260224,11,서울특별시,11230,동대문구,1123010200,용두동,11,서울특별시,11680,강남구,1168010100,역삼동,10,15,3,2299.0,11,서울특별시,11230,동대문구,1123010200,용두동
20260224,11,서울특별시,11230,동대문구,1123010200,용두동,11,서울특별시,11680,강남구,1168010100,역삼동,10,30,5,2798.0,11,서울특별시,11230,동대문구,1123010200,용두동
20260224,11,서울특별시,11230,동대문구,1123010200,용두동,11,서울특별시,11680,강남구,1168010100,역삼동,10,45,1,2015.0,11,서울특별시,11230,동대문구,1123010200,용두동
20260224,11,서울특별시,11230,동대문구,1123010200,용두동,11,서울특별시,11680,강남구,1168010100,역삼동,11,00,5,2346.0,11,서울특별시,11230,동대문구,1123010200,용두동
20260224,11,서울특별시,11230,동대문구,1123010200,용두동,11,서울특별시,11680,강남구,1168010100,역삼동,11,15,2,2004.0,11,서울특별시,11230,동대문구,1123010200,용두동
20260224,11,서울특별시,11230,동대문구,1123010200,용두동,11,서울특별시,11680,강남구,1168010100,역삼동,11,30,3,2183.0,11,서울특별시,11230,동대문구,1123010200,용두동
20260224,11,서울특별시,11230,동대문구,1123010200,용두동,11,서울특별시,11680,강남구,1168010100,역삼동,11,45,1,2843.0,11,서울특별시,11230,동대문구,1123010200,용두동
20260224,11,서울특별시,11230,동대문구,1123010300,제기동,11,서울특별시,11680,강남구,1168010100,역삼동,07,00,4,2864.0,11,서울특별시,11230,동대문구,1123010300,제기동
20260224,11,서울특별시,11230,동대문구,1123010300,제기동,11,서울특별시,11680,강남구,1168010100,역삼동,07,15,4,2435.0,11,서울특별시,11230,동대문구,1123010300,제기동
20260224,11,서울특별시,11230,동대문구,1123010300,제기동,11,서울특별시,11680,강남구,1168010100,역삼동,07,30,10,2752.0,11,서울특별시,11230,동대문구,1123010300,제기동
20260224,11,서울특별시,11230,동대문구,1123010300,제기동,11,서울특별시,11680,강남구,1168010100,역삼동,07,45,9,3021.0,11,서울특별시,11230,동대문구,1123010300,제기동
20260224,11,서울특별시,11230,동대문구,1123010300,제기동,11,서울특별시,11680,강남구,1168010100,역삼동,08,00,6,2628.0,11,서울특별시,11230,동대문구,1123010300,제기동
20260224,11,서울특별시,11230,동대문구,1123010300,제기동,11,서울특별시,11680,강남구,1168010100,역삼동,08,15,6,2680.0,11,서울특별시,11230,동대문구,1123010300,제기동
20260224,11,서울특별시,11230,동대문구,1123010300,제기동,11,서울특별시,11680,강남구,1168010100,역삼동,08,30,6,2961.0,11,서울특별시,11230,동대문구,1123010300,제기동
20260224,11,서울특별시,11230,동대문구,1123010300,제기동,11,서울특별시,11680,강남구,1168010100,역삼동,08,45,7,2871.0,11,서울특별시,11230,동대문구,1123010300,제기동
20260224,11,서울특별시,11230,동대문구,1123010300,제기동,11,서울특별시,11680,강남구,1168010100,역삼동,09,00,7,2597.0,11,서울특별시,11230,동대문구,1123010300,제기동
20260224,11,서울특별시,11230,동대문구,1123010300,제기동,11,서울특별시,11680,강남구,1168010100,역삼동,09,15,2,2970.0,11,서울특별시,11230,동대문구,1123010300,제기동
20260224,11,서울특별시,11230,동대문구,1123010300,제기동,11,서울특별시,11680,강남구,1168010100,역삼동,09,30,7,2541.0,11,서울특별시,11230,동대문구,1123010300,제기동
20260224,11,서울특별시,11230,동대문구,1123010300,제기동,11,서울특별시,11680,강남구,1168010100,역삼동,09,45,1,2339.0,11,서울특별시,11230,동대문구,1123010300,제기동
20260224,11,서울특별시,11230,동대문구,1123010300,제기동,11,서울특별시,11680,강남구,1168010100,역삼동,10,00,3,2824.0,11,서울특별시,11230,동대문구,1123010300,제기동
20260224,11,서울특별시,11230,동대문구,1123010300,제기동,11,서울특별시,11680,강남구,1168010100,역삼동,10,15,1,2842.0,11,서울특별시,11230,동대문구,1123010300,제기동
20260224,11,서울특별시,11230,동대문구,1123010300,제기동,11,서울특별시,11680,강남구,1168010100,역삼동,10,30,2,3380.0,11,서울특별시,11230,동대문구,1123010300,제기동
20260224,11,서울특별시,11230,동대문구,1123010300,제기동,11,서울특별시,11680,강남구,1168010100,역삼동,10,45,2,3261.0,11,서울특별시,11230,동대문구,1123010300,제기동
20260224,11,서울특별시,11230,동대문구,1123010300,제기동,11,서울특별시,11680,강남구,1168010100,역삼동,11,00,3,2666.0,11,서울특별시,11230,동대문구,1123010300,제기동
20260224,11,서울특별시,11230,동대문구,1123010300,제기동,11,서울특별시,11680,강남구,1168010100,역삼동,11,15,1,2733.0,11,서울특별시,11230,동대문구,1123010300,제기동
20260224,11,서울특별시,11230,동대문구,1123010300,제기동,11,서울특별시,11680,강남구,1168010100,역삼동,11,30,1,2756.0,11,서울특별시,11230,동대문구,1123010300,제기동
20260224,11,서울특별시,11230,동대문구,1123010300,제기동,11,서울특별시,11680,강남구,1168010100,역삼동,11,45,2,2248.0,11,서울특별시,11230,동대문구,1123010300,제기동
20260224,11,서울특별시,11230,동대문구,1123010400,전농동,11,서울특별시,11680,강남구,1168010100,역삼동,07,00,35,2238.0,11,서울특별시,11230,동대문구,1123010400,전농동
20260224,11,서울특별시,11230,동대문구,1123010400,전농동,11,서울특별시,11680,강남구,1168010100,역삼동,07,15,37,2197.0,11,서울특별시,11230,동대문구,1123010400,전농동
20260224,11,서울특별시,11230,동대문구,1123010400,전농동,11,서울특별시,11680,강남구,1168010100,역삼동,07,30,50,2390.0,11,서울특별시,11230,동대문구,1123010400,전농동
20260224,11,서울특별시,11230,동대문구,1123010400,전농동,11,서울특별시,11680,강남구,1168010100,역삼동,07,45,67,2072.0,11,서울특별시,11230,동대문구,1123010400,전농동
20260224,11,서울특별시,11230,동대문구,1123010400,전농동,11,서울특별시,11680,강남구,1168010100,역삼동,08,00,48,2434.0,11,서울특별시,11230,동대문구,1123010400,전농동
20260224,11,서울특별시,11230,동대문구,1123010400,전농동,11,서울특별시,11680,강남구,1168010100,역삼동,08,15,45,2205.0,11,서울특별시,11230,동대문구,1123010400,전농동
20260224,11,서울특별시,11230,동대문구,1123010400,전농동,11,서울특별시,11680,강남구,1168010100,역삼동,08,30,38,2196.0,11,서울특별시,11230,동대문구,1123010400,전농동
20260224,11,서울특별시,11230,동대문구,1123010400,전농동,11,서울특별시,11680,강남구,1168010100,역삼동,08,45,26,2131.0,11,서울특별시,11230,동대문구,1123010400,전농동
20260224,11,서울특별시,11230,동대문구,1123010400,전농동,11,서울특별시,11680,강남구,1168010100,역삼동,09,00,32,2270.0,11,서울특별시,11230,동대문구,1123010400,전농동
20260224,11,서울특별시,11230,동대문구,1123010400,전농동,11,서울특별시,11680,강남구,1168010100,역삼동,09,15,23,2601.0,11,서울특별시,11230,동대문구,1123010400,전농동
20260224,11,서울특별시,11230,동대문구,1123010400,전농동,11,서울특별시,11680,강남구,1168010100,역삼동,09,30,29,2392.0,11,서울특별시,11230,동대문구,1123010400,전농동
20260224,11,서울특별시,11230,동대문구,1123010400,전농동,11,서울특별시,11680,강남구,1168010100,역삼동,09,45,44,2637.0,11,서울특별시,11230,동대문구,1123010400,전농동
20260224,11,서울특별시,11230,동대문구,1123010400,전농동,11,서울특별시,11680,강남구,1168010100,역삼동,10,00,9,2609.0,11,서울특별시,11230,동대문구,1123010400,전농동
20260224,11,서울특별시,11230,동대문구,1123010400,전농동,11,서울특별시,11680,강남구,1168010100,역삼동,10,15,11,2520.0,11,서울특별시,11230,동대문구,1123010400,전농동
20260224,11,서울특별시,11230,동대문구,1123010400,전농동,11,서울특별시,11680,강남구,1168010100,역삼동,10,30,16,2214.0,11,서울특별시,11230,동대문구,1123010400,전농동
20260224,11,서울특별시,11230,동대문구,1123010400,전농동,11,서울특별시,11680,강남구,1168010100,역삼동,10,45,4,3172.0,11,서울특별시,11230,동대문구,1123010400,전농동
20260224,11,서울특별시,11230,동대문구,1123010400,전농동,11,서울특별시,11680,강남구,1168010100,역삼동,11,00,6,2181.0,11,서울특별시,11230,동대문구,1123010400,전농동
20260224,11,서울특별시,11230,동대문구,1123010400,전농동,11,서울특별시,11680,강남구,1168010100,역삼동,11,15,5,2934.0,11,서울특별시,11230,동대문구,1123010400,전농동
20260224,11,서울특별시,11230,동대문구,1123010400,전농동,11,서울특별시,11680,강남구,1168010100,역삼동,11,30,9,2576.0,11,서울특별시,11230,동대문구,1123010400,전농동
20260224,11,서울특별시,11230,동대문구,1123010400,전농동,11,서울특별시,11680,강남구,1168010100,역삼동,11,45,21,2439.0,11,서울특별시,11230,동대문구,1123010400,전농동
20260224,11,서울특별시,11230,동대문구,1123010500,답십리동,11,서울특별시,11680,강남구,1168010100,역삼동,07,00,16,2251.0,11,서울특별시,11230,동대문구,1123010500,답십리동
20260224,11,서울특별시,11230,동대문구,1123010500,답십리동,11,서울특별시,11680,강남구,1168010100,역삼동,07,15,14,2352.0,11,서울특별시,11230,동대문구,1123010500,답십리동
20260224,11,서울특별시,11230,동대문구,1123010500,답십리동,11,서울특별시,11680,강남구,1168010100,역삼동,07,30,33,2076.0,11,서울특별시,11230,동대문구,1123010500,답십리동
20260224,11,서울특별시,11230,동대문구,1123010500,답십리동,11,서울특별시,11680,강남구,1168010100,역삼동,07,45,38,2119.0,11,서울특별시,11230,동대문구,1123010500,답십리동
20260224,11,서울특별시,11230,동대문구,1123010500,답십리동,11,서울특별시,11680,강남구,1168010100,역삼동,08,00,51,2093.0,11,서울특별시,11230,동대문구,1123010500,답십리동
20260224,11,서울특별시,11230,동대문구,1123010500,답십리동,11,서울특별시,11680,강남구,1168010100,역삼동,08,15,38,2009.0,11,서울특별시,11230,동대문구,1123010500,답십리동
20260224,11,서울특별시,11230,동대문구,1123010500,답십리동,11,서울특별시,11680,강남구,1168010100,역삼동,08,30,39,2066.0,11,서울특별시,11230,동대문구,1123010500,답십리동
20260224,11,서울특별시,11230,동대문구,1123010500,답십리동,11,서울특별시,11680,강남구,1168010100,역삼동,08,45,30,2191.0,11,서울특별시,11230,동대문구,1123010500,답십리동
20260224,11,서울특별시,11230,동대문구,1123010500,답십리동,11,서울특별시,11680,강남구,1168010100,역삼동,09,00,19,2268.0,11,서울특별시,11230,동대문구,1123010500,답십리동
20260224,11,서울특별시,11230,동대문구,1123010500,답십리동,11,서울특별시,11680,강남구,1168010100,역삼동,09,15,27,2154.0,11,서울특별시,11230,동대문구,1123010500,답십리동
20260224,11,서울특별시,11230,동대문구,1123010500,답십리동,11,서울특별시,11680,강남구,1168010100,역삼동,09,30,12,2219.0,11,서울특별시,11230,동대문구,1123010500,답십리동
20260224,11,서울특별시,11230,동대문구,1123010500,답십리동,11,서울특별시,11680,강남구,1168010100,역삼동,09,45,14,1953.0,11,서울특별시,11230,동대문구,1123010500,답십리동
20260224,11,서울특별시,11230,동대문구,1123010500,답십리동,11,서울특별시,11680,강남구,1168010100,역삼동,10,00,7,2669.0,11,서울특별시,11230,동대문구,1123010500,답십리동
20260224,11,서울특별시,11230,동대문구,1123010500,답십리동,11,서울특별시,11680,강남구,1168010100,역삼동,10,15,6,2283.0,11,서울특별시,11230,동대문구,1123010500,답십리동
20260224,11,서울특별시,11230,동대문구,1123010500,답십리동,11,서울특별시,11680,강남구,1168010100,역삼동,10,30,4,2041.0,11,서울특별시,11230,동대문구,1123010500,답십리동
20260224,11,서울특별시,11230,동대문구,1123010500,답십리동,11,서울특별시,11680,강남구,1168010100,역삼동,10,45,4,2655.0,11,서울특별시,11230,동대문구,1123010500,답십리동
20260224,11,서울특별시,11230,동대문구,1123010500,답십리동,11,서울특별시,11680,강남구,1168010100,역삼동,11,00,6,2286.0,11,서울특별시,11230,동대문구,1123010500,답십리동
20260224,11,서울특별시,11230,동대문구,1123010500,답십리동,11,서울특별시,11680,강남구,1168010100,역삼동,11,15,2,2426.0,11,서울특별시,11230,동대문구,1123010500,답십리동
20260224,11,서울특별시,11230,동대문구,1123010500,답십리동,11,서울특별시,11680,강남구,1168010100,역삼동,11,30,4,2516.0,11,서울특별시,11230,동대문구,1123010500,답십리동
20260224,11,서울특별시,11230,동대문구,1123010500,답십리동,11,서울특별시,11680,강남구,1168010100,역삼동,11,45,3,2331.0,11,서울특별시,11230,동대문구,1123010500,답십리동
20260224,11,서울특별시,11230,동대문구,1123010600,장안동,11,서울특별시,11680,강남구,1168010100,역삼동,07,00,25,2305.0,11,서울특별시,11230,동대문구,1123010600,장안동
20260224,11,서울특별시,11230,동대문구,1123010600,장안동,11,서울특별시,11680,강남구,1168010100,역삼동,07,15,33,2539.0,11,서울특별시,11230,동대문구,1123010600,장안동
20260224,11,서울특별시,11230,동대문구,1123010600,장안동,11,서울특별시,11680,강남구,1168010100,역삼동,07,30,36,2459.0,11,서울특별시,11230,동대문구,1123010600,장안동
20260224,11,서울특별시,11230,동대문구,1123010600,장안동,11,서울특별시,11680,강남구,1168010100,역삼동,07,45,54,2452.0,11,서울특별시,11230,동대문구,1123010600,장안동
20260224,11,서울특별시,11230,동대문구,1123010600,장안동,11,서울특별시,11680,강남구,1168010100,역삼동,08,00,68,2375.0,11,서울특별시,11230,동대문구,1123010600,장안동
20260224,11,서울특별시,11230,동대문구,1123010600,장안동,11,서울특별시,11680,강남구,1168010100,역삼동,08,15,48,2359.0,11,서울특별시,11230,동대문구,1123010600,장안동
20260224,11,서울특별시,11230,동대문구,1123010600,장안동,11,서울특별시,11680,강남구,1168010100,역삼동,08,30,48,2371.0,11,서울특별시,11230,동대문구,1123010600,장안동
20260224,11,서울특별시,11230,동대문구,1123010600,장안동,11,서울특별시,11680,강남구,1168010100,역삼동,08,45,37,2226.0,11,서울특별시,11230,동대문구,1123010600,장안동
20260224,11,서울특별시,11230,동대문구,1123010600,장안동,11,서울특별시,11680,강남구,1168010100,역삼동,09,00,48,2390.0,11,서울특별시,11230,동대문구,1123010600,장안동
20260224,11,서울특별시,11230,동대문구,1123010600,장안동,11,서울특별시,11680,강남구,1168010100,역삼동,09,15,31,2224.0,11,서울특별시,11230,동대문구,1123010600,장안동
20260224,11,서울특별시,11230,동대문구,1123010600,장안동,11,서울특별시,11680,강남구,1168010100,역삼동,09,30,20,2523.0,11,서울특별시,11230,동대문구,1123010600,장안동
20260224,11,서울특별시,11230,동대문구,1123010600,장안동,11,서울특별시,11680,강남구,1168010100,역삼동,09,45,9,2145.0,11,서울특별시,11230,동대문구,1123010600,장안동
20260224,11,서울특별시,11230,동대문구,1123010600,장안동,11,서울특별시,11680,강남구,1168010100,역삼동,10,00,10,2336.0,11,서울특별시,11230,동대문구,1123010600,장안동
20260224,11,서울특별시,11230,동대문구,1123010600,장안동,11,서울특별시,11680,강남구,1168010100,역삼동,10,15,13,2675.0,11,서울특별시,11230,동대문구,1123010600,장안동
20260224,11,서울특별시,11230,동대문구,1123010600,장안동,11,서울특별시,11680,강남구,1168010100,역삼동,10,30,5,2322.0,11,서울특별시,11230,동대문구,1123010600,장안동
20260224,11,서울특별시,11230,동대문구,1123010600,장안동,11,서울특별시,11680,강남구,1168010100,역삼동,10,45,2,2291.0,11,서울특별시,11230,동대문구,1123010600,장안동
20260224,11,서울특별시,11230,동대문구,1123010600,장안동,11,서울특별시,11680,강남구,1168010100,역삼동,11,00,8,2197.0,11,서울특별시,11230,동대문구,1123010600,장안동
20260224,11,서울특별시,11230,동대문구,1123010600,장안동,11,서울특별시,11680,강남구,1168010100,역삼동,11,15,2,2042.0,11,서울특별시,11230,동대문구,1123010600,장안동
20260224,11,서울특별시,11230,동대문구,1123010600,장안동,11,서울특별시,11680,강남구,1168010100,역삼동,11,30,8,2351.0,11,서울특별시,11230,동대문구,1123010600,장안동
20260224,11,서울특별시,11230,동대문구,1123010600,장안동,11,서울특별시,11680,강남구,1168010100,역삼동,11,45,3,2475.0,11,서울특별시,11230,동대문구,1123010600,장안동
20260224,11,서울특별시,11230,동대문구,1123010700,청량리동,11,서울특별시,11680,강남구,1168010100,역삼동,07,15,1,2357.0,11,서울특별시,11230,동대문구,1123010700,청량리동
20260224,11,서울특별시,11230,동대문구,1123010700,청량리동,11,서울특별시,11680,강남구,1168010100,역삼동,07,30,3,2397.0,11,서울특별시,11230,동대문구,1123010700,청량리동
20260224,11,서울특별시,11230,동대문구,1123010700,청량리동,11,서울특별시,11680,강남구,1168010100,역삼동,07,45,3,2526.0,11,서울특별시,11230,동대문구,1123010700,청량리동
20260224,11,서울특별시,11230,동대문구,1123010700,청량리동,11,서울특별시,11680,강남구,1168010100,역삼동,08,00,1,3706.0,11,서울특별시,11230,동대문구,1123010700,청량리동
20260224,11,서울특별시,11230,동대문구,1123010700,청량리동,11,서울특별시,11680,강남구,1168010100,역삼동,08,15,2,2371.0,11,서울특별시,11230,동대문구,1123010700,청량리동
20260224,11,서울특별시,11230,동대문구,1123010700,청량리동,11,서울특별시,11680,강남구,1168010100,역삼동,08,30,3,2433.0,11,서울특별시,11230,동대문구,1123010700,청량리동
20260224,11,서울특별시,11230,동대문구,1123010700,청량리동,11,서울특별시,11680,강남구,1168010100,역삼동,08,45,2,2554.0,11,서울특별시,11230,동대문구,1123010700,청량리동
20260224,11,서울특별시,11230,동대문구,1123010700,청량리동,11,서울특별시,11680,강남구,1168010100,역삼동,09,00,3,2634.0,11,서울특별시,11230,동대문구,1123010700,청량리동
20260224,11,서울특별시,11230,동대문구,1123010700,청량리동,11,서울특별시,11680,강남구,1168010100,역삼동,09,15,1,1792.0,11,서울특별시,11230,동대문구,1123010700,청량리동
20260224,11,서울특별시,11230,동대문구,1123010700,청량리동,11,서울특별시,11680,강남구,1168010100,역삼동,09,45,1,2124.0,11,서울특별시,11230,동대문구,1123010700,청량리동
20260224,11,서울특별시,11230,동대문구,1123010700,청량리동,11,서울특별시,11680,강남구,1168010100,역삼동,10,15,1,2202.0,11,서울특별시,11230,동대문구,1123010700,청량리동
20260224,11,서울특별시,11230,동대문구,1123010800,회기동,11,서울특별시,11680,강남구,1168010100,역삼동,07,15,2,2896.0,11,서울특별시,11230,동대문구,1123010800,회기동
20260224,11,서울특별시,11230,동대문구,1123010800,회기동,11,서울특별시,11680,강남구,1168010100,역삼동,07,30,5,3067.0,11,서울특별시,11230,동대문구,1123010800,회기동
20260224,11,서울특별시,11230,동대문구,1123010800,회기동,11,서울특별시,11680,강남구,1168010100,역삼동,07,45,5,2400.0,11,서울특별시,11230,동대문구,1123010800,회기동
20260224,11,서울특별시,11230,동대문구,1123010800,회기동,11,서울특별시,11680,강남구,1168010100,역삼동,08,00,3,2499.0,11,서울특별시,11230,동대문구,1123010800,회기동
20260224,11,서울특별시,11230,동대문구,1123010800,회기동,11,서울특별시,11680,강남구,1168010100,역삼동,08,15,1,3560.0,11,서울특별시,11230,동대문구,1123010800,회기동
20260224,11,서울특별시,11230,동대문구,1123010800,회기동,11,서울특별시,11680,강남구,1168010100,역삼동,08,30,1,2193.0,11,서울특별시,11230,동대문구,1123010800,회기동
20260224,11,서울특별시,11230,동대문구,1123010800,회기동,11,서울특별시,11680,강남구,1168010100,역삼동,09,00,1,2509.0,11,서울특별시,11230,동대문구,1123010800,회기동
20260224,11,서울특별시,11230,동대문구,1123010800,회기동,11,서울특별시,11680,강남구,1168010100,역삼동,09,15,1,3067.0,11,서울특별시,11230,동대문구,1123010800,회기동
20260224,11,서울특별시,11230,동대문구,1123010800,회기동,11,서울특별시,11680,강남구,1168010100,역삼동,09,45,4,2846.0,11,서울특별시,11230,동대문구,1123010800,회기동
20260224,11,서울특별시,11230,동대문구,1123010800,회기동,11,서울특별시,11680,강남구,1168010100,역삼동,11,30,2,3758.0,11,서울특별시,11230,동대문구,1123010800,회기동
20260224,11,서울특별시,11230,동대문구,1123010900,휘경동,11,서울특별시,11680,강남구,1168010100,역삼동,07,00,17,2446.0,11,서울특별시,11230,동대문구,1123010900,휘경동
20260224,11,서울특별시,11230,동대문구,1123010900,휘경동,11,서울특별시,11680,강남구,1168010100,역삼동,07,15,16,2207.0,11,서울특별시,11230,동대문구,1123010900,휘경동
20260224,11,서울특별시,11230,동대문구,1123010900,휘경동,11,서울특별시,11680,강남구,1168010100,역삼동,07,30,28,2255.0,11,서울특별시,11230,동대문구,1123010900,휘경동
20260224,11,서울특별시,11230,동대문구,1123010900,휘경동,11,서울특별시,11680,강남구,1168010100,역삼동,07,45,60,2313.0,11,서울특별시,11230,동대문구,1123010900,휘경동
20260224,11,서울특별시,11230,동대문구,1123010900,휘경동,11,서울특별시,11680,강남구,1168010100,역삼동,08,00,26,2648.0,11,서울특별시,11230,동대문구,1123010900,휘경동
20260224,11,서울특별시,11230,동대문구,1123010900,휘경동,11,서울특별시,11680,강남구,1168010100,역삼동,08,15,37,2156.0,11,서울특별시,11230,동대문구,1123010900,휘경동
20260224,11,서울특별시,11230,동대문구,1123010900,휘경동,11,서울특별시,11680,강남구,1168010100,역삼동,08,30,36,2355.0,11,서울특별시,11230,동대문구,1123010900,휘경동
20260224,11,서울특별시,11230,동대문구,1123010900,휘경동,11,서울특별시,11680,강남구,1168010100,역삼동,08,45,35,2328.0,11,서울특별시,11230,동대문구,1123010900,휘경동
20260224,11,서울특별시,11230,동대문구,1123010900,휘경동,11,서울특별시,11680,강남구,1168010100,역삼동,09,00,28,2586.0,11,서울특별시,11230,동대문구,1123010900,휘경동
20260224,11,서울특별시,11230,동대문구,1123010900,휘경동,11,서울특별시,11680,강남구,1168010100,역삼동,09,15,24,2529.0,11,서울특별시,11230,동대문구,1123010900,휘경동
20260224,11,서울특별시,11230,동대문구,1123010900,휘경동,11,서울특별시,11680,강남구,1168010100,역삼동,09,30,13,2518.0,11,서울특별시,11230,동대문구,1123010900,휘경동
20260224,11,서울특별시,11230,동대문구,1123010900,휘경동,11,서울특별시,11680,강남구,1168010100,역삼동,09,45,13,2344.0,11,서울특별시,11230,동대문구,1123010900,휘경동
20260224,11,서울특별시,11230,동대문구,1123010900,휘경동,11,서울특별시,11680,강남구,1168010100,역삼동,10,00,9,2782.0,11,서울특별시,11230,동대문구,1123010900,휘경동
20260224,11,서울특별시,11230,동대문구,1123010900,휘경동,11,서울특별시,11680,강남구,1168010100,역삼동,10,15,7,2305.0,11,서울특별시,11230,동대문구,1123010900,휘경동
20260224,11,서울특별시,11230,동대문구,1123010900,휘경동,11,서울특별시,11680,강남구,1168010100,역삼동,10,30,7,2353.0,11,서울특별시,11230,동대문구,1123010900,휘경동
20260224,11,서울특별시,11230,동대문구,1123010900,휘경동,11,서울특별시,11680,강남구,1168010100,역삼동,10,45,3,2602.0,11,서울특별시,11230,동대문구,1123010900,휘경동
20260224,11,서울특별시,11230,동대문구,1123010900,휘경동,11,서울특별시,11680,강남구,1168010100,역삼동,11,00,3,2175.0,11,서울특별시,11230,동대문구,1123010900,휘경동
20260224,11,서울특별시,11230,동대문구,1123010900,휘경동,11,서울특별시,11680,강남구,1168010100,역삼동,11,15,1,1778.0,11,서울특별시,11230,동대문구,1123010900,휘경동
20260224,11,서울특별시,11230,동대문구,1123010900,휘경동,11,서울특별시,11680,강남구,1168010100,역삼동,11,30,2,2333.0,11,서울특별시,11230,동대문구,1123010900,휘경동
20260224,11,서울특별시,11230,동대문구,1123010900,휘경동,11,서울특별시,11680,강남구,1168010100,역삼동,11,45,8,2450.0,11,서울특별시,11230,동대문구,1123010900,휘경동
20260224,11,서울특별시,11230,동대문구,1123011000,이문동,11,서울특별시,11680,강남구,1168010100,역삼동,07,00,24,2817.0,11,서울특별시,11230,동대문구,1123011000,이문동
20260224,11,서울특별시,11230,동대문구,1123011000,이문동,11,서울특별시,11680,강남구,1168010100,역삼동,07,15,38,2788.0,11,서울특별시,11230,동대문구,1123011000,이문동
20260224,11,서울특별시,11230,동대문구,1123011000,이문동,11,서울특별시,11680,강남구,1168010100,역삼동,07,30,45,2686.0,11,서울특별시,11230,동대문구,1123011000,이문동
20260224,11,서울특별시,11230,동대문구,1123011000,이문동,11,서울특별시,11680,강남구,1168010100,역삼동,07,45,37,2875.0,11,서울특별시,11230,동대문구,1123011000,이문동
20260224,11,서울특별시,11230,동대문구,1123011000,이문동,11,서울특별시,11680,강남구,1168010100,역삼동,08,00,24,3087.0,11,서울특별시,11230,동대문구,1123011000,이문동
20260224,11,서울특별시,11230,동대문구,1123011000,이문동,11,서울특별시,11680,강남구,1168010100,역삼동,08,15,24,2818.0,11,서울특별시,11230,동대문구,1123011000,이문동
20260224,11,서울특별시,11230,동대문구,1123011000,이문동,11,서울특별시,11680,강남구,1168010100,역삼동,08,30,37,2890.0,11,서울특별시,11230,동대문구,1123011000,이문동
20260224,11,서울특별시,11230,동대문구,1123011000,이문동,11,서울특별시,11680,강남구,1168010100,역삼동,08,45,30,2722.0,11,서울특별시,11230,동대문구,1123011000,이문동
20260224,11,서울특별시,11230,동대문구,1123011000,이문동,11,서울특별시,11680,강남구,1168010100,역삼동,09,00,14,2905.0,11,서울특별시,11230,동대문구,1123011000,이문동
20260224,11,서울특별시,11230,동대문구,1123011000,이문동,11,서울특별시,11680,강남구,1168010100,역삼동,09,15,17,3136.0,11,서울특별시,11230,동대문구,1123011000,이문동
20260224,11,서울특별시,11230,동대문구,1123011000,이문동,11,서울특별시,11680,강남구,1168010100,역삼동,09,30,10,3142.0,11,서울특별시,11230,동대문구,1123011000,이문동
20260224,11,서울특별시,11230,동대문구,1123011000,이문동,11,서울특별시,11680,강남구,1168010100,역삼동,09,45,14,3301.0,11,서울특별시,11230,동대문구,1123011000,이문동
20260224,11,서울특별시,11230,동대문구,1123011000,이문동,11,서울특별시,11680,강남구,1168010100,역삼동,10,00,4,2787.0,11,서울특별시,11230,동대문구,1123011000,이문동
20260224,11,서울특별시,11230,동대문구,1123011000,이문동,11,서울특별시,11680,강남구,1168010100,역삼동,10,15,6,2804.0,11,서울특별시,11230,동대문구,1123011000,이문동
20260224,11,서울특별시,11230,동대문구,1123011000,이문동,11,서울특별시,11680,강남구,1168010100,역삼동,10,30,4,3688.0,11,서울특별시,11230,동대문구,1123011000,이문동
20260224,11,서울특별시,11230,동대문구,1123011000,이문동,11,서울특별시,11680,강남구,1168010100,역삼동,10,45,2,3281.0,11,서울특별시,11230,동대문구,1123011000,이문동
20260224,11,서울특별시,11230,동대문구,1123011000,이문동,11,서울특별시,11680,강남구,1168010100,역삼동,11,00,4,3275.0,11,서울특별시,11230,동대문구,1123011000,이문동
20260224,11,서울특별시,11230,동대문구,1123011000,이문동,11,서울특별시,11680,강남구,1168010100,역삼동,11,15,4,3535.0,11,서울특별시,11230,동대문구,1123011000,이문동
20260224,11,서울특별시,11230,동대문구,1123011000,이문동,11,서울특별시,11680,강남구,1168010100,역삼동,11,30,1,3756.0,11,서울특별시,11230,동대문구,1123011000,이문동
20260224,11,서울특별시,11260,중랑구,1126010100,면목동,11,서울특별시,11680,강남구,1168010100,역삼동,07,00,51,2359.0,11,서울특별시,11260,중랑구,1126010100,면목동
20260224,11,서울특별시,11260,중랑구,1126010100,면목동,11,서울특별시,11680,강남구,1168010100,역삼동,07,15,47,2261.0,11,서울특별시,11260,중랑구,1126010100,면목동
20260224,11,서울특별시,11260,중랑구,1126010100,면목동,11,서울특별시,11680,강남구,1168010100,역삼동,07,30,86,2362.0,11,서울특별시,11260,중랑구,1126010100,면목동
20260224,11,서울특별시,11260,중랑구,1126010100,면목동,11,서울특별시,11680,강남구,1168010100,역삼동,07,45,117,2403.0,11,서울특별시,11260,중랑구,1126010100,면목동
20260224,11,서울특별시,11260,중랑구,1126010100,면목동,11,서울특별시,11680,강남구,1168010100,역삼동,08,00,132,2360.0,11,서울특별시,11260,중랑구,1126010100,면목동
20260224,11,서울특별시,11260,중랑구,1126010100,면목동,11,서울특별시,11680,강남구,1168010100,역삼동,08,15,94,2259.0,11,서울특별시,11260,중랑구,1126010100,면목동
20260224,11,서울특별시,11260,중랑구,1126010100,면목동,11,서울특별시,11680,강남구,1168010100,역삼동,08,30,103,2207.0,11,서울특별시,11260,중랑구,1126010100,면목동
20260224,11,서울특별시,11260,중랑구,1126010100,면목동,11,서울특별시,11680,강남구,1168010100,역삼동,08,45,114,2224.0,11,서울특별시,11260,중랑구,1126010100,면목동
20260224,11,서울특별시,11260,중랑구,1126010100,면목동,11,서울특별시,11680,강남구,1168010100,역삼동,09,00,96,2238.0,11,서울특별시,11260,중랑구,1126010100,면목동
20260224,11,서울특별시,11260,중랑구,1126010100,면목동,11,서울특별시,11680,강남구,1168010100,역삼동,09,15,44,2402.0,11,서울특별시,11260,중랑구,1126010100,면목동
20260224,11,서울특별시,11260,중랑구,1126010100,면목동,11,서울특별시,11680,강남구,1168010100,역삼동,09,30,33,2251.0,11,서울특별시,11260,중랑구,1126010100,면목동
20260224,11,서울특별시,11260,중랑구,1126010100,면목동,11,서울특별시,11680,강남구,1168010100,역삼동,09,45,29,2466.0,11,서울특별시,11260,중랑구,1126010100,면목동
20260224,11,서울특별시,11260,중랑구,1126010100,면목동,11,서울특별시,11680,강남구,1168010100,역삼동,10,00,31,2496.0,11,서울특별시,11260,중랑구,1126010100,면목동
20260224,11,서울특별시,11260,중랑구,1126010100,면목동,11,서울특별시,11680,강남구,1168010100,역삼동,10,15,21,2202.0,11,서울특별시,11260,중랑구,1126010100,면목동
20260224,11,서울특별시,11260,중랑구,1126010100,면목동,11,서울특별시,11680,강남구,1168010100,역삼동,10,30,11,2148.0,11,서울특별시,11260,중랑구,1126010100,면목동
20260224,11,서울특별시,11260,중랑구,1126010100,면목동,11,서울특별시,11680,강남구,1168010100,역삼동,10,45,22,2210.0,11,서울특별시,11260,중랑구,1126010100,면목동
20260224,11,서울특별시,11260,중랑구,1126010100,면목동,11,서울특별시,11680,강남구,1168010100,역삼동,11,00,17,2233.0,11,서울특별시,11260,중랑구,1126010100,면목동
20260224,11,서울특별시,11260,중랑구,1126010100,면목동,11,서울특별시,11680,강남구,1168010100,역삼동,11,15,7,2197.0,11,서울특별시,11260,중랑구,1126010100,면목동
20260224,11,서울특별시,11260,중랑구,1126010100,면목동,11,서울특별시,11680,강남구,1168010100,역삼동,11,30,10,2197.0,11,서울특별시,11260,중랑구,1126010100,면목동
20260224,11,서울특별시,11260,중랑구,1126010100,면목동,11,서울특별시,11680,강남구,1168010100,역삼동,11,45,14,2327.0,11,서울특별시,11260,중랑구,1126010100,면목동
20260224,11,서울특별시,11260,중랑구,1126010200,상봉동,11,서울특별시,11680,강남구,1168010100,역삼동,07,00,45,2440.0,11,서울특별시,11260,중랑구,1126010200,상봉동
20260224,11,서울특별시,11260,중랑구,1126010200,상봉동,11,서울특별시,11680,강남구,1168010100,역삼동,07,15,33,2503.0,11,서울특별시,11260,중랑구,1126010200,상봉동
20260224,11,서울특별시,11260,중랑구,1126010200,상봉동,11,서울특별시,11680,강남구,1168010100,역삼동,07,30,65,2408.0,11,서울특별시,11260,중랑구,1126010200,상봉동
20260224,11,서울특별시,11260,중랑구,1126010200,상봉동,11,서울특별시,11680,강남구,1168010100,역삼동,07,45,83,2440.0,11,서울특별시,11260,중랑구,1126010200,상봉동
20260224,11,서울특별시,11260,중랑구,1126010200,상봉동,11,서울특별시,11680,강남구,1168010100,역삼동,08,00,92,2496.0,11,서울특별시,11260,중랑구,1126010200,상봉동
20260224,11,서울특별시,11260,중랑구,1126010200,상봉동,11,서울특별시,11680,강남구,1168010100,역삼동,08,15,54,2483.0,11,서울특별시,11260,중랑구,1126010200,상봉동
20260224,11,서울특별시,11260,중랑구,1126010200,상봉동,11,서울특별시,11680,강남구,1168010100,역삼동,08,30,49,2355.0,11,서울특별시,11260,중랑구,1126010200,상봉동
20260224,11,서울특별시,11260,중랑구,1126010200,상봉동,11,서울특별시,11680,강남구,1168010100,역삼동,08,45,72,2512.0,11,서울특별시,11260,중랑구,1126010200,상봉동
20260224,11,서울특별시,11260,중랑구,1126010200,상봉동,11,서울특별시,11680,강남구,1168010100,역삼동,09,00,71,2460.0,11,서울특별시,11260,중랑구,1126010200,상봉동
20260224,11,서울특별시,11260,중랑구,1126010200,상봉동,11,서울특별시,11680,강남구,1168010100,역삼동,09,15,35,2496.0,11,서울특별시,11260,중랑구,1126010200,상봉동
20260224,11,서울특별시,11260,중랑구,1126010200,상봉동,11,서울특별시,11680,강남구,1168010100,역삼동,09,30,15,2413.0,11,서울특별시,11260,중랑구,1126010200,상봉동
20260224,11,서울특별시,11260,중랑구,1126010200,상봉동,11,서울특별시,11680,강남구,1168010100,역삼동,09,45,24,2587.0,11,서울특별시,11260,중랑구,1126010200,상봉동
20260224,11,서울특별시,11260,중랑구,1126010200,상봉동,11,서울특별시,11680,강남구,1168010100,역삼동,10,00,17,2510.0,11,서울특별시,11260,중랑구,1126010200,상봉동
20260224,11,서울특별시,11260,중랑구,1126010200,상봉동,11,서울특별시,11680,강남구,1168010100,역삼동,10,15,8,2358.0,11,서울특별시,11260,중랑구,1126010200,상봉동
20260224,11,서울특별시,11260,중랑구,1126010200,상봉동,11,서울특별시,11680,강남구,1168010100,역삼동,10,30,8,2497.0,11,서울특별시,11260,중랑구,1126010200,상봉동
20260224,11,서울특별시,11260,중랑구,1126010200,상봉동,11,서울특별시,11680,강남구,1168010100,역삼동,10,45,9,2473.0,11,서울특별시,11260,중랑구,1126010200,상봉동
20260224,11,서울특별시,11260,중랑구,1126010200,상봉동,11,서울특별시,11680,강남구,1168010100,역삼동,11,00,8,2451.0,11,서울특별시,11260,중랑구,1126010200,상봉동
20260224,11,서울특별시,11260,중랑구,1126010200,상봉동,11,서울특별시,11680,강남구,1168010100,역삼동,11,15,7,3156.0,11,서울특별시,11260,중랑구,1126010200,상봉동
20260224,11,서울특별시,11260,중랑구,1126010200,상봉동,11,서울특별시,11680,강남구,1168010100,역삼동,11,30,1,2692.0,11,서울특별시,11260,중랑구,1126010200,상봉동
20260224,11,서울특별시,11260,중랑구,1126010200,상봉동,11,서울특별시,11680,강남구,1168010100,역삼동,11,45,5,2531.0,11,서울특별시,11260,중랑구,1126010200,상봉동
20260224,11,서울특별시,11260,중랑구,1126010300,중화동,11,서울특별시,11680,강남구,1168010100,역삼동,07,00,14,2410.0,11,서울특별시,11260,중랑구,1126010300,중화동
20260224,11,서울특별시,11260,중랑구,1126010300,중화동,11,서울특별시,11680,강남구,1168010100,역삼동,07,15,12,2467.0,11,서울특별시,11260,중랑구,1126010300,중화동
20260224,11,서울특별시,11260,중랑구,1126010300,중화동,11,서울특별시,11680,강남구,1168010100,역삼동,07,30,27,2398.0,11,서울특별시,11260,중랑구,1126010300,중화동
20260224,11,서울특별시,11260,중랑구,1126010300,중화동,11,서울특별시,11680,강남구,1168010100,역삼동,07,45,51,2664.0,11,서울특별시,11260,중랑구,1126010300,중화동
20260224,11,서울특별시,11260,중랑구,1126010300,중화동,11,서울특별시,11680,강남구,1168010100,역삼동,08,00,26,2500.0,11,서울특별시,11260,중랑구,1126010300,중화동
20260224,11,서울특별시,11260,중랑구,1126010300,중화동,11,서울특별시,11680,강남구,1168010100,역삼동,08,15,40,2467.0,11,서울특별시,11260,중랑구,1126010300,중화동
20260224,11,서울특별시,11260,중랑구,1126010300,중화동,11,서울특별시,11680,강남구,1168010100,역삼동,08,30,30,2529.0,11,서울특별시,11260,중랑구,1126010300,중화동
20260224,11,서울특별시,11260,중랑구,1126010300,중화동,11,서울특별시,11680,강남구,1168010100,역삼동,08,45,34,2541.0,11,서울특별시,11260,중랑구,1126010300,중화동
20260224,11,서울특별시,11260,중랑구,1126010300,중화동,11,서울특별시,11680,강남구,1168010100,역삼동,09,00,19,2497.0,11,서울특별시,11260,중랑구,1126010300,중화동
20260224,11,서울특별시,11260,중랑구,1126010300,중화동,11,서울특별시,11680,강남구,1168010100,역삼동,09,15,10,2763.0,11,서울특별시,11260,중랑구,1126010300,중화동
20260224,11,서울특별시,11260,중랑구,1126010300,중화동,11,서울특별시,11680,강남구,1168010100,역삼동,09,30,16,2555.0,11,서울특별시,11260,중랑구,1126010300,중화동
20260224,11,서울특별시,11260,중랑구,1126010300,중화동,11,서울특별시,11680,강남구,1168010100,역삼동,09,45,4,2953.0,11,서울특별시,11260,중랑구,1126010300,중화동
20260224,11,서울특별시,11260,중랑구,1126010300,중화동,11,서울특별시,11680,강남구,1168010100,역삼동,10,00,5,2482.0,11,서울특별시,11260,중랑구,1126010300,중화동
20260224,11,서울특별시,11260,중랑구,1126010300,중화동,11,서울특별시,11680,강남구,1168010100,역삼동,10,15,4,2296.0,11,서울특별시,11260,중랑구,1126010300,중화동
20260224,11,서울특별시,11260,중랑구,1126010300,중화동,11,서울특별시,11680,강남구,1168010100,역삼동,10,30,5,2561.0,11,서울특별시,11260,중랑구,1126010300,중화동
20260224,11,서울특별시,11260,중랑구,1126010300,중화동,11,서울특별시,11680,강남구,1168010100,역삼동,10,45,4,2601.0,11,서울특별시,11260,중랑구,1126010300,중화동
20260224,11,서울특별시,11260,중랑구,1126010300,중화동,11,서울특별시,11680,강남구,1168010100,역삼동,11,00,6,2524.0,11,서울특별시,11260,중랑구,1126010300,중화동
20260224,11,서울특별시,11260,중랑구,1126010300,중화동,11,서울특별시,11680,강남구,1168010100,역삼동,11,15,4,2333.0,11,서울특별시,11260,중랑구,1126010300,중화동
20260224,11,서울특별시,11260,중랑구,1126010300,중화동,11,서울특별시,11680,강남구,1168010100,역삼동,11,30,4,2301.0,11,서울특별시,11260,중랑구,1126010300,중화동
20260224,11,서울특별시,11260,중랑구,1126010300,중화동,11,서울특별시,11680,강남구,1168010100,역삼동,11,45,7,2323.0,11,서울특별시,11260,중랑구,1126010300,중화동
20260224,11,서울특별시,11260,중랑구,1126010400,묵동,11,서울특별시,11680,강남구,1168010100,역삼동,07,00,11,2491.0,11,서울특별시,11260,중랑구,1126010400,묵동
20260224,11,서울특별시,11260,중랑구,1126010400,묵동,11,서울특별시,11680,강남구,1168010100,역삼동,07,15,19,2538.0,11,서울특별시,11260,중랑구,1126010400,묵동
20260224,11,서울특별시,11260,중랑구,1126010400,묵동,11,서울특별시,11680,강남구,1168010100,역삼동,07,30,29,2634.0,11,서울특별시,11260,중랑구,1126010400,묵동
20260224,11,서울특별시,11260,중랑구,1126010400,묵동,11,서울특별시,11680,강남구,1168010100,역삼동,07,45,28,2680.0,11,서울특별시,11260,중랑구,1126010400,묵동
20260224,11,서울특별시,11260,중랑구,1126010400,묵동,11,서울특별시,11680,강남구,1168010100,역삼동,08,00,25,2488.0,11,서울특별시,11260,중랑구,1126010400,묵동
20260224,11,서울특별시,11260,중랑구,1126010400,묵동,11,서울특별시,11680,강남구,1168010100,역삼동,08,15,10,2524.0,11,서울특별시,11260,중랑구,1126010400,묵동
20260224,11,서울특별시,11260,중랑구,1126010400,묵동,11,서울특별시,11680,강남구,1168010100,역삼동,08,30,31,2423.0,11,서울특별시,11260,중랑구,1126010400,묵동
20260224,11,서울특별시,11260,중랑구,1126010400,묵동,11,서울특별시,11680,강남구,1168010100,역삼동,08,45,30,2572.0,11,서울특별시,11260,중랑구,1126010400,묵동
20260224,11,서울특별시,11260,중랑구,1126010400,묵동,11,서울특별시,11680,강남구,1168010100,역삼동,09,00,17,2551.0,11,서울특별시,11260,중랑구,1126010400,묵동
20260224,11,서울특별시,11260,중랑구,1126010400,묵동,11,서울특별시,11680,강남구,1168010100,역삼동,09,15,9,2389.0,11,서울특별시,11260,중랑구,1126010400,묵동
20260224,11,서울특별시,11260,중랑구,1126010400,묵동,11,서울특별시,11680,강남구,1168010100,역삼동,09,30,7,2699.0,11,서울특별시,11260,중랑구,1126010400,묵동
20260224,11,서울특별시,11260,중랑구,1126010400,묵동,11,서울특별시,11680,강남구,1168010100,역삼동,09,45,7,2944.0,11,서울특별시,11260,중랑구,1126010400,묵동
20260224,11,서울특별시,11260,중랑구,1126010400,묵동,11,서울특별시,11680,강남구,1168010100,역삼동,10,00,6,2727.0,11,서울특별시,11260,중랑구,1126010400,묵동
20260224,11,서울특별시,11260,중랑구,1126010400,묵동,11,서울특별시,11680,강남구,1168010100,역삼동,10,15,1,1902.0,11,서울특별시,11260,중랑구,1126010400,묵동
20260224,11,서울특별시,11260,중랑구,1126010400,묵동,11,서울특별시,11680,강남구,1168010100,역삼동,10,30,4,2448.0,11,서울특별시,11260,중랑구,1126010400,묵동
20260224,11,서울특별시,11260,중랑구,1126010400,묵동,11,서울특별시,11680,강남구,1168010100,역삼동,10,45,2,2449.0,11,서울특별시,11260,중랑구,1126010400,묵동
20260224,11,서울특별시,11260,중랑구,1126010400,묵동,11,서울특별시,11680,강남구,1168010100,역삼동,11,00,2,3459.0,11,서울특별시,11260,중랑구,1126010400,묵동
20260224,11,서울특별시,11260,중랑구,1126010400,묵동,11,서울특별시,11680,강남구,1168010100,역삼동,11,15,3,2491.0,11,서울특별시,11260,중랑구,1126010400,묵동
20260224,11,서울특별시,11260,중랑구,1126010400,묵동,11,서울특별시,11680,강남구,1168010100,역삼동,11,30,3,2688.0,11,서울특별시,11260,중랑구,1126010400,묵동
20260224,11,서울특별시,11260,중랑구,1126010500,망우동,11,서울특별시,11680,강남구,1168010100,역삼동,07,00,26,3076.0,11,서울특별시,11260,중랑구,1126010500,망우동
20260224,11,서울특별시,11260,중랑구,1126010500,망우동,11,서울특별시,11680,강남구,1168010100,역삼동,07,15,20,2831.0,11,서울특별시,11260,중랑구,1126010500,망우동
20260224,11,서울특별시,11260,중랑구,1126010500,망우동,11,서울특별시,11680,강남구,1168010100,역삼동,07,30,29,2975.0,11,서울특별시,11260,중랑구,1126010500,망우동
20260224,11,서울특별시,11260,중랑구,1126010500,망우동,11,서울특별시,11680,강남구,1168010100,역삼동,07,45,31,2881.0,11,서울특별시,11260,중랑구,1126010500,망우동
20260224,11,서울특별시,11260,중랑구,1126010500,망우동,11,서울특별시,11680,강남구,1168010100,역삼동,08,00,24,2934.0,11,서울특별시,11260,중랑구,1126010500,망우동
20260224,11,서울특별시,11260,중랑구,1126010500,망우동,11,서울특별시,11680,강남구,1168010100,역삼동,08,15,19,2737.0,11,서울특별시,11260,중랑구,1126010500,망우동
20260224,11,서울특별시,11260,중랑구,1126010500,망우동,11,서울특별시,11680,강남구,1168010100,역삼동,08,30,24,2799.0,11,서울특별시,11260,중랑구,1126010500,망우동
20260224,11,서울특별시,11260,중랑구,1126010500,망우동,11,서울특별시,11680,강남구,1168010100,역삼동,08,45,22,2722.0,11,서울특별시,11260,중랑구,1126010500,망우동
20260224,11,서울특별시,11260,중랑구,1126010500,망우동,11,서울특별시,11680,강남구,1168010100,역삼동,09,00,13,2587.0,11,서울특별시,11260,중랑구,1126010500,망우동
20260224,11,서울특별시,11260,중랑구,1126010500,망우동,11,서울특별시,11680,강남구,1168010100,역삼동,09,15,10,2954.0,11,서울특별시,11260,중랑구,1126010500,망우동
20260224,11,서울특별시,11260,중랑구,1126010500,망우동,11,서울특별시,11680,강남구,1168010100,역삼동,09,30,10,2908.0,11,서울특별시,11260,중랑구,1126010500,망우동
20260224,11,서울특별시,11260,중랑구,1126010500,망우동,11,서울특별시,11680,강남구,1168010100,역삼동,09,45,6,3080.0,11,서울특별시,11260,중랑구,1126010500,망우동
20260224,11,서울특별시,11260,중랑구,1126010500,망우동,11,서울특별시,11680,강남구,1168010100,역삼동,10,00,7,3086.0,11,서울특별시,11260,중랑구,1126010500,망우동
20260224,11,서울특별시,11260,중랑구,1126010500,망우동,11,서울특별시,11680,강남구,1168010100,역삼동,10,30,3,2737.0,11,서울특별시,11260,중랑구,1126010500,망우동
20260224,11,서울특별시,11260,중랑구,1126010500,망우동,11,서울특별시,11680,강남구,1168010100,역삼동,10,45,1,3447.0,11,서울특별시,11260,중랑구,1126010500,망우동
20260224,11,서울특별시,11260,중랑구,1126010500,망우동,11,서울특별시,11680,강남구,1168010100,역삼동,11,00,4,2655.0,11,서울특별시,11260,중랑구,1126010500,망우동
20260224,11,서울특별시,11260,중랑구,1126010500,망우동,11,서울특별시,11680,강남구,1168010100,역삼동,11,15,3,3160.0,11,서울특별시,11260,중랑구,1126010500,망우동
20260224,11,서울특별시,11260,중랑구,1126010500,망우동,11,서울특별시,11680,강남구,1168010100,역삼동,11,30,3,2824.0,11,서울특별시,11260,중랑구,1126010500,망우동
20260224,11,서울특별시,11260,중랑구,1126010500,망우동,11,서울특별시,11680,강남구,1168010100,역삼동,11,45,1,2846.0,11,서울특별시,11260,중랑구,1126010500,망우동
20260224,11,서울특별시,11260,중랑구,1126010600,신내동,11,서울특별시,11680,강남구,1168010100,역삼동,07,00,12,3079.0,11,서울특별시,11260,중랑구,1126010600,신내동
20260224,11,서울특별시,11260,중랑구,1126010600,신내동,11,서울특별시,11680,강남구,1168010100,역삼동,07,15,28,3137.0,11,서울특별시,11260,중랑구,1126010600,신내동
20260224,11,서울특별시,11260,중랑구,1126010600,신내동,11,서울특별시,11680,강남구,1168010100,역삼동,07,30,25,3224.0,11,서울특별시,11260,중랑구,1126010600,신내동
20260224,11,서울특별시,11260,중랑구,1126010600,신내동,11,서울특별시,11680,강남구,1168010100,역삼동,07,45,32,3143.0,11,서울특별시,11260,중랑구,1126010600,신내동
20260224,11,서울특별시,11260,중랑구,1126010600,신내동,11,서울특별시,11680,강남구,1168010100,역삼동,08,00,30,3292.0,11,서울특별시,11260,중랑구,1126010600,신내동
20260224,11,서울특별시,11260,중랑구,1126010600,신내동,11,서울특별시,11680,강남구,1168010100,역삼동,08,15,25,3197.0,11,서울특별시,11260,중랑구,1126010600,신내동
20260224,11,서울특별시,11260,중랑구,1126010600,신내동,11,서울특별시,11680,강남구,1168010100,역삼동,08,30,26,3107.0,11,서울특별시,11260,중랑구,1126010600,신내동
20260224,11,서울특별시,11260,중랑구,1126010600,신내동,11,서울특별시,11680,강남구,1168010100,역삼동,08,45,22,3142.0,11,서울특별시,11260,중랑구,1126010600,신내동
20260224,11,서울특별시,11260,중랑구,1126010600,신내동,11,서울특별시,11680,강남구,1168010100,역삼동,09,00,11,3115.0,11,서울특별시,11260,중랑구,1126010600,신내동
20260224,11,서울특별시,11260,중랑구,1126010600,신내동,11,서울특별시,11680,강남구,1168010100,역삼동,09,15,14,3031.0,11,서울특별시,11260,중랑구,1126010600,신내동
20260224,11,서울특별시,11260,중랑구,1126010600,신내동,11,서울특별시,11680,강남구,1168010100,역삼동,09,30,7,3241.0,11,서울특별시,11260,중랑구,1126010600,신내동
20260224,11,서울특별시,11260,중랑구,1126010600,신내동,11,서울특별시,11680,강남구,1168010100,역삼동,09,45,4,3233.0,11,서울특별시,11260,중랑구,1126010600,신내동
20260224,11,서울특별시,11260,중랑구,1126010600,신내동,11,서울특별시,11680,강남구,1168010100,역삼동,10,00,7,3051.0,11,서울특별시,11260,중랑구,1126010600,신내동
20260224,11,서울특별시,11260,중랑구,1126010600,신내동,11,서울특별시,11680,강남구,1168010100,역삼동,10,15,4,2790.0,11,서울특별시,11260,중랑구,1126010600,신내동
20260224,11,서울특별시,11260,중랑구,1126010600,신내동,11,서울특별시,11680,강남구,1168010100,역삼동,10,30,5,2954.0,11,서울특별시,11260,중랑구,1126010600,신내동
20260224,11,서울특별시,11260,중랑구,1126010600,신내동,11,서울특별시,11680,강남구,1168010100,역삼동,10,45,5,3113.0,11,서울특별시,11260,중랑구,1126010600,신내동
20260224,11,서울특별시,11260,중랑구,1126010600,신내동,11,서울특별시,11680,강남구,1168010100,역삼동,11,00,1,3264.0,11,서울특별시,11260,중랑구,1126010600,신내동
20260224,11,서울특별시,11260,중랑구,1126010600,신내동,11,서울특별시,11680,강남구,1168010100,역삼동,11,15,1,2891.0,11,서울특별시,11260,중랑구,1126010600,신내동
20260224,11,서울특별시,11260,중랑구,1126010600,신내동,11,서울특별시,11680,강남구,1168010100,역삼동,11,30,2,3142.0,11,서울특별시,11260,중랑구,1126010600,신내동
20260224,11,서울특별시,11260,중랑구,1126010600,신내동,11,서울특별시,11680,강남구,1168010100,역삼동,11,45,2,2685.0,11,서울특별시,11260,중랑구,1126010600,신내동
20260224,11,서울특별시,11290,성북구,1129010100,성북동,11,서울특별시,11680,강남구,1168010100,역삼동,07,00,3,2919.0,11,서울특별시,11290,성북구,1129010100,성북동
20260224,11,서울특별시,11290,성북구,1129010100,성북동,11,서울특별시,11680,강남구,1168010100,역삼동,07,30,2,2829.0,11,서울특별시,11290,성북구,1129010100,성북동
20260224,11,서울특별시,11290,성북구,1129010100,성북동,11,서울특별시,11680,강남구,1168010100,역삼동,07,45,6,3260.0,11,서울특별시,11290,성북구,1129010100,성북동
20260224,11,서울특별시,11290,성북구,1129010100,성북동,11,서울특별시,11680,강남구,1168010100,역삼동,08,00,1,3151.0,11,서울특별시,11290,성북구,1129010100,성북동
20260224,11,서울특별시,11290,성북구,1129010100,성북동,11,서울특별시,11680,강남구,1168010100,역삼동,08,15,2,3089.0,11,서울특별시,11290,성북구,1129010100,성북동
20260224,11,서울특별시,11290,성북구,1129010100,성북동,11,서울특별시,11680,강남구,1168010100,역삼동,08,30,1,2717.0,11,서울특별시,11290,성북구,1129010100,성북동
20260224,11,서울특별시,11290,성북구,1129010100,성북동,11,서울특별시,11680,강남구,1168010100,역삼동,08,45,2,2724.0,11,서울특별시,11290,성북구,1129010100,성북동
20260224,11,서울특별시,11290,성북구,1129010100,성북동,11,서울특별시,11680,강남구,1168010100,역삼동,09,00,2,3141.0,11,서울특별시,11290,성북구,1129010100,성북동
20260224,11,서울특별시,11290,성북구,1129010100,성북동,11,서울특별시,11680,강남구,1168010100,역삼동,09,30,1,2332.0,11,서울특별시,11290,성북구,1129010100,성북동
20260224,11,서울특별시,11290,성북구,1129010100,성북동,11,서울특별시,11680,강남구,1168010100,역삼동,10,15,1,2090.0,11,서울특별시,11290,성북구,1129010100,성북동
20260224,11,서울특별시,11290,성북구,1129010100,성북동,11,서울특별시,11680,강남구,1168010100,역삼동,10,30,2,2806.0,11,서울특별시,11290,성북구,1129010100,성북동
20260224,11,서울특별시,11290,성북구,1129010100,성북동,11,서울특별시,11680,강남구,1168010100,역삼동,11,30,1,3535.0,11,서울특별시,11290,성북구,1129010100,성북동
20260224,11,서울특별시,11290,성북구,1129010200,성북동1가,11,서울특별시,11680,강남구,1168010100,역삼동,07,45,1,2984.0,11,서울특별시,11290,성북구,1129010200,성북동1가
20260224,11,서울특별시,11290,성북구,1129010200,성북동1가,11,서울특별시,11680,강남구,1168010100,역삼동,08,00,1,2728.0,11,서울특별시,11290,성북구,1129010200,성북동1가
20260224,11,서울특별시,11290,성북구,1129010300,돈암동,11,서울특별시,11680,강남구,1168010100,역삼동,07,00,10,2918.0,11,서울특별시,11290,성북구,1129010300,돈암동
20260224,11,서울특별시,11290,성북구,1129010300,돈암동,11,서울특별시,11680,강남구,1168010100,역삼동,07,15,8,2933.0,11,서울특별시,11290,성북구,1129010300,돈암동
20260224,11,서울특별시,11290,성북구,1129010300,돈암동,11,서울특별시,11680,강남구,1168010100,역삼동,07,30,13,2911.0,11,서울특별시,11290,성북구,1129010300,돈암동
20260224,11,서울특별시,11290,성북구,1129010300,돈암동,11,서울특별시,11680,강남구,1168010100,역삼동,07,45,14,2938.0,11,서울특별시,11290,성북구,1129010300,돈암동
20260224,11,서울특별시,11290,성북구,1129010300,돈암동,11,서울특별시,11680,강남구,1168010100,역삼동,08,00,8,3077.0,11,서울특별시,11290,성북구,1129010300,돈암동
20260224,11,서울특별시,11290,성북구,1129010300,돈암동,11,서울특별시,11680,강남구,1168010100,역삼동,08,15,10,3045.0,11,서울특별시,11290,성북구,1129010300,돈암동
20260224,11,서울특별시,11290,성북구,1129010300,돈암동,11,서울특별시,11680,강남구,1168010100,역삼동,08,30,10,2839.0,11,서울특별시,11290,성북구,1129010300,돈암동
20260224,11,서울특별시,11290,성북구,1129010300,돈암동,11,서울특별시,11680,강남구,1168010100,역삼동,08,45,6,3066.0,11,서울특별시,11290,성북구,1129010300,돈암동
20260224,11,서울특별시,11290,성북구,1129010300,돈암동,11,서울특별시,11680,강남구,1168010100,역삼동,09,00,9,2686.0,11,서울특별시,11290,성북구,1129010300,돈암동
20260224,11,서울특별시,11290,성북구,1129010300,돈암동,11,서울특별시,11680,강남구,1168010100,역삼동,09,15,1,3132.0,11,서울특별시,11290,성북구,1129010300,돈암동
20260224,11,서울특별시,11290,성북구,1129010300,돈암동,11,서울특별시,11680,강남구,1168010100,역삼동,09,30,1,2905.0,11,서울특별시,11290,성북구,1129010300,돈암동
20260224,11,서울특별시,11290,성북구,1129010300,돈암동,11,서울특별시,11680,강남구,1168010100,역삼동,09,45,2,2977.0,11,서울특별시,11290,성북구,1129010300,돈암동
20260224,11,서울특별시,11290,성북구,1129010300,돈암동,11,서울특별시,11680,강남구,1168010100,역삼동,10,00,3,2842.0,11,서울특별시,11290,성북구,1129010300,돈암동
20260224,11,서울특별시,11290,성북구,1129010300,돈암동,11,서울특별시,11680,강남구,1168010100,역삼동,10,15,2,3323.0,11,서울특별시,11290,성북구,1129010300,돈암동
20260224,11,서울특별시,11290,성북구,1129010300,돈암동,11,서울특별시,11680,강남구,1168010100,역삼동,10,30,1,2787.0,11,서울특별시,11290,성북구,1129010300,돈암동
20260224,11,서울특별시,11290,성북구,1129010300,돈암동,11,서울특별시,11680,강남구,1168010100,역삼동,10,45,1,3473.0,11,서울특별시,11290,성북구,1129010300,돈암동
20260224,11,서울특별시,11290,성북구,1129010300,돈암동,11,서울특별시,11680,강남구,1168010100,역삼동,11,45,2,3103.0,11,서울특별시,11290,성북구,1129010300,돈암동
20260224,11,서울특별시,11290,성북구,1129010700,동소문동4가,11,서울특별시,11680,강남구,1168010100,역삼동,10,00,1,3372.0,11,서울특별시,11290,성북구,1129010700,동소문동4가
20260224,11,서울특별시,11290,성북구,1129011000,동소문동7가,11,서울특별시,11680,강남구,1168010100,역삼동,07,45,2,2991.0,11,서울특별시,11290,성북구,1129011000,동소문동7가
20260224,11,서울특별시,11290,성북구,1129011000,동소문동7가,11,서울특별시,11680,강남구,1168010100,역삼동,09,00,2,2821.0,11,서울특별시,11290,성북구,1129011000,동소문동7가
20260224,11,서울특별시,11290,성북구,1129011000,동소문동7가,11,서울특별시,11680,강남구,1168010100,역삼동,09,45,1,2245.0,11,서울특별시,11290,성북구,1129011000,동소문동7가
20260224,11,서울특별시,11290,성북구,1129011100,삼선동1가,11,서울특별시,11680,강남구,1168010100,역삼동,07,00,6,2462.0,11,서울특별시,11290,성북구,1129011100,삼선동1가
20260224,11,서울특별시,11290,성북구,1129011100,삼선동1가,11,서울특별시,11680,강남구,1168010100,역삼동,07,15,11,2529.0,11,서울특별시,11290,성북구,1129011100,삼선동1가
20260224,11,서울특별시,11290,성북구,1129011100,삼선동1가,11,서울특별시,11680,강남구,1168010100,역삼동,07,30,12,2676.0,11,서울특별시,11290,성북구,1129011100,삼선동1가
20260224,11,서울특별시,11290,성북구,1129011100,삼선동1가,11,서울특별시,11680,강남구,1168010100,역삼동,07,45,11,2582.0,11,서울특별시,11290,성북구,1129011100,삼선동1가
20260224,11,서울특별시,11290,성북구,1129011100,삼선동1가,11,서울특별시,11680,강남구,1168010100,역삼동,08,00,16,2681.0,11,서울특별시,11290,성북구,1129011100,삼선동1가
20260224,11,서울특별시,11290,성북구,1129011100,삼선동1가,11,서울특별시,11680,강남구,1168010100,역삼동,08,15,12,2791.0,11,서울특별시,11290,성북구,1129011100,삼선동1가
20260224,11,서울특별시,11290,성북구,1129011100,삼선동1가,11,서울특별시,11680,강남구,1168010100,역삼동,08,30,6,2646.0,11,서울특별시,11290,성북구,1129011100,삼선동1가
20260224,11,서울특별시,11290,성북구,1129011100,삼선동1가,11,서울특별시,11680,강남구,1168010100,역삼동,08,45,10,2880.0,11,서울특별시,11290,성북구,1129011100,삼선동1가
20260224,11,서울특별시,11290,성북구,1129011100,삼선동1가,11,서울특별시,11680,강남구,1168010100,역삼동,09,00,11,2509.0,11,서울특별시,11290,성북구,1129011100,삼선동1가
20260224,11,서울특별시,11290,성북구,1129011100,삼선동1가,11,서울특별시,11680,강남구,1168010100,역삼동,09,15,3,2520.0,11,서울특별시,11290,성북구,1129011100,삼선동1가
20260224,11,서울특별시,11290,성북구,1129011100,삼선동1가,11,서울특별시,11680,강남구,1168010100,역삼동,09,30,2,2746.0,11,서울특별시,11290,성북구,1129011100,삼선동1가
20260224,11,서울특별시,11290,성북구,1129011100,삼선동1가,11,서울특별시,11680,강남구,1168010100,역삼동,10,00,3,2549.0,11,서울특별시,11290,성북구,1129011100,삼선동1가
20260224,11,서울특별시,11290,성북구,1129011100,삼선동1가,11,서울특별시,11680,강남구,1168010100,역삼동,10,15,1,2821.0,11,서울특별시,11290,성북구,1129011100,삼선동1가
20260224,11,서울특별시,11290,성북구,1129011100,삼선동1가,11,서울특별시,11680,강남구,1168010100,역삼동,10,30,3,2864.0,11,서울특별시,11290,성북구,1129011100,삼선동1가
20260224,11,서울특별시,11290,성북구,1129011100,삼선동1가,11,서울특별시,11680,강남구,1168010100,역삼동,10,45,1,3423.0,11,서울특별시,11290,성북구,1129011100,삼선동1가
20260224,11,서울특별시,11290,성북구,1129011100,삼선동1가,11,서울특별시,11680,강남구,1168010100,역삼동,11,00,1,2890.0,11,서울특별시,11290,성북구,1129011100,삼선동1가
20260224,11,서울특별시,11290,성북구,1129011100,삼선동1가,11,서울특별시,11680,강남구,1168010100,역삼동,11,15,4,2686.0,11,서울특별시,11290,성북구,1129011100,삼선동1가
20260224,11,서울특별시,11290,성북구,1129011100,삼선동1가,11,서울특별시,11680,강남구,1168010100,역삼동,11,30,7,2938.0,11,서울특별시,11290,성북구,1129011100,삼선동1가
20260224,11,서울특별시,11290,성북구,1129011100,삼선동1가,11,서울특별시,11680,강남구,1168010100,역삼동,11,45,1,3419.0,11,서울특별시,11290,성북구,1129011100,삼선동1가
20260224,11,서울특별시,11290,성북구,1129011200,삼선동2가,11,서울특별시,11680,강남구,1168010100,역삼동,08,15,1,3001.0,11,서울특별시,11290,성북구,1129011200,삼선동2가
20260224,11,서울특별시,11290,성북구,1129011300,삼선동3가,11,서울특별시,11680,강남구,1168010100,역삼동,07,00,1,2735.0,11,서울특별시,11290,성북구,1129011300,삼선동3가
20260224,11,서울특별시,11290,성북구,1129011300,삼선동3가,11,서울특별시,11680,강남구,1168010100,역삼동,07,15,2,3144.0,11,서울특별시,11290,성북구,1129011300,삼선동3가
20260224,11,서울특별시,11290,성북구,1129011300,삼선동3가,11,서울특별시,11680,강남구,1168010100,역삼동,07,45,1,2745.0,11,서울특별시,11290,성북구,1129011300,삼선동3가
20260224,11,서울특별시,11290,성북구,1129011300,삼선동3가,11,서울특별시,11680,강남구,1168010100,역삼동,08,15,1,3343.0,11,서울특별시,11290,성북구,1129011300,삼선동3가
20260224,11,서울특별시,11290,성북구,1129011300,삼선동3가,11,서울특별시,11680,강남구,1168010100,역삼동,08,45,1,2664.0,11,서울특별시,11290,성북구,1129011300,삼선동3가
20260224,11,서울특별시,11290,성북구,1129011300,삼선동3가,11,서울특별시,11680,강남구,1168010100,역삼동,09,30,1,2892.0,11,서울특별시,11290,성북구,1129011300,삼선동3가
20260224,11,서울특별시,11290,성북구,1129011400,삼선동4가,11,서울특별시,11680,강남구,1168010100,역삼동,07,45,1,2672.0,11,서울특별시,11290,성북구,1129011400,삼선동4가
20260224,11,서울특별시,11290,성북구,1129011400,삼선동4가,11,서울특별시,11680,강남구,1168010100,역삼동,08,15,1,2310.0,11,서울특별시,11290,성북구,1129011400,삼선동4가
20260224,11,서울특별시,11290,성북구,1129011400,삼선동4가,11,서울특별시,11680,강남구,1168010100,역삼동,09,00,1,2814.0,11,서울특별시,11290,성북구,1129011400,삼선동4가
20260224,11,서울특별시,11290,성북구,1129011500,삼선동5가,11,서울특별시,11680,강남구,1168010100,역삼동,07,00,1,2122.0,11,서울특별시,11290,성북구,1129011500,삼선동5가
20260224,11,서울특별시,11290,성북구,1129011500,삼선동5가,11,서울특별시,11680,강남구,1168010100,역삼동,07,15,1,2305.0,11,서울특별시,11290,성북구,1129011500,삼선동5가
20260224,11,서울특별시,11290,성북구,1129011500,삼선동5가,11,서울특별시,11680,강남구,1168010100,역삼동,07,45,1,2459.0,11,서울특별시,11290,성북구,1129011500,삼선동5가
20260224,11,서울특별시,11290,성북구,1129011500,삼선동5가,11,서울특별시,11680,강남구,1168010100,역삼동,08,00,3,2345.0,11,서울특별시,11290,성북구,1129011500,삼선동5가
20260224,11,서울특별시,11290,성북구,1129011500,삼선동5가,11,서울특별시,11680,강남구,1168010100,역삼동,08,30,1,3844.0,11,서울특별시,11290,성북구,1129011500,삼선동5가
20260224,11,서울특별시,11290,성북구,1129011500,삼선동5가,11,서울특별시,11680,강남구,1168010100,역삼동,08,45,4,2953.0,11,서울특별시,11290,성북구,1129011500,삼선동5가
20260224,11,서울특별시,11290,성북구,1129011500,삼선동5가,11,서울특별시,11680,강남구,1168010100,역삼동,09,00,2,2568.0,11,서울특별시,11290,성북구,1129011500,삼선동5가
20260224,11,서울특별시,11290,성북구,1129011500,삼선동5가,11,서울특별시,11680,강남구,1168010100,역삼동,11,30,1,2795.0,11,서울특별시,11290,성북구,1129011500,삼선동5가
20260224,11,서울특별시,11290,성북구,1129011600,동선동1가,11,서울특별시,11680,강남구,1168010100,역삼동,07,30,1,2998.0,11,서울특별시,11290,성북구,1129011600,동선동1가
20260224,11,서울특별시,11290,성북구,1129011600,동선동1가,11,서울특별시,11680,강남구,1168010100,역삼동,08,30,1,3722.0,11,서울특별시,11290,성북구,1129011600,동선동1가
20260224,11,서울특별시,11290,성북구,1129011600,동선동1가,11,서울특별시,11680,강남구,1168010100,역삼동,11,00,1,3276.0,11,서울특별시,11290,성북구,1129011600,동선동1가
20260224,11,서울특별시,11290,성북구,1129011900,동선동4가,11,서울특별시,11680,강남구,1168010100,역삼동,07,00,14,2684.0,11,서울특별시,11290,성북구,1129011900,동선동4가
20260224,11,서울특별시,11290,성북구,1129011900,동선동4가,11,서울특별시,11680,강남구,1168010100,역삼동,07,15,12,2977.0,11,서울특별시,11290,성북구,1129011900,동선동4가
20260224,11,서울특별시,11290,성북구,1129011900,동선동4가,11,서울특별시,11680,강남구,1168010100,역삼동,07,30,16,2777.0,11,서울특별시,11290,성북구,1129011900,동선동4가
20260224,11,서울특별시,11290,성북구,1129011900,동선동4가,11,서울특별시,11680,강남구,1168010100,역삼동,07,45,26,2902.0,11,서울특별시,11290,성북구,1129011900,동선동4가
20260224,11,서울특별시,11290,성북구,1129011900,동선동4가,11,서울특별시,11680,강남구,1168010100,역삼동,08,00,12,2793.0,11,서울특별시,11290,성북구,1129011900,동선동4가
20260224,11,서울특별시,11290,성북구,1129011900,동선동4가,11,서울특별시,11680,강남구,1168010100,역삼동,08,15,14,2760.0,11,서울특별시,11290,성북구,1129011900,동선동4가
20260224,11,서울특별시,11290,성북구,1129011900,동선동4가,11,서울특별시,11680,강남구,1168010100,역삼동,08,30,13,2873.0,11,서울특별시,11290,성북구,1129011900,동선동4가
20260224,11,서울특별시,11290,성북구,1129011900,동선동4가,11,서울특별시,11680,강남구,1168010100,역삼동,08,45,21,2760.0,11,서울특별시,11290,성북구,1129011900,동선동4가
20260224,11,서울특별시,11290,성북구,1129011900,동선동4가,11,서울특별시,11680,강남구,1168010100,역삼동,09,00,17,2760.0,11,서울특별시,11290,성북구,1129011900,동선동4가
20260224,11,서울특별시,11290,성북구,1129011900,동선동4가,11,서울특별시,11680,강남구,1168010100,역삼동,09,15,5,2531.0,11,서울특별시,11290,성북구,1129011900,동선동4가
20260224,11,서울특별시,11290,성북구,1129011900,동선동4가,11,서울특별시,11680,강남구,1168010100,역삼동,09,30,8,2674.0,11,서울특별시,11290,성북구,1129011900,동선동4가
20260224,11,서울특별시,11290,성북구,1129011900,동선동4가,11,서울특별시,11680,강남구,1168010100,역삼동,09,45,4,2787.0,11,서울특별시,11290,성북구,1129011900,동선동4가
20260224,11,서울특별시,11290,성북구,1129011900,동선동4가,11,서울특별시,11680,강남구,1168010100,역삼동,10,00,4,2578.0,11,서울특별시,11290,성북구,1129011900,동선동4가
20260224,11,서울특별시,11290,성북구,1129011900,동선동4가,11,서울특별시,11680,강남구,1168010100,역삼동,10,15,3,2844.0,11,서울특별시,11290,성북구,1129011900,동선동4가
20260224,11,서울특별시,11290,성북구,1129011900,동선동4가,11,서울특별시,11680,강남구,1168010100,역삼동,10,30,1,2572.0,11,서울특별시,11290,성북구,1129011900,동선동4가
20260224,11,서울특별시,11290,성북구,1129011900,동선동4가,11,서울특별시,11680,강남구,1168010100,역삼동,10,45,5,3014.0,11,서울특별시,11290,성북구,1129011900,동선동4가
20260224,11,서울특별시,11290,성북구,1129011900,동선동4가,11,서울특별시,11680,강남구,1168010100,역삼동,11,15,5,3234.0,11,서울특별시,11290,성북구,1129011900,동선동4가
20260224,11,서울특별시,11290,성북구,1129011900,동선동4가,11,서울특별시,11680,강남구,1168010100,역삼동,11,30,4,2985.0,11,서울특별시,11290,성북구,1129011900,동선동4가
20260224,11,서울특별시,11290,성북구,1129011900,동선동4가,11,서울특별시,11680,강남구,1168010100,역삼동,11,45,3,2887.0,11,서울특별시,11290,성북구,1129011900,동선동4가
20260224,11,서울특별시,11290,성북구,1129012100,안암동1가,11,서울특별시,11680,강남구,1168010100,역삼동,08,30,1,3092.0,11,서울특별시,11290,성북구,1129012100,안암동1가
20260224,11,서울특별시,11290,성북구,1129012100,안암동1가,11,서울특별시,11680,강남구,1168010100,역삼동,09,30,1,2972.0,11,서울특별시,11290,성북구,1129012100,안암동1가
20260224,11,서울특별시,11290,성북구,1129012200,안암동2가,11,서울특별시,11680,강남구,1168010100,역삼동,07,00,1,2525.0,11,서울특별시,11290,성북구,1129012200,안암동2가
20260224,11,서울특별시,11290,성북구,1129012400,안암동4가,11,서울특별시,11680,강남구,1168010100,역삼동,08,15,1,2841.0,11,서울특별시,11290,성북구,1129012400,안암동4가
20260224,11,서울특별시,11290,성북구,1129012400,안암동4가,11,서울특별시,11680,강남구,1168010100,역삼동,08,45,1,2550.0,11,서울특별시,11290,성북구,1129012400,안암동4가
20260224,11,서울특별시,11290,성북구,1129012400,안암동4가,11,서울특별시,11680,강남구,1168010100,역삼동,10,00,2,2790.0,11,서울특별시,11290,성북구,1129012400,안암동4가
20260224,11,서울특별시,11290,성북구,1129012400,안암동4가,11,서울특별시,11680,강남구,1168010100,역삼동,11,30,1,2535.0,11,서울특별시,11290,성북구,1129012400,안암동4가
20260224,11,서울특별시,11290,성북구,1129012500,안암동5가,11,서울특별시,11680,강남구,1168010100,역삼동,07,00,1,3084.0,11,서울특별시,11290,성북구,1129012500,안암동5가
20260224,11,서울특별시,11290,성북구,1129012500,안암동5가,11,서울특별시,11680,강남구,1168010100,역삼동,07,15,7,2445.0,11,서울특별시,11290,성북구,1129012500,안암동5가
20260224,11,서울특별시,11290,성북구,1129012500,안암동5가,11,서울특별시,11680,강남구,1168010100,역삼동,07,30,5,2304.0,11,서울특별시,11290,성북구,1129012500,안암동5가
20260224,11,서울특별시,11290,성북구,1129012500,안암동5가,11,서울특별시,11680,강남구,1168010100,역삼동,07,45,9,2632.0,11,서울특별시,11290,성북구,1129012500,안암동5가
20260224,11,서울특별시,11290,성북구,1129012500,안암동5가,11,서울특별시,11680,강남구,1168010100,역삼동,08,00,4,2429.0,11,서울특별시,11290,성북구,1129012500,안암동5가
20260224,11,서울특별시,11290,성북구,1129012500,안암동5가,11,서울특별시,11680,강남구,1168010100,역삼동,08,15,2,2724.0,11,서울특별시,11290,성북구,1129012500,안암동5가
20260224,11,서울특별시,11290,성북구,1129012500,안암동5가,11,서울특별시,11680,강남구,1168010100,역삼동,08,30,3,2263.0,11,서울특별시,11290,성북구,1129012500,안암동5가
20260224,11,서울특별시,11290,성북구,1129012500,안암동5가,11,서울특별시,11680,강남구,1168010100,역삼동,08,45,5,2587.0,11,서울특별시,11290,성북구,1129012500,안암동5가
20260224,11,서울특별시,11290,성북구,1129012500,안암동5가,11,서울특별시,11680,강남구,1168010100,역삼동,09,00,6,2511.0,11,서울특별시,11290,성북구,1129012500,안암동5가
20260224,11,서울특별시,11290,성북구,1129012500,안암동5가,11,서울특별시,11680,강남구,1168010100,역삼동,09,15,7,2527.0,11,서울특별시,11290,성북구,1129012500,안암동5가
20260224,11,서울특별시,11290,성북구,1129012500,안암동5가,11,서울특별시,11680,강남구,1168010100,역삼동,09,30,4,2355.0,11,서울특별시,11290,성북구,1129012500,안암동5가
20260224,11,서울특별시,11290,성북구,1129012500,안암동5가,11,서울특별시,11680,강남구,1168010100,역삼동,09,45,3,2764.0,11,서울특별시,11290,성북구,1129012500,안암동5가
20260224,11,서울특별시,11290,성북구,1129012500,안암동5가,11,서울특별시,11680,강남구,1168010100,역삼동,10,00,2,2610.0,11,서울특별시,11290,성북구,1129012500,안암동5가
20260224,11,서울특별시,11290,성북구,1129012500,안암동5가,11,서울특별시,11680,강남구,1168010100,역삼동,10,15,2,2900.0,11,서울특별시,11290,성북구,1129012500,안암동5가
20260224,11,서울특별시,11290,성북구,1129012500,안암동5가,11,서울특별시,11680,강남구,1168010100,역삼동,10,30,4,2741.0,11,서울특별시,11290,성북구,1129012500,안암동5가
20260224,11,서울특별시,11290,성북구,1129012500,안암동5가,11,서울특별시,11680,강남구,1168010100,역삼동,10,45,1,3058.0,11,서울특별시,11290,성북구,1129012500,안암동5가
20260224,11,서울특별시,11290,성북구,1129012500,안암동5가,11,서울특별시,11680,강남구,1168010100,역삼동,11,00,4,3827.0,11,서울특별시,11290,성북구,1129012500,안암동5가
20260224,11,서울특별시,11290,성북구,1129012500,안암동5가,11,서울특별시,11680,강남구,1168010100,역삼동,11,15,2,3069.0,11,서울특별시,11290,성북구,1129012500,안암동5가
20260224,11,서울특별시,11290,성북구,1129012500,안암동5가,11,서울특별시,11680,강남구,1168010100,역삼동,11,30,1,3252.0,11,서울특별시,11290,성북구,1129012500,안암동5가
20260224,11,서울특별시,11290,성북구,1129012500,안암동5가,11,서울특별시,11680,강남구,1168010100,역삼동,11,45,1,2890.0,11,서울특별시,11290,성북구,1129012500,안암동5가
20260224,11,서울특별시,11290,성북구,1129012600,보문동4가,11,서울특별시,11680,강남구,1168010100,역삼동,07,30,1,2822.0,11,서울특별시,11290,성북구,1129012600,보문동4가
20260224,11,서울특별시,11290,성북구,1129012700,보문동5가,11,서울특별시,11680,강남구,1168010100,역삼동,07,30,1,2696.0,11,서울특별시,11290,성북구,1129012700,보문동5가
20260224,11,서울특별시,11290,성북구,1129012700,보문동5가,11,서울특별시,11680,강남구,1168010100,역삼동,08,30,1,3354.0,11,서울특별시,11290,성북구,1129012700,보문동5가
20260224,11,서울특별시,11290,성북구,1129012900,보문동7가,11,서울특별시,11680,강남구,1168010100,역삼동,07,30,3,2904.0,11,서울특별시,11290,성북구,1129012900,보문동7가
20260224,11,서울특별시,11290,성북구,1129012900,보문동7가,11,서울특별시,11680,강남구,1168010100,역삼동,08,00,1,2860.0,11,서울특별시,11290,성북구,1129012900,보문동7가
20260224,11,서울특별시,11290,성북구,1129013000,보문동1가,11,서울특별시,11680,강남구,1168010100,역삼동,07,00,7,2287.0,11,서울특별시,11290,성북구,1129013000,보문동1가
20260224,11,서울특별시,11290,성북구,1129013000,보문동1가,11,서울특별시,11680,강남구,1168010100,역삼동,07,15,3,2509.0,11,서울특별시,11290,성북구,1129013000,보문동1가
20260224,11,서울특별시,11290,성북구,1129013000,보문동1가,11,서울특별시,11680,강남구,1168010100,역삼동,07,30,7,2500.0,11,서울특별시,11290,성북구,1129013000,보문동1가
20260224,11,서울특별시,11290,성북구,1129013000,보문동1가,11,서울특별시,11680,강남구,1168010100,역삼동,07,45,11,2506.0,11,서울특별시,11290,성북구,1129013000,보문동1가
20260224,11,서울특별시,11290,성북구,1129013000,보문동1가,11,서울특별시,11680,강남구,1168010100,역삼동,08,00,17,2498.0,11,서울특별시,11290,성북구,1129013000,보문동1가
20260224,11,서울특별시,11290,성북구,1129013000,보문동1가,11,서울특별시,11680,강남구,1168010100,역삼동,08,15,13,2407.0,11,서울특별시,11290,성북구,1129013000,보문동1가
20260224,11,서울특별시,11290,성북구,1129013000,보문동1가,11,서울특별시,11680,강남구,1168010100,역삼동,08,30,12,2592.0,11,서울특별시,11290,성북구,1129013000,보문동1가
20260224,11,서울특별시,11290,성북구,1129013000,보문동1가,11,서울특별시,11680,강남구,1168010100,역삼동,08,45,12,2477.0,11,서울특별시,11290,성북구,1129013000,보문동1가
20260224,11,서울특별시,11290,성북구,1129013000,보문동1가,11,서울특별시,11680,강남구,1168010100,역삼동,09,00,9,2372.0,11,서울특별시,11290,성북구,1129013000,보문동1가
20260224,11,서울특별시,11290,성북구,1129013000,보문동1가,11,서울특별시,11680,강남구,1168010100,역삼동,09,15,7,2645.0,11,서울특별시,11290,성북구,1129013000,보문동1가
20260224,11,서울특별시,11290,성북구,1129013000,보문동1가,11,서울특별시,11680,강남구,1168010100,역삼동,09,30,5,2662.0,11,서울특별시,11290,성북구,1129013000,보문동1가
20260224,11,서울특별시,11290,성북구,1129013000,보문동1가,11,서울특별시,11680,강남구,1168010100,역삼동,09,45,2,2204.0,11,서울특별시,11290,성북구,1129013000,보문동1가
20260224,11,서울특별시,11290,성북구,1129013000,보문동1가,11,서울특별시,11680,강남구,1168010100,역삼동,10,00,4,2582.0,11,서울특별시,11290,성북구,1129013000,보문동1가
20260224,11,서울특별시,11290,성북구,1129013000,보문동1가,11,서울특별시,11680,강남구,1168010100,역삼동,10,15,4,2818.0,11,서울특별시,11290,성북구,1129013000,보문동1가
20260224,11,서울특별시,11290,성북구,1129013000,보문동1가,11,서울특별시,11680,강남구,1168010100,역삼동,10,30,2,2507.0,11,서울특별시,11290,성북구,1129013000,보문동1가
20260224,11,서울특별시,11290,성북구,1129013000,보문동1가,11,서울특별시,11680,강남구,1168010100,역삼동,10,45,1,2662.0,11,서울특별시,11290,성북구,1129013000,보문동1가
20260224,11,서울특별시,11290,성북구,1129013000,보문동1가,11,서울특별시,11680,강남구,1168010100,역삼동,11,00,5,2738.0,11,서울특별시,11290,성북구,1129013000,보문동1가
20260224,11,서울특별시,11290,성북구,1129013000,보문동1가,11,서울특별시,11680,강남구,1168010100,역삼동,11,15,2,2627.0,11,서울특별시,11290,성북구,1129013000,보문동1가
20260224,11,서울특별시,11290,성북구,1129013000,보문동1가,11,서울특별시,11680,강남구,1168010100,역삼동,11,30,1,2598.0,11,서울특별시,11290,성북구,1129013000,보문동1가
20260224,11,서울특별시,11290,성북구,1129013000,보문동1가,11,서울특별시,11680,강남구,1168010100,역삼동,11,45,2,1951.0,11,서울특별시,11290,성북구,1129013000,보문동1가
20260224,11,서울특별시,11290,성북구,1129013100,보문동2가,11,서울특별시,11680,강남구,1168010100,역삼동,08,00,1,2361.0,11,서울특별시,11290,성북구,1129013100,보문동2가
20260224,11,서울특별시,11290,성북구,1129013300,정릉동,11,서울특별시,11680,강남구,1168010100,역삼동,07,00,23,3279.0,11,서울특별시,11290,성북구,1129013300,정릉동
20260224,11,서울특별시,11290,성북구,1129013300,정릉동,11,서울특별시,11680,강남구,1168010100,역삼동,07,15,23,3460.0,11,서울특별시,11290,성북구,1129013300,정릉동
20260224,11,서울특별시,11290,성북구,1129013300,정릉동,11,서울특별시,11680,강남구,1168010100,역삼동,07,30,33,3431.0,11,서울특별시,11290,성북구,1129013300,정릉동
20260224,11,서울특별시,11290,성북구,1129013300,정릉동,11,서울특별시,11680,강남구,1168010100,역삼동,07,45,32,3383.0,11,서울특별시,11290,성북구,1129013300,정릉동
20260224,11,서울특별시,11290,성북구,1129013300,정릉동,11,서울특별시,11680,강남구,1168010100,역삼동,08,00,26,3292.0,11,서울특별시,11290,성북구,1129013300,정릉동
20260224,11,서울특별시,11290,성북구,1129013300,정릉동,11,서울특별시,11680,강남구,1168010100,역삼동,08,15,18,3341.0,11,서울특별시,11290,성북구,1129013300,정릉동
20260224,11,서울특별시,11290,성북구,1129013300,정릉동,11,서울특별시,11680,강남구,1168010100,역삼동,08,30,16,3246.0,11,서울특별시,11290,성북구,1129013300,정릉동
20260224,11,서울특별시,11290,성북구,1129013300,정릉동,11,서울특별시,11680,강남구,1168010100,역삼동,08,45,12,3058.0,11,서울특별시,11290,성북구,1129013300,정릉동
20260224,11,서울특별시,11290,성북구,1129013300,정릉동,11,서울특별시,11680,강남구,1168010100,역삼동,09,00,17,3193.0,11,서울특별시,11290,성북구,1129013300,정릉동
20260224,11,서울특별시,11290,성북구,1129013300,정릉동,11,서울특별시,11680,강남구,1168010100,역삼동,09,15,10,3326.0,11,서울특별시,11290,성북구,1129013300,정릉동
20260224,11,서울특별시,11290,성북구,1129013300,정릉동,11,서울특별시,11680,강남구,1168010100,역삼동,09,30,8,3348.0,11,서울특별시,11290,성북구,1129013300,정릉동
20260224,11,서울특별시,11290,성북구,1129013300,정릉동,11,서울특별시,11680,강남구,1168010100,역삼동,09,45,6,3117.0,11,서울특별시,11290,성북구,1129013300,정릉동
20260224,11,서울특별시,11290,성북구,1129013300,정릉동,11,서울특별시,11680,강남구,1168010100,역삼동,10,00,3,3208.0,11,서울특별시,11290,성북구,1129013300,정릉동
20260224,11,서울특별시,11290,성북구,1129013300,정릉동,11,서울특별시,11680,강남구,1168010100,역삼동,10,15,6,3644.0,11,서울특별시,11290,성북구,1129013300,정릉동
20260224,11,서울특별시,11290,성북구,1129013300,정릉동,11,서울특별시,11680,강남구,1168010100,역삼동,10,30,2,3823.0,11,서울특별시,11290,성북구,1129013300,정릉동
20260224,11,서울특별시,11290,성북구,1129013300,정릉동,11,서울특별시,11680,강남구,1168010100,역삼동,10,45,2,3691.0,11,서울특별시,11290,성북구,1129013300,정릉동
20260224,11,서울특별시,11290,성북구,1129013300,정릉동,11,서울특별시,11680,강남구,1168010100,역삼동,11,00,1,3454.0,11,서울특별시,11290,성북구,1129013300,정릉동
20260224,11,서울특별시,11290,성북구,1129013300,정릉동,11,서울특별시,11680,강남구,1168010100,역삼동,11,15,2,3515.0,11,서울특별시,11290,성북구,1129013300,정릉동
20260224,11,서울특별시,11290,성북구,1129013300,정릉동,11,서울특별시,11680,강남구,1168010100,역삼동,11,30,2,3185.0,11,서울특별시,11290,성북구,1129013300,정릉동
20260224,11,서울특별시,11290,성북구,1129013300,정릉동,11,서울특별시,11680,강남구,1168010100,역삼동,11,45,2,3758.0,11,서울특별시,11290,성북구,1129013300,정릉동
20260224,11,서울특별시,11290,성북구,1129013400,길음동,11,서울특별시,11680,강남구,1168010100,역삼동,07,00,34,2908.0,11,서울특별시,11290,성북구,1129013400,길음동
20260224,11,서울특별시,11290,성북구,1129013400,길음동,11,서울특별시,11680,강남구,1168010100,역삼동,07,15,35,3017.0,11,서울특별시,11290,성북구,1129013400,길음동
20260224,11,서울특별시,11290,성북구,1129013400,길음동,11,서울특별시,11680,강남구,1168010100,역삼동,07,30,47,3034.0,11,서울특별시,11290,성북구,1129013400,길음동
20260224,11,서울특별시,11290,성북구,1129013400,길음동,11,서울특별시,11680,강남구,1168010100,역삼동,07,45,41,3008.0,11,서울특별시,11290,성북구,1129013400,길음동
20260224,11,서울특별시,11290,성북구,1129013400,길음동,11,서울특별시,11680,강남구,1168010100,역삼동,08,00,31,3079.0,11,서울특별시,11290,성북구,1129013400,길음동
20260224,11,서울특별시,11290,성북구,1129013400,길음동,11,서울특별시,11680,강남구,1168010100,역삼동,08,15,25,3075.0,11,서울특별시,11290,성북구,1129013400,길음동
20260224,11,서울특별시,11290,성북구,1129013400,길음동,11,서울특별시,11680,강남구,1168010100,역삼동,08,30,26,2891.0,11,서울특별시,11290,성북구,1129013400,길음동
20260224,11,서울특별시,11290,성북구,1129013400,길음동,11,서울특별시,11680,강남구,1168010100,역삼동,08,45,21,3143.0,11,서울특별시,11290,성북구,1129013400,길음동
20260224,11,서울특별시,11290,성북구,1129013400,길음동,11,서울특별시,11680,강남구,1168010100,역삼동,09,00,27,2848.0,11,서울특별시,11290,성북구,1129013400,길음동
20260224,11,서울특별시,11290,성북구,1129013400,길음동,11,서울특별시,11680,강남구,1168010100,역삼동,09,15,9,2716.0,11,서울특별시,11290,성북구,1129013400,길음동
20260224,11,서울특별시,11290,성북구,1129013400,길음동,11,서울특별시,11680,강남구,1168010100,역삼동,09,30,6,2845.0,11,서울특별시,11290,성북구,1129013400,길음동
20260224,11,서울특별시,11290,성북구,1129013400,길음동,11,서울특별시,11680,강남구,1168010100,역삼동,09,45,7,2974.0,11,서울특별시,11290,성북구,1129013400,길음동
20260224,11,서울특별시,11290,성북구,1129013400,길음동,11,서울특별시,11680,강남구,1168010100,역삼동,10,00,4,2860.0,11,서울특별시,11290,성북구,1129013400,길음동
20260224,11,서울특별시,11290,성북구,1129013400,길음동,11,서울특별시,11680,강남구,1168010100,역삼동,10,15,7,3310.0,11,서울특별시,11290,성북구,1129013400,길음동
20260224,11,서울특별시,11290,성북구,1129013400,길음동,11,서울특별시,11680,강남구,1168010100,역삼동,10,30,7,2889.0,11,서울특별시,11290,성북구,1129013400,길음동
20260224,11,서울특별시,11290,성북구,1129013400,길음동,11,서울특별시,11680,강남구,1168010100,역삼동,10,45,3,3018.0,11,서울특별시,11290,성북구,1129013400,길음동
20260224,11,서울특별시,11290,성북구,1129013400,길음동,11,서울특별시,11680,강남구,1168010100,역삼동,11,00,8,3318.0,11,서울특별시,11290,성북구,1129013400,길음동
20260224,11,서울특별시,11290,성북구,1129013400,길음동,11,서울특별시,11680,강남구,1168010100,역삼동,11,15,3,3181.0,11,서울특별시,11290,성북구,1129013400,길음동
20260224,11,서울특별시,11290,성북구,1129013400,길음동,11,서울특별시,11680,강남구,1168010100,역삼동,11,30,6,2972.0,11,서울특별시,11290,성북구,1129013400,길음동
20260224,11,서울특별시,11290,성북구,1129013400,길음동,11,서울특별시,11680,강남구,1168010100,역삼동,11,45,3,3436.0,11,서울특별시,11290,성북구,1129013400,길음동
20260224,11,서울특별시,11290,성북구,1129013500,종암동,11,서울특별시,11680,강남구,1168010100,역삼동,07,00,10,2571.0,11,서울특별시,11290,성북구,1129013500,종암동
20260224,11,서울특별시,11290,성북구,1129013500,종암동,11,서울특별시,11680,강남구,1168010100,역삼동,07,15,12,2665.0,11,서울특별시,11290,성북구,1129013500,종암동
20260224,11,서울특별시,11290,성북구,1129013500,종암동,11,서울특별시,11680,강남구,1168010100,역삼동,07,30,17,3002.0,11,서울특별시,11290,성북구,1129013500,종암동
20260224,11,서울특별시,11290,성북구,1129013500,종암동,11,서울특별시,11680,강남구,1168010100,역삼동,07,45,22,2836.0,11,서울특별시,11290,성북구,1129013500,종암동
20260224,11,서울특별시,11290,성북구,1129013500,종암동,11,서울특별시,11680,강남구,1168010100,역삼동,08,00,24,2913.0,11,서울특별시,11290,성북구,1129013500,종암동
20260224,11,서울특별시,11290,성북구,1129013500,종암동,11,서울특별시,11680,강남구,1168010100,역삼동,08,15,19,2693.0,11,서울특별시,11290,성북구,1129013500,종암동
20260224,11,서울특별시,11290,성북구,1129013500,종암동,11,서울특별시,11680,강남구,1168010100,역삼동,08,30,15,2898.0,11,서울특별시,11290,성북구,1129013500,종암동
20260224,11,서울특별시,11290,성북구,1129013500,종암동,11,서울특별시,11680,강남구,1168010100,역삼동,08,45,16,2911.0,11,서울특별시,11290,성북구,1129013500,종암동
20260224,11,서울특별시,11290,성북구,1129013500,종암동,11,서울특별시,11680,강남구,1168010100,역삼동,09,00,7,2923.0,11,서울특별시,11290,성북구,1129013500,종암동
20260224,11,서울특별시,11290,성북구,1129013500,종암동,11,서울특별시,11680,강남구,1168010100,역삼동,09,15,6,2893.0,11,서울특별시,11290,성북구,1129013500,종암동
20260224,11,서울특별시,11290,성북구,1129013500,종암동,11,서울특별시,11680,강남구,1168010100,역삼동,09,30,8,2812.0,11,서울특별시,11290,성북구,1129013500,종암동
20260224,11,서울특별시,11290,성북구,1129013500,종암동,11,서울특별시,11680,강남구,1168010100,역삼동,09,45,4,3037.0,11,서울특별시,11290,성북구,1129013500,종암동
20260224,11,서울특별시,11290,성북구,1129013500,종암동,11,서울특별시,11680,강남구,1168010100,역삼동,10,00,5,2943.0,11,서울특별시,11290,성북구,1129013500,종암동
20260224,11,서울특별시,11290,성북구,1129013500,종암동,11,서울특별시,11680,강남구,1168010100,역삼동,10,15,1,3695.0,11,서울특별시,11290,성북구,1129013500,종암동
20260224,11,서울특별시,11290,성북구,1129013500,종암동,11,서울특별시,11680,강남구,1168010100,역삼동,10,30,5,2798.0,11,서울특별시,11290,성북구,1129013500,종암동
20260224,11,서울특별시,11290,성북구,1129013500,종암동,11,서울특별시,11680,강남구,1168010100,역삼동,10,45,2,3465.0,11,서울특별시,11290,성북구,1129013500,종암동
20260224,11,서울특별시,11290,성북구,1129013500,종암동,11,서울특별시,11680,강남구,1168010100,역삼동,11,00,3,2693.0,11,서울특별시,11290,성북구,1129013500,종암동
20260224,11,서울특별시,11290,성북구,1129013500,종암동,11,서울특별시,11680,강남구,1168010100,역삼동,11,30,1,2290.0,11,서울특별시,11290,성북구,1129013500,종암동
20260224,11,서울특별시,11290,성북구,1129013500,종암동,11,서울특별시,11680,강남구,1168010100,역삼동,11,45,1,2477.0,11,서울특별시,11290,성북구,1129013500,종암동
20260224,11,서울특별시,11290,성북구,1129013600,하월곡동,11,서울특별시,11680,강남구,1168010100,역삼동,07,00,13,2639.0,11,서울특별시,11290,성북구,1129013600,하월곡동
20260224,11,서울특별시,11290,성북구,1129013600,하월곡동,11,서울특별시,11680,강남구,1168010100,역삼동,07,15,20,2915.0,11,서울특별시,11290,성북구,1129013600,하월곡동
20260224,11,서울특별시,11290,성북구,1129013600,하월곡동,11,서울특별시,11680,강남구,1168010100,역삼동,07,30,24,2924.0,11,서울특별시,11290,성북구,1129013600,하월곡동
20260224,11,서울특별시,11290,성북구,1129013600,하월곡동,11,서울특별시,11680,강남구,1168010100,역삼동,07,45,28,2835.0,11,서울특별시,11290,성북구,1129013600,하월곡동
20260224,11,서울특별시,11290,성북구,1129013600,하월곡동,11,서울특별시,11680,강남구,1168010100,역삼동,08,00,29,2729.0,11,서울특별시,11290,성북구,1129013600,하월곡동
20260224,11,서울특별시,11290,성북구,1129013600,하월곡동,11,서울특별시,11680,강남구,1168010100,역삼동,08,15,20,2868.0,11,서울특별시,11290,성북구,1129013600,하월곡동
20260224,11,서울특별시,11290,성북구,1129013600,하월곡동,11,서울특별시,11680,강남구,1168010100,역삼동,08,30,27,2934.0,11,서울특별시,11290,성북구,1129013600,하월곡동
20260224,11,서울특별시,11290,성북구,1129013600,하월곡동,11,서울특별시,11680,강남구,1168010100,역삼동,08,45,22,2843.0,11,서울특별시,11290,성북구,1129013600,하월곡동
20260224,11,서울특별시,11290,성북구,1129013600,하월곡동,11,서울특별시,11680,강남구,1168010100,역삼동,09,00,12,3002.0,11,서울특별시,11290,성북구,1129013600,하월곡동
20260224,11,서울특별시,11290,성북구,1129013600,하월곡동,11,서울특별시,11680,강남구,1168010100,역삼동,09,15,8,2964.0,11,서울특별시,11290,성북구,1129013600,하월곡동
20260224,11,서울특별시,11290,성북구,1129013600,하월곡동,11,서울특별시,11680,강남구,1168010100,역삼동,09,30,5,2968.0,11,서울특별시,11290,성북구,1129013600,하월곡동
20260224,11,서울특별시,11290,성북구,1129013600,하월곡동,11,서울특별시,11680,강남구,1168010100,역삼동,09,45,3,2961.0,11,서울특별시,11290,성북구,1129013600,하월곡동
20260224,11,서울특별시,11290,성북구,1129013600,하월곡동,11,서울특별시,11680,강남구,1168010100,역삼동,10,00,6,3129.0,11,서울특별시,11290,성북구,1129013600,하월곡동
20260224,11,서울특별시,11290,성북구,1129013600,하월곡동,11,서울특별시,11680,강남구,1168010100,역삼동,10,15,1,3100.0,11,서울특별시,11290,성북구,1129013600,하월곡동
20260224,11,서울특별시,11290,성북구,1129013600,하월곡동,11,서울특별시,11680,강남구,1168010100,역삼동,10,30,1,2615.0,11,서울특별시,11290,성북구,1129013600,하월곡동
20260224,11,서울특별시,11290,성북구,1129013600,하월곡동,11,서울특별시,11680,강남구,1168010100,역삼동,10,45,1,3728.0,11,서울특별시,11290,성북구,1129013600,하월곡동
20260224,11,서울특별시,11290,성북구,1129013600,하월곡동,11,서울특별시,11680,강남구,1168010100,역삼동,11,00,4,3290.0,11,서울특별시,11290,성북구,1129013600,하월곡동
20260224,11,서울특별시,11290,성북구,1129013600,하월곡동,11,서울특별시,11680,강남구,1168010100,역삼동,11,30,4,3158.0,11,서울특별시,11290,성북구,1129013600,하월곡동
20260224,11,서울특별시,11290,성북구,1129013600,하월곡동,11,서울특별시,11680,강남구,1168010100,역삼동,11,45,4,3139.0,11,서울특별시,11290,성북구,1129013600,하월곡동
20260224,11,서울특별시,11290,성북구,1129013700,상월곡동,11,서울특별시,11680,강남구,1168010100,역삼동,07,00,5,2803.0,11,서울특별시,11290,성북구,1129013700,상월곡동
20260224,11,서울특별시,11290,성북구,1129013700,상월곡동,11,서울특별시,11680,강남구,1168010100,역삼동,07,15,5,3019.0,11,서울특별시,11290,성북구,1129013700,상월곡동
20260224,11,서울특별시,11290,성북구,1129013700,상월곡동,11,서울특별시,11680,강남구,1168010100,역삼동,07,30,13,2859.0,11,서울특별시,11290,성북구,1129013700,상월곡동
20260224,11,서울특별시,11290,성북구,1129013700,상월곡동,11,서울특별시,11680,강남구,1168010100,역삼동,07,45,13,2879.0,11,서울특별시,11290,성북구,1129013700,상월곡동
20260224,11,서울특별시,11290,성북구,1129013700,상월곡동,11,서울특별시,11680,강남구,1168010100,역삼동,08,00,9,2898.0,11,서울특별시,11290,성북구,1129013700,상월곡동
20260224,11,서울특별시,11290,성북구,1129013700,상월곡동,11,서울특별시,11680,강남구,1168010100,역삼동,08,15,10,2984.0,11,서울특별시,11290,성북구,1129013700,상월곡동
20260224,11,서울특별시,11290,성북구,1129013700,상월곡동,11,서울특별시,11680,강남구,1168010100,역삼동,08,30,10,2857.0,11,서울특별시,11290,성북구,1129013700,상월곡동
20260224,11,서울특별시,11290,성북구,1129013700,상월곡동,11,서울특별시,11680,강남구,1168010100,역삼동,08,45,8,3001.0,11,서울특별시,11290,성북구,1129013700,상월곡동
20260224,11,서울특별시,11290,성북구,1129013700,상월곡동,11,서울특별시,11680,강남구,1168010100,역삼동,09,00,10,2731.0,11,서울특별시,11290,성북구,1129013700,상월곡동
20260224,11,서울특별시,11290,성북구,1129013700,상월곡동,11,서울특별시,11680,강남구,1168010100,역삼동,09,15,7,3281.0,11,서울특별시,11290,성북구,1129013700,상월곡동
20260224,11,서울특별시,11290,성북구,1129013700,상월곡동,11,서울특별시,11680,강남구,1168010100,역삼동,09,30,4,2652.0,11,서울특별시,11290,성북구,1129013700,상월곡동
20260224,11,서울특별시,11290,성북구,1129013700,상월곡동,11,서울특별시,11680,강남구,1168010100,역삼동,09,45,1,2433.0,11,서울특별시,11290,성북구,1129013700,상월곡동
20260224,11,서울특별시,11290,성북구,1129013700,상월곡동,11,서울특별시,11680,강남구,1168010100,역삼동,10,00,3,3233.0,11,서울특별시,11290,성북구,1129013700,상월곡동
20260224,11,서울특별시,11290,성북구,1129013700,상월곡동,11,서울특별시,11680,강남구,1168010100,역삼동,10,15,1,3491.0,11,서울특별시,11290,성북구,1129013700,상월곡동
20260224,11,서울특별시,11290,성북구,1129013700,상월곡동,11,서울특별시,11680,강남구,1168010100,역삼동,10,30,1,3536.0,11,서울특별시,11290,성북구,1129013700,상월곡동
20260224,11,서울특별시,11290,성북구,1129013700,상월곡동,11,서울특별시,11680,강남구,1168010100,역삼동,10,45,2,3059.0,11,서울특별시,11290,성북구,1129013700,상월곡동
20260224,11,서울특별시,11290,성북구,1129013700,상월곡동,11,서울특별시,11680,강남구,1168010100,역삼동,11,00,3,2998.0,11,서울특별시,11290,성북구,1129013700,상월곡동
20260224,11,서울특별시,11290,성북구,1129013700,상월곡동,11,서울특별시,11680,강남구,1168010100,역삼동,11,15,1,3342.0,11,서울특별시,11290,성북구,1129013700,상월곡동
20260224,11,서울특별시,11290,성북구,1129013700,상월곡동,11,서울특별시,11680,강남구,1168010100,역삼동,11,30,1,2948.0,11,서울특별시,11290,성북구,1129013700,상월곡동
20260224,11,서울특별시,11290,성북구,1129013700,상월곡동,11,서울특별시,11680,강남구,1168010100,역삼동,11,45,2,3335.0,11,서울특별시,11290,성북구,1129013700,상월곡동
20260224,11,서울특별시,11290,성북구,1129013800,장위동,11,서울특별시,11680,강남구,1168010100,역삼동,07,00,14,4003.0,11,서울특별시,11290,성북구,1129013800,장위동
20260224,11,서울특별시,11290,성북구,1129013800,장위동,11,서울특별시,11680,강남구,1168010100,역삼동,07,15,9,3683.0,11,서울특별시,11290,성북구,1129013800,장위동
20260224,11,서울특별시,11290,성북구,1129013800,장위동,11,서울특별시,11680,강남구,1168010100,역삼동,07,30,11,3444.0,11,서울특별시,11290,성북구,1129013800,장위동
20260224,11,서울특별시,11290,성북구,1129013800,장위동,11,서울특별시,11680,강남구,1168010100,역삼동,07,45,8,3593.0,11,서울특별시,11290,성북구,1129013800,장위동
20260224,11,서울특별시,11290,성북구,1129013800,장위동,11,서울특별시,11680,강남구,1168010100,역삼동,08,00,8,3377.0,11,서울특별시,11290,성북구,1129013800,장위동
20260224,11,서울특별시,11290,성북구,1129013800,장위동,11,서울특별시,11680,강남구,1168010100,역삼동,08,15,6,3546.0,11,서울특별시,11290,성북구,1129013800,장위동
20260224,11,서울특별시,11290,성북구,1129013800,장위동,11,서울특별시,11680,강남구,1168010100,역삼동,08,30,11,3133.0,11,서울특별시,11290,성북구,1129013800,장위동
20260224,11,서울특별시,11290,성북구,1129013800,장위동,11,서울특별시,11680,강남구,1168010100,역삼동,08,45,7,3255.0,11,서울특별시,11290,성북구,1129013800,장위동
20260224,11,서울특별시,11290,성북구,1129013800,장위동,11,서울특별시,11680,강남구,1168010100,역삼동,09,00,4,3349.0,11,서울특별시,11290,성북구,1129013800,장위동
20260224,11,서울특별시,11290,성북구,1129013800,장위동,11,서울특별시,11680,강남구,1168010100,역삼동,09,15,3,3872.0,11,서울특별시,11290,성북구,1129013800,장위동
20260224,11,서울특별시,11290,성북구,1129013800,장위동,11,서울특별시,11680,강남구,1168010100,역삼동,09,45,6,3399.0,11,서울특별시,11290,성북구,1129013800,장위동
20260224,11,서울특별시,11290,성북구,1129013800,장위동,11,서울특별시,11680,강남구,1168010100,역삼동,10,30,1,3915.0,11,서울특별시,11290,성북구,1129013800,장위동
20260224,11,서울특별시,11290,성북구,1129013800,장위동,11,서울특별시,11680,강남구,1168010100,역삼동,10,45,2,3958.0,11,서울특별시,11290,성북구,1129013800,장위동
20260224,11,서울특별시,11290,성북구,1129013800,장위동,11,서울특별시,11680,강남구,1168010100,역삼동,11,30,2,3902.0,11,서울특별시,11290,성북구,1129013800,장위동
20260224,11,서울특별시,11290,성북구,1129013800,장위동,11,서울특별시,11680,강남구,1168010100,역삼동,11,45,1,2944.0,11,서울특별시,11290,성북구,1129013800,장위동
20260224,11,서울특별시,11290,성북구,1129013900,석관동,11,서울특별시,11680,강남구,1168010100,역삼동,07,00,35,3034.0,11,서울특별시,11290,성북구,1129013900,석관동
20260224,11,서울특별시,11290,성북구,1129013900,석관동,11,서울특별시,11680,강남구,1168010100,역삼동,07,15,20,3076.0,11,서울특별시,11290,성북구,1129013900,석관동
20260224,11,서울특별시,11290,성북구,1129013900,석관동,11,서울특별시,11680,강남구,1168010100,역삼동,07,30,37,3067.0,11,서울특별시,11290,성북구,1129013900,석관동
20260224,11,서울특별시,11290,성북구,1129013900,석관동,11,서울특별시,11680,강남구,1168010100,역삼동,07,45,44,3088.0,11,서울특별시,11290,성북구,1129013900,석관동
20260224,11,서울특별시,11290,성북구,1129013900,석관동,11,서울특별시,11680,강남구,1168010100,역삼동,08,00,31,3094.0,11,서울특별시,11290,성북구,1129013900,석관동
20260224,11,서울특별시,11290,성북구,1129013900,석관동,11,서울특별시,11680,강남구,1168010100,역삼동,08,15,28,3120.0,11,서울특별시,11290,성북구,1129013900,석관동
20260224,11,서울특별시,11290,성북구,1129013900,석관동,11,서울특별시,11680,강남구,1168010100,역삼동,08,30,32,3125.0,11,서울특별시,11290,성북구,1129013900,석관동
20260224,11,서울특별시,11290,성북구,1129013900,석관동,11,서울특별시,11680,강남구,1168010100,역삼동,08,45,26,3031.0,11,서울특별시,11290,성북구,1129013900,석관동
20260224,11,서울특별시,11290,성북구,1129013900,석관동,11,서울특별시,11680,강남구,1168010100,역삼동,09,00,17,3073.0,11,서울특별시,11290,성북구,1129013900,석관동
20260224,11,서울특별시,11290,성북구,1129013900,석관동,11,서울특별시,11680,강남구,1168010100,역삼동,09,15,12,3097.0,11,서울특별시,11290,성북구,1129013900,석관동
20260224,11,서울특별시,11290,성북구,1129013900,석관동,11,서울특별시,11680,강남구,1168010100,역삼동,09,30,8,3259.0,11,서울특별시,11290,성북구,1129013900,석관동
20260224,11,서울특별시,11290,성북구,1129013900,석관동,11,서울특별시,11680,강남구,1168010100,역삼동,09,45,5,3005.0,11,서울특별시,11290,성북구,1129013900,석관동
20260224,11,서울특별시,11290,성북구,1129013900,석관동,11,서울특별시,11680,강남구,1168010100,역삼동,10,00,8,2622.0,11,서울특별시,11290,성북구,1129013900,석관동
20260224,11,서울특별시,11290,성북구,1129013900,석관동,11,서울특별시,11680,강남구,1168010100,역삼동,10,15,3,3029.0,11,서울특별시,11290,성북구,1129013900,석관동
20260224,11,서울특별시,11290,성북구,1129013900,석관동,11,서울특별시,11680,강남구,1168010100,역삼동,10,30,5,3268.0,11,서울특별시,11290,성북구,1129013900,석관동
20260224,11,서울특별시,11290,성북구,1129013900,석관동,11,서울특별시,11680,강남구,1168010100,역삼동,10,45,3,3262.0,11,서울특별시,11290,성북구,1129013900,석관동
20260224,11,서울특별시,11290,성북구,1129013900,석관동,11,서울특별시,11680,강남구,1168010100,역삼동,11,00,4,3335.0,11,서울특별시,11290,성북구,1129013900,석관동
20260224,11,서울특별시,11290,성북구,1129013900,석관동,11,서울특별시,11680,강남구,1168010100,역삼동,11,15,1,2286.0,11,서울특별시,11290,성북구,1129013900,석관동
20260224,11,서울특별시,11290,성북구,1129013900,석관동,11,서울특별시,11680,강남구,1168010100,역삼동,11,30,1,3410.0,11,서울특별시,11290,성북구,1129013900,석관동
20260224,11,서울특별시,11290,성북구,1129013900,석관동,11,서울특별시,11680,강남구,1168010100,역삼동,11,45,4,3309.0,11,서울특별시,11290,성북구,1129013900,석관동
20260224,11,서울특별시,11305,강북구,1130510100,미아동,11,서울특별시,11680,강남구,1168010100,역삼동,07,00,43,3279.0,11,서울특별시,11305,강북구,1130510100,미아동
20260224,11,서울특별시,11305,강북구,1130510100,미아동,11,서울특별시,11680,강남구,1168010100,역삼동,07,15,63,3271.0,11,서울특별시,11305,강북구,1130510100,미아동
20260224,11,서울특별시,11305,강북구,1130510100,미아동,11,서울특별시,11680,강남구,1168010100,역삼동,07,30,85,3399.0,11,서울특별시,11305,강북구,1130510100,미아동
20260224,11,서울특별시,11305,강북구,1130510100,미아동,11,서울특별시,11680,강남구,1168010100,역삼동,07,45,69,3267.0,11,서울특별시,11305,강북구,1130510100,미아동
20260224,11,서울특별시,11305,강북구,1130510100,미아동,11,서울특별시,11680,강남구,1168010100,역삼동,08,00,59,3355.0,11,서울특별시,11305,강북구,1130510100,미아동
20260224,11,서울특별시,11305,강북구,1130510100,미아동,11,서울특별시,11680,강남구,1168010100,역삼동,08,15,50,3330.0,11,서울특별시,11305,강북구,1130510100,미아동
20260224,11,서울특별시,11305,강북구,1130510100,미아동,11,서울특별시,11680,강남구,1168010100,역삼동,08,30,46,3420.0,11,서울특별시,11305,강북구,1130510100,미아동
20260224,11,서울특별시,11305,강북구,1130510100,미아동,11,서울특별시,11680,강남구,1168010100,역삼동,08,45,57,3155.0,11,서울특별시,11305,강북구,1130510100,미아동
20260224,11,서울특별시,11305,강북구,1130510100,미아동,11,서울특별시,11680,강남구,1168010100,역삼동,09,00,35,3146.0,11,서울특별시,11305,강북구,1130510100,미아동
20260224,11,서울특별시,11305,강북구,1130510100,미아동,11,서울특별시,11680,강남구,1168010100,역삼동,09,15,26,3168.0,11,서울특별시,11305,강북구,1130510100,미아동
20260224,11,서울특별시,11305,강북구,1130510100,미아동,11,서울특별시,11680,강남구,1168010100,역삼동,09,30,23,3320.0,11,서울특별시,11305,강북구,1130510100,미아동
20260224,11,서울특별시,11305,강북구,1130510100,미아동,11,서울특별시,11680,강남구,1168010100,역삼동,09,45,15,3411.0,11,서울특별시,11305,강북구,1130510100,미아동
20260224,11,서울특별시,11305,강북구,1130510100,미아동,11,서울특별시,11680,강남구,1168010100,역삼동,10,00,11,3320.0,11,서울특별시,11305,강북구,1130510100,미아동
20260224,11,서울특별시,11305,강북구,1130510100,미아동,11,서울특별시,11680,강남구,1168010100,역삼동,10,15,16,3431.0,11,서울특별시,11305,강북구,1130510100,미아동
20260224,11,서울특별시,11305,강북구,1130510100,미아동,11,서울특별시,11680,강남구,1168010100,역삼동,10,30,11,3269.0,11,서울특별시,11305,강북구,1130510100,미아동
20260224,11,서울특별시,11305,강북구,1130510100,미아동,11,서울특별시,11680,강남구,1168010100,역삼동,10,45,9,3636.0,11,서울특별시,11305,강북구,1130510100,미아동
20260224,11,서울특별시,11305,강북구,1130510100,미아동,11,서울특별시,11680,강남구,1168010100,역삼동,11,00,11,3839.0,11,서울특별시,11305,강북구,1130510100,미아동
20260224,11,서울특별시,11305,강북구,1130510100,미아동,11,서울특별시,11680,강남구,1168010100,역삼동,11,15,5,3471.0,11,서울특별시,11305,강북구,1130510100,미아동
20260224,11,서울특별시,11305,강북구,1130510100,미아동,11,서울특별시,11680,강남구,1168010100,역삼동,11,30,8,3655.0,11,서울특별시,11305,강북구,1130510100,미아동
20260224,11,서울특별시,11305,강북구,1130510100,미아동,11,서울특별시,11680,강남구,1168010100,역삼동,11,45,7,3111.0,11,서울특별시,11305,강북구,1130510100,미아동
20260224,11,서울특별시,11305,강북구,1130510200,번동,11,서울특별시,11680,강남구,1168010100,역삼동,07,00,19,3832.0,11,서울특별시,11305,강북구,1130510200,번동
20260224,11,서울특별시,11305,강북구,1130510200,번동,11,서울특별시,11680,강남구,1168010100,역삼동,07,15,22,3594.0,11,서울특별시,11305,강북구,1130510200,번동
20260224,11,서울특별시,11305,강북구,1130510200,번동,11,서울특별시,11680,강남구,1168010100,역삼동,07,30,47,3506.0,11,서울특별시,11305,강북구,1130510200,번동
20260224,11,서울특별시,11305,강북구,1130510200,번동,11,서울특별시,11680,강남구,1168010100,역삼동,07,45,37,3548.0,11,서울특별시,11305,강북구,1130510200,번동
20260224,11,서울특별시,11305,강북구,1130510200,번동,11,서울특별시,11680,강남구,1168010100,역삼동,08,00,25,3582.0,11,서울특별시,11305,강북구,1130510200,번동
20260224,11,서울특별시,11305,강북구,1130510200,번동,11,서울특별시,11680,강남구,1168010100,역삼동,08,15,31,3472.0,11,서울특별시,11305,강북구,1130510200,번동
20260224,11,서울특별시,11305,강북구,1130510200,번동,11,서울특별시,11680,강남구,1168010100,역삼동,08,30,38,3445.0,11,서울특별시,11305,강북구,1130510200,번동
20260224,11,서울특별시,11305,강북구,1130510200,번동,11,서울특별시,11680,강남구,1168010100,역삼동,08,45,31,3365.0,11,서울특별시,11305,강북구,1130510200,번동
20260224,11,서울특별시,11305,강북구,1130510200,번동,11,서울특별시,11680,강남구,1168010100,역삼동,09,00,14,4651.0,11,서울특별시,11305,강북구,1130510200,번동
20260224,11,서울특별시,11305,강북구,1130510200,번동,11,서울특별시,11680,강남구,1168010100,역삼동,09,15,9,3364.0,11,서울특별시,11305,강북구,1130510200,번동
20260224,11,서울특별시,11305,강북구,1130510200,번동,11,서울특별시,11680,강남구,1168010100,역삼동,09,30,15,3545.0,11,서울특별시,11305,강북구,1130510200,번동
20260224,11,서울특별시,11305,강북구,1130510200,번동,11,서울특별시,11680,강남구,1168010100,역삼동,09,45,9,3498.0,11,서울특별시,11305,강북구,1130510200,번동
20260224,11,서울특별시,11305,강북구,1130510200,번동,11,서울특별시,11680,강남구,1168010100,역삼동,10,00,5,3532.0,11,서울특별시,11305,강북구,1130510200,번동
20260224,11,서울특별시,11305,강북구,1130510200,번동,11,서울특별시,11680,강남구,1168010100,역삼동,10,15,8,3507.0,11,서울특별시,11305,강북구,1130510200,번동
20260224,11,서울특별시,11305,강북구,1130510200,번동,11,서울특별시,11680,강남구,1168010100,역삼동,10,30,4,3714.0,11,서울특별시,11305,강북구,1130510200,번동
20260224,11,서울특별시,11305,강북구,1130510200,번동,11,서울특별시,11680,강남구,1168010100,역삼동,10,45,7,3562.0,11,서울특별시,11305,강북구,1130510200,번동
20260224,11,서울특별시,11305,강북구,1130510200,번동,11,서울특별시,11680,강남구,1168010100,역삼동,11,00,7,4005.0,11,서울특별시,11305,강북구,1130510200,번동
20260224,11,서울특별시,11305,강북구,1130510200,번동,11,서울특별시,11680,강남구,1168010100,역삼동,11,15,5,3802.0,11,서울특별시,11305,강북구,1130510200,번동
20260224,11,서울특별시,11305,강북구,1130510200,번동,11,서울특별시,11680,강남구,1168010100,역삼동,11,30,3,3749.0,11,서울특별시,11305,강북구,1130510200,번동
20260224,11,서울특별시,11305,강북구,1130510200,번동,11,서울특별시,11680,강남구,1168010100,역삼동,11,45,8,3218.0,11,서울특별시,11305,강북구,1130510200,번동
20260224,11,서울특별시,11305,강북구,1130510300,수유동,11,서울특별시,11680,강남구,1168010100,역삼동,07,00,24,3933.0,11,서울특별시,11305,강북구,1130510300,수유동
20260224,11,서울특별시,11305,강북구,1130510300,수유동,11,서울특별시,11680,강남구,1168010100,역삼동,07,15,25,3928.0,11,서울특별시,11305,강북구,1130510300,수유동
20260224,11,서울특별시,11305,강북구,1130510300,수유동,11,서울특별시,11680,강남구,1168010100,역삼동,07,30,28,3856.0,11,서울특별시,11305,강북구,1130510300,수유동
20260224,11,서울특별시,11305,강북구,1130510300,수유동,11,서울특별시,11680,강남구,1168010100,역삼동,07,45,10,4144.0,11,서울특별시,11305,강북구,1130510300,수유동
20260224,11,서울특별시,11305,강북구,1130510300,수유동,11,서울특별시,11680,강남구,1168010100,역삼동,08,00,13,3958.0,11,서울특별시,11305,강북구,1130510300,수유동
20260224,11,서울특별시,11305,강북구,1130510300,수유동,11,서울특별시,11680,강남구,1168010100,역삼동,08,15,14,3614.0,11,서울특별시,11305,강북구,1130510300,수유동
20260224,11,서울특별시,11305,강북구,1130510300,수유동,11,서울특별시,11680,강남구,1168010100,역삼동,08,30,17,3800.0,11,서울특별시,11305,강북구,1130510300,수유동
20260224,11,서울특별시,11305,강북구,1130510300,수유동,11,서울특별시,11680,강남구,1168010100,역삼동,08,45,9,3671.0,11,서울특별시,11305,강북구,1130510300,수유동
20260224,11,서울특별시,11305,강북구,1130510300,수유동,11,서울특별시,11680,강남구,1168010100,역삼동,09,00,6,3905.0,11,서울특별시,11305,강북구,1130510300,수유동
20260224,11,서울특별시,11305,강북구,1130510300,수유동,11,서울특별시,11680,강남구,1168010100,역삼동,09,15,8,3856.0,11,서울특별시,11305,강북구,1130510300,수유동
20260224,11,서울특별시,11305,강북구,1130510300,수유동,11,서울특별시,11680,강남구,1168010100,역삼동,09,30,5,3557.0,11,서울특별시,11305,강북구,1130510300,수유동
20260224,11,서울특별시,11305,강북구,1130510300,수유동,11,서울특별시,11680,강남구,1168010100,역삼동,09,45,4,3945.0,11,서울특별시,11305,강북구,1130510300,수유동
20260224,11,서울특별시,11305,강북구,1130510300,수유동,11,서울특별시,11680,강남구,1168010100,역삼동,10,00,3,3438.0,11,서울특별시,11305,강북구,1130510300,수유동
20260224,11,서울특별시,11305,강북구,1130510300,수유동,11,서울특별시,11680,강남구,1168010100,역삼동,10,15,3,3990.0,11,서울특별시,11305,강북구,1130510300,수유동
20260224,11,서울특별시,11305,강북구,1130510300,수유동,11,서울특별시,11680,강남구,1168010100,역삼동,10,30,1,3313.0,11,서울특별시,11305,강북구,1130510300,수유동
20260224,11,서울특별시,11305,강북구,1130510300,수유동,11,서울특별시,11680,강남구,1168010100,역삼동,10,45,2,3793.0,11,서울특별시,11305,강북구,1130510300,수유동
20260224,11,서울특별시,11305,강북구,1130510300,수유동,11,서울특별시,11680,강남구,1168010100,역삼동,11,15,2,3580.0,11,서울특별시,11305,강북구,1130510300,수유동
20260224,11,서울특별시,11305,강북구,1130510300,수유동,11,서울특별시,11680,강남구,1168010100,역삼동,11,30,3,4258.0,11,서울특별시,11305,강북구,1130510300,수유동
20260224,11,서울특별시,11305,강북구,1130510300,수유동,11,서울특별시,11680,강남구,1168010100,역삼동,11,45,4,4025.0,11,서울특별시,11305,강북구,1130510300,수유동
20260224,11,서울특별시,11305,강북구,1130510400,우이동,11,서울특별시,11680,강남구,1168010100,역삼동,07,00,4,4069.0,11,서울특별시,11305,강북구,1130510400,우이동
20260224,11,서울특별시,11305,강북구,1130510400,우이동,11,서울특별시,11680,강남구,1168010100,역삼동,07,15,7,3894.0,11,서울특별시,11305,강북구,1130510400,우이동
20260224,11,서울특별시,11305,강북구,1130510400,우이동,11,서울특별시,11680,강남구,1168010100,역삼동,07,30,9,4089.0,11,서울특별시,11305,강북구,1130510400,우이동
20260224,11,서울특별시,11305,강북구,1130510400,우이동,11,서울특별시,11680,강남구,1168010100,역삼동,07,45,6,3880.0,11,서울특별시,11305,강북구,1130510400,우이동
20260224,11,서울특별시,11305,강북구,1130510400,우이동,11,서울특별시,11680,강남구,1168010100,역삼동,08,00,9,3790.0,11,서울특별시,11305,강북구,1130510400,우이동
20260224,11,서울특별시,11305,강북구,1130510400,우이동,11,서울특별시,11680,강남구,1168010100,역삼동,08,15,11,4034.0,11,서울특별시,11305,강북구,1130510400,우이동
20260224,11,서울특별시,11305,강북구,1130510400,우이동,11,서울특별시,11680,강남구,1168010100,역삼동,08,30,7,3841.0,11,서울특별시,11305,강북구,1130510400,우이동
20260224,11,서울특별시,11305,강북구,1130510400,우이동,11,서울특별시,11680,강남구,1168010100,역삼동,08,45,5,3628.0,11,서울특별시,11305,강북구,1130510400,우이동
20260224,11,서울특별시,11305,강북구,1130510400,우이동,11,서울특별시,11680,강남구,1168010100,역삼동,09,00,3,3350.0,11,서울특별시,11305,강북구,1130510400,우이동
20260224,11,서울특별시,11305,강북구,1130510400,우이동,11,서울특별시,11680,강남구,1168010100,역삼동,09,15,1,4438.0,11,서울특별시,11305,강북구,1130510400,우이동
20260224,11,서울특별시,11305,강북구,1130510400,우이동,11,서울특별시,11680,강남구,1168010100,역삼동,09,30,5,3924.0,11,서울특별시,11305,강북구,1130510400,우이동
20260224,11,서울특별시,11305,강북구,1130510400,우이동,11,서울특별시,11680,강남구,1168010100,역삼동,09,45,2,4378.0,11,서울특별시,11305,강북구,1130510400,우이동
20260224,11,서울특별시,11305,강북구,1130510400,우이동,11,서울특별시,11680,강남구,1168010100,역삼동,10,00,1,4367.0,11,서울특별시,11305,강북구,1130510400,우이동
20260224,11,서울특별시,11305,강북구,1130510400,우이동,11,서울특별시,11680,강남구,1168010100,역삼동,10,30,2,3838.0,11,서울특별시,11305,강북구,1130510400,우이동
20260224,11,서울특별시,11305,강북구,1130510400,우이동,11,서울특별시,11680,강남구,1168010100,역삼동,10,45,1,4311.0,11,서울특별시,11305,강북구,1130510400,우이동
20260224,11,서울특별시,11305,강북구,1130510400,우이동,11,서울특별시,11680,강남구,1168010100,역삼동,11,00,1,3618.0,11,서울특별시,11305,강북구,1130510400,우이동
20260224,11,서울특별시,11305,강북구,1130510400,우이동,11,서울특별시,11680,강남구,1168010100,역삼동,11,30,2,4619.0,11,서울특별시,11305,강북구,1130510400,우이동
20260224,11,서울특별시,11305,강북구,1130510400,우이동,11,서울특별시,11680,강남구,1168010100,역삼동,11,45,1,4037.0,11,서울특별시,11305,강북구,1130510400,우이동
20260224,11,서울특별시,11320,도봉구,1132010500,쌍문동,11,서울특별시,11680,강남구,1168010100,역삼동,07,00,12,4000.0,11,서울특별시,11320,도봉구,1132010500,쌍문동
20260224,11,서울특별시,11320,도봉구,1132010500,쌍문동,11,서울특별시,11680,강남구,1168010100,역삼동,07,15,26,4220.0,11,서울특별시,11320,도봉구,1132010500,쌍문동
20260224,11,서울특별시,11320,도봉구,1132010500,쌍문동,11,서울특별시,11680,강남구,1168010100,역삼동,07,30,14,3919.0,11,서울특별시,11320,도봉구,1132010500,쌍문동
20260224,11,서울특별시,11320,도봉구,1132010500,쌍문동,11,서울특별시,11680,강남구,1168010100,역삼동,07,45,10,3757.0,11,서울특별시,11320,도봉구,1132010500,쌍문동
20260224,11,서울특별시,11320,도봉구,1132010500,쌍문동,11,서울특별시,11680,강남구,1168010100,역삼동,08,00,15,4109.0,11,서울특별시,11320,도봉구,1132010500,쌍문동
20260224,11,서울특별시,11320,도봉구,1132010500,쌍문동,11,서울특별시,11680,강남구,1168010100,역삼동,08,15,21,3931.0,11,서울특별시,11320,도봉구,1132010500,쌍문동
20260224,11,서울특별시,11320,도봉구,1132010500,쌍문동,11,서울특별시,11680,강남구,1168010100,역삼동,08,30,13,3820.0,11,서울특별시,11320,도봉구,1132010500,쌍문동
20260224,11,서울특별시,11320,도봉구,1132010500,쌍문동,11,서울특별시,11680,강남구,1168010100,역삼동,08,45,9,3667.0,11,서울특별시,11320,도봉구,1132010500,쌍문동
20260224,11,서울특별시,11320,도봉구,1132010500,쌍문동,11,서울특별시,11680,강남구,1168010100,역삼동,09,00,4,3731.0,11,서울특별시,11320,도봉구,1132010500,쌍문동
20260224,11,서울특별시,11320,도봉구,1132010500,쌍문동,11,서울특별시,11680,강남구,1168010100,역삼동,09,15,3,4391.0,11,서울특별시,11320,도봉구,1132010500,쌍문동
20260224,11,서울특별시,11320,도봉구,1132010500,쌍문동,11,서울특별시,11680,강남구,1168010100,역삼동,09,30,7,3964.0,11,서울특별시,11320,도봉구,1132010500,쌍문동
20260224,11,서울특별시,11320,도봉구,1132010500,쌍문동,11,서울특별시,11680,강남구,1168010100,역삼동,09,45,3,3746.0,11,서울특별시,11320,도봉구,1132010500,쌍문동
20260224,11,서울특별시,11320,도봉구,1132010500,쌍문동,11,서울특별시,11680,강남구,1168010100,역삼동,10,00,4,4506.0,11,서울특별시,11320,도봉구,1132010500,쌍문동
20260224,11,서울특별시,11320,도봉구,1132010500,쌍문동,11,서울특별시,11680,강남구,1168010100,역삼동,10,15,3,4520.0,11,서울특별시,11320,도봉구,1132010500,쌍문동
20260224,11,서울특별시,11320,도봉구,1132010500,쌍문동,11,서울특별시,11680,강남구,1168010100,역삼동,10,30,2,3983.0,11,서울특별시,11320,도봉구,1132010500,쌍문동
20260224,11,서울특별시,11320,도봉구,1132010500,쌍문동,11,서울특별시,11680,강남구,1168010100,역삼동,10,45,3,4172.0,11,서울특별시,11320,도봉구,1132010500,쌍문동
20260224,11,서울특별시,11320,도봉구,1132010500,쌍문동,11,서울특별시,11680,강남구,1168010100,역삼동,11,00,2,4006.0,11,서울특별시,11320,도봉구,1132010500,쌍문동
20260224,11,서울특별시,11320,도봉구,1132010500,쌍문동,11,서울특별시,11680,강남구,1168010100,역삼동,11,15,1,3792.0,11,서울특별시,11320,도봉구,1132010500,쌍문동
20260224,11,서울특별시,11320,도봉구,1132010500,쌍문동,11,서울특별시,11680,강남구,1168010100,역삼동,11,30,3,3672.0,11,서울특별시,11320,도봉구,1132010500,쌍문동
20260224,11,서울특별시,11320,도봉구,1132010500,쌍문동,11,서울특별시,11680,강남구,1168010100,역삼동,11,45,2,3701.0,11,서울특별시,11320,도봉구,1132010500,쌍문동
20260224,11,서울특별시,11320,도봉구,1132010600,방학동,11,서울특별시,11680,강남구,1168010100,역삼동,07,00,21,4252.0,11,서울특별시,11320,도봉구,1132010600,방학동
20260224,11,서울특별시,11320,도봉구,1132010600,방학동,11,서울특별시,11680,강남구,1168010100,역삼동,07,15,26,4167.0,11,서울특별시,11320,도봉구,1132010600,방학동
20260224,11,서울특별시,11320,도봉구,1132010600,방학동,11,서울특별시,11680,강남구,1168010100,역삼동,07,30,17,4229.0,11,서울특별시,11320,도봉구,1132010600,방학동
20260224,11,서울특별시,11320,도봉구,1132010600,방학동,11,서울특별시,11680,강남구,1168010100,역삼동,07,45,14,3793.0,11,서울특별시,11320,도봉구,1132010600,방학동
20260224,11,서울특별시,11320,도봉구,1132010600,방학동,11,서울특별시,11680,강남구,1168010100,역삼동,08,00,18,4098.0,11,서울특별시,11320,도봉구,1132010600,방학동
20260224,11,서울특별시,11320,도봉구,1132010600,방학동,11,서울특별시,11680,강남구,1168010100,역삼동,08,15,16,4250.0,11,서울특별시,11320,도봉구,1132010600,방학동
20260224,11,서울특별시,11320,도봉구,1132010600,방학동,11,서울특별시,11680,강남구,1168010100,역삼동,08,30,11,4163.0,11,서울특별시,11320,도봉구,1132010600,방학동
20260224,11,서울특별시,11320,도봉구,1132010600,방학동,11,서울특별시,11680,강남구,1168010100,역삼동,08,45,12,4342.0,11,서울특별시,11320,도봉구,1132010600,방학동
20260224,11,서울특별시,11320,도봉구,1132010600,방학동,11,서울특별시,11680,강남구,1168010100,역삼동,09,00,9,4500.0,11,서울특별시,11320,도봉구,1132010600,방학동
20260224,11,서울특별시,11320,도봉구,1132010600,방학동,11,서울특별시,11680,강남구,1168010100,역삼동,09,15,5,4488.0,11,서울특별시,11320,도봉구,1132010600,방학동
20260224,11,서울특별시,11320,도봉구,1132010600,방학동,11,서울특별시,11680,강남구,1168010100,역삼동,09,30,6,4432.0,11,서울특별시,11320,도봉구,1132010600,방학동
20260224,11,서울특별시,11320,도봉구,1132010600,방학동,11,서울특별시,11680,강남구,1168010100,역삼동,09,45,7,3937.0,11,서울특별시,11320,도봉구,1132010600,방학동
20260224,11,서울특별시,11320,도봉구,1132010600,방학동,11,서울특별시,11680,강남구,1168010100,역삼동,10,00,1,3852.0,11,서울특별시,11320,도봉구,1132010600,방학동
20260224,11,서울특별시,11320,도봉구,1132010600,방학동,11,서울특별시,11680,강남구,1168010100,역삼동,10,15,2,4535.0,11,서울특별시,11320,도봉구,1132010600,방학동
20260224,11,서울특별시,11320,도봉구,1132010600,방학동,11,서울특별시,11680,강남구,1168010100,역삼동,10,45,2,4375.0,11,서울특별시,11320,도봉구,1132010600,방학동
20260224,11,서울특별시,11320,도봉구,1132010600,방학동,11,서울특별시,11680,강남구,1168010100,역삼동,11,00,2,4332.0,11,서울특별시,11320,도봉구,1132010600,방학동
20260224,11,서울특별시,11320,도봉구,1132010600,방학동,11,서울특별시,11680,강남구,1168010100,역삼동,11,30,3,4894.0,11,서울특별시,11320,도봉구,1132010600,방학동
20260224,11,서울특별시,11320,도봉구,1132010600,방학동,11,서울특별시,11680,강남구,1168010100,역삼동,11,45,2,4561.0,11,서울특별시,11320,도봉구,1132010600,방학동
20260224,11,서울특별시,11320,도봉구,1132010700,창동,11,서울특별시,11680,강남구,1168010100,역삼동,07,00,39,3841.0,11,서울특별시,11320,도봉구,1132010700,창동
20260224,11,서울특별시,11320,도봉구,1132010700,창동,11,서울특별시,11680,강남구,1168010100,역삼동,07,15,89,3728.0,11,서울특별시,11320,도봉구,1132010700,창동
20260224,11,서울특별시,11320,도봉구,1132010700,창동,11,서울특별시,11680,강남구,1168010100,역삼동,07,30,82,3692.0,11,서울특별시,11320,도봉구,1132010700,창동
20260224,11,서울특별시,11320,도봉구,1132010700,창동,11,서울특별시,11680,강남구,1168010100,역삼동,07,45,70,3677.0,11,서울특별시,11320,도봉구,1132010700,창동
20260224,11,서울특별시,11320,도봉구,1132010700,창동,11,서울특별시,11680,강남구,1168010100,역삼동,08,00,39,3730.0,11,서울특별시,11320,도봉구,1132010700,창동
20260224,11,서울특별시,11320,도봉구,1132010700,창동,11,서울특별시,11680,강남구,1168010100,역삼동,08,15,60,3616.0,11,서울특별시,11320,도봉구,1132010700,창동
20260224,11,서울특별시,11320,도봉구,1132010700,창동,11,서울특별시,11680,강남구,1168010100,역삼동,08,30,53,3592.0,11,서울특별시,11320,도봉구,1132010700,창동
20260224,11,서울특별시,11320,도봉구,1132010700,창동,11,서울특별시,11680,강남구,1168010100,역삼동,08,45,48,3610.0,11,서울특별시,11320,도봉구,1132010700,창동
20260224,11,서울특별시,11320,도봉구,1132010700,창동,11,서울특별시,11680,강남구,1168010100,역삼동,09,00,23,3561.0,11,서울특별시,11320,도봉구,1132010700,창동
20260224,11,서울특별시,11320,도봉구,1132010700,창동,11,서울특별시,11680,강남구,1168010100,역삼동,09,15,17,3721.0,11,서울특별시,11320,도봉구,1132010700,창동
20260224,11,서울특별시,11320,도봉구,1132010700,창동,11,서울특별시,11680,강남구,1168010100,역삼동,09,30,14,3613.0,11,서울특별시,11320,도봉구,1132010700,창동
20260224,11,서울특별시,11320,도봉구,1132010700,창동,11,서울특별시,11680,강남구,1168010100,역삼동,09,45,16,3556.0,11,서울특별시,11320,도봉구,1132010700,창동
20260224,11,서울특별시,11320,도봉구,1132010700,창동,11,서울특별시,11680,강남구,1168010100,역삼동,10,00,12,3505.0,11,서울특별시,11320,도봉구,1132010700,창동
20260224,11,서울특별시,11320,도봉구,1132010700,창동,11,서울특별시,11680,강남구,1168010100,역삼동,10,15,3,3543.0,11,서울특별시,11320,도봉구,1132010700,창동
20260224,11,서울특별시,11320,도봉구,1132010700,창동,11,서울특별시,11680,강남구,1168010100,역삼동,10,30,7,3535.0,11,서울특별시,11320,도봉구,1132010700,창동
20260224,11,서울특별시,11320,도봉구,1132010700,창동,11,서울특별시,11680,강남구,1168010100,역삼동,10,45,11,3671.0,11,서울특별시,11320,도봉구,1132010700,창동
20260224,11,서울특별시,11320,도봉구,1132010700,창동,11,서울특별시,11680,강남구,1168010100,역삼동,11,00,7,4221.0,11,서울특별시,11320,도봉구,1132010700,창동
20260224,11,서울특별시,11320,도봉구,1132010700,창동,11,서울특별시,11680,강남구,1168010100,역삼동,11,15,3,3746.0,11,서울특별시,11320,도봉구,1132010700,창동
20260224,11,서울특별시,11320,도봉구,1132010700,창동,11,서울특별시,11680,강남구,1168010100,역삼동,11,30,7,3506.0,11,서울특별시,11320,도봉구,1132010700,창동
20260224,11,서울특별시,11320,도봉구,1132010700,창동,11,서울특별시,11680,강남구,1168010100,역삼동,11,45,6,3661.0,11,서울특별시,11320,도봉구,1132010700,창동
20260224,11,서울특별시,11320,도봉구,1132010800,도봉동,11,서울특별시,11680,강남구,1168010100,역삼동,07,00,28,3787.0,11,서울특별시,11320,도봉구,1132010800,도봉동
20260224,11,서울특별시,11320,도봉구,1132010800,도봉동,11,서울특별시,11680,강남구,1168010100,역삼동,07,15,34,3672.0,11,서울특별시,11320,도봉구,1132010800,도봉동
20260224,11,서울특별시,11320,도봉구,1132010800,도봉동,11,서울특별시,11680,강남구,1168010100,역삼동,07,30,42,3611.0,11,서울특별시,11320,도봉구,1132010800,도봉동
20260224,11,서울특별시,11320,도봉구,1132010800,도봉동,11,서울특별시,11680,강남구,1168010100,역삼동,07,45,33,3742.0,11,서울특별시,11320,도봉구,1132010800,도봉동
20260224,11,서울특별시,11320,도봉구,1132010800,도봉동,11,서울특별시,11680,강남구,1168010100,역삼동,08,00,24,3591.0,11,서울특별시,11320,도봉구,1132010800,도봉동
20260224,11,서울특별시,11320,도봉구,1132010800,도봉동,11,서울특별시,11680,강남구,1168010100,역삼동,08,15,19,3543.0,11,서울특별시,11320,도봉구,1132010800,도봉동
20260224,11,서울특별시,11320,도봉구,1132010800,도봉동,11,서울특별시,11680,강남구,1168010100,역삼동,08,30,19,3672.0,11,서울특별시,11320,도봉구,1132010800,도봉동
20260224,11,서울특별시,11320,도봉구,1132010800,도봉동,11,서울특별시,11680,강남구,1168010100,역삼동,08,45,22,3634.0,11,서울특별시,11320,도봉구,1132010800,도봉동
20260224,11,서울특별시,11320,도봉구,1132010800,도봉동,11,서울특별시,11680,강남구,1168010100,역삼동,09,00,9,3715.0,11,서울특별시,11320,도봉구,1132010800,도봉동
20260224,11,서울특별시,11320,도봉구,1132010800,도봉동,11,서울특별시,11680,강남구,1168010100,역삼동,09,15,11,3755.0,11,서울특별시,11320,도봉구,1132010800,도봉동
20260224,11,서울특별시,11320,도봉구,1132010800,도봉동,11,서울특별시,11680,강남구,1168010100,역삼동,09,30,5,3724.0,11,서울특별시,11320,도봉구,1132010800,도봉동
20260224,11,서울특별시,11320,도봉구,1132010800,도봉동,11,서울특별시,11680,강남구,1168010100,역삼동,09,45,3,4448.0,11,서울특별시,11320,도봉구,1132010800,도봉동
20260224,11,서울특별시,11320,도봉구,1132010800,도봉동,11,서울특별시,11680,강남구,1168010100,역삼동,10,00,5,3267.0,11,서울특별시,11320,도봉구,1132010800,도봉동
20260224,11,서울특별시,11320,도봉구,1132010800,도봉동,11,서울특별시,11680,강남구,1168010100,역삼동,10,15,2,4192.0,11,서울특별시,11320,도봉구,1132010800,도봉동
20260224,11,서울특별시,11320,도봉구,1132010800,도봉동,11,서울특별시,11680,강남구,1168010100,역삼동,10,30,3,3424.0,11,서울특별시,11320,도봉구,1132010800,도봉동
20260224,11,서울특별시,11320,도봉구,1132010800,도봉동,11,서울특별시,11680,강남구,1168010100,역삼동,10,45,6,4007.0,11,서울특별시,11320,도봉구,1132010800,도봉동
20260224,11,서울특별시,11320,도봉구,1132010800,도봉동,11,서울특별시,11680,강남구,1168010100,역삼동,11,00,4,3854.0,11,서울특별시,11320,도봉구,1132010800,도봉동
20260224,11,서울특별시,11320,도봉구,1132010800,도봉동,11,서울특별시,11680,강남구,1168010100,역삼동,11,15,1,3431.0,11,서울특별시,11320,도봉구,1132010800,도봉동
20260224,11,서울특별시,11320,도봉구,1132010800,도봉동,11,서울특별시,11680,강남구,1168010100,역삼동,11,30,3,3649.0,11,서울특별시,11320,도봉구,1132010800,도봉동
20260224,11,서울특별시,11320,도봉구,1132010800,도봉동,11,서울특별시,11680,강남구,1168010100,역삼동,11,45,1,3794.0,11,서울특별시,11320,도봉구,1132010800,도봉동
20260224,11,서울특별시,11350,노원구,1135010200,월계동,11,서울특별시,11680,강남구,1168010100,역삼동,07,00,22,3420.0,11,서울특별시,11350,노원구,1135010200,월계동
20260224,11,서울특별시,11350,노원구,1135010200,월계동,11,서울특별시,11680,강남구,1168010100,역삼동,07,15,25,3501.0,11,서울특별시,11350,노원구,1135010200,월계동
20260224,11,서울특별시,11350,노원구,1135010200,월계동,11,서울특별시,11680,강남구,1168010100,역삼동,07,30,29,3543.0,11,서울특별시,11350,노원구,1135010200,월계동
20260224,11,서울특별시,11350,노원구,1135010200,월계동,11,서울특별시,11680,강남구,1168010100,역삼동,07,45,15,3440.0,11,서울특별시,11350,노원구,1135010200,월계동
20260224,11,서울특별시,11350,노원구,1135010200,월계동,11,서울특별시,11680,강남구,1168010100,역삼동,08,00,16,3205.0,11,서울특별시,11350,노원구,1135010200,월계동
20260224,11,서울특별시,11350,노원구,1135010200,월계동,11,서울특별시,11680,강남구,1168010100,역삼동,08,15,17,3530.0,11,서울특별시,11350,노원구,1135010200,월계동
20260224,11,서울특별시,11350,노원구,1135010200,월계동,11,서울특별시,11680,강남구,1168010100,역삼동,08,30,13,3325.0,11,서울특별시,11350,노원구,1135010200,월계동
20260224,11,서울특별시,11350,노원구,1135010200,월계동,11,서울특별시,11680,강남구,1168010100,역삼동,08,45,7,3528.0,11,서울특별시,11350,노원구,1135010200,월계동
20260224,11,서울특별시,11350,노원구,1135010200,월계동,11,서울특별시,11680,강남구,1168010100,역삼동,09,00,11,3411.0,11,서울특별시,11350,노원구,1135010200,월계동
20260224,11,서울특별시,11350,노원구,1135010200,월계동,11,서울특별시,11680,강남구,1168010100,역삼동,09,15,8,3696.0,11,서울특별시,11350,노원구,1135010200,월계동
20260224,11,서울특별시,11350,노원구,1135010200,월계동,11,서울특별시,11680,강남구,1168010100,역삼동,09,30,4,3365.0,11,서울특별시,11350,노원구,1135010200,월계동
20260224,11,서울특별시,11350,노원구,1135010200,월계동,11,서울특별시,11680,강남구,1168010100,역삼동,09,45,2,3746.0,11,서울특별시,11350,노원구,1135010200,월계동
20260224,11,서울특별시,11350,노원구,1135010200,월계동,11,서울특별시,11680,강남구,1168010100,역삼동,10,00,5,3284.0,11,서울특별시,11350,노원구,1135010200,월계동
20260224,11,서울특별시,11350,노원구,1135010200,월계동,11,서울특별시,11680,강남구,1168010100,역삼동,10,15,5,4164.0,11,서울특별시,11350,노원구,1135010200,월계동
20260224,11,서울특별시,11350,노원구,1135010200,월계동,11,서울특별시,11680,강남구,1168010100,역삼동,10,30,4,4010.0,11,서울특별시,11350,노원구,1135010200,월계동
20260224,11,서울특별시,11350,노원구,1135010200,월계동,11,서울특별시,11680,강남구,1168010100,역삼동,11,00,2,3015.0,11,서울특별시,11350,노원구,1135010200,월계동
20260224,11,서울특별시,11350,노원구,1135010200,월계동,11,서울특별시,11680,강남구,1168010100,역삼동,11,15,3,2567.0,11,서울특별시,11350,노원구,1135010200,월계동
20260224,11,서울특별시,11350,노원구,1135010200,월계동,11,서울특별시,11680,강남구,1168010100,역삼동,11,45,1,3583.0,11,서울특별시,11350,노원구,1135010200,월계동
20260224,11,서울특별시,11350,노원구,1135010300,공릉동,11,서울특별시,11680,강남구,1168010100,역삼동,07,00,44,2969.0,11,서울특별시,11350,노원구,1135010300,공릉동
20260224,11,서울특별시,11350,노원구,1135010300,공릉동,11,서울특별시,11680,강남구,1168010100,역삼동,07,15,53,2865.0,11,서울특별시,11350,노원구,1135010300,공릉동
20260224,11,서울특별시,11350,노원구,1135010300,공릉동,11,서울특별시,11680,강남구,1168010100,역삼동,07,30,51,2889.0,11,서울특별시,11350,노원구,1135010300,공릉동
20260224,11,서울특별시,11350,노원구,1135010300,공릉동,11,서울특별시,11680,강남구,1168010100,역삼동,07,45,82,2898.0,11,서울특별시,11350,노원구,1135010300,공릉동
20260224,11,서울특별시,11350,노원구,1135010300,공릉동,11,서울특별시,11680,강남구,1168010100,역삼동,08,00,64,2850.0,11,서울특별시,11350,노원구,1135010300,공릉동
20260224,11,서울특별시,11350,노원구,1135010300,공릉동,11,서울특별시,11680,강남구,1168010100,역삼동,08,15,49,2974.0,11,서울특별시,11350,노원구,1135010300,공릉동
20260224,11,서울특별시,11350,노원구,1135010300,공릉동,11,서울특별시,11680,강남구,1168010100,역삼동,08,30,52,2783.0,11,서울특별시,11350,노원구,1135010300,공릉동
20260224,11,서울특별시,11350,노원구,1135010300,공릉동,11,서울특별시,11680,강남구,1168010100,역삼동,08,45,55,2769.0,11,서울특별시,11350,노원구,1135010300,공릉동
20260224,11,서울특별시,11350,노원구,1135010300,공릉동,11,서울특별시,11680,강남구,1168010100,역삼동,09,00,39,2878.0,11,서울특별시,11350,노원구,1135010300,공릉동
20260224,11,서울특별시,11350,노원구,1135010300,공릉동,11,서울특별시,11680,강남구,1168010100,역삼동,09,15,32,2795.0,11,서울특별시,11350,노원구,1135010300,공릉동
20260224,11,서울특별시,11350,노원구,1135010300,공릉동,11,서울특별시,11680,강남구,1168010100,역삼동,09,30,12,2860.0,11,서울특별시,11350,노원구,1135010300,공릉동
20260224,11,서울특별시,11350,노원구,1135010300,공릉동,11,서울특별시,11680,강남구,1168010100,역삼동,09,45,10,2939.0,11,서울특별시,11350,노원구,1135010300,공릉동
20260224,11,서울특별시,11350,노원구,1135010300,공릉동,11,서울특별시,11680,강남구,1168010100,역삼동,10,00,15,2873.0,11,서울특별시,11350,노원구,1135010300,공릉동
20260224,11,서울특별시,11350,노원구,1135010300,공릉동,11,서울특별시,11680,강남구,1168010100,역삼동,10,15,11,2907.0,11,서울특별시,11350,노원구,1135010300,공릉동
20260224,11,서울특별시,11350,노원구,1135010300,공릉동,11,서울특별시,11680,강남구,1168010100,역삼동,10,30,7,2727.0,11,서울특별시,11350,노원구,1135010300,공릉동
20260224,11,서울특별시,11350,노원구,1135010300,공릉동,11,서울특별시,11680,강남구,1168010100,역삼동,10,45,4,2760.0,11,서울특별시,11350,노원구,1135010300,공릉동
20260224,11,서울특별시,11350,노원구,1135010300,공릉동,11,서울특별시,11680,강남구,1168010100,역삼동,11,00,11,2712.0,11,서울특별시,11350,노원구,1135010300,공릉동
20260224,11,서울특별시,11350,노원구,1135010300,공릉동,11,서울특별시,11680,강남구,1168010100,역삼동,11,15,5,3187.0,11,서울특별시,11350,노원구,1135010300,공릉동
20260224,11,서울특별시,11350,노원구,1135010300,공릉동,11,서울특별시,11680,강남구,1168010100,역삼동,11,30,2,2779.0,11,서울특별시,11350,노원구,1135010300,공릉동
20260224,11,서울특별시,11350,노원구,1135010300,공릉동,11,서울특별시,11680,강남구,1168010100,역삼동,11,45,4,2507.0,11,서울특별시,11350,노원구,1135010300,공릉동
20260224,11,서울특별시,11350,노원구,1135010400,하계동,11,서울특별시,11680,강남구,1168010100,역삼동,07,00,26,2957.0,11,서울특별시,11350,노원구,1135010400,하계동
20260224,11,서울특별시,11350,노원구,1135010400,하계동,11,서울특별시,11680,강남구,1168010100,역삼동,07,15,28,2958.0,11,서울특별시,11350,노원구,1135010400,하계동
20260224,11,서울특별시,11350,노원구,1135010400,하계동,11,서울특별시,11680,강남구,1168010100,역삼동,07,30,33,2870.0,11,서울특별시,11350,노원구,1135010400,하계동
20260224,11,서울특별시,11350,노원구,1135010400,하계동,11,서울특별시,11680,강남구,1168010100,역삼동,07,45,62,2919.0,11,서울특별시,11350,노원구,1135010400,하계동
20260224,11,서울특별시,11350,노원구,1135010400,하계동,11,서울특별시,11680,강남구,1168010100,역삼동,08,00,37,2910.0,11,서울특별시,11350,노원구,1135010400,하계동
20260224,11,서울특별시,11350,노원구,1135010400,하계동,11,서울특별시,11680,강남구,1168010100,역삼동,08,15,29,2892.0,11,서울특별시,11350,노원구,1135010400,하계동
20260224,11,서울특별시,11350,노원구,1135010400,하계동,11,서울특별시,11680,강남구,1168010100,역삼동,08,30,39,2861.0,11,서울특별시,11350,노원구,1135010400,하계동
20260224,11,서울특별시,11350,노원구,1135010400,하계동,11,서울특별시,11680,강남구,1168010100,역삼동,08,45,36,2840.0,11,서울특별시,11350,노원구,1135010400,하계동
20260224,11,서울특별시,11350,노원구,1135010400,하계동,11,서울특별시,11680,강남구,1168010100,역삼동,09,00,20,2828.0,11,서울특별시,11350,노원구,1135010400,하계동
20260224,11,서울특별시,11350,노원구,1135010400,하계동,11,서울특별시,11680,강남구,1168010100,역삼동,09,15,13,2893.0,11,서울특별시,11350,노원구,1135010400,하계동
20260224,11,서울특별시,11350,노원구,1135010400,하계동,11,서울특별시,11680,강남구,1168010100,역삼동,09,30,7,3101.0,11,서울특별시,11350,노원구,1135010400,하계동
20260224,11,서울특별시,11350,노원구,1135010400,하계동,11,서울특별시,11680,강남구,1168010100,역삼동,09,45,7,3121.0,11,서울특별시,11350,노원구,1135010400,하계동
20260224,11,서울특별시,11350,노원구,1135010400,하계동,11,서울특별시,11680,강남구,1168010100,역삼동,10,00,9,3049.0,11,서울특별시,11350,노원구,1135010400,하계동
20260224,11,서울특별시,11350,노원구,1135010400,하계동,11,서울특별시,11680,강남구,1168010100,역삼동,10,15,7,2927.0,11,서울특별시,11350,노원구,1135010400,하계동
20260224,11,서울특별시,11350,노원구,1135010400,하계동,11,서울특별시,11680,강남구,1168010100,역삼동,10,30,6,2679.0,11,서울특별시,11350,노원구,1135010400,하계동
20260224,11,서울특별시,11350,노원구,1135010400,하계동,11,서울특별시,11680,강남구,1168010100,역삼동,10,45,9,2941.0,11,서울특별시,11350,노원구,1135010400,하계동
20260224,11,서울특별시,11350,노원구,1135010400,하계동,11,서울특별시,11680,강남구,1168010100,역삼동,11,00,4,2630.0,11,서울특별시,11350,노원구,1135010400,하계동
20260224,11,서울특별시,11350,노원구,1135010400,하계동,11,서울특별시,11680,강남구,1168010100,역삼동,11,15,1,2944.0,11,서울특별시,11350,노원구,1135010400,하계동
20260224,11,서울특별시,11350,노원구,1135010400,하계동,11,서울특별시,11680,강남구,1168010100,역삼동,11,30,4,2920.0,11,서울특별시,11350,노원구,1135010400,하계동
20260224,11,서울특별시,11350,노원구,1135010400,하계동,11,서울특별시,11680,강남구,1168010100,역삼동,11,45,5,3188.0,11,서울특별시,11350,노원구,1135010400,하계동
20260224,11,서울특별시,11350,노원구,1135010500,상계동,11,서울특별시,11680,강남구,1168010100,역삼동,07,00,74,3591.0,11,서울특별시,11350,노원구,1135010500,상계동
20260224,11,서울특별시,11350,노원구,1135010500,상계동,11,서울특별시,11680,강남구,1168010100,역삼동,07,15,107,3504.0,11,서울특별시,11350,노원구,1135010500,상계동
20260224,11,서울특별시,11350,노원구,1135010500,상계동,11,서울특별시,11680,강남구,1168010100,역삼동,07,30,148,3468.0,11,서울특별시,11350,노원구,1135010500,상계동
20260224,11,서울특별시,11350,노원구,1135010500,상계동,11,서울특별시,11680,강남구,1168010100,역삼동,07,45,128,3435.0,11,서울특별시,11350,노원구,1135010500,상계동
20260224,11,서울특별시,11350,노원구,1135010500,상계동,11,서울특별시,11680,강남구,1168010100,역삼동,08,00,98,3495.0,11,서울특별시,11350,노원구,1135010500,상계동
20260224,11,서울특별시,11350,노원구,1135010500,상계동,11,서울특별시,11680,강남구,1168010100,역삼동,08,15,102,3378.0,11,서울특별시,11350,노원구,1135010500,상계동
20260224,11,서울특별시,11350,노원구,1135010500,상계동,11,서울특별시,11680,강남구,1168010100,역삼동,08,30,81,3482.0,11,서울특별시,11350,노원구,1135010500,상계동
20260224,11,서울특별시,11350,노원구,1135010500,상계동,11,서울특별시,11680,강남구,1168010100,역삼동,08,45,80,3337.0,11,서울특별시,11350,노원구,1135010500,상계동
20260224,11,서울특별시,11350,노원구,1135010500,상계동,11,서울특별시,11680,강남구,1168010100,역삼동,09,00,42,3269.0,11,서울특별시,11350,노원구,1135010500,상계동
20260224,11,서울특별시,11350,노원구,1135010500,상계동,11,서울특별시,11680,강남구,1168010100,역삼동,09,15,25,3253.0,11,서울특별시,11350,노원구,1135010500,상계동
20260224,11,서울특별시,11350,노원구,1135010500,상계동,11,서울특별시,11680,강남구,1168010100,역삼동,09,30,26,3480.0,11,서울특별시,11350,노원구,1135010500,상계동
20260224,11,서울특별시,11350,노원구,1135010500,상계동,11,서울특별시,11680,강남구,1168010100,역삼동,09,45,35,3552.0,11,서울특별시,11350,노원구,1135010500,상계동
20260224,11,서울특별시,11350,노원구,1135010500,상계동,11,서울특별시,11680,강남구,1168010100,역삼동,10,00,17,3519.0,11,서울특별시,11350,노원구,1135010500,상계동
20260224,11,서울특별시,11350,노원구,1135010500,상계동,11,서울특별시,11680,강남구,1168010100,역삼동,10,15,11,3434.0,11,서울특별시,11350,노원구,1135010500,상계동
20260224,11,서울특별시,11350,노원구,1135010500,상계동,11,서울특별시,11680,강남구,1168010100,역삼동,10,30,11,3654.0,11,서울특별시,11350,노원구,1135010500,상계동
20260224,11,서울특별시,11350,노원구,1135010500,상계동,11,서울특별시,11680,강남구,1168010100,역삼동,10,45,22,3754.0,11,서울특별시,11350,노원구,1135010500,상계동
20260224,11,서울특별시,11350,노원구,1135010500,상계동,11,서울특별시,11680,강남구,1168010100,역삼동,11,00,15,3723.0,11,서울특별시,11350,노원구,1135010500,상계동
20260224,11,서울특별시,11350,노원구,1135010500,상계동,11,서울특별시,11680,강남구,1168010100,역삼동,11,15,15,3673.0,11,서울특별시,11350,노원구,1135010500,상계동
20260224,11,서울특별시,11350,노원구,1135010500,상계동,11,서울특별시,11680,강남구,1168010100,역삼동,11,30,11,3447.0,11,서울특별시,11350,노원구,1135010500,상계동
20260224,11,서울특별시,11350,노원구,1135010500,상계동,11,서울특별시,11680,강남구,1168010100,역삼동,11,45,18,3387.0,11,서울특별시,11350,노원구,1135010500,상계동
20260224,11,서울특별시,11350,노원구,1135010600,중계동,11,서울특별시,11680,강남구,1168010100,역삼동,07,00,34,3223.0,11,서울특별시,11350,노원구,1135010600,중계동
20260224,11,서울특별시,11350,노원구,1135010600,중계동,11,서울특별시,11680,강남구,1168010100,역삼동,07,15,45,3224.0,11,서울특별시,11350,노원구,1135010600,중계동
20260224,11,서울특별시,11350,노원구,1135010600,중계동,11,서울특별시,11680,강남구,1168010100,역삼동,07,30,62,3123.0,11,서울특별시,11350,노원구,1135010600,중계동
20260224,11,서울특별시,11350,노원구,1135010600,중계동,11,서울특별시,11680,강남구,1168010100,역삼동,07,45,60,3011.0,11,서울특별시,11350,노원구,1135010600,중계동
20260224,11,서울특별시,11350,노원구,1135010600,중계동,11,서울특별시,11680,강남구,1168010100,역삼동,08,00,38,3096.0,11,서울특별시,11350,노원구,1135010600,중계동
20260224,11,서울특별시,11350,노원구,1135010600,중계동,11,서울특별시,11680,강남구,1168010100,역삼동,08,15,47,3051.0,11,서울특별시,11350,노원구,1135010600,중계동
20260224,11,서울특별시,11350,노원구,1135010600,중계동,11,서울특별시,11680,강남구,1168010100,역삼동,08,30,26,3150.0,11,서울특별시,11350,노원구,1135010600,중계동
20260224,11,서울특별시,11350,노원구,1135010600,중계동,11,서울특별시,11680,강남구,1168010100,역삼동,08,45,28,3150.0,11,서울특별시,11350,노원구,1135010600,중계동
20260224,11,서울특별시,11350,노원구,1135010600,중계동,11,서울특별시,11680,강남구,1168010100,역삼동,09,00,27,3157.0,11,서울특별시,11350,노원구,1135010600,중계동
20260224,11,서울특별시,11350,노원구,1135010600,중계동,11,서울특별시,11680,강남구,1168010100,역삼동,09,15,11,3048.0,11,서울특별시,11350,노원구,1135010600,중계동
20260224,11,서울특별시,11350,노원구,1135010600,중계동,11,서울특별시,11680,강남구,1168010100,역삼동,09,30,7,3446.0,11,서울특별시,11350,노원구,1135010600,중계동
20260224,11,서울특별시,11350,노원구,1135010600,중계동,11,서울특별시,11680,강남구,1168010100,역삼동,09,45,9,3244.0,11,서울특별시,11350,노원구,1135010600,중계동
20260224,11,서울특별시,11350,노원구,1135010600,중계동,11,서울특별시,11680,강남구,1168010100,역삼동,10,00,7,2897.0,11,서울특별시,11350,노원구,1135010600,중계동
20260224,11,서울특별시,11350,노원구,1135010600,중계동,11,서울특별시,11680,강남구,1168010100,역삼동,10,15,3,2947.0,11,서울특별시,11350,노원구,1135010600,중계동
20260224,11,서울특별시,11350,노원구,1135010600,중계동,11,서울특별시,11680,강남구,1168010100,역삼동,10,30,5,3365.0,11,서울특별시,11350,노원구,1135010600,중계동
20260224,11,서울특별시,11350,노원구,1135010600,중계동,11,서울특별시,11680,강남구,1168010100,역삼동,10,45,3,3329.0,11,서울특별시,11350,노원구,1135010600,중계동
20260224,11,서울특별시,11350,노원구,1135010600,중계동,11,서울특별시,11680,강남구,1168010100,역삼동,11,00,3,3253.0,11,서울특별시,11350,노원구,1135010600,중계동
20260224,11,서울특별시,11350,노원구,1135010600,중계동,11,서울특별시,11680,강남구,1168010100,역삼동,11,15,4,3145.0,11,서울특별시,11350,노원구,1135010600,중계동
20260224,11,서울특별시,11350,노원구,1135010600,중계동,11,서울특별시,11680,강남구,1168010100,역삼동,11,30,4,3761.0,11,서울특별시,11350,노원구,1135010600,중계동
20260224,11,서울특별시,11350,노원구,1135010600,중계동,11,서울특별시,11680,강남구,1168010100,역삼동,11,45,5,3365.0,11,서울특별시,11350,노원구,1135010600,중계동
20260224,11,서울특별시,11380,은평구,1138010100,수색동,11,서울특별시,11680,강남구,1168010100,역삼동,07,00,8,3685.0,11,서울특별시,11380,은평구,1138010100,수색동
20260224,11,서울특별시,11380,은평구,1138010100,수색동,11,서울특별시,11680,강남구,1168010100,역삼동,07,15,6,3734.0,11,서울특별시,11380,은평구,1138010100,수색동
20260224,11,서울특별시,11380,은평구,1138010100,수색동,11,서울특별시,11680,강남구,1168010100,역삼동,07,30,13,3857.0,11,서울특별시,11380,은평구,1138010100,수색동
20260224,11,서울특별시,11380,은평구,1138010100,수색동,11,서울특별시,11680,강남구,1168010100,역삼동,07,45,7,3959.0,11,서울특별시,11380,은평구,1138010100,수색동
20260224,11,서울특별시,11380,은평구,1138010100,수색동,11,서울특별시,11680,강남구,1168010100,역삼동,08,00,7,3489.0,11,서울특별시,11380,은평구,1138010100,수색동
20260224,11,서울특별시,11380,은평구,1138010100,수색동,11,서울특별시,11680,강남구,1168010100,역삼동,08,15,12,3562.0,11,서울특별시,11380,은평구,1138010100,수색동
20260224,11,서울특별시,11380,은평구,1138010100,수색동,11,서울특별시,11680,강남구,1168010100,역삼동,08,30,9,3807.0,11,서울특별시,11380,은평구,1138010100,수색동
20260224,11,서울특별시,11380,은평구,1138010100,수색동,11,서울특별시,11680,강남구,1168010100,역삼동,08,45,13,3482.0,11,서울특별시,11380,은평구,1138010100,수색동
20260224,11,서울특별시,11380,은평구,1138010100,수색동,11,서울특별시,11680,강남구,1168010100,역삼동,09,00,4,3865.0,11,서울특별시,11380,은평구,1138010100,수색동
20260224,11,서울특별시,11380,은평구,1138010100,수색동,11,서울특별시,11680,강남구,1168010100,역삼동,09,15,6,4264.0,11,서울특별시,11380,은평구,1138010100,수색동
20260224,11,서울특별시,11380,은평구,1138010100,수색동,11,서울특별시,11680,강남구,1168010100,역삼동,09,30,2,3671.0,11,서울특별시,11380,은평구,1138010100,수색동
20260224,11,서울특별시,11380,은평구,1138010100,수색동,11,서울특별시,11680,강남구,1168010100,역삼동,09,45,1,3239.0,11,서울특별시,11380,은평구,1138010100,수색동
20260224,11,서울특별시,11380,은평구,1138010100,수색동,11,서울특별시,11680,강남구,1168010100,역삼동,10,00,1,3419.0,11,서울특별시,11380,은평구,1138010100,수색동
20260224,11,서울특별시,11380,은평구,1138010100,수색동,11,서울특별시,11680,강남구,1168010100,역삼동,10,15,1,3419.0,11,서울특별시,11380,은평구,1138010100,수색동
20260224,11,서울특별시,11380,은평구,1138010100,수색동,11,서울특별시,11680,강남구,1168010100,역삼동,10,30,2,3434.0,11,서울특별시,11380,은평구,1138010100,수색동
20260224,11,서울특별시,11380,은평구,1138010100,수색동,11,서울특별시,11680,강남구,1168010100,역삼동,10,45,1,3075.0,11,서울특별시,11380,은평구,1138010100,수색동
20260224,11,서울특별시,11380,은평구,1138010100,수색동,11,서울특별시,11680,강남구,1168010100,역삼동,11,45,1,3939.0,11,서울특별시,11380,은평구,1138010100,수색동
20260224,11,서울특별시,11380,은평구,1138010200,녹번동,11,서울특별시,11680,강남구,1168010100,역삼동,07,00,27,2923.0,11,서울특별시,11380,은평구,1138010200,녹번동
20260224,11,서울특별시,11380,은평구,1138010200,녹번동,11,서울특별시,11680,강남구,1168010100,역삼동,07,15,39,2955.0,11,서울특별시,11380,은평구,1138010200,녹번동
20260224,11,서울특별시,11380,은평구,1138010200,녹번동,11,서울특별시,11680,강남구,1168010100,역삼동,07,30,31,2987.0,11,서울특별시,11380,은평구,1138010200,녹번동
20260224,11,서울특별시,11380,은평구,1138010200,녹번동,11,서울특별시,11680,강남구,1168010100,역삼동,07,45,41,3047.0,11,서울특별시,11380,은평구,1138010200,녹번동
20260224,11,서울특별시,11380,은평구,1138010200,녹번동,11,서울특별시,11680,강남구,1168010100,역삼동,08,00,34,2968.0,11,서울특별시,11380,은평구,1138010200,녹번동
20260224,11,서울특별시,11380,은평구,1138010200,녹번동,11,서울특별시,11680,강남구,1168010100,역삼동,08,15,27,3031.0,11,서울특별시,11380,은평구,1138010200,녹번동
20260224,11,서울특별시,11380,은평구,1138010200,녹번동,11,서울특별시,11680,강남구,1168010100,역삼동,08,30,30,2960.0,11,서울특별시,11380,은평구,1138010200,녹번동
20260224,11,서울특별시,11380,은평구,1138010200,녹번동,11,서울특별시,11680,강남구,1168010100,역삼동,08,45,31,2985.0,11,서울특별시,11380,은평구,1138010200,녹번동
20260224,11,서울특별시,11380,은평구,1138010200,녹번동,11,서울특별시,11680,강남구,1168010100,역삼동,09,00,20,2829.0,11,서울특별시,11380,은평구,1138010200,녹번동
20260224,11,서울특별시,11380,은평구,1138010200,녹번동,11,서울특별시,11680,강남구,1168010100,역삼동,09,15,15,3140.0,11,서울특별시,11380,은평구,1138010200,녹번동
20260224,11,서울특별시,11380,은평구,1138010200,녹번동,11,서울특별시,11680,강남구,1168010100,역삼동,09,30,9,2921.0,11,서울특별시,11380,은평구,1138010200,녹번동
20260224,11,서울특별시,11380,은평구,1138010200,녹번동,11,서울특별시,11680,강남구,1168010100,역삼동,09,45,5,2849.0,11,서울특별시,11380,은평구,1138010200,녹번동
20260224,11,서울특별시,11380,은평구,1138010200,녹번동,11,서울특별시,11680,강남구,1168010100,역삼동,10,00,7,2828.0,11,서울특별시,11380,은평구,1138010200,녹번동
20260224,11,서울특별시,11380,은평구,1138010200,녹번동,11,서울특별시,11680,강남구,1168010100,역삼동,10,15,4,2850.0,11,서울특별시,11380,은평구,1138010200,녹번동
20260224,11,서울특별시,11380,은평구,1138010200,녹번동,11,서울특별시,11680,강남구,1168010100,역삼동,10,30,3,3200.0,11,서울특별시,11380,은평구,1138010200,녹번동
20260224,11,서울특별시,11380,은평구,1138010200,녹번동,11,서울특별시,11680,강남구,1168010100,역삼동,10,45,8,2858.0,11,서울특별시,11380,은평구,1138010200,녹번동
20260224,11,서울특별시,11380,은평구,1138010200,녹번동,11,서울특별시,11680,강남구,1168010100,역삼동,11,00,10,3335.0,11,서울특별시,11380,은평구,1138010200,녹번동
20260224,11,서울특별시,11380,은평구,1138010200,녹번동,11,서울특별시,11680,강남구,1168010100,역삼동,11,15,1,2876.0,11,서울특별시,11380,은평구,1138010200,녹번동
20260224,11,서울특별시,11380,은평구,1138010200,녹번동,11,서울특별시,11680,강남구,1168010100,역삼동,11,30,2,3027.0,11,서울특별시,11380,은평구,1138010200,녹번동
20260224,11,서울특별시,11380,은평구,1138010200,녹번동,11,서울특별시,11680,강남구,1168010100,역삼동,11,45,6,3037.0,11,서울특별시,11380,은평구,1138010200,녹번동
20260224,11,서울특별시,11380,은평구,1138010300,불광동,11,서울특별시,11680,강남구,1168010100,역삼동,07,00,29,3262.0,11,서울특별시,11380,은평구,1138010300,불광동
20260224,11,서울특별시,11380,은평구,1138010300,불광동,11,서울특별시,11680,강남구,1168010100,역삼동,07,15,38,3360.0,11,서울특별시,11380,은평구,1138010300,불광동
20260224,11,서울특별시,11380,은평구,1138010300,불광동,11,서울특별시,11680,강남구,1168010100,역삼동,07,30,54,3291.0,11,서울특별시,11380,은평구,1138010300,불광동
20260224,11,서울특별시,11380,은평구,1138010300,불광동,11,서울특별시,11680,강남구,1168010100,역삼동,07,45,69,3297.0,11,서울특별시,11380,은평구,1138010300,불광동
20260224,11,서울특별시,11380,은평구,1138010300,불광동,11,서울특별시,11680,강남구,1168010100,역삼동,08,00,38,3181.0,11,서울특별시,11380,은평구,1138010300,불광동
20260224,11,서울특별시,11380,은평구,1138010300,불광동,11,서울특별시,11680,강남구,1168010100,역삼동,08,15,55,3187.0,11,서울특별시,11380,은평구,1138010300,불광동
20260224,11,서울특별시,11380,은평구,1138010300,불광동,11,서울특별시,11680,강남구,1168010100,역삼동,08,30,54,3255.0,11,서울특별시,11380,은평구,1138010300,불광동
20260224,11,서울특별시,11380,은평구,1138010300,불광동,11,서울특별시,11680,강남구,1168010100,역삼동,08,45,44,3166.0,11,서울특별시,11380,은평구,1138010300,불광동
20260224,11,서울특별시,11380,은평구,1138010300,불광동,11,서울특별시,11680,강남구,1168010100,역삼동,09,00,34,3040.0,11,서울특별시,11380,은평구,1138010300,불광동
20260224,11,서울특별시,11380,은평구,1138010300,불광동,11,서울특별시,11680,강남구,1168010100,역삼동,09,15,24,3216.0,11,서울특별시,11380,은평구,1138010300,불광동
20260224,11,서울특별시,11380,은평구,1138010300,불광동,11,서울특별시,11680,강남구,1168010100,역삼동,09,30,15,3203.0,11,서울특별시,11380,은평구,1138010300,불광동
20260224,11,서울특별시,11380,은평구,1138010300,불광동,11,서울특별시,11680,강남구,1168010100,역삼동,09,45,16,3308.0,11,서울특별시,11380,은평구,1138010300,불광동
20260224,11,서울특별시,11380,은평구,1138010300,불광동,11,서울특별시,11680,강남구,1168010100,역삼동,10,00,5,3035.0,11,서울특별시,11380,은평구,1138010300,불광동
20260224,11,서울특별시,11380,은평구,1138010300,불광동,11,서울특별시,11680,강남구,1168010100,역삼동,10,15,12,3287.0,11,서울특별시,11380,은평구,1138010300,불광동
20260224,11,서울특별시,11380,은평구,1138010300,불광동,11,서울특별시,11680,강남구,1168010100,역삼동,10,30,7,3249.0,11,서울특별시,11380,은평구,1138010300,불광동
20260224,11,서울특별시,11380,은평구,1138010300,불광동,11,서울특별시,11680,강남구,1168010100,역삼동,10,45,7,3144.0,11,서울특별시,11380,은평구,1138010300,불광동
20260224,11,서울특별시,11380,은평구,1138010300,불광동,11,서울특별시,11680,강남구,1168010100,역삼동,11,00,4,3268.0,11,서울특별시,11380,은평구,1138010300,불광동
20260224,11,서울특별시,11380,은평구,1138010300,불광동,11,서울특별시,11680,강남구,1168010100,역삼동,11,15,8,3354.0,11,서울특별시,11380,은평구,1138010300,불광동
20260224,11,서울특별시,11380,은평구,1138010300,불광동,11,서울특별시,11680,강남구,1168010100,역삼동,11,30,4,3206.0,11,서울특별시,11380,은평구,1138010300,불광동
20260224,11,서울특별시,11380,은평구,1138010300,불광동,11,서울특별시,11680,강남구,1168010100,역삼동,11,45,9,3270.0,11,서울특별시,11380,은평구,1138010300,불광동
20260224,11,서울특별시,11380,은평구,1138010400,갈현동,11,서울특별시,11680,강남구,1168010100,역삼동,07,00,5,3792.0,11,서울특별시,11380,은평구,1138010400,갈현동
20260224,11,서울특별시,11380,은평구,1138010400,갈현동,11,서울특별시,11680,강남구,1168010100,역삼동,07,15,9,3800.0,11,서울특별시,11380,은평구,1138010400,갈현동
20260224,11,서울특별시,11380,은평구,1138010400,갈현동,11,서울특별시,11680,강남구,1168010100,역삼동,07,30,6,3400.0,11,서울특별시,11380,은평구,1138010400,갈현동
20260224,11,서울특별시,11380,은평구,1138010400,갈현동,11,서울특별시,11680,강남구,1168010100,역삼동,07,45,12,3474.0,11,서울특별시,11380,은평구,1138010400,갈현동
20260224,11,서울특별시,11380,은평구,1138010400,갈현동,11,서울특별시,11680,강남구,1168010100,역삼동,08,00,5,3452.0,11,서울특별시,11380,은평구,1138010400,갈현동
20260224,11,서울특별시,11380,은평구,1138010400,갈현동,11,서울특별시,11680,강남구,1168010100,역삼동,08,15,8,3471.0,11,서울특별시,11380,은평구,1138010400,갈현동
20260224,11,서울특별시,11380,은평구,1138010400,갈현동,11,서울특별시,11680,강남구,1168010100,역삼동,08,30,10,3313.0,11,서울특별시,11380,은평구,1138010400,갈현동
20260224,11,서울특별시,11380,은평구,1138010400,갈현동,11,서울특별시,11680,강남구,1168010100,역삼동,08,45,7,3164.0,11,서울특별시,11380,은평구,1138010400,갈현동
20260224,11,서울특별시,11380,은평구,1138010400,갈현동,11,서울특별시,11680,강남구,1168010100,역삼동,09,00,4,3287.0,11,서울특별시,11380,은평구,1138010400,갈현동
20260224,11,서울특별시,11380,은평구,1138010400,갈현동,11,서울특별시,11680,강남구,1168010100,역삼동,09,30,3,3319.0,11,서울특별시,11380,은평구,1138010400,갈현동
20260224,11,서울특별시,11380,은평구,1138010400,갈현동,11,서울특별시,11680,강남구,1168010100,역삼동,09,45,1,3383.0,11,서울특별시,11380,은평구,1138010400,갈현동
20260224,11,서울특별시,11380,은평구,1138010400,갈현동,11,서울특별시,11680,강남구,1168010100,역삼동,10,00,2,3252.0,11,서울특별시,11380,은평구,1138010400,갈현동
20260224,11,서울특별시,11380,은평구,1138010400,갈현동,11,서울특별시,11680,강남구,1168010100,역삼동,10,15,1,3971.0,11,서울특별시,11380,은평구,1138010400,갈현동
20260224,11,서울특별시,11380,은평구,1138010400,갈현동,11,서울특별시,11680,강남구,1168010100,역삼동,10,30,2,3561.0,11,서울특별시,11380,은평구,1138010400,갈현동
20260224,11,서울특별시,11380,은평구,1138010400,갈현동,11,서울특별시,11680,강남구,1168010100,역삼동,11,15,1,2686.0,11,서울특별시,11380,은평구,1138010400,갈현동
20260224,11,서울특별시,11380,은평구,1138010400,갈현동,11,서울특별시,11680,강남구,1168010100,역삼동,11,30,1,3477.0,11,서울특별시,11380,은평구,1138010400,갈현동
20260224,11,서울특별시,11380,은평구,1138010500,구산동,11,서울특별시,11680,강남구,1168010100,역삼동,07,00,12,3873.0,11,서울특별시,11380,은평구,1138010500,구산동
20260224,11,서울특별시,11380,은평구,1138010500,구산동,11,서울특별시,11680,강남구,1168010100,역삼동,07,15,11,4265.0,11,서울특별시,11380,은평구,1138010500,구산동
20260224,11,서울특별시,11380,은평구,1138010500,구산동,11,서울특별시,11680,강남구,1168010100,역삼동,07,30,22,3911.0,11,서울특별시,11380,은평구,1138010500,구산동
20260224,11,서울특별시,11380,은평구,1138010500,구산동,11,서울특별시,11680,강남구,1168010100,역삼동,07,45,10,3786.0,11,서울특별시,11380,은평구,1138010500,구산동
20260224,11,서울특별시,11380,은평구,1138010500,구산동,11,서울특별시,11680,강남구,1168010100,역삼동,08,00,8,3819.0,11,서울특별시,11380,은평구,1138010500,구산동
20260224,11,서울특별시,11380,은평구,1138010500,구산동,11,서울특별시,11680,강남구,1168010100,역삼동,08,15,7,3878.0,11,서울특별시,11380,은평구,1138010500,구산동
20260224,11,서울특별시,11380,은평구,1138010500,구산동,11,서울특별시,11680,강남구,1168010100,역삼동,08,30,15,3762.0,11,서울특별시,11380,은평구,1138010500,구산동
20260224,11,서울특별시,11380,은평구,1138010500,구산동,11,서울특별시,11680,강남구,1168010100,역삼동,08,45,6,3499.0,11,서울특별시,11380,은평구,1138010500,구산동
20260224,11,서울특별시,11380,은평구,1138010500,구산동,11,서울특별시,11680,강남구,1168010100,역삼동,09,00,10,3925.0,11,서울특별시,11380,은평구,1138010500,구산동
20260224,11,서울특별시,11380,은평구,1138010500,구산동,11,서울특별시,11680,강남구,1168010100,역삼동,09,15,7,3869.0,11,서울특별시,11380,은평구,1138010500,구산동
20260224,11,서울특별시,11380,은평구,1138010500,구산동,11,서울특별시,11680,강남구,1168010100,역삼동,09,30,4,3910.0,11,서울특별시,11380,은평구,1138010500,구산동
20260224,11,서울특별시,11380,은평구,1138010500,구산동,11,서울특별시,11680,강남구,1168010100,역삼동,09,45,4,3712.0,11,서울특별시,11380,은평구,1138010500,구산동
20260224,11,서울특별시,11380,은평구,1138010500,구산동,11,서울특별시,11680,강남구,1168010100,역삼동,10,00,4,3465.0,11,서울특별시,11380,은평구,1138010500,구산동
20260224,11,서울특별시,11380,은평구,1138010500,구산동,11,서울특별시,11680,강남구,1168010100,역삼동,10,15,1,3575.0,11,서울특별시,11380,은평구,1138010500,구산동
20260224,11,서울특별시,11380,은평구,1138010500,구산동,11,서울특별시,11680,강남구,1168010100,역삼동,10,30,3,3746.0,11,서울특별시,11380,은평구,1138010500,구산동
20260224,11,서울특별시,11380,은평구,1138010500,구산동,11,서울특별시,11680,강남구,1168010100,역삼동,10,45,4,3737.0,11,서울특별시,11380,은평구,1138010500,구산동
20260224,11,서울특별시,11380,은평구,1138010500,구산동,11,서울특별시,11680,강남구,1168010100,역삼동,11,00,2,4004.0,11,서울특별시,11380,은평구,1138010500,구산동
20260224,11,서울특별시,11380,은평구,1138010500,구산동,11,서울특별시,11680,강남구,1168010100,역삼동,11,15,4,4123.0,11,서울특별시,11380,은평구,1138010500,구산동
20260224,11,서울특별시,11380,은평구,1138010500,구산동,11,서울특별시,11680,강남구,1168010100,역삼동,11,30,3,3818.0,11,서울특별시,11380,은평구,1138010500,구산동
20260224,11,서울특별시,11380,은평구,1138010500,구산동,11,서울특별시,11680,강남구,1168010100,역삼동,11,45,3,3560.0,11,서울특별시,11380,은평구,1138010500,구산동
20260224,11,서울특별시,11380,은평구,1138010600,대조동,11,서울특별시,11680,강남구,1168010100,역삼동,07,00,13,2883.0,11,서울특별시,11380,은평구,1138010600,대조동
20260224,11,서울특별시,11380,은평구,1138010600,대조동,11,서울특별시,11680,강남구,1168010100,역삼동,07,15,23,3008.0,11,서울특별시,11380,은평구,1138010600,대조동
20260224,11,서울특별시,11380,은평구,1138010600,대조동,11,서울특별시,11680,강남구,1168010100,역삼동,07,30,29,3002.0,11,서울특별시,11380,은평구,1138010600,대조동
20260224,11,서울특별시,11380,은평구,1138010600,대조동,11,서울특별시,11680,강남구,1168010100,역삼동,07,45,39,3058.0,11,서울특별시,11380,은평구,1138010600,대조동
20260224,11,서울특별시,11380,은평구,1138010600,대조동,11,서울특별시,11680,강남구,1168010100,역삼동,08,00,25,2964.0,11,서울특별시,11380,은평구,1138010600,대조동
20260224,11,서울특별시,11380,은평구,1138010600,대조동,11,서울특별시,11680,강남구,1168010100,역삼동,08,15,27,2884.0,11,서울특별시,11380,은평구,1138010600,대조동
20260224,11,서울특별시,11380,은평구,1138010600,대조동,11,서울특별시,11680,강남구,1168010100,역삼동,08,30,29,2976.0,11,서울특별시,11380,은평구,1138010600,대조동
20260224,11,서울특별시,11380,은평구,1138010600,대조동,11,서울특별시,11680,강남구,1168010100,역삼동,08,45,32,2996.0,11,서울특별시,11380,은평구,1138010600,대조동
20260224,11,서울특별시,11380,은평구,1138010600,대조동,11,서울특별시,11680,강남구,1168010100,역삼동,09,00,21,2908.0,11,서울특별시,11380,은평구,1138010600,대조동
20260224,11,서울특별시,11380,은평구,1138010600,대조동,11,서울특별시,11680,강남구,1168010100,역삼동,09,15,14,3023.0,11,서울특별시,11380,은평구,1138010600,대조동
20260224,11,서울특별시,11380,은평구,1138010600,대조동,11,서울특별시,11680,강남구,1168010100,역삼동,09,30,15,2882.0,11,서울특별시,11380,은평구,1138010600,대조동
20260224,11,서울특별시,11380,은평구,1138010600,대조동,11,서울특별시,11680,강남구,1168010100,역삼동,09,45,10,2969.0,11,서울특별시,11380,은평구,1138010600,대조동
20260224,11,서울특별시,11380,은평구,1138010600,대조동,11,서울특별시,11680,강남구,1168010100,역삼동,10,00,9,3241.0,11,서울특별시,11380,은평구,1138010600,대조동
20260224,11,서울특별시,11380,은평구,1138010600,대조동,11,서울특별시,11680,강남구,1168010100,역삼동,10,15,6,3078.0,11,서울특별시,11380,은평구,1138010600,대조동
20260224,11,서울특별시,11380,은평구,1138010600,대조동,11,서울특별시,11680,강남구,1168010100,역삼동,10,30,3,3134.0,11,서울특별시,11380,은평구,1138010600,대조동
20260224,11,서울특별시,11380,은평구,1138010600,대조동,11,서울특별시,11680,강남구,1168010100,역삼동,10,45,6,2980.0,11,서울특별시,11380,은평구,1138010600,대조동
20260224,11,서울특별시,11380,은평구,1138010600,대조동,11,서울특별시,11680,강남구,1168010100,역삼동,11,00,5,2850.0,11,서울특별시,11380,은평구,1138010600,대조동
20260224,11,서울특별시,11380,은평구,1138010600,대조동,11,서울특별시,11680,강남구,1168010100,역삼동,11,15,5,2842.0,11,서울특별시,11380,은평구,1138010600,대조동
20260224,11,서울특별시,11380,은평구,1138010600,대조동,11,서울특별시,11680,강남구,1168010100,역삼동,11,30,3,3019.0,11,서울특별시,11380,은평구,1138010600,대조동
20260224,11,서울특별시,11380,은평구,1138010600,대조동,11,서울특별시,11680,강남구,1168010100,역삼동,11,45,1,2975.0,11,서울특별시,11380,은평구,1138010600,대조동
20260224,11,서울특별시,11380,은평구,1138010700,응암동,11,서울특별시,11680,강남구,1168010100,역삼동,07,00,24,3466.0,11,서울특별시,11380,은평구,1138010700,응암동
20260224,11,서울특별시,11380,은평구,1138010700,응암동,11,서울특별시,11680,강남구,1168010100,역삼동,07,15,30,3617.0,11,서울특별시,11380,은평구,1138010700,응암동
20260224,11,서울특별시,11380,은평구,1138010700,응암동,11,서울특별시,11680,강남구,1168010100,역삼동,07,30,36,3359.0,11,서울특별시,11380,은평구,1138010700,응암동
20260224,11,서울특별시,11380,은평구,1138010700,응암동,11,서울특별시,11680,강남구,1168010100,역삼동,07,45,23,3324.0,11,서울특별시,11380,은평구,1138010700,응암동
20260224,11,서울특별시,11380,은평구,1138010700,응암동,11,서울특별시,11680,강남구,1168010100,역삼동,08,00,11,3273.0,11,서울특별시,11380,은평구,1138010700,응암동
20260224,11,서울특별시,11380,은평구,1138010700,응암동,11,서울특별시,11680,강남구,1168010100,역삼동,08,15,18,3288.0,11,서울특별시,11380,은평구,1138010700,응암동
20260224,11,서울특별시,11380,은평구,1138010700,응암동,11,서울특별시,11680,강남구,1168010100,역삼동,08,30,19,3419.0,11,서울특별시,11380,은평구,1138010700,응암동
20260224,11,서울특별시,11380,은평구,1138010700,응암동,11,서울특별시,11680,강남구,1168010100,역삼동,08,45,17,3262.0,11,서울특별시,11380,은평구,1138010700,응암동
20260224,11,서울특별시,11380,은평구,1138010700,응암동,11,서울특별시,11680,강남구,1168010100,역삼동,09,00,10,3080.0,11,서울특별시,11380,은평구,1138010700,응암동
20260224,11,서울특별시,11380,은평구,1138010700,응암동,11,서울특별시,11680,강남구,1168010100,역삼동,09,15,7,3159.0,11,서울특별시,11380,은평구,1138010700,응암동
20260224,11,서울특별시,11380,은평구,1138010700,응암동,11,서울특별시,11680,강남구,1168010100,역삼동,09,30,7,3249.0,11,서울특별시,11380,은평구,1138010700,응암동
20260224,11,서울특별시,11380,은평구,1138010700,응암동,11,서울특별시,11680,강남구,1168010100,역삼동,09,45,6,3107.0,11,서울특별시,11380,은평구,1138010700,응암동
20260224,11,서울특별시,11380,은평구,1138010700,응암동,11,서울특별시,11680,강남구,1168010100,역삼동,10,00,4,3417.0,11,서울특별시,11380,은평구,1138010700,응암동
20260224,11,서울특별시,11380,은평구,1138010700,응암동,11,서울특별시,11680,강남구,1168010100,역삼동,10,15,3,4144.0,11,서울특별시,11380,은평구,1138010700,응암동
20260224,11,서울특별시,11380,은평구,1138010700,응암동,11,서울특별시,11680,강남구,1168010100,역삼동,10,30,2,3293.0,11,서울특별시,11380,은평구,1138010700,응암동
20260224,11,서울특별시,11380,은평구,1138010700,응암동,11,서울특별시,11680,강남구,1168010100,역삼동,10,45,4,3130.0,11,서울특별시,11380,은평구,1138010700,응암동
20260224,11,서울특별시,11380,은평구,1138010700,응암동,11,서울특별시,11680,강남구,1168010100,역삼동,11,00,1,2981.0,11,서울특별시,11380,은평구,1138010700,응암동
20260224,11,서울특별시,11380,은평구,1138010700,응암동,11,서울특별시,11680,강남구,1168010100,역삼동,11,15,3,3441.0,11,서울특별시,11380,은평구,1138010700,응암동
20260224,11,서울특별시,11380,은평구,1138010700,응암동,11,서울특별시,11680,강남구,1168010100,역삼동,11,30,6,3280.0,11,서울특별시,11380,은평구,1138010700,응암동
20260224,11,서울특별시,11380,은평구,1138010800,역촌동,11,서울특별시,11680,강남구,1168010100,역삼동,07,00,13,3787.0,11,서울특별시,11380,은평구,1138010800,역촌동
20260224,11,서울특별시,11380,은평구,1138010800,역촌동,11,서울특별시,11680,강남구,1168010100,역삼동,07,15,14,3967.0,11,서울특별시,11380,은평구,1138010800,역촌동
20260224,11,서울특별시,11380,은평구,1138010800,역촌동,11,서울특별시,11680,강남구,1168010100,역삼동,07,30,6,4034.0,11,서울특별시,11380,은평구,1138010800,역촌동
20260224,11,서울특별시,11380,은평구,1138010800,역촌동,11,서울특별시,11680,강남구,1168010100,역삼동,07,45,9,3788.0,11,서울특별시,11380,은평구,1138010800,역촌동
20260224,11,서울특별시,11380,은평구,1138010800,역촌동,11,서울특별시,11680,강남구,1168010100,역삼동,08,00,3,3702.0,11,서울특별시,11380,은평구,1138010800,역촌동
20260224,11,서울특별시,11380,은평구,1138010800,역촌동,11,서울특별시,11680,강남구,1168010100,역삼동,08,15,7,3810.0,11,서울특별시,11380,은평구,1138010800,역촌동
20260224,11,서울특별시,11380,은평구,1138010800,역촌동,11,서울특별시,11680,강남구,1168010100,역삼동,08,30,2,3497.0,11,서울특별시,11380,은평구,1138010800,역촌동
20260224,11,서울특별시,11380,은평구,1138010800,역촌동,11,서울특별시,11680,강남구,1168010100,역삼동,08,45,6,3584.0,11,서울특별시,11380,은평구,1138010800,역촌동
20260224,11,서울특별시,11380,은평구,1138010800,역촌동,11,서울특별시,11680,강남구,1168010100,역삼동,09,00,4,3481.0,11,서울특별시,11380,은평구,1138010800,역촌동
20260224,11,서울특별시,11380,은평구,1138010800,역촌동,11,서울특별시,11680,강남구,1168010100,역삼동,09,15,1,3989.0,11,서울특별시,11380,은평구,1138010800,역촌동
20260224,11,서울특별시,11380,은평구,1138010800,역촌동,11,서울특별시,11680,강남구,1168010100,역삼동,09,45,3,3571.0,11,서울특별시,11380,은평구,1138010800,역촌동
20260224,11,서울특별시,11380,은평구,1138010800,역촌동,11,서울특별시,11680,강남구,1168010100,역삼동,10,15,2,3829.0,11,서울특별시,11380,은평구,1138010800,역촌동
20260224,11,서울특별시,11380,은평구,1138010800,역촌동,11,서울특별시,11680,강남구,1168010100,역삼동,11,15,1,3927.0,11,서울특별시,11380,은평구,1138010800,역촌동
20260224,11,서울특별시,11380,은평구,1138010800,역촌동,11,서울특별시,11680,강남구,1168010100,역삼동,11,30,1,3703.0,11,서울특별시,11380,은평구,1138010800,역촌동
20260224,11,서울특별시,11380,은평구,1138010900,신사동,11,서울특별시,11680,강남구,1168010100,역삼동,07,00,36,3694.0,11,서울특별시,11380,은평구,1138010900,신사동
20260224,11,서울특별시,11380,은평구,1138010900,신사동,11,서울특별시,11680,강남구,1168010100,역삼동,07,15,29,3836.0,11,서울특별시,11380,은평구,1138010900,신사동
20260224,11,서울특별시,11380,은평구,1138010900,신사동,11,서울특별시,11680,강남구,1168010100,역삼동,07,30,48,3931.0,11,서울특별시,11380,은평구,1138010900,신사동
20260224,11,서울특별시,11380,은평구,1138010900,신사동,11,서울특별시,11680,강남구,1168010100,역삼동,07,45,42,3852.0,11,서울특별시,11380,은평구,1138010900,신사동
20260224,11,서울특별시,11380,은평구,1138010900,신사동,11,서울특별시,11680,강남구,1168010100,역삼동,08,00,31,3810.0,11,서울특별시,11380,은평구,1138010900,신사동
20260224,11,서울특별시,11380,은평구,1138010900,신사동,11,서울특별시,11680,강남구,1168010100,역삼동,08,15,24,3879.0,11,서울특별시,11380,은평구,1138010900,신사동
20260224,11,서울특별시,11380,은평구,1138010900,신사동,11,서울특별시,11680,강남구,1168010100,역삼동,08,30,28,3666.0,11,서울특별시,11380,은평구,1138010900,신사동
20260224,11,서울특별시,11380,은평구,1138010900,신사동,11,서울특별시,11680,강남구,1168010100,역삼동,08,45,28,3618.0,11,서울특별시,11380,은평구,1138010900,신사동
20260224,11,서울특별시,11380,은평구,1138010900,신사동,11,서울특별시,11680,강남구,1168010100,역삼동,09,00,15,3499.0,11,서울특별시,11380,은평구,1138010900,신사동
20260224,11,서울특별시,11380,은평구,1138010900,신사동,11,서울특별시,11680,강남구,1168010100,역삼동,09,15,10,3393.0,11,서울특별시,11380,은평구,1138010900,신사동
20260224,11,서울특별시,11380,은평구,1138010900,신사동,11,서울특별시,11680,강남구,1168010100,역삼동,09,30,13,3465.0,11,서울특별시,11380,은평구,1138010900,신사동
20260224,11,서울특별시,11380,은평구,1138010900,신사동,11,서울특별시,11680,강남구,1168010100,역삼동,09,45,12,3561.0,11,서울특별시,11380,은평구,1138010900,신사동
20260224,11,서울특별시,11380,은평구,1138010900,신사동,11,서울특별시,11680,강남구,1168010100,역삼동,10,00,11,3523.0,11,서울특별시,11380,은평구,1138010900,신사동
20260224,11,서울특별시,11380,은평구,1138010900,신사동,11,서울특별시,11680,강남구,1168010100,역삼동,10,15,7,3987.0,11,서울특별시,11380,은평구,1138010900,신사동
20260224,11,서울특별시,11380,은평구,1138010900,신사동,11,서울특별시,11680,강남구,1168010100,역삼동,10,30,8,3687.0,11,서울특별시,11380,은평구,1138010900,신사동
20260224,11,서울특별시,11380,은평구,1138010900,신사동,11,서울특별시,11680,강남구,1168010100,역삼동,10,45,7,3547.0,11,서울특별시,11380,은평구,1138010900,신사동
20260224,11,서울특별시,11380,은평구,1138010900,신사동,11,서울특별시,11680,강남구,1168010100,역삼동,11,00,2,3503.0,11,서울특별시,11380,은평구,1138010900,신사동
20260224,11,서울특별시,11380,은평구,1138010900,신사동,11,서울특별시,11680,강남구,1168010100,역삼동,11,15,3,3844.0,11,서울특별시,11380,은평구,1138010900,신사동
20260224,11,서울특별시,11380,은평구,1138010900,신사동,11,서울특별시,11680,강남구,1168010100,역삼동,11,30,7,3519.0,11,서울특별시,11380,은평구,1138010900,신사동
20260224,11,서울특별시,11380,은평구,1138010900,신사동,11,서울특별시,11680,강남구,1168010100,역삼동,11,45,8,3825.0,11,서울특별시,11380,은평구,1138010900,신사동
20260224,11,서울특별시,11380,은평구,1138011000,증산동,11,서울특별시,11680,강남구,1168010100,역삼동,07,00,7,3619.0,11,서울특별시,11380,은평구,1138011000,증산동
20260224,11,서울특별시,11380,은평구,1138011000,증산동,11,서울특별시,11680,강남구,1168010100,역삼동,07,15,8,3655.0,11,서울특별시,11380,은평구,1138011000,증산동
20260224,11,서울특별시,11380,은평구,1138011000,증산동,11,서울특별시,11680,강남구,1168010100,역삼동,07,30,24,3883.0,11,서울특별시,11380,은평구,1138011000,증산동
20260224,11,서울특별시,11380,은평구,1138011000,증산동,11,서울특별시,11680,강남구,1168010100,역삼동,07,45,17,3976.0,11,서울특별시,11380,은평구,1138011000,증산동
20260224,11,서울특별시,11380,은평구,1138011000,증산동,11,서울특별시,11680,강남구,1168010100,역삼동,08,00,13,3657.0,11,서울특별시,11380,은평구,1138011000,증산동
20260224,11,서울특별시,11380,은평구,1138011000,증산동,11,서울특별시,11680,강남구,1168010100,역삼동,08,15,11,3488.0,11,서울특별시,11380,은평구,1138011000,증산동
20260224,11,서울특별시,11380,은평구,1138011000,증산동,11,서울특별시,11680,강남구,1168010100,역삼동,08,30,10,3293.0,11,서울특별시,11380,은평구,1138011000,증산동
20260224,11,서울특별시,11380,은평구,1138011000,증산동,11,서울특별시,11680,강남구,1168010100,역삼동,08,45,4,3296.0,11,서울특별시,11380,은평구,1138011000,증산동
20260224,11,서울특별시,11380,은평구,1138011000,증산동,11,서울특별시,11680,강남구,1168010100,역삼동,09,00,12,3243.0,11,서울특별시,11380,은평구,1138011000,증산동
20260224,11,서울특별시,11380,은평구,1138011000,증산동,11,서울특별시,11680,강남구,1168010100,역삼동,09,15,7,3160.0,11,서울특별시,11380,은평구,1138011000,증산동
20260224,11,서울특별시,11380,은평구,1138011000,증산동,11,서울특별시,11680,강남구,1168010100,역삼동,09,30,5,3455.0,11,서울특별시,11380,은평구,1138011000,증산동
20260224,11,서울특별시,11380,은평구,1138011000,증산동,11,서울특별시,11680,강남구,1168010100,역삼동,09,45,5,3423.0,11,서울특별시,11380,은평구,1138011000,증산동
20260224,11,서울특별시,11380,은평구,1138011000,증산동,11,서울특별시,11680,강남구,1168010100,역삼동,10,00,5,3539.0,11,서울특별시,11380,은평구,1138011000,증산동
20260224,11,서울특별시,11380,은평구,1138011000,증산동,11,서울특별시,11680,강남구,1168010100,역삼동,10,15,4,3437.0,11,서울특별시,11380,은평구,1138011000,증산동
20260224,11,서울특별시,11380,은평구,1138011000,증산동,11,서울특별시,11680,강남구,1168010100,역삼동,10,45,1,3127.0,11,서울특별시,11380,은평구,1138011000,증산동
20260224,11,서울특별시,11380,은평구,1138011000,증산동,11,서울특별시,11680,강남구,1168010100,역삼동,11,00,2,3139.0,11,서울특별시,11380,은평구,1138011000,증산동
20260224,11,서울특별시,11380,은평구,1138011000,증산동,11,서울특별시,11680,강남구,1168010100,역삼동,11,15,2,3802.0,11,서울특별시,11380,은평구,1138011000,증산동
20260224,11,서울특별시,11380,은평구,1138011000,증산동,11,서울특별시,11680,강남구,1168010100,역삼동,11,30,1,3346.0,11,서울특별시,11380,은평구,1138011000,증산동
20260224,11,서울특별시,11380,은평구,1138011000,증산동,11,서울특별시,11680,강남구,1168010100,역삼동,11,45,1,3523.0,11,서울특별시,11380,은평구,1138011000,증산동
20260224,11,서울특별시,11380,은평구,1138011400,진관동,11,서울특별시,11680,강남구,1168010100,역삼동,07,00,50,3661.0,11,서울특별시,11380,은평구,1138011400,진관동
20260224,11,서울특별시,11380,은평구,1138011400,진관동,11,서울특별시,11680,강남구,1168010100,역삼동,07,15,54,3705.0,11,서울특별시,11380,은평구,1138011400,진관동
20260224,11,서울특별시,11380,은평구,1138011400,진관동,11,서울특별시,11680,강남구,1168010100,역삼동,07,30,43,3677.0,11,서울특별시,11380,은평구,1138011400,진관동
20260224,11,서울특별시,11380,은평구,1138011400,진관동,11,서울특별시,11680,강남구,1168010100,역삼동,07,45,42,3711.0,11,서울특별시,11380,은평구,1138011400,진관동
20260224,11,서울특별시,11380,은평구,1138011400,진관동,11,서울특별시,11680,강남구,1168010100,역삼동,08,00,43,3618.0,11,서울특별시,11380,은평구,1138011400,진관동
20260224,11,서울특별시,11380,은평구,1138011400,진관동,11,서울특별시,11680,강남구,1168010100,역삼동,08,15,30,3505.0,11,서울특별시,11380,은평구,1138011400,진관동
20260224,11,서울특별시,11380,은평구,1138011400,진관동,11,서울특별시,11680,강남구,1168010100,역삼동,08,30,42,3597.0,11,서울특별시,11380,은평구,1138011400,진관동
20260224,11,서울특별시,11380,은평구,1138011400,진관동,11,서울특별시,11680,강남구,1168010100,역삼동,08,45,32,3409.0,11,서울특별시,11380,은평구,1138011400,진관동
20260224,11,서울특별시,11380,은평구,1138011400,진관동,11,서울특별시,11680,강남구,1168010100,역삼동,09,00,25,3431.0,11,서울특별시,11380,은평구,1138011400,진관동
20260224,11,서울특별시,11380,은평구,1138011400,진관동,11,서울특별시,11680,강남구,1168010100,역삼동,09,15,18,3370.0,11,서울특별시,11380,은평구,1138011400,진관동
20260224,11,서울특별시,11380,은평구,1138011400,진관동,11,서울특별시,11680,강남구,1168010100,역삼동,09,30,6,3405.0,11,서울특별시,11380,은평구,1138011400,진관동
20260224,11,서울특별시,11380,은평구,1138011400,진관동,11,서울특별시,11680,강남구,1168010100,역삼동,09,45,14,3357.0,11,서울특별시,11380,은평구,1138011400,진관동
20260224,11,서울특별시,11380,은평구,1138011400,진관동,11,서울특별시,11680,강남구,1168010100,역삼동,10,00,8,3201.0,11,서울특별시,11380,은평구,1138011400,진관동
20260224,11,서울특별시,11380,은평구,1138011400,진관동,11,서울특별시,11680,강남구,1168010100,역삼동,10,15,10,3675.0,11,서울특별시,11380,은평구,1138011400,진관동
20260224,11,서울특별시,11380,은평구,1138011400,진관동,11,서울특별시,11680,강남구,1168010100,역삼동,10,30,3,3545.0,11,서울특별시,11380,은평구,1138011400,진관동
20260224,11,서울특별시,11380,은평구,1138011400,진관동,11,서울특별시,11680,강남구,1168010100,역삼동,10,45,10,3162.0,11,서울특별시,11380,은평구,1138011400,진관동
20260224,11,서울특별시,11380,은평구,1138011400,진관동,11,서울특별시,11680,강남구,1168010100,역삼동,11,00,8,3440.0,11,서울특별시,11380,은평구,1138011400,진관동
20260224,11,서울특별시,11380,은평구,1138011400,진관동,11,서울특별시,11680,강남구,1168010100,역삼동,11,15,7,3441.0,11,서울특별시,11380,은평구,1138011400,진관동
20260224,11,서울특별시,11380,은평구,1138011400,진관동,11,서울특별시,11680,강남구,1168010100,역삼동,11,30,6,3245.0,11,서울특별시,11380,은평구,1138011400,진관동
20260224,11,서울특별시,11380,은평구,1138011400,진관동,11,서울특별시,11680,강남구,1168010100,역삼동,11,45,4,3374.0,11,서울특별시,11380,은평구,1138011400,진관동
20260224,11,서울특별시,11410,서대문구,1141010100,충정로2가,11,서울특별시,11680,강남구,1168010100,역삼동,07,00,5,2500.0,11,서울특별시,11410,서대문구,1141010100,충정로2가
20260224,11,서울특별시,11410,서대문구,1141010100,충정로2가,11,서울특별시,11680,강남구,1168010100,역삼동,07,30,4,2475.0,11,서울특별시,11410,서대문구,1141010100,충정로2가
20260224,11,서울특별시,11410,서대문구,1141010100,충정로2가,11,서울특별시,11680,강남구,1168010100,역삼동,07,45,8,2613.0,11,서울특별시,11410,서대문구,1141010100,충정로2가
20260224,11,서울특별시,11410,서대문구,1141010100,충정로2가,11,서울특별시,11680,강남구,1168010100,역삼동,08,00,6,2610.0,11,서울특별시,11410,서대문구,1141010100,충정로2가
20260224,11,서울특별시,11410,서대문구,1141010100,충정로2가,11,서울특별시,11680,강남구,1168010100,역삼동,08,15,2,2701.0,11,서울특별시,11410,서대문구,1141010100,충정로2가
20260224,11,서울특별시,11410,서대문구,1141010100,충정로2가,11,서울특별시,11680,강남구,1168010100,역삼동,08,30,3,2500.0,11,서울특별시,11410,서대문구,1141010100,충정로2가
20260224,11,서울특별시,11410,서대문구,1141010100,충정로2가,11,서울특별시,11680,강남구,1168010100,역삼동,08,45,4,3037.0,11,서울특별시,11410,서대문구,1141010100,충정로2가
20260224,11,서울특별시,11410,서대문구,1141010100,충정로2가,11,서울특별시,11680,강남구,1168010100,역삼동,09,00,10,2569.0,11,서울특별시,11410,서대문구,1141010100,충정로2가
20260224,11,서울특별시,11410,서대문구,1141010100,충정로2가,11,서울특별시,11680,강남구,1168010100,역삼동,09,15,2,2411.0,11,서울특별시,11410,서대문구,1141010100,충정로2가
20260224,11,서울특별시,11410,서대문구,1141010100,충정로2가,11,서울특별시,11680,강남구,1168010100,역삼동,09,45,1,2983.0,11,서울특별시,11410,서대문구,1141010100,충정로2가
20260224,11,서울특별시,11410,서대문구,1141010100,충정로2가,11,서울특별시,11680,강남구,1168010100,역삼동,10,00,1,3052.0,11,서울특별시,11410,서대문구,1141010100,충정로2가
20260224,11,서울특별시,11410,서대문구,1141010100,충정로2가,11,서울특별시,11680,강남구,1168010100,역삼동,10,45,2,2297.0,11,서울특별시,11410,서대문구,1141010100,충정로2가
20260224,11,서울특별시,11410,서대문구,1141010100,충정로2가,11,서울특별시,11680,강남구,1168010100,역삼동,11,00,2,3044.0,11,서울특별시,11410,서대문구,1141010100,충정로2가
20260224,11,서울특별시,11410,서대문구,1141010100,충정로2가,11,서울특별시,11680,강남구,1168010100,역삼동,11,15,5,3182.0,11,서울특별시,11410,서대문구,1141010100,충정로2가
20260224,11,서울특별시,11410,서대문구,1141010100,충정로2가,11,서울특별시,11680,강남구,1168010100,역삼동,11,45,3,2986.0,11,서울특별시,11410,서대문구,1141010100,충정로2가
20260224,11,서울특별시,11410,서대문구,1141010200,충정로3가,11,서울특별시,11680,강남구,1168010100,역삼동,07,00,8,2782.0,11,서울특별시,11410,서대문구,1141010200,충정로3가
20260224,11,서울특별시,11410,서대문구,1141010200,충정로3가,11,서울특별시,11680,강남구,1168010100,역삼동,07,15,7,2975.0,11,서울특별시,11410,서대문구,1141010200,충정로3가
20260224,11,서울특별시,11410,서대문구,1141010200,충정로3가,11,서울특별시,11680,강남구,1168010100,역삼동,07,30,19,2704.0,11,서울특별시,11410,서대문구,1141010200,충정로3가
20260224,11,서울특별시,11410,서대문구,1141010200,충정로3가,11,서울특별시,11680,강남구,1168010100,역삼동,07,45,17,2833.0,11,서울특별시,11410,서대문구,1141010200,충정로3가
20260224,11,서울특별시,11410,서대문구,1141010200,충정로3가,11,서울특별시,11680,강남구,1168010100,역삼동,08,00,17,2499.0,11,서울특별시,11410,서대문구,1141010200,충정로3가
20260224,11,서울특별시,11410,서대문구,1141010200,충정로3가,11,서울특별시,11680,강남구,1168010100,역삼동,08,15,10,2591.0,11,서울특별시,11410,서대문구,1141010200,충정로3가
20260224,11,서울특별시,11410,서대문구,1141010200,충정로3가,11,서울특별시,11680,강남구,1168010100,역삼동,08,30,12,2603.0,11,서울특별시,11410,서대문구,1141010200,충정로3가
20260224,11,서울특별시,11410,서대문구,1141010200,충정로3가,11,서울특별시,11680,강남구,1168010100,역삼동,08,45,11,2814.0,11,서울특별시,11410,서대문구,1141010200,충정로3가
20260224,11,서울특별시,11410,서대문구,1141010200,충정로3가,11,서울특별시,11680,강남구,1168010100,역삼동,09,00,8,2713.0,11,서울특별시,11410,서대문구,1141010200,충정로3가
20260224,11,서울특별시,11410,서대문구,1141010200,충정로3가,11,서울특별시,11680,강남구,1168010100,역삼동,09,15,7,2496.0,11,서울특별시,11410,서대문구,1141010200,충정로3가
20260224,11,서울특별시,11410,서대문구,1141010200,충정로3가,11,서울특별시,11680,강남구,1168010100,역삼동,09,30,4,2810.0,11,서울특별시,11410,서대문구,1141010200,충정로3가
20260224,11,서울특별시,11410,서대문구,1141010200,충정로3가,11,서울특별시,11680,강남구,1168010100,역삼동,09,45,5,2718.0,11,서울특별시,11410,서대문구,1141010200,충정로3가
20260224,11,서울특별시,11410,서대문구,1141010200,충정로3가,11,서울특별시,11680,강남구,1168010100,역삼동,10,00,5,2651.0,11,서울특별시,11410,서대문구,1141010200,충정로3가
20260224,11,서울특별시,11410,서대문구,1141010200,충정로3가,11,서울특별시,11680,강남구,1168010100,역삼동,10,15,2,2537.0,11,서울특별시,11410,서대문구,1141010200,충정로3가
20260224,11,서울특별시,11410,서대문구,1141010200,충정로3가,11,서울특별시,11680,강남구,1168010100,역삼동,10,45,1,2668.0,11,서울특별시,11410,서대문구,1141010200,충정로3가
20260224,11,서울특별시,11410,서대문구,1141010200,충정로3가,11,서울특별시,11680,강남구,1168010100,역삼동,11,00,3,2839.0,11,서울특별시,11410,서대문구,1141010200,충정로3가
20260224,11,서울특별시,11410,서대문구,1141010200,충정로3가,11,서울특별시,11680,강남구,1168010100,역삼동,11,15,4,2744.0,11,서울특별시,11410,서대문구,1141010200,충정로3가
20260224,11,서울특별시,11410,서대문구,1141010200,충정로3가,11,서울특별시,11680,강남구,1168010100,역삼동,11,30,2,2268.0,11,서울특별시,11410,서대문구,1141010200,충정로3가
20260224,11,서울특별시,11410,서대문구,1141010200,충정로3가,11,서울특별시,11680,강남구,1168010100,역삼동,11,45,3,2814.0,11,서울특별시,11410,서대문구,1141010200,충정로3가
20260224,11,서울특별시,11410,서대문구,1141010400,미근동,11,서울특별시,11680,강남구,1168010100,역삼동,09,30,1,4038.0,11,서울특별시,11410,서대문구,1141010400,미근동
20260224,11,서울특별시,11410,서대문구,1141010400,미근동,11,서울특별시,11680,강남구,1168010100,역삼동,09,45,1,3428.0,11,서울특별시,11410,서대문구,1141010400,미근동
20260224,11,서울특별시,11410,서대문구,1141010400,미근동,11,서울특별시,11680,강남구,1168010100,역삼동,10,30,1,3490.0,11,서울특별시,11410,서대문구,1141010400,미근동
20260224,11,서울특별시,11410,서대문구,1141010600,천연동,11,서울특별시,11680,강남구,1168010100,역삼동,07,30,1,2425.0,11,서울특별시,11410,서대문구,1141010600,천연동
20260224,11,서울특별시,11410,서대문구,1141010600,천연동,11,서울특별시,11680,강남구,1168010100,역삼동,08,30,1,3071.0,11,서울특별시,11410,서대문구,1141010600,천연동
20260224,11,서울특별시,11410,서대문구,1141010600,천연동,11,서울특별시,11680,강남구,1168010100,역삼동,08,45,1,3053.0,11,서울특별시,11410,서대문구,1141010600,천연동
20260224,11,서울특별시,11410,서대문구,1141010800,영천동,11,서울특별시,11680,강남구,1168010100,역삼동,07,45,2,2750.0,11,서울특별시,11410,서대문구,1141010800,영천동
20260224,11,서울특별시,11410,서대문구,1141010800,영천동,11,서울특별시,11680,강남구,1168010100,역삼동,08,00,1,2618.0,11,서울특별시,11410,서대문구,1141010800,영천동
20260224,11,서울특별시,11410,서대문구,1141010900,현저동,11,서울특별시,11680,강남구,1168010100,역삼동,07,30,1,3376.0,11,서울특별시,11410,서대문구,1141010900,현저동
20260224,11,서울특별시,11410,서대문구,1141010900,현저동,11,서울특별시,11680,강남구,1168010100,역삼동,08,15,1,3540.0,11,서울특별시,11410,서대문구,1141010900,현저동
20260224,11,서울특별시,11410,서대문구,1141011000,북아현동,11,서울특별시,11680,강남구,1168010100,역삼동,07,00,4,3251.0,11,서울특별시,11410,서대문구,1141011000,북아현동
20260224,11,서울특별시,11410,서대문구,1141011000,북아현동,11,서울특별시,11680,강남구,1168010100,역삼동,07,15,6,2488.0,11,서울특별시,11410,서대문구,1141011000,북아현동
20260224,11,서울특별시,11410,서대문구,1141011000,북아현동,11,서울특별시,11680,강남구,1168010100,역삼동,07,30,3,3273.0,11,서울특별시,11410,서대문구,1141011000,북아현동
20260224,11,서울특별시,11410,서대문구,1141011000,북아현동,11,서울특별시,11680,강남구,1168010100,역삼동,07,45,3,3401.0,11,서울특별시,11410,서대문구,1141011000,북아현동
20260224,11,서울특별시,11410,서대문구,1141011000,북아현동,11,서울특별시,11680,강남구,1168010100,역삼동,08,00,4,3008.0,11,서울특별시,11410,서대문구,1141011000,북아현동
20260224,11,서울특별시,11410,서대문구,1141011000,북아현동,11,서울특별시,11680,강남구,1168010100,역삼동,08,15,1,3072.0,11,서울특별시,11410,서대문구,1141011000,북아현동
20260224,11,서울특별시,11410,서대문구,1141011000,북아현동,11,서울특별시,11680,강남구,1168010100,역삼동,08,30,5,3179.0,11,서울특별시,11410,서대문구,1141011000,북아현동
20260224,11,서울특별시,11410,서대문구,1141011000,북아현동,11,서울특별시,11680,강남구,1168010100,역삼동,08,45,2,3367.0,11,서울특별시,11410,서대문구,1141011000,북아현동
20260224,11,서울특별시,11410,서대문구,1141011000,북아현동,11,서울특별시,11680,강남구,1168010100,역삼동,09,00,4,2587.0,11,서울특별시,11410,서대문구,1141011000,북아현동
20260224,11,서울특별시,11410,서대문구,1141011000,북아현동,11,서울특별시,11680,강남구,1168010100,역삼동,09,15,1,3043.0,11,서울특별시,11410,서대문구,1141011000,북아현동
20260224,11,서울특별시,11410,서대문구,1141011000,북아현동,11,서울특별시,11680,강남구,1168010100,역삼동,09,45,1,3041.0,11,서울특별시,11410,서대문구,1141011000,북아현동
20260224,11,서울특별시,11410,서대문구,1141011000,북아현동,11,서울특별시,11680,강남구,1168010100,역삼동,10,00,1,2822.0,11,서울특별시,11410,서대문구,1141011000,북아현동
20260224,11,서울특별시,11410,서대문구,1141011000,북아현동,11,서울특별시,11680,강남구,1168010100,역삼동,10,15,1,3357.0,11,서울특별시,11410,서대문구,1141011000,북아현동
20260224,11,서울특별시,11410,서대문구,1141011000,북아현동,11,서울특별시,11680,강남구,1168010100,역삼동,10,30,1,3150.0,11,서울특별시,11410,서대문구,1141011000,북아현동
20260224,11,서울특별시,11410,서대문구,1141011000,북아현동,11,서울특별시,11680,강남구,1168010100,역삼동,11,45,2,2929.0,11,서울특별시,11410,서대문구,1141011000,북아현동
20260224,11,서울특별시,11410,서대문구,1141011100,홍제동,11,서울특별시,11680,강남구,1168010100,역삼동,07,00,30,2682.0,11,서울특별시,11410,서대문구,1141011100,홍제동
20260224,11,서울특별시,11410,서대문구,1141011100,홍제동,11,서울특별시,11680,강남구,1168010100,역삼동,07,15,35,2697.0,11,서울특별시,11410,서대문구,1141011100,홍제동
20260224,11,서울특별시,11410,서대문구,1141011100,홍제동,11,서울특별시,11680,강남구,1168010100,역삼동,07,30,45,2695.0,11,서울특별시,11410,서대문구,1141011100,홍제동
20260224,11,서울특별시,11410,서대문구,1141011100,홍제동,11,서울특별시,11680,강남구,1168010100,역삼동,07,45,70,2796.0,11,서울특별시,11410,서대문구,1141011100,홍제동
20260224,11,서울특별시,11410,서대문구,1141011100,홍제동,11,서울특별시,11680,강남구,1168010100,역삼동,08,00,60,2716.0,11,서울특별시,11410,서대문구,1141011100,홍제동
20260224,11,서울특별시,11410,서대문구,1141011100,홍제동,11,서울특별시,11680,강남구,1168010100,역삼동,08,15,36,2722.0,11,서울특별시,11410,서대문구,1141011100,홍제동
20260224,11,서울특별시,11410,서대문구,1141011100,홍제동,11,서울특별시,11680,강남구,1168010100,역삼동,08,30,49,2643.0,11,서울특별시,11410,서대문구,1141011100,홍제동
20260224,11,서울특별시,11410,서대문구,1141011100,홍제동,11,서울특별시,11680,강남구,1168010100,역삼동,08,45,39,2732.0,11,서울특별시,11410,서대문구,1141011100,홍제동
20260224,11,서울특별시,11410,서대문구,1141011100,홍제동,11,서울특별시,11680,강남구,1168010100,역삼동,09,00,32,2650.0,11,서울특별시,11410,서대문구,1141011100,홍제동
20260224,11,서울특별시,11410,서대문구,1141011100,홍제동,11,서울특별시,11680,강남구,1168010100,역삼동,09,15,24,2576.0,11,서울특별시,11410,서대문구,1141011100,홍제동
20260224,11,서울특별시,11410,서대문구,1141011100,홍제동,11,서울특별시,11680,강남구,1168010100,역삼동,09,30,31,2688.0,11,서울특별시,11410,서대문구,1141011100,홍제동
20260224,11,서울특별시,11410,서대문구,1141011100,홍제동,11,서울특별시,11680,강남구,1168010100,역삼동,09,45,9,2593.0,11,서울특별시,11410,서대문구,1141011100,홍제동
20260224,11,서울특별시,11410,서대문구,1141011100,홍제동,11,서울특별시,11680,강남구,1168010100,역삼동,10,00,10,2811.0,11,서울특별시,11410,서대문구,1141011100,홍제동
20260224,11,서울특별시,11410,서대문구,1141011100,홍제동,11,서울특별시,11680,강남구,1168010100,역삼동,10,15,10,2749.0,11,서울특별시,11410,서대문구,1141011100,홍제동
20260224,11,서울특별시,11410,서대문구,1141011100,홍제동,11,서울특별시,11680,강남구,1168010100,역삼동,10,30,14,3210.0,11,서울특별시,11410,서대문구,1141011100,홍제동
20260224,11,서울특별시,11410,서대문구,1141011100,홍제동,11,서울특별시,11680,강남구,1168010100,역삼동,10,45,13,2831.0,11,서울특별시,11410,서대문구,1141011100,홍제동
20260224,11,서울특별시,11410,서대문구,1141011100,홍제동,11,서울특별시,11680,강남구,1168010100,역삼동,11,00,14,2555.0,11,서울특별시,11410,서대문구,1141011100,홍제동
20260224,11,서울특별시,11410,서대문구,1141011100,홍제동,11,서울특별시,11680,강남구,1168010100,역삼동,11,15,3,2592.0,11,서울특별시,11410,서대문구,1141011100,홍제동
20260224,11,서울특별시,11410,서대문구,1141011100,홍제동,11,서울특별시,11680,강남구,1168010100,역삼동,11,30,8,2768.0,11,서울특별시,11410,서대문구,1141011100,홍제동
20260224,11,서울특별시,11410,서대문구,1141011100,홍제동,11,서울특별시,11680,강남구,1168010100,역삼동,11,45,2,2919.0,11,서울특별시,11410,서대문구,1141011100,홍제동
20260224,11,서울특별시,11410,서대문구,1141011200,대현동,11,서울특별시,11680,강남구,1168010100,역삼동,07,00,1,3152.0,11,서울특별시,11410,서대문구,1141011200,대현동
20260224,11,서울특별시,11410,서대문구,1141011200,대현동,11,서울특별시,11680,강남구,1168010100,역삼동,07,30,2,3457.0,11,서울특별시,11410,서대문구,1141011200,대현동
20260224,11,서울특별시,11410,서대문구,1141011200,대현동,11,서울특별시,11680,강남구,1168010100,역삼동,08,00,1,3319.0,11,서울특별시,11410,서대문구,1141011200,대현동
20260224,11,서울특별시,11410,서대문구,1141011200,대현동,11,서울특별시,11680,강남구,1168010100,역삼동,08,45,1,3224.0,11,서울특별시,11410,서대문구,1141011200,대현동
20260224,11,서울특별시,11410,서대문구,1141011200,대현동,11,서울특별시,11680,강남구,1168010100,역삼동,09,15,2,3921.0,11,서울특별시,11410,서대문구,1141011200,대현동
20260224,11,서울특별시,11410,서대문구,1141011300,대신동,11,서울특별시,11680,강남구,1168010100,역삼동,07,15,1,2447.0,11,서울특별시,11410,서대문구,1141011300,대신동
20260224,11,서울특별시,11410,서대문구,1141011300,대신동,11,서울특별시,11680,강남구,1168010100,역삼동,07,45,1,2531.0,11,서울특별시,11410,서대문구,1141011300,대신동
20260224,11,서울특별시,11410,서대문구,1141011300,대신동,11,서울특별시,11680,강남구,1168010100,역삼동,08,00,1,2463.0,11,서울특별시,11410,서대문구,1141011300,대신동
20260224,11,서울특별시,11410,서대문구,1141011300,대신동,11,서울특별시,11680,강남구,1168010100,역삼동,08,45,1,3467.0,11,서울특별시,11410,서대문구,1141011300,대신동
20260224,11,서울특별시,11410,서대문구,1141011300,대신동,11,서울특별시,11680,강남구,1168010100,역삼동,09,00,2,2702.0,11,서울특별시,11410,서대문구,1141011300,대신동
20260224,11,서울특별시,11410,서대문구,1141011300,대신동,11,서울특별시,11680,강남구,1168010100,역삼동,09,30,1,3646.0,11,서울특별시,11410,서대문구,1141011300,대신동
20260224,11,서울특별시,11410,서대문구,1141011300,대신동,11,서울특별시,11680,강남구,1168010100,역삼동,10,45,1,2994.0,11,서울특별시,11410,서대문구,1141011300,대신동
20260224,11,서울특별시,11410,서대문구,1141011300,대신동,11,서울특별시,11680,강남구,1168010100,역삼동,11,45,1,3005.0,11,서울특별시,11410,서대문구,1141011300,대신동
20260224,11,서울특별시,11410,서대문구,1141011600,창천동,11,서울특별시,11680,강남구,1168010100,역삼동,07,00,8,2810.0,11,서울특별시,11410,서대문구,1141011600,창천동
20260224,11,서울특별시,11410,서대문구,1141011600,창천동,11,서울특별시,11680,강남구,1168010100,역삼동,07,15,20,2946.0,11,서울특별시,11410,서대문구,1141011600,창천동
20260224,11,서울특별시,11410,서대문구,1141011600,창천동,11,서울특별시,11680,강남구,1168010100,역삼동,07,30,39,3036.0,11,서울특별시,11410,서대문구,1141011600,창천동
20260224,11,서울특별시,11410,서대문구,1141011600,창천동,11,서울특별시,11680,강남구,1168010100,역삼동,07,45,30,3232.0,11,서울특별시,11410,서대문구,1141011600,창천동
20260224,11,서울특별시,11410,서대문구,1141011600,창천동,11,서울특별시,11680,강남구,1168010100,역삼동,08,00,21,3102.0,11,서울특별시,11410,서대문구,1141011600,창천동
20260224,11,서울특별시,11410,서대문구,1141011600,창천동,11,서울특별시,11680,강남구,1168010100,역삼동,08,15,14,2923.0,11,서울특별시,11410,서대문구,1141011600,창천동
20260224,11,서울특별시,11410,서대문구,1141011600,창천동,11,서울특별시,11680,강남구,1168010100,역삼동,08,30,35,2813.0,11,서울특별시,11410,서대문구,1141011600,창천동
20260224,11,서울특별시,11410,서대문구,1141011600,창천동,11,서울특별시,11680,강남구,1168010100,역삼동,08,45,22,2873.0,11,서울특별시,11410,서대문구,1141011600,창천동
20260224,11,서울특별시,11410,서대문구,1141011600,창천동,11,서울특별시,11680,강남구,1168010100,역삼동,09,00,23,2642.0,11,서울특별시,11410,서대문구,1141011600,창천동
20260224,11,서울특별시,11410,서대문구,1141011600,창천동,11,서울특별시,11680,강남구,1168010100,역삼동,09,15,4,2801.0,11,서울특별시,11410,서대문구,1141011600,창천동
20260224,11,서울특별시,11410,서대문구,1141011600,창천동,11,서울특별시,11680,강남구,1168010100,역삼동,09,30,15,2784.0,11,서울특별시,11410,서대문구,1141011600,창천동
20260224,11,서울특별시,11410,서대문구,1141011600,창천동,11,서울특별시,11680,강남구,1168010100,역삼동,09,45,11,2724.0,11,서울특별시,11410,서대문구,1141011600,창천동
20260224,11,서울특별시,11410,서대문구,1141011600,창천동,11,서울특별시,11680,강남구,1168010100,역삼동,10,00,9,2435.0,11,서울특별시,11410,서대문구,1141011600,창천동
20260224,11,서울특별시,11410,서대문구,1141011600,창천동,11,서울특별시,11680,강남구,1168010100,역삼동,10,15,11,2649.0,11,서울특별시,11410,서대문구,1141011600,창천동
20260224,11,서울특별시,11410,서대문구,1141011600,창천동,11,서울특별시,11680,강남구,1168010100,역삼동,10,30,9,2665.0,11,서울특별시,11410,서대문구,1141011600,창천동
20260224,11,서울특별시,11410,서대문구,1141011600,창천동,11,서울특별시,11680,강남구,1168010100,역삼동,10,45,12,2726.0,11,서울특별시,11410,서대문구,1141011600,창천동
20260224,11,서울특별시,11410,서대문구,1141011600,창천동,11,서울특별시,11680,강남구,1168010100,역삼동,11,00,8,3323.0,11,서울특별시,11410,서대문구,1141011600,창천동
20260224,11,서울특별시,11410,서대문구,1141011600,창천동,11,서울특별시,11680,강남구,1168010100,역삼동,11,15,12,2754.0,11,서울특별시,11410,서대문구,1141011600,창천동
20260224,11,서울특별시,11410,서대문구,1141011600,창천동,11,서울특별시,11680,강남구,1168010100,역삼동,11,30,8,2725.0,11,서울특별시,11410,서대문구,1141011600,창천동
20260224,11,서울특별시,11410,서대문구,1141011600,창천동,11,서울특별시,11680,강남구,1168010100,역삼동,11,45,16,2649.0,11,서울특별시,11410,서대문구,1141011600,창천동
20260224,11,서울특별시,11410,서대문구,1141011700,연희동,11,서울특별시,11680,강남구,1168010100,역삼동,07,00,8,3782.0,11,서울특별시,11410,서대문구,1141011700,연희동
20260224,11,서울특별시,11410,서대문구,1141011700,연희동,11,서울특별시,11680,강남구,1168010100,역삼동,07,15,17,3594.0,11,서울특별시,11410,서대문구,1141011700,연희동
20260224,11,서울특별시,11410,서대문구,1141011700,연희동,11,서울특별시,11680,강남구,1168010100,역삼동,07,30,13,3956.0,11,서울특별시,11410,서대문구,1141011700,연희동
20260224,11,서울특별시,11410,서대문구,1141011700,연희동,11,서울특별시,11680,강남구,1168010100,역삼동,07,45,15,3439.0,11,서울특별시,11410,서대문구,1141011700,연희동
20260224,11,서울특별시,11410,서대문구,1141011700,연희동,11,서울특별시,11680,강남구,1168010100,역삼동,08,00,10,3337.0,11,서울특별시,11410,서대문구,1141011700,연희동
20260224,11,서울특별시,11410,서대문구,1141011700,연희동,11,서울특별시,11680,강남구,1168010100,역삼동,08,15,10,3425.0,11,서울특별시,11410,서대문구,1141011700,연희동
20260224,11,서울특별시,11410,서대문구,1141011700,연희동,11,서울특별시,11680,강남구,1168010100,역삼동,08,30,8,3181.0,11,서울특별시,11410,서대문구,1141011700,연희동
20260224,11,서울특별시,11410,서대문구,1141011700,연희동,11,서울특별시,11680,강남구,1168010100,역삼동,08,45,16,3186.0,11,서울특별시,11410,서대문구,1141011700,연희동
20260224,11,서울특별시,11410,서대문구,1141011700,연희동,11,서울특별시,11680,강남구,1168010100,역삼동,09,00,7,2897.0,11,서울특별시,11410,서대문구,1141011700,연희동
20260224,11,서울특별시,11410,서대문구,1141011700,연희동,11,서울특별시,11680,강남구,1168010100,역삼동,09,15,4,3082.0,11,서울특별시,11410,서대문구,1141011700,연희동
20260224,11,서울특별시,11410,서대문구,1141011700,연희동,11,서울특별시,11680,강남구,1168010100,역삼동,09,30,2,3326.0,11,서울특별시,11410,서대문구,1141011700,연희동
20260224,11,서울특별시,11410,서대문구,1141011700,연희동,11,서울특별시,11680,강남구,1168010100,역삼동,09,45,2,2991.0,11,서울특별시,11410,서대문구,1141011700,연희동
20260224,11,서울특별시,11410,서대문구,1141011700,연희동,11,서울특별시,11680,강남구,1168010100,역삼동,10,00,4,3211.0,11,서울특별시,11410,서대문구,1141011700,연희동
20260224,11,서울특별시,11410,서대문구,1141011700,연희동,11,서울특별시,11680,강남구,1168010100,역삼동,10,15,1,3948.0,11,서울특별시,11410,서대문구,1141011700,연희동
20260224,11,서울특별시,11410,서대문구,1141011700,연희동,11,서울특별시,11680,강남구,1168010100,역삼동,10,30,3,3171.0,11,서울특별시,11410,서대문구,1141011700,연희동
20260224,11,서울특별시,11410,서대문구,1141011700,연희동,11,서울특별시,11680,강남구,1168010100,역삼동,11,00,1,3088.0,11,서울특별시,11410,서대문구,1141011700,연희동
20260224,11,서울특별시,11410,서대문구,1141011700,연희동,11,서울특별시,11680,강남구,1168010100,역삼동,11,15,1,3312.0,11,서울특별시,11410,서대문구,1141011700,연희동
20260224,11,서울특별시,11410,서대문구,1141011700,연희동,11,서울특별시,11680,강남구,1168010100,역삼동,11,30,1,3492.0,11,서울특별시,11410,서대문구,1141011700,연희동
20260224,11,서울특별시,11410,서대문구,1141011700,연희동,11,서울특별시,11680,강남구,1168010100,역삼동,11,45,2,3084.0,11,서울특별시,11410,서대문구,1141011700,연희동
20260224,11,서울특별시,11410,서대문구,1141011800,홍은동,11,서울특별시,11680,강남구,1168010100,역삼동,07,00,18,3291.0,11,서울특별시,11410,서대문구,1141011800,홍은동
20260224,11,서울특별시,11410,서대문구,1141011800,홍은동,11,서울특별시,11680,강남구,1168010100,역삼동,07,15,20,3415.0,11,서울특별시,11410,서대문구,1141011800,홍은동
20260224,11,서울특별시,11410,서대문구,1141011800,홍은동,11,서울특별시,11680,강남구,1168010100,역삼동,07,30,22,3425.0,11,서울특별시,11410,서대문구,1141011800,홍은동
20260224,11,서울특별시,11410,서대문구,1141011800,홍은동,11,서울특별시,11680,강남구,1168010100,역삼동,07,45,20,3104.0,11,서울특별시,11410,서대문구,1141011800,홍은동
20260224,11,서울특별시,11410,서대문구,1141011800,홍은동,11,서울특별시,11680,강남구,1168010100,역삼동,08,00,14,3371.0,11,서울특별시,11410,서대문구,1141011800,홍은동
20260224,11,서울특별시,11410,서대문구,1141011800,홍은동,11,서울특별시,11680,강남구,1168010100,역삼동,08,15,20,3297.0,11,서울특별시,11410,서대문구,1141011800,홍은동
20260224,11,서울특별시,11410,서대문구,1141011800,홍은동,11,서울특별시,11680,강남구,1168010100,역삼동,08,30,17,3497.0,11,서울특별시,11410,서대문구,1141011800,홍은동
20260224,11,서울특별시,11410,서대문구,1141011800,홍은동,11,서울특별시,11680,강남구,1168010100,역삼동,08,45,13,3075.0,11,서울특별시,11410,서대문구,1141011800,홍은동
20260224,11,서울특별시,11410,서대문구,1141011800,홍은동,11,서울특별시,11680,강남구,1168010100,역삼동,09,00,8,3037.0,11,서울특별시,11410,서대문구,1141011800,홍은동
20260224,11,서울특별시,11410,서대문구,1141011800,홍은동,11,서울특별시,11680,강남구,1168010100,역삼동,09,15,7,3403.0,11,서울특별시,11410,서대문구,1141011800,홍은동
20260224,11,서울특별시,11410,서대문구,1141011800,홍은동,11,서울특별시,11680,강남구,1168010100,역삼동,09,30,5,2978.0,11,서울특별시,11410,서대문구,1141011800,홍은동
20260224,11,서울특별시,11410,서대문구,1141011800,홍은동,11,서울특별시,11680,강남구,1168010100,역삼동,09,45,2,3184.0,11,서울특별시,11410,서대문구,1141011800,홍은동
20260224,11,서울특별시,11410,서대문구,1141011800,홍은동,11,서울특별시,11680,강남구,1168010100,역삼동,10,00,2,3210.0,11,서울특별시,11410,서대문구,1141011800,홍은동
20260224,11,서울특별시,11410,서대문구,1141011800,홍은동,11,서울특별시,11680,강남구,1168010100,역삼동,10,15,2,3425.0,11,서울특별시,11410,서대문구,1141011800,홍은동
20260224,11,서울특별시,11410,서대문구,1141011800,홍은동,11,서울특별시,11680,강남구,1168010100,역삼동,10,30,2,3532.0,11,서울특별시,11410,서대문구,1141011800,홍은동
20260224,11,서울특별시,11410,서대문구,1141011800,홍은동,11,서울특별시,11680,강남구,1168010100,역삼동,10,45,1,3599.0,11,서울특별시,11410,서대문구,1141011800,홍은동
20260224,11,서울특별시,11410,서대문구,1141011800,홍은동,11,서울특별시,11680,강남구,1168010100,역삼동,11,00,1,3446.0,11,서울특별시,11410,서대문구,1141011800,홍은동
20260224,11,서울특별시,11410,서대문구,1141011800,홍은동,11,서울특별시,11680,강남구,1168010100,역삼동,11,15,2,2999.0,11,서울특별시,11410,서대문구,1141011800,홍은동
20260224,11,서울특별시,11410,서대문구,1141011800,홍은동,11,서울특별시,11680,강남구,1168010100,역삼동,11,30,3,3348.0,11,서울특별시,11410,서대문구,1141011800,홍은동
20260224,11,서울특별시,11410,서대문구,1141011800,홍은동,11,서울특별시,11680,강남구,1168010100,역삼동,11,45,1,3235.0,11,서울특별시,11410,서대문구,1141011800,홍은동
20260224,11,서울특별시,11410,서대문구,1141011900,북가좌동,11,서울특별시,11680,강남구,1168010100,역삼동,07,00,5,4066.0,11,서울특별시,11410,서대문구,1141011900,북가좌동
20260224,11,서울특별시,11410,서대문구,1141011900,북가좌동,11,서울특별시,11680,강남구,1168010100,역삼동,07,15,7,4154.0,11,서울특별시,11410,서대문구,1141011900,북가좌동
20260224,11,서울특별시,11410,서대문구,1141011900,북가좌동,11,서울특별시,11680,강남구,1168010100,역삼동,07,30,3,4228.0,11,서울특별시,11410,서대문구,1141011900,북가좌동
20260224,11,서울특별시,11410,서대문구,1141011900,북가좌동,11,서울특별시,11680,강남구,1168010100,역삼동,07,45,2,3645.0,11,서울특별시,11410,서대문구,1141011900,북가좌동
20260224,11,서울특별시,11410,서대문구,1141011900,북가좌동,11,서울특별시,11680,강남구,1168010100,역삼동,08,00,5,3398.0,11,서울특별시,11410,서대문구,1141011900,북가좌동
20260224,11,서울특별시,11410,서대문구,1141011900,북가좌동,11,서울특별시,11680,강남구,1168010100,역삼동,08,15,3,3796.0,11,서울특별시,11410,서대문구,1141011900,북가좌동
20260224,11,서울특별시,11410,서대문구,1141011900,북가좌동,11,서울특별시,11680,강남구,1168010100,역삼동,08,30,9,3774.0,11,서울특별시,11410,서대문구,1141011900,북가좌동
20260224,11,서울특별시,11410,서대문구,1141011900,북가좌동,11,서울특별시,11680,강남구,1168010100,역삼동,08,45,3,3470.0,11,서울특별시,11410,서대문구,1141011900,북가좌동
20260224,11,서울특별시,11410,서대문구,1141011900,북가좌동,11,서울특별시,11680,강남구,1168010100,역삼동,09,00,6,3748.0,11,서울특별시,11410,서대문구,1141011900,북가좌동
20260224,11,서울특별시,11410,서대문구,1141011900,북가좌동,11,서울특별시,11680,강남구,1168010100,역삼동,09,15,2,3401.0,11,서울특별시,11410,서대문구,1141011900,북가좌동
20260224,11,서울특별시,11410,서대문구,1141011900,북가좌동,11,서울특별시,11680,강남구,1168010100,역삼동,09,30,2,4189.0,11,서울특별시,11410,서대문구,1141011900,북가좌동
20260224,11,서울특별시,11410,서대문구,1141011900,북가좌동,11,서울특별시,11680,강남구,1168010100,역삼동,10,15,2,3905.0,11,서울특별시,11410,서대문구,1141011900,북가좌동
20260224,11,서울특별시,11410,서대문구,1141011900,북가좌동,11,서울특별시,11680,강남구,1168010100,역삼동,10,30,1,3690.0,11,서울특별시,11410,서대문구,1141011900,북가좌동
20260224,11,서울특별시,11410,서대문구,1141011900,북가좌동,11,서울특별시,11680,강남구,1168010100,역삼동,10,45,2,3354.0,11,서울특별시,11410,서대문구,1141011900,북가좌동
20260224,11,서울특별시,11410,서대문구,1141011900,북가좌동,11,서울특별시,11680,강남구,1168010100,역삼동,11,30,1,2978.0,11,서울특별시,11410,서대문구,1141011900,북가좌동
20260224,11,서울특별시,11410,서대문구,1141012000,남가좌동,11,서울특별시,11680,강남구,1168010100,역삼동,07,00,15,3737.0,11,서울특별시,11410,서대문구,1141012000,남가좌동
20260224,11,서울특별시,11410,서대문구,1141012000,남가좌동,11,서울특별시,11680,강남구,1168010100,역삼동,07,15,10,4127.0,11,서울특별시,11410,서대문구,1141012000,남가좌동
20260224,11,서울특별시,11410,서대문구,1141012000,남가좌동,11,서울특별시,11680,강남구,1168010100,역삼동,07,30,17,4074.0,11,서울특별시,11410,서대문구,1141012000,남가좌동
20260224,11,서울특별시,11410,서대문구,1141012000,남가좌동,11,서울특별시,11680,강남구,1168010100,역삼동,07,45,8,3808.0,11,서울특별시,11410,서대문구,1141012000,남가좌동
20260224,11,서울특별시,11410,서대문구,1141012000,남가좌동,11,서울특별시,11680,강남구,1168010100,역삼동,08,00,9,3949.0,11,서울특별시,11410,서대문구,1141012000,남가좌동
20260224,11,서울특별시,11410,서대문구,1141012000,남가좌동,11,서울특별시,11680,강남구,1168010100,역삼동,08,15,11,3890.0,11,서울특별시,11410,서대문구,1141012000,남가좌동
20260224,11,서울특별시,11410,서대문구,1141012000,남가좌동,11,서울특별시,11680,강남구,1168010100,역삼동,08,30,16,3579.0,11,서울특별시,11410,서대문구,1141012000,남가좌동
20260224,11,서울특별시,11410,서대문구,1141012000,남가좌동,11,서울특별시,11680,강남구,1168010100,역삼동,08,45,11,3507.0,11,서울특별시,11410,서대문구,1141012000,남가좌동
20260224,11,서울특별시,11410,서대문구,1141012000,남가좌동,11,서울특별시,11680,강남구,1168010100,역삼동,09,00,3,3455.0,11,서울특별시,11410,서대문구,1141012000,남가좌동
20260224,11,서울특별시,11410,서대문구,1141012000,남가좌동,11,서울특별시,11680,강남구,1168010100,역삼동,09,15,7,3524.0,11,서울특별시,11410,서대문구,1141012000,남가좌동
20260224,11,서울특별시,11410,서대문구,1141012000,남가좌동,11,서울특별시,11680,강남구,1168010100,역삼동,09,30,6,3545.0,11,서울특별시,11410,서대문구,1141012000,남가좌동
20260224,11,서울특별시,11410,서대문구,1141012000,남가좌동,11,서울특별시,11680,강남구,1168010100,역삼동,09,45,6,8060.0,11,서울특별시,11410,서대문구,1141012000,남가좌동
20260224,11,서울특별시,11410,서대문구,1141012000,남가좌동,11,서울특별시,11680,강남구,1168010100,역삼동,10,00,4,3286.0,11,서울특별시,11410,서대문구,1141012000,남가좌동
20260224,11,서울특별시,11410,서대문구,1141012000,남가좌동,11,서울특별시,11680,강남구,1168010100,역삼동,10,15,2,3791.0,11,서울특별시,11410,서대문구,1141012000,남가좌동
20260224,11,서울특별시,11410,서대문구,1141012000,남가좌동,11,서울특별시,11680,강남구,1168010100,역삼동,10,30,3,3448.0,11,서울특별시,11410,서대문구,1141012000,남가좌동
20260224,11,서울특별시,11410,서대문구,1141012000,남가좌동,11,서울특별시,11680,강남구,1168010100,역삼동,10,45,2,3845.0,11,서울특별시,11410,서대문구,1141012000,남가좌동
20260224,11,서울특별시,11410,서대문구,1141012000,남가좌동,11,서울특별시,11680,강남구,1168010100,역삼동,11,00,2,3427.0,11,서울특별시,11410,서대문구,1141012000,남가좌동
20260224,11,서울특별시,11410,서대문구,1141012000,남가좌동,11,서울특별시,11680,강남구,1168010100,역삼동,11,30,3,3337.0,11,서울특별시,11410,서대문구,1141012000,남가좌동
20260224,11,서울특별시,11410,서대문구,1141012000,남가좌동,11,서울특별시,11680,강남구,1168010100,역삼동,11,45,2,3438.0,11,서울특별시,11410,서대문구,1141012000,남가좌동
20260224,11,서울특별시,11440,마포구,1144010100,아현동,11,서울특별시,11680,강남구,1168010100,역삼동,07,00,25,2777.0,11,서울특별시,11440,마포구,1144010100,아현동
20260224,11,서울특별시,11440,마포구,1144010100,아현동,11,서울특별시,11680,강남구,1168010100,역삼동,07,15,22,2863.0,11,서울특별시,11440,마포구,1144010100,아현동
20260224,11,서울특별시,11440,마포구,1144010100,아현동,11,서울특별시,11680,강남구,1168010100,역삼동,07,30,33,2786.0,11,서울특별시,11440,마포구,1144010100,아현동
20260224,11,서울특별시,11440,마포구,1144010100,아현동,11,서울특별시,11680,강남구,1168010100,역삼동,07,45,30,2780.0,11,서울특별시,11440,마포구,1144010100,아현동
20260224,11,서울특별시,11440,마포구,1144010100,아현동,11,서울특별시,11680,강남구,1168010100,역삼동,08,00,27,2708.0,11,서울특별시,11440,마포구,1144010100,아현동
20260224,11,서울특별시,11440,마포구,1144010100,아현동,11,서울특별시,11680,강남구,1168010100,역삼동,08,15,23,2731.0,11,서울특별시,11440,마포구,1144010100,아현동
20260224,11,서울특별시,11440,마포구,1144010100,아현동,11,서울특별시,11680,강남구,1168010100,역삼동,08,30,32,2625.0,11,서울특별시,11440,마포구,1144010100,아현동
20260224,11,서울특별시,11440,마포구,1144010100,아현동,11,서울특별시,11680,강남구,1168010100,역삼동,08,45,25,2696.0,11,서울특별시,11440,마포구,1144010100,아현동
20260224,11,서울특별시,11440,마포구,1144010100,아현동,11,서울특별시,11680,강남구,1168010100,역삼동,09,00,20,2693.0,11,서울특별시,11440,마포구,1144010100,아현동
20260224,11,서울특별시,11440,마포구,1144010100,아현동,11,서울특별시,11680,강남구,1168010100,역삼동,09,15,12,2770.0,11,서울특별시,11440,마포구,1144010100,아현동
20260224,11,서울특별시,11440,마포구,1144010100,아현동,11,서울특별시,11680,강남구,1168010100,역삼동,09,30,11,2647.0,11,서울특별시,11440,마포구,1144010100,아현동
20260224,11,서울특별시,11440,마포구,1144010100,아현동,11,서울특별시,11680,강남구,1168010100,역삼동,09,45,8,2555.0,11,서울특별시,11440,마포구,1144010100,아현동
20260224,11,서울특별시,11440,마포구,1144010100,아현동,11,서울특별시,11680,강남구,1168010100,역삼동,10,00,11,2524.0,11,서울특별시,11440,마포구,1144010100,아현동
20260224,11,서울특별시,11440,마포구,1144010100,아현동,11,서울특별시,11680,강남구,1168010100,역삼동,10,15,3,2803.0,11,서울특별시,11440,마포구,1144010100,아현동
20260224,11,서울특별시,11440,마포구,1144010100,아현동,11,서울특별시,11680,강남구,1168010100,역삼동,10,30,6,2701.0,11,서울특별시,11440,마포구,1144010100,아현동
20260224,11,서울특별시,11440,마포구,1144010100,아현동,11,서울특별시,11680,강남구,1168010100,역삼동,10,45,6,2734.0,11,서울특별시,11440,마포구,1144010100,아현동
20260224,11,서울특별시,11440,마포구,1144010100,아현동,11,서울특별시,11680,강남구,1168010100,역삼동,11,00,6,2766.0,11,서울특별시,11440,마포구,1144010100,아현동
20260224,11,서울특별시,11440,마포구,1144010100,아현동,11,서울특별시,11680,강남구,1168010100,역삼동,11,15,9,2648.0,11,서울특별시,11440,마포구,1144010100,아현동
20260224,11,서울특별시,11440,마포구,1144010100,아현동,11,서울특별시,11680,강남구,1168010100,역삼동,11,30,1,2834.0,11,서울특별시,11440,마포구,1144010100,아현동
20260224,11,서울특별시,11440,마포구,1144010100,아현동,11,서울특별시,11680,강남구,1168010100,역삼동,11,45,4,2702.0,11,서울특별시,11440,마포구,1144010100,아현동
20260224,11,서울특별시,11440,마포구,1144010200,공덕동,11,서울특별시,11680,강남구,1168010100,역삼동,07,00,8,2444.0,11,서울특별시,11440,마포구,1144010200,공덕동
20260224,11,서울특별시,11440,마포구,1144010200,공덕동,11,서울특별시,11680,강남구,1168010100,역삼동,07,15,7,2199.0,11,서울특별시,11440,마포구,1144010200,공덕동
20260224,11,서울특별시,11440,마포구,1144010200,공덕동,11,서울특별시,11680,강남구,1168010100,역삼동,07,30,20,2741.0,11,서울특별시,11440,마포구,1144010200,공덕동
20260224,11,서울특별시,11440,마포구,1144010200,공덕동,11,서울특별시,11680,강남구,1168010100,역삼동,07,45,22,2624.0,11,서울특별시,11440,마포구,1144010200,공덕동
20260224,11,서울특별시,11440,마포구,1144010200,공덕동,11,서울특별시,11680,강남구,1168010100,역삼동,08,00,23,2583.0,11,서울특별시,11440,마포구,1144010200,공덕동
20260224,11,서울특별시,11440,마포구,1144010200,공덕동,11,서울특별시,11680,강남구,1168010100,역삼동,08,15,16,2207.0,11,서울특별시,11440,마포구,1144010200,공덕동
20260224,11,서울특별시,11440,마포구,1144010200,공덕동,11,서울특별시,11680,강남구,1168010100,역삼동,08,30,26,2251.0,11,서울특별시,11440,마포구,1144010200,공덕동
20260224,11,서울특별시,11440,마포구,1144010200,공덕동,11,서울특별시,11680,강남구,1168010100,역삼동,08,45,15,2452.0,11,서울특별시,11440,마포구,1144010200,공덕동
20260224,11,서울특별시,11440,마포구,1144010200,공덕동,11,서울특별시,11680,강남구,1168010100,역삼동,09,00,23,2378.0,11,서울특별시,11440,마포구,1144010200,공덕동
20260224,11,서울특별시,11440,마포구,1144010200,공덕동,11,서울특별시,11680,강남구,1168010100,역삼동,09,15,24,2486.0,11,서울특별시,11440,마포구,1144010200,공덕동
20260224,11,서울특별시,11440,마포구,1144010200,공덕동,11,서울특별시,11680,강남구,1168010100,역삼동,09,30,13,2630.0,11,서울특별시,11440,마포구,1144010200,공덕동
20260224,11,서울특별시,11440,마포구,1144010200,공덕동,11,서울특별시,11680,강남구,1168010100,역삼동,09,45,9,2763.0,11,서울특별시,11440,마포구,1144010200,공덕동
20260224,11,서울특별시,11440,마포구,1144010200,공덕동,11,서울특별시,11680,강남구,1168010100,역삼동,10,00,14,2458.0,11,서울특별시,11440,마포구,1144010200,공덕동
20260224,11,서울특별시,11440,마포구,1144010200,공덕동,11,서울특별시,11680,강남구,1168010100,역삼동,10,15,9,2390.0,11,서울특별시,11440,마포구,1144010200,공덕동
20260224,11,서울특별시,11440,마포구,1144010200,공덕동,11,서울특별시,11680,강남구,1168010100,역삼동,10,30,5,2402.0,11,서울특별시,11440,마포구,1144010200,공덕동
20260224,11,서울특별시,11440,마포구,1144010200,공덕동,11,서울특별시,11680,강남구,1168010100,역삼동,10,45,3,3046.0,11,서울특별시,11440,마포구,1144010200,공덕동
20260224,11,서울특별시,11440,마포구,1144010200,공덕동,11,서울특별시,11680,강남구,1168010100,역삼동,11,00,10,2295.0,11,서울특별시,11440,마포구,1144010200,공덕동
20260224,11,서울특별시,11440,마포구,1144010200,공덕동,11,서울특별시,11680,강남구,1168010100,역삼동,11,15,3,2242.0,11,서울특별시,11440,마포구,1144010200,공덕동
20260224,11,서울특별시,11440,마포구,1144010200,공덕동,11,서울특별시,11680,강남구,1168010100,역삼동,11,30,4,2287.0,11,서울특별시,11440,마포구,1144010200,공덕동
20260224,11,서울특별시,11440,마포구,1144010200,공덕동,11,서울특별시,11680,강남구,1168010100,역삼동,11,45,8,2278.0,11,서울특별시,11440,마포구,1144010200,공덕동
20260224,11,서울특별시,11440,마포구,1144010300,신공덕동,11,서울특별시,11680,강남구,1168010100,역삼동,07,00,5,2975.0,11,서울특별시,11440,마포구,1144010300,신공덕동
20260224,11,서울특별시,11440,마포구,1144010300,신공덕동,11,서울특별시,11680,강남구,1168010100,역삼동,07,15,2,3041.0,11,서울특별시,11440,마포구,1144010300,신공덕동
20260224,11,서울특별시,11440,마포구,1144010300,신공덕동,11,서울특별시,11680,강남구,1168010100,역삼동,07,30,4,2818.0,11,서울특별시,11440,마포구,1144010300,신공덕동
20260224,11,서울특별시,11440,마포구,1144010300,신공덕동,11,서울특별시,11680,강남구,1168010100,역삼동,07,45,5,3430.0,11,서울특별시,11440,마포구,1144010300,신공덕동
20260224,11,서울특별시,11440,마포구,1144010300,신공덕동,11,서울특별시,11680,강남구,1168010100,역삼동,08,00,3,3284.0,11,서울특별시,11440,마포구,1144010300,신공덕동
20260224,11,서울특별시,11440,마포구,1144010300,신공덕동,11,서울특별시,11680,강남구,1168010100,역삼동,08,15,4,2966.0,11,서울특별시,11440,마포구,1144010300,신공덕동
20260224,11,서울특별시,11440,마포구,1144010300,신공덕동,11,서울특별시,11680,강남구,1168010100,역삼동,08,30,2,3375.0,11,서울특별시,11440,마포구,1144010300,신공덕동
20260224,11,서울특별시,11440,마포구,1144010300,신공덕동,11,서울특별시,11680,강남구,1168010100,역삼동,08,45,3,3461.0,11,서울특별시,11440,마포구,1144010300,신공덕동
20260224,11,서울특별시,11440,마포구,1144010300,신공덕동,11,서울특별시,11680,강남구,1168010100,역삼동,09,30,1,2940.0,11,서울특별시,11440,마포구,1144010300,신공덕동
20260224,11,서울특별시,11440,마포구,1144010300,신공덕동,11,서울특별시,11680,강남구,1168010100,역삼동,09,45,2,3137.0,11,서울특별시,11440,마포구,1144010300,신공덕동
20260224,11,서울특별시,11440,마포구,1144010300,신공덕동,11,서울특별시,11680,강남구,1168010100,역삼동,10,45,2,2699.0,11,서울특별시,11440,마포구,1144010300,신공덕동
20260224,11,서울특별시,11440,마포구,1144010300,신공덕동,11,서울특별시,11680,강남구,1168010100,역삼동,11,45,4,2586.0,11,서울특별시,11440,마포구,1144010300,신공덕동
20260224,11,서울특별시,11440,마포구,1144010400,도화동,11,서울특별시,11680,강남구,1168010100,역삼동,07,00,8,2406.0,11,서울특별시,11440,마포구,1144010400,도화동
20260224,11,서울특별시,11440,마포구,1144010400,도화동,11,서울특별시,11680,강남구,1168010100,역삼동,07,15,13,2428.0,11,서울특별시,11440,마포구,1144010400,도화동
20260224,11,서울특별시,11440,마포구,1144010400,도화동,11,서울특별시,11680,강남구,1168010100,역삼동,07,30,13,2545.0,11,서울특별시,11440,마포구,1144010400,도화동
20260224,11,서울특별시,11440,마포구,1144010400,도화동,11,서울특별시,11680,강남구,1168010100,역삼동,07,45,20,2330.0,11,서울특별시,11440,마포구,1144010400,도화동
20260224,11,서울특별시,11440,마포구,1144010400,도화동,11,서울특별시,11680,강남구,1168010100,역삼동,08,00,17,2530.0,11,서울특별시,11440,마포구,1144010400,도화동
20260224,11,서울특별시,11440,마포구,1144010400,도화동,11,서울특별시,11680,강남구,1168010100,역삼동,08,15,10,2310.0,11,서울특별시,11440,마포구,1144010400,도화동
20260224,11,서울특별시,11440,마포구,1144010400,도화동,11,서울특별시,11680,강남구,1168010100,역삼동,08,30,13,2426.0,11,서울특별시,11440,마포구,1144010400,도화동
20260224,11,서울특별시,11440,마포구,1144010400,도화동,11,서울특별시,11680,강남구,1168010100,역삼동,08,45,12,2343.0,11,서울특별시,11440,마포구,1144010400,도화동
20260224,11,서울특별시,11440,마포구,1144010400,도화동,11,서울특별시,11680,강남구,1168010100,역삼동,09,00,15,2302.0,11,서울특별시,11440,마포구,1144010400,도화동
20260224,11,서울특별시,11440,마포구,1144010400,도화동,11,서울특별시,11680,강남구,1168010100,역삼동,09,15,14,2258.0,11,서울특별시,11440,마포구,1144010400,도화동
20260224,11,서울특별시,11440,마포구,1144010400,도화동,11,서울특별시,11680,강남구,1168010100,역삼동,09,30,8,2191.0,11,서울특별시,11440,마포구,1144010400,도화동
20260224,11,서울특별시,11440,마포구,1144010400,도화동,11,서울특별시,11680,강남구,1168010100,역삼동,09,45,6,2309.0,11,서울특별시,11440,마포구,1144010400,도화동
20260224,11,서울특별시,11440,마포구,1144010400,도화동,11,서울특별시,11680,강남구,1168010100,역삼동,10,00,11,2208.0,11,서울특별시,11440,마포구,1144010400,도화동
20260224,11,서울특별시,11440,마포구,1144010400,도화동,11,서울특별시,11680,강남구,1168010100,역삼동,10,15,4,2701.0,11,서울특별시,11440,마포구,1144010400,도화동
20260224,11,서울특별시,11440,마포구,1144010400,도화동,11,서울특별시,11680,강남구,1168010100,역삼동,10,30,3,2486.0,11,서울특별시,11440,마포구,1144010400,도화동
20260224,11,서울특별시,11440,마포구,1144010400,도화동,11,서울특별시,11680,강남구,1168010100,역삼동,10,45,6,2494.0,11,서울특별시,11440,마포구,1144010400,도화동
20260224,11,서울특별시,11440,마포구,1144010400,도화동,11,서울특별시,11680,강남구,1168010100,역삼동,11,00,3,2201.0,11,서울특별시,11440,마포구,1144010400,도화동
20260224,11,서울특별시,11440,마포구,1144010400,도화동,11,서울특별시,11680,강남구,1168010100,역삼동,11,15,4,2625.0,11,서울특별시,11440,마포구,1144010400,도화동
20260224,11,서울특별시,11440,마포구,1144010400,도화동,11,서울특별시,11680,강남구,1168010100,역삼동,11,30,4,2926.0,11,서울특별시,11440,마포구,1144010400,도화동
20260224,11,서울특별시,11440,마포구,1144010400,도화동,11,서울특별시,11680,강남구,1168010100,역삼동,11,45,1,1899.0,11,서울특별시,11440,마포구,1144010400,도화동
20260224,11,서울특별시,11440,마포구,1144010500,용강동,11,서울특별시,11680,강남구,1168010100,역삼동,07,00,1,2087.0,11,서울특별시,11440,마포구,1144010500,용강동
20260224,11,서울특별시,11440,마포구,1144010500,용강동,11,서울특별시,11680,강남구,1168010100,역삼동,07,30,1,2656.0,11,서울특별시,11440,마포구,1144010500,용강동
20260224,11,서울특별시,11440,마포구,1144010500,용강동,11,서울특별시,11680,강남구,1168010100,역삼동,07,45,1,3936.0,11,서울특별시,11440,마포구,1144010500,용강동
20260224,11,서울특별시,11440,마포구,1144010500,용강동,11,서울특별시,11680,강남구,1168010100,역삼동,08,30,1,2313.0,11,서울특별시,11440,마포구,1144010500,용강동
20260224,11,서울특별시,11440,마포구,1144010800,대흥동,11,서울특별시,11680,강남구,1168010100,역삼동,07,00,21,2873.0,11,서울특별시,11440,마포구,1144010800,대흥동
20260224,11,서울특별시,11440,마포구,1144010800,대흥동,11,서울특별시,11680,강남구,1168010100,역삼동,07,15,23,2902.0,11,서울특별시,11440,마포구,1144010800,대흥동
20260224,11,서울특별시,11440,마포구,1144010800,대흥동,11,서울특별시,11680,강남구,1168010100,역삼동,07,30,48,3058.0,11,서울특별시,11440,마포구,1144010800,대흥동
20260224,11,서울특별시,11440,마포구,1144010800,대흥동,11,서울특별시,11680,강남구,1168010100,역삼동,07,45,35,3074.0,11,서울특별시,11440,마포구,1144010800,대흥동
20260224,11,서울특별시,11440,마포구,1144010800,대흥동,11,서울특별시,11680,강남구,1168010100,역삼동,08,00,30,3021.0,11,서울특별시,11440,마포구,1144010800,대흥동
20260224,11,서울특별시,11440,마포구,1144010800,대흥동,11,서울특별시,11680,강남구,1168010100,역삼동,08,15,16,2847.0,11,서울특별시,11440,마포구,1144010800,대흥동
20260224,11,서울특별시,11440,마포구,1144010800,대흥동,11,서울특별시,11680,강남구,1168010100,역삼동,08,30,31,2843.0,11,서울특별시,11440,마포구,1144010800,대흥동
20260224,11,서울특별시,11440,마포구,1144010800,대흥동,11,서울특별시,11680,강남구,1168010100,역삼동,08,45,42,2874.0,11,서울특별시,11440,마포구,1144010800,대흥동
20260224,11,서울특별시,11440,마포구,1144010800,대흥동,11,서울특별시,11680,강남구,1168010100,역삼동,09,00,25,2830.0,11,서울특별시,11440,마포구,1144010800,대흥동
20260224,11,서울특별시,11440,마포구,1144010800,대흥동,11,서울특별시,11680,강남구,1168010100,역삼동,09,15,15,2919.0,11,서울특별시,11440,마포구,1144010800,대흥동
20260224,11,서울특별시,11440,마포구,1144010800,대흥동,11,서울특별시,11680,강남구,1168010100,역삼동,09,30,18,2751.0,11,서울특별시,11440,마포구,1144010800,대흥동
20260224,11,서울특별시,11440,마포구,1144010800,대흥동,11,서울특별시,11680,강남구,1168010100,역삼동,09,45,5,2880.0,11,서울특별시,11440,마포구,1144010800,대흥동
20260224,11,서울특별시,11440,마포구,1144010800,대흥동,11,서울특별시,11680,강남구,1168010100,역삼동,10,00,8,3065.0,11,서울특별시,11440,마포구,1144010800,대흥동
20260224,11,서울특별시,11440,마포구,1144010800,대흥동,11,서울특별시,11680,강남구,1168010100,역삼동,10,15,5,2649.0,11,서울특별시,11440,마포구,1144010800,대흥동
20260224,11,서울특별시,11440,마포구,1144010800,대흥동,11,서울특별시,11680,강남구,1168010100,역삼동,10,30,4,2851.0,11,서울특별시,11440,마포구,1144010800,대흥동
20260224,11,서울특별시,11440,마포구,1144010800,대흥동,11,서울특별시,11680,강남구,1168010100,역삼동,10,45,3,2850.0,11,서울특별시,11440,마포구,1144010800,대흥동
20260224,11,서울특별시,11440,마포구,1144010800,대흥동,11,서울특별시,11680,강남구,1168010100,역삼동,11,00,5,2823.0,11,서울특별시,11440,마포구,1144010800,대흥동
20260224,11,서울특별시,11440,마포구,1144010800,대흥동,11,서울특별시,11680,강남구,1168010100,역삼동,11,15,4,2748.0,11,서울특별시,11440,마포구,1144010800,대흥동
20260224,11,서울특별시,11440,마포구,1144010800,대흥동,11,서울특별시,11680,강남구,1168010100,역삼동,11,30,4,2775.0,11,서울특별시,11440,마포구,1144010800,대흥동
20260224,11,서울특별시,11440,마포구,1144010800,대흥동,11,서울특별시,11680,강남구,1168010100,역삼동,11,45,10,2637.0,11,서울특별시,11440,마포구,1144010800,대흥동
20260224,11,서울특별시,11440,마포구,1144010900,염리동,11,서울특별시,11680,강남구,1168010100,역삼동,07,00,2,3534.0,11,서울특별시,11440,마포구,1144010900,염리동
20260224,11,서울특별시,11440,마포구,1144010900,염리동,11,서울특별시,11680,강남구,1168010100,역삼동,07,15,3,3438.0,11,서울특별시,11440,마포구,1144010900,염리동
20260224,11,서울특별시,11440,마포구,1144010900,염리동,11,서울특별시,11680,강남구,1168010100,역삼동,07,30,1,3032.0,11,서울특별시,11440,마포구,1144010900,염리동
20260224,11,서울특별시,11440,마포구,1144010900,염리동,11,서울특별시,11680,강남구,1168010100,역삼동,07,45,2,3250.0,11,서울특별시,11440,마포구,1144010900,염리동
20260224,11,서울특별시,11440,마포구,1144010900,염리동,11,서울특별시,11680,강남구,1168010100,역삼동,08,00,3,2737.0,11,서울특별시,11440,마포구,1144010900,염리동
20260224,11,서울특별시,11440,마포구,1144010900,염리동,11,서울특별시,11680,강남구,1168010100,역삼동,08,15,2,3561.0,11,서울특별시,11440,마포구,1144010900,염리동
20260224,11,서울특별시,11440,마포구,1144010900,염리동,11,서울특별시,11680,강남구,1168010100,역삼동,08,30,1,3517.0,11,서울특별시,11440,마포구,1144010900,염리동
20260224,11,서울특별시,11440,마포구,1144010900,염리동,11,서울특별시,11680,강남구,1168010100,역삼동,08,45,2,3313.0,11,서울특별시,11440,마포구,1144010900,염리동
20260224,11,서울특별시,11440,마포구,1144010900,염리동,11,서울특별시,11680,강남구,1168010100,역삼동,09,15,1,2877.0,11,서울특별시,11440,마포구,1144010900,염리동
20260224,11,서울특별시,11440,마포구,1144010900,염리동,11,서울특별시,11680,강남구,1168010100,역삼동,09,30,1,3118.0,11,서울특별시,11440,마포구,1144010900,염리동
20260224,11,서울특별시,11440,마포구,1144010900,염리동,11,서울특별시,11680,강남구,1168010100,역삼동,11,00,1,2128.0,11,서울특별시,11440,마포구,1144010900,염리동
20260224,11,서울특별시,11440,마포구,1144010900,염리동,11,서울특별시,11680,강남구,1168010100,역삼동,11,45,1,2925.0,11,서울특별시,11440,마포구,1144010900,염리동
20260224,11,서울특별시,11440,마포구,1144011000,노고산동,11,서울특별시,11680,강남구,1168010100,역삼동,07,00,2,3482.0,11,서울특별시,11440,마포구,1144011000,노고산동
20260224,11,서울특별시,11440,마포구,1144011000,노고산동,11,서울특별시,11680,강남구,1168010100,역삼동,07,45,1,3154.0,11,서울특별시,11440,마포구,1144011000,노고산동
20260224,11,서울특별시,11440,마포구,1144011000,노고산동,11,서울특별시,11680,강남구,1168010100,역삼동,08,15,1,4464.0,11,서울특별시,11440,마포구,1144011000,노고산동
20260224,11,서울특별시,11440,마포구,1144011000,노고산동,11,서울특별시,11680,강남구,1168010100,역삼동,10,30,1,3500.0,11,서울특별시,11440,마포구,1144011000,노고산동
20260224,11,서울특별시,11440,마포구,1144011000,노고산동,11,서울특별시,11680,강남구,1168010100,역삼동,10,45,1,3193.0,11,서울특별시,11440,마포구,1144011000,노고산동
20260224,11,서울특별시,11440,마포구,1144011000,노고산동,11,서울특별시,11680,강남구,1168010100,역삼동,11,00,1,3009.0,11,서울특별시,11440,마포구,1144011000,노고산동
20260224,11,서울특별시,11440,마포구,1144011000,노고산동,11,서울특별시,11680,강남구,1168010100,역삼동,11,15,1,2803.0,11,서울특별시,11440,마포구,1144011000,노고산동
20260224,11,서울특별시,11440,마포구,1144011000,노고산동,11,서울특별시,11680,강남구,1168010100,역삼동,11,45,1,3190.0,11,서울특별시,11440,마포구,1144011000,노고산동
20260224,11,서울특별시,11440,마포구,1144011100,신수동,11,서울특별시,11680,강남구,1168010100,역삼동,07,00,1,2949.0,11,서울특별시,11440,마포구,1144011100,신수동
20260224,11,서울특별시,11440,마포구,1144011100,신수동,11,서울특별시,11680,강남구,1168010100,역삼동,07,15,4,3197.0,11,서울특별시,11440,마포구,1144011100,신수동
20260224,11,서울특별시,11440,마포구,1144011100,신수동,11,서울특별시,11680,강남구,1168010100,역삼동,07,30,4,3369.0,11,서울특별시,11440,마포구,1144011100,신수동
20260224,11,서울특별시,11440,마포구,1144011100,신수동,11,서울특별시,11680,강남구,1168010100,역삼동,07,45,1,3577.0,11,서울특별시,11440,마포구,1144011100,신수동
20260224,11,서울특별시,11440,마포구,1144011100,신수동,11,서울특별시,11680,강남구,1168010100,역삼동,08,00,1,3744.0,11,서울특별시,11440,마포구,1144011100,신수동
20260224,11,서울특별시,11440,마포구,1144011100,신수동,11,서울특별시,11680,강남구,1168010100,역삼동,08,30,1,3463.0,11,서울특별시,11440,마포구,1144011100,신수동
20260224,11,서울특별시,11440,마포구,1144011100,신수동,11,서울특별시,11680,강남구,1168010100,역삼동,09,00,2,3046.0,11,서울특별시,11440,마포구,1144011100,신수동
20260224,11,서울특별시,11440,마포구,1144011100,신수동,11,서울특별시,11680,강남구,1168010100,역삼동,09,30,1,3264.0,11,서울특별시,11440,마포구,1144011100,신수동
20260224,11,서울특별시,11440,마포구,1144011100,신수동,11,서울특별시,11680,강남구,1168010100,역삼동,09,45,1,2940.0,11,서울특별시,11440,마포구,1144011100,신수동
20260224,11,서울특별시,11440,마포구,1144011100,신수동,11,서울특별시,11680,강남구,1168010100,역삼동,10,00,1,3692.0,11,서울특별시,11440,마포구,1144011100,신수동
20260224,11,서울특별시,11440,마포구,1144011100,신수동,11,서울특별시,11680,강남구,1168010100,역삼동,10,45,1,4683.0,11,서울특별시,11440,마포구,1144011100,신수동
20260224,11,서울특별시,11440,마포구,1144011100,신수동,11,서울특별시,11680,강남구,1168010100,역삼동,11,15,1,2536.0,11,서울특별시,11440,마포구,1144011100,신수동
20260224,11,서울특별시,11440,마포구,1144011100,신수동,11,서울특별시,11680,강남구,1168010100,역삼동,11,30,1,3619.0,11,서울특별시,11440,마포구,1144011100,신수동
20260224,11,서울특별시,11440,마포구,1144011300,구수동,11,서울특별시,11680,강남구,1168010100,역삼동,07,00,1,3344.0,11,서울특별시,11440,마포구,1144011300,구수동
20260224,11,서울특별시,11440,마포구,1144011300,구수동,11,서울특별시,11680,강남구,1168010100,역삼동,07,30,1,3406.0,11,서울특별시,11440,마포구,1144011300,구수동
20260224,11,서울특별시,11440,마포구,1144011300,구수동,11,서울특별시,11680,강남구,1168010100,역삼동,08,45,1,3253.0,11,서울특별시,11440,마포구,1144011300,구수동
20260224,11,서울특별시,11440,마포구,1144011300,구수동,11,서울특별시,11680,강남구,1168010100,역삼동,09,15,1,3072.0,11,서울특별시,11440,마포구,1144011300,구수동
20260224,11,서울특별시,11440,마포구,1144011400,창전동,11,서울특별시,11680,강남구,1168010100,역삼동,07,00,11,2627.0,11,서울특별시,11440,마포구,1144011400,창전동
20260224,11,서울특별시,11440,마포구,1144011400,창전동,11,서울특별시,11680,강남구,1168010100,역삼동,07,15,13,3068.0,11,서울특별시,11440,마포구,1144011400,창전동
20260224,11,서울특별시,11440,마포구,1144011400,창전동,11,서울특별시,11680,강남구,1168010100,역삼동,07,30,15,2924.0,11,서울특별시,11440,마포구,1144011400,창전동
20260224,11,서울특별시,11440,마포구,1144011400,창전동,11,서울특별시,11680,강남구,1168010100,역삼동,07,45,16,3153.0,11,서울특별시,11440,마포구,1144011400,창전동
20260224,11,서울특별시,11440,마포구,1144011400,창전동,11,서울특별시,11680,강남구,1168010100,역삼동,08,00,9,2795.0,11,서울특별시,11440,마포구,1144011400,창전동
20260224,11,서울특별시,11440,마포구,1144011400,창전동,11,서울특별시,11680,강남구,1168010100,역삼동,08,15,12,2810.0,11,서울특별시,11440,마포구,1144011400,창전동
20260224,11,서울특별시,11440,마포구,1144011400,창전동,11,서울특별시,11680,강남구,1168010100,역삼동,08,30,16,2684.0,11,서울특별시,11440,마포구,1144011400,창전동
20260224,11,서울특별시,11440,마포구,1144011400,창전동,11,서울특별시,11680,강남구,1168010100,역삼동,08,45,13,2986.0,11,서울특별시,11440,마포구,1144011400,창전동
20260224,11,서울특별시,11440,마포구,1144011400,창전동,11,서울특별시,11680,강남구,1168010100,역삼동,09,00,5,2919.0,11,서울특별시,11440,마포구,1144011400,창전동
20260224,11,서울특별시,11440,마포구,1144011400,창전동,11,서울특별시,11680,강남구,1168010100,역삼동,09,15,6,2538.0,11,서울특별시,11440,마포구,1144011400,창전동
20260224,11,서울특별시,11440,마포구,1144011400,창전동,11,서울특별시,11680,강남구,1168010100,역삼동,09,30,5,2729.0,11,서울특별시,11440,마포구,1144011400,창전동
20260224,11,서울특별시,11440,마포구,1144011400,창전동,11,서울특별시,11680,강남구,1168010100,역삼동,09,45,3,2346.0,11,서울특별시,11440,마포구,1144011400,창전동
20260224,11,서울특별시,11440,마포구,1144011400,창전동,11,서울특별시,11680,강남구,1168010100,역삼동,10,00,2,2804.0,11,서울특별시,11440,마포구,1144011400,창전동
20260224,11,서울특별시,11440,마포구,1144011400,창전동,11,서울특별시,11680,강남구,1168010100,역삼동,10,15,4,2996.0,11,서울특별시,11440,마포구,1144011400,창전동
20260224,11,서울특별시,11440,마포구,1144011400,창전동,11,서울특별시,11680,강남구,1168010100,역삼동,10,30,3,2606.0,11,서울특별시,11440,마포구,1144011400,창전동
20260224,11,서울특별시,11440,마포구,1144011400,창전동,11,서울특별시,11680,강남구,1168010100,역삼동,11,00,3,2824.0,11,서울특별시,11440,마포구,1144011400,창전동
20260224,11,서울특별시,11440,마포구,1144011400,창전동,11,서울특별시,11680,강남구,1168010100,역삼동,11,30,2,2967.0,11,서울특별시,11440,마포구,1144011400,창전동
20260224,11,서울특별시,11440,마포구,1144011500,상수동,11,서울특별시,11680,강남구,1168010100,역삼동,07,00,2,2771.0,11,서울특별시,11440,마포구,1144011500,상수동
20260224,11,서울특별시,11440,마포구,1144011500,상수동,11,서울특별시,11680,강남구,1168010100,역삼동,07,15,5,3009.0,11,서울특별시,11440,마포구,1144011500,상수동
20260224,11,서울특별시,11440,마포구,1144011500,상수동,11,서울특별시,11680,강남구,1168010100,역삼동,07,30,5,3233.0,11,서울특별시,11440,마포구,1144011500,상수동
20260224,11,서울특별시,11440,마포구,1144011500,상수동,11,서울특별시,11680,강남구,1168010100,역삼동,07,45,10,3208.0,11,서울특별시,11440,마포구,1144011500,상수동
20260224,11,서울특별시,11440,마포구,1144011500,상수동,11,서울특별시,11680,강남구,1168010100,역삼동,08,00,3,3161.0,11,서울특별시,11440,마포구,1144011500,상수동
20260224,11,서울특별시,11440,마포구,1144011500,상수동,11,서울특별시,11680,강남구,1168010100,역삼동,08,15,2,2704.0,11,서울특별시,11440,마포구,1144011500,상수동
20260224,11,서울특별시,11440,마포구,1144011500,상수동,11,서울특별시,11680,강남구,1168010100,역삼동,08,30,3,3096.0,11,서울특별시,11440,마포구,1144011500,상수동
20260224,11,서울특별시,11440,마포구,1144011500,상수동,11,서울특별시,11680,강남구,1168010100,역삼동,08,45,4,3085.0,11,서울특별시,11440,마포구,1144011500,상수동
20260224,11,서울특별시,11440,마포구,1144011500,상수동,11,서울특별시,11680,강남구,1168010100,역삼동,09,00,7,2994.0,11,서울특별시,11440,마포구,1144011500,상수동
20260224,11,서울특별시,11440,마포구,1144011500,상수동,11,서울특별시,11680,강남구,1168010100,역삼동,09,15,2,2808.0,11,서울특별시,11440,마포구,1144011500,상수동
20260224,11,서울특별시,11440,마포구,1144011500,상수동,11,서울특별시,11680,강남구,1168010100,역삼동,09,30,3,2558.0,11,서울특별시,11440,마포구,1144011500,상수동
20260224,11,서울특별시,11440,마포구,1144011500,상수동,11,서울특별시,11680,강남구,1168010100,역삼동,09,45,2,2665.0,11,서울특별시,11440,마포구,1144011500,상수동
20260224,11,서울특별시,11440,마포구,1144011500,상수동,11,서울특별시,11680,강남구,1168010100,역삼동,10,00,3,2651.0,11,서울특별시,11440,마포구,1144011500,상수동
20260224,11,서울특별시,11440,마포구,1144011500,상수동,11,서울특별시,11680,강남구,1168010100,역삼동,10,15,1,2829.0,11,서울특별시,11440,마포구,1144011500,상수동
20260224,11,서울특별시,11440,마포구,1144011500,상수동,11,서울특별시,11680,강남구,1168010100,역삼동,10,30,1,3227.0,11,서울특별시,11440,마포구,1144011500,상수동
20260224,11,서울특별시,11440,마포구,1144011500,상수동,11,서울특별시,11680,강남구,1168010100,역삼동,11,30,1,2608.0,11,서울특별시,11440,마포구,1144011500,상수동
20260224,11,서울특별시,11440,마포구,1144011500,상수동,11,서울특별시,11680,강남구,1168010100,역삼동,11,45,1,3304.0,11,서울특별시,11440,마포구,1144011500,상수동
20260224,11,서울특별시,11440,마포구,1144012000,서교동,11,서울특별시,11680,강남구,1168010100,역삼동,07,00,32,2711.0,11,서울특별시,11440,마포구,1144012000,서교동
20260224,11,서울특별시,11440,마포구,1144012000,서교동,11,서울특별시,11680,강남구,1168010100,역삼동,07,15,27,2789.0,11,서울특별시,11440,마포구,1144012000,서교동
20260224,11,서울특별시,11440,마포구,1144012000,서교동,11,서울특별시,11680,강남구,1168010100,역삼동,07,30,37,2960.0,11,서울특별시,11440,마포구,1144012000,서교동
20260224,11,서울특별시,11440,마포구,1144012000,서교동,11,서울특별시,11680,강남구,1168010100,역삼동,07,45,63,3043.0,11,서울특별시,11440,마포구,1144012000,서교동
20260224,11,서울특별시,11440,마포구,1144012000,서교동,11,서울특별시,11680,강남구,1168010100,역삼동,08,00,36,3179.0,11,서울특별시,11440,마포구,1144012000,서교동
20260224,11,서울특별시,11440,마포구,1144012000,서교동,11,서울특별시,11680,강남구,1168010100,역삼동,08,15,34,2730.0,11,서울특별시,11440,마포구,1144012000,서교동
20260224,11,서울특별시,11440,마포구,1144012000,서교동,11,서울특별시,11680,강남구,1168010100,역삼동,08,30,45,2718.0,11,서울특별시,11440,마포구,1144012000,서교동
20260224,11,서울특별시,11440,마포구,1144012000,서교동,11,서울특별시,11680,강남구,1168010100,역삼동,08,45,45,2790.0,11,서울특별시,11440,마포구,1144012000,서교동
20260224,11,서울특별시,11440,마포구,1144012000,서교동,11,서울특별시,11680,강남구,1168010100,역삼동,09,00,45,2650.0,11,서울특별시,11440,마포구,1144012000,서교동
20260224,11,서울특별시,11440,마포구,1144012000,서교동,11,서울특별시,11680,강남구,1168010100,역삼동,09,15,31,2616.0,11,서울특별시,11440,마포구,1144012000,서교동
20260224,11,서울특별시,11440,마포구,1144012000,서교동,11,서울특별시,11680,강남구,1168010100,역삼동,09,30,26,2516.0,11,서울특별시,11440,마포구,1144012000,서교동
20260224,11,서울특별시,11440,마포구,1144012000,서교동,11,서울특별시,11680,강남구,1168010100,역삼동,09,45,19,2429.0,11,서울특별시,11440,마포구,1144012000,서교동
20260224,11,서울특별시,11440,마포구,1144012000,서교동,11,서울특별시,11680,강남구,1168010100,역삼동,10,00,24,2636.0,11,서울특별시,11440,마포구,1144012000,서교동
20260224,11,서울특별시,11440,마포구,1144012000,서교동,11,서울특별시,11680,강남구,1168010100,역삼동,10,15,13,2785.0,11,서울특별시,11440,마포구,1144012000,서교동
20260224,11,서울특별시,11440,마포구,1144012000,서교동,11,서울특별시,11680,강남구,1168010100,역삼동,10,30,10,2455.0,11,서울특별시,11440,마포구,1144012000,서교동
20260224,11,서울특별시,11440,마포구,1144012000,서교동,11,서울특별시,11680,강남구,1168010100,역삼동,10,45,9,2391.0,11,서울특별시,11440,마포구,1144012000,서교동
20260224,11,서울특별시,11440,마포구,1144012000,서교동,11,서울특별시,11680,강남구,1168010100,역삼동,11,00,20,2566.0,11,서울특별시,11440,마포구,1144012000,서교동
20260224,11,서울특별시,11440,마포구,1144012000,서교동,11,서울특별시,11680,강남구,1168010100,역삼동,11,15,13,2783.0,11,서울특별시,11440,마포구,1144012000,서교동
20260224,11,서울특별시,11440,마포구,1144012000,서교동,11,서울특별시,11680,강남구,1168010100,역삼동,11,30,10,2715.0,11,서울특별시,11440,마포구,1144012000,서교동
20260224,11,서울특별시,11440,마포구,1144012000,서교동,11,서울특별시,11680,강남구,1168010100,역삼동,11,45,6,2888.0,11,서울특별시,11440,마포구,1144012000,서교동
20260224,11,서울특별시,11440,마포구,1144012100,동교동,11,서울특별시,11680,강남구,1168010100,역삼동,07,00,23,2699.0,11,서울특별시,11440,마포구,1144012100,동교동
20260224,11,서울특별시,11440,마포구,1144012100,동교동,11,서울특별시,11680,강남구,1168010100,역삼동,07,15,24,2902.0,11,서울특별시,11440,마포구,1144012100,동교동
20260224,11,서울특별시,11440,마포구,1144012100,동교동,11,서울특별시,11680,강남구,1168010100,역삼동,07,30,27,3192.0,11,서울특별시,11440,마포구,1144012100,동교동
20260224,11,서울특별시,11440,마포구,1144012100,동교동,11,서울특별시,11680,강남구,1168010100,역삼동,07,45,40,3111.0,11,서울특별시,11440,마포구,1144012100,동교동
20260224,11,서울특별시,11440,마포구,1144012100,동교동,11,서울특별시,11680,강남구,1168010100,역삼동,08,00,20,2894.0,11,서울특별시,11440,마포구,1144012100,동교동
20260224,11,서울특별시,11440,마포구,1144012100,동교동,11,서울특별시,11680,강남구,1168010100,역삼동,08,15,30,2812.0,11,서울특별시,11440,마포구,1144012100,동교동
20260224,11,서울특별시,11440,마포구,1144012100,동교동,11,서울특별시,11680,강남구,1168010100,역삼동,08,30,34,2767.0,11,서울특별시,11440,마포구,1144012100,동교동
20260224,11,서울특별시,11440,마포구,1144012100,동교동,11,서울특별시,11680,강남구,1168010100,역삼동,08,45,38,2764.0,11,서울특별시,11440,마포구,1144012100,동교동
20260224,11,서울특별시,11440,마포구,1144012100,동교동,11,서울특별시,11680,강남구,1168010100,역삼동,09,00,44,2656.0,11,서울특별시,11440,마포구,1144012100,동교동
20260224,11,서울특별시,11440,마포구,1144012100,동교동,11,서울특별시,11680,강남구,1168010100,역삼동,09,15,25,2485.0,11,서울특별시,11440,마포구,1144012100,동교동
20260224,11,서울특별시,11440,마포구,1144012100,동교동,11,서울특별시,11680,강남구,1168010100,역삼동,09,30,22,2465.0,11,서울특별시,11440,마포구,1144012100,동교동
20260224,11,서울특별시,11440,마포구,1144012100,동교동,11,서울특별시,11680,강남구,1168010100,역삼동,09,45,14,2557.0,11,서울특별시,11440,마포구,1144012100,동교동
20260224,11,서울특별시,11440,마포구,1144012100,동교동,11,서울특별시,11680,강남구,1168010100,역삼동,10,00,29,2510.0,11,서울특별시,11440,마포구,1144012100,동교동
20260224,11,서울특별시,11440,마포구,1144012100,동교동,11,서울특별시,11680,강남구,1168010100,역삼동,10,15,14,2482.0,11,서울특별시,11440,마포구,1144012100,동교동
20260224,11,서울특별시,11440,마포구,1144012100,동교동,11,서울특별시,11680,강남구,1168010100,역삼동,10,30,8,2639.0,11,서울특별시,11440,마포구,1144012100,동교동
20260224,11,서울특별시,11440,마포구,1144012100,동교동,11,서울특별시,11680,강남구,1168010100,역삼동,10,45,13,2682.0,11,서울특별시,11440,마포구,1144012100,동교동
20260224,11,서울특별시,11440,마포구,1144012100,동교동,11,서울특별시,11680,강남구,1168010100,역삼동,11,00,18,2663.0,11,서울특별시,11440,마포구,1144012100,동교동
20260224,11,서울특별시,11440,마포구,1144012100,동교동,11,서울특별시,11680,강남구,1168010100,역삼동,11,15,13,2475.0,11,서울특별시,11440,마포구,1144012100,동교동
20260224,11,서울특별시,11440,마포구,1144012100,동교동,11,서울특별시,11680,강남구,1168010100,역삼동,11,30,14,2512.0,11,서울특별시,11440,마포구,1144012100,동교동
20260224,11,서울특별시,11440,마포구,1144012100,동교동,11,서울특별시,11680,강남구,1168010100,역삼동,11,45,28,2569.0,11,서울특별시,11440,마포구,1144012100,동교동
20260224,11,서울특별시,11440,마포구,1144012200,합정동,11,서울특별시,11680,강남구,1168010100,역삼동,07,00,4,2787.0,11,서울특별시,11440,마포구,1144012200,합정동
20260224,11,서울특별시,11440,마포구,1144012200,합정동,11,서울특별시,11680,강남구,1168010100,역삼동,07,15,1,2941.0,11,서울특별시,11440,마포구,1144012200,합정동
20260224,11,서울특별시,11440,마포구,1144012200,합정동,11,서울특별시,11680,강남구,1168010100,역삼동,07,30,4,3055.0,11,서울특별시,11440,마포구,1144012200,합정동
20260224,11,서울특별시,11440,마포구,1144012200,합정동,11,서울특별시,11680,강남구,1168010100,역삼동,07,45,4,3164.0,11,서울특별시,11440,마포구,1144012200,합정동
20260224,11,서울특별시,11440,마포구,1144012200,합정동,11,서울특별시,11680,강남구,1168010100,역삼동,08,00,1,3412.0,11,서울특별시,11440,마포구,1144012200,합정동
20260224,11,서울특별시,11440,마포구,1144012200,합정동,11,서울특별시,11680,강남구,1168010100,역삼동,08,15,1,3007.0,11,서울특별시,11440,마포구,1144012200,합정동
20260224,11,서울특별시,11440,마포구,1144012200,합정동,11,서울특별시,11680,강남구,1168010100,역삼동,08,30,2,2642.0,11,서울특별시,11440,마포구,1144012200,합정동
20260224,11,서울특별시,11440,마포구,1144012200,합정동,11,서울특별시,11680,강남구,1168010100,역삼동,08,45,9,2879.0,11,서울특별시,11440,마포구,1144012200,합정동
20260224,11,서울특별시,11440,마포구,1144012200,합정동,11,서울특별시,11680,강남구,1168010100,역삼동,09,00,6,2661.0,11,서울특별시,11440,마포구,1144012200,합정동
20260224,11,서울특별시,11440,마포구,1144012200,합정동,11,서울특별시,11680,강남구,1168010100,역삼동,09,30,2,2779.0,11,서울특별시,11440,마포구,1144012200,합정동
20260224,11,서울특별시,11440,마포구,1144012200,합정동,11,서울특별시,11680,강남구,1168010100,역삼동,09,45,1,4113.0,11,서울특별시,11440,마포구,1144012200,합정동
20260224,11,서울특별시,11440,마포구,1144012200,합정동,11,서울특별시,11680,강남구,1168010100,역삼동,10,00,1,2918.0,11,서울특별시,11440,마포구,1144012200,합정동
20260224,11,서울특별시,11440,마포구,1144012200,합정동,11,서울특별시,11680,강남구,1168010100,역삼동,10,30,1,2634.0,11,서울특별시,11440,마포구,1144012200,합정동
20260224,11,서울특별시,11440,마포구,1144012200,합정동,11,서울특별시,11680,강남구,1168010100,역삼동,10,45,1,2617.0,11,서울특별시,11440,마포구,1144012200,합정동
20260224,11,서울특별시,11440,마포구,1144012200,합정동,11,서울특별시,11680,강남구,1168010100,역삼동,11,00,1,2670.0,11,서울특별시,11440,마포구,1144012200,합정동
20260224,11,서울특별시,11440,마포구,1144012200,합정동,11,서울특별시,11680,강남구,1168010100,역삼동,11,15,1,2993.0,11,서울특별시,11440,마포구,1144012200,합정동
20260224,11,서울특별시,11440,마포구,1144012200,합정동,11,서울특별시,11680,강남구,1168010100,역삼동,11,30,2,2216.0,11,서울특별시,11440,마포구,1144012200,합정동
20260224,11,서울특별시,11440,마포구,1144012300,망원동,11,서울특별시,11680,강남구,1168010100,역삼동,07,00,12,3322.0,11,서울특별시,11440,마포구,1144012300,망원동
20260224,11,서울특별시,11440,마포구,1144012300,망원동,11,서울특별시,11680,강남구,1168010100,역삼동,07,15,13,3346.0,11,서울특별시,11440,마포구,1144012300,망원동
20260224,11,서울특별시,11440,마포구,1144012300,망원동,11,서울특별시,11680,강남구,1168010100,역삼동,07,30,9,3455.0,11,서울특별시,11440,마포구,1144012300,망원동
20260224,11,서울특별시,11440,마포구,1144012300,망원동,11,서울특별시,11680,강남구,1168010100,역삼동,07,45,6,3265.0,11,서울특별시,11440,마포구,1144012300,망원동
20260224,11,서울특별시,11440,마포구,1144012300,망원동,11,서울특별시,11680,강남구,1168010100,역삼동,08,00,5,3386.0,11,서울특별시,11440,마포구,1144012300,망원동
20260224,11,서울특별시,11440,마포구,1144012300,망원동,11,서울특별시,11680,강남구,1168010100,역삼동,08,15,12,3406.0,11,서울특별시,11440,마포구,1144012300,망원동
20260224,11,서울특별시,11440,마포구,1144012300,망원동,11,서울특별시,11680,강남구,1168010100,역삼동,08,30,12,2940.0,11,서울특별시,11440,마포구,1144012300,망원동
20260224,11,서울특별시,11440,마포구,1144012300,망원동,11,서울특별시,11680,강남구,1168010100,역삼동,08,45,7,3078.0,11,서울특별시,11440,마포구,1144012300,망원동
20260224,11,서울특별시,11440,마포구,1144012300,망원동,11,서울특별시,11680,강남구,1168010100,역삼동,09,00,8,2914.0,11,서울특별시,11440,마포구,1144012300,망원동
20260224,11,서울특별시,11440,마포구,1144012300,망원동,11,서울특별시,11680,강남구,1168010100,역삼동,09,15,6,3047.0,11,서울특별시,11440,마포구,1144012300,망원동
20260224,11,서울특별시,11440,마포구,1144012300,망원동,11,서울특별시,11680,강남구,1168010100,역삼동,09,30,4,3031.0,11,서울특별시,11440,마포구,1144012300,망원동
20260224,11,서울특별시,11440,마포구,1144012300,망원동,11,서울특별시,11680,강남구,1168010100,역삼동,09,45,6,3299.0,11,서울특별시,11440,마포구,1144012300,망원동
20260224,11,서울특별시,11440,마포구,1144012300,망원동,11,서울특별시,11680,강남구,1168010100,역삼동,10,00,2,3274.0,11,서울특별시,11440,마포구,1144012300,망원동
20260224,11,서울특별시,11440,마포구,1144012300,망원동,11,서울특별시,11680,강남구,1168010100,역삼동,10,15,1,2648.0,11,서울특별시,11440,마포구,1144012300,망원동
20260224,11,서울특별시,11440,마포구,1144012300,망원동,11,서울특별시,11680,강남구,1168010100,역삼동,10,30,3,2821.0,11,서울특별시,11440,마포구,1144012300,망원동
20260224,11,서울특별시,11440,마포구,1144012300,망원동,11,서울특별시,11680,강남구,1168010100,역삼동,10,45,2,3324.0,11,서울특별시,11440,마포구,1144012300,망원동
20260224,11,서울특별시,11440,마포구,1144012300,망원동,11,서울특별시,11680,강남구,1168010100,역삼동,11,45,1,3653.0,11,서울특별시,11440,마포구,1144012300,망원동
20260224,11,서울특별시,11440,마포구,1144012400,연남동,11,서울특별시,11680,강남구,1168010100,역삼동,07,00,2,3203.0,11,서울특별시,11440,마포구,1144012400,연남동
20260224,11,서울특별시,11440,마포구,1144012400,연남동,11,서울특별시,11680,강남구,1168010100,역삼동,07,15,5,3055.0,11,서울특별시,11440,마포구,1144012400,연남동
20260224,11,서울특별시,11440,마포구,1144012400,연남동,11,서울특별시,11680,강남구,1168010100,역삼동,07,30,7,3198.0,11,서울특별시,11440,마포구,1144012400,연남동
20260224,11,서울특별시,11440,마포구,1144012400,연남동,11,서울특별시,11680,강남구,1168010100,역삼동,07,45,6,3518.0,11,서울특별시,11440,마포구,1144012400,연남동
20260224,11,서울특별시,11440,마포구,1144012400,연남동,11,서울특별시,11680,강남구,1168010100,역삼동,08,00,6,3387.0,11,서울특별시,11440,마포구,1144012400,연남동
20260224,11,서울특별시,11440,마포구,1144012400,연남동,11,서울특별시,11680,강남구,1168010100,역삼동,08,15,7,3089.0,11,서울특별시,11440,마포구,1144012400,연남동
20260224,11,서울특별시,11440,마포구,1144012400,연남동,11,서울특별시,11680,강남구,1168010100,역삼동,08,30,10,2781.0,11,서울특별시,11440,마포구,1144012400,연남동
20260224,11,서울특별시,11440,마포구,1144012400,연남동,11,서울특별시,11680,강남구,1168010100,역삼동,08,45,4,3063.0,11,서울특별시,11440,마포구,1144012400,연남동
20260224,11,서울특별시,11440,마포구,1144012400,연남동,11,서울특별시,11680,강남구,1168010100,역삼동,09,00,2,2463.0,11,서울특별시,11440,마포구,1144012400,연남동
20260224,11,서울특별시,11440,마포구,1144012400,연남동,11,서울특별시,11680,강남구,1168010100,역삼동,09,15,1,2362.0,11,서울특별시,11440,마포구,1144012400,연남동
20260224,11,서울특별시,11440,마포구,1144012400,연남동,11,서울특별시,11680,강남구,1168010100,역삼동,09,30,2,2824.0,11,서울특별시,11440,마포구,1144012400,연남동
20260224,11,서울특별시,11440,마포구,1144012400,연남동,11,서울특별시,11680,강남구,1168010100,역삼동,09,45,2,3221.0,11,서울특별시,11440,마포구,1144012400,연남동
20260224,11,서울특별시,11440,마포구,1144012400,연남동,11,서울특별시,11680,강남구,1168010100,역삼동,10,00,1,2531.0,11,서울특별시,11440,마포구,1144012400,연남동
20260224,11,서울특별시,11440,마포구,1144012400,연남동,11,서울특별시,11680,강남구,1168010100,역삼동,10,45,1,2905.0,11,서울특별시,11440,마포구,1144012400,연남동
20260224,11,서울특별시,11440,마포구,1144012400,연남동,11,서울특별시,11680,강남구,1168010100,역삼동,11,00,2,2892.0,11,서울특별시,11440,마포구,1144012400,연남동
20260224,11,서울특별시,11440,마포구,1144012500,성산동,11,서울특별시,11680,강남구,1168010100,역삼동,07,00,32,3137.0,11,서울특별시,11440,마포구,1144012500,성산동
20260224,11,서울특별시,11440,마포구,1144012500,성산동,11,서울특별시,11680,강남구,1168010100,역삼동,07,15,39,3407.0,11,서울특별시,11440,마포구,1144012500,성산동
20260224,11,서울특별시,11440,마포구,1144012500,성산동,11,서울특별시,11680,강남구,1168010100,역삼동,07,30,44,3535.0,11,서울특별시,11440,마포구,1144012500,성산동
20260224,11,서울특별시,11440,마포구,1144012500,성산동,11,서울특별시,11680,강남구,1168010100,역삼동,07,45,46,3466.0,11,서울특별시,11440,마포구,1144012500,성산동
20260224,11,서울특별시,11440,마포구,1144012500,성산동,11,서울특별시,11680,강남구,1168010100,역삼동,08,00,24,3377.0,11,서울특별시,11440,마포구,1144012500,성산동
20260224,11,서울특별시,11440,마포구,1144012500,성산동,11,서울특별시,11680,강남구,1168010100,역삼동,08,15,31,3297.0,11,서울특별시,11440,마포구,1144012500,성산동
20260224,11,서울특별시,11440,마포구,1144012500,성산동,11,서울특별시,11680,강남구,1168010100,역삼동,08,30,34,3213.0,11,서울특별시,11440,마포구,1144012500,성산동
20260224,11,서울특별시,11440,마포구,1144012500,성산동,11,서울특별시,11680,강남구,1168010100,역삼동,08,45,41,3133.0,11,서울특별시,11440,마포구,1144012500,성산동
20260224,11,서울특별시,11440,마포구,1144012500,성산동,11,서울특별시,11680,강남구,1168010100,역삼동,09,00,20,2992.0,11,서울특별시,11440,마포구,1144012500,성산동
20260224,11,서울특별시,11440,마포구,1144012500,성산동,11,서울특별시,11680,강남구,1168010100,역삼동,09,15,22,2954.0,11,서울특별시,11440,마포구,1144012500,성산동
20260224,11,서울특별시,11440,마포구,1144012500,성산동,11,서울특별시,11680,강남구,1168010100,역삼동,09,30,11,2976.0,11,서울특별시,11440,마포구,1144012500,성산동
20260224,11,서울특별시,11440,마포구,1144012500,성산동,11,서울특별시,11680,강남구,1168010100,역삼동,09,45,14,3024.0,11,서울특별시,11440,마포구,1144012500,성산동
20260224,11,서울특별시,11440,마포구,1144012500,성산동,11,서울특별시,11680,강남구,1168010100,역삼동,10,00,10,2824.0,11,서울특별시,11440,마포구,1144012500,성산동
20260224,11,서울특별시,11440,마포구,1144012500,성산동,11,서울특별시,11680,강남구,1168010100,역삼동,10,15,6,3223.0,11,서울특별시,11440,마포구,1144012500,성산동
20260224,11,서울특별시,11440,마포구,1144012500,성산동,11,서울특별시,11680,강남구,1168010100,역삼동,10,30,5,3246.0,11,서울특별시,11440,마포구,1144012500,성산동
20260224,11,서울특별시,11440,마포구,1144012500,성산동,11,서울특별시,11680,강남구,1168010100,역삼동,10,45,4,3123.0,11,서울특별시,11440,마포구,1144012500,성산동
20260224,11,서울특별시,11440,마포구,1144012500,성산동,11,서울특별시,11680,강남구,1168010100,역삼동,11,00,2,3414.0,11,서울특별시,11440,마포구,1144012500,성산동
20260224,11,서울특별시,11440,마포구,1144012500,성산동,11,서울특별시,11680,강남구,1168010100,역삼동,11,15,4,3094.0,11,서울특별시,11440,마포구,1144012500,성산동
20260224,11,서울특별시,11440,마포구,1144012500,성산동,11,서울특별시,11680,강남구,1168010100,역삼동,11,30,3,2846.0,11,서울특별시,11440,마포구,1144012500,성산동
20260224,11,서울특별시,11440,마포구,1144012500,성산동,11,서울특별시,11680,강남구,1168010100,역삼동,11,45,3,3083.0,11,서울특별시,11440,마포구,1144012500,성산동
20260224,11,서울특별시,11440,마포구,1144012600,중동,11,서울특별시,11680,강남구,1168010100,역삼동,07,00,1,4263.0,11,서울특별시,11440,마포구,1144012600,중동
20260224,11,서울특별시,11440,마포구,1144012600,중동,11,서울특별시,11680,강남구,1168010100,역삼동,07,15,1,3112.0,11,서울특별시,11440,마포구,1144012600,중동
20260224,11,서울특별시,11440,마포구,1144012600,중동,11,서울특별시,11680,강남구,1168010100,역삼동,07,30,2,3461.0,11,서울특별시,11440,마포구,1144012600,중동
20260224,11,서울특별시,11440,마포구,1144012600,중동,11,서울특별시,11680,강남구,1168010100,역삼동,07,45,1,4079.0,11,서울특별시,11440,마포구,1144012600,중동
20260224,11,서울특별시,11440,마포구,1144012600,중동,11,서울특별시,11680,강남구,1168010100,역삼동,08,30,1,3557.0,11,서울특별시,11440,마포구,1144012600,중동
20260224,11,서울특별시,11440,마포구,1144012600,중동,11,서울특별시,11680,강남구,1168010100,역삼동,11,30,1,3526.0,11,서울특별시,11440,마포구,1144012600,중동
20260224,11,서울특별시,11440,마포구,1144012700,상암동,11,서울특별시,11680,강남구,1168010100,역삼동,07,00,14,3662.0,11,서울특별시,11440,마포구,1144012700,상암동
20260224,11,서울특별시,11440,마포구,1144012700,상암동,11,서울특별시,11680,강남구,1168010100,역삼동,07,15,16,3722.0,11,서울특별시,11440,마포구,1144012700,상암동
20260224,11,서울특별시,11440,마포구,1144012700,상암동,11,서울특별시,11680,강남구,1168010100,역삼동,07,30,36,3688.0,11,서울특별시,11440,마포구,1144012700,상암동
20260224,11,서울특별시,11440,마포구,1144012700,상암동,11,서울특별시,11680,강남구,1168010100,역삼동,07,45,22,3805.0,11,서울특별시,11440,마포구,1144012700,상암동
20260224,11,서울특별시,11440,마포구,1144012700,상암동,11,서울특별시,11680,강남구,1168010100,역삼동,08,00,17,3649.0,11,서울특별시,11440,마포구,1144012700,상암동
20260224,11,서울특별시,11440,마포구,1144012700,상암동,11,서울특별시,11680,강남구,1168010100,역삼동,08,15,12,3616.0,11,서울특별시,11440,마포구,1144012700,상암동
20260224,11,서울특별시,11440,마포구,1144012700,상암동,11,서울특별시,11680,강남구,1168010100,역삼동,08,30,20,3589.0,11,서울특별시,11440,마포구,1144012700,상암동
20260224,11,서울특별시,11440,마포구,1144012700,상암동,11,서울특별시,11680,강남구,1168010100,역삼동,08,45,20,3370.0,11,서울특별시,11440,마포구,1144012700,상암동
20260224,11,서울특별시,11440,마포구,1144012700,상암동,11,서울특별시,11680,강남구,1168010100,역삼동,09,00,12,3231.0,11,서울특별시,11440,마포구,1144012700,상암동
20260224,11,서울특별시,11440,마포구,1144012700,상암동,11,서울특별시,11680,강남구,1168010100,역삼동,09,15,6,3407.0,11,서울특별시,11440,마포구,1144012700,상암동
20260224,11,서울특별시,11440,마포구,1144012700,상암동,11,서울특별시,11680,강남구,1168010100,역삼동,09,30,11,3523.0,11,서울특별시,11440,마포구,1144012700,상암동
20260224,11,서울특별시,11440,마포구,1144012700,상암동,11,서울특별시,11680,강남구,1168010100,역삼동,09,45,6,3194.0,11,서울특별시,11440,마포구,1144012700,상암동
20260224,11,서울특별시,11440,마포구,1144012700,상암동,11,서울특별시,11680,강남구,1168010100,역삼동,10,00,5,3400.0,11,서울특별시,11440,마포구,1144012700,상암동
20260224,11,서울특별시,11440,마포구,1144012700,상암동,11,서울특별시,11680,강남구,1168010100,역삼동,10,15,4,4069.0,11,서울특별시,11440,마포구,1144012700,상암동
20260224,11,서울특별시,11440,마포구,1144012700,상암동,11,서울특별시,11680,강남구,1168010100,역삼동,10,30,5,3518.0,11,서울특별시,11440,마포구,1144012700,상암동
20260224,11,서울특별시,11440,마포구,1144012700,상암동,11,서울특별시,11680,강남구,1168010100,역삼동,10,45,3,3417.0,11,서울특별시,11440,마포구,1144012700,상암동
20260224,11,서울특별시,11440,마포구,1144012700,상암동,11,서울특별시,11680,강남구,1168010100,역삼동,11,00,1,4168.0,11,서울특별시,11440,마포구,1144012700,상암동
20260224,11,서울특별시,11440,마포구,1144012700,상암동,11,서울특별시,11680,강남구,1168010100,역삼동,11,15,6,3418.0,11,서울특별시,11440,마포구,1144012700,상암동
20260224,11,서울특별시,11440,마포구,1144012700,상암동,11,서울특별시,11680,강남구,1168010100,역삼동,11,30,9,3363.0,11,서울특별시,11440,마포구,1144012700,상암동
20260224,11,서울특별시,11440,마포구,1144012700,상암동,11,서울특별시,11680,강남구,1168010100,역삼동,11,45,1,3422.0,11,서울특별시,11440,마포구,1144012700,상암동
20260224,11,서울특별시,11470,양천구,1147010100,신정동,11,서울특별시,11680,강남구,1168010100,역삼동,07,00,86,3105.0,11,서울특별시,11470,양천구,1147010100,신정동
20260224,11,서울특별시,11470,양천구,1147010100,신정동,11,서울특별시,11680,강남구,1168010100,역삼동,07,15,120,3239.0,11,서울특별시,11470,양천구,1147010100,신정동
20260224,11,서울특별시,11470,양천구,1147010100,신정동,11,서울특별시,11680,강남구,1168010100,역삼동,07,30,128,3211.0,11,서울특별시,11470,양천구,1147010100,신정동
20260224,11,서울특별시,11470,양천구,1147010100,신정동,11,서울특별시,11680,강남구,1168010100,역삼동,07,45,128,3371.0,11,서울특별시,11470,양천구,1147010100,신정동
20260224,11,서울특별시,11470,양천구,1147010100,신정동,11,서울특별시,11680,강남구,1168010100,역삼동,08,00,65,3233.0,11,서울특별시,11470,양천구,1147010100,신정동
20260224,11,서울특별시,11470,양천구,1147010100,신정동,11,서울특별시,11680,강남구,1168010100,역삼동,08,15,66,2981.0,11,서울특별시,11470,양천구,1147010100,신정동
20260224,11,서울특별시,11470,양천구,1147010100,신정동,11,서울특별시,11680,강남구,1168010100,역삼동,08,30,78,3062.0,11,서울특별시,11470,양천구,1147010100,신정동
20260224,11,서울특별시,11470,양천구,1147010100,신정동,11,서울특별시,11680,강남구,1168010100,역삼동,08,45,97,2961.0,11,서울특별시,11470,양천구,1147010100,신정동
20260224,11,서울특별시,11470,양천구,1147010100,신정동,11,서울특별시,11680,강남구,1168010100,역삼동,09,00,68,2951.0,11,서울특별시,11470,양천구,1147010100,신정동
20260224,11,서울특별시,11470,양천구,1147010100,신정동,11,서울특별시,11680,강남구,1168010100,역삼동,09,15,39,2784.0,11,서울특별시,11470,양천구,1147010100,신정동
20260224,11,서울특별시,11470,양천구,1147010100,신정동,11,서울특별시,11680,강남구,1168010100,역삼동,09,30,26,2818.0,11,서울특별시,11470,양천구,1147010100,신정동
20260224,11,서울특별시,11470,양천구,1147010100,신정동,11,서울특별시,11680,강남구,1168010100,역삼동,09,45,37,3137.0,11,서울특별시,11470,양천구,1147010100,신정동
20260224,11,서울특별시,11470,양천구,1147010100,신정동,11,서울특별시,11680,강남구,1168010100,역삼동,10,00,32,2895.0,11,서울특별시,11470,양천구,1147010100,신정동
20260224,11,서울특별시,11470,양천구,1147010100,신정동,11,서울특별시,11680,강남구,1168010100,역삼동,10,15,27,2728.0,11,서울특별시,11470,양천구,1147010100,신정동
20260224,11,서울특별시,11470,양천구,1147010100,신정동,11,서울특별시,11680,강남구,1168010100,역삼동,10,30,11,2861.0,11,서울특별시,11470,양천구,1147010100,신정동
20260224,11,서울특별시,11470,양천구,1147010100,신정동,11,서울특별시,11680,강남구,1168010100,역삼동,10,45,13,2861.0,11,서울특별시,11470,양천구,1147010100,신정동
20260224,11,서울특별시,11470,양천구,1147010100,신정동,11,서울특별시,11680,강남구,1168010100,역삼동,11,00,18,2952.0,11,서울특별시,11470,양천구,1147010100,신정동
20260224,11,서울특별시,11470,양천구,1147010100,신정동,11,서울특별시,11680,강남구,1168010100,역삼동,11,15,15,2794.0,11,서울특별시,11470,양천구,1147010100,신정동
20260224,11,서울특별시,11470,양천구,1147010100,신정동,11,서울특별시,11680,강남구,1168010100,역삼동,11,30,10,2925.0,11,서울특별시,11470,양천구,1147010100,신정동
20260224,11,서울특별시,11470,양천구,1147010100,신정동,11,서울특별시,11680,강남구,1168010100,역삼동,11,45,18,2668.0,11,서울특별시,11470,양천구,1147010100,신정동
20260224,11,서울특별시,11470,양천구,1147010200,목동,11,서울특별시,11680,강남구,1168010100,역삼동,07,00,93,2725.0,11,서울특별시,11470,양천구,1147010200,목동
20260224,11,서울특별시,11470,양천구,1147010200,목동,11,서울특별시,11680,강남구,1168010100,역삼동,07,15,98,2704.0,11,서울특별시,11470,양천구,1147010200,목동
20260224,11,서울특별시,11470,양천구,1147010200,목동,11,서울특별시,11680,강남구,1168010100,역삼동,07,30,126,2747.0,11,서울특별시,11470,양천구,1147010200,목동
20260224,11,서울특별시,11470,양천구,1147010200,목동,11,서울특별시,11680,강남구,1168010100,역삼동,07,45,161,2967.0,11,서울특별시,11470,양천구,1147010200,목동
20260224,11,서울특별시,11470,양천구,1147010200,목동,11,서울특별시,11680,강남구,1168010100,역삼동,08,00,116,2857.0,11,서울특별시,11470,양천구,1147010200,목동
20260224,11,서울특별시,11470,양천구,1147010200,목동,11,서울특별시,11680,강남구,1168010100,역삼동,08,15,108,2768.0,11,서울특별시,11470,양천구,1147010200,목동
20260224,11,서울특별시,11470,양천구,1147010200,목동,11,서울특별시,11680,강남구,1168010100,역삼동,08,30,112,2713.0,11,서울특별시,11470,양천구,1147010200,목동
20260224,11,서울특별시,11470,양천구,1147010200,목동,11,서울특별시,11680,강남구,1168010100,역삼동,08,45,112,2763.0,11,서울특별시,11470,양천구,1147010200,목동
20260224,11,서울특별시,11470,양천구,1147010200,목동,11,서울특별시,11680,강남구,1168010100,역삼동,09,00,92,2646.0,11,서울특별시,11470,양천구,1147010200,목동
20260224,11,서울특별시,11470,양천구,1147010200,목동,11,서울특별시,11680,강남구,1168010100,역삼동,09,15,66,2527.0,11,서울특별시,11470,양천구,1147010200,목동
20260224,11,서울특별시,11470,양천구,1147010200,목동,11,서울특별시,11680,강남구,1168010100,역삼동,09,30,50,2604.0,11,서울특별시,11470,양천구,1147010200,목동
20260224,11,서울특별시,11470,양천구,1147010200,목동,11,서울특별시,11680,강남구,1168010100,역삼동,09,45,37,2651.0,11,서울특별시,11470,양천구,1147010200,목동
20260224,11,서울특별시,11470,양천구,1147010200,목동,11,서울특별시,11680,강남구,1168010100,역삼동,10,00,26,2515.0,11,서울특별시,11470,양천구,1147010200,목동
20260224,11,서울특별시,11470,양천구,1147010200,목동,11,서울특별시,11680,강남구,1168010100,역삼동,10,15,34,2624.0,11,서울특별시,11470,양천구,1147010200,목동
20260224,11,서울특별시,11470,양천구,1147010200,목동,11,서울특별시,11680,강남구,1168010100,역삼동,10,30,21,2877.0,11,서울특별시,11470,양천구,1147010200,목동
20260224,11,서울특별시,11470,양천구,1147010200,목동,11,서울특별시,11680,강남구,1168010100,역삼동,10,45,15,2951.0,11,서울특별시,11470,양천구,1147010200,목동
20260224,11,서울특별시,11470,양천구,1147010200,목동,11,서울특별시,11680,강남구,1168010100,역삼동,11,00,30,2610.0,11,서울특별시,11470,양천구,1147010200,목동
20260224,11,서울특별시,11470,양천구,1147010200,목동,11,서울특별시,11680,강남구,1168010100,역삼동,11,15,15,2676.0,11,서울특별시,11470,양천구,1147010200,목동
20260224,11,서울특별시,11470,양천구,1147010200,목동,11,서울특별시,11680,강남구,1168010100,역삼동,11,30,16,2511.0,11,서울특별시,11470,양천구,1147010200,목동
20260224,11,서울특별시,11470,양천구,1147010200,목동,11,서울특별시,11680,강남구,1168010100,역삼동,11,45,13,2683.0,11,서울특별시,11470,양천구,1147010200,목동
20260224,11,서울특별시,11470,양천구,1147010300,신월동,11,서울특별시,11680,강남구,1168010100,역삼동,07,00,36,3644.0,11,서울특별시,11470,양천구,1147010300,신월동
20260224,11,서울특별시,11470,양천구,1147010300,신월동,11,서울특별시,11680,강남구,1168010100,역삼동,07,15,36,3542.0,11,서울특별시,11470,양천구,1147010300,신월동
20260224,11,서울특별시,11470,양천구,1147010300,신월동,11,서울특별시,11680,강남구,1168010100,역삼동,07,30,54,3796.0,11,서울특별시,11470,양천구,1147010300,신월동
20260224,11,서울특별시,11470,양천구,1147010300,신월동,11,서울특별시,11680,강남구,1168010100,역삼동,07,45,22,3585.0,11,서울특별시,11470,양천구,1147010300,신월동
20260224,11,서울특별시,11470,양천구,1147010300,신월동,11,서울특별시,11680,강남구,1168010100,역삼동,08,00,30,3471.0,11,서울특별시,11470,양천구,1147010300,신월동
20260224,11,서울특별시,11470,양천구,1147010300,신월동,11,서울특별시,11680,강남구,1168010100,역삼동,08,15,29,3402.0,11,서울특별시,11470,양천구,1147010300,신월동
20260224,11,서울특별시,11470,양천구,1147010300,신월동,11,서울특별시,11680,강남구,1168010100,역삼동,08,30,29,3422.0,11,서울특별시,11470,양천구,1147010300,신월동
20260224,11,서울특별시,11470,양천구,1147010300,신월동,11,서울특별시,11680,강남구,1168010100,역삼동,08,45,24,3307.0,11,서울특별시,11470,양천구,1147010300,신월동
20260224,11,서울특별시,11470,양천구,1147010300,신월동,11,서울특별시,11680,강남구,1168010100,역삼동,09,00,12,3360.0,11,서울특별시,11470,양천구,1147010300,신월동
20260224,11,서울특별시,11470,양천구,1147010300,신월동,11,서울특별시,11680,강남구,1168010100,역삼동,09,15,8,3093.0,11,서울특별시,11470,양천구,1147010300,신월동
20260224,11,서울특별시,11470,양천구,1147010300,신월동,11,서울특별시,11680,강남구,1168010100,역삼동,09,30,12,3458.0,11,서울특별시,11470,양천구,1147010300,신월동
20260224,11,서울특별시,11470,양천구,1147010300,신월동,11,서울특별시,11680,강남구,1168010100,역삼동,09,45,9,3364.0,11,서울특별시,11470,양천구,1147010300,신월동
20260224,11,서울특별시,11470,양천구,1147010300,신월동,11,서울특별시,11680,강남구,1168010100,역삼동,10,00,5,2859.0,11,서울특별시,11470,양천구,1147010300,신월동
20260224,11,서울특별시,11470,양천구,1147010300,신월동,11,서울특별시,11680,강남구,1168010100,역삼동,10,15,4,3174.0,11,서울특별시,11470,양천구,1147010300,신월동
20260224,11,서울특별시,11470,양천구,1147010300,신월동,11,서울특별시,11680,강남구,1168010100,역삼동,10,30,2,3341.0,11,서울특별시,11470,양천구,1147010300,신월동
20260224,11,서울특별시,11470,양천구,1147010300,신월동,11,서울특별시,11680,강남구,1168010100,역삼동,10,45,2,3603.0,11,서울특별시,11470,양천구,1147010300,신월동
20260224,11,서울특별시,11470,양천구,1147010300,신월동,11,서울특별시,11680,강남구,1168010100,역삼동,11,00,2,3849.0,11,서울특별시,11470,양천구,1147010300,신월동
20260224,11,서울특별시,11470,양천구,1147010300,신월동,11,서울특별시,11680,강남구,1168010100,역삼동,11,15,1,3377.0,11,서울특별시,11470,양천구,1147010300,신월동
20260224,11,서울특별시,11470,양천구,1147010300,신월동,11,서울특별시,11680,강남구,1168010100,역삼동,11,30,6,3318.0,11,서울특별시,11470,양천구,1147010300,신월동
20260224,11,서울특별시,11470,양천구,1147010300,신월동,11,서울특별시,11680,강남구,1168010100,역삼동,11,45,1,3468.0,11,서울특별시,11470,양천구,1147010300,신월동
20260224,11,서울특별시,11500,강서구,1150010100,염창동,11,서울특별시,11680,강남구,1168010100,역삼동,07,00,33,2175.0,11,서울특별시,11500,강서구,1150010100,염창동
20260224,11,서울특별시,11500,강서구,1150010100,염창동,11,서울특별시,11680,강남구,1168010100,역삼동,07,15,45,2206.0,11,서울특별시,11500,강서구,1150010100,염창동
20260224,11,서울특별시,11500,강서구,1150010100,염창동,11,서울특별시,11680,강남구,1168010100,역삼동,07,30,57,2389.0,11,서울특별시,11500,강서구,1150010100,염창동
20260224,11,서울특별시,11500,강서구,1150010100,염창동,11,서울특별시,11680,강남구,1168010100,역삼동,07,45,74,2367.0,11,서울특별시,11500,강서구,1150010100,염창동
20260224,11,서울특별시,11500,강서구,1150010100,염창동,11,서울특별시,11680,강남구,1168010100,역삼동,08,00,67,2298.0,11,서울특별시,11500,강서구,1150010100,염창동
20260224,11,서울특별시,11500,강서구,1150010100,염창동,11,서울특별시,11680,강남구,1168010100,역삼동,08,15,42,2265.0,11,서울특별시,11500,강서구,1150010100,염창동
20260224,11,서울특별시,11500,강서구,1150010100,염창동,11,서울특별시,11680,강남구,1168010100,역삼동,08,30,45,2299.0,11,서울특별시,11500,강서구,1150010100,염창동
20260224,11,서울특별시,11500,강서구,1150010100,염창동,11,서울특별시,11680,강남구,1168010100,역삼동,08,45,54,2211.0,11,서울특별시,11500,강서구,1150010100,염창동
20260224,11,서울특별시,11500,강서구,1150010100,염창동,11,서울특별시,11680,강남구,1168010100,역삼동,09,00,55,2193.0,11,서울특별시,11500,강서구,1150010100,염창동
20260224,11,서울특별시,11500,강서구,1150010100,염창동,11,서울특별시,11680,강남구,1168010100,역삼동,09,15,34,2229.0,11,서울특별시,11500,강서구,1150010100,염창동
20260224,11,서울특별시,11500,강서구,1150010100,염창동,11,서울특별시,11680,강남구,1168010100,역삼동,09,30,21,2342.0,11,서울특별시,11500,강서구,1150010100,염창동
20260224,11,서울특별시,11500,강서구,1150010100,염창동,11,서울특별시,11680,강남구,1168010100,역삼동,09,45,12,1950.0,11,서울특별시,11500,강서구,1150010100,염창동
20260224,11,서울특별시,11500,강서구,1150010100,염창동,11,서울특별시,11680,강남구,1168010100,역삼동,10,00,14,2286.0,11,서울특별시,11500,강서구,1150010100,염창동
20260224,11,서울특별시,11500,강서구,1150010100,염창동,11,서울특별시,11680,강남구,1168010100,역삼동,10,15,12,2081.0,11,서울특별시,11500,강서구,1150010100,염창동
20260224,11,서울특별시,11500,강서구,1150010100,염창동,11,서울특별시,11680,강남구,1168010100,역삼동,10,30,12,2207.0,11,서울특별시,11500,강서구,1150010100,염창동
20260224,11,서울특별시,11500,강서구,1150010100,염창동,11,서울특별시,11680,강남구,1168010100,역삼동,10,45,6,1925.0,11,서울특별시,11500,강서구,1150010100,염창동
20260224,11,서울특별시,11500,강서구,1150010100,염창동,11,서울특별시,11680,강남구,1168010100,역삼동,11,00,17,2010.0,11,서울특별시,11500,강서구,1150010100,염창동
20260224,11,서울특별시,11500,강서구,1150010100,염창동,11,서울특별시,11680,강남구,1168010100,역삼동,11,15,4,1718.0,11,서울특별시,11500,강서구,1150010100,염창동
20260224,11,서울특별시,11500,강서구,1150010100,염창동,11,서울특별시,11680,강남구,1168010100,역삼동,11,30,7,2055.0,11,서울특별시,11500,강서구,1150010100,염창동
20260224,11,서울특별시,11500,강서구,1150010100,염창동,11,서울특별시,11680,강남구,1168010100,역삼동,11,45,9,2085.0,11,서울특별시,11500,강서구,1150010100,염창동
20260224,11,서울특별시,11500,강서구,1150010200,등촌동,11,서울특별시,11680,강남구,1168010100,역삼동,07,00,2,2638.0,11,서울특별시,11500,강서구,1150010200,등촌동
20260224,11,서울특별시,11500,강서구,1150010200,등촌동,11,서울특별시,11680,강남구,1168010100,역삼동,07,15,5,3691.0,11,서울특별시,11500,강서구,1150010200,등촌동
20260224,11,서울특별시,11500,강서구,1150010200,등촌동,11,서울특별시,11680,강남구,1168010100,역삼동,07,30,5,3403.0,11,서울특별시,11500,강서구,1150010200,등촌동
20260224,11,서울특별시,11500,강서구,1150010200,등촌동,11,서울특별시,11680,강남구,1168010100,역삼동,07,45,10,2894.0,11,서울특별시,11500,강서구,1150010200,등촌동
20260224,11,서울특별시,11500,강서구,1150010200,등촌동,11,서울특별시,11680,강남구,1168010100,역삼동,08,00,7,3035.0,11,서울특별시,11500,강서구,1150010200,등촌동
20260224,11,서울특별시,11500,강서구,1150010200,등촌동,11,서울특별시,11680,강남구,1168010100,역삼동,08,15,6,3001.0,11,서울특별시,11500,강서구,1150010200,등촌동
20260224,11,서울특별시,11500,강서구,1150010200,등촌동,11,서울특별시,11680,강남구,1168010100,역삼동,08,30,7,3424.0,11,서울특별시,11500,강서구,1150010200,등촌동
20260224,11,서울특별시,11500,강서구,1150010200,등촌동,11,서울특별시,11680,강남구,1168010100,역삼동,08,45,5,2964.0,11,서울특별시,11500,강서구,1150010200,등촌동
20260224,11,서울특별시,11500,강서구,1150010200,등촌동,11,서울특별시,11680,강남구,1168010100,역삼동,09,00,4,2768.0,11,서울특별시,11500,강서구,1150010200,등촌동
20260224,11,서울특별시,11500,강서구,1150010200,등촌동,11,서울특별시,11680,강남구,1168010100,역삼동,09,15,5,3153.0,11,서울특별시,11500,강서구,1150010200,등촌동
20260224,11,서울특별시,11500,강서구,1150010200,등촌동,11,서울특별시,11680,강남구,1168010100,역삼동,09,30,1,3310.0,11,서울특별시,11500,강서구,1150010200,등촌동
20260224,11,서울특별시,11500,강서구,1150010200,등촌동,11,서울특별시,11680,강남구,1168010100,역삼동,10,15,2,2272.0,11,서울특별시,11500,강서구,1150010200,등촌동
20260224,11,서울특별시,11500,강서구,1150010200,등촌동,11,서울특별시,11680,강남구,1168010100,역삼동,10,30,1,2938.0,11,서울특별시,11500,강서구,1150010200,등촌동
20260224,11,서울특별시,11500,강서구,1150010200,등촌동,11,서울특별시,11680,강남구,1168010100,역삼동,11,30,1,3686.0,11,서울특별시,11500,강서구,1150010200,등촌동
20260224,11,서울특별시,11500,강서구,1150010200,등촌동,11,서울특별시,11680,강남구,1168010100,역삼동,11,45,1,2292.0,11,서울특별시,11500,강서구,1150010200,등촌동
20260224,11,서울특별시,11500,강서구,1150010300,화곡동,11,서울특별시,11680,강남구,1168010100,역삼동,07,00,118,3373.0,11,서울특별시,11500,강서구,1150010300,화곡동
20260224,11,서울특별시,11500,강서구,1150010300,화곡동,11,서울특별시,11680,강남구,1168010100,역삼동,07,15,170,3482.0,11,서울특별시,11500,강서구,1150010300,화곡동
20260224,11,서울특별시,11500,강서구,1150010300,화곡동,11,서울특별시,11680,강남구,1168010100,역삼동,07,30,181,3508.0,11,서울특별시,11500,강서구,1150010300,화곡동
20260224,11,서울특별시,11500,강서구,1150010300,화곡동,11,서울특별시,11680,강남구,1168010100,역삼동,07,45,150,3432.0,11,서울특별시,11500,강서구,1150010300,화곡동
20260224,11,서울특별시,11500,강서구,1150010300,화곡동,11,서울특별시,11680,강남구,1168010100,역삼동,08,00,125,3227.0,11,서울특별시,11500,강서구,1150010300,화곡동
20260224,11,서울특별시,11500,강서구,1150010300,화곡동,11,서울특별시,11680,강남구,1168010100,역삼동,08,15,126,3234.0,11,서울특별시,11500,강서구,1150010300,화곡동
20260224,11,서울특별시,11500,강서구,1150010300,화곡동,11,서울특별시,11680,강남구,1168010100,역삼동,08,30,135,3115.0,11,서울특별시,11500,강서구,1150010300,화곡동
20260224,11,서울특별시,11500,강서구,1150010300,화곡동,11,서울특별시,11680,강남구,1168010100,역삼동,08,45,158,3132.0,11,서울특별시,11500,강서구,1150010300,화곡동
20260224,11,서울특별시,11500,강서구,1150010300,화곡동,11,서울특별시,11680,강남구,1168010100,역삼동,09,00,96,3070.0,11,서울특별시,11500,강서구,1150010300,화곡동
20260224,11,서울특별시,11500,강서구,1150010300,화곡동,11,서울특별시,11680,강남구,1168010100,역삼동,09,15,61,3083.0,11,서울특별시,11500,강서구,1150010300,화곡동
20260224,11,서울특별시,11500,강서구,1150010300,화곡동,11,서울특별시,11680,강남구,1168010100,역삼동,09,30,56,2939.0,11,서울특별시,11500,강서구,1150010300,화곡동
20260224,11,서울특별시,11500,강서구,1150010300,화곡동,11,서울특별시,11680,강남구,1168010100,역삼동,09,45,38,3056.0,11,서울특별시,11500,강서구,1150010300,화곡동
20260224,11,서울특별시,11500,강서구,1150010300,화곡동,11,서울특별시,11680,강남구,1168010100,역삼동,10,00,29,3095.0,11,서울특별시,11500,강서구,1150010300,화곡동
20260224,11,서울특별시,11500,강서구,1150010300,화곡동,11,서울특별시,11680,강남구,1168010100,역삼동,10,15,26,3098.0,11,서울특별시,11500,강서구,1150010300,화곡동
20260224,11,서울특별시,11500,강서구,1150010300,화곡동,11,서울특별시,11680,강남구,1168010100,역삼동,10,30,16,3040.0,11,서울특별시,11500,강서구,1150010300,화곡동
20260224,11,서울특별시,11500,강서구,1150010300,화곡동,11,서울특별시,11680,강남구,1168010100,역삼동,10,45,28,3204.0,11,서울특별시,11500,강서구,1150010300,화곡동
20260224,11,서울특별시,11500,강서구,1150010300,화곡동,11,서울특별시,11680,강남구,1168010100,역삼동,11,00,33,3085.0,11,서울특별시,11500,강서구,1150010300,화곡동
20260224,11,서울특별시,11500,강서구,1150010300,화곡동,11,서울특별시,11680,강남구,1168010100,역삼동,11,15,16,3040.0,11,서울특별시,11500,강서구,1150010300,화곡동
20260224,11,서울특별시,11500,강서구,1150010300,화곡동,11,서울특별시,11680,강남구,1168010100,역삼동,11,30,20,2829.0,11,서울특별시,11500,강서구,1150010300,화곡동
20260224,11,서울특별시,11500,강서구,1150010300,화곡동,11,서울특별시,11680,강남구,1168010100,역삼동,11,45,20,2895.0,11,서울특별시,11500,강서구,1150010300,화곡동
20260224,11,서울특별시,11500,강서구,1150010400,가양동,11,서울특별시,11680,강남구,1168010100,역삼동,07,00,69,2677.0,11,서울특별시,11500,강서구,1150010400,가양동
20260224,11,서울특별시,11500,강서구,1150010400,가양동,11,서울특별시,11680,강남구,1168010100,역삼동,07,15,66,2637.0,11,서울특별시,11500,강서구,1150010400,가양동
20260224,11,서울특별시,11500,강서구,1150010400,가양동,11,서울특별시,11680,강남구,1168010100,역삼동,07,30,110,2717.0,11,서울특별시,11500,강서구,1150010400,가양동
20260224,11,서울특별시,11500,강서구,1150010400,가양동,11,서울특별시,11680,강남구,1168010100,역삼동,07,45,95,2660.0,11,서울특별시,11500,강서구,1150010400,가양동
20260224,11,서울특별시,11500,강서구,1150010400,가양동,11,서울특별시,11680,강남구,1168010100,역삼동,08,00,85,2615.0,11,서울특별시,11500,강서구,1150010400,가양동
20260224,11,서울특별시,11500,강서구,1150010400,가양동,11,서울특별시,11680,강남구,1168010100,역삼동,08,15,82,2588.0,11,서울특별시,11500,강서구,1150010400,가양동
20260224,11,서울특별시,11500,강서구,1150010400,가양동,11,서울특별시,11680,강남구,1168010100,역삼동,08,30,76,2648.0,11,서울특별시,11500,강서구,1150010400,가양동
20260224,11,서울특별시,11500,강서구,1150010400,가양동,11,서울특별시,11680,강남구,1168010100,역삼동,08,45,63,2488.0,11,서울특별시,11500,강서구,1150010400,가양동
20260224,11,서울특별시,11500,강서구,1150010400,가양동,11,서울특별시,11680,강남구,1168010100,역삼동,09,00,55,2553.0,11,서울특별시,11500,강서구,1150010400,가양동
20260224,11,서울특별시,11500,강서구,1150010400,가양동,11,서울특별시,11680,강남구,1168010100,역삼동,09,15,38,2445.0,11,서울특별시,11500,강서구,1150010400,가양동
20260224,11,서울특별시,11500,강서구,1150010400,가양동,11,서울특별시,11680,강남구,1168010100,역삼동,09,30,42,2532.0,11,서울특별시,11500,강서구,1150010400,가양동
20260224,11,서울특별시,11500,강서구,1150010400,가양동,11,서울특별시,11680,강남구,1168010100,역삼동,09,45,29,2517.0,11,서울특별시,11500,강서구,1150010400,가양동
20260224,11,서울특별시,11500,강서구,1150010400,가양동,11,서울특별시,11680,강남구,1168010100,역삼동,10,00,25,2440.0,11,서울특별시,11500,강서구,1150010400,가양동
20260224,11,서울특별시,11500,강서구,1150010400,가양동,11,서울특별시,11680,강남구,1168010100,역삼동,10,15,19,2326.0,11,서울특별시,11500,강서구,1150010400,가양동
20260224,11,서울특별시,11500,강서구,1150010400,가양동,11,서울특별시,11680,강남구,1168010100,역삼동,10,30,13,2598.0,11,서울특별시,11500,강서구,1150010400,가양동
20260224,11,서울특별시,11500,강서구,1150010400,가양동,11,서울특별시,11680,강남구,1168010100,역삼동,10,45,15,2364.0,11,서울특별시,11500,강서구,1150010400,가양동
20260224,11,서울특별시,11500,강서구,1150010400,가양동,11,서울특별시,11680,강남구,1168010100,역삼동,11,00,8,2556.0,11,서울특별시,11500,강서구,1150010400,가양동
20260224,11,서울특별시,11500,강서구,1150010400,가양동,11,서울특별시,11680,강남구,1168010100,역삼동,11,15,25,2614.0,11,서울특별시,11500,강서구,1150010400,가양동
20260224,11,서울특별시,11500,강서구,1150010400,가양동,11,서울특별시,11680,강남구,1168010100,역삼동,11,30,21,2630.0,11,서울특별시,11500,강서구,1150010400,가양동
20260224,11,서울특별시,11500,강서구,1150010400,가양동,11,서울특별시,11680,강남구,1168010100,역삼동,11,45,10,2494.0,11,서울특별시,11500,강서구,1150010400,가양동
20260224,11,서울특별시,11500,강서구,1150010500,마곡동,11,서울특별시,11680,강남구,1168010100,역삼동,07,00,43,3095.0,11,서울특별시,11500,강서구,1150010500,마곡동
20260224,11,서울특별시,11500,강서구,1150010500,마곡동,11,서울특별시,11680,강남구,1168010100,역삼동,07,15,51,3253.0,11,서울특별시,11500,강서구,1150010500,마곡동
20260224,11,서울특별시,11500,강서구,1150010500,마곡동,11,서울특별시,11680,강남구,1168010100,역삼동,07,30,58,3266.0,11,서울특별시,11500,강서구,1150010500,마곡동
20260224,11,서울특별시,11500,강서구,1150010500,마곡동,11,서울특별시,11680,강남구,1168010100,역삼동,07,45,63,3088.0,11,서울특별시,11500,강서구,1150010500,마곡동
20260224,11,서울특별시,11500,강서구,1150010500,마곡동,11,서울특별시,11680,강남구,1168010100,역삼동,08,00,51,3046.0,11,서울특별시,11500,강서구,1150010500,마곡동
20260224,11,서울특별시,11500,강서구,1150010500,마곡동,11,서울특별시,11680,강남구,1168010100,역삼동,08,15,54,3158.0,11,서울특별시,11500,강서구,1150010500,마곡동
20260224,11,서울특별시,11500,강서구,1150010500,마곡동,11,서울특별시,11680,강남구,1168010100,역삼동,08,30,58,2894.0,11,서울특별시,11500,강서구,1150010500,마곡동
20260224,11,서울특별시,11500,강서구,1150010500,마곡동,11,서울특별시,11680,강남구,1168010100,역삼동,08,45,53,2966.0,11,서울특별시,11500,강서구,1150010500,마곡동
20260224,11,서울특별시,11500,강서구,1150010500,마곡동,11,서울특별시,11680,강남구,1168010100,역삼동,09,00,50,2797.0,11,서울특별시,11500,강서구,1150010500,마곡동
20260224,11,서울특별시,11500,강서구,1150010500,마곡동,11,서울특별시,11680,강남구,1168010100,역삼동,09,15,17,3101.0,11,서울특별시,11500,강서구,1150010500,마곡동
20260224,11,서울특별시,11500,강서구,1150010500,마곡동,11,서울특별시,11680,강남구,1168010100,역삼동,09,30,22,3161.0,11,서울특별시,11500,강서구,1150010500,마곡동
20260224,11,서울특별시,11500,강서구,1150010500,마곡동,11,서울특별시,11680,강남구,1168010100,역삼동,09,45,15,3086.0,11,서울특별시,11500,강서구,1150010500,마곡동
20260224,11,서울특별시,11500,강서구,1150010500,마곡동,11,서울특별시,11680,강남구,1168010100,역삼동,10,00,18,2654.0,11,서울특별시,11500,강서구,1150010500,마곡동
20260224,11,서울특별시,11500,강서구,1150010500,마곡동,11,서울특별시,11680,강남구,1168010100,역삼동,10,15,13,3151.0,11,서울특별시,11500,강서구,1150010500,마곡동
20260224,11,서울특별시,11500,강서구,1150010500,마곡동,11,서울특별시,11680,강남구,1168010100,역삼동,10,30,29,2791.0,11,서울특별시,11500,강서구,1150010500,마곡동
20260224,11,서울특별시,11500,강서구,1150010500,마곡동,11,서울특별시,11680,강남구,1168010100,역삼동,10,45,25,2800.0,11,서울특별시,11500,강서구,1150010500,마곡동
20260224,11,서울특별시,11500,강서구,1150010500,마곡동,11,서울특별시,11680,강남구,1168010100,역삼동,11,00,14,2901.0,11,서울특별시,11500,강서구,1150010500,마곡동
20260224,11,서울특별시,11500,강서구,1150010500,마곡동,11,서울특별시,11680,강남구,1168010100,역삼동,11,15,7,2551.0,11,서울특별시,11500,강서구,1150010500,마곡동
20260224,11,서울특별시,11500,강서구,1150010500,마곡동,11,서울특별시,11680,강남구,1168010100,역삼동,11,30,13,2844.0,11,서울특별시,11500,강서구,1150010500,마곡동
20260224,11,서울특별시,11500,강서구,1150010500,마곡동,11,서울특별시,11680,강남구,1168010100,역삼동,11,45,13,3002.0,11,서울특별시,11500,강서구,1150010500,마곡동
20260224,11,서울특별시,11500,강서구,1150010600,내발산동,11,서울특별시,11680,강남구,1168010100,역삼동,07,00,11,3366.0,11,서울특별시,11500,강서구,1150010600,내발산동
20260224,11,서울특별시,11500,강서구,1150010600,내발산동,11,서울특별시,11680,강남구,1168010100,역삼동,07,15,15,3380.0,11,서울특별시,11500,강서구,1150010600,내발산동
20260224,11,서울특별시,11500,강서구,1150010600,내발산동,11,서울특별시,11680,강남구,1168010100,역삼동,07,30,4,3439.0,11,서울특별시,11500,강서구,1150010600,내발산동
20260224,11,서울특별시,11500,강서구,1150010600,내발산동,11,서울특별시,11680,강남구,1168010100,역삼동,07,45,5,3376.0,11,서울특별시,11500,강서구,1150010600,내발산동
20260224,11,서울특별시,11500,강서구,1150010600,내발산동,11,서울특별시,11680,강남구,1168010100,역삼동,08,00,7,3301.0,11,서울특별시,11500,강서구,1150010600,내발산동
20260224,11,서울특별시,11500,강서구,1150010600,내발산동,11,서울특별시,11680,강남구,1168010100,역삼동,08,15,5,3765.0,11,서울특별시,11500,강서구,1150010600,내발산동
20260224,11,서울특별시,11500,강서구,1150010600,내발산동,11,서울특별시,11680,강남구,1168010100,역삼동,08,30,7,3535.0,11,서울특별시,11500,강서구,1150010600,내발산동
20260224,11,서울특별시,11500,강서구,1150010600,내발산동,11,서울특별시,11680,강남구,1168010100,역삼동,08,45,4,3083.0,11,서울특별시,11500,강서구,1150010600,내발산동
20260224,11,서울특별시,11500,강서구,1150010600,내발산동,11,서울특별시,11680,강남구,1168010100,역삼동,09,00,2,3271.0,11,서울특별시,11500,강서구,1150010600,내발산동
20260224,11,서울특별시,11500,강서구,1150010600,내발산동,11,서울특별시,11680,강남구,1168010100,역삼동,09,15,5,3192.0,11,서울특별시,11500,강서구,1150010600,내발산동
20260224,11,서울특별시,11500,강서구,1150010600,내발산동,11,서울특별시,11680,강남구,1168010100,역삼동,09,30,1,3443.0,11,서울특별시,11500,강서구,1150010600,내발산동
20260224,11,서울특별시,11500,강서구,1150010600,내발산동,11,서울특별시,11680,강남구,1168010100,역삼동,09,45,1,3326.0,11,서울특별시,11500,강서구,1150010600,내발산동
20260224,11,서울특별시,11500,강서구,1150010600,내발산동,11,서울특별시,11680,강남구,1168010100,역삼동,10,00,2,3360.0,11,서울특별시,11500,강서구,1150010600,내발산동
20260224,11,서울특별시,11500,강서구,1150010600,내발산동,11,서울특별시,11680,강남구,1168010100,역삼동,10,30,2,2725.0,11,서울특별시,11500,강서구,1150010600,내발산동
20260224,11,서울특별시,11500,강서구,1150010600,내발산동,11,서울특별시,11680,강남구,1168010100,역삼동,11,00,1,2931.0,11,서울특별시,11500,강서구,1150010600,내발산동
20260224,11,서울특별시,11500,강서구,1150010600,내발산동,11,서울특별시,11680,강남구,1168010100,역삼동,11,15,1,2418.0,11,서울특별시,11500,강서구,1150010600,내발산동
20260224,11,서울특별시,11500,강서구,1150010600,내발산동,11,서울특별시,11680,강남구,1168010100,역삼동,11,30,1,2242.0,11,서울특별시,11500,강서구,1150010600,내발산동
20260224,11,서울특별시,11500,강서구,1150010600,내발산동,11,서울특별시,11680,강남구,1168010100,역삼동,11,45,2,2696.0,11,서울특별시,11500,강서구,1150010600,내발산동
20260224,11,서울특별시,11500,강서구,1150010700,외발산동,11,서울특별시,11680,강남구,1168010100,역삼동,08,15,1,3106.0,11,서울특별시,11500,강서구,1150010700,외발산동
20260224,11,서울특별시,11500,강서구,1150010700,외발산동,11,서울특별시,11680,강남구,1168010100,역삼동,09,00,1,3972.0,11,서울특별시,11500,강서구,1150010700,외발산동
20260224,11,서울특별시,11500,강서구,1150010700,외발산동,11,서울특별시,11680,강남구,1168010100,역삼동,09,15,1,2858.0,11,서울특별시,11500,강서구,1150010700,외발산동
20260224,11,서울특별시,11500,강서구,1150010800,공항동,11,서울특별시,11680,강남구,1168010100,역삼동,07,00,8,3791.0,11,서울특별시,11500,강서구,1150010800,공항동
20260224,11,서울특별시,11500,강서구,1150010800,공항동,11,서울특별시,11680,강남구,1168010100,역삼동,07,15,7,3850.0,11,서울특별시,11500,강서구,1150010800,공항동
20260224,11,서울특별시,11500,강서구,1150010800,공항동,11,서울특별시,11680,강남구,1168010100,역삼동,07,30,10,3726.0,11,서울특별시,11500,강서구,1150010800,공항동
20260224,11,서울특별시,11500,강서구,1150010800,공항동,11,서울특별시,11680,강남구,1168010100,역삼동,07,45,11,3624.0,11,서울특별시,11500,강서구,1150010800,공항동
20260224,11,서울특별시,11500,강서구,1150010800,공항동,11,서울특별시,11680,강남구,1168010100,역삼동,08,00,15,3351.0,11,서울특별시,11500,강서구,1150010800,공항동
20260224,11,서울특별시,11500,강서구,1150010800,공항동,11,서울특별시,11680,강남구,1168010100,역삼동,08,15,10,3656.0,11,서울특별시,11500,강서구,1150010800,공항동
20260224,11,서울특별시,11500,강서구,1150010800,공항동,11,서울특별시,11680,강남구,1168010100,역삼동,08,30,15,3340.0,11,서울특별시,11500,강서구,1150010800,공항동
20260224,11,서울특별시,11500,강서구,1150010800,공항동,11,서울특별시,11680,강남구,1168010100,역삼동,08,45,4,3372.0,11,서울특별시,11500,강서구,1150010800,공항동
20260224,11,서울특별시,11500,강서구,1150010800,공항동,11,서울특별시,11680,강남구,1168010100,역삼동,09,00,8,3252.0,11,서울특별시,11500,강서구,1150010800,공항동
20260224,11,서울특별시,11500,강서구,1150010800,공항동,11,서울특별시,11680,강남구,1168010100,역삼동,09,15,2,3481.0,11,서울특별시,11500,강서구,1150010800,공항동
20260224,11,서울특별시,11500,강서구,1150010800,공항동,11,서울특별시,11680,강남구,1168010100,역삼동,09,30,5,2661.0,11,서울특별시,11500,강서구,1150010800,공항동
20260224,11,서울특별시,11500,강서구,1150010800,공항동,11,서울특별시,11680,강남구,1168010100,역삼동,09,45,5,2916.0,11,서울특별시,11500,강서구,1150010800,공항동
20260224,11,서울특별시,11500,강서구,1150010800,공항동,11,서울특별시,11680,강남구,1168010100,역삼동,10,00,4,3180.0,11,서울특별시,11500,강서구,1150010800,공항동
20260224,11,서울특별시,11500,강서구,1150010800,공항동,11,서울특별시,11680,강남구,1168010100,역삼동,10,15,2,3793.0,11,서울특별시,11500,강서구,1150010800,공항동
20260224,11,서울특별시,11500,강서구,1150010800,공항동,11,서울특별시,11680,강남구,1168010100,역삼동,10,30,1,2396.0,11,서울특별시,11500,강서구,1150010800,공항동
20260224,11,서울특별시,11500,강서구,1150010800,공항동,11,서울특별시,11680,강남구,1168010100,역삼동,10,45,3,3197.0,11,서울특별시,11500,강서구,1150010800,공항동
20260224,11,서울특별시,11500,강서구,1150010800,공항동,11,서울특별시,11680,강남구,1168010100,역삼동,11,00,2,3312.0,11,서울특별시,11500,강서구,1150010800,공항동
20260224,11,서울특별시,11500,강서구,1150010800,공항동,11,서울특별시,11680,강남구,1168010100,역삼동,11,15,2,3054.0,11,서울특별시,11500,강서구,1150010800,공항동
20260224,11,서울특별시,11500,강서구,1150010800,공항동,11,서울특별시,11680,강남구,1168010100,역삼동,11,45,1,2906.0,11,서울특별시,11500,강서구,1150010800,공항동
20260224,11,서울특별시,11500,강서구,1150010900,방화동,11,서울특별시,11680,강남구,1168010100,역삼동,07,00,30,3614.0,11,서울특별시,11500,강서구,1150010900,방화동
20260224,11,서울특별시,11500,강서구,1150010900,방화동,11,서울특별시,11680,강남구,1168010100,역삼동,07,15,23,3688.0,11,서울특별시,11500,강서구,1150010900,방화동
20260224,11,서울특별시,11500,강서구,1150010900,방화동,11,서울특별시,11680,강남구,1168010100,역삼동,07,30,25,3746.0,11,서울특별시,11500,강서구,1150010900,방화동
20260224,11,서울특별시,11500,강서구,1150010900,방화동,11,서울특별시,11680,강남구,1168010100,역삼동,07,45,35,3462.0,11,서울특별시,11500,강서구,1150010900,방화동
20260224,11,서울특별시,11500,강서구,1150010900,방화동,11,서울특별시,11680,강남구,1168010100,역삼동,08,00,25,3420.0,11,서울특별시,11500,강서구,1150010900,방화동
20260224,11,서울특별시,11500,강서구,1150010900,방화동,11,서울특별시,11680,강남구,1168010100,역삼동,08,15,21,3344.0,11,서울특별시,11500,강서구,1150010900,방화동
20260224,11,서울특별시,11500,강서구,1150010900,방화동,11,서울특별시,11680,강남구,1168010100,역삼동,08,30,53,3345.0,11,서울특별시,11500,강서구,1150010900,방화동
20260224,11,서울특별시,11500,강서구,1150010900,방화동,11,서울특별시,11680,강남구,1168010100,역삼동,08,45,32,3162.0,11,서울특별시,11500,강서구,1150010900,방화동
20260224,11,서울특별시,11500,강서구,1150010900,방화동,11,서울특별시,11680,강남구,1168010100,역삼동,09,00,18,3387.0,11,서울특별시,11500,강서구,1150010900,방화동
20260224,11,서울특별시,11500,강서구,1150010900,방화동,11,서울특별시,11680,강남구,1168010100,역삼동,09,15,29,3087.0,11,서울특별시,11500,강서구,1150010900,방화동
20260224,11,서울특별시,11500,강서구,1150010900,방화동,11,서울특별시,11680,강남구,1168010100,역삼동,09,30,15,3224.0,11,서울특별시,11500,강서구,1150010900,방화동
20260224,11,서울특별시,11500,강서구,1150010900,방화동,11,서울특별시,11680,강남구,1168010100,역삼동,09,45,10,2898.0,11,서울특별시,11500,강서구,1150010900,방화동
20260224,11,서울특별시,11500,강서구,1150010900,방화동,11,서울특별시,11680,강남구,1168010100,역삼동,10,00,19,3173.0,11,서울특별시,11500,강서구,1150010900,방화동
20260224,11,서울특별시,11500,강서구,1150010900,방화동,11,서울특별시,11680,강남구,1168010100,역삼동,10,15,13,3318.0,11,서울특별시,11500,강서구,1150010900,방화동
20260224,11,서울특별시,11500,강서구,1150010900,방화동,11,서울특별시,11680,강남구,1168010100,역삼동,10,30,11,3471.0,11,서울특별시,11500,강서구,1150010900,방화동
20260224,11,서울특별시,11500,강서구,1150010900,방화동,11,서울특별시,11680,강남구,1168010100,역삼동,10,45,19,3038.0,11,서울특별시,11500,강서구,1150010900,방화동
20260224,11,서울특별시,11500,강서구,1150010900,방화동,11,서울특별시,11680,강남구,1168010100,역삼동,11,00,9,3099.0,11,서울특별시,11500,강서구,1150010900,방화동
20260224,11,서울특별시,11500,강서구,1150010900,방화동,11,서울특별시,11680,강남구,1168010100,역삼동,11,15,7,2747.0,11,서울특별시,11500,강서구,1150010900,방화동
20260224,11,서울특별시,11500,강서구,1150010900,방화동,11,서울특별시,11680,강남구,1168010100,역삼동,11,30,11,3012.0,11,서울특별시,11500,강서구,1150010900,방화동
20260224,11,서울특별시,11500,강서구,1150010900,방화동,11,서울특별시,11680,강남구,1168010100,역삼동,11,45,9,3148.0,11,서울특별시,11500,강서구,1150010900,방화동
20260224,11,서울특별시,11500,강서구,1150011000,개화동,11,서울특별시,11680,강남구,1168010100,역삼동,07,00,2,4105.0,11,서울특별시,11500,강서구,1150011000,개화동
20260224,11,서울특별시,11500,강서구,1150011000,개화동,11,서울특별시,11680,강남구,1168010100,역삼동,07,15,2,3899.0,11,서울특별시,11500,강서구,1150011000,개화동
20260224,11,서울특별시,11500,강서구,1150011000,개화동,11,서울특별시,11680,강남구,1168010100,역삼동,07,30,2,4267.0,11,서울특별시,11500,강서구,1150011000,개화동
20260224,11,서울특별시,11500,강서구,1150011000,개화동,11,서울특별시,11680,강남구,1168010100,역삼동,07,45,1,4414.0,11,서울특별시,11500,강서구,1150011000,개화동
20260224,11,서울특별시,11500,강서구,1150011000,개화동,11,서울특별시,11680,강남구,1168010100,역삼동,08,00,3,3615.0,11,서울특별시,11500,강서구,1150011000,개화동
20260224,11,서울특별시,11500,강서구,1150011000,개화동,11,서울특별시,11680,강남구,1168010100,역삼동,08,15,3,3938.0,11,서울특별시,11500,강서구,1150011000,개화동
20260224,11,서울특별시,11500,강서구,1150011000,개화동,11,서울특별시,11680,강남구,1168010100,역삼동,08,30,3,4080.0,11,서울특별시,11500,강서구,1150011000,개화동
20260224,11,서울특별시,11500,강서구,1150011000,개화동,11,서울특별시,11680,강남구,1168010100,역삼동,08,45,1,4704.0,11,서울특별시,11500,강서구,1150011000,개화동
20260224,11,서울특별시,11500,강서구,1150011000,개화동,11,서울특별시,11680,강남구,1168010100,역삼동,09,00,1,3336.0,11,서울특별시,11500,강서구,1150011000,개화동
20260224,11,서울특별시,11500,강서구,1150011000,개화동,11,서울특별시,11680,강남구,1168010100,역삼동,09,15,1,3967.0,11,서울특별시,11500,강서구,1150011000,개화동
20260224,11,서울특별시,11500,강서구,1150011000,개화동,11,서울특별시,11680,강남구,1168010100,역삼동,09,45,2,2932.0,11,서울특별시,11500,강서구,1150011000,개화동
20260224,11,서울특별시,11500,강서구,1150011000,개화동,11,서울특별시,11680,강남구,1168010100,역삼동,10,15,1,3395.0,11,서울특별시,11500,강서구,1150011000,개화동
20260224,11,서울특별시,11500,강서구,1150011000,개화동,11,서울특별시,11680,강남구,1168010100,역삼동,11,00,1,2729.0,11,서울특별시,11500,강서구,1150011000,개화동
20260224,11,서울특별시,11500,강서구,1150011000,개화동,11,서울특별시,11680,강남구,1168010100,역삼동,11,45,2,3985.0,11,서울특별시,11500,강서구,1150011000,개화동
20260224,11,서울특별시,11500,강서구,1150011100,과해동,11,서울특별시,11680,강남구,1168010100,역삼동,07,30,1,2721.0,11,서울특별시,11500,강서구,1150011100,과해동
20260224,11,서울특별시,11500,강서구,1150011100,과해동,11,서울특별시,11680,강남구,1168010100,역삼동,08,00,1,3270.0,11,서울특별시,11500,강서구,1150011100,과해동
20260224,11,서울특별시,11500,강서구,1150011100,과해동,11,서울특별시,11680,강남구,1168010100,역삼동,08,15,1,2883.0,11,서울특별시,11500,강서구,1150011100,과해동
20260224,11,서울특별시,11500,강서구,1150011100,과해동,11,서울특별시,11680,강남구,1168010100,역삼동,08,30,1,3346.0,11,서울특별시,11500,강서구,1150011100,과해동
20260224,11,서울특별시,11500,강서구,1150011100,과해동,11,서울특별시,11680,강남구,1168010100,역삼동,09,30,1,3888.0,11,서울특별시,11500,강서구,1150011100,과해동
20260224,11,서울특별시,11500,강서구,1150011100,과해동,11,서울특별시,11680,강남구,1168010100,역삼동,10,15,1,4169.0,11,서울특별시,11500,강서구,1150011100,과해동
20260224,11,서울특별시,11500,강서구,1150011100,과해동,11,서울특별시,11680,강남구,1168010100,역삼동,10,30,1,3900.0,11,서울특별시,11500,강서구,1150011100,과해동
20260224,11,서울특별시,11500,강서구,1150011100,과해동,11,서울특별시,11680,강남구,1168010100,역삼동,10,45,2,2760.0,11,서울특별시,11500,강서구,1150011100,과해동
20260224,11,서울특별시,11500,강서구,1150011100,과해동,11,서울특별시,11680,강남구,1168010100,역삼동,11,00,2,3804.0,11,서울특별시,11500,강서구,1150011100,과해동
20260224,11,서울특별시,11500,강서구,1150011100,과해동,11,서울특별시,11680,강남구,1168010100,역삼동,11,15,1,3140.0,11,서울특별시,11500,강서구,1150011100,과해동
20260224,11,서울특별시,11500,강서구,1150011100,과해동,11,서울특별시,11680,강남구,1168010100,역삼동,11,30,6,2659.0,11,서울특별시,11500,강서구,1150011100,과해동
20260224,11,서울특별시,11500,강서구,1150011100,과해동,11,서울특별시,11680,강남구,1168010100,역삼동,11,45,4,4546.0,11,서울특별시,11500,강서구,1150011100,과해동
20260224,11,서울특별시,11530,구로구,1153010100,신도림동,11,서울특별시,11680,강남구,1168010100,역삼동,07,00,21,2376.0,11,서울특별시,11530,구로구,1153010100,신도림동
20260224,11,서울특별시,11530,구로구,1153010100,신도림동,11,서울특별시,11680,강남구,1168010100,역삼동,07,15,8,2563.0,11,서울특별시,11530,구로구,1153010100,신도림동
20260224,11,서울특별시,11530,구로구,1153010100,신도림동,11,서울특별시,11680,강남구,1168010100,역삼동,07,30,22,2648.0,11,서울특별시,11530,구로구,1153010100,신도림동
20260224,11,서울특별시,11530,구로구,1153010100,신도림동,11,서울특별시,11680,강남구,1168010100,역삼동,07,45,19,2636.0,11,서울특별시,11530,구로구,1153010100,신도림동
20260224,11,서울특별시,11530,구로구,1153010100,신도림동,11,서울특별시,11680,강남구,1168010100,역삼동,08,00,18,2728.0,11,서울특별시,11530,구로구,1153010100,신도림동
20260224,11,서울특별시,11530,구로구,1153010100,신도림동,11,서울특별시,11680,강남구,1168010100,역삼동,08,15,11,2473.0,11,서울특별시,11530,구로구,1153010100,신도림동
20260224,11,서울특별시,11530,구로구,1153010100,신도림동,11,서울특별시,11680,강남구,1168010100,역삼동,08,30,18,2286.0,11,서울특별시,11530,구로구,1153010100,신도림동
20260224,11,서울특별시,11530,구로구,1153010100,신도림동,11,서울특별시,11680,강남구,1168010100,역삼동,08,45,11,2456.0,11,서울특별시,11530,구로구,1153010100,신도림동
20260224,11,서울특별시,11530,구로구,1153010100,신도림동,11,서울특별시,11680,강남구,1168010100,역삼동,09,00,20,2357.0,11,서울특별시,11530,구로구,1153010100,신도림동
20260224,11,서울특별시,11530,구로구,1153010100,신도림동,11,서울특별시,11680,강남구,1168010100,역삼동,09,15,6,2148.0,11,서울특별시,11530,구로구,1153010100,신도림동
20260224,11,서울특별시,11530,구로구,1153010100,신도림동,11,서울특별시,11680,강남구,1168010100,역삼동,09,30,6,2194.0,11,서울특별시,11530,구로구,1153010100,신도림동
20260224,11,서울특별시,11530,구로구,1153010100,신도림동,11,서울특별시,11680,강남구,1168010100,역삼동,09,45,5,2023.0,11,서울특별시,11530,구로구,1153010100,신도림동
20260224,11,서울특별시,11530,구로구,1153010100,신도림동,11,서울특별시,11680,강남구,1168010100,역삼동,10,00,7,2217.0,11,서울특별시,11530,구로구,1153010100,신도림동
20260224,11,서울특별시,11530,구로구,1153010100,신도림동,11,서울특별시,11680,강남구,1168010100,역삼동,10,15,4,2288.0,11,서울특별시,11530,구로구,1153010100,신도림동
20260224,11,서울특별시,11530,구로구,1153010100,신도림동,11,서울특별시,11680,강남구,1168010100,역삼동,10,30,1,2044.0,11,서울특별시,11530,구로구,1153010100,신도림동
20260224,11,서울특별시,11530,구로구,1153010100,신도림동,11,서울특별시,11680,강남구,1168010100,역삼동,10,45,2,2497.0,11,서울특별시,11530,구로구,1153010100,신도림동
20260224,11,서울특별시,11530,구로구,1153010100,신도림동,11,서울특별시,11680,강남구,1168010100,역삼동,11,00,4,2571.0,11,서울특별시,11530,구로구,1153010100,신도림동
20260224,11,서울특별시,11530,구로구,1153010100,신도림동,11,서울특별시,11680,강남구,1168010100,역삼동,11,15,2,2011.0,11,서울특별시,11530,구로구,1153010100,신도림동
20260224,11,서울특별시,11530,구로구,1153010100,신도림동,11,서울특별시,11680,강남구,1168010100,역삼동,11,30,2,3195.0,11,서울특별시,11530,구로구,1153010100,신도림동
20260224,11,서울특별시,11530,구로구,1153010200,구로동,11,서울특별시,11680,강남구,1168010100,역삼동,07,00,201,2114.0,11,서울특별시,11530,구로구,1153010200,구로동
20260224,11,서울특별시,11530,구로구,1153010200,구로동,11,서울특별시,11680,강남구,1168010100,역삼동,07,15,258,2155.0,11,서울특별시,11530,구로구,1153010200,구로동
20260224,11,서울특별시,11530,구로구,1153010200,구로동,11,서울특별시,11680,강남구,1168010100,역삼동,07,30,324,2278.0,11,서울특별시,11530,구로구,1153010200,구로동
20260224,11,서울특별시,11530,구로구,1153010200,구로동,11,서울특별시,11680,강남구,1168010100,역삼동,07,45,478,2327.0,11,서울특별시,11530,구로구,1153010200,구로동
20260224,11,서울특별시,11530,구로구,1153010200,구로동,11,서울특별시,11680,강남구,1168010100,역삼동,08,00,505,2339.0,11,서울특별시,11530,구로구,1153010200,구로동
20260224,11,서울특별시,11530,구로구,1153010200,구로동,11,서울특별시,11680,강남구,1168010100,역삼동,08,15,340,2245.0,11,서울특별시,11530,구로구,1153010200,구로동
20260224,11,서울특별시,11530,구로구,1153010200,구로동,11,서울특별시,11680,강남구,1168010100,역삼동,08,30,332,2124.0,11,서울특별시,11530,구로구,1153010200,구로동
20260224,11,서울특별시,11530,구로구,1153010200,구로동,11,서울특별시,11680,강남구,1168010100,역삼동,08,45,356,2056.0,11,서울특별시,11530,구로구,1153010200,구로동
20260224,11,서울특별시,11530,구로구,1153010200,구로동,11,서울특별시,11680,강남구,1168010100,역삼동,09,00,366,2025.0,11,서울특별시,11530,구로구,1153010200,구로동
20260224,11,서울특별시,11530,구로구,1153010200,구로동,11,서울특별시,11680,강남구,1168010100,역삼동,09,15,298,1927.0,11,서울특별시,11530,구로구,1153010200,구로동
20260224,11,서울특별시,11530,구로구,1153010200,구로동,11,서울특별시,11680,강남구,1168010100,역삼동,09,30,148,1851.0,11,서울특별시,11530,구로구,1153010200,구로동
20260224,11,서울특별시,11530,구로구,1153010200,구로동,11,서울특별시,11680,강남구,1168010100,역삼동,09,45,152,1861.0,11,서울특별시,11530,구로구,1153010200,구로동
20260224,11,서울특별시,11530,구로구,1153010200,구로동,11,서울특별시,11680,강남구,1168010100,역삼동,10,00,128,1879.0,11,서울특별시,11530,구로구,1153010200,구로동
20260224,11,서울특별시,11530,구로구,1153010200,구로동,11,서울특별시,11680,강남구,1168010100,역삼동,10,15,112,1860.0,11,서울특별시,11530,구로구,1153010200,구로동
20260224,11,서울특별시,11530,구로구,1153010200,구로동,11,서울특별시,11680,강남구,1168010100,역삼동,10,30,71,1918.0,11,서울특별시,11530,구로구,1153010200,구로동
20260224,11,서울특별시,11530,구로구,1153010200,구로동,11,서울특별시,11680,강남구,1168010100,역삼동,10,45,67,2070.0,11,서울특별시,11530,구로구,1153010200,구로동
20260224,11,서울특별시,11530,구로구,1153010200,구로동,11,서울특별시,11680,강남구,1168010100,역삼동,11,00,76,2012.0,11,서울특별시,11530,구로구,1153010200,구로동
20260224,11,서울특별시,11530,구로구,1153010200,구로동,11,서울특별시,11680,강남구,1168010100,역삼동,11,15,47,1950.0,11,서울특별시,11530,구로구,1153010200,구로동
20260224,11,서울특별시,11530,구로구,1153010200,구로동,11,서울특별시,11680,강남구,1168010100,역삼동,11,30,51,1878.0,11,서울특별시,11530,구로구,1153010200,구로동
20260224,11,서울특별시,11530,구로구,1153010200,구로동,11,서울특별시,11680,강남구,1168010100,역삼동,11,45,50,2074.0,11,서울특별시,11530,구로구,1153010200,구로동
20260224,11,서울특별시,11530,구로구,1153010300,가리봉동,11,서울특별시,11680,강남구,1168010100,역삼동,07,00,2,2058.0,11,서울특별시,11530,구로구,1153010300,가리봉동
20260224,11,서울특별시,11530,구로구,1153010300,가리봉동,11,서울특별시,11680,강남구,1168010100,역삼동,07,15,2,2138.0,11,서울특별시,11530,구로구,1153010300,가리봉동
20260224,11,서울특별시,11530,구로구,1153010300,가리봉동,11,서울특별시,11680,강남구,1168010100,역삼동,07,30,1,2256.0,11,서울특별시,11530,구로구,1153010300,가리봉동
20260224,11,서울특별시,11530,구로구,1153010300,가리봉동,11,서울특별시,11680,강남구,1168010100,역삼동,08,00,2,3531.0,11,서울특별시,11530,구로구,1153010300,가리봉동
20260224,11,서울특별시,11530,구로구,1153010300,가리봉동,11,서울특별시,11680,강남구,1168010100,역삼동,08,30,1,2010.0,11,서울특별시,11530,구로구,1153010300,가리봉동
20260224,11,서울특별시,11530,구로구,1153010300,가리봉동,11,서울특별시,11680,강남구,1168010100,역삼동,08,45,1,2222.0,11,서울특별시,11530,구로구,1153010300,가리봉동
20260224,11,서울특별시,11530,구로구,1153010300,가리봉동,11,서울특별시,11680,강남구,1168010100,역삼동,09,00,4,2450.0,11,서울특별시,11530,구로구,1153010300,가리봉동
20260224,11,서울특별시,11530,구로구,1153010300,가리봉동,11,서울특별시,11680,강남구,1168010100,역삼동,09,15,2,2208.0,11,서울특별시,11530,구로구,1153010300,가리봉동
20260224,11,서울특별시,11530,구로구,1153010300,가리봉동,11,서울특별시,11680,강남구,1168010100,역삼동,09,30,2,2010.0,11,서울특별시,11530,구로구,1153010300,가리봉동
20260224,11,서울특별시,11530,구로구,1153010300,가리봉동,11,서울특별시,11680,강남구,1168010100,역삼동,10,30,1,2153.0,11,서울특별시,11530,구로구,1153010300,가리봉동
20260224,11,서울특별시,11530,구로구,1153010300,가리봉동,11,서울특별시,11680,강남구,1168010100,역삼동,11,00,2,2280.0,11,서울특별시,11530,구로구,1153010300,가리봉동
20260224,11,서울특별시,11530,구로구,1153010600,고척동,11,서울특별시,11680,강남구,1168010100,역삼동,07,00,26,3085.0,11,서울특별시,11530,구로구,1153010600,고척동
20260224,11,서울특별시,11530,구로구,1153010600,고척동,11,서울특별시,11680,강남구,1168010100,역삼동,07,15,31,3085.0,11,서울특별시,11530,구로구,1153010600,고척동
20260224,11,서울특별시,11530,구로구,1153010600,고척동,11,서울특별시,11680,강남구,1168010100,역삼동,07,30,34,3520.0,11,서울특별시,11530,구로구,1153010600,고척동
20260224,11,서울특별시,11530,구로구,1153010600,고척동,11,서울특별시,11680,강남구,1168010100,역삼동,07,45,32,3329.0,11,서울특별시,11530,구로구,1153010600,고척동
20260224,11,서울특별시,11530,구로구,1153010600,고척동,11,서울특별시,11680,강남구,1168010100,역삼동,08,00,18,3120.0,11,서울특별시,11530,구로구,1153010600,고척동
20260224,11,서울특별시,11530,구로구,1153010600,고척동,11,서울특별시,11680,강남구,1168010100,역삼동,08,15,21,2924.0,11,서울특별시,11530,구로구,1153010600,고척동
20260224,11,서울특별시,11530,구로구,1153010600,고척동,11,서울특별시,11680,강남구,1168010100,역삼동,08,30,23,3019.0,11,서울특별시,11530,구로구,1153010600,고척동
20260224,11,서울특별시,11530,구로구,1153010600,고척동,11,서울특별시,11680,강남구,1168010100,역삼동,08,45,17,2811.0,11,서울특별시,11530,구로구,1153010600,고척동
20260224,11,서울특별시,11530,구로구,1153010600,고척동,11,서울특별시,11680,강남구,1168010100,역삼동,09,00,13,2929.0,11,서울특별시,11530,구로구,1153010600,고척동
20260224,11,서울특별시,11530,구로구,1153010600,고척동,11,서울특별시,11680,강남구,1168010100,역삼동,09,15,7,2624.0,11,서울특별시,11530,구로구,1153010600,고척동
20260224,11,서울특별시,11530,구로구,1153010600,고척동,11,서울특별시,11680,강남구,1168010100,역삼동,09,30,8,2616.0,11,서울특별시,11530,구로구,1153010600,고척동
20260224,11,서울특별시,11530,구로구,1153010600,고척동,11,서울특별시,11680,강남구,1168010100,역삼동,09,45,15,2789.0,11,서울특별시,11530,구로구,1153010600,고척동
20260224,11,서울특별시,11530,구로구,1153010600,고척동,11,서울특별시,11680,강남구,1168010100,역삼동,10,00,4,2983.0,11,서울특별시,11530,구로구,1153010600,고척동
20260224,11,서울특별시,11530,구로구,1153010600,고척동,11,서울특별시,11680,강남구,1168010100,역삼동,10,15,5,2613.0,11,서울특별시,11530,구로구,1153010600,고척동
20260224,11,서울특별시,11530,구로구,1153010600,고척동,11,서울특별시,11680,강남구,1168010100,역삼동,10,30,1,3543.0,11,서울특별시,11530,구로구,1153010600,고척동
20260224,11,서울특별시,11530,구로구,1153010600,고척동,11,서울특별시,11680,강남구,1168010100,역삼동,10,45,2,2774.0,11,서울특별시,11530,구로구,1153010600,고척동
20260224,11,서울특별시,11530,구로구,1153010600,고척동,11,서울특별시,11680,강남구,1168010100,역삼동,11,00,1,2800.0,11,서울특별시,11530,구로구,1153010600,고척동
20260224,11,서울특별시,11530,구로구,1153010600,고척동,11,서울특별시,11680,강남구,1168010100,역삼동,11,15,2,2993.0,11,서울특별시,11530,구로구,1153010600,고척동
20260224,11,서울특별시,11530,구로구,1153010600,고척동,11,서울특별시,11680,강남구,1168010100,역삼동,11,30,3,2889.0,11,서울특별시,11530,구로구,1153010600,고척동
20260224,11,서울특별시,11530,구로구,1153010600,고척동,11,서울특별시,11680,강남구,1168010100,역삼동,11,45,5,2597.0,11,서울특별시,11530,구로구,1153010600,고척동
20260224,11,서울특별시,11530,구로구,1153010700,개봉동,11,서울특별시,11680,강남구,1168010100,역삼동,07,00,58,2987.0,11,서울특별시,11530,구로구,1153010700,개봉동
20260224,11,서울특별시,11530,구로구,1153010700,개봉동,11,서울특별시,11680,강남구,1168010100,역삼동,07,15,60,3063.0,11,서울특별시,11530,구로구,1153010700,개봉동
20260224,11,서울특별시,11530,구로구,1153010700,개봉동,11,서울특별시,11680,강남구,1168010100,역삼동,07,30,80,3233.0,11,서울특별시,11530,구로구,1153010700,개봉동
20260224,11,서울특별시,11530,구로구,1153010700,개봉동,11,서울특별시,11680,강남구,1168010100,역삼동,07,45,78,3340.0,11,서울특별시,11530,구로구,1153010700,개봉동
20260224,11,서울특별시,11530,구로구,1153010700,개봉동,11,서울특별시,11680,강남구,1168010100,역삼동,08,00,35,3247.0,11,서울특별시,11530,구로구,1153010700,개봉동
20260224,11,서울특별시,11530,구로구,1153010700,개봉동,11,서울특별시,11680,강남구,1168010100,역삼동,08,15,48,3123.0,11,서울특별시,11530,구로구,1153010700,개봉동
20260224,11,서울특별시,11530,구로구,1153010700,개봉동,11,서울특별시,11680,강남구,1168010100,역삼동,08,30,53,2945.0,11,서울특별시,11530,구로구,1153010700,개봉동
20260224,11,서울특별시,11530,구로구,1153010700,개봉동,11,서울특별시,11680,강남구,1168010100,역삼동,08,45,53,2829.0,11,서울특별시,11530,구로구,1153010700,개봉동
20260224,11,서울특별시,11530,구로구,1153010700,개봉동,11,서울특별시,11680,강남구,1168010100,역삼동,09,00,46,2723.0,11,서울특별시,11530,구로구,1153010700,개봉동
20260224,11,서울특별시,11530,구로구,1153010700,개봉동,11,서울특별시,11680,강남구,1168010100,역삼동,09,15,21,2943.0,11,서울특별시,11530,구로구,1153010700,개봉동
20260224,11,서울특별시,11530,구로구,1153010700,개봉동,11,서울특별시,11680,강남구,1168010100,역삼동,09,30,25,2689.0,11,서울특별시,11530,구로구,1153010700,개봉동
20260224,11,서울특별시,11530,구로구,1153010700,개봉동,11,서울특별시,11680,강남구,1168010100,역삼동,09,45,10,2742.0,11,서울특별시,11530,구로구,1153010700,개봉동
20260224,11,서울특별시,11530,구로구,1153010700,개봉동,11,서울특별시,11680,강남구,1168010100,역삼동,10,00,15,2741.0,11,서울특별시,11530,구로구,1153010700,개봉동
20260224,11,서울특별시,11530,구로구,1153010700,개봉동,11,서울특별시,11680,강남구,1168010100,역삼동,10,15,3,2895.0,11,서울특별시,11530,구로구,1153010700,개봉동
20260224,11,서울특별시,11530,구로구,1153010700,개봉동,11,서울특별시,11680,강남구,1168010100,역삼동,10,30,9,2912.0,11,서울특별시,11530,구로구,1153010700,개봉동
20260224,11,서울특별시,11530,구로구,1153010700,개봉동,11,서울특별시,11680,강남구,1168010100,역삼동,10,45,4,2740.0,11,서울특별시,11530,구로구,1153010700,개봉동
20260224,11,서울특별시,11530,구로구,1153010700,개봉동,11,서울특별시,11680,강남구,1168010100,역삼동,11,00,7,2790.0,11,서울특별시,11530,구로구,1153010700,개봉동
20260224,11,서울특별시,11530,구로구,1153010700,개봉동,11,서울특별시,11680,강남구,1168010100,역삼동,11,15,5,2602.0,11,서울특별시,11530,구로구,1153010700,개봉동
20260224,11,서울특별시,11530,구로구,1153010700,개봉동,11,서울특별시,11680,강남구,1168010100,역삼동,11,30,8,2845.0,11,서울특별시,11530,구로구,1153010700,개봉동
20260224,11,서울특별시,11530,구로구,1153010700,개봉동,11,서울특별시,11680,강남구,1168010100,역삼동,11,45,7,3033.0,11,서울특별시,11530,구로구,1153010700,개봉동
20260224,11,서울특별시,11530,구로구,1153010800,오류동,11,서울특별시,11680,강남구,1168010100,역삼동,07,00,27,3212.0,11,서울특별시,11530,구로구,1153010800,오류동
20260224,11,서울특별시,11530,구로구,1153010800,오류동,11,서울특별시,11680,강남구,1168010100,역삼동,07,15,48,3189.0,11,서울특별시,11530,구로구,1153010800,오류동
20260224,11,서울특별시,11530,구로구,1153010800,오류동,11,서울특별시,11680,강남구,1168010100,역삼동,07,30,65,3325.0,11,서울특별시,11530,구로구,1153010800,오류동
20260224,11,서울특별시,11530,구로구,1153010800,오류동,11,서울특별시,11680,강남구,1168010100,역삼동,07,45,63,3354.0,11,서울특별시,11530,구로구,1153010800,오류동
20260224,11,서울특별시,11530,구로구,1153010800,오류동,11,서울특별시,11680,강남구,1168010100,역삼동,08,00,31,3305.0,11,서울특별시,11530,구로구,1153010800,오류동
20260224,11,서울특별시,11530,구로구,1153010800,오류동,11,서울특별시,11680,강남구,1168010100,역삼동,08,15,56,3127.0,11,서울특별시,11530,구로구,1153010800,오류동
20260224,11,서울특별시,11530,구로구,1153010800,오류동,11,서울특별시,11680,강남구,1168010100,역삼동,08,30,53,3036.0,11,서울특별시,11530,구로구,1153010800,오류동
20260224,11,서울특별시,11530,구로구,1153010800,오류동,11,서울특별시,11680,강남구,1168010100,역삼동,08,45,53,3106.0,11,서울특별시,11530,구로구,1153010800,오류동
20260224,11,서울특별시,11530,구로구,1153010800,오류동,11,서울특별시,11680,강남구,1168010100,역삼동,09,00,29,2892.0,11,서울특별시,11530,구로구,1153010800,오류동
20260224,11,서울특별시,11530,구로구,1153010800,오류동,11,서울특별시,11680,강남구,1168010100,역삼동,09,15,20,2933.0,11,서울특별시,11530,구로구,1153010800,오류동
20260224,11,서울특별시,11530,구로구,1153010800,오류동,11,서울특별시,11680,강남구,1168010100,역삼동,09,30,16,2831.0,11,서울특별시,11530,구로구,1153010800,오류동
20260224,11,서울특별시,11530,구로구,1153010800,오류동,11,서울특별시,11680,강남구,1168010100,역삼동,09,45,11,2964.0,11,서울특별시,11530,구로구,1153010800,오류동
20260224,11,서울특별시,11530,구로구,1153010800,오류동,11,서울특별시,11680,강남구,1168010100,역삼동,10,00,25,2922.0,11,서울특별시,11530,구로구,1153010800,오류동
20260224,11,서울특별시,11530,구로구,1153010800,오류동,11,서울특별시,11680,강남구,1168010100,역삼동,10,15,6,6397.0,11,서울특별시,11530,구로구,1153010800,오류동
20260224,11,서울특별시,11530,구로구,1153010800,오류동,11,서울특별시,11680,강남구,1168010100,역삼동,10,30,10,2992.0,11,서울특별시,11530,구로구,1153010800,오류동
20260224,11,서울특별시,11530,구로구,1153010800,오류동,11,서울특별시,11680,강남구,1168010100,역삼동,10,45,11,2854.0,11,서울특별시,11530,구로구,1153010800,오류동
20260224,11,서울특별시,11530,구로구,1153010800,오류동,11,서울특별시,11680,강남구,1168010100,역삼동,11,00,11,3550.0,11,서울특별시,11530,구로구,1153010800,오류동
20260224,11,서울특별시,11530,구로구,1153010800,오류동,11,서울특별시,11680,강남구,1168010100,역삼동,11,15,10,2801.0,11,서울특별시,11530,구로구,1153010800,오류동
20260224,11,서울특별시,11530,구로구,1153010800,오류동,11,서울특별시,11680,강남구,1168010100,역삼동,11,30,9,2853.0,11,서울특별시,11530,구로구,1153010800,오류동
20260224,11,서울특별시,11530,구로구,1153010800,오류동,11,서울특별시,11680,강남구,1168010100,역삼동,11,45,10,2934.0,11,서울특별시,11530,구로구,1153010800,오류동
20260224,11,서울특별시,11530,구로구,1153010900,궁동,11,서울특별시,11680,강남구,1168010100,역삼동,07,00,3,3759.0,11,서울특별시,11530,구로구,1153010900,궁동
20260224,11,서울특별시,11530,구로구,1153010900,궁동,11,서울특별시,11680,강남구,1168010100,역삼동,07,15,6,3402.0,11,서울특별시,11530,구로구,1153010900,궁동
20260224,11,서울특별시,11530,구로구,1153010900,궁동,11,서울특별시,11680,강남구,1168010100,역삼동,07,30,6,3950.0,11,서울특별시,11530,구로구,1153010900,궁동
20260224,11,서울특별시,11530,구로구,1153010900,궁동,11,서울특별시,11680,강남구,1168010100,역삼동,07,45,2,3135.0,11,서울특별시,11530,구로구,1153010900,궁동
20260224,11,서울특별시,11530,구로구,1153010900,궁동,11,서울특별시,11680,강남구,1168010100,역삼동,08,00,8,3183.0,11,서울특별시,11530,구로구,1153010900,궁동
20260224,11,서울특별시,11530,구로구,1153010900,궁동,11,서울특별시,11680,강남구,1168010100,역삼동,08,15,4,3447.0,11,서울특별시,11530,구로구,1153010900,궁동
20260224,11,서울특별시,11530,구로구,1153010900,궁동,11,서울특별시,11680,강남구,1168010100,역삼동,08,30,4,3545.0,11,서울특별시,11530,구로구,1153010900,궁동
20260224,11,서울특별시,11530,구로구,1153010900,궁동,11,서울특별시,11680,강남구,1168010100,역삼동,08,45,3,3337.0,11,서울특별시,11530,구로구,1153010900,궁동
20260224,11,서울특별시,11530,구로구,1153010900,궁동,11,서울특별시,11680,강남구,1168010100,역삼동,09,00,1,4337.0,11,서울특별시,11530,구로구,1153010900,궁동
20260224,11,서울특별시,11530,구로구,1153010900,궁동,11,서울특별시,11680,강남구,1168010100,역삼동,09,30,4,3782.0,11,서울특별시,11530,구로구,1153010900,궁동
20260224,11,서울특별시,11530,구로구,1153010900,궁동,11,서울특별시,11680,강남구,1168010100,역삼동,10,45,3,3162.0,11,서울특별시,11530,구로구,1153010900,궁동
20260224,11,서울특별시,11530,구로구,1153010900,궁동,11,서울특별시,11680,강남구,1168010100,역삼동,11,00,2,3072.0,11,서울특별시,11530,구로구,1153010900,궁동
20260224,11,서울특별시,11530,구로구,1153010900,궁동,11,서울특별시,11680,강남구,1168010100,역삼동,11,15,1,2889.0,11,서울특별시,11530,구로구,1153010900,궁동
20260224,11,서울특별시,11530,구로구,1153010900,궁동,11,서울특별시,11680,강남구,1168010100,역삼동,11,30,5,3699.0,11,서울특별시,11530,구로구,1153010900,궁동
20260224,11,서울특별시,11530,구로구,1153011000,온수동,11,서울특별시,11680,강남구,1168010100,역삼동,07,00,8,3703.0,11,서울특별시,11530,구로구,1153011000,온수동
20260224,11,서울특별시,11530,구로구,1153011000,온수동,11,서울특별시,11680,강남구,1168010100,역삼동,07,15,12,3347.0,11,서울특별시,11530,구로구,1153011000,온수동
20260224,11,서울특별시,11530,구로구,1153011000,온수동,11,서울특별시,11680,강남구,1168010100,역삼동,07,30,15,3650.0,11,서울특별시,11530,구로구,1153011000,온수동
20260224,11,서울특별시,11530,구로구,1153011000,온수동,11,서울특별시,11680,강남구,1168010100,역삼동,07,45,11,3435.0,11,서울특별시,11530,구로구,1153011000,온수동
20260224,11,서울특별시,11530,구로구,1153011000,온수동,11,서울특별시,11680,강남구,1168010100,역삼동,08,00,8,3416.0,11,서울특별시,11530,구로구,1153011000,온수동
20260224,11,서울특별시,11530,구로구,1153011000,온수동,11,서울특별시,11680,강남구,1168010100,역삼동,08,15,12,3459.0,11,서울특별시,11530,구로구,1153011000,온수동
20260224,11,서울특별시,11530,구로구,1153011000,온수동,11,서울특별시,11680,강남구,1168010100,역삼동,08,30,12,3232.0,11,서울특별시,11530,구로구,1153011000,온수동
20260224,11,서울특별시,11530,구로구,1153011000,온수동,11,서울특별시,11680,강남구,1168010100,역삼동,08,45,15,3387.0,11,서울특별시,11530,구로구,1153011000,온수동
20260224,11,서울특별시,11530,구로구,1153011000,온수동,11,서울특별시,11680,강남구,1168010100,역삼동,09,00,5,3240.0,11,서울특별시,11530,구로구,1153011000,온수동
20260224,11,서울특별시,11530,구로구,1153011000,온수동,11,서울특별시,11680,강남구,1168010100,역삼동,09,15,4,3324.0,11,서울특별시,11530,구로구,1153011000,온수동
20260224,11,서울특별시,11530,구로구,1153011000,온수동,11,서울특별시,11680,강남구,1168010100,역삼동,09,30,6,3253.0,11,서울특별시,11530,구로구,1153011000,온수동
20260224,11,서울특별시,11530,구로구,1153011000,온수동,11,서울특별시,11680,강남구,1168010100,역삼동,09,45,3,3233.0,11,서울특별시,11530,구로구,1153011000,온수동
20260224,11,서울특별시,11530,구로구,1153011000,온수동,11,서울특별시,11680,강남구,1168010100,역삼동,10,00,3,3207.0,11,서울특별시,11530,구로구,1153011000,온수동
20260224,11,서울특별시,11530,구로구,1153011000,온수동,11,서울특별시,11680,강남구,1168010100,역삼동,11,00,1,3156.0,11,서울특별시,11530,구로구,1153011000,온수동
20260224,11,서울특별시,11530,구로구,1153011000,온수동,11,서울특별시,11680,강남구,1168010100,역삼동,11,15,1,3317.0,11,서울특별시,11530,구로구,1153011000,온수동
20260224,11,서울특별시,11530,구로구,1153011000,온수동,11,서울특별시,11680,강남구,1168010100,역삼동,11,30,1,3001.0,11,서울특별시,11530,구로구,1153011000,온수동
20260224,11,서울특별시,11530,구로구,1153011000,온수동,11,서울특별시,11680,강남구,1168010100,역삼동,11,45,2,3333.0,11,서울특별시,11530,구로구,1153011000,온수동
20260224,11,서울특별시,11530,구로구,1153011100,천왕동,11,서울특별시,11680,강남구,1168010100,역삼동,07,00,3,4008.0,11,서울특별시,11530,구로구,1153011100,천왕동
20260224,11,서울특별시,11530,구로구,1153011100,천왕동,11,서울특별시,11680,강남구,1168010100,역삼동,07,15,4,3357.0,11,서울특별시,11530,구로구,1153011100,천왕동
20260224,11,서울특별시,11530,구로구,1153011100,천왕동,11,서울특별시,11680,강남구,1168010100,역삼동,07,30,6,3267.0,11,서울특별시,11530,구로구,1153011100,천왕동
20260224,11,서울특별시,11530,구로구,1153011100,천왕동,11,서울특별시,11680,강남구,1168010100,역삼동,07,45,4,3396.0,11,서울특별시,11530,구로구,1153011100,천왕동
20260224,11,서울특별시,11530,구로구,1153011100,천왕동,11,서울특별시,11680,강남구,1168010100,역삼동,08,00,1,3496.0,11,서울특별시,11530,구로구,1153011100,천왕동
20260224,11,서울특별시,11530,구로구,1153011100,천왕동,11,서울특별시,11680,강남구,1168010100,역삼동,08,15,3,3304.0,11,서울특별시,11530,구로구,1153011100,천왕동
20260224,11,서울특별시,11530,구로구,1153011100,천왕동,11,서울특별시,11680,강남구,1168010100,역삼동,08,30,1,3121.0,11,서울특별시,11530,구로구,1153011100,천왕동
20260224,11,서울특별시,11530,구로구,1153011100,천왕동,11,서울특별시,11680,강남구,1168010100,역삼동,08,45,8,3206.0,11,서울특별시,11530,구로구,1153011100,천왕동
20260224,11,서울특별시,11530,구로구,1153011100,천왕동,11,서울특별시,11680,강남구,1168010100,역삼동,09,00,2,3095.0,11,서울특별시,11530,구로구,1153011100,천왕동
20260224,11,서울특별시,11530,구로구,1153011100,천왕동,11,서울특별시,11680,강남구,1168010100,역삼동,09,15,1,3491.0,11,서울특별시,11530,구로구,1153011100,천왕동
20260224,11,서울특별시,11530,구로구,1153011100,천왕동,11,서울특별시,11680,강남구,1168010100,역삼동,09,45,1,2906.0,11,서울특별시,11530,구로구,1153011100,천왕동
20260224,11,서울특별시,11530,구로구,1153011100,천왕동,11,서울특별시,11680,강남구,1168010100,역삼동,10,30,1,2962.0,11,서울특별시,11530,구로구,1153011100,천왕동
20260224,11,서울특별시,11530,구로구,1153011100,천왕동,11,서울특별시,11680,강남구,1168010100,역삼동,11,15,1,2781.0,11,서울특별시,11530,구로구,1153011100,천왕동
20260224,11,서울특별시,11530,구로구,1153011100,천왕동,11,서울특별시,11680,강남구,1168010100,역삼동,11,45,1,3233.0,11,서울특별시,11530,구로구,1153011100,천왕동
20260224,11,서울특별시,11530,구로구,1153011200,항동,11,서울특별시,11680,강남구,1168010100,역삼동,07,00,7,3591.0,11,서울특별시,11530,구로구,1153011200,항동
20260224,11,서울특별시,11530,구로구,1153011200,항동,11,서울특별시,11680,강남구,1168010100,역삼동,07,15,9,3924.0,11,서울특별시,11530,구로구,1153011200,항동
20260224,11,서울특별시,11530,구로구,1153011200,항동,11,서울특별시,11680,강남구,1168010100,역삼동,07,30,15,3752.0,11,서울특별시,11530,구로구,1153011200,항동
20260224,11,서울특별시,11530,구로구,1153011200,항동,11,서울특별시,11680,강남구,1168010100,역삼동,07,45,3,3784.0,11,서울특별시,11530,구로구,1153011200,항동
20260224,11,서울특별시,11530,구로구,1153011200,항동,11,서울특별시,11680,강남구,1168010100,역삼동,08,00,8,3889.0,11,서울특별시,11530,구로구,1153011200,항동
20260224,11,서울특별시,11530,구로구,1153011200,항동,11,서울특별시,11680,강남구,1168010100,역삼동,08,15,4,3559.0,11,서울특별시,11530,구로구,1153011200,항동
20260224,11,서울특별시,11530,구로구,1153011200,항동,11,서울특별시,11680,강남구,1168010100,역삼동,08,30,8,3450.0,11,서울특별시,11530,구로구,1153011200,항동
20260224,11,서울특별시,11530,구로구,1153011200,항동,11,서울특별시,11680,강남구,1168010100,역삼동,08,45,4,3083.0,11,서울특별시,11530,구로구,1153011200,항동
20260224,11,서울특별시,11530,구로구,1153011200,항동,11,서울특별시,11680,강남구,1168010100,역삼동,09,00,4,3456.0,11,서울특별시,11530,구로구,1153011200,항동
20260224,11,서울특별시,11530,구로구,1153011200,항동,11,서울특별시,11680,강남구,1168010100,역삼동,09,15,5,3106.0,11,서울특별시,11530,구로구,1153011200,항동
20260224,11,서울특별시,11530,구로구,1153011200,항동,11,서울특별시,11680,강남구,1168010100,역삼동,09,30,1,3360.0,11,서울특별시,11530,구로구,1153011200,항동
20260224,11,서울특별시,11530,구로구,1153011200,항동,11,서울특별시,11680,강남구,1168010100,역삼동,10,15,2,3030.0,11,서울특별시,11530,구로구,1153011200,항동
20260224,11,서울특별시,11530,구로구,1153011200,항동,11,서울특별시,11680,강남구,1168010100,역삼동,10,45,2,3236.0,11,서울특별시,11530,구로구,1153011200,항동
20260224,11,서울특별시,11530,구로구,1153011200,항동,11,서울특별시,11680,강남구,1168010100,역삼동,11,30,3,3467.0,11,서울특별시,11530,구로구,1153011200,항동
20260224,11,서울특별시,11530,구로구,1153011200,항동,11,서울특별시,11680,강남구,1168010100,역삼동,11,45,2,3129.0,11,서울특별시,11530,구로구,1153011200,항동
20260224,11,서울특별시,11545,금천구,1154510100,가산동,11,서울특별시,11680,강남구,1168010100,역삼동,07,00,45,2481.0,11,서울특별시,11545,금천구,1154510100,가산동
20260224,11,서울특별시,11545,금천구,1154510100,가산동,11,서울특별시,11680,강남구,1168010100,역삼동,07,15,47,2651.0,11,서울특별시,11545,금천구,1154510100,가산동
20260224,11,서울특별시,11545,금천구,1154510100,가산동,11,서울특별시,11680,강남구,1168010100,역삼동,07,30,70,2628.0,11,서울특별시,11545,금천구,1154510100,가산동
20260224,11,서울특별시,11545,금천구,1154510100,가산동,11,서울특별시,11680,강남구,1168010100,역삼동,07,45,84,2736.0,11,서울특별시,11545,금천구,1154510100,가산동
20260224,11,서울특별시,11545,금천구,1154510100,가산동,11,서울특별시,11680,강남구,1168010100,역삼동,08,00,69,2714.0,11,서울특별시,11545,금천구,1154510100,가산동
20260224,11,서울특별시,11545,금천구,1154510100,가산동,11,서울특별시,11680,강남구,1168010100,역삼동,08,15,54,2662.0,11,서울특별시,11545,금천구,1154510100,가산동
20260224,11,서울특별시,11545,금천구,1154510100,가산동,11,서울특별시,11680,강남구,1168010100,역삼동,08,30,55,2519.0,11,서울특별시,11545,금천구,1154510100,가산동
20260224,11,서울특별시,11545,금천구,1154510100,가산동,11,서울특별시,11680,강남구,1168010100,역삼동,08,45,79,2528.0,11,서울특별시,11545,금천구,1154510100,가산동
20260224,11,서울특별시,11545,금천구,1154510100,가산동,11,서울특별시,11680,강남구,1168010100,역삼동,09,00,71,2425.0,11,서울특별시,11545,금천구,1154510100,가산동
20260224,11,서울특별시,11545,금천구,1154510100,가산동,11,서울특별시,11680,강남구,1168010100,역삼동,09,15,29,2415.0,11,서울특별시,11545,금천구,1154510100,가산동
20260224,11,서울특별시,11545,금천구,1154510100,가산동,11,서울특별시,11680,강남구,1168010100,역삼동,09,30,33,2471.0,11,서울특별시,11545,금천구,1154510100,가산동
20260224,11,서울특별시,11545,금천구,1154510100,가산동,11,서울특별시,11680,강남구,1168010100,역삼동,09,45,13,2417.0,11,서울특별시,11545,금천구,1154510100,가산동
20260224,11,서울특별시,11545,금천구,1154510100,가산동,11,서울특별시,11680,강남구,1168010100,역삼동,10,00,16,2337.0,11,서울특별시,11545,금천구,1154510100,가산동
20260224,11,서울특별시,11545,금천구,1154510100,가산동,11,서울특별시,11680,강남구,1168010100,역삼동,10,15,13,2526.0,11,서울특별시,11545,금천구,1154510100,가산동
20260224,11,서울특별시,11545,금천구,1154510100,가산동,11,서울특별시,11680,강남구,1168010100,역삼동,10,30,10,2736.0,11,서울특별시,11545,금천구,1154510100,가산동
20260224,11,서울특별시,11545,금천구,1154510100,가산동,11,서울특별시,11680,강남구,1168010100,역삼동,10,45,13,2620.0,11,서울특별시,11545,금천구,1154510100,가산동
20260224,11,서울특별시,11545,금천구,1154510100,가산동,11,서울특별시,11680,강남구,1168010100,역삼동,11,00,13,2765.0,11,서울특별시,11545,금천구,1154510100,가산동
20260224,11,서울특별시,11545,금천구,1154510100,가산동,11,서울특별시,11680,강남구,1168010100,역삼동,11,15,14,2350.0,11,서울특별시,11545,금천구,1154510100,가산동
20260224,11,서울특별시,11545,금천구,1154510100,가산동,11,서울특별시,11680,강남구,1168010100,역삼동,11,30,11,2460.0,11,서울특별시,11545,금천구,1154510100,가산동
20260224,11,서울특별시,11545,금천구,1154510100,가산동,11,서울특별시,11680,강남구,1168010100,역삼동,11,45,13,2837.0,11,서울특별시,11545,금천구,1154510100,가산동
20260224,11,서울특별시,11545,금천구,1154510200,독산동,11,서울특별시,11680,강남구,1168010100,역삼동,07,00,67,2184.0,11,서울특별시,11545,금천구,1154510200,독산동
20260224,11,서울특별시,11545,금천구,1154510200,독산동,11,서울특별시,11680,강남구,1168010100,역삼동,07,15,62,2277.0,11,서울특별시,11545,금천구,1154510200,독산동
20260224,11,서울특별시,11545,금천구,1154510200,독산동,11,서울특별시,11680,강남구,1168010100,역삼동,07,30,104,2256.0,11,서울특별시,11545,금천구,1154510200,독산동
20260224,11,서울특별시,11545,금천구,1154510200,독산동,11,서울특별시,11680,강남구,1168010100,역삼동,07,45,140,2457.0,11,서울특별시,11545,금천구,1154510200,독산동
20260224,11,서울특별시,11545,금천구,1154510200,독산동,11,서울특별시,11680,강남구,1168010100,역삼동,08,00,136,2466.0,11,서울특별시,11545,금천구,1154510200,독산동
20260224,11,서울특별시,11545,금천구,1154510200,독산동,11,서울특별시,11680,강남구,1168010100,역삼동,08,15,90,2323.0,11,서울특별시,11545,금천구,1154510200,독산동
20260224,11,서울특별시,11545,금천구,1154510200,독산동,11,서울특별시,11680,강남구,1168010100,역삼동,08,30,115,2205.0,11,서울특별시,11545,금천구,1154510200,독산동
20260224,11,서울특별시,11545,금천구,1154510200,독산동,11,서울특별시,11680,강남구,1168010100,역삼동,08,45,111,2264.0,11,서울특별시,11545,금천구,1154510200,독산동
20260224,11,서울특별시,11545,금천구,1154510200,독산동,11,서울특별시,11680,강남구,1168010100,역삼동,09,00,90,2204.0,11,서울특별시,11545,금천구,1154510200,독산동
20260224,11,서울특별시,11545,금천구,1154510200,독산동,11,서울특별시,11680,강남구,1168010100,역삼동,09,15,58,2151.0,11,서울특별시,11545,금천구,1154510200,독산동
20260224,11,서울특별시,11545,금천구,1154510200,독산동,11,서울특별시,11680,강남구,1168010100,역삼동,09,30,34,2063.0,11,서울특별시,11545,금천구,1154510200,독산동
20260224,11,서울특별시,11545,금천구,1154510200,독산동,11,서울특별시,11680,강남구,1168010100,역삼동,09,45,29,2003.0,11,서울특별시,11545,금천구,1154510200,독산동
20260224,11,서울특별시,11545,금천구,1154510200,독산동,11,서울특별시,11680,강남구,1168010100,역삼동,10,00,23,2147.0,11,서울특별시,11545,금천구,1154510200,독산동
20260224,11,서울특별시,11545,금천구,1154510200,독산동,11,서울특별시,11680,강남구,1168010100,역삼동,10,15,14,1922.0,11,서울특별시,11545,금천구,1154510200,독산동
20260224,11,서울특별시,11545,금천구,1154510200,독산동,11,서울특별시,11680,강남구,1168010100,역삼동,10,30,13,2009.0,11,서울특별시,11545,금천구,1154510200,독산동
20260224,11,서울특별시,11545,금천구,1154510200,독산동,11,서울특별시,11680,강남구,1168010100,역삼동,10,45,18,2139.0,11,서울특별시,11545,금천구,1154510200,독산동
20260224,11,서울특별시,11545,금천구,1154510200,독산동,11,서울특별시,11680,강남구,1168010100,역삼동,11,00,6,1917.0,11,서울특별시,11545,금천구,1154510200,독산동
20260224,11,서울특별시,11545,금천구,1154510200,독산동,11,서울특별시,11680,강남구,1168010100,역삼동,11,15,9,2087.0,11,서울특별시,11545,금천구,1154510200,독산동
20260224,11,서울특별시,11545,금천구,1154510200,독산동,11,서울특별시,11680,강남구,1168010100,역삼동,11,30,6,2105.0,11,서울특별시,11545,금천구,1154510200,독산동
20260224,11,서울특별시,11545,금천구,1154510200,독산동,11,서울특별시,11680,강남구,1168010100,역삼동,11,45,9,2135.0,11,서울특별시,11545,금천구,1154510200,독산동
20260224,11,서울특별시,11545,금천구,1154510300,시흥동,11,서울특별시,11680,강남구,1168010100,역삼동,07,00,49,2765.0,11,서울특별시,11545,금천구,1154510300,시흥동
20260224,11,서울특별시,11545,금천구,1154510300,시흥동,11,서울특별시,11680,강남구,1168010100,역삼동,07,15,51,2699.0,11,서울특별시,11545,금천구,1154510300,시흥동
20260224,11,서울특별시,11545,금천구,1154510300,시흥동,11,서울특별시,11680,강남구,1168010100,역삼동,07,30,80,3012.0,11,서울특별시,11545,금천구,1154510300,시흥동
20260224,11,서울특별시,11545,금천구,1154510300,시흥동,11,서울특별시,11680,강남구,1168010100,역삼동,07,45,70,3119.0,11,서울특별시,11545,금천구,1154510300,시흥동
20260224,11,서울특별시,11545,금천구,1154510300,시흥동,11,서울특별시,11680,강남구,1168010100,역삼동,08,00,46,3027.0,11,서울특별시,11545,금천구,1154510300,시흥동
20260224,11,서울특별시,11545,금천구,1154510300,시흥동,11,서울특별시,11680,강남구,1168010100,역삼동,08,15,46,2794.0,11,서울특별시,11545,금천구,1154510300,시흥동
20260224,11,서울특별시,11545,금천구,1154510300,시흥동,11,서울특별시,11680,강남구,1168010100,역삼동,08,30,54,2759.0,11,서울특별시,11545,금천구,1154510300,시흥동
20260224,11,서울특별시,11545,금천구,1154510300,시흥동,11,서울특별시,11680,강남구,1168010100,역삼동,08,45,56,2810.0,11,서울특별시,11545,금천구,1154510300,시흥동
20260224,11,서울특별시,11545,금천구,1154510300,시흥동,11,서울특별시,11680,강남구,1168010100,역삼동,09,00,46,2740.0,11,서울특별시,11545,금천구,1154510300,시흥동
20260224,11,서울특별시,11545,금천구,1154510300,시흥동,11,서울특별시,11680,강남구,1168010100,역삼동,09,15,14,2645.0,11,서울특별시,11545,금천구,1154510300,시흥동
20260224,11,서울특별시,11545,금천구,1154510300,시흥동,11,서울특별시,11680,강남구,1168010100,역삼동,09,30,22,2569.0,11,서울특별시,11545,금천구,1154510300,시흥동
20260224,11,서울특별시,11545,금천구,1154510300,시흥동,11,서울특별시,11680,강남구,1168010100,역삼동,09,45,12,2828.0,11,서울특별시,11545,금천구,1154510300,시흥동
20260224,11,서울특별시,11545,금천구,1154510300,시흥동,11,서울특별시,11680,강남구,1168010100,역삼동,10,00,15,2519.0,11,서울특별시,11545,금천구,1154510300,시흥동
20260224,11,서울특별시,11545,금천구,1154510300,시흥동,11,서울특별시,11680,강남구,1168010100,역삼동,10,15,6,2873.0,11,서울특별시,11545,금천구,1154510300,시흥동
20260224,11,서울특별시,11545,금천구,1154510300,시흥동,11,서울특별시,11680,강남구,1168010100,역삼동,10,30,6,2777.0,11,서울특별시,11545,금천구,1154510300,시흥동
20260224,11,서울특별시,11545,금천구,1154510300,시흥동,11,서울특별시,11680,강남구,1168010100,역삼동,10,45,6,2629.0,11,서울특별시,11545,금천구,1154510300,시흥동
20260224,11,서울특별시,11545,금천구,1154510300,시흥동,11,서울특별시,11680,강남구,1168010100,역삼동,11,00,11,2727.0,11,서울특별시,11545,금천구,1154510300,시흥동
20260224,11,서울특별시,11545,금천구,1154510300,시흥동,11,서울특별시,11680,강남구,1168010100,역삼동,11,15,6,2438.0,11,서울특별시,11545,금천구,1154510300,시흥동
20260224,11,서울특별시,11545,금천구,1154510300,시흥동,11,서울특별시,11680,강남구,1168010100,역삼동,11,30,3,2740.0,11,서울특별시,11545,금천구,1154510300,시흥동
20260224,11,서울특별시,11545,금천구,1154510300,시흥동,11,서울특별시,11680,강남구,1168010100,역삼동,11,45,9,2668.0,11,서울특별시,11545,금천구,1154510300,시흥동
20260224,11,서울특별시,11560,영등포구,1156010100,영등포동,11,서울특별시,11680,강남구,1168010100,역삼동,07,00,4,2833.0,11,서울특별시,11560,영등포구,1156010100,영등포동
20260224,11,서울특별시,11560,영등포구,1156010100,영등포동,11,서울특별시,11680,강남구,1168010100,역삼동,07,15,23,2761.0,11,서울특별시,11560,영등포구,1156010100,영등포동
20260224,11,서울특별시,11560,영등포구,1156010100,영등포동,11,서울특별시,11680,강남구,1168010100,역삼동,07,30,25,2693.0,11,서울특별시,11560,영등포구,1156010100,영등포동
20260224,11,서울특별시,11560,영등포구,1156010100,영등포동,11,서울특별시,11680,강남구,1168010100,역삼동,07,45,30,2931.0,11,서울특별시,11560,영등포구,1156010100,영등포동
20260224,11,서울특별시,11560,영등포구,1156010100,영등포동,11,서울특별시,11680,강남구,1168010100,역삼동,08,00,13,2632.0,11,서울특별시,11560,영등포구,1156010100,영등포동
20260224,11,서울특별시,11560,영등포구,1156010100,영등포동,11,서울특별시,11680,강남구,1168010100,역삼동,08,15,18,2559.0,11,서울특별시,11560,영등포구,1156010100,영등포동
20260224,11,서울특별시,11560,영등포구,1156010100,영등포동,11,서울특별시,11680,강남구,1168010100,역삼동,08,30,22,2474.0,11,서울특별시,11560,영등포구,1156010100,영등포동
20260224,11,서울특별시,11560,영등포구,1156010100,영등포동,11,서울특별시,11680,강남구,1168010100,역삼동,08,45,17,2379.0,11,서울특별시,11560,영등포구,1156010100,영등포동
20260224,11,서울특별시,11560,영등포구,1156010100,영등포동,11,서울특별시,11680,강남구,1168010100,역삼동,09,00,19,2366.0,11,서울특별시,11560,영등포구,1156010100,영등포동
20260224,11,서울특별시,11560,영등포구,1156010100,영등포동,11,서울특별시,11680,강남구,1168010100,역삼동,09,15,12,2369.0,11,서울특별시,11560,영등포구,1156010100,영등포동
20260224,11,서울특별시,11560,영등포구,1156010100,영등포동,11,서울특별시,11680,강남구,1168010100,역삼동,09,30,10,2349.0,11,서울특별시,11560,영등포구,1156010100,영등포동
20260224,11,서울특별시,11560,영등포구,1156010100,영등포동,11,서울특별시,11680,강남구,1168010100,역삼동,09,45,7,2263.0,11,서울특별시,11560,영등포구,1156010100,영등포동
20260224,11,서울특별시,11560,영등포구,1156010100,영등포동,11,서울특별시,11680,강남구,1168010100,역삼동,10,00,11,2338.0,11,서울특별시,11560,영등포구,1156010100,영등포동
20260224,11,서울특별시,11560,영등포구,1156010100,영등포동,11,서울특별시,11680,강남구,1168010100,역삼동,10,15,6,2267.0,11,서울특별시,11560,영등포구,1156010100,영등포동
20260224,11,서울특별시,11560,영등포구,1156010100,영등포동,11,서울특별시,11680,강남구,1168010100,역삼동,10,30,3,2107.0,11,서울특별시,11560,영등포구,1156010100,영등포동
20260224,11,서울특별시,11560,영등포구,1156010100,영등포동,11,서울특별시,11680,강남구,1168010100,역삼동,10,45,9,3627.0,11,서울특별시,11560,영등포구,1156010100,영등포동
20260224,11,서울특별시,11560,영등포구,1156010100,영등포동,11,서울특별시,11680,강남구,1168010100,역삼동,11,00,12,2530.0,11,서울특별시,11560,영등포구,1156010100,영등포동
20260224,11,서울특별시,11560,영등포구,1156010100,영등포동,11,서울특별시,11680,강남구,1168010100,역삼동,11,15,8,2353.0,11,서울특별시,11560,영등포구,1156010100,영등포동
20260224,11,서울특별시,11560,영등포구,1156010100,영등포동,11,서울특별시,11680,강남구,1168010100,역삼동,11,30,3,2483.0,11,서울특별시,11560,영등포구,1156010100,영등포동
20260224,11,서울특별시,11560,영등포구,1156010100,영등포동,11,서울특별시,11680,강남구,1168010100,역삼동,11,45,8,2422.0,11,서울특별시,11560,영등포구,1156010100,영등포동
20260224,11,서울특별시,11560,영등포구,1156010200,영등포동1가,11,서울특별시,11680,강남구,1168010100,역삼동,07,00,6,1883.0,11,서울특별시,11560,영등포구,1156010200,영등포동1가
20260224,11,서울특별시,11560,영등포구,1156010200,영등포동1가,11,서울특별시,11680,강남구,1168010100,역삼동,07,15,4,1794.0,11,서울특별시,11560,영등포구,1156010200,영등포동1가
20260224,11,서울특별시,11560,영등포구,1156010200,영등포동1가,11,서울특별시,11680,강남구,1168010100,역삼동,07,30,4,2733.0,11,서울특별시,11560,영등포구,1156010200,영등포동1가
20260224,11,서울특별시,11560,영등포구,1156010200,영등포동1가,11,서울특별시,11680,강남구,1168010100,역삼동,07,45,8,2477.0,11,서울특별시,11560,영등포구,1156010200,영등포동1가
20260224,11,서울특별시,11560,영등포구,1156010200,영등포동1가,11,서울특별시,11680,강남구,1168010100,역삼동,08,00,10,1898.0,11,서울특별시,11560,영등포구,1156010200,영등포동1가
20260224,11,서울특별시,11560,영등포구,1156010200,영등포동1가,11,서울특별시,11680,강남구,1168010100,역삼동,08,15,5,1866.0,11,서울특별시,11560,영등포구,1156010200,영등포동1가
20260224,11,서울특별시,11560,영등포구,1156010200,영등포동1가,11,서울특별시,11680,강남구,1168010100,역삼동,08,30,10,2001.0,11,서울특별시,11560,영등포구,1156010200,영등포동1가
20260224,11,서울특별시,11560,영등포구,1156010200,영등포동1가,11,서울특별시,11680,강남구,1168010100,역삼동,08,45,2,1929.0,11,서울특별시,11560,영등포구,1156010200,영등포동1가
20260224,11,서울특별시,11560,영등포구,1156010200,영등포동1가,11,서울특별시,11680,강남구,1168010100,역삼동,09,00,6,2243.0,11,서울특별시,11560,영등포구,1156010200,영등포동1가
20260224,11,서울특별시,11560,영등포구,1156010200,영등포동1가,11,서울특별시,11680,강남구,1168010100,역삼동,09,15,4,1499.0,11,서울특별시,11560,영등포구,1156010200,영등포동1가
20260224,11,서울특별시,11560,영등포구,1156010200,영등포동1가,11,서울특별시,11680,강남구,1168010100,역삼동,09,30,3,1574.0,11,서울특별시,11560,영등포구,1156010200,영등포동1가
20260224,11,서울특별시,11560,영등포구,1156010200,영등포동1가,11,서울특별시,11680,강남구,1168010100,역삼동,09,45,1,1728.0,11,서울특별시,11560,영등포구,1156010200,영등포동1가
20260224,11,서울특별시,11560,영등포구,1156010200,영등포동1가,11,서울특별시,11680,강남구,1168010100,역삼동,10,00,1,1365.0,11,서울특별시,11560,영등포구,1156010200,영등포동1가
20260224,11,서울특별시,11560,영등포구,1156010200,영등포동1가,11,서울특별시,11680,강남구,1168010100,역삼동,10,15,3,2022.0,11,서울특별시,11560,영등포구,1156010200,영등포동1가
20260224,11,서울특별시,11560,영등포구,1156010200,영등포동1가,11,서울특별시,11680,강남구,1168010100,역삼동,10,30,2,1280.0,11,서울특별시,11560,영등포구,1156010200,영등포동1가
20260224,11,서울특별시,11560,영등포구,1156010200,영등포동1가,11,서울특별시,11680,강남구,1168010100,역삼동,10,45,2,1314.0,11,서울특별시,11560,영등포구,1156010200,영등포동1가
20260224,11,서울특별시,11560,영등포구,1156010300,영등포동2가,11,서울특별시,11680,강남구,1168010100,역삼동,07,00,3,2785.0,11,서울특별시,11560,영등포구,1156010300,영등포동2가
20260224,11,서울특별시,11560,영등포구,1156010300,영등포동2가,11,서울특별시,11680,강남구,1168010100,역삼동,07,30,3,3192.0,11,서울특별시,11560,영등포구,1156010300,영등포동2가
20260224,11,서울특별시,11560,영등포구,1156010300,영등포동2가,11,서울특별시,11680,강남구,1168010100,역삼동,07,45,3,3279.0,11,서울특별시,11560,영등포구,1156010300,영등포동2가
20260224,11,서울특별시,11560,영등포구,1156010300,영등포동2가,11,서울특별시,11680,강남구,1168010100,역삼동,08,00,1,3314.0,11,서울특별시,11560,영등포구,1156010300,영등포동2가
20260224,11,서울특별시,11560,영등포구,1156010300,영등포동2가,11,서울특별시,11680,강남구,1168010100,역삼동,08,15,3,2923.0,11,서울특별시,11560,영등포구,1156010300,영등포동2가
20260224,11,서울특별시,11560,영등포구,1156010300,영등포동2가,11,서울특별시,11680,강남구,1168010100,역삼동,08,30,1,3278.0,11,서울특별시,11560,영등포구,1156010300,영등포동2가
20260224,11,서울특별시,11560,영등포구,1156010300,영등포동2가,11,서울특별시,11680,강남구,1168010100,역삼동,09,00,1,2593.0,11,서울특별시,11560,영등포구,1156010300,영등포동2가
20260224,11,서울특별시,11560,영등포구,1156010300,영등포동2가,11,서울특별시,11680,강남구,1168010100,역삼동,09,45,1,2520.0,11,서울특별시,11560,영등포구,1156010300,영등포동2가
20260224,11,서울특별시,11560,영등포구,1156010300,영등포동2가,11,서울특별시,11680,강남구,1168010100,역삼동,10,15,1,3166.0,11,서울특별시,11560,영등포구,1156010300,영등포동2가
20260224,11,서울특별시,11560,영등포구,1156010300,영등포동2가,11,서울특별시,11680,강남구,1168010100,역삼동,11,00,2,2668.0,11,서울특별시,11560,영등포구,1156010300,영등포동2가
20260224,11,서울특별시,11560,영등포구,1156010400,영등포동3가,11,서울특별시,11680,강남구,1168010100,역삼동,07,15,2,3112.0,11,서울특별시,11560,영등포구,1156010400,영등포동3가
20260224,11,서울특별시,11560,영등포구,1156010400,영등포동3가,11,서울특별시,11680,강남구,1168010100,역삼동,07,30,1,3305.0,11,서울특별시,11560,영등포구,1156010400,영등포동3가
20260224,11,서울특별시,11560,영등포구,1156010400,영등포동3가,11,서울특별시,11680,강남구,1168010100,역삼동,07,45,2,2653.0,11,서울특별시,11560,영등포구,1156010400,영등포동3가
20260224,11,서울특별시,11560,영등포구,1156010400,영등포동3가,11,서울특별시,11680,강남구,1168010100,역삼동,08,00,3,2441.0,11,서울특별시,11560,영등포구,1156010400,영등포동3가
20260224,11,서울특별시,11560,영등포구,1156010400,영등포동3가,11,서울특별시,11680,강남구,1168010100,역삼동,08,30,2,2647.0,11,서울특별시,11560,영등포구,1156010400,영등포동3가
20260224,11,서울특별시,11560,영등포구,1156010400,영등포동3가,11,서울특별시,11680,강남구,1168010100,역삼동,08,45,1,2041.0,11,서울특별시,11560,영등포구,1156010400,영등포동3가
20260224,11,서울특별시,11560,영등포구,1156010400,영등포동3가,11,서울특별시,11680,강남구,1168010100,역삼동,09,00,1,1455.0,11,서울특별시,11560,영등포구,1156010400,영등포동3가
20260224,11,서울특별시,11560,영등포구,1156010400,영등포동3가,11,서울특별시,11680,강남구,1168010100,역삼동,09,30,1,2123.0,11,서울특별시,11560,영등포구,1156010400,영등포동3가
20260224,11,서울특별시,11560,영등포구,1156010400,영등포동3가,11,서울특별시,11680,강남구,1168010100,역삼동,09,45,1,1702.0,11,서울특별시,11560,영등포구,1156010400,영등포동3가
20260224,11,서울특별시,11560,영등포구,1156010400,영등포동3가,11,서울특별시,11680,강남구,1168010100,역삼동,10,15,1,2900.0,11,서울특별시,11560,영등포구,1156010400,영등포동3가
20260224,11,서울특별시,11560,영등포구,1156010400,영등포동3가,11,서울특별시,11680,강남구,1168010100,역삼동,11,15,1,5546.0,11,서울특별시,11560,영등포구,1156010400,영등포동3가
20260224,11,서울특별시,11560,영등포구,1156010500,영등포동4가,11,서울특별시,11680,강남구,1168010100,역삼동,08,00,1,2411.0,11,서울특별시,11560,영등포구,1156010500,영등포동4가
20260224,11,서울특별시,11560,영등포구,1156010500,영등포동4가,11,서울특별시,11680,강남구,1168010100,역삼동,09,00,1,1819.0,11,서울특별시,11560,영등포구,1156010500,영등포동4가
20260224,11,서울특별시,11560,영등포구,1156010500,영등포동4가,11,서울특별시,11680,강남구,1168010100,역삼동,09,15,1,2800.0,11,서울특별시,11560,영등포구,1156010500,영등포동4가
20260224,11,서울특별시,11560,영등포구,1156010500,영등포동4가,11,서울특별시,11680,강남구,1168010100,역삼동,10,15,1,2155.0,11,서울특별시,11560,영등포구,1156010500,영등포동4가
20260224,11,서울특별시,11560,영등포구,1156010500,영등포동4가,11,서울특별시,11680,강남구,1168010100,역삼동,11,30,1,3249.0,11,서울특별시,11560,영등포구,1156010500,영등포동4가
20260224,11,서울특별시,11560,영등포구,1156010700,영등포동6가,11,서울특별시,11680,강남구,1168010100,역삼동,07,45,1,2811.0,11,서울특별시,11560,영등포구,1156010700,영등포동6가
20260224,11,서울특별시,11560,영등포구,1156010700,영등포동6가,11,서울특별시,11680,강남구,1168010100,역삼동,08,00,1,3145.0,11,서울특별시,11560,영등포구,1156010700,영등포동6가
20260224,11,서울특별시,11560,영등포구,1156010800,영등포동7가,11,서울특별시,11680,강남구,1168010100,역삼동,07,00,14,2337.0,11,서울특별시,11560,영등포구,1156010800,영등포동7가
20260224,11,서울특별시,11560,영등포구,1156010800,영등포동7가,11,서울특별시,11680,강남구,1168010100,역삼동,07,15,7,2563.0,11,서울특별시,11560,영등포구,1156010800,영등포동7가
20260224,11,서울특별시,11560,영등포구,1156010800,영등포동7가,11,서울특별시,11680,강남구,1168010100,역삼동,07,30,18,2661.0,11,서울특별시,11560,영등포구,1156010800,영등포동7가
20260224,11,서울특별시,11560,영등포구,1156010800,영등포동7가,11,서울특별시,11680,강남구,1168010100,역삼동,07,45,19,2808.0,11,서울특별시,11560,영등포구,1156010800,영등포동7가
20260224,11,서울특별시,11560,영등포구,1156010800,영등포동7가,11,서울특별시,11680,강남구,1168010100,역삼동,08,00,16,2772.0,11,서울특별시,11560,영등포구,1156010800,영등포동7가
20260224,11,서울특별시,11560,영등포구,1156010800,영등포동7가,11,서울특별시,11680,강남구,1168010100,역삼동,08,15,11,2570.0,11,서울특별시,11560,영등포구,1156010800,영등포동7가
20260224,11,서울특별시,11560,영등포구,1156010800,영등포동7가,11,서울특별시,11680,강남구,1168010100,역삼동,08,30,24,2681.0,11,서울특별시,11560,영등포구,1156010800,영등포동7가
20260224,11,서울특별시,11560,영등포구,1156010800,영등포동7가,11,서울특별시,11680,강남구,1168010100,역삼동,08,45,15,2369.0,11,서울특별시,11560,영등포구,1156010800,영등포동7가
20260224,11,서울특별시,11560,영등포구,1156010800,영등포동7가,11,서울특별시,11680,강남구,1168010100,역삼동,09,00,22,2488.0,11,서울특별시,11560,영등포구,1156010800,영등포동7가
20260224,11,서울특별시,11560,영등포구,1156010800,영등포동7가,11,서울특별시,11680,강남구,1168010100,역삼동,09,15,10,2229.0,11,서울특별시,11560,영등포구,1156010800,영등포동7가
20260224,11,서울특별시,11560,영등포구,1156010800,영등포동7가,11,서울특별시,11680,강남구,1168010100,역삼동,09,30,14,2343.0,11,서울특별시,11560,영등포구,1156010800,영등포동7가
20260224,11,서울특별시,11560,영등포구,1156010800,영등포동7가,11,서울특별시,11680,강남구,1168010100,역삼동,09,45,2,2076.0,11,서울특별시,11560,영등포구,1156010800,영등포동7가
20260224,11,서울특별시,11560,영등포구,1156010800,영등포동7가,11,서울특별시,11680,강남구,1168010100,역삼동,10,00,3,2288.0,11,서울특별시,11560,영등포구,1156010800,영등포동7가
20260224,11,서울특별시,11560,영등포구,1156010800,영등포동7가,11,서울특별시,11680,강남구,1168010100,역삼동,10,15,4,1911.0,11,서울특별시,11560,영등포구,1156010800,영등포동7가
20260224,11,서울특별시,11560,영등포구,1156010800,영등포동7가,11,서울특별시,11680,강남구,1168010100,역삼동,10,30,4,2281.0,11,서울특별시,11560,영등포구,1156010800,영등포동7가
20260224,11,서울특별시,11560,영등포구,1156010800,영등포동7가,11,서울특별시,11680,강남구,1168010100,역삼동,10,45,6,2035.0,11,서울특별시,11560,영등포구,1156010800,영등포동7가
20260224,11,서울특별시,11560,영등포구,1156010800,영등포동7가,11,서울특별시,11680,강남구,1168010100,역삼동,11,00,6,2358.0,11,서울특별시,11560,영등포구,1156010800,영등포동7가
20260224,11,서울특별시,11560,영등포구,1156010800,영등포동7가,11,서울특별시,11680,강남구,1168010100,역삼동,11,15,2,2937.0,11,서울특별시,11560,영등포구,1156010800,영등포동7가
20260224,11,서울특별시,11560,영등포구,1156010800,영등포동7가,11,서울특별시,11680,강남구,1168010100,역삼동,11,30,5,2666.0,11,서울특별시,11560,영등포구,1156010800,영등포동7가
20260224,11,서울특별시,11560,영등포구,1156010800,영등포동7가,11,서울특별시,11680,강남구,1168010100,역삼동,11,45,4,2483.0,11,서울특별시,11560,영등포구,1156010800,영등포동7가
20260224,11,서울특별시,11560,영등포구,1156010900,영등포동8가,11,서울특별시,11680,강남구,1168010100,역삼동,07,00,4,2602.0,11,서울특별시,11560,영등포구,1156010900,영등포동8가
20260224,11,서울특별시,11560,영등포구,1156010900,영등포동8가,11,서울특별시,11680,강남구,1168010100,역삼동,07,15,3,1757.0,11,서울특별시,11560,영등포구,1156010900,영등포동8가
20260224,11,서울특별시,11560,영등포구,1156010900,영등포동8가,11,서울특별시,11680,강남구,1168010100,역삼동,07,30,7,2368.0,11,서울특별시,11560,영등포구,1156010900,영등포동8가
20260224,11,서울특별시,11560,영등포구,1156010900,영등포동8가,11,서울특별시,11680,강남구,1168010100,역삼동,07,45,11,2858.0,11,서울특별시,11560,영등포구,1156010900,영등포동8가
20260224,11,서울특별시,11560,영등포구,1156010900,영등포동8가,11,서울특별시,11680,강남구,1168010100,역삼동,08,00,8,2234.0,11,서울특별시,11560,영등포구,1156010900,영등포동8가
20260224,11,서울특별시,11560,영등포구,1156010900,영등포동8가,11,서울특별시,11680,강남구,1168010100,역삼동,08,15,10,2134.0,11,서울특별시,11560,영등포구,1156010900,영등포동8가
20260224,11,서울특별시,11560,영등포구,1156010900,영등포동8가,11,서울특별시,11680,강남구,1168010100,역삼동,08,30,8,2078.0,11,서울특별시,11560,영등포구,1156010900,영등포동8가
20260224,11,서울특별시,11560,영등포구,1156010900,영등포동8가,11,서울특별시,11680,강남구,1168010100,역삼동,08,45,7,2466.0,11,서울특별시,11560,영등포구,1156010900,영등포동8가
20260224,11,서울특별시,11560,영등포구,1156010900,영등포동8가,11,서울특별시,11680,강남구,1168010100,역삼동,09,00,9,2270.0,11,서울특별시,11560,영등포구,1156010900,영등포동8가
20260224,11,서울특별시,11560,영등포구,1156010900,영등포동8가,11,서울특별시,11680,강남구,1168010100,역삼동,09,15,6,2163.0,11,서울특별시,11560,영등포구,1156010900,영등포동8가
20260224,11,서울특별시,11560,영등포구,1156010900,영등포동8가,11,서울특별시,11680,강남구,1168010100,역삼동,09,30,6,1737.0,11,서울특별시,11560,영등포구,1156010900,영등포동8가
20260224,11,서울특별시,11560,영등포구,1156010900,영등포동8가,11,서울특별시,11680,강남구,1168010100,역삼동,10,00,1,2654.0,11,서울특별시,11560,영등포구,1156010900,영등포동8가
20260224,11,서울특별시,11560,영등포구,1156010900,영등포동8가,11,서울특별시,11680,강남구,1168010100,역삼동,10,15,3,1675.0,11,서울특별시,11560,영등포구,1156010900,영등포동8가
20260224,11,서울특별시,11560,영등포구,1156010900,영등포동8가,11,서울특별시,11680,강남구,1168010100,역삼동,10,30,1,1210.0,11,서울특별시,11560,영등포구,1156010900,영등포동8가
20260224,11,서울특별시,11560,영등포구,1156010900,영등포동8가,11,서울특별시,11680,강남구,1168010100,역삼동,10,45,2,2195.0,11,서울특별시,11560,영등포구,1156010900,영등포동8가
20260224,11,서울특별시,11560,영등포구,1156010900,영등포동8가,11,서울특별시,11680,강남구,1168010100,역삼동,11,30,2,1903.0,11,서울특별시,11560,영등포구,1156010900,영등포동8가
20260224,11,서울특별시,11560,영등포구,1156011000,여의도동,11,서울특별시,11680,강남구,1168010100,역삼동,07,00,22,2145.0,11,서울특별시,11560,영등포구,1156011000,여의도동
20260224,11,서울특별시,11560,영등포구,1156011000,여의도동,11,서울특별시,11680,강남구,1168010100,역삼동,07,15,17,1657.0,11,서울특별시,11560,영등포구,1156011000,여의도동
20260224,11,서울특별시,11560,영등포구,1156011000,여의도동,11,서울특별시,11680,강남구,1168010100,역삼동,07,30,23,1951.0,11,서울특별시,11560,영등포구,1156011000,여의도동
20260224,11,서울특별시,11560,영등포구,1156011000,여의도동,11,서울특별시,11680,강남구,1168010100,역삼동,07,45,25,1997.0,11,서울특별시,11560,영등포구,1156011000,여의도동
20260224,11,서울특별시,11560,영등포구,1156011000,여의도동,11,서울특별시,11680,강남구,1168010100,역삼동,08,00,41,2029.0,11,서울특별시,11560,영등포구,1156011000,여의도동
20260224,11,서울특별시,11560,영등포구,1156011000,여의도동,11,서울특별시,11680,강남구,1168010100,역삼동,08,15,23,1842.0,11,서울특별시,11560,영등포구,1156011000,여의도동
20260224,11,서울특별시,11560,영등포구,1156011000,여의도동,11,서울특별시,11680,강남구,1168010100,역삼동,08,30,28,1797.0,11,서울특별시,11560,영등포구,1156011000,여의도동
20260224,11,서울특별시,11560,영등포구,1156011000,여의도동,11,서울특별시,11680,강남구,1168010100,역삼동,08,45,32,1868.0,11,서울특별시,11560,영등포구,1156011000,여의도동
20260224,11,서울특별시,11560,영등포구,1156011000,여의도동,11,서울특별시,11680,강남구,1168010100,역삼동,09,00,41,2091.0,11,서울특별시,11560,영등포구,1156011000,여의도동
20260224,11,서울특별시,11560,영등포구,1156011000,여의도동,11,서울특별시,11680,강남구,1168010100,역삼동,09,15,35,1830.0,11,서울특별시,11560,영등포구,1156011000,여의도동
20260224,11,서울특별시,11560,영등포구,1156011000,여의도동,11,서울특별시,11680,강남구,1168010100,역삼동,09,30,21,1718.0,11,서울특별시,11560,영등포구,1156011000,여의도동
20260224,11,서울특별시,11560,영등포구,1156011000,여의도동,11,서울특별시,11680,강남구,1168010100,역삼동,09,45,13,1873.0,11,서울특별시,11560,영등포구,1156011000,여의도동
20260224,11,서울특별시,11560,영등포구,1156011000,여의도동,11,서울특별시,11680,강남구,1168010100,역삼동,10,00,19,1942.0,11,서울특별시,11560,영등포구,1156011000,여의도동
20260224,11,서울특별시,11560,영등포구,1156011000,여의도동,11,서울특별시,11680,강남구,1168010100,역삼동,10,15,29,1782.0,11,서울특별시,11560,영등포구,1156011000,여의도동
20260224,11,서울특별시,11560,영등포구,1156011000,여의도동,11,서울특별시,11680,강남구,1168010100,역삼동,10,30,25,1606.0,11,서울특별시,11560,영등포구,1156011000,여의도동
20260224,11,서울특별시,11560,영등포구,1156011000,여의도동,11,서울특별시,11680,강남구,1168010100,역삼동,10,45,46,1531.0,11,서울특별시,11560,영등포구,1156011000,여의도동
20260224,11,서울특별시,11560,영등포구,1156011000,여의도동,11,서울특별시,11680,강남구,1168010100,역삼동,11,00,62,1764.0,11,서울특별시,11560,영등포구,1156011000,여의도동
20260224,11,서울특별시,11560,영등포구,1156011000,여의도동,11,서울특별시,11680,강남구,1168010100,역삼동,11,15,27,1812.0,11,서울특별시,11560,영등포구,1156011000,여의도동
20260224,11,서울특별시,11560,영등포구,1156011000,여의도동,11,서울특별시,11680,강남구,1168010100,역삼동,11,30,18,1686.0,11,서울특별시,11560,영등포구,1156011000,여의도동
20260224,11,서울특별시,11560,영등포구,1156011000,여의도동,11,서울특별시,11680,강남구,1168010100,역삼동,11,45,27,1884.0,11,서울특별시,11560,영등포구,1156011000,여의도동
20260224,11,서울특별시,11560,영등포구,1156011100,당산동1가,11,서울특별시,11680,강남구,1168010100,역삼동,07,15,1,2820.0,11,서울특별시,11560,영등포구,1156011100,당산동1가
20260224,11,서울특별시,11560,영등포구,1156011100,당산동1가,11,서울특별시,11680,강남구,1168010100,역삼동,08,45,1,2472.0,11,서울특별시,11560,영등포구,1156011100,당산동1가
20260224,11,서울특별시,11560,영등포구,1156011100,당산동1가,11,서울특별시,11680,강남구,1168010100,역삼동,09,45,2,2369.0,11,서울특별시,11560,영등포구,1156011100,당산동1가
20260224,11,서울특별시,11560,영등포구,1156011100,당산동1가,11,서울특별시,11680,강남구,1168010100,역삼동,11,30,1,2538.0,11,서울특별시,11560,영등포구,1156011100,당산동1가
20260224,11,서울특별시,11560,영등포구,1156011100,당산동1가,11,서울특별시,11680,강남구,1168010100,역삼동,11,45,1,2263.0,11,서울특별시,11560,영등포구,1156011100,당산동1가
20260224,11,서울특별시,11560,영등포구,1156011200,당산동2가,11,서울특별시,11680,강남구,1168010100,역삼동,09,00,1,2466.0,11,서울특별시,11560,영등포구,1156011200,당산동2가
20260224,11,서울특별시,11560,영등포구,1156011300,당산동3가,11,서울특별시,11680,강남구,1168010100,역삼동,07,00,62,2269.0,11,서울특별시,11560,영등포구,1156011300,당산동3가
20260224,11,서울특별시,11560,영등포구,1156011300,당산동3가,11,서울특별시,11680,강남구,1168010100,역삼동,07,15,35,2408.0,11,서울특별시,11560,영등포구,1156011300,당산동3가
20260224,11,서울특별시,11560,영등포구,1156011300,당산동3가,11,서울특별시,11680,강남구,1168010100,역삼동,07,30,41,2564.0,11,서울특별시,11560,영등포구,1156011300,당산동3가
20260224,11,서울특별시,11560,영등포구,1156011300,당산동3가,11,서울특별시,11680,강남구,1168010100,역삼동,07,45,61,2652.0,11,서울특별시,11560,영등포구,1156011300,당산동3가
20260224,11,서울특별시,11560,영등포구,1156011300,당산동3가,11,서울특별시,11680,강남구,1168010100,역삼동,08,00,58,2733.0,11,서울특별시,11560,영등포구,1156011300,당산동3가
20260224,11,서울특별시,11560,영등포구,1156011300,당산동3가,11,서울특별시,11680,강남구,1168010100,역삼동,08,15,36,2570.0,11,서울특별시,11560,영등포구,1156011300,당산동3가
20260224,11,서울특별시,11560,영등포구,1156011300,당산동3가,11,서울특별시,11680,강남구,1168010100,역삼동,08,30,30,2424.0,11,서울특별시,11560,영등포구,1156011300,당산동3가
20260224,11,서울특별시,11560,영등포구,1156011300,당산동3가,11,서울특별시,11680,강남구,1168010100,역삼동,08,45,57,2361.0,11,서울특별시,11560,영등포구,1156011300,당산동3가
20260224,11,서울특별시,11560,영등포구,1156011300,당산동3가,11,서울특별시,11680,강남구,1168010100,역삼동,09,00,45,2348.0,11,서울특별시,11560,영등포구,1156011300,당산동3가
20260224,11,서울특별시,11560,영등포구,1156011300,당산동3가,11,서울특별시,11680,강남구,1168010100,역삼동,09,15,33,2243.0,11,서울특별시,11560,영등포구,1156011300,당산동3가
20260224,11,서울특별시,11560,영등포구,1156011300,당산동3가,11,서울특별시,11680,강남구,1168010100,역삼동,09,30,20,2245.0,11,서울특별시,11560,영등포구,1156011300,당산동3가
20260224,11,서울특별시,11560,영등포구,1156011300,당산동3가,11,서울특별시,11680,강남구,1168010100,역삼동,09,45,14,2170.0,11,서울특별시,11560,영등포구,1156011300,당산동3가
20260224,11,서울특별시,11560,영등포구,1156011300,당산동3가,11,서울특별시,11680,강남구,1168010100,역삼동,10,00,12,2162.0,11,서울특별시,11560,영등포구,1156011300,당산동3가
20260224,11,서울특별시,11560,영등포구,1156011300,당산동3가,11,서울특별시,11680,강남구,1168010100,역삼동,10,15,9,2213.0,11,서울특별시,11560,영등포구,1156011300,당산동3가
20260224,11,서울특별시,11560,영등포구,1156011300,당산동3가,11,서울특별시,11680,강남구,1168010100,역삼동,10,30,9,2266.0,11,서울특별시,11560,영등포구,1156011300,당산동3가
20260224,11,서울특별시,11560,영등포구,1156011300,당산동3가,11,서울특별시,11680,강남구,1168010100,역삼동,10,45,9,2122.0,11,서울특별시,11560,영등포구,1156011300,당산동3가
20260224,11,서울특별시,11560,영등포구,1156011300,당산동3가,11,서울특별시,11680,강남구,1168010100,역삼동,11,00,8,2253.0,11,서울특별시,11560,영등포구,1156011300,당산동3가
20260224,11,서울특별시,11560,영등포구,1156011300,당산동3가,11,서울특별시,11680,강남구,1168010100,역삼동,11,15,6,2131.0,11,서울특별시,11560,영등포구,1156011300,당산동3가
20260224,11,서울특별시,11560,영등포구,1156011300,당산동3가,11,서울특별시,11680,강남구,1168010100,역삼동,11,30,5,2130.0,11,서울특별시,11560,영등포구,1156011300,당산동3가
20260224,11,서울특별시,11560,영등포구,1156011300,당산동3가,11,서울특별시,11680,강남구,1168010100,역삼동,11,45,6,2990.0,11,서울특별시,11560,영등포구,1156011300,당산동3가
20260224,11,서울특별시,11560,영등포구,1156011400,당산동4가,11,서울특별시,11680,강남구,1168010100,역삼동,07,15,1,1951.0,11,서울특별시,11560,영등포구,1156011400,당산동4가
20260224,11,서울특별시,11560,영등포구,1156011400,당산동4가,11,서울특별시,11680,강남구,1168010100,역삼동,07,30,2,1850.0,11,서울특별시,11560,영등포구,1156011400,당산동4가
20260224,11,서울특별시,11560,영등포구,1156011400,당산동4가,11,서울특별시,11680,강남구,1168010100,역삼동,07,45,1,1903.0,11,서울특별시,11560,영등포구,1156011400,당산동4가
20260224,11,서울특별시,11560,영등포구,1156011400,당산동4가,11,서울특별시,11680,강남구,1168010100,역삼동,08,00,4,2162.0,11,서울특별시,11560,영등포구,1156011400,당산동4가
20260224,11,서울특별시,11560,영등포구,1156011400,당산동4가,11,서울특별시,11680,강남구,1168010100,역삼동,08,15,3,1946.0,11,서울특별시,11560,영등포구,1156011400,당산동4가
20260224,11,서울특별시,11560,영등포구,1156011400,당산동4가,11,서울특별시,11680,강남구,1168010100,역삼동,09,00,1,1660.0,11,서울특별시,11560,영등포구,1156011400,당산동4가
20260224,11,서울특별시,11560,영등포구,1156011400,당산동4가,11,서울특별시,11680,강남구,1168010100,역삼동,09,15,1,1779.0,11,서울특별시,11560,영등포구,1156011400,당산동4가
20260224,11,서울특별시,11560,영등포구,1156011400,당산동4가,11,서울특별시,11680,강남구,1168010100,역삼동,09,30,1,2553.0,11,서울특별시,11560,영등포구,1156011400,당산동4가
20260224,11,서울특별시,11560,영등포구,1156011400,당산동4가,11,서울특별시,11680,강남구,1168010100,역삼동,09,45,1,2215.0,11,서울특별시,11560,영등포구,1156011400,당산동4가
20260224,11,서울특별시,11560,영등포구,1156011400,당산동4가,11,서울특별시,11680,강남구,1168010100,역삼동,10,15,1,1715.0,11,서울특별시,11560,영등포구,1156011400,당산동4가
20260224,11,서울특별시,11560,영등포구,1156011400,당산동4가,11,서울특별시,11680,강남구,1168010100,역삼동,10,45,1,2219.0,11,서울특별시,11560,영등포구,1156011400,당산동4가
20260224,11,서울특별시,11560,영등포구,1156011500,당산동5가,11,서울특별시,11680,강남구,1168010100,역삼동,07,00,32,1915.0,11,서울특별시,11560,영등포구,1156011500,당산동5가
20260224,11,서울특별시,11560,영등포구,1156011500,당산동5가,11,서울특별시,11680,강남구,1168010100,역삼동,07,15,40,1914.0,11,서울특별시,11560,영등포구,1156011500,당산동5가
20260224,11,서울특별시,11560,영등포구,1156011500,당산동5가,11,서울특별시,11680,강남구,1168010100,역삼동,07,30,24,2053.0,11,서울특별시,11560,영등포구,1156011500,당산동5가
20260224,11,서울특별시,11560,영등포구,1156011500,당산동5가,11,서울특별시,11680,강남구,1168010100,역삼동,07,45,56,1994.0,11,서울특별시,11560,영등포구,1156011500,당산동5가
20260224,11,서울특별시,11560,영등포구,1156011500,당산동5가,11,서울특별시,11680,강남구,1168010100,역삼동,08,00,51,2127.0,11,서울특별시,11560,영등포구,1156011500,당산동5가
20260224,11,서울특별시,11560,영등포구,1156011500,당산동5가,11,서울특별시,11680,강남구,1168010100,역삼동,08,15,37,2014.0,11,서울특별시,11560,영등포구,1156011500,당산동5가
20260224,11,서울특별시,11560,영등포구,1156011500,당산동5가,11,서울특별시,11680,강남구,1168010100,역삼동,08,30,33,1797.0,11,서울특별시,11560,영등포구,1156011500,당산동5가
20260224,11,서울특별시,11560,영등포구,1156011500,당산동5가,11,서울특별시,11680,강남구,1168010100,역삼동,08,45,34,1913.0,11,서울특별시,11560,영등포구,1156011500,당산동5가
20260224,11,서울특별시,11560,영등포구,1156011500,당산동5가,11,서울특별시,11680,강남구,1168010100,역삼동,09,00,34,1951.0,11,서울특별시,11560,영등포구,1156011500,당산동5가
20260224,11,서울특별시,11560,영등포구,1156011500,당산동5가,11,서울특별시,11680,강남구,1168010100,역삼동,09,15,32,1853.0,11,서울특별시,11560,영등포구,1156011500,당산동5가
20260224,11,서울특별시,11560,영등포구,1156011500,당산동5가,11,서울특별시,11680,강남구,1168010100,역삼동,09,30,30,1945.0,11,서울특별시,11560,영등포구,1156011500,당산동5가
20260224,11,서울특별시,11560,영등포구,1156011500,당산동5가,11,서울특별시,11680,강남구,1168010100,역삼동,09,45,18,1864.0,11,서울특별시,11560,영등포구,1156011500,당산동5가
20260224,11,서울특별시,11560,영등포구,1156011500,당산동5가,11,서울특별시,11680,강남구,1168010100,역삼동,10,00,12,1725.0,11,서울특별시,11560,영등포구,1156011500,당산동5가
20260224,11,서울특별시,11560,영등포구,1156011500,당산동5가,11,서울특별시,11680,강남구,1168010100,역삼동,10,15,11,1839.0,11,서울특별시,11560,영등포구,1156011500,당산동5가
20260224,11,서울특별시,11560,영등포구,1156011500,당산동5가,11,서울특별시,11680,강남구,1168010100,역삼동,10,30,16,1829.0,11,서울특별시,11560,영등포구,1156011500,당산동5가
20260224,11,서울특별시,11560,영등포구,1156011500,당산동5가,11,서울특별시,11680,강남구,1168010100,역삼동,10,45,7,2180.0,11,서울특별시,11560,영등포구,1156011500,당산동5가
20260224,11,서울특별시,11560,영등포구,1156011500,당산동5가,11,서울특별시,11680,강남구,1168010100,역삼동,11,00,7,1849.0,11,서울특별시,11560,영등포구,1156011500,당산동5가
20260224,11,서울특별시,11560,영등포구,1156011500,당산동5가,11,서울특별시,11680,강남구,1168010100,역삼동,11,15,8,1722.0,11,서울특별시,11560,영등포구,1156011500,당산동5가
20260224,11,서울특별시,11560,영등포구,1156011500,당산동5가,11,서울특별시,11680,강남구,1168010100,역삼동,11,30,8,2010.0,11,서울특별시,11560,영등포구,1156011500,당산동5가
20260224,11,서울특별시,11560,영등포구,1156011500,당산동5가,11,서울특별시,11680,강남구,1168010100,역삼동,11,45,8,1900.0,11,서울특별시,11560,영등포구,1156011500,당산동5가
20260224,11,서울특별시,11560,영등포구,1156011600,당산동6가,11,서울특별시,11680,강남구,1168010100,역삼동,07,00,17,2362.0,11,서울특별시,11560,영등포구,1156011600,당산동6가
20260224,11,서울특별시,11560,영등포구,1156011600,당산동6가,11,서울특별시,11680,강남구,1168010100,역삼동,07,15,16,2567.0,11,서울특별시,11560,영등포구,1156011600,당산동6가
20260224,11,서울특별시,11560,영등포구,1156011600,당산동6가,11,서울특별시,11680,강남구,1168010100,역삼동,07,30,7,2561.0,11,서울특별시,11560,영등포구,1156011600,당산동6가
20260224,11,서울특별시,11560,영등포구,1156011600,당산동6가,11,서울특별시,11680,강남구,1168010100,역삼동,07,45,24,2756.0,11,서울특별시,11560,영등포구,1156011600,당산동6가
20260224,11,서울특별시,11560,영등포구,1156011600,당산동6가,11,서울특별시,11680,강남구,1168010100,역삼동,08,00,9,2908.0,11,서울특별시,11560,영등포구,1156011600,당산동6가
20260224,11,서울특별시,11560,영등포구,1156011600,당산동6가,11,서울특별시,11680,강남구,1168010100,역삼동,08,15,16,2658.0,11,서울특별시,11560,영등포구,1156011600,당산동6가
20260224,11,서울특별시,11560,영등포구,1156011600,당산동6가,11,서울특별시,11680,강남구,1168010100,역삼동,08,30,16,2576.0,11,서울특별시,11560,영등포구,1156011600,당산동6가
20260224,11,서울특별시,11560,영등포구,1156011600,당산동6가,11,서울특별시,11680,강남구,1168010100,역삼동,08,45,22,2497.0,11,서울특별시,11560,영등포구,1156011600,당산동6가
20260224,11,서울특별시,11560,영등포구,1156011600,당산동6가,11,서울특별시,11680,강남구,1168010100,역삼동,09,00,17,2449.0,11,서울특별시,11560,영등포구,1156011600,당산동6가
20260224,11,서울특별시,11560,영등포구,1156011600,당산동6가,11,서울특별시,11680,강남구,1168010100,역삼동,09,15,15,2331.0,11,서울특별시,11560,영등포구,1156011600,당산동6가
20260224,11,서울특별시,11560,영등포구,1156011600,당산동6가,11,서울특별시,11680,강남구,1168010100,역삼동,09,30,11,2492.0,11,서울특별시,11560,영등포구,1156011600,당산동6가
20260224,11,서울특별시,11560,영등포구,1156011600,당산동6가,11,서울특별시,11680,강남구,1168010100,역삼동,09,45,4,2427.0,11,서울특별시,11560,영등포구,1156011600,당산동6가
20260224,11,서울특별시,11560,영등포구,1156011600,당산동6가,11,서울특별시,11680,강남구,1168010100,역삼동,10,00,4,2273.0,11,서울특별시,11560,영등포구,1156011600,당산동6가
20260224,11,서울특별시,11560,영등포구,1156011600,당산동6가,11,서울특별시,11680,강남구,1168010100,역삼동,10,15,3,2281.0,11,서울특별시,11560,영등포구,1156011600,당산동6가
20260224,11,서울특별시,11560,영등포구,1156011600,당산동6가,11,서울특별시,11680,강남구,1168010100,역삼동,10,45,4,2237.0,11,서울특별시,11560,영등포구,1156011600,당산동6가
20260224,11,서울특별시,11560,영등포구,1156011600,당산동6가,11,서울특별시,11680,강남구,1168010100,역삼동,11,00,5,2422.0,11,서울특별시,11560,영등포구,1156011600,당산동6가
20260224,11,서울특별시,11560,영등포구,1156011600,당산동6가,11,서울특별시,11680,강남구,1168010100,역삼동,11,15,2,2297.0,11,서울특별시,11560,영등포구,1156011600,당산동6가
20260224,11,서울특별시,11560,영등포구,1156011600,당산동6가,11,서울특별시,11680,강남구,1168010100,역삼동,11,30,5,2441.0,11,서울특별시,11560,영등포구,1156011600,당산동6가
20260224,11,서울특별시,11560,영등포구,1156011600,당산동6가,11,서울특별시,11680,강남구,1168010100,역삼동,11,45,3,2498.0,11,서울특별시,11560,영등포구,1156011600,당산동6가
20260224,11,서울특별시,11560,영등포구,1156011700,당산동,11,서울특별시,11680,강남구,1168010100,역삼동,07,00,3,2613.0,11,서울특별시,11560,영등포구,1156011700,당산동
20260224,11,서울특별시,11560,영등포구,1156011700,당산동,11,서울특별시,11680,강남구,1168010100,역삼동,07,15,2,2725.0,11,서울특별시,11560,영등포구,1156011700,당산동
20260224,11,서울특별시,11560,영등포구,1156011700,당산동,11,서울특별시,11680,강남구,1168010100,역삼동,07,30,3,2705.0,11,서울특별시,11560,영등포구,1156011700,당산동
20260224,11,서울특별시,11560,영등포구,1156011700,당산동,11,서울특별시,11680,강남구,1168010100,역삼동,07,45,1,1938.0,11,서울특별시,11560,영등포구,1156011700,당산동
20260224,11,서울특별시,11560,영등포구,1156011700,당산동,11,서울특별시,11680,강남구,1168010100,역삼동,08,00,1,2607.0,11,서울특별시,11560,영등포구,1156011700,당산동
20260224,11,서울특별시,11560,영등포구,1156011700,당산동,11,서울특별시,11680,강남구,1168010100,역삼동,08,15,1,2802.0,11,서울특별시,11560,영등포구,1156011700,당산동
20260224,11,서울특별시,11560,영등포구,1156011700,당산동,11,서울특별시,11680,강남구,1168010100,역삼동,08,30,2,1951.0,11,서울특별시,11560,영등포구,1156011700,당산동
20260224,11,서울특별시,11560,영등포구,1156011700,당산동,11,서울특별시,11680,강남구,1168010100,역삼동,11,00,1,1460.0,11,서울특별시,11560,영등포구,1156011700,당산동
20260224,11,서울특별시,11560,영등포구,1156011800,도림동,11,서울특별시,11680,강남구,1168010100,역삼동,07,00,7,2477.0,11,서울특별시,11560,영등포구,1156011800,도림동
20260224,11,서울특별시,11560,영등포구,1156011800,도림동,11,서울특별시,11680,강남구,1168010100,역삼동,07,15,12,2550.0,11,서울특별시,11560,영등포구,1156011800,도림동
20260224,11,서울특별시,11560,영등포구,1156011800,도림동,11,서울특별시,11680,강남구,1168010100,역삼동,07,30,11,2706.0,11,서울특별시,11560,영등포구,1156011800,도림동
20260224,11,서울특별시,11560,영등포구,1156011800,도림동,11,서울특별시,11680,강남구,1168010100,역삼동,07,45,18,2844.0,11,서울특별시,11560,영등포구,1156011800,도림동
20260224,11,서울특별시,11560,영등포구,1156011800,도림동,11,서울특별시,11680,강남구,1168010100,역삼동,08,00,9,2905.0,11,서울특별시,11560,영등포구,1156011800,도림동
20260224,11,서울특별시,11560,영등포구,1156011800,도림동,11,서울특별시,11680,강남구,1168010100,역삼동,08,15,9,2628.0,11,서울특별시,11560,영등포구,1156011800,도림동
20260224,11,서울특별시,11560,영등포구,1156011800,도림동,11,서울특별시,11680,강남구,1168010100,역삼동,08,30,10,2521.0,11,서울특별시,11560,영등포구,1156011800,도림동
20260224,11,서울특별시,11560,영등포구,1156011800,도림동,11,서울특별시,11680,강남구,1168010100,역삼동,08,45,10,2389.0,11,서울특별시,11560,영등포구,1156011800,도림동
20260224,11,서울특별시,11560,영등포구,1156011800,도림동,11,서울특별시,11680,강남구,1168010100,역삼동,09,00,12,2345.0,11,서울특별시,11560,영등포구,1156011800,도림동
20260224,11,서울특별시,11560,영등포구,1156011800,도림동,11,서울특별시,11680,강남구,1168010100,역삼동,09,15,7,2242.0,11,서울특별시,11560,영등포구,1156011800,도림동
20260224,11,서울특별시,11560,영등포구,1156011800,도림동,11,서울특별시,11680,강남구,1168010100,역삼동,09,30,10,2377.0,11,서울특별시,11560,영등포구,1156011800,도림동
20260224,11,서울특별시,11560,영등포구,1156011800,도림동,11,서울특별시,11680,강남구,1168010100,역삼동,09,45,2,2365.0,11,서울특별시,11560,영등포구,1156011800,도림동
20260224,11,서울특별시,11560,영등포구,1156011800,도림동,11,서울특별시,11680,강남구,1168010100,역삼동,10,00,5,2160.0,11,서울특별시,11560,영등포구,1156011800,도림동
20260224,11,서울특별시,11560,영등포구,1156011800,도림동,11,서울특별시,11680,강남구,1168010100,역삼동,10,15,2,2061.0,11,서울특별시,11560,영등포구,1156011800,도림동
20260224,11,서울특별시,11560,영등포구,1156011800,도림동,11,서울특별시,11680,강남구,1168010100,역삼동,10,45,1,2911.0,11,서울특별시,11560,영등포구,1156011800,도림동
20260224,11,서울특별시,11560,영등포구,1156011800,도림동,11,서울특별시,11680,강남구,1168010100,역삼동,11,00,3,2118.0,11,서울특별시,11560,영등포구,1156011800,도림동
20260224,11,서울특별시,11560,영등포구,1156011800,도림동,11,서울특별시,11680,강남구,1168010100,역삼동,11,45,1,2476.0,11,서울특별시,11560,영등포구,1156011800,도림동
20260224,11,서울특별시,11560,영등포구,1156011900,문래동1가,11,서울특별시,11680,강남구,1168010100,역삼동,08,00,1,2177.0,11,서울특별시,11560,영등포구,1156011900,문래동1가
20260224,11,서울특별시,11560,영등포구,1156011900,문래동1가,11,서울특별시,11680,강남구,1168010100,역삼동,11,15,1,3178.0,11,서울특별시,11560,영등포구,1156011900,문래동1가
20260224,11,서울특별시,11560,영등포구,1156012100,문래동3가,11,서울특별시,11680,강남구,1168010100,역삼동,07,00,36,2122.0,11,서울특별시,11560,영등포구,1156012100,문래동3가
20260224,11,서울특별시,11560,영등포구,1156012100,문래동3가,11,서울특별시,11680,강남구,1168010100,역삼동,07,15,34,2251.0,11,서울특별시,11560,영등포구,1156012100,문래동3가
20260224,11,서울특별시,11560,영등포구,1156012100,문래동3가,11,서울특별시,11680,강남구,1168010100,역삼동,07,30,42,2335.0,11,서울특별시,11560,영등포구,1156012100,문래동3가
20260224,11,서울특별시,11560,영등포구,1156012100,문래동3가,11,서울특별시,11680,강남구,1168010100,역삼동,07,45,35,2397.0,11,서울특별시,11560,영등포구,1156012100,문래동3가
20260224,11,서울특별시,11560,영등포구,1156012100,문래동3가,11,서울특별시,11680,강남구,1168010100,역삼동,08,00,52,2613.0,11,서울특별시,11560,영등포구,1156012100,문래동3가
20260224,11,서울특별시,11560,영등포구,1156012100,문래동3가,11,서울특별시,11680,강남구,1168010100,역삼동,08,15,28,2363.0,11,서울특별시,11560,영등포구,1156012100,문래동3가
20260224,11,서울특별시,11560,영등포구,1156012100,문래동3가,11,서울특별시,11680,강남구,1168010100,역삼동,08,30,29,2300.0,11,서울특별시,11560,영등포구,1156012100,문래동3가
20260224,11,서울특별시,11560,영등포구,1156012100,문래동3가,11,서울특별시,11680,강남구,1168010100,역삼동,08,45,31,2217.0,11,서울특별시,11560,영등포구,1156012100,문래동3가
20260224,11,서울특별시,11560,영등포구,1156012100,문래동3가,11,서울특별시,11680,강남구,1168010100,역삼동,09,00,26,2237.0,11,서울특별시,11560,영등포구,1156012100,문래동3가
20260224,11,서울특별시,11560,영등포구,1156012100,문래동3가,11,서울특별시,11680,강남구,1168010100,역삼동,09,15,27,2121.0,11,서울특별시,11560,영등포구,1156012100,문래동3가
20260224,11,서울특별시,11560,영등포구,1156012100,문래동3가,11,서울특별시,11680,강남구,1168010100,역삼동,09,30,18,2118.0,11,서울특별시,11560,영등포구,1156012100,문래동3가
20260224,11,서울특별시,11560,영등포구,1156012100,문래동3가,11,서울특별시,11680,강남구,1168010100,역삼동,09,45,12,2104.0,11,서울특별시,11560,영등포구,1156012100,문래동3가
20260224,11,서울특별시,11560,영등포구,1156012100,문래동3가,11,서울특별시,11680,강남구,1168010100,역삼동,10,00,10,2210.0,11,서울특별시,11560,영등포구,1156012100,문래동3가
20260224,11,서울특별시,11560,영등포구,1156012100,문래동3가,11,서울특별시,11680,강남구,1168010100,역삼동,10,15,8,2120.0,11,서울특별시,11560,영등포구,1156012100,문래동3가
20260224,11,서울특별시,11560,영등포구,1156012100,문래동3가,11,서울특별시,11680,강남구,1168010100,역삼동,10,30,5,2203.0,11,서울특별시,11560,영등포구,1156012100,문래동3가
20260224,11,서울특별시,11560,영등포구,1156012100,문래동3가,11,서울특별시,11680,강남구,1168010100,역삼동,10,45,6,2137.0,11,서울특별시,11560,영등포구,1156012100,문래동3가
20260224,11,서울특별시,11560,영등포구,1156012100,문래동3가,11,서울특별시,11680,강남구,1168010100,역삼동,11,00,15,2132.0,11,서울특별시,11560,영등포구,1156012100,문래동3가
20260224,11,서울특별시,11560,영등포구,1156012100,문래동3가,11,서울특별시,11680,강남구,1168010100,역삼동,11,15,4,1986.0,11,서울특별시,11560,영등포구,1156012100,문래동3가
20260224,11,서울특별시,11560,영등포구,1156012100,문래동3가,11,서울특별시,11680,강남구,1168010100,역삼동,11,30,1,2063.0,11,서울특별시,11560,영등포구,1156012100,문래동3가
20260224,11,서울특별시,11560,영등포구,1156012100,문래동3가,11,서울특별시,11680,강남구,1168010100,역삼동,11,45,7,1966.0,11,서울특별시,11560,영등포구,1156012100,문래동3가
20260224,11,서울특별시,11560,영등포구,1156012200,문래동4가,11,서울특별시,11680,강남구,1168010100,역삼동,11,00,1,1929.0,11,서울특별시,11560,영등포구,1156012200,문래동4가
20260224,11,서울특별시,11560,영등포구,1156012300,문래동5가,11,서울특별시,11680,강남구,1168010100,역삼동,07,00,1,2332.0,11,서울특별시,11560,영등포구,1156012300,문래동5가
20260224,11,서울특별시,11560,영등포구,1156012300,문래동5가,11,서울특별시,11680,강남구,1168010100,역삼동,07,15,1,2469.0,11,서울특별시,11560,영등포구,1156012300,문래동5가
20260224,11,서울특별시,11560,영등포구,1156012300,문래동5가,11,서울특별시,11680,강남구,1168010100,역삼동,07,30,4,2921.0,11,서울특별시,11560,영등포구,1156012300,문래동5가
20260224,11,서울특별시,11560,영등포구,1156012300,문래동5가,11,서울특별시,11680,강남구,1168010100,역삼동,07,45,4,3124.0,11,서울특별시,11560,영등포구,1156012300,문래동5가
20260224,11,서울특별시,11560,영등포구,1156012300,문래동5가,11,서울특별시,11680,강남구,1168010100,역삼동,08,00,1,2764.0,11,서울특별시,11560,영등포구,1156012300,문래동5가
20260224,11,서울특별시,11560,영등포구,1156012300,문래동5가,11,서울특별시,11680,강남구,1168010100,역삼동,08,15,2,2866.0,11,서울특별시,11560,영등포구,1156012300,문래동5가
20260224,11,서울특별시,11560,영등포구,1156012300,문래동5가,11,서울특별시,11680,강남구,1168010100,역삼동,09,00,2,2737.0,11,서울특별시,11560,영등포구,1156012300,문래동5가
20260224,11,서울특별시,11560,영등포구,1156012300,문래동5가,11,서울특별시,11680,강남구,1168010100,역삼동,09,45,1,2378.0,11,서울특별시,11560,영등포구,1156012300,문래동5가
20260224,11,서울특별시,11560,영등포구,1156012400,문래동6가,11,서울특별시,11680,강남구,1168010100,역삼동,07,00,17,2332.0,11,서울특별시,11560,영등포구,1156012400,문래동6가
20260224,11,서울특별시,11560,영등포구,1156012400,문래동6가,11,서울특별시,11680,강남구,1168010100,역삼동,07,15,7,2535.0,11,서울특별시,11560,영등포구,1156012400,문래동6가
20260224,11,서울특별시,11560,영등포구,1156012400,문래동6가,11,서울특별시,11680,강남구,1168010100,역삼동,07,30,15,2718.0,11,서울특별시,11560,영등포구,1156012400,문래동6가
20260224,11,서울특별시,11560,영등포구,1156012400,문래동6가,11,서울특별시,11680,강남구,1168010100,역삼동,07,45,25,2887.0,11,서울특별시,11560,영등포구,1156012400,문래동6가
20260224,11,서울특별시,11560,영등포구,1156012400,문래동6가,11,서울특별시,11680,강남구,1168010100,역삼동,08,00,8,2849.0,11,서울특별시,11560,영등포구,1156012400,문래동6가
20260224,11,서울특별시,11560,영등포구,1156012400,문래동6가,11,서울특별시,11680,강남구,1168010100,역삼동,08,15,11,2732.0,11,서울특별시,11560,영등포구,1156012400,문래동6가
20260224,11,서울특별시,11560,영등포구,1156012400,문래동6가,11,서울특별시,11680,강남구,1168010100,역삼동,08,30,10,2575.0,11,서울특별시,11560,영등포구,1156012400,문래동6가
20260224,11,서울특별시,11560,영등포구,1156012400,문래동6가,11,서울특별시,11680,강남구,1168010100,역삼동,08,45,11,2545.0,11,서울특별시,11560,영등포구,1156012400,문래동6가
20260224,11,서울특별시,11560,영등포구,1156012400,문래동6가,11,서울특별시,11680,강남구,1168010100,역삼동,09,00,5,2426.0,11,서울특별시,11560,영등포구,1156012400,문래동6가
20260224,11,서울특별시,11560,영등포구,1156012400,문래동6가,11,서울특별시,11680,강남구,1168010100,역삼동,09,15,1,2262.0,11,서울특별시,11560,영등포구,1156012400,문래동6가
20260224,11,서울특별시,11560,영등포구,1156012400,문래동6가,11,서울특별시,11680,강남구,1168010100,역삼동,09,30,4,2405.0,11,서울특별시,11560,영등포구,1156012400,문래동6가
20260224,11,서울특별시,11560,영등포구,1156012400,문래동6가,11,서울특별시,11680,강남구,1168010100,역삼동,09,45,3,2415.0,11,서울특별시,11560,영등포구,1156012400,문래동6가
20260224,11,서울특별시,11560,영등포구,1156012400,문래동6가,11,서울특별시,11680,강남구,1168010100,역삼동,10,00,1,2355.0,11,서울특별시,11560,영등포구,1156012400,문래동6가
20260224,11,서울특별시,11560,영등포구,1156012400,문래동6가,11,서울특별시,11680,강남구,1168010100,역삼동,10,15,2,2410.0,11,서울특별시,11560,영등포구,1156012400,문래동6가
20260224,11,서울특별시,11560,영등포구,1156012400,문래동6가,11,서울특별시,11680,강남구,1168010100,역삼동,10,30,4,2301.0,11,서울특별시,11560,영등포구,1156012400,문래동6가
20260224,11,서울특별시,11560,영등포구,1156012400,문래동6가,11,서울특별시,11680,강남구,1168010100,역삼동,10,45,2,2509.0,11,서울특별시,11560,영등포구,1156012400,문래동6가
20260224,11,서울특별시,11560,영등포구,1156012400,문래동6가,11,서울특별시,11680,강남구,1168010100,역삼동,11,00,1,2663.0,11,서울특별시,11560,영등포구,1156012400,문래동6가
20260224,11,서울특별시,11560,영등포구,1156012400,문래동6가,11,서울특별시,11680,강남구,1168010100,역삼동,11,15,1,2335.0,11,서울특별시,11560,영등포구,1156012400,문래동6가
20260224,11,서울특별시,11560,영등포구,1156012400,문래동6가,11,서울특별시,11680,강남구,1168010100,역삼동,11,45,1,2787.0,11,서울특별시,11560,영등포구,1156012400,문래동6가
20260224,11,서울특별시,11560,영등포구,1156012500,양평동1가,11,서울특별시,11680,강남구,1168010100,역삼동,07,00,1,2590.0,11,서울특별시,11560,영등포구,1156012500,양평동1가
20260224,11,서울특별시,11560,영등포구,1156012500,양평동1가,11,서울특별시,11680,강남구,1168010100,역삼동,07,15,2,2639.0,11,서울특별시,11560,영등포구,1156012500,양평동1가
20260224,11,서울특별시,11560,영등포구,1156012500,양평동1가,11,서울특별시,11680,강남구,1168010100,역삼동,07,30,1,3174.0,11,서울특별시,11560,영등포구,1156012500,양평동1가
20260224,11,서울특별시,11560,영등포구,1156012500,양평동1가,11,서울특별시,11680,강남구,1168010100,역삼동,08,00,1,3073.0,11,서울특별시,11560,영등포구,1156012500,양평동1가
20260224,11,서울특별시,11560,영등포구,1156012500,양평동1가,11,서울특별시,11680,강남구,1168010100,역삼동,08,15,3,2668.0,11,서울특별시,11560,영등포구,1156012500,양평동1가
20260224,11,서울특별시,11560,영등포구,1156012500,양평동1가,11,서울특별시,11680,강남구,1168010100,역삼동,08,30,2,2440.0,11,서울특별시,11560,영등포구,1156012500,양평동1가
20260224,11,서울특별시,11560,영등포구,1156012500,양평동1가,11,서울특별시,11680,강남구,1168010100,역삼동,09,00,1,2801.0,11,서울특별시,11560,영등포구,1156012500,양평동1가
20260224,11,서울특별시,11560,영등포구,1156012500,양평동1가,11,서울특별시,11680,강남구,1168010100,역삼동,09,15,3,2413.0,11,서울특별시,11560,영등포구,1156012500,양평동1가
20260224,11,서울특별시,11560,영등포구,1156012500,양평동1가,11,서울특별시,11680,강남구,1168010100,역삼동,09,30,1,2488.0,11,서울특별시,11560,영등포구,1156012500,양평동1가
20260224,11,서울특별시,11560,영등포구,1156012500,양평동1가,11,서울특별시,11680,강남구,1168010100,역삼동,10,00,2,2476.0,11,서울특별시,11560,영등포구,1156012500,양평동1가
20260224,11,서울특별시,11560,영등포구,1156012500,양평동1가,11,서울특별시,11680,강남구,1168010100,역삼동,10,15,1,1985.0,11,서울특별시,11560,영등포구,1156012500,양평동1가
20260224,11,서울특별시,11560,영등포구,1156012500,양평동1가,11,서울특별시,11680,강남구,1168010100,역삼동,11,00,1,1955.0,11,서울특별시,11560,영등포구,1156012500,양평동1가
20260224,11,서울특별시,11560,영등포구,1156012600,양평동2가,11,서울특별시,11680,강남구,1168010100,역삼동,07,00,16,2451.0,11,서울특별시,11560,영등포구,1156012600,양평동2가
20260224,11,서울특별시,11560,영등포구,1156012600,양평동2가,11,서울특별시,11680,강남구,1168010100,역삼동,07,15,8,3009.0,11,서울특별시,11560,영등포구,1156012600,양평동2가
20260224,11,서울특별시,11560,영등포구,1156012600,양평동2가,11,서울특별시,11680,강남구,1168010100,역삼동,07,30,12,2751.0,11,서울특별시,11560,영등포구,1156012600,양평동2가
20260224,11,서울특별시,11560,영등포구,1156012600,양평동2가,11,서울특별시,11680,강남구,1168010100,역삼동,07,45,23,2979.0,11,서울특별시,11560,영등포구,1156012600,양평동2가
20260224,11,서울특별시,11560,영등포구,1156012600,양평동2가,11,서울특별시,11680,강남구,1168010100,역삼동,08,00,12,2663.0,11,서울특별시,11560,영등포구,1156012600,양평동2가
20260224,11,서울특별시,11560,영등포구,1156012600,양평동2가,11,서울특별시,11680,강남구,1168010100,역삼동,08,15,18,2573.0,11,서울특별시,11560,영등포구,1156012600,양평동2가
20260224,11,서울특별시,11560,영등포구,1156012600,양평동2가,11,서울특별시,11680,강남구,1168010100,역삼동,08,30,15,2521.0,11,서울특별시,11560,영등포구,1156012600,양평동2가
20260224,11,서울특별시,11560,영등포구,1156012600,양평동2가,11,서울특별시,11680,강남구,1168010100,역삼동,08,45,13,2568.0,11,서울특별시,11560,영등포구,1156012600,양평동2가
20260224,11,서울특별시,11560,영등포구,1156012600,양평동2가,11,서울특별시,11680,강남구,1168010100,역삼동,09,00,14,2589.0,11,서울특별시,11560,영등포구,1156012600,양평동2가
20260224,11,서울특별시,11560,영등포구,1156012600,양평동2가,11,서울특별시,11680,강남구,1168010100,역삼동,09,15,9,2530.0,11,서울특별시,11560,영등포구,1156012600,양평동2가
20260224,11,서울특별시,11560,영등포구,1156012600,양평동2가,11,서울특별시,11680,강남구,1168010100,역삼동,09,30,5,2451.0,11,서울특별시,11560,영등포구,1156012600,양평동2가
20260224,11,서울특별시,11560,영등포구,1156012600,양평동2가,11,서울특별시,11680,강남구,1168010100,역삼동,09,45,3,2412.0,11,서울특별시,11560,영등포구,1156012600,양평동2가
20260224,11,서울특별시,11560,영등포구,1156012600,양평동2가,11,서울특별시,11680,강남구,1168010100,역삼동,10,00,5,2395.0,11,서울특별시,11560,영등포구,1156012600,양평동2가
20260224,11,서울특별시,11560,영등포구,1156012600,양평동2가,11,서울특별시,11680,강남구,1168010100,역삼동,10,15,2,2424.0,11,서울특별시,11560,영등포구,1156012600,양평동2가
20260224,11,서울특별시,11560,영등포구,1156012600,양평동2가,11,서울특별시,11680,강남구,1168010100,역삼동,10,30,3,2614.0,11,서울특별시,11560,영등포구,1156012600,양평동2가
20260224,11,서울특별시,11560,영등포구,1156012600,양평동2가,11,서울특별시,11680,강남구,1168010100,역삼동,10,45,1,3167.0,11,서울특별시,11560,영등포구,1156012600,양평동2가
20260224,11,서울특별시,11560,영등포구,1156012600,양평동2가,11,서울특별시,11680,강남구,1168010100,역삼동,11,00,2,2351.0,11,서울특별시,11560,영등포구,1156012600,양평동2가
20260224,11,서울특별시,11560,영등포구,1156012600,양평동2가,11,서울특별시,11680,강남구,1168010100,역삼동,11,15,3,2396.0,11,서울특별시,11560,영등포구,1156012600,양평동2가
20260224,11,서울특별시,11560,영등포구,1156012600,양평동2가,11,서울특별시,11680,강남구,1168010100,역삼동,11,30,3,2423.0,11,서울특별시,11560,영등포구,1156012600,양평동2가
20260224,11,서울특별시,11560,영등포구,1156012600,양평동2가,11,서울특별시,11680,강남구,1168010100,역삼동,11,45,3,2160.0,11,서울특별시,11560,영등포구,1156012600,양평동2가
20260224,11,서울특별시,11560,영등포구,1156012700,양평동3가,11,서울특별시,11680,강남구,1168010100,역삼동,07,00,3,2327.0,11,서울특별시,11560,영등포구,1156012700,양평동3가
20260224,11,서울특별시,11560,영등포구,1156012700,양평동3가,11,서울특별시,11680,강남구,1168010100,역삼동,07,15,1,2147.0,11,서울특별시,11560,영등포구,1156012700,양평동3가
20260224,11,서울특별시,11560,영등포구,1156012700,양평동3가,11,서울특별시,11680,강남구,1168010100,역삼동,08,00,1,2336.0,11,서울특별시,11560,영등포구,1156012700,양평동3가
20260224,11,서울특별시,11560,영등포구,1156012700,양평동3가,11,서울특별시,11680,강남구,1168010100,역삼동,08,30,2,2100.0,11,서울특별시,11560,영등포구,1156012700,양평동3가
20260224,11,서울특별시,11560,영등포구,1156012700,양평동3가,11,서울특별시,11680,강남구,1168010100,역삼동,08,45,1,3313.0,11,서울특별시,11560,영등포구,1156012700,양평동3가
20260224,11,서울특별시,11560,영등포구,1156012700,양평동3가,11,서울특별시,11680,강남구,1168010100,역삼동,09,30,2,2686.0,11,서울특별시,11560,영등포구,1156012700,양평동3가
20260224,11,서울특별시,11560,영등포구,1156012700,양평동3가,11,서울특별시,11680,강남구,1168010100,역삼동,09,45,1,2169.0,11,서울특별시,11560,영등포구,1156012700,양평동3가
20260224,11,서울특별시,11560,영등포구,1156012700,양평동3가,11,서울특별시,11680,강남구,1168010100,역삼동,11,00,1,1725.0,11,서울특별시,11560,영등포구,1156012700,양평동3가
20260224,11,서울특별시,11560,영등포구,1156012800,양평동4가,11,서울특별시,11680,강남구,1168010100,역삼동,07,30,1,3127.0,11,서울특별시,11560,영등포구,1156012800,양평동4가
20260224,11,서울특별시,11560,영등포구,1156012900,양평동5가,11,서울특별시,11680,강남구,1168010100,역삼동,07,00,9,2259.0,11,서울특별시,11560,영등포구,1156012900,양평동5가
20260224,11,서울특별시,11560,영등포구,1156012900,양평동5가,11,서울특별시,11680,강남구,1168010100,역삼동,07,15,18,2323.0,11,서울특별시,11560,영등포구,1156012900,양평동5가
20260224,11,서울특별시,11560,영등포구,1156012900,양평동5가,11,서울특별시,11680,강남구,1168010100,역삼동,07,30,15,2234.0,11,서울특별시,11560,영등포구,1156012900,양평동5가
20260224,11,서울특별시,11560,영등포구,1156012900,양평동5가,11,서울특별시,11680,강남구,1168010100,역삼동,07,45,26,2363.0,11,서울특별시,11560,영등포구,1156012900,양평동5가
20260224,11,서울특별시,11560,영등포구,1156012900,양평동5가,11,서울특별시,11680,강남구,1168010100,역삼동,08,00,15,2254.0,11,서울특별시,11560,영등포구,1156012900,양평동5가
20260224,11,서울특별시,11560,영등포구,1156012900,양평동5가,11,서울특별시,11680,강남구,1168010100,역삼동,08,15,22,2169.0,11,서울특별시,11560,영등포구,1156012900,양평동5가
20260224,11,서울특별시,11560,영등포구,1156012900,양평동5가,11,서울특별시,11680,강남구,1168010100,역삼동,08,30,16,2375.0,11,서울특별시,11560,영등포구,1156012900,양평동5가
20260224,11,서울특별시,11560,영등포구,1156012900,양평동5가,11,서울특별시,11680,강남구,1168010100,역삼동,08,45,13,2383.0,11,서울특별시,11560,영등포구,1156012900,양평동5가
20260224,11,서울특별시,11560,영등포구,1156012900,양평동5가,11,서울특별시,11680,강남구,1168010100,역삼동,09,00,11,2249.0,11,서울특별시,11560,영등포구,1156012900,양평동5가
20260224,11,서울특별시,11560,영등포구,1156012900,양평동5가,11,서울특별시,11680,강남구,1168010100,역삼동,09,15,13,2311.0,11,서울특별시,11560,영등포구,1156012900,양평동5가
20260224,11,서울특별시,11560,영등포구,1156012900,양평동5가,11,서울특별시,11680,강남구,1168010100,역삼동,09,30,9,2713.0,11,서울특별시,11560,영등포구,1156012900,양평동5가
20260224,11,서울특별시,11560,영등포구,1156012900,양평동5가,11,서울특별시,11680,강남구,1168010100,역삼동,09,45,2,2452.0,11,서울특별시,11560,영등포구,1156012900,양평동5가
20260224,11,서울특별시,11560,영등포구,1156012900,양평동5가,11,서울특별시,11680,강남구,1168010100,역삼동,10,00,5,2706.0,11,서울특별시,11560,영등포구,1156012900,양평동5가
20260224,11,서울특별시,11560,영등포구,1156012900,양평동5가,11,서울특별시,11680,강남구,1168010100,역삼동,10,15,5,2441.0,11,서울특별시,11560,영등포구,1156012900,양평동5가
20260224,11,서울특별시,11560,영등포구,1156012900,양평동5가,11,서울특별시,11680,강남구,1168010100,역삼동,10,30,2,2111.0,11,서울특별시,11560,영등포구,1156012900,양평동5가
20260224,11,서울특별시,11560,영등포구,1156012900,양평동5가,11,서울특별시,11680,강남구,1168010100,역삼동,10,45,3,2087.0,11,서울특별시,11560,영등포구,1156012900,양평동5가
20260224,11,서울특별시,11560,영등포구,1156012900,양평동5가,11,서울특별시,11680,강남구,1168010100,역삼동,11,00,7,2145.0,11,서울특별시,11560,영등포구,1156012900,양평동5가
20260224,11,서울특별시,11560,영등포구,1156012900,양평동5가,11,서울특별시,11680,강남구,1168010100,역삼동,11,15,4,2148.0,11,서울특별시,11560,영등포구,1156012900,양평동5가
20260224,11,서울특별시,11560,영등포구,1156012900,양평동5가,11,서울특별시,11680,강남구,1168010100,역삼동,11,30,3,2992.0,11,서울특별시,11560,영등포구,1156012900,양평동5가
20260224,11,서울특별시,11560,영등포구,1156012900,양평동5가,11,서울특별시,11680,강남구,1168010100,역삼동,11,45,3,2593.0,11,서울특별시,11560,영등포구,1156012900,양평동5가
20260224,11,서울특별시,11560,영등포구,1156013000,양평동6가,11,서울특별시,11680,강남구,1168010100,역삼동,07,45,1,2343.0,11,서울특별시,11560,영등포구,1156013000,양평동6가
20260224,11,서울특별시,11560,영등포구,1156013100,양화동,11,서울특별시,11680,강남구,1168010100,역삼동,07,00,3,2546.0,11,서울특별시,11560,영등포구,1156013100,양화동
20260224,11,서울특별시,11560,영등포구,1156013100,양화동,11,서울특별시,11680,강남구,1168010100,역삼동,07,30,1,1825.0,11,서울특별시,11560,영등포구,1156013100,양화동
20260224,11,서울특별시,11560,영등포구,1156013100,양화동,11,서울특별시,11680,강남구,1168010100,역삼동,07,45,2,2656.0,11,서울특별시,11560,영등포구,1156013100,양화동
20260224,11,서울특별시,11560,영등포구,1156013100,양화동,11,서울특별시,11680,강남구,1168010100,역삼동,08,00,2,2796.0,11,서울특별시,11560,영등포구,1156013100,양화동
20260224,11,서울특별시,11560,영등포구,1156013100,양화동,11,서울특별시,11680,강남구,1168010100,역삼동,08,15,2,2888.0,11,서울특별시,11560,영등포구,1156013100,양화동
20260224,11,서울특별시,11560,영등포구,1156013100,양화동,11,서울특별시,11680,강남구,1168010100,역삼동,08,30,2,2808.0,11,서울특별시,11560,영등포구,1156013100,양화동
20260224,11,서울특별시,11560,영등포구,1156013100,양화동,11,서울특별시,11680,강남구,1168010100,역삼동,08,45,2,2476.0,11,서울특별시,11560,영등포구,1156013100,양화동
20260224,11,서울특별시,11560,영등포구,1156013100,양화동,11,서울특별시,11680,강남구,1168010100,역삼동,09,00,2,2576.0,11,서울특별시,11560,영등포구,1156013100,양화동
20260224,11,서울특별시,11560,영등포구,1156013100,양화동,11,서울특별시,11680,강남구,1168010100,역삼동,09,15,1,2572.0,11,서울특별시,11560,영등포구,1156013100,양화동
20260224,11,서울특별시,11560,영등포구,1156013100,양화동,11,서울특별시,11680,강남구,1168010100,역삼동,09,30,1,2559.0,11,서울특별시,11560,영등포구,1156013100,양화동
20260224,11,서울특별시,11560,영등포구,1156013100,양화동,11,서울특별시,11680,강남구,1168010100,역삼동,10,00,2,2443.0,11,서울특별시,11560,영등포구,1156013100,양화동
20260224,11,서울특별시,11560,영등포구,1156013100,양화동,11,서울특별시,11680,강남구,1168010100,역삼동,10,45,1,2036.0,11,서울특별시,11560,영등포구,1156013100,양화동
20260224,11,서울특별시,11560,영등포구,1156013200,신길동,11,서울특별시,11680,강남구,1168010100,역삼동,07,00,68,2264.0,11,서울특별시,11560,영등포구,1156013200,신길동
20260224,11,서울특별시,11560,영등포구,1156013200,신길동,11,서울특별시,11680,강남구,1168010100,역삼동,07,15,86,2355.0,11,서울특별시,11560,영등포구,1156013200,신길동
20260224,11,서울특별시,11560,영등포구,1156013200,신길동,11,서울특별시,11680,강남구,1168010100,역삼동,07,30,104,2439.0,11,서울특별시,11560,영등포구,1156013200,신길동
20260224,11,서울특별시,11560,영등포구,1156013200,신길동,11,서울특별시,11680,강남구,1168010100,역삼동,07,45,128,2519.0,11,서울특별시,11560,영등포구,1156013200,신길동
20260224,11,서울특별시,11560,영등포구,1156013200,신길동,11,서울특별시,11680,강남구,1168010100,역삼동,08,00,129,2506.0,11,서울특별시,11560,영등포구,1156013200,신길동
20260224,11,서울특별시,11560,영등포구,1156013200,신길동,11,서울특별시,11680,강남구,1168010100,역삼동,08,15,85,2327.0,11,서울특별시,11560,영등포구,1156013200,신길동
20260224,11,서울특별시,11560,영등포구,1156013200,신길동,11,서울특별시,11680,강남구,1168010100,역삼동,08,30,90,2283.0,11,서울특별시,11560,영등포구,1156013200,신길동
20260224,11,서울특별시,11560,영등포구,1156013200,신길동,11,서울특별시,11680,강남구,1168010100,역삼동,08,45,116,2326.0,11,서울특별시,11560,영등포구,1156013200,신길동
20260224,11,서울특별시,11560,영등포구,1156013200,신길동,11,서울특별시,11680,강남구,1168010100,역삼동,09,00,86,2220.0,11,서울특별시,11560,영등포구,1156013200,신길동
20260224,11,서울특별시,11560,영등포구,1156013200,신길동,11,서울특별시,11680,강남구,1168010100,역삼동,09,15,67,2227.0,11,서울특별시,11560,영등포구,1156013200,신길동
20260224,11,서울특별시,11560,영등포구,1156013200,신길동,11,서울특별시,11680,강남구,1168010100,역삼동,09,30,48,2251.0,11,서울특별시,11560,영등포구,1156013200,신길동
20260224,11,서울특별시,11560,영등포구,1156013200,신길동,11,서울특별시,11680,강남구,1168010100,역삼동,09,45,23,2193.0,11,서울특별시,11560,영등포구,1156013200,신길동
20260224,11,서울특별시,11560,영등포구,1156013200,신길동,11,서울특별시,11680,강남구,1168010100,역삼동,10,00,28,2154.0,11,서울특별시,11560,영등포구,1156013200,신길동
20260224,11,서울특별시,11560,영등포구,1156013200,신길동,11,서울특별시,11680,강남구,1168010100,역삼동,10,15,28,2359.0,11,서울특별시,11560,영등포구,1156013200,신길동
20260224,11,서울특별시,11560,영등포구,1156013200,신길동,11,서울특별시,11680,강남구,1168010100,역삼동,10,30,16,2293.0,11,서울특별시,11560,영등포구,1156013200,신길동
20260224,11,서울특별시,11560,영등포구,1156013200,신길동,11,서울특별시,11680,강남구,1168010100,역삼동,10,45,14,3274.0,11,서울특별시,11560,영등포구,1156013200,신길동
20260224,11,서울특별시,11560,영등포구,1156013200,신길동,11,서울특별시,11680,강남구,1168010100,역삼동,11,00,19,2293.0,11,서울특별시,11560,영등포구,1156013200,신길동
20260224,11,서울특별시,11560,영등포구,1156013200,신길동,11,서울특별시,11680,강남구,1168010100,역삼동,11,15,16,2545.0,11,서울특별시,11560,영등포구,1156013200,신길동
20260224,11,서울특별시,11560,영등포구,1156013200,신길동,11,서울특별시,11680,강남구,1168010100,역삼동,11,30,7,2296.0,11,서울특별시,11560,영등포구,1156013200,신길동
20260224,11,서울특별시,11560,영등포구,1156013200,신길동,11,서울특별시,11680,강남구,1168010100,역삼동,11,45,14,2229.0,11,서울특별시,11560,영등포구,1156013200,신길동
20260224,11,서울특별시,11560,영등포구,1156013300,대림동,11,서울특별시,11680,강남구,1168010100,역삼동,07,00,15,2102.0,11,서울특별시,11560,영등포구,1156013300,대림동
20260224,11,서울특별시,11560,영등포구,1156013300,대림동,11,서울특별시,11680,강남구,1168010100,역삼동,07,15,10,2504.0,11,서울특별시,11560,영등포구,1156013300,대림동
20260224,11,서울특별시,11560,영등포구,1156013300,대림동,11,서울특별시,11680,강남구,1168010100,역삼동,07,30,30,2343.0,11,서울특별시,11560,영등포구,1156013300,대림동
20260224,11,서울특별시,11560,영등포구,1156013300,대림동,11,서울특별시,11680,강남구,1168010100,역삼동,07,45,23,2522.0,11,서울특별시,11560,영등포구,1156013300,대림동
20260224,11,서울특별시,11560,영등포구,1156013300,대림동,11,서울특별시,11680,강남구,1168010100,역삼동,08,00,31,2529.0,11,서울특별시,11560,영등포구,1156013300,대림동
20260224,11,서울특별시,11560,영등포구,1156013300,대림동,11,서울특별시,11680,강남구,1168010100,역삼동,08,15,25,2312.0,11,서울특별시,11560,영등포구,1156013300,대림동
20260224,11,서울특별시,11560,영등포구,1156013300,대림동,11,서울특별시,11680,강남구,1168010100,역삼동,08,30,16,2255.0,11,서울특별시,11560,영등포구,1156013300,대림동
20260224,11,서울특별시,11560,영등포구,1156013300,대림동,11,서울특별시,11680,강남구,1168010100,역삼동,08,45,20,2219.0,11,서울특별시,11560,영등포구,1156013300,대림동
20260224,11,서울특별시,11560,영등포구,1156013300,대림동,11,서울특별시,11680,강남구,1168010100,역삼동,09,00,29,2156.0,11,서울특별시,11560,영등포구,1156013300,대림동
20260224,11,서울특별시,11560,영등포구,1156013300,대림동,11,서울특별시,11680,강남구,1168010100,역삼동,09,15,11,2114.0,11,서울특별시,11560,영등포구,1156013300,대림동
20260224,11,서울특별시,11560,영등포구,1156013300,대림동,11,서울특별시,11680,강남구,1168010100,역삼동,09,30,16,1903.0,11,서울특별시,11560,영등포구,1156013300,대림동
20260224,11,서울특별시,11560,영등포구,1156013300,대림동,11,서울특별시,11680,강남구,1168010100,역삼동,09,45,11,2059.0,11,서울특별시,11560,영등포구,1156013300,대림동
20260224,11,서울특별시,11560,영등포구,1156013300,대림동,11,서울특별시,11680,강남구,1168010100,역삼동,10,00,4,1979.0,11,서울특별시,11560,영등포구,1156013300,대림동
20260224,11,서울특별시,11560,영등포구,1156013300,대림동,11,서울특별시,11680,강남구,1168010100,역삼동,10,15,3,1932.0,11,서울특별시,11560,영등포구,1156013300,대림동
20260224,11,서울특별시,11560,영등포구,1156013300,대림동,11,서울특별시,11680,강남구,1168010100,역삼동,10,30,5,2260.0,11,서울특별시,11560,영등포구,1156013300,대림동
20260224,11,서울특별시,11560,영등포구,1156013300,대림동,11,서울특별시,11680,강남구,1168010100,역삼동,10,45,4,2044.0,11,서울특별시,11560,영등포구,1156013300,대림동
20260224,11,서울특별시,11560,영등포구,1156013300,대림동,11,서울특별시,11680,강남구,1168010100,역삼동,11,00,1,1873.0,11,서울특별시,11560,영등포구,1156013300,대림동
20260224,11,서울특별시,11560,영등포구,1156013300,대림동,11,서울특별시,11680,강남구,1168010100,역삼동,11,15,2,1786.0,11,서울특별시,11560,영등포구,1156013300,대림동
20260224,11,서울특별시,11560,영등포구,1156013300,대림동,11,서울특별시,11680,강남구,1168010100,역삼동,11,30,2,1963.0,11,서울특별시,11560,영등포구,1156013300,대림동
20260224,11,서울특별시,11560,영등포구,1156013300,대림동,11,서울특별시,11680,강남구,1168010100,역삼동,11,45,4,2185.0,11,서울특별시,11560,영등포구,1156013300,대림동
20260224,11,서울특별시,11590,동작구,1159010100,노량진동,11,서울특별시,11680,강남구,1168010100,역삼동,07,00,17,1518.0,11,서울특별시,11590,동작구,1159010100,노량진동
20260224,11,서울특별시,11590,동작구,1159010100,노량진동,11,서울특별시,11680,강남구,1168010100,역삼동,07,15,14,1462.0,11,서울특별시,11590,동작구,1159010100,노량진동
20260224,11,서울특별시,11590,동작구,1159010100,노량진동,11,서울특별시,11680,강남구,1168010100,역삼동,07,30,24,1509.0,11,서울특별시,11590,동작구,1159010100,노량진동
20260224,11,서울특별시,11590,동작구,1159010100,노량진동,11,서울특별시,11680,강남구,1168010100,역삼동,07,45,41,1498.0,11,서울특별시,11590,동작구,1159010100,노량진동
20260224,11,서울특별시,11590,동작구,1159010100,노량진동,11,서울특별시,11680,강남구,1168010100,역삼동,08,00,54,1685.0,11,서울특별시,11590,동작구,1159010100,노량진동
20260224,11,서울특별시,11590,동작구,1159010100,노량진동,11,서울특별시,11680,강남구,1168010100,역삼동,08,15,42,1756.0,11,서울특별시,11590,동작구,1159010100,노량진동
20260224,11,서울특별시,11590,동작구,1159010100,노량진동,11,서울특별시,11680,강남구,1168010100,역삼동,08,30,36,1437.0,11,서울특별시,11590,동작구,1159010100,노량진동
20260224,11,서울특별시,11590,동작구,1159010100,노량진동,11,서울특별시,11680,강남구,1168010100,역삼동,08,45,49,1584.0,11,서울특별시,11590,동작구,1159010100,노량진동
20260224,11,서울특별시,11590,동작구,1159010100,노량진동,11,서울특별시,11680,강남구,1168010100,역삼동,09,00,36,1536.0,11,서울특별시,11590,동작구,1159010100,노량진동
20260224,11,서울특별시,11590,동작구,1159010100,노량진동,11,서울특별시,11680,강남구,1168010100,역삼동,09,15,31,1558.0,11,서울특별시,11590,동작구,1159010100,노량진동
20260224,11,서울특별시,11590,동작구,1159010100,노량진동,11,서울특별시,11680,강남구,1168010100,역삼동,09,30,20,1588.0,11,서울특별시,11590,동작구,1159010100,노량진동
20260224,11,서울특별시,11590,동작구,1159010100,노량진동,11,서울특별시,11680,강남구,1168010100,역삼동,09,45,8,1591.0,11,서울특별시,11590,동작구,1159010100,노량진동
20260224,11,서울특별시,11590,동작구,1159010100,노량진동,11,서울특별시,11680,강남구,1168010100,역삼동,10,00,15,2404.0,11,서울특별시,11590,동작구,1159010100,노량진동
20260224,11,서울특별시,11590,동작구,1159010100,노량진동,11,서울특별시,11680,강남구,1168010100,역삼동,10,15,8,1269.0,11,서울특별시,11590,동작구,1159010100,노량진동
20260224,11,서울특별시,11590,동작구,1159010100,노량진동,11,서울특별시,11680,강남구,1168010100,역삼동,10,30,5,2136.0,11,서울특별시,11590,동작구,1159010100,노량진동
20260224,11,서울특별시,11590,동작구,1159010100,노량진동,11,서울특별시,11680,강남구,1168010100,역삼동,10,45,5,1149.0,11,서울특별시,11590,동작구,1159010100,노량진동
20260224,11,서울특별시,11590,동작구,1159010100,노량진동,11,서울특별시,11680,강남구,1168010100,역삼동,11,00,13,1680.0,11,서울특별시,11590,동작구,1159010100,노량진동
20260224,11,서울특별시,11590,동작구,1159010100,노량진동,11,서울특별시,11680,강남구,1168010100,역삼동,11,15,14,1590.0,11,서울특별시,11590,동작구,1159010100,노량진동
20260224,11,서울특별시,11590,동작구,1159010100,노량진동,11,서울특별시,11680,강남구,1168010100,역삼동,11,30,12,1709.0,11,서울특별시,11590,동작구,1159010100,노량진동
20260224,11,서울특별시,11590,동작구,1159010100,노량진동,11,서울특별시,11680,강남구,1168010100,역삼동,11,45,10,1877.0,11,서울특별시,11590,동작구,1159010100,노량진동
20260224,11,서울특별시,11590,동작구,1159010200,상도동,11,서울특별시,11680,강남구,1168010100,역삼동,07,00,69,1891.0,11,서울특별시,11590,동작구,1159010200,상도동
20260224,11,서울특별시,11590,동작구,1159010200,상도동,11,서울특별시,11680,강남구,1168010100,역삼동,07,15,55,1914.0,11,서울특별시,11590,동작구,1159010200,상도동
20260224,11,서울특별시,11590,동작구,1159010200,상도동,11,서울특별시,11680,강남구,1168010100,역삼동,07,30,89,1965.0,11,서울특별시,11590,동작구,1159010200,상도동
20260224,11,서울특별시,11590,동작구,1159010200,상도동,11,서울특별시,11680,강남구,1168010100,역삼동,07,45,87,1934.0,11,서울특별시,11590,동작구,1159010200,상도동
20260224,11,서울특별시,11590,동작구,1159010200,상도동,11,서울특별시,11680,강남구,1168010100,역삼동,08,00,114,2066.0,11,서울특별시,11590,동작구,1159010200,상도동
20260224,11,서울특별시,11590,동작구,1159010200,상도동,11,서울특별시,11680,강남구,1168010100,역삼동,08,15,90,1935.0,11,서울특별시,11590,동작구,1159010200,상도동
20260224,11,서울특별시,11590,동작구,1159010200,상도동,11,서울특별시,11680,강남구,1168010100,역삼동,08,30,69,1933.0,11,서울특별시,11590,동작구,1159010200,상도동
20260224,11,서울특별시,11590,동작구,1159010200,상도동,11,서울특별시,11680,강남구,1168010100,역삼동,08,45,65,1881.0,11,서울특별시,11590,동작구,1159010200,상도동
20260224,11,서울특별시,11590,동작구,1159010200,상도동,11,서울특별시,11680,강남구,1168010100,역삼동,09,00,82,1900.0,11,서울특별시,11590,동작구,1159010200,상도동
20260224,11,서울특별시,11590,동작구,1159010200,상도동,11,서울특별시,11680,강남구,1168010100,역삼동,09,15,66,1812.0,11,서울특별시,11590,동작구,1159010200,상도동
20260224,11,서울특별시,11590,동작구,1159010200,상도동,11,서울특별시,11680,강남구,1168010100,역삼동,09,30,46,1780.0,11,서울특별시,11590,동작구,1159010200,상도동
20260224,11,서울특별시,11590,동작구,1159010200,상도동,11,서울특별시,11680,강남구,1168010100,역삼동,09,45,31,1828.0,11,서울특별시,11590,동작구,1159010200,상도동
20260224,11,서울특별시,11590,동작구,1159010200,상도동,11,서울특별시,11680,강남구,1168010100,역삼동,10,00,29,1780.0,11,서울특별시,11590,동작구,1159010200,상도동
20260224,11,서울특별시,11590,동작구,1159010200,상도동,11,서울특별시,11680,강남구,1168010100,역삼동,10,15,12,1684.0,11,서울특별시,11590,동작구,1159010200,상도동
20260224,11,서울특별시,11590,동작구,1159010200,상도동,11,서울특별시,11680,강남구,1168010100,역삼동,10,30,16,1914.0,11,서울특별시,11590,동작구,1159010200,상도동
20260224,11,서울특별시,11590,동작구,1159010200,상도동,11,서울특별시,11680,강남구,1168010100,역삼동,10,45,12,2000.0,11,서울특별시,11590,동작구,1159010200,상도동
20260224,11,서울특별시,11590,동작구,1159010200,상도동,11,서울특별시,11680,강남구,1168010100,역삼동,11,00,15,1645.0,11,서울특별시,11590,동작구,1159010200,상도동
20260224,11,서울특별시,11590,동작구,1159010200,상도동,11,서울특별시,11680,강남구,1168010100,역삼동,11,15,18,1813.0,11,서울특별시,11590,동작구,1159010200,상도동
20260224,11,서울특별시,11590,동작구,1159010200,상도동,11,서울특별시,11680,강남구,1168010100,역삼동,11,30,14,2058.0,11,서울특별시,11590,동작구,1159010200,상도동
20260224,11,서울특별시,11590,동작구,1159010200,상도동,11,서울특별시,11680,강남구,1168010100,역삼동,11,45,13,1986.0,11,서울특별시,11590,동작구,1159010200,상도동
20260224,11,서울특별시,11590,동작구,1159010300,상도1동,11,서울특별시,11680,강남구,1168010100,역삼동,07,00,17,1978.0,11,서울특별시,11590,동작구,1159010300,상도1동
20260224,11,서울특별시,11590,동작구,1159010300,상도1동,11,서울특별시,11680,강남구,1168010100,역삼동,07,15,11,1870.0,11,서울특별시,11590,동작구,1159010300,상도1동
20260224,11,서울특별시,11590,동작구,1159010300,상도1동,11,서울특별시,11680,강남구,1168010100,역삼동,07,30,18,1854.0,11,서울특별시,11590,동작구,1159010300,상도1동
20260224,11,서울특별시,11590,동작구,1159010300,상도1동,11,서울특별시,11680,강남구,1168010100,역삼동,07,45,29,1744.0,11,서울특별시,11590,동작구,1159010300,상도1동
20260224,11,서울특별시,11590,동작구,1159010300,상도1동,11,서울특별시,11680,강남구,1168010100,역삼동,08,00,28,1879.0,11,서울특별시,11590,동작구,1159010300,상도1동
20260224,11,서울특별시,11590,동작구,1159010300,상도1동,11,서울특별시,11680,강남구,1168010100,역삼동,08,15,46,1830.0,11,서울특별시,11590,동작구,1159010300,상도1동
20260224,11,서울특별시,11590,동작구,1159010300,상도1동,11,서울특별시,11680,강남구,1168010100,역삼동,08,30,34,1785.0,11,서울특별시,11590,동작구,1159010300,상도1동
20260224,11,서울특별시,11590,동작구,1159010300,상도1동,11,서울특별시,11680,강남구,1168010100,역삼동,08,45,25,1683.0,11,서울특별시,11590,동작구,1159010300,상도1동
20260224,11,서울특별시,11590,동작구,1159010300,상도1동,11,서울특별시,11680,강남구,1168010100,역삼동,09,00,29,1720.0,11,서울특별시,11590,동작구,1159010300,상도1동
20260224,11,서울특별시,11590,동작구,1159010300,상도1동,11,서울특별시,11680,강남구,1168010100,역삼동,09,15,25,1684.0,11,서울특별시,11590,동작구,1159010300,상도1동
20260224,11,서울특별시,11590,동작구,1159010300,상도1동,11,서울특별시,11680,강남구,1168010100,역삼동,09,30,11,1708.0,11,서울특별시,11590,동작구,1159010300,상도1동
20260224,11,서울특별시,11590,동작구,1159010300,상도1동,11,서울특별시,11680,강남구,1168010100,역삼동,09,45,6,1656.0,11,서울특별시,11590,동작구,1159010300,상도1동
20260224,11,서울특별시,11590,동작구,1159010300,상도1동,11,서울특별시,11680,강남구,1168010100,역삼동,10,00,10,1697.0,11,서울특별시,11590,동작구,1159010300,상도1동
20260224,11,서울특별시,11590,동작구,1159010300,상도1동,11,서울특별시,11680,강남구,1168010100,역삼동,10,15,8,1725.0,11,서울특별시,11590,동작구,1159010300,상도1동
20260224,11,서울특별시,11590,동작구,1159010300,상도1동,11,서울특별시,11680,강남구,1168010100,역삼동,10,30,3,1829.0,11,서울특별시,11590,동작구,1159010300,상도1동
20260224,11,서울특별시,11590,동작구,1159010300,상도1동,11,서울특별시,11680,강남구,1168010100,역삼동,10,45,10,1664.0,11,서울특별시,11590,동작구,1159010300,상도1동
20260224,11,서울특별시,11590,동작구,1159010300,상도1동,11,서울특별시,11680,강남구,1168010100,역삼동,11,00,8,1661.0,11,서울특별시,11590,동작구,1159010300,상도1동
20260224,11,서울특별시,11590,동작구,1159010300,상도1동,11,서울특별시,11680,강남구,1168010100,역삼동,11,15,11,2230.0,11,서울특별시,11590,동작구,1159010300,상도1동
20260224,11,서울특별시,11590,동작구,1159010300,상도1동,11,서울특별시,11680,강남구,1168010100,역삼동,11,30,4,2310.0,11,서울특별시,11590,동작구,1159010300,상도1동
20260224,11,서울특별시,11590,동작구,1159010300,상도1동,11,서울특별시,11680,강남구,1168010100,역삼동,11,45,4,1881.0,11,서울특별시,11590,동작구,1159010300,상도1동
20260224,11,서울특별시,11590,동작구,1159010400,본동,11,서울특별시,11680,강남구,1168010100,역삼동,07,00,8,1697.0,11,서울특별시,11590,동작구,1159010400,본동
20260224,11,서울특별시,11590,동작구,1159010400,본동,11,서울특별시,11680,강남구,1168010100,역삼동,07,15,6,1522.0,11,서울특별시,11590,동작구,1159010400,본동
20260224,11,서울특별시,11590,동작구,1159010400,본동,11,서울특별시,11680,강남구,1168010100,역삼동,07,30,18,1621.0,11,서울특별시,11590,동작구,1159010400,본동
20260224,11,서울특별시,11590,동작구,1159010400,본동,11,서울특별시,11680,강남구,1168010100,역삼동,07,45,16,1437.0,11,서울특별시,11590,동작구,1159010400,본동
20260224,11,서울특별시,11590,동작구,1159010400,본동,11,서울특별시,11680,강남구,1168010100,역삼동,08,00,19,1624.0,11,서울특별시,11590,동작구,1159010400,본동
20260224,11,서울특별시,11590,동작구,1159010400,본동,11,서울특별시,11680,강남구,1168010100,역삼동,08,15,26,1600.0,11,서울특별시,11590,동작구,1159010400,본동
20260224,11,서울특별시,11590,동작구,1159010400,본동,11,서울특별시,11680,강남구,1168010100,역삼동,08,30,24,1471.0,11,서울특별시,11590,동작구,1159010400,본동
20260224,11,서울특별시,11590,동작구,1159010400,본동,11,서울특별시,11680,강남구,1168010100,역삼동,08,45,18,1613.0,11,서울특별시,11590,동작구,1159010400,본동
20260224,11,서울특별시,11590,동작구,1159010400,본동,11,서울특별시,11680,강남구,1168010100,역삼동,09,00,11,1599.0,11,서울특별시,11590,동작구,1159010400,본동
20260224,11,서울특별시,11590,동작구,1159010400,본동,11,서울특별시,11680,강남구,1168010100,역삼동,09,15,12,1460.0,11,서울특별시,11590,동작구,1159010400,본동
20260224,11,서울특별시,11590,동작구,1159010400,본동,11,서울특별시,11680,강남구,1168010100,역삼동,09,30,9,1348.0,11,서울특별시,11590,동작구,1159010400,본동
20260224,11,서울특별시,11590,동작구,1159010400,본동,11,서울특별시,11680,강남구,1168010100,역삼동,09,45,8,1361.0,11,서울특별시,11590,동작구,1159010400,본동
20260224,11,서울특별시,11590,동작구,1159010400,본동,11,서울특별시,11680,강남구,1168010100,역삼동,10,00,7,1576.0,11,서울특별시,11590,동작구,1159010400,본동
20260224,11,서울특별시,11590,동작구,1159010400,본동,11,서울특별시,11680,강남구,1168010100,역삼동,10,15,3,1754.0,11,서울특별시,11590,동작구,1159010400,본동
20260224,11,서울특별시,11590,동작구,1159010400,본동,11,서울특별시,11680,강남구,1168010100,역삼동,10,30,3,1422.0,11,서울특별시,11590,동작구,1159010400,본동
20260224,11,서울특별시,11590,동작구,1159010400,본동,11,서울특별시,11680,강남구,1168010100,역삼동,10,45,3,1746.0,11,서울특별시,11590,동작구,1159010400,본동
20260224,11,서울특별시,11590,동작구,1159010400,본동,11,서울특별시,11680,강남구,1168010100,역삼동,11,00,3,1930.0,11,서울특별시,11590,동작구,1159010400,본동
20260224,11,서울특별시,11590,동작구,1159010400,본동,11,서울특별시,11680,강남구,1168010100,역삼동,11,15,1,1318.0,11,서울특별시,11590,동작구,1159010400,본동
20260224,11,서울특별시,11590,동작구,1159010400,본동,11,서울특별시,11680,강남구,1168010100,역삼동,11,30,3,1177.0,11,서울특별시,11590,동작구,1159010400,본동
20260224,11,서울특별시,11590,동작구,1159010400,본동,11,서울특별시,11680,강남구,1168010100,역삼동,11,45,2,1528.0,11,서울특별시,11590,동작구,1159010400,본동
20260224,11,서울특별시,11590,동작구,1159010500,흑석동,11,서울특별시,11680,강남구,1168010100,역삼동,07,00,16,1576.0,11,서울특별시,11590,동작구,1159010500,흑석동
20260224,11,서울특별시,11590,동작구,1159010500,흑석동,11,서울특별시,11680,강남구,1168010100,역삼동,07,15,10,1438.0,11,서울특별시,11590,동작구,1159010500,흑석동
20260224,11,서울특별시,11590,동작구,1159010500,흑석동,11,서울특별시,11680,강남구,1168010100,역삼동,07,30,18,1516.0,11,서울특별시,11590,동작구,1159010500,흑석동
20260224,11,서울특별시,11590,동작구,1159010500,흑석동,11,서울특별시,11680,강남구,1168010100,역삼동,07,45,23,1650.0,11,서울특별시,11590,동작구,1159010500,흑석동
20260224,11,서울특별시,11590,동작구,1159010500,흑석동,11,서울특별시,11680,강남구,1168010100,역삼동,08,00,30,1643.0,11,서울특별시,11590,동작구,1159010500,흑석동
20260224,11,서울특별시,11590,동작구,1159010500,흑석동,11,서울특별시,11680,강남구,1168010100,역삼동,08,15,38,1668.0,11,서울특별시,11590,동작구,1159010500,흑석동
20260224,11,서울특별시,11590,동작구,1159010500,흑석동,11,서울특별시,11680,강남구,1168010100,역삼동,08,30,27,1568.0,11,서울특별시,11590,동작구,1159010500,흑석동
20260224,11,서울특별시,11590,동작구,1159010500,흑석동,11,서울특별시,11680,강남구,1168010100,역삼동,08,45,24,1671.0,11,서울특별시,11590,동작구,1159010500,흑석동
20260224,11,서울특별시,11590,동작구,1159010500,흑석동,11,서울특별시,11680,강남구,1168010100,역삼동,09,00,22,1640.0,11,서울특별시,11590,동작구,1159010500,흑석동
20260224,11,서울특별시,11590,동작구,1159010500,흑석동,11,서울특별시,11680,강남구,1168010100,역삼동,09,15,28,1440.0,11,서울특별시,11590,동작구,1159010500,흑석동
20260224,11,서울특별시,11590,동작구,1159010500,흑석동,11,서울특별시,11680,강남구,1168010100,역삼동,09,30,11,1480.0,11,서울특별시,11590,동작구,1159010500,흑석동
20260224,11,서울특별시,11590,동작구,1159010500,흑석동,11,서울특별시,11680,강남구,1168010100,역삼동,09,45,10,1678.0,11,서울특별시,11590,동작구,1159010500,흑석동
20260224,11,서울특별시,11590,동작구,1159010500,흑석동,11,서울특별시,11680,강남구,1168010100,역삼동,10,00,9,1399.0,11,서울특별시,11590,동작구,1159010500,흑석동
20260224,11,서울특별시,11590,동작구,1159010500,흑석동,11,서울특별시,11680,강남구,1168010100,역삼동,10,15,12,1522.0,11,서울특별시,11590,동작구,1159010500,흑석동
20260224,11,서울특별시,11590,동작구,1159010500,흑석동,11,서울특별시,11680,강남구,1168010100,역삼동,10,30,8,1442.0,11,서울특별시,11590,동작구,1159010500,흑석동
20260224,11,서울특별시,11590,동작구,1159010500,흑석동,11,서울특별시,11680,강남구,1168010100,역삼동,10,45,10,1460.0,11,서울특별시,11590,동작구,1159010500,흑석동
20260224,11,서울특별시,11590,동작구,1159010500,흑석동,11,서울특별시,11680,강남구,1168010100,역삼동,11,00,8,1398.0,11,서울특별시,11590,동작구,1159010500,흑석동
20260224,11,서울특별시,11590,동작구,1159010500,흑석동,11,서울특별시,11680,강남구,1168010100,역삼동,11,15,13,1546.0,11,서울특별시,11590,동작구,1159010500,흑석동
20260224,11,서울특별시,11590,동작구,1159010500,흑석동,11,서울특별시,11680,강남구,1168010100,역삼동,11,30,5,1622.0,11,서울특별시,11590,동작구,1159010500,흑석동
20260224,11,서울특별시,11590,동작구,1159010500,흑석동,11,서울특별시,11680,강남구,1168010100,역삼동,11,45,4,1013.0,11,서울특별시,11590,동작구,1159010500,흑석동
20260224,11,서울특별시,11590,동작구,1159010600,동작동,11,서울특별시,11680,강남구,1168010100,역삼동,07,00,4,1437.0,11,서울특별시,11590,동작구,1159010600,동작동
20260224,11,서울특별시,11590,동작구,1159010600,동작동,11,서울특별시,11680,강남구,1168010100,역삼동,07,15,5,1550.0,11,서울특별시,11590,동작구,1159010600,동작동
20260224,11,서울특별시,11590,동작구,1159010600,동작동,11,서울특별시,11680,강남구,1168010100,역삼동,07,30,2,1411.0,11,서울특별시,11590,동작구,1159010600,동작동
20260224,11,서울특별시,11590,동작구,1159010600,동작동,11,서울특별시,11680,강남구,1168010100,역삼동,07,45,4,1335.0,11,서울특별시,11590,동작구,1159010600,동작동
20260224,11,서울특별시,11590,동작구,1159010600,동작동,11,서울특별시,11680,강남구,1168010100,역삼동,08,00,9,1421.0,11,서울특별시,11590,동작구,1159010600,동작동
20260224,11,서울특별시,11590,동작구,1159010600,동작동,11,서울특별시,11680,강남구,1168010100,역삼동,08,15,3,1583.0,11,서울특별시,11590,동작구,1159010600,동작동
20260224,11,서울특별시,11590,동작구,1159010600,동작동,11,서울특별시,11680,강남구,1168010100,역삼동,08,30,5,1591.0,11,서울특별시,11590,동작구,1159010600,동작동
20260224,11,서울특별시,11590,동작구,1159010600,동작동,11,서울특별시,11680,강남구,1168010100,역삼동,08,45,7,1635.0,11,서울특별시,11590,동작구,1159010600,동작동
20260224,11,서울특별시,11590,동작구,1159010600,동작동,11,서울특별시,11680,강남구,1168010100,역삼동,09,00,6,1703.0,11,서울특별시,11590,동작구,1159010600,동작동
20260224,11,서울특별시,11590,동작구,1159010600,동작동,11,서울특별시,11680,강남구,1168010100,역삼동,09,15,4,1566.0,11,서울특별시,11590,동작구,1159010600,동작동
20260224,11,서울특별시,11590,동작구,1159010600,동작동,11,서울특별시,11680,강남구,1168010100,역삼동,09,30,4,1218.0,11,서울특별시,11590,동작구,1159010600,동작동
20260224,11,서울특별시,11590,동작구,1159010600,동작동,11,서울특별시,11680,강남구,1168010100,역삼동,09,45,4,979.0,11,서울특별시,11590,동작구,1159010600,동작동
20260224,11,서울특별시,11590,동작구,1159010600,동작동,11,서울특별시,11680,강남구,1168010100,역삼동,10,00,2,1283.0,11,서울특별시,11590,동작구,1159010600,동작동
20260224,11,서울특별시,11590,동작구,1159010600,동작동,11,서울특별시,11680,강남구,1168010100,역삼동,10,15,2,1556.0,11,서울특별시,11590,동작구,1159010600,동작동
20260224,11,서울특별시,11590,동작구,1159010600,동작동,11,서울특별시,11680,강남구,1168010100,역삼동,10,30,2,1350.0,11,서울특별시,11590,동작구,1159010600,동작동
20260224,11,서울특별시,11590,동작구,1159010600,동작동,11,서울특별시,11680,강남구,1168010100,역삼동,10,45,2,925.0,11,서울특별시,11590,동작구,1159010600,동작동
20260224,11,서울특별시,11590,동작구,1159010600,동작동,11,서울특별시,11680,강남구,1168010100,역삼동,11,00,1,1177.0,11,서울특별시,11590,동작구,1159010600,동작동
20260224,11,서울특별시,11590,동작구,1159010600,동작동,11,서울특별시,11680,강남구,1168010100,역삼동,11,15,7,1265.0,11,서울특별시,11590,동작구,1159010600,동작동
20260224,11,서울특별시,11590,동작구,1159010600,동작동,11,서울특별시,11680,강남구,1168010100,역삼동,11,45,5,1170.0,11,서울특별시,11590,동작구,1159010600,동작동
20260224,11,서울특별시,11590,동작구,1159010700,사당동,11,서울특별시,11680,강남구,1168010100,역삼동,07,00,109,1194.0,11,서울특별시,11590,동작구,1159010700,사당동
20260224,11,서울특별시,11590,동작구,1159010700,사당동,11,서울특별시,11680,강남구,1168010100,역삼동,07,15,155,1127.0,11,서울특별시,11590,동작구,1159010700,사당동
20260224,11,서울특별시,11590,동작구,1159010700,사당동,11,서울특별시,11680,강남구,1168010100,역삼동,07,30,179,1202.0,11,서울특별시,11590,동작구,1159010700,사당동
20260224,11,서울특별시,11590,동작구,1159010700,사당동,11,서울특별시,11680,강남구,1168010100,역삼동,07,45,190,1297.0,11,서울특별시,11590,동작구,1159010700,사당동
20260224,11,서울특별시,11590,동작구,1159010700,사당동,11,서울특별시,11680,강남구,1168010100,역삼동,08,00,237,1269.0,11,서울특별시,11590,동작구,1159010700,사당동
20260224,11,서울특별시,11590,동작구,1159010700,사당동,11,서울특별시,11680,강남구,1168010100,역삼동,08,15,299,1314.0,11,서울특별시,11590,동작구,1159010700,사당동
20260224,11,서울특별시,11590,동작구,1159010700,사당동,11,서울특별시,11680,강남구,1168010100,역삼동,08,30,216,1224.0,11,서울특별시,11590,동작구,1159010700,사당동
20260224,11,서울특별시,11590,동작구,1159010700,사당동,11,서울특별시,11680,강남구,1168010100,역삼동,08,45,216,1137.0,11,서울특별시,11590,동작구,1159010700,사당동
20260224,11,서울특별시,11590,동작구,1159010700,사당동,11,서울특별시,11680,강남구,1168010100,역삼동,09,00,233,1173.0,11,서울특별시,11590,동작구,1159010700,사당동
20260224,11,서울특별시,11590,동작구,1159010700,사당동,11,서울특별시,11680,강남구,1168010100,역삼동,09,15,260,1244.0,11,서울특별시,11590,동작구,1159010700,사당동
20260224,11,서울특별시,11590,동작구,1159010700,사당동,11,서울특별시,11680,강남구,1168010100,역삼동,09,30,174,1070.0,11,서울특별시,11590,동작구,1159010700,사당동
20260224,11,서울특별시,11590,동작구,1159010700,사당동,11,서울특별시,11680,강남구,1168010100,역삼동,09,45,98,1067.0,11,서울특별시,11590,동작구,1159010700,사당동
20260224,11,서울특별시,11590,동작구,1159010700,사당동,11,서울특별시,11680,강남구,1168010100,역삼동,10,00,93,1068.0,11,서울특별시,11590,동작구,1159010700,사당동
20260224,11,서울특별시,11590,동작구,1159010700,사당동,11,서울특별시,11680,강남구,1168010100,역삼동,10,15,85,1063.0,11,서울특별시,11590,동작구,1159010700,사당동
20260224,11,서울특별시,11590,동작구,1159010700,사당동,11,서울특별시,11680,강남구,1168010100,역삼동,10,30,85,1033.0,11,서울특별시,11590,동작구,1159010700,사당동
20260224,11,서울특별시,11590,동작구,1159010700,사당동,11,서울특별시,11680,강남구,1168010100,역삼동,10,45,62,1120.0,11,서울특별시,11590,동작구,1159010700,사당동
20260224,11,서울특별시,11590,동작구,1159010700,사당동,11,서울특별시,11680,강남구,1168010100,역삼동,11,00,61,1116.0,11,서울특별시,11590,동작구,1159010700,사당동
20260224,11,서울특별시,11590,동작구,1159010700,사당동,11,서울특별시,11680,강남구,1168010100,역삼동,11,15,45,1183.0,11,서울특별시,11590,동작구,1159010700,사당동
20260224,11,서울특별시,11590,동작구,1159010700,사당동,11,서울특별시,11680,강남구,1168010100,역삼동,11,30,60,1081.0,11,서울특별시,11590,동작구,1159010700,사당동
20260224,11,서울특별시,11590,동작구,1159010700,사당동,11,서울특별시,11680,강남구,1168010100,역삼동,11,45,36,1075.0,11,서울특별시,11590,동작구,1159010700,사당동
20260224,11,서울특별시,11590,동작구,1159010800,대방동,11,서울특별시,11680,강남구,1168010100,역삼동,07,00,21,1978.0,11,서울특별시,11590,동작구,1159010800,대방동
20260224,11,서울특별시,11590,동작구,1159010800,대방동,11,서울특별시,11680,강남구,1168010100,역삼동,07,15,22,1899.0,11,서울특별시,11590,동작구,1159010800,대방동
20260224,11,서울특별시,11590,동작구,1159010800,대방동,11,서울특별시,11680,강남구,1168010100,역삼동,07,30,27,1970.0,11,서울특별시,11590,동작구,1159010800,대방동
20260224,11,서울특별시,11590,동작구,1159010800,대방동,11,서울특별시,11680,강남구,1168010100,역삼동,07,45,31,2076.0,11,서울특별시,11590,동작구,1159010800,대방동
20260224,11,서울특별시,11590,동작구,1159010800,대방동,11,서울특별시,11680,강남구,1168010100,역삼동,08,00,58,2163.0,11,서울특별시,11590,동작구,1159010800,대방동
20260224,11,서울특별시,11590,동작구,1159010800,대방동,11,서울특별시,11680,강남구,1168010100,역삼동,08,15,35,2031.0,11,서울특별시,11590,동작구,1159010800,대방동
20260224,11,서울특별시,11590,동작구,1159010800,대방동,11,서울특별시,11680,강남구,1168010100,역삼동,08,30,22,2132.0,11,서울특별시,11590,동작구,1159010800,대방동
20260224,11,서울특별시,11590,동작구,1159010800,대방동,11,서울특별시,11680,강남구,1168010100,역삼동,08,45,33,1913.0,11,서울특별시,11590,동작구,1159010800,대방동
20260224,11,서울특별시,11590,동작구,1159010800,대방동,11,서울특별시,11680,강남구,1168010100,역삼동,09,00,35,2024.0,11,서울특별시,11590,동작구,1159010800,대방동
20260224,11,서울특별시,11590,동작구,1159010800,대방동,11,서울특별시,11680,강남구,1168010100,역삼동,09,15,19,1981.0,11,서울특별시,11590,동작구,1159010800,대방동
20260224,11,서울특별시,11590,동작구,1159010800,대방동,11,서울특별시,11680,강남구,1168010100,역삼동,09,30,14,2038.0,11,서울특별시,11590,동작구,1159010800,대방동
20260224,11,서울특별시,11590,동작구,1159010800,대방동,11,서울특별시,11680,강남구,1168010100,역삼동,09,45,6,2196.0,11,서울특별시,11590,동작구,1159010800,대방동
20260224,11,서울특별시,11590,동작구,1159010800,대방동,11,서울특별시,11680,강남구,1168010100,역삼동,10,00,16,2053.0,11,서울특별시,11590,동작구,1159010800,대방동
20260224,11,서울특별시,11590,동작구,1159010800,대방동,11,서울특별시,11680,강남구,1168010100,역삼동,10,15,9,1924.0,11,서울특별시,11590,동작구,1159010800,대방동
20260224,11,서울특별시,11590,동작구,1159010800,대방동,11,서울특별시,11680,강남구,1168010100,역삼동,10,30,4,1900.0,11,서울특별시,11590,동작구,1159010800,대방동
20260224,11,서울특별시,11590,동작구,1159010800,대방동,11,서울특별시,11680,강남구,1168010100,역삼동,10,45,2,2580.0,11,서울특별시,11590,동작구,1159010800,대방동
20260224,11,서울특별시,11590,동작구,1159010800,대방동,11,서울특별시,11680,강남구,1168010100,역삼동,11,00,4,1886.0,11,서울특별시,11590,동작구,1159010800,대방동
20260224,11,서울특별시,11590,동작구,1159010800,대방동,11,서울특별시,11680,강남구,1168010100,역삼동,11,15,4,2572.0,11,서울특별시,11590,동작구,1159010800,대방동
20260224,11,서울특별시,11590,동작구,1159010800,대방동,11,서울특별시,11680,강남구,1168010100,역삼동,11,30,3,2047.0,11,서울특별시,11590,동작구,1159010800,대방동
20260224,11,서울특별시,11590,동작구,1159010800,대방동,11,서울특별시,11680,강남구,1168010100,역삼동,11,45,3,1795.0,11,서울특별시,11590,동작구,1159010800,대방동
20260224,11,서울특별시,11590,동작구,1159010900,신대방동,11,서울특별시,11680,강남구,1168010100,역삼동,07,00,14,1767.0,11,서울특별시,11590,동작구,1159010900,신대방동
20260224,11,서울특별시,11590,동작구,1159010900,신대방동,11,서울특별시,11680,강남구,1168010100,역삼동,07,15,30,1929.0,11,서울특별시,11590,동작구,1159010900,신대방동
20260224,11,서울특별시,11590,동작구,1159010900,신대방동,11,서울특별시,11680,강남구,1168010100,역삼동,07,30,24,2331.0,11,서울특별시,11590,동작구,1159010900,신대방동
20260224,11,서울특별시,11590,동작구,1159010900,신대방동,11,서울특별시,11680,강남구,1168010100,역삼동,07,45,29,1975.0,11,서울특별시,11590,동작구,1159010900,신대방동
20260224,11,서울특별시,11590,동작구,1159010900,신대방동,11,서울특별시,11680,강남구,1168010100,역삼동,08,00,49,2096.0,11,서울특별시,11590,동작구,1159010900,신대방동
20260224,11,서울특별시,11590,동작구,1159010900,신대방동,11,서울특별시,11680,강남구,1168010100,역삼동,08,15,27,1963.0,11,서울특별시,11590,동작구,1159010900,신대방동
20260224,11,서울특별시,11590,동작구,1159010900,신대방동,11,서울특별시,11680,강남구,1168010100,역삼동,08,30,29,1883.0,11,서울특별시,11590,동작구,1159010900,신대방동
20260224,11,서울특별시,11590,동작구,1159010900,신대방동,11,서울특별시,11680,강남구,1168010100,역삼동,08,45,25,1946.0,11,서울특별시,11590,동작구,1159010900,신대방동
20260224,11,서울특별시,11590,동작구,1159010900,신대방동,11,서울특별시,11680,강남구,1168010100,역삼동,09,00,28,1860.0,11,서울특별시,11590,동작구,1159010900,신대방동
20260224,11,서울특별시,11590,동작구,1159010900,신대방동,11,서울특별시,11680,강남구,1168010100,역삼동,09,15,29,1819.0,11,서울특별시,11590,동작구,1159010900,신대방동
20260224,11,서울특별시,11590,동작구,1159010900,신대방동,11,서울특별시,11680,강남구,1168010100,역삼동,09,30,16,2036.0,11,서울특별시,11590,동작구,1159010900,신대방동
20260224,11,서울특별시,11590,동작구,1159010900,신대방동,11,서울특별시,11680,강남구,1168010100,역삼동,09,45,5,1811.0,11,서울특별시,11590,동작구,1159010900,신대방동
20260224,11,서울특별시,11590,동작구,1159010900,신대방동,11,서울특별시,11680,강남구,1168010100,역삼동,10,00,22,1882.0,11,서울특별시,11590,동작구,1159010900,신대방동
20260224,11,서울특별시,11590,동작구,1159010900,신대방동,11,서울특별시,11680,강남구,1168010100,역삼동,10,15,10,2140.0,11,서울특별시,11590,동작구,1159010900,신대방동
20260224,11,서울특별시,11590,동작구,1159010900,신대방동,11,서울특별시,11680,강남구,1168010100,역삼동,10,30,7,1843.0,11,서울특별시,11590,동작구,1159010900,신대방동
20260224,11,서울특별시,11590,동작구,1159010900,신대방동,11,서울특별시,11680,강남구,1168010100,역삼동,10,45,4,2031.0,11,서울특별시,11590,동작구,1159010900,신대방동
20260224,11,서울특별시,11590,동작구,1159010900,신대방동,11,서울특별시,11680,강남구,1168010100,역삼동,11,00,7,2012.0,11,서울특별시,11590,동작구,1159010900,신대방동
20260224,11,서울특별시,11590,동작구,1159010900,신대방동,11,서울특별시,11680,강남구,1168010100,역삼동,11,15,6,1910.0,11,서울특별시,11590,동작구,1159010900,신대방동
20260224,11,서울특별시,11590,동작구,1159010900,신대방동,11,서울특별시,11680,강남구,1168010100,역삼동,11,30,6,2071.0,11,서울특별시,11590,동작구,1159010900,신대방동
20260224,11,서울특별시,11590,동작구,1159010900,신대방동,11,서울특별시,11680,강남구,1168010100,역삼동,11,45,5,2047.0,11,서울특별시,11590,동작구,1159010900,신대방동
20260224,11,서울특별시,11620,관악구,1162010100,봉천동,11,서울특별시,11680,강남구,1168010100,역삼동,07,00,270,1305.0,11,서울특별시,11620,관악구,1162010100,봉천동
20260224,11,서울특별시,11620,관악구,1162010100,봉천동,11,서울특별시,11680,강남구,1168010100,역삼동,07,15,500,1250.0,11,서울특별시,11620,관악구,1162010100,봉천동
20260224,11,서울특별시,11620,관악구,1162010100,봉천동,11,서울특별시,11680,강남구,1168010100,역삼동,07,30,549,1287.0,11,서울특별시,11620,관악구,1162010100,봉천동
20260224,11,서울특별시,11620,관악구,1162010100,봉천동,11,서울특별시,11680,강남구,1168010100,역삼동,07,45,762,1303.0,11,서울특별시,11620,관악구,1162010100,봉천동
20260224,11,서울특별시,11620,관악구,1162010100,봉천동,11,서울특별시,11680,강남구,1168010100,역삼동,08,00,911,1452.0,11,서울특별시,11620,관악구,1162010100,봉천동
20260224,11,서울특별시,11620,관악구,1162010100,봉천동,11,서울특별시,11680,강남구,1168010100,역삼동,08,15,1088,1444.0,11,서울특별시,11620,관악구,1162010100,봉천동
20260224,11,서울특별시,11620,관악구,1162010100,봉천동,11,서울특별시,11680,강남구,1168010100,역삼동,08,30,756,1305.0,11,서울특별시,11620,관악구,1162010100,봉천동
20260224,11,서울특별시,11620,관악구,1162010100,봉천동,11,서울특별시,11680,강남구,1168010100,역삼동,08,45,816,1228.0,11,서울특별시,11620,관악구,1162010100,봉천동
20260224,11,서울특별시,11620,관악구,1162010100,봉천동,11,서울특별시,11680,강남구,1168010100,역삼동,09,00,778,1254.0,11,서울특별시,11620,관악구,1162010100,봉천동
20260224,11,서울특별시,11620,관악구,1162010100,봉천동,11,서울특별시,11680,강남구,1168010100,역삼동,09,15,914,1292.0,11,서울특별시,11620,관악구,1162010100,봉천동
20260224,11,서울특별시,11620,관악구,1162010100,봉천동,11,서울특별시,11680,강남구,1168010100,역삼동,09,30,608,1183.0,11,서울특별시,11620,관악구,1162010100,봉천동
20260224,11,서울특별시,11620,관악구,1162010100,봉천동,11,서울특별시,11680,강남구,1168010100,역삼동,09,45,328,1188.0,11,서울특별시,11620,관악구,1162010100,봉천동
20260224,11,서울특별시,11620,관악구,1162010100,봉천동,11,서울특별시,11680,강남구,1168010100,역삼동,10,00,300,1145.0,11,서울특별시,11620,관악구,1162010100,봉천동
20260224,11,서울특별시,11620,관악구,1162010100,봉천동,11,서울특별시,11680,강남구,1168010100,역삼동,10,15,275,1168.0,11,서울특별시,11620,관악구,1162010100,봉천동
20260224,11,서울특별시,11620,관악구,1162010100,봉천동,11,서울특별시,11680,강남구,1168010100,역삼동,10,30,222,1266.0,11,서울특별시,11620,관악구,1162010100,봉천동
20260224,11,서울특별시,11620,관악구,1162010100,봉천동,11,서울특별시,11680,강남구,1168010100,역삼동,10,45,139,1264.0,11,서울특별시,11620,관악구,1162010100,봉천동
20260224,11,서울특별시,11620,관악구,1162010100,봉천동,11,서울특별시,11680,강남구,1168010100,역삼동,11,00,129,1221.0,11,서울특별시,11620,관악구,1162010100,봉천동
20260224,11,서울특별시,11620,관악구,1162010100,봉천동,11,서울특별시,11680,강남구,1168010100,역삼동,11,15,126,1268.0,11,서울특별시,11620,관악구,1162010100,봉천동
20260224,11,서울특별시,11620,관악구,1162010100,봉천동,11,서울특별시,11680,강남구,1168010100,역삼동,11,30,114,1237.0,11,서울특별시,11620,관악구,1162010100,봉천동
20260224,11,서울특별시,11620,관악구,1162010100,봉천동,11,서울특별시,11680,강남구,1168010100,역삼동,11,45,91,1203.0,11,서울특별시,11620,관악구,1162010100,봉천동
20260224,11,서울특별시,11620,관악구,1162010200,신림동,11,서울특별시,11680,강남구,1168010100,역삼동,07,00,275,1791.0,11,서울특별시,11620,관악구,1162010200,신림동
20260224,11,서울특별시,11620,관악구,1162010200,신림동,11,서울특별시,11680,강남구,1168010100,역삼동,07,15,433,1661.0,11,서울특별시,11620,관악구,1162010200,신림동
20260224,11,서울특별시,11620,관악구,1162010200,신림동,11,서울특별시,11680,강남구,1168010100,역삼동,07,30,435,1801.0,11,서울특별시,11620,관악구,1162010200,신림동
20260224,11,서울특별시,11620,관악구,1162010200,신림동,11,서울특별시,11680,강남구,1168010100,역삼동,07,45,663,1838.0,11,서울특별시,11620,관악구,1162010200,신림동
20260224,11,서울특별시,11620,관악구,1162010200,신림동,11,서울특별시,11680,강남구,1168010100,역삼동,08,00,860,1898.0,11,서울특별시,11620,관악구,1162010200,신림동
20260224,11,서울특별시,11620,관악구,1162010200,신림동,11,서울특별시,11680,강남구,1168010100,역삼동,08,15,905,1819.0,11,서울특별시,11620,관악구,1162010200,신림동
20260224,11,서울특별시,11620,관악구,1162010200,신림동,11,서울특별시,11680,강남구,1168010100,역삼동,08,30,559,1748.0,11,서울특별시,11620,관악구,1162010200,신림동
20260224,11,서울특별시,11620,관악구,1162010200,신림동,11,서울특별시,11680,강남구,1168010100,역삼동,08,45,708,1690.0,11,서울특별시,11620,관악구,1162010200,신림동
20260224,11,서울특별시,11620,관악구,1162010200,신림동,11,서울특별시,11680,강남구,1168010100,역삼동,09,00,697,1717.0,11,서울특별시,11620,관악구,1162010200,신림동
20260224,11,서울특별시,11620,관악구,1162010200,신림동,11,서울특별시,11680,강남구,1168010100,역삼동,09,15,699,1612.0,11,서울특별시,11620,관악구,1162010200,신림동
20260224,11,서울특별시,11620,관악구,1162010200,신림동,11,서울특별시,11680,강남구,1168010100,역삼동,09,30,307,1596.0,11,서울특별시,11620,관악구,1162010200,신림동
20260224,11,서울특별시,11620,관악구,1162010200,신림동,11,서울특별시,11680,강남구,1168010100,역삼동,09,45,276,1554.0,11,서울특별시,11620,관악구,1162010200,신림동
20260224,11,서울특별시,11620,관악구,1162010200,신림동,11,서울특별시,11680,강남구,1168010100,역삼동,10,00,246,1604.0,11,서울특별시,11620,관악구,1162010200,신림동
20260224,11,서울특별시,11620,관악구,1162010200,신림동,11,서울특별시,11680,강남구,1168010100,역삼동,10,15,240,1569.0,11,서울특별시,11620,관악구,1162010200,신림동
20260224,11,서울특별시,11620,관악구,1162010200,신림동,11,서울특별시,11680,강남구,1168010100,역삼동,10,30,137,1632.0,11,서울특별시,11620,관악구,1162010200,신림동
20260224,11,서울특별시,11620,관악구,1162010200,신림동,11,서울특별시,11680,강남구,1168010100,역삼동,10,45,101,1615.0,11,서울특별시,11620,관악구,1162010200,신림동
20260224,11,서울특별시,11620,관악구,1162010200,신림동,11,서울특별시,11680,강남구,1168010100,역삼동,11,00,96,1687.0,11,서울특별시,11620,관악구,1162010200,신림동
20260224,11,서울특별시,11620,관악구,1162010200,신림동,11,서울특별시,11680,강남구,1168010100,역삼동,11,15,105,1611.0,11,서울특별시,11620,관악구,1162010200,신림동
20260224,11,서울특별시,11620,관악구,1162010200,신림동,11,서울특별시,11680,강남구,1168010100,역삼동,11,30,89,1698.0,11,서울특별시,11620,관악구,1162010200,신림동
20260224,11,서울특별시,11620,관악구,1162010200,신림동,11,서울특별시,11680,강남구,1168010100,역삼동,11,45,66,1730.0,11,서울특별시,11620,관악구,1162010200,신림동
20260224,11,서울특별시,11620,관악구,1162010300,남현동,11,서울특별시,11680,강남구,1168010100,역삼동,07,00,2,1293.0,11,서울특별시,11620,관악구,1162010300,남현동
20260224,11,서울특별시,11620,관악구,1162010300,남현동,11,서울특별시,11680,강남구,1168010100,역삼동,07,15,4,1254.0,11,서울특별시,11620,관악구,1162010300,남현동
20260224,11,서울특별시,11620,관악구,1162010300,남현동,11,서울특별시,11680,강남구,1168010100,역삼동,07,30,1,2303.0,11,서울특별시,11620,관악구,1162010300,남현동
20260224,11,서울특별시,11620,관악구,1162010300,남현동,11,서울특별시,11680,강남구,1168010100,역삼동,07,45,6,1359.0,11,서울특별시,11620,관악구,1162010300,남현동
20260224,11,서울특별시,11620,관악구,1162010300,남현동,11,서울특별시,11680,강남구,1168010100,역삼동,08,00,8,2099.0,11,서울특별시,11620,관악구,1162010300,남현동
20260224,11,서울특별시,11620,관악구,1162010300,남현동,11,서울특별시,11680,강남구,1168010100,역삼동,08,15,4,1608.0,11,서울특별시,11620,관악구,1162010300,남현동
20260224,11,서울특별시,11620,관악구,1162010300,남현동,11,서울특별시,11680,강남구,1168010100,역삼동,08,30,3,1317.0,11,서울특별시,11620,관악구,1162010300,남현동
20260224,11,서울특별시,11620,관악구,1162010300,남현동,11,서울특별시,11680,강남구,1168010100,역삼동,08,45,5,1634.0,11,서울특별시,11620,관악구,1162010300,남현동
20260224,11,서울특별시,11620,관악구,1162010300,남현동,11,서울특별시,11680,강남구,1168010100,역삼동,09,00,10,1009.0,11,서울특별시,11620,관악구,1162010300,남현동
20260224,11,서울특별시,11620,관악구,1162010300,남현동,11,서울특별시,11680,강남구,1168010100,역삼동,09,15,6,1332.0,11,서울특별시,11620,관악구,1162010300,남현동
20260224,11,서울특별시,11620,관악구,1162010300,남현동,11,서울특별시,11680,강남구,1168010100,역삼동,09,30,4,1098.0,11,서울특별시,11620,관악구,1162010300,남현동
20260224,11,서울특별시,11620,관악구,1162010300,남현동,11,서울특별시,11680,강남구,1168010100,역삼동,09,45,2,1102.0,11,서울특별시,11620,관악구,1162010300,남현동
20260224,11,서울특별시,11620,관악구,1162010300,남현동,11,서울특별시,11680,강남구,1168010100,역삼동,10,00,2,1193.0,11,서울특별시,11620,관악구,1162010300,남현동
20260224,11,서울특별시,11620,관악구,1162010300,남현동,11,서울특별시,11680,강남구,1168010100,역삼동,10,15,2,883.0,11,서울특별시,11620,관악구,1162010300,남현동
20260224,11,서울특별시,11620,관악구,1162010300,남현동,11,서울특별시,11680,강남구,1168010100,역삼동,10,30,2,973.0,11,서울특별시,11620,관악구,1162010300,남현동
20260224,11,서울특별시,11620,관악구,1162010300,남현동,11,서울특별시,11680,강남구,1168010100,역삼동,11,00,1,997.0,11,서울특별시,11620,관악구,1162010300,남현동
20260224,11,서울특별시,11620,관악구,1162010300,남현동,11,서울특별시,11680,강남구,1168010100,역삼동,11,30,2,899.0,11,서울특별시,11620,관악구,1162010300,남현동
20260224,11,서울특별시,11650,서초구,1165010100,방배동,11,서울특별시,11680,강남구,1168010100,역삼동,07,00,44,1024.0,11,서울특별시,11650,서초구,1165010100,방배동
20260224,11,서울특별시,11650,서초구,1165010100,방배동,11,서울특별시,11680,강남구,1168010100,역삼동,07,15,82,955.0,11,서울특별시,11650,서초구,1165010100,방배동
20260224,11,서울특별시,11650,서초구,1165010100,방배동,11,서울특별시,11680,강남구,1168010100,역삼동,07,30,117,934.0,11,서울특별시,11650,서초구,1165010100,방배동
20260224,11,서울특별시,11650,서초구,1165010100,방배동,11,서울특별시,11680,강남구,1168010100,역삼동,07,45,105,1177.0,11,서울특별시,11650,서초구,1165010100,방배동
20260224,11,서울특별시,11650,서초구,1165010100,방배동,11,서울특별시,11680,강남구,1168010100,역삼동,08,00,120,1046.0,11,서울특별시,11650,서초구,1165010100,방배동
20260224,11,서울특별시,11650,서초구,1165010100,방배동,11,서울특별시,11680,강남구,1168010100,역삼동,08,15,143,1138.0,11,서울특별시,11650,서초구,1165010100,방배동
20260224,11,서울특별시,11650,서초구,1165010100,방배동,11,서울특별시,11680,강남구,1168010100,역삼동,08,30,140,998.0,11,서울특별시,11650,서초구,1165010100,방배동
20260224,11,서울특별시,11650,서초구,1165010100,방배동,11,서울특별시,11680,강남구,1168010100,역삼동,08,45,102,951.0,11,서울특별시,11650,서초구,1165010100,방배동
20260224,11,서울특별시,11650,서초구,1165010100,방배동,11,서울특별시,11680,강남구,1168010100,역삼동,09,00,116,952.0,11,서울특별시,11650,서초구,1165010100,방배동
20260224,11,서울특별시,11650,서초구,1165010100,방배동,11,서울특별시,11680,강남구,1168010100,역삼동,09,15,136,979.0,11,서울특별시,11650,서초구,1165010100,방배동
20260224,11,서울특별시,11650,서초구,1165010100,방배동,11,서울특별시,11680,강남구,1168010100,역삼동,09,30,136,986.0,11,서울특별시,11650,서초구,1165010100,방배동
20260224,11,서울특별시,11650,서초구,1165010100,방배동,11,서울특별시,11680,강남구,1168010100,역삼동,09,45,84,1053.0,11,서울특별시,11650,서초구,1165010100,방배동
20260224,11,서울특별시,11650,서초구,1165010100,방배동,11,서울특별시,11680,강남구,1168010100,역삼동,10,00,53,964.0,11,서울특별시,11650,서초구,1165010100,방배동
20260224,11,서울특별시,11650,서초구,1165010100,방배동,11,서울특별시,11680,강남구,1168010100,역삼동,10,15,64,934.0,11,서울특별시,11650,서초구,1165010100,방배동
20260224,11,서울특별시,11650,서초구,1165010100,방배동,11,서울특별시,11680,강남구,1168010100,역삼동,10,30,53,965.0,11,서울특별시,11650,서초구,1165010100,방배동
20260224,11,서울특별시,11650,서초구,1165010100,방배동,11,서울특별시,11680,강남구,1168010100,역삼동,10,45,56,1154.0,11,서울특별시,11650,서초구,1165010100,방배동
20260224,11,서울특별시,11650,서초구,1165010100,방배동,11,서울특별시,11680,강남구,1168010100,역삼동,11,00,52,1005.0,11,서울특별시,11650,서초구,1165010100,방배동
20260224,11,서울특별시,11650,서초구,1165010100,방배동,11,서울특별시,11680,강남구,1168010100,역삼동,11,15,51,962.0,11,서울특별시,11650,서초구,1165010100,방배동
20260224,11,서울특별시,11650,서초구,1165010100,방배동,11,서울특별시,11680,강남구,1168010100,역삼동,11,30,39,852.0,11,서울특별시,11650,서초구,1165010100,방배동
20260224,11,서울특별시,11650,서초구,1165010100,방배동,11,서울특별시,11680,강남구,1168010100,역삼동,11,45,67,759.0,11,서울특별시,11650,서초구,1165010100,방배동
20260224,11,서울특별시,11650,서초구,1165010200,양재동,11,서울특별시,11680,강남구,1168010100,역삼동,07,00,32,716.0,11,서울특별시,11650,서초구,1165010200,양재동
20260224,11,서울특별시,11650,서초구,1165010200,양재동,11,서울특별시,11680,강남구,1168010100,역삼동,07,15,39,734.0,11,서울특별시,11650,서초구,1165010200,양재동
20260224,11,서울특별시,11650,서초구,1165010200,양재동,11,서울특별시,11680,강남구,1168010100,역삼동,07,30,65,808.0,11,서울특별시,11650,서초구,1165010200,양재동
20260224,11,서울특별시,11650,서초구,1165010200,양재동,11,서울특별시,11680,강남구,1168010100,역삼동,07,45,75,856.0,11,서울특별시,11650,서초구,1165010200,양재동
20260224,11,서울특별시,11650,서초구,1165010200,양재동,11,서울특별시,11680,강남구,1168010100,역삼동,08,00,88,943.0,11,서울특별시,11650,서초구,1165010200,양재동
20260224,11,서울특별시,11650,서초구,1165010200,양재동,11,서울특별시,11680,강남구,1168010100,역삼동,08,15,115,976.0,11,서울특별시,11650,서초구,1165010200,양재동
20260224,11,서울특별시,11650,서초구,1165010200,양재동,11,서울특별시,11680,강남구,1168010100,역삼동,08,30,122,862.0,11,서울특별시,11650,서초구,1165010200,양재동
20260224,11,서울특별시,11650,서초구,1165010200,양재동,11,서울특별시,11680,강남구,1168010100,역삼동,08,45,100,795.0,11,서울특별시,11650,서초구,1165010200,양재동
20260224,11,서울특별시,11650,서초구,1165010200,양재동,11,서울특별시,11680,강남구,1168010100,역삼동,09,00,93,836.0,11,서울특별시,11650,서초구,1165010200,양재동
20260224,11,서울특별시,11650,서초구,1165010200,양재동,11,서울특별시,11680,강남구,1168010100,역삼동,09,15,100,862.0,11,서울특별시,11650,서초구,1165010200,양재동
20260224,11,서울특별시,11650,서초구,1165010200,양재동,11,서울특별시,11680,강남구,1168010100,역삼동,09,30,104,801.0,11,서울특별시,11650,서초구,1165010200,양재동
20260224,11,서울특별시,11650,서초구,1165010200,양재동,11,서울특별시,11680,강남구,1168010100,역삼동,09,45,68,828.0,11,서울특별시,11650,서초구,1165010200,양재동
20260224,11,서울특별시,11650,서초구,1165010200,양재동,11,서울특별시,11680,강남구,1168010100,역삼동,10,00,55,858.0,11,서울특별시,11650,서초구,1165010200,양재동
20260224,11,서울특별시,11650,서초구,1165010200,양재동,11,서울특별시,11680,강남구,1168010100,역삼동,10,15,60,849.0,11,서울특별시,11650,서초구,1165010200,양재동
20260224,11,서울특별시,11650,서초구,1165010200,양재동,11,서울특별시,11680,강남구,1168010100,역삼동,10,30,55,875.0,11,서울특별시,11650,서초구,1165010200,양재동
20260224,11,서울특별시,11650,서초구,1165010200,양재동,11,서울특별시,11680,강남구,1168010100,역삼동,10,45,44,719.0,11,서울특별시,11650,서초구,1165010200,양재동
20260224,11,서울특별시,11650,서초구,1165010200,양재동,11,서울특별시,11680,강남구,1168010100,역삼동,11,00,53,855.0,11,서울특별시,11650,서초구,1165010200,양재동
20260224,11,서울특별시,11650,서초구,1165010200,양재동,11,서울특별시,11680,강남구,1168010100,역삼동,11,15,39,844.0,11,서울특별시,11650,서초구,1165010200,양재동
20260224,11,서울특별시,11650,서초구,1165010200,양재동,11,서울특별시,11680,강남구,1168010100,역삼동,11,30,44,687.0,11,서울특별시,11650,서초구,1165010200,양재동
20260224,11,서울특별시,11650,서초구,1165010200,양재동,11,서울특별시,11680,강남구,1168010100,역삼동,11,45,51,813.0,11,서울특별시,11650,서초구,1165010200,양재동
20260224,11,서울특별시,11650,서초구,1165010300,우면동,11,서울특별시,11680,강남구,1168010100,역삼동,07,00,16,1207.0,11,서울특별시,11650,서초구,1165010300,우면동
20260224,11,서울특별시,11650,서초구,1165010300,우면동,11,서울특별시,11680,강남구,1168010100,역삼동,07,15,25,1281.0,11,서울특별시,11650,서초구,1165010300,우면동
20260224,11,서울특별시,11650,서초구,1165010300,우면동,11,서울특별시,11680,강남구,1168010100,역삼동,07,30,18,1260.0,11,서울특별시,11650,서초구,1165010300,우면동
20260224,11,서울특별시,11650,서초구,1165010300,우면동,11,서울특별시,11680,강남구,1168010100,역삼동,07,45,34,1431.0,11,서울특별시,11650,서초구,1165010300,우면동
20260224,11,서울특별시,11650,서초구,1165010300,우면동,11,서울특별시,11680,강남구,1168010100,역삼동,08,00,32,1687.0,11,서울특별시,11650,서초구,1165010300,우면동
20260224,11,서울특별시,11650,서초구,1165010300,우면동,11,서울특별시,11680,강남구,1168010100,역삼동,08,15,39,1467.0,11,서울특별시,11650,서초구,1165010300,우면동
20260224,11,서울특별시,11650,서초구,1165010300,우면동,11,서울특별시,11680,강남구,1168010100,역삼동,08,30,37,1336.0,11,서울특별시,11650,서초구,1165010300,우면동
20260224,11,서울특별시,11650,서초구,1165010300,우면동,11,서울특별시,11680,강남구,1168010100,역삼동,08,45,39,1346.0,11,서울특별시,11650,서초구,1165010300,우면동
20260224,11,서울특별시,11650,서초구,1165010300,우면동,11,서울특별시,11680,강남구,1168010100,역삼동,09,00,34,1529.0,11,서울특별시,11650,서초구,1165010300,우면동
20260224,11,서울특별시,11650,서초구,1165010300,우면동,11,서울특별시,11680,강남구,1168010100,역삼동,09,15,22,1334.0,11,서울특별시,11650,서초구,1165010300,우면동
20260224,11,서울특별시,11650,서초구,1165010300,우면동,11,서울특별시,11680,강남구,1168010100,역삼동,09,30,11,1351.0,11,서울특별시,11650,서초구,1165010300,우면동
20260224,11,서울특별시,11650,서초구,1165010300,우면동,11,서울특별시,11680,강남구,1168010100,역삼동,09,45,17,1435.0,11,서울특별시,11650,서초구,1165010300,우면동
20260224,11,서울특별시,11650,서초구,1165010300,우면동,11,서울특별시,11680,강남구,1168010100,역삼동,10,00,15,1251.0,11,서울특별시,11650,서초구,1165010300,우면동
20260224,11,서울특별시,11650,서초구,1165010300,우면동,11,서울특별시,11680,강남구,1168010100,역삼동,10,15,13,1430.0,11,서울특별시,11650,서초구,1165010300,우면동
20260224,11,서울특별시,11650,서초구,1165010300,우면동,11,서울특별시,11680,강남구,1168010100,역삼동,10,30,16,1364.0,11,서울특별시,11650,서초구,1165010300,우면동
20260224,11,서울특별시,11650,서초구,1165010300,우면동,11,서울특별시,11680,강남구,1168010100,역삼동,10,45,6,1471.0,11,서울특별시,11650,서초구,1165010300,우면동
20260224,11,서울특별시,11650,서초구,1165010300,우면동,11,서울특별시,11680,강남구,1168010100,역삼동,11,00,18,1364.0,11,서울특별시,11650,서초구,1165010300,우면동
20260224,11,서울특별시,11650,서초구,1165010300,우면동,11,서울특별시,11680,강남구,1168010100,역삼동,11,15,9,1667.0,11,서울특별시,11650,서초구,1165010300,우면동
20260224,11,서울특별시,11650,서초구,1165010300,우면동,11,서울특별시,11680,강남구,1168010100,역삼동,11,30,15,1351.0,11,서울특별시,11650,서초구,1165010300,우면동
20260224,11,서울특별시,11650,서초구,1165010300,우면동,11,서울특별시,11680,강남구,1168010100,역삼동,11,45,6,1332.0,11,서울특별시,11650,서초구,1165010300,우면동
20260224,11,서울특별시,11650,서초구,1165010400,원지동,11,서울특별시,11680,강남구,1168010100,역삼동,07,45,1,1607.0,11,서울특별시,11650,서초구,1165010400,원지동
20260224,11,서울특별시,11650,서초구,1165010400,원지동,11,서울특별시,11680,강남구,1168010100,역삼동,08,30,1,1664.0,11,서울특별시,11650,서초구,1165010400,원지동
20260224,11,서울특별시,11650,서초구,1165010400,원지동,11,서울특별시,11680,강남구,1168010100,역삼동,09,00,1,2089.0,11,서울특별시,11650,서초구,1165010400,원지동
20260224,11,서울특별시,11650,서초구,1165010600,잠원동,11,서울특별시,11680,강남구,1168010100,역삼동,07,00,20,1070.0,11,서울특별시,11650,서초구,1165010600,잠원동
20260224,11,서울특별시,11650,서초구,1165010600,잠원동,11,서울특별시,11680,강남구,1168010100,역삼동,07,15,37,916.0,11,서울특별시,11650,서초구,1165010600,잠원동
20260224,11,서울특별시,11650,서초구,1165010600,잠원동,11,서울특별시,11680,강남구,1168010100,역삼동,07,30,38,930.0,11,서울특별시,11650,서초구,1165010600,잠원동
20260224,11,서울특별시,11650,서초구,1165010600,잠원동,11,서울특별시,11680,강남구,1168010100,역삼동,07,45,55,991.0,11,서울특별시,11650,서초구,1165010600,잠원동
20260224,11,서울특별시,11650,서초구,1165010600,잠원동,11,서울특별시,11680,강남구,1168010100,역삼동,08,00,59,908.0,11,서울특별시,11650,서초구,1165010600,잠원동
20260224,11,서울특별시,11650,서초구,1165010600,잠원동,11,서울특별시,11680,강남구,1168010100,역삼동,08,15,50,1068.0,11,서울특별시,11650,서초구,1165010600,잠원동
20260224,11,서울특별시,11650,서초구,1165010600,잠원동,11,서울특별시,11680,강남구,1168010100,역삼동,08,30,63,974.0,11,서울특별시,11650,서초구,1165010600,잠원동
20260224,11,서울특별시,11650,서초구,1165010600,잠원동,11,서울특별시,11680,강남구,1168010100,역삼동,08,45,54,864.0,11,서울특별시,11650,서초구,1165010600,잠원동
20260224,11,서울특별시,11650,서초구,1165010600,잠원동,11,서울특별시,11680,강남구,1168010100,역삼동,09,00,67,829.0,11,서울특별시,11650,서초구,1165010600,잠원동
20260224,11,서울특별시,11650,서초구,1165010600,잠원동,11,서울특별시,11680,강남구,1168010100,역삼동,09,15,47,1198.0,11,서울특별시,11650,서초구,1165010600,잠원동
20260224,11,서울특별시,11650,서초구,1165010600,잠원동,11,서울특별시,11680,강남구,1168010100,역삼동,09,30,71,863.0,11,서울특별시,11650,서초구,1165010600,잠원동
20260224,11,서울특별시,11650,서초구,1165010600,잠원동,11,서울특별시,11680,강남구,1168010100,역삼동,09,45,52,904.0,11,서울특별시,11650,서초구,1165010600,잠원동
20260224,11,서울특별시,11650,서초구,1165010600,잠원동,11,서울특별시,11680,강남구,1168010100,역삼동,10,00,40,901.0,11,서울특별시,11650,서초구,1165010600,잠원동
20260224,11,서울특별시,11650,서초구,1165010600,잠원동,11,서울특별시,11680,강남구,1168010100,역삼동,10,15,40,996.0,11,서울특별시,11650,서초구,1165010600,잠원동
20260224,11,서울특별시,11650,서초구,1165010600,잠원동,11,서울특별시,11680,강남구,1168010100,역삼동,10,30,38,770.0,11,서울특별시,11650,서초구,1165010600,잠원동
20260224,11,서울특별시,11650,서초구,1165010600,잠원동,11,서울특별시,11680,강남구,1168010100,역삼동,10,45,25,904.0,11,서울특별시,11650,서초구,1165010600,잠원동
20260224,11,서울특별시,11650,서초구,1165010600,잠원동,11,서울특별시,11680,강남구,1168010100,역삼동,11,00,38,962.0,11,서울특별시,11650,서초구,1165010600,잠원동
20260224,11,서울특별시,11650,서초구,1165010600,잠원동,11,서울특별시,11680,강남구,1168010100,역삼동,11,15,38,916.0,11,서울특별시,11650,서초구,1165010600,잠원동
20260224,11,서울특별시,11650,서초구,1165010600,잠원동,11,서울특별시,11680,강남구,1168010100,역삼동,11,30,39,963.0,11,서울특별시,11650,서초구,1165010600,잠원동
20260224,11,서울특별시,11650,서초구,1165010600,잠원동,11,서울특별시,11680,강남구,1168010100,역삼동,11,45,28,960.0,11,서울특별시,11650,서초구,1165010600,잠원동
20260224,11,서울특별시,11650,서초구,1165010700,반포동,11,서울특별시,11680,강남구,1168010100,역삼동,07,00,36,869.0,11,서울특별시,11650,서초구,1165010700,반포동
20260224,11,서울특별시,11650,서초구,1165010700,반포동,11,서울특별시,11680,강남구,1168010100,역삼동,07,15,54,838.0,11,서울특별시,11650,서초구,1165010700,반포동
20260224,11,서울특별시,11650,서초구,1165010700,반포동,11,서울특별시,11680,강남구,1168010100,역삼동,07,30,55,875.0,11,서울특별시,11650,서초구,1165010700,반포동
20260224,11,서울특별시,11650,서초구,1165010700,반포동,11,서울특별시,11680,강남구,1168010100,역삼동,07,45,68,936.0,11,서울특별시,11650,서초구,1165010700,반포동
20260224,11,서울특별시,11650,서초구,1165010700,반포동,11,서울특별시,11680,강남구,1168010100,역삼동,08,00,89,915.0,11,서울특별시,11650,서초구,1165010700,반포동
20260224,11,서울특별시,11650,서초구,1165010700,반포동,11,서울특별시,11680,강남구,1168010100,역삼동,08,15,80,1048.0,11,서울특별시,11650,서초구,1165010700,반포동
20260224,11,서울특별시,11650,서초구,1165010700,반포동,11,서울특별시,11680,강남구,1168010100,역삼동,08,30,121,868.0,11,서울특별시,11650,서초구,1165010700,반포동
20260224,11,서울특별시,11650,서초구,1165010700,반포동,11,서울특별시,11680,강남구,1168010100,역삼동,08,45,110,869.0,11,서울특별시,11650,서초구,1165010700,반포동
20260224,11,서울특별시,11650,서초구,1165010700,반포동,11,서울특별시,11680,강남구,1168010100,역삼동,09,00,129,909.0,11,서울특별시,11650,서초구,1165010700,반포동
20260224,11,서울특별시,11650,서초구,1165010700,반포동,11,서울특별시,11680,강남구,1168010100,역삼동,09,15,148,979.0,11,서울특별시,11650,서초구,1165010700,반포동
20260224,11,서울특별시,11650,서초구,1165010700,반포동,11,서울특별시,11680,강남구,1168010100,역삼동,09,30,141,841.0,11,서울특별시,11650,서초구,1165010700,반포동
20260224,11,서울특별시,11650,서초구,1165010700,반포동,11,서울특별시,11680,강남구,1168010100,역삼동,09,45,91,919.0,11,서울특별시,11650,서초구,1165010700,반포동
20260224,11,서울특별시,11650,서초구,1165010700,반포동,11,서울특별시,11680,강남구,1168010100,역삼동,10,00,90,867.0,11,서울특별시,11650,서초구,1165010700,반포동
20260224,11,서울특별시,11650,서초구,1165010700,반포동,11,서울특별시,11680,강남구,1168010100,역삼동,10,15,94,1001.0,11,서울특별시,11650,서초구,1165010700,반포동
20260224,11,서울특별시,11650,서초구,1165010700,반포동,11,서울특별시,11680,강남구,1168010100,역삼동,10,30,80,985.0,11,서울특별시,11650,서초구,1165010700,반포동
20260224,11,서울특별시,11650,서초구,1165010700,반포동,11,서울특별시,11680,강남구,1168010100,역삼동,10,45,89,1023.0,11,서울특별시,11650,서초구,1165010700,반포동
20260224,11,서울특별시,11650,서초구,1165010700,반포동,11,서울특별시,11680,강남구,1168010100,역삼동,11,00,92,892.0,11,서울특별시,11650,서초구,1165010700,반포동
20260224,11,서울특별시,11650,서초구,1165010700,반포동,11,서울특별시,11680,강남구,1168010100,역삼동,11,15,76,927.0,11,서울특별시,11650,서초구,1165010700,반포동
20260224,11,서울특별시,11650,서초구,1165010700,반포동,11,서울특별시,11680,강남구,1168010100,역삼동,11,30,68,878.0,11,서울특별시,11650,서초구,1165010700,반포동
20260224,11,서울특별시,11650,서초구,1165010700,반포동,11,서울특별시,11680,강남구,1168010100,역삼동,11,45,63,965.0,11,서울특별시,11650,서초구,1165010700,반포동
20260224,11,서울특별시,11650,서초구,1165010800,서초동,11,서울특별시,11680,강남구,1168010100,역삼동,07,00,36,574.0,11,서울특별시,11650,서초구,1165010800,서초동
20260224,11,서울특별시,11650,서초구,1165010800,서초동,11,서울특별시,11680,강남구,1168010100,역삼동,07,15,74,616.0,11,서울특별시,11650,서초구,1165010800,서초동
20260224,11,서울특별시,11650,서초구,1165010800,서초동,11,서울특별시,11680,강남구,1168010100,역삼동,07,30,107,597.0,11,서울특별시,11650,서초구,1165010800,서초동
20260224,11,서울특별시,11650,서초구,1165010800,서초동,11,서울특별시,11680,강남구,1168010100,역삼동,07,45,77,688.0,11,서울특별시,11650,서초구,1165010800,서초동
20260224,11,서울특별시,11650,서초구,1165010800,서초동,11,서울특별시,11680,강남구,1168010100,역삼동,08,00,136,706.0,11,서울특별시,11650,서초구,1165010800,서초동
20260224,11,서울특별시,11650,서초구,1165010800,서초동,11,서울특별시,11680,강남구,1168010100,역삼동,08,15,149,735.0,11,서울특별시,11650,서초구,1165010800,서초동
20260224,11,서울특별시,11650,서초구,1165010800,서초동,11,서울특별시,11680,강남구,1168010100,역삼동,08,30,199,681.0,11,서울특별시,11650,서초구,1165010800,서초동
20260224,11,서울특별시,11650,서초구,1165010800,서초동,11,서울특별시,11680,강남구,1168010100,역삼동,08,45,143,560.0,11,서울특별시,11650,서초구,1165010800,서초동
20260224,11,서울특별시,11650,서초구,1165010800,서초동,11,서울특별시,11680,강남구,1168010100,역삼동,09,00,149,650.0,11,서울특별시,11650,서초구,1165010800,서초동
20260224,11,서울특별시,11650,서초구,1165010800,서초동,11,서울특별시,11680,강남구,1168010100,역삼동,09,15,166,663.0,11,서울특별시,11650,서초구,1165010800,서초동
20260224,11,서울특별시,11650,서초구,1165010800,서초동,11,서울특별시,11680,강남구,1168010100,역삼동,09,30,220,640.0,11,서울특별시,11650,서초구,1165010800,서초동
20260224,11,서울특별시,11650,서초구,1165010800,서초동,11,서울특별시,11680,강남구,1168010100,역삼동,09,45,149,626.0,11,서울특별시,11650,서초구,1165010800,서초동
20260224,11,서울특별시,11650,서초구,1165010800,서초동,11,서울특별시,11680,강남구,1168010100,역삼동,10,00,128,620.0,11,서울특별시,11650,서초구,1165010800,서초동
20260224,11,서울특별시,11650,서초구,1165010800,서초동,11,서울특별시,11680,강남구,1168010100,역삼동,10,15,132,654.0,11,서울특별시,11650,서초구,1165010800,서초동
20260224,11,서울특별시,11650,서초구,1165010800,서초동,11,서울특별시,11680,강남구,1168010100,역삼동,10,30,101,630.0,11,서울특별시,11650,서초구,1165010800,서초동
20260224,11,서울특별시,11650,서초구,1165010800,서초동,11,서울특별시,11680,강남구,1168010100,역삼동,10,45,109,649.0,11,서울특별시,11650,서초구,1165010800,서초동
20260224,11,서울특별시,11650,서초구,1165010800,서초동,11,서울특별시,11680,강남구,1168010100,역삼동,11,00,122,669.0,11,서울특별시,11650,서초구,1165010800,서초동
20260224,11,서울특별시,11650,서초구,1165010800,서초동,11,서울특별시,11680,강남구,1168010100,역삼동,11,15,138,723.0,11,서울특별시,11650,서초구,1165010800,서초동
20260224,11,서울특별시,11650,서초구,1165010800,서초동,11,서울특별시,11680,강남구,1168010100,역삼동,11,30,163,665.0,11,서울특별시,11650,서초구,1165010800,서초동
20260224,11,서울특별시,11650,서초구,1165010800,서초동,11,서울특별시,11680,강남구,1168010100,역삼동,11,45,121,646.0,11,서울특별시,11650,서초구,1165010800,서초동
20260224,11,서울특별시,11650,서초구,1165010900,내곡동,11,서울특별시,11680,강남구,1168010100,역삼동,07,00,3,1309.0,11,서울특별시,11650,서초구,1165010900,내곡동
20260224,11,서울특별시,11650,서초구,1165010900,내곡동,11,서울특별시,11680,강남구,1168010100,역삼동,07,15,9,1500.0,11,서울특별시,11650,서초구,1165010900,내곡동
20260224,11,서울특별시,11650,서초구,1165010900,내곡동,11,서울특별시,11680,강남구,1168010100,역삼동,07,30,13,1686.0,11,서울특별시,11650,서초구,1165010900,내곡동
20260224,11,서울특별시,11650,서초구,1165010900,내곡동,11,서울특별시,11680,강남구,1168010100,역삼동,07,45,13,1342.0,11,서울특별시,11650,서초구,1165010900,내곡동
20260224,11,서울특별시,11650,서초구,1165010900,내곡동,11,서울특별시,11680,강남구,1168010100,역삼동,08,00,8,1372.0,11,서울특별시,11650,서초구,1165010900,내곡동
20260224,11,서울특별시,11650,서초구,1165010900,내곡동,11,서울특별시,11680,강남구,1168010100,역삼동,08,15,7,1431.0,11,서울특별시,11650,서초구,1165010900,내곡동
20260224,11,서울특별시,11650,서초구,1165010900,내곡동,11,서울특별시,11680,강남구,1168010100,역삼동,08,30,9,1470.0,11,서울특별시,11650,서초구,1165010900,내곡동
20260224,11,서울특별시,11650,서초구,1165010900,내곡동,11,서울특별시,11680,강남구,1168010100,역삼동,08,45,13,1396.0,11,서울특별시,11650,서초구,1165010900,내곡동
20260224,11,서울특별시,11650,서초구,1165010900,내곡동,11,서울특별시,11680,강남구,1168010100,역삼동,09,00,9,1483.0,11,서울특별시,11650,서초구,1165010900,내곡동
20260224,11,서울특별시,11650,서초구,1165010900,내곡동,11,서울특별시,11680,강남구,1168010100,역삼동,09,15,12,1364.0,11,서울특별시,11650,서초구,1165010900,내곡동
20260224,11,서울특별시,11650,서초구,1165010900,내곡동,11,서울특별시,11680,강남구,1168010100,역삼동,09,30,1,1422.0,11,서울특별시,11650,서초구,1165010900,내곡동
20260224,11,서울특별시,11650,서초구,1165010900,내곡동,11,서울특별시,11680,강남구,1168010100,역삼동,09,45,3,1138.0,11,서울특별시,11650,서초구,1165010900,내곡동
20260224,11,서울특별시,11650,서초구,1165010900,내곡동,11,서울특별시,11680,강남구,1168010100,역삼동,10,00,3,1731.0,11,서울특별시,11650,서초구,1165010900,내곡동
20260224,11,서울특별시,11650,서초구,1165010900,내곡동,11,서울특별시,11680,강남구,1168010100,역삼동,10,15,3,1302.0,11,서울특별시,11650,서초구,1165010900,내곡동
20260224,11,서울특별시,11650,서초구,1165010900,내곡동,11,서울특별시,11680,강남구,1168010100,역삼동,10,30,6,1260.0,11,서울특별시,11650,서초구,1165010900,내곡동
20260224,11,서울특별시,11650,서초구,1165010900,내곡동,11,서울특별시,11680,강남구,1168010100,역삼동,10,45,8,1575.0,11,서울특별시,11650,서초구,1165010900,내곡동
20260224,11,서울특별시,11650,서초구,1165010900,내곡동,11,서울특별시,11680,강남구,1168010100,역삼동,11,00,4,1064.0,11,서울특별시,11650,서초구,1165010900,내곡동
20260224,11,서울특별시,11650,서초구,1165010900,내곡동,11,서울특별시,11680,강남구,1168010100,역삼동,11,15,2,920.0,11,서울특별시,11650,서초구,1165010900,내곡동
20260224,11,서울특별시,11650,서초구,1165010900,내곡동,11,서울특별시,11680,강남구,1168010100,역삼동,11,30,2,1666.0,11,서울특별시,11650,서초구,1165010900,내곡동
20260224,11,서울특별시,11650,서초구,1165010900,내곡동,11,서울특별시,11680,강남구,1168010100,역삼동,11,45,3,1118.0,11,서울특별시,11650,서초구,1165010900,내곡동
20260224,11,서울특별시,11650,서초구,1165011000,염곡동,11,서울특별시,11680,강남구,1168010100,역삼동,07,00,6,1059.0,11,서울특별시,11650,서초구,1165011000,염곡동
20260224,11,서울특별시,11650,서초구,1165011000,염곡동,11,서울특별시,11680,강남구,1168010100,역삼동,07,15,5,1075.0,11,서울특별시,11650,서초구,1165011000,염곡동
20260224,11,서울특별시,11650,서초구,1165011000,염곡동,11,서울특별시,11680,강남구,1168010100,역삼동,07,30,11,1113.0,11,서울특별시,11650,서초구,1165011000,염곡동
20260224,11,서울특별시,11650,서초구,1165011000,염곡동,11,서울특별시,11680,강남구,1168010100,역삼동,07,45,13,1243.0,11,서울특별시,11650,서초구,1165011000,염곡동
20260224,11,서울특별시,11650,서초구,1165011000,염곡동,11,서울특별시,11680,강남구,1168010100,역삼동,08,00,12,1492.0,11,서울특별시,11650,서초구,1165011000,염곡동
20260224,11,서울특별시,11650,서초구,1165011000,염곡동,11,서울특별시,11680,강남구,1168010100,역삼동,08,15,18,1413.0,11,서울특별시,11650,서초구,1165011000,염곡동
20260224,11,서울특별시,11650,서초구,1165011000,염곡동,11,서울특별시,11680,강남구,1168010100,역삼동,08,30,12,1201.0,11,서울특별시,11650,서초구,1165011000,염곡동
20260224,11,서울특별시,11650,서초구,1165011000,염곡동,11,서울특별시,11680,강남구,1168010100,역삼동,08,45,13,1248.0,11,서울특별시,11650,서초구,1165011000,염곡동
20260224,11,서울특별시,11650,서초구,1165011000,염곡동,11,서울특별시,11680,강남구,1168010100,역삼동,09,00,8,1377.0,11,서울특별시,11650,서초구,1165011000,염곡동
20260224,11,서울특별시,11650,서초구,1165011000,염곡동,11,서울특별시,11680,강남구,1168010100,역삼동,09,15,11,1225.0,11,서울특별시,11650,서초구,1165011000,염곡동
20260224,11,서울특별시,11650,서초구,1165011000,염곡동,11,서울특별시,11680,강남구,1168010100,역삼동,09,30,8,1130.0,11,서울특별시,11650,서초구,1165011000,염곡동
20260224,11,서울특별시,11650,서초구,1165011000,염곡동,11,서울특별시,11680,강남구,1168010100,역삼동,09,45,3,1401.0,11,서울특별시,11650,서초구,1165011000,염곡동
20260224,11,서울특별시,11650,서초구,1165011000,염곡동,11,서울특별시,11680,강남구,1168010100,역삼동,10,00,5,1146.0,11,서울특별시,11650,서초구,1165011000,염곡동
20260224,11,서울특별시,11650,서초구,1165011000,염곡동,11,서울특별시,11680,강남구,1168010100,역삼동,10,15,2,1138.0,11,서울특별시,11650,서초구,1165011000,염곡동
20260224,11,서울특별시,11650,서초구,1165011000,염곡동,11,서울특별시,11680,강남구,1168010100,역삼동,10,30,3,1226.0,11,서울특별시,11650,서초구,1165011000,염곡동
20260224,11,서울특별시,11650,서초구,1165011000,염곡동,11,서울특별시,11680,강남구,1168010100,역삼동,10,45,7,1057.0,11,서울특별시,11650,서초구,1165011000,염곡동
20260224,11,서울특별시,11650,서초구,1165011000,염곡동,11,서울특별시,11680,강남구,1168010100,역삼동,11,00,2,1131.0,11,서울특별시,11650,서초구,1165011000,염곡동
20260224,11,서울특별시,11650,서초구,1165011000,염곡동,11,서울특별시,11680,강남구,1168010100,역삼동,11,15,3,1124.0,11,서울특별시,11650,서초구,1165011000,염곡동
20260224,11,서울특별시,11650,서초구,1165011000,염곡동,11,서울특별시,11680,강남구,1168010100,역삼동,11,30,1,1845.0,11,서울특별시,11650,서초구,1165011000,염곡동
20260224,11,서울특별시,11650,서초구,1165011000,염곡동,11,서울특별시,11680,강남구,1168010100,역삼동,11,45,3,1101.0,11,서울특별시,11650,서초구,1165011000,염곡동
20260224,11,서울특별시,11650,서초구,1165011100,신원동,11,서울특별시,11680,강남구,1168010100,역삼동,07,00,7,909.0,11,서울특별시,11650,서초구,1165011100,신원동
20260224,11,서울특별시,11650,서초구,1165011100,신원동,11,서울특별시,11680,강남구,1168010100,역삼동,07,15,16,850.0,11,서울특별시,11650,서초구,1165011100,신원동
20260224,11,서울특별시,11650,서초구,1165011100,신원동,11,서울특별시,11680,강남구,1168010100,역삼동,07,30,14,1256.0,11,서울특별시,11650,서초구,1165011100,신원동
20260224,11,서울특별시,11650,서초구,1165011100,신원동,11,서울특별시,11680,강남구,1168010100,역삼동,07,45,12,997.0,11,서울특별시,11650,서초구,1165011100,신원동
20260224,11,서울특별시,11650,서초구,1165011100,신원동,11,서울특별시,11680,강남구,1168010100,역삼동,08,00,27,1153.0,11,서울특별시,11650,서초구,1165011100,신원동
20260224,11,서울특별시,11650,서초구,1165011100,신원동,11,서울특별시,11680,강남구,1168010100,역삼동,08,15,21,1031.0,11,서울특별시,11650,서초구,1165011100,신원동
20260224,11,서울특별시,11650,서초구,1165011100,신원동,11,서울특별시,11680,강남구,1168010100,역삼동,08,30,24,964.0,11,서울특별시,11650,서초구,1165011100,신원동
20260224,11,서울특별시,11650,서초구,1165011100,신원동,11,서울특별시,11680,강남구,1168010100,역삼동,08,45,20,943.0,11,서울특별시,11650,서초구,1165011100,신원동
20260224,11,서울특별시,11650,서초구,1165011100,신원동,11,서울특별시,11680,강남구,1168010100,역삼동,09,00,23,835.0,11,서울특별시,11650,서초구,1165011100,신원동
20260224,11,서울특별시,11650,서초구,1165011100,신원동,11,서울특별시,11680,강남구,1168010100,역삼동,09,15,14,1267.0,11,서울특별시,11650,서초구,1165011100,신원동
20260224,11,서울특별시,11650,서초구,1165011100,신원동,11,서울특별시,11680,강남구,1168010100,역삼동,09,30,34,848.0,11,서울특별시,11650,서초구,1165011100,신원동
20260224,11,서울특별시,11650,서초구,1165011100,신원동,11,서울특별시,11680,강남구,1168010100,역삼동,09,45,16,990.0,11,서울특별시,11650,서초구,1165011100,신원동
20260224,11,서울특별시,11650,서초구,1165011100,신원동,11,서울특별시,11680,강남구,1168010100,역삼동,10,00,11,799.0,11,서울특별시,11650,서초구,1165011100,신원동
20260224,11,서울특별시,11650,서초구,1165011100,신원동,11,서울특별시,11680,강남구,1168010100,역삼동,10,15,16,1025.0,11,서울특별시,11650,서초구,1165011100,신원동
20260224,11,서울특별시,11650,서초구,1165011100,신원동,11,서울특별시,11680,강남구,1168010100,역삼동,10,30,13,1083.0,11,서울특별시,11650,서초구,1165011100,신원동
20260224,11,서울특별시,11650,서초구,1165011100,신원동,11,서울특별시,11680,강남구,1168010100,역삼동,10,45,11,1118.0,11,서울특별시,11650,서초구,1165011100,신원동
20260224,11,서울특별시,11650,서초구,1165011100,신원동,11,서울특별시,11680,강남구,1168010100,역삼동,11,00,10,950.0,11,서울특별시,11650,서초구,1165011100,신원동
20260224,11,서울특별시,11650,서초구,1165011100,신원동,11,서울특별시,11680,강남구,1168010100,역삼동,11,15,8,940.0,11,서울특별시,11650,서초구,1165011100,신원동
20260224,11,서울특별시,11650,서초구,1165011100,신원동,11,서울특별시,11680,강남구,1168010100,역삼동,11,30,5,1035.0,11,서울특별시,11650,서초구,1165011100,신원동
20260224,11,서울특별시,11650,서초구,1165011100,신원동,11,서울특별시,11680,강남구,1168010100,역삼동,11,45,8,859.0,11,서울특별시,11650,서초구,1165011100,신원동
20260224,11,서울특별시,11680,강남구,1168010100,역삼동,11,서울특별시,11680,강남구,1168010100,역삼동,07,00,56,413.0,11,서울특별시,11680,강남구,1168010100,역삼동
20260224,11,서울특별시,11680,강남구,1168010100,역삼동,11,서울특별시,11680,강남구,1168010100,역삼동,07,15,95,722.0,11,서울특별시,11680,강남구,1168010100,역삼동
20260224,11,서울특별시,11680,강남구,1168010100,역삼동,11,서울특별시,11680,강남구,1168010100,역삼동,07,30,120,450.0,11,서울특별시,11680,강남구,1168010100,역삼동
20260224,11,서울특별시,11680,강남구,1168010100,역삼동,11,서울특별시,11680,강남구,1168010100,역삼동,07,45,139,421.0,11,서울특별시,11680,강남구,1168010100,역삼동
20260224,11,서울특별시,11680,강남구,1168010100,역삼동,11,서울특별시,11680,강남구,1168010100,역삼동,08,00,173,433.0,11,서울특별시,11680,강남구,1168010100,역삼동
20260224,11,서울특별시,11680,강남구,1168010100,역삼동,11,서울특별시,11680,강남구,1168010100,역삼동,08,15,207,448.0,11,서울특별시,11680,강남구,1168010100,역삼동
20260224,11,서울특별시,11680,강남구,1168010100,역삼동,11,서울특별시,11680,강남구,1168010100,역삼동,08,30,294,403.0,11,서울특별시,11680,강남구,1168010100,역삼동
20260224,11,서울특별시,11680,강남구,1168010100,역삼동,11,서울특별시,11680,강남구,1168010100,역삼동,08,45,269,360.0,11,서울특별시,11680,강남구,1168010100,역삼동
20260224,11,서울특별시,11680,강남구,1168010100,역삼동,11,서울특별시,11680,강남구,1168010100,역삼동,09,00,211,418.0,11,서울특별시,11680,강남구,1168010100,역삼동
20260224,11,서울특별시,11680,강남구,1168010100,역삼동,11,서울특별시,11680,강남구,1168010100,역삼동,09,15,253,461.0,11,서울특별시,11680,강남구,1168010100,역삼동
20260224,11,서울특별시,11680,강남구,1168010100,역삼동,11,서울특별시,11680,강남구,1168010100,역삼동,09,30,310,522.0,11,서울특별시,11680,강남구,1168010100,역삼동
20260224,11,서울특별시,11680,강남구,1168010100,역삼동,11,서울특별시,11680,강남구,1168010100,역삼동,09,45,280,449.0,11,서울특별시,11680,강남구,1168010100,역삼동
20260224,11,서울특별시,11680,강남구,1168010100,역삼동,11,서울특별시,11680,강남구,1168010100,역삼동,10,00,213,463.0,11,서울특별시,11680,강남구,1168010100,역삼동
20260224,11,서울특별시,11680,강남구,1168010100,역삼동,11,서울특별시,11680,강남구,1168010100,역삼동,10,15,235,537.0,11,서울특별시,11680,강남구,1168010100,역삼동
20260224,11,서울특별시,11680,강남구,1168010100,역삼동,11,서울특별시,11680,강남구,1168010100,역삼동,10,30,227,544.0,11,서울특별시,11680,강남구,1168010100,역삼동
20260224,11,서울특별시,11680,강남구,1168010100,역삼동,11,서울특별시,11680,강남구,1168010100,역삼동,10,45,244,445.0,11,서울특별시,11680,강남구,1168010100,역삼동
20260224,11,서울특별시,11680,강남구,1168010100,역삼동,11,서울특별시,11680,강남구,1168010100,역삼동,11,00,236,461.0,11,서울특별시,11680,강남구,1168010100,역삼동
20260224,11,서울특별시,11680,강남구,1168010100,역삼동,11,서울특별시,11680,강남구,1168010100,역삼동,11,15,324,511.0,11,서울특별시,11680,강남구,1168010100,역삼동
20260224,11,서울특별시,11680,강남구,1168010100,역삼동,11,서울특별시,11680,강남구,1168010100,역삼동,11,30,338,610.0,11,서울특별시,11680,강남구,1168010100,역삼동
20260224,11,서울특별시,11680,강남구,1168010100,역삼동,11,서울특별시,11680,강남구,1168010100,역삼동,11,45,318,656.0,11,서울특별시,11680,강남구,1168010100,역삼동
20260224,11,서울특별시,11680,강남구,1168010300,개포동,11,서울특별시,11680,강남구,1168010100,역삼동,07,00,46,947.0,11,서울특별시,11680,강남구,1168010300,개포동
20260224,11,서울특별시,11680,강남구,1168010300,개포동,11,서울특별시,11680,강남구,1168010100,역삼동,07,15,87,1021.0,11,서울특별시,11680,강남구,1168010300,개포동
20260224,11,서울특별시,11680,강남구,1168010300,개포동,11,서울특별시,11680,강남구,1168010100,역삼동,07,30,66,1120.0,11,서울특별시,11680,강남구,1168010300,개포동
20260224,11,서울특별시,11680,강남구,1168010300,개포동,11,서울특별시,11680,강남구,1168010100,역삼동,07,45,103,1181.0,11,서울특별시,11680,강남구,1168010300,개포동
20260224,11,서울특별시,11680,강남구,1168010300,개포동,11,서울특별시,11680,강남구,1168010100,역삼동,08,00,103,1207.0,11,서울특별시,11680,강남구,1168010300,개포동
20260224,11,서울특별시,11680,강남구,1168010300,개포동,11,서울특별시,11680,강남구,1168010100,역삼동,08,15,154,1220.0,11,서울특별시,11680,강남구,1168010300,개포동
20260224,11,서울특별시,11680,강남구,1168010300,개포동,11,서울특별시,11680,강남구,1168010100,역삼동,08,30,108,1264.0,11,서울특별시,11680,강남구,1168010300,개포동
20260224,11,서울특별시,11680,강남구,1168010300,개포동,11,서울특별시,11680,강남구,1168010100,역삼동,08,45,88,1291.0,11,서울특별시,11680,강남구,1168010300,개포동
20260224,11,서울특별시,11680,강남구,1168010300,개포동,11,서울특별시,11680,강남구,1168010100,역삼동,09,00,101,1558.0,11,서울특별시,11680,강남구,1168010300,개포동
20260224,11,서울특별시,11680,강남구,1168010300,개포동,11,서울특별시,11680,강남구,1168010100,역삼동,09,15,100,1493.0,11,서울특별시,11680,강남구,1168010300,개포동
20260224,11,서울특별시,11680,강남구,1168010300,개포동,11,서울특별시,11680,강남구,1168010100,역삼동,09,30,75,1312.0,11,서울특별시,11680,강남구,1168010300,개포동
20260224,11,서울특별시,11680,강남구,1168010300,개포동,11,서울특별시,11680,강남구,1168010100,역삼동,09,45,42,1481.0,11,서울특별시,11680,강남구,1168010300,개포동
20260224,11,서울특별시,11680,강남구,1168010300,개포동,11,서울특별시,11680,강남구,1168010100,역삼동,10,00,53,1413.0,11,서울특별시,11680,강남구,1168010300,개포동
20260224,11,서울특별시,11680,강남구,1168010300,개포동,11,서울특별시,11680,강남구,1168010100,역삼동,10,15,46,1379.0,11,서울특별시,11680,강남구,1168010300,개포동
20260224,11,서울특별시,11680,강남구,1168010300,개포동,11,서울특별시,11680,강남구,1168010100,역삼동,10,30,32,1203.0,11,서울특별시,11680,강남구,1168010300,개포동
20260224,11,서울특별시,11680,강남구,1168010300,개포동,11,서울특별시,11680,강남구,1168010100,역삼동,10,45,30,1393.0,11,서울특별시,11680,강남구,1168010300,개포동
20260224,11,서울특별시,11680,강남구,1168010300,개포동,11,서울특별시,11680,강남구,1168010100,역삼동,11,00,50,1353.0,11,서울특별시,11680,강남구,1168010300,개포동
20260224,11,서울특별시,11680,강남구,1168010300,개포동,11,서울특별시,11680,강남구,1168010100,역삼동,11,15,40,1315.0,11,서울특별시,11680,강남구,1168010300,개포동
20260224,11,서울특별시,11680,강남구,1168010300,개포동,11,서울특별시,11680,강남구,1168010100,역삼동,11,30,22,1103.0,11,서울특별시,11680,강남구,1168010300,개포동
20260224,11,서울특별시,11680,강남구,1168010300,개포동,11,서울특별시,11680,강남구,1168010100,역삼동,11,45,21,1265.0,11,서울특별시,11680,강남구,1168010300,개포동
20260224,11,서울특별시,11680,강남구,1168010400,청담동,11,서울특별시,11680,강남구,1168010100,역삼동,07,00,8,796.0,11,서울특별시,11680,강남구,1168010400,청담동
20260224,11,서울특별시,11680,강남구,1168010400,청담동,11,서울특별시,11680,강남구,1168010100,역삼동,07,15,23,849.0,11,서울특별시,11680,강남구,1168010400,청담동
20260224,11,서울특별시,11680,강남구,1168010400,청담동,11,서울특별시,11680,강남구,1168010100,역삼동,07,30,32,833.0,11,서울특별시,11680,강남구,1168010400,청담동
20260224,11,서울특별시,11680,강남구,1168010400,청담동,11,서울특별시,11680,강남구,1168010100,역삼동,07,45,14,765.0,11,서울특별시,11680,강남구,1168010400,청담동
20260224,11,서울특별시,11680,강남구,1168010400,청담동,11,서울특별시,11680,강남구,1168010100,역삼동,08,00,52,962.0,11,서울특별시,11680,강남구,1168010400,청담동
20260224,11,서울특별시,11680,강남구,1168010400,청담동,11,서울특별시,11680,강남구,1168010100,역삼동,08,15,31,853.0,11,서울특별시,11680,강남구,1168010400,청담동
20260224,11,서울특별시,11680,강남구,1168010400,청담동,11,서울특별시,11680,강남구,1168010100,역삼동,08,30,43,889.0,11,서울특별시,11680,강남구,1168010400,청담동
20260224,11,서울특별시,11680,강남구,1168010400,청담동,11,서울특별시,11680,강남구,1168010100,역삼동,08,45,29,922.0,11,서울특별시,11680,강남구,1168010400,청담동
20260224,11,서울특별시,11680,강남구,1168010400,청담동,11,서울특별시,11680,강남구,1168010100,역삼동,09,00,43,908.0,11,서울특별시,11680,강남구,1168010400,청담동
20260224,11,서울특별시,11680,강남구,1168010400,청담동,11,서울특별시,11680,강남구,1168010100,역삼동,09,15,53,995.0,11,서울특별시,11680,강남구,1168010400,청담동
20260224,11,서울특별시,11680,강남구,1168010400,청담동,11,서울특별시,11680,강남구,1168010100,역삼동,09,30,49,944.0,11,서울특별시,11680,강남구,1168010400,청담동
20260224,11,서울특별시,11680,강남구,1168010400,청담동,11,서울특별시,11680,강남구,1168010100,역삼동,09,45,30,1048.0,11,서울특별시,11680,강남구,1168010400,청담동
20260224,11,서울특별시,11680,강남구,1168010400,청담동,11,서울특별시,11680,강남구,1168010100,역삼동,10,00,28,1113.0,11,서울특별시,11680,강남구,1168010400,청담동
20260224,11,서울특별시,11680,강남구,1168010400,청담동,11,서울특별시,11680,강남구,1168010100,역삼동,10,15,28,1008.0,11,서울특별시,11680,강남구,1168010400,청담동
20260224,11,서울특별시,11680,강남구,1168010400,청담동,11,서울특별시,11680,강남구,1168010100,역삼동,10,30,25,871.0,11,서울특별시,11680,강남구,1168010400,청담동
20260224,11,서울특별시,11680,강남구,1168010400,청담동,11,서울특별시,11680,강남구,1168010100,역삼동,10,45,30,979.0,11,서울특별시,11680,강남구,1168010400,청담동
20260224,11,서울특별시,11680,강남구,1168010400,청담동,11,서울특별시,11680,강남구,1168010100,역삼동,11,00,25,1169.0,11,서울특별시,11680,강남구,1168010400,청담동
20260224,11,서울특별시,11680,강남구,1168010400,청담동,11,서울특별시,11680,강남구,1168010100,역삼동,11,15,15,970.0,11,서울특별시,11680,강남구,1168010400,청담동
20260224,11,서울특별시,11680,강남구,1168010400,청담동,11,서울특별시,11680,강남구,1168010100,역삼동,11,30,25,980.0,11,서울특별시,11680,강남구,1168010400,청담동
20260224,11,서울특별시,11680,강남구,1168010400,청담동,11,서울특별시,11680,강남구,1168010100,역삼동,11,45,16,1195.0,11,서울특별시,11680,강남구,1168010400,청담동
20260224,11,서울특별시,11680,강남구,1168010500,삼성동,11,서울특별시,11680,강남구,1168010100,역삼동,07,00,27,646.0,11,서울특별시,11680,강남구,1168010500,삼성동
20260224,11,서울특별시,11680,강남구,1168010500,삼성동,11,서울특별시,11680,강남구,1168010100,역삼동,07,15,41,621.0,11,서울특별시,11680,강남구,1168010500,삼성동
20260224,11,서울특별시,11680,강남구,1168010500,삼성동,11,서울특별시,11680,강남구,1168010100,역삼동,07,30,54,606.0,11,서울특별시,11680,강남구,1168010500,삼성동
20260224,11,서울특별시,11680,강남구,1168010500,삼성동,11,서울특별시,11680,강남구,1168010100,역삼동,07,45,50,607.0,11,서울특별시,11680,강남구,1168010500,삼성동
20260224,11,서울특별시,11680,강남구,1168010500,삼성동,11,서울특별시,11680,강남구,1168010100,역삼동,08,00,72,689.0,11,서울특별시,11680,강남구,1168010500,삼성동
20260224,11,서울특별시,11680,강남구,1168010500,삼성동,11,서울특별시,11680,강남구,1168010100,역삼동,08,15,87,758.0,11,서울특별시,11680,강남구,1168010500,삼성동
20260224,11,서울특별시,11680,강남구,1168010500,삼성동,11,서울특별시,11680,강남구,1168010100,역삼동,08,30,109,670.0,11,서울특별시,11680,강남구,1168010500,삼성동
20260224,11,서울특별시,11680,강남구,1168010500,삼성동,11,서울특별시,11680,강남구,1168010100,역삼동,08,45,93,699.0,11,서울특별시,11680,강남구,1168010500,삼성동
20260224,11,서울특별시,11680,강남구,1168010500,삼성동,11,서울특별시,11680,강남구,1168010100,역삼동,09,00,98,722.0,11,서울특별시,11680,강남구,1168010500,삼성동
20260224,11,서울특별시,11680,강남구,1168010500,삼성동,11,서울특별시,11680,강남구,1168010100,역삼동,09,15,94,597.0,11,서울특별시,11680,강남구,1168010500,삼성동
20260224,11,서울특별시,11680,강남구,1168010500,삼성동,11,서울특별시,11680,강남구,1168010100,역삼동,09,30,135,662.0,11,서울특별시,11680,강남구,1168010500,삼성동
20260224,11,서울특별시,11680,강남구,1168010500,삼성동,11,서울특별시,11680,강남구,1168010100,역삼동,09,45,84,689.0,11,서울특별시,11680,강남구,1168010500,삼성동
20260224,11,서울특별시,11680,강남구,1168010500,삼성동,11,서울특별시,11680,강남구,1168010100,역삼동,10,00,82,733.0,11,서울특별시,11680,강남구,1168010500,삼성동
20260224,11,서울특별시,11680,강남구,1168010500,삼성동,11,서울특별시,11680,강남구,1168010100,역삼동,10,15,77,678.0,11,서울특별시,11680,강남구,1168010500,삼성동
20260224,11,서울특별시,11680,강남구,1168010500,삼성동,11,서울특별시,11680,강남구,1168010100,역삼동,10,30,103,714.0,11,서울특별시,11680,강남구,1168010500,삼성동
20260224,11,서울특별시,11680,강남구,1168010500,삼성동,11,서울특별시,11680,강남구,1168010100,역삼동,10,45,95,658.0,11,서울특별시,11680,강남구,1168010500,삼성동
20260224,11,서울특별시,11680,강남구,1168010500,삼성동,11,서울특별시,11680,강남구,1168010100,역삼동,11,00,108,711.0,11,서울특별시,11680,강남구,1168010500,삼성동
20260224,11,서울특별시,11680,강남구,1168010500,삼성동,11,서울특별시,11680,강남구,1168010100,역삼동,11,15,137,653.0,11,서울특별시,11680,강남구,1168010500,삼성동
20260224,11,서울특별시,11680,강남구,1168010500,삼성동,11,서울특별시,11680,강남구,1168010100,역삼동,11,30,133,637.0,11,서울특별시,11680,강남구,1168010500,삼성동
20260224,11,서울특별시,11680,강남구,1168010500,삼성동,11,서울특별시,11680,강남구,1168010100,역삼동,11,45,114,692.0,11,서울특별시,11680,강남구,1168010500,삼성동
20260224,11,서울특별시,11680,강남구,1168010600,대치동,11,서울특별시,11680,강남구,1168010100,역삼동,07,00,26,764.0,11,서울특별시,11680,강남구,1168010600,대치동
20260224,11,서울특별시,11680,강남구,1168010600,대치동,11,서울특별시,11680,강남구,1168010100,역삼동,07,15,43,803.0,11,서울특별시,11680,강남구,1168010600,대치동
20260224,11,서울특별시,11680,강남구,1168010600,대치동,11,서울특별시,11680,강남구,1168010100,역삼동,07,30,50,877.0,11,서울특별시,11680,강남구,1168010600,대치동
20260224,11,서울특별시,11680,강남구,1168010600,대치동,11,서울특별시,11680,강남구,1168010100,역삼동,07,45,59,861.0,11,서울특별시,11680,강남구,1168010600,대치동
20260224,11,서울특별시,11680,강남구,1168010600,대치동,11,서울특별시,11680,강남구,1168010100,역삼동,08,00,68,943.0,11,서울특별시,11680,강남구,1168010600,대치동
20260224,11,서울특별시,11680,강남구,1168010600,대치동,11,서울특별시,11680,강남구,1168010100,역삼동,08,15,73,976.0,11,서울특별시,11680,강남구,1168010600,대치동
20260224,11,서울특별시,11680,강남구,1168010600,대치동,11,서울특별시,11680,강남구,1168010100,역삼동,08,30,69,881.0,11,서울특별시,11680,강남구,1168010600,대치동
20260224,11,서울특별시,11680,강남구,1168010600,대치동,11,서울특별시,11680,강남구,1168010100,역삼동,08,45,69,869.0,11,서울특별시,11680,강남구,1168010600,대치동
20260224,11,서울특별시,11680,강남구,1168010600,대치동,11,서울특별시,11680,강남구,1168010100,역삼동,09,00,63,924.0,11,서울특별시,11680,강남구,1168010600,대치동
20260224,11,서울특별시,11680,강남구,1168010600,대치동,11,서울특별시,11680,강남구,1168010100,역삼동,09,15,74,872.0,11,서울특별시,11680,강남구,1168010600,대치동
20260224,11,서울특별시,11680,강남구,1168010600,대치동,11,서울특별시,11680,강남구,1168010100,역삼동,09,30,57,900.0,11,서울특별시,11680,강남구,1168010600,대치동
20260224,11,서울특별시,11680,강남구,1168010600,대치동,11,서울특별시,11680,강남구,1168010100,역삼동,09,45,54,738.0,11,서울특별시,11680,강남구,1168010600,대치동
20260224,11,서울특별시,11680,강남구,1168010600,대치동,11,서울특별시,11680,강남구,1168010100,역삼동,10,00,45,738.0,11,서울특별시,11680,강남구,1168010600,대치동
20260224,11,서울특별시,11680,강남구,1168010600,대치동,11,서울특별시,11680,강남구,1168010100,역삼동,10,15,34,852.0,11,서울특별시,11680,강남구,1168010600,대치동
20260224,11,서울특별시,11680,강남구,1168010600,대치동,11,서울특별시,11680,강남구,1168010100,역삼동,10,30,38,872.0,11,서울특별시,11680,강남구,1168010600,대치동
20260224,11,서울특별시,11680,강남구,1168010600,대치동,11,서울특별시,11680,강남구,1168010100,역삼동,10,45,38,874.0,11,서울특별시,11680,강남구,1168010600,대치동
20260224,11,서울특별시,11680,강남구,1168010600,대치동,11,서울특별시,11680,강남구,1168010100,역삼동,11,00,48,787.0,11,서울특별시,11680,강남구,1168010600,대치동
20260224,11,서울특별시,11680,강남구,1168010600,대치동,11,서울특별시,11680,강남구,1168010100,역삼동,11,15,34,823.0,11,서울특별시,11680,강남구,1168010600,대치동
20260224,11,서울특별시,11680,강남구,1168010600,대치동,11,서울특별시,11680,강남구,1168010100,역삼동,11,30,36,793.0,11,서울특별시,11680,강남구,1168010600,대치동
20260224,11,서울특별시,11680,강남구,1168010600,대치동,11,서울특별시,11680,강남구,1168010100,역삼동,11,45,34,713.0,11,서울특별시,11680,강남구,1168010600,대치동
20260224,11,서울특별시,11680,강남구,1168010700,신사동,11,서울특별시,11680,강남구,1168010100,역삼동,07,00,8,1089.0,11,서울특별시,11680,강남구,1168010700,신사동
20260224,11,서울특별시,11680,강남구,1168010700,신사동,11,서울특별시,11680,강남구,1168010100,역삼동,07,15,13,1082.0,11,서울특별시,11680,강남구,1168010700,신사동
20260224,11,서울특별시,11680,강남구,1168010700,신사동,11,서울특별시,11680,강남구,1168010100,역삼동,07,30,16,1039.0,11,서울특별시,11680,강남구,1168010700,신사동
20260224,11,서울특별시,11680,강남구,1168010700,신사동,11,서울특별시,11680,강남구,1168010100,역삼동,07,45,20,967.0,11,서울특별시,11680,강남구,1168010700,신사동
20260224,11,서울특별시,11680,강남구,1168010700,신사동,11,서울특별시,11680,강남구,1168010100,역삼동,08,00,19,975.0,11,서울특별시,11680,강남구,1168010700,신사동
20260224,11,서울특별시,11680,강남구,1168010700,신사동,11,서울특별시,11680,강남구,1168010100,역삼동,08,15,25,942.0,11,서울특별시,11680,강남구,1168010700,신사동
20260224,11,서울특별시,11680,강남구,1168010700,신사동,11,서울특별시,11680,강남구,1168010100,역삼동,08,30,24,984.0,11,서울특별시,11680,강남구,1168010700,신사동
20260224,11,서울특별시,11680,강남구,1168010700,신사동,11,서울특별시,11680,강남구,1168010100,역삼동,08,45,17,935.0,11,서울특별시,11680,강남구,1168010700,신사동
20260224,11,서울특별시,11680,강남구,1168010700,신사동,11,서울특별시,11680,강남구,1168010100,역삼동,09,00,27,1026.0,11,서울특별시,11680,강남구,1168010700,신사동
20260224,11,서울특별시,11680,강남구,1168010700,신사동,11,서울특별시,11680,강남구,1168010100,역삼동,09,15,23,1016.0,11,서울특별시,11680,강남구,1168010700,신사동
20260224,11,서울특별시,11680,강남구,1168010700,신사동,11,서울특별시,11680,강남구,1168010100,역삼동,09,30,21,891.0,11,서울특별시,11680,강남구,1168010700,신사동
20260224,11,서울특별시,11680,강남구,1168010700,신사동,11,서울특별시,11680,강남구,1168010100,역삼동,09,45,11,1084.0,11,서울특별시,11680,강남구,1168010700,신사동
20260224,11,서울특별시,11680,강남구,1168010700,신사동,11,서울특별시,11680,강남구,1168010100,역삼동,10,00,21,985.0,11,서울특별시,11680,강남구,1168010700,신사동
20260224,11,서울특별시,11680,강남구,1168010700,신사동,11,서울특별시,11680,강남구,1168010100,역삼동,10,15,18,1108.0,11,서울특별시,11680,강남구,1168010700,신사동
20260224,11,서울특별시,11680,강남구,1168010700,신사동,11,서울특별시,11680,강남구,1168010100,역삼동,10,30,26,1047.0,11,서울특별시,11680,강남구,1168010700,신사동
20260224,11,서울특별시,11680,강남구,1168010700,신사동,11,서울특별시,11680,강남구,1168010100,역삼동,10,45,31,1307.0,11,서울특별시,11680,강남구,1168010700,신사동
20260224,11,서울특별시,11680,강남구,1168010700,신사동,11,서울특별시,11680,강남구,1168010100,역삼동,11,00,24,1156.0,11,서울특별시,11680,강남구,1168010700,신사동
20260224,11,서울특별시,11680,강남구,1168010700,신사동,11,서울특별시,11680,강남구,1168010100,역삼동,11,15,33,1393.0,11,서울특별시,11680,강남구,1168010700,신사동
20260224,11,서울특별시,11680,강남구,1168010700,신사동,11,서울특별시,11680,강남구,1168010100,역삼동,11,30,35,1108.0,11,서울특별시,11680,강남구,1168010700,신사동
20260224,11,서울특별시,11680,강남구,1168010700,신사동,11,서울특별시,11680,강남구,1168010100,역삼동,11,45,21,1052.0,11,서울특별시,11680,강남구,1168010700,신사동
20260224,11,서울특별시,11680,강남구,1168010800,논현동,11,서울특별시,11680,강남구,1168010100,역삼동,07,00,19,518.0,11,서울특별시,11680,강남구,1168010800,논현동
20260224,11,서울특별시,11680,강남구,1168010800,논현동,11,서울특별시,11680,강남구,1168010100,역삼동,07,15,27,509.0,11,서울특별시,11680,강남구,1168010800,논현동
20260224,11,서울특별시,11680,강남구,1168010800,논현동,11,서울특별시,11680,강남구,1168010100,역삼동,07,30,56,491.0,11,서울특별시,11680,강남구,1168010800,논현동
20260224,11,서울특별시,11680,강남구,1168010800,논현동,11,서울특별시,11680,강남구,1168010100,역삼동,07,45,50,529.0,11,서울특별시,11680,강남구,1168010800,논현동
20260224,11,서울특별시,11680,강남구,1168010800,논현동,11,서울특별시,11680,강남구,1168010100,역삼동,08,00,59,560.0,11,서울특별시,11680,강남구,1168010800,논현동
20260224,11,서울특별시,11680,강남구,1168010800,논현동,11,서울특별시,11680,강남구,1168010100,역삼동,08,15,73,571.0,11,서울특별시,11680,강남구,1168010800,논현동
20260224,11,서울특별시,11680,강남구,1168010800,논현동,11,서울특별시,11680,강남구,1168010100,역삼동,08,30,95,665.0,11,서울특별시,11680,강남구,1168010800,논현동
20260224,11,서울특별시,11680,강남구,1168010800,논현동,11,서울특별시,11680,강남구,1168010100,역삼동,08,45,59,649.0,11,서울특별시,11680,강남구,1168010800,논현동
20260224,11,서울특별시,11680,강남구,1168010800,논현동,11,서울특별시,11680,강남구,1168010100,역삼동,09,00,84,515.0,11,서울특별시,11680,강남구,1168010800,논현동
20260224,11,서울특별시,11680,강남구,1168010800,논현동,11,서울특별시,11680,강남구,1168010100,역삼동,09,15,82,574.0,11,서울특별시,11680,강남구,1168010800,논현동
20260224,11,서울특별시,11680,강남구,1168010800,논현동,11,서울특별시,11680,강남구,1168010100,역삼동,09,30,91,610.0,11,서울특별시,11680,강남구,1168010800,논현동
20260224,11,서울특별시,11680,강남구,1168010800,논현동,11,서울특별시,11680,강남구,1168010100,역삼동,09,45,84,622.0,11,서울특별시,11680,강남구,1168010800,논현동
20260224,11,서울특별시,11680,강남구,1168010800,논현동,11,서울특별시,11680,강남구,1168010100,역삼동,10,00,67,607.0,11,서울특별시,11680,강남구,1168010800,논현동
20260224,11,서울특별시,11680,강남구,1168010800,논현동,11,서울특별시,11680,강남구,1168010100,역삼동,10,15,61,581.0,11,서울특별시,11680,강남구,1168010800,논현동
20260224,11,서울특별시,11680,강남구,1168010800,논현동,11,서울특별시,11680,강남구,1168010100,역삼동,10,30,69,585.0,11,서울특별시,11680,강남구,1168010800,논현동
20260224,11,서울특별시,11680,강남구,1168010800,논현동,11,서울특별시,11680,강남구,1168010100,역삼동,10,45,62,639.0,11,서울특별시,11680,강남구,1168010800,논현동
20260224,11,서울특별시,11680,강남구,1168010800,논현동,11,서울특별시,11680,강남구,1168010100,역삼동,11,00,79,572.0,11,서울특별시,11680,강남구,1168010800,논현동
20260224,11,서울특별시,11680,강남구,1168010800,논현동,11,서울특별시,11680,강남구,1168010100,역삼동,11,15,69,632.0,11,서울특별시,11680,강남구,1168010800,논현동
20260224,11,서울특별시,11680,강남구,1168010800,논현동,11,서울특별시,11680,강남구,1168010100,역삼동,11,30,79,647.0,11,서울특별시,11680,강남구,1168010800,논현동
20260224,11,서울특별시,11680,강남구,1168010800,논현동,11,서울특별시,11680,강남구,1168010100,역삼동,11,45,60,586.0,11,서울특별시,11680,강남구,1168010800,논현동
20260224,11,서울특별시,11680,강남구,1168011000,압구정동,11,서울특별시,11680,강남구,1168010100,역삼동,07,00,1,666.0,11,서울특별시,11680,강남구,1168011000,압구정동
20260224,11,서울특별시,11680,강남구,1168011000,압구정동,11,서울특별시,11680,강남구,1168010100,역삼동,07,15,1,851.0,11,서울특별시,11680,강남구,1168011000,압구정동
20260224,11,서울특별시,11680,강남구,1168011000,압구정동,11,서울특별시,11680,강남구,1168010100,역삼동,07,45,2,916.0,11,서울특별시,11680,강남구,1168011000,압구정동
20260224,11,서울특별시,11680,강남구,1168011000,압구정동,11,서울특별시,11680,강남구,1168010100,역삼동,08,00,4,928.0,11,서울특별시,11680,강남구,1168011000,압구정동
20260224,11,서울특별시,11680,강남구,1168011000,압구정동,11,서울특별시,11680,강남구,1168010100,역삼동,08,15,4,1251.0,11,서울특별시,11680,강남구,1168011000,압구정동
20260224,11,서울특별시,11680,강남구,1168011000,압구정동,11,서울특별시,11680,강남구,1168010100,역삼동,08,30,5,997.0,11,서울특별시,11680,강남구,1168011000,압구정동
20260224,11,서울특별시,11680,강남구,1168011000,압구정동,11,서울특별시,11680,강남구,1168010100,역삼동,08,45,3,902.0,11,서울특별시,11680,강남구,1168011000,압구정동
20260224,11,서울특별시,11680,강남구,1168011000,압구정동,11,서울특별시,11680,강남구,1168010100,역삼동,09,00,5,857.0,11,서울특별시,11680,강남구,1168011000,압구정동
20260224,11,서울특별시,11680,강남구,1168011000,압구정동,11,서울특별시,11680,강남구,1168010100,역삼동,09,15,5,1116.0,11,서울특별시,11680,강남구,1168011000,압구정동
20260224,11,서울특별시,11680,강남구,1168011000,압구정동,11,서울특별시,11680,강남구,1168010100,역삼동,09,30,2,1215.0,11,서울특별시,11680,강남구,1168011000,압구정동
20260224,11,서울특별시,11680,강남구,1168011000,압구정동,11,서울특별시,11680,강남구,1168010100,역삼동,09,45,1,766.0,11,서울특별시,11680,강남구,1168011000,압구정동
20260224,11,서울특별시,11680,강남구,1168011000,압구정동,11,서울특별시,11680,강남구,1168010100,역삼동,10,00,1,886.0,11,서울특별시,11680,강남구,1168011000,압구정동
20260224,11,서울특별시,11680,강남구,1168011000,압구정동,11,서울특별시,11680,강남구,1168010100,역삼동,10,30,1,590.0,11,서울특별시,11680,강남구,1168011000,압구정동
20260224,11,서울특별시,11680,강남구,1168011000,압구정동,11,서울특별시,11680,강남구,1168010100,역삼동,10,45,2,1523.0,11,서울특별시,11680,강남구,1168011000,압구정동
20260224,11,서울특별시,11680,강남구,1168011000,압구정동,11,서울특별시,11680,강남구,1168010100,역삼동,11,00,2,1032.0,11,서울특별시,11680,강남구,1168011000,압구정동
20260224,11,서울특별시,11680,강남구,1168011000,압구정동,11,서울특별시,11680,강남구,1168010100,역삼동,11,15,1,568.0,11,서울특별시,11680,강남구,1168011000,압구정동
20260224,11,서울특별시,11680,강남구,1168011000,압구정동,11,서울특별시,11680,강남구,1168010100,역삼동,11,30,1,1245.0,11,서울특별시,11680,강남구,1168011000,압구정동
20260224,11,서울특별시,11680,강남구,1168011000,압구정동,11,서울특별시,11680,강남구,1168010100,역삼동,11,45,1,674.0,11,서울특별시,11680,강남구,1168011000,압구정동
20260224,11,서울특별시,11680,강남구,1168011100,세곡동,11,서울특별시,11680,강남구,1168010100,역삼동,07,00,14,1855.0,11,서울특별시,11680,강남구,1168011100,세곡동
20260224,11,서울특별시,11680,강남구,1168011100,세곡동,11,서울특별시,11680,강남구,1168010100,역삼동,07,15,7,2111.0,11,서울특별시,11680,강남구,1168011100,세곡동
20260224,11,서울특별시,11680,강남구,1168011100,세곡동,11,서울특별시,11680,강남구,1168010100,역삼동,07,30,10,1993.0,11,서울특별시,11680,강남구,1168011100,세곡동
20260224,11,서울특별시,11680,강남구,1168011100,세곡동,11,서울특별시,11680,강남구,1168010100,역삼동,07,45,17,2024.0,11,서울특별시,11680,강남구,1168011100,세곡동
20260224,11,서울특별시,11680,강남구,1168011100,세곡동,11,서울특별시,11680,강남구,1168010100,역삼동,08,00,13,1947.0,11,서울특별시,11680,강남구,1168011100,세곡동
20260224,11,서울특별시,11680,강남구,1168011100,세곡동,11,서울특별시,11680,강남구,1168010100,역삼동,08,15,17,1965.0,11,서울특별시,11680,강남구,1168011100,세곡동
20260224,11,서울특별시,11680,강남구,1168011100,세곡동,11,서울특별시,11680,강남구,1168010100,역삼동,08,30,16,1961.0,11,서울특별시,11680,강남구,1168011100,세곡동
20260224,11,서울특별시,11680,강남구,1168011100,세곡동,11,서울특별시,11680,강남구,1168010100,역삼동,08,45,11,1768.0,11,서울특별시,11680,강남구,1168011100,세곡동
20260224,11,서울특별시,11680,강남구,1168011100,세곡동,11,서울특별시,11680,강남구,1168010100,역삼동,09,00,11,1793.0,11,서울특별시,11680,강남구,1168011100,세곡동
20260224,11,서울특별시,11680,강남구,1168011100,세곡동,11,서울특별시,11680,강남구,1168010100,역삼동,09,15,11,1976.0,11,서울특별시,11680,강남구,1168011100,세곡동
20260224,11,서울특별시,11680,강남구,1168011100,세곡동,11,서울특별시,11680,강남구,1168010100,역삼동,09,30,12,1781.0,11,서울특별시,11680,강남구,1168011100,세곡동
20260224,11,서울특별시,11680,강남구,1168011100,세곡동,11,서울특별시,11680,강남구,1168010100,역삼동,09,45,2,1703.0,11,서울특별시,11680,강남구,1168011100,세곡동
20260224,11,서울특별시,11680,강남구,1168011100,세곡동,11,서울특별시,11680,강남구,1168010100,역삼동,10,00,4,2167.0,11,서울특별시,11680,강남구,1168011100,세곡동
20260224,11,서울특별시,11680,강남구,1168011100,세곡동,11,서울특별시,11680,강남구,1168010100,역삼동,10,15,7,2203.0,11,서울특별시,11680,강남구,1168011100,세곡동
20260224,11,서울특별시,11680,강남구,1168011100,세곡동,11,서울특별시,11680,강남구,1168010100,역삼동,10,30,5,1824.0,11,서울특별시,11680,강남구,1168011100,세곡동
20260224,11,서울특별시,11680,강남구,1168011100,세곡동,11,서울특별시,11680,강남구,1168010100,역삼동,10,45,4,1980.0,11,서울특별시,11680,강남구,1168011100,세곡동
20260224,11,서울특별시,11680,강남구,1168011100,세곡동,11,서울특별시,11680,강남구,1168010100,역삼동,11,00,4,2102.0,11,서울특별시,11680,강남구,1168011100,세곡동
20260224,11,서울특별시,11680,강남구,1168011100,세곡동,11,서울특별시,11680,강남구,1168010100,역삼동,11,15,5,2008.0,11,서울특별시,11680,강남구,1168011100,세곡동
20260224,11,서울특별시,11680,강남구,1168011100,세곡동,11,서울특별시,11680,강남구,1168010100,역삼동,11,30,1,3202.0,11,서울특별시,11680,강남구,1168011100,세곡동
20260224,11,서울특별시,11680,강남구,1168011100,세곡동,11,서울특별시,11680,강남구,1168010100,역삼동,11,45,2,2039.0,11,서울특별시,11680,강남구,1168011100,세곡동
20260224,11,서울특별시,11680,강남구,1168011200,자곡동,11,서울특별시,11680,강남구,1168010100,역삼동,07,00,14,1944.0,11,서울특별시,11680,강남구,1168011200,자곡동
20260224,11,서울특별시,11680,강남구,1168011200,자곡동,11,서울특별시,11680,강남구,1168010100,역삼동,07,15,22,1782.0,11,서울특별시,11680,강남구,1168011200,자곡동
20260224,11,서울특별시,11680,강남구,1168011200,자곡동,11,서울특별시,11680,강남구,1168010100,역삼동,07,30,24,2088.0,11,서울특별시,11680,강남구,1168011200,자곡동
20260224,11,서울특별시,11680,강남구,1168011200,자곡동,11,서울특별시,11680,강남구,1168010100,역삼동,07,45,35,1870.0,11,서울특별시,11680,강남구,1168011200,자곡동
20260224,11,서울특별시,11680,강남구,1168011200,자곡동,11,서울특별시,11680,강남구,1168010100,역삼동,08,00,38,1887.0,11,서울특별시,11680,강남구,1168011200,자곡동
20260224,11,서울특별시,11680,강남구,1168011200,자곡동,11,서울특별시,11680,강남구,1168010100,역삼동,08,15,33,1765.0,11,서울특별시,11680,강남구,1168011200,자곡동
20260224,11,서울특별시,11680,강남구,1168011200,자곡동,11,서울특별시,11680,강남구,1168010100,역삼동,08,30,33,2007.0,11,서울특별시,11680,강남구,1168011200,자곡동
20260224,11,서울특별시,11680,강남구,1168011200,자곡동,11,서울특별시,11680,강남구,1168010100,역삼동,08,45,30,1978.0,11,서울특별시,11680,강남구,1168011200,자곡동
20260224,11,서울특별시,11680,강남구,1168011200,자곡동,11,서울특별시,11680,강남구,1168010100,역삼동,09,00,33,2081.0,11,서울특별시,11680,강남구,1168011200,자곡동
20260224,11,서울특별시,11680,강남구,1168011200,자곡동,11,서울특별시,11680,강남구,1168010100,역삼동,09,15,16,1941.0,11,서울특별시,11680,강남구,1168011200,자곡동
20260224,11,서울특별시,11680,강남구,1168011200,자곡동,11,서울특별시,11680,강남구,1168010100,역삼동,09,30,10,1922.0,11,서울특별시,11680,강남구,1168011200,자곡동
20260224,11,서울특별시,11680,강남구,1168011200,자곡동,11,서울특별시,11680,강남구,1168010100,역삼동,09,45,8,1828.0,11,서울특별시,11680,강남구,1168011200,자곡동
20260224,11,서울특별시,11680,강남구,1168011200,자곡동,11,서울특별시,11680,강남구,1168010100,역삼동,10,00,6,1998.0,11,서울특별시,11680,강남구,1168011200,자곡동
20260224,11,서울특별시,11680,강남구,1168011200,자곡동,11,서울특별시,11680,강남구,1168010100,역삼동,10,15,4,2104.0,11,서울특별시,11680,강남구,1168011200,자곡동
20260224,11,서울특별시,11680,강남구,1168011200,자곡동,11,서울특별시,11680,강남구,1168010100,역삼동,10,30,3,1762.0,11,서울특별시,11680,강남구,1168011200,자곡동
20260224,11,서울특별시,11680,강남구,1168011200,자곡동,11,서울특별시,11680,강남구,1168010100,역삼동,10,45,2,1727.0,11,서울특별시,11680,강남구,1168011200,자곡동
20260224,11,서울특별시,11680,강남구,1168011200,자곡동,11,서울특별시,11680,강남구,1168010100,역삼동,11,00,6,2295.0,11,서울특별시,11680,강남구,1168011200,자곡동
20260224,11,서울특별시,11680,강남구,1168011200,자곡동,11,서울특별시,11680,강남구,1168010100,역삼동,11,15,3,2059.0,11,서울특별시,11680,강남구,1168011200,자곡동
20260224,11,서울특별시,11680,강남구,1168011200,자곡동,11,서울특별시,11680,강남구,1168010100,역삼동,11,30,1,1505.0,11,서울특별시,11680,강남구,1168011200,자곡동
20260224,11,서울특별시,11680,강남구,1168011200,자곡동,11,서울특별시,11680,강남구,1168010100,역삼동,11,45,4,2170.0,11,서울특별시,11680,강남구,1168011200,자곡동
20260224,11,서울특별시,11680,강남구,1168011300,율현동,11,서울특별시,11680,강남구,1168010100,역삼동,07,00,2,1948.0,11,서울특별시,11680,강남구,1168011300,율현동
20260224,11,서울특별시,11680,강남구,1168011300,율현동,11,서울특별시,11680,강남구,1168010100,역삼동,07,15,2,2103.0,11,서울특별시,11680,강남구,1168011300,율현동
20260224,11,서울특별시,11680,강남구,1168011300,율현동,11,서울특별시,11680,강남구,1168010100,역삼동,07,30,2,2476.0,11,서울특별시,11680,강남구,1168011300,율현동
20260224,11,서울특별시,11680,강남구,1168011300,율현동,11,서울특별시,11680,강남구,1168010100,역삼동,07,45,3,2207.0,11,서울특별시,11680,강남구,1168011300,율현동
20260224,11,서울특별시,11680,강남구,1168011300,율현동,11,서울특별시,11680,강남구,1168010100,역삼동,08,00,9,2355.0,11,서울특별시,11680,강남구,1168011300,율현동
20260224,11,서울특별시,11680,강남구,1168011300,율현동,11,서울특별시,11680,강남구,1168010100,역삼동,08,15,1,2650.0,11,서울특별시,11680,강남구,1168011300,율현동
20260224,11,서울특별시,11680,강남구,1168011300,율현동,11,서울특별시,11680,강남구,1168010100,역삼동,08,45,3,2206.0,11,서울특별시,11680,강남구,1168011300,율현동
20260224,11,서울특별시,11680,강남구,1168011300,율현동,11,서울특별시,11680,강남구,1168010100,역삼동,09,00,2,2419.0,11,서울특별시,11680,강남구,1168011300,율현동
20260224,11,서울특별시,11680,강남구,1168011300,율현동,11,서울특별시,11680,강남구,1168010100,역삼동,09,15,2,1640.0,11,서울특별시,11680,강남구,1168011300,율현동
20260224,11,서울특별시,11680,강남구,1168011300,율현동,11,서울특별시,11680,강남구,1168010100,역삼동,09,30,1,2338.0,11,서울특별시,11680,강남구,1168011300,율현동
20260224,11,서울특별시,11680,강남구,1168011300,율현동,11,서울특별시,11680,강남구,1168010100,역삼동,09,45,1,2728.0,11,서울특별시,11680,강남구,1168011300,율현동
20260224,11,서울특별시,11680,강남구,1168011300,율현동,11,서울특별시,11680,강남구,1168010100,역삼동,10,45,1,1673.0,11,서울특별시,11680,강남구,1168011300,율현동
20260224,11,서울특별시,11680,강남구,1168011300,율현동,11,서울특별시,11680,강남구,1168010100,역삼동,11,00,1,1673.0,11,서울특별시,11680,강남구,1168011300,율현동
20260224,11,서울특별시,11680,강남구,1168011300,율현동,11,서울특별시,11680,강남구,1168010100,역삼동,11,15,1,1131.0,11,서울특별시,11680,강남구,1168011300,율현동
20260224,11,서울특별시,11680,강남구,1168011300,율현동,11,서울특별시,11680,강남구,1168010100,역삼동,11,30,3,2251.0,11,서울특별시,11680,강남구,1168011300,율현동
20260224,11,서울특별시,11680,강남구,1168011300,율현동,11,서울특별시,11680,강남구,1168010100,역삼동,11,45,2,1821.0,11,서울특별시,11680,강남구,1168011300,율현동
20260224,11,서울특별시,11680,강남구,1168011400,일원동,11,서울특별시,11680,강남구,1168010100,역삼동,07,00,21,1468.0,11,서울특별시,11680,강남구,1168011400,일원동
20260224,11,서울특별시,11680,강남구,1168011400,일원동,11,서울특별시,11680,강남구,1168010100,역삼동,07,15,47,1344.0,11,서울특별시,11680,강남구,1168011400,일원동
20260224,11,서울특별시,11680,강남구,1168011400,일원동,11,서울특별시,11680,강남구,1168010100,역삼동,07,30,41,1474.0,11,서울특별시,11680,강남구,1168011400,일원동
20260224,11,서울특별시,11680,강남구,1168011400,일원동,11,서울특별시,11680,강남구,1168010100,역삼동,07,45,41,1543.0,11,서울특별시,11680,강남구,1168011400,일원동
20260224,11,서울특별시,11680,강남구,1168011400,일원동,11,서울특별시,11680,강남구,1168010100,역삼동,08,00,46,1464.0,11,서울특별시,11680,강남구,1168011400,일원동
20260224,11,서울특별시,11680,강남구,1168011400,일원동,11,서울특별시,11680,강남구,1168010100,역삼동,08,15,72,1434.0,11,서울특별시,11680,강남구,1168011400,일원동
20260224,11,서울특별시,11680,강남구,1168011400,일원동,11,서울특별시,11680,강남구,1168010100,역삼동,08,30,43,1390.0,11,서울특별시,11680,강남구,1168011400,일원동
20260224,11,서울특별시,11680,강남구,1168011400,일원동,11,서울특별시,11680,강남구,1168010100,역삼동,08,45,36,1422.0,11,서울특별시,11680,강남구,1168011400,일원동
20260224,11,서울특별시,11680,강남구,1168011400,일원동,11,서울특별시,11680,강남구,1168010100,역삼동,09,00,57,1553.0,11,서울특별시,11680,강남구,1168011400,일원동
20260224,11,서울특별시,11680,강남구,1168011400,일원동,11,서울특별시,11680,강남구,1168010100,역삼동,09,15,56,1555.0,11,서울특별시,11680,강남구,1168011400,일원동
20260224,11,서울특별시,11680,강남구,1168011400,일원동,11,서울특별시,11680,강남구,1168010100,역삼동,09,30,28,1489.0,11,서울특별시,11680,강남구,1168011400,일원동
20260224,11,서울특별시,11680,강남구,1168011400,일원동,11,서울특별시,11680,강남구,1168010100,역삼동,09,45,35,1568.0,11,서울특별시,11680,강남구,1168011400,일원동
20260224,11,서울특별시,11680,강남구,1168011400,일원동,11,서울특별시,11680,강남구,1168010100,역삼동,10,00,15,1510.0,11,서울특별시,11680,강남구,1168011400,일원동
20260224,11,서울특별시,11680,강남구,1168011400,일원동,11,서울특별시,11680,강남구,1168010100,역삼동,10,15,18,1689.0,11,서울특별시,11680,강남구,1168011400,일원동
20260224,11,서울특별시,11680,강남구,1168011400,일원동,11,서울특별시,11680,강남구,1168010100,역삼동,10,30,14,1430.0,11,서울특별시,11680,강남구,1168011400,일원동
20260224,11,서울특별시,11680,강남구,1168011400,일원동,11,서울특별시,11680,강남구,1168010100,역삼동,10,45,20,1592.0,11,서울특별시,11680,강남구,1168011400,일원동
20260224,11,서울특별시,11680,강남구,1168011400,일원동,11,서울특별시,11680,강남구,1168010100,역삼동,11,00,18,1606.0,11,서울특별시,11680,강남구,1168011400,일원동
20260224,11,서울특별시,11680,강남구,1168011400,일원동,11,서울특별시,11680,강남구,1168010100,역삼동,11,15,13,1595.0,11,서울특별시,11680,강남구,1168011400,일원동
20260224,11,서울특별시,11680,강남구,1168011400,일원동,11,서울특별시,11680,강남구,1168010100,역삼동,11,30,14,1853.0,11,서울특별시,11680,강남구,1168011400,일원동
20260224,11,서울특별시,11680,강남구,1168011400,일원동,11,서울특별시,11680,강남구,1168010100,역삼동,11,45,13,1533.0,11,서울특별시,11680,강남구,1168011400,일원동
20260224,11,서울특별시,11680,강남구,1168011500,수서동,11,서울특별시,11680,강남구,1168010100,역삼동,07,00,11,1446.0,11,서울특별시,11680,강남구,1168011500,수서동
20260224,11,서울특별시,11680,강남구,1168011500,수서동,11,서울특별시,11680,강남구,1168010100,역삼동,07,15,37,1406.0,11,서울특별시,11680,강남구,1168011500,수서동
20260224,11,서울특별시,11680,강남구,1168011500,수서동,11,서울특별시,11680,강남구,1168010100,역삼동,07,30,39,1451.0,11,서울특별시,11680,강남구,1168011500,수서동
20260224,11,서울특별시,11680,강남구,1168011500,수서동,11,서울특별시,11680,강남구,1168010100,역삼동,07,45,30,1730.0,11,서울특별시,11680,강남구,1168011500,수서동
20260224,11,서울특별시,11680,강남구,1168011500,수서동,11,서울특별시,11680,강남구,1168010100,역삼동,08,00,38,1567.0,11,서울특별시,11680,강남구,1168011500,수서동
20260224,11,서울특별시,11680,강남구,1168011500,수서동,11,서울특별시,11680,강남구,1168010100,역삼동,08,15,49,1496.0,11,서울특별시,11680,강남구,1168011500,수서동
20260224,11,서울특별시,11680,강남구,1168011500,수서동,11,서울특별시,11680,강남구,1168010100,역삼동,08,30,39,1614.0,11,서울특별시,11680,강남구,1168011500,수서동
20260224,11,서울특별시,11680,강남구,1168011500,수서동,11,서울특별시,11680,강남구,1168010100,역삼동,08,45,48,1575.0,11,서울특별시,11680,강남구,1168011500,수서동
20260224,11,서울특별시,11680,강남구,1168011500,수서동,11,서울특별시,11680,강남구,1168010100,역삼동,09,00,56,1684.0,11,서울특별시,11680,강남구,1168011500,수서동
20260224,11,서울특별시,11680,강남구,1168011500,수서동,11,서울특별시,11680,강남구,1168010100,역삼동,09,15,23,1573.0,11,서울특별시,11680,강남구,1168011500,수서동
20260224,11,서울특별시,11680,강남구,1168011500,수서동,11,서울특별시,11680,강남구,1168010100,역삼동,09,30,26,1657.0,11,서울특별시,11680,강남구,1168011500,수서동
20260224,11,서울특별시,11680,강남구,1168011500,수서동,11,서울특별시,11680,강남구,1168010100,역삼동,09,45,23,1523.0,11,서울특별시,11680,강남구,1168011500,수서동
20260224,11,서울특별시,11680,강남구,1168011500,수서동,11,서울특별시,11680,강남구,1168010100,역삼동,10,00,19,1697.0,11,서울특별시,11680,강남구,1168011500,수서동
20260224,11,서울특별시,11680,강남구,1168011500,수서동,11,서울특별시,11680,강남구,1168010100,역삼동,10,15,36,1805.0,11,서울특별시,11680,강남구,1168011500,수서동
20260224,11,서울특별시,11680,강남구,1168011500,수서동,11,서울특별시,11680,강남구,1168010100,역삼동,10,30,32,1665.0,11,서울특별시,11680,강남구,1168011500,수서동
20260224,11,서울특별시,11680,강남구,1168011500,수서동,11,서울특별시,11680,강남구,1168010100,역삼동,10,45,22,1946.0,11,서울특별시,11680,강남구,1168011500,수서동
20260224,11,서울특별시,11680,강남구,1168011500,수서동,11,서울특별시,11680,강남구,1168010100,역삼동,11,00,27,1686.0,11,서울특별시,11680,강남구,1168011500,수서동
20260224,11,서울특별시,11680,강남구,1168011500,수서동,11,서울특별시,11680,강남구,1168010100,역삼동,11,15,9,1607.0,11,서울특별시,11680,강남구,1168011500,수서동
20260224,11,서울특별시,11680,강남구,1168011500,수서동,11,서울특별시,11680,강남구,1168010100,역삼동,11,30,19,1655.0,11,서울특별시,11680,강남구,1168011500,수서동
20260224,11,서울특별시,11680,강남구,1168011500,수서동,11,서울특별시,11680,강남구,1168010100,역삼동,11,45,10,1691.0,11,서울특별시,11680,강남구,1168011500,수서동
20260224,11,서울특별시,11680,강남구,1168011800,도곡동,11,서울특별시,11680,강남구,1168010100,역삼동,07,00,16,755.0,11,서울특별시,11680,강남구,1168011800,도곡동
20260224,11,서울특별시,11680,강남구,1168011800,도곡동,11,서울특별시,11680,강남구,1168010100,역삼동,07,15,37,615.0,11,서울특별시,11680,강남구,1168011800,도곡동
20260224,11,서울특별시,11680,강남구,1168011800,도곡동,11,서울특별시,11680,강남구,1168010100,역삼동,07,30,48,705.0,11,서울특별시,11680,강남구,1168011800,도곡동
20260224,11,서울특별시,11680,강남구,1168011800,도곡동,11,서울특별시,11680,강남구,1168010100,역삼동,07,45,48,718.0,11,서울특별시,11680,강남구,1168011800,도곡동
20260224,11,서울특별시,11680,강남구,1168011800,도곡동,11,서울특별시,11680,강남구,1168010100,역삼동,08,00,43,706.0,11,서울특별시,11680,강남구,1168011800,도곡동
20260224,11,서울특별시,11680,강남구,1168011800,도곡동,11,서울특별시,11680,강남구,1168010100,역삼동,08,15,78,781.0,11,서울특별시,11680,강남구,1168011800,도곡동
20260224,11,서울특별시,11680,강남구,1168011800,도곡동,11,서울특별시,11680,강남구,1168010100,역삼동,08,30,80,748.0,11,서울특별시,11680,강남구,1168011800,도곡동
20260224,11,서울특별시,11680,강남구,1168011800,도곡동,11,서울특별시,11680,강남구,1168010100,역삼동,08,45,56,686.0,11,서울특별시,11680,강남구,1168011800,도곡동
20260224,11,서울특별시,11680,강남구,1168011800,도곡동,11,서울특별시,11680,강남구,1168010100,역삼동,09,00,78,824.0,11,서울특별시,11680,강남구,1168011800,도곡동
20260224,11,서울특별시,11680,강남구,1168011800,도곡동,11,서울특별시,11680,강남구,1168010100,역삼동,09,15,65,925.0,11,서울특별시,11680,강남구,1168011800,도곡동
20260224,11,서울특별시,11680,강남구,1168011800,도곡동,11,서울특별시,11680,강남구,1168010100,역삼동,09,30,91,754.0,11,서울특별시,11680,강남구,1168011800,도곡동
20260224,11,서울특별시,11680,강남구,1168011800,도곡동,11,서울특별시,11680,강남구,1168010100,역삼동,09,45,44,732.0,11,서울특별시,11680,강남구,1168011800,도곡동
20260224,11,서울특별시,11680,강남구,1168011800,도곡동,11,서울특별시,11680,강남구,1168010100,역삼동,10,00,39,882.0,11,서울특별시,11680,강남구,1168011800,도곡동
20260224,11,서울특별시,11680,강남구,1168011800,도곡동,11,서울특별시,11680,강남구,1168010100,역삼동,10,15,44,785.0,11,서울특별시,11680,강남구,1168011800,도곡동
20260224,11,서울특별시,11680,강남구,1168011800,도곡동,11,서울특별시,11680,강남구,1168010100,역삼동,10,30,40,856.0,11,서울특별시,11680,강남구,1168011800,도곡동
20260224,11,서울특별시,11680,강남구,1168011800,도곡동,11,서울특별시,11680,강남구,1168010100,역삼동,10,45,41,768.0,11,서울특별시,11680,강남구,1168011800,도곡동
20260224,11,서울특별시,11680,강남구,1168011800,도곡동,11,서울특별시,11680,강남구,1168010100,역삼동,11,00,42,778.0,11,서울특별시,11680,강남구,1168011800,도곡동
20260224,11,서울특별시,11680,강남구,1168011800,도곡동,11,서울특별시,11680,강남구,1168010100,역삼동,11,15,54,761.0,11,서울특별시,11680,강남구,1168011800,도곡동
20260224,11,서울특별시,11680,강남구,1168011800,도곡동,11,서울특별시,11680,강남구,1168010100,역삼동,11,30,42,809.0,11,서울특별시,11680,강남구,1168011800,도곡동
20260224,11,서울특별시,11680,강남구,1168011800,도곡동,11,서울특별시,11680,강남구,1168010100,역삼동,11,45,51,853.0,11,서울특별시,11680,강남구,1168011800,도곡동
20260224,11,서울특별시,11710,송파구,1171010100,잠실동,11,서울특별시,11680,강남구,1168010100,역삼동,07,00,99,792.0,11,서울특별시,11710,송파구,1171010100,잠실동
20260224,11,서울특별시,11710,송파구,1171010100,잠실동,11,서울특별시,11680,강남구,1168010100,역삼동,07,15,147,830.0,11,서울특별시,11710,송파구,1171010100,잠실동
20260224,11,서울특별시,11710,송파구,1171010100,잠실동,11,서울특별시,11680,강남구,1168010100,역삼동,07,30,223,785.0,11,서울특별시,11710,송파구,1171010100,잠실동
20260224,11,서울특별시,11710,송파구,1171010100,잠실동,11,서울특별시,11680,강남구,1168010100,역삼동,07,45,236,853.0,11,서울특별시,11710,송파구,1171010100,잠실동
20260224,11,서울특별시,11710,송파구,1171010100,잠실동,11,서울특별시,11680,강남구,1168010100,역삼동,08,00,301,894.0,11,서울특별시,11710,송파구,1171010100,잠실동
20260224,11,서울특별시,11710,송파구,1171010100,잠실동,11,서울특별시,11680,강남구,1168010100,역삼동,08,15,426,890.0,11,서울특별시,11710,송파구,1171010100,잠실동
20260224,11,서울특별시,11710,송파구,1171010100,잠실동,11,서울특별시,11680,강남구,1168010100,역삼동,08,30,405,815.0,11,서울특별시,11710,송파구,1171010100,잠실동
20260224,11,서울특별시,11710,송파구,1171010100,잠실동,11,서울특별시,11680,강남구,1168010100,역삼동,08,45,292,900.0,11,서울특별시,11710,송파구,1171010100,잠실동
20260224,11,서울특별시,11710,송파구,1171010100,잠실동,11,서울특별시,11680,강남구,1168010100,역삼동,09,00,295,863.0,11,서울특별시,11710,송파구,1171010100,잠실동
20260224,11,서울특별시,11710,송파구,1171010100,잠실동,11,서울특별시,11680,강남구,1168010100,역삼동,09,15,266,880.0,11,서울특별시,11710,송파구,1171010100,잠실동
20260224,11,서울특별시,11710,송파구,1171010100,잠실동,11,서울특별시,11680,강남구,1168010100,역삼동,09,30,333,795.0,11,서울특별시,11710,송파구,1171010100,잠실동
20260224,11,서울특별시,11710,송파구,1171010100,잠실동,11,서울특별시,11680,강남구,1168010100,역삼동,09,45,168,834.0,11,서울특별시,11710,송파구,1171010100,잠실동
20260224,11,서울특별시,11710,송파구,1171010100,잠실동,11,서울특별시,11680,강남구,1168010100,역삼동,10,00,122,891.0,11,서울특별시,11710,송파구,1171010100,잠실동
20260224,11,서울특별시,11710,송파구,1171010100,잠실동,11,서울특별시,11680,강남구,1168010100,역삼동,10,15,96,986.0,11,서울특별시,11710,송파구,1171010100,잠실동
20260224,11,서울특별시,11710,송파구,1171010100,잠실동,11,서울특별시,11680,강남구,1168010100,역삼동,10,30,121,829.0,11,서울특별시,11710,송파구,1171010100,잠실동
20260224,11,서울특별시,11710,송파구,1171010100,잠실동,11,서울특별시,11680,강남구,1168010100,역삼동,10,45,64,875.0,11,서울특별시,11710,송파구,1171010100,잠실동
20260224,11,서울특별시,11710,송파구,1171010100,잠실동,11,서울특별시,11680,강남구,1168010100,역삼동,11,00,83,774.0,11,서울특별시,11710,송파구,1171010100,잠실동
20260224,11,서울특별시,11710,송파구,1171010100,잠실동,11,서울특별시,11680,강남구,1168010100,역삼동,11,15,63,898.0,11,서울특별시,11710,송파구,1171010100,잠실동
20260224,11,서울특별시,11710,송파구,1171010100,잠실동,11,서울특별시,11680,강남구,1168010100,역삼동,11,30,68,870.0,11,서울특별시,11710,송파구,1171010100,잠실동
20260224,11,서울특별시,11710,송파구,1171010100,잠실동,11,서울특별시,11680,강남구,1168010100,역삼동,11,45,48,922.0,11,서울특별시,11710,송파구,1171010100,잠실동
20260224,11,서울특별시,11710,송파구,1171010200,신천동,11,서울특별시,11680,강남구,1168010100,역삼동,07,00,82,926.0,11,서울특별시,11710,송파구,1171010200,신천동
20260224,11,서울특별시,11710,송파구,1171010200,신천동,11,서울특별시,11680,강남구,1168010100,역삼동,07,15,116,921.0,11,서울특별시,11710,송파구,1171010200,신천동
20260224,11,서울특별시,11710,송파구,1171010200,신천동,11,서울특별시,11680,강남구,1168010100,역삼동,07,30,136,888.0,11,서울특별시,11710,송파구,1171010200,신천동
20260224,11,서울특별시,11710,송파구,1171010200,신천동,11,서울특별시,11680,강남구,1168010100,역삼동,07,45,138,943.0,11,서울특별시,11710,송파구,1171010200,신천동
20260224,11,서울특별시,11710,송파구,1171010200,신천동,11,서울특별시,11680,강남구,1168010100,역삼동,08,00,208,872.0,11,서울특별시,11710,송파구,1171010200,신천동
20260224,11,서울특별시,11710,송파구,1171010200,신천동,11,서울특별시,11680,강남구,1168010100,역삼동,08,15,234,903.0,11,서울특별시,11710,송파구,1171010200,신천동
20260224,11,서울특별시,11710,송파구,1171010200,신천동,11,서울특별시,11680,강남구,1168010100,역삼동,08,30,254,913.0,11,서울특별시,11710,송파구,1171010200,신천동
20260224,11,서울특별시,11710,송파구,1171010200,신천동,11,서울특별시,11680,강남구,1168010100,역삼동,08,45,141,965.0,11,서울특별시,11710,송파구,1171010200,신천동
20260224,11,서울특별시,11710,송파구,1171010200,신천동,11,서울특별시,11680,강남구,1168010100,역삼동,09,00,179,974.0,11,서울특별시,11710,송파구,1171010200,신천동
20260224,11,서울특별시,11710,송파구,1171010200,신천동,11,서울특별시,11680,강남구,1168010100,역삼동,09,15,175,927.0,11,서울특별시,11710,송파구,1171010200,신천동
20260224,11,서울특별시,11710,송파구,1171010200,신천동,11,서울특별시,11680,강남구,1168010100,역삼동,09,30,176,904.0,11,서울특별시,11710,송파구,1171010200,신천동
20260224,11,서울특별시,11710,송파구,1171010200,신천동,11,서울특별시,11680,강남구,1168010100,역삼동,09,45,116,1012.0,11,서울특별시,11710,송파구,1171010200,신천동
20260224,11,서울특별시,11710,송파구,1171010200,신천동,11,서울특별시,11680,강남구,1168010100,역삼동,10,00,78,1055.0,11,서울특별시,11710,송파구,1171010200,신천동
20260224,11,서울특별시,11710,송파구,1171010200,신천동,11,서울특별시,11680,강남구,1168010100,역삼동,10,15,92,986.0,11,서울특별시,11710,송파구,1171010200,신천동
20260224,11,서울특별시,11710,송파구,1171010200,신천동,11,서울특별시,11680,강남구,1168010100,역삼동,10,30,95,979.0,11,서울특별시,11710,송파구,1171010200,신천동
20260224,11,서울특별시,11710,송파구,1171010200,신천동,11,서울특별시,11680,강남구,1168010100,역삼동,10,45,74,981.0,11,서울특별시,11710,송파구,1171010200,신천동
20260224,11,서울특별시,11710,송파구,1171010200,신천동,11,서울특별시,11680,강남구,1168010100,역삼동,11,00,81,1026.0,11,서울특별시,11710,송파구,1171010200,신천동
20260224,11,서울특별시,11710,송파구,1171010200,신천동,11,서울특별시,11680,강남구,1168010100,역삼동,11,15,75,962.0,11,서울특별시,11710,송파구,1171010200,신천동
20260224,11,서울특별시,11710,송파구,1171010200,신천동,11,서울특별시,11680,강남구,1168010100,역삼동,11,30,72,999.0,11,서울특별시,11710,송파구,1171010200,신천동
20260224,11,서울특별시,11710,송파구,1171010200,신천동,11,서울특별시,11680,강남구,1168010100,역삼동,11,45,67,1056.0,11,서울특별시,11710,송파구,1171010200,신천동
20260224,11,서울특별시,11710,송파구,1171010300,풍납동,11,서울특별시,11680,강남구,1168010100,역삼동,07,00,43,1732.0,11,서울특별시,11710,송파구,1171010300,풍납동
20260224,11,서울특별시,11710,송파구,1171010300,풍납동,11,서울특별시,11680,강남구,1168010100,역삼동,07,15,71,1612.0,11,서울특별시,11710,송파구,1171010300,풍납동
20260224,11,서울특별시,11710,송파구,1171010300,풍납동,11,서울특별시,11680,강남구,1168010100,역삼동,07,30,84,1769.0,11,서울특별시,11710,송파구,1171010300,풍납동
20260224,11,서울특별시,11710,송파구,1171010300,풍납동,11,서울특별시,11680,강남구,1168010100,역삼동,07,45,107,1705.0,11,서울특별시,11710,송파구,1171010300,풍납동
20260224,11,서울특별시,11710,송파구,1171010300,풍납동,11,서울특별시,11680,강남구,1168010100,역삼동,08,00,134,1783.0,11,서울특별시,11710,송파구,1171010300,풍납동
20260224,11,서울특별시,11710,송파구,1171010300,풍납동,11,서울특별시,11680,강남구,1168010100,역삼동,08,15,114,1741.0,11,서울특별시,11710,송파구,1171010300,풍납동
20260224,11,서울특별시,11710,송파구,1171010300,풍납동,11,서울특별시,11680,강남구,1168010100,역삼동,08,30,73,1777.0,11,서울특별시,11710,송파구,1171010300,풍납동
20260224,11,서울특별시,11710,송파구,1171010300,풍납동,11,서울특별시,11680,강남구,1168010100,역삼동,08,45,107,1749.0,11,서울특별시,11710,송파구,1171010300,풍납동
20260224,11,서울특별시,11710,송파구,1171010300,풍납동,11,서울특별시,11680,강남구,1168010100,역삼동,09,00,66,1662.0,11,서울특별시,11710,송파구,1171010300,풍납동
20260224,11,서울특별시,11710,송파구,1171010300,풍납동,11,서울특별시,11680,강남구,1168010100,역삼동,09,15,93,1735.0,11,서울특별시,11710,송파구,1171010300,풍납동
20260224,11,서울특별시,11710,송파구,1171010300,풍납동,11,서울특별시,11680,강남구,1168010100,역삼동,09,30,43,1736.0,11,서울특별시,11710,송파구,1171010300,풍납동
20260224,11,서울특별시,11710,송파구,1171010300,풍납동,11,서울특별시,11680,강남구,1168010100,역삼동,09,45,33,1683.0,11,서울특별시,11710,송파구,1171010300,풍납동
20260224,11,서울특별시,11710,송파구,1171010300,풍납동,11,서울특별시,11680,강남구,1168010100,역삼동,10,00,27,1656.0,11,서울특별시,11710,송파구,1171010300,풍납동
20260224,11,서울특별시,11710,송파구,1171010300,풍납동,11,서울특별시,11680,강남구,1168010100,역삼동,10,15,33,1691.0,11,서울특별시,11710,송파구,1171010300,풍납동
20260224,11,서울특별시,11710,송파구,1171010300,풍납동,11,서울특별시,11680,강남구,1168010100,역삼동,10,30,18,1757.0,11,서울특별시,11710,송파구,1171010300,풍납동
20260224,11,서울특별시,11710,송파구,1171010300,풍납동,11,서울특별시,11680,강남구,1168010100,역삼동,10,45,20,1996.0,11,서울특별시,11710,송파구,1171010300,풍납동
20260224,11,서울특별시,11710,송파구,1171010300,풍납동,11,서울특별시,11680,강남구,1168010100,역삼동,11,00,23,1626.0,11,서울특별시,11710,송파구,1171010300,풍납동
20260224,11,서울특별시,11710,송파구,1171010300,풍납동,11,서울특별시,11680,강남구,1168010100,역삼동,11,15,21,1872.0,11,서울특별시,11710,송파구,1171010300,풍납동
20260224,11,서울특별시,11710,송파구,1171010300,풍납동,11,서울특별시,11680,강남구,1168010100,역삼동,11,30,24,1811.0,11,서울특별시,11710,송파구,1171010300,풍납동
20260224,11,서울특별시,11710,송파구,1171010300,풍납동,11,서울특별시,11680,강남구,1168010100,역삼동,11,45,25,1774.0,11,서울특별시,11710,송파구,1171010300,풍납동
20260224,11,서울특별시,11710,송파구,1171010400,송파동,11,서울특별시,11680,강남구,1168010100,역삼동,07,00,23,1436.0,11,서울특별시,11710,송파구,1171010400,송파동
20260224,11,서울특별시,11710,송파구,1171010400,송파동,11,서울특별시,11680,강남구,1168010100,역삼동,07,15,27,1235.0,11,서울특별시,11710,송파구,1171010400,송파동
20260224,11,서울특별시,11710,송파구,1171010400,송파동,11,서울특별시,11680,강남구,1168010100,역삼동,07,30,28,1377.0,11,서울특별시,11710,송파구,1171010400,송파동
20260224,11,서울특별시,11710,송파구,1171010400,송파동,11,서울특별시,11680,강남구,1168010100,역삼동,07,45,46,1446.0,11,서울특별시,11710,송파구,1171010400,송파동
20260224,11,서울특별시,11710,송파구,1171010400,송파동,11,서울특별시,11680,강남구,1168010100,역삼동,08,00,51,1395.0,11,서울특별시,11710,송파구,1171010400,송파동
20260224,11,서울특별시,11710,송파구,1171010400,송파동,11,서울특별시,11680,강남구,1168010100,역삼동,08,15,58,1282.0,11,서울특별시,11710,송파구,1171010400,송파동
20260224,11,서울특별시,11710,송파구,1171010400,송파동,11,서울특별시,11680,강남구,1168010100,역삼동,08,30,42,1415.0,11,서울특별시,11710,송파구,1171010400,송파동
20260224,11,서울특별시,11710,송파구,1171010400,송파동,11,서울특별시,11680,강남구,1168010100,역삼동,08,45,44,1309.0,11,서울특별시,11710,송파구,1171010400,송파동
20260224,11,서울특별시,11710,송파구,1171010400,송파동,11,서울특별시,11680,강남구,1168010100,역삼동,09,00,25,1524.0,11,서울특별시,11710,송파구,1171010400,송파동
20260224,11,서울특별시,11710,송파구,1171010400,송파동,11,서울특별시,11680,강남구,1168010100,역삼동,09,15,25,1382.0,11,서울특별시,11710,송파구,1171010400,송파동
20260224,11,서울특별시,11710,송파구,1171010400,송파동,11,서울특별시,11680,강남구,1168010100,역삼동,09,30,24,1396.0,11,서울특별시,11710,송파구,1171010400,송파동
20260224,11,서울특별시,11710,송파구,1171010400,송파동,11,서울특별시,11680,강남구,1168010100,역삼동,09,45,19,1441.0,11,서울특별시,11710,송파구,1171010400,송파동
20260224,11,서울특별시,11710,송파구,1171010400,송파동,11,서울특별시,11680,강남구,1168010100,역삼동,10,00,10,1361.0,11,서울특별시,11710,송파구,1171010400,송파동
20260224,11,서울특별시,11710,송파구,1171010400,송파동,11,서울특별시,11680,강남구,1168010100,역삼동,10,15,13,1490.0,11,서울특별시,11710,송파구,1171010400,송파동
20260224,11,서울특별시,11710,송파구,1171010400,송파동,11,서울특별시,11680,강남구,1168010100,역삼동,10,30,14,1426.0,11,서울특별시,11710,송파구,1171010400,송파동
20260224,11,서울특별시,11710,송파구,1171010400,송파동,11,서울특별시,11680,강남구,1168010100,역삼동,10,45,4,1111.0,11,서울특별시,11710,송파구,1171010400,송파동
20260224,11,서울특별시,11710,송파구,1171010400,송파동,11,서울특별시,11680,강남구,1168010100,역삼동,11,00,5,1795.0,11,서울특별시,11710,송파구,1171010400,송파동
20260224,11,서울특별시,11710,송파구,1171010400,송파동,11,서울특별시,11680,강남구,1168010100,역삼동,11,15,5,1210.0,11,서울특별시,11710,송파구,1171010400,송파동
20260224,11,서울특별시,11710,송파구,1171010400,송파동,11,서울특별시,11680,강남구,1168010100,역삼동,11,30,4,1410.0,11,서울특별시,11710,송파구,1171010400,송파동
20260224,11,서울특별시,11710,송파구,1171010400,송파동,11,서울특별시,11680,강남구,1168010100,역삼동,11,45,5,1427.0,11,서울특별시,11710,송파구,1171010400,송파동
20260224,11,서울특별시,11710,송파구,1171010500,석촌동,11,서울특별시,11680,강남구,1168010100,역삼동,07,00,21,1360.0,11,서울특별시,11710,송파구,1171010500,석촌동
20260224,11,서울특별시,11710,송파구,1171010500,석촌동,11,서울특별시,11680,강남구,1168010100,역삼동,07,15,24,1433.0,11,서울특별시,11710,송파구,1171010500,석촌동
20260224,11,서울특별시,11710,송파구,1171010500,석촌동,11,서울특별시,11680,강남구,1168010100,역삼동,07,30,33,1379.0,11,서울특별시,11710,송파구,1171010500,석촌동
20260224,11,서울특별시,11710,송파구,1171010500,석촌동,11,서울특별시,11680,강남구,1168010100,역삼동,07,45,53,1383.0,11,서울특별시,11710,송파구,1171010500,석촌동
20260224,11,서울특별시,11710,송파구,1171010500,석촌동,11,서울특별시,11680,강남구,1168010100,역삼동,08,00,79,1349.0,11,서울특별시,11710,송파구,1171010500,석촌동
20260224,11,서울특별시,11710,송파구,1171010500,석촌동,11,서울특별시,11680,강남구,1168010100,역삼동,08,15,83,1343.0,11,서울특별시,11710,송파구,1171010500,석촌동
20260224,11,서울특별시,11710,송파구,1171010500,석촌동,11,서울특별시,11680,강남구,1168010100,역삼동,08,30,68,1324.0,11,서울특별시,11710,송파구,1171010500,석촌동
20260224,11,서울특별시,11710,송파구,1171010500,석촌동,11,서울특별시,11680,강남구,1168010100,역삼동,08,45,57,1317.0,11,서울특별시,11710,송파구,1171010500,석촌동
20260224,11,서울특별시,11710,송파구,1171010500,석촌동,11,서울특별시,11680,강남구,1168010100,역삼동,09,00,75,1260.0,11,서울특별시,11710,송파구,1171010500,석촌동
20260224,11,서울특별시,11710,송파구,1171010500,석촌동,11,서울특별시,11680,강남구,1168010100,역삼동,09,15,60,1305.0,11,서울특별시,11710,송파구,1171010500,석촌동
20260224,11,서울특별시,11710,송파구,1171010500,석촌동,11,서울특별시,11680,강남구,1168010100,역삼동,09,30,46,1321.0,11,서울특별시,11710,송파구,1171010500,석촌동
20260224,11,서울특별시,11710,송파구,1171010500,석촌동,11,서울특별시,11680,강남구,1168010100,역삼동,09,45,39,1259.0,11,서울특별시,11710,송파구,1171010500,석촌동
20260224,11,서울특별시,11710,송파구,1171010500,석촌동,11,서울특별시,11680,강남구,1168010100,역삼동,10,00,21,1286.0,11,서울특별시,11710,송파구,1171010500,석촌동
20260224,11,서울특별시,11710,송파구,1171010500,석촌동,11,서울특별시,11680,강남구,1168010100,역삼동,10,15,35,1184.0,11,서울특별시,11710,송파구,1171010500,석촌동
20260224,11,서울특별시,11710,송파구,1171010500,석촌동,11,서울특별시,11680,강남구,1168010100,역삼동,10,30,21,1245.0,11,서울특별시,11710,송파구,1171010500,석촌동
20260224,11,서울특별시,11710,송파구,1171010500,석촌동,11,서울특별시,11680,강남구,1168010100,역삼동,10,45,13,1445.0,11,서울특별시,11710,송파구,1171010500,석촌동
20260224,11,서울특별시,11710,송파구,1171010500,석촌동,11,서울특별시,11680,강남구,1168010100,역삼동,11,00,15,1349.0,11,서울특별시,11710,송파구,1171010500,석촌동
20260224,11,서울특별시,11710,송파구,1171010500,석촌동,11,서울특별시,11680,강남구,1168010100,역삼동,11,15,12,1395.0,11,서울특별시,11710,송파구,1171010500,석촌동
20260224,11,서울특별시,11710,송파구,1171010500,석촌동,11,서울특별시,11680,강남구,1168010100,역삼동,11,30,15,1541.0,11,서울특별시,11710,송파구,1171010500,석촌동
20260224,11,서울특별시,11710,송파구,1171010500,석촌동,11,서울특별시,11680,강남구,1168010100,역삼동,11,45,7,1339.0,11,서울특별시,11710,송파구,1171010500,석촌동
20260224,11,서울특별시,11710,송파구,1171010600,삼전동,11,서울특별시,11680,강남구,1168010100,역삼동,07,00,10,1635.0,11,서울특별시,11710,송파구,1171010600,삼전동
20260224,11,서울특별시,11710,송파구,1171010600,삼전동,11,서울특별시,11680,강남구,1168010100,역삼동,07,15,38,1340.0,11,서울특별시,11710,송파구,1171010600,삼전동
20260224,11,서울특별시,11710,송파구,1171010600,삼전동,11,서울특별시,11680,강남구,1168010100,역삼동,07,30,49,1546.0,11,서울특별시,11710,송파구,1171010600,삼전동
20260224,11,서울특별시,11710,송파구,1171010600,삼전동,11,서울특별시,11680,강남구,1168010100,역삼동,07,45,63,1301.0,11,서울특별시,11710,송파구,1171010600,삼전동
20260224,11,서울특별시,11710,송파구,1171010600,삼전동,11,서울특별시,11680,강남구,1168010100,역삼동,08,00,88,1292.0,11,서울특별시,11710,송파구,1171010600,삼전동
20260224,11,서울특별시,11710,송파구,1171010600,삼전동,11,서울특별시,11680,강남구,1168010100,역삼동,08,15,120,1294.0,11,서울특별시,11710,송파구,1171010600,삼전동
20260224,11,서울특별시,11710,송파구,1171010600,삼전동,11,서울특별시,11680,강남구,1168010100,역삼동,08,30,88,1222.0,11,서울특별시,11710,송파구,1171010600,삼전동
20260224,11,서울특별시,11710,송파구,1171010600,삼전동,11,서울특별시,11680,강남구,1168010100,역삼동,08,45,80,1249.0,11,서울특별시,11710,송파구,1171010600,삼전동
20260224,11,서울특별시,11710,송파구,1171010600,삼전동,11,서울특별시,11680,강남구,1168010100,역삼동,09,00,76,1285.0,11,서울특별시,11710,송파구,1171010600,삼전동
20260224,11,서울특별시,11710,송파구,1171010600,삼전동,11,서울특별시,11680,강남구,1168010100,역삼동,09,15,82,1273.0,11,서울특별시,11710,송파구,1171010600,삼전동
20260224,11,서울특별시,11710,송파구,1171010600,삼전동,11,서울특별시,11680,강남구,1168010100,역삼동,09,30,69,1216.0,11,서울특별시,11710,송파구,1171010600,삼전동
20260224,11,서울특별시,11710,송파구,1171010600,삼전동,11,서울특별시,11680,강남구,1168010100,역삼동,09,45,29,1251.0,11,서울특별시,11710,송파구,1171010600,삼전동
20260224,11,서울특별시,11710,송파구,1171010600,삼전동,11,서울특별시,11680,강남구,1168010100,역삼동,10,00,27,1227.0,11,서울특별시,11710,송파구,1171010600,삼전동
20260224,11,서울특별시,11710,송파구,1171010600,삼전동,11,서울특별시,11680,강남구,1168010100,역삼동,10,15,20,1351.0,11,서울특별시,11710,송파구,1171010600,삼전동
20260224,11,서울특별시,11710,송파구,1171010600,삼전동,11,서울특별시,11680,강남구,1168010100,역삼동,10,30,25,1306.0,11,서울특별시,11710,송파구,1171010600,삼전동
20260224,11,서울특별시,11710,송파구,1171010600,삼전동,11,서울특별시,11680,강남구,1168010100,역삼동,10,45,14,1393.0,11,서울특별시,11710,송파구,1171010600,삼전동
20260224,11,서울특별시,11710,송파구,1171010600,삼전동,11,서울특별시,11680,강남구,1168010100,역삼동,11,00,11,1272.0,11,서울특별시,11710,송파구,1171010600,삼전동
20260224,11,서울특별시,11710,송파구,1171010600,삼전동,11,서울특별시,11680,강남구,1168010100,역삼동,11,15,11,1643.0,11,서울특별시,11710,송파구,1171010600,삼전동
20260224,11,서울특별시,11710,송파구,1171010600,삼전동,11,서울특별시,11680,강남구,1168010100,역삼동,11,30,10,1356.0,11,서울특별시,11710,송파구,1171010600,삼전동
20260224,11,서울특별시,11710,송파구,1171010600,삼전동,11,서울특별시,11680,강남구,1168010100,역삼동,11,45,5,1377.0,11,서울특별시,11710,송파구,1171010600,삼전동
20260224,11,서울특별시,11710,송파구,1171010700,가락동,11,서울특별시,11680,강남구,1168010100,역삼동,07,00,50,1669.0,11,서울특별시,11710,송파구,1171010700,가락동
20260224,11,서울특별시,11710,송파구,1171010700,가락동,11,서울특별시,11680,강남구,1168010100,역삼동,07,15,63,1650.0,11,서울특별시,11710,송파구,1171010700,가락동
20260224,11,서울특별시,11710,송파구,1171010700,가락동,11,서울특별시,11680,강남구,1168010100,역삼동,07,30,79,1701.0,11,서울특별시,11710,송파구,1171010700,가락동
20260224,11,서울특별시,11710,송파구,1171010700,가락동,11,서울특별시,11680,강남구,1168010100,역삼동,07,45,138,1675.0,11,서울특별시,11710,송파구,1171010700,가락동
20260224,11,서울특별시,11710,송파구,1171010700,가락동,11,서울특별시,11680,강남구,1168010100,역삼동,08,00,116,1729.0,11,서울특별시,11710,송파구,1171010700,가락동
20260224,11,서울특별시,11710,송파구,1171010700,가락동,11,서울특별시,11680,강남구,1168010100,역삼동,08,15,143,1667.0,11,서울특별시,11710,송파구,1171010700,가락동
20260224,11,서울특별시,11710,송파구,1171010700,가락동,11,서울특별시,11680,강남구,1168010100,역삼동,08,30,94,1647.0,11,서울특별시,11710,송파구,1171010700,가락동
20260224,11,서울특별시,11710,송파구,1171010700,가락동,11,서울특별시,11680,강남구,1168010100,역삼동,08,45,95,1681.0,11,서울특별시,11710,송파구,1171010700,가락동
20260224,11,서울특별시,11710,송파구,1171010700,가락동,11,서울특별시,11680,강남구,1168010100,역삼동,09,00,73,1715.0,11,서울특별시,11710,송파구,1171010700,가락동
20260224,11,서울특별시,11710,송파구,1171010700,가락동,11,서울특별시,11680,강남구,1168010100,역삼동,09,15,98,1675.0,11,서울특별시,11710,송파구,1171010700,가락동
20260224,11,서울특별시,11710,송파구,1171010700,가락동,11,서울특별시,11680,강남구,1168010100,역삼동,09,30,65,1710.0,11,서울특별시,11710,송파구,1171010700,가락동
20260224,11,서울특별시,11710,송파구,1171010700,가락동,11,서울특별시,11680,강남구,1168010100,역삼동,09,45,44,1791.0,11,서울특별시,11710,송파구,1171010700,가락동
20260224,11,서울특별시,11710,송파구,1171010700,가락동,11,서울특별시,11680,강남구,1168010100,역삼동,10,00,30,1744.0,11,서울특별시,11710,송파구,1171010700,가락동
20260224,11,서울특별시,11710,송파구,1171010700,가락동,11,서울특별시,11680,강남구,1168010100,역삼동,10,15,39,1712.0,11,서울특별시,11710,송파구,1171010700,가락동
20260224,11,서울특별시,11710,송파구,1171010700,가락동,11,서울특별시,11680,강남구,1168010100,역삼동,10,30,26,1875.0,11,서울특별시,11710,송파구,1171010700,가락동
20260224,11,서울특별시,11710,송파구,1171010700,가락동,11,서울특별시,11680,강남구,1168010100,역삼동,10,45,17,1900.0,11,서울특별시,11710,송파구,1171010700,가락동
20260224,11,서울특별시,11710,송파구,1171010700,가락동,11,서울특별시,11680,강남구,1168010100,역삼동,11,00,21,1975.0,11,서울특별시,11710,송파구,1171010700,가락동
20260224,11,서울특별시,11710,송파구,1171010700,가락동,11,서울특별시,11680,강남구,1168010100,역삼동,11,15,19,1545.0,11,서울특별시,11710,송파구,1171010700,가락동
20260224,11,서울특별시,11710,송파구,1171010700,가락동,11,서울특별시,11680,강남구,1168010100,역삼동,11,30,19,1886.0,11,서울특별시,11710,송파구,1171010700,가락동
20260224,11,서울특별시,11710,송파구,1171010700,가락동,11,서울특별시,11680,강남구,1168010100,역삼동,11,45,18,1920.0,11,서울특별시,11710,송파구,1171010700,가락동
20260224,11,서울특별시,11710,송파구,1171010800,문정동,11,서울특별시,11680,강남구,1168010100,역삼동,07,00,39,1931.0,11,서울특별시,11710,송파구,1171010800,문정동
20260224,11,서울특별시,11710,송파구,1171010800,문정동,11,서울특별시,11680,강남구,1168010100,역삼동,07,15,56,1919.0,11,서울특별시,11710,송파구,1171010800,문정동
20260224,11,서울특별시,11710,송파구,1171010800,문정동,11,서울특별시,11680,강남구,1168010100,역삼동,07,30,69,1834.0,11,서울특별시,11710,송파구,1171010800,문정동
20260224,11,서울특별시,11710,송파구,1171010800,문정동,11,서울특별시,11680,강남구,1168010100,역삼동,07,45,76,1884.0,11,서울특별시,11710,송파구,1171010800,문정동
20260224,11,서울특별시,11710,송파구,1171010800,문정동,11,서울특별시,11680,강남구,1168010100,역삼동,08,00,92,1878.0,11,서울특별시,11710,송파구,1171010800,문정동
20260224,11,서울특별시,11710,송파구,1171010800,문정동,11,서울특별시,11680,강남구,1168010100,역삼동,08,15,75,1918.0,11,서울특별시,11710,송파구,1171010800,문정동
20260224,11,서울특별시,11710,송파구,1171010800,문정동,11,서울특별시,11680,강남구,1168010100,역삼동,08,30,58,1853.0,11,서울특별시,11710,송파구,1171010800,문정동
20260224,11,서울특별시,11710,송파구,1171010800,문정동,11,서울특별시,11680,강남구,1168010100,역삼동,08,45,57,1873.0,11,서울특별시,11710,송파구,1171010800,문정동
20260224,11,서울특별시,11710,송파구,1171010800,문정동,11,서울특별시,11680,강남구,1168010100,역삼동,09,00,69,1795.0,11,서울특별시,11710,송파구,1171010800,문정동
20260224,11,서울특별시,11710,송파구,1171010800,문정동,11,서울특별시,11680,강남구,1168010100,역삼동,09,15,53,1778.0,11,서울특별시,11710,송파구,1171010800,문정동
20260224,11,서울특별시,11710,송파구,1171010800,문정동,11,서울특별시,11680,강남구,1168010100,역삼동,09,30,23,1749.0,11,서울특별시,11710,송파구,1171010800,문정동
20260224,11,서울특별시,11710,송파구,1171010800,문정동,11,서울특별시,11680,강남구,1168010100,역삼동,09,45,25,1874.0,11,서울특별시,11710,송파구,1171010800,문정동
20260224,11,서울특별시,11710,송파구,1171010800,문정동,11,서울특별시,11680,강남구,1168010100,역삼동,10,00,26,1875.0,11,서울특별시,11710,송파구,1171010800,문정동
20260224,11,서울특별시,11710,송파구,1171010800,문정동,11,서울특별시,11680,강남구,1168010100,역삼동,10,15,25,1786.0,11,서울특별시,11710,송파구,1171010800,문정동
20260224,11,서울특별시,11710,송파구,1171010800,문정동,11,서울특별시,11680,강남구,1168010100,역삼동,10,30,14,1875.0,11,서울특별시,11710,송파구,1171010800,문정동
20260224,11,서울특별시,11710,송파구,1171010800,문정동,11,서울특별시,11680,강남구,1168010100,역삼동,10,45,16,2257.0,11,서울특별시,11710,송파구,1171010800,문정동
20260224,11,서울특별시,11710,송파구,1171010800,문정동,11,서울특별시,11680,강남구,1168010100,역삼동,11,00,10,1840.0,11,서울특별시,11710,송파구,1171010800,문정동
20260224,11,서울특별시,11710,송파구,1171010800,문정동,11,서울특별시,11680,강남구,1168010100,역삼동,11,15,10,2152.0,11,서울특별시,11710,송파구,1171010800,문정동
20260224,11,서울특별시,11710,송파구,1171010800,문정동,11,서울특별시,11680,강남구,1168010100,역삼동,11,30,11,1811.0,11,서울특별시,11710,송파구,1171010800,문정동
20260224,11,서울특별시,11710,송파구,1171010800,문정동,11,서울특별시,11680,강남구,1168010100,역삼동,11,45,7,2206.0,11,서울특별시,11710,송파구,1171010800,문정동
20260224,11,서울특별시,11710,송파구,1171010900,장지동,11,서울특별시,11680,강남구,1168010100,역삼동,07,00,45,2043.0,11,서울특별시,11710,송파구,1171010900,장지동
20260224,11,서울특별시,11710,송파구,1171010900,장지동,11,서울특별시,11680,강남구,1168010100,역삼동,07,15,52,2067.0,11,서울특별시,11710,송파구,1171010900,장지동
20260224,11,서울특별시,11710,송파구,1171010900,장지동,11,서울특별시,11680,강남구,1168010100,역삼동,07,30,73,2061.0,11,서울특별시,11710,송파구,1171010900,장지동
20260224,11,서울특별시,11710,송파구,1171010900,장지동,11,서울특별시,11680,강남구,1168010100,역삼동,07,45,89,2101.0,11,서울특별시,11710,송파구,1171010900,장지동
20260224,11,서울특별시,11710,송파구,1171010900,장지동,11,서울특별시,11680,강남구,1168010100,역삼동,08,00,86,2069.0,11,서울특별시,11710,송파구,1171010900,장지동
20260224,11,서울특별시,11710,송파구,1171010900,장지동,11,서울특별시,11680,강남구,1168010100,역삼동,08,15,69,1910.0,11,서울특별시,11710,송파구,1171010900,장지동
20260224,11,서울특별시,11710,송파구,1171010900,장지동,11,서울특별시,11680,강남구,1168010100,역삼동,08,30,60,2184.0,11,서울특별시,11710,송파구,1171010900,장지동
20260224,11,서울특별시,11710,송파구,1171010900,장지동,11,서울특별시,11680,강남구,1168010100,역삼동,08,45,64,1925.0,11,서울특별시,11710,송파구,1171010900,장지동
20260224,11,서울특별시,11710,송파구,1171010900,장지동,11,서울특별시,11680,강남구,1168010100,역삼동,09,00,69,2005.0,11,서울특별시,11710,송파구,1171010900,장지동
20260224,11,서울특별시,11710,송파구,1171010900,장지동,11,서울특별시,11680,강남구,1168010100,역삼동,09,15,59,1963.0,11,서울특별시,11710,송파구,1171010900,장지동
20260224,11,서울특별시,11710,송파구,1171010900,장지동,11,서울특별시,11680,강남구,1168010100,역삼동,09,30,29,2025.0,11,서울특별시,11710,송파구,1171010900,장지동
20260224,11,서울특별시,11710,송파구,1171010900,장지동,11,서울특별시,11680,강남구,1168010100,역삼동,09,45,28,2109.0,11,서울특별시,11710,송파구,1171010900,장지동
20260224,11,서울특별시,11710,송파구,1171010900,장지동,11,서울특별시,11680,강남구,1168010100,역삼동,10,00,13,2198.0,11,서울특별시,11710,송파구,1171010900,장지동
20260224,11,서울특별시,11710,송파구,1171010900,장지동,11,서울특별시,11680,강남구,1168010100,역삼동,10,15,22,1802.0,11,서울특별시,11710,송파구,1171010900,장지동
20260224,11,서울특별시,11710,송파구,1171010900,장지동,11,서울특별시,11680,강남구,1168010100,역삼동,10,30,12,2192.0,11,서울특별시,11710,송파구,1171010900,장지동
20260224,11,서울특별시,11710,송파구,1171010900,장지동,11,서울특별시,11680,강남구,1168010100,역삼동,10,45,11,2532.0,11,서울특별시,11710,송파구,1171010900,장지동
20260224,11,서울특별시,11710,송파구,1171010900,장지동,11,서울특별시,11680,강남구,1168010100,역삼동,11,00,5,2102.0,11,서울특별시,11710,송파구,1171010900,장지동
20260224,11,서울특별시,11710,송파구,1171010900,장지동,11,서울특별시,11680,강남구,1168010100,역삼동,11,15,13,1947.0,11,서울특별시,11710,송파구,1171010900,장지동
20260224,11,서울특별시,11710,송파구,1171010900,장지동,11,서울특별시,11680,강남구,1168010100,역삼동,11,30,9,1900.0,11,서울특별시,11710,송파구,1171010900,장지동
20260224,11,서울특별시,11710,송파구,1171010900,장지동,11,서울특별시,11680,강남구,1168010100,역삼동,11,45,9,2318.0,11,서울특별시,11710,송파구,1171010900,장지동
20260224,11,서울특별시,11710,송파구,1171011100,방이동,11,서울특별시,11680,강남구,1168010100,역삼동,07,00,108,1660.0,11,서울특별시,11710,송파구,1171011100,방이동
20260224,11,서울특별시,11710,송파구,1171011100,방이동,11,서울특별시,11680,강남구,1168010100,역삼동,07,15,130,1547.0,11,서울특별시,11710,송파구,1171011100,방이동
20260224,11,서울특별시,11710,송파구,1171011100,방이동,11,서울특별시,11680,강남구,1168010100,역삼동,07,30,157,1655.0,11,서울특별시,11710,송파구,1171011100,방이동
20260224,11,서울특별시,11710,송파구,1171011100,방이동,11,서울특별시,11680,강남구,1168010100,역삼동,07,45,211,1676.0,11,서울특별시,11710,송파구,1171011100,방이동
20260224,11,서울특별시,11710,송파구,1171011100,방이동,11,서울특별시,11680,강남구,1168010100,역삼동,08,00,250,1669.0,11,서울특별시,11710,송파구,1171011100,방이동
20260224,11,서울특별시,11710,송파구,1171011100,방이동,11,서울특별시,11680,강남구,1168010100,역삼동,08,15,260,1605.0,11,서울특별시,11710,송파구,1171011100,방이동
20260224,11,서울특별시,11710,송파구,1171011100,방이동,11,서울특별시,11680,강남구,1168010100,역삼동,08,30,170,1593.0,11,서울특별시,11710,송파구,1171011100,방이동
20260224,11,서울특별시,11710,송파구,1171011100,방이동,11,서울특별시,11680,강남구,1168010100,역삼동,08,45,201,1601.0,11,서울특별시,11710,송파구,1171011100,방이동
20260224,11,서울특별시,11710,송파구,1171011100,방이동,11,서울특별시,11680,강남구,1168010100,역삼동,09,00,213,1557.0,11,서울특별시,11710,송파구,1171011100,방이동
20260224,11,서울특별시,11710,송파구,1171011100,방이동,11,서울특별시,11680,강남구,1168010100,역삼동,09,15,189,1570.0,11,서울특별시,11710,송파구,1171011100,방이동
20260224,11,서울특별시,11710,송파구,1171011100,방이동,11,서울특별시,11680,강남구,1168010100,역삼동,09,30,101,1564.0,11,서울특별시,11710,송파구,1171011100,방이동
20260224,11,서울특별시,11710,송파구,1171011100,방이동,11,서울특별시,11680,강남구,1168010100,역삼동,09,45,66,1617.0,11,서울특별시,11710,송파구,1171011100,방이동
20260224,11,서울특별시,11710,송파구,1171011100,방이동,11,서울특별시,11680,강남구,1168010100,역삼동,10,00,66,1727.0,11,서울특별시,11710,송파구,1171011100,방이동
20260224,11,서울특별시,11710,송파구,1171011100,방이동,11,서울특별시,11680,강남구,1168010100,역삼동,10,15,47,1613.0,11,서울특별시,11710,송파구,1171011100,방이동
20260224,11,서울특별시,11710,송파구,1171011100,방이동,11,서울특별시,11680,강남구,1168010100,역삼동,10,30,43,1661.0,11,서울특별시,11710,송파구,1171011100,방이동
20260224,11,서울특별시,11710,송파구,1171011100,방이동,11,서울특별시,11680,강남구,1168010100,역삼동,10,45,26,1893.0,11,서울특별시,11710,송파구,1171011100,방이동
20260224,11,서울특별시,11710,송파구,1171011100,방이동,11,서울특별시,11680,강남구,1168010100,역삼동,11,00,33,1636.0,11,서울특별시,11710,송파구,1171011100,방이동
20260224,11,서울특별시,11710,송파구,1171011100,방이동,11,서울특별시,11680,강남구,1168010100,역삼동,11,15,44,1698.0,11,서울특별시,11710,송파구,1171011100,방이동
20260224,11,서울특별시,11710,송파구,1171011100,방이동,11,서울특별시,11680,강남구,1168010100,역삼동,11,30,31,1717.0,11,서울특별시,11710,송파구,1171011100,방이동
20260224,11,서울특별시,11710,송파구,1171011100,방이동,11,서울특별시,11680,강남구,1168010100,역삼동,11,45,22,1750.0,11,서울특별시,11710,송파구,1171011100,방이동
20260224,11,서울특별시,11710,송파구,1171011200,오금동,11,서울특별시,11680,강남구,1168010100,역삼동,07,00,31,2101.0,11,서울특별시,11710,송파구,1171011200,오금동
20260224,11,서울특별시,11710,송파구,1171011200,오금동,11,서울특별시,11680,강남구,1168010100,역삼동,07,15,31,2017.0,11,서울특별시,11710,송파구,1171011200,오금동
20260224,11,서울특별시,11710,송파구,1171011200,오금동,11,서울특별시,11680,강남구,1168010100,역삼동,07,30,39,2043.0,11,서울특별시,11710,송파구,1171011200,오금동
20260224,11,서울특별시,11710,송파구,1171011200,오금동,11,서울특별시,11680,강남구,1168010100,역삼동,07,45,50,2118.0,11,서울특별시,11710,송파구,1171011200,오금동
20260224,11,서울특별시,11710,송파구,1171011200,오금동,11,서울특별시,11680,강남구,1168010100,역삼동,08,00,70,2174.0,11,서울특별시,11710,송파구,1171011200,오금동
20260224,11,서울특별시,11710,송파구,1171011200,오금동,11,서울특별시,11680,강남구,1168010100,역삼동,08,15,52,2140.0,11,서울특별시,11710,송파구,1171011200,오금동
20260224,11,서울특별시,11710,송파구,1171011200,오금동,11,서울특별시,11680,강남구,1168010100,역삼동,08,30,35,2098.0,11,서울특별시,11710,송파구,1171011200,오금동
20260224,11,서울특별시,11710,송파구,1171011200,오금동,11,서울특별시,11680,강남구,1168010100,역삼동,08,45,55,2092.0,11,서울특별시,11710,송파구,1171011200,오금동
20260224,11,서울특별시,11710,송파구,1171011200,오금동,11,서울특별시,11680,강남구,1168010100,역삼동,09,00,37,2033.0,11,서울특별시,11710,송파구,1171011200,오금동
20260224,11,서울특별시,11710,송파구,1171011200,오금동,11,서울특별시,11680,강남구,1168010100,역삼동,09,15,26,2063.0,11,서울특별시,11710,송파구,1171011200,오금동
20260224,11,서울특별시,11710,송파구,1171011200,오금동,11,서울특별시,11680,강남구,1168010100,역삼동,09,30,16,1965.0,11,서울특별시,11710,송파구,1171011200,오금동
20260224,11,서울특별시,11710,송파구,1171011200,오금동,11,서울특별시,11680,강남구,1168010100,역삼동,09,45,14,2125.0,11,서울특별시,11710,송파구,1171011200,오금동
20260224,11,서울특별시,11710,송파구,1171011200,오금동,11,서울특별시,11680,강남구,1168010100,역삼동,10,00,12,2119.0,11,서울특별시,11710,송파구,1171011200,오금동
20260224,11,서울특별시,11710,송파구,1171011200,오금동,11,서울특별시,11680,강남구,1168010100,역삼동,10,15,16,2090.0,11,서울특별시,11710,송파구,1171011200,오금동
20260224,11,서울특별시,11710,송파구,1171011200,오금동,11,서울특별시,11680,강남구,1168010100,역삼동,10,30,9,2430.0,11,서울특별시,11710,송파구,1171011200,오금동
20260224,11,서울특별시,11710,송파구,1171011200,오금동,11,서울특별시,11680,강남구,1168010100,역삼동,10,45,8,1961.0,11,서울특별시,11710,송파구,1171011200,오금동
20260224,11,서울특별시,11710,송파구,1171011200,오금동,11,서울특별시,11680,강남구,1168010100,역삼동,11,00,5,2123.0,11,서울특별시,11710,송파구,1171011200,오금동
20260224,11,서울특별시,11710,송파구,1171011200,오금동,11,서울특별시,11680,강남구,1168010100,역삼동,11,15,11,2242.0,11,서울특별시,11710,송파구,1171011200,오금동
20260224,11,서울특별시,11710,송파구,1171011200,오금동,11,서울특별시,11680,강남구,1168010100,역삼동,11,30,4,2686.0,11,서울특별시,11710,송파구,1171011200,오금동
20260224,11,서울특별시,11710,송파구,1171011200,오금동,11,서울특별시,11680,강남구,1168010100,역삼동,11,45,3,2538.0,11,서울특별시,11710,송파구,1171011200,오금동
20260224,11,서울특별시,11710,송파구,1171011300,거여동,11,서울특별시,11680,강남구,1168010100,역삼동,07,00,22,2398.0,11,서울특별시,11710,송파구,1171011300,거여동
20260224,11,서울특별시,11710,송파구,1171011300,거여동,11,서울특별시,11680,강남구,1168010100,역삼동,07,15,25,2459.0,11,서울특별시,11710,송파구,1171011300,거여동
20260224,11,서울특별시,11710,송파구,1171011300,거여동,11,서울특별시,11680,강남구,1168010100,역삼동,07,30,49,2674.0,11,서울특별시,11710,송파구,1171011300,거여동
20260224,11,서울특별시,11710,송파구,1171011300,거여동,11,서울특별시,11680,강남구,1168010100,역삼동,07,45,32,2559.0,11,서울특별시,11710,송파구,1171011300,거여동
20260224,11,서울특별시,11710,송파구,1171011300,거여동,11,서울특별시,11680,강남구,1168010100,역삼동,08,00,53,2549.0,11,서울특별시,11710,송파구,1171011300,거여동
20260224,11,서울특별시,11710,송파구,1171011300,거여동,11,서울특별시,11680,강남구,1168010100,역삼동,08,15,52,2566.0,11,서울특별시,11710,송파구,1171011300,거여동
20260224,11,서울특별시,11710,송파구,1171011300,거여동,11,서울특별시,11680,강남구,1168010100,역삼동,08,30,30,2404.0,11,서울특별시,11710,송파구,1171011300,거여동
20260224,11,서울특별시,11710,송파구,1171011300,거여동,11,서울특별시,11680,강남구,1168010100,역삼동,08,45,40,2478.0,11,서울특별시,11710,송파구,1171011300,거여동
20260224,11,서울특별시,11710,송파구,1171011300,거여동,11,서울특별시,11680,강남구,1168010100,역삼동,09,00,34,2564.0,11,서울특별시,11710,송파구,1171011300,거여동
20260224,11,서울특별시,11710,송파구,1171011300,거여동,11,서울특별시,11680,강남구,1168010100,역삼동,09,15,18,2628.0,11,서울특별시,11710,송파구,1171011300,거여동
20260224,11,서울특별시,11710,송파구,1171011300,거여동,11,서울특별시,11680,강남구,1168010100,역삼동,09,30,15,2445.0,11,서울특별시,11710,송파구,1171011300,거여동
20260224,11,서울특별시,11710,송파구,1171011300,거여동,11,서울특별시,11680,강남구,1168010100,역삼동,09,45,14,2657.0,11,서울특별시,11710,송파구,1171011300,거여동
20260224,11,서울특별시,11710,송파구,1171011300,거여동,11,서울특별시,11680,강남구,1168010100,역삼동,10,00,8,2271.0,11,서울특별시,11710,송파구,1171011300,거여동
20260224,11,서울특별시,11710,송파구,1171011300,거여동,11,서울특별시,11680,강남구,1168010100,역삼동,10,15,6,2664.0,11,서울특별시,11710,송파구,1171011300,거여동
20260224,11,서울특별시,11710,송파구,1171011300,거여동,11,서울특별시,11680,강남구,1168010100,역삼동,10,30,8,2873.0,11,서울특별시,11710,송파구,1171011300,거여동
20260224,11,서울특별시,11710,송파구,1171011300,거여동,11,서울특별시,11680,강남구,1168010100,역삼동,10,45,11,2676.0,11,서울특별시,11710,송파구,1171011300,거여동
20260224,11,서울특별시,11710,송파구,1171011300,거여동,11,서울특별시,11680,강남구,1168010100,역삼동,11,00,5,2783.0,11,서울특별시,11710,송파구,1171011300,거여동
20260224,11,서울특별시,11710,송파구,1171011300,거여동,11,서울특별시,11680,강남구,1168010100,역삼동,11,15,7,2465.0,11,서울특별시,11710,송파구,1171011300,거여동
20260224,11,서울특별시,11710,송파구,1171011300,거여동,11,서울특별시,11680,강남구,1168010100,역삼동,11,30,5,2516.0,11,서울특별시,11710,송파구,1171011300,거여동
20260224,11,서울특별시,11710,송파구,1171011300,거여동,11,서울특별시,11680,강남구,1168010100,역삼동,11,45,3,2697.0,11,서울특별시,11710,송파구,1171011300,거여동
20260224,11,서울특별시,11710,송파구,1171011400,마천동,11,서울특별시,11680,강남구,1168010100,역삼동,07,00,22,2555.0,11,서울특별시,11710,송파구,1171011400,마천동
20260224,11,서울특별시,11710,송파구,1171011400,마천동,11,서울특별시,11680,강남구,1168010100,역삼동,07,15,34,2500.0,11,서울특별시,11710,송파구,1171011400,마천동
20260224,11,서울특별시,11710,송파구,1171011400,마천동,11,서울특별시,11680,강남구,1168010100,역삼동,07,30,39,2437.0,11,서울특별시,11710,송파구,1171011400,마천동
20260224,11,서울특별시,11710,송파구,1171011400,마천동,11,서울특별시,11680,강남구,1168010100,역삼동,07,45,39,2444.0,11,서울특별시,11710,송파구,1171011400,마천동
20260224,11,서울특별시,11710,송파구,1171011400,마천동,11,서울특별시,11680,강남구,1168010100,역삼동,08,00,36,2402.0,11,서울특별시,11710,송파구,1171011400,마천동
20260224,11,서울특별시,11710,송파구,1171011400,마천동,11,서울특별시,11680,강남구,1168010100,역삼동,08,15,27,2663.0,11,서울특별시,11710,송파구,1171011400,마천동
20260224,11,서울특별시,11710,송파구,1171011400,마천동,11,서울특별시,11680,강남구,1168010100,역삼동,08,30,24,2591.0,11,서울특별시,11710,송파구,1171011400,마천동
20260224,11,서울특별시,11710,송파구,1171011400,마천동,11,서울특별시,11680,강남구,1168010100,역삼동,08,45,28,2579.0,11,서울특별시,11710,송파구,1171011400,마천동
20260224,11,서울특별시,11710,송파구,1171011400,마천동,11,서울특별시,11680,강남구,1168010100,역삼동,09,00,30,2357.0,11,서울특별시,11710,송파구,1171011400,마천동
20260224,11,서울특별시,11710,송파구,1171011400,마천동,11,서울특별시,11680,강남구,1168010100,역삼동,09,15,14,2478.0,11,서울특별시,11710,송파구,1171011400,마천동
20260224,11,서울특별시,11710,송파구,1171011400,마천동,11,서울특별시,11680,강남구,1168010100,역삼동,09,30,8,2466.0,11,서울특별시,11710,송파구,1171011400,마천동
20260224,11,서울특별시,11710,송파구,1171011400,마천동,11,서울특별시,11680,강남구,1168010100,역삼동,09,45,8,2780.0,11,서울특별시,11710,송파구,1171011400,마천동
20260224,11,서울특별시,11710,송파구,1171011400,마천동,11,서울특별시,11680,강남구,1168010100,역삼동,10,00,3,2587.0,11,서울특별시,11710,송파구,1171011400,마천동
20260224,11,서울특별시,11710,송파구,1171011400,마천동,11,서울특별시,11680,강남구,1168010100,역삼동,10,15,4,3266.0,11,서울특별시,11710,송파구,1171011400,마천동
20260224,11,서울특별시,11710,송파구,1171011400,마천동,11,서울특별시,11680,강남구,1168010100,역삼동,10,30,1,4410.0,11,서울특별시,11710,송파구,1171011400,마천동
20260224,11,서울특별시,11710,송파구,1171011400,마천동,11,서울특별시,11680,강남구,1168010100,역삼동,10,45,2,2625.0,11,서울특별시,11710,송파구,1171011400,마천동
20260224,11,서울특별시,11710,송파구,1171011400,마천동,11,서울특별시,11680,강남구,1168010100,역삼동,11,00,4,2443.0,11,서울특별시,11710,송파구,1171011400,마천동
20260224,11,서울특별시,11710,송파구,1171011400,마천동,11,서울특별시,11680,강남구,1168010100,역삼동,11,15,2,2928.0,11,서울특별시,11710,송파구,1171011400,마천동
20260224,11,서울특별시,11710,송파구,1171011400,마천동,11,서울특별시,11680,강남구,1168010100,역삼동,11,30,5,2577.0,11,서울특별시,11710,송파구,1171011400,마천동
20260224,11,서울특별시,11710,송파구,1171011400,마천동,11,서울특별시,11680,강남구,1168010100,역삼동,11,45,4,2726.0,11,서울특별시,11710,송파구,1171011400,마천동
20260224,11,서울특별시,11740,강동구,1174010100,명일동,11,서울특별시,11680,강남구,1168010100,역삼동,07,00,28,2306.0,11,서울특별시,11740,강동구,1174010100,명일동
20260224,11,서울특별시,11740,강동구,1174010100,명일동,11,서울특별시,11680,강남구,1168010100,역삼동,07,15,44,2344.0,11,서울특별시,11740,강동구,1174010100,명일동
20260224,11,서울특별시,11740,강동구,1174010100,명일동,11,서울특별시,11680,강남구,1168010100,역삼동,07,30,35,2521.0,11,서울특별시,11740,강동구,1174010100,명일동
20260224,11,서울특별시,11740,강동구,1174010100,명일동,11,서울특별시,11680,강남구,1168010100,역삼동,07,45,69,2370.0,11,서울특별시,11740,강동구,1174010100,명일동
20260224,11,서울특별시,11740,강동구,1174010100,명일동,11,서울특별시,11680,강남구,1168010100,역삼동,08,00,52,2399.0,11,서울특별시,11740,강동구,1174010100,명일동
20260224,11,서울특별시,11740,강동구,1174010100,명일동,11,서울특별시,11680,강남구,1168010100,역삼동,08,15,43,2426.0,11,서울특별시,11740,강동구,1174010100,명일동
20260224,11,서울특별시,11740,강동구,1174010100,명일동,11,서울특별시,11680,강남구,1168010100,역삼동,08,30,27,2362.0,11,서울특별시,11740,강동구,1174010100,명일동
20260224,11,서울특별시,11740,강동구,1174010100,명일동,11,서울특별시,11680,강남구,1168010100,역삼동,08,45,29,2324.0,11,서울특별시,11740,강동구,1174010100,명일동
20260224,11,서울특별시,11740,강동구,1174010100,명일동,11,서울특별시,11680,강남구,1168010100,역삼동,09,00,29,2295.0,11,서울특별시,11740,강동구,1174010100,명일동
20260224,11,서울특별시,11740,강동구,1174010100,명일동,11,서울특별시,11680,강남구,1168010100,역삼동,09,15,28,2424.0,11,서울특별시,11740,강동구,1174010100,명일동
20260224,11,서울특별시,11740,강동구,1174010100,명일동,11,서울특별시,11680,강남구,1168010100,역삼동,09,30,15,2607.0,11,서울특별시,11740,강동구,1174010100,명일동
20260224,11,서울특별시,11740,강동구,1174010100,명일동,11,서울특별시,11680,강남구,1168010100,역삼동,09,45,15,2330.0,11,서울특별시,11740,강동구,1174010100,명일동
20260224,11,서울특별시,11740,강동구,1174010100,명일동,11,서울특별시,11680,강남구,1168010100,역삼동,10,00,15,2185.0,11,서울특별시,11740,강동구,1174010100,명일동
20260224,11,서울특별시,11740,강동구,1174010100,명일동,11,서울특별시,11680,강남구,1168010100,역삼동,10,15,7,2517.0,11,서울특별시,11740,강동구,1174010100,명일동
20260224,11,서울특별시,11740,강동구,1174010100,명일동,11,서울특별시,11680,강남구,1168010100,역삼동,10,30,6,2563.0,11,서울특별시,11740,강동구,1174010100,명일동
20260224,11,서울특별시,11740,강동구,1174010100,명일동,11,서울특별시,11680,강남구,1168010100,역삼동,10,45,5,2424.0,11,서울특별시,11740,강동구,1174010100,명일동
20260224,11,서울특별시,11740,강동구,1174010100,명일동,11,서울특별시,11680,강남구,1168010100,역삼동,11,00,11,2507.0,11,서울특별시,11740,강동구,1174010100,명일동
20260224,11,서울특별시,11740,강동구,1174010100,명일동,11,서울특별시,11680,강남구,1168010100,역삼동,11,15,2,2910.0,11,서울특별시,11740,강동구,1174010100,명일동
20260224,11,서울특별시,11740,강동구,1174010100,명일동,11,서울특별시,11680,강남구,1168010100,역삼동,11,30,8,2241.0,11,서울특별시,11740,강동구,1174010100,명일동
20260224,11,서울특별시,11740,강동구,1174010100,명일동,11,서울특별시,11680,강남구,1168010100,역삼동,11,45,7,2284.0,11,서울특별시,11740,강동구,1174010100,명일동
20260224,11,서울특별시,11740,강동구,1174010200,고덕동,11,서울특별시,11680,강남구,1168010100,역삼동,07,00,24,2738.0,11,서울특별시,11740,강동구,1174010200,고덕동
20260224,11,서울특별시,11740,강동구,1174010200,고덕동,11,서울특별시,11680,강남구,1168010100,역삼동,07,15,23,2783.0,11,서울특별시,11740,강동구,1174010200,고덕동
20260224,11,서울특별시,11740,강동구,1174010200,고덕동,11,서울특별시,11680,강남구,1168010100,역삼동,07,30,40,2550.0,11,서울특별시,11740,강동구,1174010200,고덕동
20260224,11,서울특별시,11740,강동구,1174010200,고덕동,11,서울특별시,11680,강남구,1168010100,역삼동,07,45,31,2797.0,11,서울특별시,11740,강동구,1174010200,고덕동
20260224,11,서울특별시,11740,강동구,1174010200,고덕동,11,서울특별시,11680,강남구,1168010100,역삼동,08,00,34,2706.0,11,서울특별시,11740,강동구,1174010200,고덕동
20260224,11,서울특별시,11740,강동구,1174010200,고덕동,11,서울특별시,11680,강남구,1168010100,역삼동,08,15,15,2667.0,11,서울특별시,11740,강동구,1174010200,고덕동
20260224,11,서울특별시,11740,강동구,1174010200,고덕동,11,서울특별시,11680,강남구,1168010100,역삼동,08,30,28,2556.0,11,서울특별시,11740,강동구,1174010200,고덕동
20260224,11,서울특별시,11740,강동구,1174010200,고덕동,11,서울특별시,11680,강남구,1168010100,역삼동,08,45,29,2675.0,11,서울특별시,11740,강동구,1174010200,고덕동
20260224,11,서울특별시,11740,강동구,1174010200,고덕동,11,서울특별시,11680,강남구,1168010100,역삼동,09,00,24,2834.0,11,서울특별시,11740,강동구,1174010200,고덕동
20260224,11,서울특별시,11740,강동구,1174010200,고덕동,11,서울특별시,11680,강남구,1168010100,역삼동,09,15,9,3002.0,11,서울특별시,11740,강동구,1174010200,고덕동
20260224,11,서울특별시,11740,강동구,1174010200,고덕동,11,서울특별시,11680,강남구,1168010100,역삼동,09,30,11,2863.0,11,서울특별시,11740,강동구,1174010200,고덕동
20260224,11,서울특별시,11740,강동구,1174010200,고덕동,11,서울특별시,11680,강남구,1168010100,역삼동,09,45,11,2535.0,11,서울특별시,11740,강동구,1174010200,고덕동
20260224,11,서울특별시,11740,강동구,1174010200,고덕동,11,서울특별시,11680,강남구,1168010100,역삼동,10,00,11,2437.0,11,서울특별시,11740,강동구,1174010200,고덕동
20260224,11,서울특별시,11740,강동구,1174010200,고덕동,11,서울특별시,11680,강남구,1168010100,역삼동,10,15,8,2818.0,11,서울특별시,11740,강동구,1174010200,고덕동
20260224,11,서울특별시,11740,강동구,1174010200,고덕동,11,서울특별시,11680,강남구,1168010100,역삼동,10,30,7,2623.0,11,서울특별시,11740,강동구,1174010200,고덕동
20260224,11,서울특별시,11740,강동구,1174010200,고덕동,11,서울특별시,11680,강남구,1168010100,역삼동,10,45,3,2790.0,11,서울특별시,11740,강동구,1174010200,고덕동
20260224,11,서울특별시,11740,강동구,1174010200,고덕동,11,서울특별시,11680,강남구,1168010100,역삼동,11,00,4,2421.0,11,서울특별시,11740,강동구,1174010200,고덕동
20260224,11,서울특별시,11740,강동구,1174010200,고덕동,11,서울특별시,11680,강남구,1168010100,역삼동,11,15,4,3194.0,11,서울특별시,11740,강동구,1174010200,고덕동
20260224,11,서울특별시,11740,강동구,1174010200,고덕동,11,서울특별시,11680,강남구,1168010100,역삼동,11,30,3,2584.0,11,서울특별시,11740,강동구,1174010200,고덕동
20260224,11,서울특별시,11740,강동구,1174010200,고덕동,11,서울특별시,11680,강남구,1168010100,역삼동,11,45,4,2797.0,11,서울특별시,11740,강동구,1174010200,고덕동
20260224,11,서울특별시,11740,강동구,1174010300,상일동,11,서울특별시,11680,강남구,1168010100,역삼동,07,00,43,2778.0,11,서울특별시,11740,강동구,1174010300,상일동
20260224,11,서울특별시,11740,강동구,1174010300,상일동,11,서울특별시,11680,강남구,1168010100,역삼동,07,15,65,2786.0,11,서울특별시,11740,강동구,1174010300,상일동
20260224,11,서울특별시,11740,강동구,1174010300,상일동,11,서울특별시,11680,강남구,1168010100,역삼동,07,30,79,2851.0,11,서울특별시,11740,강동구,1174010300,상일동
20260224,11,서울특별시,11740,강동구,1174010300,상일동,11,서울특별시,11680,강남구,1168010100,역삼동,07,45,71,2855.0,11,서울특별시,11740,강동구,1174010300,상일동
20260224,11,서울특별시,11740,강동구,1174010300,상일동,11,서울특별시,11680,강남구,1168010100,역삼동,08,00,54,2828.0,11,서울특별시,11740,강동구,1174010300,상일동
20260224,11,서울특별시,11740,강동구,1174010300,상일동,11,서울특별시,11680,강남구,1168010100,역삼동,08,15,38,2715.0,11,서울특별시,11740,강동구,1174010300,상일동
20260224,11,서울특별시,11740,강동구,1174010300,상일동,11,서울특별시,11680,강남구,1168010100,역삼동,08,30,40,2621.0,11,서울특별시,11740,강동구,1174010300,상일동
20260224,11,서울특별시,11740,강동구,1174010300,상일동,11,서울특별시,11680,강남구,1168010100,역삼동,08,45,30,2619.0,11,서울특별시,11740,강동구,1174010300,상일동
20260224,11,서울특별시,11740,강동구,1174010300,상일동,11,서울특별시,11680,강남구,1168010100,역삼동,09,00,42,2687.0,11,서울특별시,11740,강동구,1174010300,상일동
20260224,11,서울특별시,11740,강동구,1174010300,상일동,11,서울특별시,11680,강남구,1168010100,역삼동,09,15,18,2706.0,11,서울특별시,11740,강동구,1174010300,상일동
20260224,11,서울특별시,11740,강동구,1174010300,상일동,11,서울특별시,11680,강남구,1168010100,역삼동,09,30,23,2654.0,11,서울특별시,11740,강동구,1174010300,상일동
20260224,11,서울특별시,11740,강동구,1174010300,상일동,11,서울특별시,11680,강남구,1168010100,역삼동,09,45,4,2699.0,11,서울특별시,11740,강동구,1174010300,상일동
20260224,11,서울특별시,11740,강동구,1174010300,상일동,11,서울특별시,11680,강남구,1168010100,역삼동,10,00,11,2484.0,11,서울특별시,11740,강동구,1174010300,상일동
20260224,11,서울특별시,11740,강동구,1174010300,상일동,11,서울특별시,11680,강남구,1168010100,역삼동,10,15,11,2914.0,11,서울특별시,11740,강동구,1174010300,상일동
20260224,11,서울특별시,11740,강동구,1174010300,상일동,11,서울특별시,11680,강남구,1168010100,역삼동,10,30,5,3555.0,11,서울특별시,11740,강동구,1174010300,상일동
20260224,11,서울특별시,11740,강동구,1174010300,상일동,11,서울특별시,11680,강남구,1168010100,역삼동,10,45,5,2373.0,11,서울특별시,11740,강동구,1174010300,상일동
20260224,11,서울특별시,11740,강동구,1174010300,상일동,11,서울특별시,11680,강남구,1168010100,역삼동,11,00,5,2674.0,11,서울특별시,11740,강동구,1174010300,상일동
20260224,11,서울특별시,11740,강동구,1174010300,상일동,11,서울특별시,11680,강남구,1168010100,역삼동,11,15,6,3203.0,11,서울특별시,11740,강동구,1174010300,상일동
20260224,11,서울특별시,11740,강동구,1174010300,상일동,11,서울특별시,11680,강남구,1168010100,역삼동,11,30,6,2395.0,11,서울특별시,11740,강동구,1174010300,상일동
20260224,11,서울특별시,11740,강동구,1174010300,상일동,11,서울특별시,11680,강남구,1168010100,역삼동,11,45,4,2879.0,11,서울특별시,11740,강동구,1174010300,상일동
20260224,11,서울특별시,11740,강동구,1174010500,길동,11,서울특별시,11680,강남구,1168010100,역삼동,07,00,19,2317.0,11,서울특별시,11740,강동구,1174010500,길동
20260224,11,서울특별시,11740,강동구,1174010500,길동,11,서울특별시,11680,강남구,1168010100,역삼동,07,15,34,2303.0,11,서울특별시,11740,강동구,1174010500,길동
20260224,11,서울특별시,11740,강동구,1174010500,길동,11,서울특별시,11680,강남구,1168010100,역삼동,07,30,48,2287.0,11,서울특별시,11740,강동구,1174010500,길동
20260224,11,서울특별시,11740,강동구,1174010500,길동,11,서울특별시,11680,강남구,1168010100,역삼동,07,45,36,2201.0,11,서울특별시,11740,강동구,1174010500,길동
20260224,11,서울특별시,11740,강동구,1174010500,길동,11,서울특별시,11680,강남구,1168010100,역삼동,08,00,51,2371.0,11,서울특별시,11740,강동구,1174010500,길동
20260224,11,서울특별시,11740,강동구,1174010500,길동,11,서울특별시,11680,강남구,1168010100,역삼동,08,15,28,2435.0,11,서울특별시,11740,강동구,1174010500,길동
20260224,11,서울특별시,11740,강동구,1174010500,길동,11,서울특별시,11680,강남구,1168010100,역삼동,08,30,40,2359.0,11,서울특별시,11740,강동구,1174010500,길동
20260224,11,서울특별시,11740,강동구,1174010500,길동,11,서울특별시,11680,강남구,1168010100,역삼동,08,45,33,2280.0,11,서울특별시,11740,강동구,1174010500,길동
20260224,11,서울특별시,11740,강동구,1174010500,길동,11,서울특별시,11680,강남구,1168010100,역삼동,09,00,28,2058.0,11,서울특별시,11740,강동구,1174010500,길동
20260224,11,서울특별시,11740,강동구,1174010500,길동,11,서울특별시,11680,강남구,1168010100,역삼동,09,15,35,2376.0,11,서울특별시,11740,강동구,1174010500,길동
20260224,11,서울특별시,11740,강동구,1174010500,길동,11,서울특별시,11680,강남구,1168010100,역삼동,09,30,10,1913.0,11,서울특별시,11740,강동구,1174010500,길동
20260224,11,서울특별시,11740,강동구,1174010500,길동,11,서울특별시,11680,강남구,1168010100,역삼동,09,45,15,2353.0,11,서울특별시,11740,강동구,1174010500,길동
20260224,11,서울특별시,11740,강동구,1174010500,길동,11,서울특별시,11680,강남구,1168010100,역삼동,10,00,14,2019.0,11,서울특별시,11740,강동구,1174010500,길동
20260224,11,서울특별시,11740,강동구,1174010500,길동,11,서울특별시,11680,강남구,1168010100,역삼동,10,15,9,2225.0,11,서울특별시,11740,강동구,1174010500,길동
20260224,11,서울특별시,11740,강동구,1174010500,길동,11,서울특별시,11680,강남구,1168010100,역삼동,10,30,5,2675.0,11,서울특별시,11740,강동구,1174010500,길동
20260224,11,서울특별시,11740,강동구,1174010500,길동,11,서울특별시,11680,강남구,1168010100,역삼동,10,45,5,2151.0,11,서울특별시,11740,강동구,1174010500,길동
20260224,11,서울특별시,11740,강동구,1174010500,길동,11,서울특별시,11680,강남구,1168010100,역삼동,11,00,6,2315.0,11,서울특별시,11740,강동구,1174010500,길동
20260224,11,서울특별시,11740,강동구,1174010500,길동,11,서울특별시,11680,강남구,1168010100,역삼동,11,15,3,2492.0,11,서울특별시,11740,강동구,1174010500,길동
20260224,11,서울특별시,11740,강동구,1174010500,길동,11,서울특별시,11680,강남구,1168010100,역삼동,11,30,3,2539.0,11,서울특별시,11740,강동구,1174010500,길동
20260224,11,서울특별시,11740,강동구,1174010500,길동,11,서울특별시,11680,강남구,1168010100,역삼동,11,45,3,2012.0,11,서울특별시,11740,강동구,1174010500,길동
20260224,11,서울특별시,11740,강동구,1174010600,둔촌동,11,서울특별시,11680,강남구,1168010100,역삼동,07,00,53,2025.0,11,서울특별시,11740,강동구,1174010600,둔촌동
20260224,11,서울특별시,11740,강동구,1174010600,둔촌동,11,서울특별시,11680,강남구,1168010100,역삼동,07,15,52,1946.0,11,서울특별시,11740,강동구,1174010600,둔촌동
20260224,11,서울특별시,11740,강동구,1174010600,둔촌동,11,서울특별시,11680,강남구,1168010100,역삼동,07,30,63,1991.0,11,서울특별시,11740,강동구,1174010600,둔촌동
20260224,11,서울특별시,11740,강동구,1174010600,둔촌동,11,서울특별시,11680,강남구,1168010100,역삼동,07,45,68,2071.0,11,서울특별시,11740,강동구,1174010600,둔촌동
20260224,11,서울특별시,11740,강동구,1174010600,둔촌동,11,서울특별시,11680,강남구,1168010100,역삼동,08,00,93,1967.0,11,서울특별시,11740,강동구,1174010600,둔촌동
20260224,11,서울특별시,11740,강동구,1174010600,둔촌동,11,서울특별시,11680,강남구,1168010100,역삼동,08,15,94,1847.0,11,서울특별시,11740,강동구,1174010600,둔촌동
20260224,11,서울특별시,11740,강동구,1174010600,둔촌동,11,서울특별시,11680,강남구,1168010100,역삼동,08,30,53,1954.0,11,서울특별시,11740,강동구,1174010600,둔촌동
20260224,11,서울특별시,11740,강동구,1174010600,둔촌동,11,서울특별시,11680,강남구,1168010100,역삼동,08,45,84,1786.0,11,서울특별시,11740,강동구,1174010600,둔촌동
20260224,11,서울특별시,11740,강동구,1174010600,둔촌동,11,서울특별시,11680,강남구,1168010100,역삼동,09,00,69,1863.0,11,서울특별시,11740,강동구,1174010600,둔촌동
20260224,11,서울특별시,11740,강동구,1174010600,둔촌동,11,서울특별시,11680,강남구,1168010100,역삼동,09,15,71,1842.0,11,서울특별시,11740,강동구,1174010600,둔촌동
20260224,11,서울특별시,11740,강동구,1174010600,둔촌동,11,서울특별시,11680,강남구,1168010100,역삼동,09,30,46,1886.0,11,서울특별시,11740,강동구,1174010600,둔촌동
20260224,11,서울특별시,11740,강동구,1174010600,둔촌동,11,서울특별시,11680,강남구,1168010100,역삼동,09,45,31,1952.0,11,서울특별시,11740,강동구,1174010600,둔촌동
20260224,11,서울특별시,11740,강동구,1174010600,둔촌동,11,서울특별시,11680,강남구,1168010100,역삼동,10,00,21,1920.0,11,서울특별시,11740,강동구,1174010600,둔촌동
20260224,11,서울특별시,11740,강동구,1174010600,둔촌동,11,서울특별시,11680,강남구,1168010100,역삼동,10,15,29,1959.0,11,서울특별시,11740,강동구,1174010600,둔촌동
20260224,11,서울특별시,11740,강동구,1174010600,둔촌동,11,서울특별시,11680,강남구,1168010100,역삼동,10,30,14,2088.0,11,서울특별시,11740,강동구,1174010600,둔촌동
20260224,11,서울특별시,11740,강동구,1174010600,둔촌동,11,서울특별시,11680,강남구,1168010100,역삼동,10,45,16,2064.0,11,서울특별시,11740,강동구,1174010600,둔촌동
20260224,11,서울특별시,11740,강동구,1174010600,둔촌동,11,서울특별시,11680,강남구,1168010100,역삼동,11,00,17,1999.0,11,서울특별시,11740,강동구,1174010600,둔촌동
20260224,11,서울특별시,11740,강동구,1174010600,둔촌동,11,서울특별시,11680,강남구,1168010100,역삼동,11,15,14,1997.0,11,서울특별시,11740,강동구,1174010600,둔촌동
20260224,11,서울특별시,11740,강동구,1174010600,둔촌동,11,서울특별시,11680,강남구,1168010100,역삼동,11,30,11,2227.0,11,서울특별시,11740,강동구,1174010600,둔촌동
20260224,11,서울특별시,11740,강동구,1174010600,둔촌동,11,서울특별시,11680,강남구,1168010100,역삼동,11,45,15,1983.0,11,서울특별시,11740,강동구,1174010600,둔촌동
20260224,11,서울특별시,11740,강동구,1174010700,암사동,11,서울특별시,11680,강남구,1168010100,역삼동,07,00,83,1919.0,11,서울특별시,11740,강동구,1174010700,암사동
20260224,11,서울특별시,11740,강동구,1174010700,암사동,11,서울특별시,11680,강남구,1168010100,역삼동,07,15,96,1848.0,11,서울특별시,11740,강동구,1174010700,암사동
20260224,11,서울특별시,11740,강동구,1174010700,암사동,11,서울특별시,11680,강남구,1168010100,역삼동,07,30,143,1934.0,11,서울특별시,11740,강동구,1174010700,암사동
20260224,11,서울특별시,11740,강동구,1174010700,암사동,11,서울특별시,11680,강남구,1168010100,역삼동,07,45,152,1917.0,11,서울특별시,11740,강동구,1174010700,암사동
20260224,11,서울특별시,11740,강동구,1174010700,암사동,11,서울특별시,11680,강남구,1168010100,역삼동,08,00,198,1954.0,11,서울특별시,11740,강동구,1174010700,암사동
20260224,11,서울특별시,11740,강동구,1174010700,암사동,11,서울특별시,11680,강남구,1168010100,역삼동,08,15,148,1891.0,11,서울특별시,11740,강동구,1174010700,암사동
20260224,11,서울특별시,11740,강동구,1174010700,암사동,11,서울특별시,11680,강남구,1168010100,역삼동,08,30,111,1902.0,11,서울특별시,11740,강동구,1174010700,암사동
20260224,11,서울특별시,11740,강동구,1174010700,암사동,11,서울특별시,11680,강남구,1168010100,역삼동,08,45,137,1905.0,11,서울특별시,11740,강동구,1174010700,암사동
20260224,11,서울특별시,11740,강동구,1174010700,암사동,11,서울특별시,11680,강남구,1168010100,역삼동,09,00,112,1840.0,11,서울특별시,11740,강동구,1174010700,암사동
20260224,11,서울특별시,11740,강동구,1174010700,암사동,11,서울특별시,11680,강남구,1168010100,역삼동,09,15,93,1944.0,11,서울특별시,11740,강동구,1174010700,암사동
20260224,11,서울특별시,11740,강동구,1174010700,암사동,11,서울특별시,11680,강남구,1168010100,역삼동,09,30,51,1938.0,11,서울특별시,11740,강동구,1174010700,암사동
20260224,11,서울특별시,11740,강동구,1174010700,암사동,11,서울특별시,11680,강남구,1168010100,역삼동,09,45,36,1954.0,11,서울특별시,11740,강동구,1174010700,암사동
20260224,11,서울특별시,11740,강동구,1174010700,암사동,11,서울특별시,11680,강남구,1168010100,역삼동,10,00,30,1783.0,11,서울특별시,11740,강동구,1174010700,암사동
20260224,11,서울특별시,11740,강동구,1174010700,암사동,11,서울특별시,11680,강남구,1168010100,역삼동,10,15,23,1847.0,11,서울특별시,11740,강동구,1174010700,암사동
20260224,11,서울특별시,11740,강동구,1174010700,암사동,11,서울특별시,11680,강남구,1168010100,역삼동,10,30,15,1893.0,11,서울특별시,11740,강동구,1174010700,암사동
20260224,11,서울특별시,11740,강동구,1174010700,암사동,11,서울특별시,11680,강남구,1168010100,역삼동,10,45,22,2006.0,11,서울특별시,11740,강동구,1174010700,암사동
20260224,11,서울특별시,11740,강동구,1174010700,암사동,11,서울특별시,11680,강남구,1168010100,역삼동,11,00,21,1857.0,11,서울특별시,11740,강동구,1174010700,암사동
20260224,11,서울특별시,11740,강동구,1174010700,암사동,11,서울특별시,11680,강남구,1168010100,역삼동,11,15,17,1983.0,11,서울특별시,11740,강동구,1174010700,암사동
20260224,11,서울특별시,11740,강동구,1174010700,암사동,11,서울특별시,11680,강남구,1168010100,역삼동,11,30,6,1902.0,11,서울특별시,11740,강동구,1174010700,암사동
20260224,11,서울특별시,11740,강동구,1174010700,암사동,11,서울특별시,11680,강남구,1168010100,역삼동,11,45,17,2057.0,11,서울특별시,11740,강동구,1174010700,암사동
20260224,11,서울특별시,11740,강동구,1174010800,성내동,11,서울특별시,11680,강남구,1168010100,역삼동,07,00,61,1835.0,11,서울특별시,11740,강동구,1174010800,성내동
20260224,11,서울특별시,11740,강동구,1174010800,성내동,11,서울특별시,11680,강남구,1168010100,역삼동,07,15,75,1771.0,11,서울특별시,11740,강동구,1174010800,성내동
20260224,11,서울특별시,11740,강동구,1174010800,성내동,11,서울특별시,11680,강남구,1168010100,역삼동,07,30,95,1852.0,11,서울특별시,11740,강동구,1174010800,성내동
20260224,11,서울특별시,11740,강동구,1174010800,성내동,11,서울특별시,11680,강남구,1168010100,역삼동,07,45,118,1900.0,11,서울특별시,11740,강동구,1174010800,성내동
20260224,11,서울특별시,11740,강동구,1174010800,성내동,11,서울특별시,11680,강남구,1168010100,역삼동,08,00,142,1819.0,11,서울특별시,11740,강동구,1174010800,성내동
20260224,11,서울특별시,11740,강동구,1174010800,성내동,11,서울특별시,11680,강남구,1168010100,역삼동,08,15,124,1790.0,11,서울특별시,11740,강동구,1174010800,성내동
20260224,11,서울특별시,11740,강동구,1174010800,성내동,11,서울특별시,11680,강남구,1168010100,역삼동,08,30,80,1826.0,11,서울특별시,11740,강동구,1174010800,성내동
20260224,11,서울특별시,11740,강동구,1174010800,성내동,11,서울특별시,11680,강남구,1168010100,역삼동,08,45,90,1805.0,11,서울특별시,11740,강동구,1174010800,성내동
20260224,11,서울특별시,11740,강동구,1174010800,성내동,11,서울특별시,11680,강남구,1168010100,역삼동,09,00,74,1759.0,11,서울특별시,11740,강동구,1174010800,성내동
20260224,11,서울특별시,11740,강동구,1174010800,성내동,11,서울특별시,11680,강남구,1168010100,역삼동,09,15,89,1794.0,11,서울특별시,11740,강동구,1174010800,성내동
20260224,11,서울특별시,11740,강동구,1174010800,성내동,11,서울특별시,11680,강남구,1168010100,역삼동,09,30,44,1667.0,11,서울특별시,11740,강동구,1174010800,성내동
20260224,11,서울특별시,11740,강동구,1174010800,성내동,11,서울특별시,11680,강남구,1168010100,역삼동,09,45,31,1816.0,11,서울특별시,11740,강동구,1174010800,성내동
20260224,11,서울특별시,11740,강동구,1174010800,성내동,11,서울특별시,11680,강남구,1168010100,역삼동,10,00,31,1782.0,11,서울특별시,11740,강동구,1174010800,성내동
20260224,11,서울특별시,11740,강동구,1174010800,성내동,11,서울특별시,11680,강남구,1168010100,역삼동,10,15,30,1614.0,11,서울특별시,11740,강동구,1174010800,성내동
20260224,11,서울특별시,11740,강동구,1174010800,성내동,11,서울특별시,11680,강남구,1168010100,역삼동,10,30,13,1756.0,11,서울특별시,11740,강동구,1174010800,성내동
20260224,11,서울특별시,11740,강동구,1174010800,성내동,11,서울특별시,11680,강남구,1168010100,역삼동,10,45,12,1785.0,11,서울특별시,11740,강동구,1174010800,성내동
20260224,11,서울특별시,11740,강동구,1174010800,성내동,11,서울특별시,11680,강남구,1168010100,역삼동,11,00,16,1748.0,11,서울특별시,11740,강동구,1174010800,성내동
20260224,11,서울특별시,11740,강동구,1174010800,성내동,11,서울특별시,11680,강남구,1168010100,역삼동,11,15,22,1900.0,11,서울특별시,11740,강동구,1174010800,성내동
20260224,11,서울특별시,11740,강동구,1174010800,성내동,11,서울특별시,11680,강남구,1168010100,역삼동,11,30,9,1772.0,11,서울특별시,11740,강동구,1174010800,성내동
20260224,11,서울특별시,11740,강동구,1174010800,성내동,11,서울특별시,11680,강남구,1168010100,역삼동,11,45,12,1823.0,11,서울특별시,11740,강동구,1174010800,성내동
20260224,11,서울특별시,11740,강동구,1174010900,천호동,11,서울특별시,11680,강남구,1168010100,역삼동,07,00,11,1965.0,11,서울특별시,11740,강동구,1174010900,천호동
20260224,11,서울특별시,11740,강동구,1174010900,천호동,11,서울특별시,11680,강남구,1168010100,역삼동,07,15,11,2197.0,11,서울특별시,11740,강동구,1174010900,천호동
20260224,11,서울특별시,11740,강동구,1174010900,천호동,11,서울특별시,11680,강남구,1168010100,역삼동,07,30,12,2487.0,11,서울특별시,11740,강동구,1174010900,천호동
20260224,11,서울특별시,11740,강동구,1174010900,천호동,11,서울특별시,11680,강남구,1168010100,역삼동,07,45,13,2312.0,11,서울특별시,11740,강동구,1174010900,천호동
20260224,11,서울특별시,11740,강동구,1174010900,천호동,11,서울특별시,11680,강남구,1168010100,역삼동,08,00,15,1990.0,11,서울특별시,11740,강동구,1174010900,천호동
20260224,11,서울특별시,11740,강동구,1174010900,천호동,11,서울특별시,11680,강남구,1168010100,역삼동,08,15,14,2252.0,11,서울특별시,11740,강동구,1174010900,천호동
20260224,11,서울특별시,11740,강동구,1174010900,천호동,11,서울특별시,11680,강남구,1168010100,역삼동,08,30,19,2196.0,11,서울특별시,11740,강동구,1174010900,천호동
20260224,11,서울특별시,11740,강동구,1174010900,천호동,11,서울특별시,11680,강남구,1168010100,역삼동,08,45,6,2261.0,11,서울특별시,11740,강동구,1174010900,천호동
20260224,11,서울특별시,11740,강동구,1174010900,천호동,11,서울특별시,11680,강남구,1168010100,역삼동,09,00,9,2069.0,11,서울특별시,11740,강동구,1174010900,천호동
20260224,11,서울특별시,11740,강동구,1174010900,천호동,11,서울특별시,11680,강남구,1168010100,역삼동,09,15,11,2126.0,11,서울특별시,11740,강동구,1174010900,천호동
20260224,11,서울특별시,11740,강동구,1174010900,천호동,11,서울특별시,11680,강남구,1168010100,역삼동,09,30,4,1912.0,11,서울특별시,11740,강동구,1174010900,천호동
20260224,11,서울특별시,11740,강동구,1174010900,천호동,11,서울특별시,11680,강남구,1168010100,역삼동,09,45,8,2185.0,11,서울특별시,11740,강동구,1174010900,천호동
20260224,11,서울특별시,11740,강동구,1174010900,천호동,11,서울특별시,11680,강남구,1168010100,역삼동,10,00,2,1807.0,11,서울특별시,11740,강동구,1174010900,천호동
20260224,11,서울특별시,11740,강동구,1174010900,천호동,11,서울특별시,11680,강남구,1168010100,역삼동,10,15,1,2123.0,11,서울특별시,11740,강동구,1174010900,천호동
20260224,11,서울특별시,11740,강동구,1174010900,천호동,11,서울특별시,11680,강남구,1168010100,역삼동,10,30,2,1814.0,11,서울특별시,11740,강동구,1174010900,천호동
20260224,11,서울특별시,11740,강동구,1174010900,천호동,11,서울특별시,11680,강남구,1168010100,역삼동,10,45,4,2300.0,11,서울특별시,11740,강동구,1174010900,천호동
20260224,11,서울특별시,11740,강동구,1174010900,천호동,11,서울특별시,11680,강남구,1168010100,역삼동,11,00,4,1937.0,11,서울특별시,11740,강동구,1174010900,천호동
20260224,11,서울특별시,11740,강동구,1174010900,천호동,11,서울특별시,11680,강남구,1168010100,역삼동,11,15,3,2296.0,11,서울특별시,11740,강동구,1174010900,천호동
20260224,11,서울특별시,11740,강동구,1174010900,천호동,11,서울특별시,11680,강남구,1168010100,역삼동,11,30,2,2765.0,11,서울특별시,11740,강동구,1174010900,천호동
20260224,11,서울특별시,11740,강동구,1174011000,강일동,11,서울특별시,11680,강남구,1168010100,역삼동,07,00,31,3318.0,11,서울특별시,11740,강동구,1174011000,강일동
20260224,11,서울특별시,11740,강동구,1174011000,강일동,11,서울특별시,11680,강남구,1168010100,역삼동,07,15,32,3066.0,11,서울특별시,11740,강동구,1174011000,강일동
20260224,11,서울특별시,11740,강동구,1174011000,강일동,11,서울특별시,11680,강남구,1168010100,역삼동,07,30,30,3117.0,11,서울특별시,11740,강동구,1174011000,강일동
20260224,11,서울특별시,11740,강동구,1174011000,강일동,11,서울특별시,11680,강남구,1168010100,역삼동,07,45,48,3018.0,11,서울특별시,11740,강동구,1174011000,강일동
20260224,11,서울특별시,11740,강동구,1174011000,강일동,11,서울특별시,11680,강남구,1168010100,역삼동,08,00,22,3227.0,11,서울특별시,11740,강동구,1174011000,강일동
20260224,11,서울특별시,11740,강동구,1174011000,강일동,11,서울특별시,11680,강남구,1168010100,역삼동,08,15,23,3265.0,11,서울특별시,11740,강동구,1174011000,강일동
20260224,11,서울특별시,11740,강동구,1174011000,강일동,11,서울특별시,11680,강남구,1168010100,역삼동,08,30,29,3121.0,11,서울특별시,11740,강동구,1174011000,강일동
20260224,11,서울특별시,11740,강동구,1174011000,강일동,11,서울특별시,11680,강남구,1168010100,역삼동,08,45,18,3075.0,11,서울특별시,11740,강동구,1174011000,강일동
20260224,11,서울특별시,11740,강동구,1174011000,강일동,11,서울특별시,11680,강남구,1168010100,역삼동,09,00,15,3006.0,11,서울특별시,11740,강동구,1174011000,강일동
20260224,11,서울특별시,11740,강동구,1174011000,강일동,11,서울특별시,11680,강남구,1168010100,역삼동,09,15,9,3353.0,11,서울특별시,11740,강동구,1174011000,강일동
20260224,11,서울특별시,11740,강동구,1174011000,강일동,11,서울특별시,11680,강남구,1168010100,역삼동,09,30,11,3112.0,11,서울특별시,11740,강동구,1174011000,강일동
20260224,11,서울특별시,11740,강동구,1174011000,강일동,11,서울특별시,11680,강남구,1168010100,역삼동,09,45,7,3039.0,11,서울특별시,11740,강동구,1174011000,강일동
20260224,11,서울특별시,11740,강동구,1174011000,강일동,11,서울특별시,11680,강남구,1168010100,역삼동,10,00,8,2975.0,11,서울특별시,11740,강동구,1174011000,강일동
20260224,11,서울특별시,11740,강동구,1174011000,강일동,11,서울특별시,11680,강남구,1168010100,역삼동,10,15,7,3033.0,11,서울특별시,11740,강동구,1174011000,강일동
20260224,11,서울특별시,11740,강동구,1174011000,강일동,11,서울특별시,11680,강남구,1168010100,역삼동,10,30,4,3055.0,11,서울특별시,11740,강동구,1174011000,강일동
20260224,11,서울특별시,11740,강동구,1174011000,강일동,11,서울특별시,11680,강남구,1168010100,역삼동,10,45,2,3215.0,11,서울특별시,11740,강동구,1174011000,강일동
20260224,11,서울특별시,11740,강동구,1174011000,강일동,11,서울특별시,11680,강남구,1168010100,역삼동,11,00,4,2615.0,11,서울특별시,11740,강동구,1174011000,강일동
20260224,11,서울특별시,11740,강동구,1174011000,강일동,11,서울특별시,11680,강남구,1168010100,역삼동,11,15,2,2942.0,11,서울특별시,11740,강동구,1174011000,강일동
20260224,11,서울특별시,11740,강동구,1174011000,강일동,11,서울특별시,11680,강남구,1168010100,역삼동,11,30,3,3332.0,11,서울특별시,11740,강동구,1174011000,강일동
20260224,11,서울특별시,11740,강동구,1174011000,강일동,11,서울특별시,11680,강남구,1168010100,역삼동,11,45,4,3267.0,11,서울특별시,11740,강동구,1174011000,강일동
