opratDate,stgSdCd,stgSdNm,stgSggCd,stgSggNm,stgEmdCd,stgEmdNm,arrSdCd,arrSdNm,arrSggCd,arrSggNm,arrEmdCd,arrEmdNm,tzon,quater,useStf,useTm,origin_sdCd,origin_sdNm,origin_sggCd,origin_sggNm,origin_emdCd,origin_emdNm
20260224,11,서울특별시,11110,종로구,1111010100,청운동,11,서울특별시,11200,성동구,1120011500,성수동2가,10,45,1,2168.0,11,서울특별시,11110,종로구,1111010100,청운동
20260224,11,서울특별시,11110,종로구,1111010400,효자동,11,서울특별시,11200,성동구,1120011500,성수동2가,07,15,1,2266.0,11,서울특별시,11110,종로구,1111010400,효자동
20260224,11,서울특별시,11110,종로구,1111010400,효자동,11,서울특별시,11200,성동구,1120011500,성수동2가,08,00,2,2035.0,11,서울특별시,11110,종로구,1111010400,효자동
20260224,11,서울특별시,11110,종로구,1111010400,효자동,11,서울특별시,11200,성동구,1120011500,성수동2가,08,45,1,2208.0,11,서울특별시,11110,종로구,1111010400,효자동
20260224,11,서울특별시,11110,종로구,1111010400,효자동,11,서울특별시,11200,성동구,1120011500,성수동2가,11,30,1,1845.0,11,서울특별시,11110,종로구,1111010400,효자동
20260224,11,서울특별시,11110,종로구,1111010700,적선동,11,서울특별시,11200,성동구,1120011500,성수동2가,07,45,1,1683.0,11,서울특별시,11110,종로구,1111010700,적선동
20260224,11,서울특별시,11110,종로구,1111010700,적선동,11,서울특별시,11200,성동구,1120011500,성수동2가,08,00,4,1772.0,11,서울특별시,11110,종로구,1111010700,적선동
20260224,11,서울특별시,11110,종로구,1111010700,적선동,11,서울특별시,11200,성동구,1120011500,성수동2가,08,15,1,1621.0,11,서울특별시,11110,종로구,1111010700,적선동
20260224,11,서울특별시,11110,종로구,1111010700,적선동,11,서울특별시,11200,성동구,1120011500,성수동2가,08,30,2,1761.0,11,서울특별시,11110,종로구,1111010700,적선동
20260224,11,서울특별시,11110,종로구,1111010700,적선동,11,서울특별시,11200,성동구,1120011500,성수동2가,08,45,1,1568.0,11,서울특별시,11110,종로구,1111010700,적선동
20260224,11,서울특별시,11110,종로구,1111010700,적선동,11,서울특별시,11200,성동구,1120011500,성수동2가,09,00,1,1676.0,11,서울특별시,11110,종로구,1111010700,적선동
20260224,11,서울특별시,11110,종로구,1111010700,적선동,11,서울특별시,11200,성동구,1120011500,성수동2가,09,15,2,1890.0,11,서울특별시,11110,종로구,1111010700,적선동
20260224,11,서울특별시,11110,종로구,1111010700,적선동,11,서울특별시,11200,성동구,1120011500,성수동2가,09,30,3,1699.0,11,서울특별시,11110,종로구,1111010700,적선동
20260224,11,서울특별시,11110,종로구,1111010700,적선동,11,서울특별시,11200,성동구,1120011500,성수동2가,10,00,6,2373.0,11,서울특별시,11110,종로구,1111010700,적선동
20260224,11,서울특별시,11110,종로구,1111010700,적선동,11,서울특별시,11200,성동구,1120011500,성수동2가,10,15,9,2224.0,11,서울특별시,11110,종로구,1111010700,적선동
20260224,11,서울특별시,11110,종로구,1111010700,적선동,11,서울특별시,11200,성동구,1120011500,성수동2가,10,30,1,1700.0,11,서울특별시,11110,종로구,1111010700,적선동
20260224,11,서울특별시,11110,종로구,1111010700,적선동,11,서울특별시,11200,성동구,1120011500,성수동2가,10,45,2,1969.0,11,서울특별시,11110,종로구,1111010700,적선동
20260224,11,서울특별시,11110,종로구,1111010700,적선동,11,서울특별시,11200,성동구,1120011500,성수동2가,11,00,4,2075.0,11,서울특별시,11110,종로구,1111010700,적선동
20260224,11,서울특별시,11110,종로구,1111010700,적선동,11,서울특별시,11200,성동구,1120011500,성수동2가,11,30,4,1984.0,11,서울특별시,11110,종로구,1111010700,적선동
20260224,11,서울특별시,11110,종로구,1111010700,적선동,11,서울특별시,11200,성동구,1120011500,성수동2가,11,45,1,1683.0,11,서울특별시,11110,종로구,1111010700,적선동
20260224,11,서울특별시,11110,종로구,1111010800,통인동,11,서울특별시,11200,성동구,1120011500,성수동2가,09,00,1,1705.0,11,서울특별시,11110,종로구,1111010800,통인동
20260224,11,서울특별시,11110,종로구,1111010800,통인동,11,서울특별시,11200,성동구,1120011500,성수동2가,10,45,2,1831.0,11,서울특별시,11110,종로구,1111010800,통인동
20260224,11,서울특별시,11110,종로구,1111010900,누상동,11,서울특별시,11200,성동구,1120011500,성수동2가,07,15,1,2128.0,11,서울특별시,11110,종로구,1111010900,누상동
20260224,11,서울특별시,11110,종로구,1111010900,누상동,11,서울특별시,11200,성동구,1120011500,성수동2가,07,45,1,2400.0,11,서울특별시,11110,종로구,1111010900,누상동
20260224,11,서울특별시,11110,종로구,1111010900,누상동,11,서울특별시,11200,성동구,1120011500,성수동2가,08,00,1,2304.0,11,서울특별시,11110,종로구,1111010900,누상동
20260224,11,서울특별시,11110,종로구,1111011000,누하동,11,서울특별시,11200,성동구,1120011500,성수동2가,08,00,1,1865.0,11,서울특별시,11110,종로구,1111011000,누하동
20260224,11,서울특별시,11110,종로구,1111011100,옥인동,11,서울특별시,11200,성동구,1120011500,성수동2가,07,45,1,2514.0,11,서울특별시,11110,종로구,1111011100,옥인동
20260224,11,서울특별시,11110,종로구,1111011500,사직동,11,서울특별시,11200,성동구,1120011500,성수동2가,07,30,1,2135.0,11,서울특별시,11110,종로구,1111011500,사직동
20260224,11,서울특별시,11110,종로구,1111011500,사직동,11,서울특별시,11200,성동구,1120011500,성수동2가,08,30,1,1686.0,11,서울특별시,11110,종로구,1111011500,사직동
20260224,11,서울특별시,11110,종로구,1111011900,세종로,11,서울특별시,11200,성동구,1120011500,성수동2가,08,30,1,2125.0,11,서울특별시,11110,종로구,1111011900,세종로
20260224,11,서울특별시,11110,종로구,1111011900,세종로,11,서울특별시,11200,성동구,1120011500,성수동2가,09,30,5,2236.0,11,서울특별시,11110,종로구,1111011900,세종로
20260224,11,서울특별시,11110,종로구,1111011900,세종로,11,서울특별시,11200,성동구,1120011500,성수동2가,09,45,3,1557.0,11,서울특별시,11110,종로구,1111011900,세종로
20260224,11,서울특별시,11110,종로구,1111011900,세종로,11,서울특별시,11200,성동구,1120011500,성수동2가,10,00,1,2014.0,11,서울특별시,11110,종로구,1111011900,세종로
20260224,11,서울특별시,11110,종로구,1111011900,세종로,11,서울특별시,11200,성동구,1120011500,성수동2가,10,45,3,1735.0,11,서울특별시,11110,종로구,1111011900,세종로
20260224,11,서울특별시,11110,종로구,1111012100,신문로2가,11,서울특별시,11200,성동구,1120011500,성수동2가,08,00,1,1709.0,11,서울특별시,11110,종로구,1111012100,신문로2가
20260224,11,서울특별시,11110,종로구,1111013400,경운동,11,서울특별시,11200,성동구,1120011500,성수동2가,07,15,1,1350.0,11,서울특별시,11110,종로구,1111013400,경운동
20260224,11,서울특별시,11110,종로구,1111013400,경운동,11,서울특별시,11200,성동구,1120011500,성수동2가,07,45,1,1632.0,11,서울특별시,11110,종로구,1111013400,경운동
20260224,11,서울특별시,11110,종로구,1111013400,경운동,11,서울특별시,11200,성동구,1120011500,성수동2가,08,15,2,1578.0,11,서울특별시,11110,종로구,1111013400,경운동
20260224,11,서울특별시,11110,종로구,1111013400,경운동,11,서울특별시,11200,성동구,1120011500,성수동2가,08,30,3,1607.0,11,서울특별시,11110,종로구,1111013400,경운동
20260224,11,서울특별시,11110,종로구,1111013400,경운동,11,서울특별시,11200,성동구,1120011500,성수동2가,09,00,7,1677.0,11,서울특별시,11110,종로구,1111013400,경운동
20260224,11,서울특별시,11110,종로구,1111013400,경운동,11,서울특별시,11200,성동구,1120011500,성수동2가,09,15,2,1584.0,11,서울특별시,11110,종로구,1111013400,경운동
20260224,11,서울특별시,11110,종로구,1111013400,경운동,11,서울특별시,11200,성동구,1120011500,성수동2가,09,30,15,1590.0,11,서울특별시,11110,종로구,1111013400,경운동
20260224,11,서울특별시,11110,종로구,1111013400,경운동,11,서울특별시,11200,성동구,1120011500,성수동2가,09,45,4,2080.0,11,서울특별시,11110,종로구,1111013400,경운동
20260224,11,서울특별시,11110,종로구,1111013400,경운동,11,서울특별시,11200,성동구,1120011500,성수동2가,10,15,2,1501.0,11,서울특별시,11110,종로구,1111013400,경운동
20260224,11,서울특별시,11110,종로구,1111013400,경운동,11,서울특별시,11200,성동구,1120011500,성수동2가,10,30,17,1752.0,11,서울특별시,11110,종로구,1111013400,경운동
20260224,11,서울특별시,11110,종로구,1111013400,경운동,11,서울특별시,11200,성동구,1120011500,성수동2가,10,45,12,1951.0,11,서울특별시,11110,종로구,1111013400,경운동
20260224,11,서울특별시,11110,종로구,1111013400,경운동,11,서울특별시,11200,성동구,1120011500,성수동2가,11,00,22,1990.0,11,서울특별시,11110,종로구,1111013400,경운동
20260224,11,서울특별시,11110,종로구,1111013400,경운동,11,서울특별시,11200,성동구,1120011500,성수동2가,11,15,12,1897.0,11,서울특별시,11110,종로구,1111013400,경운동
20260224,11,서울특별시,11110,종로구,1111013400,경운동,11,서울특별시,11200,성동구,1120011500,성수동2가,11,30,15,2032.0,11,서울특별시,11110,종로구,1111013400,경운동
20260224,11,서울특별시,11110,종로구,1111013400,경운동,11,서울특별시,11200,성동구,1120011500,성수동2가,11,45,10,1880.0,11,서울특별시,11110,종로구,1111013400,경운동
20260224,11,서울특별시,11110,종로구,1111013500,관철동,11,서울특별시,11200,성동구,1120011500,성수동2가,09,00,2,1997.0,11,서울특별시,11110,종로구,1111013500,관철동
20260224,11,서울특별시,11110,종로구,1111013500,관철동,11,서울특별시,11200,성동구,1120011500,성수동2가,10,15,5,1868.0,11,서울특별시,11110,종로구,1111013500,관철동
20260224,11,서울특별시,11110,종로구,1111013500,관철동,11,서울특별시,11200,성동구,1120011500,성수동2가,10,30,2,4046.0,11,서울특별시,11110,종로구,1111013500,관철동
20260224,11,서울특별시,11110,종로구,1111013500,관철동,11,서울특별시,11200,성동구,1120011500,성수동2가,10,45,5,2035.0,11,서울특별시,11110,종로구,1111013500,관철동
20260224,11,서울특별시,11110,종로구,1111013500,관철동,11,서울특별시,11200,성동구,1120011500,성수동2가,11,00,2,1930.0,11,서울특별시,11110,종로구,1111013500,관철동
20260224,11,서울특별시,11110,종로구,1111013500,관철동,11,서울특별시,11200,성동구,1120011500,성수동2가,11,15,2,2444.0,11,서울특별시,11110,종로구,1111013500,관철동
20260224,11,서울특별시,11110,종로구,1111013500,관철동,11,서울특별시,11200,성동구,1120011500,성수동2가,11,30,3,1967.0,11,서울특별시,11110,종로구,1111013500,관철동
20260224,11,서울특별시,11110,종로구,1111013800,종로2가,11,서울특별시,11200,성동구,1120011500,성수동2가,11,00,1,4929.0,11,서울특별시,11110,종로구,1111013800,종로2가
20260224,11,서울특별시,11110,종로구,1111013900,팔판동,11,서울특별시,11200,성동구,1120011500,성수동2가,09,00,1,1956.0,11,서울특별시,11110,종로구,1111013900,팔판동
20260224,11,서울특별시,11110,종로구,1111013900,팔판동,11,서울특별시,11200,성동구,1120011500,성수동2가,11,00,2,2444.0,11,서울특별시,11110,종로구,1111013900,팔판동
20260224,11,서울특별시,11110,종로구,1111014000,삼청동,11,서울특별시,11200,성동구,1120011500,성수동2가,07,45,1,2026.0,11,서울특별시,11110,종로구,1111014000,삼청동
20260224,11,서울특별시,11110,종로구,1111014000,삼청동,11,서울특별시,11200,성동구,1120011500,성수동2가,09,00,1,2171.0,11,서울특별시,11110,종로구,1111014000,삼청동
20260224,11,서울특별시,11110,종로구,1111014600,가회동,11,서울특별시,11200,성동구,1120011500,성수동2가,09,15,1,1760.0,11,서울특별시,11110,종로구,1111014600,가회동
20260224,11,서울특별시,11110,종로구,1111014900,원서동,11,서울특별시,11200,성동구,1120011500,성수동2가,07,45,1,1872.0,11,서울특별시,11110,종로구,1111014900,원서동
20260224,11,서울특별시,11110,종로구,1111015100,묘동,11,서울특별시,11200,성동구,1120011500,성수동2가,09,00,2,2324.0,11,서울특별시,11110,종로구,1111015100,묘동
20260224,11,서울특별시,11110,종로구,1111015100,묘동,11,서울특별시,11200,성동구,1120011500,성수동2가,10,00,1,1453.0,11,서울특별시,11110,종로구,1111015100,묘동
20260224,11,서울특별시,11110,종로구,1111015100,묘동,11,서울특별시,11200,성동구,1120011500,성수동2가,10,30,2,1931.0,11,서울특별시,11110,종로구,1111015100,묘동
20260224,11,서울특별시,11110,종로구,1111015100,묘동,11,서울특별시,11200,성동구,1120011500,성수동2가,10,45,1,1340.0,11,서울특별시,11110,종로구,1111015100,묘동
20260224,11,서울특별시,11110,종로구,1111015100,묘동,11,서울특별시,11200,성동구,1120011500,성수동2가,11,30,2,2201.0,11,서울특별시,11110,종로구,1111015100,묘동
20260224,11,서울특별시,11110,종로구,1111015100,묘동,11,서울특별시,11200,성동구,1120011500,성수동2가,11,45,3,1588.0,11,서울특별시,11110,종로구,1111015100,묘동
20260224,11,서울특별시,11110,종로구,1111015300,돈의동,11,서울특별시,11200,성동구,1120011500,성수동2가,08,00,2,1543.0,11,서울특별시,11110,종로구,1111015300,돈의동
20260224,11,서울특별시,11110,종로구,1111015300,돈의동,11,서울특별시,11200,성동구,1120011500,성수동2가,08,15,3,1900.0,11,서울특별시,11110,종로구,1111015300,돈의동
20260224,11,서울특별시,11110,종로구,1111015300,돈의동,11,서울특별시,11200,성동구,1120011500,성수동2가,09,00,2,1549.0,11,서울특별시,11110,종로구,1111015300,돈의동
20260224,11,서울특별시,11110,종로구,1111015300,돈의동,11,서울특별시,11200,성동구,1120011500,성수동2가,09,30,6,1652.0,11,서울특별시,11110,종로구,1111015300,돈의동
20260224,11,서울특별시,11110,종로구,1111015300,돈의동,11,서울특별시,11200,성동구,1120011500,성수동2가,09,45,4,1633.0,11,서울특별시,11110,종로구,1111015300,돈의동
20260224,11,서울특별시,11110,종로구,1111015300,돈의동,11,서울특별시,11200,성동구,1120011500,성수동2가,10,00,6,2175.0,11,서울특별시,11110,종로구,1111015300,돈의동
20260224,11,서울특별시,11110,종로구,1111015300,돈의동,11,서울특별시,11200,성동구,1120011500,성수동2가,10,15,3,2104.0,11,서울특별시,11110,종로구,1111015300,돈의동
20260224,11,서울특별시,11110,종로구,1111015300,돈의동,11,서울특별시,11200,성동구,1120011500,성수동2가,10,30,2,1775.0,11,서울특별시,11110,종로구,1111015300,돈의동
20260224,11,서울특별시,11110,종로구,1111015300,돈의동,11,서울특별시,11200,성동구,1120011500,성수동2가,10,45,2,1863.0,11,서울특별시,11110,종로구,1111015300,돈의동
20260224,11,서울특별시,11110,종로구,1111015300,돈의동,11,서울특별시,11200,성동구,1120011500,성수동2가,11,00,1,1800.0,11,서울특별시,11110,종로구,1111015300,돈의동
20260224,11,서울특별시,11110,종로구,1111015300,돈의동,11,서울특별시,11200,성동구,1120011500,성수동2가,11,15,9,2095.0,11,서울특별시,11110,종로구,1111015300,돈의동
20260224,11,서울특별시,11110,종로구,1111015300,돈의동,11,서울특별시,11200,성동구,1120011500,성수동2가,11,30,6,1870.0,11,서울특별시,11110,종로구,1111015300,돈의동
20260224,11,서울특별시,11110,종로구,1111015300,돈의동,11,서울특별시,11200,성동구,1120011500,성수동2가,11,45,4,2163.0,11,서울특별시,11110,종로구,1111015300,돈의동
20260224,11,서울특별시,11110,종로구,1111015600,종로3가,11,서울특별시,11200,성동구,1120011500,성수동2가,09,00,2,1620.0,11,서울특별시,11110,종로구,1111015600,종로3가
20260224,11,서울특별시,11110,종로구,1111015600,종로3가,11,서울특별시,11200,성동구,1120011500,성수동2가,09,15,1,2554.0,11,서울특별시,11110,종로구,1111015600,종로3가
20260224,11,서울특별시,11110,종로구,1111015600,종로3가,11,서울특별시,11200,성동구,1120011500,성수동2가,09,30,5,1923.0,11,서울특별시,11110,종로구,1111015600,종로3가
20260224,11,서울특별시,11110,종로구,1111015600,종로3가,11,서울특별시,11200,성동구,1120011500,성수동2가,09,45,2,1567.0,11,서울특별시,11110,종로구,1111015600,종로3가
20260224,11,서울특별시,11110,종로구,1111015600,종로3가,11,서울특별시,11200,성동구,1120011500,성수동2가,11,00,1,2118.0,11,서울특별시,11110,종로구,1111015600,종로3가
20260224,11,서울특별시,11110,종로구,1111015600,종로3가,11,서울특별시,11200,성동구,1120011500,성수동2가,11,15,11,2112.0,11,서울특별시,11110,종로구,1111015600,종로3가
20260224,11,서울특별시,11110,종로구,1111015600,종로3가,11,서울특별시,11200,성동구,1120011500,성수동2가,11,30,4,2153.0,11,서울특별시,11110,종로구,1111015600,종로3가
20260224,11,서울특별시,11110,종로구,1111015900,원남동,11,서울특별시,11200,성동구,1120011500,성수동2가,08,30,2,1287.0,11,서울특별시,11110,종로구,1111015900,원남동
20260224,11,서울특별시,11110,종로구,1111015900,원남동,11,서울특별시,11200,성동구,1120011500,성수동2가,08,45,7,1380.0,11,서울특별시,11110,종로구,1111015900,원남동
20260224,11,서울특별시,11110,종로구,1111016000,연지동,11,서울특별시,11200,성동구,1120011500,성수동2가,09,45,3,1729.0,11,서울특별시,11110,종로구,1111016000,연지동
20260224,11,서울특별시,11110,종로구,1111016000,연지동,11,서울특별시,11200,성동구,1120011500,성수동2가,10,00,3,2021.0,11,서울특별시,11110,종로구,1111016000,연지동
20260224,11,서울특별시,11110,종로구,1111016300,종로5가,11,서울특별시,11200,성동구,1120011500,성수동2가,07,00,2,1591.0,11,서울특별시,11110,종로구,1111016300,종로5가
20260224,11,서울특별시,11110,종로구,1111016300,종로5가,11,서울특별시,11200,성동구,1120011500,성수동2가,07,15,1,1910.0,11,서울특별시,11110,종로구,1111016300,종로5가
20260224,11,서울특별시,11110,종로구,1111016300,종로5가,11,서울특별시,11200,성동구,1120011500,성수동2가,07,30,1,1542.0,11,서울특별시,11110,종로구,1111016300,종로5가
20260224,11,서울특별시,11110,종로구,1111016300,종로5가,11,서울특별시,11200,성동구,1120011500,성수동2가,08,00,1,1543.0,11,서울특별시,11110,종로구,1111016300,종로5가
20260224,11,서울특별시,11110,종로구,1111016300,종로5가,11,서울특별시,11200,성동구,1120011500,성수동2가,09,45,6,1942.0,11,서울특별시,11110,종로구,1111016300,종로5가
20260224,11,서울특별시,11110,종로구,1111016300,종로5가,11,서울특별시,11200,성동구,1120011500,성수동2가,10,00,5,2155.0,11,서울특별시,11110,종로구,1111016300,종로5가
20260224,11,서울특별시,11110,종로구,1111016300,종로5가,11,서울특별시,11200,성동구,1120011500,성수동2가,10,15,4,2274.0,11,서울특별시,11110,종로구,1111016300,종로5가
20260224,11,서울특별시,11110,종로구,1111016300,종로5가,11,서울특별시,11200,성동구,1120011500,성수동2가,10,45,6,2672.0,11,서울특별시,11110,종로구,1111016300,종로5가
20260224,11,서울특별시,11110,종로구,1111016300,종로5가,11,서울특별시,11200,성동구,1120011500,성수동2가,11,00,8,1885.0,11,서울특별시,11110,종로구,1111016300,종로5가
20260224,11,서울특별시,11110,종로구,1111016300,종로5가,11,서울특별시,11200,성동구,1120011500,성수동2가,11,15,11,2207.0,11,서울특별시,11110,종로구,1111016300,종로5가
20260224,11,서울특별시,11110,종로구,1111016300,종로5가,11,서울특별시,11200,성동구,1120011500,성수동2가,11,30,4,2070.0,11,서울특별시,11110,종로구,1111016300,종로5가
20260224,11,서울특별시,11110,종로구,1111016300,종로5가,11,서울특별시,11200,성동구,1120011500,성수동2가,11,45,9,1989.0,11,서울특별시,11110,종로구,1111016300,종로5가
20260224,11,서울특별시,11110,종로구,1111016400,종로6가,11,서울특별시,11200,성동구,1120011500,성수동2가,08,45,4,1542.0,11,서울특별시,11110,종로구,1111016400,종로6가
20260224,11,서울특별시,11110,종로구,1111016400,종로6가,11,서울특별시,11200,성동구,1120011500,성수동2가,09,00,3,1608.0,11,서울특별시,11110,종로구,1111016400,종로6가
20260224,11,서울특별시,11110,종로구,1111016400,종로6가,11,서울특별시,11200,성동구,1120011500,성수동2가,09,15,2,1310.0,11,서울특별시,11110,종로구,1111016400,종로6가
20260224,11,서울특별시,11110,종로구,1111016400,종로6가,11,서울특별시,11200,성동구,1120011500,성수동2가,09,45,5,1341.0,11,서울특별시,11110,종로구,1111016400,종로6가
20260224,11,서울특별시,11110,종로구,1111016400,종로6가,11,서울특별시,11200,성동구,1120011500,성수동2가,10,00,2,1480.0,11,서울특별시,11110,종로구,1111016400,종로6가
20260224,11,서울특별시,11110,종로구,1111016400,종로6가,11,서울특별시,11200,성동구,1120011500,성수동2가,10,15,1,1621.0,11,서울특별시,11110,종로구,1111016400,종로6가
20260224,11,서울특별시,11110,종로구,1111016400,종로6가,11,서울특별시,11200,성동구,1120011500,성수동2가,10,30,2,1878.0,11,서울특별시,11110,종로구,1111016400,종로6가
20260224,11,서울특별시,11110,종로구,1111016400,종로6가,11,서울특별시,11200,성동구,1120011500,성수동2가,10,45,7,1549.0,11,서울특별시,11110,종로구,1111016400,종로6가
20260224,11,서울특별시,11110,종로구,1111016400,종로6가,11,서울특별시,11200,성동구,1120011500,성수동2가,11,00,7,1541.0,11,서울특별시,11110,종로구,1111016400,종로6가
20260224,11,서울특별시,11110,종로구,1111016400,종로6가,11,서울특별시,11200,성동구,1120011500,성수동2가,11,15,9,2012.0,11,서울특별시,11110,종로구,1111016400,종로6가
20260224,11,서울특별시,11110,종로구,1111016400,종로6가,11,서울특별시,11200,성동구,1120011500,성수동2가,11,30,3,1653.0,11,서울특별시,11110,종로구,1111016400,종로6가
20260224,11,서울특별시,11110,종로구,1111016400,종로6가,11,서울특별시,11200,성동구,1120011500,성수동2가,11,45,6,2249.0,11,서울특별시,11110,종로구,1111016400,종로6가
20260224,11,서울특별시,11110,종로구,1111016500,이화동,11,서울특별시,11200,성동구,1120011500,성수동2가,07,30,1,1876.0,11,서울특별시,11110,종로구,1111016500,이화동
20260224,11,서울특별시,11110,종로구,1111016500,이화동,11,서울특별시,11200,성동구,1120011500,성수동2가,09,45,3,1323.0,11,서울특별시,11110,종로구,1111016500,이화동
20260224,11,서울특별시,11110,종로구,1111016500,이화동,11,서울특별시,11200,성동구,1120011500,성수동2가,10,30,2,1486.0,11,서울특별시,11110,종로구,1111016500,이화동
20260224,11,서울특별시,11110,종로구,1111016600,연건동,11,서울특별시,11200,성동구,1120011500,성수동2가,09,00,1,2516.0,11,서울특별시,11110,종로구,1111016600,연건동
20260224,11,서울특별시,11110,종로구,1111016700,충신동,11,서울특별시,11200,성동구,1120011500,성수동2가,08,00,1,1052.0,11,서울특별시,11110,종로구,1111016700,충신동
20260224,11,서울특별시,11110,종로구,1111016700,충신동,11,서울특별시,11200,성동구,1120011500,성수동2가,08,15,1,1070.0,11,서울특별시,11110,종로구,1111016700,충신동
20260224,11,서울특별시,11110,종로구,1111016700,충신동,11,서울특별시,11200,성동구,1120011500,성수동2가,09,15,1,981.0,11,서울특별시,11110,종로구,1111016700,충신동
20260224,11,서울특별시,11110,종로구,1111016700,충신동,11,서울특별시,11200,성동구,1120011500,성수동2가,09,45,1,1000.0,11,서울특별시,11110,종로구,1111016700,충신동
20260224,11,서울특별시,11110,종로구,1111016800,동숭동,11,서울특별시,11200,성동구,1120011500,성수동2가,07,00,3,1338.0,11,서울특별시,11110,종로구,1111016800,동숭동
20260224,11,서울특별시,11110,종로구,1111016800,동숭동,11,서울특별시,11200,성동구,1120011500,성수동2가,07,15,2,1439.0,11,서울특별시,11110,종로구,1111016800,동숭동
20260224,11,서울특별시,11110,종로구,1111016800,동숭동,11,서울특별시,11200,성동구,1120011500,성수동2가,07,30,2,1413.0,11,서울특별시,11110,종로구,1111016800,동숭동
20260224,11,서울특별시,11110,종로구,1111016800,동숭동,11,서울특별시,11200,성동구,1120011500,성수동2가,07,45,2,1362.0,11,서울특별시,11110,종로구,1111016800,동숭동
20260224,11,서울특별시,11110,종로구,1111016800,동숭동,11,서울특별시,11200,성동구,1120011500,성수동2가,08,00,3,1480.0,11,서울특별시,11110,종로구,1111016800,동숭동
20260224,11,서울특별시,11110,종로구,1111016800,동숭동,11,서울특별시,11200,성동구,1120011500,성수동2가,08,15,5,1428.0,11,서울특별시,11110,종로구,1111016800,동숭동
20260224,11,서울특별시,11110,종로구,1111016800,동숭동,11,서울특별시,11200,성동구,1120011500,성수동2가,08,30,3,1291.0,11,서울특별시,11110,종로구,1111016800,동숭동
20260224,11,서울특별시,11110,종로구,1111016800,동숭동,11,서울특별시,11200,성동구,1120011500,성수동2가,08,45,1,1115.0,11,서울특별시,11110,종로구,1111016800,동숭동
20260224,11,서울특별시,11110,종로구,1111016800,동숭동,11,서울특별시,11200,성동구,1120011500,성수동2가,09,00,2,1336.0,11,서울특별시,11110,종로구,1111016800,동숭동
20260224,11,서울특별시,11110,종로구,1111016800,동숭동,11,서울특별시,11200,성동구,1120011500,성수동2가,09,15,2,1362.0,11,서울특별시,11110,종로구,1111016800,동숭동
20260224,11,서울특별시,11110,종로구,1111016800,동숭동,11,서울특별시,11200,성동구,1120011500,성수동2가,09,30,4,1551.0,11,서울특별시,11110,종로구,1111016800,동숭동
20260224,11,서울특별시,11110,종로구,1111016800,동숭동,11,서울특별시,11200,성동구,1120011500,성수동2가,09,45,1,1668.0,11,서울특별시,11110,종로구,1111016800,동숭동
20260224,11,서울특별시,11110,종로구,1111016800,동숭동,11,서울특별시,11200,성동구,1120011500,성수동2가,10,15,3,1530.0,11,서울특별시,11110,종로구,1111016800,동숭동
20260224,11,서울특별시,11110,종로구,1111016800,동숭동,11,서울특별시,11200,성동구,1120011500,성수동2가,10,30,4,1536.0,11,서울특별시,11110,종로구,1111016800,동숭동
20260224,11,서울특별시,11110,종로구,1111016800,동숭동,11,서울특별시,11200,성동구,1120011500,성수동2가,10,45,2,1405.0,11,서울특별시,11110,종로구,1111016800,동숭동
20260224,11,서울특별시,11110,종로구,1111016800,동숭동,11,서울특별시,11200,성동구,1120011500,성수동2가,11,00,3,1340.0,11,서울특별시,11110,종로구,1111016800,동숭동
20260224,11,서울특별시,11110,종로구,1111016800,동숭동,11,서울특별시,11200,성동구,1120011500,성수동2가,11,15,3,1379.0,11,서울특별시,11110,종로구,1111016800,동숭동
20260224,11,서울특별시,11110,종로구,1111016800,동숭동,11,서울특별시,11200,성동구,1120011500,성수동2가,11,30,4,1618.0,11,서울특별시,11110,종로구,1111016800,동숭동
20260224,11,서울특별시,11110,종로구,1111016900,혜화동,11,서울특별시,11200,성동구,1120011500,성수동2가,07,15,1,2528.0,11,서울특별시,11110,종로구,1111016900,혜화동
20260224,11,서울특별시,11110,종로구,1111016900,혜화동,11,서울특별시,11200,성동구,1120011500,성수동2가,07,45,1,1525.0,11,서울특별시,11110,종로구,1111016900,혜화동
20260224,11,서울특별시,11110,종로구,1111016900,혜화동,11,서울특별시,11200,성동구,1120011500,성수동2가,08,00,2,1707.0,11,서울특별시,11110,종로구,1111016900,혜화동
20260224,11,서울특별시,11110,종로구,1111016900,혜화동,11,서울특별시,11200,성동구,1120011500,성수동2가,09,15,1,1549.0,11,서울특별시,11110,종로구,1111016900,혜화동
20260224,11,서울특별시,11110,종로구,1111016900,혜화동,11,서울특별시,11200,성동구,1120011500,성수동2가,11,30,1,1821.0,11,서울특별시,11110,종로구,1111016900,혜화동
20260224,11,서울특별시,11110,종로구,1111016900,혜화동,11,서울특별시,11200,성동구,1120011500,성수동2가,11,45,1,2595.0,11,서울특별시,11110,종로구,1111016900,혜화동
20260224,11,서울특별시,11110,종로구,1111017000,명륜1가,11,서울특별시,11200,성동구,1120011500,성수동2가,11,30,2,680.0,11,서울특별시,11110,종로구,1111017000,명륜1가
20260224,11,서울특별시,11110,종로구,1111017200,명륜4가,11,서울특별시,11200,성동구,1120011500,성수동2가,07,15,1,1871.0,11,서울특별시,11110,종로구,1111017200,명륜4가
20260224,11,서울특별시,11110,종로구,1111017300,명륜3가,11,서울특별시,11200,성동구,1120011500,성수동2가,07,00,1,2056.0,11,서울특별시,11110,종로구,1111017300,명륜3가
20260224,11,서울특별시,11110,종로구,1111017300,명륜3가,11,서울특별시,11200,성동구,1120011500,성수동2가,07,45,1,1798.0,11,서울특별시,11110,종로구,1111017300,명륜3가
20260224,11,서울특별시,11110,종로구,1111017400,창신동,11,서울특별시,11200,성동구,1120011500,성수동2가,07,00,4,1517.0,11,서울특별시,11110,종로구,1111017400,창신동
20260224,11,서울특별시,11110,종로구,1111017400,창신동,11,서울특별시,11200,성동구,1120011500,성수동2가,07,15,7,1343.0,11,서울특별시,11110,종로구,1111017400,창신동
20260224,11,서울특별시,11110,종로구,1111017400,창신동,11,서울특별시,11200,성동구,1120011500,성수동2가,07,30,7,1431.0,11,서울특별시,11110,종로구,1111017400,창신동
20260224,11,서울특별시,11110,종로구,1111017400,창신동,11,서울특별시,11200,성동구,1120011500,성수동2가,07,45,12,1580.0,11,서울특별시,11110,종로구,1111017400,창신동
20260224,11,서울특별시,11110,종로구,1111017400,창신동,11,서울특별시,11200,성동구,1120011500,성수동2가,08,00,8,1388.0,11,서울특별시,11110,종로구,1111017400,창신동
20260224,11,서울특별시,11110,종로구,1111017400,창신동,11,서울특별시,11200,성동구,1120011500,성수동2가,08,15,14,1528.0,11,서울특별시,11110,종로구,1111017400,창신동
20260224,11,서울특별시,11110,종로구,1111017400,창신동,11,서울특별시,11200,성동구,1120011500,성수동2가,08,30,9,1559.0,11,서울특별시,11110,종로구,1111017400,창신동
20260224,11,서울특별시,11110,종로구,1111017400,창신동,11,서울특별시,11200,성동구,1120011500,성수동2가,08,45,11,1341.0,11,서울특별시,11110,종로구,1111017400,창신동
20260224,11,서울특별시,11110,종로구,1111017400,창신동,11,서울특별시,11200,성동구,1120011500,성수동2가,09,00,2,1628.0,11,서울특별시,11110,종로구,1111017400,창신동
20260224,11,서울특별시,11110,종로구,1111017400,창신동,11,서울특별시,11200,성동구,1120011500,성수동2가,09,15,4,1212.0,11,서울특별시,11110,종로구,1111017400,창신동
20260224,11,서울특별시,11110,종로구,1111017400,창신동,11,서울특별시,11200,성동구,1120011500,성수동2가,09,30,2,1664.0,11,서울특별시,11110,종로구,1111017400,창신동
20260224,11,서울특별시,11110,종로구,1111017400,창신동,11,서울특별시,11200,성동구,1120011500,성수동2가,09,45,2,1261.0,11,서울특별시,11110,종로구,1111017400,창신동
20260224,11,서울특별시,11110,종로구,1111017400,창신동,11,서울특별시,11200,성동구,1120011500,성수동2가,10,00,4,1737.0,11,서울특별시,11110,종로구,1111017400,창신동
20260224,11,서울특별시,11110,종로구,1111017400,창신동,11,서울특별시,11200,성동구,1120011500,성수동2가,10,15,7,1856.0,11,서울특별시,11110,종로구,1111017400,창신동
20260224,11,서울특별시,11110,종로구,1111017400,창신동,11,서울특별시,11200,성동구,1120011500,성수동2가,10,30,14,1702.0,11,서울특별시,11110,종로구,1111017400,창신동
20260224,11,서울특별시,11110,종로구,1111017400,창신동,11,서울특별시,11200,성동구,1120011500,성수동2가,10,45,2,2515.0,11,서울특별시,11110,종로구,1111017400,창신동
20260224,11,서울특별시,11110,종로구,1111017400,창신동,11,서울특별시,11200,성동구,1120011500,성수동2가,11,00,3,2304.0,11,서울특별시,11110,종로구,1111017400,창신동
20260224,11,서울특별시,11110,종로구,1111017400,창신동,11,서울특별시,11200,성동구,1120011500,성수동2가,11,15,4,1723.0,11,서울특별시,11110,종로구,1111017400,창신동
20260224,11,서울특별시,11110,종로구,1111017400,창신동,11,서울특별시,11200,성동구,1120011500,성수동2가,11,30,2,1519.0,11,서울특별시,11110,종로구,1111017400,창신동
20260224,11,서울특별시,11110,종로구,1111017400,창신동,11,서울특별시,11200,성동구,1120011500,성수동2가,11,45,9,1835.0,11,서울특별시,11110,종로구,1111017400,창신동
20260224,11,서울특별시,11110,종로구,1111017500,숭인동,11,서울특별시,11200,성동구,1120011500,성수동2가,07,45,1,1282.0,11,서울특별시,11110,종로구,1111017500,숭인동
20260224,11,서울특별시,11110,종로구,1111017500,숭인동,11,서울특별시,11200,성동구,1120011500,성수동2가,08,00,2,1480.0,11,서울특별시,11110,종로구,1111017500,숭인동
20260224,11,서울특별시,11110,종로구,1111017500,숭인동,11,서울특별시,11200,성동구,1120011500,성수동2가,08,15,2,1521.0,11,서울특별시,11110,종로구,1111017500,숭인동
20260224,11,서울특별시,11110,종로구,1111017500,숭인동,11,서울특별시,11200,성동구,1120011500,성수동2가,08,45,2,1679.0,11,서울특별시,11110,종로구,1111017500,숭인동
20260224,11,서울특별시,11110,종로구,1111017500,숭인동,11,서울특별시,11200,성동구,1120011500,성수동2가,09,30,2,1495.0,11,서울특별시,11110,종로구,1111017500,숭인동
20260224,11,서울특별시,11110,종로구,1111017500,숭인동,11,서울특별시,11200,성동구,1120011500,성수동2가,10,45,3,1537.0,11,서울특별시,11110,종로구,1111017500,숭인동
20260224,11,서울특별시,11110,종로구,1111017500,숭인동,11,서울특별시,11200,성동구,1120011500,성수동2가,11,00,1,1070.0,11,서울특별시,11110,종로구,1111017500,숭인동
20260224,11,서울특별시,11110,종로구,1111018200,구기동,11,서울특별시,11200,성동구,1120011500,성수동2가,08,30,1,2437.0,11,서울특별시,11110,종로구,1111018200,구기동
20260224,11,서울특별시,11110,종로구,1111018300,평창동,11,서울특별시,11200,성동구,1120011500,성수동2가,07,30,1,3242.0,11,서울특별시,11110,종로구,1111018300,평창동
20260224,11,서울특별시,11110,종로구,1111018300,평창동,11,서울특별시,11200,성동구,1120011500,성수동2가,07,45,3,3040.0,11,서울특별시,11110,종로구,1111018300,평창동
20260224,11,서울특별시,11110,종로구,1111018300,평창동,11,서울특별시,11200,성동구,1120011500,성수동2가,08,15,1,2944.0,11,서울특별시,11110,종로구,1111018300,평창동
20260224,11,서울특별시,11110,종로구,1111018300,평창동,11,서울특별시,11200,성동구,1120011500,성수동2가,08,30,2,2798.0,11,서울특별시,11110,종로구,1111018300,평창동
20260224,11,서울특별시,11110,종로구,1111018300,평창동,11,서울특별시,11200,성동구,1120011500,성수동2가,08,45,2,2530.0,11,서울특별시,11110,종로구,1111018300,평창동
20260224,11,서울특별시,11110,종로구,1111018400,부암동,11,서울특별시,11200,성동구,1120011500,성수동2가,07,45,3,2652.0,11,서울특별시,11110,종로구,1111018400,부암동
20260224,11,서울특별시,11110,종로구,1111018400,부암동,11,서울특별시,11200,성동구,1120011500,성수동2가,08,00,2,2454.0,11,서울특별시,11110,종로구,1111018400,부암동
20260224,11,서울특별시,11110,종로구,1111018400,부암동,11,서울특별시,11200,성동구,1120011500,성수동2가,08,15,1,2212.0,11,서울특별시,11110,종로구,1111018400,부암동
20260224,11,서울특별시,11110,종로구,1111018400,부암동,11,서울특별시,11200,성동구,1120011500,성수동2가,08,45,1,2290.0,11,서울특별시,11110,종로구,1111018400,부암동
20260224,11,서울특별시,11110,종로구,1111018400,부암동,11,서울특별시,11200,성동구,1120011500,성수동2가,09,15,2,2329.0,11,서울특별시,11110,종로구,1111018400,부암동
20260224,11,서울특별시,11110,종로구,1111018400,부암동,11,서울특별시,11200,성동구,1120011500,성수동2가,09,30,1,2054.0,11,서울특별시,11110,종로구,1111018400,부암동
20260224,11,서울특별시,11110,종로구,1111018400,부암동,11,서울특별시,11200,성동구,1120011500,성수동2가,09,45,1,2620.0,11,서울특별시,11110,종로구,1111018400,부암동
20260224,11,서울특별시,11110,종로구,1111018500,홍지동,11,서울특별시,11200,성동구,1120011500,성수동2가,07,30,1,2845.0,11,서울특별시,11110,종로구,1111018500,홍지동
20260224,11,서울특별시,11110,종로구,1111018500,홍지동,11,서울특별시,11200,성동구,1120011500,성수동2가,08,00,1,2636.0,11,서울특별시,11110,종로구,1111018500,홍지동
20260224,11,서울특별시,11110,종로구,1111018500,홍지동,11,서울특별시,11200,성동구,1120011500,성수동2가,08,15,1,3125.0,11,서울특별시,11110,종로구,1111018500,홍지동
20260224,11,서울특별시,11110,종로구,1111018500,홍지동,11,서울특별시,11200,성동구,1120011500,성수동2가,11,15,1,2712.0,11,서울특별시,11110,종로구,1111018500,홍지동
20260224,11,서울특별시,11110,종로구,1111018600,신영동,11,서울특별시,11200,성동구,1120011500,성수동2가,07,00,1,2470.0,11,서울특별시,11110,종로구,1111018600,신영동
20260224,11,서울특별시,11110,종로구,1111018600,신영동,11,서울특별시,11200,성동구,1120011500,성수동2가,07,15,1,3502.0,11,서울특별시,11110,종로구,1111018600,신영동
20260224,11,서울특별시,11110,종로구,1111018600,신영동,11,서울특별시,11200,성동구,1120011500,성수동2가,07,30,1,3114.0,11,서울특별시,11110,종로구,1111018600,신영동
20260224,11,서울특별시,11110,종로구,1111018600,신영동,11,서울특별시,11200,성동구,1120011500,성수동2가,08,30,1,2741.0,11,서울특별시,11110,종로구,1111018600,신영동
20260224,11,서울특별시,11110,종로구,1111018700,무악동,11,서울특별시,11200,성동구,1120011500,성수동2가,07,30,2,2221.0,11,서울특별시,11110,종로구,1111018700,무악동
20260224,11,서울특별시,11110,종로구,1111018700,무악동,11,서울특별시,11200,성동구,1120011500,성수동2가,07,45,1,2054.0,11,서울특별시,11110,종로구,1111018700,무악동
20260224,11,서울특별시,11110,종로구,1111018700,무악동,11,서울특별시,11200,성동구,1120011500,성수동2가,08,00,5,2001.0,11,서울특별시,11110,종로구,1111018700,무악동
20260224,11,서울특별시,11110,종로구,1111018700,무악동,11,서울특별시,11200,성동구,1120011500,성수동2가,08,15,2,2077.0,11,서울특별시,11110,종로구,1111018700,무악동
20260224,11,서울특별시,11110,종로구,1111018700,무악동,11,서울특별시,11200,성동구,1120011500,성수동2가,08,30,2,1883.0,11,서울특별시,11110,종로구,1111018700,무악동
20260224,11,서울특별시,11110,종로구,1111018700,무악동,11,서울특별시,11200,성동구,1120011500,성수동2가,08,45,3,1741.0,11,서울특별시,11110,종로구,1111018700,무악동
20260224,11,서울특별시,11110,종로구,1111018700,무악동,11,서울특별시,11200,성동구,1120011500,성수동2가,09,00,3,1798.0,11,서울특별시,11110,종로구,1111018700,무악동
20260224,11,서울특별시,11110,종로구,1111018700,무악동,11,서울특별시,11200,성동구,1120011500,성수동2가,09,15,3,1778.0,11,서울특별시,11110,종로구,1111018700,무악동
20260224,11,서울특별시,11110,종로구,1111018700,무악동,11,서울특별시,11200,성동구,1120011500,성수동2가,09,45,1,2023.0,11,서울특별시,11110,종로구,1111018700,무악동
20260224,11,서울특별시,11110,종로구,1111018700,무악동,11,서울특별시,11200,성동구,1120011500,성수동2가,10,45,1,2331.0,11,서울특별시,11110,종로구,1111018700,무악동
20260224,11,서울특별시,11110,종로구,1111018700,무악동,11,서울특별시,11200,성동구,1120011500,성수동2가,11,15,1,1931.0,11,서울특별시,11110,종로구,1111018700,무악동
20260224,11,서울특별시,11110,종로구,1111018700,무악동,11,서울특별시,11200,성동구,1120011500,성수동2가,11,45,1,1853.0,11,서울특별시,11110,종로구,1111018700,무악동
20260224,11,서울특별시,11140,중구,1114010400,을지로1가,11,서울특별시,11200,성동구,1120011500,성수동2가,07,15,1,1391.0,11,서울특별시,11140,중구,1114010400,을지로1가
20260224,11,서울특별시,11140,중구,1114010400,을지로1가,11,서울특별시,11200,성동구,1120011500,성수동2가,07,30,1,1304.0,11,서울특별시,11140,중구,1114010400,을지로1가
20260224,11,서울특별시,11140,중구,1114010400,을지로1가,11,서울특별시,11200,성동구,1120011500,성수동2가,07,45,4,1272.0,11,서울특별시,11140,중구,1114010400,을지로1가
20260224,11,서울특별시,11140,중구,1114010400,을지로1가,11,서울특별시,11200,성동구,1120011500,성수동2가,08,30,2,1144.0,11,서울특별시,11140,중구,1114010400,을지로1가
20260224,11,서울특별시,11140,중구,1114010400,을지로1가,11,서울특별시,11200,성동구,1120011500,성수동2가,08,45,10,1203.0,11,서울특별시,11140,중구,1114010400,을지로1가
20260224,11,서울특별시,11140,중구,1114010400,을지로1가,11,서울특별시,11200,성동구,1120011500,성수동2가,09,00,12,1225.0,11,서울특별시,11140,중구,1114010400,을지로1가
20260224,11,서울특별시,11140,중구,1114010400,을지로1가,11,서울특별시,11200,성동구,1120011500,성수동2가,09,15,13,1287.0,11,서울특별시,11140,중구,1114010400,을지로1가
20260224,11,서울특별시,11140,중구,1114010400,을지로1가,11,서울특별시,11200,성동구,1120011500,성수동2가,09,30,14,1367.0,11,서울특별시,11140,중구,1114010400,을지로1가
20260224,11,서울특별시,11140,중구,1114010400,을지로1가,11,서울특별시,11200,성동구,1120011500,성수동2가,09,45,24,1312.0,11,서울특별시,11140,중구,1114010400,을지로1가
20260224,11,서울특별시,11140,중구,1114010400,을지로1가,11,서울특별시,11200,성동구,1120011500,성수동2가,10,00,15,1433.0,11,서울특별시,11140,중구,1114010400,을지로1가
20260224,11,서울특별시,11140,중구,1114010400,을지로1가,11,서울특별시,11200,성동구,1120011500,성수동2가,10,15,20,1448.0,11,서울특별시,11140,중구,1114010400,을지로1가
20260224,11,서울특별시,11140,중구,1114010400,을지로1가,11,서울특별시,11200,성동구,1120011500,성수동2가,10,30,32,1375.0,11,서울특별시,11140,중구,1114010400,을지로1가
20260224,11,서울특별시,11140,중구,1114010400,을지로1가,11,서울특별시,11200,성동구,1120011500,성수동2가,10,45,23,1450.0,11,서울특별시,11140,중구,1114010400,을지로1가
20260224,11,서울특별시,11140,중구,1114010400,을지로1가,11,서울특별시,11200,성동구,1120011500,성수동2가,11,00,18,1322.0,11,서울특별시,11140,중구,1114010400,을지로1가
20260224,11,서울특별시,11140,중구,1114010400,을지로1가,11,서울특별시,11200,성동구,1120011500,성수동2가,11,15,17,1294.0,11,서울특별시,11140,중구,1114010400,을지로1가
20260224,11,서울특별시,11140,중구,1114010400,을지로1가,11,서울특별시,11200,성동구,1120011500,성수동2가,11,30,14,1291.0,11,서울특별시,11140,중구,1114010400,을지로1가
20260224,11,서울특별시,11140,중구,1114010400,을지로1가,11,서울특별시,11200,성동구,1120011500,성수동2가,11,45,23,1282.0,11,서울특별시,11140,중구,1114010400,을지로1가
20260224,11,서울특별시,11140,중구,1114010500,을지로2가,11,서울특별시,11200,성동구,1120011500,성수동2가,07,45,1,1573.0,11,서울특별시,11140,중구,1114010500,을지로2가
20260224,11,서울특별시,11140,중구,1114011200,남창동,11,서울특별시,11200,성동구,1120011500,성수동2가,07,30,5,1614.0,11,서울특별시,11140,중구,1114011200,남창동
20260224,11,서울특별시,11140,중구,1114011200,남창동,11,서울특별시,11200,성동구,1120011500,성수동2가,08,15,2,1551.0,11,서울특별시,11140,중구,1114011200,남창동
20260224,11,서울특별시,11140,중구,1114011200,남창동,11,서울특별시,11200,성동구,1120011500,성수동2가,09,00,2,1472.0,11,서울특별시,11140,중구,1114011200,남창동
20260224,11,서울특별시,11140,중구,1114011200,남창동,11,서울특별시,11200,성동구,1120011500,성수동2가,09,15,5,1831.0,11,서울특별시,11140,중구,1114011200,남창동
20260224,11,서울특별시,11140,중구,1114011200,남창동,11,서울특별시,11200,성동구,1120011500,성수동2가,09,30,10,1491.0,11,서울특별시,11140,중구,1114011200,남창동
20260224,11,서울특별시,11140,중구,1114011200,남창동,11,서울특별시,11200,성동구,1120011500,성수동2가,09,45,8,1519.0,11,서울특별시,11140,중구,1114011200,남창동
20260224,11,서울특별시,11140,중구,1114011200,남창동,11,서울특별시,11200,성동구,1120011500,성수동2가,10,30,9,2079.0,11,서울특별시,11140,중구,1114011200,남창동
20260224,11,서울특별시,11140,중구,1114011200,남창동,11,서울특별시,11200,성동구,1120011500,성수동2가,10,45,4,1781.0,11,서울특별시,11140,중구,1114011200,남창동
20260224,11,서울특별시,11140,중구,1114011200,남창동,11,서울특별시,11200,성동구,1120011500,성수동2가,11,00,3,2457.0,11,서울특별시,11140,중구,1114011200,남창동
20260224,11,서울특별시,11140,중구,1114011200,남창동,11,서울특별시,11200,성동구,1120011500,성수동2가,11,15,9,2061.0,11,서울특별시,11140,중구,1114011200,남창동
20260224,11,서울특별시,11140,중구,1114011200,남창동,11,서울특별시,11200,성동구,1120011500,성수동2가,11,30,9,1688.0,11,서울특별시,11140,중구,1114011200,남창동
20260224,11,서울특별시,11140,중구,1114011200,남창동,11,서울특별시,11200,성동구,1120011500,성수동2가,11,45,7,1750.0,11,서울특별시,11140,중구,1114011200,남창동
20260224,11,서울특별시,11140,중구,1114011400,태평로2가,11,서울특별시,11200,성동구,1120011500,성수동2가,11,00,1,3151.0,11,서울특별시,11140,중구,1114011400,태평로2가
20260224,11,서울특별시,11140,중구,1114011500,남대문로2가,11,서울특별시,11200,성동구,1120011500,성수동2가,10,15,1,3353.0,11,서울특별시,11140,중구,1114011500,남대문로2가
20260224,11,서울특별시,11140,중구,1114011800,남대문로5가,11,서울특별시,11200,성동구,1120011500,성수동2가,11,00,1,3872.0,11,서울특별시,11140,중구,1114011800,남대문로5가
20260224,11,서울특별시,11140,중구,1114012000,봉래동2가,11,서울특별시,11200,성동구,1120011500,성수동2가,07,00,4,1684.0,11,서울특별시,11140,중구,1114012000,봉래동2가
20260224,11,서울특별시,11140,중구,1114012000,봉래동2가,11,서울특별시,11200,성동구,1120011500,성수동2가,07,15,11,1774.0,11,서울특별시,11140,중구,1114012000,봉래동2가
20260224,11,서울특별시,11140,중구,1114012000,봉래동2가,11,서울특별시,11200,성동구,1120011500,성수동2가,07,30,7,1614.0,11,서울특별시,11140,중구,1114012000,봉래동2가
20260224,11,서울특별시,11140,중구,1114012000,봉래동2가,11,서울특별시,11200,성동구,1120011500,성수동2가,07,45,12,1611.0,11,서울특별시,11140,중구,1114012000,봉래동2가
20260224,11,서울특별시,11140,중구,1114012000,봉래동2가,11,서울특별시,11200,성동구,1120011500,성수동2가,08,00,14,2090.0,11,서울특별시,11140,중구,1114012000,봉래동2가
20260224,11,서울특별시,11140,중구,1114012000,봉래동2가,11,서울특별시,11200,성동구,1120011500,성수동2가,08,15,2,1866.0,11,서울특별시,11140,중구,1114012000,봉래동2가
20260224,11,서울특별시,11140,중구,1114012000,봉래동2가,11,서울특별시,11200,성동구,1120011500,성수동2가,08,30,3,1950.0,11,서울특별시,11140,중구,1114012000,봉래동2가
20260224,11,서울특별시,11140,중구,1114012000,봉래동2가,11,서울특별시,11200,성동구,1120011500,성수동2가,08,45,12,1605.0,11,서울특별시,11140,중구,1114012000,봉래동2가
20260224,11,서울특별시,11140,중구,1114012000,봉래동2가,11,서울특별시,11200,성동구,1120011500,성수동2가,09,00,9,1650.0,11,서울특별시,11140,중구,1114012000,봉래동2가
20260224,11,서울특별시,11140,중구,1114012000,봉래동2가,11,서울특별시,11200,성동구,1120011500,성수동2가,09,15,4,1898.0,11,서울특별시,11140,중구,1114012000,봉래동2가
20260224,11,서울특별시,11140,중구,1114012000,봉래동2가,11,서울특별시,11200,성동구,1120011500,성수동2가,09,30,8,1802.0,11,서울특별시,11140,중구,1114012000,봉래동2가
20260224,11,서울특별시,11140,중구,1114012000,봉래동2가,11,서울특별시,11200,성동구,1120011500,성수동2가,09,45,7,1669.0,11,서울특별시,11140,중구,1114012000,봉래동2가
20260224,11,서울특별시,11140,중구,1114012000,봉래동2가,11,서울특별시,11200,성동구,1120011500,성수동2가,10,00,12,1707.0,11,서울특별시,11140,중구,1114012000,봉래동2가
20260224,11,서울특별시,11140,중구,1114012000,봉래동2가,11,서울특별시,11200,성동구,1120011500,성수동2가,10,15,10,1983.0,11,서울특별시,11140,중구,1114012000,봉래동2가
20260224,11,서울특별시,11140,중구,1114012000,봉래동2가,11,서울특별시,11200,성동구,1120011500,성수동2가,10,30,3,1797.0,11,서울특별시,11140,중구,1114012000,봉래동2가
20260224,11,서울특별시,11140,중구,1114012000,봉래동2가,11,서울특별시,11200,성동구,1120011500,성수동2가,10,45,14,1859.0,11,서울특별시,11140,중구,1114012000,봉래동2가
20260224,11,서울특별시,11140,중구,1114012000,봉래동2가,11,서울특별시,11200,성동구,1120011500,성수동2가,11,00,16,1921.0,11,서울특별시,11140,중구,1114012000,봉래동2가
20260224,11,서울특별시,11140,중구,1114012000,봉래동2가,11,서울특별시,11200,성동구,1120011500,성수동2가,11,15,24,2073.0,11,서울특별시,11140,중구,1114012000,봉래동2가
20260224,11,서울특별시,11140,중구,1114012000,봉래동2가,11,서울특별시,11200,성동구,1120011500,성수동2가,11,30,21,1818.0,11,서울특별시,11140,중구,1114012000,봉래동2가
20260224,11,서울특별시,11140,중구,1114012000,봉래동2가,11,서울특별시,11200,성동구,1120011500,성수동2가,11,45,27,1772.0,11,서울특별시,11140,중구,1114012000,봉래동2가
20260224,11,서울특별시,11140,중구,1114012200,회현동2가,11,서울특별시,11200,성동구,1120011500,성수동2가,09,30,1,1983.0,11,서울특별시,11140,중구,1114012200,회현동2가
20260224,11,서울특별시,11140,중구,1114012500,충무로2가,11,서울특별시,11200,성동구,1120011500,성수동2가,07,30,2,1290.0,11,서울특별시,11140,중구,1114012500,충무로2가
20260224,11,서울특별시,11140,중구,1114012500,충무로2가,11,서울특별시,11200,성동구,1120011500,성수동2가,07,45,1,1371.0,11,서울특별시,11140,중구,1114012500,충무로2가
20260224,11,서울특별시,11140,중구,1114012500,충무로2가,11,서울특별시,11200,성동구,1120011500,성수동2가,08,00,2,1281.0,11,서울특별시,11140,중구,1114012500,충무로2가
20260224,11,서울특별시,11140,중구,1114012500,충무로2가,11,서울특별시,11200,성동구,1120011500,성수동2가,08,15,1,1536.0,11,서울특별시,11140,중구,1114012500,충무로2가
20260224,11,서울특별시,11140,중구,1114012500,충무로2가,11,서울특별시,11200,성동구,1120011500,성수동2가,08,30,2,1588.0,11,서울특별시,11140,중구,1114012500,충무로2가
20260224,11,서울특별시,11140,중구,1114012500,충무로2가,11,서울특별시,11200,성동구,1120011500,성수동2가,08,45,10,1657.0,11,서울특별시,11140,중구,1114012500,충무로2가
20260224,11,서울특별시,11140,중구,1114012500,충무로2가,11,서울특별시,11200,성동구,1120011500,성수동2가,09,00,6,1796.0,11,서울특별시,11140,중구,1114012500,충무로2가
20260224,11,서울특별시,11140,중구,1114012500,충무로2가,11,서울특별시,11200,성동구,1120011500,성수동2가,09,15,26,1592.0,11,서울특별시,11140,중구,1114012500,충무로2가
20260224,11,서울특별시,11140,중구,1114012500,충무로2가,11,서울특별시,11200,성동구,1120011500,성수동2가,09,30,19,1616.0,11,서울특별시,11140,중구,1114012500,충무로2가
20260224,11,서울특별시,11140,중구,1114012500,충무로2가,11,서울특별시,11200,성동구,1120011500,성수동2가,09,45,37,1604.0,11,서울특별시,11140,중구,1114012500,충무로2가
20260224,11,서울특별시,11140,중구,1114012500,충무로2가,11,서울특별시,11200,성동구,1120011500,성수동2가,10,00,35,2024.0,11,서울특별시,11140,중구,1114012500,충무로2가
20260224,11,서울특별시,11140,중구,1114012500,충무로2가,11,서울특별시,11200,성동구,1120011500,성수동2가,10,15,24,1963.0,11,서울특별시,11140,중구,1114012500,충무로2가
20260224,11,서울특별시,11140,중구,1114012500,충무로2가,11,서울특별시,11200,성동구,1120011500,성수동2가,10,30,34,1691.0,11,서울특별시,11140,중구,1114012500,충무로2가
20260224,11,서울특별시,11140,중구,1114012500,충무로2가,11,서울특별시,11200,성동구,1120011500,성수동2가,10,45,28,1778.0,11,서울특별시,11140,중구,1114012500,충무로2가
20260224,11,서울특별시,11140,중구,1114012500,충무로2가,11,서울특별시,11200,성동구,1120011500,성수동2가,11,00,20,1890.0,11,서울특별시,11140,중구,1114012500,충무로2가
20260224,11,서울특별시,11140,중구,1114012500,충무로2가,11,서울특별시,11200,성동구,1120011500,성수동2가,11,15,23,1785.0,11,서울특별시,11140,중구,1114012500,충무로2가
20260224,11,서울특별시,11140,중구,1114012500,충무로2가,11,서울특별시,11200,성동구,1120011500,성수동2가,11,30,32,1779.0,11,서울특별시,11140,중구,1114012500,충무로2가
20260224,11,서울특별시,11140,중구,1114012500,충무로2가,11,서울특별시,11200,성동구,1120011500,성수동2가,11,45,22,1776.0,11,서울특별시,11140,중구,1114012500,충무로2가
20260224,11,서울특별시,11140,중구,1114013600,묵정동,11,서울특별시,11200,성동구,1120011500,성수동2가,08,00,1,2017.0,11,서울특별시,11140,중구,1114013600,묵정동
20260224,11,서울특별시,11140,중구,1114013600,묵정동,11,서울특별시,11200,성동구,1120011500,성수동2가,08,15,1,1281.0,11,서울특별시,11140,중구,1114013600,묵정동
20260224,11,서울특별시,11140,중구,1114013600,묵정동,11,서울특별시,11200,성동구,1120011500,성수동2가,09,15,1,1012.0,11,서울특별시,11140,중구,1114013600,묵정동
20260224,11,서울특별시,11140,중구,1114013600,묵정동,11,서울특별시,11200,성동구,1120011500,성수동2가,10,30,1,1727.0,11,서울특별시,11140,중구,1114013600,묵정동
20260224,11,서울특별시,11140,중구,1114013600,묵정동,11,서울특별시,11200,성동구,1120011500,성수동2가,11,15,3,2038.0,11,서울특별시,11140,중구,1114013600,묵정동
20260224,11,서울특별시,11140,중구,1114013700,필동1가,11,서울특별시,11200,성동구,1120011500,성수동2가,11,00,1,1798.0,11,서울특별시,11140,중구,1114013700,필동1가
20260224,11,서울특별시,11140,중구,1114013800,필동2가,11,서울특별시,11200,성동구,1120011500,성수동2가,08,00,2,1489.0,11,서울특별시,11140,중구,1114013800,필동2가
20260224,11,서울특별시,11140,중구,1114013800,필동2가,11,서울특별시,11200,성동구,1120011500,성수동2가,08,30,4,1435.0,11,서울특별시,11140,중구,1114013800,필동2가
20260224,11,서울특별시,11140,중구,1114013800,필동2가,11,서울특별시,11200,성동구,1120011500,성수동2가,08,45,6,1403.0,11,서울특별시,11140,중구,1114013800,필동2가
20260224,11,서울특별시,11140,중구,1114013800,필동2가,11,서울특별시,11200,성동구,1120011500,성수동2가,09,00,10,1675.0,11,서울특별시,11140,중구,1114013800,필동2가
20260224,11,서울특별시,11140,중구,1114013800,필동2가,11,서울특별시,11200,성동구,1120011500,성수동2가,09,15,3,1315.0,11,서울특별시,11140,중구,1114013800,필동2가
20260224,11,서울특별시,11140,중구,1114013800,필동2가,11,서울특별시,11200,성동구,1120011500,성수동2가,09,30,3,1408.0,11,서울특별시,11140,중구,1114013800,필동2가
20260224,11,서울특별시,11140,중구,1114013800,필동2가,11,서울특별시,11200,성동구,1120011500,성수동2가,09,45,6,1576.0,11,서울특별시,11140,중구,1114013800,필동2가
20260224,11,서울특별시,11140,중구,1114013800,필동2가,11,서울특별시,11200,성동구,1120011500,성수동2가,10,00,7,1715.0,11,서울특별시,11140,중구,1114013800,필동2가
20260224,11,서울특별시,11140,중구,1114013800,필동2가,11,서울특별시,11200,성동구,1120011500,성수동2가,10,15,21,1623.0,11,서울특별시,11140,중구,1114013800,필동2가
20260224,11,서울특별시,11140,중구,1114013800,필동2가,11,서울특별시,11200,성동구,1120011500,성수동2가,10,30,13,1632.0,11,서울특별시,11140,중구,1114013800,필동2가
20260224,11,서울특별시,11140,중구,1114013800,필동2가,11,서울특별시,11200,성동구,1120011500,성수동2가,10,45,10,1603.0,11,서울특별시,11140,중구,1114013800,필동2가
20260224,11,서울특별시,11140,중구,1114013800,필동2가,11,서울특별시,11200,성동구,1120011500,성수동2가,11,00,9,1694.0,11,서울특별시,11140,중구,1114013800,필동2가
20260224,11,서울특별시,11140,중구,1114013800,필동2가,11,서울특별시,11200,성동구,1120011500,성수동2가,11,15,12,1708.0,11,서울특별시,11140,중구,1114013800,필동2가
20260224,11,서울특별시,11140,중구,1114013800,필동2가,11,서울특별시,11200,성동구,1120011500,성수동2가,11,30,10,1894.0,11,서울특별시,11140,중구,1114013800,필동2가
20260224,11,서울특별시,11140,중구,1114013800,필동2가,11,서울특별시,11200,성동구,1120011500,성수동2가,11,45,5,1472.0,11,서울특별시,11140,중구,1114013800,필동2가
20260224,11,서울특별시,11140,중구,1114014300,장충동1가,11,서울특별시,11200,성동구,1120011500,성수동2가,07,00,1,1480.0,11,서울특별시,11140,중구,1114014300,장충동1가
20260224,11,서울특별시,11140,중구,1114014300,장충동1가,11,서울특별시,11200,성동구,1120011500,성수동2가,07,15,1,1162.0,11,서울특별시,11140,중구,1114014300,장충동1가
20260224,11,서울특별시,11140,중구,1114014300,장충동1가,11,서울특별시,11200,성동구,1120011500,성수동2가,08,00,1,1071.0,11,서울특별시,11140,중구,1114014300,장충동1가
20260224,11,서울특별시,11140,중구,1114014300,장충동1가,11,서울특별시,11200,성동구,1120011500,성수동2가,08,30,1,1078.0,11,서울특별시,11140,중구,1114014300,장충동1가
20260224,11,서울특별시,11140,중구,1114014300,장충동1가,11,서울특별시,11200,성동구,1120011500,성수동2가,09,30,1,1072.0,11,서울특별시,11140,중구,1114014300,장충동1가
20260224,11,서울특별시,11140,중구,1114014300,장충동1가,11,서울특별시,11200,성동구,1120011500,성수동2가,09,45,1,1114.0,11,서울특별시,11140,중구,1114014300,장충동1가
20260224,11,서울특별시,11140,중구,1114014300,장충동1가,11,서울특별시,11200,성동구,1120011500,성수동2가,11,00,1,1083.0,11,서울특별시,11140,중구,1114014300,장충동1가
20260224,11,서울특별시,11140,중구,1114014400,장충동2가,11,서울특별시,11200,성동구,1120011500,성수동2가,08,30,1,1882.0,11,서울특별시,11140,중구,1114014400,장충동2가
20260224,11,서울특별시,11140,중구,1114014400,장충동2가,11,서울특별시,11200,성동구,1120011500,성수동2가,08,45,1,1343.0,11,서울특별시,11140,중구,1114014400,장충동2가
20260224,11,서울특별시,11140,중구,1114014400,장충동2가,11,서울특별시,11200,성동구,1120011500,성수동2가,09,30,1,1910.0,11,서울특별시,11140,중구,1114014400,장충동2가
20260224,11,서울특별시,11140,중구,1114014400,장충동2가,11,서울특별시,11200,성동구,1120011500,성수동2가,10,45,3,1635.0,11,서울특별시,11140,중구,1114014400,장충동2가
20260224,11,서울특별시,11140,중구,1114014400,장충동2가,11,서울특별시,11200,성동구,1120011500,성수동2가,11,00,1,1848.0,11,서울특별시,11140,중구,1114014400,장충동2가
20260224,11,서울특별시,11140,중구,1114014400,장충동2가,11,서울특별시,11200,성동구,1120011500,성수동2가,11,15,1,1617.0,11,서울특별시,11140,중구,1114014400,장충동2가
20260224,11,서울특별시,11140,중구,1114014400,장충동2가,11,서울특별시,11200,성동구,1120011500,성수동2가,11,30,2,1896.0,11,서울특별시,11140,중구,1114014400,장충동2가
20260224,11,서울특별시,11140,중구,1114014400,장충동2가,11,서울특별시,11200,성동구,1120011500,성수동2가,11,45,2,1816.0,11,서울특별시,11140,중구,1114014400,장충동2가
20260224,11,서울특별시,11140,중구,1114014500,광희동1가,11,서울특별시,11200,성동구,1120011500,성수동2가,07,45,4,1891.0,11,서울특별시,11140,중구,1114014500,광희동1가
20260224,11,서울특별시,11140,중구,1114014500,광희동1가,11,서울특별시,11200,성동구,1120011500,성수동2가,08,45,1,1378.0,11,서울특별시,11140,중구,1114014500,광희동1가
20260224,11,서울특별시,11140,중구,1114014500,광희동1가,11,서울특별시,11200,성동구,1120011500,성수동2가,09,30,2,3901.0,11,서울특별시,11140,중구,1114014500,광희동1가
20260224,11,서울특별시,11140,중구,1114014500,광희동1가,11,서울특별시,11200,성동구,1120011500,성수동2가,09,45,2,1521.0,11,서울특별시,11140,중구,1114014500,광희동1가
20260224,11,서울특별시,11140,중구,1114014500,광희동1가,11,서울특별시,11200,성동구,1120011500,성수동2가,10,30,1,1402.0,11,서울특별시,11140,중구,1114014500,광희동1가
20260224,11,서울특별시,11140,중구,1114014500,광희동1가,11,서울특별시,11200,성동구,1120011500,성수동2가,11,15,3,1685.0,11,서울특별시,11140,중구,1114014500,광희동1가
20260224,11,서울특별시,11140,중구,1114014500,광희동1가,11,서울특별시,11200,성동구,1120011500,성수동2가,11,30,2,1259.0,11,서울특별시,11140,중구,1114014500,광희동1가
20260224,11,서울특별시,11140,중구,1114014500,광희동1가,11,서울특별시,11200,성동구,1120011500,성수동2가,11,45,1,1595.0,11,서울특별시,11140,중구,1114014500,광희동1가
20260224,11,서울특별시,11140,중구,1114014600,광희동2가,11,서울특별시,11200,성동구,1120011500,성수동2가,08,00,2,1496.0,11,서울특별시,11140,중구,1114014600,광희동2가
20260224,11,서울특별시,11140,중구,1114014700,쌍림동,11,서울특별시,11200,성동구,1120011500,성수동2가,07,00,1,1341.0,11,서울특별시,11140,중구,1114014700,쌍림동
20260224,11,서울특별시,11140,중구,1114014700,쌍림동,11,서울특별시,11200,성동구,1120011500,성수동2가,11,00,2,2133.0,11,서울특별시,11140,중구,1114014700,쌍림동
20260224,11,서울특별시,11140,중구,1114014800,을지로6가,11,서울특별시,11200,성동구,1120011500,성수동2가,10,00,1,1816.0,11,서울특별시,11140,중구,1114014800,을지로6가
20260224,11,서울특별시,11140,중구,1114014800,을지로6가,11,서울특별시,11200,성동구,1120011500,성수동2가,11,15,1,2430.0,11,서울특별시,11140,중구,1114014800,을지로6가
20260224,11,서울특별시,11140,중구,1114014800,을지로6가,11,서울특별시,11200,성동구,1120011500,성수동2가,11,30,1,1955.0,11,서울특별시,11140,중구,1114014800,을지로6가
20260224,11,서울특별시,11140,중구,1114014900,을지로7가,11,서울특별시,11200,성동구,1120011500,성수동2가,07,00,5,1123.0,11,서울특별시,11140,중구,1114014900,을지로7가
20260224,11,서울특별시,11140,중구,1114014900,을지로7가,11,서울특별시,11200,성동구,1120011500,성수동2가,07,15,3,971.0,11,서울특별시,11140,중구,1114014900,을지로7가
20260224,11,서울특별시,11140,중구,1114014900,을지로7가,11,서울특별시,11200,성동구,1120011500,성수동2가,07,30,5,956.0,11,서울특별시,11140,중구,1114014900,을지로7가
20260224,11,서울특별시,11140,중구,1114014900,을지로7가,11,서울특별시,11200,성동구,1120011500,성수동2가,07,45,4,915.0,11,서울특별시,11140,중구,1114014900,을지로7가
20260224,11,서울특별시,11140,중구,1114014900,을지로7가,11,서울특별시,11200,성동구,1120011500,성수동2가,08,00,5,910.0,11,서울특별시,11140,중구,1114014900,을지로7가
20260224,11,서울특별시,11140,중구,1114014900,을지로7가,11,서울특별시,11200,성동구,1120011500,성수동2가,08,15,19,997.0,11,서울특별시,11140,중구,1114014900,을지로7가
20260224,11,서울특별시,11140,중구,1114014900,을지로7가,11,서울특별시,11200,성동구,1120011500,성수동2가,08,30,18,1172.0,11,서울특별시,11140,중구,1114014900,을지로7가
20260224,11,서울특별시,11140,중구,1114014900,을지로7가,11,서울특별시,11200,성동구,1120011500,성수동2가,08,45,9,928.0,11,서울특별시,11140,중구,1114014900,을지로7가
20260224,11,서울특별시,11140,중구,1114014900,을지로7가,11,서울특별시,11200,성동구,1120011500,성수동2가,09,00,20,1212.0,11,서울특별시,11140,중구,1114014900,을지로7가
20260224,11,서울특별시,11140,중구,1114014900,을지로7가,11,서울특별시,11200,성동구,1120011500,성수동2가,09,15,7,964.0,11,서울특별시,11140,중구,1114014900,을지로7가
20260224,11,서울특별시,11140,중구,1114014900,을지로7가,11,서울특별시,11200,성동구,1120011500,성수동2가,09,30,24,1130.0,11,서울특별시,11140,중구,1114014900,을지로7가
20260224,11,서울특별시,11140,중구,1114014900,을지로7가,11,서울특별시,11200,성동구,1120011500,성수동2가,09,45,25,959.0,11,서울특별시,11140,중구,1114014900,을지로7가
20260224,11,서울특별시,11140,중구,1114014900,을지로7가,11,서울특별시,11200,성동구,1120011500,성수동2가,10,00,16,981.0,11,서울특별시,11140,중구,1114014900,을지로7가
20260224,11,서울특별시,11140,중구,1114014900,을지로7가,11,서울특별시,11200,성동구,1120011500,성수동2가,10,15,21,1034.0,11,서울특별시,11140,중구,1114014900,을지로7가
20260224,11,서울특별시,11140,중구,1114014900,을지로7가,11,서울특별시,11200,성동구,1120011500,성수동2가,10,30,40,1052.0,11,서울특별시,11140,중구,1114014900,을지로7가
20260224,11,서울특별시,11140,중구,1114014900,을지로7가,11,서울특별시,11200,성동구,1120011500,성수동2가,10,45,19,1043.0,11,서울특별시,11140,중구,1114014900,을지로7가
20260224,11,서울특별시,11140,중구,1114014900,을지로7가,11,서울특별시,11200,성동구,1120011500,성수동2가,11,00,26,1083.0,11,서울특별시,11140,중구,1114014900,을지로7가
20260224,11,서울특별시,11140,중구,1114014900,을지로7가,11,서울특별시,11200,성동구,1120011500,성수동2가,11,15,31,1162.0,11,서울특별시,11140,중구,1114014900,을지로7가
20260224,11,서울특별시,11140,중구,1114014900,을지로7가,11,서울특별시,11200,성동구,1120011500,성수동2가,11,30,37,1243.0,11,서울특별시,11140,중구,1114014900,을지로7가
20260224,11,서울특별시,11140,중구,1114014900,을지로7가,11,서울특별시,11200,성동구,1120011500,성수동2가,11,45,25,1141.0,11,서울특별시,11140,중구,1114014900,을지로7가
20260224,11,서울특별시,11140,중구,1114015000,을지로4가,11,서울특별시,11200,성동구,1120011500,성수동2가,07,15,2,1020.0,11,서울특별시,11140,중구,1114015000,을지로4가
20260224,11,서울특별시,11140,중구,1114015000,을지로4가,11,서울특별시,11200,성동구,1120011500,성수동2가,07,30,3,1070.0,11,서울특별시,11140,중구,1114015000,을지로4가
20260224,11,서울특별시,11140,중구,1114015000,을지로4가,11,서울특별시,11200,성동구,1120011500,성수동2가,07,45,2,1021.0,11,서울특별시,11140,중구,1114015000,을지로4가
20260224,11,서울특별시,11140,중구,1114015000,을지로4가,11,서울특별시,11200,성동구,1120011500,성수동2가,08,00,5,1134.0,11,서울특별시,11140,중구,1114015000,을지로4가
20260224,11,서울특별시,11140,중구,1114015000,을지로4가,11,서울특별시,11200,성동구,1120011500,성수동2가,08,15,3,1050.0,11,서울특별시,11140,중구,1114015000,을지로4가
20260224,11,서울특별시,11140,중구,1114015000,을지로4가,11,서울특별시,11200,성동구,1120011500,성수동2가,08,30,5,1002.0,11,서울특별시,11140,중구,1114015000,을지로4가
20260224,11,서울특별시,11140,중구,1114015000,을지로4가,11,서울특별시,11200,성동구,1120011500,성수동2가,08,45,7,1024.0,11,서울특별시,11140,중구,1114015000,을지로4가
20260224,11,서울특별시,11140,중구,1114015000,을지로4가,11,서울특별시,11200,성동구,1120011500,성수동2가,09,00,17,1062.0,11,서울특별시,11140,중구,1114015000,을지로4가
20260224,11,서울특별시,11140,중구,1114015000,을지로4가,11,서울특별시,11200,성동구,1120011500,성수동2가,09,15,17,1099.0,11,서울특별시,11140,중구,1114015000,을지로4가
20260224,11,서울특별시,11140,중구,1114015000,을지로4가,11,서울특별시,11200,성동구,1120011500,성수동2가,09,30,5,1041.0,11,서울특별시,11140,중구,1114015000,을지로4가
20260224,11,서울특별시,11140,중구,1114015000,을지로4가,11,서울특별시,11200,성동구,1120011500,성수동2가,09,45,17,1387.0,11,서울특별시,11140,중구,1114015000,을지로4가
20260224,11,서울특별시,11140,중구,1114015000,을지로4가,11,서울특별시,11200,성동구,1120011500,성수동2가,10,00,13,1087.0,11,서울특별시,11140,중구,1114015000,을지로4가
20260224,11,서울특별시,11140,중구,1114015000,을지로4가,11,서울특별시,11200,성동구,1120011500,성수동2가,10,15,17,1098.0,11,서울특별시,11140,중구,1114015000,을지로4가
20260224,11,서울특별시,11140,중구,1114015000,을지로4가,11,서울특별시,11200,성동구,1120011500,성수동2가,10,30,7,1105.0,11,서울특별시,11140,중구,1114015000,을지로4가
20260224,11,서울특별시,11140,중구,1114015000,을지로4가,11,서울특별시,11200,성동구,1120011500,성수동2가,10,45,16,1114.0,11,서울특별시,11140,중구,1114015000,을지로4가
20260224,11,서울특별시,11140,중구,1114015000,을지로4가,11,서울특별시,11200,성동구,1120011500,성수동2가,11,00,26,1177.0,11,서울특별시,11140,중구,1114015000,을지로4가
20260224,11,서울특별시,11140,중구,1114015000,을지로4가,11,서울특별시,11200,성동구,1120011500,성수동2가,11,15,25,1097.0,11,서울특별시,11140,중구,1114015000,을지로4가
20260224,11,서울특별시,11140,중구,1114015000,을지로4가,11,서울특별시,11200,성동구,1120011500,성수동2가,11,30,26,1074.0,11,서울특별시,11140,중구,1114015000,을지로4가
20260224,11,서울특별시,11140,중구,1114015000,을지로4가,11,서울특별시,11200,성동구,1120011500,성수동2가,11,45,35,1155.0,11,서울특별시,11140,중구,1114015000,을지로4가
20260224,11,서울특별시,11140,중구,1114015200,주교동,11,서울특별시,11200,성동구,1120011500,성수동2가,11,00,3,1318.0,11,서울특별시,11140,중구,1114015200,주교동
20260224,11,서울특별시,11140,중구,1114015300,방산동,11,서울특별시,11200,성동구,1120011500,성수동2가,11,00,1,2896.0,11,서울특별시,11140,중구,1114015300,방산동
20260224,11,서울특별시,11140,중구,1114015500,을지로3가,11,서울특별시,11200,성동구,1120011500,성수동2가,07,15,2,1154.0,11,서울특별시,11140,중구,1114015500,을지로3가
20260224,11,서울특별시,11140,중구,1114015500,을지로3가,11,서울특별시,11200,성동구,1120011500,성수동2가,08,15,12,1355.0,11,서울특별시,11140,중구,1114015500,을지로3가
20260224,11,서울특별시,11140,중구,1114015500,을지로3가,11,서울특별시,11200,성동구,1120011500,성수동2가,08,30,7,1094.0,11,서울특별시,11140,중구,1114015500,을지로3가
20260224,11,서울특별시,11140,중구,1114015500,을지로3가,11,서울특별시,11200,성동구,1120011500,성수동2가,08,45,8,1140.0,11,서울특별시,11140,중구,1114015500,을지로3가
20260224,11,서울특별시,11140,중구,1114015500,을지로3가,11,서울특별시,11200,성동구,1120011500,성수동2가,09,00,12,1056.0,11,서울특별시,11140,중구,1114015500,을지로3가
20260224,11,서울특별시,11140,중구,1114015500,을지로3가,11,서울특별시,11200,성동구,1120011500,성수동2가,09,15,11,1166.0,11,서울특별시,11140,중구,1114015500,을지로3가
20260224,11,서울특별시,11140,중구,1114015500,을지로3가,11,서울특별시,11200,성동구,1120011500,성수동2가,09,30,10,1156.0,11,서울특별시,11140,중구,1114015500,을지로3가
20260224,11,서울특별시,11140,중구,1114015500,을지로3가,11,서울특별시,11200,성동구,1120011500,성수동2가,09,45,16,1194.0,11,서울특별시,11140,중구,1114015500,을지로3가
20260224,11,서울특별시,11140,중구,1114015500,을지로3가,11,서울특별시,11200,성동구,1120011500,성수동2가,10,00,20,1251.0,11,서울특별시,11140,중구,1114015500,을지로3가
20260224,11,서울특별시,11140,중구,1114015500,을지로3가,11,서울특별시,11200,성동구,1120011500,성수동2가,10,15,26,1166.0,11,서울특별시,11140,중구,1114015500,을지로3가
20260224,11,서울특별시,11140,중구,1114015500,을지로3가,11,서울특별시,11200,성동구,1120011500,성수동2가,10,30,18,1168.0,11,서울특별시,11140,중구,1114015500,을지로3가
20260224,11,서울특별시,11140,중구,1114015500,을지로3가,11,서울특별시,11200,성동구,1120011500,성수동2가,10,45,22,1308.0,11,서울특별시,11140,중구,1114015500,을지로3가
20260224,11,서울특별시,11140,중구,1114015500,을지로3가,11,서울특별시,11200,성동구,1120011500,성수동2가,11,00,34,1234.0,11,서울특별시,11140,중구,1114015500,을지로3가
20260224,11,서울특별시,11140,중구,1114015500,을지로3가,11,서울특별시,11200,성동구,1120011500,성수동2가,11,15,20,1523.0,11,서울특별시,11140,중구,1114015500,을지로3가
20260224,11,서울특별시,11140,중구,1114015500,을지로3가,11,서울특별시,11200,성동구,1120011500,성수동2가,11,30,24,1253.0,11,서울특별시,11140,중구,1114015500,을지로3가
20260224,11,서울특별시,11140,중구,1114015500,을지로3가,11,서울특별시,11200,성동구,1120011500,성수동2가,11,45,19,1448.0,11,서울특별시,11140,중구,1114015500,을지로3가
20260224,11,서울특별시,11140,중구,1114016200,신당동,11,서울특별시,11200,성동구,1120011500,성수동2가,07,00,6,1350.0,11,서울특별시,11140,중구,1114016200,신당동
20260224,11,서울특별시,11140,중구,1114016200,신당동,11,서울특별시,11200,성동구,1120011500,성수동2가,07,15,2,1378.0,11,서울특별시,11140,중구,1114016200,신당동
20260224,11,서울특별시,11140,중구,1114016200,신당동,11,서울특별시,11200,성동구,1120011500,성수동2가,07,30,8,1206.0,11,서울특별시,11140,중구,1114016200,신당동
20260224,11,서울특별시,11140,중구,1114016200,신당동,11,서울특별시,11200,성동구,1120011500,성수동2가,07,45,8,1539.0,11,서울특별시,11140,중구,1114016200,신당동
20260224,11,서울특별시,11140,중구,1114016200,신당동,11,서울특별시,11200,성동구,1120011500,성수동2가,08,00,24,1241.0,11,서울특별시,11140,중구,1114016200,신당동
20260224,11,서울특별시,11140,중구,1114016200,신당동,11,서울특별시,11200,성동구,1120011500,성수동2가,08,15,30,1378.0,11,서울특별시,11140,중구,1114016200,신당동
20260224,11,서울특별시,11140,중구,1114016200,신당동,11,서울특별시,11200,성동구,1120011500,성수동2가,08,30,12,1426.0,11,서울특별시,11140,중구,1114016200,신당동
20260224,11,서울특별시,11140,중구,1114016200,신당동,11,서울특별시,11200,성동구,1120011500,성수동2가,08,45,9,1194.0,11,서울특별시,11140,중구,1114016200,신당동
20260224,11,서울특별시,11140,중구,1114016200,신당동,11,서울특별시,11200,성동구,1120011500,성수동2가,09,00,14,1326.0,11,서울특별시,11140,중구,1114016200,신당동
20260224,11,서울특별시,11140,중구,1114016200,신당동,11,서울특별시,11200,성동구,1120011500,성수동2가,09,15,11,1303.0,11,서울특별시,11140,중구,1114016200,신당동
20260224,11,서울특별시,11140,중구,1114016200,신당동,11,서울특별시,11200,성동구,1120011500,성수동2가,09,30,8,1244.0,11,서울특별시,11140,중구,1114016200,신당동
20260224,11,서울특별시,11140,중구,1114016200,신당동,11,서울특별시,11200,성동구,1120011500,성수동2가,09,45,5,1202.0,11,서울특별시,11140,중구,1114016200,신당동
20260224,11,서울특별시,11140,중구,1114016200,신당동,11,서울특별시,11200,성동구,1120011500,성수동2가,10,00,2,1429.0,11,서울특별시,11140,중구,1114016200,신당동
20260224,11,서울특별시,11140,중구,1114016200,신당동,11,서울특별시,11200,성동구,1120011500,성수동2가,10,15,4,1026.0,11,서울특별시,11140,중구,1114016200,신당동
20260224,11,서울특별시,11140,중구,1114016200,신당동,11,서울특별시,11200,성동구,1120011500,성수동2가,10,30,7,1661.0,11,서울특별시,11140,중구,1114016200,신당동
20260224,11,서울특별시,11140,중구,1114016200,신당동,11,서울특별시,11200,성동구,1120011500,성수동2가,10,45,2,1725.0,11,서울특별시,11140,중구,1114016200,신당동
20260224,11,서울특별시,11140,중구,1114016200,신당동,11,서울특별시,11200,성동구,1120011500,성수동2가,11,00,1,1045.0,11,서울특별시,11140,중구,1114016200,신당동
20260224,11,서울특별시,11140,중구,1114016200,신당동,11,서울특별시,11200,성동구,1120011500,성수동2가,11,15,1,1641.0,11,서울특별시,11140,중구,1114016200,신당동
20260224,11,서울특별시,11140,중구,1114016200,신당동,11,서울특별시,11200,성동구,1120011500,성수동2가,11,30,6,1673.0,11,서울특별시,11140,중구,1114016200,신당동
20260224,11,서울특별시,11140,중구,1114016200,신당동,11,서울특별시,11200,성동구,1120011500,성수동2가,11,45,4,1694.0,11,서울특별시,11140,중구,1114016200,신당동
20260224,11,서울특별시,11140,중구,1114016300,흥인동,11,서울특별시,11200,성동구,1120011500,성수동2가,07,30,2,1098.0,11,서울특별시,11140,중구,1114016300,흥인동
20260224,11,서울특별시,11140,중구,1114016300,흥인동,11,서울특별시,11200,성동구,1120011500,성수동2가,07,45,1,968.0,11,서울특별시,11140,중구,1114016300,흥인동
20260224,11,서울특별시,11140,중구,1114016300,흥인동,11,서울특별시,11200,성동구,1120011500,성수동2가,08,00,3,1076.0,11,서울특별시,11140,중구,1114016300,흥인동
20260224,11,서울특별시,11140,중구,1114016300,흥인동,11,서울특별시,11200,성동구,1120011500,성수동2가,08,45,1,932.0,11,서울특별시,11140,중구,1114016300,흥인동
20260224,11,서울특별시,11140,중구,1114016300,흥인동,11,서울특별시,11200,성동구,1120011500,성수동2가,09,00,1,966.0,11,서울특별시,11140,중구,1114016300,흥인동
20260224,11,서울특별시,11140,중구,1114016300,흥인동,11,서울특별시,11200,성동구,1120011500,성수동2가,09,15,4,1078.0,11,서울특별시,11140,중구,1114016300,흥인동
20260224,11,서울특별시,11140,중구,1114016300,흥인동,11,서울특별시,11200,성동구,1120011500,성수동2가,09,30,2,1170.0,11,서울특별시,11140,중구,1114016300,흥인동
20260224,11,서울특별시,11140,중구,1114016300,흥인동,11,서울특별시,11200,성동구,1120011500,성수동2가,10,15,1,1255.0,11,서울특별시,11140,중구,1114016300,흥인동
20260224,11,서울특별시,11140,중구,1114016300,흥인동,11,서울특별시,11200,성동구,1120011500,성수동2가,10,45,1,1112.0,11,서울특별시,11140,중구,1114016300,흥인동
20260224,11,서울특별시,11140,중구,1114016300,흥인동,11,서울특별시,11200,성동구,1120011500,성수동2가,11,15,4,1036.0,11,서울특별시,11140,중구,1114016300,흥인동
20260224,11,서울특별시,11140,중구,1114016300,흥인동,11,서울특별시,11200,성동구,1120011500,성수동2가,11,30,4,1161.0,11,서울특별시,11140,중구,1114016300,흥인동
20260224,11,서울특별시,11140,중구,1114016300,흥인동,11,서울특별시,11200,성동구,1120011500,성수동2가,11,45,2,1432.0,11,서울특별시,11140,중구,1114016300,흥인동
20260224,11,서울특별시,11140,중구,1114016500,황학동,11,서울특별시,11200,성동구,1120011500,성수동2가,07,00,3,860.0,11,서울특별시,11140,중구,1114016500,황학동
20260224,11,서울특별시,11140,중구,1114016500,황학동,11,서울특별시,11200,성동구,1120011500,성수동2가,07,15,7,793.0,11,서울특별시,11140,중구,1114016500,황학동
20260224,11,서울특별시,11140,중구,1114016500,황학동,11,서울특별시,11200,성동구,1120011500,성수동2가,07,30,4,829.0,11,서울특별시,11140,중구,1114016500,황학동
20260224,11,서울특별시,11140,중구,1114016500,황학동,11,서울특별시,11200,성동구,1120011500,성수동2가,07,45,8,772.0,11,서울특별시,11140,중구,1114016500,황학동
20260224,11,서울특별시,11140,중구,1114016500,황학동,11,서울특별시,11200,성동구,1120011500,성수동2가,08,00,22,758.0,11,서울특별시,11140,중구,1114016500,황학동
20260224,11,서울특별시,11140,중구,1114016500,황학동,11,서울특별시,11200,성동구,1120011500,성수동2가,08,15,21,774.0,11,서울특별시,11140,중구,1114016500,황학동
20260224,11,서울특별시,11140,중구,1114016500,황학동,11,서울특별시,11200,성동구,1120011500,성수동2가,08,30,23,822.0,11,서울특별시,11140,중구,1114016500,황학동
20260224,11,서울특별시,11140,중구,1114016500,황학동,11,서울특별시,11200,성동구,1120011500,성수동2가,08,45,7,754.0,11,서울특별시,11140,중구,1114016500,황학동
20260224,11,서울특별시,11140,중구,1114016500,황학동,11,서울특별시,11200,성동구,1120011500,성수동2가,09,00,13,728.0,11,서울특별시,11140,중구,1114016500,황학동
20260224,11,서울특별시,11140,중구,1114016500,황학동,11,서울특별시,11200,성동구,1120011500,성수동2가,09,15,8,728.0,11,서울특별시,11140,중구,1114016500,황학동
20260224,11,서울특별시,11140,중구,1114016500,황학동,11,서울특별시,11200,성동구,1120011500,성수동2가,09,30,18,765.0,11,서울특별시,11140,중구,1114016500,황학동
20260224,11,서울특별시,11140,중구,1114016500,황학동,11,서울특별시,11200,성동구,1120011500,성수동2가,09,45,3,716.0,11,서울특별시,11140,중구,1114016500,황학동
20260224,11,서울특별시,11140,중구,1114016500,황학동,11,서울특별시,11200,성동구,1120011500,성수동2가,10,00,7,757.0,11,서울특별시,11140,중구,1114016500,황학동
20260224,11,서울특별시,11140,중구,1114016500,황학동,11,서울특별시,11200,성동구,1120011500,성수동2가,10,15,8,843.0,11,서울특별시,11140,중구,1114016500,황학동
20260224,11,서울특별시,11140,중구,1114016500,황학동,11,서울특별시,11200,성동구,1120011500,성수동2가,10,30,4,878.0,11,서울특별시,11140,중구,1114016500,황학동
20260224,11,서울특별시,11140,중구,1114016500,황학동,11,서울특별시,11200,성동구,1120011500,성수동2가,10,45,7,925.0,11,서울특별시,11140,중구,1114016500,황학동
20260224,11,서울특별시,11140,중구,1114016500,황학동,11,서울특별시,11200,성동구,1120011500,성수동2가,11,00,14,881.0,11,서울특별시,11140,중구,1114016500,황학동
20260224,11,서울특별시,11140,중구,1114016500,황학동,11,서울특별시,11200,성동구,1120011500,성수동2가,11,15,4,881.0,11,서울특별시,11140,중구,1114016500,황학동
20260224,11,서울특별시,11140,중구,1114016500,황학동,11,서울특별시,11200,성동구,1120011500,성수동2가,11,30,7,975.0,11,서울특별시,11140,중구,1114016500,황학동
20260224,11,서울특별시,11140,중구,1114016600,서소문동,11,서울특별시,11200,성동구,1120011500,성수동2가,07,30,3,1555.0,11,서울특별시,11140,중구,1114016600,서소문동
20260224,11,서울특별시,11140,중구,1114016600,서소문동,11,서울특별시,11200,성동구,1120011500,성수동2가,07,45,1,1386.0,11,서울특별시,11140,중구,1114016600,서소문동
20260224,11,서울특별시,11140,중구,1114016600,서소문동,11,서울특별시,11200,성동구,1120011500,성수동2가,08,00,13,1436.0,11,서울특별시,11140,중구,1114016600,서소문동
20260224,11,서울특별시,11140,중구,1114016600,서소문동,11,서울특별시,11200,성동구,1120011500,성수동2가,08,15,3,1508.0,11,서울특별시,11140,중구,1114016600,서소문동
20260224,11,서울특별시,11140,중구,1114016600,서소문동,11,서울특별시,11200,성동구,1120011500,성수동2가,08,30,7,1451.0,11,서울특별시,11140,중구,1114016600,서소문동
20260224,11,서울특별시,11140,중구,1114016600,서소문동,11,서울특별시,11200,성동구,1120011500,성수동2가,08,45,15,1440.0,11,서울특별시,11140,중구,1114016600,서소문동
20260224,11,서울특별시,11140,중구,1114016600,서소문동,11,서울특별시,11200,성동구,1120011500,성수동2가,09,00,9,1320.0,11,서울특별시,11140,중구,1114016600,서소문동
20260224,11,서울특별시,11140,중구,1114016600,서소문동,11,서울특별시,11200,성동구,1120011500,성수동2가,09,15,13,1338.0,11,서울특별시,11140,중구,1114016600,서소문동
20260224,11,서울특별시,11140,중구,1114016600,서소문동,11,서울특별시,11200,성동구,1120011500,성수동2가,09,30,17,1436.0,11,서울특별시,11140,중구,1114016600,서소문동
20260224,11,서울특별시,11140,중구,1114016600,서소문동,11,서울특별시,11200,성동구,1120011500,성수동2가,09,45,14,1373.0,11,서울특별시,11140,중구,1114016600,서소문동
20260224,11,서울특별시,11140,중구,1114016600,서소문동,11,서울특별시,11200,성동구,1120011500,성수동2가,10,00,3,1451.0,11,서울특별시,11140,중구,1114016600,서소문동
20260224,11,서울특별시,11140,중구,1114016600,서소문동,11,서울특별시,11200,성동구,1120011500,성수동2가,10,15,21,1368.0,11,서울특별시,11140,중구,1114016600,서소문동
20260224,11,서울특별시,11140,중구,1114016600,서소문동,11,서울특별시,11200,성동구,1120011500,성수동2가,10,30,22,1519.0,11,서울특별시,11140,중구,1114016600,서소문동
20260224,11,서울특별시,11140,중구,1114016600,서소문동,11,서울특별시,11200,성동구,1120011500,성수동2가,10,45,30,1638.0,11,서울특별시,11140,중구,1114016600,서소문동
20260224,11,서울특별시,11140,중구,1114016600,서소문동,11,서울특별시,11200,성동구,1120011500,성수동2가,11,00,19,1486.0,11,서울특별시,11140,중구,1114016600,서소문동
20260224,11,서울특별시,11140,중구,1114016600,서소문동,11,서울특별시,11200,성동구,1120011500,성수동2가,11,15,22,1659.0,11,서울특별시,11140,중구,1114016600,서소문동
20260224,11,서울특별시,11140,중구,1114016600,서소문동,11,서울특별시,11200,성동구,1120011500,성수동2가,11,30,18,1630.0,11,서울특별시,11140,중구,1114016600,서소문동
20260224,11,서울특별시,11140,중구,1114016600,서소문동,11,서울특별시,11200,성동구,1120011500,성수동2가,11,45,33,1423.0,11,서울특별시,11140,중구,1114016600,서소문동
20260224,11,서울특별시,11140,중구,1114016700,정동,11,서울특별시,11200,성동구,1120011500,성수동2가,10,30,2,3583.0,11,서울특별시,11140,중구,1114016700,정동
20260224,11,서울특별시,11140,중구,1114016700,정동,11,서울특별시,11200,성동구,1120011500,성수동2가,11,15,2,2846.0,11,서울특별시,11140,중구,1114016700,정동
20260224,11,서울특별시,11140,중구,1114017100,중림동,11,서울특별시,11200,성동구,1120011500,성수동2가,08,00,1,1614.0,11,서울특별시,11140,중구,1114017100,중림동
20260224,11,서울특별시,11140,중구,1114017400,만리동2가,11,서울특별시,11200,성동구,1120011500,성수동2가,10,45,1,2260.0,11,서울특별시,11140,중구,1114017400,만리동2가
20260224,11,서울특별시,11140,중구,1114017400,만리동2가,11,서울특별시,11200,성동구,1120011500,성수동2가,11,30,1,2172.0,11,서울특별시,11140,중구,1114017400,만리동2가
20260224,11,서울특별시,11170,용산구,1117010100,후암동,11,서울특별시,11200,성동구,1120011500,성수동2가,07,00,2,2182.0,11,서울특별시,11170,용산구,1117010100,후암동
20260224,11,서울특별시,11170,용산구,1117010100,후암동,11,서울특별시,11200,성동구,1120011500,성수동2가,07,30,2,1807.0,11,서울특별시,11170,용산구,1117010100,후암동
20260224,11,서울특별시,11170,용산구,1117010100,후암동,11,서울특별시,11200,성동구,1120011500,성수동2가,07,45,1,1749.0,11,서울특별시,11170,용산구,1117010100,후암동
20260224,11,서울특별시,11170,용산구,1117010100,후암동,11,서울특별시,11200,성동구,1120011500,성수동2가,08,00,4,1955.0,11,서울특별시,11170,용산구,1117010100,후암동
20260224,11,서울특별시,11170,용산구,1117010100,후암동,11,서울특별시,11200,성동구,1120011500,성수동2가,08,15,2,1896.0,11,서울특별시,11170,용산구,1117010100,후암동
20260224,11,서울특별시,11170,용산구,1117010100,후암동,11,서울특별시,11200,성동구,1120011500,성수동2가,08,30,1,2001.0,11,서울특별시,11170,용산구,1117010100,후암동
20260224,11,서울특별시,11170,용산구,1117010100,후암동,11,서울특별시,11200,성동구,1120011500,성수동2가,08,45,2,1769.0,11,서울특별시,11170,용산구,1117010100,후암동
20260224,11,서울특별시,11170,용산구,1117010100,후암동,11,서울특별시,11200,성동구,1120011500,성수동2가,09,15,3,1703.0,11,서울특별시,11170,용산구,1117010100,후암동
20260224,11,서울특별시,11170,용산구,1117010100,후암동,11,서울특별시,11200,성동구,1120011500,성수동2가,09,45,2,1546.0,11,서울특별시,11170,용산구,1117010100,후암동
20260224,11,서울특별시,11170,용산구,1117010100,후암동,11,서울특별시,11200,성동구,1120011500,성수동2가,10,15,1,1594.0,11,서울특별시,11170,용산구,1117010100,후암동
20260224,11,서울특별시,11170,용산구,1117010100,후암동,11,서울특별시,11200,성동구,1120011500,성수동2가,10,45,6,2565.0,11,서울특별시,11170,용산구,1117010100,후암동
20260224,11,서울특별시,11170,용산구,1117010100,후암동,11,서울특별시,11200,성동구,1120011500,성수동2가,11,00,1,1778.0,11,서울특별시,11170,용산구,1117010100,후암동
20260224,11,서울특별시,11170,용산구,1117010200,용산동2가,11,서울특별시,11200,성동구,1120011500,성수동2가,07,30,1,2244.0,11,서울특별시,11170,용산구,1117010200,용산동2가
20260224,11,서울특별시,11170,용산구,1117010200,용산동2가,11,서울특별시,11200,성동구,1120011500,성수동2가,07,45,1,1680.0,11,서울특별시,11170,용산구,1117010200,용산동2가
20260224,11,서울특별시,11170,용산구,1117010200,용산동2가,11,서울특별시,11200,성동구,1120011500,성수동2가,08,00,3,2033.0,11,서울특별시,11170,용산구,1117010200,용산동2가
20260224,11,서울특별시,11170,용산구,1117010200,용산동2가,11,서울특별시,11200,성동구,1120011500,성수동2가,08,15,2,1800.0,11,서울특별시,11170,용산구,1117010200,용산동2가
20260224,11,서울특별시,11170,용산구,1117010200,용산동2가,11,서울특별시,11200,성동구,1120011500,성수동2가,08,30,1,2119.0,11,서울특별시,11170,용산구,1117010200,용산동2가
20260224,11,서울특별시,11170,용산구,1117010200,용산동2가,11,서울특별시,11200,성동구,1120011500,성수동2가,08,45,2,2063.0,11,서울특별시,11170,용산구,1117010200,용산동2가
20260224,11,서울특별시,11170,용산구,1117010200,용산동2가,11,서울특별시,11200,성동구,1120011500,성수동2가,09,00,4,1776.0,11,서울특별시,11170,용산구,1117010200,용산동2가
20260224,11,서울특별시,11170,용산구,1117010200,용산동2가,11,서울특별시,11200,성동구,1120011500,성수동2가,09,30,2,1653.0,11,서울특별시,11170,용산구,1117010200,용산동2가
20260224,11,서울특별시,11170,용산구,1117010200,용산동2가,11,서울특별시,11200,성동구,1120011500,성수동2가,09,45,1,2225.0,11,서울특별시,11170,용산구,1117010200,용산동2가
20260224,11,서울특별시,11170,용산구,1117010200,용산동2가,11,서울특별시,11200,성동구,1120011500,성수동2가,10,15,4,2026.0,11,서울특별시,11170,용산구,1117010200,용산동2가
20260224,11,서울특별시,11170,용산구,1117010200,용산동2가,11,서울특별시,11200,성동구,1120011500,성수동2가,11,45,1,1712.0,11,서울특별시,11170,용산구,1117010200,용산동2가
20260224,11,서울특별시,11170,용산구,1117010300,용산동4가,11,서울특별시,11200,성동구,1120011500,성수동2가,07,45,1,1609.0,11,서울특별시,11170,용산구,1117010300,용산동4가
20260224,11,서울특별시,11170,용산구,1117010300,용산동4가,11,서울특별시,11200,성동구,1120011500,성수동2가,08,00,4,1714.0,11,서울특별시,11170,용산구,1117010300,용산동4가
20260224,11,서울특별시,11170,용산구,1117010300,용산동4가,11,서울특별시,11200,성동구,1120011500,성수동2가,08,45,1,2080.0,11,서울특별시,11170,용산구,1117010300,용산동4가
20260224,11,서울특별시,11170,용산구,1117010300,용산동4가,11,서울특별시,11200,성동구,1120011500,성수동2가,09,00,1,1840.0,11,서울특별시,11170,용산구,1117010300,용산동4가
20260224,11,서울특별시,11170,용산구,1117010300,용산동4가,11,서울특별시,11200,성동구,1120011500,성수동2가,09,15,1,1892.0,11,서울특별시,11170,용산구,1117010300,용산동4가
20260224,11,서울특별시,11170,용산구,1117010300,용산동4가,11,서울특별시,11200,성동구,1120011500,성수동2가,09,30,1,1795.0,11,서울특별시,11170,용산구,1117010300,용산동4가
20260224,11,서울특별시,11170,용산구,1117010300,용산동4가,11,서울특별시,11200,성동구,1120011500,성수동2가,11,45,1,1721.0,11,서울특별시,11170,용산구,1117010300,용산동4가
20260224,11,서울특별시,11170,용산구,1117010400,갈월동,11,서울특별시,11200,성동구,1120011500,성수동2가,07,00,4,1739.0,11,서울특별시,11170,용산구,1117010400,갈월동
20260224,11,서울특별시,11170,용산구,1117010400,갈월동,11,서울특별시,11200,성동구,1120011500,성수동2가,07,30,5,1928.0,11,서울특별시,11170,용산구,1117010400,갈월동
20260224,11,서울특별시,11170,용산구,1117010400,갈월동,11,서울특별시,11200,성동구,1120011500,성수동2가,07,45,6,1864.0,11,서울특별시,11170,용산구,1117010400,갈월동
20260224,11,서울특별시,11170,용산구,1117010400,갈월동,11,서울특별시,11200,성동구,1120011500,성수동2가,08,00,7,1819.0,11,서울특별시,11170,용산구,1117010400,갈월동
20260224,11,서울특별시,11170,용산구,1117010400,갈월동,11,서울특별시,11200,성동구,1120011500,성수동2가,08,15,7,1724.0,11,서울특별시,11170,용산구,1117010400,갈월동
20260224,11,서울특별시,11170,용산구,1117010400,갈월동,11,서울특별시,11200,성동구,1120011500,성수동2가,08,30,7,1846.0,11,서울특별시,11170,용산구,1117010400,갈월동
20260224,11,서울특별시,11170,용산구,1117010400,갈월동,11,서울특별시,11200,성동구,1120011500,성수동2가,08,45,3,1827.0,11,서울특별시,11170,용산구,1117010400,갈월동
20260224,11,서울특별시,11170,용산구,1117010400,갈월동,11,서울특별시,11200,성동구,1120011500,성수동2가,09,00,3,1826.0,11,서울특별시,11170,용산구,1117010400,갈월동
20260224,11,서울특별시,11170,용산구,1117010400,갈월동,11,서울특별시,11200,성동구,1120011500,성수동2가,09,15,2,1887.0,11,서울특별시,11170,용산구,1117010400,갈월동
20260224,11,서울특별시,11170,용산구,1117010400,갈월동,11,서울특별시,11200,성동구,1120011500,성수동2가,09,30,1,1540.0,11,서울특별시,11170,용산구,1117010400,갈월동
20260224,11,서울특별시,11170,용산구,1117010400,갈월동,11,서울특별시,11200,성동구,1120011500,성수동2가,09,45,6,2109.0,11,서울특별시,11170,용산구,1117010400,갈월동
20260224,11,서울특별시,11170,용산구,1117010400,갈월동,11,서울특별시,11200,성동구,1120011500,성수동2가,10,00,6,2240.0,11,서울특별시,11170,용산구,1117010400,갈월동
20260224,11,서울특별시,11170,용산구,1117010400,갈월동,11,서울특별시,11200,성동구,1120011500,성수동2가,10,15,1,1656.0,11,서울특별시,11170,용산구,1117010400,갈월동
20260224,11,서울특별시,11170,용산구,1117010400,갈월동,11,서울특별시,11200,성동구,1120011500,성수동2가,10,30,4,1825.0,11,서울특별시,11170,용산구,1117010400,갈월동
20260224,11,서울특별시,11170,용산구,1117010400,갈월동,11,서울특별시,11200,성동구,1120011500,성수동2가,10,45,3,1816.0,11,서울특별시,11170,용산구,1117010400,갈월동
20260224,11,서울특별시,11170,용산구,1117010400,갈월동,11,서울특별시,11200,성동구,1120011500,성수동2가,11,15,1,1773.0,11,서울특별시,11170,용산구,1117010400,갈월동
20260224,11,서울특별시,11170,용산구,1117010400,갈월동,11,서울특별시,11200,성동구,1120011500,성수동2가,11,30,1,1720.0,11,서울특별시,11170,용산구,1117010400,갈월동
20260224,11,서울특별시,11170,용산구,1117010400,갈월동,11,서울특별시,11200,성동구,1120011500,성수동2가,11,45,3,1628.0,11,서울특별시,11170,용산구,1117010400,갈월동
20260224,11,서울특별시,11170,용산구,1117010700,동자동,11,서울특별시,11200,성동구,1120011500,성수동2가,07,00,1,1670.0,11,서울특별시,11170,용산구,1117010700,동자동
20260224,11,서울특별시,11170,용산구,1117010700,동자동,11,서울특별시,11200,성동구,1120011500,성수동2가,07,45,2,1598.0,11,서울특별시,11170,용산구,1117010700,동자동
20260224,11,서울특별시,11170,용산구,1117010700,동자동,11,서울특별시,11200,성동구,1120011500,성수동2가,08,00,1,1699.0,11,서울특별시,11170,용산구,1117010700,동자동
20260224,11,서울특별시,11170,용산구,1117010700,동자동,11,서울특별시,11200,성동구,1120011500,성수동2가,08,15,1,1862.0,11,서울특별시,11170,용산구,1117010700,동자동
20260224,11,서울특별시,11170,용산구,1117010700,동자동,11,서울특별시,11200,성동구,1120011500,성수동2가,08,30,4,1743.0,11,서울특별시,11170,용산구,1117010700,동자동
20260224,11,서울특별시,11170,용산구,1117010700,동자동,11,서울특별시,11200,성동구,1120011500,성수동2가,08,45,1,1808.0,11,서울특별시,11170,용산구,1117010700,동자동
20260224,11,서울특별시,11170,용산구,1117010700,동자동,11,서울특별시,11200,성동구,1120011500,성수동2가,09,00,2,2106.0,11,서울특별시,11170,용산구,1117010700,동자동
20260224,11,서울특별시,11170,용산구,1117010700,동자동,11,서울특별시,11200,성동구,1120011500,성수동2가,09,15,6,1963.0,11,서울특별시,11170,용산구,1117010700,동자동
20260224,11,서울특별시,11170,용산구,1117010700,동자동,11,서울특별시,11200,성동구,1120011500,성수동2가,09,30,2,1664.0,11,서울특별시,11170,용산구,1117010700,동자동
20260224,11,서울특별시,11170,용산구,1117010700,동자동,11,서울특별시,11200,성동구,1120011500,성수동2가,09,45,1,1649.0,11,서울특별시,11170,용산구,1117010700,동자동
20260224,11,서울특별시,11170,용산구,1117010700,동자동,11,서울특별시,11200,성동구,1120011500,성수동2가,10,00,1,2052.0,11,서울특별시,11170,용산구,1117010700,동자동
20260224,11,서울특별시,11170,용산구,1117010700,동자동,11,서울특별시,11200,성동구,1120011500,성수동2가,10,15,4,1777.0,11,서울특별시,11170,용산구,1117010700,동자동
20260224,11,서울특별시,11170,용산구,1117010700,동자동,11,서울특별시,11200,성동구,1120011500,성수동2가,10,45,2,1803.0,11,서울특별시,11170,용산구,1117010700,동자동
20260224,11,서울특별시,11170,용산구,1117010700,동자동,11,서울특별시,11200,성동구,1120011500,성수동2가,11,00,7,1805.0,11,서울특별시,11170,용산구,1117010700,동자동
20260224,11,서울특별시,11170,용산구,1117010700,동자동,11,서울특별시,11200,성동구,1120011500,성수동2가,11,15,6,2769.0,11,서울특별시,11170,용산구,1117010700,동자동
20260224,11,서울특별시,11170,용산구,1117010700,동자동,11,서울특별시,11200,성동구,1120011500,성수동2가,11,30,2,1996.0,11,서울특별시,11170,용산구,1117010700,동자동
20260224,11,서울특별시,11170,용산구,1117010700,동자동,11,서울특별시,11200,성동구,1120011500,성수동2가,11,45,3,1670.0,11,서울특별시,11170,용산구,1117010700,동자동
20260224,11,서울특별시,11170,용산구,1117010800,서계동,11,서울특별시,11200,성동구,1120011500,성수동2가,07,00,1,2662.0,11,서울특별시,11170,용산구,1117010800,서계동
20260224,11,서울특별시,11170,용산구,1117010800,서계동,11,서울특별시,11200,성동구,1120011500,성수동2가,08,00,1,1548.0,11,서울특별시,11170,용산구,1117010800,서계동
20260224,11,서울특별시,11170,용산구,1117010800,서계동,11,서울특별시,11200,성동구,1120011500,성수동2가,09,00,3,3124.0,11,서울특별시,11170,용산구,1117010800,서계동
20260224,11,서울특별시,11170,용산구,1117010800,서계동,11,서울특별시,11200,성동구,1120011500,성수동2가,09,30,1,1816.0,11,서울특별시,11170,용산구,1117010800,서계동
20260224,11,서울특별시,11170,용산구,1117010800,서계동,11,서울특별시,11200,성동구,1120011500,성수동2가,10,45,1,1959.0,11,서울특별시,11170,용산구,1117010800,서계동
20260224,11,서울특별시,11170,용산구,1117010900,청파동1가,11,서울특별시,11200,성동구,1120011500,성수동2가,07,00,1,1849.0,11,서울특별시,11170,용산구,1117010900,청파동1가
20260224,11,서울특별시,11170,용산구,1117010900,청파동1가,11,서울특별시,11200,성동구,1120011500,성수동2가,08,00,1,2399.0,11,서울특별시,11170,용산구,1117010900,청파동1가
20260224,11,서울특별시,11170,용산구,1117010900,청파동1가,11,서울특별시,11200,성동구,1120011500,성수동2가,08,15,1,2407.0,11,서울특별시,11170,용산구,1117010900,청파동1가
20260224,11,서울특별시,11170,용산구,1117011000,청파동2가,11,서울특별시,11200,성동구,1120011500,성수동2가,10,30,1,3344.0,11,서울특별시,11170,용산구,1117011000,청파동2가
20260224,11,서울특별시,11170,용산구,1117011000,청파동2가,11,서울특별시,11200,성동구,1120011500,성수동2가,11,30,2,3759.0,11,서울특별시,11170,용산구,1117011000,청파동2가
20260224,11,서울특별시,11170,용산구,1117011200,원효로1가,11,서울특별시,11200,성동구,1120011500,성수동2가,08,45,1,2179.0,11,서울특별시,11170,용산구,1117011200,원효로1가
20260224,11,서울특별시,11170,용산구,1117011300,원효로2가,11,서울특별시,11200,성동구,1120011500,성수동2가,08,15,1,2274.0,11,서울특별시,11170,용산구,1117011300,원효로2가
20260224,11,서울특별시,11170,용산구,1117011400,신창동,11,서울특별시,11200,성동구,1120011500,성수동2가,08,45,1,2089.0,11,서울특별시,11170,용산구,1117011400,신창동
20260224,11,서울특별시,11170,용산구,1117011400,신창동,11,서울특별시,11200,성동구,1120011500,성수동2가,09,00,2,1971.0,11,서울특별시,11170,용산구,1117011400,신창동
20260224,11,서울특별시,11170,용산구,1117011400,신창동,11,서울특별시,11200,성동구,1120011500,성수동2가,10,00,1,2126.0,11,서울특별시,11170,용산구,1117011400,신창동
20260224,11,서울특별시,11170,용산구,1117011500,산천동,11,서울특별시,11200,성동구,1120011500,성수동2가,07,45,2,2774.0,11,서울특별시,11170,용산구,1117011500,산천동
20260224,11,서울특별시,11170,용산구,1117011500,산천동,11,서울특별시,11200,성동구,1120011500,성수동2가,11,30,1,2955.0,11,서울특별시,11170,용산구,1117011500,산천동
20260224,11,서울특별시,11170,용산구,1117011600,청암동,11,서울특별시,11200,성동구,1120011500,성수동2가,11,30,1,2704.0,11,서울특별시,11170,용산구,1117011600,청암동
20260224,11,서울특별시,11170,용산구,1117011700,원효로3가,11,서울특별시,11200,성동구,1120011500,성수동2가,07,45,1,2852.0,11,서울특별시,11170,용산구,1117011700,원효로3가
20260224,11,서울특별시,11170,용산구,1117011800,원효로4가,11,서울특별시,11200,성동구,1120011500,성수동2가,08,30,1,2079.0,11,서울특별시,11170,용산구,1117011800,원효로4가
20260224,11,서울특별시,11170,용산구,1117011900,효창동,11,서울특별시,11200,성동구,1120011500,성수동2가,07,00,2,2225.0,11,서울특별시,11170,용산구,1117011900,효창동
20260224,11,서울특별시,11170,용산구,1117011900,효창동,11,서울특별시,11200,성동구,1120011500,성수동2가,07,15,4,1963.0,11,서울특별시,11170,용산구,1117011900,효창동
20260224,11,서울특별시,11170,용산구,1117011900,효창동,11,서울특별시,11200,성동구,1120011500,성수동2가,07,30,4,2220.0,11,서울특별시,11170,용산구,1117011900,효창동
20260224,11,서울특별시,11170,용산구,1117011900,효창동,11,서울특별시,11200,성동구,1120011500,성수동2가,07,45,6,2019.0,11,서울특별시,11170,용산구,1117011900,효창동
20260224,11,서울특별시,11170,용산구,1117011900,효창동,11,서울특별시,11200,성동구,1120011500,성수동2가,08,00,5,2034.0,11,서울특별시,11170,용산구,1117011900,효창동
20260224,11,서울특별시,11170,용산구,1117011900,효창동,11,서울특별시,11200,성동구,1120011500,성수동2가,08,15,3,2140.0,11,서울특별시,11170,용산구,1117011900,효창동
20260224,11,서울특별시,11170,용산구,1117011900,효창동,11,서울특별시,11200,성동구,1120011500,성수동2가,08,30,1,2007.0,11,서울특별시,11170,용산구,1117011900,효창동
20260224,11,서울특별시,11170,용산구,1117011900,효창동,11,서울특별시,11200,성동구,1120011500,성수동2가,08,45,4,2042.0,11,서울특별시,11170,용산구,1117011900,효창동
20260224,11,서울특별시,11170,용산구,1117011900,효창동,11,서울특별시,11200,성동구,1120011500,성수동2가,09,00,2,2051.0,11,서울특별시,11170,용산구,1117011900,효창동
20260224,11,서울특별시,11170,용산구,1117011900,효창동,11,서울특별시,11200,성동구,1120011500,성수동2가,09,15,2,1964.0,11,서울특별시,11170,용산구,1117011900,효창동
20260224,11,서울특별시,11170,용산구,1117011900,효창동,11,서울특별시,11200,성동구,1120011500,성수동2가,10,00,3,1854.0,11,서울특별시,11170,용산구,1117011900,효창동
20260224,11,서울특별시,11170,용산구,1117011900,효창동,11,서울특별시,11200,성동구,1120011500,성수동2가,10,15,1,2329.0,11,서울특별시,11170,용산구,1117011900,효창동
20260224,11,서울특별시,11170,용산구,1117011900,효창동,11,서울특별시,11200,성동구,1120011500,성수동2가,10,30,1,2184.0,11,서울특별시,11170,용산구,1117011900,효창동
20260224,11,서울특별시,11170,용산구,1117011900,효창동,11,서울특별시,11200,성동구,1120011500,성수동2가,11,45,1,2397.0,11,서울특별시,11170,용산구,1117011900,효창동
20260224,11,서울특별시,11170,용산구,1117012000,도원동,11,서울특별시,11200,성동구,1120011500,성수동2가,07,30,2,2350.0,11,서울특별시,11170,용산구,1117012000,도원동
20260224,11,서울특별시,11170,용산구,1117012000,도원동,11,서울특별시,11200,성동구,1120011500,성수동2가,10,00,2,2742.0,11,서울특별시,11170,용산구,1117012000,도원동
20260224,11,서울특별시,11170,용산구,1117012100,용문동,11,서울특별시,11200,성동구,1120011500,성수동2가,07,00,2,2137.0,11,서울특별시,11170,용산구,1117012100,용문동
20260224,11,서울특별시,11170,용산구,1117012100,용문동,11,서울특별시,11200,성동구,1120011500,성수동2가,07,30,3,2220.0,11,서울특별시,11170,용산구,1117012100,용문동
20260224,11,서울특별시,11170,용산구,1117012100,용문동,11,서울특별시,11200,성동구,1120011500,성수동2가,07,45,2,2188.0,11,서울특별시,11170,용산구,1117012100,용문동
20260224,11,서울특별시,11170,용산구,1117012100,용문동,11,서울특별시,11200,성동구,1120011500,성수동2가,08,00,6,2200.0,11,서울특별시,11170,용산구,1117012100,용문동
20260224,11,서울특별시,11170,용산구,1117012100,용문동,11,서울특별시,11200,성동구,1120011500,성수동2가,08,15,2,1924.0,11,서울특별시,11170,용산구,1117012100,용문동
20260224,11,서울특별시,11170,용산구,1117012100,용문동,11,서울특별시,11200,성동구,1120011500,성수동2가,08,30,1,2152.0,11,서울특별시,11170,용산구,1117012100,용문동
20260224,11,서울특별시,11170,용산구,1117012100,용문동,11,서울특별시,11200,성동구,1120011500,성수동2가,08,45,2,2252.0,11,서울특별시,11170,용산구,1117012100,용문동
20260224,11,서울특별시,11170,용산구,1117012100,용문동,11,서울특별시,11200,성동구,1120011500,성수동2가,09,00,1,1899.0,11,서울특별시,11170,용산구,1117012100,용문동
20260224,11,서울특별시,11170,용산구,1117012100,용문동,11,서울특별시,11200,성동구,1120011500,성수동2가,09,15,2,1930.0,11,서울특별시,11170,용산구,1117012100,용문동
20260224,11,서울특별시,11170,용산구,1117012100,용문동,11,서울특별시,11200,성동구,1120011500,성수동2가,09,45,1,2708.0,11,서울특별시,11170,용산구,1117012100,용문동
20260224,11,서울특별시,11170,용산구,1117012100,용문동,11,서울특별시,11200,성동구,1120011500,성수동2가,10,15,4,2725.0,11,서울특별시,11170,용산구,1117012100,용문동
20260224,11,서울특별시,11170,용산구,1117012200,문배동,11,서울특별시,11200,성동구,1120011500,성수동2가,09,00,1,2175.0,11,서울특별시,11170,용산구,1117012200,문배동
20260224,11,서울특별시,11170,용산구,1117012300,신계동,11,서울특별시,11200,성동구,1120011500,성수동2가,07,45,1,1938.0,11,서울특별시,11170,용산구,1117012300,신계동
20260224,11,서울특별시,11170,용산구,1117012300,신계동,11,서울특별시,11200,성동구,1120011500,성수동2가,09,00,1,2460.0,11,서울특별시,11170,용산구,1117012300,신계동
20260224,11,서울특별시,11170,용산구,1117012400,한강로1가,11,서울특별시,11200,성동구,1120011500,성수동2가,07,30,3,1878.0,11,서울특별시,11170,용산구,1117012400,한강로1가
20260224,11,서울특별시,11170,용산구,1117012400,한강로1가,11,서울특별시,11200,성동구,1120011500,성수동2가,07,45,4,1789.0,11,서울특별시,11170,용산구,1117012400,한강로1가
20260224,11,서울특별시,11170,용산구,1117012400,한강로1가,11,서울특별시,11200,성동구,1120011500,성수동2가,08,00,3,2179.0,11,서울특별시,11170,용산구,1117012400,한강로1가
20260224,11,서울특별시,11170,용산구,1117012400,한강로1가,11,서울특별시,11200,성동구,1120011500,성수동2가,08,15,2,1916.0,11,서울특별시,11170,용산구,1117012400,한강로1가
20260224,11,서울특별시,11170,용산구,1117012400,한강로1가,11,서울특별시,11200,성동구,1120011500,성수동2가,08,45,3,1773.0,11,서울특별시,11170,용산구,1117012400,한강로1가
20260224,11,서울특별시,11170,용산구,1117012400,한강로1가,11,서울특별시,11200,성동구,1120011500,성수동2가,09,00,3,1968.0,11,서울특별시,11170,용산구,1117012400,한강로1가
20260224,11,서울특별시,11170,용산구,1117012400,한강로1가,11,서울특별시,11200,성동구,1120011500,성수동2가,09,15,1,1929.0,11,서울특별시,11170,용산구,1117012400,한강로1가
20260224,11,서울특별시,11170,용산구,1117012400,한강로1가,11,서울특별시,11200,성동구,1120011500,성수동2가,10,00,1,1873.0,11,서울특별시,11170,용산구,1117012400,한강로1가
20260224,11,서울특별시,11170,용산구,1117012400,한강로1가,11,서울특별시,11200,성동구,1120011500,성수동2가,10,15,2,1744.0,11,서울특별시,11170,용산구,1117012400,한강로1가
20260224,11,서울특별시,11170,용산구,1117012400,한강로1가,11,서울특별시,11200,성동구,1120011500,성수동2가,11,00,1,2067.0,11,서울특별시,11170,용산구,1117012400,한강로1가
20260224,11,서울특별시,11170,용산구,1117012400,한강로1가,11,서울특별시,11200,성동구,1120011500,성수동2가,11,15,1,2005.0,11,서울특별시,11170,용산구,1117012400,한강로1가
20260224,11,서울특별시,11170,용산구,1117012400,한강로1가,11,서울특별시,11200,성동구,1120011500,성수동2가,11,30,1,1759.0,11,서울특별시,11170,용산구,1117012400,한강로1가
20260224,11,서울특별시,11170,용산구,1117012500,한강로2가,11,서울특별시,11200,성동구,1120011500,성수동2가,07,45,3,1930.0,11,서울특별시,11170,용산구,1117012500,한강로2가
20260224,11,서울특별시,11170,용산구,1117012500,한강로2가,11,서울특별시,11200,성동구,1120011500,성수동2가,08,00,3,2120.0,11,서울특별시,11170,용산구,1117012500,한강로2가
20260224,11,서울특별시,11170,용산구,1117012500,한강로2가,11,서울특별시,11200,성동구,1120011500,성수동2가,08,15,2,1914.0,11,서울특별시,11170,용산구,1117012500,한강로2가
20260224,11,서울특별시,11170,용산구,1117012500,한강로2가,11,서울특별시,11200,성동구,1120011500,성수동2가,08,30,1,1949.0,11,서울특별시,11170,용산구,1117012500,한강로2가
20260224,11,서울특별시,11170,용산구,1117012500,한강로2가,11,서울특별시,11200,성동구,1120011500,성수동2가,09,00,1,2163.0,11,서울특별시,11170,용산구,1117012500,한강로2가
20260224,11,서울특별시,11170,용산구,1117012500,한강로2가,11,서울특별시,11200,성동구,1120011500,성수동2가,09,15,1,1832.0,11,서울특별시,11170,용산구,1117012500,한강로2가
20260224,11,서울특별시,11170,용산구,1117012500,한강로2가,11,서울특별시,11200,성동구,1120011500,성수동2가,10,00,3,1898.0,11,서울특별시,11170,용산구,1117012500,한강로2가
20260224,11,서울특별시,11170,용산구,1117012500,한강로2가,11,서울특별시,11200,성동구,1120011500,성수동2가,10,15,1,1963.0,11,서울특별시,11170,용산구,1117012500,한강로2가
20260224,11,서울특별시,11170,용산구,1117012500,한강로2가,11,서울특별시,11200,성동구,1120011500,성수동2가,10,45,2,2071.0,11,서울특별시,11170,용산구,1117012500,한강로2가
20260224,11,서울특별시,11170,용산구,1117012500,한강로2가,11,서울특별시,11200,성동구,1120011500,성수동2가,11,00,4,2027.0,11,서울특별시,11170,용산구,1117012500,한강로2가
20260224,11,서울특별시,11170,용산구,1117012500,한강로2가,11,서울특별시,11200,성동구,1120011500,성수동2가,11,15,2,2079.0,11,서울특별시,11170,용산구,1117012500,한강로2가
20260224,11,서울특별시,11170,용산구,1117012500,한강로2가,11,서울특별시,11200,성동구,1120011500,성수동2가,11,30,1,2200.0,11,서울특별시,11170,용산구,1117012500,한강로2가
20260224,11,서울특별시,11170,용산구,1117012700,용산동5가,11,서울특별시,11200,성동구,1120011500,성수동2가,07,00,1,3817.0,11,서울특별시,11170,용산구,1117012700,용산동5가
20260224,11,서울특별시,11170,용산구,1117012700,용산동5가,11,서울특별시,11200,성동구,1120011500,성수동2가,07,15,1,1882.0,11,서울특별시,11170,용산구,1117012700,용산동5가
20260224,11,서울특별시,11170,용산구,1117012700,용산동5가,11,서울특별시,11200,성동구,1120011500,성수동2가,07,30,4,2056.0,11,서울특별시,11170,용산구,1117012700,용산동5가
20260224,11,서울특별시,11170,용산구,1117012700,용산동5가,11,서울특별시,11200,성동구,1120011500,성수동2가,07,45,4,1716.0,11,서울특별시,11170,용산구,1117012700,용산동5가
20260224,11,서울특별시,11170,용산구,1117012700,용산동5가,11,서울특별시,11200,성동구,1120011500,성수동2가,08,00,1,2291.0,11,서울특별시,11170,용산구,1117012700,용산동5가
20260224,11,서울특별시,11170,용산구,1117012700,용산동5가,11,서울특별시,11200,성동구,1120011500,성수동2가,08,15,2,1650.0,11,서울특별시,11170,용산구,1117012700,용산동5가
20260224,11,서울특별시,11170,용산구,1117012700,용산동5가,11,서울특별시,11200,성동구,1120011500,성수동2가,08,30,2,1786.0,11,서울특별시,11170,용산구,1117012700,용산동5가
20260224,11,서울특별시,11170,용산구,1117012700,용산동5가,11,서울특별시,11200,성동구,1120011500,성수동2가,08,45,1,2578.0,11,서울특별시,11170,용산구,1117012700,용산동5가
20260224,11,서울특별시,11170,용산구,1117012700,용산동5가,11,서울특별시,11200,성동구,1120011500,성수동2가,09,00,5,2071.0,11,서울특별시,11170,용산구,1117012700,용산동5가
20260224,11,서울특별시,11170,용산구,1117012700,용산동5가,11,서울특별시,11200,성동구,1120011500,성수동2가,09,30,3,2217.0,11,서울특별시,11170,용산구,1117012700,용산동5가
20260224,11,서울특별시,11170,용산구,1117012700,용산동5가,11,서울특별시,11200,성동구,1120011500,성수동2가,09,45,1,1572.0,11,서울특별시,11170,용산구,1117012700,용산동5가
20260224,11,서울특별시,11170,용산구,1117012700,용산동5가,11,서울특별시,11200,성동구,1120011500,성수동2가,10,00,1,2003.0,11,서울특별시,11170,용산구,1117012700,용산동5가
20260224,11,서울특별시,11170,용산구,1117012700,용산동5가,11,서울특별시,11200,성동구,1120011500,성수동2가,10,15,1,2054.0,11,서울특별시,11170,용산구,1117012700,용산동5가
20260224,11,서울특별시,11170,용산구,1117012700,용산동5가,11,서울특별시,11200,성동구,1120011500,성수동2가,11,30,3,2213.0,11,서울특별시,11170,용산구,1117012700,용산동5가
20260224,11,서울특별시,11170,용산구,1117012800,한강로3가,11,서울특별시,11200,성동구,1120011500,성수동2가,07,30,9,2075.0,11,서울특별시,11170,용산구,1117012800,한강로3가
20260224,11,서울특별시,11170,용산구,1117012800,한강로3가,11,서울특별시,11200,성동구,1120011500,성수동2가,07,45,1,2028.0,11,서울특별시,11170,용산구,1117012800,한강로3가
20260224,11,서울특별시,11170,용산구,1117012800,한강로3가,11,서울특별시,11200,성동구,1120011500,성수동2가,08,15,1,2067.0,11,서울특별시,11170,용산구,1117012800,한강로3가
20260224,11,서울특별시,11170,용산구,1117012800,한강로3가,11,서울특별시,11200,성동구,1120011500,성수동2가,08,30,3,1923.0,11,서울특별시,11170,용산구,1117012800,한강로3가
20260224,11,서울특별시,11170,용산구,1117012800,한강로3가,11,서울특별시,11200,성동구,1120011500,성수동2가,09,00,3,2327.0,11,서울특별시,11170,용산구,1117012800,한강로3가
20260224,11,서울특별시,11170,용산구,1117012800,한강로3가,11,서울특별시,11200,성동구,1120011500,성수동2가,09,15,7,2093.0,11,서울특별시,11170,용산구,1117012800,한강로3가
20260224,11,서울특별시,11170,용산구,1117012800,한강로3가,11,서울특별시,11200,성동구,1120011500,성수동2가,09,30,7,2427.0,11,서울특별시,11170,용산구,1117012800,한강로3가
20260224,11,서울특별시,11170,용산구,1117012800,한강로3가,11,서울특별시,11200,성동구,1120011500,성수동2가,09,45,6,2144.0,11,서울특별시,11170,용산구,1117012800,한강로3가
20260224,11,서울특별시,11170,용산구,1117012800,한강로3가,11,서울특별시,11200,성동구,1120011500,성수동2가,10,00,1,1860.0,11,서울특별시,11170,용산구,1117012800,한강로3가
20260224,11,서울특별시,11170,용산구,1117012800,한강로3가,11,서울특별시,11200,성동구,1120011500,성수동2가,10,15,3,2434.0,11,서울특별시,11170,용산구,1117012800,한강로3가
20260224,11,서울특별시,11170,용산구,1117012800,한강로3가,11,서울특별시,11200,성동구,1120011500,성수동2가,10,30,2,2076.0,11,서울특별시,11170,용산구,1117012800,한강로3가
20260224,11,서울특별시,11170,용산구,1117012800,한강로3가,11,서울특별시,11200,성동구,1120011500,성수동2가,10,45,15,2769.0,11,서울특별시,11170,용산구,1117012800,한강로3가
20260224,11,서울특별시,11170,용산구,1117012800,한강로3가,11,서울특별시,11200,성동구,1120011500,성수동2가,11,00,1,2123.0,11,서울특별시,11170,용산구,1117012800,한강로3가
20260224,11,서울특별시,11170,용산구,1117012800,한강로3가,11,서울특별시,11200,성동구,1120011500,성수동2가,11,30,3,2201.0,11,서울특별시,11170,용산구,1117012800,한강로3가
20260224,11,서울특별시,11170,용산구,1117012800,한강로3가,11,서울특별시,11200,성동구,1120011500,성수동2가,11,45,2,2621.0,11,서울특별시,11170,용산구,1117012800,한강로3가
20260224,11,서울특별시,11170,용산구,1117012900,이촌동,11,서울특별시,11200,성동구,1120011500,성수동2가,07,00,1,1604.0,11,서울특별시,11170,용산구,1117012900,이촌동
20260224,11,서울특별시,11170,용산구,1117012900,이촌동,11,서울특별시,11200,성동구,1120011500,성수동2가,07,30,2,2804.0,11,서울특별시,11170,용산구,1117012900,이촌동
20260224,11,서울특별시,11170,용산구,1117012900,이촌동,11,서울특별시,11200,성동구,1120011500,성수동2가,07,45,1,2140.0,11,서울특별시,11170,용산구,1117012900,이촌동
20260224,11,서울특별시,11170,용산구,1117012900,이촌동,11,서울특별시,11200,성동구,1120011500,성수동2가,08,00,1,3034.0,11,서울특별시,11170,용산구,1117012900,이촌동
20260224,11,서울특별시,11170,용산구,1117012900,이촌동,11,서울특별시,11200,성동구,1120011500,성수동2가,08,30,1,2468.0,11,서울특별시,11170,용산구,1117012900,이촌동
20260224,11,서울특별시,11170,용산구,1117012900,이촌동,11,서울특별시,11200,성동구,1120011500,성수동2가,08,45,2,2456.0,11,서울특별시,11170,용산구,1117012900,이촌동
20260224,11,서울특별시,11170,용산구,1117012900,이촌동,11,서울특별시,11200,성동구,1120011500,성수동2가,10,15,3,2160.0,11,서울특별시,11170,용산구,1117012900,이촌동
20260224,11,서울특별시,11170,용산구,1117012900,이촌동,11,서울특별시,11200,성동구,1120011500,성수동2가,10,45,1,3843.0,11,서울특별시,11170,용산구,1117012900,이촌동
20260224,11,서울특별시,11170,용산구,1117013000,이태원동,11,서울특별시,11200,성동구,1120011500,성수동2가,07,00,1,1415.0,11,서울특별시,11170,용산구,1117013000,이태원동
20260224,11,서울특별시,11170,용산구,1117013000,이태원동,11,서울특별시,11200,성동구,1120011500,성수동2가,07,45,2,1673.0,11,서울특별시,11170,용산구,1117013000,이태원동
20260224,11,서울특별시,11170,용산구,1117013000,이태원동,11,서울특별시,11200,성동구,1120011500,성수동2가,08,00,4,1779.0,11,서울특별시,11170,용산구,1117013000,이태원동
20260224,11,서울특별시,11170,용산구,1117013000,이태원동,11,서울특별시,11200,성동구,1120011500,성수동2가,08,15,3,1821.0,11,서울특별시,11170,용산구,1117013000,이태원동
20260224,11,서울특별시,11170,용산구,1117013000,이태원동,11,서울특별시,11200,성동구,1120011500,성수동2가,08,30,1,1864.0,11,서울특별시,11170,용산구,1117013000,이태원동
20260224,11,서울특별시,11170,용산구,1117013000,이태원동,11,서울특별시,11200,성동구,1120011500,성수동2가,08,45,5,1965.0,11,서울특별시,11170,용산구,1117013000,이태원동
20260224,11,서울특별시,11170,용산구,1117013000,이태원동,11,서울특별시,11200,성동구,1120011500,성수동2가,09,00,4,1837.0,11,서울특별시,11170,용산구,1117013000,이태원동
20260224,11,서울특별시,11170,용산구,1117013000,이태원동,11,서울특별시,11200,성동구,1120011500,성수동2가,09,15,1,1740.0,11,서울특별시,11170,용산구,1117013000,이태원동
20260224,11,서울특별시,11170,용산구,1117013000,이태원동,11,서울특별시,11200,성동구,1120011500,성수동2가,09,30,2,2007.0,11,서울특별시,11170,용산구,1117013000,이태원동
20260224,11,서울특별시,11170,용산구,1117013000,이태원동,11,서울특별시,11200,성동구,1120011500,성수동2가,10,30,1,1789.0,11,서울특별시,11170,용산구,1117013000,이태원동
20260224,11,서울특별시,11170,용산구,1117013000,이태원동,11,서울특별시,11200,성동구,1120011500,성수동2가,11,00,3,2134.0,11,서울특별시,11170,용산구,1117013000,이태원동
20260224,11,서울특별시,11170,용산구,1117013000,이태원동,11,서울특별시,11200,성동구,1120011500,성수동2가,11,15,1,2076.0,11,서울특별시,11170,용산구,1117013000,이태원동
20260224,11,서울특별시,11170,용산구,1117013000,이태원동,11,서울특별시,11200,성동구,1120011500,성수동2가,11,30,1,1845.0,11,서울특별시,11170,용산구,1117013000,이태원동
20260224,11,서울특별시,11170,용산구,1117013000,이태원동,11,서울특별시,11200,성동구,1120011500,성수동2가,11,45,8,2340.0,11,서울특별시,11170,용산구,1117013000,이태원동
20260224,11,서울특별시,11170,용산구,1117013100,한남동,11,서울특별시,11200,성동구,1120011500,성수동2가,07,00,1,1594.0,11,서울특별시,11170,용산구,1117013100,한남동
20260224,11,서울특별시,11170,용산구,1117013100,한남동,11,서울특별시,11200,성동구,1120011500,성수동2가,07,30,2,1492.0,11,서울특별시,11170,용산구,1117013100,한남동
20260224,11,서울특별시,11170,용산구,1117013100,한남동,11,서울특별시,11200,성동구,1120011500,성수동2가,08,00,3,1607.0,11,서울특별시,11170,용산구,1117013100,한남동
20260224,11,서울특별시,11170,용산구,1117013100,한남동,11,서울특별시,11200,성동구,1120011500,성수동2가,08,15,2,1486.0,11,서울특별시,11170,용산구,1117013100,한남동
20260224,11,서울특별시,11170,용산구,1117013100,한남동,11,서울특별시,11200,성동구,1120011500,성수동2가,08,45,2,1467.0,11,서울특별시,11170,용산구,1117013100,한남동
20260224,11,서울특별시,11170,용산구,1117013100,한남동,11,서울특별시,11200,성동구,1120011500,성수동2가,09,15,1,1848.0,11,서울특별시,11170,용산구,1117013100,한남동
20260224,11,서울특별시,11170,용산구,1117013100,한남동,11,서울특별시,11200,성동구,1120011500,성수동2가,09,45,1,1628.0,11,서울특별시,11170,용산구,1117013100,한남동
20260224,11,서울특별시,11170,용산구,1117013100,한남동,11,서울특별시,11200,성동구,1120011500,성수동2가,10,00,1,1663.0,11,서울특별시,11170,용산구,1117013100,한남동
20260224,11,서울특별시,11170,용산구,1117013100,한남동,11,서울특별시,11200,성동구,1120011500,성수동2가,10,15,6,2252.0,11,서울특별시,11170,용산구,1117013100,한남동
20260224,11,서울특별시,11170,용산구,1117013100,한남동,11,서울특별시,11200,성동구,1120011500,성수동2가,11,00,1,1861.0,11,서울특별시,11170,용산구,1117013100,한남동
20260224,11,서울특별시,11170,용산구,1117013100,한남동,11,서울특별시,11200,성동구,1120011500,성수동2가,11,15,3,2081.0,11,서울특별시,11170,용산구,1117013100,한남동
20260224,11,서울특별시,11170,용산구,1117013100,한남동,11,서울특별시,11200,성동구,1120011500,성수동2가,11,30,1,2353.0,11,서울특별시,11170,용산구,1117013100,한남동
20260224,11,서울특별시,11170,용산구,1117013100,한남동,11,서울특별시,11200,성동구,1120011500,성수동2가,11,45,1,2108.0,11,서울특별시,11170,용산구,1117013100,한남동
20260224,11,서울특별시,11170,용산구,1117013200,동빙고동,11,서울특별시,11200,성동구,1120011500,성수동2가,07,00,1,1302.0,11,서울특별시,11170,용산구,1117013200,동빙고동
20260224,11,서울특별시,11170,용산구,1117013200,동빙고동,11,서울특별시,11200,성동구,1120011500,성수동2가,08,15,1,1975.0,11,서울특별시,11170,용산구,1117013200,동빙고동
20260224,11,서울특별시,11170,용산구,1117013200,동빙고동,11,서울특별시,11200,성동구,1120011500,성수동2가,09,45,1,2254.0,11,서울특별시,11170,용산구,1117013200,동빙고동
20260224,11,서울특별시,11170,용산구,1117013300,서빙고동,11,서울특별시,11200,성동구,1120011500,성수동2가,07,00,3,2073.0,11,서울특별시,11170,용산구,1117013300,서빙고동
20260224,11,서울특별시,11170,용산구,1117013300,서빙고동,11,서울특별시,11200,성동구,1120011500,성수동2가,08,00,1,2268.0,11,서울특별시,11170,용산구,1117013300,서빙고동
20260224,11,서울특별시,11170,용산구,1117013300,서빙고동,11,서울특별시,11200,성동구,1120011500,성수동2가,08,30,1,1392.0,11,서울특별시,11170,용산구,1117013300,서빙고동
20260224,11,서울특별시,11170,용산구,1117013300,서빙고동,11,서울특별시,11200,성동구,1120011500,성수동2가,09,15,2,1777.0,11,서울특별시,11170,용산구,1117013300,서빙고동
20260224,11,서울특별시,11170,용산구,1117013300,서빙고동,11,서울특별시,11200,성동구,1120011500,성수동2가,10,15,1,2017.0,11,서울특별시,11170,용산구,1117013300,서빙고동
20260224,11,서울특별시,11170,용산구,1117013300,서빙고동,11,서울특별시,11200,성동구,1120011500,성수동2가,10,30,1,1973.0,11,서울특별시,11170,용산구,1117013300,서빙고동
20260224,11,서울특별시,11170,용산구,1117013600,보광동,11,서울특별시,11200,성동구,1120011500,성수동2가,07,15,1,1910.0,11,서울특별시,11170,용산구,1117013600,보광동
20260224,11,서울특별시,11170,용산구,1117013600,보광동,11,서울특별시,11200,성동구,1120011500,성수동2가,07,30,1,1283.0,11,서울특별시,11170,용산구,1117013600,보광동
20260224,11,서울특별시,11170,용산구,1117013600,보광동,11,서울특별시,11200,성동구,1120011500,성수동2가,07,45,2,2276.0,11,서울특별시,11170,용산구,1117013600,보광동
20260224,11,서울특별시,11170,용산구,1117013600,보광동,11,서울특별시,11200,성동구,1120011500,성수동2가,09,15,1,2163.0,11,서울특별시,11170,용산구,1117013600,보광동
20260224,11,서울특별시,11200,성동구,1120010100,상왕십리동,11,서울특별시,11200,성동구,1120011500,성수동2가,07,15,1,1040.0,11,서울특별시,11200,성동구,1120010100,상왕십리동
20260224,11,서울특별시,11200,성동구,1120010100,상왕십리동,11,서울특별시,11200,성동구,1120011500,성수동2가,07,30,1,1108.0,11,서울특별시,11200,성동구,1120010100,상왕십리동
20260224,11,서울특별시,11200,성동구,1120010100,상왕십리동,11,서울특별시,11200,성동구,1120011500,성수동2가,07,45,3,1147.0,11,서울특별시,11200,성동구,1120010100,상왕십리동
20260224,11,서울특별시,11200,성동구,1120010100,상왕십리동,11,서울특별시,11200,성동구,1120011500,성수동2가,08,00,7,1005.0,11,서울특별시,11200,성동구,1120010100,상왕십리동
20260224,11,서울특별시,11200,성동구,1120010100,상왕십리동,11,서울특별시,11200,성동구,1120011500,성수동2가,08,15,3,1240.0,11,서울특별시,11200,성동구,1120010100,상왕십리동
20260224,11,서울특별시,11200,성동구,1120010100,상왕십리동,11,서울특별시,11200,성동구,1120011500,성수동2가,08,30,2,1080.0,11,서울특별시,11200,성동구,1120010100,상왕십리동
20260224,11,서울특별시,11200,성동구,1120010100,상왕십리동,11,서울특별시,11200,성동구,1120011500,성수동2가,09,15,3,1071.0,11,서울특별시,11200,성동구,1120010100,상왕십리동
20260224,11,서울특별시,11200,성동구,1120010100,상왕십리동,11,서울특별시,11200,성동구,1120011500,성수동2가,09,30,3,1089.0,11,서울특별시,11200,성동구,1120010100,상왕십리동
20260224,11,서울특별시,11200,성동구,1120010100,상왕십리동,11,서울특별시,11200,성동구,1120011500,성수동2가,10,00,1,771.0,11,서울특별시,11200,성동구,1120010100,상왕십리동
20260224,11,서울특별시,11200,성동구,1120010100,상왕십리동,11,서울특별시,11200,성동구,1120011500,성수동2가,10,30,1,1126.0,11,서울특별시,11200,성동구,1120010100,상왕십리동
20260224,11,서울특별시,11200,성동구,1120010100,상왕십리동,11,서울특별시,11200,성동구,1120011500,성수동2가,11,30,2,1340.0,11,서울특별시,11200,성동구,1120010100,상왕십리동
20260224,11,서울특별시,11200,성동구,1120010200,하왕십리동,11,서울특별시,11200,성동구,1120011500,성수동2가,07,00,7,874.0,11,서울특별시,11200,성동구,1120010200,하왕십리동
20260224,11,서울특별시,11200,성동구,1120010200,하왕십리동,11,서울특별시,11200,성동구,1120011500,성수동2가,07,15,13,802.0,11,서울특별시,11200,성동구,1120010200,하왕십리동
20260224,11,서울특별시,11200,성동구,1120010200,하왕십리동,11,서울특별시,11200,성동구,1120011500,성수동2가,07,30,14,696.0,11,서울특별시,11200,성동구,1120010200,하왕십리동
20260224,11,서울특별시,11200,성동구,1120010200,하왕십리동,11,서울특별시,11200,성동구,1120011500,성수동2가,07,45,28,727.0,11,서울특별시,11200,성동구,1120010200,하왕십리동
20260224,11,서울특별시,11200,성동구,1120010200,하왕십리동,11,서울특별시,11200,성동구,1120011500,성수동2가,08,00,26,753.0,11,서울특별시,11200,성동구,1120010200,하왕십리동
20260224,11,서울특별시,11200,성동구,1120010200,하왕십리동,11,서울특별시,11200,성동구,1120011500,성수동2가,08,15,38,771.0,11,서울특별시,11200,성동구,1120010200,하왕십리동
20260224,11,서울특별시,11200,성동구,1120010200,하왕십리동,11,서울특별시,11200,성동구,1120011500,성수동2가,08,30,49,805.0,11,서울특별시,11200,성동구,1120010200,하왕십리동
20260224,11,서울특별시,11200,성동구,1120010200,하왕십리동,11,서울특별시,11200,성동구,1120011500,성수동2가,08,45,20,789.0,11,서울특별시,11200,성동구,1120010200,하왕십리동
20260224,11,서울특별시,11200,성동구,1120010200,하왕십리동,11,서울특별시,11200,성동구,1120011500,성수동2가,09,00,19,806.0,11,서울특별시,11200,성동구,1120010200,하왕십리동
20260224,11,서울특별시,11200,성동구,1120010200,하왕십리동,11,서울특별시,11200,성동구,1120011500,성수동2가,09,15,10,638.0,11,서울특별시,11200,성동구,1120010200,하왕십리동
20260224,11,서울특별시,11200,성동구,1120010200,하왕십리동,11,서울특별시,11200,성동구,1120011500,성수동2가,09,30,18,671.0,11,서울특별시,11200,성동구,1120010200,하왕십리동
20260224,11,서울특별시,11200,성동구,1120010200,하왕십리동,11,서울특별시,11200,성동구,1120011500,성수동2가,09,45,9,772.0,11,서울특별시,11200,성동구,1120010200,하왕십리동
20260224,11,서울특별시,11200,성동구,1120010200,하왕십리동,11,서울특별시,11200,성동구,1120011500,성수동2가,10,00,8,736.0,11,서울특별시,11200,성동구,1120010200,하왕십리동
20260224,11,서울특별시,11200,성동구,1120010200,하왕십리동,11,서울특별시,11200,성동구,1120011500,성수동2가,10,15,7,713.0,11,서울특별시,11200,성동구,1120010200,하왕십리동
20260224,11,서울특별시,11200,성동구,1120010200,하왕십리동,11,서울특별시,11200,성동구,1120011500,성수동2가,10,30,10,725.0,11,서울특별시,11200,성동구,1120010200,하왕십리동
20260224,11,서울특별시,11200,성동구,1120010200,하왕십리동,11,서울특별시,11200,성동구,1120011500,성수동2가,10,45,9,805.0,11,서울특별시,11200,성동구,1120010200,하왕십리동
20260224,11,서울특별시,11200,성동구,1120010200,하왕십리동,11,서울특별시,11200,성동구,1120011500,성수동2가,11,00,6,808.0,11,서울특별시,11200,성동구,1120010200,하왕십리동
20260224,11,서울특별시,11200,성동구,1120010200,하왕십리동,11,서울특별시,11200,성동구,1120011500,성수동2가,11,15,6,878.0,11,서울특별시,11200,성동구,1120010200,하왕십리동
20260224,11,서울특별시,11200,성동구,1120010200,하왕십리동,11,서울특별시,11200,성동구,1120011500,성수동2가,11,30,10,820.0,11,서울특별시,11200,성동구,1120010200,하왕십리동
20260224,11,서울특별시,11200,성동구,1120010200,하왕십리동,11,서울특별시,11200,성동구,1120011500,성수동2가,11,45,9,752.0,11,서울특별시,11200,성동구,1120010200,하왕십리동
20260224,11,서울특별시,11200,성동구,1120010300,홍익동,11,서울특별시,11200,성동구,1120011500,성수동2가,07,00,1,837.0,11,서울특별시,11200,성동구,1120010300,홍익동
20260224,11,서울특별시,11200,성동구,1120010300,홍익동,11,서울특별시,11200,성동구,1120011500,성수동2가,07,45,1,896.0,11,서울특별시,11200,성동구,1120010300,홍익동
20260224,11,서울특별시,11200,성동구,1120010300,홍익동,11,서울특별시,11200,성동구,1120011500,성수동2가,08,00,1,1019.0,11,서울특별시,11200,성동구,1120010300,홍익동
20260224,11,서울특별시,11200,성동구,1120010300,홍익동,11,서울특별시,11200,성동구,1120011500,성수동2가,08,15,1,829.0,11,서울특별시,11200,성동구,1120010300,홍익동
20260224,11,서울특별시,11200,성동구,1120010300,홍익동,11,서울특별시,11200,성동구,1120011500,성수동2가,09,00,2,1045.0,11,서울특별시,11200,성동구,1120010300,홍익동
20260224,11,서울특별시,11200,성동구,1120010300,홍익동,11,서울특별시,11200,성동구,1120011500,성수동2가,11,00,1,928.0,11,서울특별시,11200,성동구,1120010300,홍익동
20260224,11,서울특별시,11200,성동구,1120010400,도선동,11,서울특별시,11200,성동구,1120011500,성수동2가,07,15,1,695.0,11,서울특별시,11200,성동구,1120010400,도선동
20260224,11,서울특별시,11200,성동구,1120010400,도선동,11,서울특별시,11200,성동구,1120011500,성수동2가,07,45,2,1029.0,11,서울특별시,11200,성동구,1120010400,도선동
20260224,11,서울특별시,11200,성동구,1120010400,도선동,11,서울특별시,11200,성동구,1120011500,성수동2가,09,15,2,692.0,11,서울특별시,11200,성동구,1120010400,도선동
20260224,11,서울특별시,11200,성동구,1120010400,도선동,11,서울특별시,11200,성동구,1120011500,성수동2가,09,30,3,730.0,11,서울특별시,11200,성동구,1120010400,도선동
20260224,11,서울특별시,11200,성동구,1120010400,도선동,11,서울특별시,11200,성동구,1120011500,성수동2가,09,45,1,852.0,11,서울특별시,11200,성동구,1120010400,도선동
20260224,11,서울특별시,11200,성동구,1120010400,도선동,11,서울특별시,11200,성동구,1120011500,성수동2가,10,15,1,711.0,11,서울특별시,11200,성동구,1120010400,도선동
20260224,11,서울특별시,11200,성동구,1120010400,도선동,11,서울특별시,11200,성동구,1120011500,성수동2가,11,15,1,734.0,11,서울특별시,11200,성동구,1120010400,도선동
20260224,11,서울특별시,11200,성동구,1120010400,도선동,11,서울특별시,11200,성동구,1120011500,성수동2가,11,45,1,794.0,11,서울특별시,11200,성동구,1120010400,도선동
20260224,11,서울특별시,11200,성동구,1120010500,마장동,11,서울특별시,11200,성동구,1120011500,성수동2가,07,00,3,969.0,11,서울특별시,11200,성동구,1120010500,마장동
20260224,11,서울특별시,11200,성동구,1120010500,마장동,11,서울특별시,11200,성동구,1120011500,성수동2가,07,30,7,908.0,11,서울특별시,11200,성동구,1120010500,마장동
20260224,11,서울특별시,11200,성동구,1120010500,마장동,11,서울특별시,11200,성동구,1120011500,성수동2가,07,45,2,1226.0,11,서울특별시,11200,성동구,1120010500,마장동
20260224,11,서울특별시,11200,성동구,1120010500,마장동,11,서울특별시,11200,성동구,1120011500,성수동2가,08,00,11,950.0,11,서울특별시,11200,성동구,1120010500,마장동
20260224,11,서울특별시,11200,성동구,1120010500,마장동,11,서울특별시,11200,성동구,1120011500,성수동2가,08,15,16,997.0,11,서울특별시,11200,성동구,1120010500,마장동
20260224,11,서울특별시,11200,성동구,1120010500,마장동,11,서울특별시,11200,성동구,1120011500,성수동2가,08,30,8,907.0,11,서울특별시,11200,성동구,1120010500,마장동
20260224,11,서울특별시,11200,성동구,1120010500,마장동,11,서울특별시,11200,성동구,1120011500,성수동2가,08,45,7,864.0,11,서울특별시,11200,성동구,1120010500,마장동
20260224,11,서울특별시,11200,성동구,1120010500,마장동,11,서울특별시,11200,성동구,1120011500,성수동2가,09,00,2,943.0,11,서울특별시,11200,성동구,1120010500,마장동
20260224,11,서울특별시,11200,성동구,1120010500,마장동,11,서울특별시,11200,성동구,1120011500,성수동2가,09,30,3,862.0,11,서울특별시,11200,성동구,1120010500,마장동
20260224,11,서울특별시,11200,성동구,1120010500,마장동,11,서울특별시,11200,성동구,1120011500,성수동2가,09,45,2,949.0,11,서울특별시,11200,성동구,1120010500,마장동
20260224,11,서울특별시,11200,성동구,1120010500,마장동,11,서울특별시,11200,성동구,1120011500,성수동2가,10,00,1,1264.0,11,서울특별시,11200,성동구,1120010500,마장동
20260224,11,서울특별시,11200,성동구,1120010500,마장동,11,서울특별시,11200,성동구,1120011500,성수동2가,10,15,2,873.0,11,서울특별시,11200,성동구,1120010500,마장동
20260224,11,서울특별시,11200,성동구,1120010500,마장동,11,서울특별시,11200,성동구,1120011500,성수동2가,10,30,4,1271.0,11,서울특별시,11200,성동구,1120010500,마장동
20260224,11,서울특별시,11200,성동구,1120010500,마장동,11,서울특별시,11200,성동구,1120011500,성수동2가,11,00,1,1048.0,11,서울특별시,11200,성동구,1120010500,마장동
20260224,11,서울특별시,11200,성동구,1120010500,마장동,11,서울특별시,11200,성동구,1120011500,성수동2가,11,15,6,1347.0,11,서울특별시,11200,성동구,1120010500,마장동
20260224,11,서울특별시,11200,성동구,1120010500,마장동,11,서울특별시,11200,성동구,1120011500,성수동2가,11,30,2,1092.0,11,서울특별시,11200,성동구,1120010500,마장동
20260224,11,서울특별시,11200,성동구,1120010500,마장동,11,서울특별시,11200,성동구,1120011500,성수동2가,11,45,1,1230.0,11,서울특별시,11200,성동구,1120010500,마장동
20260224,11,서울특별시,11200,성동구,1120010600,사근동,11,서울특별시,11200,성동구,1120011500,성수동2가,07,00,4,779.0,11,서울특별시,11200,성동구,1120010600,사근동
20260224,11,서울특별시,11200,성동구,1120010600,사근동,11,서울특별시,11200,성동구,1120011500,성수동2가,07,15,7,573.0,11,서울특별시,11200,성동구,1120010600,사근동
20260224,11,서울특별시,11200,성동구,1120010600,사근동,11,서울특별시,11200,성동구,1120011500,성수동2가,07,30,16,544.0,11,서울특별시,11200,성동구,1120010600,사근동
20260224,11,서울특별시,11200,성동구,1120010600,사근동,11,서울특별시,11200,성동구,1120011500,성수동2가,07,45,21,581.0,11,서울특별시,11200,성동구,1120010600,사근동
20260224,11,서울특별시,11200,성동구,1120010600,사근동,11,서울특별시,11200,성동구,1120011500,성수동2가,08,00,36,560.0,11,서울특별시,11200,성동구,1120010600,사근동
20260224,11,서울특별시,11200,성동구,1120010600,사근동,11,서울특별시,11200,성동구,1120011500,성수동2가,08,15,56,597.0,11,서울특별시,11200,성동구,1120010600,사근동
20260224,11,서울특별시,11200,성동구,1120010600,사근동,11,서울특별시,11200,성동구,1120011500,성수동2가,08,30,60,558.0,11,서울특별시,11200,성동구,1120010600,사근동
20260224,11,서울특별시,11200,성동구,1120010600,사근동,11,서울특별시,11200,성동구,1120011500,성수동2가,08,45,28,677.0,11,서울특별시,11200,성동구,1120010600,사근동
20260224,11,서울특별시,11200,성동구,1120010600,사근동,11,서울특별시,11200,성동구,1120011500,성수동2가,09,00,14,688.0,11,서울특별시,11200,성동구,1120010600,사근동
20260224,11,서울특별시,11200,성동구,1120010600,사근동,11,서울특별시,11200,성동구,1120011500,성수동2가,09,15,22,551.0,11,서울특별시,11200,성동구,1120010600,사근동
20260224,11,서울특별시,11200,성동구,1120010600,사근동,11,서울특별시,11200,성동구,1120011500,성수동2가,09,30,19,758.0,11,서울특별시,11200,성동구,1120010600,사근동
20260224,11,서울특별시,11200,성동구,1120010600,사근동,11,서울특별시,11200,성동구,1120011500,성수동2가,09,45,7,717.0,11,서울특별시,11200,성동구,1120010600,사근동
20260224,11,서울특별시,11200,성동구,1120010600,사근동,11,서울특별시,11200,성동구,1120011500,성수동2가,10,00,19,559.0,11,서울특별시,11200,성동구,1120010600,사근동
20260224,11,서울특별시,11200,성동구,1120010600,사근동,11,서울특별시,11200,성동구,1120011500,성수동2가,10,15,9,634.0,11,서울특별시,11200,성동구,1120010600,사근동
20260224,11,서울특별시,11200,성동구,1120010600,사근동,11,서울특별시,11200,성동구,1120011500,성수동2가,10,30,11,551.0,11,서울특별시,11200,성동구,1120010600,사근동
20260224,11,서울특별시,11200,성동구,1120010600,사근동,11,서울특별시,11200,성동구,1120011500,성수동2가,10,45,7,592.0,11,서울특별시,11200,성동구,1120010600,사근동
20260224,11,서울특별시,11200,성동구,1120010600,사근동,11,서울특별시,11200,성동구,1120011500,성수동2가,11,00,8,613.0,11,서울특별시,11200,성동구,1120010600,사근동
20260224,11,서울특별시,11200,성동구,1120010600,사근동,11,서울특별시,11200,성동구,1120011500,성수동2가,11,15,6,675.0,11,서울특별시,11200,성동구,1120010600,사근동
20260224,11,서울특별시,11200,성동구,1120010600,사근동,11,서울특별시,11200,성동구,1120011500,성수동2가,11,30,12,612.0,11,서울특별시,11200,성동구,1120010600,사근동
20260224,11,서울특별시,11200,성동구,1120010600,사근동,11,서울특별시,11200,성동구,1120011500,성수동2가,11,45,7,831.0,11,서울특별시,11200,성동구,1120010600,사근동
20260224,11,서울특별시,11200,성동구,1120010700,행당동,11,서울특별시,11200,성동구,1120011500,성수동2가,07,00,10,732.0,11,서울특별시,11200,성동구,1120010700,행당동
20260224,11,서울특별시,11200,성동구,1120010700,행당동,11,서울특별시,11200,성동구,1120011500,성수동2가,07,15,11,683.0,11,서울특별시,11200,성동구,1120010700,행당동
20260224,11,서울특별시,11200,성동구,1120010700,행당동,11,서울특별시,11200,성동구,1120011500,성수동2가,07,30,26,686.0,11,서울특별시,11200,성동구,1120010700,행당동
20260224,11,서울특별시,11200,성동구,1120010700,행당동,11,서울특별시,11200,성동구,1120011500,성수동2가,07,45,25,816.0,11,서울특별시,11200,성동구,1120010700,행당동
20260224,11,서울특별시,11200,성동구,1120010700,행당동,11,서울특별시,11200,성동구,1120011500,성수동2가,08,00,35,779.0,11,서울특별시,11200,성동구,1120010700,행당동
20260224,11,서울특별시,11200,성동구,1120010700,행당동,11,서울특별시,11200,성동구,1120011500,성수동2가,08,15,60,744.0,11,서울특별시,11200,성동구,1120010700,행당동
20260224,11,서울특별시,11200,성동구,1120010700,행당동,11,서울특별시,11200,성동구,1120011500,성수동2가,08,30,53,682.0,11,서울특별시,11200,성동구,1120010700,행당동
20260224,11,서울특별시,11200,성동구,1120010700,행당동,11,서울특별시,11200,성동구,1120011500,성수동2가,08,45,27,723.0,11,서울특별시,11200,성동구,1120010700,행당동
20260224,11,서울특별시,11200,성동구,1120010700,행당동,11,서울특별시,11200,성동구,1120011500,성수동2가,09,00,28,669.0,11,서울특별시,11200,성동구,1120010700,행당동
20260224,11,서울특별시,11200,성동구,1120010700,행당동,11,서울특별시,11200,성동구,1120011500,성수동2가,09,15,34,688.0,11,서울특별시,11200,성동구,1120010700,행당동
20260224,11,서울특별시,11200,성동구,1120010700,행당동,11,서울특별시,11200,성동구,1120011500,성수동2가,09,30,41,615.0,11,서울특별시,11200,성동구,1120010700,행당동
20260224,11,서울특별시,11200,성동구,1120010700,행당동,11,서울특별시,11200,성동구,1120011500,성수동2가,09,45,24,677.0,11,서울특별시,11200,성동구,1120010700,행당동
20260224,11,서울특별시,11200,성동구,1120010700,행당동,11,서울특별시,11200,성동구,1120011500,성수동2가,10,00,14,652.0,11,서울특별시,11200,성동구,1120010700,행당동
20260224,11,서울특별시,11200,성동구,1120010700,행당동,11,서울특별시,11200,성동구,1120011500,성수동2가,10,15,12,803.0,11,서울특별시,11200,성동구,1120010700,행당동
20260224,11,서울특별시,11200,성동구,1120010700,행당동,11,서울특별시,11200,성동구,1120011500,성수동2가,10,30,25,601.0,11,서울특별시,11200,성동구,1120010700,행당동
20260224,11,서울특별시,11200,성동구,1120010700,행당동,11,서울특별시,11200,성동구,1120011500,성수동2가,10,45,17,572.0,11,서울특별시,11200,성동구,1120010700,행당동
20260224,11,서울특별시,11200,성동구,1120010700,행당동,11,서울특별시,11200,성동구,1120011500,성수동2가,11,00,15,680.0,11,서울특별시,11200,성동구,1120010700,행당동
20260224,11,서울특별시,11200,성동구,1120010700,행당동,11,서울특별시,11200,성동구,1120011500,성수동2가,11,15,32,624.0,11,서울특별시,11200,성동구,1120010700,행당동
20260224,11,서울특별시,11200,성동구,1120010700,행당동,11,서울특별시,11200,성동구,1120011500,성수동2가,11,30,30,672.0,11,서울특별시,11200,성동구,1120010700,행당동
20260224,11,서울특별시,11200,성동구,1120010700,행당동,11,서울특별시,11200,성동구,1120011500,성수동2가,11,45,17,630.0,11,서울특별시,11200,성동구,1120010700,행당동
20260224,11,서울특별시,11200,성동구,1120010800,응봉동,11,서울특별시,11200,성동구,1120011500,성수동2가,07,00,1,981.0,11,서울특별시,11200,성동구,1120010800,응봉동
20260224,11,서울특별시,11200,성동구,1120010800,응봉동,11,서울특별시,11200,성동구,1120011500,성수동2가,07,15,2,830.0,11,서울특별시,11200,성동구,1120010800,응봉동
20260224,11,서울특별시,11200,성동구,1120010800,응봉동,11,서울특별시,11200,성동구,1120011500,성수동2가,07,30,2,1159.0,11,서울특별시,11200,성동구,1120010800,응봉동
20260224,11,서울특별시,11200,성동구,1120010800,응봉동,11,서울특별시,11200,성동구,1120011500,성수동2가,07,45,4,1180.0,11,서울특별시,11200,성동구,1120010800,응봉동
20260224,11,서울특별시,11200,성동구,1120010800,응봉동,11,서울특별시,11200,성동구,1120011500,성수동2가,08,00,9,1114.0,11,서울특별시,11200,성동구,1120010800,응봉동
20260224,11,서울특별시,11200,성동구,1120010800,응봉동,11,서울특별시,11200,성동구,1120011500,성수동2가,08,15,9,1063.0,11,서울특별시,11200,성동구,1120010800,응봉동
20260224,11,서울특별시,11200,성동구,1120010800,응봉동,11,서울특별시,11200,성동구,1120011500,성수동2가,08,30,6,1178.0,11,서울특별시,11200,성동구,1120010800,응봉동
20260224,11,서울특별시,11200,성동구,1120010800,응봉동,11,서울특별시,11200,성동구,1120011500,성수동2가,08,45,2,1239.0,11,서울특별시,11200,성동구,1120010800,응봉동
20260224,11,서울특별시,11200,성동구,1120010800,응봉동,11,서울특별시,11200,성동구,1120011500,성수동2가,09,00,6,1027.0,11,서울특별시,11200,성동구,1120010800,응봉동
20260224,11,서울특별시,11200,성동구,1120010800,응봉동,11,서울특별시,11200,성동구,1120011500,성수동2가,09,15,3,1014.0,11,서울특별시,11200,성동구,1120010800,응봉동
20260224,11,서울특별시,11200,성동구,1120010800,응봉동,11,서울특별시,11200,성동구,1120011500,성수동2가,09,30,5,1084.0,11,서울특별시,11200,성동구,1120010800,응봉동
20260224,11,서울특별시,11200,성동구,1120010800,응봉동,11,서울특별시,11200,성동구,1120011500,성수동2가,10,00,3,1060.0,11,서울특별시,11200,성동구,1120010800,응봉동
20260224,11,서울특별시,11200,성동구,1120010800,응봉동,11,서울특별시,11200,성동구,1120011500,성수동2가,10,15,2,1165.0,11,서울특별시,11200,성동구,1120010800,응봉동
20260224,11,서울특별시,11200,성동구,1120010800,응봉동,11,서울특별시,11200,성동구,1120011500,성수동2가,10,30,1,1067.0,11,서울특별시,11200,성동구,1120010800,응봉동
20260224,11,서울특별시,11200,성동구,1120010800,응봉동,11,서울특별시,11200,성동구,1120011500,성수동2가,10,45,1,904.0,11,서울특별시,11200,성동구,1120010800,응봉동
20260224,11,서울특별시,11200,성동구,1120010800,응봉동,11,서울특별시,11200,성동구,1120011500,성수동2가,11,00,3,942.0,11,서울특별시,11200,성동구,1120010800,응봉동
20260224,11,서울특별시,11200,성동구,1120010800,응봉동,11,서울특별시,11200,성동구,1120011500,성수동2가,11,30,1,1175.0,11,서울특별시,11200,성동구,1120010800,응봉동
20260224,11,서울특별시,11200,성동구,1120010800,응봉동,11,서울특별시,11200,성동구,1120011500,성수동2가,11,45,1,1076.0,11,서울특별시,11200,성동구,1120010800,응봉동
20260224,11,서울특별시,11200,성동구,1120010900,금호동1가,11,서울특별시,11200,성동구,1120011500,성수동2가,07,00,1,1350.0,11,서울특별시,11200,성동구,1120010900,금호동1가
20260224,11,서울특별시,11200,성동구,1120010900,금호동1가,11,서울특별시,11200,성동구,1120011500,성수동2가,07,15,3,1091.0,11,서울특별시,11200,성동구,1120010900,금호동1가
20260224,11,서울특별시,11200,성동구,1120010900,금호동1가,11,서울특별시,11200,성동구,1120011500,성수동2가,07,30,4,1189.0,11,서울특별시,11200,성동구,1120010900,금호동1가
20260224,11,서울특별시,11200,성동구,1120010900,금호동1가,11,서울특별시,11200,성동구,1120011500,성수동2가,07,45,2,1167.0,11,서울특별시,11200,성동구,1120010900,금호동1가
20260224,11,서울특별시,11200,성동구,1120010900,금호동1가,11,서울특별시,11200,성동구,1120011500,성수동2가,08,00,13,1126.0,11,서울특별시,11200,성동구,1120010900,금호동1가
20260224,11,서울특별시,11200,성동구,1120010900,금호동1가,11,서울특별시,11200,성동구,1120011500,성수동2가,08,15,22,1180.0,11,서울특별시,11200,성동구,1120010900,금호동1가
20260224,11,서울특별시,11200,성동구,1120010900,금호동1가,11,서울특별시,11200,성동구,1120011500,성수동2가,08,30,9,1071.0,11,서울특별시,11200,성동구,1120010900,금호동1가
20260224,11,서울특별시,11200,성동구,1120010900,금호동1가,11,서울특별시,11200,성동구,1120011500,성수동2가,08,45,3,1097.0,11,서울특별시,11200,성동구,1120010900,금호동1가
20260224,11,서울특별시,11200,성동구,1120010900,금호동1가,11,서울특별시,11200,성동구,1120011500,성수동2가,09,00,7,1112.0,11,서울특별시,11200,성동구,1120010900,금호동1가
20260224,11,서울특별시,11200,성동구,1120010900,금호동1가,11,서울특별시,11200,성동구,1120011500,성수동2가,09,15,8,1091.0,11,서울특별시,11200,성동구,1120010900,금호동1가
20260224,11,서울특별시,11200,성동구,1120010900,금호동1가,11,서울특별시,11200,성동구,1120011500,성수동2가,09,30,2,1066.0,11,서울특별시,11200,성동구,1120010900,금호동1가
20260224,11,서울특별시,11200,성동구,1120010900,금호동1가,11,서울특별시,11200,성동구,1120011500,성수동2가,09,45,5,1168.0,11,서울특별시,11200,성동구,1120010900,금호동1가
20260224,11,서울특별시,11200,성동구,1120010900,금호동1가,11,서울특별시,11200,성동구,1120011500,성수동2가,10,00,1,992.0,11,서울특별시,11200,성동구,1120010900,금호동1가
20260224,11,서울특별시,11200,성동구,1120010900,금호동1가,11,서울특별시,11200,성동구,1120011500,성수동2가,10,15,1,1264.0,11,서울특별시,11200,성동구,1120010900,금호동1가
20260224,11,서울특별시,11200,성동구,1120010900,금호동1가,11,서울특별시,11200,성동구,1120011500,성수동2가,10,30,1,1120.0,11,서울특별시,11200,성동구,1120010900,금호동1가
20260224,11,서울특별시,11200,성동구,1120010900,금호동1가,11,서울특별시,11200,성동구,1120011500,성수동2가,10,45,2,1114.0,11,서울특별시,11200,성동구,1120010900,금호동1가
20260224,11,서울특별시,11200,성동구,1120010900,금호동1가,11,서울특별시,11200,성동구,1120011500,성수동2가,11,00,1,2125.0,11,서울특별시,11200,성동구,1120010900,금호동1가
20260224,11,서울특별시,11200,성동구,1120010900,금호동1가,11,서울특별시,11200,성동구,1120011500,성수동2가,11,15,1,1328.0,11,서울특별시,11200,성동구,1120010900,금호동1가
20260224,11,서울특별시,11200,성동구,1120010900,금호동1가,11,서울특별시,11200,성동구,1120011500,성수동2가,11,30,1,1536.0,11,서울특별시,11200,성동구,1120010900,금호동1가
20260224,11,서울특별시,11200,성동구,1120010900,금호동1가,11,서울특별시,11200,성동구,1120011500,성수동2가,11,45,1,1757.0,11,서울특별시,11200,성동구,1120010900,금호동1가
20260224,11,서울특별시,11200,성동구,1120011100,금호동3가,11,서울특별시,11200,성동구,1120011500,성수동2가,07,00,1,1807.0,11,서울특별시,11200,성동구,1120011100,금호동3가
20260224,11,서울특별시,11200,성동구,1120011100,금호동3가,11,서울특별시,11200,성동구,1120011500,성수동2가,07,15,1,1886.0,11,서울특별시,11200,성동구,1120011100,금호동3가
20260224,11,서울특별시,11200,성동구,1120011100,금호동3가,11,서울특별시,11200,성동구,1120011500,성수동2가,07,30,2,1862.0,11,서울특별시,11200,성동구,1120011100,금호동3가
20260224,11,서울특별시,11200,성동구,1120011100,금호동3가,11,서울특별시,11200,성동구,1120011500,성수동2가,08,00,2,1185.0,11,서울특별시,11200,성동구,1120011100,금호동3가
20260224,11,서울특별시,11200,성동구,1120011100,금호동3가,11,서울특별시,11200,성동구,1120011500,성수동2가,08,15,5,1744.0,11,서울특별시,11200,성동구,1120011100,금호동3가
20260224,11,서울특별시,11200,성동구,1120011100,금호동3가,11,서울특별시,11200,성동구,1120011500,성수동2가,08,45,1,1621.0,11,서울특별시,11200,성동구,1120011100,금호동3가
20260224,11,서울특별시,11200,성동구,1120011100,금호동3가,11,서울특별시,11200,성동구,1120011500,성수동2가,09,00,1,1803.0,11,서울특별시,11200,성동구,1120011100,금호동3가
20260224,11,서울특별시,11200,성동구,1120011100,금호동3가,11,서울특별시,11200,성동구,1120011500,성수동2가,09,15,1,1821.0,11,서울특별시,11200,성동구,1120011100,금호동3가
20260224,11,서울특별시,11200,성동구,1120011100,금호동3가,11,서울특별시,11200,성동구,1120011500,성수동2가,10,30,1,2584.0,11,서울특별시,11200,성동구,1120011100,금호동3가
20260224,11,서울특별시,11200,성동구,1120011100,금호동3가,11,서울특별시,11200,성동구,1120011500,성수동2가,11,00,1,1691.0,11,서울특별시,11200,성동구,1120011100,금호동3가
20260224,11,서울특별시,11200,성동구,1120011100,금호동3가,11,서울특별시,11200,성동구,1120011500,성수동2가,11,15,1,1951.0,11,서울특별시,11200,성동구,1120011100,금호동3가
20260224,11,서울특별시,11200,성동구,1120011100,금호동3가,11,서울특별시,11200,성동구,1120011500,성수동2가,11,45,1,1999.0,11,서울특별시,11200,성동구,1120011100,금호동3가
20260224,11,서울특별시,11200,성동구,1120011200,금호동4가,11,서울특별시,11200,성동구,1120011500,성수동2가,07,00,4,1141.0,11,서울특별시,11200,성동구,1120011200,금호동4가
20260224,11,서울특별시,11200,성동구,1120011200,금호동4가,11,서울특별시,11200,성동구,1120011500,성수동2가,07,15,4,1178.0,11,서울특별시,11200,성동구,1120011200,금호동4가
20260224,11,서울특별시,11200,성동구,1120011200,금호동4가,11,서울특별시,11200,성동구,1120011500,성수동2가,07,30,11,1300.0,11,서울특별시,11200,성동구,1120011200,금호동4가
20260224,11,서울특별시,11200,성동구,1120011200,금호동4가,11,서울특별시,11200,성동구,1120011500,성수동2가,07,45,5,1259.0,11,서울특별시,11200,성동구,1120011200,금호동4가
20260224,11,서울특별시,11200,성동구,1120011200,금호동4가,11,서울특별시,11200,성동구,1120011500,성수동2가,08,00,7,1289.0,11,서울특별시,11200,성동구,1120011200,금호동4가
20260224,11,서울특별시,11200,성동구,1120011200,금호동4가,11,서울특별시,11200,성동구,1120011500,성수동2가,08,15,9,1093.0,11,서울특별시,11200,성동구,1120011200,금호동4가
20260224,11,서울특별시,11200,성동구,1120011200,금호동4가,11,서울특별시,11200,성동구,1120011500,성수동2가,08,30,4,1434.0,11,서울특별시,11200,성동구,1120011200,금호동4가
20260224,11,서울특별시,11200,성동구,1120011200,금호동4가,11,서울특별시,11200,성동구,1120011500,성수동2가,08,45,5,1211.0,11,서울특별시,11200,성동구,1120011200,금호동4가
20260224,11,서울특별시,11200,성동구,1120011200,금호동4가,11,서울특별시,11200,성동구,1120011500,성수동2가,09,00,4,999.0,11,서울특별시,11200,성동구,1120011200,금호동4가
20260224,11,서울특별시,11200,성동구,1120011200,금호동4가,11,서울특별시,11200,성동구,1120011500,성수동2가,09,15,5,1428.0,11,서울특별시,11200,성동구,1120011200,금호동4가
20260224,11,서울특별시,11200,성동구,1120011200,금호동4가,11,서울특별시,11200,성동구,1120011500,성수동2가,09,30,6,1080.0,11,서울특별시,11200,성동구,1120011200,금호동4가
20260224,11,서울특별시,11200,성동구,1120011200,금호동4가,11,서울특별시,11200,성동구,1120011500,성수동2가,10,00,2,1077.0,11,서울특별시,11200,성동구,1120011200,금호동4가
20260224,11,서울특별시,11200,성동구,1120011200,금호동4가,11,서울특별시,11200,성동구,1120011500,성수동2가,10,15,2,1383.0,11,서울특별시,11200,성동구,1120011200,금호동4가
20260224,11,서울특별시,11200,성동구,1120011200,금호동4가,11,서울특별시,11200,성동구,1120011500,성수동2가,10,30,1,1175.0,11,서울특별시,11200,성동구,1120011200,금호동4가
20260224,11,서울특별시,11200,성동구,1120011200,금호동4가,11,서울특별시,11200,성동구,1120011500,성수동2가,10,45,3,1059.0,11,서울특별시,11200,성동구,1120011200,금호동4가
20260224,11,서울특별시,11200,성동구,1120011200,금호동4가,11,서울특별시,11200,성동구,1120011500,성수동2가,11,00,3,1074.0,11,서울특별시,11200,성동구,1120011200,금호동4가
20260224,11,서울특별시,11200,성동구,1120011200,금호동4가,11,서울특별시,11200,성동구,1120011500,성수동2가,11,45,1,1463.0,11,서울특별시,11200,성동구,1120011200,금호동4가
20260224,11,서울특별시,11200,성동구,1120011300,옥수동,11,서울특별시,11200,성동구,1120011500,성수동2가,07,00,4,1669.0,11,서울특별시,11200,성동구,1120011300,옥수동
20260224,11,서울특별시,11200,성동구,1120011300,옥수동,11,서울특별시,11200,성동구,1120011500,성수동2가,07,15,2,1325.0,11,서울특별시,11200,성동구,1120011300,옥수동
20260224,11,서울특별시,11200,성동구,1120011300,옥수동,11,서울특별시,11200,성동구,1120011500,성수동2가,07,30,3,1264.0,11,서울특별시,11200,성동구,1120011300,옥수동
20260224,11,서울특별시,11200,성동구,1120011300,옥수동,11,서울특별시,11200,성동구,1120011500,성수동2가,07,45,12,3035.0,11,서울특별시,11200,성동구,1120011300,옥수동
20260224,11,서울특별시,11200,성동구,1120011300,옥수동,11,서울특별시,11200,성동구,1120011500,성수동2가,08,00,9,1675.0,11,서울특별시,11200,성동구,1120011300,옥수동
20260224,11,서울특별시,11200,성동구,1120011300,옥수동,11,서울특별시,11200,성동구,1120011500,성수동2가,08,15,5,1610.0,11,서울특별시,11200,성동구,1120011300,옥수동
20260224,11,서울특별시,11200,성동구,1120011300,옥수동,11,서울특별시,11200,성동구,1120011500,성수동2가,08,30,2,1626.0,11,서울특별시,11200,성동구,1120011300,옥수동
20260224,11,서울특별시,11200,성동구,1120011300,옥수동,11,서울특별시,11200,성동구,1120011500,성수동2가,08,45,4,1387.0,11,서울특별시,11200,성동구,1120011300,옥수동
20260224,11,서울특별시,11200,성동구,1120011300,옥수동,11,서울특별시,11200,성동구,1120011500,성수동2가,09,00,1,1535.0,11,서울특별시,11200,성동구,1120011300,옥수동
20260224,11,서울특별시,11200,성동구,1120011300,옥수동,11,서울특별시,11200,성동구,1120011500,성수동2가,09,15,1,1688.0,11,서울특별시,11200,성동구,1120011300,옥수동
20260224,11,서울특별시,11200,성동구,1120011300,옥수동,11,서울특별시,11200,성동구,1120011500,성수동2가,09,30,5,1629.0,11,서울특별시,11200,성동구,1120011300,옥수동
20260224,11,서울특별시,11200,성동구,1120011300,옥수동,11,서울특별시,11200,성동구,1120011500,성수동2가,10,15,1,1370.0,11,서울특별시,11200,성동구,1120011300,옥수동
20260224,11,서울특별시,11200,성동구,1120011300,옥수동,11,서울특별시,11200,성동구,1120011500,성수동2가,10,45,1,1335.0,11,서울특별시,11200,성동구,1120011300,옥수동
20260224,11,서울특별시,11200,성동구,1120011300,옥수동,11,서울특별시,11200,성동구,1120011500,성수동2가,11,00,2,1478.0,11,서울특별시,11200,성동구,1120011300,옥수동
20260224,11,서울특별시,11200,성동구,1120011300,옥수동,11,서울특별시,11200,성동구,1120011500,성수동2가,11,15,4,1692.0,11,서울특별시,11200,성동구,1120011300,옥수동
20260224,11,서울특별시,11200,성동구,1120011300,옥수동,11,서울특별시,11200,성동구,1120011500,성수동2가,11,30,1,1291.0,11,서울특별시,11200,성동구,1120011300,옥수동
20260224,11,서울특별시,11200,성동구,1120011300,옥수동,11,서울특별시,11200,성동구,1120011500,성수동2가,11,45,2,1640.0,11,서울특별시,11200,성동구,1120011300,옥수동
20260224,11,서울특별시,11200,성동구,1120011400,성수동1가,11,서울특별시,11200,성동구,1120011500,성수동2가,07,00,4,335.0,11,서울특별시,11200,성동구,1120011400,성수동1가
20260224,11,서울특별시,11200,성동구,1120011400,성수동1가,11,서울특별시,11200,성동구,1120011500,성수동2가,07,15,7,237.0,11,서울특별시,11200,성동구,1120011400,성수동1가
20260224,11,서울특별시,11200,성동구,1120011400,성수동1가,11,서울특별시,11200,성동구,1120011500,성수동2가,07,30,8,419.0,11,서울특별시,11200,성동구,1120011400,성수동1가
20260224,11,서울특별시,11200,성동구,1120011400,성수동1가,11,서울특별시,11200,성동구,1120011500,성수동2가,07,45,4,674.0,11,서울특별시,11200,성동구,1120011400,성수동1가
20260224,11,서울특별시,11200,성동구,1120011400,성수동1가,11,서울특별시,11200,성동구,1120011500,성수동2가,08,00,11,475.0,11,서울특별시,11200,성동구,1120011400,성수동1가
20260224,11,서울특별시,11200,성동구,1120011400,성수동1가,11,서울특별시,11200,성동구,1120011500,성수동2가,08,15,14,417.0,11,서울특별시,11200,성동구,1120011400,성수동1가
20260224,11,서울특별시,11200,성동구,1120011400,성수동1가,11,서울특별시,11200,성동구,1120011500,성수동2가,08,30,16,289.0,11,서울특별시,11200,성동구,1120011400,성수동1가
20260224,11,서울특별시,11200,성동구,1120011400,성수동1가,11,서울특별시,11200,성동구,1120011500,성수동2가,08,45,13,290.0,11,서울특별시,11200,성동구,1120011400,성수동1가
20260224,11,서울특별시,11200,성동구,1120011400,성수동1가,11,서울특별시,11200,성동구,1120011500,성수동2가,09,00,16,381.0,11,서울특별시,11200,성동구,1120011400,성수동1가
20260224,11,서울특별시,11200,성동구,1120011400,성수동1가,11,서울특별시,11200,성동구,1120011500,성수동2가,09,15,18,444.0,11,서울특별시,11200,성동구,1120011400,성수동1가
20260224,11,서울특별시,11200,성동구,1120011400,성수동1가,11,서울특별시,11200,성동구,1120011500,성수동2가,09,30,19,482.0,11,서울특별시,11200,성동구,1120011400,성수동1가
20260224,11,서울특별시,11200,성동구,1120011400,성수동1가,11,서울특별시,11200,성동구,1120011500,성수동2가,09,45,12,304.0,11,서울특별시,11200,성동구,1120011400,성수동1가
20260224,11,서울특별시,11200,성동구,1120011400,성수동1가,11,서울특별시,11200,성동구,1120011500,성수동2가,10,00,10,414.0,11,서울특별시,11200,성동구,1120011400,성수동1가
20260224,11,서울특별시,11200,성동구,1120011400,성수동1가,11,서울특별시,11200,성동구,1120011500,성수동2가,10,15,10,514.0,11,서울특별시,11200,성동구,1120011400,성수동1가
20260224,11,서울특별시,11200,성동구,1120011400,성수동1가,11,서울특별시,11200,성동구,1120011500,성수동2가,10,30,7,448.0,11,서울특별시,11200,성동구,1120011400,성수동1가
20260224,11,서울특별시,11200,성동구,1120011400,성수동1가,11,서울특별시,11200,성동구,1120011500,성수동2가,10,45,18,371.0,11,서울특별시,11200,성동구,1120011400,성수동1가
20260224,11,서울특별시,11200,성동구,1120011400,성수동1가,11,서울특별시,11200,성동구,1120011500,성수동2가,11,00,28,537.0,11,서울특별시,11200,성동구,1120011400,성수동1가
20260224,11,서울특별시,11200,성동구,1120011400,성수동1가,11,서울특별시,11200,성동구,1120011500,성수동2가,11,15,17,706.0,11,서울특별시,11200,성동구,1120011400,성수동1가
20260224,11,서울특별시,11200,성동구,1120011400,성수동1가,11,서울특별시,11200,성동구,1120011500,성수동2가,11,30,25,346.0,11,서울특별시,11200,성동구,1120011400,성수동1가
20260224,11,서울특별시,11200,성동구,1120011400,성수동1가,11,서울특별시,11200,성동구,1120011500,성수동2가,11,45,26,761.0,11,서울특별시,11200,성동구,1120011400,성수동1가
20260224,11,서울특별시,11200,성동구,1120011500,성수동2가,11,서울특별시,11200,성동구,1120011500,성수동2가,07,00,1,258.0,11,서울특별시,11200,성동구,1120011500,성수동2가
20260224,11,서울특별시,11200,성동구,1120011500,성수동2가,11,서울특별시,11200,성동구,1120011500,성수동2가,07,15,8,246.0,11,서울특별시,11200,성동구,1120011500,성수동2가
20260224,11,서울특별시,11200,성동구,1120011500,성수동2가,11,서울특별시,11200,성동구,1120011500,성수동2가,07,30,8,2057.0,11,서울특별시,11200,성동구,1120011500,성수동2가
20260224,11,서울특별시,11200,성동구,1120011500,성수동2가,11,서울특별시,11200,성동구,1120011500,성수동2가,07,45,13,362.0,11,서울특별시,11200,성동구,1120011500,성수동2가
20260224,11,서울특별시,11200,성동구,1120011500,성수동2가,11,서울특별시,11200,성동구,1120011500,성수동2가,08,00,8,490.0,11,서울특별시,11200,성동구,1120011500,성수동2가
20260224,11,서울특별시,11200,성동구,1120011500,성수동2가,11,서울특별시,11200,성동구,1120011500,성수동2가,08,15,15,428.0,11,서울특별시,11200,성동구,1120011500,성수동2가
20260224,11,서울특별시,11200,성동구,1120011500,성수동2가,11,서울특별시,11200,성동구,1120011500,성수동2가,08,30,21,480.0,11,서울특별시,11200,성동구,1120011500,성수동2가
20260224,11,서울특별시,11200,성동구,1120011500,성수동2가,11,서울특별시,11200,성동구,1120011500,성수동2가,08,45,13,604.0,11,서울특별시,11200,성동구,1120011500,성수동2가
20260224,11,서울특별시,11200,성동구,1120011500,성수동2가,11,서울특별시,11200,성동구,1120011500,성수동2가,09,00,11,712.0,11,서울특별시,11200,성동구,1120011500,성수동2가
20260224,11,서울특별시,11200,성동구,1120011500,성수동2가,11,서울특별시,11200,성동구,1120011500,성수동2가,09,15,16,604.0,11,서울특별시,11200,성동구,1120011500,성수동2가
20260224,11,서울특별시,11200,성동구,1120011500,성수동2가,11,서울특별시,11200,성동구,1120011500,성수동2가,09,30,15,441.0,11,서울특별시,11200,성동구,1120011500,성수동2가
20260224,11,서울특별시,11200,성동구,1120011500,성수동2가,11,서울특별시,11200,성동구,1120011500,성수동2가,09,45,19,707.0,11,서울특별시,11200,성동구,1120011500,성수동2가
20260224,11,서울특별시,11200,성동구,1120011500,성수동2가,11,서울특별시,11200,성동구,1120011500,성수동2가,10,00,10,394.0,11,서울특별시,11200,성동구,1120011500,성수동2가
20260224,11,서울특별시,11200,성동구,1120011500,성수동2가,11,서울특별시,11200,성동구,1120011500,성수동2가,10,15,19,646.0,11,서울특별시,11200,성동구,1120011500,성수동2가
20260224,11,서울특별시,11200,성동구,1120011500,성수동2가,11,서울특별시,11200,성동구,1120011500,성수동2가,10,30,13,847.0,11,서울특별시,11200,성동구,1120011500,성수동2가
20260224,11,서울특별시,11200,성동구,1120011500,성수동2가,11,서울특별시,11200,성동구,1120011500,성수동2가,10,45,13,764.0,11,서울특별시,11200,성동구,1120011500,성수동2가
20260224,11,서울특별시,11200,성동구,1120011500,성수동2가,11,서울특별시,11200,성동구,1120011500,성수동2가,11,00,20,584.0,11,서울특별시,11200,성동구,1120011500,성수동2가
20260224,11,서울특별시,11200,성동구,1120011500,성수동2가,11,서울특별시,11200,성동구,1120011500,성수동2가,11,15,9,2220.0,11,서울특별시,11200,성동구,1120011500,성수동2가
20260224,11,서울특별시,11200,성동구,1120011500,성수동2가,11,서울특별시,11200,성동구,1120011500,성수동2가,11,30,9,460.0,11,서울특별시,11200,성동구,1120011500,성수동2가
20260224,11,서울특별시,11200,성동구,1120011500,성수동2가,11,서울특별시,11200,성동구,1120011500,성수동2가,11,45,10,717.0,11,서울특별시,11200,성동구,1120011500,성수동2가
20260224,11,서울특별시,11200,성동구,1120011800,송정동,11,서울특별시,11200,성동구,1120011500,성수동2가,07,00,4,819.0,11,서울특별시,11200,성동구,1120011800,송정동
20260224,11,서울특별시,11200,성동구,1120011800,송정동,11,서울특별시,11200,성동구,1120011500,성수동2가,07,15,2,644.0,11,서울특별시,11200,성동구,1120011800,송정동
20260224,11,서울특별시,11200,성동구,1120011800,송정동,11,서울특별시,11200,성동구,1120011500,성수동2가,07,30,2,1157.0,11,서울특별시,11200,성동구,1120011800,송정동
20260224,11,서울특별시,11200,성동구,1120011800,송정동,11,서울특별시,11200,성동구,1120011500,성수동2가,07,45,9,882.0,11,서울특별시,11200,성동구,1120011800,송정동
20260224,11,서울특별시,11200,성동구,1120011800,송정동,11,서울특별시,11200,성동구,1120011500,성수동2가,08,00,11,686.0,11,서울특별시,11200,성동구,1120011800,송정동
20260224,11,서울특별시,11200,성동구,1120011800,송정동,11,서울특별시,11200,성동구,1120011500,성수동2가,08,15,26,962.0,11,서울특별시,11200,성동구,1120011800,송정동
20260224,11,서울특별시,11200,성동구,1120011800,송정동,11,서울특별시,11200,성동구,1120011500,성수동2가,08,30,14,853.0,11,서울특별시,11200,성동구,1120011800,송정동
20260224,11,서울특별시,11200,성동구,1120011800,송정동,11,서울특별시,11200,성동구,1120011500,성수동2가,08,45,8,721.0,11,서울특별시,11200,성동구,1120011800,송정동
20260224,11,서울특별시,11200,성동구,1120011800,송정동,11,서울특별시,11200,성동구,1120011500,성수동2가,09,00,14,787.0,11,서울특별시,11200,성동구,1120011800,송정동
20260224,11,서울특별시,11200,성동구,1120011800,송정동,11,서울특별시,11200,성동구,1120011500,성수동2가,09,15,11,725.0,11,서울특별시,11200,성동구,1120011800,송정동
20260224,11,서울특별시,11200,성동구,1120011800,송정동,11,서울특별시,11200,성동구,1120011500,성수동2가,09,30,10,725.0,11,서울특별시,11200,성동구,1120011800,송정동
20260224,11,서울특별시,11200,성동구,1120011800,송정동,11,서울특별시,11200,성동구,1120011500,성수동2가,09,45,9,1078.0,11,서울특별시,11200,성동구,1120011800,송정동
20260224,11,서울특별시,11200,성동구,1120011800,송정동,11,서울특별시,11200,성동구,1120011500,성수동2가,10,00,8,798.0,11,서울특별시,11200,성동구,1120011800,송정동
20260224,11,서울특별시,11200,성동구,1120011800,송정동,11,서울특별시,11200,성동구,1120011500,성수동2가,10,15,11,889.0,11,서울특별시,11200,성동구,1120011800,송정동
20260224,11,서울특별시,11200,성동구,1120011800,송정동,11,서울특별시,11200,성동구,1120011500,성수동2가,10,30,10,603.0,11,서울특별시,11200,성동구,1120011800,송정동
20260224,11,서울특별시,11200,성동구,1120011800,송정동,11,서울특별시,11200,성동구,1120011500,성수동2가,10,45,8,573.0,11,서울특별시,11200,성동구,1120011800,송정동
20260224,11,서울특별시,11200,성동구,1120011800,송정동,11,서울특별시,11200,성동구,1120011500,성수동2가,11,00,2,1001.0,11,서울특별시,11200,성동구,1120011800,송정동
20260224,11,서울특별시,11200,성동구,1120011800,송정동,11,서울특별시,11200,성동구,1120011500,성수동2가,11,15,7,436.0,11,서울특별시,11200,성동구,1120011800,송정동
20260224,11,서울특별시,11200,성동구,1120011800,송정동,11,서울특별시,11200,성동구,1120011500,성수동2가,11,30,2,827.0,11,서울특별시,11200,성동구,1120011800,송정동
20260224,11,서울특별시,11200,성동구,1120011800,송정동,11,서울특별시,11200,성동구,1120011500,성수동2가,11,45,8,731.0,11,서울특별시,11200,성동구,1120011800,송정동
20260224,11,서울특별시,11200,성동구,1120012200,용답동,11,서울특별시,11200,성동구,1120011500,성수동2가,07,00,1,933.0,11,서울특별시,11200,성동구,1120012200,용답동
20260224,11,서울특별시,11200,성동구,1120012200,용답동,11,서울특별시,11200,성동구,1120011500,성수동2가,07,15,8,702.0,11,서울특별시,11200,성동구,1120012200,용답동
20260224,11,서울특별시,11200,성동구,1120012200,용답동,11,서울특별시,11200,성동구,1120011500,성수동2가,07,30,15,862.0,11,서울특별시,11200,성동구,1120012200,용답동
20260224,11,서울특별시,11200,성동구,1120012200,용답동,11,서울특별시,11200,성동구,1120011500,성수동2가,07,45,15,848.0,11,서울특별시,11200,성동구,1120012200,용답동
20260224,11,서울특별시,11200,성동구,1120012200,용답동,11,서울특별시,11200,성동구,1120011500,성수동2가,08,00,25,884.0,11,서울특별시,11200,성동구,1120012200,용답동
20260224,11,서울특별시,11200,성동구,1120012200,용답동,11,서울특별시,11200,성동구,1120011500,성수동2가,08,15,37,766.0,11,서울특별시,11200,성동구,1120012200,용답동
20260224,11,서울특별시,11200,성동구,1120012200,용답동,11,서울특별시,11200,성동구,1120011500,성수동2가,08,30,48,737.0,11,서울특별시,11200,성동구,1120012200,용답동
20260224,11,서울특별시,11200,성동구,1120012200,용답동,11,서울특별시,11200,성동구,1120011500,성수동2가,08,45,12,864.0,11,서울특별시,11200,성동구,1120012200,용답동
20260224,11,서울특별시,11200,성동구,1120012200,용답동,11,서울특별시,11200,성동구,1120011500,성수동2가,09,00,15,856.0,11,서울특별시,11200,성동구,1120012200,용답동
20260224,11,서울특별시,11200,성동구,1120012200,용답동,11,서울특별시,11200,성동구,1120011500,성수동2가,09,15,13,869.0,11,서울특별시,11200,성동구,1120012200,용답동
20260224,11,서울특별시,11200,성동구,1120012200,용답동,11,서울특별시,11200,성동구,1120011500,성수동2가,09,30,17,928.0,11,서울특별시,11200,성동구,1120012200,용답동
20260224,11,서울특별시,11200,성동구,1120012200,용답동,11,서울특별시,11200,성동구,1120011500,성수동2가,09,45,13,1065.0,11,서울특별시,11200,성동구,1120012200,용답동
20260224,11,서울특별시,11200,성동구,1120012200,용답동,11,서울특별시,11200,성동구,1120011500,성수동2가,10,00,6,986.0,11,서울특별시,11200,성동구,1120012200,용답동
20260224,11,서울특별시,11200,성동구,1120012200,용답동,11,서울특별시,11200,성동구,1120011500,성수동2가,10,15,7,904.0,11,서울특별시,11200,성동구,1120012200,용답동
20260224,11,서울특별시,11200,성동구,1120012200,용답동,11,서울특별시,11200,성동구,1120011500,성수동2가,10,30,3,803.0,11,서울특별시,11200,성동구,1120012200,용답동
20260224,11,서울특별시,11200,성동구,1120012200,용답동,11,서울특별시,11200,성동구,1120011500,성수동2가,10,45,2,847.0,11,서울특별시,11200,성동구,1120012200,용답동
20260224,11,서울특별시,11200,성동구,1120012200,용답동,11,서울특별시,11200,성동구,1120011500,성수동2가,11,00,5,954.0,11,서울특별시,11200,성동구,1120012200,용답동
20260224,11,서울특별시,11200,성동구,1120012200,용답동,11,서울특별시,11200,성동구,1120011500,성수동2가,11,15,4,1260.0,11,서울특별시,11200,성동구,1120012200,용답동
20260224,11,서울특별시,11200,성동구,1120012200,용답동,11,서울특별시,11200,성동구,1120011500,성수동2가,11,45,5,733.0,11,서울특별시,11200,성동구,1120012200,용답동
20260224,11,서울특별시,11215,광진구,1121510100,중곡동,11,서울특별시,11200,성동구,1120011500,성수동2가,07,00,14,1156.0,11,서울특별시,11215,광진구,1121510100,중곡동
20260224,11,서울특별시,11215,광진구,1121510100,중곡동,11,서울특별시,11200,성동구,1120011500,성수동2가,07,15,21,1455.0,11,서울특별시,11215,광진구,1121510100,중곡동
20260224,11,서울특별시,11215,광진구,1121510100,중곡동,11,서울특별시,11200,성동구,1120011500,성수동2가,07,30,36,1216.0,11,서울특별시,11215,광진구,1121510100,중곡동
20260224,11,서울특별시,11215,광진구,1121510100,중곡동,11,서울특별시,11200,성동구,1120011500,성수동2가,07,45,39,1415.0,11,서울특별시,11215,광진구,1121510100,중곡동
20260224,11,서울특별시,11215,광진구,1121510100,중곡동,11,서울특별시,11200,성동구,1120011500,성수동2가,08,00,68,1194.0,11,서울특별시,11215,광진구,1121510100,중곡동
20260224,11,서울특별시,11215,광진구,1121510100,중곡동,11,서울특별시,11200,성동구,1120011500,성수동2가,08,15,74,1234.0,11,서울특별시,11215,광진구,1121510100,중곡동
20260224,11,서울특별시,11215,광진구,1121510100,중곡동,11,서울특별시,11200,성동구,1120011500,성수동2가,08,30,76,1028.0,11,서울특별시,11215,광진구,1121510100,중곡동
20260224,11,서울특별시,11215,광진구,1121510100,중곡동,11,서울특별시,11200,성동구,1120011500,성수동2가,08,45,50,1044.0,11,서울특별시,11215,광진구,1121510100,중곡동
20260224,11,서울특별시,11215,광진구,1121510100,중곡동,11,서울특별시,11200,성동구,1120011500,성수동2가,09,00,47,1032.0,11,서울특별시,11215,광진구,1121510100,중곡동
20260224,11,서울특별시,11215,광진구,1121510100,중곡동,11,서울특별시,11200,성동구,1120011500,성수동2가,09,15,58,1123.0,11,서울특별시,11215,광진구,1121510100,중곡동
20260224,11,서울특별시,11215,광진구,1121510100,중곡동,11,서울특별시,11200,성동구,1120011500,성수동2가,09,30,40,1027.0,11,서울특별시,11215,광진구,1121510100,중곡동
20260224,11,서울특별시,11215,광진구,1121510100,중곡동,11,서울특별시,11200,성동구,1120011500,성수동2가,09,45,23,1174.0,11,서울특별시,11215,광진구,1121510100,중곡동
20260224,11,서울특별시,11215,광진구,1121510100,중곡동,11,서울특별시,11200,성동구,1120011500,성수동2가,10,00,30,1333.0,11,서울특별시,11215,광진구,1121510100,중곡동
20260224,11,서울특별시,11215,광진구,1121510100,중곡동,11,서울특별시,11200,성동구,1120011500,성수동2가,10,15,27,976.0,11,서울특별시,11215,광진구,1121510100,중곡동
20260224,11,서울특별시,11215,광진구,1121510100,중곡동,11,서울특별시,11200,성동구,1120011500,성수동2가,10,30,29,1078.0,11,서울특별시,11215,광진구,1121510100,중곡동
20260224,11,서울특별시,11215,광진구,1121510100,중곡동,11,서울특별시,11200,성동구,1120011500,성수동2가,10,45,8,903.0,11,서울특별시,11215,광진구,1121510100,중곡동
20260224,11,서울특별시,11215,광진구,1121510100,중곡동,11,서울특별시,11200,성동구,1120011500,성수동2가,11,00,6,1067.0,11,서울특별시,11215,광진구,1121510100,중곡동
20260224,11,서울특별시,11215,광진구,1121510100,중곡동,11,서울특별시,11200,성동구,1120011500,성수동2가,11,15,13,898.0,11,서울특별시,11215,광진구,1121510100,중곡동
20260224,11,서울특별시,11215,광진구,1121510100,중곡동,11,서울특별시,11200,성동구,1120011500,성수동2가,11,30,5,1177.0,11,서울특별시,11215,광진구,1121510100,중곡동
20260224,11,서울특별시,11215,광진구,1121510100,중곡동,11,서울특별시,11200,성동구,1120011500,성수동2가,11,45,10,1095.0,11,서울특별시,11215,광진구,1121510100,중곡동
20260224,11,서울특별시,11215,광진구,1121510200,능동,11,서울특별시,11200,성동구,1120011500,성수동2가,07,00,1,672.0,11,서울특별시,11215,광진구,1121510200,능동
20260224,11,서울특별시,11215,광진구,1121510200,능동,11,서울특별시,11200,성동구,1120011500,성수동2가,07,30,1,773.0,11,서울특별시,11215,광진구,1121510200,능동
20260224,11,서울특별시,11215,광진구,1121510200,능동,11,서울특별시,11200,성동구,1120011500,성수동2가,07,45,1,763.0,11,서울특별시,11215,광진구,1121510200,능동
20260224,11,서울특별시,11215,광진구,1121510200,능동,11,서울특별시,11200,성동구,1120011500,성수동2가,08,00,3,849.0,11,서울특별시,11215,광진구,1121510200,능동
20260224,11,서울특별시,11215,광진구,1121510200,능동,11,서울특별시,11200,성동구,1120011500,성수동2가,08,15,4,709.0,11,서울특별시,11215,광진구,1121510200,능동
20260224,11,서울특별시,11215,광진구,1121510200,능동,11,서울특별시,11200,성동구,1120011500,성수동2가,08,30,4,683.0,11,서울특별시,11215,광진구,1121510200,능동
20260224,11,서울특별시,11215,광진구,1121510200,능동,11,서울특별시,11200,성동구,1120011500,성수동2가,08,45,1,629.0,11,서울특별시,11215,광진구,1121510200,능동
20260224,11,서울특별시,11215,광진구,1121510200,능동,11,서울특별시,11200,성동구,1120011500,성수동2가,09,00,1,779.0,11,서울특별시,11215,광진구,1121510200,능동
20260224,11,서울특별시,11215,광진구,1121510200,능동,11,서울특별시,11200,성동구,1120011500,성수동2가,09,15,2,588.0,11,서울특별시,11215,광진구,1121510200,능동
20260224,11,서울특별시,11215,광진구,1121510200,능동,11,서울특별시,11200,성동구,1120011500,성수동2가,09,30,7,847.0,11,서울특별시,11215,광진구,1121510200,능동
20260224,11,서울특별시,11215,광진구,1121510200,능동,11,서울특별시,11200,성동구,1120011500,성수동2가,09,45,2,662.0,11,서울특별시,11215,광진구,1121510200,능동
20260224,11,서울특별시,11215,광진구,1121510200,능동,11,서울특별시,11200,성동구,1120011500,성수동2가,10,00,1,1329.0,11,서울특별시,11215,광진구,1121510200,능동
20260224,11,서울특별시,11215,광진구,1121510200,능동,11,서울특별시,11200,성동구,1120011500,성수동2가,10,15,4,683.0,11,서울특별시,11215,광진구,1121510200,능동
20260224,11,서울특별시,11215,광진구,1121510200,능동,11,서울특별시,11200,성동구,1120011500,성수동2가,10,30,2,765.0,11,서울특별시,11215,광진구,1121510200,능동
20260224,11,서울특별시,11215,광진구,1121510200,능동,11,서울특별시,11200,성동구,1120011500,성수동2가,10,45,4,775.0,11,서울특별시,11215,광진구,1121510200,능동
20260224,11,서울특별시,11215,광진구,1121510200,능동,11,서울특별시,11200,성동구,1120011500,성수동2가,11,00,1,848.0,11,서울특별시,11215,광진구,1121510200,능동
20260224,11,서울특별시,11215,광진구,1121510200,능동,11,서울특별시,11200,성동구,1120011500,성수동2가,11,15,1,887.0,11,서울특별시,11215,광진구,1121510200,능동
20260224,11,서울특별시,11215,광진구,1121510200,능동,11,서울특별시,11200,성동구,1120011500,성수동2가,11,30,2,800.0,11,서울특별시,11215,광진구,1121510200,능동
20260224,11,서울특별시,11215,광진구,1121510200,능동,11,서울특별시,11200,성동구,1120011500,성수동2가,11,45,5,823.0,11,서울특별시,11215,광진구,1121510200,능동
20260224,11,서울특별시,11215,광진구,1121510300,구의동,11,서울특별시,11200,성동구,1120011500,성수동2가,07,00,8,985.0,11,서울특별시,11215,광진구,1121510300,구의동
20260224,11,서울특별시,11215,광진구,1121510300,구의동,11,서울특별시,11200,성동구,1120011500,성수동2가,07,15,6,1021.0,11,서울특별시,11215,광진구,1121510300,구의동
20260224,11,서울특별시,11215,광진구,1121510300,구의동,11,서울특별시,11200,성동구,1120011500,성수동2가,07,30,21,1064.0,11,서울특별시,11215,광진구,1121510300,구의동
20260224,11,서울특별시,11215,광진구,1121510300,구의동,11,서울특별시,11200,성동구,1120011500,성수동2가,07,45,22,863.0,11,서울특별시,11215,광진구,1121510300,구의동
20260224,11,서울특별시,11215,광진구,1121510300,구의동,11,서울특별시,11200,성동구,1120011500,성수동2가,08,00,33,844.0,11,서울특별시,11215,광진구,1121510300,구의동
20260224,11,서울특별시,11215,광진구,1121510300,구의동,11,서울특별시,11200,성동구,1120011500,성수동2가,08,15,49,795.0,11,서울특별시,11215,광진구,1121510300,구의동
20260224,11,서울특별시,11215,광진구,1121510300,구의동,11,서울특별시,11200,성동구,1120011500,성수동2가,08,30,59,632.0,11,서울특별시,11215,광진구,1121510300,구의동
20260224,11,서울특별시,11215,광진구,1121510300,구의동,11,서울특별시,11200,성동구,1120011500,성수동2가,08,45,30,842.0,11,서울특별시,11215,광진구,1121510300,구의동
20260224,11,서울특별시,11215,광진구,1121510300,구의동,11,서울특별시,11200,성동구,1120011500,성수동2가,09,00,43,799.0,11,서울특별시,11215,광진구,1121510300,구의동
20260224,11,서울특별시,11215,광진구,1121510300,구의동,11,서울특별시,11200,성동구,1120011500,성수동2가,09,15,23,839.0,11,서울특별시,11215,광진구,1121510300,구의동
20260224,11,서울특별시,11215,광진구,1121510300,구의동,11,서울특별시,11200,성동구,1120011500,성수동2가,09,30,32,873.0,11,서울특별시,11215,광진구,1121510300,구의동
20260224,11,서울특별시,11215,광진구,1121510300,구의동,11,서울특별시,11200,성동구,1120011500,성수동2가,09,45,23,869.0,11,서울특별시,11215,광진구,1121510300,구의동
20260224,11,서울특별시,11215,광진구,1121510300,구의동,11,서울특별시,11200,성동구,1120011500,성수동2가,10,00,18,836.0,11,서울특별시,11215,광진구,1121510300,구의동
20260224,11,서울특별시,11215,광진구,1121510300,구의동,11,서울특별시,11200,성동구,1120011500,성수동2가,10,15,26,758.0,11,서울특별시,11215,광진구,1121510300,구의동
20260224,11,서울특별시,11215,광진구,1121510300,구의동,11,서울특별시,11200,성동구,1120011500,성수동2가,10,30,27,679.0,11,서울특별시,11215,광진구,1121510300,구의동
20260224,11,서울특별시,11215,광진구,1121510300,구의동,11,서울특별시,11200,성동구,1120011500,성수동2가,10,45,18,708.0,11,서울특별시,11215,광진구,1121510300,구의동
20260224,11,서울특별시,11215,광진구,1121510300,구의동,11,서울특별시,11200,성동구,1120011500,성수동2가,11,00,21,766.0,11,서울특별시,11215,광진구,1121510300,구의동
20260224,11,서울특별시,11215,광진구,1121510300,구의동,11,서울특별시,11200,성동구,1120011500,성수동2가,11,15,22,911.0,11,서울특별시,11215,광진구,1121510300,구의동
20260224,11,서울특별시,11215,광진구,1121510300,구의동,11,서울특별시,11200,성동구,1120011500,성수동2가,11,30,30,763.0,11,서울특별시,11215,광진구,1121510300,구의동
20260224,11,서울특별시,11215,광진구,1121510300,구의동,11,서울특별시,11200,성동구,1120011500,성수동2가,11,45,20,790.0,11,서울특별시,11215,광진구,1121510300,구의동
20260224,11,서울특별시,11215,광진구,1121510400,광장동,11,서울특별시,11200,성동구,1120011500,성수동2가,07,00,1,1586.0,11,서울특별시,11215,광진구,1121510400,광장동
20260224,11,서울특별시,11215,광진구,1121510400,광장동,11,서울특별시,11200,성동구,1120011500,성수동2가,07,15,2,1208.0,11,서울특별시,11215,광진구,1121510400,광장동
20260224,11,서울특별시,11215,광진구,1121510400,광장동,11,서울특별시,11200,성동구,1120011500,성수동2가,07,30,4,1106.0,11,서울특별시,11215,광진구,1121510400,광장동
20260224,11,서울특별시,11215,광진구,1121510400,광장동,11,서울특별시,11200,성동구,1120011500,성수동2가,07,45,7,1231.0,11,서울특별시,11215,광진구,1121510400,광장동
20260224,11,서울특별시,11215,광진구,1121510400,광장동,11,서울특별시,11200,성동구,1120011500,성수동2가,08,00,11,1087.0,11,서울특별시,11215,광진구,1121510400,광장동
20260224,11,서울특별시,11215,광진구,1121510400,광장동,11,서울특별시,11200,성동구,1120011500,성수동2가,08,15,5,1045.0,11,서울특별시,11215,광진구,1121510400,광장동
20260224,11,서울특별시,11215,광진구,1121510400,광장동,11,서울특별시,11200,성동구,1120011500,성수동2가,08,30,7,1049.0,11,서울특별시,11215,광진구,1121510400,광장동
20260224,11,서울특별시,11215,광진구,1121510400,광장동,11,서울특별시,11200,성동구,1120011500,성수동2가,08,45,5,1139.0,11,서울특별시,11215,광진구,1121510400,광장동
20260224,11,서울특별시,11215,광진구,1121510400,광장동,11,서울특별시,11200,성동구,1120011500,성수동2가,09,00,1,1062.0,11,서울특별시,11215,광진구,1121510400,광장동
20260224,11,서울특별시,11215,광진구,1121510400,광장동,11,서울특별시,11200,성동구,1120011500,성수동2가,09,15,5,1906.0,11,서울특별시,11215,광진구,1121510400,광장동
20260224,11,서울특별시,11215,광진구,1121510400,광장동,11,서울특별시,11200,성동구,1120011500,성수동2가,09,30,6,1043.0,11,서울특별시,11215,광진구,1121510400,광장동
20260224,11,서울특별시,11215,광진구,1121510400,광장동,11,서울특별시,11200,성동구,1120011500,성수동2가,09,45,1,724.0,11,서울특별시,11215,광진구,1121510400,광장동
20260224,11,서울특별시,11215,광진구,1121510400,광장동,11,서울특별시,11200,성동구,1120011500,성수동2가,10,00,2,1069.0,11,서울특별시,11215,광진구,1121510400,광장동
20260224,11,서울특별시,11215,광진구,1121510400,광장동,11,서울특별시,11200,성동구,1120011500,성수동2가,10,15,1,829.0,11,서울특별시,11215,광진구,1121510400,광장동
20260224,11,서울특별시,11215,광진구,1121510400,광장동,11,서울특별시,11200,성동구,1120011500,성수동2가,10,30,2,1017.0,11,서울특별시,11215,광진구,1121510400,광장동
20260224,11,서울특별시,11215,광진구,1121510400,광장동,11,서울특별시,11200,성동구,1120011500,성수동2가,10,45,1,1533.0,11,서울특별시,11215,광진구,1121510400,광장동
20260224,11,서울특별시,11215,광진구,1121510400,광장동,11,서울특별시,11200,성동구,1120011500,성수동2가,11,00,2,1909.0,11,서울특별시,11215,광진구,1121510400,광장동
20260224,11,서울특별시,11215,광진구,1121510400,광장동,11,서울특별시,11200,성동구,1120011500,성수동2가,11,15,2,1289.0,11,서울특별시,11215,광진구,1121510400,광장동
20260224,11,서울특별시,11215,광진구,1121510400,광장동,11,서울특별시,11200,성동구,1120011500,성수동2가,11,30,1,773.0,11,서울특별시,11215,광진구,1121510400,광장동
20260224,11,서울특별시,11215,광진구,1121510400,광장동,11,서울특별시,11200,성동구,1120011500,성수동2가,11,45,1,1163.0,11,서울특별시,11215,광진구,1121510400,광장동
20260224,11,서울특별시,11215,광진구,1121510500,자양동,11,서울특별시,11200,성동구,1120011500,성수동2가,07,00,8,577.0,11,서울특별시,11215,광진구,1121510500,자양동
20260224,11,서울특별시,11215,광진구,1121510500,자양동,11,서울특별시,11200,성동구,1120011500,성수동2가,07,15,21,509.0,11,서울특별시,11215,광진구,1121510500,자양동
20260224,11,서울특별시,11215,광진구,1121510500,자양동,11,서울특별시,11200,성동구,1120011500,성수동2가,07,30,40,567.0,11,서울특별시,11215,광진구,1121510500,자양동
20260224,11,서울특별시,11215,광진구,1121510500,자양동,11,서울특별시,11200,성동구,1120011500,성수동2가,07,45,33,621.0,11,서울특별시,11215,광진구,1121510500,자양동
20260224,11,서울특별시,11215,광진구,1121510500,자양동,11,서울특별시,11200,성동구,1120011500,성수동2가,08,00,84,569.0,11,서울특별시,11215,광진구,1121510500,자양동
20260224,11,서울특별시,11215,광진구,1121510500,자양동,11,서울특별시,11200,성동구,1120011500,성수동2가,08,15,103,582.0,11,서울특별시,11215,광진구,1121510500,자양동
20260224,11,서울특별시,11215,광진구,1121510500,자양동,11,서울특별시,11200,성동구,1120011500,성수동2가,08,30,148,495.0,11,서울특별시,11215,광진구,1121510500,자양동
20260224,11,서울특별시,11215,광진구,1121510500,자양동,11,서울특별시,11200,성동구,1120011500,성수동2가,08,45,62,526.0,11,서울특별시,11215,광진구,1121510500,자양동
20260224,11,서울특별시,11215,광진구,1121510500,자양동,11,서울특별시,11200,성동구,1120011500,성수동2가,09,00,93,524.0,11,서울특별시,11215,광진구,1121510500,자양동
20260224,11,서울특별시,11215,광진구,1121510500,자양동,11,서울특별시,11200,성동구,1120011500,성수동2가,09,15,66,557.0,11,서울특별시,11215,광진구,1121510500,자양동
20260224,11,서울특별시,11215,광진구,1121510500,자양동,11,서울특별시,11200,성동구,1120011500,성수동2가,09,30,98,550.0,11,서울특별시,11215,광진구,1121510500,자양동
20260224,11,서울특별시,11215,광진구,1121510500,자양동,11,서울특별시,11200,성동구,1120011500,성수동2가,09,45,48,531.0,11,서울특별시,11215,광진구,1121510500,자양동
20260224,11,서울특별시,11215,광진구,1121510500,자양동,11,서울특별시,11200,성동구,1120011500,성수동2가,10,00,29,550.0,11,서울특별시,11215,광진구,1121510500,자양동
20260224,11,서울특별시,11215,광진구,1121510500,자양동,11,서울특별시,11200,성동구,1120011500,성수동2가,10,15,23,527.0,11,서울특별시,11215,광진구,1121510500,자양동
20260224,11,서울특별시,11215,광진구,1121510500,자양동,11,서울특별시,11200,성동구,1120011500,성수동2가,10,30,49,476.0,11,서울특별시,11215,광진구,1121510500,자양동
20260224,11,서울특별시,11215,광진구,1121510500,자양동,11,서울특별시,11200,성동구,1120011500,성수동2가,10,45,15,500.0,11,서울특별시,11215,광진구,1121510500,자양동
20260224,11,서울특별시,11215,광진구,1121510500,자양동,11,서울특별시,11200,성동구,1120011500,성수동2가,11,00,21,789.0,11,서울특별시,11215,광진구,1121510500,자양동
20260224,11,서울특별시,11215,광진구,1121510500,자양동,11,서울특별시,11200,성동구,1120011500,성수동2가,11,15,37,582.0,11,서울특별시,11215,광진구,1121510500,자양동
20260224,11,서울특별시,11215,광진구,1121510500,자양동,11,서울특별시,11200,성동구,1120011500,성수동2가,11,30,20,585.0,11,서울특별시,11215,광진구,1121510500,자양동
20260224,11,서울특별시,11215,광진구,1121510500,자양동,11,서울특별시,11200,성동구,1120011500,성수동2가,11,45,18,730.0,11,서울특별시,11215,광진구,1121510500,자양동
20260224,11,서울특별시,11215,광진구,1121510700,화양동,11,서울특별시,11200,성동구,1120011500,성수동2가,07,00,3,249.0,11,서울특별시,11215,광진구,1121510700,화양동
20260224,11,서울특별시,11215,광진구,1121510700,화양동,11,서울특별시,11200,성동구,1120011500,성수동2가,07,15,4,476.0,11,서울특별시,11215,광진구,1121510700,화양동
20260224,11,서울특별시,11215,광진구,1121510700,화양동,11,서울특별시,11200,성동구,1120011500,성수동2가,07,30,7,431.0,11,서울특별시,11215,광진구,1121510700,화양동
20260224,11,서울특별시,11215,광진구,1121510700,화양동,11,서울특별시,11200,성동구,1120011500,성수동2가,07,45,9,496.0,11,서울특별시,11215,광진구,1121510700,화양동
20260224,11,서울특별시,11215,광진구,1121510700,화양동,11,서울특별시,11200,성동구,1120011500,성수동2가,08,00,12,393.0,11,서울특별시,11215,광진구,1121510700,화양동
20260224,11,서울특별시,11215,광진구,1121510700,화양동,11,서울특별시,11200,성동구,1120011500,성수동2가,08,15,35,466.0,11,서울특별시,11215,광진구,1121510700,화양동
20260224,11,서울특별시,11215,광진구,1121510700,화양동,11,서울특별시,11200,성동구,1120011500,성수동2가,08,30,38,370.0,11,서울특별시,11215,광진구,1121510700,화양동
20260224,11,서울특별시,11215,광진구,1121510700,화양동,11,서울특별시,11200,성동구,1120011500,성수동2가,08,45,24,333.0,11,서울특별시,11215,광진구,1121510700,화양동
20260224,11,서울특별시,11215,광진구,1121510700,화양동,11,서울특별시,11200,성동구,1120011500,성수동2가,09,00,26,457.0,11,서울특별시,11215,광진구,1121510700,화양동
20260224,11,서울특별시,11215,광진구,1121510700,화양동,11,서울특별시,11200,성동구,1120011500,성수동2가,09,15,19,408.0,11,서울특별시,11215,광진구,1121510700,화양동
20260224,11,서울특별시,11215,광진구,1121510700,화양동,11,서울특별시,11200,성동구,1120011500,성수동2가,09,30,27,587.0,11,서울특별시,11215,광진구,1121510700,화양동
20260224,11,서울특별시,11215,광진구,1121510700,화양동,11,서울특별시,11200,성동구,1120011500,성수동2가,09,45,35,366.0,11,서울특별시,11215,광진구,1121510700,화양동
20260224,11,서울특별시,11215,광진구,1121510700,화양동,11,서울특별시,11200,성동구,1120011500,성수동2가,10,00,17,405.0,11,서울특별시,11215,광진구,1121510700,화양동
20260224,11,서울특별시,11215,광진구,1121510700,화양동,11,서울특별시,11200,성동구,1120011500,성수동2가,10,15,28,736.0,11,서울특별시,11215,광진구,1121510700,화양동
20260224,11,서울특별시,11215,광진구,1121510700,화양동,11,서울특별시,11200,성동구,1120011500,성수동2가,10,30,21,478.0,11,서울특별시,11215,광진구,1121510700,화양동
20260224,11,서울특별시,11215,광진구,1121510700,화양동,11,서울특별시,11200,성동구,1120011500,성수동2가,10,45,31,463.0,11,서울특별시,11215,광진구,1121510700,화양동
20260224,11,서울특별시,11215,광진구,1121510700,화양동,11,서울특별시,11200,성동구,1120011500,성수동2가,11,00,20,597.0,11,서울특별시,11215,광진구,1121510700,화양동
20260224,11,서울특별시,11215,광진구,1121510700,화양동,11,서울특별시,11200,성동구,1120011500,성수동2가,11,15,27,421.0,11,서울특별시,11215,광진구,1121510700,화양동
20260224,11,서울특별시,11215,광진구,1121510700,화양동,11,서울특별시,11200,성동구,1120011500,성수동2가,11,30,23,618.0,11,서울특별시,11215,광진구,1121510700,화양동
20260224,11,서울특별시,11215,광진구,1121510700,화양동,11,서울특별시,11200,성동구,1120011500,성수동2가,11,45,14,443.0,11,서울특별시,11215,광진구,1121510700,화양동
20260224,11,서울특별시,11215,광진구,1121510900,군자동,11,서울특별시,11200,성동구,1120011500,성수동2가,07,00,1,819.0,11,서울특별시,11215,광진구,1121510900,군자동
20260224,11,서울특별시,11215,광진구,1121510900,군자동,11,서울특별시,11200,성동구,1120011500,성수동2가,07,15,4,963.0,11,서울특별시,11215,광진구,1121510900,군자동
20260224,11,서울특별시,11215,광진구,1121510900,군자동,11,서울특별시,11200,성동구,1120011500,성수동2가,07,30,4,764.0,11,서울특별시,11215,광진구,1121510900,군자동
20260224,11,서울특별시,11215,광진구,1121510900,군자동,11,서울특별시,11200,성동구,1120011500,성수동2가,07,45,3,1488.0,11,서울특별시,11215,광진구,1121510900,군자동
20260224,11,서울특별시,11215,광진구,1121510900,군자동,11,서울특별시,11200,성동구,1120011500,성수동2가,08,00,6,1205.0,11,서울특별시,11215,광진구,1121510900,군자동
20260224,11,서울특별시,11215,광진구,1121510900,군자동,11,서울특별시,11200,성동구,1120011500,성수동2가,08,15,10,1046.0,11,서울특별시,11215,광진구,1121510900,군자동
20260224,11,서울특별시,11215,광진구,1121510900,군자동,11,서울특별시,11200,성동구,1120011500,성수동2가,08,30,7,1209.0,11,서울특별시,11215,광진구,1121510900,군자동
20260224,11,서울특별시,11215,광진구,1121510900,군자동,11,서울특별시,11200,성동구,1120011500,성수동2가,08,45,7,970.0,11,서울특별시,11215,광진구,1121510900,군자동
20260224,11,서울특별시,11215,광진구,1121510900,군자동,11,서울특별시,11200,성동구,1120011500,성수동2가,09,00,9,1031.0,11,서울특별시,11215,광진구,1121510900,군자동
20260224,11,서울특별시,11215,광진구,1121510900,군자동,11,서울특별시,11200,성동구,1120011500,성수동2가,09,15,3,1387.0,11,서울특별시,11215,광진구,1121510900,군자동
20260224,11,서울특별시,11215,광진구,1121510900,군자동,11,서울특별시,11200,성동구,1120011500,성수동2가,09,30,7,1156.0,11,서울특별시,11215,광진구,1121510900,군자동
20260224,11,서울특별시,11215,광진구,1121510900,군자동,11,서울특별시,11200,성동구,1120011500,성수동2가,09,45,5,1115.0,11,서울특별시,11215,광진구,1121510900,군자동
20260224,11,서울특별시,11215,광진구,1121510900,군자동,11,서울특별시,11200,성동구,1120011500,성수동2가,10,00,4,759.0,11,서울특별시,11215,광진구,1121510900,군자동
20260224,11,서울특별시,11215,광진구,1121510900,군자동,11,서울특별시,11200,성동구,1120011500,성수동2가,10,15,2,1199.0,11,서울특별시,11215,광진구,1121510900,군자동
20260224,11,서울특별시,11215,광진구,1121510900,군자동,11,서울특별시,11200,성동구,1120011500,성수동2가,10,30,4,989.0,11,서울특별시,11215,광진구,1121510900,군자동
20260224,11,서울특별시,11215,광진구,1121510900,군자동,11,서울특별시,11200,성동구,1120011500,성수동2가,10,45,2,814.0,11,서울특별시,11215,광진구,1121510900,군자동
20260224,11,서울특별시,11215,광진구,1121510900,군자동,11,서울특별시,11200,성동구,1120011500,성수동2가,11,00,1,1001.0,11,서울특별시,11215,광진구,1121510900,군자동
20260224,11,서울특별시,11215,광진구,1121510900,군자동,11,서울특별시,11200,성동구,1120011500,성수동2가,11,15,3,741.0,11,서울특별시,11215,광진구,1121510900,군자동
20260224,11,서울특별시,11215,광진구,1121510900,군자동,11,서울특별시,11200,성동구,1120011500,성수동2가,11,30,1,1154.0,11,서울특별시,11215,광진구,1121510900,군자동
20260224,11,서울특별시,11215,광진구,1121510900,군자동,11,서울특별시,11200,성동구,1120011500,성수동2가,11,45,1,833.0,11,서울특별시,11215,광진구,1121510900,군자동
20260224,11,서울특별시,11230,동대문구,1123010100,신설동,11,서울특별시,11200,성동구,1120011500,성수동2가,07,00,9,1072.0,11,서울특별시,11230,동대문구,1123010100,신설동
20260224,11,서울특별시,11230,동대문구,1123010100,신설동,11,서울특별시,11200,성동구,1120011500,성수동2가,07,15,9,1038.0,11,서울특별시,11230,동대문구,1123010100,신설동
20260224,11,서울특별시,11230,동대문구,1123010100,신설동,11,서울특별시,11200,성동구,1120011500,성수동2가,07,30,16,1076.0,11,서울특별시,11230,동대문구,1123010100,신설동
20260224,11,서울특별시,11230,동대문구,1123010100,신설동,11,서울특별시,11200,성동구,1120011500,성수동2가,07,45,19,1136.0,11,서울특별시,11230,동대문구,1123010100,신설동
20260224,11,서울특별시,11230,동대문구,1123010100,신설동,11,서울특별시,11200,성동구,1120011500,성수동2가,08,00,30,1123.0,11,서울특별시,11230,동대문구,1123010100,신설동
20260224,11,서울특별시,11230,동대문구,1123010100,신설동,11,서울특별시,11200,성동구,1120011500,성수동2가,08,15,38,1047.0,11,서울특별시,11230,동대문구,1123010100,신설동
20260224,11,서울특별시,11230,동대문구,1123010100,신설동,11,서울특별시,11200,성동구,1120011500,성수동2가,08,30,38,962.0,11,서울특별시,11230,동대문구,1123010100,신설동
20260224,11,서울특별시,11230,동대문구,1123010100,신설동,11,서울특별시,11200,성동구,1120011500,성수동2가,08,45,17,1150.0,11,서울특별시,11230,동대문구,1123010100,신설동
20260224,11,서울특별시,11230,동대문구,1123010100,신설동,11,서울특별시,11200,성동구,1120011500,성수동2가,09,00,16,1138.0,11,서울특별시,11230,동대문구,1123010100,신설동
20260224,11,서울특별시,11230,동대문구,1123010100,신설동,11,서울특별시,11200,성동구,1120011500,성수동2가,09,15,21,1262.0,11,서울특별시,11230,동대문구,1123010100,신설동
20260224,11,서울특별시,11230,동대문구,1123010100,신설동,11,서울특별시,11200,성동구,1120011500,성수동2가,09,30,15,1191.0,11,서울특별시,11230,동대문구,1123010100,신설동
20260224,11,서울특별시,11230,동대문구,1123010100,신설동,11,서울특별시,11200,성동구,1120011500,성수동2가,09,45,4,1754.0,11,서울특별시,11230,동대문구,1123010100,신설동
20260224,11,서울특별시,11230,동대문구,1123010100,신설동,11,서울특별시,11200,성동구,1120011500,성수동2가,10,00,10,1160.0,11,서울특별시,11230,동대문구,1123010100,신설동
20260224,11,서울특별시,11230,동대문구,1123010100,신설동,11,서울특별시,11200,성동구,1120011500,성수동2가,10,15,9,1146.0,11,서울특별시,11230,동대문구,1123010100,신설동
20260224,11,서울특별시,11230,동대문구,1123010100,신설동,11,서울특별시,11200,성동구,1120011500,성수동2가,10,30,10,1157.0,11,서울특별시,11230,동대문구,1123010100,신설동
20260224,11,서울특별시,11230,동대문구,1123010100,신설동,11,서울특별시,11200,성동구,1120011500,성수동2가,10,45,11,1104.0,11,서울특별시,11230,동대문구,1123010100,신설동
20260224,11,서울특별시,11230,동대문구,1123010100,신설동,11,서울특별시,11200,성동구,1120011500,성수동2가,11,00,11,1156.0,11,서울특별시,11230,동대문구,1123010100,신설동
20260224,11,서울특별시,11230,동대문구,1123010100,신설동,11,서울특별시,11200,성동구,1120011500,성수동2가,11,15,9,1255.0,11,서울특별시,11230,동대문구,1123010100,신설동
20260224,11,서울특별시,11230,동대문구,1123010100,신설동,11,서울특별시,11200,성동구,1120011500,성수동2가,11,30,10,1060.0,11,서울특별시,11230,동대문구,1123010100,신설동
20260224,11,서울특별시,11230,동대문구,1123010100,신설동,11,서울특별시,11200,성동구,1120011500,성수동2가,11,45,6,1244.0,11,서울특별시,11230,동대문구,1123010100,신설동
20260224,11,서울특별시,11230,동대문구,1123010200,용두동,11,서울특별시,11200,성동구,1120011500,성수동2가,07,00,3,939.0,11,서울특별시,11230,동대문구,1123010200,용두동
20260224,11,서울특별시,11230,동대문구,1123010200,용두동,11,서울특별시,11200,성동구,1120011500,성수동2가,07,15,12,907.0,11,서울특별시,11230,동대문구,1123010200,용두동
20260224,11,서울특별시,11230,동대문구,1123010200,용두동,11,서울특별시,11200,성동구,1120011500,성수동2가,07,30,14,1008.0,11,서울특별시,11230,동대문구,1123010200,용두동
20260224,11,서울특별시,11230,동대문구,1123010200,용두동,11,서울특별시,11200,성동구,1120011500,성수동2가,07,45,13,1074.0,11,서울특별시,11230,동대문구,1123010200,용두동
20260224,11,서울특별시,11230,동대문구,1123010200,용두동,11,서울특별시,11200,성동구,1120011500,성수동2가,08,00,35,1075.0,11,서울특별시,11230,동대문구,1123010200,용두동
20260224,11,서울특별시,11230,동대문구,1123010200,용두동,11,서울특별시,11200,성동구,1120011500,성수동2가,08,15,43,999.0,11,서울특별시,11230,동대문구,1123010200,용두동
20260224,11,서울특별시,11230,동대문구,1123010200,용두동,11,서울특별시,11200,성동구,1120011500,성수동2가,08,30,40,872.0,11,서울특별시,11230,동대문구,1123010200,용두동
20260224,11,서울특별시,11230,동대문구,1123010200,용두동,11,서울특별시,11200,성동구,1120011500,성수동2가,08,45,12,1185.0,11,서울특별시,11230,동대문구,1123010200,용두동
20260224,11,서울특별시,11230,동대문구,1123010200,용두동,11,서울특별시,11200,성동구,1120011500,성수동2가,09,00,16,962.0,11,서울특별시,11230,동대문구,1123010200,용두동
20260224,11,서울특별시,11230,동대문구,1123010200,용두동,11,서울특별시,11200,성동구,1120011500,성수동2가,09,15,21,967.0,11,서울특별시,11230,동대문구,1123010200,용두동
20260224,11,서울특별시,11230,동대문구,1123010200,용두동,11,서울특별시,11200,성동구,1120011500,성수동2가,09,30,14,1064.0,11,서울특별시,11230,동대문구,1123010200,용두동
20260224,11,서울특별시,11230,동대문구,1123010200,용두동,11,서울특별시,11200,성동구,1120011500,성수동2가,09,45,3,1056.0,11,서울특별시,11230,동대문구,1123010200,용두동
20260224,11,서울특별시,11230,동대문구,1123010200,용두동,11,서울특별시,11200,성동구,1120011500,성수동2가,10,00,6,1003.0,11,서울특별시,11230,동대문구,1123010200,용두동
20260224,11,서울특별시,11230,동대문구,1123010200,용두동,11,서울특별시,11200,성동구,1120011500,성수동2가,10,15,8,938.0,11,서울특별시,11230,동대문구,1123010200,용두동
20260224,11,서울특별시,11230,동대문구,1123010200,용두동,11,서울특별시,11200,성동구,1120011500,성수동2가,10,30,6,1282.0,11,서울특별시,11230,동대문구,1123010200,용두동
20260224,11,서울특별시,11230,동대문구,1123010200,용두동,11,서울특별시,11200,성동구,1120011500,성수동2가,10,45,3,1045.0,11,서울특별시,11230,동대문구,1123010200,용두동
20260224,11,서울특별시,11230,동대문구,1123010200,용두동,11,서울특별시,11200,성동구,1120011500,성수동2가,11,00,7,1283.0,11,서울특별시,11230,동대문구,1123010200,용두동
20260224,11,서울특별시,11230,동대문구,1123010200,용두동,11,서울특별시,11200,성동구,1120011500,성수동2가,11,15,6,933.0,11,서울특별시,11230,동대문구,1123010200,용두동
20260224,11,서울특별시,11230,동대문구,1123010200,용두동,11,서울특별시,11200,성동구,1120011500,성수동2가,11,30,1,698.0,11,서울특별시,11230,동대문구,1123010200,용두동
20260224,11,서울특별시,11230,동대문구,1123010200,용두동,11,서울특별시,11200,성동구,1120011500,성수동2가,11,45,4,1110.0,11,서울특별시,11230,동대문구,1123010200,용두동
20260224,11,서울특별시,11230,동대문구,1123010300,제기동,11,서울특별시,11200,성동구,1120011500,성수동2가,07,00,4,1479.0,11,서울특별시,11230,동대문구,1123010300,제기동
20260224,11,서울특별시,11230,동대문구,1123010300,제기동,11,서울특별시,11200,성동구,1120011500,성수동2가,07,15,6,1388.0,11,서울특별시,11230,동대문구,1123010300,제기동
20260224,11,서울특별시,11230,동대문구,1123010300,제기동,11,서울특별시,11200,성동구,1120011500,성수동2가,07,30,8,1657.0,11,서울특별시,11230,동대문구,1123010300,제기동
20260224,11,서울특별시,11230,동대문구,1123010300,제기동,11,서울특별시,11200,성동구,1120011500,성수동2가,07,45,9,1575.0,11,서울특별시,11230,동대문구,1123010300,제기동
20260224,11,서울특별시,11230,동대문구,1123010300,제기동,11,서울특별시,11200,성동구,1120011500,성수동2가,08,00,8,1736.0,11,서울특별시,11230,동대문구,1123010300,제기동
20260224,11,서울특별시,11230,동대문구,1123010300,제기동,11,서울특별시,11200,성동구,1120011500,성수동2가,08,15,4,1234.0,11,서울특별시,11230,동대문구,1123010300,제기동
20260224,11,서울특별시,11230,동대문구,1123010300,제기동,11,서울특별시,11200,성동구,1120011500,성수동2가,08,30,7,1498.0,11,서울특별시,11230,동대문구,1123010300,제기동
20260224,11,서울특별시,11230,동대문구,1123010300,제기동,11,서울특별시,11200,성동구,1120011500,성수동2가,08,45,5,1481.0,11,서울특별시,11230,동대문구,1123010300,제기동
20260224,11,서울특별시,11230,동대문구,1123010300,제기동,11,서울특별시,11200,성동구,1120011500,성수동2가,09,00,5,1605.0,11,서울특별시,11230,동대문구,1123010300,제기동
20260224,11,서울특별시,11230,동대문구,1123010300,제기동,11,서울특별시,11200,성동구,1120011500,성수동2가,09,15,2,1688.0,11,서울특별시,11230,동대문구,1123010300,제기동
20260224,11,서울특별시,11230,동대문구,1123010300,제기동,11,서울특별시,11200,성동구,1120011500,성수동2가,09,30,3,1534.0,11,서울특별시,11230,동대문구,1123010300,제기동
20260224,11,서울특별시,11230,동대문구,1123010300,제기동,11,서울특별시,11200,성동구,1120011500,성수동2가,09,45,4,1593.0,11,서울특별시,11230,동대문구,1123010300,제기동
20260224,11,서울특별시,11230,동대문구,1123010300,제기동,11,서울특별시,11200,성동구,1120011500,성수동2가,10,00,4,1517.0,11,서울특별시,11230,동대문구,1123010300,제기동
20260224,11,서울특별시,11230,동대문구,1123010300,제기동,11,서울특별시,11200,성동구,1120011500,성수동2가,10,30,3,1850.0,11,서울특별시,11230,동대문구,1123010300,제기동
20260224,11,서울특별시,11230,동대문구,1123010300,제기동,11,서울특별시,11200,성동구,1120011500,성수동2가,10,45,3,2172.0,11,서울특별시,11230,동대문구,1123010300,제기동
20260224,11,서울특별시,11230,동대문구,1123010300,제기동,11,서울특별시,11200,성동구,1120011500,성수동2가,11,00,5,1491.0,11,서울특별시,11230,동대문구,1123010300,제기동
20260224,11,서울특별시,11230,동대문구,1123010300,제기동,11,서울특별시,11200,성동구,1120011500,성수동2가,11,15,2,1655.0,11,서울특별시,11230,동대문구,1123010300,제기동
20260224,11,서울특별시,11230,동대문구,1123010300,제기동,11,서울특별시,11200,성동구,1120011500,성수동2가,11,30,2,1605.0,11,서울특별시,11230,동대문구,1123010300,제기동
20260224,11,서울특별시,11230,동대문구,1123010300,제기동,11,서울특별시,11200,성동구,1120011500,성수동2가,11,45,2,2022.0,11,서울특별시,11230,동대문구,1123010300,제기동
20260224,11,서울특별시,11230,동대문구,1123010400,전농동,11,서울특별시,11200,성동구,1120011500,성수동2가,07,00,8,1434.0,11,서울특별시,11230,동대문구,1123010400,전농동
20260224,11,서울특별시,11230,동대문구,1123010400,전농동,11,서울특별시,11200,성동구,1120011500,성수동2가,07,15,15,1374.0,11,서울특별시,11230,동대문구,1123010400,전농동
20260224,11,서울특별시,11230,동대문구,1123010400,전농동,11,서울특별시,11200,성동구,1120011500,성수동2가,07,30,14,1631.0,11,서울특별시,11230,동대문구,1123010400,전농동
20260224,11,서울특별시,11230,동대문구,1123010400,전농동,11,서울특별시,11200,성동구,1120011500,성수동2가,07,45,28,1355.0,11,서울특별시,11230,동대문구,1123010400,전농동
20260224,11,서울특별시,11230,동대문구,1123010400,전농동,11,서울특별시,11200,성동구,1120011500,성수동2가,08,00,43,1416.0,11,서울특별시,11230,동대문구,1123010400,전농동
20260224,11,서울특별시,11230,동대문구,1123010400,전농동,11,서울특별시,11200,성동구,1120011500,성수동2가,08,15,32,1479.0,11,서울특별시,11230,동대문구,1123010400,전농동
20260224,11,서울특별시,11230,동대문구,1123010400,전농동,11,서울특별시,11200,성동구,1120011500,성수동2가,08,30,15,1461.0,11,서울특별시,11230,동대문구,1123010400,전농동
20260224,11,서울특별시,11230,동대문구,1123010400,전농동,11,서울특별시,11200,성동구,1120011500,성수동2가,08,45,16,1444.0,11,서울특별시,11230,동대문구,1123010400,전농동
20260224,11,서울특별시,11230,동대문구,1123010400,전농동,11,서울특별시,11200,성동구,1120011500,성수동2가,09,00,15,1527.0,11,서울특별시,11230,동대문구,1123010400,전농동
20260224,11,서울특별시,11230,동대문구,1123010400,전농동,11,서울특별시,11200,성동구,1120011500,성수동2가,09,15,12,1611.0,11,서울특별시,11230,동대문구,1123010400,전농동
20260224,11,서울특별시,11230,동대문구,1123010400,전농동,11,서울특별시,11200,성동구,1120011500,성수동2가,09,30,6,1488.0,11,서울특별시,11230,동대문구,1123010400,전농동
20260224,11,서울특별시,11230,동대문구,1123010400,전농동,11,서울특별시,11200,성동구,1120011500,성수동2가,09,45,10,1476.0,11,서울특별시,11230,동대문구,1123010400,전농동
20260224,11,서울특별시,11230,동대문구,1123010400,전농동,11,서울특별시,11200,성동구,1120011500,성수동2가,10,00,9,1630.0,11,서울특별시,11230,동대문구,1123010400,전농동
20260224,11,서울특별시,11230,동대문구,1123010400,전농동,11,서울특별시,11200,성동구,1120011500,성수동2가,10,15,9,1356.0,11,서울특별시,11230,동대문구,1123010400,전농동
20260224,11,서울특별시,11230,동대문구,1123010400,전농동,11,서울특별시,11200,성동구,1120011500,성수동2가,10,30,9,1599.0,11,서울특별시,11230,동대문구,1123010400,전농동
20260224,11,서울특별시,11230,동대문구,1123010400,전농동,11,서울특별시,11200,성동구,1120011500,성수동2가,10,45,1,1534.0,11,서울특별시,11230,동대문구,1123010400,전농동
20260224,11,서울특별시,11230,동대문구,1123010400,전농동,11,서울특별시,11200,성동구,1120011500,성수동2가,11,00,3,1797.0,11,서울특별시,11230,동대문구,1123010400,전농동
20260224,11,서울특별시,11230,동대문구,1123010400,전농동,11,서울특별시,11200,성동구,1120011500,성수동2가,11,15,11,1446.0,11,서울특별시,11230,동대문구,1123010400,전농동
20260224,11,서울특별시,11230,동대문구,1123010400,전농동,11,서울특별시,11200,성동구,1120011500,성수동2가,11,30,6,1357.0,11,서울특별시,11230,동대문구,1123010400,전농동
20260224,11,서울특별시,11230,동대문구,1123010400,전농동,11,서울특별시,11200,성동구,1120011500,성수동2가,11,45,8,1735.0,11,서울특별시,11230,동대문구,1123010400,전농동
20260224,11,서울특별시,11230,동대문구,1123010500,답십리동,11,서울특별시,11200,성동구,1120011500,성수동2가,07,00,3,1482.0,11,서울특별시,11230,동대문구,1123010500,답십리동
20260224,11,서울특별시,11230,동대문구,1123010500,답십리동,11,서울특별시,11200,성동구,1120011500,성수동2가,07,15,1,1383.0,11,서울특별시,11230,동대문구,1123010500,답십리동
20260224,11,서울특별시,11230,동대문구,1123010500,답십리동,11,서울특별시,11200,성동구,1120011500,성수동2가,07,30,9,1460.0,11,서울특별시,11230,동대문구,1123010500,답십리동
20260224,11,서울특별시,11230,동대문구,1123010500,답십리동,11,서울특별시,11200,성동구,1120011500,성수동2가,07,45,14,1328.0,11,서울특별시,11230,동대문구,1123010500,답십리동
20260224,11,서울특별시,11230,동대문구,1123010500,답십리동,11,서울특별시,11200,성동구,1120011500,성수동2가,08,00,7,1353.0,11,서울특별시,11230,동대문구,1123010500,답십리동
20260224,11,서울특별시,11230,동대문구,1123010500,답십리동,11,서울특별시,11200,성동구,1120011500,성수동2가,08,15,22,1263.0,11,서울특별시,11230,동대문구,1123010500,답십리동
20260224,11,서울특별시,11230,동대문구,1123010500,답십리동,11,서울특별시,11200,성동구,1120011500,성수동2가,08,30,7,1226.0,11,서울특별시,11230,동대문구,1123010500,답십리동
20260224,11,서울특별시,11230,동대문구,1123010500,답십리동,11,서울특별시,11200,성동구,1120011500,성수동2가,08,45,11,1149.0,11,서울특별시,11230,동대문구,1123010500,답십리동
20260224,11,서울특별시,11230,동대문구,1123010500,답십리동,11,서울특별시,11200,성동구,1120011500,성수동2가,09,00,9,1340.0,11,서울특별시,11230,동대문구,1123010500,답십리동
20260224,11,서울특별시,11230,동대문구,1123010500,답십리동,11,서울특별시,11200,성동구,1120011500,성수동2가,09,15,7,1409.0,11,서울특별시,11230,동대문구,1123010500,답십리동
20260224,11,서울특별시,11230,동대문구,1123010500,답십리동,11,서울특별시,11200,성동구,1120011500,성수동2가,09,30,4,1165.0,11,서울특별시,11230,동대문구,1123010500,답십리동
20260224,11,서울특별시,11230,동대문구,1123010500,답십리동,11,서울특별시,11200,성동구,1120011500,성수동2가,09,45,4,1249.0,11,서울특별시,11230,동대문구,1123010500,답십리동
20260224,11,서울특별시,11230,동대문구,1123010500,답십리동,11,서울특별시,11200,성동구,1120011500,성수동2가,10,00,3,1471.0,11,서울특별시,11230,동대문구,1123010500,답십리동
20260224,11,서울특별시,11230,동대문구,1123010500,답십리동,11,서울특별시,11200,성동구,1120011500,성수동2가,10,15,2,1104.0,11,서울특별시,11230,동대문구,1123010500,답십리동
20260224,11,서울특별시,11230,동대문구,1123010500,답십리동,11,서울특별시,11200,성동구,1120011500,성수동2가,10,30,3,1310.0,11,서울특별시,11230,동대문구,1123010500,답십리동
20260224,11,서울특별시,11230,동대문구,1123010500,답십리동,11,서울특별시,11200,성동구,1120011500,성수동2가,10,45,3,1299.0,11,서울특별시,11230,동대문구,1123010500,답십리동
20260224,11,서울특별시,11230,동대문구,1123010500,답십리동,11,서울특별시,11200,성동구,1120011500,성수동2가,11,00,1,1573.0,11,서울특별시,11230,동대문구,1123010500,답십리동
20260224,11,서울특별시,11230,동대문구,1123010500,답십리동,11,서울특별시,11200,성동구,1120011500,성수동2가,11,15,1,1257.0,11,서울특별시,11230,동대문구,1123010500,답십리동
20260224,11,서울특별시,11230,동대문구,1123010500,답십리동,11,서울특별시,11200,성동구,1120011500,성수동2가,11,30,1,940.0,11,서울특별시,11230,동대문구,1123010500,답십리동
20260224,11,서울특별시,11230,동대문구,1123010500,답십리동,11,서울특별시,11200,성동구,1120011500,성수동2가,11,45,4,1251.0,11,서울특별시,11230,동대문구,1123010500,답십리동
20260224,11,서울특별시,11230,동대문구,1123010600,장안동,11,서울특별시,11200,성동구,1120011500,성수동2가,07,00,8,1541.0,11,서울특별시,11230,동대문구,1123010600,장안동
20260224,11,서울특별시,11230,동대문구,1123010600,장안동,11,서울특별시,11200,성동구,1120011500,성수동2가,07,15,18,1389.0,11,서울특별시,11230,동대문구,1123010600,장안동
20260224,11,서울특별시,11230,동대문구,1123010600,장안동,11,서울특별시,11200,성동구,1120011500,성수동2가,07,30,13,1633.0,11,서울특별시,11230,동대문구,1123010600,장안동
20260224,11,서울특별시,11230,동대문구,1123010600,장안동,11,서울특별시,11200,성동구,1120011500,성수동2가,07,45,21,1439.0,11,서울특별시,11230,동대문구,1123010600,장안동
20260224,11,서울특별시,11230,동대문구,1123010600,장안동,11,서울특별시,11200,성동구,1120011500,성수동2가,08,00,40,1406.0,11,서울특별시,11230,동대문구,1123010600,장안동
20260224,11,서울특별시,11230,동대문구,1123010600,장안동,11,서울특별시,11200,성동구,1120011500,성수동2가,08,15,40,1370.0,11,서울특별시,11230,동대문구,1123010600,장안동
20260224,11,서울특별시,11230,동대문구,1123010600,장안동,11,서울특별시,11200,성동구,1120011500,성수동2가,08,30,21,1278.0,11,서울특별시,11230,동대문구,1123010600,장안동
20260224,11,서울특별시,11230,동대문구,1123010600,장안동,11,서울특별시,11200,성동구,1120011500,성수동2가,08,45,12,1447.0,11,서울특별시,11230,동대문구,1123010600,장안동
20260224,11,서울특별시,11230,동대문구,1123010600,장안동,11,서울특별시,11200,성동구,1120011500,성수동2가,09,00,26,1469.0,11,서울특별시,11230,동대문구,1123010600,장안동
20260224,11,서울특별시,11230,동대문구,1123010600,장안동,11,서울특별시,11200,성동구,1120011500,성수동2가,09,15,22,1287.0,11,서울특별시,11230,동대문구,1123010600,장안동
20260224,11,서울특별시,11230,동대문구,1123010600,장안동,11,서울특별시,11200,성동구,1120011500,성수동2가,09,30,5,1370.0,11,서울특별시,11230,동대문구,1123010600,장안동
20260224,11,서울특별시,11230,동대문구,1123010600,장안동,11,서울특별시,11200,성동구,1120011500,성수동2가,09,45,13,1521.0,11,서울특별시,11230,동대문구,1123010600,장안동
20260224,11,서울특별시,11230,동대문구,1123010600,장안동,11,서울특별시,11200,성동구,1120011500,성수동2가,10,00,10,1433.0,11,서울특별시,11230,동대문구,1123010600,장안동
20260224,11,서울특별시,11230,동대문구,1123010600,장안동,11,서울특별시,11200,성동구,1120011500,성수동2가,10,15,7,1284.0,11,서울특별시,11230,동대문구,1123010600,장안동
20260224,11,서울특별시,11230,동대문구,1123010600,장안동,11,서울특별시,11200,성동구,1120011500,성수동2가,10,30,5,1319.0,11,서울특별시,11230,동대문구,1123010600,장안동
20260224,11,서울특별시,11230,동대문구,1123010600,장안동,11,서울특별시,11200,성동구,1120011500,성수동2가,10,45,9,1420.0,11,서울특별시,11230,동대문구,1123010600,장안동
20260224,11,서울특별시,11230,동대문구,1123010600,장안동,11,서울특별시,11200,성동구,1120011500,성수동2가,11,00,11,1371.0,11,서울특별시,11230,동대문구,1123010600,장안동
20260224,11,서울특별시,11230,동대문구,1123010600,장안동,11,서울특별시,11200,성동구,1120011500,성수동2가,11,15,6,1327.0,11,서울특별시,11230,동대문구,1123010600,장안동
20260224,11,서울특별시,11230,동대문구,1123010600,장안동,11,서울특별시,11200,성동구,1120011500,성수동2가,11,30,13,1400.0,11,서울특별시,11230,동대문구,1123010600,장안동
20260224,11,서울특별시,11230,동대문구,1123010600,장안동,11,서울특별시,11200,성동구,1120011500,성수동2가,11,45,3,1331.0,11,서울특별시,11230,동대문구,1123010600,장안동
20260224,11,서울특별시,11230,동대문구,1123010700,청량리동,11,서울특별시,11200,성동구,1120011500,성수동2가,07,00,1,1497.0,11,서울특별시,11230,동대문구,1123010700,청량리동
20260224,11,서울특별시,11230,동대문구,1123010700,청량리동,11,서울특별시,11200,성동구,1120011500,성수동2가,07,15,1,2040.0,11,서울특별시,11230,동대문구,1123010700,청량리동
20260224,11,서울특별시,11230,동대문구,1123010700,청량리동,11,서울특별시,11200,성동구,1120011500,성수동2가,07,30,2,1538.0,11,서울특별시,11230,동대문구,1123010700,청량리동
20260224,11,서울특별시,11230,동대문구,1123010700,청량리동,11,서울특별시,11200,성동구,1120011500,성수동2가,08,00,1,1609.0,11,서울특별시,11230,동대문구,1123010700,청량리동
20260224,11,서울특별시,11230,동대문구,1123010700,청량리동,11,서울특별시,11200,성동구,1120011500,성수동2가,08,15,1,1416.0,11,서울특별시,11230,동대문구,1123010700,청량리동
20260224,11,서울특별시,11230,동대문구,1123010700,청량리동,11,서울특별시,11200,성동구,1120011500,성수동2가,08,30,1,1761.0,11,서울특별시,11230,동대문구,1123010700,청량리동
20260224,11,서울특별시,11230,동대문구,1123010700,청량리동,11,서울특별시,11200,성동구,1120011500,성수동2가,08,45,2,1340.0,11,서울특별시,11230,동대문구,1123010700,청량리동
20260224,11,서울특별시,11230,동대문구,1123010700,청량리동,11,서울특별시,11200,성동구,1120011500,성수동2가,09,00,2,3038.0,11,서울특별시,11230,동대문구,1123010700,청량리동
20260224,11,서울특별시,11230,동대문구,1123010700,청량리동,11,서울특별시,11200,성동구,1120011500,성수동2가,09,45,1,1723.0,11,서울특별시,11230,동대문구,1123010700,청량리동
20260224,11,서울특별시,11230,동대문구,1123010700,청량리동,11,서울특별시,11200,성동구,1120011500,성수동2가,10,00,2,2060.0,11,서울특별시,11230,동대문구,1123010700,청량리동
20260224,11,서울특별시,11230,동대문구,1123010700,청량리동,11,서울특별시,11200,성동구,1120011500,성수동2가,10,15,1,1778.0,11,서울특별시,11230,동대문구,1123010700,청량리동
20260224,11,서울특별시,11230,동대문구,1123010700,청량리동,11,서울특별시,11200,성동구,1120011500,성수동2가,11,45,1,1488.0,11,서울특별시,11230,동대문구,1123010700,청량리동
20260224,11,서울특별시,11230,동대문구,1123010800,회기동,11,서울특별시,11200,성동구,1120011500,성수동2가,07,00,2,1975.0,11,서울특별시,11230,동대문구,1123010800,회기동
20260224,11,서울특별시,11230,동대문구,1123010800,회기동,11,서울특별시,11200,성동구,1120011500,성수동2가,07,15,1,1285.0,11,서울특별시,11230,동대문구,1123010800,회기동
20260224,11,서울특별시,11230,동대문구,1123010800,회기동,11,서울특별시,11200,성동구,1120011500,성수동2가,07,30,1,1379.0,11,서울특별시,11230,동대문구,1123010800,회기동
20260224,11,서울특별시,11230,동대문구,1123010800,회기동,11,서울특별시,11200,성동구,1120011500,성수동2가,07,45,4,1626.0,11,서울특별시,11230,동대문구,1123010800,회기동
20260224,11,서울특별시,11230,동대문구,1123010800,회기동,11,서울특별시,11200,성동구,1120011500,성수동2가,08,00,1,2096.0,11,서울특별시,11230,동대문구,1123010800,회기동
20260224,11,서울특별시,11230,동대문구,1123010800,회기동,11,서울특별시,11200,성동구,1120011500,성수동2가,08,15,1,1431.0,11,서울특별시,11230,동대문구,1123010800,회기동
20260224,11,서울특별시,11230,동대문구,1123010800,회기동,11,서울특별시,11200,성동구,1120011500,성수동2가,08,30,1,1341.0,11,서울특별시,11230,동대문구,1123010800,회기동
20260224,11,서울특별시,11230,동대문구,1123010800,회기동,11,서울특별시,11200,성동구,1120011500,성수동2가,08,45,2,2029.0,11,서울특별시,11230,동대문구,1123010800,회기동
20260224,11,서울특별시,11230,동대문구,1123010800,회기동,11,서울특별시,11200,성동구,1120011500,성수동2가,10,15,1,2178.0,11,서울특별시,11230,동대문구,1123010800,회기동
20260224,11,서울특별시,11230,동대문구,1123010800,회기동,11,서울특별시,11200,성동구,1120011500,성수동2가,11,00,1,1668.0,11,서울특별시,11230,동대문구,1123010800,회기동
20260224,11,서울특별시,11230,동대문구,1123010900,휘경동,11,서울특별시,11200,성동구,1120011500,성수동2가,07,00,3,1585.0,11,서울특별시,11230,동대문구,1123010900,휘경동
20260224,11,서울특별시,11230,동대문구,1123010900,휘경동,11,서울특별시,11200,성동구,1120011500,성수동2가,07,15,4,1591.0,11,서울특별시,11230,동대문구,1123010900,휘경동
20260224,11,서울특별시,11230,동대문구,1123010900,휘경동,11,서울특별시,11200,성동구,1120011500,성수동2가,07,30,6,1313.0,11,서울특별시,11230,동대문구,1123010900,휘경동
20260224,11,서울특별시,11230,동대문구,1123010900,휘경동,11,서울특별시,11200,성동구,1120011500,성수동2가,07,45,20,1557.0,11,서울특별시,11230,동대문구,1123010900,휘경동
20260224,11,서울특별시,11230,동대문구,1123010900,휘경동,11,서울특별시,11200,성동구,1120011500,성수동2가,08,00,16,1889.0,11,서울특별시,11230,동대문구,1123010900,휘경동
20260224,11,서울특별시,11230,동대문구,1123010900,휘경동,11,서울특별시,11200,성동구,1120011500,성수동2가,08,15,20,1564.0,11,서울특별시,11230,동대문구,1123010900,휘경동
20260224,11,서울특별시,11230,동대문구,1123010900,휘경동,11,서울특별시,11200,성동구,1120011500,성수동2가,08,30,14,1497.0,11,서울특별시,11230,동대문구,1123010900,휘경동
20260224,11,서울특별시,11230,동대문구,1123010900,휘경동,11,서울특별시,11200,성동구,1120011500,성수동2가,08,45,5,1641.0,11,서울특별시,11230,동대문구,1123010900,휘경동
20260224,11,서울특별시,11230,동대문구,1123010900,휘경동,11,서울특별시,11200,성동구,1120011500,성수동2가,09,00,10,1799.0,11,서울특별시,11230,동대문구,1123010900,휘경동
20260224,11,서울특별시,11230,동대문구,1123010900,휘경동,11,서울특별시,11200,성동구,1120011500,성수동2가,09,15,4,1591.0,11,서울특별시,11230,동대문구,1123010900,휘경동
20260224,11,서울특별시,11230,동대문구,1123010900,휘경동,11,서울특별시,11200,성동구,1120011500,성수동2가,09,30,4,1657.0,11,서울특별시,11230,동대문구,1123010900,휘경동
20260224,11,서울특별시,11230,동대문구,1123010900,휘경동,11,서울특별시,11200,성동구,1120011500,성수동2가,09,45,4,1405.0,11,서울특별시,11230,동대문구,1123010900,휘경동
20260224,11,서울특별시,11230,동대문구,1123010900,휘경동,11,서울특별시,11200,성동구,1120011500,성수동2가,10,15,5,1376.0,11,서울특별시,11230,동대문구,1123010900,휘경동
20260224,11,서울특별시,11230,동대문구,1123010900,휘경동,11,서울특별시,11200,성동구,1120011500,성수동2가,10,30,4,2060.0,11,서울특별시,11230,동대문구,1123010900,휘경동
20260224,11,서울특별시,11230,동대문구,1123010900,휘경동,11,서울특별시,11200,성동구,1120011500,성수동2가,10,45,1,1374.0,11,서울특별시,11230,동대문구,1123010900,휘경동
20260224,11,서울특별시,11230,동대문구,1123010900,휘경동,11,서울특별시,11200,성동구,1120011500,성수동2가,11,00,7,1792.0,11,서울특별시,11230,동대문구,1123010900,휘경동
20260224,11,서울특별시,11230,동대문구,1123010900,휘경동,11,서울특별시,11200,성동구,1120011500,성수동2가,11,15,5,1544.0,11,서울특별시,11230,동대문구,1123010900,휘경동
20260224,11,서울특별시,11230,동대문구,1123010900,휘경동,11,서울특별시,11200,성동구,1120011500,성수동2가,11,30,5,1374.0,11,서울특별시,11230,동대문구,1123010900,휘경동
20260224,11,서울특별시,11230,동대문구,1123010900,휘경동,11,서울특별시,11200,성동구,1120011500,성수동2가,11,45,3,1892.0,11,서울특별시,11230,동대문구,1123010900,휘경동
20260224,11,서울특별시,11230,동대문구,1123011000,이문동,11,서울특별시,11200,성동구,1120011500,성수동2가,07,00,6,1757.0,11,서울특별시,11230,동대문구,1123011000,이문동
20260224,11,서울특별시,11230,동대문구,1123011000,이문동,11,서울특별시,11200,성동구,1120011500,성수동2가,07,15,17,2044.0,11,서울특별시,11230,동대문구,1123011000,이문동
20260224,11,서울특별시,11230,동대문구,1123011000,이문동,11,서울특별시,11200,성동구,1120011500,성수동2가,07,30,17,2118.0,11,서울특별시,11230,동대문구,1123011000,이문동
20260224,11,서울특별시,11230,동대문구,1123011000,이문동,11,서울특별시,11200,성동구,1120011500,성수동2가,07,45,14,2106.0,11,서울특별시,11230,동대문구,1123011000,이문동
20260224,11,서울특별시,11230,동대문구,1123011000,이문동,11,서울특별시,11200,성동구,1120011500,성수동2가,08,00,31,2084.0,11,서울특별시,11230,동대문구,1123011000,이문동
20260224,11,서울특별시,11230,동대문구,1123011000,이문동,11,서울특별시,11200,성동구,1120011500,성수동2가,08,15,14,1910.0,11,서울특별시,11230,동대문구,1123011000,이문동
20260224,11,서울특별시,11230,동대문구,1123011000,이문동,11,서울특별시,11200,성동구,1120011500,성수동2가,08,30,13,2125.0,11,서울특별시,11230,동대문구,1123011000,이문동
20260224,11,서울특별시,11230,동대문구,1123011000,이문동,11,서울특별시,11200,성동구,1120011500,성수동2가,08,45,14,2306.0,11,서울특별시,11230,동대문구,1123011000,이문동
20260224,11,서울특별시,11230,동대문구,1123011000,이문동,11,서울특별시,11200,성동구,1120011500,성수동2가,09,00,10,2034.0,11,서울특별시,11230,동대문구,1123011000,이문동
20260224,11,서울특별시,11230,동대문구,1123011000,이문동,11,서울특별시,11200,성동구,1120011500,성수동2가,09,15,4,2089.0,11,서울특별시,11230,동대문구,1123011000,이문동
20260224,11,서울특별시,11230,동대문구,1123011000,이문동,11,서울특별시,11200,성동구,1120011500,성수동2가,09,30,3,1982.0,11,서울특별시,11230,동대문구,1123011000,이문동
20260224,11,서울특별시,11230,동대문구,1123011000,이문동,11,서울특별시,11200,성동구,1120011500,성수동2가,09,45,6,2169.0,11,서울특별시,11230,동대문구,1123011000,이문동
20260224,11,서울특별시,11230,동대문구,1123011000,이문동,11,서울특별시,11200,성동구,1120011500,성수동2가,10,00,3,2163.0,11,서울특별시,11230,동대문구,1123011000,이문동
20260224,11,서울특별시,11230,동대문구,1123011000,이문동,11,서울특별시,11200,성동구,1120011500,성수동2가,10,15,5,1996.0,11,서울특별시,11230,동대문구,1123011000,이문동
20260224,11,서울특별시,11230,동대문구,1123011000,이문동,11,서울특별시,11200,성동구,1120011500,성수동2가,10,30,8,2365.0,11,서울특별시,11230,동대문구,1123011000,이문동
20260224,11,서울특별시,11230,동대문구,1123011000,이문동,11,서울특별시,11200,성동구,1120011500,성수동2가,10,45,3,2101.0,11,서울특별시,11230,동대문구,1123011000,이문동
20260224,11,서울특별시,11230,동대문구,1123011000,이문동,11,서울특별시,11200,성동구,1120011500,성수동2가,11,00,7,1762.0,11,서울특별시,11230,동대문구,1123011000,이문동
20260224,11,서울특별시,11230,동대문구,1123011000,이문동,11,서울특별시,11200,성동구,1120011500,성수동2가,11,15,4,2122.0,11,서울특별시,11230,동대문구,1123011000,이문동
20260224,11,서울특별시,11230,동대문구,1123011000,이문동,11,서울특별시,11200,성동구,1120011500,성수동2가,11,30,2,1779.0,11,서울특별시,11230,동대문구,1123011000,이문동
20260224,11,서울특별시,11230,동대문구,1123011000,이문동,11,서울특별시,11200,성동구,1120011500,성수동2가,11,45,4,2054.0,11,서울특별시,11230,동대문구,1123011000,이문동
20260224,11,서울특별시,11260,중랑구,1126010100,면목동,11,서울특별시,11200,성동구,1120011500,성수동2가,07,00,27,1589.0,11,서울특별시,11260,중랑구,1126010100,면목동
20260224,11,서울특별시,11260,중랑구,1126010100,면목동,11,서울특별시,11200,성동구,1120011500,성수동2가,07,15,44,1555.0,11,서울특별시,11260,중랑구,1126010100,면목동
20260224,11,서울특별시,11260,중랑구,1126010100,면목동,11,서울특별시,11200,성동구,1120011500,성수동2가,07,30,66,1759.0,11,서울특별시,11260,중랑구,1126010100,면목동
20260224,11,서울특별시,11260,중랑구,1126010100,면목동,11,서울특별시,11200,성동구,1120011500,성수동2가,07,45,77,1746.0,11,서울특별시,11260,중랑구,1126010100,면목동
20260224,11,서울특별시,11260,중랑구,1126010100,면목동,11,서울특별시,11200,성동구,1120011500,성수동2가,08,00,96,1659.0,11,서울특별시,11260,중랑구,1126010100,면목동
20260224,11,서울특별시,11260,중랑구,1126010100,면목동,11,서울특별시,11200,성동구,1120011500,성수동2가,08,15,85,1469.0,11,서울특별시,11260,중랑구,1126010100,면목동
20260224,11,서울특별시,11260,중랑구,1126010100,면목동,11,서울특별시,11200,성동구,1120011500,성수동2가,08,30,59,1358.0,11,서울특별시,11260,중랑구,1126010100,면목동
20260224,11,서울특별시,11260,중랑구,1126010100,면목동,11,서울특별시,11200,성동구,1120011500,성수동2가,08,45,58,1479.0,11,서울특별시,11260,중랑구,1126010100,면목동
20260224,11,서울특별시,11260,중랑구,1126010100,면목동,11,서울특별시,11200,성동구,1120011500,성수동2가,09,00,32,1415.0,11,서울특별시,11260,중랑구,1126010100,면목동
20260224,11,서울특별시,11260,중랑구,1126010100,면목동,11,서울특별시,11200,성동구,1120011500,성수동2가,09,15,57,1480.0,11,서울특별시,11260,중랑구,1126010100,면목동
20260224,11,서울특별시,11260,중랑구,1126010100,면목동,11,서울특별시,11200,성동구,1120011500,성수동2가,09,30,29,1445.0,11,서울특별시,11260,중랑구,1126010100,면목동
20260224,11,서울특별시,11260,중랑구,1126010100,면목동,11,서울특별시,11200,성동구,1120011500,성수동2가,09,45,23,1569.0,11,서울특별시,11260,중랑구,1126010100,면목동
20260224,11,서울특별시,11260,중랑구,1126010100,면목동,11,서울특별시,11200,성동구,1120011500,성수동2가,10,00,31,1527.0,11,서울특별시,11260,중랑구,1126010100,면목동
20260224,11,서울특별시,11260,중랑구,1126010100,면목동,11,서울특별시,11200,성동구,1120011500,성수동2가,10,15,18,1300.0,11,서울특별시,11260,중랑구,1126010100,면목동
20260224,11,서울특별시,11260,중랑구,1126010100,면목동,11,서울특별시,11200,성동구,1120011500,성수동2가,10,30,22,1257.0,11,서울특별시,11260,중랑구,1126010100,면목동
20260224,11,서울특별시,11260,중랑구,1126010100,면목동,11,서울특별시,11200,성동구,1120011500,성수동2가,10,45,10,1433.0,11,서울특별시,11260,중랑구,1126010100,면목동
20260224,11,서울특별시,11260,중랑구,1126010100,면목동,11,서울특별시,11200,성동구,1120011500,성수동2가,11,00,9,1434.0,11,서울특별시,11260,중랑구,1126010100,면목동
20260224,11,서울특별시,11260,중랑구,1126010100,면목동,11,서울특별시,11200,성동구,1120011500,성수동2가,11,15,14,1580.0,11,서울특별시,11260,중랑구,1126010100,면목동
20260224,11,서울특별시,11260,중랑구,1126010100,면목동,11,서울특별시,11200,성동구,1120011500,성수동2가,11,30,5,1480.0,11,서울특별시,11260,중랑구,1126010100,면목동
20260224,11,서울특별시,11260,중랑구,1126010100,면목동,11,서울특별시,11200,성동구,1120011500,성수동2가,11,45,10,1366.0,11,서울특별시,11260,중랑구,1126010100,면목동
20260224,11,서울특별시,11260,중랑구,1126010200,상봉동,11,서울특별시,11200,성동구,1120011500,성수동2가,07,00,10,1707.0,11,서울특별시,11260,중랑구,1126010200,상봉동
20260224,11,서울특별시,11260,중랑구,1126010200,상봉동,11,서울특별시,11200,성동구,1120011500,성수동2가,07,15,14,1688.0,11,서울특별시,11260,중랑구,1126010200,상봉동
20260224,11,서울특별시,11260,중랑구,1126010200,상봉동,11,서울특별시,11200,성동구,1120011500,성수동2가,07,30,23,1588.0,11,서울특별시,11260,중랑구,1126010200,상봉동
20260224,11,서울특별시,11260,중랑구,1126010200,상봉동,11,서울특별시,11200,성동구,1120011500,성수동2가,07,45,39,1751.0,11,서울특별시,11260,중랑구,1126010200,상봉동
20260224,11,서울특별시,11260,중랑구,1126010200,상봉동,11,서울특별시,11200,성동구,1120011500,성수동2가,08,00,44,1711.0,11,서울특별시,11260,중랑구,1126010200,상봉동
20260224,11,서울특별시,11260,중랑구,1126010200,상봉동,11,서울특별시,11200,성동구,1120011500,성수동2가,08,15,62,1505.0,11,서울특별시,11260,중랑구,1126010200,상봉동
20260224,11,서울특별시,11260,중랑구,1126010200,상봉동,11,서울특별시,11200,성동구,1120011500,성수동2가,08,30,29,1469.0,11,서울특별시,11260,중랑구,1126010200,상봉동
20260224,11,서울특별시,11260,중랑구,1126010200,상봉동,11,서울특별시,11200,성동구,1120011500,성수동2가,08,45,30,1502.0,11,서울특별시,11260,중랑구,1126010200,상봉동
20260224,11,서울특별시,11260,중랑구,1126010200,상봉동,11,서울특별시,11200,성동구,1120011500,성수동2가,09,00,31,1632.0,11,서울특별시,11260,중랑구,1126010200,상봉동
20260224,11,서울특별시,11260,중랑구,1126010200,상봉동,11,서울특별시,11200,성동구,1120011500,성수동2가,09,15,18,1543.0,11,서울특별시,11260,중랑구,1126010200,상봉동
20260224,11,서울특별시,11260,중랑구,1126010200,상봉동,11,서울특별시,11200,성동구,1120011500,성수동2가,09,30,15,1565.0,11,서울특별시,11260,중랑구,1126010200,상봉동
20260224,11,서울특별시,11260,중랑구,1126010200,상봉동,11,서울특별시,11200,성동구,1120011500,성수동2가,09,45,7,1532.0,11,서울특별시,11260,중랑구,1126010200,상봉동
20260224,11,서울특별시,11260,중랑구,1126010200,상봉동,11,서울특별시,11200,성동구,1120011500,성수동2가,10,00,8,1609.0,11,서울특별시,11260,중랑구,1126010200,상봉동
20260224,11,서울특별시,11260,중랑구,1126010200,상봉동,11,서울특별시,11200,성동구,1120011500,성수동2가,10,15,6,1737.0,11,서울특별시,11260,중랑구,1126010200,상봉동
20260224,11,서울특별시,11260,중랑구,1126010200,상봉동,11,서울특별시,11200,성동구,1120011500,성수동2가,10,30,3,1497.0,11,서울특별시,11260,중랑구,1126010200,상봉동
20260224,11,서울특별시,11260,중랑구,1126010200,상봉동,11,서울특별시,11200,성동구,1120011500,성수동2가,10,45,7,1749.0,11,서울특별시,11260,중랑구,1126010200,상봉동
20260224,11,서울특별시,11260,중랑구,1126010200,상봉동,11,서울특별시,11200,성동구,1120011500,성수동2가,11,00,2,2471.0,11,서울특별시,11260,중랑구,1126010200,상봉동
20260224,11,서울특별시,11260,중랑구,1126010200,상봉동,11,서울특별시,11200,성동구,1120011500,성수동2가,11,15,5,1823.0,11,서울특별시,11260,중랑구,1126010200,상봉동
20260224,11,서울특별시,11260,중랑구,1126010200,상봉동,11,서울특별시,11200,성동구,1120011500,성수동2가,11,30,3,1940.0,11,서울특별시,11260,중랑구,1126010200,상봉동
20260224,11,서울특별시,11260,중랑구,1126010200,상봉동,11,서울특별시,11200,성동구,1120011500,성수동2가,11,45,4,1759.0,11,서울특별시,11260,중랑구,1126010200,상봉동
20260224,11,서울특별시,11260,중랑구,1126010300,중화동,11,서울특별시,11200,성동구,1120011500,성수동2가,07,00,10,1617.0,11,서울특별시,11260,중랑구,1126010300,중화동
20260224,11,서울특별시,11260,중랑구,1126010300,중화동,11,서울특별시,11200,성동구,1120011500,성수동2가,07,15,19,1870.0,11,서울특별시,11260,중랑구,1126010300,중화동
20260224,11,서울특별시,11260,중랑구,1126010300,중화동,11,서울특별시,11200,성동구,1120011500,성수동2가,07,30,15,1620.0,11,서울특별시,11260,중랑구,1126010300,중화동
20260224,11,서울특별시,11260,중랑구,1126010300,중화동,11,서울특별시,11200,성동구,1120011500,성수동2가,07,45,23,1803.0,11,서울특별시,11260,중랑구,1126010300,중화동
20260224,11,서울특별시,11260,중랑구,1126010300,중화동,11,서울특별시,11200,성동구,1120011500,성수동2가,08,00,38,1810.0,11,서울특별시,11260,중랑구,1126010300,중화동
20260224,11,서울특별시,11260,중랑구,1126010300,중화동,11,서울특별시,11200,성동구,1120011500,성수동2가,08,15,28,1654.0,11,서울특별시,11260,중랑구,1126010300,중화동
20260224,11,서울특별시,11260,중랑구,1126010300,중화동,11,서울특별시,11200,성동구,1120011500,성수동2가,08,30,17,1565.0,11,서울특별시,11260,중랑구,1126010300,중화동
20260224,11,서울특별시,11260,중랑구,1126010300,중화동,11,서울특별시,11200,성동구,1120011500,성수동2가,08,45,16,1619.0,11,서울특별시,11260,중랑구,1126010300,중화동
20260224,11,서울특별시,11260,중랑구,1126010300,중화동,11,서울특별시,11200,성동구,1120011500,성수동2가,09,00,20,1774.0,11,서울특별시,11260,중랑구,1126010300,중화동
20260224,11,서울특별시,11260,중랑구,1126010300,중화동,11,서울특별시,11200,성동구,1120011500,성수동2가,09,15,6,1651.0,11,서울특별시,11260,중랑구,1126010300,중화동
20260224,11,서울특별시,11260,중랑구,1126010300,중화동,11,서울특별시,11200,성동구,1120011500,성수동2가,09,30,9,1734.0,11,서울특별시,11260,중랑구,1126010300,중화동
20260224,11,서울특별시,11260,중랑구,1126010300,중화동,11,서울특별시,11200,성동구,1120011500,성수동2가,09,45,6,1498.0,11,서울특별시,11260,중랑구,1126010300,중화동
20260224,11,서울특별시,11260,중랑구,1126010300,중화동,11,서울특별시,11200,성동구,1120011500,성수동2가,10,00,2,1712.0,11,서울특별시,11260,중랑구,1126010300,중화동
20260224,11,서울특별시,11260,중랑구,1126010300,중화동,11,서울특별시,11200,성동구,1120011500,성수동2가,10,15,4,1364.0,11,서울특별시,11260,중랑구,1126010300,중화동
20260224,11,서울특별시,11260,중랑구,1126010300,중화동,11,서울특별시,11200,성동구,1120011500,성수동2가,10,30,3,1522.0,11,서울특별시,11260,중랑구,1126010300,중화동
20260224,11,서울특별시,11260,중랑구,1126010300,중화동,11,서울특별시,11200,성동구,1120011500,성수동2가,10,45,2,1937.0,11,서울특별시,11260,중랑구,1126010300,중화동
20260224,11,서울특별시,11260,중랑구,1126010300,중화동,11,서울특별시,11200,성동구,1120011500,성수동2가,11,00,2,1605.0,11,서울특별시,11260,중랑구,1126010300,중화동
20260224,11,서울특별시,11260,중랑구,1126010300,중화동,11,서울특별시,11200,성동구,1120011500,성수동2가,11,15,1,1693.0,11,서울특별시,11260,중랑구,1126010300,중화동
20260224,11,서울특별시,11260,중랑구,1126010300,중화동,11,서울특별시,11200,성동구,1120011500,성수동2가,11,30,4,2140.0,11,서울특별시,11260,중랑구,1126010300,중화동
20260224,11,서울특별시,11260,중랑구,1126010300,중화동,11,서울특별시,11200,성동구,1120011500,성수동2가,11,45,2,1973.0,11,서울특별시,11260,중랑구,1126010300,중화동
20260224,11,서울특별시,11260,중랑구,1126010400,묵동,11,서울특별시,11200,성동구,1120011500,성수동2가,07,00,10,1905.0,11,서울특별시,11260,중랑구,1126010400,묵동
20260224,11,서울특별시,11260,중랑구,1126010400,묵동,11,서울특별시,11200,성동구,1120011500,성수동2가,07,15,6,2118.0,11,서울특별시,11260,중랑구,1126010400,묵동
20260224,11,서울특별시,11260,중랑구,1126010400,묵동,11,서울특별시,11200,성동구,1120011500,성수동2가,07,30,17,2019.0,11,서울특별시,11260,중랑구,1126010400,묵동
20260224,11,서울특별시,11260,중랑구,1126010400,묵동,11,서울특별시,11200,성동구,1120011500,성수동2가,07,45,22,1917.0,11,서울특별시,11260,중랑구,1126010400,묵동
20260224,11,서울특별시,11260,중랑구,1126010400,묵동,11,서울특별시,11200,성동구,1120011500,성수동2가,08,00,24,1749.0,11,서울특별시,11260,중랑구,1126010400,묵동
20260224,11,서울특별시,11260,중랑구,1126010400,묵동,11,서울특별시,11200,성동구,1120011500,성수동2가,08,15,22,1787.0,11,서울특별시,11260,중랑구,1126010400,묵동
20260224,11,서울특별시,11260,중랑구,1126010400,묵동,11,서울특별시,11200,성동구,1120011500,성수동2가,08,30,10,1840.0,11,서울특별시,11260,중랑구,1126010400,묵동
20260224,11,서울특별시,11260,중랑구,1126010400,묵동,11,서울특별시,11200,성동구,1120011500,성수동2가,08,45,4,1597.0,11,서울특별시,11260,중랑구,1126010400,묵동
20260224,11,서울특별시,11260,중랑구,1126010400,묵동,11,서울특별시,11200,성동구,1120011500,성수동2가,09,00,13,2051.0,11,서울특별시,11260,중랑구,1126010400,묵동
20260224,11,서울특별시,11260,중랑구,1126010400,묵동,11,서울특별시,11200,성동구,1120011500,성수동2가,09,15,12,1692.0,11,서울특별시,11260,중랑구,1126010400,묵동
20260224,11,서울특별시,11260,중랑구,1126010400,묵동,11,서울특별시,11200,성동구,1120011500,성수동2가,09,30,6,1863.0,11,서울특별시,11260,중랑구,1126010400,묵동
20260224,11,서울특별시,11260,중랑구,1126010400,묵동,11,서울특별시,11200,성동구,1120011500,성수동2가,09,45,6,1906.0,11,서울특별시,11260,중랑구,1126010400,묵동
20260224,11,서울특별시,11260,중랑구,1126010400,묵동,11,서울특별시,11200,성동구,1120011500,성수동2가,10,00,4,1754.0,11,서울특별시,11260,중랑구,1126010400,묵동
20260224,11,서울특별시,11260,중랑구,1126010400,묵동,11,서울특별시,11200,성동구,1120011500,성수동2가,10,15,12,1620.0,11,서울특별시,11260,중랑구,1126010400,묵동
20260224,11,서울특별시,11260,중랑구,1126010400,묵동,11,서울특별시,11200,성동구,1120011500,성수동2가,10,30,4,1628.0,11,서울특별시,11260,중랑구,1126010400,묵동
20260224,11,서울특별시,11260,중랑구,1126010400,묵동,11,서울특별시,11200,성동구,1120011500,성수동2가,10,45,1,1818.0,11,서울특별시,11260,중랑구,1126010400,묵동
20260224,11,서울특별시,11260,중랑구,1126010400,묵동,11,서울특별시,11200,성동구,1120011500,성수동2가,11,00,6,1763.0,11,서울특별시,11260,중랑구,1126010400,묵동
20260224,11,서울특별시,11260,중랑구,1126010400,묵동,11,서울특별시,11200,성동구,1120011500,성수동2가,11,15,3,1984.0,11,서울특별시,11260,중랑구,1126010400,묵동
20260224,11,서울특별시,11260,중랑구,1126010400,묵동,11,서울특별시,11200,성동구,1120011500,성수동2가,11,30,1,2209.0,11,서울특별시,11260,중랑구,1126010400,묵동
20260224,11,서울특별시,11260,중랑구,1126010400,묵동,11,서울특별시,11200,성동구,1120011500,성수동2가,11,45,2,2046.0,11,서울특별시,11260,중랑구,1126010400,묵동
20260224,11,서울특별시,11260,중랑구,1126010500,망우동,11,서울특별시,11200,성동구,1120011500,성수동2가,07,00,5,2530.0,11,서울특별시,11260,중랑구,1126010500,망우동
20260224,11,서울특별시,11260,중랑구,1126010500,망우동,11,서울특별시,11200,성동구,1120011500,성수동2가,07,15,18,2448.0,11,서울특별시,11260,중랑구,1126010500,망우동
20260224,11,서울특별시,11260,중랑구,1126010500,망우동,11,서울특별시,11200,성동구,1120011500,성수동2가,07,30,25,2075.0,11,서울특별시,11260,중랑구,1126010500,망우동
20260224,11,서울특별시,11260,중랑구,1126010500,망우동,11,서울특별시,11200,성동구,1120011500,성수동2가,07,45,16,2278.0,11,서울특별시,11260,중랑구,1126010500,망우동
20260224,11,서울특별시,11260,중랑구,1126010500,망우동,11,서울특별시,11200,성동구,1120011500,성수동2가,08,00,31,2499.0,11,서울특별시,11260,중랑구,1126010500,망우동
20260224,11,서울특별시,11260,중랑구,1126010500,망우동,11,서울특별시,11200,성동구,1120011500,성수동2가,08,15,14,1938.0,11,서울특별시,11260,중랑구,1126010500,망우동
20260224,11,서울특별시,11260,중랑구,1126010500,망우동,11,서울특별시,11200,성동구,1120011500,성수동2가,08,30,12,2080.0,11,서울특별시,11260,중랑구,1126010500,망우동
20260224,11,서울특별시,11260,중랑구,1126010500,망우동,11,서울특별시,11200,성동구,1120011500,성수동2가,08,45,10,2079.0,11,서울특별시,11260,중랑구,1126010500,망우동
20260224,11,서울특별시,11260,중랑구,1126010500,망우동,11,서울특별시,11200,성동구,1120011500,성수동2가,09,00,8,2105.0,11,서울특별시,11260,중랑구,1126010500,망우동
20260224,11,서울특별시,11260,중랑구,1126010500,망우동,11,서울특별시,11200,성동구,1120011500,성수동2가,09,15,9,2230.0,11,서울특별시,11260,중랑구,1126010500,망우동
20260224,11,서울특별시,11260,중랑구,1126010500,망우동,11,서울특별시,11200,성동구,1120011500,성수동2가,09,30,4,2040.0,11,서울특별시,11260,중랑구,1126010500,망우동
20260224,11,서울특별시,11260,중랑구,1126010500,망우동,11,서울특별시,11200,성동구,1120011500,성수동2가,09,45,1,2743.0,11,서울특별시,11260,중랑구,1126010500,망우동
20260224,11,서울특별시,11260,중랑구,1126010500,망우동,11,서울특별시,11200,성동구,1120011500,성수동2가,10,00,5,1713.0,11,서울특별시,11260,중랑구,1126010500,망우동
20260224,11,서울특별시,11260,중랑구,1126010500,망우동,11,서울특별시,11200,성동구,1120011500,성수동2가,10,15,4,1760.0,11,서울특별시,11260,중랑구,1126010500,망우동
20260224,11,서울특별시,11260,중랑구,1126010500,망우동,11,서울특별시,11200,성동구,1120011500,성수동2가,10,30,4,2306.0,11,서울특별시,11260,중랑구,1126010500,망우동
20260224,11,서울특별시,11260,중랑구,1126010500,망우동,11,서울특별시,11200,성동구,1120011500,성수동2가,10,45,2,3400.0,11,서울특별시,11260,중랑구,1126010500,망우동
20260224,11,서울특별시,11260,중랑구,1126010500,망우동,11,서울특별시,11200,성동구,1120011500,성수동2가,11,00,6,2203.0,11,서울특별시,11260,중랑구,1126010500,망우동
20260224,11,서울특별시,11260,중랑구,1126010500,망우동,11,서울특별시,11200,성동구,1120011500,성수동2가,11,15,4,2510.0,11,서울특별시,11260,중랑구,1126010500,망우동
20260224,11,서울특별시,11260,중랑구,1126010500,망우동,11,서울특별시,11200,성동구,1120011500,성수동2가,11,30,2,2073.0,11,서울특별시,11260,중랑구,1126010500,망우동
20260224,11,서울특별시,11260,중랑구,1126010600,신내동,11,서울특별시,11200,성동구,1120011500,성수동2가,07,00,8,2540.0,11,서울특별시,11260,중랑구,1126010600,신내동
20260224,11,서울특별시,11260,중랑구,1126010600,신내동,11,서울특별시,11200,성동구,1120011500,성수동2가,07,15,11,2802.0,11,서울특별시,11260,중랑구,1126010600,신내동
20260224,11,서울특별시,11260,중랑구,1126010600,신내동,11,서울특별시,11200,성동구,1120011500,성수동2가,07,30,12,2641.0,11,서울특별시,11260,중랑구,1126010600,신내동
20260224,11,서울특별시,11260,중랑구,1126010600,신내동,11,서울특별시,11200,성동구,1120011500,성수동2가,07,45,26,2465.0,11,서울특별시,11260,중랑구,1126010600,신내동
20260224,11,서울특별시,11260,중랑구,1126010600,신내동,11,서울특별시,11200,성동구,1120011500,성수동2가,08,00,23,2226.0,11,서울특별시,11260,중랑구,1126010600,신내동
20260224,11,서울특별시,11260,중랑구,1126010600,신내동,11,서울특별시,11200,성동구,1120011500,성수동2가,08,15,8,2321.0,11,서울특별시,11260,중랑구,1126010600,신내동
20260224,11,서울특별시,11260,중랑구,1126010600,신내동,11,서울특별시,11200,성동구,1120011500,성수동2가,08,30,7,2399.0,11,서울특별시,11260,중랑구,1126010600,신내동
20260224,11,서울특별시,11260,중랑구,1126010600,신내동,11,서울특별시,11200,성동구,1120011500,성수동2가,08,45,11,2535.0,11,서울특별시,11260,중랑구,1126010600,신내동
20260224,11,서울특별시,11260,중랑구,1126010600,신내동,11,서울특별시,11200,성동구,1120011500,성수동2가,09,00,7,2970.0,11,서울특별시,11260,중랑구,1126010600,신내동
20260224,11,서울특별시,11260,중랑구,1126010600,신내동,11,서울특별시,11200,성동구,1120011500,성수동2가,09,15,3,2215.0,11,서울특별시,11260,중랑구,1126010600,신내동
20260224,11,서울특별시,11260,중랑구,1126010600,신내동,11,서울특별시,11200,성동구,1120011500,성수동2가,09,30,5,2583.0,11,서울특별시,11260,중랑구,1126010600,신내동
20260224,11,서울특별시,11260,중랑구,1126010600,신내동,11,서울특별시,11200,성동구,1120011500,성수동2가,09,45,3,2152.0,11,서울특별시,11260,중랑구,1126010600,신내동
20260224,11,서울특별시,11260,중랑구,1126010600,신내동,11,서울특별시,11200,성동구,1120011500,성수동2가,10,00,3,2600.0,11,서울특별시,11260,중랑구,1126010600,신내동
20260224,11,서울특별시,11260,중랑구,1126010600,신내동,11,서울특별시,11200,성동구,1120011500,성수동2가,10,15,3,2243.0,11,서울특별시,11260,중랑구,1126010600,신내동
20260224,11,서울특별시,11260,중랑구,1126010600,신내동,11,서울특별시,11200,성동구,1120011500,성수동2가,10,30,1,1981.0,11,서울특별시,11260,중랑구,1126010600,신내동
20260224,11,서울특별시,11260,중랑구,1126010600,신내동,11,서울특별시,11200,성동구,1120011500,성수동2가,11,00,3,2329.0,11,서울특별시,11260,중랑구,1126010600,신내동
20260224,11,서울특별시,11260,중랑구,1126010600,신내동,11,서울특별시,11200,성동구,1120011500,성수동2가,11,45,1,2035.0,11,서울특별시,11260,중랑구,1126010600,신내동
20260224,11,서울특별시,11290,성북구,1129010100,성북동,11,서울특별시,11200,성동구,1120011500,성수동2가,07,45,2,1902.0,11,서울특별시,11290,성북구,1129010100,성북동
20260224,11,서울특별시,11290,성북구,1129010100,성북동,11,서울특별시,11200,성동구,1120011500,성수동2가,08,00,2,1838.0,11,서울특별시,11290,성북구,1129010100,성북동
20260224,11,서울특별시,11290,성북구,1129010100,성북동,11,서울특별시,11200,성동구,1120011500,성수동2가,08,15,2,1849.0,11,서울특별시,11290,성북구,1129010100,성북동
20260224,11,서울특별시,11290,성북구,1129010100,성북동,11,서울특별시,11200,성동구,1120011500,성수동2가,08,30,1,1697.0,11,서울특별시,11290,성북구,1129010100,성북동
20260224,11,서울특별시,11290,성북구,1129010100,성북동,11,서울특별시,11200,성동구,1120011500,성수동2가,09,30,2,1876.0,11,서울특별시,11290,성북구,1129010100,성북동
20260224,11,서울특별시,11290,성북구,1129010100,성북동,11,서울특별시,11200,성동구,1120011500,성수동2가,10,00,2,1791.0,11,서울특별시,11290,성북구,1129010100,성북동
20260224,11,서울특별시,11290,성북구,1129010300,돈암동,11,서울특별시,11200,성동구,1120011500,성수동2가,07,00,2,1881.0,11,서울특별시,11290,성북구,1129010300,돈암동
20260224,11,서울특별시,11290,성북구,1129010300,돈암동,11,서울특별시,11200,성동구,1120011500,성수동2가,07,15,2,2162.0,11,서울특별시,11290,성북구,1129010300,돈암동
20260224,11,서울특별시,11290,성북구,1129010300,돈암동,11,서울특별시,11200,성동구,1120011500,성수동2가,07,30,5,1847.0,11,서울특별시,11290,성북구,1129010300,돈암동
20260224,11,서울특별시,11290,성북구,1129010300,돈암동,11,서울특별시,11200,성동구,1120011500,성수동2가,07,45,7,1800.0,11,서울특별시,11290,성북구,1129010300,돈암동
20260224,11,서울특별시,11290,성북구,1129010300,돈암동,11,서울특별시,11200,성동구,1120011500,성수동2가,08,00,7,2046.0,11,서울특별시,11290,성북구,1129010300,돈암동
20260224,11,서울특별시,11290,성북구,1129010300,돈암동,11,서울특별시,11200,성동구,1120011500,성수동2가,08,15,3,1958.0,11,서울특별시,11290,성북구,1129010300,돈암동
20260224,11,서울특별시,11290,성북구,1129010300,돈암동,11,서울특별시,11200,성동구,1120011500,성수동2가,08,30,2,2342.0,11,서울특별시,11290,성북구,1129010300,돈암동
20260224,11,서울특별시,11290,성북구,1129010300,돈암동,11,서울특별시,11200,성동구,1120011500,성수동2가,08,45,1,1870.0,11,서울특별시,11290,성북구,1129010300,돈암동
20260224,11,서울특별시,11290,성북구,1129010300,돈암동,11,서울특별시,11200,성동구,1120011500,성수동2가,09,00,7,1844.0,11,서울특별시,11290,성북구,1129010300,돈암동
20260224,11,서울특별시,11290,성북구,1129010300,돈암동,11,서울특별시,11200,성동구,1120011500,성수동2가,09,15,2,1308.0,11,서울특별시,11290,성북구,1129010300,돈암동
20260224,11,서울특별시,11290,성북구,1129010300,돈암동,11,서울특별시,11200,성동구,1120011500,성수동2가,09,30,1,1739.0,11,서울특별시,11290,성북구,1129010300,돈암동
20260224,11,서울특별시,11290,성북구,1129010300,돈암동,11,서울특별시,11200,성동구,1120011500,성수동2가,09,45,1,2714.0,11,서울특별시,11290,성북구,1129010300,돈암동
20260224,11,서울특별시,11290,성북구,1129010300,돈암동,11,서울특별시,11200,성동구,1120011500,성수동2가,10,30,1,1431.0,11,서울특별시,11290,성북구,1129010300,돈암동
20260224,11,서울특별시,11290,성북구,1129010500,동소문동2가,11,서울특별시,11200,성동구,1120011500,성수동2가,07,00,1,2567.0,11,서울특별시,11290,성북구,1129010500,동소문동2가
20260224,11,서울특별시,11290,성북구,1129010900,동소문동6가,11,서울특별시,11200,성동구,1120011500,성수동2가,07,30,1,2786.0,11,서울특별시,11290,성북구,1129010900,동소문동6가
20260224,11,서울특별시,11290,성북구,1129011000,동소문동7가,11,서울특별시,11200,성동구,1120011500,성수동2가,08,30,1,1666.0,11,서울특별시,11290,성북구,1129011000,동소문동7가
20260224,11,서울특별시,11290,성북구,1129011100,삼선동1가,11,서울특별시,11200,성동구,1120011500,성수동2가,07,15,1,2087.0,11,서울특별시,11290,성북구,1129011100,삼선동1가
20260224,11,서울특별시,11290,성북구,1129011100,삼선동1가,11,서울특별시,11200,성동구,1120011500,성수동2가,07,30,5,1530.0,11,서울특별시,11290,성북구,1129011100,삼선동1가
20260224,11,서울특별시,11290,성북구,1129011100,삼선동1가,11,서울특별시,11200,성동구,1120011500,성수동2가,07,45,2,1355.0,11,서울특별시,11290,성북구,1129011100,삼선동1가
20260224,11,서울특별시,11290,성북구,1129011100,삼선동1가,11,서울특별시,11200,성동구,1120011500,성수동2가,08,00,6,1581.0,11,서울특별시,11290,성북구,1129011100,삼선동1가
20260224,11,서울특별시,11290,성북구,1129011100,삼선동1가,11,서울특별시,11200,성동구,1120011500,성수동2가,08,15,6,1603.0,11,서울특별시,11290,성북구,1129011100,삼선동1가
20260224,11,서울특별시,11290,성북구,1129011100,삼선동1가,11,서울특별시,11200,성동구,1120011500,성수동2가,08,30,4,1608.0,11,서울특별시,11290,성북구,1129011100,삼선동1가
20260224,11,서울특별시,11290,성북구,1129011100,삼선동1가,11,서울특별시,11200,성동구,1120011500,성수동2가,08,45,4,1454.0,11,서울특별시,11290,성북구,1129011100,삼선동1가
20260224,11,서울특별시,11290,성북구,1129011100,삼선동1가,11,서울특별시,11200,성동구,1120011500,성수동2가,09,00,5,1628.0,11,서울특별시,11290,성북구,1129011100,삼선동1가
20260224,11,서울특별시,11290,성북구,1129011100,삼선동1가,11,서울특별시,11200,성동구,1120011500,성수동2가,09,15,6,1500.0,11,서울특별시,11290,성북구,1129011100,삼선동1가
20260224,11,서울특별시,11290,성북구,1129011100,삼선동1가,11,서울특별시,11200,성동구,1120011500,성수동2가,09,30,1,1325.0,11,서울특별시,11290,성북구,1129011100,삼선동1가
20260224,11,서울특별시,11290,성북구,1129011100,삼선동1가,11,서울특별시,11200,성동구,1120011500,성수동2가,09,45,3,1577.0,11,서울특별시,11290,성북구,1129011100,삼선동1가
20260224,11,서울특별시,11290,성북구,1129011100,삼선동1가,11,서울특별시,11200,성동구,1120011500,성수동2가,10,00,5,1717.0,11,서울특별시,11290,성북구,1129011100,삼선동1가
20260224,11,서울특별시,11290,성북구,1129011100,삼선동1가,11,서울특별시,11200,성동구,1120011500,성수동2가,10,15,1,1298.0,11,서울특별시,11290,성북구,1129011100,삼선동1가
20260224,11,서울특별시,11290,성북구,1129011100,삼선동1가,11,서울특별시,11200,성동구,1120011500,성수동2가,10,45,2,1222.0,11,서울특별시,11290,성북구,1129011100,삼선동1가
20260224,11,서울특별시,11290,성북구,1129011100,삼선동1가,11,서울특별시,11200,성동구,1120011500,성수동2가,11,00,1,1429.0,11,서울특별시,11290,성북구,1129011100,삼선동1가
20260224,11,서울특별시,11290,성북구,1129011100,삼선동1가,11,서울특별시,11200,성동구,1120011500,성수동2가,11,15,2,1946.0,11,서울특별시,11290,성북구,1129011100,삼선동1가
20260224,11,서울특별시,11290,성북구,1129011100,삼선동1가,11,서울특별시,11200,성동구,1120011500,성수동2가,11,30,2,2279.0,11,서울특별시,11290,성북구,1129011100,삼선동1가
20260224,11,서울특별시,11290,성북구,1129011200,삼선동2가,11,서울특별시,11200,성동구,1120011500,성수동2가,10,15,2,2006.0,11,서울특별시,11290,성북구,1129011200,삼선동2가
20260224,11,서울특별시,11290,성북구,1129011200,삼선동2가,11,서울특별시,11200,성동구,1120011500,성수동2가,11,30,1,2144.0,11,서울특별시,11290,성북구,1129011200,삼선동2가
20260224,11,서울특별시,11290,성북구,1129011300,삼선동3가,11,서울특별시,11200,성동구,1120011500,성수동2가,11,45,1,2007.0,11,서울특별시,11290,성북구,1129011300,삼선동3가
20260224,11,서울특별시,11290,성북구,1129011400,삼선동4가,11,서울특별시,11200,성동구,1120011500,성수동2가,07,45,1,2581.0,11,서울특별시,11290,성북구,1129011400,삼선동4가
20260224,11,서울특별시,11290,성북구,1129011400,삼선동4가,11,서울특별시,11200,성동구,1120011500,성수동2가,08,00,2,1649.0,11,서울특별시,11290,성북구,1129011400,삼선동4가
20260224,11,서울특별시,11290,성북구,1129011400,삼선동4가,11,서울특별시,11200,성동구,1120011500,성수동2가,08,15,2,1635.0,11,서울특별시,11290,성북구,1129011400,삼선동4가
20260224,11,서울특별시,11290,성북구,1129011400,삼선동4가,11,서울특별시,11200,성동구,1120011500,성수동2가,09,00,1,1908.0,11,서울특별시,11290,성북구,1129011400,삼선동4가
20260224,11,서울특별시,11290,성북구,1129011400,삼선동4가,11,서울특별시,11200,성동구,1120011500,성수동2가,09,30,1,1589.0,11,서울특별시,11290,성북구,1129011400,삼선동4가
20260224,11,서울특별시,11290,성북구,1129011500,삼선동5가,11,서울특별시,11200,성동구,1120011500,성수동2가,07,45,1,1563.0,11,서울특별시,11290,성북구,1129011500,삼선동5가
20260224,11,서울특별시,11290,성북구,1129011500,삼선동5가,11,서울특별시,11200,성동구,1120011500,성수동2가,08,00,2,1464.0,11,서울특별시,11290,성북구,1129011500,삼선동5가
20260224,11,서울특별시,11290,성북구,1129011500,삼선동5가,11,서울특별시,11200,성동구,1120011500,성수동2가,08,15,1,1446.0,11,서울특별시,11290,성북구,1129011500,삼선동5가
20260224,11,서울특별시,11290,성북구,1129011500,삼선동5가,11,서울특별시,11200,성동구,1120011500,성수동2가,10,30,2,1647.0,11,서울특별시,11290,성북구,1129011500,삼선동5가
20260224,11,서울특별시,11290,성북구,1129011900,동선동4가,11,서울특별시,11200,성동구,1120011500,성수동2가,07,00,2,1567.0,11,서울특별시,11290,성북구,1129011900,동선동4가
20260224,11,서울특별시,11290,성북구,1129011900,동선동4가,11,서울특별시,11200,성동구,1120011500,성수동2가,07,15,4,1699.0,11,서울특별시,11290,성북구,1129011900,동선동4가
20260224,11,서울특별시,11290,성북구,1129011900,동선동4가,11,서울특별시,11200,성동구,1120011500,성수동2가,07,30,4,1641.0,11,서울특별시,11290,성북구,1129011900,동선동4가
20260224,11,서울특별시,11290,성북구,1129011900,동선동4가,11,서울특별시,11200,성동구,1120011500,성수동2가,07,45,6,1617.0,11,서울특별시,11290,성북구,1129011900,동선동4가
20260224,11,서울특별시,11290,성북구,1129011900,동선동4가,11,서울특별시,11200,성동구,1120011500,성수동2가,08,00,12,1795.0,11,서울특별시,11290,성북구,1129011900,동선동4가
20260224,11,서울특별시,11290,성북구,1129011900,동선동4가,11,서울특별시,11200,성동구,1120011500,성수동2가,08,15,17,1739.0,11,서울특별시,11290,성북구,1129011900,동선동4가
20260224,11,서울특별시,11290,성북구,1129011900,동선동4가,11,서울특별시,11200,성동구,1120011500,성수동2가,08,30,7,1606.0,11,서울특별시,11290,성북구,1129011900,동선동4가
20260224,11,서울특별시,11290,성북구,1129011900,동선동4가,11,서울특별시,11200,성동구,1120011500,성수동2가,08,45,4,1659.0,11,서울특별시,11290,성북구,1129011900,동선동4가
20260224,11,서울특별시,11290,성북구,1129011900,동선동4가,11,서울특별시,11200,성동구,1120011500,성수동2가,09,00,9,1628.0,11,서울특별시,11290,성북구,1129011900,동선동4가
20260224,11,서울특별시,11290,성북구,1129011900,동선동4가,11,서울특별시,11200,성동구,1120011500,성수동2가,09,15,13,1704.0,11,서울특별시,11290,성북구,1129011900,동선동4가
20260224,11,서울특별시,11290,성북구,1129011900,동선동4가,11,서울특별시,11200,성동구,1120011500,성수동2가,09,30,3,1653.0,11,서울특별시,11290,성북구,1129011900,동선동4가
20260224,11,서울특별시,11290,성북구,1129011900,동선동4가,11,서울특별시,11200,성동구,1120011500,성수동2가,10,00,7,1908.0,11,서울특별시,11290,성북구,1129011900,동선동4가
20260224,11,서울특별시,11290,성북구,1129011900,동선동4가,11,서울특별시,11200,성동구,1120011500,성수동2가,10,15,4,1633.0,11,서울특별시,11290,성북구,1129011900,동선동4가
20260224,11,서울특별시,11290,성북구,1129011900,동선동4가,11,서울특별시,11200,성동구,1120011500,성수동2가,10,30,2,1605.0,11,서울특별시,11290,성북구,1129011900,동선동4가
20260224,11,서울특별시,11290,성북구,1129011900,동선동4가,11,서울특별시,11200,성동구,1120011500,성수동2가,10,45,4,1617.0,11,서울특별시,11290,성북구,1129011900,동선동4가
20260224,11,서울특별시,11290,성북구,1129011900,동선동4가,11,서울특별시,11200,성동구,1120011500,성수동2가,11,00,4,1945.0,11,서울특별시,11290,성북구,1129011900,동선동4가
20260224,11,서울특별시,11290,성북구,1129011900,동선동4가,11,서울특별시,11200,성동구,1120011500,성수동2가,11,15,1,1597.0,11,서울특별시,11290,성북구,1129011900,동선동4가
20260224,11,서울특별시,11290,성북구,1129011900,동선동4가,11,서울특별시,11200,성동구,1120011500,성수동2가,11,30,1,1628.0,11,서울특별시,11290,성북구,1129011900,동선동4가
20260224,11,서울특별시,11290,성북구,1129011900,동선동4가,11,서울특별시,11200,성동구,1120011500,성수동2가,11,45,1,1496.0,11,서울특별시,11290,성북구,1129011900,동선동4가
20260224,11,서울특별시,11290,성북구,1129012100,안암동1가,11,서울특별시,11200,성동구,1120011500,성수동2가,07,30,3,1912.0,11,서울특별시,11290,성북구,1129012100,안암동1가
20260224,11,서울특별시,11290,성북구,1129012100,안암동1가,11,서울특별시,11200,성동구,1120011500,성수동2가,08,00,1,2028.0,11,서울특별시,11290,성북구,1129012100,안암동1가
20260224,11,서울특별시,11290,성북구,1129012200,안암동2가,11,서울특별시,11200,성동구,1120011500,성수동2가,08,00,1,2806.0,11,서울특별시,11290,성북구,1129012200,안암동2가
20260224,11,서울특별시,11290,성북구,1129012200,안암동2가,11,서울특별시,11200,성동구,1120011500,성수동2가,08,45,1,1721.0,11,서울특별시,11290,성북구,1129012200,안암동2가
20260224,11,서울특별시,11290,성북구,1129012400,안암동4가,11,서울특별시,11200,성동구,1120011500,성수동2가,07,15,2,1180.0,11,서울특별시,11290,성북구,1129012400,안암동4가
20260224,11,서울특별시,11290,성북구,1129012400,안암동4가,11,서울특별시,11200,성동구,1120011500,성수동2가,08,15,1,1444.0,11,서울특별시,11290,성북구,1129012400,안암동4가
20260224,11,서울특별시,11290,성북구,1129012400,안암동4가,11,서울특별시,11200,성동구,1120011500,성수동2가,11,00,2,1160.0,11,서울특별시,11290,성북구,1129012400,안암동4가
20260224,11,서울특별시,11290,성북구,1129012400,안암동4가,11,서울특별시,11200,성동구,1120011500,성수동2가,11,15,1,1353.0,11,서울특별시,11290,성북구,1129012400,안암동4가
20260224,11,서울특별시,11290,성북구,1129012500,안암동5가,11,서울특별시,11200,성동구,1120011500,성수동2가,08,00,1,2502.0,11,서울특별시,11290,성북구,1129012500,안암동5가
20260224,11,서울특별시,11290,성북구,1129012500,안암동5가,11,서울특별시,11200,성동구,1120011500,성수동2가,09,00,2,1414.0,11,서울특별시,11290,성북구,1129012500,안암동5가
20260224,11,서울특별시,11290,성북구,1129012500,안암동5가,11,서울특별시,11200,성동구,1120011500,성수동2가,09,15,2,2071.0,11,서울특별시,11290,성북구,1129012500,안암동5가
20260224,11,서울특별시,11290,성북구,1129012500,안암동5가,11,서울특별시,11200,성동구,1120011500,성수동2가,09,30,2,1991.0,11,서울특별시,11290,성북구,1129012500,안암동5가
20260224,11,서울특별시,11290,성북구,1129012500,안암동5가,11,서울특별시,11200,성동구,1120011500,성수동2가,10,00,1,1843.0,11,서울특별시,11290,성북구,1129012500,안암동5가
20260224,11,서울특별시,11290,성북구,1129012500,안암동5가,11,서울특별시,11200,성동구,1120011500,성수동2가,10,30,1,1538.0,11,서울특별시,11290,성북구,1129012500,안암동5가
20260224,11,서울특별시,11290,성북구,1129012500,안암동5가,11,서울특별시,11200,성동구,1120011500,성수동2가,11,00,2,1971.0,11,서울특별시,11290,성북구,1129012500,안암동5가
20260224,11,서울특별시,11290,성북구,1129012500,안암동5가,11,서울특별시,11200,성동구,1120011500,성수동2가,11,15,2,1740.0,11,서울특별시,11290,성북구,1129012500,안암동5가
20260224,11,서울특별시,11290,성북구,1129012500,안암동5가,11,서울특별시,11200,성동구,1120011500,성수동2가,11,30,3,1897.0,11,서울특별시,11290,성북구,1129012500,안암동5가
20260224,11,서울특별시,11290,성북구,1129012700,보문동5가,11,서울특별시,11200,성동구,1120011500,성수동2가,07,30,1,1243.0,11,서울특별시,11290,성북구,1129012700,보문동5가
20260224,11,서울특별시,11290,성북구,1129012700,보문동5가,11,서울특별시,11200,성동구,1120011500,성수동2가,07,45,2,1634.0,11,서울특별시,11290,성북구,1129012700,보문동5가
20260224,11,서울특별시,11290,성북구,1129012700,보문동5가,11,서울특별시,11200,성동구,1120011500,성수동2가,08,00,2,1369.0,11,서울특별시,11290,성북구,1129012700,보문동5가
20260224,11,서울특별시,11290,성북구,1129012700,보문동5가,11,서울특별시,11200,성동구,1120011500,성수동2가,08,15,1,1227.0,11,서울특별시,11290,성북구,1129012700,보문동5가
20260224,11,서울특별시,11290,성북구,1129012700,보문동5가,11,서울특별시,11200,성동구,1120011500,성수동2가,08,30,1,1043.0,11,서울특별시,11290,성북구,1129012700,보문동5가
20260224,11,서울특별시,11290,성북구,1129012700,보문동5가,11,서울특별시,11200,성동구,1120011500,성수동2가,08,45,1,1579.0,11,서울특별시,11290,성북구,1129012700,보문동5가
20260224,11,서울특별시,11290,성북구,1129012700,보문동5가,11,서울특별시,11200,성동구,1120011500,성수동2가,09,15,2,1078.0,11,서울특별시,11290,성북구,1129012700,보문동5가
20260224,11,서울특별시,11290,성북구,1129012900,보문동7가,11,서울특별시,11200,성동구,1120011500,성수동2가,08,15,1,1664.0,11,서울특별시,11290,성북구,1129012900,보문동7가
20260224,11,서울특별시,11290,성북구,1129012900,보문동7가,11,서울특별시,11200,성동구,1120011500,성수동2가,08,30,1,1748.0,11,서울특별시,11290,성북구,1129012900,보문동7가
20260224,11,서울특별시,11290,성북구,1129012900,보문동7가,11,서울특별시,11200,성동구,1120011500,성수동2가,09,00,1,1112.0,11,서울특별시,11290,성북구,1129012900,보문동7가
20260224,11,서울특별시,11290,성북구,1129012900,보문동7가,11,서울특별시,11200,성동구,1120011500,성수동2가,10,15,1,1387.0,11,서울특별시,11290,성북구,1129012900,보문동7가
20260224,11,서울특별시,11290,성북구,1129012900,보문동7가,11,서울특별시,11200,성동구,1120011500,성수동2가,10,30,1,1420.0,11,서울특별시,11290,성북구,1129012900,보문동7가
20260224,11,서울특별시,11290,성북구,1129013000,보문동1가,11,서울특별시,11200,성동구,1120011500,성수동2가,07,15,1,1290.0,11,서울특별시,11290,성북구,1129013000,보문동1가
20260224,11,서울특별시,11290,성북구,1129013000,보문동1가,11,서울특별시,11200,성동구,1120011500,성수동2가,07,30,2,1518.0,11,서울특별시,11290,성북구,1129013000,보문동1가
20260224,11,서울특별시,11290,성북구,1129013000,보문동1가,11,서울특별시,11200,성동구,1120011500,성수동2가,07,45,4,1271.0,11,서울특별시,11290,성북구,1129013000,보문동1가
20260224,11,서울특별시,11290,성북구,1129013000,보문동1가,11,서울특별시,11200,성동구,1120011500,성수동2가,08,00,5,1636.0,11,서울특별시,11290,성북구,1129013000,보문동1가
20260224,11,서울특별시,11290,성북구,1129013000,보문동1가,11,서울특별시,11200,성동구,1120011500,성수동2가,08,15,5,1422.0,11,서울특별시,11290,성북구,1129013000,보문동1가
20260224,11,서울특별시,11290,성북구,1129013000,보문동1가,11,서울특별시,11200,성동구,1120011500,성수동2가,08,30,3,1336.0,11,서울특별시,11290,성북구,1129013000,보문동1가
20260224,11,서울특별시,11290,성북구,1129013000,보문동1가,11,서울특별시,11200,성동구,1120011500,성수동2가,08,45,2,1531.0,11,서울특별시,11290,성북구,1129013000,보문동1가
20260224,11,서울특별시,11290,성북구,1129013000,보문동1가,11,서울특별시,11200,성동구,1120011500,성수동2가,09,00,3,1309.0,11,서울특별시,11290,성북구,1129013000,보문동1가
20260224,11,서울특별시,11290,성북구,1129013000,보문동1가,11,서울특별시,11200,성동구,1120011500,성수동2가,09,15,4,1683.0,11,서울특별시,11290,성북구,1129013000,보문동1가
20260224,11,서울특별시,11290,성북구,1129013000,보문동1가,11,서울특별시,11200,성동구,1120011500,성수동2가,09,30,4,1565.0,11,서울특별시,11290,성북구,1129013000,보문동1가
20260224,11,서울특별시,11290,성북구,1129013000,보문동1가,11,서울특별시,11200,성동구,1120011500,성수동2가,10,00,1,1574.0,11,서울특별시,11290,성북구,1129013000,보문동1가
20260224,11,서울특별시,11290,성북구,1129013000,보문동1가,11,서울특별시,11200,성동구,1120011500,성수동2가,10,45,1,1332.0,11,서울특별시,11290,성북구,1129013000,보문동1가
20260224,11,서울특별시,11290,성북구,1129013000,보문동1가,11,서울특별시,11200,성동구,1120011500,성수동2가,11,00,1,1534.0,11,서울특별시,11290,성북구,1129013000,보문동1가
20260224,11,서울특별시,11290,성북구,1129013000,보문동1가,11,서울특별시,11200,성동구,1120011500,성수동2가,11,15,1,1603.0,11,서울특별시,11290,성북구,1129013000,보문동1가
20260224,11,서울특별시,11290,성북구,1129013100,보문동2가,11,서울특별시,11200,성동구,1120011500,성수동2가,07,00,1,1617.0,11,서울특별시,11290,성북구,1129013100,보문동2가
20260224,11,서울특별시,11290,성북구,1129013100,보문동2가,11,서울특별시,11200,성동구,1120011500,성수동2가,07,45,5,1507.0,11,서울특별시,11290,성북구,1129013100,보문동2가
20260224,11,서울특별시,11290,성북구,1129013100,보문동2가,11,서울특별시,11200,성동구,1120011500,성수동2가,08,00,6,1489.0,11,서울특별시,11290,성북구,1129013100,보문동2가
20260224,11,서울특별시,11290,성북구,1129013100,보문동2가,11,서울특별시,11200,성동구,1120011500,성수동2가,08,15,6,1500.0,11,서울특별시,11290,성북구,1129013100,보문동2가
20260224,11,서울특별시,11290,성북구,1129013100,보문동2가,11,서울특별시,11200,성동구,1120011500,성수동2가,08,30,1,1302.0,11,서울특별시,11290,성북구,1129013100,보문동2가
20260224,11,서울특별시,11290,성북구,1129013100,보문동2가,11,서울특별시,11200,성동구,1120011500,성수동2가,09,00,4,1515.0,11,서울특별시,11290,성북구,1129013100,보문동2가
20260224,11,서울특별시,11290,성북구,1129013100,보문동2가,11,서울특별시,11200,성동구,1120011500,성수동2가,09,15,1,1420.0,11,서울특별시,11290,성북구,1129013100,보문동2가
20260224,11,서울특별시,11290,성북구,1129013100,보문동2가,11,서울특별시,11200,성동구,1120011500,성수동2가,09,30,1,1448.0,11,서울특별시,11290,성북구,1129013100,보문동2가
20260224,11,서울특별시,11290,성북구,1129013100,보문동2가,11,서울특별시,11200,성동구,1120011500,성수동2가,10,30,3,1680.0,11,서울특별시,11290,성북구,1129013100,보문동2가
20260224,11,서울특별시,11290,성북구,1129013100,보문동2가,11,서울특별시,11200,성동구,1120011500,성수동2가,10,45,2,1552.0,11,서울특별시,11290,성북구,1129013100,보문동2가
20260224,11,서울특별시,11290,성북구,1129013100,보문동2가,11,서울특별시,11200,성동구,1120011500,성수동2가,11,15,1,1485.0,11,서울특별시,11290,성북구,1129013100,보문동2가
20260224,11,서울특별시,11290,성북구,1129013300,정릉동,11,서울특별시,11200,성동구,1120011500,성수동2가,07,00,18,2023.0,11,서울특별시,11290,성북구,1129013300,정릉동
20260224,11,서울특별시,11290,성북구,1129013300,정릉동,11,서울특별시,11200,성동구,1120011500,성수동2가,07,15,11,2078.0,11,서울특별시,11290,성북구,1129013300,정릉동
20260224,11,서울특별시,11290,성북구,1129013300,정릉동,11,서울특별시,11200,성동구,1120011500,성수동2가,07,30,26,2264.0,11,서울특별시,11290,성북구,1129013300,정릉동
20260224,11,서울특별시,11290,성북구,1129013300,정릉동,11,서울특별시,11200,성동구,1120011500,성수동2가,07,45,32,2097.0,11,서울특별시,11290,성북구,1129013300,정릉동
20260224,11,서울특별시,11290,성북구,1129013300,정릉동,11,서울특별시,11200,성동구,1120011500,성수동2가,08,00,26,2028.0,11,서울특별시,11290,성북구,1129013300,정릉동
20260224,11,서울특별시,11290,성북구,1129013300,정릉동,11,서울특별시,11200,성동구,1120011500,성수동2가,08,15,18,2009.0,11,서울특별시,11290,성북구,1129013300,정릉동
20260224,11,서울특별시,11290,성북구,1129013300,정릉동,11,서울특별시,11200,성동구,1120011500,성수동2가,08,30,12,2058.0,11,서울특별시,11290,성북구,1129013300,정릉동
20260224,11,서울특별시,11290,성북구,1129013300,정릉동,11,서울특별시,11200,성동구,1120011500,성수동2가,08,45,17,2144.0,11,서울특별시,11290,성북구,1129013300,정릉동
20260224,11,서울특별시,11290,성북구,1129013300,정릉동,11,서울특별시,11200,성동구,1120011500,성수동2가,09,00,12,2084.0,11,서울특별시,11290,성북구,1129013300,정릉동
20260224,11,서울특별시,11290,성북구,1129013300,정릉동,11,서울특별시,11200,성동구,1120011500,성수동2가,09,15,7,2389.0,11,서울특별시,11290,성북구,1129013300,정릉동
20260224,11,서울특별시,11290,성북구,1129013300,정릉동,11,서울특별시,11200,성동구,1120011500,성수동2가,09,30,8,2584.0,11,서울특별시,11290,성북구,1129013300,정릉동
20260224,11,서울특별시,11290,성북구,1129013300,정릉동,11,서울특별시,11200,성동구,1120011500,성수동2가,09,45,3,1972.0,11,서울특별시,11290,성북구,1129013300,정릉동
20260224,11,서울특별시,11290,성북구,1129013300,정릉동,11,서울특별시,11200,성동구,1120011500,성수동2가,10,00,4,1906.0,11,서울특별시,11290,성북구,1129013300,정릉동
20260224,11,서울특별시,11290,성북구,1129013300,정릉동,11,서울특별시,11200,성동구,1120011500,성수동2가,10,15,8,2157.0,11,서울특별시,11290,성북구,1129013300,정릉동
20260224,11,서울특별시,11290,성북구,1129013300,정릉동,11,서울특별시,11200,성동구,1120011500,성수동2가,10,30,3,2411.0,11,서울특별시,11290,성북구,1129013300,정릉동
20260224,11,서울특별시,11290,성북구,1129013300,정릉동,11,서울특별시,11200,성동구,1120011500,성수동2가,11,00,5,3337.0,11,서울특별시,11290,성북구,1129013300,정릉동
20260224,11,서울특별시,11290,성북구,1129013300,정릉동,11,서울특별시,11200,성동구,1120011500,성수동2가,11,15,4,2068.0,11,서울특별시,11290,성북구,1129013300,정릉동
20260224,11,서울특별시,11290,성북구,1129013300,정릉동,11,서울특별시,11200,성동구,1120011500,성수동2가,11,30,7,2119.0,11,서울특별시,11290,성북구,1129013300,정릉동
20260224,11,서울특별시,11290,성북구,1129013300,정릉동,11,서울특별시,11200,성동구,1120011500,성수동2가,11,45,6,2375.0,11,서울특별시,11290,성북구,1129013300,정릉동
20260224,11,서울특별시,11290,성북구,1129013400,길음동,11,서울특별시,11200,성동구,1120011500,성수동2가,07,00,9,1870.0,11,서울특별시,11290,성북구,1129013400,길음동
20260224,11,서울특별시,11290,성북구,1129013400,길음동,11,서울특별시,11200,성동구,1120011500,성수동2가,07,15,6,2080.0,11,서울특별시,11290,성북구,1129013400,길음동
20260224,11,서울특별시,11290,성북구,1129013400,길음동,11,서울특별시,11200,성동구,1120011500,성수동2가,07,30,7,1956.0,11,서울특별시,11290,성북구,1129013400,길음동
20260224,11,서울특별시,11290,성북구,1129013400,길음동,11,서울특별시,11200,성동구,1120011500,성수동2가,07,45,14,2265.0,11,서울특별시,11290,성북구,1129013400,길음동
20260224,11,서울특별시,11290,성북구,1129013400,길음동,11,서울특별시,11200,성동구,1120011500,성수동2가,08,00,12,1922.0,11,서울특별시,11290,성북구,1129013400,길음동
20260224,11,서울특별시,11290,성북구,1129013400,길음동,11,서울특별시,11200,성동구,1120011500,성수동2가,08,15,13,1909.0,11,서울특별시,11290,성북구,1129013400,길음동
20260224,11,서울특별시,11290,성북구,1129013400,길음동,11,서울특별시,11200,성동구,1120011500,성수동2가,08,30,6,1912.0,11,서울특별시,11290,성북구,1129013400,길음동
20260224,11,서울특별시,11290,성북구,1129013400,길음동,11,서울특별시,11200,성동구,1120011500,성수동2가,08,45,11,1899.0,11,서울특별시,11290,성북구,1129013400,길음동
20260224,11,서울특별시,11290,성북구,1129013400,길음동,11,서울특별시,11200,성동구,1120011500,성수동2가,09,00,4,1695.0,11,서울특별시,11290,성북구,1129013400,길음동
20260224,11,서울특별시,11290,성북구,1129013400,길음동,11,서울특별시,11200,성동구,1120011500,성수동2가,09,15,8,1743.0,11,서울특별시,11290,성북구,1129013400,길음동
20260224,11,서울특별시,11290,성북구,1129013400,길음동,11,서울특별시,11200,성동구,1120011500,성수동2가,09,30,3,1678.0,11,서울특별시,11290,성북구,1129013400,길음동
20260224,11,서울특별시,11290,성북구,1129013400,길음동,11,서울특별시,11200,성동구,1120011500,성수동2가,09,45,1,1835.0,11,서울특별시,11290,성북구,1129013400,길음동
20260224,11,서울특별시,11290,성북구,1129013400,길음동,11,서울특별시,11200,성동구,1120011500,성수동2가,10,00,2,2128.0,11,서울특별시,11290,성북구,1129013400,길음동
20260224,11,서울특별시,11290,성북구,1129013400,길음동,11,서울특별시,11200,성동구,1120011500,성수동2가,10,15,4,2206.0,11,서울특별시,11290,성북구,1129013400,길음동
20260224,11,서울특별시,11290,성북구,1129013400,길음동,11,서울특별시,11200,성동구,1120011500,성수동2가,10,30,1,1968.0,11,서울특별시,11290,성북구,1129013400,길음동
20260224,11,서울특별시,11290,성북구,1129013400,길음동,11,서울특별시,11200,성동구,1120011500,성수동2가,10,45,1,2107.0,11,서울특별시,11290,성북구,1129013400,길음동
20260224,11,서울특별시,11290,성북구,1129013400,길음동,11,서울특별시,11200,성동구,1120011500,성수동2가,11,00,6,1734.0,11,서울특별시,11290,성북구,1129013400,길음동
20260224,11,서울특별시,11290,성북구,1129013400,길음동,11,서울특별시,11200,성동구,1120011500,성수동2가,11,15,2,1899.0,11,서울특별시,11290,성북구,1129013400,길음동
20260224,11,서울특별시,11290,성북구,1129013400,길음동,11,서울특별시,11200,성동구,1120011500,성수동2가,11,45,2,1894.0,11,서울특별시,11290,성북구,1129013400,길음동
20260224,11,서울특별시,11290,성북구,1129013500,종암동,11,서울특별시,11200,성동구,1120011500,성수동2가,07,00,4,1906.0,11,서울특별시,11290,성북구,1129013500,종암동
20260224,11,서울특별시,11290,성북구,1129013500,종암동,11,서울특별시,11200,성동구,1120011500,성수동2가,07,15,5,1756.0,11,서울특별시,11290,성북구,1129013500,종암동
20260224,11,서울특별시,11290,성북구,1129013500,종암동,11,서울특별시,11200,성동구,1120011500,성수동2가,07,30,3,1447.0,11,서울특별시,11290,성북구,1129013500,종암동
20260224,11,서울특별시,11290,성북구,1129013500,종암동,11,서울특별시,11200,성동구,1120011500,성수동2가,07,45,13,2002.0,11,서울특별시,11290,성북구,1129013500,종암동
20260224,11,서울특별시,11290,성북구,1129013500,종암동,11,서울특별시,11200,성동구,1120011500,성수동2가,08,00,14,2493.0,11,서울특별시,11290,성북구,1129013500,종암동
20260224,11,서울특별시,11290,성북구,1129013500,종암동,11,서울특별시,11200,성동구,1120011500,성수동2가,08,15,7,1730.0,11,서울특별시,11290,성북구,1129013500,종암동
20260224,11,서울특별시,11290,성북구,1129013500,종암동,11,서울특별시,11200,성동구,1120011500,성수동2가,08,30,6,1876.0,11,서울특별시,11290,성북구,1129013500,종암동
20260224,11,서울특별시,11290,성북구,1129013500,종암동,11,서울특별시,11200,성동구,1120011500,성수동2가,08,45,5,1850.0,11,서울특별시,11290,성북구,1129013500,종암동
20260224,11,서울특별시,11290,성북구,1129013500,종암동,11,서울특별시,11200,성동구,1120011500,성수동2가,09,00,8,1741.0,11,서울특별시,11290,성북구,1129013500,종암동
20260224,11,서울특별시,11290,성북구,1129013500,종암동,11,서울특별시,11200,성동구,1120011500,성수동2가,09,15,5,1752.0,11,서울특별시,11290,성북구,1129013500,종암동
20260224,11,서울특별시,11290,성북구,1129013500,종암동,11,서울특별시,11200,성동구,1120011500,성수동2가,10,00,4,1956.0,11,서울특별시,11290,성북구,1129013500,종암동
20260224,11,서울특별시,11290,성북구,1129013500,종암동,11,서울특별시,11200,성동구,1120011500,성수동2가,10,15,5,1659.0,11,서울특별시,11290,성북구,1129013500,종암동
20260224,11,서울특별시,11290,성북구,1129013500,종암동,11,서울특별시,11200,성동구,1120011500,성수동2가,10,30,1,1769.0,11,서울특별시,11290,성북구,1129013500,종암동
20260224,11,서울특별시,11290,성북구,1129013500,종암동,11,서울특별시,11200,성동구,1120011500,성수동2가,10,45,2,1993.0,11,서울특별시,11290,성북구,1129013500,종암동
20260224,11,서울특별시,11290,성북구,1129013500,종암동,11,서울특별시,11200,성동구,1120011500,성수동2가,11,00,2,1646.0,11,서울특별시,11290,성북구,1129013500,종암동
20260224,11,서울특별시,11290,성북구,1129013500,종암동,11,서울특별시,11200,성동구,1120011500,성수동2가,11,15,4,1676.0,11,서울특별시,11290,성북구,1129013500,종암동
20260224,11,서울특별시,11290,성북구,1129013500,종암동,11,서울특별시,11200,성동구,1120011500,성수동2가,11,45,4,1918.0,11,서울특별시,11290,성북구,1129013500,종암동
20260224,11,서울특별시,11290,성북구,1129013600,하월곡동,11,서울특별시,11200,성동구,1120011500,성수동2가,07,00,6,1952.0,11,서울특별시,11290,성북구,1129013600,하월곡동
20260224,11,서울특별시,11290,성북구,1129013600,하월곡동,11,서울특별시,11200,성동구,1120011500,성수동2가,07,15,7,1949.0,11,서울특별시,11290,성북구,1129013600,하월곡동
20260224,11,서울특별시,11290,성북구,1129013600,하월곡동,11,서울특별시,11200,성동구,1120011500,성수동2가,07,30,9,1985.0,11,서울특별시,11290,성북구,1129013600,하월곡동
20260224,11,서울특별시,11290,성북구,1129013600,하월곡동,11,서울특별시,11200,성동구,1120011500,성수동2가,07,45,17,1985.0,11,서울특별시,11290,성북구,1129013600,하월곡동
20260224,11,서울특별시,11290,성북구,1129013600,하월곡동,11,서울특별시,11200,성동구,1120011500,성수동2가,08,00,24,1917.0,11,서울특별시,11290,성북구,1129013600,하월곡동
20260224,11,서울특별시,11290,성북구,1129013600,하월곡동,11,서울특별시,11200,성동구,1120011500,성수동2가,08,15,12,1968.0,11,서울특별시,11290,성북구,1129013600,하월곡동
20260224,11,서울특별시,11290,성북구,1129013600,하월곡동,11,서울특별시,11200,성동구,1120011500,성수동2가,08,30,3,1840.0,11,서울특별시,11290,성북구,1129013600,하월곡동
20260224,11,서울특별시,11290,성북구,1129013600,하월곡동,11,서울특별시,11200,성동구,1120011500,성수동2가,08,45,7,1803.0,11,서울특별시,11290,성북구,1129013600,하월곡동
20260224,11,서울특별시,11290,성북구,1129013600,하월곡동,11,서울특별시,11200,성동구,1120011500,성수동2가,09,00,3,2055.0,11,서울특별시,11290,성북구,1129013600,하월곡동
20260224,11,서울특별시,11290,성북구,1129013600,하월곡동,11,서울특별시,11200,성동구,1120011500,성수동2가,09,15,2,2088.0,11,서울특별시,11290,성북구,1129013600,하월곡동
20260224,11,서울특별시,11290,성북구,1129013600,하월곡동,11,서울특별시,11200,성동구,1120011500,성수동2가,09,30,3,1968.0,11,서울특별시,11290,성북구,1129013600,하월곡동
20260224,11,서울특별시,11290,성북구,1129013600,하월곡동,11,서울특별시,11200,성동구,1120011500,성수동2가,09,45,4,2274.0,11,서울특별시,11290,성북구,1129013600,하월곡동
20260224,11,서울특별시,11290,성북구,1129013600,하월곡동,11,서울특별시,11200,성동구,1120011500,성수동2가,10,00,3,1696.0,11,서울특별시,11290,성북구,1129013600,하월곡동
20260224,11,서울특별시,11290,성북구,1129013600,하월곡동,11,서울특별시,11200,성동구,1120011500,성수동2가,10,15,3,2058.0,11,서울특별시,11290,성북구,1129013600,하월곡동
20260224,11,서울특별시,11290,성북구,1129013600,하월곡동,11,서울특별시,11200,성동구,1120011500,성수동2가,10,30,1,2156.0,11,서울특별시,11290,성북구,1129013600,하월곡동
20260224,11,서울특별시,11290,성북구,1129013600,하월곡동,11,서울특별시,11200,성동구,1120011500,성수동2가,10,45,2,2498.0,11,서울특별시,11290,성북구,1129013600,하월곡동
20260224,11,서울특별시,11290,성북구,1129013600,하월곡동,11,서울특별시,11200,성동구,1120011500,성수동2가,11,15,1,2059.0,11,서울특별시,11290,성북구,1129013600,하월곡동
20260224,11,서울특별시,11290,성북구,1129013600,하월곡동,11,서울특별시,11200,성동구,1120011500,성수동2가,11,30,2,2194.0,11,서울특별시,11290,성북구,1129013600,하월곡동
20260224,11,서울특별시,11290,성북구,1129013700,상월곡동,11,서울특별시,11200,성동구,1120011500,성수동2가,07,00,2,1827.0,11,서울특별시,11290,성북구,1129013700,상월곡동
20260224,11,서울특별시,11290,성북구,1129013700,상월곡동,11,서울특별시,11200,성동구,1120011500,성수동2가,07,15,3,1828.0,11,서울특별시,11290,성북구,1129013700,상월곡동
20260224,11,서울특별시,11290,성북구,1129013700,상월곡동,11,서울특별시,11200,성동구,1120011500,성수동2가,07,30,8,1719.0,11,서울특별시,11290,성북구,1129013700,상월곡동
20260224,11,서울특별시,11290,성북구,1129013700,상월곡동,11,서울특별시,11200,성동구,1120011500,성수동2가,07,45,10,1917.0,11,서울특별시,11290,성북구,1129013700,상월곡동
20260224,11,서울특별시,11290,성북구,1129013700,상월곡동,11,서울특별시,11200,성동구,1120011500,성수동2가,08,00,7,1913.0,11,서울특별시,11290,성북구,1129013700,상월곡동
20260224,11,서울특별시,11290,성북구,1129013700,상월곡동,11,서울특별시,11200,성동구,1120011500,성수동2가,08,15,7,1865.0,11,서울특별시,11290,성북구,1129013700,상월곡동
20260224,11,서울특별시,11290,성북구,1129013700,상월곡동,11,서울특별시,11200,성동구,1120011500,성수동2가,08,30,2,2016.0,11,서울특별시,11290,성북구,1129013700,상월곡동
20260224,11,서울특별시,11290,성북구,1129013700,상월곡동,11,서울특별시,11200,성동구,1120011500,성수동2가,08,45,3,1941.0,11,서울특별시,11290,성북구,1129013700,상월곡동
20260224,11,서울특별시,11290,성북구,1129013700,상월곡동,11,서울특별시,11200,성동구,1120011500,성수동2가,09,00,3,1925.0,11,서울특별시,11290,성북구,1129013700,상월곡동
20260224,11,서울특별시,11290,성북구,1129013700,상월곡동,11,서울특별시,11200,성동구,1120011500,성수동2가,09,15,2,2190.0,11,서울특별시,11290,성북구,1129013700,상월곡동
20260224,11,서울특별시,11290,성북구,1129013700,상월곡동,11,서울특별시,11200,성동구,1120011500,성수동2가,09,45,3,1849.0,11,서울특별시,11290,성북구,1129013700,상월곡동
20260224,11,서울특별시,11290,성북구,1129013700,상월곡동,11,서울특별시,11200,성동구,1120011500,성수동2가,10,00,1,1808.0,11,서울특별시,11290,성북구,1129013700,상월곡동
20260224,11,서울특별시,11290,성북구,1129013700,상월곡동,11,서울특별시,11200,성동구,1120011500,성수동2가,10,15,2,2114.0,11,서울특별시,11290,성북구,1129013700,상월곡동
20260224,11,서울특별시,11290,성북구,1129013700,상월곡동,11,서울특별시,11200,성동구,1120011500,성수동2가,11,15,1,1715.0,11,서울특별시,11290,성북구,1129013700,상월곡동
20260224,11,서울특별시,11290,성북구,1129013800,장위동,11,서울특별시,11200,성동구,1120011500,성수동2가,07,00,3,2374.0,11,서울특별시,11290,성북구,1129013800,장위동
20260224,11,서울특별시,11290,성북구,1129013800,장위동,11,서울특별시,11200,성동구,1120011500,성수동2가,07,15,4,2728.0,11,서울특별시,11290,성북구,1129013800,장위동
20260224,11,서울특별시,11290,성북구,1129013800,장위동,11,서울특별시,11200,성동구,1120011500,성수동2가,07,30,7,2354.0,11,서울특별시,11290,성북구,1129013800,장위동
20260224,11,서울특별시,11290,성북구,1129013800,장위동,11,서울특별시,11200,성동구,1120011500,성수동2가,07,45,14,2460.0,11,서울특별시,11290,성북구,1129013800,장위동
20260224,11,서울특별시,11290,성북구,1129013800,장위동,11,서울특별시,11200,성동구,1120011500,성수동2가,08,00,11,2510.0,11,서울특별시,11290,성북구,1129013800,장위동
20260224,11,서울특별시,11290,성북구,1129013800,장위동,11,서울특별시,11200,성동구,1120011500,성수동2가,08,15,2,2942.0,11,서울특별시,11290,성북구,1129013800,장위동
20260224,11,서울특별시,11290,성북구,1129013800,장위동,11,서울특별시,11200,성동구,1120011500,성수동2가,08,30,4,2567.0,11,서울특별시,11290,성북구,1129013800,장위동
20260224,11,서울특별시,11290,성북구,1129013800,장위동,11,서울특별시,11200,성동구,1120011500,성수동2가,08,45,3,2242.0,11,서울특별시,11290,성북구,1129013800,장위동
20260224,11,서울특별시,11290,성북구,1129013800,장위동,11,서울특별시,11200,성동구,1120011500,성수동2가,09,00,1,2606.0,11,서울특별시,11290,성북구,1129013800,장위동
20260224,11,서울특별시,11290,성북구,1129013800,장위동,11,서울특별시,11200,성동구,1120011500,성수동2가,09,15,1,3012.0,11,서울특별시,11290,성북구,1129013800,장위동
20260224,11,서울특별시,11290,성북구,1129013800,장위동,11,서울특별시,11200,성동구,1120011500,성수동2가,10,00,6,2790.0,11,서울특별시,11290,성북구,1129013800,장위동
20260224,11,서울특별시,11290,성북구,1129013800,장위동,11,서울특별시,11200,성동구,1120011500,성수동2가,10,15,1,3259.0,11,서울특별시,11290,성북구,1129013800,장위동
20260224,11,서울특별시,11290,성북구,1129013800,장위동,11,서울특별시,11200,성동구,1120011500,성수동2가,10,30,1,2080.0,11,서울특별시,11290,성북구,1129013800,장위동
20260224,11,서울특별시,11290,성북구,1129013800,장위동,11,서울특별시,11200,성동구,1120011500,성수동2가,10,45,1,2633.0,11,서울특별시,11290,성북구,1129013800,장위동
20260224,11,서울특별시,11290,성북구,1129013900,석관동,11,서울특별시,11200,성동구,1120011500,성수동2가,07,00,7,2153.0,11,서울특별시,11290,성북구,1129013900,석관동
20260224,11,서울특별시,11290,성북구,1129013900,석관동,11,서울특별시,11200,성동구,1120011500,성수동2가,07,15,10,2094.0,11,서울특별시,11290,성북구,1129013900,석관동
20260224,11,서울특별시,11290,성북구,1129013900,석관동,11,서울특별시,11200,성동구,1120011500,성수동2가,07,30,16,2092.0,11,서울특별시,11290,성북구,1129013900,석관동
20260224,11,서울특별시,11290,성북구,1129013900,석관동,11,서울특별시,11200,성동구,1120011500,성수동2가,07,45,21,2121.0,11,서울특별시,11290,성북구,1129013900,석관동
20260224,11,서울특별시,11290,성북구,1129013900,석관동,11,서울특별시,11200,성동구,1120011500,성수동2가,08,00,32,2137.0,11,서울특별시,11290,성북구,1129013900,석관동
20260224,11,서울특별시,11290,성북구,1129013900,석관동,11,서울특별시,11200,성동구,1120011500,성수동2가,08,15,10,2121.0,11,서울특별시,11290,성북구,1129013900,석관동
20260224,11,서울특별시,11290,성북구,1129013900,석관동,11,서울특별시,11200,성동구,1120011500,성수동2가,08,30,9,2038.0,11,서울특별시,11290,성북구,1129013900,석관동
20260224,11,서울특별시,11290,성북구,1129013900,석관동,11,서울특별시,11200,성동구,1120011500,성수동2가,08,45,12,2255.0,11,서울특별시,11290,성북구,1129013900,석관동
20260224,11,서울특별시,11290,성북구,1129013900,석관동,11,서울특별시,11200,성동구,1120011500,성수동2가,09,00,10,2041.0,11,서울특별시,11290,성북구,1129013900,석관동
20260224,11,서울특별시,11290,성북구,1129013900,석관동,11,서울특별시,11200,성동구,1120011500,성수동2가,09,15,8,2079.0,11,서울특별시,11290,성북구,1129013900,석관동
20260224,11,서울특별시,11290,성북구,1129013900,석관동,11,서울특별시,11200,성동구,1120011500,성수동2가,09,30,1,2082.0,11,서울특별시,11290,성북구,1129013900,석관동
20260224,11,서울특별시,11290,성북구,1129013900,석관동,11,서울특별시,11200,성동구,1120011500,성수동2가,09,45,3,2111.0,11,서울특별시,11290,성북구,1129013900,석관동
20260224,11,서울특별시,11290,성북구,1129013900,석관동,11,서울특별시,11200,성동구,1120011500,성수동2가,10,15,3,2209.0,11,서울특별시,11290,성북구,1129013900,석관동
20260224,11,서울특별시,11290,성북구,1129013900,석관동,11,서울특별시,11200,성동구,1120011500,성수동2가,10,30,2,2107.0,11,서울특별시,11290,성북구,1129013900,석관동
20260224,11,서울특별시,11290,성북구,1129013900,석관동,11,서울특별시,11200,성동구,1120011500,성수동2가,10,45,3,2135.0,11,서울특별시,11290,성북구,1129013900,석관동
20260224,11,서울특별시,11290,성북구,1129013900,석관동,11,서울특별시,11200,성동구,1120011500,성수동2가,11,00,4,2088.0,11,서울특별시,11290,성북구,1129013900,석관동
20260224,11,서울특별시,11290,성북구,1129013900,석관동,11,서울특별시,11200,성동구,1120011500,성수동2가,11,30,1,2100.0,11,서울특별시,11290,성북구,1129013900,석관동
20260224,11,서울특별시,11290,성북구,1129013900,석관동,11,서울특별시,11200,성동구,1120011500,성수동2가,11,45,4,2231.0,11,서울특별시,11290,성북구,1129013900,석관동
20260224,11,서울특별시,11305,강북구,1130510100,미아동,11,서울특별시,11200,성동구,1120011500,성수동2가,07,00,19,2022.0,11,서울특별시,11305,강북구,1130510100,미아동
20260224,11,서울특별시,11305,강북구,1130510100,미아동,11,서울특별시,11200,성동구,1120011500,성수동2가,07,15,34,2146.0,11,서울특별시,11305,강북구,1130510100,미아동
20260224,11,서울특별시,11305,강북구,1130510100,미아동,11,서울특별시,11200,성동구,1120011500,성수동2가,07,30,45,2182.0,11,서울특별시,11305,강북구,1130510100,미아동
20260224,11,서울특별시,11305,강북구,1130510100,미아동,11,서울특별시,11200,성동구,1120011500,성수동2가,07,45,64,2198.0,11,서울특별시,11305,강북구,1130510100,미아동
20260224,11,서울특별시,11305,강북구,1130510100,미아동,11,서울특별시,11200,성동구,1120011500,성수동2가,08,00,63,2178.0,11,서울특별시,11305,강북구,1130510100,미아동
20260224,11,서울특별시,11305,강북구,1130510100,미아동,11,서울특별시,11200,성동구,1120011500,성수동2가,08,15,31,2166.0,11,서울특별시,11305,강북구,1130510100,미아동
20260224,11,서울특별시,11305,강북구,1130510100,미아동,11,서울특별시,11200,성동구,1120011500,성수동2가,08,30,22,2131.0,11,서울특별시,11305,강북구,1130510100,미아동
20260224,11,서울특별시,11305,강북구,1130510100,미아동,11,서울특별시,11200,성동구,1120011500,성수동2가,08,45,18,2088.0,11,서울특별시,11305,강북구,1130510100,미아동
20260224,11,서울특별시,11305,강북구,1130510100,미아동,11,서울특별시,11200,성동구,1120011500,성수동2가,09,00,25,2034.0,11,서울특별시,11305,강북구,1130510100,미아동
20260224,11,서울특별시,11305,강북구,1130510100,미아동,11,서울특별시,11200,성동구,1120011500,성수동2가,09,15,8,2111.0,11,서울특별시,11305,강북구,1130510100,미아동
20260224,11,서울특별시,11305,강북구,1130510100,미아동,11,서울특별시,11200,성동구,1120011500,성수동2가,09,30,10,2172.0,11,서울특별시,11305,강북구,1130510100,미아동
20260224,11,서울특별시,11305,강북구,1130510100,미아동,11,서울특별시,11200,성동구,1120011500,성수동2가,09,45,11,2167.0,11,서울특별시,11305,강북구,1130510100,미아동
20260224,11,서울특별시,11305,강북구,1130510100,미아동,11,서울특별시,11200,성동구,1120011500,성수동2가,10,00,6,2187.0,11,서울특별시,11305,강북구,1130510100,미아동
20260224,11,서울특별시,11305,강북구,1130510100,미아동,11,서울특별시,11200,성동구,1120011500,성수동2가,10,15,5,2341.0,11,서울특별시,11305,강북구,1130510100,미아동
20260224,11,서울특별시,11305,강북구,1130510100,미아동,11,서울특별시,11200,성동구,1120011500,성수동2가,10,30,4,2037.0,11,서울특별시,11305,강북구,1130510100,미아동
20260224,11,서울특별시,11305,강북구,1130510100,미아동,11,서울특별시,11200,성동구,1120011500,성수동2가,10,45,3,2177.0,11,서울특별시,11305,강북구,1130510100,미아동
20260224,11,서울특별시,11305,강북구,1130510100,미아동,11,서울특별시,11200,성동구,1120011500,성수동2가,11,00,12,2371.0,11,서울특별시,11305,강북구,1130510100,미아동
20260224,11,서울특별시,11305,강북구,1130510100,미아동,11,서울특별시,11200,성동구,1120011500,성수동2가,11,15,9,2435.0,11,서울특별시,11305,강북구,1130510100,미아동
20260224,11,서울특별시,11305,강북구,1130510100,미아동,11,서울특별시,11200,성동구,1120011500,성수동2가,11,30,7,2081.0,11,서울특별시,11305,강북구,1130510100,미아동
20260224,11,서울특별시,11305,강북구,1130510100,미아동,11,서울특별시,11200,성동구,1120011500,성수동2가,11,45,3,2410.0,11,서울특별시,11305,강북구,1130510100,미아동
20260224,11,서울특별시,11305,강북구,1130510200,번동,11,서울특별시,11200,성동구,1120011500,성수동2가,07,00,15,2371.0,11,서울특별시,11305,강북구,1130510200,번동
20260224,11,서울특별시,11305,강북구,1130510200,번동,11,서울특별시,11200,성동구,1120011500,성수동2가,07,15,25,2539.0,11,서울특별시,11305,강북구,1130510200,번동
20260224,11,서울특별시,11305,강북구,1130510200,번동,11,서울특별시,11200,성동구,1120011500,성수동2가,07,30,19,2322.0,11,서울특별시,11305,강북구,1130510200,번동
20260224,11,서울특별시,11305,강북구,1130510200,번동,11,서울특별시,11200,성동구,1120011500,성수동2가,07,45,28,2452.0,11,서울특별시,11305,강북구,1130510200,번동
20260224,11,서울특별시,11305,강북구,1130510200,번동,11,서울특별시,11200,성동구,1120011500,성수동2가,08,00,23,2429.0,11,서울특별시,11305,강북구,1130510200,번동
20260224,11,서울특별시,11305,강북구,1130510200,번동,11,서울특별시,11200,성동구,1120011500,성수동2가,08,15,13,2427.0,11,서울특별시,11305,강북구,1130510200,번동
20260224,11,서울특별시,11305,강북구,1130510200,번동,11,서울특별시,11200,성동구,1120011500,성수동2가,08,30,15,2291.0,11,서울특별시,11305,강북구,1130510200,번동
20260224,11,서울특별시,11305,강북구,1130510200,번동,11,서울특별시,11200,성동구,1120011500,성수동2가,08,45,10,2210.0,11,서울특별시,11305,강북구,1130510200,번동
20260224,11,서울특별시,11305,강북구,1130510200,번동,11,서울특별시,11200,성동구,1120011500,성수동2가,09,00,8,2173.0,11,서울특별시,11305,강북구,1130510200,번동
20260224,11,서울특별시,11305,강북구,1130510200,번동,11,서울특별시,11200,성동구,1120011500,성수동2가,09,15,6,2137.0,11,서울특별시,11305,강북구,1130510200,번동
20260224,11,서울특별시,11305,강북구,1130510200,번동,11,서울특별시,11200,성동구,1120011500,성수동2가,09,30,4,2352.0,11,서울특별시,11305,강북구,1130510200,번동
20260224,11,서울특별시,11305,강북구,1130510200,번동,11,서울특별시,11200,성동구,1120011500,성수동2가,09,45,6,2332.0,11,서울특별시,11305,강북구,1130510200,번동
20260224,11,서울특별시,11305,강북구,1130510200,번동,11,서울특별시,11200,성동구,1120011500,성수동2가,10,00,6,2147.0,11,서울특별시,11305,강북구,1130510200,번동
20260224,11,서울특별시,11305,강북구,1130510200,번동,11,서울특별시,11200,성동구,1120011500,성수동2가,10,15,3,2250.0,11,서울특별시,11305,강북구,1130510200,번동
20260224,11,서울특별시,11305,강북구,1130510200,번동,11,서울특별시,11200,성동구,1120011500,성수동2가,10,30,2,2180.0,11,서울특별시,11305,강북구,1130510200,번동
20260224,11,서울특별시,11305,강북구,1130510200,번동,11,서울특별시,11200,성동구,1120011500,성수동2가,10,45,4,2339.0,11,서울특별시,11305,강북구,1130510200,번동
20260224,11,서울특별시,11305,강북구,1130510200,번동,11,서울특별시,11200,성동구,1120011500,성수동2가,11,00,7,2326.0,11,서울특별시,11305,강북구,1130510200,번동
20260224,11,서울특별시,11305,강북구,1130510200,번동,11,서울특별시,11200,성동구,1120011500,성수동2가,11,15,7,2337.0,11,서울특별시,11305,강북구,1130510200,번동
20260224,11,서울특별시,11305,강북구,1130510200,번동,11,서울특별시,11200,성동구,1120011500,성수동2가,11,30,7,2871.0,11,서울특별시,11305,강북구,1130510200,번동
20260224,11,서울특별시,11305,강북구,1130510200,번동,11,서울특별시,11200,성동구,1120011500,성수동2가,11,45,4,2335.0,11,서울특별시,11305,강북구,1130510200,번동
20260224,11,서울특별시,11305,강북구,1130510300,수유동,11,서울특별시,11200,성동구,1120011500,성수동2가,07,00,20,2561.0,11,서울특별시,11305,강북구,1130510300,수유동
20260224,11,서울특별시,11305,강북구,1130510300,수유동,11,서울특별시,11200,성동구,1120011500,성수동2가,07,15,12,2539.0,11,서울특별시,11305,강북구,1130510300,수유동
20260224,11,서울특별시,11305,강북구,1130510300,수유동,11,서울특별시,11200,성동구,1120011500,성수동2가,07,30,26,2481.0,11,서울특별시,11305,강북구,1130510300,수유동
20260224,11,서울특별시,11305,강북구,1130510300,수유동,11,서울특별시,11200,성동구,1120011500,성수동2가,07,45,38,2547.0,11,서울특별시,11305,강북구,1130510300,수유동
20260224,11,서울특별시,11305,강북구,1130510300,수유동,11,서울특별시,11200,성동구,1120011500,성수동2가,08,00,24,2468.0,11,서울특별시,11305,강북구,1130510300,수유동
20260224,11,서울특별시,11305,강북구,1130510300,수유동,11,서울특별시,11200,성동구,1120011500,성수동2가,08,15,15,2451.0,11,서울특별시,11305,강북구,1130510300,수유동
20260224,11,서울특별시,11305,강북구,1130510300,수유동,11,서울특별시,11200,성동구,1120011500,성수동2가,08,30,12,2529.0,11,서울특별시,11305,강북구,1130510300,수유동
20260224,11,서울특별시,11305,강북구,1130510300,수유동,11,서울특별시,11200,성동구,1120011500,성수동2가,08,45,11,2313.0,11,서울특별시,11305,강북구,1130510300,수유동
20260224,11,서울특별시,11305,강북구,1130510300,수유동,11,서울특별시,11200,성동구,1120011500,성수동2가,09,00,12,2447.0,11,서울특별시,11305,강북구,1130510300,수유동
20260224,11,서울특별시,11305,강북구,1130510300,수유동,11,서울특별시,11200,성동구,1120011500,성수동2가,09,15,6,2714.0,11,서울특별시,11305,강북구,1130510300,수유동
20260224,11,서울특별시,11305,강북구,1130510300,수유동,11,서울특별시,11200,성동구,1120011500,성수동2가,09,30,2,2248.0,11,서울특별시,11305,강북구,1130510300,수유동
20260224,11,서울특별시,11305,강북구,1130510300,수유동,11,서울특별시,11200,성동구,1120011500,성수동2가,09,45,8,2574.0,11,서울특별시,11305,강북구,1130510300,수유동
20260224,11,서울특별시,11305,강북구,1130510300,수유동,11,서울특별시,11200,성동구,1120011500,성수동2가,10,00,1,2599.0,11,서울특별시,11305,강북구,1130510300,수유동
20260224,11,서울특별시,11305,강북구,1130510300,수유동,11,서울특별시,11200,성동구,1120011500,성수동2가,10,15,2,3249.0,11,서울특별시,11305,강북구,1130510300,수유동
20260224,11,서울특별시,11305,강북구,1130510300,수유동,11,서울특별시,11200,성동구,1120011500,성수동2가,11,00,2,2281.0,11,서울특별시,11305,강북구,1130510300,수유동
20260224,11,서울특별시,11305,강북구,1130510300,수유동,11,서울특별시,11200,성동구,1120011500,성수동2가,11,15,3,2431.0,11,서울특별시,11305,강북구,1130510300,수유동
20260224,11,서울특별시,11305,강북구,1130510300,수유동,11,서울특별시,11200,성동구,1120011500,성수동2가,11,30,1,2446.0,11,서울특별시,11305,강북구,1130510300,수유동
20260224,11,서울특별시,11305,강북구,1130510300,수유동,11,서울특별시,11200,성동구,1120011500,성수동2가,11,45,2,2629.0,11,서울특별시,11305,강북구,1130510300,수유동
20260224,11,서울특별시,11305,강북구,1130510400,우이동,11,서울특별시,11200,성동구,1120011500,성수동2가,07,00,4,2795.0,11,서울특별시,11305,강북구,1130510400,우이동
20260224,11,서울특별시,11305,강북구,1130510400,우이동,11,서울특별시,11200,성동구,1120011500,성수동2가,07,15,11,2720.0,11,서울특별시,11305,강북구,1130510400,우이동
20260224,11,서울특별시,11305,강북구,1130510400,우이동,11,서울특별시,11200,성동구,1120011500,성수동2가,07,30,18,2916.0,11,서울특별시,11305,강북구,1130510400,우이동
20260224,11,서울특별시,11305,강북구,1130510400,우이동,11,서울특별시,11200,성동구,1120011500,성수동2가,07,45,16,2734.0,11,서울특별시,11305,강북구,1130510400,우이동
20260224,11,서울특별시,11305,강북구,1130510400,우이동,11,서울특별시,11200,성동구,1120011500,성수동2가,08,00,11,2659.0,11,서울특별시,11305,강북구,1130510400,우이동
20260224,11,서울특별시,11305,강북구,1130510400,우이동,11,서울특별시,11200,성동구,1120011500,성수동2가,08,15,3,2730.0,11,서울특별시,11305,강북구,1130510400,우이동
20260224,11,서울특별시,11305,강북구,1130510400,우이동,11,서울특별시,11200,성동구,1120011500,성수동2가,08,30,7,2854.0,11,서울특별시,11305,강북구,1130510400,우이동
20260224,11,서울특별시,11305,강북구,1130510400,우이동,11,서울특별시,11200,성동구,1120011500,성수동2가,08,45,9,2640.0,11,서울특별시,11305,강북구,1130510400,우이동
20260224,11,서울특별시,11305,강북구,1130510400,우이동,11,서울특별시,11200,성동구,1120011500,성수동2가,09,00,2,2710.0,11,서울특별시,11305,강북구,1130510400,우이동
20260224,11,서울특별시,11305,강북구,1130510400,우이동,11,서울특별시,11200,성동구,1120011500,성수동2가,09,30,3,2830.0,11,서울특별시,11305,강북구,1130510400,우이동
20260224,11,서울특별시,11305,강북구,1130510400,우이동,11,서울특별시,11200,성동구,1120011500,성수동2가,09,45,1,2402.0,11,서울특별시,11305,강북구,1130510400,우이동
20260224,11,서울특별시,11305,강북구,1130510400,우이동,11,서울특별시,11200,성동구,1120011500,성수동2가,10,15,1,2733.0,11,서울특별시,11305,강북구,1130510400,우이동
20260224,11,서울특별시,11305,강북구,1130510400,우이동,11,서울특별시,11200,성동구,1120011500,성수동2가,11,00,2,2414.0,11,서울특별시,11305,강북구,1130510400,우이동
20260224,11,서울특별시,11305,강북구,1130510400,우이동,11,서울특별시,11200,성동구,1120011500,성수동2가,11,45,2,2693.0,11,서울특별시,11305,강북구,1130510400,우이동
20260224,11,서울특별시,11320,도봉구,1132010500,쌍문동,11,서울특별시,11200,성동구,1120011500,성수동2가,07,00,5,2963.0,11,서울특별시,11320,도봉구,1132010500,쌍문동
20260224,11,서울특별시,11320,도봉구,1132010500,쌍문동,11,서울특별시,11200,성동구,1120011500,성수동2가,07,15,6,2595.0,11,서울특별시,11320,도봉구,1132010500,쌍문동
20260224,11,서울특별시,11320,도봉구,1132010500,쌍문동,11,서울특별시,11200,성동구,1120011500,성수동2가,07,30,19,2875.0,11,서울특별시,11320,도봉구,1132010500,쌍문동
20260224,11,서울특별시,11320,도봉구,1132010500,쌍문동,11,서울특별시,11200,성동구,1120011500,성수동2가,07,45,16,2832.0,11,서울특별시,11320,도봉구,1132010500,쌍문동
20260224,11,서울특별시,11320,도봉구,1132010500,쌍문동,11,서울특별시,11200,성동구,1120011500,성수동2가,08,00,10,2767.0,11,서울특별시,11320,도봉구,1132010500,쌍문동
20260224,11,서울특별시,11320,도봉구,1132010500,쌍문동,11,서울특별시,11200,성동구,1120011500,성수동2가,08,15,7,2927.0,11,서울특별시,11320,도봉구,1132010500,쌍문동
20260224,11,서울특별시,11320,도봉구,1132010500,쌍문동,11,서울특별시,11200,성동구,1120011500,성수동2가,08,30,6,2615.0,11,서울특별시,11320,도봉구,1132010500,쌍문동
20260224,11,서울특별시,11320,도봉구,1132010500,쌍문동,11,서울특별시,11200,성동구,1120011500,성수동2가,08,45,6,3028.0,11,서울특별시,11320,도봉구,1132010500,쌍문동
20260224,11,서울특별시,11320,도봉구,1132010500,쌍문동,11,서울특별시,11200,성동구,1120011500,성수동2가,09,00,6,2684.0,11,서울특별시,11320,도봉구,1132010500,쌍문동
20260224,11,서울특별시,11320,도봉구,1132010500,쌍문동,11,서울특별시,11200,성동구,1120011500,성수동2가,09,15,2,3268.0,11,서울특별시,11320,도봉구,1132010500,쌍문동
20260224,11,서울특별시,11320,도봉구,1132010500,쌍문동,11,서울특별시,11200,성동구,1120011500,성수동2가,09,30,1,2903.0,11,서울특별시,11320,도봉구,1132010500,쌍문동
20260224,11,서울특별시,11320,도봉구,1132010500,쌍문동,11,서울특별시,11200,성동구,1120011500,성수동2가,09,45,3,3181.0,11,서울특별시,11320,도봉구,1132010500,쌍문동
20260224,11,서울특별시,11320,도봉구,1132010500,쌍문동,11,서울특별시,11200,성동구,1120011500,성수동2가,10,15,2,2527.0,11,서울특별시,11320,도봉구,1132010500,쌍문동
20260224,11,서울특별시,11320,도봉구,1132010500,쌍문동,11,서울특별시,11200,성동구,1120011500,성수동2가,10,30,1,2644.0,11,서울특별시,11320,도봉구,1132010500,쌍문동
20260224,11,서울특별시,11320,도봉구,1132010500,쌍문동,11,서울특별시,11200,성동구,1120011500,성수동2가,10,45,2,3214.0,11,서울특별시,11320,도봉구,1132010500,쌍문동
20260224,11,서울특별시,11320,도봉구,1132010500,쌍문동,11,서울특별시,11200,성동구,1120011500,성수동2가,11,00,1,2732.0,11,서울특별시,11320,도봉구,1132010500,쌍문동
20260224,11,서울특별시,11320,도봉구,1132010500,쌍문동,11,서울특별시,11200,성동구,1120011500,성수동2가,11,15,1,3040.0,11,서울특별시,11320,도봉구,1132010500,쌍문동
20260224,11,서울특별시,11320,도봉구,1132010500,쌍문동,11,서울특별시,11200,성동구,1120011500,성수동2가,11,45,3,2995.0,11,서울특별시,11320,도봉구,1132010500,쌍문동
20260224,11,서울특별시,11320,도봉구,1132010600,방학동,11,서울특별시,11200,성동구,1120011500,성수동2가,07,00,13,3206.0,11,서울특별시,11320,도봉구,1132010600,방학동
20260224,11,서울특별시,11320,도봉구,1132010600,방학동,11,서울특별시,11200,성동구,1120011500,성수동2가,07,15,14,3282.0,11,서울특별시,11320,도봉구,1132010600,방학동
20260224,11,서울특별시,11320,도봉구,1132010600,방학동,11,서울특별시,11200,성동구,1120011500,성수동2가,07,30,23,3144.0,11,서울특별시,11320,도봉구,1132010600,방학동
20260224,11,서울특별시,11320,도봉구,1132010600,방학동,11,서울특별시,11200,성동구,1120011500,성수동2가,07,45,26,3277.0,11,서울특별시,11320,도봉구,1132010600,방학동
20260224,11,서울특별시,11320,도봉구,1132010600,방학동,11,서울특별시,11200,성동구,1120011500,성수동2가,08,00,6,3027.0,11,서울특별시,11320,도봉구,1132010600,방학동
20260224,11,서울특별시,11320,도봉구,1132010600,방학동,11,서울특별시,11200,성동구,1120011500,성수동2가,08,15,8,3105.0,11,서울특별시,11320,도봉구,1132010600,방학동
20260224,11,서울특별시,11320,도봉구,1132010600,방학동,11,서울특별시,11200,성동구,1120011500,성수동2가,08,30,2,3475.0,11,서울특별시,11320,도봉구,1132010600,방학동
20260224,11,서울특별시,11320,도봉구,1132010600,방학동,11,서울특별시,11200,성동구,1120011500,성수동2가,08,45,4,2818.0,11,서울특별시,11320,도봉구,1132010600,방학동
20260224,11,서울특별시,11320,도봉구,1132010600,방학동,11,서울특별시,11200,성동구,1120011500,성수동2가,09,00,1,2613.0,11,서울특별시,11320,도봉구,1132010600,방학동
20260224,11,서울특별시,11320,도봉구,1132010600,방학동,11,서울특별시,11200,성동구,1120011500,성수동2가,09,15,2,3100.0,11,서울특별시,11320,도봉구,1132010600,방학동
20260224,11,서울특별시,11320,도봉구,1132010600,방학동,11,서울특별시,11200,성동구,1120011500,성수동2가,09,30,1,2894.0,11,서울특별시,11320,도봉구,1132010600,방학동
20260224,11,서울특별시,11320,도봉구,1132010600,방학동,11,서울특별시,11200,성동구,1120011500,성수동2가,09,45,1,3350.0,11,서울특별시,11320,도봉구,1132010600,방학동
20260224,11,서울특별시,11320,도봉구,1132010600,방학동,11,서울특별시,11200,성동구,1120011500,성수동2가,10,00,1,3194.0,11,서울특별시,11320,도봉구,1132010600,방학동
20260224,11,서울특별시,11320,도봉구,1132010600,방학동,11,서울특별시,11200,성동구,1120011500,성수동2가,10,15,3,3177.0,11,서울특별시,11320,도봉구,1132010600,방학동
20260224,11,서울특별시,11320,도봉구,1132010600,방학동,11,서울특별시,11200,성동구,1120011500,성수동2가,11,00,2,3138.0,11,서울특별시,11320,도봉구,1132010600,방학동
20260224,11,서울특별시,11320,도봉구,1132010600,방학동,11,서울특별시,11200,성동구,1120011500,성수동2가,11,45,3,3525.0,11,서울특별시,11320,도봉구,1132010600,방학동
20260224,11,서울특별시,11320,도봉구,1132010700,창동,11,서울특별시,11200,성동구,1120011500,성수동2가,07,00,17,2559.0,11,서울특별시,11320,도봉구,1132010700,창동
20260224,11,서울특별시,11320,도봉구,1132010700,창동,11,서울특별시,11200,성동구,1120011500,성수동2가,07,15,35,2652.0,11,서울특별시,11320,도봉구,1132010700,창동
20260224,11,서울특별시,11320,도봉구,1132010700,창동,11,서울특별시,11200,성동구,1120011500,성수동2가,07,30,43,2598.0,11,서울특별시,11320,도봉구,1132010700,창동
20260224,11,서울특별시,11320,도봉구,1132010700,창동,11,서울특별시,11200,성동구,1120011500,성수동2가,07,45,43,2924.0,11,서울특별시,11320,도봉구,1132010700,창동
20260224,11,서울특별시,11320,도봉구,1132010700,창동,11,서울특별시,11200,성동구,1120011500,성수동2가,08,00,34,2570.0,11,서울특별시,11320,도봉구,1132010700,창동
20260224,11,서울특별시,11320,도봉구,1132010700,창동,11,서울특별시,11200,성동구,1120011500,성수동2가,08,15,9,2581.0,11,서울특별시,11320,도봉구,1132010700,창동
20260224,11,서울특별시,11320,도봉구,1132010700,창동,11,서울특별시,11200,성동구,1120011500,성수동2가,08,30,20,2514.0,11,서울특별시,11320,도봉구,1132010700,창동
20260224,11,서울특별시,11320,도봉구,1132010700,창동,11,서울특별시,11200,성동구,1120011500,성수동2가,08,45,20,2461.0,11,서울특별시,11320,도봉구,1132010700,창동
20260224,11,서울특별시,11320,도봉구,1132010700,창동,11,서울특별시,11200,성동구,1120011500,성수동2가,09,00,15,2348.0,11,서울특별시,11320,도봉구,1132010700,창동
20260224,11,서울특별시,11320,도봉구,1132010700,창동,11,서울특별시,11200,성동구,1120011500,성수동2가,09,15,11,2449.0,11,서울특별시,11320,도봉구,1132010700,창동
20260224,11,서울특별시,11320,도봉구,1132010700,창동,11,서울특별시,11200,성동구,1120011500,성수동2가,09,30,6,2399.0,11,서울특별시,11320,도봉구,1132010700,창동
20260224,11,서울특별시,11320,도봉구,1132010700,창동,11,서울특별시,11200,성동구,1120011500,성수동2가,09,45,5,2556.0,11,서울특별시,11320,도봉구,1132010700,창동
20260224,11,서울특별시,11320,도봉구,1132010700,창동,11,서울특별시,11200,성동구,1120011500,성수동2가,10,00,5,2651.0,11,서울특별시,11320,도봉구,1132010700,창동
20260224,11,서울특별시,11320,도봉구,1132010700,창동,11,서울특별시,11200,성동구,1120011500,성수동2가,10,15,4,2376.0,11,서울특별시,11320,도봉구,1132010700,창동
20260224,11,서울특별시,11320,도봉구,1132010700,창동,11,서울특별시,11200,성동구,1120011500,성수동2가,10,30,5,2391.0,11,서울특별시,11320,도봉구,1132010700,창동
20260224,11,서울특별시,11320,도봉구,1132010700,창동,11,서울특별시,11200,성동구,1120011500,성수동2가,10,45,2,2779.0,11,서울특별시,11320,도봉구,1132010700,창동
20260224,11,서울특별시,11320,도봉구,1132010700,창동,11,서울특별시,11200,성동구,1120011500,성수동2가,11,00,4,2603.0,11,서울특별시,11320,도봉구,1132010700,창동
20260224,11,서울특별시,11320,도봉구,1132010700,창동,11,서울특별시,11200,성동구,1120011500,성수동2가,11,30,5,2474.0,11,서울특별시,11320,도봉구,1132010700,창동
20260224,11,서울특별시,11320,도봉구,1132010700,창동,11,서울특별시,11200,성동구,1120011500,성수동2가,11,45,4,2944.0,11,서울특별시,11320,도봉구,1132010700,창동
20260224,11,서울특별시,11320,도봉구,1132010800,도봉동,11,서울특별시,11200,성동구,1120011500,성수동2가,07,00,9,3020.0,11,서울특별시,11320,도봉구,1132010800,도봉동
20260224,11,서울특별시,11320,도봉구,1132010800,도봉동,11,서울특별시,11200,성동구,1120011500,성수동2가,07,15,15,2811.0,11,서울특별시,11320,도봉구,1132010800,도봉동
20260224,11,서울특별시,11320,도봉구,1132010800,도봉동,11,서울특별시,11200,성동구,1120011500,성수동2가,07,30,13,2949.0,11,서울특별시,11320,도봉구,1132010800,도봉동
20260224,11,서울특별시,11320,도봉구,1132010800,도봉동,11,서울특별시,11200,성동구,1120011500,성수동2가,07,45,32,2858.0,11,서울특별시,11320,도봉구,1132010800,도봉동
20260224,11,서울특별시,11320,도봉구,1132010800,도봉동,11,서울특별시,11200,성동구,1120011500,성수동2가,08,00,14,3040.0,11,서울특별시,11320,도봉구,1132010800,도봉동
20260224,11,서울특별시,11320,도봉구,1132010800,도봉동,11,서울특별시,11200,성동구,1120011500,성수동2가,08,15,10,2740.0,11,서울특별시,11320,도봉구,1132010800,도봉동
20260224,11,서울특별시,11320,도봉구,1132010800,도봉동,11,서울특별시,11200,성동구,1120011500,성수동2가,08,30,9,2673.0,11,서울특별시,11320,도봉구,1132010800,도봉동
20260224,11,서울특별시,11320,도봉구,1132010800,도봉동,11,서울특별시,11200,성동구,1120011500,성수동2가,08,45,9,3270.0,11,서울특별시,11320,도봉구,1132010800,도봉동
20260224,11,서울특별시,11320,도봉구,1132010800,도봉동,11,서울특별시,11200,성동구,1120011500,성수동2가,09,00,6,2828.0,11,서울특별시,11320,도봉구,1132010800,도봉동
20260224,11,서울특별시,11320,도봉구,1132010800,도봉동,11,서울특별시,11200,성동구,1120011500,성수동2가,09,15,4,3193.0,11,서울특별시,11320,도봉구,1132010800,도봉동
20260224,11,서울특별시,11320,도봉구,1132010800,도봉동,11,서울특별시,11200,성동구,1120011500,성수동2가,09,30,5,2830.0,11,서울특별시,11320,도봉구,1132010800,도봉동
20260224,11,서울특별시,11320,도봉구,1132010800,도봉동,11,서울특별시,11200,성동구,1120011500,성수동2가,09,45,2,2447.0,11,서울특별시,11320,도봉구,1132010800,도봉동
20260224,11,서울특별시,11320,도봉구,1132010800,도봉동,11,서울특별시,11200,성동구,1120011500,성수동2가,10,00,4,3071.0,11,서울특별시,11320,도봉구,1132010800,도봉동
20260224,11,서울특별시,11320,도봉구,1132010800,도봉동,11,서울특별시,11200,성동구,1120011500,성수동2가,10,15,5,2948.0,11,서울특별시,11320,도봉구,1132010800,도봉동
20260224,11,서울특별시,11320,도봉구,1132010800,도봉동,11,서울특별시,11200,성동구,1120011500,성수동2가,10,30,3,2758.0,11,서울특별시,11320,도봉구,1132010800,도봉동
20260224,11,서울특별시,11320,도봉구,1132010800,도봉동,11,서울특별시,11200,성동구,1120011500,성수동2가,10,45,1,2967.0,11,서울특별시,11320,도봉구,1132010800,도봉동
20260224,11,서울특별시,11320,도봉구,1132010800,도봉동,11,서울특별시,11200,성동구,1120011500,성수동2가,11,30,2,2793.0,11,서울특별시,11320,도봉구,1132010800,도봉동
20260224,11,서울특별시,11350,노원구,1135010200,월계동,11,서울특별시,11200,성동구,1120011500,성수동2가,07,00,16,2484.0,11,서울특별시,11350,노원구,1135010200,월계동
20260224,11,서울특별시,11350,노원구,1135010200,월계동,11,서울특별시,11200,성동구,1120011500,성수동2가,07,15,17,2766.0,11,서울특별시,11350,노원구,1135010200,월계동
20260224,11,서울특별시,11350,노원구,1135010200,월계동,11,서울특별시,11200,성동구,1120011500,성수동2가,07,30,25,2950.0,11,서울특별시,11350,노원구,1135010200,월계동
20260224,11,서울특별시,11350,노원구,1135010200,월계동,11,서울특별시,11200,성동구,1120011500,성수동2가,07,45,31,2796.0,11,서울특별시,11350,노원구,1135010200,월계동
20260224,11,서울특별시,11350,노원구,1135010200,월계동,11,서울특별시,11200,성동구,1120011500,성수동2가,08,00,17,2635.0,11,서울특별시,11350,노원구,1135010200,월계동
20260224,11,서울특별시,11350,노원구,1135010200,월계동,11,서울특별시,11200,성동구,1120011500,성수동2가,08,15,6,2898.0,11,서울특별시,11350,노원구,1135010200,월계동
20260224,11,서울특별시,11350,노원구,1135010200,월계동,11,서울특별시,11200,성동구,1120011500,성수동2가,08,30,10,2671.0,11,서울특별시,11350,노원구,1135010200,월계동
20260224,11,서울특별시,11350,노원구,1135010200,월계동,11,서울특별시,11200,성동구,1120011500,성수동2가,08,45,14,2761.0,11,서울특별시,11350,노원구,1135010200,월계동
20260224,11,서울특별시,11350,노원구,1135010200,월계동,11,서울특별시,11200,성동구,1120011500,성수동2가,09,00,5,2827.0,11,서울특별시,11350,노원구,1135010200,월계동
20260224,11,서울특별시,11350,노원구,1135010200,월계동,11,서울특별시,11200,성동구,1120011500,성수동2가,09,15,4,2387.0,11,서울특별시,11350,노원구,1135010200,월계동
20260224,11,서울특별시,11350,노원구,1135010200,월계동,11,서울특별시,11200,성동구,1120011500,성수동2가,09,30,4,2262.0,11,서울특별시,11350,노원구,1135010200,월계동
20260224,11,서울특별시,11350,노원구,1135010200,월계동,11,서울특별시,11200,성동구,1120011500,성수동2가,09,45,2,2371.0,11,서울특별시,11350,노원구,1135010200,월계동
20260224,11,서울특별시,11350,노원구,1135010200,월계동,11,서울특별시,11200,성동구,1120011500,성수동2가,10,00,5,2395.0,11,서울특별시,11350,노원구,1135010200,월계동
20260224,11,서울특별시,11350,노원구,1135010200,월계동,11,서울특별시,11200,성동구,1120011500,성수동2가,10,15,4,2719.0,11,서울특별시,11350,노원구,1135010200,월계동
20260224,11,서울특별시,11350,노원구,1135010200,월계동,11,서울특별시,11200,성동구,1120011500,성수동2가,10,30,1,2860.0,11,서울특별시,11350,노원구,1135010200,월계동
20260224,11,서울특별시,11350,노원구,1135010200,월계동,11,서울특별시,11200,성동구,1120011500,성수동2가,10,45,2,2343.0,11,서울특별시,11350,노원구,1135010200,월계동
20260224,11,서울특별시,11350,노원구,1135010200,월계동,11,서울특별시,11200,성동구,1120011500,성수동2가,11,15,1,2855.0,11,서울특별시,11350,노원구,1135010200,월계동
20260224,11,서울특별시,11350,노원구,1135010200,월계동,11,서울특별시,11200,성동구,1120011500,성수동2가,11,30,2,2543.0,11,서울특별시,11350,노원구,1135010200,월계동
20260224,11,서울특별시,11350,노원구,1135010200,월계동,11,서울특별시,11200,성동구,1120011500,성수동2가,11,45,1,2473.0,11,서울특별시,11350,노원구,1135010200,월계동
20260224,11,서울특별시,11350,노원구,1135010300,공릉동,11,서울특별시,11200,성동구,1120011500,성수동2가,07,00,8,2119.0,11,서울특별시,11350,노원구,1135010300,공릉동
20260224,11,서울특별시,11350,노원구,1135010300,공릉동,11,서울특별시,11200,성동구,1120011500,성수동2가,07,15,10,2499.0,11,서울특별시,11350,노원구,1135010300,공릉동
20260224,11,서울특별시,11350,노원구,1135010300,공릉동,11,서울특별시,11200,성동구,1120011500,성수동2가,07,30,25,2203.0,11,서울특별시,11350,노원구,1135010300,공릉동
20260224,11,서울특별시,11350,노원구,1135010300,공릉동,11,서울특별시,11200,성동구,1120011500,성수동2가,07,45,29,2150.0,11,서울특별시,11350,노원구,1135010300,공릉동
20260224,11,서울특별시,11350,노원구,1135010300,공릉동,11,서울특별시,11200,성동구,1120011500,성수동2가,08,00,41,2045.0,11,서울특별시,11350,노원구,1135010300,공릉동
20260224,11,서울특별시,11350,노원구,1135010300,공릉동,11,서울특별시,11200,성동구,1120011500,성수동2가,08,15,33,1981.0,11,서울특별시,11350,노원구,1135010300,공릉동
20260224,11,서울특별시,11350,노원구,1135010300,공릉동,11,서울특별시,11200,성동구,1120011500,성수동2가,08,30,24,2021.0,11,서울특별시,11350,노원구,1135010300,공릉동
20260224,11,서울특별시,11350,노원구,1135010300,공릉동,11,서울특별시,11200,성동구,1120011500,성수동2가,08,45,18,2057.0,11,서울특별시,11350,노원구,1135010300,공릉동
20260224,11,서울특별시,11350,노원구,1135010300,공릉동,11,서울특별시,11200,성동구,1120011500,성수동2가,09,00,20,2029.0,11,서울특별시,11350,노원구,1135010300,공릉동
20260224,11,서울특별시,11350,노원구,1135010300,공릉동,11,서울특별시,11200,성동구,1120011500,성수동2가,09,15,11,1795.0,11,서울특별시,11350,노원구,1135010300,공릉동
20260224,11,서울특별시,11350,노원구,1135010300,공릉동,11,서울특별시,11200,성동구,1120011500,성수동2가,09,30,6,2245.0,11,서울특별시,11350,노원구,1135010300,공릉동
20260224,11,서울특별시,11350,노원구,1135010300,공릉동,11,서울특별시,11200,성동구,1120011500,성수동2가,09,45,9,2168.0,11,서울특별시,11350,노원구,1135010300,공릉동
20260224,11,서울특별시,11350,노원구,1135010300,공릉동,11,서울특별시,11200,성동구,1120011500,성수동2가,10,00,13,2031.0,11,서울특별시,11350,노원구,1135010300,공릉동
20260224,11,서울특별시,11350,노원구,1135010300,공릉동,11,서울특별시,11200,성동구,1120011500,성수동2가,10,15,10,2048.0,11,서울특별시,11350,노원구,1135010300,공릉동
20260224,11,서울특별시,11350,노원구,1135010300,공릉동,11,서울특별시,11200,성동구,1120011500,성수동2가,10,30,2,1975.0,11,서울특별시,11350,노원구,1135010300,공릉동
20260224,11,서울특별시,11350,노원구,1135010300,공릉동,11,서울특별시,11200,성동구,1120011500,성수동2가,10,45,3,2155.0,11,서울특별시,11350,노원구,1135010300,공릉동
20260224,11,서울특별시,11350,노원구,1135010300,공릉동,11,서울특별시,11200,성동구,1120011500,성수동2가,11,00,2,3148.0,11,서울특별시,11350,노원구,1135010300,공릉동
20260224,11,서울특별시,11350,노원구,1135010300,공릉동,11,서울특별시,11200,성동구,1120011500,성수동2가,11,15,4,1977.0,11,서울특별시,11350,노원구,1135010300,공릉동
20260224,11,서울특별시,11350,노원구,1135010300,공릉동,11,서울특별시,11200,성동구,1120011500,성수동2가,11,30,6,2231.0,11,서울특별시,11350,노원구,1135010300,공릉동
20260224,11,서울특별시,11350,노원구,1135010300,공릉동,11,서울특별시,11200,성동구,1120011500,성수동2가,11,45,7,2777.0,11,서울특별시,11350,노원구,1135010300,공릉동
20260224,11,서울특별시,11350,노원구,1135010400,하계동,11,서울특별시,11200,성동구,1120011500,성수동2가,07,00,5,2427.0,11,서울특별시,11350,노원구,1135010400,하계동
20260224,11,서울특별시,11350,노원구,1135010400,하계동,11,서울특별시,11200,성동구,1120011500,성수동2가,07,15,12,2240.0,11,서울특별시,11350,노원구,1135010400,하계동
20260224,11,서울특별시,11350,노원구,1135010400,하계동,11,서울특별시,11200,성동구,1120011500,성수동2가,07,30,15,2130.0,11,서울특별시,11350,노원구,1135010400,하계동
20260224,11,서울특별시,11350,노원구,1135010400,하계동,11,서울특별시,11200,성동구,1120011500,성수동2가,07,45,13,2181.0,11,서울특별시,11350,노원구,1135010400,하계동
20260224,11,서울특별시,11350,노원구,1135010400,하계동,11,서울특별시,11200,성동구,1120011500,성수동2가,08,00,25,2029.0,11,서울특별시,11350,노원구,1135010400,하계동
20260224,11,서울특별시,11350,노원구,1135010400,하계동,11,서울특별시,11200,성동구,1120011500,성수동2가,08,15,15,1980.0,11,서울특별시,11350,노원구,1135010400,하계동
20260224,11,서울특별시,11350,노원구,1135010400,하계동,11,서울특별시,11200,성동구,1120011500,성수동2가,08,30,7,1982.0,11,서울특별시,11350,노원구,1135010400,하계동
20260224,11,서울특별시,11350,노원구,1135010400,하계동,11,서울특별시,11200,성동구,1120011500,성수동2가,08,45,14,1974.0,11,서울특별시,11350,노원구,1135010400,하계동
20260224,11,서울특별시,11350,노원구,1135010400,하계동,11,서울특별시,11200,성동구,1120011500,성수동2가,09,00,10,2133.0,11,서울특별시,11350,노원구,1135010400,하계동
20260224,11,서울특별시,11350,노원구,1135010400,하계동,11,서울특별시,11200,성동구,1120011500,성수동2가,09,15,3,1913.0,11,서울특별시,11350,노원구,1135010400,하계동
20260224,11,서울특별시,11350,노원구,1135010400,하계동,11,서울특별시,11200,성동구,1120011500,성수동2가,09,30,8,2361.0,11,서울특별시,11350,노원구,1135010400,하계동
20260224,11,서울특별시,11350,노원구,1135010400,하계동,11,서울특별시,11200,성동구,1120011500,성수동2가,09,45,4,2436.0,11,서울특별시,11350,노원구,1135010400,하계동
20260224,11,서울특별시,11350,노원구,1135010400,하계동,11,서울특별시,11200,성동구,1120011500,성수동2가,10,00,1,1923.0,11,서울특별시,11350,노원구,1135010400,하계동
20260224,11,서울특별시,11350,노원구,1135010400,하계동,11,서울특별시,11200,성동구,1120011500,성수동2가,10,15,3,2035.0,11,서울특별시,11350,노원구,1135010400,하계동
20260224,11,서울특별시,11350,노원구,1135010400,하계동,11,서울특별시,11200,성동구,1120011500,성수동2가,10,30,4,2055.0,11,서울특별시,11350,노원구,1135010400,하계동
20260224,11,서울특별시,11350,노원구,1135010400,하계동,11,서울특별시,11200,성동구,1120011500,성수동2가,10,45,1,2061.0,11,서울특별시,11350,노원구,1135010400,하계동
20260224,11,서울특별시,11350,노원구,1135010400,하계동,11,서울특별시,11200,성동구,1120011500,성수동2가,11,00,4,2248.0,11,서울특별시,11350,노원구,1135010400,하계동
20260224,11,서울특별시,11350,노원구,1135010400,하계동,11,서울특별시,11200,성동구,1120011500,성수동2가,11,15,5,2079.0,11,서울특별시,11350,노원구,1135010400,하계동
20260224,11,서울특별시,11350,노원구,1135010400,하계동,11,서울특별시,11200,성동구,1120011500,성수동2가,11,30,3,2215.0,11,서울특별시,11350,노원구,1135010400,하계동
20260224,11,서울특별시,11350,노원구,1135010400,하계동,11,서울특별시,11200,성동구,1120011500,성수동2가,11,45,1,2449.0,11,서울특별시,11350,노원구,1135010400,하계동
20260224,11,서울특별시,11350,노원구,1135010500,상계동,11,서울특별시,11200,성동구,1120011500,성수동2가,07,00,29,2715.0,11,서울특별시,11350,노원구,1135010500,상계동
20260224,11,서울특별시,11350,노원구,1135010500,상계동,11,서울특별시,11200,성동구,1120011500,성수동2가,07,15,35,2787.0,11,서울특별시,11350,노원구,1135010500,상계동
20260224,11,서울특별시,11350,노원구,1135010500,상계동,11,서울특별시,11200,성동구,1120011500,성수동2가,07,30,57,2713.0,11,서울특별시,11350,노원구,1135010500,상계동
20260224,11,서울특별시,11350,노원구,1135010500,상계동,11,서울특별시,11200,성동구,1120011500,성수동2가,07,45,69,2695.0,11,서울특별시,11350,노원구,1135010500,상계동
20260224,11,서울특별시,11350,노원구,1135010500,상계동,11,서울특별시,11200,성동구,1120011500,성수동2가,08,00,66,2482.0,11,서울특별시,11350,노원구,1135010500,상계동
20260224,11,서울특별시,11350,노원구,1135010500,상계동,11,서울특별시,11200,성동구,1120011500,성수동2가,08,15,50,2559.0,11,서울특별시,11350,노원구,1135010500,상계동
20260224,11,서울특별시,11350,노원구,1135010500,상계동,11,서울특별시,11200,성동구,1120011500,성수동2가,08,30,26,2571.0,11,서울특별시,11350,노원구,1135010500,상계동
20260224,11,서울특별시,11350,노원구,1135010500,상계동,11,서울특별시,11200,성동구,1120011500,성수동2가,08,45,31,2457.0,11,서울특별시,11350,노원구,1135010500,상계동
20260224,11,서울특별시,11350,노원구,1135010500,상계동,11,서울특별시,11200,성동구,1120011500,성수동2가,09,00,26,2494.0,11,서울특별시,11350,노원구,1135010500,상계동
20260224,11,서울특별시,11350,노원구,1135010500,상계동,11,서울특별시,11200,성동구,1120011500,성수동2가,09,15,12,2530.0,11,서울특별시,11350,노원구,1135010500,상계동
20260224,11,서울특별시,11350,노원구,1135010500,상계동,11,서울특별시,11200,성동구,1120011500,성수동2가,09,30,9,2571.0,11,서울특별시,11350,노원구,1135010500,상계동
20260224,11,서울특별시,11350,노원구,1135010500,상계동,11,서울특별시,11200,성동구,1120011500,성수동2가,09,45,12,2745.0,11,서울특별시,11350,노원구,1135010500,상계동
20260224,11,서울특별시,11350,노원구,1135010500,상계동,11,서울특별시,11200,성동구,1120011500,성수동2가,10,00,12,2648.0,11,서울특별시,11350,노원구,1135010500,상계동
20260224,11,서울특별시,11350,노원구,1135010500,상계동,11,서울특별시,11200,성동구,1120011500,성수동2가,10,15,12,2472.0,11,서울특별시,11350,노원구,1135010500,상계동
20260224,11,서울특별시,11350,노원구,1135010500,상계동,11,서울특별시,11200,성동구,1120011500,성수동2가,10,30,2,2238.0,11,서울특별시,11350,노원구,1135010500,상계동
20260224,11,서울특별시,11350,노원구,1135010500,상계동,11,서울특별시,11200,성동구,1120011500,성수동2가,10,45,3,2571.0,11,서울특별시,11350,노원구,1135010500,상계동
20260224,11,서울특별시,11350,노원구,1135010500,상계동,11,서울특별시,11200,성동구,1120011500,성수동2가,11,00,6,2457.0,11,서울특별시,11350,노원구,1135010500,상계동
20260224,11,서울특별시,11350,노원구,1135010500,상계동,11,서울특별시,11200,성동구,1120011500,성수동2가,11,15,2,2858.0,11,서울특별시,11350,노원구,1135010500,상계동
20260224,11,서울특별시,11350,노원구,1135010500,상계동,11,서울특별시,11200,성동구,1120011500,성수동2가,11,30,6,2572.0,11,서울특별시,11350,노원구,1135010500,상계동
20260224,11,서울특별시,11350,노원구,1135010500,상계동,11,서울특별시,11200,성동구,1120011500,성수동2가,11,45,17,2731.0,11,서울특별시,11350,노원구,1135010500,상계동
20260224,11,서울특별시,11350,노원구,1135010600,중계동,11,서울특별시,11200,성동구,1120011500,성수동2가,07,00,4,2521.0,11,서울특별시,11350,노원구,1135010600,중계동
20260224,11,서울특별시,11350,노원구,1135010600,중계동,11,서울특별시,11200,성동구,1120011500,성수동2가,07,15,6,2485.0,11,서울특별시,11350,노원구,1135010600,중계동
20260224,11,서울특별시,11350,노원구,1135010600,중계동,11,서울특별시,11200,성동구,1120011500,성수동2가,07,30,19,2390.0,11,서울특별시,11350,노원구,1135010600,중계동
20260224,11,서울특별시,11350,노원구,1135010600,중계동,11,서울특별시,11200,성동구,1120011500,성수동2가,07,45,24,2315.0,11,서울특별시,11350,노원구,1135010600,중계동
20260224,11,서울특별시,11350,노원구,1135010600,중계동,11,서울특별시,11200,성동구,1120011500,성수동2가,08,00,33,2227.0,11,서울특별시,11350,노원구,1135010600,중계동
20260224,11,서울특별시,11350,노원구,1135010600,중계동,11,서울특별시,11200,성동구,1120011500,성수동2가,08,15,12,2173.0,11,서울특별시,11350,노원구,1135010600,중계동
20260224,11,서울특별시,11350,노원구,1135010600,중계동,11,서울특별시,11200,성동구,1120011500,성수동2가,08,30,8,2341.0,11,서울특별시,11350,노원구,1135010600,중계동
20260224,11,서울특별시,11350,노원구,1135010600,중계동,11,서울특별시,11200,성동구,1120011500,성수동2가,08,45,9,2205.0,11,서울특별시,11350,노원구,1135010600,중계동
20260224,11,서울특별시,11350,노원구,1135010600,중계동,11,서울특별시,11200,성동구,1120011500,성수동2가,09,00,7,2379.0,11,서울특별시,11350,노원구,1135010600,중계동
20260224,11,서울특별시,11350,노원구,1135010600,중계동,11,서울특별시,11200,성동구,1120011500,성수동2가,09,15,4,2457.0,11,서울특별시,11350,노원구,1135010600,중계동
20260224,11,서울특별시,11350,노원구,1135010600,중계동,11,서울특별시,11200,성동구,1120011500,성수동2가,09,30,2,2460.0,11,서울특별시,11350,노원구,1135010600,중계동
20260224,11,서울특별시,11350,노원구,1135010600,중계동,11,서울특별시,11200,성동구,1120011500,성수동2가,09,45,1,2108.0,11,서울특별시,11350,노원구,1135010600,중계동
20260224,11,서울특별시,11350,노원구,1135010600,중계동,11,서울특별시,11200,성동구,1120011500,성수동2가,10,00,5,2418.0,11,서울특별시,11350,노원구,1135010600,중계동
20260224,11,서울특별시,11350,노원구,1135010600,중계동,11,서울특별시,11200,성동구,1120011500,성수동2가,10,15,3,2206.0,11,서울특별시,11350,노원구,1135010600,중계동
20260224,11,서울특별시,11350,노원구,1135010600,중계동,11,서울특별시,11200,성동구,1120011500,성수동2가,10,30,7,2345.0,11,서울특별시,11350,노원구,1135010600,중계동
20260224,11,서울특별시,11350,노원구,1135010600,중계동,11,서울특별시,11200,성동구,1120011500,성수동2가,10,45,3,2693.0,11,서울특별시,11350,노원구,1135010600,중계동
20260224,11,서울특별시,11350,노원구,1135010600,중계동,11,서울특별시,11200,성동구,1120011500,성수동2가,11,30,4,2839.0,11,서울특별시,11350,노원구,1135010600,중계동
20260224,11,서울특별시,11350,노원구,1135010600,중계동,11,서울특별시,11200,성동구,1120011500,성수동2가,11,45,3,1956.0,11,서울특별시,11350,노원구,1135010600,중계동
20260224,11,서울특별시,11380,은평구,1138010100,수색동,11,서울특별시,11200,성동구,1120011500,성수동2가,07,00,1,3219.0,11,서울특별시,11380,은평구,1138010100,수색동
20260224,11,서울특별시,11380,은평구,1138010100,수색동,11,서울특별시,11200,성동구,1120011500,성수동2가,07,15,2,3119.0,11,서울특별시,11380,은평구,1138010100,수색동
20260224,11,서울특별시,11380,은평구,1138010100,수색동,11,서울특별시,11200,성동구,1120011500,성수동2가,07,30,5,3157.0,11,서울특별시,11380,은평구,1138010100,수색동
20260224,11,서울특별시,11380,은평구,1138010100,수색동,11,서울특별시,11200,성동구,1120011500,성수동2가,07,45,4,3119.0,11,서울특별시,11380,은평구,1138010100,수색동
20260224,11,서울특별시,11380,은평구,1138010100,수색동,11,서울특별시,11200,성동구,1120011500,성수동2가,08,00,2,3389.0,11,서울특별시,11380,은평구,1138010100,수색동
20260224,11,서울특별시,11380,은평구,1138010100,수색동,11,서울특별시,11200,성동구,1120011500,성수동2가,08,15,2,3291.0,11,서울특별시,11380,은평구,1138010100,수색동
20260224,11,서울특별시,11380,은평구,1138010100,수색동,11,서울특별시,11200,성동구,1120011500,성수동2가,08,30,1,3231.0,11,서울특별시,11380,은평구,1138010100,수색동
20260224,11,서울특별시,11380,은평구,1138010100,수색동,11,서울특별시,11200,성동구,1120011500,성수동2가,09,00,2,3009.0,11,서울특별시,11380,은평구,1138010100,수색동
20260224,11,서울특별시,11380,은평구,1138010100,수색동,11,서울특별시,11200,성동구,1120011500,성수동2가,09,15,3,3199.0,11,서울특별시,11380,은평구,1138010100,수색동
20260224,11,서울특별시,11380,은평구,1138010100,수색동,11,서울특별시,11200,성동구,1120011500,성수동2가,09,30,1,3052.0,11,서울특별시,11380,은평구,1138010100,수색동
20260224,11,서울특별시,11380,은평구,1138010100,수색동,11,서울특별시,11200,성동구,1120011500,성수동2가,09,45,2,3053.0,11,서울특별시,11380,은평구,1138010100,수색동
20260224,11,서울특별시,11380,은평구,1138010100,수색동,11,서울특별시,11200,성동구,1120011500,성수동2가,10,00,1,2609.0,11,서울특별시,11380,은평구,1138010100,수색동
20260224,11,서울특별시,11380,은평구,1138010100,수색동,11,서울특별시,11200,성동구,1120011500,성수동2가,11,00,1,3056.0,11,서울특별시,11380,은평구,1138010100,수색동
20260224,11,서울특별시,11380,은평구,1138010100,수색동,11,서울특별시,11200,성동구,1120011500,성수동2가,11,15,1,3085.0,11,서울특별시,11380,은평구,1138010100,수색동
20260224,11,서울특별시,11380,은평구,1138010200,녹번동,11,서울특별시,11200,성동구,1120011500,성수동2가,07,00,6,2475.0,11,서울특별시,11380,은평구,1138010200,녹번동
20260224,11,서울특별시,11380,은평구,1138010200,녹번동,11,서울특별시,11200,성동구,1120011500,성수동2가,07,15,5,3066.0,11,서울특별시,11380,은평구,1138010200,녹번동
20260224,11,서울특별시,11380,은평구,1138010200,녹번동,11,서울특별시,11200,성동구,1120011500,성수동2가,07,30,6,2464.0,11,서울특별시,11380,은평구,1138010200,녹번동
20260224,11,서울특별시,11380,은평구,1138010200,녹번동,11,서울특별시,11200,성동구,1120011500,성수동2가,07,45,21,2666.0,11,서울특별시,11380,은평구,1138010200,녹번동
20260224,11,서울특별시,11380,은평구,1138010200,녹번동,11,서울특별시,11200,성동구,1120011500,성수동2가,08,00,11,2367.0,11,서울특별시,11380,은평구,1138010200,녹번동
20260224,11,서울특별시,11380,은평구,1138010200,녹번동,11,서울특별시,11200,성동구,1120011500,성수동2가,08,15,7,2481.0,11,서울특별시,11380,은평구,1138010200,녹번동
20260224,11,서울특별시,11380,은평구,1138010200,녹번동,11,서울특별시,11200,성동구,1120011500,성수동2가,08,30,5,2305.0,11,서울특별시,11380,은평구,1138010200,녹번동
20260224,11,서울특별시,11380,은평구,1138010200,녹번동,11,서울특별시,11200,성동구,1120011500,성수동2가,08,45,2,2017.0,11,서울특별시,11380,은평구,1138010200,녹번동
20260224,11,서울특별시,11380,은평구,1138010200,녹번동,11,서울특별시,11200,성동구,1120011500,성수동2가,09,00,8,2335.0,11,서울특별시,11380,은평구,1138010200,녹번동
20260224,11,서울특별시,11380,은평구,1138010200,녹번동,11,서울특별시,11200,성동구,1120011500,성수동2가,09,15,5,2339.0,11,서울특별시,11380,은평구,1138010200,녹번동
20260224,11,서울특별시,11380,은평구,1138010200,녹번동,11,서울특별시,11200,성동구,1120011500,성수동2가,09,30,2,2156.0,11,서울특별시,11380,은평구,1138010200,녹번동
20260224,11,서울특별시,11380,은평구,1138010200,녹번동,11,서울특별시,11200,성동구,1120011500,성수동2가,10,00,4,2796.0,11,서울특별시,11380,은평구,1138010200,녹번동
20260224,11,서울특별시,11380,은평구,1138010200,녹번동,11,서울특별시,11200,성동구,1120011500,성수동2가,10,15,1,2112.0,11,서울특별시,11380,은평구,1138010200,녹번동
20260224,11,서울특별시,11380,은평구,1138010200,녹번동,11,서울특별시,11200,성동구,1120011500,성수동2가,10,30,3,2626.0,11,서울특별시,11380,은평구,1138010200,녹번동
20260224,11,서울특별시,11380,은평구,1138010200,녹번동,11,서울특별시,11200,성동구,1120011500,성수동2가,10,45,1,2975.0,11,서울특별시,11380,은평구,1138010200,녹번동
20260224,11,서울특별시,11380,은평구,1138010200,녹번동,11,서울특별시,11200,성동구,1120011500,성수동2가,11,00,3,2776.0,11,서울특별시,11380,은평구,1138010200,녹번동
20260224,11,서울특별시,11380,은평구,1138010200,녹번동,11,서울특별시,11200,성동구,1120011500,성수동2가,11,15,1,2286.0,11,서울특별시,11380,은평구,1138010200,녹번동
20260224,11,서울특별시,11380,은평구,1138010200,녹번동,11,서울특별시,11200,성동구,1120011500,성수동2가,11,45,1,3489.0,11,서울특별시,11380,은평구,1138010200,녹번동
20260224,11,서울특별시,11380,은평구,1138010300,불광동,11,서울특별시,11200,성동구,1120011500,성수동2가,07,00,5,2877.0,11,서울특별시,11380,은평구,1138010300,불광동
20260224,11,서울특별시,11380,은평구,1138010300,불광동,11,서울특별시,11200,성동구,1120011500,성수동2가,07,15,13,2944.0,11,서울특별시,11380,은평구,1138010300,불광동
20260224,11,서울특별시,11380,은평구,1138010300,불광동,11,서울특별시,11200,성동구,1120011500,성수동2가,07,30,13,2549.0,11,서울특별시,11380,은평구,1138010300,불광동
20260224,11,서울특별시,11380,은평구,1138010300,불광동,11,서울특별시,11200,성동구,1120011500,성수동2가,07,45,26,2730.0,11,서울특별시,11380,은평구,1138010300,불광동
20260224,11,서울특별시,11380,은평구,1138010300,불광동,11,서울특별시,11200,성동구,1120011500,성수동2가,08,00,21,2607.0,11,서울특별시,11380,은평구,1138010300,불광동
20260224,11,서울특별시,11380,은평구,1138010300,불광동,11,서울특별시,11200,성동구,1120011500,성수동2가,08,15,6,2570.0,11,서울특별시,11380,은평구,1138010300,불광동
20260224,11,서울특별시,11380,은평구,1138010300,불광동,11,서울특별시,11200,성동구,1120011500,성수동2가,08,30,13,2568.0,11,서울특별시,11380,은평구,1138010300,불광동
20260224,11,서울특별시,11380,은평구,1138010300,불광동,11,서울특별시,11200,성동구,1120011500,성수동2가,08,45,15,2771.0,11,서울특별시,11380,은평구,1138010300,불광동
20260224,11,서울특별시,11380,은평구,1138010300,불광동,11,서울특별시,11200,성동구,1120011500,성수동2가,09,00,14,2551.0,11,서울특별시,11380,은평구,1138010300,불광동
20260224,11,서울특별시,11380,은평구,1138010300,불광동,11,서울특별시,11200,성동구,1120011500,성수동2가,09,15,6,2561.0,11,서울특별시,11380,은평구,1138010300,불광동
20260224,11,서울특별시,11380,은평구,1138010300,불광동,11,서울특별시,11200,성동구,1120011500,성수동2가,09,30,4,2427.0,11,서울특별시,11380,은평구,1138010300,불광동
20260224,11,서울특별시,11380,은평구,1138010300,불광동,11,서울특별시,11200,성동구,1120011500,성수동2가,09,45,4,2600.0,11,서울특별시,11380,은평구,1138010300,불광동
20260224,11,서울특별시,11380,은평구,1138010300,불광동,11,서울특별시,11200,성동구,1120011500,성수동2가,10,00,5,2507.0,11,서울특별시,11380,은평구,1138010300,불광동
20260224,11,서울특별시,11380,은평구,1138010300,불광동,11,서울특별시,11200,성동구,1120011500,성수동2가,10,15,2,2594.0,11,서울특별시,11380,은평구,1138010300,불광동
20260224,11,서울특별시,11380,은평구,1138010300,불광동,11,서울특별시,11200,성동구,1120011500,성수동2가,10,30,6,2845.0,11,서울특별시,11380,은평구,1138010300,불광동
20260224,11,서울특별시,11380,은평구,1138010300,불광동,11,서울특별시,11200,성동구,1120011500,성수동2가,10,45,1,3137.0,11,서울특별시,11380,은평구,1138010300,불광동
20260224,11,서울특별시,11380,은평구,1138010300,불광동,11,서울특별시,11200,성동구,1120011500,성수동2가,11,00,1,2867.0,11,서울특별시,11380,은평구,1138010300,불광동
20260224,11,서울특별시,11380,은평구,1138010300,불광동,11,서울특별시,11200,성동구,1120011500,성수동2가,11,30,1,2477.0,11,서울특별시,11380,은평구,1138010300,불광동
20260224,11,서울특별시,11380,은평구,1138010300,불광동,11,서울특별시,11200,성동구,1120011500,성수동2가,11,45,2,2475.0,11,서울특별시,11380,은평구,1138010300,불광동
20260224,11,서울특별시,11380,은평구,1138010400,갈현동,11,서울특별시,11200,성동구,1120011500,성수동2가,07,15,2,2991.0,11,서울특별시,11380,은평구,1138010400,갈현동
20260224,11,서울특별시,11380,은평구,1138010400,갈현동,11,서울특별시,11200,성동구,1120011500,성수동2가,07,30,1,2710.0,11,서울특별시,11380,은평구,1138010400,갈현동
20260224,11,서울특별시,11380,은평구,1138010400,갈현동,11,서울특별시,11200,성동구,1120011500,성수동2가,07,45,6,2836.0,11,서울특별시,11380,은평구,1138010400,갈현동
20260224,11,서울특별시,11380,은평구,1138010400,갈현동,11,서울특별시,11200,성동구,1120011500,성수동2가,08,00,4,2831.0,11,서울특별시,11380,은평구,1138010400,갈현동
20260224,11,서울특별시,11380,은평구,1138010400,갈현동,11,서울특별시,11200,성동구,1120011500,성수동2가,08,15,2,2558.0,11,서울특별시,11380,은평구,1138010400,갈현동
20260224,11,서울특별시,11380,은평구,1138010400,갈현동,11,서울특별시,11200,성동구,1120011500,성수동2가,09,00,4,2686.0,11,서울특별시,11380,은평구,1138010400,갈현동
20260224,11,서울특별시,11380,은평구,1138010400,갈현동,11,서울특별시,11200,성동구,1120011500,성수동2가,09,30,1,2430.0,11,서울특별시,11380,은평구,1138010400,갈현동
20260224,11,서울특별시,11380,은평구,1138010400,갈현동,11,서울특별시,11200,성동구,1120011500,성수동2가,10,30,1,3110.0,11,서울특별시,11380,은평구,1138010400,갈현동
20260224,11,서울특별시,11380,은평구,1138010400,갈현동,11,서울특별시,11200,성동구,1120011500,성수동2가,11,45,1,2738.0,11,서울특별시,11380,은평구,1138010400,갈현동
20260224,11,서울특별시,11380,은평구,1138010500,구산동,11,서울특별시,11200,성동구,1120011500,성수동2가,07,00,5,3412.0,11,서울특별시,11380,은평구,1138010500,구산동
20260224,11,서울특별시,11380,은평구,1138010500,구산동,11,서울특별시,11200,성동구,1120011500,성수동2가,07,15,5,3343.0,11,서울특별시,11380,은평구,1138010500,구산동
20260224,11,서울특별시,11380,은평구,1138010500,구산동,11,서울특별시,11200,성동구,1120011500,성수동2가,07,30,10,3425.0,11,서울특별시,11380,은평구,1138010500,구산동
20260224,11,서울특별시,11380,은평구,1138010500,구산동,11,서울특별시,11200,성동구,1120011500,성수동2가,07,45,7,3320.0,11,서울특별시,11380,은평구,1138010500,구산동
20260224,11,서울특별시,11380,은평구,1138010500,구산동,11,서울특별시,11200,성동구,1120011500,성수동2가,08,00,4,3231.0,11,서울특별시,11380,은평구,1138010500,구산동
20260224,11,서울특별시,11380,은평구,1138010500,구산동,11,서울특별시,11200,성동구,1120011500,성수동2가,08,15,6,3515.0,11,서울특별시,11380,은평구,1138010500,구산동
20260224,11,서울특별시,11380,은평구,1138010500,구산동,11,서울특별시,11200,성동구,1120011500,성수동2가,08,30,2,3364.0,11,서울특별시,11380,은평구,1138010500,구산동
20260224,11,서울특별시,11380,은평구,1138010500,구산동,11,서울특별시,11200,성동구,1120011500,성수동2가,08,45,2,3322.0,11,서울특별시,11380,은평구,1138010500,구산동
20260224,11,서울특별시,11380,은평구,1138010500,구산동,11,서울특별시,11200,성동구,1120011500,성수동2가,09,00,1,3418.0,11,서울특별시,11380,은평구,1138010500,구산동
20260224,11,서울특별시,11380,은평구,1138010500,구산동,11,서울특별시,11200,성동구,1120011500,성수동2가,09,15,3,3501.0,11,서울특별시,11380,은평구,1138010500,구산동
20260224,11,서울특별시,11380,은평구,1138010500,구산동,11,서울특별시,11200,성동구,1120011500,성수동2가,09,30,3,3241.0,11,서울특별시,11380,은평구,1138010500,구산동
20260224,11,서울특별시,11380,은평구,1138010500,구산동,11,서울특별시,11200,성동구,1120011500,성수동2가,09,45,1,3448.0,11,서울특별시,11380,은평구,1138010500,구산동
20260224,11,서울특별시,11380,은평구,1138010500,구산동,11,서울특별시,11200,성동구,1120011500,성수동2가,10,00,1,3695.0,11,서울특별시,11380,은평구,1138010500,구산동
20260224,11,서울특별시,11380,은평구,1138010500,구산동,11,서울특별시,11200,성동구,1120011500,성수동2가,10,45,3,3243.0,11,서울특별시,11380,은평구,1138010500,구산동
20260224,11,서울특별시,11380,은평구,1138010500,구산동,11,서울특별시,11200,성동구,1120011500,성수동2가,11,00,1,3157.0,11,서울특별시,11380,은평구,1138010500,구산동
20260224,11,서울특별시,11380,은평구,1138010500,구산동,11,서울특별시,11200,성동구,1120011500,성수동2가,11,15,1,3323.0,11,서울특별시,11380,은평구,1138010500,구산동
20260224,11,서울특별시,11380,은평구,1138010500,구산동,11,서울특별시,11200,성동구,1120011500,성수동2가,11,30,1,2596.0,11,서울특별시,11380,은평구,1138010500,구산동
20260224,11,서울특별시,11380,은평구,1138010600,대조동,11,서울특별시,11200,성동구,1120011500,성수동2가,07,00,9,2525.0,11,서울특별시,11380,은평구,1138010600,대조동
20260224,11,서울특별시,11380,은평구,1138010600,대조동,11,서울특별시,11200,성동구,1120011500,성수동2가,07,15,3,2404.0,11,서울특별시,11380,은평구,1138010600,대조동
20260224,11,서울특별시,11380,은평구,1138010600,대조동,11,서울특별시,11200,성동구,1120011500,성수동2가,07,30,11,2483.0,11,서울특별시,11380,은평구,1138010600,대조동
20260224,11,서울특별시,11380,은평구,1138010600,대조동,11,서울특별시,11200,성동구,1120011500,성수동2가,07,45,18,2442.0,11,서울특별시,11380,은평구,1138010600,대조동
20260224,11,서울특별시,11380,은평구,1138010600,대조동,11,서울특별시,11200,성동구,1120011500,성수동2가,08,00,12,2509.0,11,서울특별시,11380,은평구,1138010600,대조동
20260224,11,서울특별시,11380,은평구,1138010600,대조동,11,서울특별시,11200,성동구,1120011500,성수동2가,08,15,2,2445.0,11,서울특별시,11380,은평구,1138010600,대조동
20260224,11,서울특별시,11380,은평구,1138010600,대조동,11,서울특별시,11200,성동구,1120011500,성수동2가,08,30,6,2298.0,11,서울특별시,11380,은평구,1138010600,대조동
20260224,11,서울특별시,11380,은평구,1138010600,대조동,11,서울특별시,11200,성동구,1120011500,성수동2가,08,45,4,2360.0,11,서울특별시,11380,은평구,1138010600,대조동
20260224,11,서울특별시,11380,은평구,1138010600,대조동,11,서울특별시,11200,성동구,1120011500,성수동2가,09,00,10,2406.0,11,서울특별시,11380,은평구,1138010600,대조동
20260224,11,서울특별시,11380,은평구,1138010600,대조동,11,서울특별시,11200,성동구,1120011500,성수동2가,09,15,2,2199.0,11,서울특별시,11380,은평구,1138010600,대조동
20260224,11,서울특별시,11380,은평구,1138010600,대조동,11,서울특별시,11200,성동구,1120011500,성수동2가,09,30,3,2281.0,11,서울특별시,11380,은평구,1138010600,대조동
20260224,11,서울특별시,11380,은평구,1138010600,대조동,11,서울특별시,11200,성동구,1120011500,성수동2가,09,45,3,2620.0,11,서울특별시,11380,은평구,1138010600,대조동
20260224,11,서울특별시,11380,은평구,1138010600,대조동,11,서울특별시,11200,성동구,1120011500,성수동2가,10,00,3,2423.0,11,서울특별시,11380,은평구,1138010600,대조동
20260224,11,서울특별시,11380,은평구,1138010600,대조동,11,서울특별시,11200,성동구,1120011500,성수동2가,10,30,1,2237.0,11,서울특별시,11380,은평구,1138010600,대조동
20260224,11,서울특별시,11380,은평구,1138010700,응암동,11,서울특별시,11200,성동구,1120011500,성수동2가,07,00,6,3029.0,11,서울특별시,11380,은평구,1138010700,응암동
20260224,11,서울특별시,11380,은평구,1138010700,응암동,11,서울특별시,11200,성동구,1120011500,성수동2가,07,15,12,2861.0,11,서울특별시,11380,은평구,1138010700,응암동
20260224,11,서울특별시,11380,은평구,1138010700,응암동,11,서울특별시,11200,성동구,1120011500,성수동2가,07,30,9,2735.0,11,서울특별시,11380,은평구,1138010700,응암동
20260224,11,서울특별시,11380,은평구,1138010700,응암동,11,서울특별시,11200,성동구,1120011500,성수동2가,07,45,3,2901.0,11,서울특별시,11380,은평구,1138010700,응암동
20260224,11,서울특별시,11380,은평구,1138010700,응암동,11,서울특별시,11200,성동구,1120011500,성수동2가,08,00,4,2617.0,11,서울특별시,11380,은평구,1138010700,응암동
20260224,11,서울특별시,11380,은평구,1138010700,응암동,11,서울특별시,11200,성동구,1120011500,성수동2가,08,15,4,3085.0,11,서울특별시,11380,은평구,1138010700,응암동
20260224,11,서울특별시,11380,은평구,1138010700,응암동,11,서울특별시,11200,성동구,1120011500,성수동2가,08,30,4,2481.0,11,서울특별시,11380,은평구,1138010700,응암동
20260224,11,서울특별시,11380,은평구,1138010700,응암동,11,서울특별시,11200,성동구,1120011500,성수동2가,09,00,4,2809.0,11,서울특별시,11380,은평구,1138010700,응암동
20260224,11,서울특별시,11380,은평구,1138010700,응암동,11,서울특별시,11200,성동구,1120011500,성수동2가,09,15,1,2302.0,11,서울특별시,11380,은평구,1138010700,응암동
20260224,11,서울특별시,11380,은평구,1138010700,응암동,11,서울특별시,11200,성동구,1120011500,성수동2가,09,30,1,2458.0,11,서울특별시,11380,은평구,1138010700,응암동
20260224,11,서울특별시,11380,은평구,1138010700,응암동,11,서울특별시,11200,성동구,1120011500,성수동2가,09,45,2,2423.0,11,서울특별시,11380,은평구,1138010700,응암동
20260224,11,서울특별시,11380,은평구,1138010700,응암동,11,서울특별시,11200,성동구,1120011500,성수동2가,10,45,1,3403.0,11,서울특별시,11380,은평구,1138010700,응암동
20260224,11,서울특별시,11380,은평구,1138010700,응암동,11,서울특별시,11200,성동구,1120011500,성수동2가,11,00,1,2605.0,11,서울특별시,11380,은평구,1138010700,응암동
20260224,11,서울특별시,11380,은평구,1138010700,응암동,11,서울특별시,11200,성동구,1120011500,성수동2가,11,45,4,2868.0,11,서울특별시,11380,은평구,1138010700,응암동
20260224,11,서울특별시,11380,은평구,1138010800,역촌동,11,서울특별시,11200,성동구,1120011500,성수동2가,07,00,3,3529.0,11,서울특별시,11380,은평구,1138010800,역촌동
20260224,11,서울특별시,11380,은평구,1138010800,역촌동,11,서울특별시,11200,성동구,1120011500,성수동2가,07,15,3,3088.0,11,서울특별시,11380,은평구,1138010800,역촌동
20260224,11,서울특별시,11380,은평구,1138010800,역촌동,11,서울특별시,11200,성동구,1120011500,성수동2가,07,30,5,2954.0,11,서울특별시,11380,은평구,1138010800,역촌동
20260224,11,서울특별시,11380,은평구,1138010800,역촌동,11,서울특별시,11200,성동구,1120011500,성수동2가,07,45,1,3122.0,11,서울특별시,11380,은평구,1138010800,역촌동
20260224,11,서울특별시,11380,은평구,1138010800,역촌동,11,서울특별시,11200,성동구,1120011500,성수동2가,08,00,1,2837.0,11,서울특별시,11380,은평구,1138010800,역촌동
20260224,11,서울특별시,11380,은평구,1138010800,역촌동,11,서울특별시,11200,성동구,1120011500,성수동2가,08,15,3,3289.0,11,서울특별시,11380,은평구,1138010800,역촌동
20260224,11,서울특별시,11380,은평구,1138010800,역촌동,11,서울특별시,11200,성동구,1120011500,성수동2가,08,30,1,2806.0,11,서울특별시,11380,은평구,1138010800,역촌동
20260224,11,서울특별시,11380,은평구,1138010800,역촌동,11,서울특별시,11200,성동구,1120011500,성수동2가,08,45,2,3035.0,11,서울특별시,11380,은평구,1138010800,역촌동
20260224,11,서울특별시,11380,은평구,1138010800,역촌동,11,서울특별시,11200,성동구,1120011500,성수동2가,10,00,1,3112.0,11,서울특별시,11380,은평구,1138010800,역촌동
20260224,11,서울특별시,11380,은평구,1138010900,신사동,11,서울특별시,11200,성동구,1120011500,성수동2가,07,00,8,3215.0,11,서울특별시,11380,은평구,1138010900,신사동
20260224,11,서울특별시,11380,은평구,1138010900,신사동,11,서울특별시,11200,성동구,1120011500,성수동2가,07,15,11,3337.0,11,서울특별시,11380,은평구,1138010900,신사동
20260224,11,서울특별시,11380,은평구,1138010900,신사동,11,서울특별시,11200,성동구,1120011500,성수동2가,07,30,18,3296.0,11,서울특별시,11380,은평구,1138010900,신사동
20260224,11,서울특별시,11380,은평구,1138010900,신사동,11,서울특별시,11200,성동구,1120011500,성수동2가,07,45,15,3125.0,11,서울특별시,11380,은평구,1138010900,신사동
20260224,11,서울특별시,11380,은평구,1138010900,신사동,11,서울특별시,11200,성동구,1120011500,성수동2가,08,00,13,3292.0,11,서울특별시,11380,은평구,1138010900,신사동
20260224,11,서울특별시,11380,은평구,1138010900,신사동,11,서울특별시,11200,성동구,1120011500,성수동2가,08,15,8,3173.0,11,서울특별시,11380,은평구,1138010900,신사동
20260224,11,서울특별시,11380,은평구,1138010900,신사동,11,서울특별시,11200,성동구,1120011500,성수동2가,08,30,8,3053.0,11,서울특별시,11380,은평구,1138010900,신사동
20260224,11,서울특별시,11380,은평구,1138010900,신사동,11,서울특별시,11200,성동구,1120011500,성수동2가,08,45,11,3078.0,11,서울특별시,11380,은평구,1138010900,신사동
20260224,11,서울특별시,11380,은평구,1138010900,신사동,11,서울특별시,11200,성동구,1120011500,성수동2가,09,00,6,2995.0,11,서울특별시,11380,은평구,1138010900,신사동
20260224,11,서울특별시,11380,은평구,1138010900,신사동,11,서울특별시,11200,성동구,1120011500,성수동2가,09,15,10,2937.0,11,서울특별시,11380,은평구,1138010900,신사동
20260224,11,서울특별시,11380,은평구,1138010900,신사동,11,서울특별시,11200,성동구,1120011500,성수동2가,09,30,5,2823.0,11,서울특별시,11380,은평구,1138010900,신사동
20260224,11,서울특별시,11380,은평구,1138010900,신사동,11,서울특별시,11200,성동구,1120011500,성수동2가,09,45,2,3275.0,11,서울특별시,11380,은평구,1138010900,신사동
20260224,11,서울특별시,11380,은평구,1138010900,신사동,11,서울특별시,11200,성동구,1120011500,성수동2가,10,00,6,3228.0,11,서울특별시,11380,은평구,1138010900,신사동
20260224,11,서울특별시,11380,은평구,1138010900,신사동,11,서울특별시,11200,성동구,1120011500,성수동2가,10,15,3,3167.0,11,서울특별시,11380,은평구,1138010900,신사동
20260224,11,서울특별시,11380,은평구,1138010900,신사동,11,서울특별시,11200,성동구,1120011500,성수동2가,10,45,1,3833.0,11,서울특별시,11380,은평구,1138010900,신사동
20260224,11,서울특별시,11380,은평구,1138010900,신사동,11,서울특별시,11200,성동구,1120011500,성수동2가,11,00,3,3030.0,11,서울특별시,11380,은평구,1138010900,신사동
20260224,11,서울특별시,11380,은평구,1138010900,신사동,11,서울특별시,11200,성동구,1120011500,성수동2가,11,15,2,2840.0,11,서울특별시,11380,은평구,1138010900,신사동
20260224,11,서울특별시,11380,은평구,1138010900,신사동,11,서울특별시,11200,성동구,1120011500,성수동2가,11,30,1,3228.0,11,서울특별시,11380,은평구,1138010900,신사동
20260224,11,서울특별시,11380,은평구,1138010900,신사동,11,서울특별시,11200,성동구,1120011500,성수동2가,11,45,1,2817.0,11,서울특별시,11380,은평구,1138010900,신사동
20260224,11,서울특별시,11380,은평구,1138011000,증산동,11,서울특별시,11200,성동구,1120011500,성수동2가,07,00,1,3166.0,11,서울특별시,11380,은평구,1138011000,증산동
20260224,11,서울특별시,11380,은평구,1138011000,증산동,11,서울특별시,11200,성동구,1120011500,성수동2가,07,15,2,2918.0,11,서울특별시,11380,은평구,1138011000,증산동
20260224,11,서울특별시,11380,은평구,1138011000,증산동,11,서울특별시,11200,성동구,1120011500,성수동2가,07,30,4,2899.0,11,서울특별시,11380,은평구,1138011000,증산동
20260224,11,서울특별시,11380,은평구,1138011000,증산동,11,서울특별시,11200,성동구,1120011500,성수동2가,07,45,5,2884.0,11,서울특별시,11380,은평구,1138011000,증산동
20260224,11,서울특별시,11380,은평구,1138011000,증산동,11,서울특별시,11200,성동구,1120011500,성수동2가,08,00,6,2922.0,11,서울특별시,11380,은평구,1138011000,증산동
20260224,11,서울특별시,11380,은평구,1138011000,증산동,11,서울특별시,11200,성동구,1120011500,성수동2가,08,15,3,2958.0,11,서울특별시,11380,은평구,1138011000,증산동
20260224,11,서울특별시,11380,은평구,1138011000,증산동,11,서울특별시,11200,성동구,1120011500,성수동2가,08,30,2,2870.0,11,서울특별시,11380,은평구,1138011000,증산동
20260224,11,서울특별시,11380,은평구,1138011000,증산동,11,서울특별시,11200,성동구,1120011500,성수동2가,08,45,1,2924.0,11,서울특별시,11380,은평구,1138011000,증산동
20260224,11,서울특별시,11380,은평구,1138011000,증산동,11,서울특별시,11200,성동구,1120011500,성수동2가,09,00,3,3073.0,11,서울특별시,11380,은평구,1138011000,증산동
20260224,11,서울특별시,11380,은평구,1138011000,증산동,11,서울특별시,11200,성동구,1120011500,성수동2가,09,30,1,2823.0,11,서울특별시,11380,은평구,1138011000,증산동
20260224,11,서울특별시,11380,은평구,1138011000,증산동,11,서울특별시,11200,성동구,1120011500,성수동2가,09,45,2,2924.0,11,서울특별시,11380,은평구,1138011000,증산동
20260224,11,서울특별시,11380,은평구,1138011000,증산동,11,서울특별시,11200,성동구,1120011500,성수동2가,10,00,1,2651.0,11,서울특별시,11380,은평구,1138011000,증산동
20260224,11,서울특별시,11380,은평구,1138011000,증산동,11,서울특별시,11200,성동구,1120011500,성수동2가,10,45,1,2742.0,11,서울특별시,11380,은평구,1138011000,증산동
20260224,11,서울특별시,11380,은평구,1138011000,증산동,11,서울특별시,11200,성동구,1120011500,성수동2가,11,15,1,2737.0,11,서울특별시,11380,은평구,1138011000,증산동
20260224,11,서울특별시,11380,은평구,1138011400,진관동,11,서울특별시,11200,성동구,1120011500,성수동2가,07,00,10,3144.0,11,서울특별시,11380,은평구,1138011400,진관동
20260224,11,서울특별시,11380,은평구,1138011400,진관동,11,서울특별시,11200,성동구,1120011500,성수동2가,07,15,5,3028.0,11,서울특별시,11380,은평구,1138011400,진관동
20260224,11,서울특별시,11380,은평구,1138011400,진관동,11,서울특별시,11200,성동구,1120011500,성수동2가,07,30,18,3016.0,11,서울특별시,11380,은평구,1138011400,진관동
20260224,11,서울특별시,11380,은평구,1138011400,진관동,11,서울특별시,11200,성동구,1120011500,성수동2가,07,45,17,3109.0,11,서울특별시,11380,은평구,1138011400,진관동
20260224,11,서울특별시,11380,은평구,1138011400,진관동,11,서울특별시,11200,성동구,1120011500,성수동2가,08,00,9,3016.0,11,서울특별시,11380,은평구,1138011400,진관동
20260224,11,서울특별시,11380,은평구,1138011400,진관동,11,서울특별시,11200,성동구,1120011500,성수동2가,08,15,4,3308.0,11,서울특별시,11380,은평구,1138011400,진관동
20260224,11,서울특별시,11380,은평구,1138011400,진관동,11,서울특별시,11200,성동구,1120011500,성수동2가,08,30,8,2851.0,11,서울특별시,11380,은평구,1138011400,진관동
20260224,11,서울특별시,11380,은평구,1138011400,진관동,11,서울특별시,11200,성동구,1120011500,성수동2가,08,45,6,2789.0,11,서울특별시,11380,은평구,1138011400,진관동
20260224,11,서울특별시,11380,은평구,1138011400,진관동,11,서울특별시,11200,성동구,1120011500,성수동2가,09,00,4,2803.0,11,서울특별시,11380,은평구,1138011400,진관동
20260224,11,서울특별시,11380,은평구,1138011400,진관동,11,서울특별시,11200,성동구,1120011500,성수동2가,09,15,4,2889.0,11,서울특별시,11380,은평구,1138011400,진관동
20260224,11,서울특별시,11380,은평구,1138011400,진관동,11,서울특별시,11200,성동구,1120011500,성수동2가,09,30,2,3040.0,11,서울특별시,11380,은평구,1138011400,진관동
20260224,11,서울특별시,11380,은평구,1138011400,진관동,11,서울특별시,11200,성동구,1120011500,성수동2가,09,45,2,2882.0,11,서울특별시,11380,은평구,1138011400,진관동
20260224,11,서울특별시,11380,은평구,1138011400,진관동,11,서울특별시,11200,성동구,1120011500,성수동2가,10,00,3,2783.0,11,서울특별시,11380,은평구,1138011400,진관동
20260224,11,서울특별시,11380,은평구,1138011400,진관동,11,서울특별시,11200,성동구,1120011500,성수동2가,10,15,2,2550.0,11,서울특별시,11380,은평구,1138011400,진관동
20260224,11,서울특별시,11380,은평구,1138011400,진관동,11,서울특별시,11200,성동구,1120011500,성수동2가,10,30,2,3064.0,11,서울특별시,11380,은평구,1138011400,진관동
20260224,11,서울특별시,11380,은평구,1138011400,진관동,11,서울특별시,11200,성동구,1120011500,성수동2가,11,00,2,2732.0,11,서울특별시,11380,은평구,1138011400,진관동
20260224,11,서울특별시,11380,은평구,1138011400,진관동,11,서울특별시,11200,성동구,1120011500,성수동2가,11,45,2,3315.0,11,서울특별시,11380,은평구,1138011400,진관동
20260224,11,서울특별시,11410,서대문구,1141010100,충정로2가,11,서울특별시,11200,성동구,1120011500,성수동2가,07,45,2,1711.0,11,서울특별시,11410,서대문구,1141010100,충정로2가
20260224,11,서울특별시,11410,서대문구,1141010100,충정로2가,11,서울특별시,11200,성동구,1120011500,성수동2가,08,00,2,2058.0,11,서울특별시,11410,서대문구,1141010100,충정로2가
20260224,11,서울특별시,11410,서대문구,1141010100,충정로2가,11,서울특별시,11200,성동구,1120011500,성수동2가,08,15,2,1883.0,11,서울특별시,11410,서대문구,1141010100,충정로2가
20260224,11,서울특별시,11410,서대문구,1141010100,충정로2가,11,서울특별시,11200,성동구,1120011500,성수동2가,08,30,3,1847.0,11,서울특별시,11410,서대문구,1141010100,충정로2가
20260224,11,서울특별시,11410,서대문구,1141010100,충정로2가,11,서울특별시,11200,성동구,1120011500,성수동2가,08,45,1,1638.0,11,서울특별시,11410,서대문구,1141010100,충정로2가
20260224,11,서울특별시,11410,서대문구,1141010100,충정로2가,11,서울특별시,11200,성동구,1120011500,성수동2가,09,00,5,2886.0,11,서울특별시,11410,서대문구,1141010100,충정로2가
20260224,11,서울특별시,11410,서대문구,1141010100,충정로2가,11,서울특별시,11200,성동구,1120011500,성수동2가,10,00,4,1817.0,11,서울특별시,11410,서대문구,1141010100,충정로2가
20260224,11,서울특별시,11410,서대문구,1141010100,충정로2가,11,서울특별시,11200,성동구,1120011500,성수동2가,10,15,3,1853.0,11,서울특별시,11410,서대문구,1141010100,충정로2가
20260224,11,서울특별시,11410,서대문구,1141010100,충정로2가,11,서울특별시,11200,성동구,1120011500,성수동2가,10,45,1,1724.0,11,서울특별시,11410,서대문구,1141010100,충정로2가
20260224,11,서울특별시,11410,서대문구,1141010100,충정로2가,11,서울특별시,11200,성동구,1120011500,성수동2가,11,00,3,3370.0,11,서울특별시,11410,서대문구,1141010100,충정로2가
20260224,11,서울특별시,11410,서대문구,1141010100,충정로2가,11,서울특별시,11200,성동구,1120011500,성수동2가,11,15,3,2532.0,11,서울특별시,11410,서대문구,1141010100,충정로2가
20260224,11,서울특별시,11410,서대문구,1141010100,충정로2가,11,서울특별시,11200,성동구,1120011500,성수동2가,11,45,1,2243.0,11,서울특별시,11410,서대문구,1141010100,충정로2가
20260224,11,서울특별시,11410,서대문구,1141010200,충정로3가,11,서울특별시,11200,성동구,1120011500,성수동2가,07,00,4,1550.0,11,서울특별시,11410,서대문구,1141010200,충정로3가
20260224,11,서울특별시,11410,서대문구,1141010200,충정로3가,11,서울특별시,11200,성동구,1120011500,성수동2가,07,15,3,1629.0,11,서울특별시,11410,서대문구,1141010200,충정로3가
20260224,11,서울특별시,11410,서대문구,1141010200,충정로3가,11,서울특별시,11200,성동구,1120011500,성수동2가,07,30,2,1605.0,11,서울특별시,11410,서대문구,1141010200,충정로3가
20260224,11,서울특별시,11410,서대문구,1141010200,충정로3가,11,서울특별시,11200,성동구,1120011500,성수동2가,07,45,11,1465.0,11,서울특별시,11410,서대문구,1141010200,충정로3가
20260224,11,서울특별시,11410,서대문구,1141010200,충정로3가,11,서울특별시,11200,성동구,1120011500,성수동2가,08,00,10,1562.0,11,서울특별시,11410,서대문구,1141010200,충정로3가
20260224,11,서울특별시,11410,서대문구,1141010200,충정로3가,11,서울특별시,11200,성동구,1120011500,성수동2가,08,15,12,1511.0,11,서울특별시,11410,서대문구,1141010200,충정로3가
20260224,11,서울특별시,11410,서대문구,1141010200,충정로3가,11,서울특별시,11200,성동구,1120011500,성수동2가,08,30,4,1439.0,11,서울특별시,11410,서대문구,1141010200,충정로3가
20260224,11,서울특별시,11410,서대문구,1141010200,충정로3가,11,서울특별시,11200,성동구,1120011500,성수동2가,08,45,5,1394.0,11,서울특별시,11410,서대문구,1141010200,충정로3가
20260224,11,서울특별시,11410,서대문구,1141010200,충정로3가,11,서울특별시,11200,성동구,1120011500,성수동2가,09,00,3,1763.0,11,서울특별시,11410,서대문구,1141010200,충정로3가
20260224,11,서울특별시,11410,서대문구,1141010200,충정로3가,11,서울특별시,11200,성동구,1120011500,성수동2가,09,15,4,1548.0,11,서울특별시,11410,서대문구,1141010200,충정로3가
20260224,11,서울특별시,11410,서대문구,1141010200,충정로3가,11,서울특별시,11200,성동구,1120011500,성수동2가,09,30,2,1550.0,11,서울특별시,11410,서대문구,1141010200,충정로3가
20260224,11,서울특별시,11410,서대문구,1141010200,충정로3가,11,서울특별시,11200,성동구,1120011500,성수동2가,09,45,1,1401.0,11,서울특별시,11410,서대문구,1141010200,충정로3가
20260224,11,서울특별시,11410,서대문구,1141010200,충정로3가,11,서울특별시,11200,성동구,1120011500,성수동2가,10,15,3,1400.0,11,서울특별시,11410,서대문구,1141010200,충정로3가
20260224,11,서울특별시,11410,서대문구,1141010200,충정로3가,11,서울특별시,11200,성동구,1120011500,성수동2가,10,45,1,1584.0,11,서울특별시,11410,서대문구,1141010200,충정로3가
20260224,11,서울특별시,11410,서대문구,1141010200,충정로3가,11,서울특별시,11200,성동구,1120011500,성수동2가,11,15,1,1721.0,11,서울특별시,11410,서대문구,1141010200,충정로3가
20260224,11,서울특별시,11410,서대문구,1141010200,충정로3가,11,서울특별시,11200,성동구,1120011500,성수동2가,11,30,2,1354.0,11,서울특별시,11410,서대문구,1141010200,충정로3가
20260224,11,서울특별시,11410,서대문구,1141010600,천연동,11,서울특별시,11200,성동구,1120011500,성수동2가,08,30,1,1693.0,11,서울특별시,11410,서대문구,1141010600,천연동
20260224,11,서울특별시,11410,서대문구,1141010800,영천동,11,서울특별시,11200,성동구,1120011500,성수동2가,09,00,2,1978.0,11,서울특별시,11410,서대문구,1141010800,영천동
20260224,11,서울특별시,11410,서대문구,1141010800,영천동,11,서울특별시,11200,성동구,1120011500,성수동2가,10,00,1,2340.0,11,서울특별시,11410,서대문구,1141010800,영천동
20260224,11,서울특별시,11410,서대문구,1141011000,북아현동,11,서울특별시,11200,성동구,1120011500,성수동2가,07,15,1,2098.0,11,서울특별시,11410,서대문구,1141011000,북아현동
20260224,11,서울특별시,11410,서대문구,1141011000,북아현동,11,서울특별시,11200,성동구,1120011500,성수동2가,07,30,1,1647.0,11,서울특별시,11410,서대문구,1141011000,북아현동
20260224,11,서울특별시,11410,서대문구,1141011000,북아현동,11,서울특별시,11200,성동구,1120011500,성수동2가,07,45,2,1863.0,11,서울특별시,11410,서대문구,1141011000,북아현동
20260224,11,서울특별시,11410,서대문구,1141011000,북아현동,11,서울특별시,11200,성동구,1120011500,성수동2가,08,00,2,1767.0,11,서울특별시,11410,서대문구,1141011000,북아현동
20260224,11,서울특별시,11410,서대문구,1141011000,북아현동,11,서울특별시,11200,성동구,1120011500,성수동2가,08,30,3,2859.0,11,서울특별시,11410,서대문구,1141011000,북아현동
20260224,11,서울특별시,11410,서대문구,1141011000,북아현동,11,서울특별시,11200,성동구,1120011500,성수동2가,09,00,1,2064.0,11,서울특별시,11410,서대문구,1141011000,북아현동
20260224,11,서울특별시,11410,서대문구,1141011000,북아현동,11,서울특별시,11200,성동구,1120011500,성수동2가,10,00,1,1555.0,11,서울특별시,11410,서대문구,1141011000,북아현동
20260224,11,서울특별시,11410,서대문구,1141011000,북아현동,11,서울특별시,11200,성동구,1120011500,성수동2가,11,30,1,1606.0,11,서울특별시,11410,서대문구,1141011000,북아현동
20260224,11,서울특별시,11410,서대문구,1141011100,홍제동,11,서울특별시,11200,성동구,1120011500,성수동2가,07,00,8,2245.0,11,서울특별시,11410,서대문구,1141011100,홍제동
20260224,11,서울특별시,11410,서대문구,1141011100,홍제동,11,서울특별시,11200,성동구,1120011500,성수동2가,07,15,15,2154.0,11,서울특별시,11410,서대문구,1141011100,홍제동
20260224,11,서울특별시,11410,서대문구,1141011100,홍제동,11,서울특별시,11200,성동구,1120011500,성수동2가,07,30,13,2188.0,11,서울특별시,11410,서대문구,1141011100,홍제동
20260224,11,서울특별시,11410,서대문구,1141011100,홍제동,11,서울특별시,11200,성동구,1120011500,성수동2가,07,45,17,2137.0,11,서울특별시,11410,서대문구,1141011100,홍제동
20260224,11,서울특별시,11410,서대문구,1141011100,홍제동,11,서울특별시,11200,성동구,1120011500,성수동2가,08,00,13,2163.0,11,서울특별시,11410,서대문구,1141011100,홍제동
20260224,11,서울특별시,11410,서대문구,1141011100,홍제동,11,서울특별시,11200,성동구,1120011500,성수동2가,08,15,8,2185.0,11,서울특별시,11410,서대문구,1141011100,홍제동
20260224,11,서울특별시,11410,서대문구,1141011100,홍제동,11,서울특별시,11200,성동구,1120011500,성수동2가,08,30,13,2135.0,11,서울특별시,11410,서대문구,1141011100,홍제동
20260224,11,서울특별시,11410,서대문구,1141011100,홍제동,11,서울특별시,11200,성동구,1120011500,성수동2가,08,45,4,2037.0,11,서울특별시,11410,서대문구,1141011100,홍제동
20260224,11,서울특별시,11410,서대문구,1141011100,홍제동,11,서울특별시,11200,성동구,1120011500,성수동2가,09,00,11,2016.0,11,서울특별시,11410,서대문구,1141011100,홍제동
20260224,11,서울특별시,11410,서대문구,1141011100,홍제동,11,서울특별시,11200,성동구,1120011500,성수동2가,09,15,6,2068.0,11,서울특별시,11410,서대문구,1141011100,홍제동
20260224,11,서울특별시,11410,서대문구,1141011100,홍제동,11,서울특별시,11200,성동구,1120011500,성수동2가,09,30,4,2037.0,11,서울특별시,11410,서대문구,1141011100,홍제동
20260224,11,서울특별시,11410,서대문구,1141011100,홍제동,11,서울특별시,11200,성동구,1120011500,성수동2가,09,45,5,2145.0,11,서울특별시,11410,서대문구,1141011100,홍제동
20260224,11,서울특별시,11410,서대문구,1141011100,홍제동,11,서울특별시,11200,성동구,1120011500,성수동2가,10,00,6,2170.0,11,서울특별시,11410,서대문구,1141011100,홍제동
20260224,11,서울특별시,11410,서대문구,1141011100,홍제동,11,서울특별시,11200,성동구,1120011500,성수동2가,10,15,2,2149.0,11,서울특별시,11410,서대문구,1141011100,홍제동
20260224,11,서울특별시,11410,서대문구,1141011100,홍제동,11,서울특별시,11200,성동구,1120011500,성수동2가,10,30,1,1842.0,11,서울특별시,11410,서대문구,1141011100,홍제동
20260224,11,서울특별시,11410,서대문구,1141011100,홍제동,11,서울특별시,11200,성동구,1120011500,성수동2가,10,45,5,2552.0,11,서울특별시,11410,서대문구,1141011100,홍제동
20260224,11,서울특별시,11410,서대문구,1141011100,홍제동,11,서울특별시,11200,성동구,1120011500,성수동2가,11,00,4,2157.0,11,서울특별시,11410,서대문구,1141011100,홍제동
20260224,11,서울특별시,11410,서대문구,1141011200,대현동,11,서울특별시,11200,성동구,1120011500,성수동2가,07,45,1,1813.0,11,서울특별시,11410,서대문구,1141011200,대현동
20260224,11,서울특별시,11410,서대문구,1141011200,대현동,11,서울특별시,11200,성동구,1120011500,성수동2가,08,30,1,1941.0,11,서울특별시,11410,서대문구,1141011200,대현동
20260224,11,서울특별시,11410,서대문구,1141011200,대현동,11,서울특별시,11200,성동구,1120011500,성수동2가,09,15,1,1749.0,11,서울특별시,11410,서대문구,1141011200,대현동
20260224,11,서울특별시,11410,서대문구,1141011300,대신동,11,서울특별시,11200,성동구,1120011500,성수동2가,08,00,1,2678.0,11,서울특별시,11410,서대문구,1141011300,대신동
20260224,11,서울특별시,11410,서대문구,1141011300,대신동,11,서울특별시,11200,성동구,1120011500,성수동2가,09,00,2,2324.0,11,서울특별시,11410,서대문구,1141011300,대신동
20260224,11,서울특별시,11410,서대문구,1141011300,대신동,11,서울특별시,11200,성동구,1120011500,성수동2가,09,15,4,2203.0,11,서울특별시,11410,서대문구,1141011300,대신동
20260224,11,서울특별시,11410,서대문구,1141011600,창천동,11,서울특별시,11200,성동구,1120011500,성수동2가,07,00,5,1969.0,11,서울특별시,11410,서대문구,1141011600,창천동
20260224,11,서울특별시,11410,서대문구,1141011600,창천동,11,서울특별시,11200,성동구,1120011500,성수동2가,07,15,1,1709.0,11,서울특별시,11410,서대문구,1141011600,창천동
20260224,11,서울특별시,11410,서대문구,1141011600,창천동,11,서울특별시,11200,성동구,1120011500,성수동2가,07,30,9,1853.0,11,서울특별시,11410,서대문구,1141011600,창천동
20260224,11,서울특별시,11410,서대문구,1141011600,창천동,11,서울특별시,11200,성동구,1120011500,성수동2가,07,45,8,1907.0,11,서울특별시,11410,서대문구,1141011600,창천동
20260224,11,서울특별시,11410,서대문구,1141011600,창천동,11,서울특별시,11200,성동구,1120011500,성수동2가,08,00,13,1884.0,11,서울특별시,11410,서대문구,1141011600,창천동
20260224,11,서울특별시,11410,서대문구,1141011600,창천동,11,서울특별시,11200,성동구,1120011500,성수동2가,08,15,9,1781.0,11,서울특별시,11410,서대문구,1141011600,창천동
20260224,11,서울특별시,11410,서대문구,1141011600,창천동,11,서울특별시,11200,성동구,1120011500,성수동2가,08,30,7,1840.0,11,서울특별시,11410,서대문구,1141011600,창천동
20260224,11,서울특별시,11410,서대문구,1141011600,창천동,11,서울특별시,11200,성동구,1120011500,성수동2가,08,45,1,2509.0,11,서울특별시,11410,서대문구,1141011600,창천동
20260224,11,서울특별시,11410,서대문구,1141011600,창천동,11,서울특별시,11200,성동구,1120011500,성수동2가,09,00,5,1908.0,11,서울특별시,11410,서대문구,1141011600,창천동
20260224,11,서울특별시,11410,서대문구,1141011600,창천동,11,서울특별시,11200,성동구,1120011500,성수동2가,09,15,9,1761.0,11,서울특별시,11410,서대문구,1141011600,창천동
20260224,11,서울특별시,11410,서대문구,1141011600,창천동,11,서울특별시,11200,성동구,1120011500,성수동2가,09,30,5,1730.0,11,서울특별시,11410,서대문구,1141011600,창천동
20260224,11,서울특별시,11410,서대문구,1141011600,창천동,11,서울특별시,11200,성동구,1120011500,성수동2가,09,45,4,1744.0,11,서울특별시,11410,서대문구,1141011600,창천동
20260224,11,서울특별시,11410,서대문구,1141011600,창천동,11,서울특별시,11200,성동구,1120011500,성수동2가,10,00,5,1735.0,11,서울특별시,11410,서대문구,1141011600,창천동
20260224,11,서울특별시,11410,서대문구,1141011600,창천동,11,서울특별시,11200,성동구,1120011500,성수동2가,10,15,2,1934.0,11,서울특별시,11410,서대문구,1141011600,창천동
20260224,11,서울특별시,11410,서대문구,1141011600,창천동,11,서울특별시,11200,성동구,1120011500,성수동2가,10,30,13,1815.0,11,서울특별시,11410,서대문구,1141011600,창천동
20260224,11,서울특별시,11410,서대문구,1141011600,창천동,11,서울특별시,11200,성동구,1120011500,성수동2가,10,45,8,1902.0,11,서울특별시,11410,서대문구,1141011600,창천동
20260224,11,서울특별시,11410,서대문구,1141011600,창천동,11,서울특별시,11200,성동구,1120011500,성수동2가,11,00,12,2033.0,11,서울특별시,11410,서대문구,1141011600,창천동
20260224,11,서울특별시,11410,서대문구,1141011600,창천동,11,서울특별시,11200,성동구,1120011500,성수동2가,11,15,15,2021.0,11,서울특별시,11410,서대문구,1141011600,창천동
20260224,11,서울특별시,11410,서대문구,1141011600,창천동,11,서울특별시,11200,성동구,1120011500,성수동2가,11,30,12,2024.0,11,서울특별시,11410,서대문구,1141011600,창천동
20260224,11,서울특별시,11410,서대문구,1141011600,창천동,11,서울특별시,11200,성동구,1120011500,성수동2가,11,45,17,1966.0,11,서울특별시,11410,서대문구,1141011600,창천동
20260224,11,서울특별시,11410,서대문구,1141011700,연희동,11,서울특별시,11200,성동구,1120011500,성수동2가,07,00,1,2920.0,11,서울특별시,11410,서대문구,1141011700,연희동
20260224,11,서울특별시,11410,서대문구,1141011700,연희동,11,서울특별시,11200,성동구,1120011500,성수동2가,07,15,3,2478.0,11,서울특별시,11410,서대문구,1141011700,연희동
20260224,11,서울특별시,11410,서대문구,1141011700,연희동,11,서울특별시,11200,성동구,1120011500,성수동2가,07,30,2,2583.0,11,서울특별시,11410,서대문구,1141011700,연희동
20260224,11,서울특별시,11410,서대문구,1141011700,연희동,11,서울특별시,11200,성동구,1120011500,성수동2가,07,45,6,2834.0,11,서울특별시,11410,서대문구,1141011700,연희동
20260224,11,서울특별시,11410,서대문구,1141011700,연희동,11,서울특별시,11200,성동구,1120011500,성수동2가,08,00,6,2420.0,11,서울특별시,11410,서대문구,1141011700,연희동
20260224,11,서울특별시,11410,서대문구,1141011700,연희동,11,서울특별시,11200,성동구,1120011500,성수동2가,08,15,2,3020.0,11,서울특별시,11410,서대문구,1141011700,연희동
20260224,11,서울특별시,11410,서대문구,1141011700,연희동,11,서울특별시,11200,성동구,1120011500,성수동2가,08,30,1,2534.0,11,서울특별시,11410,서대문구,1141011700,연희동
20260224,11,서울특별시,11410,서대문구,1141011700,연희동,11,서울특별시,11200,성동구,1120011500,성수동2가,08,45,5,2547.0,11,서울특별시,11410,서대문구,1141011700,연희동
20260224,11,서울특별시,11410,서대문구,1141011700,연희동,11,서울특별시,11200,성동구,1120011500,성수동2가,09,00,2,2545.0,11,서울특별시,11410,서대문구,1141011700,연희동
20260224,11,서울특별시,11410,서대문구,1141011700,연희동,11,서울특별시,11200,성동구,1120011500,성수동2가,09,15,1,2448.0,11,서울특별시,11410,서대문구,1141011700,연희동
20260224,11,서울특별시,11410,서대문구,1141011700,연희동,11,서울특별시,11200,성동구,1120011500,성수동2가,11,15,1,2163.0,11,서울특별시,11410,서대문구,1141011700,연희동
20260224,11,서울특별시,11410,서대문구,1141011700,연희동,11,서울특별시,11200,성동구,1120011500,성수동2가,11,45,1,2507.0,11,서울특별시,11410,서대문구,1141011700,연희동
20260224,11,서울특별시,11410,서대문구,1141011800,홍은동,11,서울특별시,11200,성동구,1120011500,성수동2가,07,00,5,2791.0,11,서울특별시,11410,서대문구,1141011800,홍은동
20260224,11,서울특별시,11410,서대문구,1141011800,홍은동,11,서울특별시,11200,성동구,1120011500,성수동2가,07,15,4,2956.0,11,서울특별시,11410,서대문구,1141011800,홍은동
20260224,11,서울특별시,11410,서대문구,1141011800,홍은동,11,서울특별시,11200,성동구,1120011500,성수동2가,07,30,10,2891.0,11,서울특별시,11410,서대문구,1141011800,홍은동
20260224,11,서울특별시,11410,서대문구,1141011800,홍은동,11,서울특별시,11200,성동구,1120011500,성수동2가,07,45,7,3105.0,11,서울특별시,11410,서대문구,1141011800,홍은동
20260224,11,서울특별시,11410,서대문구,1141011800,홍은동,11,서울특별시,11200,성동구,1120011500,성수동2가,08,00,4,2529.0,11,서울특별시,11410,서대문구,1141011800,홍은동
20260224,11,서울특별시,11410,서대문구,1141011800,홍은동,11,서울특별시,11200,성동구,1120011500,성수동2가,08,15,1,3436.0,11,서울특별시,11410,서대문구,1141011800,홍은동
20260224,11,서울특별시,11410,서대문구,1141011800,홍은동,11,서울특별시,11200,성동구,1120011500,성수동2가,08,30,3,2640.0,11,서울특별시,11410,서대문구,1141011800,홍은동
20260224,11,서울특별시,11410,서대문구,1141011800,홍은동,11,서울특별시,11200,성동구,1120011500,성수동2가,08,45,6,2735.0,11,서울특별시,11410,서대문구,1141011800,홍은동
20260224,11,서울특별시,11410,서대문구,1141011800,홍은동,11,서울특별시,11200,성동구,1120011500,성수동2가,09,00,3,3039.0,11,서울특별시,11410,서대문구,1141011800,홍은동
20260224,11,서울특별시,11410,서대문구,1141011800,홍은동,11,서울특별시,11200,성동구,1120011500,성수동2가,09,15,2,2686.0,11,서울특별시,11410,서대문구,1141011800,홍은동
20260224,11,서울특별시,11410,서대문구,1141011800,홍은동,11,서울특별시,11200,성동구,1120011500,성수동2가,09,30,1,2191.0,11,서울특별시,11410,서대문구,1141011800,홍은동
20260224,11,서울특별시,11410,서대문구,1141011800,홍은동,11,서울특별시,11200,성동구,1120011500,성수동2가,09,45,1,2083.0,11,서울특별시,11410,서대문구,1141011800,홍은동
20260224,11,서울특별시,11410,서대문구,1141011800,홍은동,11,서울특별시,11200,성동구,1120011500,성수동2가,10,00,2,2350.0,11,서울특별시,11410,서대문구,1141011800,홍은동
20260224,11,서울특별시,11410,서대문구,1141011800,홍은동,11,서울특별시,11200,성동구,1120011500,성수동2가,10,15,1,2299.0,11,서울특별시,11410,서대문구,1141011800,홍은동
20260224,11,서울특별시,11410,서대문구,1141011800,홍은동,11,서울특별시,11200,성동구,1120011500,성수동2가,11,00,1,2474.0,11,서울특별시,11410,서대문구,1141011800,홍은동
20260224,11,서울특별시,11410,서대문구,1141011900,북가좌동,11,서울특별시,11200,성동구,1120011500,성수동2가,07,00,2,3099.0,11,서울특별시,11410,서대문구,1141011900,북가좌동
20260224,11,서울특별시,11410,서대문구,1141011900,북가좌동,11,서울특별시,11200,성동구,1120011500,성수동2가,07,15,3,3033.0,11,서울특별시,11410,서대문구,1141011900,북가좌동
20260224,11,서울특별시,11410,서대문구,1141011900,북가좌동,11,서울특별시,11200,성동구,1120011500,성수동2가,07,30,6,3184.0,11,서울특별시,11410,서대문구,1141011900,북가좌동
20260224,11,서울특별시,11410,서대문구,1141011900,북가좌동,11,서울특별시,11200,성동구,1120011500,성수동2가,07,45,1,3073.0,11,서울특별시,11410,서대문구,1141011900,북가좌동
20260224,11,서울특별시,11410,서대문구,1141011900,북가좌동,11,서울특별시,11200,성동구,1120011500,성수동2가,08,00,1,2632.0,11,서울특별시,11410,서대문구,1141011900,북가좌동
20260224,11,서울특별시,11410,서대문구,1141011900,북가좌동,11,서울특별시,11200,성동구,1120011500,성수동2가,08,15,4,3009.0,11,서울특별시,11410,서대문구,1141011900,북가좌동
20260224,11,서울특별시,11410,서대문구,1141011900,북가좌동,11,서울특별시,11200,성동구,1120011500,성수동2가,08,30,1,2792.0,11,서울특별시,11410,서대문구,1141011900,북가좌동
20260224,11,서울특별시,11410,서대문구,1141011900,북가좌동,11,서울특별시,11200,성동구,1120011500,성수동2가,08,45,1,2849.0,11,서울특별시,11410,서대문구,1141011900,북가좌동
20260224,11,서울특별시,11410,서대문구,1141011900,북가좌동,11,서울특별시,11200,성동구,1120011500,성수동2가,09,00,1,2984.0,11,서울특별시,11410,서대문구,1141011900,북가좌동
20260224,11,서울특별시,11410,서대문구,1141011900,북가좌동,11,서울특별시,11200,성동구,1120011500,성수동2가,09,15,2,2534.0,11,서울특별시,11410,서대문구,1141011900,북가좌동
20260224,11,서울특별시,11410,서대문구,1141011900,북가좌동,11,서울특별시,11200,성동구,1120011500,성수동2가,09,30,1,3480.0,11,서울특별시,11410,서대문구,1141011900,북가좌동
20260224,11,서울특별시,11410,서대문구,1141012000,남가좌동,11,서울특별시,11200,성동구,1120011500,성수동2가,07,00,5,2789.0,11,서울특별시,11410,서대문구,1141012000,남가좌동
20260224,11,서울특별시,11410,서대문구,1141012000,남가좌동,11,서울특별시,11200,성동구,1120011500,성수동2가,07,15,4,3108.0,11,서울특별시,11410,서대문구,1141012000,남가좌동
20260224,11,서울특별시,11410,서대문구,1141012000,남가좌동,11,서울특별시,11200,성동구,1120011500,성수동2가,07,30,8,3168.0,11,서울특별시,11410,서대문구,1141012000,남가좌동
20260224,11,서울특별시,11410,서대문구,1141012000,남가좌동,11,서울특별시,11200,성동구,1120011500,성수동2가,07,45,2,3185.0,11,서울특별시,11410,서대문구,1141012000,남가좌동
20260224,11,서울특별시,11410,서대문구,1141012000,남가좌동,11,서울특별시,11200,성동구,1120011500,성수동2가,08,00,3,2865.0,11,서울특별시,11410,서대문구,1141012000,남가좌동
20260224,11,서울특별시,11410,서대문구,1141012000,남가좌동,11,서울특별시,11200,성동구,1120011500,성수동2가,08,15,1,2608.0,11,서울특별시,11410,서대문구,1141012000,남가좌동
20260224,11,서울특별시,11410,서대문구,1141012000,남가좌동,11,서울특별시,11200,성동구,1120011500,성수동2가,08,30,4,2750.0,11,서울특별시,11410,서대문구,1141012000,남가좌동
20260224,11,서울특별시,11410,서대문구,1141012000,남가좌동,11,서울특별시,11200,성동구,1120011500,성수동2가,08,45,1,2789.0,11,서울특별시,11410,서대문구,1141012000,남가좌동
20260224,11,서울특별시,11410,서대문구,1141012000,남가좌동,11,서울특별시,11200,성동구,1120011500,성수동2가,09,00,3,3127.0,11,서울특별시,11410,서대문구,1141012000,남가좌동
20260224,11,서울특별시,11410,서대문구,1141012000,남가좌동,11,서울특별시,11200,성동구,1120011500,성수동2가,09,15,2,2880.0,11,서울특별시,11410,서대문구,1141012000,남가좌동
20260224,11,서울특별시,11410,서대문구,1141012000,남가좌동,11,서울특별시,11200,성동구,1120011500,성수동2가,09,30,2,2791.0,11,서울특별시,11410,서대문구,1141012000,남가좌동
20260224,11,서울특별시,11410,서대문구,1141012000,남가좌동,11,서울특별시,11200,성동구,1120011500,성수동2가,09,45,2,2719.0,11,서울특별시,11410,서대문구,1141012000,남가좌동
20260224,11,서울특별시,11410,서대문구,1141012000,남가좌동,11,서울특별시,11200,성동구,1120011500,성수동2가,10,00,3,2809.0,11,서울특별시,11410,서대문구,1141012000,남가좌동
20260224,11,서울특별시,11410,서대문구,1141012000,남가좌동,11,서울특별시,11200,성동구,1120011500,성수동2가,10,15,1,2692.0,11,서울특별시,11410,서대문구,1141012000,남가좌동
20260224,11,서울특별시,11410,서대문구,1141012000,남가좌동,11,서울특별시,11200,성동구,1120011500,성수동2가,10,45,2,3305.0,11,서울특별시,11410,서대문구,1141012000,남가좌동
20260224,11,서울특별시,11410,서대문구,1141012000,남가좌동,11,서울특별시,11200,성동구,1120011500,성수동2가,11,15,2,2715.0,11,서울특별시,11410,서대문구,1141012000,남가좌동
20260224,11,서울특별시,11410,서대문구,1141012000,남가좌동,11,서울특별시,11200,성동구,1120011500,성수동2가,11,45,1,2927.0,11,서울특별시,11410,서대문구,1141012000,남가좌동
20260224,11,서울특별시,11440,마포구,1144010100,아현동,11,서울특별시,11200,성동구,1120011500,성수동2가,07,00,1,1660.0,11,서울특별시,11440,마포구,1144010100,아현동
20260224,11,서울특별시,11440,마포구,1144010100,아현동,11,서울특별시,11200,성동구,1120011500,성수동2가,07,15,7,1778.0,11,서울특별시,11440,마포구,1144010100,아현동
20260224,11,서울특별시,11440,마포구,1144010100,아현동,11,서울특별시,11200,성동구,1120011500,성수동2가,07,30,9,1690.0,11,서울특별시,11440,마포구,1144010100,아현동
20260224,11,서울특별시,11440,마포구,1144010100,아현동,11,서울특별시,11200,성동구,1120011500,성수동2가,07,45,9,1661.0,11,서울특별시,11440,마포구,1144010100,아현동
20260224,11,서울특별시,11440,마포구,1144010100,아현동,11,서울특별시,11200,성동구,1120011500,성수동2가,08,00,13,1834.0,11,서울특별시,11440,마포구,1144010100,아현동
20260224,11,서울특별시,11440,마포구,1144010100,아현동,11,서울특별시,11200,성동구,1120011500,성수동2가,08,15,8,1626.0,11,서울특별시,11440,마포구,1144010100,아현동
20260224,11,서울특별시,11440,마포구,1144010100,아현동,11,서울특별시,11200,성동구,1120011500,성수동2가,08,30,8,1615.0,11,서울특별시,11440,마포구,1144010100,아현동
20260224,11,서울특별시,11440,마포구,1144010100,아현동,11,서울특별시,11200,성동구,1120011500,성수동2가,08,45,13,1580.0,11,서울특별시,11440,마포구,1144010100,아현동
20260224,11,서울특별시,11440,마포구,1144010100,아현동,11,서울특별시,11200,성동구,1120011500,성수동2가,09,00,5,1628.0,11,서울특별시,11440,마포구,1144010100,아현동
20260224,11,서울특별시,11440,마포구,1144010100,아현동,11,서울특별시,11200,성동구,1120011500,성수동2가,09,15,6,1527.0,11,서울특별시,11440,마포구,1144010100,아현동
20260224,11,서울특별시,11440,마포구,1144010100,아현동,11,서울특별시,11200,성동구,1120011500,성수동2가,09,30,5,1674.0,11,서울특별시,11440,마포구,1144010100,아현동
20260224,11,서울특별시,11440,마포구,1144010100,아현동,11,서울특별시,11200,성동구,1120011500,성수동2가,09,45,4,1806.0,11,서울특별시,11440,마포구,1144010100,아현동
20260224,11,서울특별시,11440,마포구,1144010100,아현동,11,서울특별시,11200,성동구,1120011500,성수동2가,10,15,2,1604.0,11,서울특별시,11440,마포구,1144010100,아현동
20260224,11,서울특별시,11440,마포구,1144010100,아현동,11,서울특별시,11200,성동구,1120011500,성수동2가,10,30,5,1995.0,11,서울특별시,11440,마포구,1144010100,아현동
20260224,11,서울특별시,11440,마포구,1144010100,아현동,11,서울특별시,11200,성동구,1120011500,성수동2가,10,45,10,1751.0,11,서울특별시,11440,마포구,1144010100,아현동
20260224,11,서울특별시,11440,마포구,1144010100,아현동,11,서울특별시,11200,성동구,1120011500,성수동2가,11,00,1,1738.0,11,서울특별시,11440,마포구,1144010100,아현동
20260224,11,서울특별시,11440,마포구,1144010100,아현동,11,서울특별시,11200,성동구,1120011500,성수동2가,11,15,4,1578.0,11,서울특별시,11440,마포구,1144010100,아현동
20260224,11,서울특별시,11440,마포구,1144010100,아현동,11,서울특별시,11200,성동구,1120011500,성수동2가,11,30,1,1778.0,11,서울특별시,11440,마포구,1144010100,아현동
20260224,11,서울특별시,11440,마포구,1144010100,아현동,11,서울특별시,11200,성동구,1120011500,성수동2가,11,45,3,1883.0,11,서울특별시,11440,마포구,1144010100,아현동
20260224,11,서울특별시,11440,마포구,1144010200,공덕동,11,서울특별시,11200,성동구,1120011500,성수동2가,07,00,2,1887.0,11,서울특별시,11440,마포구,1144010200,공덕동
20260224,11,서울특별시,11440,마포구,1144010200,공덕동,11,서울특별시,11200,성동구,1120011500,성수동2가,07,15,5,2148.0,11,서울특별시,11440,마포구,1144010200,공덕동
20260224,11,서울특별시,11440,마포구,1144010200,공덕동,11,서울특별시,11200,성동구,1120011500,성수동2가,07,30,1,1838.0,11,서울특별시,11440,마포구,1144010200,공덕동
20260224,11,서울특별시,11440,마포구,1144010200,공덕동,11,서울특별시,11200,성동구,1120011500,성수동2가,07,45,5,2183.0,11,서울특별시,11440,마포구,1144010200,공덕동
20260224,11,서울특별시,11440,마포구,1144010200,공덕동,11,서울특별시,11200,성동구,1120011500,성수동2가,08,00,7,2299.0,11,서울특별시,11440,마포구,1144010200,공덕동
20260224,11,서울특별시,11440,마포구,1144010200,공덕동,11,서울특별시,11200,성동구,1120011500,성수동2가,08,15,6,2062.0,11,서울특별시,11440,마포구,1144010200,공덕동
20260224,11,서울특별시,11440,마포구,1144010200,공덕동,11,서울특별시,11200,성동구,1120011500,성수동2가,08,30,3,2193.0,11,서울특별시,11440,마포구,1144010200,공덕동
20260224,11,서울특별시,11440,마포구,1144010200,공덕동,11,서울특별시,11200,성동구,1120011500,성수동2가,08,45,6,1921.0,11,서울특별시,11440,마포구,1144010200,공덕동
20260224,11,서울특별시,11440,마포구,1144010200,공덕동,11,서울특별시,11200,성동구,1120011500,성수동2가,09,00,6,2122.0,11,서울특별시,11440,마포구,1144010200,공덕동
20260224,11,서울특별시,11440,마포구,1144010200,공덕동,11,서울특별시,11200,성동구,1120011500,성수동2가,09,15,3,1994.0,11,서울특별시,11440,마포구,1144010200,공덕동
20260224,11,서울특별시,11440,마포구,1144010200,공덕동,11,서울특별시,11200,성동구,1120011500,성수동2가,09,45,3,2199.0,11,서울특별시,11440,마포구,1144010200,공덕동
20260224,11,서울특별시,11440,마포구,1144010200,공덕동,11,서울특별시,11200,성동구,1120011500,성수동2가,10,00,12,2281.0,11,서울특별시,11440,마포구,1144010200,공덕동
20260224,11,서울특별시,11440,마포구,1144010200,공덕동,11,서울특별시,11200,성동구,1120011500,성수동2가,10,15,2,2922.0,11,서울특별시,11440,마포구,1144010200,공덕동
20260224,11,서울특별시,11440,마포구,1144010200,공덕동,11,서울특별시,11200,성동구,1120011500,성수동2가,10,45,4,2065.0,11,서울특별시,11440,마포구,1144010200,공덕동
20260224,11,서울특별시,11440,마포구,1144010200,공덕동,11,서울특별시,11200,성동구,1120011500,성수동2가,11,00,8,2504.0,11,서울특별시,11440,마포구,1144010200,공덕동
20260224,11,서울특별시,11440,마포구,1144010200,공덕동,11,서울특별시,11200,성동구,1120011500,성수동2가,11,30,3,3102.0,11,서울특별시,11440,마포구,1144010200,공덕동
20260224,11,서울특별시,11440,마포구,1144010200,공덕동,11,서울특별시,11200,성동구,1120011500,성수동2가,11,45,2,2156.0,11,서울특별시,11440,마포구,1144010200,공덕동
20260224,11,서울특별시,11440,마포구,1144010300,신공덕동,11,서울특별시,11200,성동구,1120011500,성수동2가,07,45,1,1999.0,11,서울특별시,11440,마포구,1144010300,신공덕동
20260224,11,서울특별시,11440,마포구,1144010300,신공덕동,11,서울특별시,11200,성동구,1120011500,성수동2가,08,45,1,2070.0,11,서울특별시,11440,마포구,1144010300,신공덕동
20260224,11,서울특별시,11440,마포구,1144010400,도화동,11,서울특별시,11200,성동구,1120011500,성수동2가,07,00,1,1948.0,11,서울특별시,11440,마포구,1144010400,도화동
20260224,11,서울특별시,11440,마포구,1144010400,도화동,11,서울특별시,11200,성동구,1120011500,성수동2가,07,30,2,2192.0,11,서울특별시,11440,마포구,1144010400,도화동
20260224,11,서울특별시,11440,마포구,1144010400,도화동,11,서울특별시,11200,성동구,1120011500,성수동2가,07,45,3,2221.0,11,서울특별시,11440,마포구,1144010400,도화동
20260224,11,서울특별시,11440,마포구,1144010400,도화동,11,서울특별시,11200,성동구,1120011500,성수동2가,08,00,8,2333.0,11,서울특별시,11440,마포구,1144010400,도화동
20260224,11,서울특별시,11440,마포구,1144010400,도화동,11,서울특별시,11200,성동구,1120011500,성수동2가,08,15,4,2138.0,11,서울특별시,11440,마포구,1144010400,도화동
20260224,11,서울특별시,11440,마포구,1144010400,도화동,11,서울특별시,11200,성동구,1120011500,성수동2가,08,30,5,2386.0,11,서울특별시,11440,마포구,1144010400,도화동
20260224,11,서울특별시,11440,마포구,1144010400,도화동,11,서울특별시,11200,성동구,1120011500,성수동2가,08,45,2,2059.0,11,서울특별시,11440,마포구,1144010400,도화동
20260224,11,서울특별시,11440,마포구,1144010400,도화동,11,서울특별시,11200,성동구,1120011500,성수동2가,09,00,6,2426.0,11,서울특별시,11440,마포구,1144010400,도화동
20260224,11,서울특별시,11440,마포구,1144010400,도화동,11,서울특별시,11200,성동구,1120011500,성수동2가,09,15,3,2025.0,11,서울특별시,11440,마포구,1144010400,도화동
20260224,11,서울특별시,11440,마포구,1144010400,도화동,11,서울특별시,11200,성동구,1120011500,성수동2가,09,30,5,2360.0,11,서울특별시,11440,마포구,1144010400,도화동
20260224,11,서울특별시,11440,마포구,1144010400,도화동,11,서울특별시,11200,성동구,1120011500,성수동2가,09,45,3,2560.0,11,서울특별시,11440,마포구,1144010400,도화동
20260224,11,서울특별시,11440,마포구,1144010400,도화동,11,서울특별시,11200,성동구,1120011500,성수동2가,10,00,3,2057.0,11,서울특별시,11440,마포구,1144010400,도화동
20260224,11,서울특별시,11440,마포구,1144010400,도화동,11,서울특별시,11200,성동구,1120011500,성수동2가,10,15,7,2974.0,11,서울특별시,11440,마포구,1144010400,도화동
20260224,11,서울특별시,11440,마포구,1144010400,도화동,11,서울특별시,11200,성동구,1120011500,성수동2가,10,30,1,2447.0,11,서울특별시,11440,마포구,1144010400,도화동
20260224,11,서울특별시,11440,마포구,1144010400,도화동,11,서울특별시,11200,성동구,1120011500,성수동2가,10,45,4,2636.0,11,서울특별시,11440,마포구,1144010400,도화동
20260224,11,서울특별시,11440,마포구,1144010400,도화동,11,서울특별시,11200,성동구,1120011500,성수동2가,11,00,5,2674.0,11,서울특별시,11440,마포구,1144010400,도화동
20260224,11,서울특별시,11440,마포구,1144010400,도화동,11,서울특별시,11200,성동구,1120011500,성수동2가,11,15,3,2587.0,11,서울특별시,11440,마포구,1144010400,도화동
20260224,11,서울특별시,11440,마포구,1144010400,도화동,11,서울특별시,11200,성동구,1120011500,성수동2가,11,30,4,2657.0,11,서울특별시,11440,마포구,1144010400,도화동
20260224,11,서울특별시,11440,마포구,1144010400,도화동,11,서울특별시,11200,성동구,1120011500,성수동2가,11,45,9,2424.0,11,서울특별시,11440,마포구,1144010400,도화동
20260224,11,서울특별시,11440,마포구,1144010500,용강동,11,서울특별시,11200,성동구,1120011500,성수동2가,07,45,1,2537.0,11,서울특별시,11440,마포구,1144010500,용강동
20260224,11,서울특별시,11440,마포구,1144010500,용강동,11,서울특별시,11200,성동구,1120011500,성수동2가,08,00,1,2454.0,11,서울특별시,11440,마포구,1144010500,용강동
20260224,11,서울특별시,11440,마포구,1144010500,용강동,11,서울특별시,11200,성동구,1120011500,성수동2가,08,45,1,2046.0,11,서울특별시,11440,마포구,1144010500,용강동
20260224,11,서울특별시,11440,마포구,1144010800,대흥동,11,서울특별시,11200,성동구,1120011500,성수동2가,07,00,4,1938.0,11,서울특별시,11440,마포구,1144010800,대흥동
20260224,11,서울특별시,11440,마포구,1144010800,대흥동,11,서울특별시,11200,성동구,1120011500,성수동2가,07,15,2,1666.0,11,서울특별시,11440,마포구,1144010800,대흥동
20260224,11,서울특별시,11440,마포구,1144010800,대흥동,11,서울특별시,11200,성동구,1120011500,성수동2가,07,30,9,1751.0,11,서울특별시,11440,마포구,1144010800,대흥동
20260224,11,서울특별시,11440,마포구,1144010800,대흥동,11,서울특별시,11200,성동구,1120011500,성수동2가,07,45,7,1849.0,11,서울특별시,11440,마포구,1144010800,대흥동
20260224,11,서울특별시,11440,마포구,1144010800,대흥동,11,서울특별시,11200,성동구,1120011500,성수동2가,08,00,14,1979.0,11,서울특별시,11440,마포구,1144010800,대흥동
20260224,11,서울특별시,11440,마포구,1144010800,대흥동,11,서울특별시,11200,성동구,1120011500,성수동2가,08,15,6,1857.0,11,서울특별시,11440,마포구,1144010800,대흥동
20260224,11,서울특별시,11440,마포구,1144010800,대흥동,11,서울특별시,11200,성동구,1120011500,성수동2가,08,30,2,1683.0,11,서울특별시,11440,마포구,1144010800,대흥동
20260224,11,서울특별시,11440,마포구,1144010800,대흥동,11,서울특별시,11200,성동구,1120011500,성수동2가,08,45,11,1890.0,11,서울특별시,11440,마포구,1144010800,대흥동
20260224,11,서울특별시,11440,마포구,1144010800,대흥동,11,서울특별시,11200,성동구,1120011500,성수동2가,09,00,11,1794.0,11,서울특별시,11440,마포구,1144010800,대흥동
20260224,11,서울특별시,11440,마포구,1144010800,대흥동,11,서울특별시,11200,성동구,1120011500,성수동2가,09,15,5,1834.0,11,서울특별시,11440,마포구,1144010800,대흥동
20260224,11,서울특별시,11440,마포구,1144010800,대흥동,11,서울특별시,11200,성동구,1120011500,성수동2가,09,30,6,2216.0,11,서울특별시,11440,마포구,1144010800,대흥동
20260224,11,서울특별시,11440,마포구,1144010800,대흥동,11,서울특별시,11200,성동구,1120011500,성수동2가,09,45,6,1816.0,11,서울특별시,11440,마포구,1144010800,대흥동
20260224,11,서울특별시,11440,마포구,1144010800,대흥동,11,서울특별시,11200,성동구,1120011500,성수동2가,10,00,5,1799.0,11,서울특별시,11440,마포구,1144010800,대흥동
20260224,11,서울특별시,11440,마포구,1144010800,대흥동,11,서울특별시,11200,성동구,1120011500,성수동2가,10,15,8,1912.0,11,서울특별시,11440,마포구,1144010800,대흥동
20260224,11,서울특별시,11440,마포구,1144010800,대흥동,11,서울특별시,11200,성동구,1120011500,성수동2가,10,30,3,1806.0,11,서울특별시,11440,마포구,1144010800,대흥동
20260224,11,서울특별시,11440,마포구,1144010800,대흥동,11,서울특별시,11200,성동구,1120011500,성수동2가,10,45,9,1877.0,11,서울특별시,11440,마포구,1144010800,대흥동
20260224,11,서울특별시,11440,마포구,1144010800,대흥동,11,서울특별시,11200,성동구,1120011500,성수동2가,11,00,3,1885.0,11,서울특별시,11440,마포구,1144010800,대흥동
20260224,11,서울특별시,11440,마포구,1144010800,대흥동,11,서울특별시,11200,성동구,1120011500,성수동2가,11,30,7,1981.0,11,서울특별시,11440,마포구,1144010800,대흥동
20260224,11,서울특별시,11440,마포구,1144010800,대흥동,11,서울특별시,11200,성동구,1120011500,성수동2가,11,45,10,1973.0,11,서울특별시,11440,마포구,1144010800,대흥동
20260224,11,서울특별시,11440,마포구,1144010900,염리동,11,서울특별시,11200,성동구,1120011500,성수동2가,08,00,1,2466.0,11,서울특별시,11440,마포구,1144010900,염리동
20260224,11,서울특별시,11440,마포구,1144010900,염리동,11,서울특별시,11200,성동구,1120011500,성수동2가,08,15,1,1972.0,11,서울특별시,11440,마포구,1144010900,염리동
20260224,11,서울특별시,11440,마포구,1144010900,염리동,11,서울특별시,11200,성동구,1120011500,성수동2가,09,00,1,2119.0,11,서울특별시,11440,마포구,1144010900,염리동
20260224,11,서울특별시,11440,마포구,1144010900,염리동,11,서울특별시,11200,성동구,1120011500,성수동2가,09,15,1,1951.0,11,서울특별시,11440,마포구,1144010900,염리동
20260224,11,서울특별시,11440,마포구,1144010900,염리동,11,서울특별시,11200,성동구,1120011500,성수동2가,11,00,1,2543.0,11,서울특별시,11440,마포구,1144010900,염리동
20260224,11,서울특별시,11440,마포구,1144011100,신수동,11,서울특별시,11200,성동구,1120011500,성수동2가,07,30,1,2202.0,11,서울특별시,11440,마포구,1144011100,신수동
20260224,11,서울특별시,11440,마포구,1144011100,신수동,11,서울특별시,11200,성동구,1120011500,성수동2가,08,15,2,2268.0,11,서울특별시,11440,마포구,1144011100,신수동
20260224,11,서울특별시,11440,마포구,1144011100,신수동,11,서울특별시,11200,성동구,1120011500,성수동2가,09,00,1,1969.0,11,서울특별시,11440,마포구,1144011100,신수동
20260224,11,서울특별시,11440,마포구,1144011100,신수동,11,서울특별시,11200,성동구,1120011500,성수동2가,10,15,1,1772.0,11,서울특별시,11440,마포구,1144011100,신수동
20260224,11,서울특별시,11440,마포구,1144011300,구수동,11,서울특별시,11200,성동구,1120011500,성수동2가,09,00,2,1913.0,11,서울특별시,11440,마포구,1144011300,구수동
20260224,11,서울특별시,11440,마포구,1144011400,창전동,11,서울특별시,11200,성동구,1120011500,성수동2가,07,00,1,1912.0,11,서울특별시,11440,마포구,1144011400,창전동
20260224,11,서울특별시,11440,마포구,1144011400,창전동,11,서울특별시,11200,성동구,1120011500,성수동2가,07,15,1,2092.0,11,서울특별시,11440,마포구,1144011400,창전동
20260224,11,서울특별시,11440,마포구,1144011400,창전동,11,서울특별시,11200,성동구,1120011500,성수동2가,07,30,3,2231.0,11,서울특별시,11440,마포구,1144011400,창전동
20260224,11,서울특별시,11440,마포구,1144011400,창전동,11,서울특별시,11200,성동구,1120011500,성수동2가,07,45,5,2451.0,11,서울특별시,11440,마포구,1144011400,창전동
20260224,11,서울특별시,11440,마포구,1144011400,창전동,11,서울특별시,11200,성동구,1120011500,성수동2가,08,00,4,2301.0,11,서울특별시,11440,마포구,1144011400,창전동
20260224,11,서울특별시,11440,마포구,1144011400,창전동,11,서울특별시,11200,성동구,1120011500,성수동2가,08,30,3,2304.0,11,서울특별시,11440,마포구,1144011400,창전동
20260224,11,서울특별시,11440,마포구,1144011400,창전동,11,서울특별시,11200,성동구,1120011500,성수동2가,08,45,1,2391.0,11,서울특별시,11440,마포구,1144011400,창전동
20260224,11,서울특별시,11440,마포구,1144011400,창전동,11,서울특별시,11200,성동구,1120011500,성수동2가,09,15,2,2210.0,11,서울특별시,11440,마포구,1144011400,창전동
20260224,11,서울특별시,11440,마포구,1144011400,창전동,11,서울특별시,11200,성동구,1120011500,성수동2가,09,30,1,2243.0,11,서울특별시,11440,마포구,1144011400,창전동
20260224,11,서울특별시,11440,마포구,1144011400,창전동,11,서울특별시,11200,성동구,1120011500,성수동2가,09,45,2,2352.0,11,서울특별시,11440,마포구,1144011400,창전동
20260224,11,서울특별시,11440,마포구,1144011400,창전동,11,서울특별시,11200,성동구,1120011500,성수동2가,10,00,3,2503.0,11,서울특별시,11440,마포구,1144011400,창전동
20260224,11,서울특별시,11440,마포구,1144011400,창전동,11,서울특별시,11200,성동구,1120011500,성수동2가,10,15,3,2417.0,11,서울특별시,11440,마포구,1144011400,창전동
20260224,11,서울특별시,11440,마포구,1144011400,창전동,11,서울특별시,11200,성동구,1120011500,성수동2가,10,30,1,1938.0,11,서울특별시,11440,마포구,1144011400,창전동
20260224,11,서울특별시,11440,마포구,1144011400,창전동,11,서울특별시,11200,성동구,1120011500,성수동2가,11,00,1,2504.0,11,서울특별시,11440,마포구,1144011400,창전동
20260224,11,서울특별시,11440,마포구,1144011400,창전동,11,서울특별시,11200,성동구,1120011500,성수동2가,11,15,1,2300.0,11,서울특별시,11440,마포구,1144011400,창전동
20260224,11,서울특별시,11440,마포구,1144011400,창전동,11,서울특별시,11200,성동구,1120011500,성수동2가,11,30,1,2519.0,11,서울특별시,11440,마포구,1144011400,창전동
20260224,11,서울특별시,11440,마포구,1144011400,창전동,11,서울특별시,11200,성동구,1120011500,성수동2가,11,45,1,2101.0,11,서울특별시,11440,마포구,1144011400,창전동
20260224,11,서울특별시,11440,마포구,1144011500,상수동,11,서울특별시,11200,성동구,1120011500,성수동2가,07,30,3,2355.0,11,서울특별시,11440,마포구,1144011500,상수동
20260224,11,서울특별시,11440,마포구,1144011500,상수동,11,서울특별시,11200,성동구,1120011500,성수동2가,07,45,1,2275.0,11,서울특별시,11440,마포구,1144011500,상수동
20260224,11,서울특별시,11440,마포구,1144011500,상수동,11,서울특별시,11200,성동구,1120011500,성수동2가,08,00,2,2478.0,11,서울특별시,11440,마포구,1144011500,상수동
20260224,11,서울특별시,11440,마포구,1144011500,상수동,11,서울특별시,11200,성동구,1120011500,성수동2가,08,30,1,2367.0,11,서울특별시,11440,마포구,1144011500,상수동
20260224,11,서울특별시,11440,마포구,1144011500,상수동,11,서울특별시,11200,성동구,1120011500,성수동2가,08,45,1,2493.0,11,서울특별시,11440,마포구,1144011500,상수동
20260224,11,서울특별시,11440,마포구,1144011500,상수동,11,서울특별시,11200,성동구,1120011500,성수동2가,09,00,2,2576.0,11,서울특별시,11440,마포구,1144011500,상수동
20260224,11,서울특별시,11440,마포구,1144011500,상수동,11,서울특별시,11200,성동구,1120011500,성수동2가,10,00,2,2745.0,11,서울특별시,11440,마포구,1144011500,상수동
20260224,11,서울특별시,11440,마포구,1144011500,상수동,11,서울특별시,11200,성동구,1120011500,성수동2가,11,00,2,2945.0,11,서울특별시,11440,마포구,1144011500,상수동
20260224,11,서울특별시,11440,마포구,1144011500,상수동,11,서울특별시,11200,성동구,1120011500,성수동2가,11,30,1,4277.0,11,서울특별시,11440,마포구,1144011500,상수동
20260224,11,서울특별시,11440,마포구,1144011500,상수동,11,서울특별시,11200,성동구,1120011500,성수동2가,11,45,1,2702.0,11,서울특별시,11440,마포구,1144011500,상수동
20260224,11,서울특별시,11440,마포구,1144012000,서교동,11,서울특별시,11200,성동구,1120011500,성수동2가,07,00,7,2285.0,11,서울특별시,11440,마포구,1144012000,서교동
20260224,11,서울특별시,11440,마포구,1144012000,서교동,11,서울특별시,11200,성동구,1120011500,성수동2가,07,15,10,2327.0,11,서울특별시,11440,마포구,1144012000,서교동
20260224,11,서울특별시,11440,마포구,1144012000,서교동,11,서울특별시,11200,성동구,1120011500,성수동2가,07,30,13,2249.0,11,서울특별시,11440,마포구,1144012000,서교동
20260224,11,서울특별시,11440,마포구,1144012000,서교동,11,서울특별시,11200,성동구,1120011500,성수동2가,07,45,14,2204.0,11,서울특별시,11440,마포구,1144012000,서교동
20260224,11,서울특별시,11440,마포구,1144012000,서교동,11,서울특별시,11200,성동구,1120011500,성수동2가,08,00,20,2384.0,11,서울특별시,11440,마포구,1144012000,서교동
20260224,11,서울특별시,11440,마포구,1144012000,서교동,11,서울특별시,11200,성동구,1120011500,성수동2가,08,15,5,2145.0,11,서울특별시,11440,마포구,1144012000,서교동
20260224,11,서울특별시,11440,마포구,1144012000,서교동,11,서울특별시,11200,성동구,1120011500,성수동2가,08,30,14,2250.0,11,서울특별시,11440,마포구,1144012000,서교동
20260224,11,서울특별시,11440,마포구,1144012000,서교동,11,서울특별시,11200,성동구,1120011500,성수동2가,08,45,12,2103.0,11,서울특별시,11440,마포구,1144012000,서교동
20260224,11,서울특별시,11440,마포구,1144012000,서교동,11,서울특별시,11200,성동구,1120011500,성수동2가,09,00,10,2220.0,11,서울특별시,11440,마포구,1144012000,서교동
20260224,11,서울특별시,11440,마포구,1144012000,서교동,11,서울특별시,11200,성동구,1120011500,성수동2가,09,15,8,2163.0,11,서울특별시,11440,마포구,1144012000,서교동
20260224,11,서울특별시,11440,마포구,1144012000,서교동,11,서울특별시,11200,성동구,1120011500,성수동2가,09,30,5,2113.0,11,서울특별시,11440,마포구,1144012000,서교동
20260224,11,서울특별시,11440,마포구,1144012000,서교동,11,서울특별시,11200,성동구,1120011500,성수동2가,09,45,3,2112.0,11,서울특별시,11440,마포구,1144012000,서교동
20260224,11,서울특별시,11440,마포구,1144012000,서교동,11,서울특별시,11200,성동구,1120011500,성수동2가,10,00,9,2092.0,11,서울특별시,11440,마포구,1144012000,서교동
20260224,11,서울특별시,11440,마포구,1144012000,서교동,11,서울특별시,11200,성동구,1120011500,성수동2가,10,15,12,2189.0,11,서울특별시,11440,마포구,1144012000,서교동
20260224,11,서울특별시,11440,마포구,1144012000,서교동,11,서울특별시,11200,성동구,1120011500,성수동2가,10,30,2,2970.0,11,서울특별시,11440,마포구,1144012000,서교동
20260224,11,서울특별시,11440,마포구,1144012000,서교동,11,서울특별시,11200,성동구,1120011500,성수동2가,10,45,9,2432.0,11,서울특별시,11440,마포구,1144012000,서교동
20260224,11,서울특별시,11440,마포구,1144012000,서교동,11,서울특별시,11200,성동구,1120011500,성수동2가,11,00,12,2617.0,11,서울특별시,11440,마포구,1144012000,서교동
20260224,11,서울특별시,11440,마포구,1144012000,서교동,11,서울특별시,11200,성동구,1120011500,성수동2가,11,15,1,2699.0,11,서울특별시,11440,마포구,1144012000,서교동
20260224,11,서울특별시,11440,마포구,1144012000,서교동,11,서울특별시,11200,성동구,1120011500,성수동2가,11,30,3,2701.0,11,서울특별시,11440,마포구,1144012000,서교동
20260224,11,서울특별시,11440,마포구,1144012000,서교동,11,서울특별시,11200,성동구,1120011500,성수동2가,11,45,11,2326.0,11,서울특별시,11440,마포구,1144012000,서교동
20260224,11,서울특별시,11440,마포구,1144012100,동교동,11,서울특별시,11200,성동구,1120011500,성수동2가,07,00,2,2198.0,11,서울특별시,11440,마포구,1144012100,동교동
20260224,11,서울특별시,11440,마포구,1144012100,동교동,11,서울특별시,11200,성동구,1120011500,성수동2가,07,15,3,4647.0,11,서울특별시,11440,마포구,1144012100,동교동
20260224,11,서울특별시,11440,마포구,1144012100,동교동,11,서울특별시,11200,성동구,1120011500,성수동2가,07,30,6,1910.0,11,서울특별시,11440,마포구,1144012100,동교동
20260224,11,서울특별시,11440,마포구,1144012100,동교동,11,서울특별시,11200,성동구,1120011500,성수동2가,07,45,9,2031.0,11,서울특별시,11440,마포구,1144012100,동교동
20260224,11,서울특별시,11440,마포구,1144012100,동교동,11,서울특별시,11200,성동구,1120011500,성수동2가,08,00,23,2062.0,11,서울특별시,11440,마포구,1144012100,동교동
20260224,11,서울특별시,11440,마포구,1144012100,동교동,11,서울특별시,11200,성동구,1120011500,성수동2가,08,15,9,1974.0,11,서울특별시,11440,마포구,1144012100,동교동
20260224,11,서울특별시,11440,마포구,1144012100,동교동,11,서울특별시,11200,성동구,1120011500,성수동2가,08,30,7,1954.0,11,서울특별시,11440,마포구,1144012100,동교동
20260224,11,서울특별시,11440,마포구,1144012100,동교동,11,서울특별시,11200,성동구,1120011500,성수동2가,08,45,6,1920.0,11,서울특별시,11440,마포구,1144012100,동교동
20260224,11,서울특별시,11440,마포구,1144012100,동교동,11,서울특별시,11200,성동구,1120011500,성수동2가,09,00,18,1908.0,11,서울특별시,11440,마포구,1144012100,동교동
20260224,11,서울특별시,11440,마포구,1144012100,동교동,11,서울특별시,11200,성동구,1120011500,성수동2가,09,15,26,2137.0,11,서울특별시,11440,마포구,1144012100,동교동
20260224,11,서울특별시,11440,마포구,1144012100,동교동,11,서울특별시,11200,성동구,1120011500,성수동2가,09,30,15,2081.0,11,서울특별시,11440,마포구,1144012100,동교동
20260224,11,서울특별시,11440,마포구,1144012100,동교동,11,서울특별시,11200,성동구,1120011500,성수동2가,09,45,11,2025.0,11,서울특별시,11440,마포구,1144012100,동교동
20260224,11,서울특별시,11440,마포구,1144012100,동교동,11,서울특별시,11200,성동구,1120011500,성수동2가,10,00,29,2102.0,11,서울특별시,11440,마포구,1144012100,동교동
20260224,11,서울특별시,11440,마포구,1144012100,동교동,11,서울특별시,11200,성동구,1120011500,성수동2가,10,15,16,1883.0,11,서울특별시,11440,마포구,1144012100,동교동
20260224,11,서울특별시,11440,마포구,1144012100,동교동,11,서울특별시,11200,성동구,1120011500,성수동2가,10,30,19,2435.0,11,서울특별시,11440,마포구,1144012100,동교동
20260224,11,서울특별시,11440,마포구,1144012100,동교동,11,서울특별시,11200,성동구,1120011500,성수동2가,10,45,25,2223.0,11,서울특별시,11440,마포구,1144012100,동교동
20260224,11,서울특별시,11440,마포구,1144012100,동교동,11,서울특별시,11200,성동구,1120011500,성수동2가,11,00,33,2178.0,11,서울특별시,11440,마포구,1144012100,동교동
20260224,11,서울특별시,11440,마포구,1144012100,동교동,11,서울특별시,11200,성동구,1120011500,성수동2가,11,15,23,2151.0,11,서울특별시,11440,마포구,1144012100,동교동
20260224,11,서울특별시,11440,마포구,1144012100,동교동,11,서울특별시,11200,성동구,1120011500,성수동2가,11,30,21,2095.0,11,서울특별시,11440,마포구,1144012100,동교동
20260224,11,서울특별시,11440,마포구,1144012100,동교동,11,서울특별시,11200,성동구,1120011500,성수동2가,11,45,31,2249.0,11,서울특별시,11440,마포구,1144012100,동교동
20260224,11,서울특별시,11440,마포구,1144012200,합정동,11,서울특별시,11200,성동구,1120011500,성수동2가,07,00,1,2044.0,11,서울특별시,11440,마포구,1144012200,합정동
20260224,11,서울특별시,11440,마포구,1144012200,합정동,11,서울특별시,11200,성동구,1120011500,성수동2가,07,30,1,2501.0,11,서울특별시,11440,마포구,1144012200,합정동
20260224,11,서울특별시,11440,마포구,1144012200,합정동,11,서울특별시,11200,성동구,1120011500,성수동2가,07,45,1,2111.0,11,서울특별시,11440,마포구,1144012200,합정동
20260224,11,서울특별시,11440,마포구,1144012200,합정동,11,서울특별시,11200,성동구,1120011500,성수동2가,08,00,1,2460.0,11,서울특별시,11440,마포구,1144012200,합정동
20260224,11,서울특별시,11440,마포구,1144012200,합정동,11,서울특별시,11200,성동구,1120011500,성수동2가,08,45,1,2225.0,11,서울특별시,11440,마포구,1144012200,합정동
20260224,11,서울특별시,11440,마포구,1144012200,합정동,11,서울특별시,11200,성동구,1120011500,성수동2가,09,00,2,2160.0,11,서울특별시,11440,마포구,1144012200,합정동
20260224,11,서울특별시,11440,마포구,1144012200,합정동,11,서울특별시,11200,성동구,1120011500,성수동2가,09,15,1,2364.0,11,서울특별시,11440,마포구,1144012200,합정동
20260224,11,서울특별시,11440,마포구,1144012200,합정동,11,서울특별시,11200,성동구,1120011500,성수동2가,09,30,1,2202.0,11,서울특별시,11440,마포구,1144012200,합정동
20260224,11,서울특별시,11440,마포구,1144012200,합정동,11,서울특별시,11200,성동구,1120011500,성수동2가,10,00,1,2209.0,11,서울특별시,11440,마포구,1144012200,합정동
20260224,11,서울특별시,11440,마포구,1144012300,망원동,11,서울특별시,11200,성동구,1120011500,성수동2가,07,00,2,2738.0,11,서울특별시,11440,마포구,1144012300,망원동
20260224,11,서울특별시,11440,마포구,1144012300,망원동,11,서울특별시,11200,성동구,1120011500,성수동2가,07,15,1,2592.0,11,서울특별시,11440,마포구,1144012300,망원동
20260224,11,서울특별시,11440,마포구,1144012300,망원동,11,서울특별시,11200,성동구,1120011500,성수동2가,07,30,6,2866.0,11,서울특별시,11440,마포구,1144012300,망원동
20260224,11,서울특별시,11440,마포구,1144012300,망원동,11,서울특별시,11200,성동구,1120011500,성수동2가,07,45,4,2617.0,11,서울특별시,11440,마포구,1144012300,망원동
20260224,11,서울특별시,11440,마포구,1144012300,망원동,11,서울특별시,11200,성동구,1120011500,성수동2가,08,15,1,3271.0,11,서울특별시,11440,마포구,1144012300,망원동
20260224,11,서울특별시,11440,마포구,1144012300,망원동,11,서울특별시,11200,성동구,1120011500,성수동2가,08,30,2,2584.0,11,서울특별시,11440,마포구,1144012300,망원동
20260224,11,서울특별시,11440,마포구,1144012300,망원동,11,서울특별시,11200,성동구,1120011500,성수동2가,08,45,2,2506.0,11,서울특별시,11440,마포구,1144012300,망원동
20260224,11,서울특별시,11440,마포구,1144012300,망원동,11,서울특별시,11200,성동구,1120011500,성수동2가,09,00,2,2645.0,11,서울특별시,11440,마포구,1144012300,망원동
20260224,11,서울특별시,11440,마포구,1144012300,망원동,11,서울특별시,11200,성동구,1120011500,성수동2가,09,30,3,2736.0,11,서울특별시,11440,마포구,1144012300,망원동
20260224,11,서울특별시,11440,마포구,1144012300,망원동,11,서울특별시,11200,성동구,1120011500,성수동2가,09,45,1,2278.0,11,서울특별시,11440,마포구,1144012300,망원동
20260224,11,서울특별시,11440,마포구,1144012300,망원동,11,서울특별시,11200,성동구,1120011500,성수동2가,10,30,1,2398.0,11,서울특별시,11440,마포구,1144012300,망원동
20260224,11,서울특별시,11440,마포구,1144012300,망원동,11,서울특별시,11200,성동구,1120011500,성수동2가,11,00,1,3188.0,11,서울특별시,11440,마포구,1144012300,망원동
20260224,11,서울특별시,11440,마포구,1144012300,망원동,11,서울특별시,11200,성동구,1120011500,성수동2가,11,15,1,2499.0,11,서울특별시,11440,마포구,1144012300,망원동
20260224,11,서울특별시,11440,마포구,1144012400,연남동,11,서울특별시,11200,성동구,1120011500,성수동2가,07,30,1,2442.0,11,서울특별시,11440,마포구,1144012400,연남동
20260224,11,서울특별시,11440,마포구,1144012400,연남동,11,서울특별시,11200,성동구,1120011500,성수동2가,07,45,1,2203.0,11,서울특별시,11440,마포구,1144012400,연남동
20260224,11,서울특별시,11440,마포구,1144012400,연남동,11,서울특별시,11200,성동구,1120011500,성수동2가,08,00,2,2036.0,11,서울특별시,11440,마포구,1144012400,연남동
20260224,11,서울특별시,11440,마포구,1144012400,연남동,11,서울특별시,11200,성동구,1120011500,성수동2가,08,30,2,2087.0,11,서울특별시,11440,마포구,1144012400,연남동
20260224,11,서울특별시,11440,마포구,1144012400,연남동,11,서울특별시,11200,성동구,1120011500,성수동2가,08,45,1,2015.0,11,서울특별시,11440,마포구,1144012400,연남동
20260224,11,서울특별시,11440,마포구,1144012400,연남동,11,서울특별시,11200,성동구,1120011500,성수동2가,10,30,1,2114.0,11,서울특별시,11440,마포구,1144012400,연남동
20260224,11,서울특별시,11440,마포구,1144012400,연남동,11,서울특별시,11200,성동구,1120011500,성수동2가,10,45,1,2825.0,11,서울특별시,11440,마포구,1144012400,연남동
20260224,11,서울특별시,11440,마포구,1144012500,성산동,11,서울특별시,11200,성동구,1120011500,성수동2가,07,00,4,2565.0,11,서울특별시,11440,마포구,1144012500,성산동
20260224,11,서울특별시,11440,마포구,1144012500,성산동,11,서울특별시,11200,성동구,1120011500,성수동2가,07,15,9,2640.0,11,서울특별시,11440,마포구,1144012500,성산동
20260224,11,서울특별시,11440,마포구,1144012500,성산동,11,서울특별시,11200,성동구,1120011500,성수동2가,07,30,14,2698.0,11,서울특별시,11440,마포구,1144012500,성산동
20260224,11,서울특별시,11440,마포구,1144012500,성산동,11,서울특별시,11200,성동구,1120011500,성수동2가,07,45,19,2645.0,11,서울특별시,11440,마포구,1144012500,성산동
20260224,11,서울특별시,11440,마포구,1144012500,성산동,11,서울특별시,11200,성동구,1120011500,성수동2가,08,00,12,2656.0,11,서울특별시,11440,마포구,1144012500,성산동
20260224,11,서울특별시,11440,마포구,1144012500,성산동,11,서울특별시,11200,성동구,1120011500,성수동2가,08,15,5,2553.0,11,서울특별시,11440,마포구,1144012500,성산동
20260224,11,서울특별시,11440,마포구,1144012500,성산동,11,서울특별시,11200,성동구,1120011500,성수동2가,08,30,12,2555.0,11,서울특별시,11440,마포구,1144012500,성산동
20260224,11,서울특별시,11440,마포구,1144012500,성산동,11,서울특별시,11200,성동구,1120011500,성수동2가,08,45,15,2648.0,11,서울특별시,11440,마포구,1144012500,성산동
20260224,11,서울특별시,11440,마포구,1144012500,성산동,11,서울특별시,11200,성동구,1120011500,성수동2가,09,00,12,2432.0,11,서울특별시,11440,마포구,1144012500,성산동
20260224,11,서울특별시,11440,마포구,1144012500,성산동,11,서울특별시,11200,성동구,1120011500,성수동2가,09,15,1,2389.0,11,서울특별시,11440,마포구,1144012500,성산동
20260224,11,서울특별시,11440,마포구,1144012500,성산동,11,서울특별시,11200,성동구,1120011500,성수동2가,09,30,4,2521.0,11,서울특별시,11440,마포구,1144012500,성산동
20260224,11,서울특별시,11440,마포구,1144012500,성산동,11,서울특별시,11200,성동구,1120011500,성수동2가,09,45,5,2484.0,11,서울특별시,11440,마포구,1144012500,성산동
20260224,11,서울특별시,11440,마포구,1144012500,성산동,11,서울특별시,11200,성동구,1120011500,성수동2가,10,00,3,2525.0,11,서울특별시,11440,마포구,1144012500,성산동
20260224,11,서울특별시,11440,마포구,1144012500,성산동,11,서울특별시,11200,성동구,1120011500,성수동2가,10,15,1,2296.0,11,서울특별시,11440,마포구,1144012500,성산동
20260224,11,서울특별시,11440,마포구,1144012500,성산동,11,서울특별시,11200,성동구,1120011500,성수동2가,10,30,1,2543.0,11,서울특별시,11440,마포구,1144012500,성산동
20260224,11,서울특별시,11440,마포구,1144012500,성산동,11,서울특별시,11200,성동구,1120011500,성수동2가,10,45,1,2918.0,11,서울특별시,11440,마포구,1144012500,성산동
20260224,11,서울특별시,11440,마포구,1144012500,성산동,11,서울특별시,11200,성동구,1120011500,성수동2가,11,00,2,2513.0,11,서울특별시,11440,마포구,1144012500,성산동
20260224,11,서울특별시,11440,마포구,1144012500,성산동,11,서울특별시,11200,성동구,1120011500,성수동2가,11,15,5,2734.0,11,서울특별시,11440,마포구,1144012500,성산동
20260224,11,서울특별시,11440,마포구,1144012500,성산동,11,서울특별시,11200,성동구,1120011500,성수동2가,11,30,3,2683.0,11,서울특별시,11440,마포구,1144012500,성산동
20260224,11,서울특별시,11440,마포구,1144012500,성산동,11,서울특별시,11200,성동구,1120011500,성수동2가,11,45,1,2649.0,11,서울특별시,11440,마포구,1144012500,성산동
20260224,11,서울특별시,11440,마포구,1144012600,중동,11,서울특별시,11200,성동구,1120011500,성수동2가,08,45,1,2867.0,11,서울특별시,11440,마포구,1144012600,중동
20260224,11,서울특별시,11440,마포구,1144012700,상암동,11,서울특별시,11200,성동구,1120011500,성수동2가,07,00,8,3189.0,11,서울특별시,11440,마포구,1144012700,상암동
20260224,11,서울특별시,11440,마포구,1144012700,상암동,11,서울특별시,11200,성동구,1120011500,성수동2가,07,15,4,2956.0,11,서울특별시,11440,마포구,1144012700,상암동
20260224,11,서울특별시,11440,마포구,1144012700,상암동,11,서울특별시,11200,성동구,1120011500,성수동2가,07,30,10,2949.0,11,서울특별시,11440,마포구,1144012700,상암동
20260224,11,서울특별시,11440,마포구,1144012700,상암동,11,서울특별시,11200,성동구,1120011500,성수동2가,07,45,5,2872.0,11,서울특별시,11440,마포구,1144012700,상암동
20260224,11,서울특별시,11440,마포구,1144012700,상암동,11,서울특별시,11200,성동구,1120011500,성수동2가,08,00,12,2995.0,11,서울특별시,11440,마포구,1144012700,상암동
20260224,11,서울특별시,11440,마포구,1144012700,상암동,11,서울특별시,11200,성동구,1120011500,성수동2가,08,30,10,2846.0,11,서울특별시,11440,마포구,1144012700,상암동
20260224,11,서울특별시,11440,마포구,1144012700,상암동,11,서울특별시,11200,성동구,1120011500,성수동2가,08,45,7,2799.0,11,서울특별시,11440,마포구,1144012700,상암동
20260224,11,서울특별시,11440,마포구,1144012700,상암동,11,서울특별시,11200,성동구,1120011500,성수동2가,09,00,2,3404.0,11,서울특별시,11440,마포구,1144012700,상암동
20260224,11,서울특별시,11440,마포구,1144012700,상암동,11,서울특별시,11200,성동구,1120011500,성수동2가,09,15,1,3113.0,11,서울특별시,11440,마포구,1144012700,상암동
20260224,11,서울특별시,11440,마포구,1144012700,상암동,11,서울특별시,11200,성동구,1120011500,성수동2가,09,45,4,2865.0,11,서울특별시,11440,마포구,1144012700,상암동
20260224,11,서울특별시,11440,마포구,1144012700,상암동,11,서울특별시,11200,성동구,1120011500,성수동2가,10,00,1,2757.0,11,서울특별시,11440,마포구,1144012700,상암동
20260224,11,서울특별시,11440,마포구,1144012700,상암동,11,서울특별시,11200,성동구,1120011500,성수동2가,10,30,4,2892.0,11,서울특별시,11440,마포구,1144012700,상암동
20260224,11,서울특별시,11440,마포구,1144012700,상암동,11,서울특별시,11200,성동구,1120011500,성수동2가,10,45,3,2898.0,11,서울특별시,11440,마포구,1144012700,상암동
20260224,11,서울특별시,11440,마포구,1144012700,상암동,11,서울특별시,11200,성동구,1120011500,성수동2가,11,00,2,3046.0,11,서울특별시,11440,마포구,1144012700,상암동
20260224,11,서울특별시,11440,마포구,1144012700,상암동,11,서울특별시,11200,성동구,1120011500,성수동2가,11,15,7,2844.0,11,서울특별시,11440,마포구,1144012700,상암동
20260224,11,서울특별시,11440,마포구,1144012700,상암동,11,서울특별시,11200,성동구,1120011500,성수동2가,11,30,1,3026.0,11,서울특별시,11440,마포구,1144012700,상암동
20260224,11,서울특별시,11440,마포구,1144012700,상암동,11,서울특별시,11200,성동구,1120011500,성수동2가,11,45,3,3244.0,11,서울특별시,11440,마포구,1144012700,상암동
20260224,11,서울특별시,11470,양천구,1147010100,신정동,11,서울특별시,11200,성동구,1120011500,성수동2가,07,00,7,3609.0,11,서울특별시,11470,양천구,1147010100,신정동
20260224,11,서울특별시,11470,양천구,1147010100,신정동,11,서울특별시,11200,성동구,1120011500,성수동2가,07,15,8,3457.0,11,서울특별시,11470,양천구,1147010100,신정동
20260224,11,서울특별시,11470,양천구,1147010100,신정동,11,서울특별시,11200,성동구,1120011500,성수동2가,07,30,24,3513.0,11,서울특별시,11470,양천구,1147010100,신정동
20260224,11,서울특별시,11470,양천구,1147010100,신정동,11,서울특별시,11200,성동구,1120011500,성수동2가,07,45,9,3456.0,11,서울특별시,11470,양천구,1147010100,신정동
20260224,11,서울특별시,11470,양천구,1147010100,신정동,11,서울특별시,11200,성동구,1120011500,성수동2가,08,00,9,3570.0,11,서울특별시,11470,양천구,1147010100,신정동
20260224,11,서울특별시,11470,양천구,1147010100,신정동,11,서울특별시,11200,성동구,1120011500,성수동2가,08,15,3,3230.0,11,서울특별시,11470,양천구,1147010100,신정동
20260224,11,서울특별시,11470,양천구,1147010100,신정동,11,서울특별시,11200,성동구,1120011500,성수동2가,08,30,5,4061.0,11,서울특별시,11470,양천구,1147010100,신정동
20260224,11,서울특별시,11470,양천구,1147010100,신정동,11,서울특별시,11200,성동구,1120011500,성수동2가,08,45,4,3391.0,11,서울특별시,11470,양천구,1147010100,신정동
20260224,11,서울특별시,11470,양천구,1147010100,신정동,11,서울특별시,11200,성동구,1120011500,성수동2가,09,00,4,3194.0,11,서울특별시,11470,양천구,1147010100,신정동
20260224,11,서울특별시,11470,양천구,1147010100,신정동,11,서울특별시,11200,성동구,1120011500,성수동2가,09,15,2,3716.0,11,서울특별시,11470,양천구,1147010100,신정동
20260224,11,서울특별시,11470,양천구,1147010100,신정동,11,서울특별시,11200,성동구,1120011500,성수동2가,09,30,7,3384.0,11,서울특별시,11470,양천구,1147010100,신정동
20260224,11,서울특별시,11470,양천구,1147010100,신정동,11,서울특별시,11200,성동구,1120011500,성수동2가,09,45,5,3294.0,11,서울특별시,11470,양천구,1147010100,신정동
20260224,11,서울특별시,11470,양천구,1147010100,신정동,11,서울특별시,11200,성동구,1120011500,성수동2가,10,00,3,4496.0,11,서울특별시,11470,양천구,1147010100,신정동
20260224,11,서울특별시,11470,양천구,1147010100,신정동,11,서울특별시,11200,성동구,1120011500,성수동2가,10,15,1,3210.0,11,서울특별시,11470,양천구,1147010100,신정동
20260224,11,서울특별시,11470,양천구,1147010100,신정동,11,서울특별시,11200,성동구,1120011500,성수동2가,10,30,4,3176.0,11,서울특별시,11470,양천구,1147010100,신정동
20260224,11,서울특별시,11470,양천구,1147010100,신정동,11,서울특별시,11200,성동구,1120011500,성수동2가,10,45,3,3645.0,11,서울특별시,11470,양천구,1147010100,신정동
20260224,11,서울특별시,11470,양천구,1147010100,신정동,11,서울특별시,11200,성동구,1120011500,성수동2가,11,00,3,3719.0,11,서울특별시,11470,양천구,1147010100,신정동
20260224,11,서울특별시,11470,양천구,1147010100,신정동,11,서울특별시,11200,성동구,1120011500,성수동2가,11,15,2,4056.0,11,서울특별시,11470,양천구,1147010100,신정동
20260224,11,서울특별시,11470,양천구,1147010100,신정동,11,서울특별시,11200,성동구,1120011500,성수동2가,11,30,1,4050.0,11,서울특별시,11470,양천구,1147010100,신정동
20260224,11,서울특별시,11470,양천구,1147010100,신정동,11,서울특별시,11200,성동구,1120011500,성수동2가,11,45,1,3033.0,11,서울특별시,11470,양천구,1147010100,신정동
20260224,11,서울특별시,11470,양천구,1147010200,목동,11,서울특별시,11200,성동구,1120011500,성수동2가,07,00,10,2966.0,11,서울특별시,11470,양천구,1147010200,목동
20260224,11,서울특별시,11470,양천구,1147010200,목동,11,서울특별시,11200,성동구,1120011500,성수동2가,07,15,20,3108.0,11,서울특별시,11470,양천구,1147010200,목동
20260224,11,서울특별시,11470,양천구,1147010200,목동,11,서울특별시,11200,성동구,1120011500,성수동2가,07,30,28,3204.0,11,서울특별시,11470,양천구,1147010200,목동
20260224,11,서울특별시,11470,양천구,1147010200,목동,11,서울특별시,11200,성동구,1120011500,성수동2가,07,45,20,3145.0,11,서울특별시,11470,양천구,1147010200,목동
20260224,11,서울특별시,11470,양천구,1147010200,목동,11,서울특별시,11200,성동구,1120011500,성수동2가,08,00,15,3165.0,11,서울특별시,11470,양천구,1147010200,목동
20260224,11,서울특별시,11470,양천구,1147010200,목동,11,서울특별시,11200,성동구,1120011500,성수동2가,08,15,11,3207.0,11,서울특별시,11470,양천구,1147010200,목동
20260224,11,서울특별시,11470,양천구,1147010200,목동,11,서울특별시,11200,성동구,1120011500,성수동2가,08,30,13,2961.0,11,서울특별시,11470,양천구,1147010200,목동
20260224,11,서울특별시,11470,양천구,1147010200,목동,11,서울특별시,11200,성동구,1120011500,성수동2가,08,45,14,3185.0,11,서울특별시,11470,양천구,1147010200,목동
20260224,11,서울특별시,11470,양천구,1147010200,목동,11,서울특별시,11200,성동구,1120011500,성수동2가,09,00,5,2933.0,11,서울특별시,11470,양천구,1147010200,목동
20260224,11,서울특별시,11470,양천구,1147010200,목동,11,서울특별시,11200,성동구,1120011500,성수동2가,09,15,5,3270.0,11,서울특별시,11470,양천구,1147010200,목동
20260224,11,서울특별시,11470,양천구,1147010200,목동,11,서울특별시,11200,성동구,1120011500,성수동2가,09,30,7,2929.0,11,서울특별시,11470,양천구,1147010200,목동
20260224,11,서울특별시,11470,양천구,1147010200,목동,11,서울특별시,11200,성동구,1120011500,성수동2가,09,45,2,2875.0,11,서울특별시,11470,양천구,1147010200,목동
20260224,11,서울특별시,11470,양천구,1147010200,목동,11,서울특별시,11200,성동구,1120011500,성수동2가,10,00,5,3235.0,11,서울특별시,11470,양천구,1147010200,목동
20260224,11,서울특별시,11470,양천구,1147010200,목동,11,서울특별시,11200,성동구,1120011500,성수동2가,10,30,6,3216.0,11,서울특별시,11470,양천구,1147010200,목동
20260224,11,서울특별시,11470,양천구,1147010200,목동,11,서울특별시,11200,성동구,1120011500,성수동2가,10,45,3,3089.0,11,서울특별시,11470,양천구,1147010200,목동
20260224,11,서울특별시,11470,양천구,1147010200,목동,11,서울특별시,11200,성동구,1120011500,성수동2가,11,00,4,3443.0,11,서울특별시,11470,양천구,1147010200,목동
20260224,11,서울특별시,11470,양천구,1147010200,목동,11,서울특별시,11200,성동구,1120011500,성수동2가,11,15,3,2896.0,11,서울특별시,11470,양천구,1147010200,목동
20260224,11,서울특별시,11470,양천구,1147010200,목동,11,서울특별시,11200,성동구,1120011500,성수동2가,11,45,1,3174.0,11,서울특별시,11470,양천구,1147010200,목동
20260224,11,서울특별시,11470,양천구,1147010300,신월동,11,서울특별시,11200,성동구,1120011500,성수동2가,07,00,5,3781.0,11,서울특별시,11470,양천구,1147010300,신월동
20260224,11,서울특별시,11470,양천구,1147010300,신월동,11,서울특별시,11200,성동구,1120011500,성수동2가,07,15,4,3433.0,11,서울특별시,11470,양천구,1147010300,신월동
20260224,11,서울특별시,11470,양천구,1147010300,신월동,11,서울특별시,11200,성동구,1120011500,성수동2가,07,30,6,3832.0,11,서울특별시,11470,양천구,1147010300,신월동
20260224,11,서울특별시,11470,양천구,1147010300,신월동,11,서울특별시,11200,성동구,1120011500,성수동2가,07,45,5,3934.0,11,서울특별시,11470,양천구,1147010300,신월동
20260224,11,서울특별시,11470,양천구,1147010300,신월동,11,서울특별시,11200,성동구,1120011500,성수동2가,08,00,2,4101.0,11,서울특별시,11470,양천구,1147010300,신월동
20260224,11,서울특별시,11470,양천구,1147010300,신월동,11,서울특별시,11200,성동구,1120011500,성수동2가,08,30,4,3717.0,11,서울특별시,11470,양천구,1147010300,신월동
20260224,11,서울특별시,11470,양천구,1147010300,신월동,11,서울특별시,11200,성동구,1120011500,성수동2가,08,45,3,3645.0,11,서울특별시,11470,양천구,1147010300,신월동
20260224,11,서울특별시,11470,양천구,1147010300,신월동,11,서울특별시,11200,성동구,1120011500,성수동2가,09,00,2,3576.0,11,서울특별시,11470,양천구,1147010300,신월동
20260224,11,서울특별시,11470,양천구,1147010300,신월동,11,서울특별시,11200,성동구,1120011500,성수동2가,09,15,1,3050.0,11,서울특별시,11470,양천구,1147010300,신월동
20260224,11,서울특별시,11470,양천구,1147010300,신월동,11,서울특별시,11200,성동구,1120011500,성수동2가,09,45,2,3694.0,11,서울특별시,11470,양천구,1147010300,신월동
20260224,11,서울특별시,11470,양천구,1147010300,신월동,11,서울특별시,11200,성동구,1120011500,성수동2가,10,15,1,5960.0,11,서울특별시,11470,양천구,1147010300,신월동
20260224,11,서울특별시,11470,양천구,1147010300,신월동,11,서울특별시,11200,성동구,1120011500,성수동2가,10,30,2,4210.0,11,서울특별시,11470,양천구,1147010300,신월동
20260224,11,서울특별시,11470,양천구,1147010300,신월동,11,서울특별시,11200,성동구,1120011500,성수동2가,10,45,1,3732.0,11,서울특별시,11470,양천구,1147010300,신월동
20260224,11,서울특별시,11470,양천구,1147010300,신월동,11,서울특별시,11200,성동구,1120011500,성수동2가,11,15,1,3988.0,11,서울특별시,11470,양천구,1147010300,신월동
20260224,11,서울특별시,11470,양천구,1147010300,신월동,11,서울특별시,11200,성동구,1120011500,성수동2가,11,30,1,3807.0,11,서울특별시,11470,양천구,1147010300,신월동
20260224,11,서울특별시,11470,양천구,1147010300,신월동,11,서울특별시,11200,성동구,1120011500,성수동2가,11,45,1,4292.0,11,서울특별시,11470,양천구,1147010300,신월동
20260224,11,서울특별시,11500,강서구,1150010100,염창동,11,서울특별시,11200,성동구,1120011500,성수동2가,07,00,3,2906.0,11,서울특별시,11500,강서구,1150010100,염창동
20260224,11,서울특별시,11500,강서구,1150010100,염창동,11,서울특별시,11200,성동구,1120011500,성수동2가,07,15,4,2934.0,11,서울특별시,11500,강서구,1150010100,염창동
20260224,11,서울특별시,11500,강서구,1150010100,염창동,11,서울특별시,11200,성동구,1120011500,성수동2가,07,30,14,2976.0,11,서울특별시,11500,강서구,1150010100,염창동
20260224,11,서울특별시,11500,강서구,1150010100,염창동,11,서울특별시,11200,성동구,1120011500,성수동2가,07,45,15,3112.0,11,서울특별시,11500,강서구,1150010100,염창동
20260224,11,서울특별시,11500,강서구,1150010100,염창동,11,서울특별시,11200,성동구,1120011500,성수동2가,08,00,6,2932.0,11,서울특별시,11500,강서구,1150010100,염창동
20260224,11,서울특별시,11500,강서구,1150010100,염창동,11,서울특별시,11200,성동구,1120011500,성수동2가,08,15,3,2946.0,11,서울특별시,11500,강서구,1150010100,염창동
20260224,11,서울특별시,11500,강서구,1150010100,염창동,11,서울특별시,11200,성동구,1120011500,성수동2가,08,30,2,2916.0,11,서울특별시,11500,강서구,1150010100,염창동
20260224,11,서울특별시,11500,강서구,1150010100,염창동,11,서울특별시,11200,성동구,1120011500,성수동2가,08,45,4,2952.0,11,서울특별시,11500,강서구,1150010100,염창동
20260224,11,서울특별시,11500,강서구,1150010100,염창동,11,서울특별시,11200,성동구,1120011500,성수동2가,09,00,4,2869.0,11,서울특별시,11500,강서구,1150010100,염창동
20260224,11,서울특별시,11500,강서구,1150010100,염창동,11,서울특별시,11200,성동구,1120011500,성수동2가,09,15,1,2732.0,11,서울특별시,11500,강서구,1150010100,염창동
20260224,11,서울특별시,11500,강서구,1150010100,염창동,11,서울특별시,11200,성동구,1120011500,성수동2가,09,30,1,3016.0,11,서울특별시,11500,강서구,1150010100,염창동
20260224,11,서울특별시,11500,강서구,1150010100,염창동,11,서울특별시,11200,성동구,1120011500,성수동2가,09,45,3,2681.0,11,서울특별시,11500,강서구,1150010100,염창동
20260224,11,서울특별시,11500,강서구,1150010100,염창동,11,서울특별시,11200,성동구,1120011500,성수동2가,10,15,1,2830.0,11,서울특별시,11500,강서구,1150010100,염창동
20260224,11,서울특별시,11500,강서구,1150010100,염창동,11,서울특별시,11200,성동구,1120011500,성수동2가,10,30,1,2787.0,11,서울특별시,11500,강서구,1150010100,염창동
20260224,11,서울특별시,11500,강서구,1150010100,염창동,11,서울특별시,11200,성동구,1120011500,성수동2가,10,45,4,3025.0,11,서울특별시,11500,강서구,1150010100,염창동
20260224,11,서울특별시,11500,강서구,1150010100,염창동,11,서울특별시,11200,성동구,1120011500,성수동2가,11,00,5,3182.0,11,서울특별시,11500,강서구,1150010100,염창동
20260224,11,서울특별시,11500,강서구,1150010200,등촌동,11,서울특별시,11200,성동구,1120011500,성수동2가,07,00,1,3020.0,11,서울특별시,11500,강서구,1150010200,등촌동
20260224,11,서울특별시,11500,강서구,1150010200,등촌동,11,서울특별시,11200,성동구,1120011500,성수동2가,07,15,1,3745.0,11,서울특별시,11500,강서구,1150010200,등촌동
20260224,11,서울특별시,11500,강서구,1150010200,등촌동,11,서울특별시,11200,성동구,1120011500,성수동2가,07,30,1,3263.0,11,서울특별시,11500,강서구,1150010200,등촌동
20260224,11,서울특별시,11500,강서구,1150010200,등촌동,11,서울특별시,11200,성동구,1120011500,성수동2가,08,00,2,3677.0,11,서울특별시,11500,강서구,1150010200,등촌동
20260224,11,서울특별시,11500,강서구,1150010200,등촌동,11,서울특별시,11200,성동구,1120011500,성수동2가,09,45,2,3382.0,11,서울특별시,11500,강서구,1150010200,등촌동
20260224,11,서울특별시,11500,강서구,1150010200,등촌동,11,서울특별시,11200,성동구,1120011500,성수동2가,11,00,1,3633.0,11,서울특별시,11500,강서구,1150010200,등촌동
20260224,11,서울특별시,11500,강서구,1150010300,화곡동,11,서울특별시,11200,성동구,1120011500,성수동2가,07,00,23,3690.0,11,서울특별시,11500,강서구,1150010300,화곡동
20260224,11,서울특별시,11500,강서구,1150010300,화곡동,11,서울특별시,11200,성동구,1120011500,성수동2가,07,15,31,3535.0,11,서울특별시,11500,강서구,1150010300,화곡동
20260224,11,서울특별시,11500,강서구,1150010300,화곡동,11,서울특별시,11200,성동구,1120011500,성수동2가,07,30,40,3537.0,11,서울특별시,11500,강서구,1150010300,화곡동
20260224,11,서울특별시,11500,강서구,1150010300,화곡동,11,서울특별시,11200,성동구,1120011500,성수동2가,07,45,45,3465.0,11,서울특별시,11500,강서구,1150010300,화곡동
20260224,11,서울특별시,11500,강서구,1150010300,화곡동,11,서울특별시,11200,성동구,1120011500,성수동2가,08,00,20,3508.0,11,서울특별시,11500,강서구,1150010300,화곡동
20260224,11,서울특별시,11500,강서구,1150010300,화곡동,11,서울특별시,11200,성동구,1120011500,성수동2가,08,15,30,3475.0,11,서울특별시,11500,강서구,1150010300,화곡동
20260224,11,서울특별시,11500,강서구,1150010300,화곡동,11,서울특별시,11200,성동구,1120011500,성수동2가,08,30,22,3483.0,11,서울특별시,11500,강서구,1150010300,화곡동
20260224,11,서울특별시,11500,강서구,1150010300,화곡동,11,서울특별시,11200,성동구,1120011500,성수동2가,08,45,21,3336.0,11,서울특별시,11500,강서구,1150010300,화곡동
20260224,11,서울특별시,11500,강서구,1150010300,화곡동,11,서울특별시,11200,성동구,1120011500,성수동2가,09,00,6,3353.0,11,서울특별시,11500,강서구,1150010300,화곡동
20260224,11,서울특별시,11500,강서구,1150010300,화곡동,11,서울특별시,11200,성동구,1120011500,성수동2가,09,15,10,3365.0,11,서울특별시,11500,강서구,1150010300,화곡동
20260224,11,서울특별시,11500,강서구,1150010300,화곡동,11,서울특별시,11200,성동구,1120011500,성수동2가,09,30,9,3449.0,11,서울특별시,11500,강서구,1150010300,화곡동
20260224,11,서울특별시,11500,강서구,1150010300,화곡동,11,서울특별시,11200,성동구,1120011500,성수동2가,09,45,10,3499.0,11,서울특별시,11500,강서구,1150010300,화곡동
20260224,11,서울특별시,11500,강서구,1150010300,화곡동,11,서울특별시,11200,성동구,1120011500,성수동2가,10,00,5,3503.0,11,서울특별시,11500,강서구,1150010300,화곡동
20260224,11,서울특별시,11500,강서구,1150010300,화곡동,11,서울특별시,11200,성동구,1120011500,성수동2가,10,15,5,4047.0,11,서울특별시,11500,강서구,1150010300,화곡동
20260224,11,서울특별시,11500,강서구,1150010300,화곡동,11,서울특별시,11200,성동구,1120011500,성수동2가,10,30,4,3600.0,11,서울특별시,11500,강서구,1150010300,화곡동
20260224,11,서울특별시,11500,강서구,1150010300,화곡동,11,서울특별시,11200,성동구,1120011500,성수동2가,10,45,6,3768.0,11,서울특별시,11500,강서구,1150010300,화곡동
20260224,11,서울특별시,11500,강서구,1150010300,화곡동,11,서울특별시,11200,성동구,1120011500,성수동2가,11,00,6,4420.0,11,서울특별시,11500,강서구,1150010300,화곡동
20260224,11,서울특별시,11500,강서구,1150010300,화곡동,11,서울특별시,11200,성동구,1120011500,성수동2가,11,15,3,3563.0,11,서울특별시,11500,강서구,1150010300,화곡동
20260224,11,서울특별시,11500,강서구,1150010300,화곡동,11,서울특별시,11200,성동구,1120011500,성수동2가,11,30,3,3394.0,11,서울특별시,11500,강서구,1150010300,화곡동
20260224,11,서울특별시,11500,강서구,1150010300,화곡동,11,서울특별시,11200,성동구,1120011500,성수동2가,11,45,2,3382.0,11,서울특별시,11500,강서구,1150010300,화곡동
20260224,11,서울특별시,11500,강서구,1150010400,가양동,11,서울특별시,11200,성동구,1120011500,성수동2가,07,00,4,3366.0,11,서울특별시,11500,강서구,1150010400,가양동
20260224,11,서울특별시,11500,강서구,1150010400,가양동,11,서울특별시,11200,성동구,1120011500,성수동2가,07,15,9,3383.0,11,서울특별시,11500,강서구,1150010400,가양동
20260224,11,서울특별시,11500,강서구,1150010400,가양동,11,서울특별시,11200,성동구,1120011500,성수동2가,07,30,13,3282.0,11,서울특별시,11500,강서구,1150010400,가양동
20260224,11,서울특별시,11500,강서구,1150010400,가양동,11,서울특별시,11200,성동구,1120011500,성수동2가,07,45,20,3228.0,11,서울특별시,11500,강서구,1150010400,가양동
20260224,11,서울특별시,11500,강서구,1150010400,가양동,11,서울특별시,11200,성동구,1120011500,성수동2가,08,00,5,3560.0,11,서울특별시,11500,강서구,1150010400,가양동
20260224,11,서울특별시,11500,강서구,1150010400,가양동,11,서울특별시,11200,성동구,1120011500,성수동2가,08,15,8,3251.0,11,서울특별시,11500,강서구,1150010400,가양동
20260224,11,서울특별시,11500,강서구,1150010400,가양동,11,서울특별시,11200,성동구,1120011500,성수동2가,08,30,7,3283.0,11,서울특별시,11500,강서구,1150010400,가양동
20260224,11,서울특별시,11500,강서구,1150010400,가양동,11,서울특별시,11200,성동구,1120011500,성수동2가,08,45,5,3289.0,11,서울특별시,11500,강서구,1150010400,가양동
20260224,11,서울특별시,11500,강서구,1150010400,가양동,11,서울특별시,11200,성동구,1120011500,성수동2가,09,00,5,3222.0,11,서울특별시,11500,강서구,1150010400,가양동
20260224,11,서울특별시,11500,강서구,1150010400,가양동,11,서울특별시,11200,성동구,1120011500,성수동2가,09,15,1,3274.0,11,서울특별시,11500,강서구,1150010400,가양동
20260224,11,서울특별시,11500,강서구,1150010400,가양동,11,서울특별시,11200,성동구,1120011500,성수동2가,09,30,1,3683.0,11,서울특별시,11500,강서구,1150010400,가양동
20260224,11,서울특별시,11500,강서구,1150010400,가양동,11,서울특별시,11200,성동구,1120011500,성수동2가,09,45,5,3276.0,11,서울특별시,11500,강서구,1150010400,가양동
20260224,11,서울특별시,11500,강서구,1150010400,가양동,11,서울특별시,11200,성동구,1120011500,성수동2가,10,00,2,3690.0,11,서울특별시,11500,강서구,1150010400,가양동
20260224,11,서울특별시,11500,강서구,1150010400,가양동,11,서울특별시,11200,성동구,1120011500,성수동2가,10,15,1,3080.0,11,서울특별시,11500,강서구,1150010400,가양동
20260224,11,서울특별시,11500,강서구,1150010400,가양동,11,서울특별시,11200,성동구,1120011500,성수동2가,10,30,1,3132.0,11,서울특별시,11500,강서구,1150010400,가양동
20260224,11,서울특별시,11500,강서구,1150010400,가양동,11,서울특별시,11200,성동구,1120011500,성수동2가,10,45,2,4438.0,11,서울특별시,11500,강서구,1150010400,가양동
20260224,11,서울특별시,11500,강서구,1150010400,가양동,11,서울특별시,11200,성동구,1120011500,성수동2가,11,00,3,3372.0,11,서울특별시,11500,강서구,1150010400,가양동
20260224,11,서울특별시,11500,강서구,1150010400,가양동,11,서울특별시,11200,성동구,1120011500,성수동2가,11,30,1,3406.0,11,서울특별시,11500,강서구,1150010400,가양동
20260224,11,서울특별시,11500,강서구,1150010500,마곡동,11,서울특별시,11200,성동구,1120011500,성수동2가,07,00,2,3830.0,11,서울특별시,11500,강서구,1150010500,마곡동
20260224,11,서울특별시,11500,강서구,1150010500,마곡동,11,서울특별시,11200,성동구,1120011500,성수동2가,07,15,6,3332.0,11,서울특별시,11500,강서구,1150010500,마곡동
20260224,11,서울특별시,11500,강서구,1150010500,마곡동,11,서울특별시,11200,성동구,1120011500,성수동2가,07,30,14,3679.0,11,서울특별시,11500,강서구,1150010500,마곡동
20260224,11,서울특별시,11500,강서구,1150010500,마곡동,11,서울특별시,11200,성동구,1120011500,성수동2가,07,45,7,3560.0,11,서울특별시,11500,강서구,1150010500,마곡동
20260224,11,서울특별시,11500,강서구,1150010500,마곡동,11,서울특별시,11200,성동구,1120011500,성수동2가,08,00,4,3406.0,11,서울특별시,11500,강서구,1150010500,마곡동
20260224,11,서울특별시,11500,강서구,1150010500,마곡동,11,서울특별시,11200,성동구,1120011500,성수동2가,08,15,10,3628.0,11,서울특별시,11500,강서구,1150010500,마곡동
20260224,11,서울특별시,11500,강서구,1150010500,마곡동,11,서울특별시,11200,성동구,1120011500,성수동2가,08,30,5,3463.0,11,서울특별시,11500,강서구,1150010500,마곡동
20260224,11,서울특별시,11500,강서구,1150010500,마곡동,11,서울특별시,11200,성동구,1120011500,성수동2가,08,45,5,3415.0,11,서울특별시,11500,강서구,1150010500,마곡동
20260224,11,서울특별시,11500,강서구,1150010500,마곡동,11,서울특별시,11200,성동구,1120011500,성수동2가,09,00,1,2996.0,11,서울특별시,11500,강서구,1150010500,마곡동
20260224,11,서울특별시,11500,강서구,1150010500,마곡동,11,서울특별시,11200,성동구,1120011500,성수동2가,09,15,2,3358.0,11,서울특별시,11500,강서구,1150010500,마곡동
20260224,11,서울특별시,11500,강서구,1150010500,마곡동,11,서울특별시,11200,성동구,1120011500,성수동2가,09,30,2,3670.0,11,서울특별시,11500,강서구,1150010500,마곡동
20260224,11,서울특별시,11500,강서구,1150010500,마곡동,11,서울특별시,11200,성동구,1120011500,성수동2가,09,45,2,3328.0,11,서울특별시,11500,강서구,1150010500,마곡동
20260224,11,서울특별시,11500,강서구,1150010500,마곡동,11,서울특별시,11200,성동구,1120011500,성수동2가,10,00,8,4320.0,11,서울특별시,11500,강서구,1150010500,마곡동
20260224,11,서울특별시,11500,강서구,1150010500,마곡동,11,서울특별시,11200,성동구,1120011500,성수동2가,10,15,10,4033.0,11,서울특별시,11500,강서구,1150010500,마곡동
20260224,11,서울특별시,11500,강서구,1150010500,마곡동,11,서울특별시,11200,성동구,1120011500,성수동2가,10,30,2,3822.0,11,서울특별시,11500,강서구,1150010500,마곡동
20260224,11,서울특별시,11500,강서구,1150010500,마곡동,11,서울특별시,11200,성동구,1120011500,성수동2가,10,45,4,4009.0,11,서울특별시,11500,강서구,1150010500,마곡동
20260224,11,서울특별시,11500,강서구,1150010500,마곡동,11,서울특별시,11200,성동구,1120011500,성수동2가,11,00,4,3769.0,11,서울특별시,11500,강서구,1150010500,마곡동
20260224,11,서울특별시,11500,강서구,1150010500,마곡동,11,서울특별시,11200,성동구,1120011500,성수동2가,11,45,3,3782.0,11,서울특별시,11500,강서구,1150010500,마곡동
20260224,11,서울특별시,11500,강서구,1150010600,내발산동,11,서울특별시,11200,성동구,1120011500,성수동2가,07,15,1,4123.0,11,서울특별시,11500,강서구,1150010600,내발산동
20260224,11,서울특별시,11500,강서구,1150010600,내발산동,11,서울특별시,11200,성동구,1120011500,성수동2가,07,30,3,4135.0,11,서울특별시,11500,강서구,1150010600,내발산동
20260224,11,서울특별시,11500,강서구,1150010600,내발산동,11,서울특별시,11200,성동구,1120011500,성수동2가,08,00,1,4034.0,11,서울특별시,11500,강서구,1150010600,내발산동
20260224,11,서울특별시,11500,강서구,1150010600,내발산동,11,서울특별시,11200,성동구,1120011500,성수동2가,08,45,1,3526.0,11,서울특별시,11500,강서구,1150010600,내발산동
20260224,11,서울특별시,11500,강서구,1150010600,내발산동,11,서울특별시,11200,성동구,1120011500,성수동2가,09,45,3,3434.0,11,서울특별시,11500,강서구,1150010600,내발산동
20260224,11,서울특별시,11500,강서구,1150010600,내발산동,11,서울특별시,11200,성동구,1120011500,성수동2가,10,15,2,4031.0,11,서울특별시,11500,강서구,1150010600,내발산동
20260224,11,서울특별시,11500,강서구,1150010600,내발산동,11,서울특별시,11200,성동구,1120011500,성수동2가,10,30,2,3809.0,11,서울특별시,11500,강서구,1150010600,내발산동
20260224,11,서울특별시,11500,강서구,1150010800,공항동,11,서울특별시,11200,성동구,1120011500,성수동2가,07,00,2,3803.0,11,서울특별시,11500,강서구,1150010800,공항동
20260224,11,서울특별시,11500,강서구,1150010800,공항동,11,서울특별시,11200,성동구,1120011500,성수동2가,07,15,1,4147.0,11,서울특별시,11500,강서구,1150010800,공항동
20260224,11,서울특별시,11500,강서구,1150010800,공항동,11,서울특별시,11200,성동구,1120011500,성수동2가,07,45,2,3886.0,11,서울특별시,11500,강서구,1150010800,공항동
20260224,11,서울특별시,11500,강서구,1150010800,공항동,11,서울특별시,11200,성동구,1120011500,성수동2가,08,00,1,3965.0,11,서울특별시,11500,강서구,1150010800,공항동
20260224,11,서울특별시,11500,강서구,1150010800,공항동,11,서울특별시,11200,성동구,1120011500,성수동2가,08,15,2,4076.0,11,서울특별시,11500,강서구,1150010800,공항동
20260224,11,서울특별시,11500,강서구,1150010800,공항동,11,서울특별시,11200,성동구,1120011500,성수동2가,08,30,1,3515.0,11,서울특별시,11500,강서구,1150010800,공항동
20260224,11,서울특별시,11500,강서구,1150010800,공항동,11,서울특별시,11200,성동구,1120011500,성수동2가,09,00,1,4095.0,11,서울특별시,11500,강서구,1150010800,공항동
20260224,11,서울특별시,11500,강서구,1150010800,공항동,11,서울특별시,11200,성동구,1120011500,성수동2가,09,15,1,3668.0,11,서울특별시,11500,강서구,1150010800,공항동
20260224,11,서울특별시,11500,강서구,1150010800,공항동,11,서울특별시,11200,성동구,1120011500,성수동2가,10,00,1,3977.0,11,서울특별시,11500,강서구,1150010800,공항동
20260224,11,서울특별시,11500,강서구,1150010800,공항동,11,서울특별시,11200,성동구,1120011500,성수동2가,11,15,1,3693.0,11,서울특별시,11500,강서구,1150010800,공항동
20260224,11,서울특별시,11500,강서구,1150010900,방화동,11,서울특별시,11200,성동구,1120011500,성수동2가,07,00,5,4038.0,11,서울특별시,11500,강서구,1150010900,방화동
20260224,11,서울특별시,11500,강서구,1150010900,방화동,11,서울특별시,11200,성동구,1120011500,성수동2가,07,15,3,4632.0,11,서울특별시,11500,강서구,1150010900,방화동
20260224,11,서울특별시,11500,강서구,1150010900,방화동,11,서울특별시,11200,성동구,1120011500,성수동2가,07,30,6,4397.0,11,서울특별시,11500,강서구,1150010900,방화동
20260224,11,서울특별시,11500,강서구,1150010900,방화동,11,서울특별시,11200,성동구,1120011500,성수동2가,07,45,5,4017.0,11,서울특별시,11500,강서구,1150010900,방화동
20260224,11,서울특별시,11500,강서구,1150010900,방화동,11,서울특별시,11200,성동구,1120011500,성수동2가,08,00,2,4277.0,11,서울특별시,11500,강서구,1150010900,방화동
20260224,11,서울특별시,11500,강서구,1150010900,방화동,11,서울특별시,11200,성동구,1120011500,성수동2가,08,15,2,4426.0,11,서울특별시,11500,강서구,1150010900,방화동
20260224,11,서울특별시,11500,강서구,1150010900,방화동,11,서울특별시,11200,성동구,1120011500,성수동2가,08,30,9,3821.0,11,서울특별시,11500,강서구,1150010900,방화동
20260224,11,서울특별시,11500,강서구,1150010900,방화동,11,서울특별시,11200,성동구,1120011500,성수동2가,09,00,6,3864.0,11,서울특별시,11500,강서구,1150010900,방화동
20260224,11,서울특별시,11500,강서구,1150010900,방화동,11,서울특별시,11200,성동구,1120011500,성수동2가,09,15,2,3198.0,11,서울특별시,11500,강서구,1150010900,방화동
20260224,11,서울특별시,11500,강서구,1150010900,방화동,11,서울특별시,11200,성동구,1120011500,성수동2가,09,30,1,4949.0,11,서울특별시,11500,강서구,1150010900,방화동
20260224,11,서울특별시,11500,강서구,1150010900,방화동,11,서울특별시,11200,성동구,1120011500,성수동2가,10,15,2,4498.0,11,서울특별시,11500,강서구,1150010900,방화동
20260224,11,서울특별시,11500,강서구,1150010900,방화동,11,서울특별시,11200,성동구,1120011500,성수동2가,10,30,1,5150.0,11,서울특별시,11500,강서구,1150010900,방화동
20260224,11,서울특별시,11500,강서구,1150010900,방화동,11,서울특별시,11200,성동구,1120011500,성수동2가,10,45,1,3302.0,11,서울특별시,11500,강서구,1150010900,방화동
20260224,11,서울특별시,11500,강서구,1150010900,방화동,11,서울특별시,11200,성동구,1120011500,성수동2가,11,00,3,4546.0,11,서울특별시,11500,강서구,1150010900,방화동
20260224,11,서울특별시,11500,강서구,1150010900,방화동,11,서울특별시,11200,성동구,1120011500,성수동2가,11,15,1,3599.0,11,서울특별시,11500,강서구,1150010900,방화동
20260224,11,서울특별시,11500,강서구,1150010900,방화동,11,서울특별시,11200,성동구,1120011500,성수동2가,11,30,6,4952.0,11,서울특별시,11500,강서구,1150010900,방화동
20260224,11,서울특별시,11500,강서구,1150010900,방화동,11,서울특별시,11200,성동구,1120011500,성수동2가,11,45,4,4560.0,11,서울특별시,11500,강서구,1150010900,방화동
20260224,11,서울특별시,11500,강서구,1150011000,개화동,11,서울특별시,11200,성동구,1120011500,성수동2가,08,15,1,4664.0,11,서울특별시,11500,강서구,1150011000,개화동
20260224,11,서울특별시,11500,강서구,1150011100,과해동,11,서울특별시,11200,성동구,1120011500,성수동2가,08,00,1,5592.0,11,서울특별시,11500,강서구,1150011100,과해동
20260224,11,서울특별시,11500,강서구,1150011100,과해동,11,서울특별시,11200,성동구,1120011500,성수동2가,08,30,2,4861.0,11,서울특별시,11500,강서구,1150011100,과해동
20260224,11,서울특별시,11500,강서구,1150011100,과해동,11,서울특별시,11200,성동구,1120011500,성수동2가,09,00,2,3657.0,11,서울특별시,11500,강서구,1150011100,과해동
20260224,11,서울특별시,11500,강서구,1150011100,과해동,11,서울특별시,11200,성동구,1120011500,성수동2가,10,15,2,8164.0,11,서울특별시,11500,강서구,1150011100,과해동
20260224,11,서울특별시,11530,구로구,1153010100,신도림동,11,서울특별시,11200,성동구,1120011500,성수동2가,07,00,3,3082.0,11,서울특별시,11530,구로구,1153010100,신도림동
20260224,11,서울특별시,11530,구로구,1153010100,신도림동,11,서울특별시,11200,성동구,1120011500,성수동2가,07,15,2,2972.0,11,서울특별시,11530,구로구,1153010100,신도림동
20260224,11,서울특별시,11530,구로구,1153010100,신도림동,11,서울특별시,11200,성동구,1120011500,성수동2가,07,30,2,2907.0,11,서울특별시,11530,구로구,1153010100,신도림동
20260224,11,서울특별시,11530,구로구,1153010100,신도림동,11,서울특별시,11200,성동구,1120011500,성수동2가,07,45,3,2854.0,11,서울특별시,11530,구로구,1153010100,신도림동
20260224,11,서울특별시,11530,구로구,1153010100,신도림동,11,서울특별시,11200,성동구,1120011500,성수동2가,09,00,1,2544.0,11,서울특별시,11530,구로구,1153010100,신도림동
20260224,11,서울특별시,11530,구로구,1153010100,신도림동,11,서울특별시,11200,성동구,1120011500,성수동2가,09,30,1,2897.0,11,서울특별시,11530,구로구,1153010100,신도림동
20260224,11,서울특별시,11530,구로구,1153010100,신도림동,11,서울특별시,11200,성동구,1120011500,성수동2가,10,15,1,3280.0,11,서울특별시,11530,구로구,1153010100,신도림동
20260224,11,서울특별시,11530,구로구,1153010200,구로동,11,서울특별시,11200,성동구,1120011500,성수동2가,07,00,14,3099.0,11,서울특별시,11530,구로구,1153010200,구로동
20260224,11,서울특별시,11530,구로구,1153010200,구로동,11,서울특별시,11200,성동구,1120011500,성수동2가,07,15,29,3012.0,11,서울특별시,11530,구로구,1153010200,구로동
20260224,11,서울특별시,11530,구로구,1153010200,구로동,11,서울특별시,11200,성동구,1120011500,성수동2가,07,30,40,2986.0,11,서울특별시,11530,구로구,1153010200,구로동
20260224,11,서울특별시,11530,구로구,1153010200,구로동,11,서울특별시,11200,성동구,1120011500,성수동2가,07,45,48,3012.0,11,서울특별시,11530,구로구,1153010200,구로동
20260224,11,서울특별시,11530,구로구,1153010200,구로동,11,서울특별시,11200,성동구,1120011500,성수동2가,08,00,27,3056.0,11,서울특별시,11530,구로구,1153010200,구로동
20260224,11,서울특별시,11530,구로구,1153010200,구로동,11,서울특별시,11200,성동구,1120011500,성수동2가,08,15,18,3153.0,11,서울특별시,11530,구로구,1153010200,구로동
20260224,11,서울특별시,11530,구로구,1153010200,구로동,11,서울특별시,11200,성동구,1120011500,성수동2가,08,30,27,2915.0,11,서울특별시,11530,구로구,1153010200,구로동
20260224,11,서울특별시,11530,구로구,1153010200,구로동,11,서울특별시,11200,성동구,1120011500,성수동2가,08,45,26,3002.0,11,서울특별시,11530,구로구,1153010200,구로동
20260224,11,서울특별시,11530,구로구,1153010200,구로동,11,서울특별시,11200,성동구,1120011500,성수동2가,09,00,18,2969.0,11,서울특별시,11530,구로구,1153010200,구로동
20260224,11,서울특별시,11530,구로구,1153010200,구로동,11,서울특별시,11200,성동구,1120011500,성수동2가,09,15,12,2894.0,11,서울특별시,11530,구로구,1153010200,구로동
20260224,11,서울특별시,11530,구로구,1153010200,구로동,11,서울특별시,11200,성동구,1120011500,성수동2가,09,30,2,2708.0,11,서울특별시,11530,구로구,1153010200,구로동
20260224,11,서울특별시,11530,구로구,1153010200,구로동,11,서울특별시,11200,성동구,1120011500,성수동2가,09,45,10,2820.0,11,서울특별시,11530,구로구,1153010200,구로동
20260224,11,서울특별시,11530,구로구,1153010200,구로동,11,서울특별시,11200,성동구,1120011500,성수동2가,10,00,14,3024.0,11,서울특별시,11530,구로구,1153010200,구로동
20260224,11,서울특별시,11530,구로구,1153010200,구로동,11,서울특별시,11200,성동구,1120011500,성수동2가,10,15,10,2976.0,11,서울특별시,11530,구로구,1153010200,구로동
20260224,11,서울특별시,11530,구로구,1153010200,구로동,11,서울특별시,11200,성동구,1120011500,성수동2가,10,30,3,2770.0,11,서울특별시,11530,구로구,1153010200,구로동
20260224,11,서울특별시,11530,구로구,1153010200,구로동,11,서울특별시,11200,성동구,1120011500,성수동2가,10,45,5,2852.0,11,서울특별시,11530,구로구,1153010200,구로동
20260224,11,서울특별시,11530,구로구,1153010200,구로동,11,서울특별시,11200,성동구,1120011500,성수동2가,11,00,4,2940.0,11,서울특별시,11530,구로구,1153010200,구로동
20260224,11,서울특별시,11530,구로구,1153010200,구로동,11,서울특별시,11200,성동구,1120011500,성수동2가,11,15,10,2922.0,11,서울특별시,11530,구로구,1153010200,구로동
20260224,11,서울특별시,11530,구로구,1153010200,구로동,11,서울특별시,11200,성동구,1120011500,성수동2가,11,30,8,3247.0,11,서울특별시,11530,구로구,1153010200,구로동
20260224,11,서울특별시,11530,구로구,1153010200,구로동,11,서울특별시,11200,성동구,1120011500,성수동2가,11,45,14,3140.0,11,서울특별시,11530,구로구,1153010200,구로동
20260224,11,서울특별시,11530,구로구,1153010300,가리봉동,11,서울특별시,11200,성동구,1120011500,성수동2가,08,30,1,3027.0,11,서울특별시,11530,구로구,1153010300,가리봉동
20260224,11,서울특별시,11530,구로구,1153010300,가리봉동,11,서울특별시,11200,성동구,1120011500,성수동2가,08,45,1,3475.0,11,서울특별시,11530,구로구,1153010300,가리봉동
20260224,11,서울특별시,11530,구로구,1153010300,가리봉동,11,서울특별시,11200,성동구,1120011500,성수동2가,11,00,1,3154.0,11,서울특별시,11530,구로구,1153010300,가리봉동
20260224,11,서울특별시,11530,구로구,1153010600,고척동,11,서울특별시,11200,성동구,1120011500,성수동2가,07,00,6,3577.0,11,서울특별시,11530,구로구,1153010600,고척동
20260224,11,서울특별시,11530,구로구,1153010600,고척동,11,서울특별시,11200,성동구,1120011500,성수동2가,07,15,5,3355.0,11,서울특별시,11530,구로구,1153010600,고척동
20260224,11,서울특별시,11530,구로구,1153010600,고척동,11,서울특별시,11200,성동구,1120011500,성수동2가,07,30,6,3497.0,11,서울특별시,11530,구로구,1153010600,고척동
20260224,11,서울특별시,11530,구로구,1153010600,고척동,11,서울특별시,11200,성동구,1120011500,성수동2가,07,45,4,3407.0,11,서울특별시,11530,구로구,1153010600,고척동
20260224,11,서울특별시,11530,구로구,1153010600,고척동,11,서울특별시,11200,성동구,1120011500,성수동2가,08,00,6,3527.0,11,서울특별시,11530,구로구,1153010600,고척동
20260224,11,서울특별시,11530,구로구,1153010600,고척동,11,서울특별시,11200,성동구,1120011500,성수동2가,08,15,4,3362.0,11,서울특별시,11530,구로구,1153010600,고척동
20260224,11,서울특별시,11530,구로구,1153010600,고척동,11,서울특별시,11200,성동구,1120011500,성수동2가,08,30,1,3311.0,11,서울특별시,11530,구로구,1153010600,고척동
20260224,11,서울특별시,11530,구로구,1153010600,고척동,11,서울특별시,11200,성동구,1120011500,성수동2가,08,45,1,3473.0,11,서울특별시,11530,구로구,1153010600,고척동
20260224,11,서울특별시,11530,구로구,1153010600,고척동,11,서울특별시,11200,성동구,1120011500,성수동2가,09,00,1,3457.0,11,서울특별시,11530,구로구,1153010600,고척동
20260224,11,서울특별시,11530,구로구,1153010600,고척동,11,서울특별시,11200,성동구,1120011500,성수동2가,09,15,1,3232.0,11,서울특별시,11530,구로구,1153010600,고척동
20260224,11,서울특별시,11530,구로구,1153010600,고척동,11,서울특별시,11200,성동구,1120011500,성수동2가,09,45,1,3083.0,11,서울특별시,11530,구로구,1153010600,고척동
20260224,11,서울특별시,11530,구로구,1153010600,고척동,11,서울특별시,11200,성동구,1120011500,성수동2가,10,30,2,3184.0,11,서울특별시,11530,구로구,1153010600,고척동
20260224,11,서울특별시,11530,구로구,1153010600,고척동,11,서울특별시,11200,성동구,1120011500,성수동2가,11,45,1,3620.0,11,서울특별시,11530,구로구,1153010600,고척동
20260224,11,서울특별시,11530,구로구,1153010700,개봉동,11,서울특별시,11200,성동구,1120011500,성수동2가,07,00,10,3794.0,11,서울특별시,11530,구로구,1153010700,개봉동
20260224,11,서울특별시,11530,구로구,1153010700,개봉동,11,서울특별시,11200,성동구,1120011500,성수동2가,07,15,15,3544.0,11,서울특별시,11530,구로구,1153010700,개봉동
20260224,11,서울특별시,11530,구로구,1153010700,개봉동,11,서울특별시,11200,성동구,1120011500,성수동2가,07,30,6,3371.0,11,서울특별시,11530,구로구,1153010700,개봉동
20260224,11,서울특별시,11530,구로구,1153010700,개봉동,11,서울특별시,11200,성동구,1120011500,성수동2가,07,45,11,3585.0,11,서울특별시,11530,구로구,1153010700,개봉동
20260224,11,서울특별시,11530,구로구,1153010700,개봉동,11,서울특별시,11200,성동구,1120011500,성수동2가,08,00,4,3706.0,11,서울특별시,11530,구로구,1153010700,개봉동
20260224,11,서울특별시,11530,구로구,1153010700,개봉동,11,서울특별시,11200,성동구,1120011500,성수동2가,08,15,5,3485.0,11,서울특별시,11530,구로구,1153010700,개봉동
20260224,11,서울특별시,11530,구로구,1153010700,개봉동,11,서울특별시,11200,성동구,1120011500,성수동2가,08,30,4,3795.0,11,서울특별시,11530,구로구,1153010700,개봉동
20260224,11,서울특별시,11530,구로구,1153010700,개봉동,11,서울특별시,11200,성동구,1120011500,성수동2가,08,45,4,3580.0,11,서울특별시,11530,구로구,1153010700,개봉동
20260224,11,서울특별시,11530,구로구,1153010700,개봉동,11,서울특별시,11200,성동구,1120011500,성수동2가,09,00,2,3417.0,11,서울특별시,11530,구로구,1153010700,개봉동
20260224,11,서울특별시,11530,구로구,1153010700,개봉동,11,서울특별시,11200,성동구,1120011500,성수동2가,09,15,2,3414.0,11,서울특별시,11530,구로구,1153010700,개봉동
20260224,11,서울특별시,11530,구로구,1153010700,개봉동,11,서울특별시,11200,성동구,1120011500,성수동2가,09,30,2,3629.0,11,서울특별시,11530,구로구,1153010700,개봉동
20260224,11,서울특별시,11530,구로구,1153010700,개봉동,11,서울특별시,11200,성동구,1120011500,성수동2가,09,45,3,3317.0,11,서울특별시,11530,구로구,1153010700,개봉동
20260224,11,서울특별시,11530,구로구,1153010700,개봉동,11,서울특별시,11200,성동구,1120011500,성수동2가,10,15,3,4247.0,11,서울특별시,11530,구로구,1153010700,개봉동
20260224,11,서울특별시,11530,구로구,1153010700,개봉동,11,서울특별시,11200,성동구,1120011500,성수동2가,10,30,1,3540.0,11,서울특별시,11530,구로구,1153010700,개봉동
20260224,11,서울특별시,11530,구로구,1153010700,개봉동,11,서울특별시,11200,성동구,1120011500,성수동2가,11,45,1,4253.0,11,서울특별시,11530,구로구,1153010700,개봉동
20260224,11,서울특별시,11530,구로구,1153010800,오류동,11,서울특별시,11200,성동구,1120011500,성수동2가,07,00,6,3591.0,11,서울특별시,11530,구로구,1153010800,오류동
20260224,11,서울특별시,11530,구로구,1153010800,오류동,11,서울특별시,11200,성동구,1120011500,성수동2가,07,15,12,3603.0,11,서울특별시,11530,구로구,1153010800,오류동
20260224,11,서울특별시,11530,구로구,1153010800,오류동,11,서울특별시,11200,성동구,1120011500,성수동2가,07,30,14,3733.0,11,서울특별시,11530,구로구,1153010800,오류동
20260224,11,서울특별시,11530,구로구,1153010800,오류동,11,서울특별시,11200,성동구,1120011500,성수동2가,07,45,10,3684.0,11,서울특별시,11530,구로구,1153010800,오류동
20260224,11,서울특별시,11530,구로구,1153010800,오류동,11,서울특별시,11200,성동구,1120011500,성수동2가,08,00,5,3892.0,11,서울특별시,11530,구로구,1153010800,오류동
20260224,11,서울특별시,11530,구로구,1153010800,오류동,11,서울특별시,11200,성동구,1120011500,성수동2가,08,15,3,3893.0,11,서울특별시,11530,구로구,1153010800,오류동
20260224,11,서울특별시,11530,구로구,1153010800,오류동,11,서울특별시,11200,성동구,1120011500,성수동2가,08,30,5,3448.0,11,서울특별시,11530,구로구,1153010800,오류동
20260224,11,서울특별시,11530,구로구,1153010800,오류동,11,서울특별시,11200,성동구,1120011500,성수동2가,08,45,4,3772.0,11,서울특별시,11530,구로구,1153010800,오류동
20260224,11,서울특별시,11530,구로구,1153010800,오류동,11,서울특별시,11200,성동구,1120011500,성수동2가,09,00,1,3328.0,11,서울특별시,11530,구로구,1153010800,오류동
20260224,11,서울특별시,11530,구로구,1153010800,오류동,11,서울특별시,11200,성동구,1120011500,성수동2가,09,15,2,3289.0,11,서울특별시,11530,구로구,1153010800,오류동
20260224,11,서울특별시,11530,구로구,1153010800,오류동,11,서울특별시,11200,성동구,1120011500,성수동2가,09,30,8,3605.0,11,서울특별시,11530,구로구,1153010800,오류동
20260224,11,서울특별시,11530,구로구,1153010800,오류동,11,서울특별시,11200,성동구,1120011500,성수동2가,09,45,5,4167.0,11,서울특별시,11530,구로구,1153010800,오류동
20260224,11,서울특별시,11530,구로구,1153010800,오류동,11,서울특별시,11200,성동구,1120011500,성수동2가,10,30,3,3986.0,11,서울특별시,11530,구로구,1153010800,오류동
20260224,11,서울특별시,11530,구로구,1153010800,오류동,11,서울특별시,11200,성동구,1120011500,성수동2가,11,15,2,3562.0,11,서울특별시,11530,구로구,1153010800,오류동
20260224,11,서울특별시,11530,구로구,1153010800,오류동,11,서울특별시,11200,성동구,1120011500,성수동2가,11,45,4,3524.0,11,서울특별시,11530,구로구,1153010800,오류동
20260224,11,서울특별시,11530,구로구,1153010900,궁동,11,서울특별시,11200,성동구,1120011500,성수동2가,07,00,3,4299.0,11,서울특별시,11530,구로구,1153010900,궁동
20260224,11,서울특별시,11530,구로구,1153010900,궁동,11,서울특별시,11200,성동구,1120011500,성수동2가,07,15,1,3925.0,11,서울특별시,11530,구로구,1153010900,궁동
20260224,11,서울특별시,11530,구로구,1153010900,궁동,11,서울특별시,11200,성동구,1120011500,성수동2가,07,30,1,4112.0,11,서울특별시,11530,구로구,1153010900,궁동
20260224,11,서울특별시,11530,구로구,1153010900,궁동,11,서울특별시,11200,성동구,1120011500,성수동2가,07,45,1,3723.0,11,서울특별시,11530,구로구,1153010900,궁동
20260224,11,서울특별시,11530,구로구,1153010900,궁동,11,서울특별시,11200,성동구,1120011500,성수동2가,08,00,1,4112.0,11,서울특별시,11530,구로구,1153010900,궁동
20260224,11,서울특별시,11530,구로구,1153010900,궁동,11,서울특별시,11200,성동구,1120011500,성수동2가,09,15,1,3843.0,11,서울특별시,11530,구로구,1153010900,궁동
20260224,11,서울특별시,11530,구로구,1153010900,궁동,11,서울특별시,11200,성동구,1120011500,성수동2가,09,30,1,4194.0,11,서울특별시,11530,구로구,1153010900,궁동
20260224,11,서울특별시,11530,구로구,1153011000,온수동,11,서울특별시,11200,성동구,1120011500,성수동2가,07,00,2,4055.0,11,서울특별시,11530,구로구,1153011000,온수동
20260224,11,서울특별시,11530,구로구,1153011000,온수동,11,서울특별시,11200,성동구,1120011500,성수동2가,07,15,1,3397.0,11,서울특별시,11530,구로구,1153011000,온수동
20260224,11,서울특별시,11530,구로구,1153011000,온수동,11,서울특별시,11200,성동구,1120011500,성수동2가,07,30,4,4522.0,11,서울특별시,11530,구로구,1153011000,온수동
20260224,11,서울특별시,11530,구로구,1153011000,온수동,11,서울특별시,11200,성동구,1120011500,성수동2가,08,00,3,3918.0,11,서울특별시,11530,구로구,1153011000,온수동
20260224,11,서울특별시,11530,구로구,1153011000,온수동,11,서울특별시,11200,성동구,1120011500,성수동2가,08,15,3,3865.0,11,서울특별시,11530,구로구,1153011000,온수동
20260224,11,서울특별시,11530,구로구,1153011000,온수동,11,서울특별시,11200,성동구,1120011500,성수동2가,08,45,1,3583.0,11,서울특별시,11530,구로구,1153011000,온수동
20260224,11,서울특별시,11530,구로구,1153011000,온수동,11,서울특별시,11200,성동구,1120011500,성수동2가,09,45,1,4503.0,11,서울특별시,11530,구로구,1153011000,온수동
20260224,11,서울특별시,11530,구로구,1153011000,온수동,11,서울특별시,11200,성동구,1120011500,성수동2가,10,15,1,3576.0,11,서울특별시,11530,구로구,1153011000,온수동
20260224,11,서울특별시,11530,구로구,1153011000,온수동,11,서울특별시,11200,성동구,1120011500,성수동2가,10,45,2,3730.0,11,서울특별시,11530,구로구,1153011000,온수동
20260224,11,서울특별시,11530,구로구,1153011000,온수동,11,서울특별시,11200,성동구,1120011500,성수동2가,11,45,1,4861.0,11,서울특별시,11530,구로구,1153011000,온수동
20260224,11,서울특별시,11530,구로구,1153011100,천왕동,11,서울특별시,11200,성동구,1120011500,성수동2가,07,00,1,3761.0,11,서울특별시,11530,구로구,1153011100,천왕동
20260224,11,서울특별시,11530,구로구,1153011100,천왕동,11,서울특별시,11200,성동구,1120011500,성수동2가,07,15,2,3950.0,11,서울특별시,11530,구로구,1153011100,천왕동
20260224,11,서울특별시,11530,구로구,1153011100,천왕동,11,서울특별시,11200,성동구,1120011500,성수동2가,08,00,1,3883.0,11,서울특별시,11530,구로구,1153011100,천왕동
20260224,11,서울특별시,11530,구로구,1153011200,항동,11,서울특별시,11200,성동구,1120011500,성수동2가,07,00,1,4244.0,11,서울특별시,11530,구로구,1153011200,항동
20260224,11,서울특별시,11530,구로구,1153011200,항동,11,서울특별시,11200,성동구,1120011500,성수동2가,07,45,2,4481.0,11,서울특별시,11530,구로구,1153011200,항동
20260224,11,서울특별시,11530,구로구,1153011200,항동,11,서울특별시,11200,성동구,1120011500,성수동2가,08,30,1,4233.0,11,서울특별시,11530,구로구,1153011200,항동
20260224,11,서울특별시,11530,구로구,1153011200,항동,11,서울특별시,11200,성동구,1120011500,성수동2가,09,00,1,3900.0,11,서울특별시,11530,구로구,1153011200,항동
20260224,11,서울특별시,11530,구로구,1153011200,항동,11,서울특별시,11200,성동구,1120011500,성수동2가,09,15,1,3796.0,11,서울특별시,11530,구로구,1153011200,항동
20260224,11,서울특별시,11545,금천구,1154510100,가산동,11,서울특별시,11200,성동구,1120011500,성수동2가,07,00,8,3609.0,11,서울특별시,11545,금천구,1154510100,가산동
20260224,11,서울특별시,11545,금천구,1154510100,가산동,11,서울특별시,11200,성동구,1120011500,성수동2가,07,15,8,3652.0,11,서울특별시,11545,금천구,1154510100,가산동
20260224,11,서울특별시,11545,금천구,1154510100,가산동,11,서울특별시,11200,성동구,1120011500,성수동2가,07,30,13,3687.0,11,서울특별시,11545,금천구,1154510100,가산동
20260224,11,서울특별시,11545,금천구,1154510100,가산동,11,서울특별시,11200,성동구,1120011500,성수동2가,07,45,15,3611.0,11,서울특별시,11545,금천구,1154510100,가산동
20260224,11,서울특별시,11545,금천구,1154510100,가산동,11,서울특별시,11200,성동구,1120011500,성수동2가,08,00,6,3578.0,11,서울특별시,11545,금천구,1154510100,가산동
20260224,11,서울특별시,11545,금천구,1154510100,가산동,11,서울특별시,11200,성동구,1120011500,성수동2가,08,15,10,3571.0,11,서울특별시,11545,금천구,1154510100,가산동
20260224,11,서울특별시,11545,금천구,1154510100,가산동,11,서울특별시,11200,성동구,1120011500,성수동2가,08,30,5,3778.0,11,서울특별시,11545,금천구,1154510100,가산동
20260224,11,서울특별시,11545,금천구,1154510100,가산동,11,서울특별시,11200,성동구,1120011500,성수동2가,08,45,5,4101.0,11,서울특별시,11545,금천구,1154510100,가산동
20260224,11,서울특별시,11545,금천구,1154510100,가산동,11,서울특별시,11200,성동구,1120011500,성수동2가,09,00,2,3374.0,11,서울특별시,11545,금천구,1154510100,가산동
20260224,11,서울특별시,11545,금천구,1154510100,가산동,11,서울특별시,11200,성동구,1120011500,성수동2가,09,15,2,3582.0,11,서울특별시,11545,금천구,1154510100,가산동
20260224,11,서울특별시,11545,금천구,1154510100,가산동,11,서울특별시,11200,성동구,1120011500,성수동2가,09,45,4,3580.0,11,서울특별시,11545,금천구,1154510100,가산동
20260224,11,서울특별시,11545,금천구,1154510100,가산동,11,서울특별시,11200,성동구,1120011500,성수동2가,10,00,1,3139.0,11,서울특별시,11545,금천구,1154510100,가산동
20260224,11,서울특별시,11545,금천구,1154510100,가산동,11,서울특별시,11200,성동구,1120011500,성수동2가,10,15,1,4081.0,11,서울특별시,11545,금천구,1154510100,가산동
20260224,11,서울특별시,11545,금천구,1154510100,가산동,11,서울특별시,11200,성동구,1120011500,성수동2가,10,30,1,3391.0,11,서울특별시,11545,금천구,1154510100,가산동
20260224,11,서울특별시,11545,금천구,1154510100,가산동,11,서울특별시,11200,성동구,1120011500,성수동2가,11,00,3,4828.0,11,서울특별시,11545,금천구,1154510100,가산동
20260224,11,서울특별시,11545,금천구,1154510100,가산동,11,서울특별시,11200,성동구,1120011500,성수동2가,11,30,2,3395.0,11,서울특별시,11545,금천구,1154510100,가산동
20260224,11,서울특별시,11545,금천구,1154510100,가산동,11,서울특별시,11200,성동구,1120011500,성수동2가,11,45,4,3407.0,11,서울특별시,11545,금천구,1154510100,가산동
20260224,11,서울특별시,11545,금천구,1154510200,독산동,11,서울특별시,11200,성동구,1120011500,성수동2가,07,00,7,3672.0,11,서울특별시,11545,금천구,1154510200,독산동
20260224,11,서울특별시,11545,금천구,1154510200,독산동,11,서울특별시,11200,성동구,1120011500,성수동2가,07,15,11,3344.0,11,서울특별시,11545,금천구,1154510200,독산동
20260224,11,서울특별시,11545,금천구,1154510200,독산동,11,서울특별시,11200,성동구,1120011500,성수동2가,07,30,16,3307.0,11,서울특별시,11545,금천구,1154510200,독산동
20260224,11,서울특별시,11545,금천구,1154510200,독산동,11,서울특별시,11200,성동구,1120011500,성수동2가,07,45,9,3349.0,11,서울특별시,11545,금천구,1154510200,독산동
20260224,11,서울특별시,11545,금천구,1154510200,독산동,11,서울특별시,11200,성동구,1120011500,성수동2가,08,00,7,3690.0,11,서울특별시,11545,금천구,1154510200,독산동
20260224,11,서울특별시,11545,금천구,1154510200,독산동,11,서울특별시,11200,성동구,1120011500,성수동2가,08,15,6,3544.0,11,서울특별시,11545,금천구,1154510200,독산동
20260224,11,서울특별시,11545,금천구,1154510200,독산동,11,서울특별시,11200,성동구,1120011500,성수동2가,08,30,5,3554.0,11,서울특별시,11545,금천구,1154510200,독산동
20260224,11,서울특별시,11545,금천구,1154510200,독산동,11,서울특별시,11200,성동구,1120011500,성수동2가,08,45,10,3373.0,11,서울특별시,11545,금천구,1154510200,독산동
20260224,11,서울특별시,11545,금천구,1154510200,독산동,11,서울특별시,11200,성동구,1120011500,성수동2가,09,00,4,3235.0,11,서울특별시,11545,금천구,1154510200,독산동
20260224,11,서울특별시,11545,금천구,1154510200,독산동,11,서울특별시,11200,성동구,1120011500,성수동2가,09,15,3,3621.0,11,서울특별시,11545,금천구,1154510200,독산동
20260224,11,서울특별시,11545,금천구,1154510200,독산동,11,서울특별시,11200,성동구,1120011500,성수동2가,09,30,3,3219.0,11,서울특별시,11545,금천구,1154510200,독산동
20260224,11,서울특별시,11545,금천구,1154510200,독산동,11,서울특별시,11200,성동구,1120011500,성수동2가,09,45,2,3494.0,11,서울특별시,11545,금천구,1154510200,독산동
20260224,11,서울특별시,11545,금천구,1154510200,독산동,11,서울특별시,11200,성동구,1120011500,성수동2가,10,30,2,3188.0,11,서울특별시,11545,금천구,1154510200,독산동
20260224,11,서울특별시,11545,금천구,1154510200,독산동,11,서울특별시,11200,성동구,1120011500,성수동2가,10,45,2,3757.0,11,서울특별시,11545,금천구,1154510200,독산동
20260224,11,서울특별시,11545,금천구,1154510200,독산동,11,서울특별시,11200,성동구,1120011500,성수동2가,11,00,2,3706.0,11,서울특별시,11545,금천구,1154510200,독산동
20260224,11,서울특별시,11545,금천구,1154510200,독산동,11,서울특별시,11200,성동구,1120011500,성수동2가,11,15,2,3284.0,11,서울특별시,11545,금천구,1154510200,독산동
20260224,11,서울특별시,11545,금천구,1154510200,독산동,11,서울특별시,11200,성동구,1120011500,성수동2가,11,30,1,4110.0,11,서울특별시,11545,금천구,1154510200,독산동
20260224,11,서울특별시,11545,금천구,1154510200,독산동,11,서울특별시,11200,성동구,1120011500,성수동2가,11,45,1,3312.0,11,서울특별시,11545,금천구,1154510200,독산동
20260224,11,서울특별시,11545,금천구,1154510300,시흥동,11,서울특별시,11200,성동구,1120011500,성수동2가,07,00,7,3913.0,11,서울특별시,11545,금천구,1154510300,시흥동
20260224,11,서울특별시,11545,금천구,1154510300,시흥동,11,서울특별시,11200,성동구,1120011500,성수동2가,07,15,5,3963.0,11,서울특별시,11545,금천구,1154510300,시흥동
20260224,11,서울특별시,11545,금천구,1154510300,시흥동,11,서울특별시,11200,성동구,1120011500,성수동2가,07,30,13,4017.0,11,서울특별시,11545,금천구,1154510300,시흥동
20260224,11,서울특별시,11545,금천구,1154510300,시흥동,11,서울특별시,11200,성동구,1120011500,성수동2가,07,45,3,4395.0,11,서울특별시,11545,금천구,1154510300,시흥동
20260224,11,서울특별시,11545,금천구,1154510300,시흥동,11,서울특별시,11200,성동구,1120011500,성수동2가,08,00,3,4069.0,11,서울특별시,11545,금천구,1154510300,시흥동
20260224,11,서울특별시,11545,금천구,1154510300,시흥동,11,서울특별시,11200,성동구,1120011500,성수동2가,08,15,7,4022.0,11,서울특별시,11545,금천구,1154510300,시흥동
20260224,11,서울특별시,11545,금천구,1154510300,시흥동,11,서울특별시,11200,성동구,1120011500,성수동2가,08,30,2,3928.0,11,서울특별시,11545,금천구,1154510300,시흥동
20260224,11,서울특별시,11545,금천구,1154510300,시흥동,11,서울특별시,11200,성동구,1120011500,성수동2가,08,45,4,4022.0,11,서울특별시,11545,금천구,1154510300,시흥동
20260224,11,서울특별시,11545,금천구,1154510300,시흥동,11,서울특별시,11200,성동구,1120011500,성수동2가,09,00,1,3929.0,11,서울특별시,11545,금천구,1154510300,시흥동
20260224,11,서울특별시,11545,금천구,1154510300,시흥동,11,서울특별시,11200,성동구,1120011500,성수동2가,09,45,2,4260.0,11,서울특별시,11545,금천구,1154510300,시흥동
20260224,11,서울특별시,11545,금천구,1154510300,시흥동,11,서울특별시,11200,성동구,1120011500,성수동2가,10,00,2,3952.0,11,서울특별시,11545,금천구,1154510300,시흥동
20260224,11,서울특별시,11545,금천구,1154510300,시흥동,11,서울특별시,11200,성동구,1120011500,성수동2가,11,00,1,4294.0,11,서울특별시,11545,금천구,1154510300,시흥동
20260224,11,서울특별시,11545,금천구,1154510300,시흥동,11,서울특별시,11200,성동구,1120011500,성수동2가,11,15,1,3738.0,11,서울특별시,11545,금천구,1154510300,시흥동
20260224,11,서울특별시,11545,금천구,1154510300,시흥동,11,서울특별시,11200,성동구,1120011500,성수동2가,11,30,1,3938.0,11,서울특별시,11545,금천구,1154510300,시흥동
20260224,11,서울특별시,11545,금천구,1154510300,시흥동,11,서울특별시,11200,성동구,1120011500,성수동2가,11,45,3,3617.0,11,서울특별시,11545,금천구,1154510300,시흥동
20260224,11,서울특별시,11560,영등포구,1156010100,영등포동,11,서울특별시,11200,성동구,1120011500,성수동2가,07,15,1,2783.0,11,서울특별시,11560,영등포구,1156010100,영등포동
20260224,11,서울특별시,11560,영등포구,1156010100,영등포동,11,서울특별시,11200,성동구,1120011500,성수동2가,07,30,2,2817.0,11,서울특별시,11560,영등포구,1156010100,영등포동
20260224,11,서울특별시,11560,영등포구,1156010100,영등포동,11,서울특별시,11200,성동구,1120011500,성수동2가,07,45,4,3034.0,11,서울특별시,11560,영등포구,1156010100,영등포동
20260224,11,서울특별시,11560,영등포구,1156010100,영등포동,11,서울특별시,11200,성동구,1120011500,성수동2가,08,00,2,2955.0,11,서울특별시,11560,영등포구,1156010100,영등포동
20260224,11,서울특별시,11560,영등포구,1156010100,영등포동,11,서울특별시,11200,성동구,1120011500,성수동2가,08,15,3,2746.0,11,서울특별시,11560,영등포구,1156010100,영등포동
20260224,11,서울특별시,11560,영등포구,1156010100,영등포동,11,서울특별시,11200,성동구,1120011500,성수동2가,08,30,2,2563.0,11,서울특별시,11560,영등포구,1156010100,영등포동
20260224,11,서울특별시,11560,영등포구,1156010100,영등포동,11,서울특별시,11200,성동구,1120011500,성수동2가,08,45,5,2972.0,11,서울특별시,11560,영등포구,1156010100,영등포동
20260224,11,서울특별시,11560,영등포구,1156010100,영등포동,11,서울특별시,11200,성동구,1120011500,성수동2가,09,30,2,2970.0,11,서울특별시,11560,영등포구,1156010100,영등포동
20260224,11,서울특별시,11560,영등포구,1156010100,영등포동,11,서울특별시,11200,성동구,1120011500,성수동2가,10,00,1,2866.0,11,서울특별시,11560,영등포구,1156010100,영등포동
20260224,11,서울특별시,11560,영등포구,1156010100,영등포동,11,서울특별시,11200,성동구,1120011500,성수동2가,10,15,2,2771.0,11,서울특별시,11560,영등포구,1156010100,영등포동
20260224,11,서울특별시,11560,영등포구,1156010100,영등포동,11,서울특별시,11200,성동구,1120011500,성수동2가,10,30,3,2918.0,11,서울특별시,11560,영등포구,1156010100,영등포동
20260224,11,서울특별시,11560,영등포구,1156010100,영등포동,11,서울특별시,11200,성동구,1120011500,성수동2가,10,45,3,2769.0,11,서울특별시,11560,영등포구,1156010100,영등포동
20260224,11,서울특별시,11560,영등포구,1156010100,영등포동,11,서울특별시,11200,성동구,1120011500,성수동2가,11,15,2,3049.0,11,서울특별시,11560,영등포구,1156010100,영등포동
20260224,11,서울특별시,11560,영등포구,1156010100,영등포동,11,서울특별시,11200,성동구,1120011500,성수동2가,11,30,2,2671.0,11,서울특별시,11560,영등포구,1156010100,영등포동
20260224,11,서울특별시,11560,영등포구,1156010100,영등포동,11,서울특별시,11200,성동구,1120011500,성수동2가,11,45,1,2645.0,11,서울특별시,11560,영등포구,1156010100,영등포동
20260224,11,서울특별시,11560,영등포구,1156010200,영등포동1가,11,서울특별시,11200,성동구,1120011500,성수동2가,07,30,1,2564.0,11,서울특별시,11560,영등포구,1156010200,영등포동1가
20260224,11,서울특별시,11560,영등포구,1156010200,영등포동1가,11,서울특별시,11200,성동구,1120011500,성수동2가,07,45,1,2612.0,11,서울특별시,11560,영등포구,1156010200,영등포동1가
20260224,11,서울특별시,11560,영등포구,1156010200,영등포동1가,11,서울특별시,11200,성동구,1120011500,성수동2가,08,00,3,2684.0,11,서울특별시,11560,영등포구,1156010200,영등포동1가
20260224,11,서울특별시,11560,영등포구,1156010200,영등포동1가,11,서울특별시,11200,성동구,1120011500,성수동2가,08,30,1,2248.0,11,서울특별시,11560,영등포구,1156010200,영등포동1가
20260224,11,서울특별시,11560,영등포구,1156010200,영등포동1가,11,서울특별시,11200,성동구,1120011500,성수동2가,08,45,1,2342.0,11,서울특별시,11560,영등포구,1156010200,영등포동1가
20260224,11,서울특별시,11560,영등포구,1156010200,영등포동1가,11,서울특별시,11200,성동구,1120011500,성수동2가,09,00,2,2539.0,11,서울특별시,11560,영등포구,1156010200,영등포동1가
20260224,11,서울특별시,11560,영등포구,1156010200,영등포동1가,11,서울특별시,11200,성동구,1120011500,성수동2가,09,30,1,2503.0,11,서울특별시,11560,영등포구,1156010200,영등포동1가
20260224,11,서울특별시,11560,영등포구,1156010200,영등포동1가,11,서울특별시,11200,성동구,1120011500,성수동2가,09,45,1,2330.0,11,서울특별시,11560,영등포구,1156010200,영등포동1가
20260224,11,서울특별시,11560,영등포구,1156010200,영등포동1가,11,서울특별시,11200,성동구,1120011500,성수동2가,10,00,5,2677.0,11,서울특별시,11560,영등포구,1156010200,영등포동1가
20260224,11,서울특별시,11560,영등포구,1156010200,영등포동1가,11,서울특별시,11200,성동구,1120011500,성수동2가,10,45,1,3556.0,11,서울특별시,11560,영등포구,1156010200,영등포동1가
20260224,11,서울특별시,11560,영등포구,1156010200,영등포동1가,11,서울특별시,11200,성동구,1120011500,성수동2가,11,00,1,2909.0,11,서울특별시,11560,영등포구,1156010200,영등포동1가
20260224,11,서울특별시,11560,영등포구,1156010200,영등포동1가,11,서울특별시,11200,성동구,1120011500,성수동2가,11,30,2,2900.0,11,서울특별시,11560,영등포구,1156010200,영등포동1가
20260224,11,서울특별시,11560,영등포구,1156010300,영등포동2가,11,서울특별시,11200,성동구,1120011500,성수동2가,07,45,1,2776.0,11,서울특별시,11560,영등포구,1156010300,영등포동2가
20260224,11,서울특별시,11560,영등포구,1156010400,영등포동3가,11,서울특별시,11200,성동구,1120011500,성수동2가,07,45,1,2990.0,11,서울특별시,11560,영등포구,1156010400,영등포동3가
20260224,11,서울특별시,11560,영등포구,1156010600,영등포동5가,11,서울특별시,11200,성동구,1120011500,성수동2가,07,45,1,2971.0,11,서울특별시,11560,영등포구,1156010600,영등포동5가
20260224,11,서울특별시,11560,영등포구,1156010800,영등포동7가,11,서울특별시,11200,성동구,1120011500,성수동2가,07,00,3,2783.0,11,서울특별시,11560,영등포구,1156010800,영등포동7가
20260224,11,서울특별시,11560,영등포구,1156010800,영등포동7가,11,서울특별시,11200,성동구,1120011500,성수동2가,07,15,2,2498.0,11,서울특별시,11560,영등포구,1156010800,영등포동7가
20260224,11,서울특별시,11560,영등포구,1156010800,영등포동7가,11,서울특별시,11200,성동구,1120011500,성수동2가,07,30,5,2572.0,11,서울특별시,11560,영등포구,1156010800,영등포동7가
20260224,11,서울특별시,11560,영등포구,1156010800,영등포동7가,11,서울특별시,11200,성동구,1120011500,성수동2가,07,45,6,2720.0,11,서울특별시,11560,영등포구,1156010800,영등포동7가
20260224,11,서울특별시,11560,영등포구,1156010800,영등포동7가,11,서울특별시,11200,성동구,1120011500,성수동2가,08,00,6,2789.0,11,서울특별시,11560,영등포구,1156010800,영등포동7가
20260224,11,서울특별시,11560,영등포구,1156010800,영등포동7가,11,서울특별시,11200,성동구,1120011500,성수동2가,08,15,2,2815.0,11,서울특별시,11560,영등포구,1156010800,영등포동7가
20260224,11,서울특별시,11560,영등포구,1156010800,영등포동7가,11,서울특별시,11200,성동구,1120011500,성수동2가,08,30,3,2785.0,11,서울특별시,11560,영등포구,1156010800,영등포동7가
20260224,11,서울특별시,11560,영등포구,1156010800,영등포동7가,11,서울특별시,11200,성동구,1120011500,성수동2가,10,00,3,2775.0,11,서울특별시,11560,영등포구,1156010800,영등포동7가
20260224,11,서울특별시,11560,영등포구,1156010800,영등포동7가,11,서울특별시,11200,성동구,1120011500,성수동2가,10,45,2,2572.0,11,서울특별시,11560,영등포구,1156010800,영등포동7가
20260224,11,서울특별시,11560,영등포구,1156010800,영등포동7가,11,서울특별시,11200,성동구,1120011500,성수동2가,11,00,1,3161.0,11,서울특별시,11560,영등포구,1156010800,영등포동7가
20260224,11,서울특별시,11560,영등포구,1156010800,영등포동7가,11,서울특별시,11200,성동구,1120011500,성수동2가,11,45,1,2982.0,11,서울특별시,11560,영등포구,1156010800,영등포동7가
20260224,11,서울특별시,11560,영등포구,1156010900,영등포동8가,11,서울특별시,11200,성동구,1120011500,성수동2가,07,15,1,2433.0,11,서울특별시,11560,영등포구,1156010900,영등포동8가
20260224,11,서울특별시,11560,영등포구,1156010900,영등포동8가,11,서울특별시,11200,성동구,1120011500,성수동2가,07,45,3,2579.0,11,서울특별시,11560,영등포구,1156010900,영등포동8가
20260224,11,서울특별시,11560,영등포구,1156010900,영등포동8가,11,서울특별시,11200,성동구,1120011500,성수동2가,08,00,1,2257.0,11,서울특별시,11560,영등포구,1156010900,영등포동8가
20260224,11,서울특별시,11560,영등포구,1156010900,영등포동8가,11,서울특별시,11200,성동구,1120011500,성수동2가,08,30,1,2309.0,11,서울특별시,11560,영등포구,1156010900,영등포동8가
20260224,11,서울특별시,11560,영등포구,1156010900,영등포동8가,11,서울특별시,11200,성동구,1120011500,성수동2가,09,30,1,2232.0,11,서울특별시,11560,영등포구,1156010900,영등포동8가
20260224,11,서울특별시,11560,영등포구,1156011000,여의도동,11,서울특별시,11200,성동구,1120011500,성수동2가,07,30,4,2359.0,11,서울특별시,11560,영등포구,1156011000,여의도동
20260224,11,서울특별시,11560,영등포구,1156011000,여의도동,11,서울특별시,11200,성동구,1120011500,성수동2가,07,45,1,2521.0,11,서울특별시,11560,영등포구,1156011000,여의도동
20260224,11,서울특별시,11560,영등포구,1156011000,여의도동,11,서울특별시,11200,성동구,1120011500,성수동2가,08,00,3,2535.0,11,서울특별시,11560,영등포구,1156011000,여의도동
20260224,11,서울특별시,11560,영등포구,1156011000,여의도동,11,서울특별시,11200,성동구,1120011500,성수동2가,08,45,3,3723.0,11,서울특별시,11560,영등포구,1156011000,여의도동
20260224,11,서울특별시,11560,영등포구,1156011000,여의도동,11,서울특별시,11200,성동구,1120011500,성수동2가,09,00,2,2927.0,11,서울특별시,11560,영등포구,1156011000,여의도동
20260224,11,서울특별시,11560,영등포구,1156011000,여의도동,11,서울특별시,11200,성동구,1120011500,성수동2가,09,45,1,3044.0,11,서울특별시,11560,영등포구,1156011000,여의도동
20260224,11,서울특별시,11560,영등포구,1156011000,여의도동,11,서울특별시,11200,성동구,1120011500,성수동2가,10,15,1,2518.0,11,서울특별시,11560,영등포구,1156011000,여의도동
20260224,11,서울특별시,11560,영등포구,1156011000,여의도동,11,서울특별시,11200,성동구,1120011500,성수동2가,10,30,5,2320.0,11,서울특별시,11560,영등포구,1156011000,여의도동
20260224,11,서울특별시,11560,영등포구,1156011000,여의도동,11,서울특별시,11200,성동구,1120011500,성수동2가,10,45,1,2915.0,11,서울특별시,11560,영등포구,1156011000,여의도동
20260224,11,서울특별시,11560,영등포구,1156011000,여의도동,11,서울특별시,11200,성동구,1120011500,성수동2가,11,00,3,3292.0,11,서울특별시,11560,영등포구,1156011000,여의도동
20260224,11,서울특별시,11560,영등포구,1156011000,여의도동,11,서울특별시,11200,성동구,1120011500,성수동2가,11,15,6,2586.0,11,서울특별시,11560,영등포구,1156011000,여의도동
20260224,11,서울특별시,11560,영등포구,1156011000,여의도동,11,서울특별시,11200,성동구,1120011500,성수동2가,11,30,5,2901.0,11,서울특별시,11560,영등포구,1156011000,여의도동
20260224,11,서울특별시,11560,영등포구,1156011000,여의도동,11,서울특별시,11200,성동구,1120011500,성수동2가,11,45,11,2822.0,11,서울특별시,11560,영등포구,1156011000,여의도동
20260224,11,서울특별시,11560,영등포구,1156011300,당산동3가,11,서울특별시,11200,성동구,1120011500,성수동2가,07,00,4,2384.0,11,서울특별시,11560,영등포구,1156011300,당산동3가
20260224,11,서울특별시,11560,영등포구,1156011300,당산동3가,11,서울특별시,11200,성동구,1120011500,성수동2가,07,15,3,2365.0,11,서울특별시,11560,영등포구,1156011300,당산동3가
20260224,11,서울특별시,11560,영등포구,1156011300,당산동3가,11,서울특별시,11200,성동구,1120011500,성수동2가,07,30,12,2377.0,11,서울특별시,11560,영등포구,1156011300,당산동3가
20260224,11,서울특별시,11560,영등포구,1156011300,당산동3가,11,서울특별시,11200,성동구,1120011500,성수동2가,07,45,13,2436.0,11,서울특별시,11560,영등포구,1156011300,당산동3가
20260224,11,서울특별시,11560,영등포구,1156011300,당산동3가,11,서울특별시,11200,성동구,1120011500,성수동2가,08,00,13,2464.0,11,서울특별시,11560,영등포구,1156011300,당산동3가
20260224,11,서울특별시,11560,영등포구,1156011300,당산동3가,11,서울특별시,11200,성동구,1120011500,성수동2가,08,15,2,2340.0,11,서울특별시,11560,영등포구,1156011300,당산동3가
20260224,11,서울특별시,11560,영등포구,1156011300,당산동3가,11,서울특별시,11200,성동구,1120011500,성수동2가,08,30,3,2338.0,11,서울특별시,11560,영등포구,1156011300,당산동3가
20260224,11,서울특별시,11560,영등포구,1156011300,당산동3가,11,서울특별시,11200,성동구,1120011500,성수동2가,08,45,7,2420.0,11,서울특별시,11560,영등포구,1156011300,당산동3가
20260224,11,서울특별시,11560,영등포구,1156011300,당산동3가,11,서울특별시,11200,성동구,1120011500,성수동2가,09,00,6,2341.0,11,서울특별시,11560,영등포구,1156011300,당산동3가
20260224,11,서울특별시,11560,영등포구,1156011300,당산동3가,11,서울특별시,11200,성동구,1120011500,성수동2가,09,15,4,2420.0,11,서울특별시,11560,영등포구,1156011300,당산동3가
20260224,11,서울특별시,11560,영등포구,1156011300,당산동3가,11,서울특별시,11200,성동구,1120011500,성수동2가,09,30,1,2308.0,11,서울특별시,11560,영등포구,1156011300,당산동3가
20260224,11,서울특별시,11560,영등포구,1156011300,당산동3가,11,서울특별시,11200,성동구,1120011500,성수동2가,09,45,2,2494.0,11,서울특별시,11560,영등포구,1156011300,당산동3가
20260224,11,서울특별시,11560,영등포구,1156011300,당산동3가,11,서울특별시,11200,성동구,1120011500,성수동2가,10,00,2,2191.0,11,서울특별시,11560,영등포구,1156011300,당산동3가
20260224,11,서울특별시,11560,영등포구,1156011300,당산동3가,11,서울특별시,11200,성동구,1120011500,성수동2가,10,30,2,2443.0,11,서울특별시,11560,영등포구,1156011300,당산동3가
20260224,11,서울특별시,11560,영등포구,1156011300,당산동3가,11,서울특별시,11200,성동구,1120011500,성수동2가,10,45,1,2296.0,11,서울특별시,11560,영등포구,1156011300,당산동3가
20260224,11,서울특별시,11560,영등포구,1156011300,당산동3가,11,서울특별시,11200,성동구,1120011500,성수동2가,11,00,3,2236.0,11,서울특별시,11560,영등포구,1156011300,당산동3가
20260224,11,서울특별시,11560,영등포구,1156011300,당산동3가,11,서울특별시,11200,성동구,1120011500,성수동2가,11,15,2,2429.0,11,서울특별시,11560,영등포구,1156011300,당산동3가
20260224,11,서울특별시,11560,영등포구,1156011300,당산동3가,11,서울특별시,11200,성동구,1120011500,성수동2가,11,45,2,2434.0,11,서울특별시,11560,영등포구,1156011300,당산동3가
20260224,11,서울특별시,11560,영등포구,1156011500,당산동5가,11,서울특별시,11200,성동구,1120011500,성수동2가,07,00,2,2432.0,11,서울특별시,11560,영등포구,1156011500,당산동5가
20260224,11,서울특별시,11560,영등포구,1156011500,당산동5가,11,서울특별시,11200,성동구,1120011500,성수동2가,07,15,1,2440.0,11,서울특별시,11560,영등포구,1156011500,당산동5가
20260224,11,서울특별시,11560,영등포구,1156011500,당산동5가,11,서울특별시,11200,성동구,1120011500,성수동2가,07,30,1,2384.0,11,서울특별시,11560,영등포구,1156011500,당산동5가
20260224,11,서울특별시,11560,영등포구,1156011500,당산동5가,11,서울특별시,11200,성동구,1120011500,성수동2가,08,00,1,2393.0,11,서울특별시,11560,영등포구,1156011500,당산동5가
20260224,11,서울특별시,11560,영등포구,1156011500,당산동5가,11,서울특별시,11200,성동구,1120011500,성수동2가,08,15,2,2436.0,11,서울특별시,11560,영등포구,1156011500,당산동5가
20260224,11,서울특별시,11560,영등포구,1156011500,당산동5가,11,서울특별시,11200,성동구,1120011500,성수동2가,08,45,2,2419.0,11,서울특별시,11560,영등포구,1156011500,당산동5가
20260224,11,서울특별시,11560,영등포구,1156011500,당산동5가,11,서울특별시,11200,성동구,1120011500,성수동2가,09,00,3,2389.0,11,서울특별시,11560,영등포구,1156011500,당산동5가
20260224,11,서울특별시,11560,영등포구,1156011500,당산동5가,11,서울특별시,11200,성동구,1120011500,성수동2가,09,45,2,2473.0,11,서울특별시,11560,영등포구,1156011500,당산동5가
20260224,11,서울특별시,11560,영등포구,1156011500,당산동5가,11,서울특별시,11200,성동구,1120011500,성수동2가,11,15,2,2506.0,11,서울특별시,11560,영등포구,1156011500,당산동5가
20260224,11,서울특별시,11560,영등포구,1156011500,당산동5가,11,서울특별시,11200,성동구,1120011500,성수동2가,11,45,2,2652.0,11,서울특별시,11560,영등포구,1156011500,당산동5가
20260224,11,서울특별시,11560,영등포구,1156011600,당산동6가,11,서울특별시,11200,성동구,1120011500,성수동2가,07,00,2,2297.0,11,서울특별시,11560,영등포구,1156011600,당산동6가
20260224,11,서울특별시,11560,영등포구,1156011600,당산동6가,11,서울특별시,11200,성동구,1120011500,성수동2가,07,15,5,2267.0,11,서울특별시,11560,영등포구,1156011600,당산동6가
20260224,11,서울특별시,11560,영등포구,1156011600,당산동6가,11,서울특별시,11200,성동구,1120011500,성수동2가,07,30,6,2259.0,11,서울특별시,11560,영등포구,1156011600,당산동6가
20260224,11,서울특별시,11560,영등포구,1156011600,당산동6가,11,서울특별시,11200,성동구,1120011500,성수동2가,07,45,4,2237.0,11,서울특별시,11560,영등포구,1156011600,당산동6가
20260224,11,서울특별시,11560,영등포구,1156011600,당산동6가,11,서울특별시,11200,성동구,1120011500,성수동2가,08,00,10,2312.0,11,서울특별시,11560,영등포구,1156011600,당산동6가
20260224,11,서울특별시,11560,영등포구,1156011600,당산동6가,11,서울특별시,11200,성동구,1120011500,성수동2가,08,15,2,2256.0,11,서울특별시,11560,영등포구,1156011600,당산동6가
20260224,11,서울특별시,11560,영등포구,1156011600,당산동6가,11,서울특별시,11200,성동구,1120011500,성수동2가,08,30,4,2272.0,11,서울특별시,11560,영등포구,1156011600,당산동6가
20260224,11,서울특별시,11560,영등포구,1156011600,당산동6가,11,서울특별시,11200,성동구,1120011500,성수동2가,08,45,3,2311.0,11,서울특별시,11560,영등포구,1156011600,당산동6가
20260224,11,서울특별시,11560,영등포구,1156011600,당산동6가,11,서울특별시,11200,성동구,1120011500,성수동2가,09,00,5,2297.0,11,서울특별시,11560,영등포구,1156011600,당산동6가
20260224,11,서울특별시,11560,영등포구,1156011600,당산동6가,11,서울특별시,11200,성동구,1120011500,성수동2가,09,15,1,2217.0,11,서울특별시,11560,영등포구,1156011600,당산동6가
20260224,11,서울특별시,11560,영등포구,1156011600,당산동6가,11,서울특별시,11200,성동구,1120011500,성수동2가,09,30,1,2079.0,11,서울특별시,11560,영등포구,1156011600,당산동6가
20260224,11,서울특별시,11560,영등포구,1156011600,당산동6가,11,서울특별시,11200,성동구,1120011500,성수동2가,09,45,1,2145.0,11,서울특별시,11560,영등포구,1156011600,당산동6가
20260224,11,서울특별시,11560,영등포구,1156011600,당산동6가,11,서울특별시,11200,성동구,1120011500,성수동2가,10,15,3,2394.0,11,서울특별시,11560,영등포구,1156011600,당산동6가
20260224,11,서울특별시,11560,영등포구,1156011600,당산동6가,11,서울특별시,11200,성동구,1120011500,성수동2가,10,45,2,2304.0,11,서울특별시,11560,영등포구,1156011600,당산동6가
20260224,11,서울특별시,11560,영등포구,1156011600,당산동6가,11,서울특별시,11200,성동구,1120011500,성수동2가,11,00,3,2281.0,11,서울특별시,11560,영등포구,1156011600,당산동6가
20260224,11,서울특별시,11560,영등포구,1156011600,당산동6가,11,서울특별시,11200,성동구,1120011500,성수동2가,11,15,1,3749.0,11,서울특별시,11560,영등포구,1156011600,당산동6가
20260224,11,서울특별시,11560,영등포구,1156011600,당산동6가,11,서울특별시,11200,성동구,1120011500,성수동2가,11,30,2,2178.0,11,서울특별시,11560,영등포구,1156011600,당산동6가
20260224,11,서울특별시,11560,영등포구,1156011600,당산동6가,11,서울특별시,11200,성동구,1120011500,성수동2가,11,45,2,2190.0,11,서울특별시,11560,영등포구,1156011600,당산동6가
20260224,11,서울특별시,11560,영등포구,1156011700,당산동,11,서울특별시,11200,성동구,1120011500,성수동2가,07,15,2,2366.0,11,서울특별시,11560,영등포구,1156011700,당산동
20260224,11,서울특별시,11560,영등포구,1156011700,당산동,11,서울특별시,11200,성동구,1120011500,성수동2가,07,45,1,2414.0,11,서울특별시,11560,영등포구,1156011700,당산동
20260224,11,서울특별시,11560,영등포구,1156011700,당산동,11,서울특별시,11200,성동구,1120011500,성수동2가,08,00,2,2492.0,11,서울특별시,11560,영등포구,1156011700,당산동
20260224,11,서울특별시,11560,영등포구,1156011700,당산동,11,서울특별시,11200,성동구,1120011500,성수동2가,09,00,2,2388.0,11,서울특별시,11560,영등포구,1156011700,당산동
20260224,11,서울특별시,11560,영등포구,1156011700,당산동,11,서울특별시,11200,성동구,1120011500,성수동2가,11,00,1,2281.0,11,서울특별시,11560,영등포구,1156011700,당산동
20260224,11,서울특별시,11560,영등포구,1156011800,도림동,11,서울특별시,11200,성동구,1120011500,성수동2가,07,15,4,3091.0,11,서울특별시,11560,영등포구,1156011800,도림동
20260224,11,서울특별시,11560,영등포구,1156011800,도림동,11,서울특별시,11200,성동구,1120011500,성수동2가,07,30,1,2976.0,11,서울특별시,11560,영등포구,1156011800,도림동
20260224,11,서울특별시,11560,영등포구,1156011800,도림동,11,서울특별시,11200,성동구,1120011500,성수동2가,07,45,2,3030.0,11,서울특별시,11560,영등포구,1156011800,도림동
20260224,11,서울특별시,11560,영등포구,1156011800,도림동,11,서울특별시,11200,성동구,1120011500,성수동2가,08,00,1,2806.0,11,서울특별시,11560,영등포구,1156011800,도림동
20260224,11,서울특별시,11560,영등포구,1156011800,도림동,11,서울특별시,11200,성동구,1120011500,성수동2가,08,30,2,2906.0,11,서울특별시,11560,영등포구,1156011800,도림동
20260224,11,서울특별시,11560,영등포구,1156011800,도림동,11,서울특별시,11200,성동구,1120011500,성수동2가,09,00,2,3087.0,11,서울특별시,11560,영등포구,1156011800,도림동
20260224,11,서울특별시,11560,영등포구,1156011800,도림동,11,서울특별시,11200,성동구,1120011500,성수동2가,09,45,1,2687.0,11,서울특별시,11560,영등포구,1156011800,도림동
20260224,11,서울특별시,11560,영등포구,1156012000,문래동2가,11,서울특별시,11200,성동구,1120011500,성수동2가,07,30,1,2755.0,11,서울특별시,11560,영등포구,1156012000,문래동2가
20260224,11,서울특별시,11560,영등포구,1156012100,문래동3가,11,서울특별시,11200,성동구,1120011500,성수동2가,07,15,1,2527.0,11,서울특별시,11560,영등포구,1156012100,문래동3가
20260224,11,서울특별시,11560,영등포구,1156012100,문래동3가,11,서울특별시,11200,성동구,1120011500,성수동2가,07,30,1,4305.0,11,서울특별시,11560,영등포구,1156012100,문래동3가
20260224,11,서울특별시,11560,영등포구,1156012100,문래동3가,11,서울특별시,11200,성동구,1120011500,성수동2가,07,45,9,2554.0,11,서울특별시,11560,영등포구,1156012100,문래동3가
20260224,11,서울특별시,11560,영등포구,1156012100,문래동3가,11,서울특별시,11200,성동구,1120011500,성수동2가,08,00,7,2562.0,11,서울특별시,11560,영등포구,1156012100,문래동3가
20260224,11,서울특별시,11560,영등포구,1156012100,문래동3가,11,서울특별시,11200,성동구,1120011500,성수동2가,08,15,2,2452.0,11,서울특별시,11560,영등포구,1156012100,문래동3가
20260224,11,서울특별시,11560,영등포구,1156012100,문래동3가,11,서울특별시,11200,성동구,1120011500,성수동2가,08,30,2,2502.0,11,서울특별시,11560,영등포구,1156012100,문래동3가
20260224,11,서울특별시,11560,영등포구,1156012100,문래동3가,11,서울특별시,11200,성동구,1120011500,성수동2가,08,45,2,2553.0,11,서울특별시,11560,영등포구,1156012100,문래동3가
20260224,11,서울특별시,11560,영등포구,1156012100,문래동3가,11,서울특별시,11200,성동구,1120011500,성수동2가,09,15,3,2487.0,11,서울특별시,11560,영등포구,1156012100,문래동3가
20260224,11,서울특별시,11560,영등포구,1156012100,문래동3가,11,서울특별시,11200,성동구,1120011500,성수동2가,09,30,1,2618.0,11,서울특별시,11560,영등포구,1156012100,문래동3가
20260224,11,서울특별시,11560,영등포구,1156012100,문래동3가,11,서울특별시,11200,성동구,1120011500,성수동2가,09,45,1,2366.0,11,서울특별시,11560,영등포구,1156012100,문래동3가
20260224,11,서울특별시,11560,영등포구,1156012100,문래동3가,11,서울특별시,11200,성동구,1120011500,성수동2가,10,00,1,2914.0,11,서울특별시,11560,영등포구,1156012100,문래동3가
20260224,11,서울특별시,11560,영등포구,1156012100,문래동3가,11,서울특별시,11200,성동구,1120011500,성수동2가,11,00,1,2823.0,11,서울특별시,11560,영등포구,1156012100,문래동3가
20260224,11,서울특별시,11560,영등포구,1156012100,문래동3가,11,서울특별시,11200,성동구,1120011500,성수동2가,11,45,2,2472.0,11,서울특별시,11560,영등포구,1156012100,문래동3가
20260224,11,서울특별시,11560,영등포구,1156012300,문래동5가,11,서울특별시,11200,성동구,1120011500,성수동2가,08,30,1,3153.0,11,서울특별시,11560,영등포구,1156012300,문래동5가
20260224,11,서울특별시,11560,영등포구,1156012300,문래동5가,11,서울특별시,11200,성동구,1120011500,성수동2가,08,45,1,2601.0,11,서울특별시,11560,영등포구,1156012300,문래동5가
20260224,11,서울특별시,11560,영등포구,1156012300,문래동5가,11,서울특별시,11200,성동구,1120011500,성수동2가,09,45,1,2682.0,11,서울특별시,11560,영등포구,1156012300,문래동5가
20260224,11,서울특별시,11560,영등포구,1156012400,문래동6가,11,서울특별시,11200,성동구,1120011500,성수동2가,07,00,1,2597.0,11,서울특별시,11560,영등포구,1156012400,문래동6가
20260224,11,서울특별시,11560,영등포구,1156012400,문래동6가,11,서울특별시,11200,성동구,1120011500,성수동2가,07,15,1,2703.0,11,서울특별시,11560,영등포구,1156012400,문래동6가
20260224,11,서울특별시,11560,영등포구,1156012400,문래동6가,11,서울특별시,11200,성동구,1120011500,성수동2가,07,30,1,2906.0,11,서울특별시,11560,영등포구,1156012400,문래동6가
20260224,11,서울특별시,11560,영등포구,1156012400,문래동6가,11,서울특별시,11200,성동구,1120011500,성수동2가,07,45,1,2890.0,11,서울특별시,11560,영등포구,1156012400,문래동6가
20260224,11,서울특별시,11560,영등포구,1156012400,문래동6가,11,서울특별시,11200,성동구,1120011500,성수동2가,08,00,2,2688.0,11,서울특별시,11560,영등포구,1156012400,문래동6가
20260224,11,서울특별시,11560,영등포구,1156012400,문래동6가,11,서울특별시,11200,성동구,1120011500,성수동2가,08,15,3,2763.0,11,서울특별시,11560,영등포구,1156012400,문래동6가
20260224,11,서울특별시,11560,영등포구,1156012400,문래동6가,11,서울특별시,11200,성동구,1120011500,성수동2가,09,00,2,3029.0,11,서울특별시,11560,영등포구,1156012400,문래동6가
20260224,11,서울특별시,11560,영등포구,1156012400,문래동6가,11,서울특별시,11200,성동구,1120011500,성수동2가,09,15,1,2650.0,11,서울특별시,11560,영등포구,1156012400,문래동6가
20260224,11,서울특별시,11560,영등포구,1156012400,문래동6가,11,서울특별시,11200,성동구,1120011500,성수동2가,09,30,1,2605.0,11,서울특별시,11560,영등포구,1156012400,문래동6가
20260224,11,서울특별시,11560,영등포구,1156012400,문래동6가,11,서울특별시,11200,성동구,1120011500,성수동2가,10,45,1,2771.0,11,서울특별시,11560,영등포구,1156012400,문래동6가
20260224,11,서울특별시,11560,영등포구,1156012500,양평동1가,11,서울특별시,11200,성동구,1120011500,성수동2가,07,45,2,2692.0,11,서울특별시,11560,영등포구,1156012500,양평동1가
20260224,11,서울특별시,11560,영등포구,1156012500,양평동1가,11,서울특별시,11200,성동구,1120011500,성수동2가,08,15,1,2640.0,11,서울특별시,11560,영등포구,1156012500,양평동1가
20260224,11,서울특별시,11560,영등포구,1156012500,양평동1가,11,서울특별시,11200,성동구,1120011500,성수동2가,08,30,2,2620.0,11,서울특별시,11560,영등포구,1156012500,양평동1가
20260224,11,서울특별시,11560,영등포구,1156012500,양평동1가,11,서울특별시,11200,성동구,1120011500,성수동2가,08,45,1,2575.0,11,서울특별시,11560,영등포구,1156012500,양평동1가
20260224,11,서울특별시,11560,영등포구,1156012500,양평동1가,11,서울특별시,11200,성동구,1120011500,성수동2가,09,00,1,2879.0,11,서울특별시,11560,영등포구,1156012500,양평동1가
20260224,11,서울특별시,11560,영등포구,1156012500,양평동1가,11,서울특별시,11200,성동구,1120011500,성수동2가,09,45,1,2741.0,11,서울특별시,11560,영등포구,1156012500,양평동1가
20260224,11,서울특별시,11560,영등포구,1156012500,양평동1가,11,서울특별시,11200,성동구,1120011500,성수동2가,11,30,1,3116.0,11,서울특별시,11560,영등포구,1156012500,양평동1가
20260224,11,서울특별시,11560,영등포구,1156012600,양평동2가,11,서울특별시,11200,성동구,1120011500,성수동2가,07,15,3,2889.0,11,서울특별시,11560,영등포구,1156012600,양평동2가
20260224,11,서울특별시,11560,영등포구,1156012600,양평동2가,11,서울특별시,11200,성동구,1120011500,성수동2가,07,30,1,3491.0,11,서울특별시,11560,영등포구,1156012600,양평동2가
20260224,11,서울특별시,11560,영등포구,1156012600,양평동2가,11,서울특별시,11200,성동구,1120011500,성수동2가,07,45,2,2948.0,11,서울특별시,11560,영등포구,1156012600,양평동2가
20260224,11,서울특별시,11560,영등포구,1156012600,양평동2가,11,서울특별시,11200,성동구,1120011500,성수동2가,08,00,1,2714.0,11,서울특별시,11560,영등포구,1156012600,양평동2가
20260224,11,서울특별시,11560,영등포구,1156012600,양평동2가,11,서울특별시,11200,성동구,1120011500,성수동2가,08,15,2,2983.0,11,서울특별시,11560,영등포구,1156012600,양평동2가
20260224,11,서울특별시,11560,영등포구,1156012600,양평동2가,11,서울특별시,11200,성동구,1120011500,성수동2가,08,30,1,3126.0,11,서울특별시,11560,영등포구,1156012600,양평동2가
20260224,11,서울특별시,11560,영등포구,1156012600,양평동2가,11,서울특별시,11200,성동구,1120011500,성수동2가,08,45,1,3061.0,11,서울특별시,11560,영등포구,1156012600,양평동2가
20260224,11,서울특별시,11560,영등포구,1156012600,양평동2가,11,서울특별시,11200,성동구,1120011500,성수동2가,09,30,1,2651.0,11,서울특별시,11560,영등포구,1156012600,양평동2가
20260224,11,서울특별시,11560,영등포구,1156012600,양평동2가,11,서울특별시,11200,성동구,1120011500,성수동2가,10,30,1,2895.0,11,서울특별시,11560,영등포구,1156012600,양평동2가
20260224,11,서울특별시,11560,영등포구,1156012600,양평동2가,11,서울특별시,11200,성동구,1120011500,성수동2가,11,00,2,3240.0,11,서울특별시,11560,영등포구,1156012600,양평동2가
20260224,11,서울특별시,11560,영등포구,1156012600,양평동2가,11,서울특별시,11200,성동구,1120011500,성수동2가,11,45,1,3010.0,11,서울특별시,11560,영등포구,1156012600,양평동2가
20260224,11,서울특별시,11560,영등포구,1156012700,양평동3가,11,서울특별시,11200,성동구,1120011500,성수동2가,07,30,1,2809.0,11,서울특별시,11560,영등포구,1156012700,양평동3가
20260224,11,서울특별시,11560,영등포구,1156012700,양평동3가,11,서울특별시,11200,성동구,1120011500,성수동2가,08,30,2,3003.0,11,서울특별시,11560,영등포구,1156012700,양평동3가
20260224,11,서울특별시,11560,영등포구,1156012700,양평동3가,11,서울특별시,11200,성동구,1120011500,성수동2가,08,45,1,2426.0,11,서울특별시,11560,영등포구,1156012700,양평동3가
20260224,11,서울특별시,11560,영등포구,1156012700,양평동3가,11,서울특별시,11200,성동구,1120011500,성수동2가,10,45,1,2606.0,11,서울특별시,11560,영등포구,1156012700,양평동3가
20260224,11,서울특별시,11560,영등포구,1156012800,양평동4가,11,서울특별시,11200,성동구,1120011500,성수동2가,07,30,1,2387.0,11,서울특별시,11560,영등포구,1156012800,양평동4가
20260224,11,서울특별시,11560,영등포구,1156012900,양평동5가,11,서울특별시,11200,성동구,1120011500,성수동2가,07,00,1,2795.0,11,서울특별시,11560,영등포구,1156012900,양평동5가
20260224,11,서울특별시,11560,영등포구,1156012900,양평동5가,11,서울특별시,11200,성동구,1120011500,성수동2가,07,30,2,2760.0,11,서울특별시,11560,영등포구,1156012900,양평동5가
20260224,11,서울특별시,11560,영등포구,1156012900,양평동5가,11,서울특별시,11200,성동구,1120011500,성수동2가,07,45,1,2543.0,11,서울특별시,11560,영등포구,1156012900,양평동5가
20260224,11,서울특별시,11560,영등포구,1156012900,양평동5가,11,서울특별시,11200,성동구,1120011500,성수동2가,08,00,1,3072.0,11,서울특별시,11560,영등포구,1156012900,양평동5가
20260224,11,서울특별시,11560,영등포구,1156012900,양평동5가,11,서울특별시,11200,성동구,1120011500,성수동2가,08,15,1,2401.0,11,서울특별시,11560,영등포구,1156012900,양평동5가
20260224,11,서울특별시,11560,영등포구,1156012900,양평동5가,11,서울특별시,11200,성동구,1120011500,성수동2가,08,30,2,3216.0,11,서울특별시,11560,영등포구,1156012900,양평동5가
20260224,11,서울특별시,11560,영등포구,1156012900,양평동5가,11,서울특별시,11200,성동구,1120011500,성수동2가,09,00,1,2490.0,11,서울특별시,11560,영등포구,1156012900,양평동5가
20260224,11,서울특별시,11560,영등포구,1156012900,양평동5가,11,서울특별시,11200,성동구,1120011500,성수동2가,09,15,1,2650.0,11,서울특별시,11560,영등포구,1156012900,양평동5가
20260224,11,서울특별시,11560,영등포구,1156012900,양평동5가,11,서울특별시,11200,성동구,1120011500,성수동2가,09,45,5,3001.0,11,서울특별시,11560,영등포구,1156012900,양평동5가
20260224,11,서울특별시,11560,영등포구,1156012900,양평동5가,11,서울특별시,11200,성동구,1120011500,성수동2가,10,00,1,2495.0,11,서울특별시,11560,영등포구,1156012900,양평동5가
20260224,11,서울특별시,11560,영등포구,1156012900,양평동5가,11,서울특별시,11200,성동구,1120011500,성수동2가,10,45,1,2632.0,11,서울특별시,11560,영등포구,1156012900,양평동5가
20260224,11,서울특별시,11560,영등포구,1156012900,양평동5가,11,서울특별시,11200,성동구,1120011500,성수동2가,11,30,3,3628.0,11,서울특별시,11560,영등포구,1156012900,양평동5가
20260224,11,서울특별시,11560,영등포구,1156013100,양화동,11,서울특별시,11200,성동구,1120011500,성수동2가,07,15,1,2526.0,11,서울특별시,11560,영등포구,1156013100,양화동
20260224,11,서울특별시,11560,영등포구,1156013100,양화동,11,서울특별시,11200,성동구,1120011500,성수동2가,07,45,1,2575.0,11,서울특별시,11560,영등포구,1156013100,양화동
20260224,11,서울특별시,11560,영등포구,1156013100,양화동,11,서울특별시,11200,성동구,1120011500,성수동2가,08,00,1,2504.0,11,서울특별시,11560,영등포구,1156013100,양화동
20260224,11,서울특별시,11560,영등포구,1156013100,양화동,11,서울특별시,11200,성동구,1120011500,성수동2가,11,00,1,2498.0,11,서울특별시,11560,영등포구,1156013100,양화동
20260224,11,서울특별시,11560,영등포구,1156013200,신길동,11,서울특별시,11200,성동구,1120011500,성수동2가,07,00,9,2804.0,11,서울특별시,11560,영등포구,1156013200,신길동
20260224,11,서울특별시,11560,영등포구,1156013200,신길동,11,서울특별시,11200,성동구,1120011500,성수동2가,07,15,11,2798.0,11,서울특별시,11560,영등포구,1156013200,신길동
20260224,11,서울특별시,11560,영등포구,1156013200,신길동,11,서울특별시,11200,성동구,1120011500,성수동2가,07,30,15,2759.0,11,서울특별시,11560,영등포구,1156013200,신길동
20260224,11,서울특별시,11560,영등포구,1156013200,신길동,11,서울특별시,11200,성동구,1120011500,성수동2가,07,45,19,2711.0,11,서울특별시,11560,영등포구,1156013200,신길동
20260224,11,서울특별시,11560,영등포구,1156013200,신길동,11,서울특별시,11200,성동구,1120011500,성수동2가,08,00,15,2735.0,11,서울특별시,11560,영등포구,1156013200,신길동
20260224,11,서울특별시,11560,영등포구,1156013200,신길동,11,서울특별시,11200,성동구,1120011500,성수동2가,08,15,11,2702.0,11,서울특별시,11560,영등포구,1156013200,신길동
20260224,11,서울특별시,11560,영등포구,1156013200,신길동,11,서울특별시,11200,성동구,1120011500,성수동2가,08,30,12,2798.0,11,서울특별시,11560,영등포구,1156013200,신길동
20260224,11,서울특별시,11560,영등포구,1156013200,신길동,11,서울특별시,11200,성동구,1120011500,성수동2가,08,45,10,2766.0,11,서울특별시,11560,영등포구,1156013200,신길동
20260224,11,서울특별시,11560,영등포구,1156013200,신길동,11,서울특별시,11200,성동구,1120011500,성수동2가,09,00,12,2850.0,11,서울특별시,11560,영등포구,1156013200,신길동
20260224,11,서울특별시,11560,영등포구,1156013200,신길동,11,서울특별시,11200,성동구,1120011500,성수동2가,09,15,2,2465.0,11,서울특별시,11560,영등포구,1156013200,신길동
20260224,11,서울특별시,11560,영등포구,1156013200,신길동,11,서울특별시,11200,성동구,1120011500,성수동2가,09,30,6,2612.0,11,서울특별시,11560,영등포구,1156013200,신길동
20260224,11,서울특별시,11560,영등포구,1156013200,신길동,11,서울특별시,11200,성동구,1120011500,성수동2가,09,45,6,2733.0,11,서울특별시,11560,영등포구,1156013200,신길동
20260224,11,서울특별시,11560,영등포구,1156013200,신길동,11,서울특별시,11200,성동구,1120011500,성수동2가,10,00,2,2670.0,11,서울특별시,11560,영등포구,1156013200,신길동
20260224,11,서울특별시,11560,영등포구,1156013200,신길동,11,서울특별시,11200,성동구,1120011500,성수동2가,10,15,4,3014.0,11,서울특별시,11560,영등포구,1156013200,신길동
20260224,11,서울특별시,11560,영등포구,1156013200,신길동,11,서울특별시,11200,성동구,1120011500,성수동2가,10,30,2,2902.0,11,서울특별시,11560,영등포구,1156013200,신길동
20260224,11,서울특별시,11560,영등포구,1156013200,신길동,11,서울특별시,11200,성동구,1120011500,성수동2가,10,45,1,2806.0,11,서울특별시,11560,영등포구,1156013200,신길동
20260224,11,서울특별시,11560,영등포구,1156013200,신길동,11,서울특별시,11200,성동구,1120011500,성수동2가,11,00,3,2548.0,11,서울특별시,11560,영등포구,1156013200,신길동
20260224,11,서울특별시,11560,영등포구,1156013300,대림동,11,서울특별시,11200,성동구,1120011500,성수동2가,07,00,2,3176.0,11,서울특별시,11560,영등포구,1156013300,대림동
20260224,11,서울특별시,11560,영등포구,1156013300,대림동,11,서울특별시,11200,성동구,1120011500,성수동2가,07,15,1,3087.0,11,서울특별시,11560,영등포구,1156013300,대림동
20260224,11,서울특별시,11560,영등포구,1156013300,대림동,11,서울특별시,11200,성동구,1120011500,성수동2가,07,30,3,3231.0,11,서울특별시,11560,영등포구,1156013300,대림동
20260224,11,서울특별시,11560,영등포구,1156013300,대림동,11,서울특별시,11200,성동구,1120011500,성수동2가,07,45,6,3146.0,11,서울특별시,11560,영등포구,1156013300,대림동
20260224,11,서울특별시,11560,영등포구,1156013300,대림동,11,서울특별시,11200,성동구,1120011500,성수동2가,08,00,3,2895.0,11,서울특별시,11560,영등포구,1156013300,대림동
20260224,11,서울특별시,11560,영등포구,1156013300,대림동,11,서울특별시,11200,성동구,1120011500,성수동2가,08,15,3,3271.0,11,서울특별시,11560,영등포구,1156013300,대림동
20260224,11,서울특별시,11560,영등포구,1156013300,대림동,11,서울특별시,11200,성동구,1120011500,성수동2가,08,45,2,3115.0,11,서울특별시,11560,영등포구,1156013300,대림동
20260224,11,서울특별시,11560,영등포구,1156013300,대림동,11,서울특별시,11200,성동구,1120011500,성수동2가,09,15,1,3278.0,11,서울특별시,11560,영등포구,1156013300,대림동
20260224,11,서울특별시,11560,영등포구,1156013300,대림동,11,서울특별시,11200,성동구,1120011500,성수동2가,09,30,1,3006.0,11,서울특별시,11560,영등포구,1156013300,대림동
20260224,11,서울특별시,11560,영등포구,1156013300,대림동,11,서울특별시,11200,성동구,1120011500,성수동2가,10,45,1,3105.0,11,서울특별시,11560,영등포구,1156013300,대림동
20260224,11,서울특별시,11560,영등포구,1156013300,대림동,11,서울특별시,11200,성동구,1120011500,성수동2가,11,30,2,2989.0,11,서울특별시,11560,영등포구,1156013300,대림동
20260224,11,서울특별시,11560,영등포구,1156013300,대림동,11,서울특별시,11200,성동구,1120011500,성수동2가,11,45,1,3183.0,11,서울특별시,11560,영등포구,1156013300,대림동
20260224,11,서울특별시,11590,동작구,1159010100,노량진동,11,서울특별시,11200,성동구,1120011500,성수동2가,07,00,1,2492.0,11,서울특별시,11590,동작구,1159010100,노량진동
20260224,11,서울특별시,11590,동작구,1159010100,노량진동,11,서울특별시,11200,성동구,1120011500,성수동2가,07,15,5,2402.0,11,서울특별시,11590,동작구,1159010100,노량진동
20260224,11,서울특별시,11590,동작구,1159010100,노량진동,11,서울특별시,11200,성동구,1120011500,성수동2가,07,30,4,2380.0,11,서울특별시,11590,동작구,1159010100,노량진동
20260224,11,서울특별시,11590,동작구,1159010100,노량진동,11,서울특별시,11200,성동구,1120011500,성수동2가,07,45,3,2456.0,11,서울특별시,11590,동작구,1159010100,노량진동
20260224,11,서울특별시,11590,동작구,1159010100,노량진동,11,서울특별시,11200,성동구,1120011500,성수동2가,08,00,8,2668.0,11,서울특별시,11590,동작구,1159010100,노량진동
20260224,11,서울특별시,11590,동작구,1159010100,노량진동,11,서울특별시,11200,성동구,1120011500,성수동2가,08,45,1,2519.0,11,서울특별시,11590,동작구,1159010100,노량진동
20260224,11,서울특별시,11590,동작구,1159010100,노량진동,11,서울특별시,11200,성동구,1120011500,성수동2가,09,00,2,2570.0,11,서울특별시,11590,동작구,1159010100,노량진동
20260224,11,서울특별시,11590,동작구,1159010100,노량진동,11,서울특별시,11200,성동구,1120011500,성수동2가,09,15,1,2531.0,11,서울특별시,11590,동작구,1159010100,노량진동
20260224,11,서울특별시,11590,동작구,1159010100,노량진동,11,서울특별시,11200,성동구,1120011500,성수동2가,09,30,1,2233.0,11,서울특별시,11590,동작구,1159010100,노량진동
20260224,11,서울특별시,11590,동작구,1159010100,노량진동,11,서울특별시,11200,성동구,1120011500,성수동2가,10,30,4,3492.0,11,서울특별시,11590,동작구,1159010100,노량진동
20260224,11,서울특별시,11590,동작구,1159010100,노량진동,11,서울특별시,11200,성동구,1120011500,성수동2가,11,00,2,2403.0,11,서울특별시,11590,동작구,1159010100,노량진동
20260224,11,서울특별시,11590,동작구,1159010100,노량진동,11,서울특별시,11200,성동구,1120011500,성수동2가,11,15,2,2497.0,11,서울특별시,11590,동작구,1159010100,노량진동
20260224,11,서울특별시,11590,동작구,1159010100,노량진동,11,서울특별시,11200,성동구,1120011500,성수동2가,11,30,3,3110.0,11,서울특별시,11590,동작구,1159010100,노량진동
20260224,11,서울특별시,11590,동작구,1159010200,상도동,11,서울특별시,11200,성동구,1120011500,성수동2가,07,00,7,2442.0,11,서울특별시,11590,동작구,1159010200,상도동
20260224,11,서울특별시,11590,동작구,1159010200,상도동,11,서울특별시,11200,성동구,1120011500,성수동2가,07,15,3,2521.0,11,서울특별시,11590,동작구,1159010200,상도동
20260224,11,서울특별시,11590,동작구,1159010200,상도동,11,서울특별시,11200,성동구,1120011500,성수동2가,07,30,14,2569.0,11,서울특별시,11590,동작구,1159010200,상도동
20260224,11,서울특별시,11590,동작구,1159010200,상도동,11,서울특별시,11200,성동구,1120011500,성수동2가,07,45,11,2457.0,11,서울특별시,11590,동작구,1159010200,상도동
20260224,11,서울특별시,11590,동작구,1159010200,상도동,11,서울특별시,11200,성동구,1120011500,성수동2가,08,00,12,2356.0,11,서울특별시,11590,동작구,1159010200,상도동
20260224,11,서울특별시,11590,동작구,1159010200,상도동,11,서울특별시,11200,성동구,1120011500,성수동2가,08,15,7,2438.0,11,서울특별시,11590,동작구,1159010200,상도동
20260224,11,서울특별시,11590,동작구,1159010200,상도동,11,서울특별시,11200,성동구,1120011500,성수동2가,08,30,11,2398.0,11,서울특별시,11590,동작구,1159010200,상도동
20260224,11,서울특별시,11590,동작구,1159010200,상도동,11,서울특별시,11200,성동구,1120011500,성수동2가,08,45,8,2397.0,11,서울특별시,11590,동작구,1159010200,상도동
20260224,11,서울특별시,11590,동작구,1159010200,상도동,11,서울특별시,11200,성동구,1120011500,성수동2가,09,00,11,2472.0,11,서울특별시,11590,동작구,1159010200,상도동
20260224,11,서울특별시,11590,동작구,1159010200,상도동,11,서울특별시,11200,성동구,1120011500,성수동2가,09,15,6,2330.0,11,서울특별시,11590,동작구,1159010200,상도동
20260224,11,서울특별시,11590,동작구,1159010200,상도동,11,서울특별시,11200,성동구,1120011500,성수동2가,09,30,5,3066.0,11,서울특별시,11590,동작구,1159010200,상도동
20260224,11,서울특별시,11590,동작구,1159010200,상도동,11,서울특별시,11200,성동구,1120011500,성수동2가,10,00,5,2326.0,11,서울특별시,11590,동작구,1159010200,상도동
20260224,11,서울특별시,11590,동작구,1159010200,상도동,11,서울특별시,11200,성동구,1120011500,성수동2가,10,30,1,2962.0,11,서울특별시,11590,동작구,1159010200,상도동
20260224,11,서울특별시,11590,동작구,1159010200,상도동,11,서울특별시,11200,성동구,1120011500,성수동2가,11,00,2,2227.0,11,서울특별시,11590,동작구,1159010200,상도동
20260224,11,서울특별시,11590,동작구,1159010200,상도동,11,서울특별시,11200,성동구,1120011500,성수동2가,11,15,5,2512.0,11,서울특별시,11590,동작구,1159010200,상도동
20260224,11,서울특별시,11590,동작구,1159010200,상도동,11,서울특별시,11200,성동구,1120011500,성수동2가,11,30,1,2448.0,11,서울특별시,11590,동작구,1159010200,상도동
20260224,11,서울특별시,11590,동작구,1159010200,상도동,11,서울특별시,11200,성동구,1120011500,성수동2가,11,45,2,2305.0,11,서울특별시,11590,동작구,1159010200,상도동
20260224,11,서울특별시,11590,동작구,1159010300,상도1동,11,서울특별시,11200,성동구,1120011500,성수동2가,07,00,4,2415.0,11,서울특별시,11590,동작구,1159010300,상도1동
20260224,11,서울특별시,11590,동작구,1159010300,상도1동,11,서울특별시,11200,성동구,1120011500,성수동2가,07,15,2,2392.0,11,서울특별시,11590,동작구,1159010300,상도1동
20260224,11,서울특별시,11590,동작구,1159010300,상도1동,11,서울특별시,11200,성동구,1120011500,성수동2가,07,30,2,2582.0,11,서울특별시,11590,동작구,1159010300,상도1동
20260224,11,서울특별시,11590,동작구,1159010300,상도1동,11,서울특별시,11200,성동구,1120011500,성수동2가,07,45,2,2533.0,11,서울특별시,11590,동작구,1159010300,상도1동
20260224,11,서울특별시,11590,동작구,1159010300,상도1동,11,서울특별시,11200,성동구,1120011500,성수동2가,08,00,6,2335.0,11,서울특별시,11590,동작구,1159010300,상도1동
20260224,11,서울특별시,11590,동작구,1159010300,상도1동,11,서울특별시,11200,성동구,1120011500,성수동2가,08,15,3,2153.0,11,서울특별시,11590,동작구,1159010300,상도1동
20260224,11,서울특별시,11590,동작구,1159010300,상도1동,11,서울특별시,11200,성동구,1120011500,성수동2가,08,30,5,2326.0,11,서울특별시,11590,동작구,1159010300,상도1동
20260224,11,서울특별시,11590,동작구,1159010300,상도1동,11,서울특별시,11200,성동구,1120011500,성수동2가,08,45,3,2223.0,11,서울특별시,11590,동작구,1159010300,상도1동
20260224,11,서울특별시,11590,동작구,1159010300,상도1동,11,서울특별시,11200,성동구,1120011500,성수동2가,09,00,5,2218.0,11,서울특별시,11590,동작구,1159010300,상도1동
20260224,11,서울특별시,11590,동작구,1159010300,상도1동,11,서울특별시,11200,성동구,1120011500,성수동2가,09,15,5,2432.0,11,서울특별시,11590,동작구,1159010300,상도1동
20260224,11,서울특별시,11590,동작구,1159010300,상도1동,11,서울특별시,11200,성동구,1120011500,성수동2가,10,00,1,2268.0,11,서울특별시,11590,동작구,1159010300,상도1동
20260224,11,서울특별시,11590,동작구,1159010300,상도1동,11,서울특별시,11200,성동구,1120011500,성수동2가,10,45,3,2596.0,11,서울특별시,11590,동작구,1159010300,상도1동
20260224,11,서울특별시,11590,동작구,1159010300,상도1동,11,서울특별시,11200,성동구,1120011500,성수동2가,11,00,1,2144.0,11,서울특별시,11590,동작구,1159010300,상도1동
20260224,11,서울특별시,11590,동작구,1159010300,상도1동,11,서울특별시,11200,성동구,1120011500,성수동2가,11,45,3,2337.0,11,서울특별시,11590,동작구,1159010300,상도1동
20260224,11,서울특별시,11590,동작구,1159010400,본동,11,서울특별시,11200,성동구,1120011500,성수동2가,07,30,2,3015.0,11,서울특별시,11590,동작구,1159010400,본동
20260224,11,서울특별시,11590,동작구,1159010400,본동,11,서울특별시,11200,성동구,1120011500,성수동2가,07,45,1,2728.0,11,서울특별시,11590,동작구,1159010400,본동
20260224,11,서울특별시,11590,동작구,1159010400,본동,11,서울특별시,11200,성동구,1120011500,성수동2가,08,30,1,2659.0,11,서울특별시,11590,동작구,1159010400,본동
20260224,11,서울특별시,11590,동작구,1159010400,본동,11,서울특별시,11200,성동구,1120011500,성수동2가,09,00,1,2767.0,11,서울특별시,11590,동작구,1159010400,본동
20260224,11,서울특별시,11590,동작구,1159010500,흑석동,11,서울특별시,11200,성동구,1120011500,성수동2가,07,00,1,2295.0,11,서울특별시,11590,동작구,1159010500,흑석동
20260224,11,서울특별시,11590,동작구,1159010500,흑석동,11,서울특별시,11200,성동구,1120011500,성수동2가,07,15,1,2415.0,11,서울특별시,11590,동작구,1159010500,흑석동
20260224,11,서울특별시,11590,동작구,1159010500,흑석동,11,서울특별시,11200,성동구,1120011500,성수동2가,08,00,3,2454.0,11,서울특별시,11590,동작구,1159010500,흑석동
20260224,11,서울특별시,11590,동작구,1159010500,흑석동,11,서울특별시,11200,성동구,1120011500,성수동2가,08,15,1,2904.0,11,서울특별시,11590,동작구,1159010500,흑석동
20260224,11,서울특별시,11590,동작구,1159010500,흑석동,11,서울특별시,11200,성동구,1120011500,성수동2가,08,30,1,3534.0,11,서울특별시,11590,동작구,1159010500,흑석동
20260224,11,서울특별시,11590,동작구,1159010500,흑석동,11,서울특별시,11200,성동구,1120011500,성수동2가,08,45,3,2329.0,11,서울특별시,11590,동작구,1159010500,흑석동
20260224,11,서울특별시,11590,동작구,1159010500,흑석동,11,서울특별시,11200,성동구,1120011500,성수동2가,09,15,2,2853.0,11,서울특별시,11590,동작구,1159010500,흑석동
20260224,11,서울특별시,11590,동작구,1159010500,흑석동,11,서울특별시,11200,성동구,1120011500,성수동2가,09,45,1,2707.0,11,서울특별시,11590,동작구,1159010500,흑석동
20260224,11,서울특별시,11590,동작구,1159010500,흑석동,11,서울특별시,11200,성동구,1120011500,성수동2가,10,00,1,2556.0,11,서울특별시,11590,동작구,1159010500,흑석동
20260224,11,서울특별시,11590,동작구,1159010500,흑석동,11,서울특별시,11200,성동구,1120011500,성수동2가,10,30,1,2093.0,11,서울특별시,11590,동작구,1159010500,흑석동
20260224,11,서울특별시,11590,동작구,1159010500,흑석동,11,서울특별시,11200,성동구,1120011500,성수동2가,11,00,4,2964.0,11,서울특별시,11590,동작구,1159010500,흑석동
20260224,11,서울특별시,11590,동작구,1159010600,동작동,11,서울특별시,11200,성동구,1120011500,성수동2가,07,45,1,2940.0,11,서울특별시,11590,동작구,1159010600,동작동
20260224,11,서울특별시,11590,동작구,1159010600,동작동,11,서울특별시,11200,성동구,1120011500,성수동2가,08,00,1,2804.0,11,서울특별시,11590,동작구,1159010600,동작동
20260224,11,서울특별시,11590,동작구,1159010700,사당동,11,서울특별시,11200,성동구,1120011500,성수동2가,07,00,10,2225.0,11,서울특별시,11590,동작구,1159010700,사당동
20260224,11,서울특별시,11590,동작구,1159010700,사당동,11,서울특별시,11200,성동구,1120011500,성수동2가,07,15,12,2117.0,11,서울특별시,11590,동작구,1159010700,사당동
20260224,11,서울특별시,11590,동작구,1159010700,사당동,11,서울특별시,11200,성동구,1120011500,성수동2가,07,30,14,2287.0,11,서울특별시,11590,동작구,1159010700,사당동
20260224,11,서울특별시,11590,동작구,1159010700,사당동,11,서울특별시,11200,성동구,1120011500,성수동2가,07,45,17,2237.0,11,서울특별시,11590,동작구,1159010700,사당동
20260224,11,서울특별시,11590,동작구,1159010700,사당동,11,서울특별시,11200,성동구,1120011500,성수동2가,08,00,39,2087.0,11,서울특별시,11590,동작구,1159010700,사당동
20260224,11,서울특별시,11590,동작구,1159010700,사당동,11,서울특별시,11200,성동구,1120011500,성수동2가,08,15,22,2100.0,11,서울특별시,11590,동작구,1159010700,사당동
20260224,11,서울특별시,11590,동작구,1159010700,사당동,11,서울특별시,11200,성동구,1120011500,성수동2가,08,30,22,2250.0,11,서울특별시,11590,동작구,1159010700,사당동
20260224,11,서울특별시,11590,동작구,1159010700,사당동,11,서울특별시,11200,성동구,1120011500,성수동2가,08,45,22,2071.0,11,서울특별시,11590,동작구,1159010700,사당동
20260224,11,서울특별시,11590,동작구,1159010700,사당동,11,서울특별시,11200,성동구,1120011500,성수동2가,09,00,21,2021.0,11,서울특별시,11590,동작구,1159010700,사당동
20260224,11,서울특별시,11590,동작구,1159010700,사당동,11,서울특별시,11200,성동구,1120011500,성수동2가,09,15,14,2070.0,11,서울특별시,11590,동작구,1159010700,사당동
20260224,11,서울특별시,11590,동작구,1159010700,사당동,11,서울특별시,11200,성동구,1120011500,성수동2가,09,30,14,2284.0,11,서울특별시,11590,동작구,1159010700,사당동
20260224,11,서울특별시,11590,동작구,1159010700,사당동,11,서울특별시,11200,성동구,1120011500,성수동2가,09,45,6,2019.0,11,서울특별시,11590,동작구,1159010700,사당동
20260224,11,서울특별시,11590,동작구,1159010700,사당동,11,서울특별시,11200,성동구,1120011500,성수동2가,10,00,11,1863.0,11,서울특별시,11590,동작구,1159010700,사당동
20260224,11,서울특별시,11590,동작구,1159010700,사당동,11,서울특별시,11200,성동구,1120011500,성수동2가,10,15,5,2026.0,11,서울특별시,11590,동작구,1159010700,사당동
20260224,11,서울특별시,11590,동작구,1159010700,사당동,11,서울특별시,11200,성동구,1120011500,성수동2가,10,30,4,2215.0,11,서울특별시,11590,동작구,1159010700,사당동
20260224,11,서울특별시,11590,동작구,1159010700,사당동,11,서울특별시,11200,성동구,1120011500,성수동2가,10,45,7,2162.0,11,서울특별시,11590,동작구,1159010700,사당동
20260224,11,서울특별시,11590,동작구,1159010700,사당동,11,서울특별시,11200,성동구,1120011500,성수동2가,11,00,9,2578.0,11,서울특별시,11590,동작구,1159010700,사당동
20260224,11,서울특별시,11590,동작구,1159010700,사당동,11,서울특별시,11200,성동구,1120011500,성수동2가,11,15,3,1918.0,11,서울특별시,11590,동작구,1159010700,사당동
20260224,11,서울특별시,11590,동작구,1159010700,사당동,11,서울특별시,11200,성동구,1120011500,성수동2가,11,30,4,2215.0,11,서울특별시,11590,동작구,1159010700,사당동
20260224,11,서울특별시,11590,동작구,1159010700,사당동,11,서울특별시,11200,성동구,1120011500,성수동2가,11,45,6,2211.0,11,서울특별시,11590,동작구,1159010700,사당동
20260224,11,서울특별시,11590,동작구,1159010800,대방동,11,서울특별시,11200,성동구,1120011500,성수동2가,07,00,3,2503.0,11,서울특별시,11590,동작구,1159010800,대방동
20260224,11,서울특별시,11590,동작구,1159010800,대방동,11,서울특별시,11200,성동구,1120011500,성수동2가,07,15,6,2612.0,11,서울특별시,11590,동작구,1159010800,대방동
20260224,11,서울특별시,11590,동작구,1159010800,대방동,11,서울특별시,11200,성동구,1120011500,성수동2가,07,30,16,2573.0,11,서울특별시,11590,동작구,1159010800,대방동
20260224,11,서울특별시,11590,동작구,1159010800,대방동,11,서울특별시,11200,성동구,1120011500,성수동2가,07,45,11,2562.0,11,서울특별시,11590,동작구,1159010800,대방동
20260224,11,서울특별시,11590,동작구,1159010800,대방동,11,서울특별시,11200,성동구,1120011500,성수동2가,08,00,19,2627.0,11,서울특별시,11590,동작구,1159010800,대방동
20260224,11,서울특별시,11590,동작구,1159010800,대방동,11,서울특별시,11200,성동구,1120011500,성수동2가,08,15,7,2526.0,11,서울특별시,11590,동작구,1159010800,대방동
20260224,11,서울특별시,11590,동작구,1159010800,대방동,11,서울특별시,11200,성동구,1120011500,성수동2가,08,30,15,2562.0,11,서울특별시,11590,동작구,1159010800,대방동
20260224,11,서울특별시,11590,동작구,1159010800,대방동,11,서울특별시,11200,성동구,1120011500,성수동2가,08,45,4,2491.0,11,서울특별시,11590,동작구,1159010800,대방동
20260224,11,서울특별시,11590,동작구,1159010800,대방동,11,서울특별시,11200,성동구,1120011500,성수동2가,09,00,9,2524.0,11,서울특별시,11590,동작구,1159010800,대방동
20260224,11,서울특별시,11590,동작구,1159010800,대방동,11,서울특별시,11200,성동구,1120011500,성수동2가,09,15,3,2553.0,11,서울특별시,11590,동작구,1159010800,대방동
20260224,11,서울특별시,11590,동작구,1159010800,대방동,11,서울특별시,11200,성동구,1120011500,성수동2가,09,30,4,2459.0,11,서울특별시,11590,동작구,1159010800,대방동
20260224,11,서울특별시,11590,동작구,1159010800,대방동,11,서울특별시,11200,성동구,1120011500,성수동2가,09,45,7,3099.0,11,서울특별시,11590,동작구,1159010800,대방동
20260224,11,서울특별시,11590,동작구,1159010800,대방동,11,서울특별시,11200,성동구,1120011500,성수동2가,10,15,1,4874.0,11,서울특별시,11590,동작구,1159010800,대방동
20260224,11,서울특별시,11590,동작구,1159010800,대방동,11,서울특별시,11200,성동구,1120011500,성수동2가,10,30,1,2825.0,11,서울특별시,11590,동작구,1159010800,대방동
20260224,11,서울특별시,11590,동작구,1159010800,대방동,11,서울특별시,11200,성동구,1120011500,성수동2가,10,45,2,2638.0,11,서울특별시,11590,동작구,1159010800,대방동
20260224,11,서울특별시,11590,동작구,1159010800,대방동,11,서울특별시,11200,성동구,1120011500,성수동2가,11,00,2,2780.0,11,서울특별시,11590,동작구,1159010800,대방동
20260224,11,서울특별시,11590,동작구,1159010800,대방동,11,서울특별시,11200,성동구,1120011500,성수동2가,11,30,1,2458.0,11,서울특별시,11590,동작구,1159010800,대방동
20260224,11,서울특별시,11590,동작구,1159010800,대방동,11,서울특별시,11200,성동구,1120011500,성수동2가,11,45,1,2416.0,11,서울특별시,11590,동작구,1159010800,대방동
20260224,11,서울특별시,11590,동작구,1159010900,신대방동,11,서울특별시,11200,성동구,1120011500,성수동2가,07,00,2,3087.0,11,서울특별시,11590,동작구,1159010900,신대방동
20260224,11,서울특별시,11590,동작구,1159010900,신대방동,11,서울특별시,11200,성동구,1120011500,성수동2가,07,15,1,3225.0,11,서울특별시,11590,동작구,1159010900,신대방동
20260224,11,서울특별시,11590,동작구,1159010900,신대방동,11,서울특별시,11200,성동구,1120011500,성수동2가,07,30,1,2627.0,11,서울특별시,11590,동작구,1159010900,신대방동
20260224,11,서울특별시,11590,동작구,1159010900,신대방동,11,서울특별시,11200,성동구,1120011500,성수동2가,07,45,1,3032.0,11,서울특별시,11590,동작구,1159010900,신대방동
20260224,11,서울특별시,11590,동작구,1159010900,신대방동,11,서울특별시,11200,성동구,1120011500,성수동2가,08,15,2,3402.0,11,서울특별시,11590,동작구,1159010900,신대방동
20260224,11,서울특별시,11590,동작구,1159010900,신대방동,11,서울특별시,11200,성동구,1120011500,성수동2가,08,45,3,2960.0,11,서울특별시,11590,동작구,1159010900,신대방동
20260224,11,서울특별시,11590,동작구,1159010900,신대방동,11,서울특별시,11200,성동구,1120011500,성수동2가,09,30,1,3239.0,11,서울특별시,11590,동작구,1159010900,신대방동
20260224,11,서울특별시,11590,동작구,1159010900,신대방동,11,서울특별시,11200,성동구,1120011500,성수동2가,11,30,2,3061.0,11,서울특별시,11590,동작구,1159010900,신대방동
20260224,11,서울특별시,11590,동작구,1159010900,신대방동,11,서울특별시,11200,성동구,1120011500,성수동2가,11,45,1,3498.0,11,서울특별시,11590,동작구,1159010900,신대방동
20260224,11,서울특별시,11620,관악구,1162010100,봉천동,11,서울특별시,11200,성동구,1120011500,성수동2가,07,00,27,2626.0,11,서울특별시,11620,관악구,1162010100,봉천동
20260224,11,서울특별시,11620,관악구,1162010100,봉천동,11,서울특별시,11200,성동구,1120011500,성수동2가,07,15,25,2720.0,11,서울특별시,11620,관악구,1162010100,봉천동
20260224,11,서울특별시,11620,관악구,1162010100,봉천동,11,서울특별시,11200,성동구,1120011500,성수동2가,07,30,54,2670.0,11,서울특별시,11620,관악구,1162010100,봉천동
20260224,11,서울특별시,11620,관악구,1162010100,봉천동,11,서울특별시,11200,성동구,1120011500,성수동2가,07,45,75,2614.0,11,서울특별시,11620,관악구,1162010100,봉천동
20260224,11,서울특별시,11620,관악구,1162010100,봉천동,11,서울특별시,11200,성동구,1120011500,성수동2가,08,00,78,2701.0,11,서울특별시,11620,관악구,1162010100,봉천동
20260224,11,서울특별시,11620,관악구,1162010100,봉천동,11,서울특별시,11200,성동구,1120011500,성수동2가,08,15,32,2840.0,11,서울특별시,11620,관악구,1162010100,봉천동
20260224,11,서울특별시,11620,관악구,1162010100,봉천동,11,서울특별시,11200,성동구,1120011500,성수동2가,08,30,46,2628.0,11,서울특별시,11620,관악구,1162010100,봉천동
20260224,11,서울특별시,11620,관악구,1162010100,봉천동,11,서울특별시,11200,성동구,1120011500,성수동2가,08,45,61,2581.0,11,서울특별시,11620,관악구,1162010100,봉천동
20260224,11,서울특별시,11620,관악구,1162010100,봉천동,11,서울특별시,11200,성동구,1120011500,성수동2가,09,00,68,2517.0,11,서울특별시,11620,관악구,1162010100,봉천동
20260224,11,서울특별시,11620,관악구,1162010100,봉천동,11,서울특별시,11200,성동구,1120011500,성수동2가,09,15,19,2473.0,11,서울특별시,11620,관악구,1162010100,봉천동
20260224,11,서울특별시,11620,관악구,1162010100,봉천동,11,서울특별시,11200,성동구,1120011500,성수동2가,09,30,17,2638.0,11,서울특별시,11620,관악구,1162010100,봉천동
20260224,11,서울특별시,11620,관악구,1162010100,봉천동,11,서울특별시,11200,성동구,1120011500,성수동2가,09,45,19,2486.0,11,서울특별시,11620,관악구,1162010100,봉천동
20260224,11,서울특별시,11620,관악구,1162010100,봉천동,11,서울특별시,11200,성동구,1120011500,성수동2가,10,00,15,2442.0,11,서울특별시,11620,관악구,1162010100,봉천동
20260224,11,서울특별시,11620,관악구,1162010100,봉천동,11,서울특별시,11200,성동구,1120011500,성수동2가,10,15,9,2722.0,11,서울특별시,11620,관악구,1162010100,봉천동
20260224,11,서울특별시,11620,관악구,1162010100,봉천동,11,서울특별시,11200,성동구,1120011500,성수동2가,10,30,11,2512.0,11,서울특별시,11620,관악구,1162010100,봉천동
20260224,11,서울특별시,11620,관악구,1162010100,봉천동,11,서울특별시,11200,성동구,1120011500,성수동2가,10,45,9,2587.0,11,서울특별시,11620,관악구,1162010100,봉천동
20260224,11,서울특별시,11620,관악구,1162010100,봉천동,11,서울특별시,11200,성동구,1120011500,성수동2가,11,00,14,2669.0,11,서울특별시,11620,관악구,1162010100,봉천동
20260224,11,서울특별시,11620,관악구,1162010100,봉천동,11,서울특별시,11200,성동구,1120011500,성수동2가,11,15,5,2415.0,11,서울특별시,11620,관악구,1162010100,봉천동
20260224,11,서울특별시,11620,관악구,1162010100,봉천동,11,서울특별시,11200,성동구,1120011500,성수동2가,11,30,9,2545.0,11,서울특별시,11620,관악구,1162010100,봉천동
20260224,11,서울특별시,11620,관악구,1162010100,봉천동,11,서울특별시,11200,성동구,1120011500,성수동2가,11,45,10,2428.0,11,서울특별시,11620,관악구,1162010100,봉천동
20260224,11,서울특별시,11620,관악구,1162010200,신림동,11,서울특별시,11200,성동구,1120011500,성수동2가,07,00,22,3178.0,11,서울특별시,11620,관악구,1162010200,신림동
20260224,11,서울특별시,11620,관악구,1162010200,신림동,11,서울특별시,11200,성동구,1120011500,성수동2가,07,15,24,3210.0,11,서울특별시,11620,관악구,1162010200,신림동
20260224,11,서울특별시,11620,관악구,1162010200,신림동,11,서울특별시,11200,성동구,1120011500,성수동2가,07,30,61,3130.0,11,서울특별시,11620,관악구,1162010200,신림동
20260224,11,서울특별시,11620,관악구,1162010200,신림동,11,서울특별시,11200,성동구,1120011500,성수동2가,07,45,80,3030.0,11,서울특별시,11620,관악구,1162010200,신림동
20260224,11,서울특별시,11620,관악구,1162010200,신림동,11,서울특별시,11200,성동구,1120011500,성수동2가,08,00,71,3130.0,11,서울특별시,11620,관악구,1162010200,신림동
20260224,11,서울특별시,11620,관악구,1162010200,신림동,11,서울특별시,11200,성동구,1120011500,성수동2가,08,15,34,3288.0,11,서울특별시,11620,관악구,1162010200,신림동
20260224,11,서울특별시,11620,관악구,1162010200,신림동,11,서울특별시,11200,성동구,1120011500,성수동2가,08,30,40,3129.0,11,서울특별시,11620,관악구,1162010200,신림동
20260224,11,서울특별시,11620,관악구,1162010200,신림동,11,서울특별시,11200,성동구,1120011500,성수동2가,08,45,46,3032.0,11,서울특별시,11620,관악구,1162010200,신림동
20260224,11,서울특별시,11620,관악구,1162010200,신림동,11,서울특별시,11200,성동구,1120011500,성수동2가,09,00,38,2926.0,11,서울특별시,11620,관악구,1162010200,신림동
20260224,11,서울특별시,11620,관악구,1162010200,신림동,11,서울특별시,11200,성동구,1120011500,성수동2가,09,15,20,3126.0,11,서울특별시,11620,관악구,1162010200,신림동
20260224,11,서울특별시,11620,관악구,1162010200,신림동,11,서울특별시,11200,성동구,1120011500,성수동2가,09,30,16,2925.0,11,서울특별시,11620,관악구,1162010200,신림동
20260224,11,서울특별시,11620,관악구,1162010200,신림동,11,서울특별시,11200,성동구,1120011500,성수동2가,09,45,24,2883.0,11,서울특별시,11620,관악구,1162010200,신림동
20260224,11,서울특별시,11620,관악구,1162010200,신림동,11,서울특별시,11200,성동구,1120011500,성수동2가,10,00,21,2862.0,11,서울특별시,11620,관악구,1162010200,신림동
20260224,11,서울특별시,11620,관악구,1162010200,신림동,11,서울특별시,11200,성동구,1120011500,성수동2가,10,15,8,2872.0,11,서울특별시,11620,관악구,1162010200,신림동
20260224,11,서울특별시,11620,관악구,1162010200,신림동,11,서울특별시,11200,성동구,1120011500,성수동2가,10,30,9,2927.0,11,서울특별시,11620,관악구,1162010200,신림동
20260224,11,서울특별시,11620,관악구,1162010200,신림동,11,서울특별시,11200,성동구,1120011500,성수동2가,10,45,5,2637.0,11,서울특별시,11620,관악구,1162010200,신림동
20260224,11,서울특별시,11620,관악구,1162010200,신림동,11,서울특별시,11200,성동구,1120011500,성수동2가,11,00,9,2958.0,11,서울특별시,11620,관악구,1162010200,신림동
20260224,11,서울특별시,11620,관악구,1162010200,신림동,11,서울특별시,11200,성동구,1120011500,성수동2가,11,15,3,2976.0,11,서울특별시,11620,관악구,1162010200,신림동
20260224,11,서울특별시,11620,관악구,1162010200,신림동,11,서울특별시,11200,성동구,1120011500,성수동2가,11,30,12,3136.0,11,서울특별시,11620,관악구,1162010200,신림동
20260224,11,서울특별시,11620,관악구,1162010200,신림동,11,서울특별시,11200,성동구,1120011500,성수동2가,11,45,13,2835.0,11,서울특별시,11620,관악구,1162010200,신림동
20260224,11,서울특별시,11620,관악구,1162010300,남현동,11,서울특별시,11200,성동구,1120011500,성수동2가,07,15,1,2486.0,11,서울특별시,11620,관악구,1162010300,남현동
20260224,11,서울특별시,11620,관악구,1162010300,남현동,11,서울특별시,11200,성동구,1120011500,성수동2가,08,15,1,2629.0,11,서울특별시,11620,관악구,1162010300,남현동
20260224,11,서울특별시,11620,관악구,1162010300,남현동,11,서울특별시,11200,성동구,1120011500,성수동2가,09,30,1,2306.0,11,서울특별시,11620,관악구,1162010300,남현동
20260224,11,서울특별시,11650,서초구,1165010100,방배동,11,서울특별시,11200,성동구,1120011500,성수동2가,07,00,5,1859.0,11,서울특별시,11650,서초구,1165010100,방배동
20260224,11,서울특별시,11650,서초구,1165010100,방배동,11,서울특별시,11200,성동구,1120011500,성수동2가,07,15,6,2113.0,11,서울특별시,11650,서초구,1165010100,방배동
20260224,11,서울특별시,11650,서초구,1165010100,방배동,11,서울특별시,11200,성동구,1120011500,성수동2가,07,30,9,2068.0,11,서울특별시,11650,서초구,1165010100,방배동
20260224,11,서울특별시,11650,서초구,1165010100,방배동,11,서울특별시,11200,성동구,1120011500,성수동2가,07,45,9,2188.0,11,서울특별시,11650,서초구,1165010100,방배동
20260224,11,서울특별시,11650,서초구,1165010100,방배동,11,서울특별시,11200,성동구,1120011500,성수동2가,08,00,9,1860.0,11,서울특별시,11650,서초구,1165010100,방배동
20260224,11,서울특별시,11650,서초구,1165010100,방배동,11,서울특별시,11200,성동구,1120011500,성수동2가,08,15,4,2375.0,11,서울특별시,11650,서초구,1165010100,방배동
20260224,11,서울특별시,11650,서초구,1165010100,방배동,11,서울특별시,11200,성동구,1120011500,성수동2가,08,30,9,2019.0,11,서울특별시,11650,서초구,1165010100,방배동
20260224,11,서울특별시,11650,서초구,1165010100,방배동,11,서울특별시,11200,성동구,1120011500,성수동2가,08,45,8,1750.0,11,서울특별시,11650,서초구,1165010100,방배동
20260224,11,서울특별시,11650,서초구,1165010100,방배동,11,서울특별시,11200,성동구,1120011500,성수동2가,09,00,8,1921.0,11,서울특별시,11650,서초구,1165010100,방배동
20260224,11,서울특별시,11650,서초구,1165010100,방배동,11,서울특별시,11200,성동구,1120011500,성수동2가,09,15,4,2018.0,11,서울특별시,11650,서초구,1165010100,방배동
20260224,11,서울특별시,11650,서초구,1165010100,방배동,11,서울특별시,11200,성동구,1120011500,성수동2가,09,30,1,1632.0,11,서울특별시,11650,서초구,1165010100,방배동
20260224,11,서울특별시,11650,서초구,1165010100,방배동,11,서울특별시,11200,성동구,1120011500,성수동2가,09,45,1,2911.0,11,서울특별시,11650,서초구,1165010100,방배동
20260224,11,서울특별시,11650,서초구,1165010100,방배동,11,서울특별시,11200,성동구,1120011500,성수동2가,10,00,2,2031.0,11,서울특별시,11650,서초구,1165010100,방배동
20260224,11,서울특별시,11650,서초구,1165010100,방배동,11,서울특별시,11200,성동구,1120011500,성수동2가,10,15,3,2002.0,11,서울특별시,11650,서초구,1165010100,방배동
20260224,11,서울특별시,11650,서초구,1165010100,방배동,11,서울특별시,11200,성동구,1120011500,성수동2가,10,30,2,2085.0,11,서울특별시,11650,서초구,1165010100,방배동
20260224,11,서울특별시,11650,서초구,1165010100,방배동,11,서울특별시,11200,성동구,1120011500,성수동2가,10,45,2,1808.0,11,서울특별시,11650,서초구,1165010100,방배동
20260224,11,서울특별시,11650,서초구,1165010100,방배동,11,서울특별시,11200,성동구,1120011500,성수동2가,11,00,5,2230.0,11,서울특별시,11650,서초구,1165010100,방배동
20260224,11,서울특별시,11650,서초구,1165010100,방배동,11,서울특별시,11200,성동구,1120011500,성수동2가,11,30,3,1810.0,11,서울특별시,11650,서초구,1165010100,방배동
20260224,11,서울특별시,11650,서초구,1165010100,방배동,11,서울특별시,11200,성동구,1120011500,성수동2가,11,45,2,2100.0,11,서울특별시,11650,서초구,1165010100,방배동
20260224,11,서울특별시,11650,서초구,1165010200,양재동,11,서울특별시,11200,성동구,1120011500,성수동2가,07,00,2,2429.0,11,서울특별시,11650,서초구,1165010200,양재동
20260224,11,서울특별시,11650,서초구,1165010200,양재동,11,서울특별시,11200,성동구,1120011500,성수동2가,07,15,1,2901.0,11,서울특별시,11650,서초구,1165010200,양재동
20260224,11,서울특별시,11650,서초구,1165010200,양재동,11,서울특별시,11200,성동구,1120011500,성수동2가,07,30,4,2394.0,11,서울특별시,11650,서초구,1165010200,양재동
20260224,11,서울특별시,11650,서초구,1165010200,양재동,11,서울특별시,11200,성동구,1120011500,성수동2가,07,45,6,2343.0,11,서울특별시,11650,서초구,1165010200,양재동
20260224,11,서울특별시,11650,서초구,1165010200,양재동,11,서울특별시,11200,성동구,1120011500,성수동2가,08,00,4,2326.0,11,서울특별시,11650,서초구,1165010200,양재동
20260224,11,서울특별시,11650,서초구,1165010200,양재동,11,서울특별시,11200,성동구,1120011500,성수동2가,08,15,2,2172.0,11,서울특별시,11650,서초구,1165010200,양재동
20260224,11,서울특별시,11650,서초구,1165010200,양재동,11,서울특별시,11200,성동구,1120011500,성수동2가,08,30,4,2540.0,11,서울특별시,11650,서초구,1165010200,양재동
20260224,11,서울특별시,11650,서초구,1165010200,양재동,11,서울특별시,11200,성동구,1120011500,성수동2가,08,45,5,2339.0,11,서울특별시,11650,서초구,1165010200,양재동
20260224,11,서울특별시,11650,서초구,1165010200,양재동,11,서울특별시,11200,성동구,1120011500,성수동2가,09,00,4,2223.0,11,서울특별시,11650,서초구,1165010200,양재동
20260224,11,서울특별시,11650,서초구,1165010200,양재동,11,서울특별시,11200,성동구,1120011500,성수동2가,09,15,4,2306.0,11,서울특별시,11650,서초구,1165010200,양재동
20260224,11,서울특별시,11650,서초구,1165010200,양재동,11,서울특별시,11200,성동구,1120011500,성수동2가,09,30,2,2365.0,11,서울특별시,11650,서초구,1165010200,양재동
20260224,11,서울특별시,11650,서초구,1165010200,양재동,11,서울특별시,11200,성동구,1120011500,성수동2가,09,45,3,2576.0,11,서울특별시,11650,서초구,1165010200,양재동
20260224,11,서울특별시,11650,서초구,1165010200,양재동,11,서울특별시,11200,성동구,1120011500,성수동2가,10,00,2,2514.0,11,서울특별시,11650,서초구,1165010200,양재동
20260224,11,서울특별시,11650,서초구,1165010200,양재동,11,서울특별시,11200,성동구,1120011500,성수동2가,10,15,3,2673.0,11,서울특별시,11650,서초구,1165010200,양재동
20260224,11,서울특별시,11650,서초구,1165010200,양재동,11,서울특별시,11200,성동구,1120011500,성수동2가,10,30,1,2749.0,11,서울특별시,11650,서초구,1165010200,양재동
20260224,11,서울특별시,11650,서초구,1165010200,양재동,11,서울특별시,11200,성동구,1120011500,성수동2가,11,00,2,2411.0,11,서울특별시,11650,서초구,1165010200,양재동
20260224,11,서울특별시,11650,서초구,1165010200,양재동,11,서울특별시,11200,성동구,1120011500,성수동2가,11,15,2,2404.0,11,서울특별시,11650,서초구,1165010200,양재동
20260224,11,서울특별시,11650,서초구,1165010200,양재동,11,서울특별시,11200,성동구,1120011500,성수동2가,11,30,1,2342.0,11,서울특별시,11650,서초구,1165010200,양재동
20260224,11,서울특별시,11650,서초구,1165010200,양재동,11,서울특별시,11200,성동구,1120011500,성수동2가,11,45,1,2314.0,11,서울특별시,11650,서초구,1165010200,양재동
20260224,11,서울특별시,11650,서초구,1165010300,우면동,11,서울특별시,11200,성동구,1120011500,성수동2가,07,00,1,3020.0,11,서울특별시,11650,서초구,1165010300,우면동
20260224,11,서울특별시,11650,서초구,1165010300,우면동,11,서울특별시,11200,성동구,1120011500,성수동2가,07,15,1,2486.0,11,서울특별시,11650,서초구,1165010300,우면동
20260224,11,서울특별시,11650,서초구,1165010300,우면동,11,서울특별시,11200,성동구,1120011500,성수동2가,07,30,2,2644.0,11,서울특별시,11650,서초구,1165010300,우면동
20260224,11,서울특별시,11650,서초구,1165010300,우면동,11,서울특별시,11200,성동구,1120011500,성수동2가,07,45,2,2709.0,11,서울특별시,11650,서초구,1165010300,우면동
20260224,11,서울특별시,11650,서초구,1165010300,우면동,11,서울특별시,11200,성동구,1120011500,성수동2가,08,15,1,2711.0,11,서울특별시,11650,서초구,1165010300,우면동
20260224,11,서울특별시,11650,서초구,1165010300,우면동,11,서울특별시,11200,성동구,1120011500,성수동2가,08,30,2,2833.0,11,서울특별시,11650,서초구,1165010300,우면동
20260224,11,서울특별시,11650,서초구,1165010300,우면동,11,서울특별시,11200,성동구,1120011500,성수동2가,08,45,2,2924.0,11,서울특별시,11650,서초구,1165010300,우면동
20260224,11,서울특별시,11650,서초구,1165010300,우면동,11,서울특별시,11200,성동구,1120011500,성수동2가,09,30,1,3422.0,11,서울특별시,11650,서초구,1165010300,우면동
20260224,11,서울특별시,11650,서초구,1165010300,우면동,11,서울특별시,11200,성동구,1120011500,성수동2가,09,45,2,2877.0,11,서울특별시,11650,서초구,1165010300,우면동
20260224,11,서울특별시,11650,서초구,1165010300,우면동,11,서울특별시,11200,성동구,1120011500,성수동2가,11,45,1,2798.0,11,서울특별시,11650,서초구,1165010300,우면동
20260224,11,서울특별시,11650,서초구,1165010600,잠원동,11,서울특별시,11200,성동구,1120011500,성수동2가,07,15,1,1458.0,11,서울특별시,11650,서초구,1165010600,잠원동
20260224,11,서울특별시,11650,서초구,1165010600,잠원동,11,서울특별시,11200,성동구,1120011500,성수동2가,07,30,2,1566.0,11,서울특별시,11650,서초구,1165010600,잠원동
20260224,11,서울특별시,11650,서초구,1165010600,잠원동,11,서울특별시,11200,성동구,1120011500,성수동2가,07,45,4,1613.0,11,서울특별시,11650,서초구,1165010600,잠원동
20260224,11,서울특별시,11650,서초구,1165010600,잠원동,11,서울특별시,11200,성동구,1120011500,성수동2가,08,00,1,1283.0,11,서울특별시,11650,서초구,1165010600,잠원동
20260224,11,서울특별시,11650,서초구,1165010600,잠원동,11,서울특별시,11200,성동구,1120011500,성수동2가,08,15,10,1373.0,11,서울특별시,11650,서초구,1165010600,잠원동
20260224,11,서울특별시,11650,서초구,1165010600,잠원동,11,서울특별시,11200,성동구,1120011500,성수동2가,08,45,4,1617.0,11,서울특별시,11650,서초구,1165010600,잠원동
20260224,11,서울특별시,11650,서초구,1165010600,잠원동,11,서울특별시,11200,성동구,1120011500,성수동2가,09,15,5,1340.0,11,서울특별시,11650,서초구,1165010600,잠원동
20260224,11,서울특별시,11650,서초구,1165010600,잠원동,11,서울특별시,11200,성동구,1120011500,성수동2가,10,00,3,1505.0,11,서울특별시,11650,서초구,1165010600,잠원동
20260224,11,서울특별시,11650,서초구,1165010600,잠원동,11,서울특별시,11200,성동구,1120011500,성수동2가,10,15,5,1784.0,11,서울특별시,11650,서초구,1165010600,잠원동
20260224,11,서울특별시,11650,서초구,1165010600,잠원동,11,서울특별시,11200,성동구,1120011500,성수동2가,10,45,6,1854.0,11,서울특별시,11650,서초구,1165010600,잠원동
20260224,11,서울특별시,11650,서초구,1165010600,잠원동,11,서울특별시,11200,성동구,1120011500,성수동2가,11,00,4,1802.0,11,서울특별시,11650,서초구,1165010600,잠원동
20260224,11,서울특별시,11650,서초구,1165010600,잠원동,11,서울특별시,11200,성동구,1120011500,성수동2가,11,30,3,2253.0,11,서울특별시,11650,서초구,1165010600,잠원동
20260224,11,서울특별시,11650,서초구,1165010600,잠원동,11,서울특별시,11200,성동구,1120011500,성수동2가,11,45,3,3116.0,11,서울특별시,11650,서초구,1165010600,잠원동
20260224,11,서울특별시,11650,서초구,1165010700,반포동,11,서울특별시,11200,성동구,1120011500,성수동2가,07,15,2,1752.0,11,서울특별시,11650,서초구,1165010700,반포동
20260224,11,서울특별시,11650,서초구,1165010700,반포동,11,서울특별시,11200,성동구,1120011500,성수동2가,07,30,5,1989.0,11,서울특별시,11650,서초구,1165010700,반포동
20260224,11,서울특별시,11650,서초구,1165010700,반포동,11,서울특별시,11200,성동구,1120011500,성수동2가,07,45,4,1807.0,11,서울특별시,11650,서초구,1165010700,반포동
20260224,11,서울특별시,11650,서초구,1165010700,반포동,11,서울특별시,11200,성동구,1120011500,성수동2가,08,00,3,1968.0,11,서울특별시,11650,서초구,1165010700,반포동
20260224,11,서울특별시,11650,서초구,1165010700,반포동,11,서울특별시,11200,성동구,1120011500,성수동2가,08,15,5,1937.0,11,서울특별시,11650,서초구,1165010700,반포동
20260224,11,서울특별시,11650,서초구,1165010700,반포동,11,서울특별시,11200,성동구,1120011500,성수동2가,08,30,3,1955.0,11,서울특별시,11650,서초구,1165010700,반포동
20260224,11,서울특별시,11650,서초구,1165010700,반포동,11,서울특별시,11200,성동구,1120011500,성수동2가,08,45,6,1782.0,11,서울특별시,11650,서초구,1165010700,반포동
20260224,11,서울특별시,11650,서초구,1165010700,반포동,11,서울특별시,11200,성동구,1120011500,성수동2가,09,00,6,1843.0,11,서울특별시,11650,서초구,1165010700,반포동
20260224,11,서울특별시,11650,서초구,1165010700,반포동,11,서울특별시,11200,성동구,1120011500,성수동2가,09,15,2,2147.0,11,서울특별시,11650,서초구,1165010700,반포동
20260224,11,서울특별시,11650,서초구,1165010700,반포동,11,서울특별시,11200,성동구,1120011500,성수동2가,09,30,11,1882.0,11,서울특별시,11650,서초구,1165010700,반포동
20260224,11,서울특별시,11650,서초구,1165010700,반포동,11,서울특별시,11200,성동구,1120011500,성수동2가,09,45,3,2396.0,11,서울특별시,11650,서초구,1165010700,반포동
20260224,11,서울특별시,11650,서초구,1165010700,반포동,11,서울특별시,11200,성동구,1120011500,성수동2가,10,00,7,1787.0,11,서울특별시,11650,서초구,1165010700,반포동
20260224,11,서울특별시,11650,서초구,1165010700,반포동,11,서울특별시,11200,성동구,1120011500,성수동2가,10,15,7,2301.0,11,서울특별시,11650,서초구,1165010700,반포동
20260224,11,서울특별시,11650,서초구,1165010700,반포동,11,서울특별시,11200,성동구,1120011500,성수동2가,10,30,9,2281.0,11,서울특별시,11650,서초구,1165010700,반포동
20260224,11,서울특별시,11650,서초구,1165010700,반포동,11,서울특별시,11200,성동구,1120011500,성수동2가,10,45,16,2050.0,11,서울특별시,11650,서초구,1165010700,반포동
20260224,11,서울특별시,11650,서초구,1165010700,반포동,11,서울특별시,11200,성동구,1120011500,성수동2가,11,00,6,1966.0,11,서울특별시,11650,서초구,1165010700,반포동
20260224,11,서울특별시,11650,서초구,1165010700,반포동,11,서울특별시,11200,성동구,1120011500,성수동2가,11,15,9,2052.0,11,서울특별시,11650,서초구,1165010700,반포동
20260224,11,서울특별시,11650,서초구,1165010700,반포동,11,서울특별시,11200,성동구,1120011500,성수동2가,11,30,7,2131.0,11,서울특별시,11650,서초구,1165010700,반포동
20260224,11,서울특별시,11650,서초구,1165010700,반포동,11,서울특별시,11200,성동구,1120011500,성수동2가,11,45,9,1843.0,11,서울특별시,11650,서초구,1165010700,반포동
20260224,11,서울특별시,11650,서초구,1165010800,서초동,11,서울특별시,11200,성동구,1120011500,성수동2가,07,00,6,2124.0,11,서울특별시,11650,서초구,1165010800,서초동
20260224,11,서울특별시,11650,서초구,1165010800,서초동,11,서울특별시,11200,성동구,1120011500,성수동2가,07,15,2,1996.0,11,서울특별시,11650,서초구,1165010800,서초동
20260224,11,서울특별시,11650,서초구,1165010800,서초동,11,서울특별시,11200,성동구,1120011500,성수동2가,07,30,5,2025.0,11,서울특별시,11650,서초구,1165010800,서초동
20260224,11,서울특별시,11650,서초구,1165010800,서초동,11,서울특별시,11200,성동구,1120011500,성수동2가,07,45,8,2113.0,11,서울특별시,11650,서초구,1165010800,서초동
20260224,11,서울특별시,11650,서초구,1165010800,서초동,11,서울특별시,11200,성동구,1120011500,성수동2가,08,00,10,2159.0,11,서울특별시,11650,서초구,1165010800,서초동
20260224,11,서울특별시,11650,서초구,1165010800,서초동,11,서울특별시,11200,성동구,1120011500,성수동2가,08,15,8,2047.0,11,서울특별시,11650,서초구,1165010800,서초동
20260224,11,서울특별시,11650,서초구,1165010800,서초동,11,서울특별시,11200,성동구,1120011500,성수동2가,08,30,9,2260.0,11,서울특별시,11650,서초구,1165010800,서초동
20260224,11,서울특별시,11650,서초구,1165010800,서초동,11,서울특별시,11200,성동구,1120011500,성수동2가,08,45,3,2160.0,11,서울특별시,11650,서초구,1165010800,서초동
20260224,11,서울특별시,11650,서초구,1165010800,서초동,11,서울특별시,11200,성동구,1120011500,성수동2가,09,00,8,1881.0,11,서울특별시,11650,서초구,1165010800,서초동
20260224,11,서울특별시,11650,서초구,1165010800,서초동,11,서울특별시,11200,성동구,1120011500,성수동2가,09,15,12,2049.0,11,서울특별시,11650,서초구,1165010800,서초동
20260224,11,서울특별시,11650,서초구,1165010800,서초동,11,서울특별시,11200,성동구,1120011500,성수동2가,09,30,12,2196.0,11,서울특별시,11650,서초구,1165010800,서초동
20260224,11,서울특별시,11650,서초구,1165010800,서초동,11,서울특별시,11200,성동구,1120011500,성수동2가,09,45,8,1993.0,11,서울특별시,11650,서초구,1165010800,서초동
20260224,11,서울특별시,11650,서초구,1165010800,서초동,11,서울특별시,11200,성동구,1120011500,성수동2가,10,00,5,1779.0,11,서울특별시,11650,서초구,1165010800,서초동
20260224,11,서울특별시,11650,서초구,1165010800,서초동,11,서울특별시,11200,성동구,1120011500,성수동2가,10,15,9,2158.0,11,서울특별시,11650,서초구,1165010800,서초동
20260224,11,서울특별시,11650,서초구,1165010800,서초동,11,서울특별시,11200,성동구,1120011500,성수동2가,10,30,8,1787.0,11,서울특별시,11650,서초구,1165010800,서초동
20260224,11,서울특별시,11650,서초구,1165010800,서초동,11,서울특별시,11200,성동구,1120011500,성수동2가,10,45,5,2006.0,11,서울특별시,11650,서초구,1165010800,서초동
20260224,11,서울특별시,11650,서초구,1165010800,서초동,11,서울특별시,11200,성동구,1120011500,성수동2가,11,00,4,1912.0,11,서울특별시,11650,서초구,1165010800,서초동
20260224,11,서울특별시,11650,서초구,1165010800,서초동,11,서울특별시,11200,성동구,1120011500,성수동2가,11,15,10,2271.0,11,서울특별시,11650,서초구,1165010800,서초동
20260224,11,서울특별시,11650,서초구,1165010800,서초동,11,서울특별시,11200,성동구,1120011500,성수동2가,11,30,15,2098.0,11,서울특별시,11650,서초구,1165010800,서초동
20260224,11,서울특별시,11650,서초구,1165010800,서초동,11,서울특별시,11200,성동구,1120011500,성수동2가,11,45,5,1908.0,11,서울특별시,11650,서초구,1165010800,서초동
20260224,11,서울특별시,11650,서초구,1165010900,내곡동,11,서울특별시,11200,성동구,1120011500,성수동2가,07,15,1,2647.0,11,서울특별시,11650,서초구,1165010900,내곡동
20260224,11,서울특별시,11650,서초구,1165010900,내곡동,11,서울특별시,11200,성동구,1120011500,성수동2가,11,45,1,3390.0,11,서울특별시,11650,서초구,1165010900,내곡동
20260224,11,서울특별시,11650,서초구,1165011000,염곡동,11,서울특별시,11200,성동구,1120011500,성수동2가,07,00,1,2710.0,11,서울특별시,11650,서초구,1165011000,염곡동
20260224,11,서울특별시,11650,서초구,1165011000,염곡동,11,서울특별시,11200,성동구,1120011500,성수동2가,07,15,1,2880.0,11,서울특별시,11650,서초구,1165011000,염곡동
20260224,11,서울특별시,11650,서초구,1165011000,염곡동,11,서울특별시,11200,성동구,1120011500,성수동2가,11,15,2,2843.0,11,서울특별시,11650,서초구,1165011000,염곡동
20260224,11,서울특별시,11650,서초구,1165011100,신원동,11,서울특별시,11200,성동구,1120011500,성수동2가,08,00,1,2014.0,11,서울특별시,11650,서초구,1165011100,신원동
20260224,11,서울특별시,11650,서초구,1165011100,신원동,11,서울특별시,11200,성동구,1120011500,성수동2가,08,15,1,2829.0,11,서울특별시,11650,서초구,1165011100,신원동
20260224,11,서울특별시,11650,서초구,1165011100,신원동,11,서울특별시,11200,성동구,1120011500,성수동2가,11,30,1,2237.0,11,서울특별시,11650,서초구,1165011100,신원동
20260224,11,서울특별시,11680,강남구,1168010100,역삼동,11,서울특별시,11200,성동구,1120011500,성수동2가,07,00,5,1655.0,11,서울특별시,11680,강남구,1168010100,역삼동
20260224,11,서울특별시,11680,강남구,1168010100,역삼동,11,서울특별시,11200,성동구,1120011500,성수동2가,07,15,11,1758.0,11,서울특별시,11680,강남구,1168010100,역삼동
20260224,11,서울특별시,11680,강남구,1168010100,역삼동,11,서울특별시,11200,성동구,1120011500,성수동2가,07,30,11,1740.0,11,서울특별시,11680,강남구,1168010100,역삼동
20260224,11,서울특별시,11680,강남구,1168010100,역삼동,11,서울특별시,11200,성동구,1120011500,성수동2가,07,45,9,1557.0,11,서울특별시,11680,강남구,1168010100,역삼동
20260224,11,서울특별시,11680,강남구,1168010100,역삼동,11,서울특별시,11200,성동구,1120011500,성수동2가,08,00,26,1570.0,11,서울특별시,11680,강남구,1168010100,역삼동
20260224,11,서울특별시,11680,강남구,1168010100,역삼동,11,서울특별시,11200,성동구,1120011500,성수동2가,08,15,36,1452.0,11,서울특별시,11680,강남구,1168010100,역삼동
20260224,11,서울특별시,11680,강남구,1168010100,역삼동,11,서울특별시,11200,성동구,1120011500,성수동2가,08,30,19,1610.0,11,서울특별시,11680,강남구,1168010100,역삼동
20260224,11,서울특별시,11680,강남구,1168010100,역삼동,11,서울특별시,11200,성동구,1120011500,성수동2가,08,45,11,1986.0,11,서울특별시,11680,강남구,1168010100,역삼동
20260224,11,서울특별시,11680,강남구,1168010100,역삼동,11,서울특별시,11200,성동구,1120011500,성수동2가,09,00,15,1625.0,11,서울특별시,11680,강남구,1168010100,역삼동
20260224,11,서울특별시,11680,강남구,1168010100,역삼동,11,서울특별시,11200,성동구,1120011500,성수동2가,09,15,27,1482.0,11,서울특별시,11680,강남구,1168010100,역삼동
20260224,11,서울특별시,11680,강남구,1168010100,역삼동,11,서울특별시,11200,성동구,1120011500,성수동2가,09,30,15,1539.0,11,서울특별시,11680,강남구,1168010100,역삼동
20260224,11,서울특별시,11680,강남구,1168010100,역삼동,11,서울특별시,11200,성동구,1120011500,성수동2가,09,45,14,1528.0,11,서울특별시,11680,강남구,1168010100,역삼동
20260224,11,서울특별시,11680,강남구,1168010100,역삼동,11,서울특별시,11200,성동구,1120011500,성수동2가,10,00,18,1470.0,11,서울특별시,11680,강남구,1168010100,역삼동
20260224,11,서울특별시,11680,강남구,1168010100,역삼동,11,서울특별시,11200,성동구,1120011500,성수동2가,10,15,19,1456.0,11,서울특별시,11680,강남구,1168010100,역삼동
20260224,11,서울특별시,11680,강남구,1168010100,역삼동,11,서울특별시,11200,성동구,1120011500,성수동2가,10,30,16,1548.0,11,서울특별시,11680,강남구,1168010100,역삼동
20260224,11,서울특별시,11680,강남구,1168010100,역삼동,11,서울특별시,11200,성동구,1120011500,성수동2가,10,45,16,1574.0,11,서울특별시,11680,강남구,1168010100,역삼동
20260224,11,서울특별시,11680,강남구,1168010100,역삼동,11,서울특별시,11200,성동구,1120011500,성수동2가,11,00,23,1565.0,11,서울특별시,11680,강남구,1168010100,역삼동
20260224,11,서울특별시,11680,강남구,1168010100,역삼동,11,서울특별시,11200,성동구,1120011500,성수동2가,11,15,25,1897.0,11,서울특별시,11680,강남구,1168010100,역삼동
20260224,11,서울특별시,11680,강남구,1168010100,역삼동,11,서울특별시,11200,성동구,1120011500,성수동2가,11,30,18,1600.0,11,서울특별시,11680,강남구,1168010100,역삼동
20260224,11,서울특별시,11680,강남구,1168010100,역삼동,11,서울특별시,11200,성동구,1120011500,성수동2가,11,45,28,1752.0,11,서울특별시,11680,강남구,1168010100,역삼동
20260224,11,서울특별시,11680,강남구,1168010300,개포동,11,서울특별시,11200,성동구,1120011500,성수동2가,07,00,2,1909.0,11,서울특별시,11680,강남구,1168010300,개포동
20260224,11,서울특별시,11680,강남구,1168010300,개포동,11,서울특별시,11200,성동구,1120011500,성수동2가,07,15,1,2257.0,11,서울특별시,11680,강남구,1168010300,개포동
20260224,11,서울특별시,11680,강남구,1168010300,개포동,11,서울특별시,11200,성동구,1120011500,성수동2가,07,30,6,2128.0,11,서울특별시,11680,강남구,1168010300,개포동
20260224,11,서울특별시,11680,강남구,1168010300,개포동,11,서울특별시,11200,성동구,1120011500,성수동2가,07,45,7,2135.0,11,서울특별시,11680,강남구,1168010300,개포동
20260224,11,서울특별시,11680,강남구,1168010300,개포동,11,서울특별시,11200,성동구,1120011500,성수동2가,08,00,7,2225.0,11,서울특별시,11680,강남구,1168010300,개포동
20260224,11,서울특별시,11680,강남구,1168010300,개포동,11,서울특별시,11200,성동구,1120011500,성수동2가,08,15,4,2365.0,11,서울특별시,11680,강남구,1168010300,개포동
20260224,11,서울특별시,11680,강남구,1168010300,개포동,11,서울특별시,11200,성동구,1120011500,성수동2가,08,30,4,2775.0,11,서울특별시,11680,강남구,1168010300,개포동
20260224,11,서울특별시,11680,강남구,1168010300,개포동,11,서울특별시,11200,성동구,1120011500,성수동2가,08,45,3,2754.0,11,서울특별시,11680,강남구,1168010300,개포동
20260224,11,서울특별시,11680,강남구,1168010300,개포동,11,서울특별시,11200,성동구,1120011500,성수동2가,09,00,6,2286.0,11,서울특별시,11680,강남구,1168010300,개포동
20260224,11,서울특별시,11680,강남구,1168010300,개포동,11,서울특별시,11200,성동구,1120011500,성수동2가,09,15,3,2394.0,11,서울특별시,11680,강남구,1168010300,개포동
20260224,11,서울특별시,11680,강남구,1168010300,개포동,11,서울특별시,11200,성동구,1120011500,성수동2가,09,30,3,2233.0,11,서울특별시,11680,강남구,1168010300,개포동
20260224,11,서울특별시,11680,강남구,1168010300,개포동,11,서울특별시,11200,성동구,1120011500,성수동2가,09,45,1,2138.0,11,서울특별시,11680,강남구,1168010300,개포동
20260224,11,서울특별시,11680,강남구,1168010300,개포동,11,서울특별시,11200,성동구,1120011500,성수동2가,10,00,2,1928.0,11,서울특별시,11680,강남구,1168010300,개포동
20260224,11,서울특별시,11680,강남구,1168010300,개포동,11,서울특별시,11200,성동구,1120011500,성수동2가,10,15,1,2313.0,11,서울특별시,11680,강남구,1168010300,개포동
20260224,11,서울특별시,11680,강남구,1168010300,개포동,11,서울특별시,11200,성동구,1120011500,성수동2가,10,30,1,1586.0,11,서울특별시,11680,강남구,1168010300,개포동
20260224,11,서울특별시,11680,강남구,1168010300,개포동,11,서울특별시,11200,성동구,1120011500,성수동2가,10,45,5,2217.0,11,서울특별시,11680,강남구,1168010300,개포동
20260224,11,서울특별시,11680,강남구,1168010300,개포동,11,서울특별시,11200,성동구,1120011500,성수동2가,11,30,2,2894.0,11,서울특별시,11680,강남구,1168010300,개포동
20260224,11,서울특별시,11680,강남구,1168010300,개포동,11,서울특별시,11200,성동구,1120011500,성수동2가,11,45,3,1831.0,11,서울특별시,11680,강남구,1168010300,개포동
20260224,11,서울특별시,11680,강남구,1168010400,청담동,11,서울특별시,11200,성동구,1120011500,성수동2가,08,15,2,801.0,11,서울특별시,11680,강남구,1168010400,청담동
20260224,11,서울특별시,11680,강남구,1168010400,청담동,11,서울특별시,11200,성동구,1120011500,성수동2가,08,45,2,1296.0,11,서울특별시,11680,강남구,1168010400,청담동
20260224,11,서울특별시,11680,강남구,1168010400,청담동,11,서울특별시,11200,성동구,1120011500,성수동2가,09,15,5,1757.0,11,서울특별시,11680,강남구,1168010400,청담동
20260224,11,서울특별시,11680,강남구,1168010400,청담동,11,서울특별시,11200,성동구,1120011500,성수동2가,09,30,3,1154.0,11,서울특별시,11680,강남구,1168010400,청담동
20260224,11,서울특별시,11680,강남구,1168010400,청담동,11,서울특별시,11200,성동구,1120011500,성수동2가,09,45,2,2183.0,11,서울특별시,11680,강남구,1168010400,청담동
20260224,11,서울특별시,11680,강남구,1168010400,청담동,11,서울특별시,11200,성동구,1120011500,성수동2가,10,00,2,1088.0,11,서울특별시,11680,강남구,1168010400,청담동
20260224,11,서울특별시,11680,강남구,1168010400,청담동,11,서울특별시,11200,성동구,1120011500,성수동2가,10,15,3,2222.0,11,서울특별시,11680,강남구,1168010400,청담동
20260224,11,서울특별시,11680,강남구,1168010400,청담동,11,서울특별시,11200,성동구,1120011500,성수동2가,10,30,4,1409.0,11,서울특별시,11680,강남구,1168010400,청담동
20260224,11,서울특별시,11680,강남구,1168010400,청담동,11,서울특별시,11200,성동구,1120011500,성수동2가,10,45,2,2151.0,11,서울특별시,11680,강남구,1168010400,청담동
20260224,11,서울특별시,11680,강남구,1168010400,청담동,11,서울특별시,11200,성동구,1120011500,성수동2가,11,00,2,1569.0,11,서울특별시,11680,강남구,1168010400,청담동
20260224,11,서울특별시,11680,강남구,1168010400,청담동,11,서울특별시,11200,성동구,1120011500,성수동2가,11,30,15,1885.0,11,서울특별시,11680,강남구,1168010400,청담동
20260224,11,서울특별시,11680,강남구,1168010400,청담동,11,서울특별시,11200,성동구,1120011500,성수동2가,11,45,2,1481.0,11,서울특별시,11680,강남구,1168010400,청담동
20260224,11,서울특별시,11680,강남구,1168010500,삼성동,11,서울특별시,11200,성동구,1120011500,성수동2가,07,15,5,1684.0,11,서울특별시,11680,강남구,1168010500,삼성동
20260224,11,서울특별시,11680,강남구,1168010500,삼성동,11,서울특별시,11200,성동구,1120011500,성수동2가,07,45,4,1273.0,11,서울특별시,11680,강남구,1168010500,삼성동
20260224,11,서울특별시,11680,강남구,1168010500,삼성동,11,서울특별시,11200,성동구,1120011500,성수동2가,08,00,5,1186.0,11,서울특별시,11680,강남구,1168010500,삼성동
20260224,11,서울특별시,11680,강남구,1168010500,삼성동,11,서울특별시,11200,성동구,1120011500,성수동2가,08,15,19,1262.0,11,서울특별시,11680,강남구,1168010500,삼성동
20260224,11,서울특별시,11680,강남구,1168010500,삼성동,11,서울특별시,11200,성동구,1120011500,성수동2가,08,30,3,1235.0,11,서울특별시,11680,강남구,1168010500,삼성동
20260224,11,서울특별시,11680,강남구,1168010500,삼성동,11,서울특별시,11200,성동구,1120011500,성수동2가,08,45,8,1084.0,11,서울특별시,11680,강남구,1168010500,삼성동
20260224,11,서울특별시,11680,강남구,1168010500,삼성동,11,서울특별시,11200,성동구,1120011500,성수동2가,09,00,8,1130.0,11,서울특별시,11680,강남구,1168010500,삼성동
20260224,11,서울특별시,11680,강남구,1168010500,삼성동,11,서울특별시,11200,성동구,1120011500,성수동2가,09,15,12,1139.0,11,서울특별시,11680,강남구,1168010500,삼성동
20260224,11,서울특별시,11680,강남구,1168010500,삼성동,11,서울특별시,11200,성동구,1120011500,성수동2가,09,30,10,1296.0,11,서울특별시,11680,강남구,1168010500,삼성동
20260224,11,서울특별시,11680,강남구,1168010500,삼성동,11,서울특별시,11200,성동구,1120011500,성수동2가,09,45,6,1425.0,11,서울특별시,11680,강남구,1168010500,삼성동
20260224,11,서울특별시,11680,강남구,1168010500,삼성동,11,서울특별시,11200,성동구,1120011500,성수동2가,10,00,3,1256.0,11,서울특별시,11680,강남구,1168010500,삼성동
20260224,11,서울특별시,11680,강남구,1168010500,삼성동,11,서울특별시,11200,성동구,1120011500,성수동2가,10,15,6,1644.0,11,서울특별시,11680,강남구,1168010500,삼성동
20260224,11,서울특별시,11680,강남구,1168010500,삼성동,11,서울특별시,11200,성동구,1120011500,성수동2가,10,30,4,1142.0,11,서울특별시,11680,강남구,1168010500,삼성동
20260224,11,서울특별시,11680,강남구,1168010500,삼성동,11,서울특별시,11200,성동구,1120011500,성수동2가,10,45,11,1295.0,11,서울특별시,11680,강남구,1168010500,삼성동
20260224,11,서울특별시,11680,강남구,1168010500,삼성동,11,서울특별시,11200,성동구,1120011500,성수동2가,11,00,16,1538.0,11,서울특별시,11680,강남구,1168010500,삼성동
20260224,11,서울특별시,11680,강남구,1168010500,삼성동,11,서울특별시,11200,성동구,1120011500,성수동2가,11,15,12,1313.0,11,서울특별시,11680,강남구,1168010500,삼성동
20260224,11,서울특별시,11680,강남구,1168010500,삼성동,11,서울특별시,11200,성동구,1120011500,성수동2가,11,30,16,1424.0,11,서울특별시,11680,강남구,1168010500,삼성동
20260224,11,서울특별시,11680,강남구,1168010500,삼성동,11,서울특별시,11200,성동구,1120011500,성수동2가,11,45,16,1311.0,11,서울특별시,11680,강남구,1168010500,삼성동
20260224,11,서울특별시,11680,강남구,1168010600,대치동,11,서울특별시,11200,성동구,1120011500,성수동2가,07,00,1,1766.0,11,서울특별시,11680,강남구,1168010600,대치동
20260224,11,서울특별시,11680,강남구,1168010600,대치동,11,서울특별시,11200,성동구,1120011500,성수동2가,07,15,3,1473.0,11,서울특별시,11680,강남구,1168010600,대치동
20260224,11,서울특별시,11680,강남구,1168010600,대치동,11,서울특별시,11200,성동구,1120011500,성수동2가,07,45,2,1280.0,11,서울특별시,11680,강남구,1168010600,대치동
20260224,11,서울특별시,11680,강남구,1168010600,대치동,11,서울특별시,11200,성동구,1120011500,성수동2가,08,00,1,1801.0,11,서울특별시,11680,강남구,1168010600,대치동
20260224,11,서울특별시,11680,강남구,1168010600,대치동,11,서울특별시,11200,성동구,1120011500,성수동2가,08,15,7,1464.0,11,서울특별시,11680,강남구,1168010600,대치동
20260224,11,서울특별시,11680,강남구,1168010600,대치동,11,서울특별시,11200,성동구,1120011500,성수동2가,08,45,1,1715.0,11,서울특별시,11680,강남구,1168010600,대치동
20260224,11,서울특별시,11680,강남구,1168010600,대치동,11,서울특별시,11200,성동구,1120011500,성수동2가,09,00,3,1774.0,11,서울특별시,11680,강남구,1168010600,대치동
20260224,11,서울특별시,11680,강남구,1168010600,대치동,11,서울특별시,11200,성동구,1120011500,성수동2가,09,15,2,1516.0,11,서울특별시,11680,강남구,1168010600,대치동
20260224,11,서울특별시,11680,강남구,1168010600,대치동,11,서울특별시,11200,성동구,1120011500,성수동2가,09,30,1,2700.0,11,서울특별시,11680,강남구,1168010600,대치동
20260224,11,서울특별시,11680,강남구,1168010600,대치동,11,서울특별시,11200,성동구,1120011500,성수동2가,09,45,1,3695.0,11,서울특별시,11680,강남구,1168010600,대치동
20260224,11,서울특별시,11680,강남구,1168010600,대치동,11,서울특별시,11200,성동구,1120011500,성수동2가,10,15,1,1387.0,11,서울특별시,11680,강남구,1168010600,대치동
20260224,11,서울특별시,11680,강남구,1168010600,대치동,11,서울특별시,11200,성동구,1120011500,성수동2가,10,30,5,1810.0,11,서울특별시,11680,강남구,1168010600,대치동
20260224,11,서울특별시,11680,강남구,1168010600,대치동,11,서울특별시,11200,성동구,1120011500,성수동2가,10,45,1,1717.0,11,서울특별시,11680,강남구,1168010600,대치동
20260224,11,서울특별시,11680,강남구,1168010600,대치동,11,서울특별시,11200,성동구,1120011500,성수동2가,11,00,2,1437.0,11,서울특별시,11680,강남구,1168010600,대치동
20260224,11,서울특별시,11680,강남구,1168010600,대치동,11,서울특별시,11200,성동구,1120011500,성수동2가,11,15,3,1776.0,11,서울특별시,11680,강남구,1168010600,대치동
20260224,11,서울특별시,11680,강남구,1168010600,대치동,11,서울특별시,11200,성동구,1120011500,성수동2가,11,30,3,2109.0,11,서울특별시,11680,강남구,1168010600,대치동
20260224,11,서울특별시,11680,강남구,1168010700,신사동,11,서울특별시,11200,성동구,1120011500,성수동2가,07,30,1,1841.0,11,서울특별시,11680,강남구,1168010700,신사동
20260224,11,서울특별시,11680,강남구,1168010700,신사동,11,서울특별시,11200,성동구,1120011500,성수동2가,07,45,1,2289.0,11,서울특별시,11680,강남구,1168010700,신사동
20260224,11,서울특별시,11680,강남구,1168010700,신사동,11,서울특별시,11200,성동구,1120011500,성수동2가,08,00,1,2147.0,11,서울특별시,11680,강남구,1168010700,신사동
20260224,11,서울특별시,11680,강남구,1168010700,신사동,11,서울특별시,11200,성동구,1120011500,성수동2가,09,00,1,2208.0,11,서울특별시,11680,강남구,1168010700,신사동
20260224,11,서울특별시,11680,강남구,1168010700,신사동,11,서울특별시,11200,성동구,1120011500,성수동2가,10,00,2,2384.0,11,서울특별시,11680,강남구,1168010700,신사동
20260224,11,서울특별시,11680,강남구,1168010700,신사동,11,서울특별시,11200,성동구,1120011500,성수동2가,10,30,1,2042.0,11,서울특별시,11680,강남구,1168010700,신사동
20260224,11,서울특별시,11680,강남구,1168010700,신사동,11,서울특별시,11200,성동구,1120011500,성수동2가,10,45,2,2402.0,11,서울특별시,11680,강남구,1168010700,신사동
20260224,11,서울특별시,11680,강남구,1168010700,신사동,11,서울특별시,11200,성동구,1120011500,성수동2가,11,00,5,2901.0,11,서울특별시,11680,강남구,1168010700,신사동
20260224,11,서울특별시,11680,강남구,1168010700,신사동,11,서울특별시,11200,성동구,1120011500,성수동2가,11,30,6,2119.0,11,서울특별시,11680,강남구,1168010700,신사동
20260224,11,서울특별시,11680,강남구,1168010700,신사동,11,서울특별시,11200,성동구,1120011500,성수동2가,11,45,8,2453.0,11,서울특별시,11680,강남구,1168010700,신사동
20260224,11,서울특별시,11680,강남구,1168010800,논현동,11,서울특별시,11200,성동구,1120011500,성수동2가,07,00,1,1674.0,11,서울특별시,11680,강남구,1168010800,논현동
20260224,11,서울특별시,11680,강남구,1168010800,논현동,11,서울특별시,11200,성동구,1120011500,성수동2가,07,15,5,1274.0,11,서울특별시,11680,강남구,1168010800,논현동
20260224,11,서울특별시,11680,강남구,1168010800,논현동,11,서울특별시,11200,성동구,1120011500,성수동2가,07,30,1,1522.0,11,서울특별시,11680,강남구,1168010800,논현동
20260224,11,서울특별시,11680,강남구,1168010800,논현동,11,서울특별시,11200,성동구,1120011500,성수동2가,07,45,2,1394.0,11,서울특별시,11680,강남구,1168010800,논현동
20260224,11,서울특별시,11680,강남구,1168010800,논현동,11,서울특별시,11200,성동구,1120011500,성수동2가,08,00,10,1237.0,11,서울특별시,11680,강남구,1168010800,논현동
20260224,11,서울특별시,11680,강남구,1168010800,논현동,11,서울특별시,11200,성동구,1120011500,성수동2가,08,15,20,1307.0,11,서울특별시,11680,강남구,1168010800,논현동
20260224,11,서울특별시,11680,강남구,1168010800,논현동,11,서울특별시,11200,성동구,1120011500,성수동2가,08,30,13,1426.0,11,서울특별시,11680,강남구,1168010800,논현동
20260224,11,서울특별시,11680,강남구,1168010800,논현동,11,서울특별시,11200,성동구,1120011500,성수동2가,08,45,9,1222.0,11,서울특별시,11680,강남구,1168010800,논현동
20260224,11,서울특별시,11680,강남구,1168010800,논현동,11,서울특별시,11200,성동구,1120011500,성수동2가,09,00,5,1179.0,11,서울특별시,11680,강남구,1168010800,논현동
20260224,11,서울특별시,11680,강남구,1168010800,논현동,11,서울특별시,11200,성동구,1120011500,성수동2가,09,15,6,1322.0,11,서울특별시,11680,강남구,1168010800,논현동
20260224,11,서울특별시,11680,강남구,1168010800,논현동,11,서울특별시,11200,성동구,1120011500,성수동2가,09,30,12,1232.0,11,서울특별시,11680,강남구,1168010800,논현동
20260224,11,서울특별시,11680,강남구,1168010800,논현동,11,서울특별시,11200,성동구,1120011500,성수동2가,09,45,2,1232.0,11,서울특별시,11680,강남구,1168010800,논현동
20260224,11,서울특별시,11680,강남구,1168010800,논현동,11,서울특별시,11200,성동구,1120011500,성수동2가,10,00,13,1418.0,11,서울특별시,11680,강남구,1168010800,논현동
20260224,11,서울특별시,11680,강남구,1168010800,논현동,11,서울특별시,11200,성동구,1120011500,성수동2가,10,15,4,1114.0,11,서울특별시,11680,강남구,1168010800,논현동
20260224,11,서울특별시,11680,강남구,1168010800,논현동,11,서울특별시,11200,성동구,1120011500,성수동2가,10,30,4,1146.0,11,서울특별시,11680,강남구,1168010800,논현동
20260224,11,서울특별시,11680,강남구,1168010800,논현동,11,서울특별시,11200,성동구,1120011500,성수동2가,10,45,6,1616.0,11,서울특별시,11680,강남구,1168010800,논현동
20260224,11,서울특별시,11680,강남구,1168010800,논현동,11,서울특별시,11200,성동구,1120011500,성수동2가,11,00,2,1339.0,11,서울특별시,11680,강남구,1168010800,논현동
20260224,11,서울특별시,11680,강남구,1168010800,논현동,11,서울특별시,11200,성동구,1120011500,성수동2가,11,15,10,1712.0,11,서울특별시,11680,강남구,1168010800,논현동
20260224,11,서울특별시,11680,강남구,1168010800,논현동,11,서울특별시,11200,성동구,1120011500,성수동2가,11,30,5,1999.0,11,서울특별시,11680,강남구,1168010800,논현동
20260224,11,서울특별시,11680,강남구,1168010800,논현동,11,서울특별시,11200,성동구,1120011500,성수동2가,11,45,6,1504.0,11,서울특별시,11680,강남구,1168010800,논현동
20260224,11,서울특별시,11680,강남구,1168011000,압구정동,11,서울특별시,11200,성동구,1120011500,성수동2가,10,15,1,4032.0,11,서울특별시,11680,강남구,1168011000,압구정동
20260224,11,서울특별시,11680,강남구,1168011100,세곡동,11,서울특별시,11200,성동구,1120011500,성수동2가,07,00,1,2442.0,11,서울특별시,11680,강남구,1168011100,세곡동
20260224,11,서울특별시,11680,강남구,1168011100,세곡동,11,서울특별시,11200,성동구,1120011500,성수동2가,07,15,3,3083.0,11,서울특별시,11680,강남구,1168011100,세곡동
20260224,11,서울특별시,11680,강남구,1168011100,세곡동,11,서울특별시,11200,성동구,1120011500,성수동2가,07,30,3,3153.0,11,서울특별시,11680,강남구,1168011100,세곡동
20260224,11,서울특별시,11680,강남구,1168011100,세곡동,11,서울특별시,11200,성동구,1120011500,성수동2가,08,30,1,2117.0,11,서울특별시,11680,강남구,1168011100,세곡동
20260224,11,서울특별시,11680,강남구,1168011100,세곡동,11,서울특별시,11200,성동구,1120011500,성수동2가,09,00,1,3210.0,11,서울특별시,11680,강남구,1168011100,세곡동
20260224,11,서울특별시,11680,강남구,1168011100,세곡동,11,서울특별시,11200,성동구,1120011500,성수동2가,10,00,1,3002.0,11,서울특별시,11680,강남구,1168011100,세곡동
20260224,11,서울특별시,11680,강남구,1168011100,세곡동,11,서울특별시,11200,성동구,1120011500,성수동2가,10,15,2,2827.0,11,서울특별시,11680,강남구,1168011100,세곡동
20260224,11,서울특별시,11680,강남구,1168011100,세곡동,11,서울특별시,11200,성동구,1120011500,성수동2가,10,30,1,3121.0,11,서울특별시,11680,강남구,1168011100,세곡동
20260224,11,서울특별시,11680,강남구,1168011200,자곡동,11,서울특별시,11200,성동구,1120011500,성수동2가,07,00,3,2707.0,11,서울특별시,11680,강남구,1168011200,자곡동
20260224,11,서울특별시,11680,강남구,1168011200,자곡동,11,서울특별시,11200,성동구,1120011500,성수동2가,07,15,2,2530.0,11,서울특별시,11680,강남구,1168011200,자곡동
20260224,11,서울특별시,11680,강남구,1168011200,자곡동,11,서울특별시,11200,성동구,1120011500,성수동2가,07,30,2,2368.0,11,서울특별시,11680,강남구,1168011200,자곡동
20260224,11,서울특별시,11680,강남구,1168011200,자곡동,11,서울특별시,11200,성동구,1120011500,성수동2가,07,45,3,2047.0,11,서울특별시,11680,강남구,1168011200,자곡동
20260224,11,서울특별시,11680,강남구,1168011200,자곡동,11,서울특별시,11200,성동구,1120011500,성수동2가,08,00,8,2151.0,11,서울특별시,11680,강남구,1168011200,자곡동
20260224,11,서울특별시,11680,강남구,1168011200,자곡동,11,서울특별시,11200,성동구,1120011500,성수동2가,08,15,3,2493.0,11,서울특별시,11680,강남구,1168011200,자곡동
20260224,11,서울특별시,11680,강남구,1168011200,자곡동,11,서울특별시,11200,성동구,1120011500,성수동2가,08,30,2,2034.0,11,서울특별시,11680,강남구,1168011200,자곡동
20260224,11,서울특별시,11680,강남구,1168011200,자곡동,11,서울특별시,11200,성동구,1120011500,성수동2가,08,45,2,2341.0,11,서울특별시,11680,강남구,1168011200,자곡동
20260224,11,서울특별시,11680,강남구,1168011200,자곡동,11,서울특별시,11200,성동구,1120011500,성수동2가,09,00,4,2126.0,11,서울특별시,11680,강남구,1168011200,자곡동
20260224,11,서울특별시,11680,강남구,1168011200,자곡동,11,서울특별시,11200,성동구,1120011500,성수동2가,09,15,2,2045.0,11,서울특별시,11680,강남구,1168011200,자곡동
20260224,11,서울특별시,11680,강남구,1168011200,자곡동,11,서울특별시,11200,성동구,1120011500,성수동2가,09,30,1,2341.0,11,서울특별시,11680,강남구,1168011200,자곡동
20260224,11,서울특별시,11680,강남구,1168011200,자곡동,11,서울특별시,11200,성동구,1120011500,성수동2가,09,45,5,3014.0,11,서울특별시,11680,강남구,1168011200,자곡동
20260224,11,서울특별시,11680,강남구,1168011200,자곡동,11,서울특별시,11200,성동구,1120011500,성수동2가,10,00,1,2543.0,11,서울특별시,11680,강남구,1168011200,자곡동
20260224,11,서울특별시,11680,강남구,1168011200,자곡동,11,서울특별시,11200,성동구,1120011500,성수동2가,10,15,1,3355.0,11,서울특별시,11680,강남구,1168011200,자곡동
20260224,11,서울특별시,11680,강남구,1168011200,자곡동,11,서울특별시,11200,성동구,1120011500,성수동2가,10,30,3,2389.0,11,서울특별시,11680,강남구,1168011200,자곡동
20260224,11,서울특별시,11680,강남구,1168011200,자곡동,11,서울특별시,11200,성동구,1120011500,성수동2가,10,45,1,1929.0,11,서울특별시,11680,강남구,1168011200,자곡동
20260224,11,서울특별시,11680,강남구,1168011200,자곡동,11,서울특별시,11200,성동구,1120011500,성수동2가,11,00,1,1951.0,11,서울특별시,11680,강남구,1168011200,자곡동
20260224,11,서울특별시,11680,강남구,1168011200,자곡동,11,서울특별시,11200,성동구,1120011500,성수동2가,11,15,1,3392.0,11,서울특별시,11680,강남구,1168011200,자곡동
20260224,11,서울특별시,11680,강남구,1168011200,자곡동,11,서울특별시,11200,성동구,1120011500,성수동2가,11,30,1,2346.0,11,서울특별시,11680,강남구,1168011200,자곡동
20260224,11,서울특별시,11680,강남구,1168011200,자곡동,11,서울특별시,11200,성동구,1120011500,성수동2가,11,45,1,2647.0,11,서울특별시,11680,강남구,1168011200,자곡동
20260224,11,서울특별시,11680,강남구,1168011300,율현동,11,서울특별시,11200,성동구,1120011500,성수동2가,07,30,1,2013.0,11,서울특별시,11680,강남구,1168011300,율현동
20260224,11,서울특별시,11680,강남구,1168011300,율현동,11,서울특별시,11200,성동구,1120011500,성수동2가,07,45,1,2735.0,11,서울특별시,11680,강남구,1168011300,율현동
20260224,11,서울특별시,11680,강남구,1168011300,율현동,11,서울특별시,11200,성동구,1120011500,성수동2가,08,30,1,2642.0,11,서울특별시,11680,강남구,1168011300,율현동
20260224,11,서울특별시,11680,강남구,1168011300,율현동,11,서울특별시,11200,성동구,1120011500,성수동2가,08,45,1,2998.0,11,서울특별시,11680,강남구,1168011300,율현동
20260224,11,서울특별시,11680,강남구,1168011300,율현동,11,서울특별시,11200,성동구,1120011500,성수동2가,09,15,1,1918.0,11,서울특별시,11680,강남구,1168011300,율현동
20260224,11,서울특별시,11680,강남구,1168011400,일원동,11,서울특별시,11200,성동구,1120011500,성수동2가,07,00,2,2054.0,11,서울특별시,11680,강남구,1168011400,일원동
20260224,11,서울특별시,11680,강남구,1168011400,일원동,11,서울특별시,11200,성동구,1120011500,성수동2가,07,15,5,2106.0,11,서울특별시,11680,강남구,1168011400,일원동
20260224,11,서울특별시,11680,강남구,1168011400,일원동,11,서울특별시,11200,성동구,1120011500,성수동2가,07,30,4,2157.0,11,서울특별시,11680,강남구,1168011400,일원동
20260224,11,서울특별시,11680,강남구,1168011400,일원동,11,서울특별시,11200,성동구,1120011500,성수동2가,07,45,5,2309.0,11,서울특별시,11680,강남구,1168011400,일원동
20260224,11,서울특별시,11680,강남구,1168011400,일원동,11,서울특별시,11200,성동구,1120011500,성수동2가,08,00,6,2203.0,11,서울특별시,11680,강남구,1168011400,일원동
20260224,11,서울특별시,11680,강남구,1168011400,일원동,11,서울특별시,11200,성동구,1120011500,성수동2가,08,15,5,2055.0,11,서울특별시,11680,강남구,1168011400,일원동
20260224,11,서울특별시,11680,강남구,1168011400,일원동,11,서울특별시,11200,성동구,1120011500,성수동2가,08,30,1,2362.0,11,서울특별시,11680,강남구,1168011400,일원동
20260224,11,서울특별시,11680,강남구,1168011400,일원동,11,서울특별시,11200,성동구,1120011500,성수동2가,08,45,2,2084.0,11,서울특별시,11680,강남구,1168011400,일원동
20260224,11,서울특별시,11680,강남구,1168011400,일원동,11,서울특별시,11200,성동구,1120011500,성수동2가,09,00,3,1837.0,11,서울특별시,11680,강남구,1168011400,일원동
20260224,11,서울특별시,11680,강남구,1168011400,일원동,11,서울특별시,11200,성동구,1120011500,성수동2가,09,15,4,2421.0,11,서울특별시,11680,강남구,1168011400,일원동
20260224,11,서울특별시,11680,강남구,1168011400,일원동,11,서울특별시,11200,성동구,1120011500,성수동2가,09,30,2,2331.0,11,서울특별시,11680,강남구,1168011400,일원동
20260224,11,서울특별시,11680,강남구,1168011400,일원동,11,서울특별시,11200,성동구,1120011500,성수동2가,09,45,2,2851.0,11,서울특별시,11680,강남구,1168011400,일원동
20260224,11,서울특별시,11680,강남구,1168011400,일원동,11,서울특별시,11200,성동구,1120011500,성수동2가,10,00,1,2816.0,11,서울특별시,11680,강남구,1168011400,일원동
20260224,11,서울특별시,11680,강남구,1168011400,일원동,11,서울특별시,11200,성동구,1120011500,성수동2가,10,15,1,1719.0,11,서울특별시,11680,강남구,1168011400,일원동
20260224,11,서울특별시,11680,강남구,1168011400,일원동,11,서울특별시,11200,성동구,1120011500,성수동2가,10,45,2,2761.0,11,서울특별시,11680,강남구,1168011400,일원동
20260224,11,서울특별시,11680,강남구,1168011400,일원동,11,서울특별시,11200,성동구,1120011500,성수동2가,11,00,3,2063.0,11,서울특별시,11680,강남구,1168011400,일원동
20260224,11,서울특별시,11680,강남구,1168011400,일원동,11,서울특별시,11200,성동구,1120011500,성수동2가,11,15,2,2345.0,11,서울특별시,11680,강남구,1168011400,일원동
20260224,11,서울특별시,11680,강남구,1168011400,일원동,11,서울특별시,11200,성동구,1120011500,성수동2가,11,45,2,2236.0,11,서울특별시,11680,강남구,1168011400,일원동
20260224,11,서울특별시,11680,강남구,1168011500,수서동,11,서울특별시,11200,성동구,1120011500,성수동2가,07,15,2,2301.0,11,서울특별시,11680,강남구,1168011500,수서동
20260224,11,서울특별시,11680,강남구,1168011500,수서동,11,서울특별시,11200,성동구,1120011500,성수동2가,07,30,3,2153.0,11,서울특별시,11680,강남구,1168011500,수서동
20260224,11,서울특별시,11680,강남구,1168011500,수서동,11,서울특별시,11200,성동구,1120011500,성수동2가,07,45,2,1880.0,11,서울특별시,11680,강남구,1168011500,수서동
20260224,11,서울특별시,11680,강남구,1168011500,수서동,11,서울특별시,11200,성동구,1120011500,성수동2가,08,00,1,2235.0,11,서울특별시,11680,강남구,1168011500,수서동
20260224,11,서울특별시,11680,강남구,1168011500,수서동,11,서울특별시,11200,성동구,1120011500,성수동2가,08,15,3,2277.0,11,서울특별시,11680,강남구,1168011500,수서동
20260224,11,서울특별시,11680,강남구,1168011500,수서동,11,서울특별시,11200,성동구,1120011500,성수동2가,08,30,4,2853.0,11,서울특별시,11680,강남구,1168011500,수서동
20260224,11,서울특별시,11680,강남구,1168011500,수서동,11,서울특별시,11200,성동구,1120011500,성수동2가,08,45,2,2235.0,11,서울특별시,11680,강남구,1168011500,수서동
20260224,11,서울특별시,11680,강남구,1168011500,수서동,11,서울특별시,11200,성동구,1120011500,성수동2가,09,00,4,2306.0,11,서울특별시,11680,강남구,1168011500,수서동
20260224,11,서울특별시,11680,강남구,1168011500,수서동,11,서울특별시,11200,성동구,1120011500,성수동2가,09,30,1,2083.0,11,서울특별시,11680,강남구,1168011500,수서동
20260224,11,서울특별시,11680,강남구,1168011500,수서동,11,서울특별시,11200,성동구,1120011500,성수동2가,09,45,2,2190.0,11,서울특별시,11680,강남구,1168011500,수서동
20260224,11,서울특별시,11680,강남구,1168011500,수서동,11,서울특별시,11200,성동구,1120011500,성수동2가,10,00,2,2531.0,11,서울특별시,11680,강남구,1168011500,수서동
20260224,11,서울특별시,11680,강남구,1168011500,수서동,11,서울특별시,11200,성동구,1120011500,성수동2가,10,15,2,2684.0,11,서울특별시,11680,강남구,1168011500,수서동
20260224,11,서울특별시,11680,강남구,1168011500,수서동,11,서울특별시,11200,성동구,1120011500,성수동2가,10,30,5,2587.0,11,서울특별시,11680,강남구,1168011500,수서동
20260224,11,서울특별시,11680,강남구,1168011500,수서동,11,서울특별시,11200,성동구,1120011500,성수동2가,10,45,4,2576.0,11,서울특별시,11680,강남구,1168011500,수서동
20260224,11,서울특별시,11680,강남구,1168011500,수서동,11,서울특별시,11200,성동구,1120011500,성수동2가,11,00,3,2635.0,11,서울특별시,11680,강남구,1168011500,수서동
20260224,11,서울특별시,11680,강남구,1168011500,수서동,11,서울특별시,11200,성동구,1120011500,성수동2가,11,15,3,2331.0,11,서울특별시,11680,강남구,1168011500,수서동
20260224,11,서울특별시,11680,강남구,1168011800,도곡동,11,서울특별시,11200,성동구,1120011500,성수동2가,07,00,2,1794.0,11,서울특별시,11680,강남구,1168011800,도곡동
20260224,11,서울특별시,11680,강남구,1168011800,도곡동,11,서울특별시,11200,성동구,1120011500,성수동2가,07,15,4,1889.0,11,서울특별시,11680,강남구,1168011800,도곡동
20260224,11,서울특별시,11680,강남구,1168011800,도곡동,11,서울특별시,11200,성동구,1120011500,성수동2가,07,30,2,2031.0,11,서울특별시,11680,강남구,1168011800,도곡동
20260224,11,서울특별시,11680,강남구,1168011800,도곡동,11,서울특별시,11200,성동구,1120011500,성수동2가,07,45,4,2011.0,11,서울특별시,11680,강남구,1168011800,도곡동
20260224,11,서울특별시,11680,강남구,1168011800,도곡동,11,서울특별시,11200,성동구,1120011500,성수동2가,08,00,4,1978.0,11,서울특별시,11680,강남구,1168011800,도곡동
20260224,11,서울특별시,11680,강남구,1168011800,도곡동,11,서울특별시,11200,성동구,1120011500,성수동2가,08,15,4,1797.0,11,서울특별시,11680,강남구,1168011800,도곡동
20260224,11,서울특별시,11680,강남구,1168011800,도곡동,11,서울특별시,11200,성동구,1120011500,성수동2가,08,30,4,2248.0,11,서울특별시,11680,강남구,1168011800,도곡동
20260224,11,서울특별시,11680,강남구,1168011800,도곡동,11,서울특별시,11200,성동구,1120011500,성수동2가,08,45,3,2658.0,11,서울특별시,11680,강남구,1168011800,도곡동
20260224,11,서울특별시,11680,강남구,1168011800,도곡동,11,서울특별시,11200,성동구,1120011500,성수동2가,09,00,4,2119.0,11,서울특별시,11680,강남구,1168011800,도곡동
20260224,11,서울특별시,11680,강남구,1168011800,도곡동,11,서울특별시,11200,성동구,1120011500,성수동2가,09,15,5,2155.0,11,서울특별시,11680,강남구,1168011800,도곡동
20260224,11,서울특별시,11680,강남구,1168011800,도곡동,11,서울특별시,11200,성동구,1120011500,성수동2가,09,45,1,2014.0,11,서울특별시,11680,강남구,1168011800,도곡동
20260224,11,서울특별시,11680,강남구,1168011800,도곡동,11,서울특별시,11200,성동구,1120011500,성수동2가,10,00,3,1663.0,11,서울특별시,11680,강남구,1168011800,도곡동
20260224,11,서울특별시,11680,강남구,1168011800,도곡동,11,서울특별시,11200,성동구,1120011500,성수동2가,10,15,1,3424.0,11,서울특별시,11680,강남구,1168011800,도곡동
20260224,11,서울특별시,11680,강남구,1168011800,도곡동,11,서울특별시,11200,성동구,1120011500,성수동2가,10,30,1,2496.0,11,서울특별시,11680,강남구,1168011800,도곡동
20260224,11,서울특별시,11680,강남구,1168011800,도곡동,11,서울특별시,11200,성동구,1120011500,성수동2가,10,45,1,2095.0,11,서울특별시,11680,강남구,1168011800,도곡동
20260224,11,서울특별시,11680,강남구,1168011800,도곡동,11,서울특별시,11200,성동구,1120011500,성수동2가,11,00,1,1882.0,11,서울특별시,11680,강남구,1168011800,도곡동
20260224,11,서울특별시,11680,강남구,1168011800,도곡동,11,서울특별시,11200,성동구,1120011500,성수동2가,11,15,2,2140.0,11,서울특별시,11680,강남구,1168011800,도곡동
20260224,11,서울특별시,11680,강남구,1168011800,도곡동,11,서울특별시,11200,성동구,1120011500,성수동2가,11,45,1,2251.0,11,서울특별시,11680,강남구,1168011800,도곡동
20260224,11,서울특별시,11710,송파구,1171010100,잠실동,11,서울특별시,11200,성동구,1120011500,성수동2가,07,00,7,1177.0,11,서울특별시,11710,송파구,1171010100,잠실동
20260224,11,서울특별시,11710,송파구,1171010100,잠실동,11,서울특별시,11200,성동구,1120011500,성수동2가,07,15,7,1172.0,11,서울특별시,11710,송파구,1171010100,잠실동
20260224,11,서울특별시,11710,송파구,1171010100,잠실동,11,서울특별시,11200,성동구,1120011500,성수동2가,07,30,7,1207.0,11,서울특별시,11710,송파구,1171010100,잠실동
20260224,11,서울특별시,11710,송파구,1171010100,잠실동,11,서울특별시,11200,성동구,1120011500,성수동2가,07,45,21,1087.0,11,서울특별시,11710,송파구,1171010100,잠실동
20260224,11,서울특별시,11710,송파구,1171010100,잠실동,11,서울특별시,11200,성동구,1120011500,성수동2가,08,00,25,1105.0,11,서울특별시,11710,송파구,1171010100,잠실동
20260224,11,서울특별시,11710,송파구,1171010100,잠실동,11,서울특별시,11200,성동구,1120011500,성수동2가,08,15,35,1075.0,11,서울특별시,11710,송파구,1171010100,잠실동
20260224,11,서울특별시,11710,송파구,1171010100,잠실동,11,서울특별시,11200,성동구,1120011500,성수동2가,08,30,20,999.0,11,서울특별시,11710,송파구,1171010100,잠실동
20260224,11,서울특별시,11710,송파구,1171010100,잠실동,11,서울특별시,11200,성동구,1120011500,성수동2가,08,45,12,1178.0,11,서울특별시,11710,송파구,1171010100,잠실동
20260224,11,서울특별시,11710,송파구,1171010100,잠실동,11,서울특별시,11200,성동구,1120011500,성수동2가,09,00,20,1271.0,11,서울특별시,11710,송파구,1171010100,잠실동
20260224,11,서울특별시,11710,송파구,1171010100,잠실동,11,서울특별시,11200,성동구,1120011500,성수동2가,09,15,11,1303.0,11,서울특별시,11710,송파구,1171010100,잠실동
20260224,11,서울특별시,11710,송파구,1171010100,잠실동,11,서울특별시,11200,성동구,1120011500,성수동2가,09,30,14,1116.0,11,서울특별시,11710,송파구,1171010100,잠실동
20260224,11,서울특별시,11710,송파구,1171010100,잠실동,11,서울특별시,11200,성동구,1120011500,성수동2가,09,45,8,1089.0,11,서울특별시,11710,송파구,1171010100,잠실동
20260224,11,서울특별시,11710,송파구,1171010100,잠실동,11,서울특별시,11200,성동구,1120011500,성수동2가,10,00,10,1158.0,11,서울특별시,11710,송파구,1171010100,잠실동
20260224,11,서울특별시,11710,송파구,1171010100,잠실동,11,서울특별시,11200,성동구,1120011500,성수동2가,10,15,7,1031.0,11,서울특별시,11710,송파구,1171010100,잠실동
20260224,11,서울특별시,11710,송파구,1171010100,잠실동,11,서울특별시,11200,성동구,1120011500,성수동2가,10,30,15,1005.0,11,서울특별시,11710,송파구,1171010100,잠실동
20260224,11,서울특별시,11710,송파구,1171010100,잠실동,11,서울특별시,11200,성동구,1120011500,성수동2가,10,45,4,1106.0,11,서울특별시,11710,송파구,1171010100,잠실동
20260224,11,서울특별시,11710,송파구,1171010100,잠실동,11,서울특별시,11200,성동구,1120011500,성수동2가,11,00,7,1044.0,11,서울특별시,11710,송파구,1171010100,잠실동
20260224,11,서울특별시,11710,송파구,1171010100,잠실동,11,서울특별시,11200,성동구,1120011500,성수동2가,11,15,7,1203.0,11,서울특별시,11710,송파구,1171010100,잠실동
20260224,11,서울특별시,11710,송파구,1171010100,잠실동,11,서울특별시,11200,성동구,1120011500,성수동2가,11,30,8,1035.0,11,서울특별시,11710,송파구,1171010100,잠실동
20260224,11,서울특별시,11710,송파구,1171010100,잠실동,11,서울특별시,11200,성동구,1120011500,성수동2가,11,45,8,1047.0,11,서울특별시,11710,송파구,1171010100,잠실동
20260224,11,서울특별시,11710,송파구,1171010200,신천동,11,서울특별시,11200,성동구,1120011500,성수동2가,07,00,5,880.0,11,서울특별시,11710,송파구,1171010200,신천동
20260224,11,서울특별시,11710,송파구,1171010200,신천동,11,서울특별시,11200,성동구,1120011500,성수동2가,07,15,9,841.0,11,서울특별시,11710,송파구,1171010200,신천동
20260224,11,서울특별시,11710,송파구,1171010200,신천동,11,서울특별시,11200,성동구,1120011500,성수동2가,07,30,18,956.0,11,서울특별시,11710,송파구,1171010200,신천동
20260224,11,서울특별시,11710,송파구,1171010200,신천동,11,서울특별시,11200,성동구,1120011500,성수동2가,07,45,19,910.0,11,서울특별시,11710,송파구,1171010200,신천동
20260224,11,서울특별시,11710,송파구,1171010200,신천동,11,서울특별시,11200,성동구,1120011500,성수동2가,08,00,29,926.0,11,서울특별시,11710,송파구,1171010200,신천동
20260224,11,서울특별시,11710,송파구,1171010200,신천동,11,서울특별시,11200,성동구,1120011500,성수동2가,08,15,41,814.0,11,서울특별시,11710,송파구,1171010200,신천동
20260224,11,서울특별시,11710,송파구,1171010200,신천동,11,서울특별시,11200,성동구,1120011500,성수동2가,08,30,31,806.0,11,서울특별시,11710,송파구,1171010200,신천동
20260224,11,서울특별시,11710,송파구,1171010200,신천동,11,서울특별시,11200,성동구,1120011500,성수동2가,08,45,24,809.0,11,서울특별시,11710,송파구,1171010200,신천동
20260224,11,서울특별시,11710,송파구,1171010200,신천동,11,서울특별시,11200,성동구,1120011500,성수동2가,09,00,27,790.0,11,서울특별시,11710,송파구,1171010200,신천동
20260224,11,서울특별시,11710,송파구,1171010200,신천동,11,서울특별시,11200,성동구,1120011500,성수동2가,09,15,23,903.0,11,서울특별시,11710,송파구,1171010200,신천동
20260224,11,서울특별시,11710,송파구,1171010200,신천동,11,서울특별시,11200,성동구,1120011500,성수동2가,09,30,20,814.0,11,서울특별시,11710,송파구,1171010200,신천동
20260224,11,서울특별시,11710,송파구,1171010200,신천동,11,서울특별시,11200,성동구,1120011500,성수동2가,09,45,14,743.0,11,서울특별시,11710,송파구,1171010200,신천동
20260224,11,서울특별시,11710,송파구,1171010200,신천동,11,서울특별시,11200,성동구,1120011500,성수동2가,10,00,12,879.0,11,서울특별시,11710,송파구,1171010200,신천동
20260224,11,서울특별시,11710,송파구,1171010200,신천동,11,서울특별시,11200,성동구,1120011500,성수동2가,10,15,9,874.0,11,서울특별시,11710,송파구,1171010200,신천동
20260224,11,서울특별시,11710,송파구,1171010200,신천동,11,서울특별시,11200,성동구,1120011500,성수동2가,10,30,13,791.0,11,서울특별시,11710,송파구,1171010200,신천동
20260224,11,서울특별시,11710,송파구,1171010200,신천동,11,서울특별시,11200,성동구,1120011500,성수동2가,10,45,16,827.0,11,서울특별시,11710,송파구,1171010200,신천동
20260224,11,서울특별시,11710,송파구,1171010200,신천동,11,서울특별시,11200,성동구,1120011500,성수동2가,11,00,10,865.0,11,서울특별시,11710,송파구,1171010200,신천동
20260224,11,서울특별시,11710,송파구,1171010200,신천동,11,서울특별시,11200,성동구,1120011500,성수동2가,11,15,20,933.0,11,서울특별시,11710,송파구,1171010200,신천동
20260224,11,서울특별시,11710,송파구,1171010200,신천동,11,서울특별시,11200,성동구,1120011500,성수동2가,11,30,21,959.0,11,서울특별시,11710,송파구,1171010200,신천동
20260224,11,서울특별시,11710,송파구,1171010200,신천동,11,서울특별시,11200,성동구,1120011500,성수동2가,11,45,16,1056.0,11,서울특별시,11710,송파구,1171010200,신천동
20260224,11,서울특별시,11710,송파구,1171010300,풍납동,11,서울특별시,11200,성동구,1120011500,성수동2가,07,00,5,1513.0,11,서울특별시,11710,송파구,1171010300,풍납동
20260224,11,서울특별시,11710,송파구,1171010300,풍납동,11,서울특별시,11200,성동구,1120011500,성수동2가,07,15,9,1540.0,11,서울특별시,11710,송파구,1171010300,풍납동
20260224,11,서울특별시,11710,송파구,1171010300,풍납동,11,서울특별시,11200,성동구,1120011500,성수동2가,07,30,14,1690.0,11,서울특별시,11710,송파구,1171010300,풍납동
20260224,11,서울특별시,11710,송파구,1171010300,풍납동,11,서울특별시,11200,성동구,1120011500,성수동2가,07,45,17,1681.0,11,서울특별시,11710,송파구,1171010300,풍납동
20260224,11,서울특별시,11710,송파구,1171010300,풍납동,11,서울특별시,11200,성동구,1120011500,성수동2가,08,00,27,1518.0,11,서울특별시,11710,송파구,1171010300,풍납동
20260224,11,서울특별시,11710,송파구,1171010300,풍납동,11,서울특별시,11200,성동구,1120011500,성수동2가,08,15,18,1456.0,11,서울특별시,11710,송파구,1171010300,풍납동
20260224,11,서울특별시,11710,송파구,1171010300,풍납동,11,서울특별시,11200,성동구,1120011500,성수동2가,08,30,15,1437.0,11,서울특별시,11710,송파구,1171010300,풍납동
20260224,11,서울특별시,11710,송파구,1171010300,풍납동,11,서울특별시,11200,성동구,1120011500,성수동2가,08,45,17,1487.0,11,서울특별시,11710,송파구,1171010300,풍납동
20260224,11,서울특별시,11710,송파구,1171010300,풍납동,11,서울특별시,11200,성동구,1120011500,성수동2가,09,00,13,1303.0,11,서울특별시,11710,송파구,1171010300,풍납동
20260224,11,서울특별시,11710,송파구,1171010300,풍납동,11,서울특별시,11200,성동구,1120011500,성수동2가,09,15,7,1472.0,11,서울특별시,11710,송파구,1171010300,풍납동
20260224,11,서울특별시,11710,송파구,1171010300,풍납동,11,서울특별시,11200,성동구,1120011500,성수동2가,09,30,7,1454.0,11,서울특별시,11710,송파구,1171010300,풍납동
20260224,11,서울특별시,11710,송파구,1171010300,풍납동,11,서울특별시,11200,성동구,1120011500,성수동2가,09,45,2,1655.0,11,서울특별시,11710,송파구,1171010300,풍납동
20260224,11,서울특별시,11710,송파구,1171010300,풍납동,11,서울특별시,11200,성동구,1120011500,성수동2가,10,00,5,1442.0,11,서울특별시,11710,송파구,1171010300,풍납동
20260224,11,서울특별시,11710,송파구,1171010300,풍납동,11,서울특별시,11200,성동구,1120011500,성수동2가,10,15,6,1994.0,11,서울특별시,11710,송파구,1171010300,풍납동
20260224,11,서울특별시,11710,송파구,1171010300,풍납동,11,서울특별시,11200,성동구,1120011500,성수동2가,10,30,4,1519.0,11,서울특별시,11710,송파구,1171010300,풍납동
20260224,11,서울특별시,11710,송파구,1171010300,풍납동,11,서울특별시,11200,성동구,1120011500,성수동2가,10,45,5,1775.0,11,서울특별시,11710,송파구,1171010300,풍납동
20260224,11,서울특별시,11710,송파구,1171010300,풍납동,11,서울특별시,11200,성동구,1120011500,성수동2가,11,00,5,1818.0,11,서울특별시,11710,송파구,1171010300,풍납동
20260224,11,서울특별시,11710,송파구,1171010300,풍납동,11,서울특별시,11200,성동구,1120011500,성수동2가,11,15,4,1992.0,11,서울특별시,11710,송파구,1171010300,풍납동
20260224,11,서울특별시,11710,송파구,1171010300,풍납동,11,서울특별시,11200,성동구,1120011500,성수동2가,11,30,6,1585.0,11,서울특별시,11710,송파구,1171010300,풍납동
20260224,11,서울특별시,11710,송파구,1171010300,풍납동,11,서울특별시,11200,성동구,1120011500,성수동2가,11,45,4,1693.0,11,서울특별시,11710,송파구,1171010300,풍납동
20260224,11,서울특별시,11710,송파구,1171010400,송파동,11,서울특별시,11200,성동구,1120011500,성수동2가,07,00,2,1149.0,11,서울특별시,11710,송파구,1171010400,송파동
20260224,11,서울특별시,11710,송파구,1171010400,송파동,11,서울특별시,11200,성동구,1120011500,성수동2가,07,15,6,1419.0,11,서울특별시,11710,송파구,1171010400,송파동
20260224,11,서울특별시,11710,송파구,1171010400,송파동,11,서울특별시,11200,성동구,1120011500,성수동2가,07,30,5,1394.0,11,서울특별시,11710,송파구,1171010400,송파동
20260224,11,서울특별시,11710,송파구,1171010400,송파동,11,서울특별시,11200,성동구,1120011500,성수동2가,07,45,13,1147.0,11,서울특별시,11710,송파구,1171010400,송파동
20260224,11,서울특별시,11710,송파구,1171010400,송파동,11,서울특별시,11200,성동구,1120011500,성수동2가,08,00,7,1204.0,11,서울특별시,11710,송파구,1171010400,송파동
20260224,11,서울특별시,11710,송파구,1171010400,송파동,11,서울특별시,11200,성동구,1120011500,성수동2가,08,15,19,1242.0,11,서울특별시,11710,송파구,1171010400,송파동
20260224,11,서울특별시,11710,송파구,1171010400,송파동,11,서울특별시,11200,성동구,1120011500,성수동2가,08,30,16,1376.0,11,서울특별시,11710,송파구,1171010400,송파동
20260224,11,서울특별시,11710,송파구,1171010400,송파동,11,서울특별시,11200,성동구,1120011500,성수동2가,08,45,11,1287.0,11,서울특별시,11710,송파구,1171010400,송파동
20260224,11,서울특별시,11710,송파구,1171010400,송파동,11,서울특별시,11200,성동구,1120011500,성수동2가,09,00,12,1483.0,11,서울특별시,11710,송파구,1171010400,송파동
20260224,11,서울특별시,11710,송파구,1171010400,송파동,11,서울특별시,11200,성동구,1120011500,성수동2가,09,15,13,1373.0,11,서울특별시,11710,송파구,1171010400,송파동
20260224,11,서울특별시,11710,송파구,1171010400,송파동,11,서울특별시,11200,성동구,1120011500,성수동2가,09,30,12,1142.0,11,서울특별시,11710,송파구,1171010400,송파동
20260224,11,서울특별시,11710,송파구,1171010400,송파동,11,서울특별시,11200,성동구,1120011500,성수동2가,09,45,3,1159.0,11,서울특별시,11710,송파구,1171010400,송파동
20260224,11,서울특별시,11710,송파구,1171010400,송파동,11,서울특별시,11200,성동구,1120011500,성수동2가,10,00,2,1405.0,11,서울특별시,11710,송파구,1171010400,송파동
20260224,11,서울특별시,11710,송파구,1171010400,송파동,11,서울특별시,11200,성동구,1120011500,성수동2가,10,15,4,1488.0,11,서울특별시,11710,송파구,1171010400,송파동
20260224,11,서울특별시,11710,송파구,1171010400,송파동,11,서울특별시,11200,성동구,1120011500,성수동2가,10,30,2,1135.0,11,서울특별시,11710,송파구,1171010400,송파동
20260224,11,서울특별시,11710,송파구,1171010400,송파동,11,서울특별시,11200,성동구,1120011500,성수동2가,10,45,1,1402.0,11,서울특별시,11710,송파구,1171010400,송파동
20260224,11,서울특별시,11710,송파구,1171010400,송파동,11,서울특별시,11200,성동구,1120011500,성수동2가,11,00,1,994.0,11,서울특별시,11710,송파구,1171010400,송파동
20260224,11,서울특별시,11710,송파구,1171010400,송파동,11,서울특별시,11200,성동구,1120011500,성수동2가,11,15,3,1500.0,11,서울특별시,11710,송파구,1171010400,송파동
20260224,11,서울특별시,11710,송파구,1171010400,송파동,11,서울특별시,11200,성동구,1120011500,성수동2가,11,30,5,1387.0,11,서울특별시,11710,송파구,1171010400,송파동
20260224,11,서울특별시,11710,송파구,1171010400,송파동,11,서울특별시,11200,성동구,1120011500,성수동2가,11,45,2,1312.0,11,서울특별시,11710,송파구,1171010400,송파동
20260224,11,서울특별시,11710,송파구,1171010500,석촌동,11,서울특별시,11200,성동구,1120011500,성수동2가,07,15,2,1256.0,11,서울특별시,11710,송파구,1171010500,석촌동
20260224,11,서울특별시,11710,송파구,1171010500,석촌동,11,서울특별시,11200,성동구,1120011500,성수동2가,07,30,2,1644.0,11,서울특별시,11710,송파구,1171010500,석촌동
20260224,11,서울특별시,11710,송파구,1171010500,석촌동,11,서울특별시,11200,성동구,1120011500,성수동2가,07,45,2,1409.0,11,서울특별시,11710,송파구,1171010500,석촌동
20260224,11,서울특별시,11710,송파구,1171010500,석촌동,11,서울특별시,11200,성동구,1120011500,성수동2가,08,00,3,1337.0,11,서울특별시,11710,송파구,1171010500,석촌동
20260224,11,서울특별시,11710,송파구,1171010500,석촌동,11,서울특별시,11200,성동구,1120011500,성수동2가,08,15,5,1270.0,11,서울특별시,11710,송파구,1171010500,석촌동
20260224,11,서울특별시,11710,송파구,1171010500,석촌동,11,서울특별시,11200,성동구,1120011500,성수동2가,08,30,4,1286.0,11,서울특별시,11710,송파구,1171010500,석촌동
20260224,11,서울특별시,11710,송파구,1171010500,석촌동,11,서울특별시,11200,성동구,1120011500,성수동2가,08,45,1,1409.0,11,서울특별시,11710,송파구,1171010500,석촌동
20260224,11,서울특별시,11710,송파구,1171010500,석촌동,11,서울특별시,11200,성동구,1120011500,성수동2가,09,30,1,1247.0,11,서울특별시,11710,송파구,1171010500,석촌동
20260224,11,서울특별시,11710,송파구,1171010500,석촌동,11,서울특별시,11200,성동구,1120011500,성수동2가,09,45,1,1317.0,11,서울특별시,11710,송파구,1171010500,석촌동
20260224,11,서울특별시,11710,송파구,1171010600,삼전동,11,서울특별시,11200,성동구,1120011500,성수동2가,07,15,5,1710.0,11,서울특별시,11710,송파구,1171010600,삼전동
20260224,11,서울특별시,11710,송파구,1171010600,삼전동,11,서울특별시,11200,성동구,1120011500,성수동2가,07,30,6,1792.0,11,서울특별시,11710,송파구,1171010600,삼전동
20260224,11,서울특별시,11710,송파구,1171010600,삼전동,11,서울특별시,11200,성동구,1120011500,성수동2가,07,45,5,1559.0,11,서울특별시,11710,송파구,1171010600,삼전동
20260224,11,서울특별시,11710,송파구,1171010600,삼전동,11,서울특별시,11200,성동구,1120011500,성수동2가,08,00,16,1483.0,11,서울특별시,11710,송파구,1171010600,삼전동
20260224,11,서울특별시,11710,송파구,1171010600,삼전동,11,서울특별시,11200,성동구,1120011500,성수동2가,08,15,18,1567.0,11,서울특별시,11710,송파구,1171010600,삼전동
20260224,11,서울특별시,11710,송파구,1171010600,삼전동,11,서울특별시,11200,성동구,1120011500,성수동2가,08,30,6,1764.0,11,서울특별시,11710,송파구,1171010600,삼전동
20260224,11,서울특별시,11710,송파구,1171010600,삼전동,11,서울특별시,11200,성동구,1120011500,성수동2가,08,45,6,1510.0,11,서울특별시,11710,송파구,1171010600,삼전동
20260224,11,서울특별시,11710,송파구,1171010600,삼전동,11,서울특별시,11200,성동구,1120011500,성수동2가,09,00,6,1259.0,11,서울특별시,11710,송파구,1171010600,삼전동
20260224,11,서울특별시,11710,송파구,1171010600,삼전동,11,서울특별시,11200,성동구,1120011500,성수동2가,09,15,10,1599.0,11,서울특별시,11710,송파구,1171010600,삼전동
20260224,11,서울특별시,11710,송파구,1171010600,삼전동,11,서울특별시,11200,성동구,1120011500,성수동2가,09,30,2,1665.0,11,서울특별시,11710,송파구,1171010600,삼전동
20260224,11,서울특별시,11710,송파구,1171010600,삼전동,11,서울특별시,11200,성동구,1120011500,성수동2가,09,45,2,1576.0,11,서울특별시,11710,송파구,1171010600,삼전동
20260224,11,서울특별시,11710,송파구,1171010600,삼전동,11,서울특별시,11200,성동구,1120011500,성수동2가,11,00,4,1365.0,11,서울특별시,11710,송파구,1171010600,삼전동
20260224,11,서울특별시,11710,송파구,1171010600,삼전동,11,서울특별시,11200,성동구,1120011500,성수동2가,11,30,1,1864.0,11,서울특별시,11710,송파구,1171010600,삼전동
20260224,11,서울특별시,11710,송파구,1171010600,삼전동,11,서울특별시,11200,성동구,1120011500,성수동2가,11,45,2,1602.0,11,서울특별시,11710,송파구,1171010600,삼전동
20260224,11,서울특별시,11710,송파구,1171010700,가락동,11,서울특별시,11200,성동구,1120011500,성수동2가,07,00,2,1809.0,11,서울특별시,11710,송파구,1171010700,가락동
20260224,11,서울특별시,11710,송파구,1171010700,가락동,11,서울특별시,11200,성동구,1120011500,성수동2가,07,15,5,1703.0,11,서울특별시,11710,송파구,1171010700,가락동
20260224,11,서울특별시,11710,송파구,1171010700,가락동,11,서울특별시,11200,성동구,1120011500,성수동2가,07,30,12,1659.0,11,서울특별시,11710,송파구,1171010700,가락동
20260224,11,서울특별시,11710,송파구,1171010700,가락동,11,서울특별시,11200,성동구,1120011500,성수동2가,07,45,16,1668.0,11,서울특별시,11710,송파구,1171010700,가락동
20260224,11,서울특별시,11710,송파구,1171010700,가락동,11,서울특별시,11200,성동구,1120011500,성수동2가,08,00,27,1704.0,11,서울특별시,11710,송파구,1171010700,가락동
20260224,11,서울특별시,11710,송파구,1171010700,가락동,11,서울특별시,11200,성동구,1120011500,성수동2가,08,15,27,1698.0,11,서울특별시,11710,송파구,1171010700,가락동
20260224,11,서울특별시,11710,송파구,1171010700,가락동,11,서울특별시,11200,성동구,1120011500,성수동2가,08,30,15,1592.0,11,서울특별시,11710,송파구,1171010700,가락동
20260224,11,서울특별시,11710,송파구,1171010700,가락동,11,서울특별시,11200,성동구,1120011500,성수동2가,08,45,15,1534.0,11,서울특별시,11710,송파구,1171010700,가락동
20260224,11,서울특별시,11710,송파구,1171010700,가락동,11,서울특별시,11200,성동구,1120011500,성수동2가,09,00,7,1556.0,11,서울특별시,11710,송파구,1171010700,가락동
20260224,11,서울특별시,11710,송파구,1171010700,가락동,11,서울특별시,11200,성동구,1120011500,성수동2가,09,15,12,1670.0,11,서울특별시,11710,송파구,1171010700,가락동
20260224,11,서울특별시,11710,송파구,1171010700,가락동,11,서울특별시,11200,성동구,1120011500,성수동2가,09,30,8,2014.0,11,서울특별시,11710,송파구,1171010700,가락동
20260224,11,서울특별시,11710,송파구,1171010700,가락동,11,서울특별시,11200,성동구,1120011500,성수동2가,09,45,5,1951.0,11,서울특별시,11710,송파구,1171010700,가락동
20260224,11,서울특별시,11710,송파구,1171010700,가락동,11,서울특별시,11200,성동구,1120011500,성수동2가,10,00,2,1609.0,11,서울특별시,11710,송파구,1171010700,가락동
20260224,11,서울특별시,11710,송파구,1171010700,가락동,11,서울특별시,11200,성동구,1120011500,성수동2가,10,15,5,1569.0,11,서울특별시,11710,송파구,1171010700,가락동
20260224,11,서울특별시,11710,송파구,1171010700,가락동,11,서울특별시,11200,성동구,1120011500,성수동2가,10,30,5,1863.0,11,서울특별시,11710,송파구,1171010700,가락동
20260224,11,서울특별시,11710,송파구,1171010700,가락동,11,서울특별시,11200,성동구,1120011500,성수동2가,10,45,1,3343.0,11,서울특별시,11710,송파구,1171010700,가락동
20260224,11,서울특별시,11710,송파구,1171010700,가락동,11,서울특별시,11200,성동구,1120011500,성수동2가,11,00,5,1560.0,11,서울특별시,11710,송파구,1171010700,가락동
20260224,11,서울특별시,11710,송파구,1171010700,가락동,11,서울특별시,11200,성동구,1120011500,성수동2가,11,15,1,1532.0,11,서울특별시,11710,송파구,1171010700,가락동
20260224,11,서울특별시,11710,송파구,1171010700,가락동,11,서울특별시,11200,성동구,1120011500,성수동2가,11,30,1,1615.0,11,서울특별시,11710,송파구,1171010700,가락동
20260224,11,서울특별시,11710,송파구,1171010700,가락동,11,서울특별시,11200,성동구,1120011500,성수동2가,11,45,2,1523.0,11,서울특별시,11710,송파구,1171010700,가락동
20260224,11,서울특별시,11710,송파구,1171010800,문정동,11,서울특별시,11200,성동구,1120011500,성수동2가,07,00,6,1859.0,11,서울특별시,11710,송파구,1171010800,문정동
20260224,11,서울특별시,11710,송파구,1171010800,문정동,11,서울특별시,11200,성동구,1120011500,성수동2가,07,15,2,1868.0,11,서울특별시,11710,송파구,1171010800,문정동
20260224,11,서울특별시,11710,송파구,1171010800,문정동,11,서울특별시,11200,성동구,1120011500,성수동2가,07,30,6,1890.0,11,서울특별시,11710,송파구,1171010800,문정동
20260224,11,서울특별시,11710,송파구,1171010800,문정동,11,서울특별시,11200,성동구,1120011500,성수동2가,07,45,12,1816.0,11,서울특별시,11710,송파구,1171010800,문정동
20260224,11,서울특별시,11710,송파구,1171010800,문정동,11,서울특별시,11200,성동구,1120011500,성수동2가,08,00,19,1778.0,11,서울특별시,11710,송파구,1171010800,문정동
20260224,11,서울특별시,11710,송파구,1171010800,문정동,11,서울특별시,11200,성동구,1120011500,성수동2가,08,15,18,1713.0,11,서울특별시,11710,송파구,1171010800,문정동
20260224,11,서울특별시,11710,송파구,1171010800,문정동,11,서울특별시,11200,성동구,1120011500,성수동2가,08,30,12,1763.0,11,서울특별시,11710,송파구,1171010800,문정동
20260224,11,서울특별시,11710,송파구,1171010800,문정동,11,서울특별시,11200,성동구,1120011500,성수동2가,08,45,8,1696.0,11,서울특별시,11710,송파구,1171010800,문정동
20260224,11,서울특별시,11710,송파구,1171010800,문정동,11,서울특별시,11200,성동구,1120011500,성수동2가,09,00,5,1601.0,11,서울특별시,11710,송파구,1171010800,문정동
20260224,11,서울특별시,11710,송파구,1171010800,문정동,11,서울특별시,11200,성동구,1120011500,성수동2가,09,15,7,1751.0,11,서울특별시,11710,송파구,1171010800,문정동
20260224,11,서울특별시,11710,송파구,1171010800,문정동,11,서울특별시,11200,성동구,1120011500,성수동2가,09,30,8,1602.0,11,서울특별시,11710,송파구,1171010800,문정동
20260224,11,서울특별시,11710,송파구,1171010800,문정동,11,서울특별시,11200,성동구,1120011500,성수동2가,09,45,3,1910.0,11,서울특별시,11710,송파구,1171010800,문정동
20260224,11,서울특별시,11710,송파구,1171010800,문정동,11,서울특별시,11200,성동구,1120011500,성수동2가,10,00,4,1780.0,11,서울특별시,11710,송파구,1171010800,문정동
20260224,11,서울특별시,11710,송파구,1171010800,문정동,11,서울특별시,11200,성동구,1120011500,성수동2가,10,15,1,1618.0,11,서울특별시,11710,송파구,1171010800,문정동
20260224,11,서울특별시,11710,송파구,1171010800,문정동,11,서울특별시,11200,성동구,1120011500,성수동2가,10,30,2,1799.0,11,서울특별시,11710,송파구,1171010800,문정동
20260224,11,서울특별시,11710,송파구,1171010800,문정동,11,서울특별시,11200,성동구,1120011500,성수동2가,10,45,8,2097.0,11,서울특별시,11710,송파구,1171010800,문정동
20260224,11,서울특별시,11710,송파구,1171010800,문정동,11,서울특별시,11200,성동구,1120011500,성수동2가,11,30,1,1340.0,11,서울특별시,11710,송파구,1171010800,문정동
20260224,11,서울특별시,11710,송파구,1171010800,문정동,11,서울특별시,11200,성동구,1120011500,성수동2가,11,45,2,2057.0,11,서울특별시,11710,송파구,1171010800,문정동
20260224,11,서울특별시,11710,송파구,1171010900,장지동,11,서울특별시,11200,성동구,1120011500,성수동2가,07,00,3,2150.0,11,서울특별시,11710,송파구,1171010900,장지동
20260224,11,서울특별시,11710,송파구,1171010900,장지동,11,서울특별시,11200,성동구,1120011500,성수동2가,07,15,15,2194.0,11,서울특별시,11710,송파구,1171010900,장지동
20260224,11,서울특별시,11710,송파구,1171010900,장지동,11,서울특별시,11200,성동구,1120011500,성수동2가,07,30,6,2008.0,11,서울특별시,11710,송파구,1171010900,장지동
20260224,11,서울특별시,11710,송파구,1171010900,장지동,11,서울특별시,11200,성동구,1120011500,성수동2가,07,45,14,2187.0,11,서울특별시,11710,송파구,1171010900,장지동
20260224,11,서울특별시,11710,송파구,1171010900,장지동,11,서울특별시,11200,성동구,1120011500,성수동2가,08,00,13,2124.0,11,서울특별시,11710,송파구,1171010900,장지동
20260224,11,서울특별시,11710,송파구,1171010900,장지동,11,서울특별시,11200,성동구,1120011500,성수동2가,08,15,10,1990.0,11,서울특별시,11710,송파구,1171010900,장지동
20260224,11,서울특별시,11710,송파구,1171010900,장지동,11,서울특별시,11200,성동구,1120011500,성수동2가,08,30,5,1890.0,11,서울특별시,11710,송파구,1171010900,장지동
20260224,11,서울특별시,11710,송파구,1171010900,장지동,11,서울특별시,11200,성동구,1120011500,성수동2가,08,45,11,2029.0,11,서울특별시,11710,송파구,1171010900,장지동
20260224,11,서울특별시,11710,송파구,1171010900,장지동,11,서울특별시,11200,성동구,1120011500,성수동2가,09,00,7,2103.0,11,서울특별시,11710,송파구,1171010900,장지동
20260224,11,서울특별시,11710,송파구,1171010900,장지동,11,서울특별시,11200,성동구,1120011500,성수동2가,09,15,10,1807.0,11,서울특별시,11710,송파구,1171010900,장지동
20260224,11,서울특별시,11710,송파구,1171010900,장지동,11,서울특별시,11200,성동구,1120011500,성수동2가,09,30,3,2334.0,11,서울특별시,11710,송파구,1171010900,장지동
20260224,11,서울특별시,11710,송파구,1171010900,장지동,11,서울특별시,11200,성동구,1120011500,성수동2가,09,45,2,2116.0,11,서울특별시,11710,송파구,1171010900,장지동
20260224,11,서울특별시,11710,송파구,1171010900,장지동,11,서울특별시,11200,성동구,1120011500,성수동2가,10,00,1,2155.0,11,서울특별시,11710,송파구,1171010900,장지동
20260224,11,서울특별시,11710,송파구,1171010900,장지동,11,서울특별시,11200,성동구,1120011500,성수동2가,10,15,5,1968.0,11,서울특별시,11710,송파구,1171010900,장지동
20260224,11,서울특별시,11710,송파구,1171010900,장지동,11,서울특별시,11200,성동구,1120011500,성수동2가,10,30,3,1939.0,11,서울특별시,11710,송파구,1171010900,장지동
20260224,11,서울특별시,11710,송파구,1171010900,장지동,11,서울특별시,11200,성동구,1120011500,성수동2가,10,45,3,1815.0,11,서울특별시,11710,송파구,1171010900,장지동
20260224,11,서울특별시,11710,송파구,1171010900,장지동,11,서울특별시,11200,성동구,1120011500,성수동2가,11,00,5,2013.0,11,서울특별시,11710,송파구,1171010900,장지동
20260224,11,서울특별시,11710,송파구,1171010900,장지동,11,서울특별시,11200,성동구,1120011500,성수동2가,11,15,3,1939.0,11,서울특별시,11710,송파구,1171010900,장지동
20260224,11,서울특별시,11710,송파구,1171011100,방이동,11,서울특별시,11200,성동구,1120011500,성수동2가,07,00,2,2007.0,11,서울특별시,11710,송파구,1171011100,방이동
20260224,11,서울특별시,11710,송파구,1171011100,방이동,11,서울특별시,11200,성동구,1120011500,성수동2가,07,15,11,1762.0,11,서울특별시,11710,송파구,1171011100,방이동
20260224,11,서울특별시,11710,송파구,1171011100,방이동,11,서울특별시,11200,성동구,1120011500,성수동2가,07,30,12,1603.0,11,서울특별시,11710,송파구,1171011100,방이동
20260224,11,서울특별시,11710,송파구,1171011100,방이동,11,서울특별시,11200,성동구,1120011500,성수동2가,07,45,26,1687.0,11,서울특별시,11710,송파구,1171011100,방이동
20260224,11,서울특별시,11710,송파구,1171011100,방이동,11,서울특별시,11200,성동구,1120011500,성수동2가,08,00,28,1669.0,11,서울특별시,11710,송파구,1171011100,방이동
20260224,11,서울특별시,11710,송파구,1171011100,방이동,11,서울특별시,11200,성동구,1120011500,성수동2가,08,15,22,1529.0,11,서울특별시,11710,송파구,1171011100,방이동
20260224,11,서울특별시,11710,송파구,1171011100,방이동,11,서울특별시,11200,성동구,1120011500,성수동2가,08,30,19,1411.0,11,서울특별시,11710,송파구,1171011100,방이동
20260224,11,서울특별시,11710,송파구,1171011100,방이동,11,서울특별시,11200,성동구,1120011500,성수동2가,08,45,12,1731.0,11,서울특별시,11710,송파구,1171011100,방이동
20260224,11,서울특별시,11710,송파구,1171011100,방이동,11,서울특별시,11200,성동구,1120011500,성수동2가,09,00,12,1631.0,11,서울특별시,11710,송파구,1171011100,방이동
20260224,11,서울특별시,11710,송파구,1171011100,방이동,11,서울특별시,11200,성동구,1120011500,성수동2가,09,15,15,1533.0,11,서울특별시,11710,송파구,1171011100,방이동
20260224,11,서울특별시,11710,송파구,1171011100,방이동,11,서울특별시,11200,성동구,1120011500,성수동2가,09,30,8,1591.0,11,서울특별시,11710,송파구,1171011100,방이동
20260224,11,서울특별시,11710,송파구,1171011100,방이동,11,서울특별시,11200,성동구,1120011500,성수동2가,09,45,8,1505.0,11,서울특별시,11710,송파구,1171011100,방이동
20260224,11,서울특별시,11710,송파구,1171011100,방이동,11,서울특별시,11200,성동구,1120011500,성수동2가,10,00,2,1320.0,11,서울특별시,11710,송파구,1171011100,방이동
20260224,11,서울특별시,11710,송파구,1171011100,방이동,11,서울특별시,11200,성동구,1120011500,성수동2가,10,15,8,1401.0,11,서울특별시,11710,송파구,1171011100,방이동
20260224,11,서울특별시,11710,송파구,1171011100,방이동,11,서울특별시,11200,성동구,1120011500,성수동2가,10,30,2,1972.0,11,서울특별시,11710,송파구,1171011100,방이동
20260224,11,서울특별시,11710,송파구,1171011100,방이동,11,서울특별시,11200,성동구,1120011500,성수동2가,10,45,2,1726.0,11,서울특별시,11710,송파구,1171011100,방이동
20260224,11,서울특별시,11710,송파구,1171011100,방이동,11,서울특별시,11200,성동구,1120011500,성수동2가,11,15,4,1747.0,11,서울특별시,11710,송파구,1171011100,방이동
20260224,11,서울특별시,11710,송파구,1171011100,방이동,11,서울특별시,11200,성동구,1120011500,성수동2가,11,45,4,1607.0,11,서울특별시,11710,송파구,1171011100,방이동
20260224,11,서울특별시,11710,송파구,1171011200,오금동,11,서울특별시,11200,성동구,1120011500,성수동2가,07,00,8,1985.0,11,서울특별시,11710,송파구,1171011200,오금동
20260224,11,서울특별시,11710,송파구,1171011200,오금동,11,서울특별시,11200,성동구,1120011500,성수동2가,07,15,2,2649.0,11,서울특별시,11710,송파구,1171011200,오금동
20260224,11,서울특별시,11710,송파구,1171011200,오금동,11,서울특별시,11200,성동구,1120011500,성수동2가,07,30,4,2058.0,11,서울특별시,11710,송파구,1171011200,오금동
20260224,11,서울특별시,11710,송파구,1171011200,오금동,11,서울특별시,11200,성동구,1120011500,성수동2가,07,45,6,2124.0,11,서울특별시,11710,송파구,1171011200,오금동
20260224,11,서울특별시,11710,송파구,1171011200,오금동,11,서울특별시,11200,성동구,1120011500,성수동2가,08,00,8,2222.0,11,서울특별시,11710,송파구,1171011200,오금동
20260224,11,서울특별시,11710,송파구,1171011200,오금동,11,서울특별시,11200,성동구,1120011500,성수동2가,08,15,7,2387.0,11,서울특별시,11710,송파구,1171011200,오금동
20260224,11,서울특별시,11710,송파구,1171011200,오금동,11,서울특별시,11200,성동구,1120011500,성수동2가,08,30,6,2227.0,11,서울특별시,11710,송파구,1171011200,오금동
20260224,11,서울특별시,11710,송파구,1171011200,오금동,11,서울특별시,11200,성동구,1120011500,성수동2가,08,45,5,1944.0,11,서울특별시,11710,송파구,1171011200,오금동
20260224,11,서울특별시,11710,송파구,1171011200,오금동,11,서울특별시,11200,성동구,1120011500,성수동2가,09,00,3,2102.0,11,서울특별시,11710,송파구,1171011200,오금동
20260224,11,서울특별시,11710,송파구,1171011200,오금동,11,서울특별시,11200,성동구,1120011500,성수동2가,09,15,2,2953.0,11,서울특별시,11710,송파구,1171011200,오금동
20260224,11,서울특별시,11710,송파구,1171011200,오금동,11,서울특별시,11200,성동구,1120011500,성수동2가,09,30,2,1854.0,11,서울특별시,11710,송파구,1171011200,오금동
20260224,11,서울특별시,11710,송파구,1171011200,오금동,11,서울특별시,11200,성동구,1120011500,성수동2가,09,45,3,1754.0,11,서울특별시,11710,송파구,1171011200,오금동
20260224,11,서울특별시,11710,송파구,1171011200,오금동,11,서울특별시,11200,성동구,1120011500,성수동2가,10,00,3,1882.0,11,서울특별시,11710,송파구,1171011200,오금동
20260224,11,서울특별시,11710,송파구,1171011200,오금동,11,서울특별시,11200,성동구,1120011500,성수동2가,10,15,2,3188.0,11,서울특별시,11710,송파구,1171011200,오금동
20260224,11,서울특별시,11710,송파구,1171011200,오금동,11,서울특별시,11200,성동구,1120011500,성수동2가,10,30,1,2732.0,11,서울특별시,11710,송파구,1171011200,오금동
20260224,11,서울특별시,11710,송파구,1171011200,오금동,11,서울특별시,11200,성동구,1120011500,성수동2가,10,45,4,2095.0,11,서울특별시,11710,송파구,1171011200,오금동
20260224,11,서울특별시,11710,송파구,1171011200,오금동,11,서울특별시,11200,성동구,1120011500,성수동2가,11,15,1,2240.0,11,서울특별시,11710,송파구,1171011200,오금동
20260224,11,서울특별시,11710,송파구,1171011200,오금동,11,서울특별시,11200,성동구,1120011500,성수동2가,11,30,1,1437.0,11,서울특별시,11710,송파구,1171011200,오금동
20260224,11,서울특별시,11710,송파구,1171011300,거여동,11,서울특별시,11200,성동구,1120011500,성수동2가,07,00,6,2777.0,11,서울특별시,11710,송파구,1171011300,거여동
20260224,11,서울특별시,11710,송파구,1171011300,거여동,11,서울특별시,11200,성동구,1120011500,성수동2가,07,15,5,2375.0,11,서울특별시,11710,송파구,1171011300,거여동
20260224,11,서울특별시,11710,송파구,1171011300,거여동,11,서울특별시,11200,성동구,1120011500,성수동2가,07,30,7,2735.0,11,서울특별시,11710,송파구,1171011300,거여동
20260224,11,서울특별시,11710,송파구,1171011300,거여동,11,서울특별시,11200,성동구,1120011500,성수동2가,07,45,8,2633.0,11,서울특별시,11710,송파구,1171011300,거여동
20260224,11,서울특별시,11710,송파구,1171011300,거여동,11,서울특별시,11200,성동구,1120011500,성수동2가,08,00,7,2723.0,11,서울특별시,11710,송파구,1171011300,거여동
20260224,11,서울특별시,11710,송파구,1171011300,거여동,11,서울특별시,11200,성동구,1120011500,성수동2가,08,15,5,2742.0,11,서울특별시,11710,송파구,1171011300,거여동
20260224,11,서울특별시,11710,송파구,1171011300,거여동,11,서울특별시,11200,성동구,1120011500,성수동2가,08,30,5,2812.0,11,서울특별시,11710,송파구,1171011300,거여동
20260224,11,서울특별시,11710,송파구,1171011300,거여동,11,서울특별시,11200,성동구,1120011500,성수동2가,08,45,6,2802.0,11,서울특별시,11710,송파구,1171011300,거여동
20260224,11,서울특별시,11710,송파구,1171011300,거여동,11,서울특별시,11200,성동구,1120011500,성수동2가,09,00,1,2363.0,11,서울특별시,11710,송파구,1171011300,거여동
20260224,11,서울특별시,11710,송파구,1171011300,거여동,11,서울특별시,11200,성동구,1120011500,성수동2가,09,15,1,3025.0,11,서울특별시,11710,송파구,1171011300,거여동
20260224,11,서울특별시,11710,송파구,1171011300,거여동,11,서울특별시,11200,성동구,1120011500,성수동2가,09,30,1,3049.0,11,서울특별시,11710,송파구,1171011300,거여동
20260224,11,서울특별시,11710,송파구,1171011300,거여동,11,서울특별시,11200,성동구,1120011500,성수동2가,09,45,5,2669.0,11,서울특별시,11710,송파구,1171011300,거여동
20260224,11,서울특별시,11710,송파구,1171011300,거여동,11,서울특별시,11200,성동구,1120011500,성수동2가,10,00,1,2629.0,11,서울특별시,11710,송파구,1171011300,거여동
20260224,11,서울특별시,11710,송파구,1171011300,거여동,11,서울특별시,11200,성동구,1120011500,성수동2가,10,15,1,2515.0,11,서울특별시,11710,송파구,1171011300,거여동
20260224,11,서울특별시,11710,송파구,1171011300,거여동,11,서울특별시,11200,성동구,1120011500,성수동2가,11,15,1,4172.0,11,서울특별시,11710,송파구,1171011300,거여동
20260224,11,서울특별시,11710,송파구,1171011300,거여동,11,서울특별시,11200,성동구,1120011500,성수동2가,11,45,1,2954.0,11,서울특별시,11710,송파구,1171011300,거여동
20260224,11,서울특별시,11710,송파구,1171011400,마천동,11,서울특별시,11200,성동구,1120011500,성수동2가,07,00,3,2808.0,11,서울특별시,11710,송파구,1171011400,마천동
20260224,11,서울특별시,11710,송파구,1171011400,마천동,11,서울특별시,11200,성동구,1120011500,성수동2가,07,15,7,2453.0,11,서울특별시,11710,송파구,1171011400,마천동
20260224,11,서울특별시,11710,송파구,1171011400,마천동,11,서울특별시,11200,성동구,1120011500,성수동2가,07,30,7,2802.0,11,서울특별시,11710,송파구,1171011400,마천동
20260224,11,서울특별시,11710,송파구,1171011400,마천동,11,서울특별시,11200,성동구,1120011500,성수동2가,07,45,15,2799.0,11,서울특별시,11710,송파구,1171011400,마천동
20260224,11,서울특별시,11710,송파구,1171011400,마천동,11,서울특별시,11200,성동구,1120011500,성수동2가,08,00,3,2520.0,11,서울특별시,11710,송파구,1171011400,마천동
20260224,11,서울특별시,11710,송파구,1171011400,마천동,11,서울특별시,11200,성동구,1120011500,성수동2가,08,15,2,2809.0,11,서울특별시,11710,송파구,1171011400,마천동
20260224,11,서울특별시,11710,송파구,1171011400,마천동,11,서울특별시,11200,성동구,1120011500,성수동2가,08,30,4,2786.0,11,서울특별시,11710,송파구,1171011400,마천동
20260224,11,서울특별시,11710,송파구,1171011400,마천동,11,서울특별시,11200,성동구,1120011500,성수동2가,08,45,1,2663.0,11,서울특별시,11710,송파구,1171011400,마천동
20260224,11,서울특별시,11710,송파구,1171011400,마천동,11,서울특별시,11200,성동구,1120011500,성수동2가,09,00,3,2793.0,11,서울특별시,11710,송파구,1171011400,마천동
20260224,11,서울특별시,11710,송파구,1171011400,마천동,11,서울특별시,11200,성동구,1120011500,성수동2가,09,15,2,2423.0,11,서울특별시,11710,송파구,1171011400,마천동
20260224,11,서울특별시,11710,송파구,1171011400,마천동,11,서울특별시,11200,성동구,1120011500,성수동2가,09,45,1,2440.0,11,서울특별시,11710,송파구,1171011400,마천동
20260224,11,서울특별시,11710,송파구,1171011400,마천동,11,서울특별시,11200,성동구,1120011500,성수동2가,10,30,2,3086.0,11,서울특별시,11710,송파구,1171011400,마천동
20260224,11,서울특별시,11710,송파구,1171011400,마천동,11,서울특별시,11200,성동구,1120011500,성수동2가,10,45,2,2619.0,11,서울특별시,11710,송파구,1171011400,마천동
20260224,11,서울특별시,11710,송파구,1171011400,마천동,11,서울특별시,11200,성동구,1120011500,성수동2가,11,00,2,2378.0,11,서울특별시,11710,송파구,1171011400,마천동
20260224,11,서울특별시,11710,송파구,1171011400,마천동,11,서울특별시,11200,성동구,1120011500,성수동2가,11,45,1,2522.0,11,서울특별시,11710,송파구,1171011400,마천동
20260224,11,서울특별시,11740,강동구,1174010100,명일동,11,서울특별시,11200,성동구,1120011500,성수동2가,07,00,3,2080.0,11,서울특별시,11740,강동구,1174010100,명일동
20260224,11,서울특별시,11740,강동구,1174010100,명일동,11,서울특별시,11200,성동구,1120011500,성수동2가,07,15,7,2182.0,11,서울특별시,11740,강동구,1174010100,명일동
20260224,11,서울특별시,11740,강동구,1174010100,명일동,11,서울특별시,11200,성동구,1120011500,성수동2가,07,30,8,2334.0,11,서울특별시,11740,강동구,1174010100,명일동
20260224,11,서울특별시,11740,강동구,1174010100,명일동,11,서울특별시,11200,성동구,1120011500,성수동2가,07,45,7,2328.0,11,서울특별시,11740,강동구,1174010100,명일동
20260224,11,서울특별시,11740,강동구,1174010100,명일동,11,서울특별시,11200,성동구,1120011500,성수동2가,08,00,21,2345.0,11,서울특별시,11740,강동구,1174010100,명일동
20260224,11,서울특별시,11740,강동구,1174010100,명일동,11,서울특별시,11200,성동구,1120011500,성수동2가,08,15,9,2353.0,11,서울특별시,11740,강동구,1174010100,명일동
20260224,11,서울특별시,11740,강동구,1174010100,명일동,11,서울특별시,11200,성동구,1120011500,성수동2가,08,30,7,1994.0,11,서울특별시,11740,강동구,1174010100,명일동
20260224,11,서울특별시,11740,강동구,1174010100,명일동,11,서울특별시,11200,성동구,1120011500,성수동2가,08,45,11,1996.0,11,서울특별시,11740,강동구,1174010100,명일동
20260224,11,서울특별시,11740,강동구,1174010100,명일동,11,서울특별시,11200,성동구,1120011500,성수동2가,09,00,5,2126.0,11,서울특별시,11740,강동구,1174010100,명일동
20260224,11,서울특별시,11740,강동구,1174010100,명일동,11,서울특별시,11200,성동구,1120011500,성수동2가,09,15,4,2022.0,11,서울특별시,11740,강동구,1174010100,명일동
20260224,11,서울특별시,11740,강동구,1174010100,명일동,11,서울특별시,11200,성동구,1120011500,성수동2가,09,30,4,2369.0,11,서울특별시,11740,강동구,1174010100,명일동
20260224,11,서울특별시,11740,강동구,1174010100,명일동,11,서울특별시,11200,성동구,1120011500,성수동2가,09,45,1,2153.0,11,서울특별시,11740,강동구,1174010100,명일동
20260224,11,서울특별시,11740,강동구,1174010100,명일동,11,서울특별시,11200,성동구,1120011500,성수동2가,10,00,5,2221.0,11,서울특별시,11740,강동구,1174010100,명일동
20260224,11,서울특별시,11740,강동구,1174010100,명일동,11,서울특별시,11200,성동구,1120011500,성수동2가,10,15,1,3189.0,11,서울특별시,11740,강동구,1174010100,명일동
20260224,11,서울특별시,11740,강동구,1174010100,명일동,11,서울특별시,11200,성동구,1120011500,성수동2가,10,45,2,2311.0,11,서울특별시,11740,강동구,1174010100,명일동
20260224,11,서울특별시,11740,강동구,1174010100,명일동,11,서울특별시,11200,성동구,1120011500,성수동2가,11,00,4,2037.0,11,서울특별시,11740,강동구,1174010100,명일동
20260224,11,서울특별시,11740,강동구,1174010100,명일동,11,서울특별시,11200,성동구,1120011500,성수동2가,11,15,1,2323.0,11,서울특별시,11740,강동구,1174010100,명일동
20260224,11,서울특별시,11740,강동구,1174010100,명일동,11,서울특별시,11200,성동구,1120011500,성수동2가,11,30,1,2133.0,11,서울특별시,11740,강동구,1174010100,명일동
20260224,11,서울특별시,11740,강동구,1174010200,고덕동,11,서울특별시,11200,성동구,1120011500,성수동2가,07,15,3,2490.0,11,서울특별시,11740,강동구,1174010200,고덕동
20260224,11,서울특별시,11740,강동구,1174010200,고덕동,11,서울특별시,11200,성동구,1120011500,성수동2가,07,30,3,2724.0,11,서울특별시,11740,강동구,1174010200,고덕동
20260224,11,서울특별시,11740,강동구,1174010200,고덕동,11,서울특별시,11200,성동구,1120011500,성수동2가,07,45,8,2447.0,11,서울특별시,11740,강동구,1174010200,고덕동
20260224,11,서울특별시,11740,강동구,1174010200,고덕동,11,서울특별시,11200,성동구,1120011500,성수동2가,08,00,9,2521.0,11,서울특별시,11740,강동구,1174010200,고덕동
20260224,11,서울특별시,11740,강동구,1174010200,고덕동,11,서울특별시,11200,성동구,1120011500,성수동2가,08,15,6,2370.0,11,서울특별시,11740,강동구,1174010200,고덕동
20260224,11,서울특별시,11740,강동구,1174010200,고덕동,11,서울특별시,11200,성동구,1120011500,성수동2가,08,30,4,2238.0,11,서울특별시,11740,강동구,1174010200,고덕동
20260224,11,서울특별시,11740,강동구,1174010200,고덕동,11,서울특별시,11200,성동구,1120011500,성수동2가,08,45,3,2128.0,11,서울특별시,11740,강동구,1174010200,고덕동
20260224,11,서울특별시,11740,강동구,1174010200,고덕동,11,서울특별시,11200,성동구,1120011500,성수동2가,09,00,3,2831.0,11,서울특별시,11740,강동구,1174010200,고덕동
20260224,11,서울특별시,11740,강동구,1174010200,고덕동,11,서울특별시,11200,성동구,1120011500,성수동2가,09,15,1,2231.0,11,서울특별시,11740,강동구,1174010200,고덕동
20260224,11,서울특별시,11740,강동구,1174010200,고덕동,11,서울특별시,11200,성동구,1120011500,성수동2가,09,30,1,2200.0,11,서울특별시,11740,강동구,1174010200,고덕동
20260224,11,서울특별시,11740,강동구,1174010200,고덕동,11,서울특별시,11200,성동구,1120011500,성수동2가,09,45,2,2292.0,11,서울특별시,11740,강동구,1174010200,고덕동
20260224,11,서울특별시,11740,강동구,1174010200,고덕동,11,서울특별시,11200,성동구,1120011500,성수동2가,10,15,1,2692.0,11,서울특별시,11740,강동구,1174010200,고덕동
20260224,11,서울특별시,11740,강동구,1174010200,고덕동,11,서울특별시,11200,성동구,1120011500,성수동2가,10,30,2,3358.0,11,서울특별시,11740,강동구,1174010200,고덕동
20260224,11,서울특별시,11740,강동구,1174010200,고덕동,11,서울특별시,11200,성동구,1120011500,성수동2가,10,45,2,2596.0,11,서울특별시,11740,강동구,1174010200,고덕동
20260224,11,서울특별시,11740,강동구,1174010200,고덕동,11,서울특별시,11200,성동구,1120011500,성수동2가,11,00,2,1988.0,11,서울특별시,11740,강동구,1174010200,고덕동
20260224,11,서울특별시,11740,강동구,1174010200,고덕동,11,서울특별시,11200,성동구,1120011500,성수동2가,11,15,2,2914.0,11,서울특별시,11740,강동구,1174010200,고덕동
20260224,11,서울특별시,11740,강동구,1174010200,고덕동,11,서울특별시,11200,성동구,1120011500,성수동2가,11,45,1,2695.0,11,서울특별시,11740,강동구,1174010200,고덕동
20260224,11,서울특별시,11740,강동구,1174010300,상일동,11,서울특별시,11200,성동구,1120011500,성수동2가,07,00,1,2371.0,11,서울특별시,11740,강동구,1174010300,상일동
20260224,11,서울특별시,11740,강동구,1174010300,상일동,11,서울특별시,11200,성동구,1120011500,성수동2가,07,15,9,2726.0,11,서울특별시,11740,강동구,1174010300,상일동
20260224,11,서울특별시,11740,강동구,1174010300,상일동,11,서울특별시,11200,성동구,1120011500,성수동2가,07,30,10,2584.0,11,서울특별시,11740,강동구,1174010300,상일동
20260224,11,서울특별시,11740,강동구,1174010300,상일동,11,서울특별시,11200,성동구,1120011500,성수동2가,07,45,5,2587.0,11,서울특별시,11740,강동구,1174010300,상일동
20260224,11,서울특별시,11740,강동구,1174010300,상일동,11,서울특별시,11200,성동구,1120011500,성수동2가,08,00,10,2684.0,11,서울특별시,11740,강동구,1174010300,상일동
20260224,11,서울특별시,11740,강동구,1174010300,상일동,11,서울특별시,11200,성동구,1120011500,성수동2가,08,15,4,2642.0,11,서울특별시,11740,강동구,1174010300,상일동
20260224,11,서울특별시,11740,강동구,1174010300,상일동,11,서울특별시,11200,성동구,1120011500,성수동2가,08,30,6,2535.0,11,서울특별시,11740,강동구,1174010300,상일동
20260224,11,서울특별시,11740,강동구,1174010300,상일동,11,서울특별시,11200,성동구,1120011500,성수동2가,08,45,4,2131.0,11,서울특별시,11740,강동구,1174010300,상일동
20260224,11,서울특별시,11740,강동구,1174010300,상일동,11,서울특별시,11200,성동구,1120011500,성수동2가,09,00,5,2563.0,11,서울특별시,11740,강동구,1174010300,상일동
20260224,11,서울특별시,11740,강동구,1174010300,상일동,11,서울특별시,11200,성동구,1120011500,성수동2가,09,15,6,2483.0,11,서울특별시,11740,강동구,1174010300,상일동
20260224,11,서울특별시,11740,강동구,1174010300,상일동,11,서울특별시,11200,성동구,1120011500,성수동2가,09,30,2,2712.0,11,서울특별시,11740,강동구,1174010300,상일동
20260224,11,서울특별시,11740,강동구,1174010300,상일동,11,서울특별시,11200,성동구,1120011500,성수동2가,09,45,2,2745.0,11,서울특별시,11740,강동구,1174010300,상일동
20260224,11,서울특별시,11740,강동구,1174010300,상일동,11,서울특별시,11200,성동구,1120011500,성수동2가,10,00,1,2919.0,11,서울특별시,11740,강동구,1174010300,상일동
20260224,11,서울특별시,11740,강동구,1174010300,상일동,11,서울특별시,11200,성동구,1120011500,성수동2가,10,15,4,2220.0,11,서울특별시,11740,강동구,1174010300,상일동
20260224,11,서울특별시,11740,강동구,1174010300,상일동,11,서울특별시,11200,성동구,1120011500,성수동2가,10,30,1,2595.0,11,서울특별시,11740,강동구,1174010300,상일동
20260224,11,서울특별시,11740,강동구,1174010300,상일동,11,서울특별시,11200,성동구,1120011500,성수동2가,10,45,1,2356.0,11,서울특별시,11740,강동구,1174010300,상일동
20260224,11,서울특별시,11740,강동구,1174010300,상일동,11,서울특별시,11200,성동구,1120011500,성수동2가,11,00,5,2734.0,11,서울특별시,11740,강동구,1174010300,상일동
20260224,11,서울특별시,11740,강동구,1174010300,상일동,11,서울특별시,11200,성동구,1120011500,성수동2가,11,15,5,2888.0,11,서울특별시,11740,강동구,1174010300,상일동
20260224,11,서울특별시,11740,강동구,1174010300,상일동,11,서울특별시,11200,성동구,1120011500,성수동2가,11,30,3,2874.0,11,서울특별시,11740,강동구,1174010300,상일동
20260224,11,서울특별시,11740,강동구,1174010500,길동,11,서울특별시,11200,성동구,1120011500,성수동2가,07,00,6,2529.0,11,서울특별시,11740,강동구,1174010500,길동
20260224,11,서울특별시,11740,강동구,1174010500,길동,11,서울특별시,11200,성동구,1120011500,성수동2가,07,15,4,1978.0,11,서울특별시,11740,강동구,1174010500,길동
20260224,11,서울특별시,11740,강동구,1174010500,길동,11,서울특별시,11200,성동구,1120011500,성수동2가,07,30,9,2211.0,11,서울특별시,11740,강동구,1174010500,길동
20260224,11,서울특별시,11740,강동구,1174010500,길동,11,서울특별시,11200,성동구,1120011500,성수동2가,07,45,12,2242.0,11,서울특별시,11740,강동구,1174010500,길동
20260224,11,서울특별시,11740,강동구,1174010500,길동,11,서울특별시,11200,성동구,1120011500,성수동2가,08,00,18,2101.0,11,서울특별시,11740,강동구,1174010500,길동
20260224,11,서울특별시,11740,강동구,1174010500,길동,11,서울특별시,11200,성동구,1120011500,성수동2가,08,15,5,1868.0,11,서울특별시,11740,강동구,1174010500,길동
20260224,11,서울특별시,11740,강동구,1174010500,길동,11,서울특별시,11200,성동구,1120011500,성수동2가,08,30,8,2114.0,11,서울특별시,11740,강동구,1174010500,길동
20260224,11,서울특별시,11740,강동구,1174010500,길동,11,서울특별시,11200,성동구,1120011500,성수동2가,08,45,10,1898.0,11,서울특별시,11740,강동구,1174010500,길동
20260224,11,서울특별시,11740,강동구,1174010500,길동,11,서울특별시,11200,성동구,1120011500,성수동2가,09,00,4,1997.0,11,서울특별시,11740,강동구,1174010500,길동
20260224,11,서울특별시,11740,강동구,1174010500,길동,11,서울특별시,11200,성동구,1120011500,성수동2가,09,15,3,1806.0,11,서울특별시,11740,강동구,1174010500,길동
20260224,11,서울특별시,11740,강동구,1174010500,길동,11,서울특별시,11200,성동구,1120011500,성수동2가,09,30,1,2155.0,11,서울특별시,11740,강동구,1174010500,길동
20260224,11,서울특별시,11740,강동구,1174010500,길동,11,서울특별시,11200,성동구,1120011500,성수동2가,09,45,2,1966.0,11,서울특별시,11740,강동구,1174010500,길동
20260224,11,서울특별시,11740,강동구,1174010500,길동,11,서울특별시,11200,성동구,1120011500,성수동2가,10,00,4,2188.0,11,서울특별시,11740,강동구,1174010500,길동
20260224,11,서울특별시,11740,강동구,1174010500,길동,11,서울특별시,11200,성동구,1120011500,성수동2가,10,30,4,2214.0,11,서울특별시,11740,강동구,1174010500,길동
20260224,11,서울특별시,11740,강동구,1174010500,길동,11,서울특별시,11200,성동구,1120011500,성수동2가,11,00,3,2206.0,11,서울특별시,11740,강동구,1174010500,길동
20260224,11,서울특별시,11740,강동구,1174010500,길동,11,서울특별시,11200,성동구,1120011500,성수동2가,11,30,1,1622.0,11,서울특별시,11740,강동구,1174010500,길동
20260224,11,서울특별시,11740,강동구,1174010500,길동,11,서울특별시,11200,성동구,1120011500,성수동2가,11,45,1,2470.0,11,서울특별시,11740,강동구,1174010500,길동
20260224,11,서울특별시,11740,강동구,1174010600,둔촌동,11,서울특별시,11200,성동구,1120011500,성수동2가,07,00,4,1977.0,11,서울특별시,11740,강동구,1174010600,둔촌동
20260224,11,서울특별시,11740,강동구,1174010600,둔촌동,11,서울특별시,11200,성동구,1120011500,성수동2가,07,15,5,2066.0,11,서울특별시,11740,강동구,1174010600,둔촌동
20260224,11,서울특별시,11740,강동구,1174010600,둔촌동,11,서울특별시,11200,성동구,1120011500,성수동2가,07,30,3,2087.0,11,서울특별시,11740,강동구,1174010600,둔촌동
20260224,11,서울특별시,11740,강동구,1174010600,둔촌동,11,서울특별시,11200,성동구,1120011500,성수동2가,07,45,15,2219.0,11,서울특별시,11740,강동구,1174010600,둔촌동
20260224,11,서울특별시,11740,강동구,1174010600,둔촌동,11,서울특별시,11200,성동구,1120011500,성수동2가,08,00,10,2091.0,11,서울특별시,11740,강동구,1174010600,둔촌동
20260224,11,서울특별시,11740,강동구,1174010600,둔촌동,11,서울특별시,11200,성동구,1120011500,성수동2가,08,15,8,2015.0,11,서울특별시,11740,강동구,1174010600,둔촌동
20260224,11,서울특별시,11740,강동구,1174010600,둔촌동,11,서울특별시,11200,성동구,1120011500,성수동2가,08,30,6,2213.0,11,서울특별시,11740,강동구,1174010600,둔촌동
20260224,11,서울특별시,11740,강동구,1174010600,둔촌동,11,서울특별시,11200,성동구,1120011500,성수동2가,08,45,4,2044.0,11,서울특별시,11740,강동구,1174010600,둔촌동
20260224,11,서울특별시,11740,강동구,1174010600,둔촌동,11,서울특별시,11200,성동구,1120011500,성수동2가,09,00,7,2157.0,11,서울특별시,11740,강동구,1174010600,둔촌동
20260224,11,서울특별시,11740,강동구,1174010600,둔촌동,11,서울특별시,11200,성동구,1120011500,성수동2가,09,15,2,3553.0,11,서울특별시,11740,강동구,1174010600,둔촌동
20260224,11,서울특별시,11740,강동구,1174010600,둔촌동,11,서울특별시,11200,성동구,1120011500,성수동2가,09,30,3,1934.0,11,서울특별시,11740,강동구,1174010600,둔촌동
20260224,11,서울특별시,11740,강동구,1174010600,둔촌동,11,서울특별시,11200,성동구,1120011500,성수동2가,10,00,3,1914.0,11,서울특별시,11740,강동구,1174010600,둔촌동
20260224,11,서울특별시,11740,강동구,1174010600,둔촌동,11,서울특별시,11200,성동구,1120011500,성수동2가,10,15,3,2315.0,11,서울특별시,11740,강동구,1174010600,둔촌동
20260224,11,서울특별시,11740,강동구,1174010600,둔촌동,11,서울특별시,11200,성동구,1120011500,성수동2가,10,30,5,2323.0,11,서울특별시,11740,강동구,1174010600,둔촌동
20260224,11,서울특별시,11740,강동구,1174010600,둔촌동,11,서울특별시,11200,성동구,1120011500,성수동2가,10,45,1,2312.0,11,서울특별시,11740,강동구,1174010600,둔촌동
20260224,11,서울특별시,11740,강동구,1174010600,둔촌동,11,서울특별시,11200,성동구,1120011500,성수동2가,11,00,2,2228.0,11,서울특별시,11740,강동구,1174010600,둔촌동
20260224,11,서울특별시,11740,강동구,1174010600,둔촌동,11,서울특별시,11200,성동구,1120011500,성수동2가,11,15,4,2451.0,11,서울특별시,11740,강동구,1174010600,둔촌동
20260224,11,서울특별시,11740,강동구,1174010600,둔촌동,11,서울특별시,11200,성동구,1120011500,성수동2가,11,45,2,3173.0,11,서울특별시,11740,강동구,1174010600,둔촌동
20260224,11,서울특별시,11740,강동구,1174010700,암사동,11,서울특별시,11200,성동구,1120011500,성수동2가,07,00,6,1944.0,11,서울특별시,11740,강동구,1174010700,암사동
20260224,11,서울특별시,11740,강동구,1174010700,암사동,11,서울특별시,11200,성동구,1120011500,성수동2가,07,15,9,1959.0,11,서울특별시,11740,강동구,1174010700,암사동
20260224,11,서울특별시,11740,강동구,1174010700,암사동,11,서울특별시,11200,성동구,1120011500,성수동2가,07,30,12,1961.0,11,서울특별시,11740,강동구,1174010700,암사동
20260224,11,서울특별시,11740,강동구,1174010700,암사동,11,서울특별시,11200,성동구,1120011500,성수동2가,07,45,19,1801.0,11,서울특별시,11740,강동구,1174010700,암사동
20260224,11,서울특별시,11740,강동구,1174010700,암사동,11,서울특별시,11200,성동구,1120011500,성수동2가,08,00,28,1825.0,11,서울특별시,11740,강동구,1174010700,암사동
20260224,11,서울특별시,11740,강동구,1174010700,암사동,11,서울특별시,11200,성동구,1120011500,성수동2가,08,15,33,1829.0,11,서울특별시,11740,강동구,1174010700,암사동
20260224,11,서울특별시,11740,강동구,1174010700,암사동,11,서울특별시,11200,성동구,1120011500,성수동2가,08,30,16,1785.0,11,서울특별시,11740,강동구,1174010700,암사동
20260224,11,서울특별시,11740,강동구,1174010700,암사동,11,서울특별시,11200,성동구,1120011500,성수동2가,08,45,17,1790.0,11,서울특별시,11740,강동구,1174010700,암사동
20260224,11,서울특별시,11740,강동구,1174010700,암사동,11,서울특별시,11200,성동구,1120011500,성수동2가,09,00,13,1799.0,11,서울특별시,11740,강동구,1174010700,암사동
20260224,11,서울특별시,11740,강동구,1174010700,암사동,11,서울특별시,11200,성동구,1120011500,성수동2가,09,15,7,1781.0,11,서울특별시,11740,강동구,1174010700,암사동
20260224,11,서울특별시,11740,강동구,1174010700,암사동,11,서울특별시,11200,성동구,1120011500,성수동2가,09,30,5,1647.0,11,서울특별시,11740,강동구,1174010700,암사동
20260224,11,서울특별시,11740,강동구,1174010700,암사동,11,서울특별시,11200,성동구,1120011500,성수동2가,09,45,6,1798.0,11,서울특별시,11740,강동구,1174010700,암사동
20260224,11,서울특별시,11740,강동구,1174010700,암사동,11,서울특별시,11200,성동구,1120011500,성수동2가,10,00,3,1821.0,11,서울특별시,11740,강동구,1174010700,암사동
20260224,11,서울특별시,11740,강동구,1174010700,암사동,11,서울특별시,11200,성동구,1120011500,성수동2가,10,15,2,1693.0,11,서울특별시,11740,강동구,1174010700,암사동
20260224,11,서울특별시,11740,강동구,1174010700,암사동,11,서울특별시,11200,성동구,1120011500,성수동2가,11,00,3,1760.0,11,서울특별시,11740,강동구,1174010700,암사동
20260224,11,서울특별시,11740,강동구,1174010700,암사동,11,서울특별시,11200,성동구,1120011500,성수동2가,11,15,7,2021.0,11,서울특별시,11740,강동구,1174010700,암사동
20260224,11,서울특별시,11740,강동구,1174010800,성내동,11,서울특별시,11200,성동구,1120011500,성수동2가,07,00,12,1693.0,11,서울특별시,11740,강동구,1174010800,성내동
20260224,11,서울특별시,11740,강동구,1174010800,성내동,11,서울특별시,11200,성동구,1120011500,성수동2가,07,15,9,1672.0,11,서울특별시,11740,강동구,1174010800,성내동
20260224,11,서울특별시,11740,강동구,1174010800,성내동,11,서울특별시,11200,성동구,1120011500,성수동2가,07,30,14,1792.0,11,서울특별시,11740,강동구,1174010800,성내동
20260224,11,서울특별시,11740,강동구,1174010800,성내동,11,서울특별시,11200,성동구,1120011500,성수동2가,07,45,24,1692.0,11,서울특별시,11740,강동구,1174010800,성내동
20260224,11,서울특별시,11740,강동구,1174010800,성내동,11,서울특별시,11200,성동구,1120011500,성수동2가,08,00,27,1814.0,11,서울특별시,11740,강동구,1174010800,성내동
20260224,11,서울특별시,11740,강동구,1174010800,성내동,11,서울특별시,11200,성동구,1120011500,성수동2가,08,15,18,1588.0,11,서울특별시,11740,강동구,1174010800,성내동
20260224,11,서울특별시,11740,강동구,1174010800,성내동,11,서울특별시,11200,성동구,1120011500,성수동2가,08,30,19,1719.0,11,서울특별시,11740,강동구,1174010800,성내동
20260224,11,서울특별시,11740,강동구,1174010800,성내동,11,서울특별시,11200,성동구,1120011500,성수동2가,08,45,7,1638.0,11,서울특별시,11740,강동구,1174010800,성내동
20260224,11,서울특별시,11740,강동구,1174010800,성내동,11,서울특별시,11200,성동구,1120011500,성수동2가,09,00,6,1645.0,11,서울특별시,11740,강동구,1174010800,성내동
20260224,11,서울특별시,11740,강동구,1174010800,성내동,11,서울특별시,11200,성동구,1120011500,성수동2가,09,15,15,1822.0,11,서울특별시,11740,강동구,1174010800,성내동
20260224,11,서울특별시,11740,강동구,1174010800,성내동,11,서울특별시,11200,성동구,1120011500,성수동2가,09,30,7,1762.0,11,서울특별시,11740,강동구,1174010800,성내동
20260224,11,서울특별시,11740,강동구,1174010800,성내동,11,서울특별시,11200,성동구,1120011500,성수동2가,09,45,2,1535.0,11,서울특별시,11740,강동구,1174010800,성내동
20260224,11,서울특별시,11740,강동구,1174010800,성내동,11,서울특별시,11200,성동구,1120011500,성수동2가,10,00,10,1716.0,11,서울특별시,11740,강동구,1174010800,성내동
20260224,11,서울특별시,11740,강동구,1174010800,성내동,11,서울특별시,11200,성동구,1120011500,성수동2가,10,15,3,1686.0,11,서울특별시,11740,강동구,1174010800,성내동
20260224,11,서울특별시,11740,강동구,1174010800,성내동,11,서울특별시,11200,성동구,1120011500,성수동2가,10,30,3,1638.0,11,서울특별시,11740,강동구,1174010800,성내동
20260224,11,서울특별시,11740,강동구,1174010800,성내동,11,서울특별시,11200,성동구,1120011500,성수동2가,10,45,1,2313.0,11,서울특별시,11740,강동구,1174010800,성내동
20260224,11,서울특별시,11740,강동구,1174010800,성내동,11,서울특별시,11200,성동구,1120011500,성수동2가,11,00,3,1863.0,11,서울특별시,11740,강동구,1174010800,성내동
20260224,11,서울특별시,11740,강동구,1174010800,성내동,11,서울특별시,11200,성동구,1120011500,성수동2가,11,15,4,1736.0,11,서울특별시,11740,강동구,1174010800,성내동
20260224,11,서울특별시,11740,강동구,1174010800,성내동,11,서울특별시,11200,성동구,1120011500,성수동2가,11,30,5,1592.0,11,서울특별시,11740,강동구,1174010800,성내동
20260224,11,서울특별시,11740,강동구,1174010800,성내동,11,서울특별시,11200,성동구,1120011500,성수동2가,11,45,2,1758.0,11,서울특별시,11740,강동구,1174010800,성내동
20260224,11,서울특별시,11740,강동구,1174010900,천호동,11,서울특별시,11200,성동구,1120011500,성수동2가,07,00,1,1272.0,11,서울특별시,11740,강동구,1174010900,천호동
20260224,11,서울특별시,11740,강동구,1174010900,천호동,11,서울특별시,11200,성동구,1120011500,성수동2가,07,15,3,1765.0,11,서울특별시,11740,강동구,1174010900,천호동
20260224,11,서울특별시,11740,강동구,1174010900,천호동,11,서울특별시,11200,성동구,1120011500,성수동2가,07,30,4,1682.0,11,서울특별시,11740,강동구,1174010900,천호동
20260224,11,서울특별시,11740,강동구,1174010900,천호동,11,서울특별시,11200,성동구,1120011500,성수동2가,07,45,1,1558.0,11,서울특별시,11740,강동구,1174010900,천호동
20260224,11,서울특별시,11740,강동구,1174010900,천호동,11,서울특별시,11200,성동구,1120011500,성수동2가,08,00,7,1407.0,11,서울특별시,11740,강동구,1174010900,천호동
20260224,11,서울특별시,11740,강동구,1174010900,천호동,11,서울특별시,11200,성동구,1120011500,성수동2가,08,15,4,1477.0,11,서울특별시,11740,강동구,1174010900,천호동
20260224,11,서울특별시,11740,강동구,1174010900,천호동,11,서울특별시,11200,성동구,1120011500,성수동2가,08,30,3,1428.0,11,서울특별시,11740,강동구,1174010900,천호동
20260224,11,서울특별시,11740,강동구,1174010900,천호동,11,서울특별시,11200,성동구,1120011500,성수동2가,08,45,2,869.0,11,서울특별시,11740,강동구,1174010900,천호동
20260224,11,서울특별시,11740,강동구,1174010900,천호동,11,서울특별시,11200,성동구,1120011500,성수동2가,09,00,1,1547.0,11,서울특별시,11740,강동구,1174010900,천호동
20260224,11,서울특별시,11740,강동구,1174010900,천호동,11,서울특별시,11200,성동구,1120011500,성수동2가,09,15,2,2166.0,11,서울특별시,11740,강동구,1174010900,천호동
20260224,11,서울특별시,11740,강동구,1174010900,천호동,11,서울특별시,11200,성동구,1120011500,성수동2가,09,30,2,1604.0,11,서울특별시,11740,강동구,1174010900,천호동
20260224,11,서울특별시,11740,강동구,1174010900,천호동,11,서울특별시,11200,성동구,1120011500,성수동2가,09,45,1,1823.0,11,서울특별시,11740,강동구,1174010900,천호동
20260224,11,서울특별시,11740,강동구,1174010900,천호동,11,서울특별시,11200,성동구,1120011500,성수동2가,10,30,1,2932.0,11,서울특별시,11740,강동구,1174010900,천호동
20260224,11,서울특별시,11740,강동구,1174011000,강일동,11,서울특별시,11200,성동구,1120011500,성수동2가,07,00,3,3039.0,11,서울특별시,11740,강동구,1174011000,강일동
20260224,11,서울특별시,11740,강동구,1174011000,강일동,11,서울특별시,11200,성동구,1120011500,성수동2가,07,15,5,2852.0,11,서울특별시,11740,강동구,1174011000,강일동
20260224,11,서울특별시,11740,강동구,1174011000,강일동,11,서울특별시,11200,성동구,1120011500,성수동2가,07,30,9,3284.0,11,서울특별시,11740,강동구,1174011000,강일동
20260224,11,서울특별시,11740,강동구,1174011000,강일동,11,서울특별시,11200,성동구,1120011500,성수동2가,07,45,9,2689.0,11,서울특별시,11740,강동구,1174011000,강일동
20260224,11,서울특별시,11740,강동구,1174011000,강일동,11,서울특별시,11200,성동구,1120011500,성수동2가,08,00,3,3169.0,11,서울특별시,11740,강동구,1174011000,강일동
20260224,11,서울특별시,11740,강동구,1174011000,강일동,11,서울특별시,11200,성동구,1120011500,성수동2가,08,15,3,2585.0,11,서울특별시,11740,강동구,1174011000,강일동
20260224,11,서울특별시,11740,강동구,1174011000,강일동,11,서울특별시,11200,성동구,1120011500,성수동2가,08,30,4,2904.0,11,서울특별시,11740,강동구,1174011000,강일동
20260224,11,서울특별시,11740,강동구,1174011000,강일동,11,서울특별시,11200,성동구,1120011500,성수동2가,08,45,5,2774.0,11,서울특별시,11740,강동구,1174011000,강일동
20260224,11,서울특별시,11740,강동구,1174011000,강일동,11,서울특별시,11200,성동구,1120011500,성수동2가,09,00,4,2587.0,11,서울특별시,11740,강동구,1174011000,강일동
20260224,11,서울특별시,11740,강동구,1174011000,강일동,11,서울특별시,11200,성동구,1120011500,성수동2가,09,15,1,2804.0,11,서울특별시,11740,강동구,1174011000,강일동
20260224,11,서울특별시,11740,강동구,1174011000,강일동,11,서울특별시,11200,성동구,1120011500,성수동2가,10,00,2,2902.0,11,서울특별시,11740,강동구,1174011000,강일동
20260224,11,서울특별시,11740,강동구,1174011000,강일동,11,서울특별시,11200,성동구,1120011500,성수동2가,10,15,2,2702.0,11,서울특별시,11740,강동구,1174011000,강일동
20260224,11,서울특별시,11740,강동구,1174011000,강일동,11,서울특별시,11200,성동구,1120011500,성수동2가,11,00,1,3307.0,11,서울특별시,11740,강동구,1174011000,강일동
20260224,11,서울특별시,11740,강동구,1174011000,강일동,11,서울특별시,11200,성동구,1120011500,성수동2가,11,15,1,1008.0,11,서울특별시,11740,강동구,1174011000,강일동
20260224,11,서울특별시,11740,강동구,1174011000,강일동,11,서울특별시,11200,성동구,1120011500,성수동2가,11,30,2,2912.0,11,서울특별시,11740,강동구,1174011000,강일동
