opratDate,destination_station,stgSdCd,stgSdNm,stgSggCd,stgSggNm,stgEmdCd,stgEmdNm,arrSdCd,arrSdNm,arrSggCd,arrSggNm,arrEmdCd,arrEmdNm,tzon,quater,useStf,useTm
20260112,광화문역,11,서울특별시,11110,종로구,1111010700,적선동,11,서울특별시,11110,종로구,1111017300,명륜3가,08,45,1,811.0
20260112,광화문역,11,서울특별시,11110,종로구,1111010800,통인동,11,서울특별시,11110,종로구,1111017300,명륜3가,08,15,2,1235.0
20260112,광화문역,11,서울특별시,11110,종로구,1111011500,사직동,11,서울특별시,11110,종로구,1111017300,명륜3가,07,30,1,1769.0
20260112,광화문역,11,서울특별시,11110,종로구,1111011500,사직동,11,서울특별시,11110,종로구,1111017300,명륜3가,10,00,1,683.0
20260112,광화문역,11,서울특별시,11110,종로구,1111011500,사직동,11,서울특별시,11110,종로구,1111017300,명륜3가,12,30,1,992.0
20260112,광화문역,11,서울특별시,11110,종로구,1111011900,세종로,11,서울특별시,11110,종로구,1111017300,명륜3가,08,00,1,1870.0
20260112,광화문역,11,서울특별시,11110,종로구,1111011900,세종로,11,서울특별시,11110,종로구,1111017300,명륜3가,10,00,1,1129.0
20260112,광화문역,11,서울특별시,11110,종로구,1111012100,신문로2가,11,서울특별시,11110,종로구,1111017300,명륜3가,12,15,1,1727.0
20260112,광화문역,11,서울특별시,11110,종로구,1111012600,종로1가,11,서울특별시,11110,종로구,1111017300,명륜3가,12,15,1,1364.0
20260112,광화문역,11,서울특별시,11110,종로구,1111012700,공평동,11,서울특별시,11110,종로구,1111017300,명륜3가,07,15,1,824.0
20260112,광화문역,11,서울특별시,11110,종로구,1111012700,공평동,11,서울특별시,11110,종로구,1111017300,명륜3가,08,00,2,780.0
20260112,광화문역,11,서울특별시,11110,종로구,1111012800,관훈동,11,서울특별시,11110,종로구,1111017300,명륜3가,10,00,1,656.0
20260112,광화문역,11,서울특별시,11110,종로구,1111012800,관훈동,11,서울특별시,11110,종로구,1111017300,명륜3가,10,30,1,749.0
20260112,광화문역,11,서울특별시,11110,종로구,1111012800,관훈동,11,서울특별시,11110,종로구,1111017300,명륜3가,11,00,3,821.0
20260112,광화문역,11,서울특별시,11110,종로구,1111012800,관훈동,11,서울특별시,11110,종로구,1111017300,명륜3가,12,00,1,1180.0
20260112,광화문역,11,서울특별시,11110,종로구,1111013400,경운동,11,서울특별시,11110,종로구,1111017300,명륜3가,08,00,1,1209.0
20260112,광화문역,11,서울특별시,11110,종로구,1111013500,관철동,11,서울특별시,11110,종로구,1111017300,명륜3가,10,45,1,1403.0
20260112,광화문역,11,서울특별시,11110,종로구,1111013500,관철동,11,서울특별시,11110,종로구,1111017300,명륜3가,11,00,2,1203.0
20260112,광화문역,11,서울특별시,11110,종로구,1111013600,인사동,11,서울특별시,11110,종로구,1111017300,명륜3가,10,15,1,1144.0
20260112,광화문역,11,서울특별시,11110,종로구,1111013600,인사동,11,서울특별시,11110,종로구,1111017300,명륜3가,11,45,1,1162.0
20260112,광화문역,11,서울특별시,11110,종로구,1111013600,인사동,11,서울특별시,11110,종로구,1111017300,명륜3가,12,15,1,1144.0
20260112,광화문역,11,서울특별시,11110,종로구,1111013800,종로2가,11,서울특별시,11110,종로구,1111017300,명륜3가,06,30,1,1127.0
20260112,광화문역,11,서울특별시,11110,종로구,1111013800,종로2가,11,서울특별시,11110,종로구,1111017300,명륜3가,08,00,2,1072.0
20260112,광화문역,11,서울특별시,11110,종로구,1111013800,종로2가,11,서울특별시,11110,종로구,1111017300,명륜3가,08,30,1,1035.0
20260112,광화문역,11,서울특별시,11110,종로구,1111013800,종로2가,11,서울특별시,11110,종로구,1111017300,명륜3가,11,45,1,1113.0
20260112,광화문역,11,서울특별시,11110,종로구,1111013800,종로2가,11,서울특별시,11110,종로구,1111017300,명륜3가,12,30,2,1094.0
20260112,광화문역,11,서울특별시,11110,종로구,1111013800,종로2가,11,서울특별시,11110,종로구,1111017300,명륜3가,12,45,1,1350.0
20260112,광화문역,11,서울특별시,11110,종로구,1111014600,가회동,11,서울특별시,11110,종로구,1111017300,명륜3가,11,00,1,240.0
20260112,광화문역,11,서울특별시,11110,종로구,1111014700,재동,11,서울특별시,11110,종로구,1111017300,명륜3가,07,15,1,468.0
20260112,광화문역,11,서울특별시,11110,종로구,1111014700,재동,11,서울특별시,11110,종로구,1111017300,명륜3가,09,00,3,443.0
20260112,광화문역,11,서울특별시,11110,종로구,1111015700,인의동,11,서울특별시,11110,종로구,1111017300,명륜3가,08,45,1,1375.0
20260112,광화문역,11,서울특별시,11110,종로구,1111015700,인의동,11,서울특별시,11110,종로구,1111017300,명륜3가,11,45,2,1042.0
20260112,광화문역,11,서울특별시,11110,종로구,1111015900,원남동,11,서울특별시,11110,종로구,1111017300,명륜3가,09,00,1,958.0
20260112,광화문역,11,서울특별시,11110,종로구,1111015900,원남동,11,서울특별시,11110,종로구,1111017300,명륜3가,10,45,1,942.0
20260112,광화문역,11,서울특별시,11110,종로구,1111015900,원남동,11,서울특별시,11110,종로구,1111017300,명륜3가,12,30,1,690.0
20260112,광화문역,11,서울특별시,11110,종로구,1111016100,종로4가,11,서울특별시,11110,종로구,1111017300,명륜3가,07,00,1,975.0
20260112,광화문역,11,서울특별시,11110,종로구,1111016100,종로4가,11,서울특별시,11110,종로구,1111017300,명륜3가,07,45,2,814.0
20260112,광화문역,11,서울특별시,11110,종로구,1111016100,종로4가,11,서울특별시,11110,종로구,1111017300,명륜3가,08,30,1,876.0
20260112,광화문역,11,서울특별시,11110,종로구,1111016100,종로4가,11,서울특별시,11110,종로구,1111017300,명륜3가,08,45,1,924.0
20260112,광화문역,11,서울특별시,11110,종로구,1111016100,종로4가,11,서울특별시,11110,종로구,1111017300,명륜3가,10,00,1,944.0
20260112,광화문역,11,서울특별시,11110,종로구,1111016100,종로4가,11,서울특별시,11110,종로구,1111017300,명륜3가,10,15,1,779.0
20260112,광화문역,11,서울특별시,11110,종로구,1111016100,종로4가,11,서울특별시,11110,종로구,1111017300,명륜3가,10,30,1,860.0
20260112,광화문역,11,서울특별시,11110,종로구,1111016100,종로4가,11,서울특별시,11110,종로구,1111017300,명륜3가,11,15,1,911.0
20260112,광화문역,11,서울특별시,11110,종로구,1111016100,종로4가,11,서울특별시,11110,종로구,1111017300,명륜3가,12,15,1,946.0
20260112,광화문역,11,서울특별시,11110,종로구,1111016100,종로4가,11,서울특별시,11110,종로구,1111017300,명륜3가,12,30,1,994.0
20260112,광화문역,11,서울특별시,11110,종로구,1111016200,효제동,11,서울특별시,11110,종로구,1111017300,명륜3가,07,00,1,603.0
20260112,광화문역,11,서울특별시,11110,종로구,1111016200,효제동,11,서울특별시,11110,종로구,1111017300,명륜3가,07,15,1,723.0
20260112,광화문역,11,서울특별시,11110,종로구,1111016200,효제동,11,서울특별시,11110,종로구,1111017300,명륜3가,07,30,2,710.0
20260112,광화문역,11,서울특별시,11110,종로구,1111016200,효제동,11,서울특별시,11110,종로구,1111017300,명륜3가,07,45,1,522.0
20260112,광화문역,11,서울특별시,11110,종로구,1111016200,효제동,11,서울특별시,11110,종로구,1111017300,명륜3가,08,00,1,686.0
20260112,광화문역,11,서울특별시,11110,종로구,1111016200,효제동,11,서울특별시,11110,종로구,1111017300,명륜3가,08,15,1,677.0
20260112,광화문역,11,서울특별시,11110,종로구,1111016200,효제동,11,서울특별시,11110,종로구,1111017300,명륜3가,08,30,2,1015.0
20260112,광화문역,11,서울특별시,11110,종로구,1111016200,효제동,11,서울특별시,11110,종로구,1111017300,명륜3가,09,15,1,903.0
20260112,광화문역,11,서울특별시,11110,종로구,1111016200,효제동,11,서울특별시,11110,종로구,1111017300,명륜3가,10,15,1,639.0
20260112,광화문역,11,서울특별시,11110,종로구,1111016200,효제동,11,서울특별시,11110,종로구,1111017300,명륜3가,10,30,1,676.0
20260112,광화문역,11,서울특별시,11110,종로구,1111016200,효제동,11,서울특별시,11110,종로구,1111017300,명륜3가,10,45,1,829.0
20260112,광화문역,11,서울특별시,11110,종로구,1111016200,효제동,11,서울특별시,11110,종로구,1111017300,명륜3가,12,45,2,860.0
20260112,광화문역,11,서울특별시,11110,종로구,1111016600,연건동,11,서울특별시,11110,종로구,1111017300,명륜3가,08,15,1,761.0
20260112,광화문역,11,서울특별시,11110,종로구,1111016600,연건동,11,서울특별시,11110,종로구,1111017300,명륜3가,08,45,1,701.0
20260112,광화문역,11,서울특별시,11110,종로구,1111016600,연건동,11,서울특별시,11110,종로구,1111017300,명륜3가,09,00,1,734.0
20260112,광화문역,11,서울특별시,11110,종로구,1111016600,연건동,11,서울특별시,11110,종로구,1111017300,명륜3가,09,15,2,652.0
20260112,광화문역,11,서울특별시,11110,종로구,1111016600,연건동,11,서울특별시,11110,종로구,1111017300,명륜3가,09,30,2,633.0
20260112,광화문역,11,서울특별시,11110,종로구,1111016600,연건동,11,서울특별시,11110,종로구,1111017300,명륜3가,10,45,1,1224.0
20260112,광화문역,11,서울특별시,11110,종로구,1111016600,연건동,11,서울특별시,11110,종로구,1111017300,명륜3가,12,00,1,717.0
20260112,광화문역,11,서울특별시,11110,종로구,1111016600,연건동,11,서울특별시,11110,종로구,1111017300,명륜3가,12,45,2,731.0
20260112,광화문역,11,서울특별시,11110,종로구,1111016700,충신동,11,서울특별시,11110,종로구,1111017300,명륜3가,07,45,2,723.0
20260112,광화문역,11,서울특별시,11110,종로구,1111016700,충신동,11,서울특별시,11110,종로구,1111017300,명륜3가,08,00,2,793.0
20260112,광화문역,11,서울특별시,11110,종로구,1111016700,충신동,11,서울특별시,11110,종로구,1111017300,명륜3가,08,15,2,626.0
20260112,광화문역,11,서울특별시,11110,종로구,1111016700,충신동,11,서울특별시,11110,종로구,1111017300,명륜3가,08,45,1,789.0
20260112,광화문역,11,서울특별시,11110,종로구,1111016700,충신동,11,서울특별시,11110,종로구,1111017300,명륜3가,09,30,1,867.0
20260112,광화문역,11,서울특별시,11110,종로구,1111016700,충신동,11,서울특별시,11110,종로구,1111017300,명륜3가,10,15,1,1180.0
20260112,광화문역,11,서울특별시,11110,종로구,1111016700,충신동,11,서울특별시,11110,종로구,1111017300,명륜3가,10,30,1,799.0
20260112,광화문역,11,서울특별시,11110,종로구,1111016700,충신동,11,서울특별시,11110,종로구,1111017300,명륜3가,11,30,2,784.0
20260112,광화문역,11,서울특별시,11110,종로구,1111016700,충신동,11,서울특별시,11110,종로구,1111017300,명륜3가,12,00,2,719.0
20260112,광화문역,11,서울특별시,11110,종로구,1111016700,충신동,11,서울특별시,11110,종로구,1111017300,명륜3가,12,30,2,768.0
20260112,광화문역,11,서울특별시,11110,종로구,1111016800,동숭동,11,서울특별시,11110,종로구,1111017300,명륜3가,07,30,1,441.0
20260112,광화문역,11,서울특별시,11110,종로구,1111016800,동숭동,11,서울특별시,11110,종로구,1111017300,명륜3가,07,45,1,479.0
20260112,광화문역,11,서울특별시,11110,종로구,1111016800,동숭동,11,서울특별시,11110,종로구,1111017300,명륜3가,08,00,1,654.0
20260112,광화문역,11,서울특별시,11110,종로구,1111016800,동숭동,11,서울특별시,11110,종로구,1111017300,명륜3가,08,15,1,588.0
20260112,광화문역,11,서울특별시,11110,종로구,1111016800,동숭동,11,서울특별시,11110,종로구,1111017300,명륜3가,08,30,7,565.0
20260112,광화문역,11,서울특별시,11110,종로구,1111016800,동숭동,11,서울특별시,11110,종로구,1111017300,명륜3가,09,30,1,603.0
20260112,광화문역,11,서울특별시,11110,종로구,1111016800,동숭동,11,서울특별시,11110,종로구,1111017300,명륜3가,09,45,1,589.0
20260112,광화문역,11,서울특별시,11110,종로구,1111016800,동숭동,11,서울특별시,11110,종로구,1111017300,명륜3가,10,00,2,529.0
20260112,광화문역,11,서울특별시,11110,종로구,1111016800,동숭동,11,서울특별시,11110,종로구,1111017300,명륜3가,11,00,2,496.0
20260112,광화문역,11,서울특별시,11110,종로구,1111016800,동숭동,11,서울특별시,11110,종로구,1111017300,명륜3가,11,15,1,599.0
20260112,광화문역,11,서울특별시,11110,종로구,1111016800,동숭동,11,서울특별시,11110,종로구,1111017300,명륜3가,11,30,2,647.0
20260112,광화문역,11,서울특별시,11110,종로구,1111016800,동숭동,11,서울특별시,11110,종로구,1111017300,명륜3가,12,00,1,580.0
20260112,광화문역,11,서울특별시,11110,종로구,1111016800,동숭동,11,서울특별시,11110,종로구,1111017300,명륜3가,12,15,2,554.0
20260112,광화문역,11,서울특별시,11110,종로구,1111016800,동숭동,11,서울특별시,11110,종로구,1111017300,명륜3가,12,30,4,605.0
20260112,광화문역,11,서울특별시,11110,종로구,1111016800,동숭동,11,서울특별시,11110,종로구,1111017300,명륜3가,12,45,1,532.0
20260112,광화문역,11,서울특별시,11110,종로구,1111016900,혜화동,11,서울특별시,11110,종로구,1111017300,명륜3가,06,15,1,409.0
20260112,광화문역,11,서울특별시,11110,종로구,1111016900,혜화동,11,서울특별시,11110,종로구,1111017300,명륜3가,06,30,3,287.0
20260112,광화문역,11,서울특별시,11110,종로구,1111016900,혜화동,11,서울특별시,11110,종로구,1111017300,명륜3가,07,00,1,342.0
20260112,광화문역,11,서울특별시,11110,종로구,1111016900,혜화동,11,서울특별시,11110,종로구,1111017300,명륜3가,07,15,2,342.0
20260112,광화문역,11,서울특별시,11110,종로구,1111016900,혜화동,11,서울특별시,11110,종로구,1111017300,명륜3가,07,30,3,353.0
20260112,광화문역,11,서울특별시,11110,종로구,1111016900,혜화동,11,서울특별시,11110,종로구,1111017300,명륜3가,07,45,3,367.0
20260112,광화문역,11,서울특별시,11110,종로구,1111016900,혜화동,11,서울특별시,11110,종로구,1111017300,명륜3가,08,00,1,467.0
20260112,광화문역,11,서울특별시,11110,종로구,1111016900,혜화동,11,서울특별시,11110,종로구,1111017300,명륜3가,08,15,7,382.0
20260112,광화문역,11,서울특별시,11110,종로구,1111016900,혜화동,11,서울특별시,11110,종로구,1111017300,명륜3가,08,30,5,415.0
20260112,광화문역,11,서울특별시,11110,종로구,1111016900,혜화동,11,서울특별시,11110,종로구,1111017300,명륜3가,08,45,7,247.0
20260112,광화문역,11,서울특별시,11110,종로구,1111016900,혜화동,11,서울특별시,11110,종로구,1111017300,명륜3가,09,00,4,329.0
20260112,광화문역,11,서울특별시,11110,종로구,1111016900,혜화동,11,서울특별시,11110,종로구,1111017300,명륜3가,09,15,8,281.0
20260112,광화문역,11,서울특별시,11110,종로구,1111016900,혜화동,11,서울특별시,11110,종로구,1111017300,명륜3가,09,30,3,306.0
20260112,광화문역,11,서울특별시,11110,종로구,1111016900,혜화동,11,서울특별시,11110,종로구,1111017300,명륜3가,09,45,5,412.0
20260112,광화문역,11,서울특별시,11110,종로구,1111016900,혜화동,11,서울특별시,11110,종로구,1111017300,명륜3가,10,00,1,368.0
20260112,광화문역,11,서울특별시,11110,종로구,1111016900,혜화동,11,서울특별시,11110,종로구,1111017300,명륜3가,10,15,3,307.0
20260112,광화문역,11,서울특별시,11110,종로구,1111016900,혜화동,11,서울특별시,11110,종로구,1111017300,명륜3가,10,30,1,328.0
20260112,광화문역,11,서울특별시,11110,종로구,1111016900,혜화동,11,서울특별시,11110,종로구,1111017300,명륜3가,10,45,3,432.0
20260112,광화문역,11,서울특별시,11110,종로구,1111016900,혜화동,11,서울특별시,11110,종로구,1111017300,명륜3가,11,00,4,309.0
20260112,광화문역,11,서울특별시,11110,종로구,1111016900,혜화동,11,서울특별시,11110,종로구,1111017300,명륜3가,11,15,4,376.0
20260112,광화문역,11,서울특별시,11110,종로구,1111016900,혜화동,11,서울특별시,11110,종로구,1111017300,명륜3가,11,30,4,288.0
20260112,광화문역,11,서울특별시,11110,종로구,1111016900,혜화동,11,서울특별시,11110,종로구,1111017300,명륜3가,11,45,6,399.0
20260112,광화문역,11,서울특별시,11110,종로구,1111016900,혜화동,11,서울특별시,11110,종로구,1111017300,명륜3가,12,00,11,424.0
20260112,광화문역,11,서울특별시,11110,종로구,1111016900,혜화동,11,서울특별시,11110,종로구,1111017300,명륜3가,12,15,9,412.0
20260112,광화문역,11,서울특별시,11110,종로구,1111016900,혜화동,11,서울특별시,11110,종로구,1111017300,명륜3가,12,30,2,444.0
20260112,광화문역,11,서울특별시,11110,종로구,1111016900,혜화동,11,서울특별시,11110,종로구,1111017300,명륜3가,12,45,10,381.0
20260112,광화문역,11,서울특별시,11110,종로구,1111017000,명륜1가,11,서울특별시,11110,종로구,1111017300,명륜3가,07,15,2,165.0
20260112,광화문역,11,서울특별시,11110,종로구,1111017000,명륜1가,11,서울특별시,11110,종로구,1111017300,명륜3가,07,30,1,192.0
20260112,광화문역,11,서울특별시,11110,종로구,1111017000,명륜1가,11,서울특별시,11110,종로구,1111017300,명륜3가,07,45,1,178.0
20260112,광화문역,11,서울특별시,11110,종로구,1111017000,명륜1가,11,서울특별시,11110,종로구,1111017300,명륜3가,08,30,1,81.0
20260112,광화문역,11,서울특별시,11110,종로구,1111017000,명륜1가,11,서울특별시,11110,종로구,1111017300,명륜3가,09,15,1,160.0
20260112,광화문역,11,서울특별시,11110,종로구,1111017000,명륜1가,11,서울특별시,11110,종로구,1111017300,명륜3가,09,30,3,214.0
20260112,광화문역,11,서울특별시,11110,종로구,1111017000,명륜1가,11,서울특별시,11110,종로구,1111017300,명륜3가,10,15,1,123.0
20260112,광화문역,11,서울특별시,11110,종로구,1111017000,명륜1가,11,서울특별시,11110,종로구,1111017300,명륜3가,10,45,1,3517.0
20260112,광화문역,11,서울특별시,11110,종로구,1111017000,명륜1가,11,서울특별시,11110,종로구,1111017300,명륜3가,11,30,4,134.0
20260112,광화문역,11,서울특별시,11110,종로구,1111017000,명륜1가,11,서울특별시,11110,종로구,1111017300,명륜3가,12,00,1,41.0
20260112,광화문역,11,서울특별시,11110,종로구,1111017000,명륜1가,11,서울특별시,11110,종로구,1111017300,명륜3가,12,30,3,350.0
20260112,광화문역,11,서울특별시,11110,종로구,1111017100,명륜2가,11,서울특별시,11110,종로구,1111017300,명륜3가,06,30,1,192.0
20260112,광화문역,11,서울특별시,11110,종로구,1111017100,명륜2가,11,서울특별시,11110,종로구,1111017300,명륜3가,07,45,1,116.0
20260112,광화문역,11,서울특별시,11110,종로구,1111017100,명륜2가,11,서울특별시,11110,종로구,1111017300,명륜3가,08,30,3,219.0
20260112,광화문역,11,서울특별시,11110,종로구,1111017100,명륜2가,11,서울특별시,11110,종로구,1111017300,명륜3가,08,45,1,169.0
20260112,광화문역,11,서울특별시,11110,종로구,1111017100,명륜2가,11,서울특별시,11110,종로구,1111017300,명륜3가,10,15,1,246.0
20260112,광화문역,11,서울특별시,11110,종로구,1111017100,명륜2가,11,서울특별시,11110,종로구,1111017300,명륜3가,11,00,1,220.0
20260112,광화문역,11,서울특별시,11110,종로구,1111017100,명륜2가,11,서울특별시,11110,종로구,1111017300,명륜3가,12,30,2,191.0
20260112,광화문역,11,서울특별시,11110,종로구,1111017200,명륜4가,11,서울특별시,11110,종로구,1111017300,명륜3가,09,15,1,959.0
20260112,광화문역,11,서울특별시,11110,종로구,1111017300,명륜3가,11,서울특별시,11110,종로구,1111017300,명륜3가,06,45,2,133.0
20260112,광화문역,11,서울특별시,11110,종로구,1111017300,명륜3가,11,서울특별시,11110,종로구,1111017300,명륜3가,07,30,1,220.0
20260112,광화문역,11,서울특별시,11110,종로구,1111017300,명륜3가,11,서울특별시,11110,종로구,1111017300,명륜3가,08,30,1,56.0
20260112,광화문역,11,서울특별시,11110,종로구,1111017300,명륜3가,11,서울특별시,11110,종로구,1111017300,명륜3가,08,45,2,517.0
20260112,광화문역,11,서울특별시,11110,종로구,1111017300,명륜3가,11,서울특별시,11110,종로구,1111017300,명륜3가,09,15,2,89.0
20260112,광화문역,11,서울특별시,11110,종로구,1111017300,명륜3가,11,서울특별시,11110,종로구,1111017300,명륜3가,09,45,1,27.0
20260112,광화문역,11,서울특별시,11110,종로구,1111017300,명륜3가,11,서울특별시,11110,종로구,1111017300,명륜3가,10,00,1,109.0
20260112,광화문역,11,서울특별시,11110,종로구,1111017300,명륜3가,11,서울특별시,11110,종로구,1111017300,명륜3가,10,30,5,151.0
20260112,광화문역,11,서울특별시,11110,종로구,1111017300,명륜3가,11,서울특별시,11110,종로구,1111017300,명륜3가,11,00,1,1673.0
20260112,광화문역,11,서울특별시,11110,종로구,1111017300,명륜3가,11,서울특별시,11110,종로구,1111017300,명륜3가,11,30,2,157.0
20260112,광화문역,11,서울특별시,11110,종로구,1111017300,명륜3가,11,서울특별시,11110,종로구,1111017300,명륜3가,11,45,4,1126.0
20260112,광화문역,11,서울특별시,11110,종로구,1111017300,명륜3가,11,서울특별시,11110,종로구,1111017300,명륜3가,12,30,1,107.0
20260112,광화문역,11,서울특별시,11110,종로구,1111017400,창신동,11,서울특별시,11110,종로구,1111017300,명륜3가,06,00,1,876.0
20260112,광화문역,11,서울특별시,11110,종로구,1111017400,창신동,11,서울특별시,11110,종로구,1111017300,명륜3가,07,00,1,1562.0
20260112,광화문역,11,서울특별시,11110,종로구,1111017400,창신동,11,서울특별시,11110,종로구,1111017300,명륜3가,08,15,2,1412.0
20260112,광화문역,11,서울특별시,11110,종로구,1111017400,창신동,11,서울특별시,11110,종로구,1111017300,명륜3가,12,45,1,1433.0
20260112,광화문역,11,서울특별시,11110,종로구,1111017500,숭인동,11,서울특별시,11110,종로구,1111017300,명륜3가,07,15,2,1028.0
20260112,광화문역,11,서울특별시,11110,종로구,1111017500,숭인동,11,서울특별시,11110,종로구,1111017300,명륜3가,07,30,1,1204.0
20260112,광화문역,11,서울특별시,11110,종로구,1111017500,숭인동,11,서울특별시,11110,종로구,1111017300,명륜3가,08,15,1,1375.0
20260112,광화문역,11,서울특별시,11110,종로구,1111017500,숭인동,11,서울특별시,11110,종로구,1111017300,명륜3가,08,30,1,1302.0
20260112,광화문역,11,서울특별시,11110,종로구,1111017500,숭인동,11,서울특별시,11110,종로구,1111017300,명륜3가,10,30,1,1227.0
20260112,광화문역,11,서울특별시,11110,종로구,1111017500,숭인동,11,서울특별시,11110,종로구,1111017300,명륜3가,11,15,1,1316.0
20260112,광화문역,11,서울특별시,11110,종로구,1111017500,숭인동,11,서울특별시,11110,종로구,1111017300,명륜3가,11,30,2,1219.0
20260112,광화문역,11,서울특별시,11110,종로구,1111017500,숭인동,11,서울특별시,11110,종로구,1111017300,명륜3가,12,00,1,1169.0
20260112,광화문역,11,서울특별시,11110,종로구,1111017600,교남동,11,서울특별시,11110,종로구,1111017300,명륜3가,08,15,2,1527.0
20260112,광화문역,11,서울특별시,11110,종로구,1111018000,교북동,11,서울특별시,11110,종로구,1111017300,명륜3가,09,00,1,1388.0
20260112,광화문역,11,서울특별시,11110,종로구,1111018600,신영동,11,서울특별시,11110,종로구,1111017300,명륜3가,08,00,2,2008.0
20260112,광화문역,11,서울특별시,11110,종로구,1111018700,무악동,11,서울특별시,11110,종로구,1111017300,명륜3가,08,00,2,1410.0
20260112,광화문역,11,서울특별시,11110,종로구,1111018700,무악동,11,서울특별시,11110,종로구,1111017300,명륜3가,08,30,2,1076.0
20260112,광화문역,11,서울특별시,11110,종로구,1111018700,무악동,11,서울특별시,11110,종로구,1111017300,명륜3가,10,15,1,895.0
20260112,광화문역,11,서울특별시,11110,종로구,1111018700,무악동,11,서울특별시,11110,종로구,1111017300,명륜3가,12,15,1,1893.0
20260112,광화문역,11,서울특별시,11140,중구,1114010600,남대문로1가,11,서울특별시,11110,종로구,1111017300,명륜3가,07,15,1,1231.0
20260112,광화문역,11,서울특별시,11140,중구,1114010600,남대문로1가,11,서울특별시,11110,종로구,1111017300,명륜3가,12,00,1,1396.0
20260112,광화문역,11,서울특별시,11140,중구,1114012000,봉래동2가,11,서울특별시,11110,종로구,1111017300,명륜3가,08,00,1,1433.0
20260112,광화문역,11,서울특별시,11140,중구,1114012000,봉래동2가,11,서울특별시,11110,종로구,1111017300,명륜3가,08,45,1,1393.0
20260112,광화문역,11,서울특별시,11140,중구,1114012000,봉래동2가,11,서울특별시,11110,종로구,1111017300,명륜3가,09,00,3,1555.0
20260112,광화문역,11,서울특별시,11140,중구,1114012000,봉래동2가,11,서울특별시,11110,종로구,1111017300,명륜3가,09,45,2,1485.0
20260112,광화문역,11,서울특별시,11140,중구,1114012000,봉래동2가,11,서울특별시,11110,종로구,1111017300,명륜3가,11,00,1,1813.0
20260112,광화문역,11,서울특별시,11140,중구,1114012000,봉래동2가,11,서울특별시,11110,종로구,1111017300,명륜3가,11,15,1,2142.0
20260112,광화문역,11,서울특별시,11140,중구,1114012000,봉래동2가,11,서울특별시,11110,종로구,1111017300,명륜3가,11,45,1,1592.0
20260112,광화문역,11,서울특별시,11140,중구,1114012000,봉래동2가,11,서울특별시,11110,종로구,1111017300,명륜3가,12,15,1,1533.0
20260112,광화문역,11,서울특별시,11140,중구,1114013100,저동1가,11,서울특별시,11110,종로구,1111017300,명륜3가,11,30,1,1398.0
20260112,광화문역,11,서울특별시,11140,중구,1114013800,필동2가,11,서울특별시,11110,종로구,1111017300,명륜3가,07,15,1,851.0
20260112,광화문역,11,서울특별시,11140,중구,1114013800,필동2가,11,서울특별시,11110,종로구,1111017300,명륜3가,12,00,1,1009.0
20260112,광화문역,11,서울특별시,11140,중구,1114013800,필동2가,11,서울특별시,11110,종로구,1111017300,명륜3가,12,30,1,849.0
20260112,광화문역,11,서울특별시,11140,중구,1114014300,장충동1가,11,서울특별시,11110,종로구,1111017300,명륜3가,06,45,1,987.0
20260112,광화문역,11,서울특별시,11140,중구,1114014500,광희동1가,11,서울특별시,11110,종로구,1111017300,명륜3가,08,15,1,1284.0
20260112,광화문역,11,서울특별시,11140,중구,1114014700,쌍림동,11,서울특별시,11110,종로구,1111017300,명륜3가,08,15,1,1319.0
20260112,광화문역,11,서울특별시,11140,중구,1114014800,을지로6가,11,서울특별시,11110,종로구,1111017300,명륜3가,12,30,1,986.0
20260112,광화문역,11,서울특별시,11140,중구,1114014900,을지로7가,11,서울특별시,11110,종로구,1111017300,명륜3가,08,00,1,928.0
20260112,광화문역,11,서울특별시,11140,중구,1114014900,을지로7가,11,서울특별시,11110,종로구,1111017300,명륜3가,10,30,1,1194.0
20260112,광화문역,11,서울특별시,11140,중구,1114014900,을지로7가,11,서울특별시,11110,종로구,1111017300,명륜3가,11,00,1,1113.0
20260112,광화문역,11,서울특별시,11140,중구,1114014900,을지로7가,11,서울특별시,11110,종로구,1111017300,명륜3가,12,15,1,1231.0
20260112,광화문역,11,서울특별시,11140,중구,1114015100,을지로5가,11,서울특별시,11110,종로구,1111017300,명륜3가,06,45,1,884.0
20260112,광화문역,11,서울특별시,11140,중구,1114015100,을지로5가,11,서울특별시,11110,종로구,1111017300,명륜3가,08,00,1,963.0
20260112,광화문역,11,서울특별시,11140,중구,1114015300,방산동,11,서울특별시,11110,종로구,1111017300,명륜3가,11,00,1,938.0
20260112,광화문역,11,서울특별시,11140,중구,1114015500,을지로3가,11,서울특별시,11110,종로구,1111017300,명륜3가,12,15,1,1723.0
20260112,광화문역,11,서울특별시,11140,중구,1114016200,신당동,11,서울특별시,11110,종로구,1111017300,명륜3가,08,15,1,1353.0
20260112,광화문역,11,서울특별시,11140,중구,1114016500,황학동,11,서울특별시,11110,종로구,1111017300,명륜3가,07,45,1,1206.0
20260112,광화문역,11,서울특별시,11140,중구,1114016500,황학동,11,서울특별시,11110,종로구,1111017300,명륜3가,08,30,1,1284.0
20260112,광화문역,11,서울특별시,11140,중구,1114016500,황학동,11,서울특별시,11110,종로구,1111017300,명륜3가,09,15,1,1006.0
20260112,광화문역,11,서울특별시,11140,중구,1114016500,황학동,11,서울특별시,11110,종로구,1111017300,명륜3가,11,00,2,1245.0
20260112,광화문역,11,서울특별시,11140,중구,1114016500,황학동,11,서울특별시,11110,종로구,1111017300,명륜3가,12,15,1,1411.0
20260112,광화문역,11,서울특별시,11140,중구,1114016600,서소문동,11,서울특별시,11110,종로구,1111017300,명륜3가,10,30,1,1502.0
20260112,광화문역,11,서울특별시,11140,중구,1114016600,서소문동,11,서울특별시,11110,종로구,1111017300,명륜3가,11,15,1,1756.0
20260112,광화문역,11,서울특별시,11170,용산구,1117010100,후암동,11,서울특별시,11110,종로구,1111017300,명륜3가,11,00,1,1625.0
20260112,광화문역,11,서울특별시,11170,용산구,1117010200,용산동2가,11,서울특별시,11110,종로구,1111017300,명륜3가,09,30,1,1880.0
20260112,광화문역,11,서울특별시,11170,용산구,1117010400,갈월동,11,서울특별시,11110,종로구,1111017300,명륜3가,08,15,1,2370.0
20260112,광화문역,11,서울특별시,11170,용산구,1117010400,갈월동,11,서울특별시,11110,종로구,1111017300,명륜3가,11,15,1,1619.0
20260112,광화문역,11,서울특별시,11170,용산구,1117010700,동자동,11,서울특별시,11110,종로구,1111017300,명륜3가,07,45,1,1616.0
20260112,광화문역,11,서울특별시,11170,용산구,1117010700,동자동,11,서울특별시,11110,종로구,1111017300,명륜3가,11,45,1,1301.0
20260112,광화문역,11,서울특별시,11170,용산구,1117010700,동자동,11,서울특별시,11110,종로구,1111017300,명륜3가,12,00,1,1340.0
20260112,광화문역,11,서울특별시,11170,용산구,1117010700,동자동,11,서울특별시,11110,종로구,1111017300,명륜3가,12,45,2,1625.0
20260112,광화문역,11,서울특별시,11170,용산구,1117011200,원효로1가,11,서울특별시,11110,종로구,1111017300,명륜3가,08,30,1,3419.0
20260112,광화문역,11,서울특별시,11170,용산구,1117011700,원효로3가,11,서울특별시,11110,종로구,1111017300,명륜3가,07,30,1,3297.0
20260112,광화문역,11,서울특별시,11170,용산구,1117011800,원효로4가,11,서울특별시,11110,종로구,1111017300,명륜3가,07,30,1,2659.0
20260112,광화문역,11,서울특별시,11170,용산구,1117012400,한강로1가,11,서울특별시,11110,종로구,1111017300,명륜3가,12,45,1,1735.0
20260112,광화문역,11,서울특별시,11170,용산구,1117012500,한강로2가,11,서울특별시,11110,종로구,1111017300,명륜3가,09,00,1,2059.0
20260112,광화문역,11,서울특별시,11170,용산구,1117012500,한강로2가,11,서울특별시,11110,종로구,1111017300,명륜3가,11,30,1,1786.0
20260112,광화문역,11,서울특별시,11170,용산구,1117012500,한강로2가,11,서울특별시,11110,종로구,1111017300,명륜3가,12,00,1,1623.0
20260112,광화문역,11,서울특별시,11170,용산구,1117012700,용산동5가,11,서울특별시,11110,종로구,1111017300,명륜3가,07,45,1,1993.0
20260112,광화문역,11,서울특별시,11170,용산구,1117013000,이태원동,11,서울특별시,11110,종로구,1111017300,명륜3가,06,00,1,1882.0
20260112,광화문역,11,서울특별시,11170,용산구,1117013000,이태원동,11,서울특별시,11110,종로구,1111017300,명륜3가,07,30,1,1727.0
20260112,광화문역,11,서울특별시,11170,용산구,1117013000,이태원동,11,서울특별시,11110,종로구,1111017300,명륜3가,07,45,2,2313.0
20260112,광화문역,11,서울특별시,11170,용산구,1117013000,이태원동,11,서울특별시,11110,종로구,1111017300,명륜3가,08,00,1,2450.0
20260112,광화문역,11,서울특별시,11170,용산구,1117013100,한남동,11,서울특별시,11110,종로구,1111017300,명륜3가,08,15,1,1812.0
20260112,광화문역,11,서울특별시,11170,용산구,1117013100,한남동,11,서울특별시,11110,종로구,1111017300,명륜3가,08,45,1,1619.0
20260112,광화문역,11,서울특별시,11170,용산구,1117013200,동빙고동,11,서울특별시,11110,종로구,1111017300,명륜3가,08,30,1,2007.0
20260112,광화문역,11,서울특별시,11200,성동구,1120010200,하왕십리동,11,서울특별시,11110,종로구,1111017300,명륜3가,09,30,1,1171.0
20260112,광화문역,11,서울특별시,11200,성동구,1120010200,하왕십리동,11,서울특별시,11110,종로구,1111017300,명륜3가,10,45,1,1447.0
20260112,광화문역,11,서울특별시,11200,성동구,1120010200,하왕십리동,11,서울특별시,11110,종로구,1111017300,명륜3가,11,15,1,1791.0
20260112,광화문역,11,서울특별시,11200,성동구,1120010500,마장동,11,서울특별시,11110,종로구,1111017300,명륜3가,11,45,1,1683.0
20260112,광화문역,11,서울특별시,11200,성동구,1120010700,행당동,11,서울특별시,11110,종로구,1111017300,명륜3가,07,00,1,1341.0
20260112,광화문역,11,서울특별시,11200,성동구,1120010700,행당동,11,서울특별시,11110,종로구,1111017300,명륜3가,08,15,1,1447.0
20260112,광화문역,11,서울특별시,11200,성동구,1120010700,행당동,11,서울특별시,11110,종로구,1111017300,명륜3가,08,30,2,1598.0
20260112,광화문역,11,서울특별시,11200,성동구,1120010700,행당동,11,서울특별시,11110,종로구,1111017300,명륜3가,09,15,1,1911.0
20260112,광화문역,11,서울특별시,11200,성동구,1120010700,행당동,11,서울특별시,11110,종로구,1111017300,명륜3가,11,30,1,1427.0
20260112,광화문역,11,서울특별시,11200,성동구,1120010700,행당동,11,서울특별시,11110,종로구,1111017300,명륜3가,11,45,1,1406.0
20260112,광화문역,11,서울특별시,11200,성동구,1120010700,행당동,11,서울특별시,11110,종로구,1111017300,명륜3가,12,15,1,1856.0
20260112,광화문역,11,서울특별시,11200,성동구,1120011100,금호동3가,11,서울특별시,11110,종로구,1111017300,명륜3가,08,45,1,1695.0
20260112,광화문역,11,서울특별시,11200,성동구,1120011100,금호동3가,11,서울특별시,11110,종로구,1111017300,명륜3가,09,30,1,1621.0
20260112,광화문역,11,서울특별시,11200,성동구,1120011400,성수동1가,11,서울특별시,11110,종로구,1111017300,명륜3가,07,45,1,1799.0
20260112,광화문역,11,서울특별시,11200,성동구,1120011400,성수동1가,11,서울특별시,11110,종로구,1111017300,명륜3가,08,00,1,2282.0
20260112,광화문역,11,서울특별시,11200,성동구,1120011400,성수동1가,11,서울특별시,11110,종로구,1111017300,명륜3가,11,15,1,1498.0
20260112,광화문역,11,서울특별시,11200,성동구,1120011800,송정동,11,서울특별시,11110,종로구,1111017300,명륜3가,08,15,1,2663.0
20260112,광화문역,11,서울특별시,11215,광진구,1121510100,중곡동,11,서울특별시,11110,종로구,1111017300,명륜3가,08,00,1,2871.0
20260112,광화문역,11,서울특별시,11215,광진구,1121510100,중곡동,11,서울특별시,11110,종로구,1111017300,명륜3가,12,45,1,2672.0
20260112,광화문역,11,서울특별시,11215,광진구,1121510200,능동,11,서울특별시,11110,종로구,1111017300,명륜3가,08,15,1,2736.0
20260112,광화문역,11,서울특별시,11215,광진구,1121510200,능동,11,서울특별시,11110,종로구,1111017300,명륜3가,11,30,1,2520.0
20260112,광화문역,11,서울특별시,11215,광진구,1121510300,구의동,11,서울특별시,11110,종로구,1111017300,명륜3가,07,00,1,2144.0
20260112,광화문역,11,서울특별시,11215,광진구,1121510300,구의동,11,서울특별시,11110,종로구,1111017300,명륜3가,08,00,1,1987.0
20260112,광화문역,11,서울특별시,11215,광진구,1121510500,자양동,11,서울특별시,11110,종로구,1111017300,명륜3가,08,00,1,2286.0
20260112,광화문역,11,서울특별시,11215,광진구,1121510700,화양동,11,서울특별시,11110,종로구,1111017300,명륜3가,08,00,1,2009.0
20260112,광화문역,11,서울특별시,11215,광진구,1121510700,화양동,11,서울특별시,11110,종로구,1111017300,명륜3가,08,30,1,2292.0
20260112,광화문역,11,서울특별시,11215,광진구,1121510700,화양동,11,서울특별시,11110,종로구,1111017300,명륜3가,09,45,1,2374.0
20260112,광화문역,11,서울특별시,11215,광진구,1121510900,군자동,11,서울특별시,11110,종로구,1111017300,명륜3가,07,45,1,2574.0
20260112,광화문역,11,서울특별시,11215,광진구,1121510900,군자동,11,서울특별시,11110,종로구,1111017300,명륜3가,11,15,1,2669.0
20260112,광화문역,11,서울특별시,11230,동대문구,1123010100,신설동,11,서울특별시,11110,종로구,1111017300,명륜3가,09,00,1,1129.0
20260112,광화문역,11,서울특별시,11230,동대문구,1123010100,신설동,11,서울특별시,11110,종로구,1111017300,명륜3가,09,45,1,1086.0
20260112,광화문역,11,서울특별시,11230,동대문구,1123010300,제기동,11,서울특별시,11110,종로구,1111017300,명륜3가,07,45,1,1676.0
20260112,광화문역,11,서울특별시,11230,동대문구,1123010300,제기동,11,서울특별시,11110,종로구,1111017300,명륜3가,12,00,1,1298.0
20260112,광화문역,11,서울특별시,11230,동대문구,1123010400,전농동,11,서울특별시,11110,종로구,1111017300,명륜3가,07,15,1,1715.0
20260112,광화문역,11,서울특별시,11230,동대문구,1123010400,전농동,11,서울특별시,11110,종로구,1111017300,명륜3가,08,00,2,1883.0
20260112,광화문역,11,서울특별시,11230,동대문구,1123010400,전농동,11,서울특별시,11110,종로구,1111017300,명륜3가,08,30,1,2033.0
20260112,광화문역,11,서울특별시,11230,동대문구,1123010500,답십리동,11,서울특별시,11110,종로구,1111017300,명륜3가,08,00,1,2449.0
20260112,광화문역,11,서울특별시,11230,동대문구,1123010500,답십리동,11,서울특별시,11110,종로구,1111017300,명륜3가,08,15,2,1790.0
20260112,광화문역,11,서울특별시,11230,동대문구,1123010600,장안동,11,서울특별시,11110,종로구,1111017300,명륜3가,07,30,1,2347.0
20260112,광화문역,11,서울특별시,11230,동대문구,1123010600,장안동,11,서울특별시,11110,종로구,1111017300,명륜3가,08,00,1,2003.0
20260112,광화문역,11,서울특별시,11230,동대문구,1123010700,청량리동,11,서울특별시,11110,종로구,1111017300,명륜3가,09,15,1,2061.0
20260112,광화문역,11,서울특별시,11230,동대문구,1123010900,휘경동,11,서울특별시,11110,종로구,1111017300,명륜3가,07,30,1,2029.0
20260112,광화문역,11,서울특별시,11230,동대문구,1123010900,휘경동,11,서울특별시,11110,종로구,1111017300,명륜3가,07,45,1,1927.0
20260112,광화문역,11,서울특별시,11230,동대문구,1123010900,휘경동,11,서울특별시,11110,종로구,1111017300,명륜3가,10,00,2,2169.0
20260112,광화문역,11,서울특별시,11230,동대문구,1123010900,휘경동,11,서울특별시,11110,종로구,1111017300,명륜3가,11,45,1,2868.0
20260112,광화문역,11,서울특별시,11230,동대문구,1123011000,이문동,11,서울특별시,11110,종로구,1111017300,명륜3가,07,30,1,1987.0
20260112,광화문역,11,서울특별시,11230,동대문구,1123011000,이문동,11,서울특별시,11110,종로구,1111017300,명륜3가,08,30,3,2104.0
20260112,광화문역,11,서울특별시,11230,동대문구,1123011000,이문동,11,서울특별시,11110,종로구,1111017300,명륜3가,11,15,1,2410.0
20260112,광화문역,11,서울특별시,11260,중랑구,1126010100,면목동,11,서울특별시,11110,종로구,1111017300,명륜3가,07,00,1,3668.0
20260112,광화문역,11,서울특별시,11260,중랑구,1126010100,면목동,11,서울특별시,11110,종로구,1111017300,명륜3가,08,00,3,2794.0
20260112,광화문역,11,서울특별시,11260,중랑구,1126010100,면목동,11,서울특별시,11110,종로구,1111017300,명륜3가,09,30,1,2474.0
20260112,광화문역,11,서울특별시,11260,중랑구,1126010200,상봉동,11,서울특별시,11110,종로구,1111017300,명륜3가,06,45,1,2358.0
20260112,광화문역,11,서울특별시,11260,중랑구,1126010300,중화동,11,서울특별시,11110,종로구,1111017300,명륜3가,07,15,1,2467.0
20260112,광화문역,11,서울특별시,11260,중랑구,1126010300,중화동,11,서울특별시,11110,종로구,1111017300,명륜3가,08,15,1,2124.0
20260112,광화문역,11,서울특별시,11260,중랑구,1126010400,묵동,11,서울특별시,11110,종로구,1111017300,명륜3가,08,30,1,2044.0
20260112,광화문역,11,서울특별시,11260,중랑구,1126010500,망우동,11,서울특별시,11110,종로구,1111017300,명륜3가,08,30,1,2916.0
20260112,광화문역,11,서울특별시,11260,중랑구,1126010600,신내동,11,서울특별시,11110,종로구,1111017300,명륜3가,12,00,1,4156.0
20260112,광화문역,11,서울특별시,11290,성북구,1129010100,성북동,11,서울특별시,11110,종로구,1111017300,명륜3가,09,00,1,1878.0
20260112,광화문역,11,서울특별시,11290,성북구,1129010200,성북동1가,11,서울특별시,11110,종로구,1111017300,명륜3가,10,30,1,564.0
20260112,광화문역,11,서울특별시,11290,성북구,1129010300,돈암동,11,서울특별시,11110,종로구,1111017300,명륜3가,07,45,1,640.0
20260112,광화문역,11,서울특별시,11290,성북구,1129010300,돈암동,11,서울특별시,11110,종로구,1111017300,명륜3가,08,00,3,801.0
20260112,광화문역,11,서울특별시,11290,성북구,1129010300,돈암동,11,서울특별시,11110,종로구,1111017300,명륜3가,08,30,1,698.0
20260112,광화문역,11,서울특별시,11290,성북구,1129010300,돈암동,11,서울특별시,11110,종로구,1111017300,명륜3가,08,45,1,569.0
20260112,광화문역,11,서울특별시,11290,성북구,1129010300,돈암동,11,서울특별시,11110,종로구,1111017300,명륜3가,09,45,1,972.0
20260112,광화문역,11,서울특별시,11290,성북구,1129010300,돈암동,11,서울특별시,11110,종로구,1111017300,명륜3가,12,15,1,654.0
20260112,광화문역,11,서울특별시,11290,성북구,1129010500,동소문동2가,11,서울특별시,11110,종로구,1111017300,명륜3가,11,30,2,1042.0
20260112,광화문역,11,서울특별시,11290,성북구,1129010700,동소문동4가,11,서울특별시,11110,종로구,1111017300,명륜3가,08,00,1,401.0
20260112,광화문역,11,서울특별시,11290,성북구,1129010700,동소문동4가,11,서울특별시,11110,종로구,1111017300,명륜3가,08,30,2,394.0
20260112,광화문역,11,서울특별시,11290,성북구,1129010700,동소문동4가,11,서울특별시,11110,종로구,1111017300,명륜3가,10,45,1,329.0
20260112,광화문역,11,서울특별시,11290,성북구,1129010700,동소문동4가,11,서울특별시,11110,종로구,1111017300,명륜3가,11,45,1,490.0
20260112,광화문역,11,서울특별시,11290,성북구,1129010700,동소문동4가,11,서울특별시,11110,종로구,1111017300,명륜3가,12,15,2,522.0
20260112,광화문역,11,서울특별시,11290,성북구,1129010700,동소문동4가,11,서울특별시,11110,종로구,1111017300,명륜3가,12,30,1,542.0
20260112,광화문역,11,서울특별시,11290,성북구,1129010700,동소문동4가,11,서울특별시,11110,종로구,1111017300,명륜3가,12,45,1,570.0
20260112,광화문역,11,서울특별시,11290,성북구,1129011000,동소문동7가,11,서울특별시,11110,종로구,1111017300,명륜3가,08,00,1,907.0
20260112,광화문역,11,서울특별시,11290,성북구,1129011000,동소문동7가,11,서울특별시,11110,종로구,1111017300,명륜3가,09,00,1,1023.0
20260112,광화문역,11,서울특별시,11290,성북구,1129011100,삼선동1가,11,서울특별시,11110,종로구,1111017300,명륜3가,08,45,1,460.0
20260112,광화문역,11,서울특별시,11290,성북구,1129011100,삼선동1가,11,서울특별시,11110,종로구,1111017300,명륜3가,09,45,1,653.0
20260112,광화문역,11,서울특별시,11290,성북구,1129011300,삼선동3가,11,서울특별시,11110,종로구,1111017300,명륜3가,07,00,1,600.0
20260112,광화문역,11,서울특별시,11290,성북구,1129011400,삼선동4가,11,서울특별시,11110,종로구,1111017300,명륜3가,08,00,1,609.0
20260112,광화문역,11,서울특별시,11290,성북구,1129011400,삼선동4가,11,서울특별시,11110,종로구,1111017300,명륜3가,09,30,1,582.0
20260112,광화문역,11,서울특별시,11290,성북구,1129011400,삼선동4가,11,서울특별시,11110,종로구,1111017300,명륜3가,11,15,1,556.0
20260112,광화문역,11,서울특별시,11290,성북구,1129011400,삼선동4가,11,서울특별시,11110,종로구,1111017300,명륜3가,11,30,1,442.0
20260112,광화문역,11,서울특별시,11290,성북구,1129011500,삼선동5가,11,서울특별시,11110,종로구,1111017300,명륜3가,06,45,1,569.0
20260112,광화문역,11,서울특별시,11290,성북구,1129011500,삼선동5가,11,서울특별시,11110,종로구,1111017300,명륜3가,08,00,1,1388.0
20260112,광화문역,11,서울특별시,11290,성북구,1129011500,삼선동5가,11,서울특별시,11110,종로구,1111017300,명륜3가,08,15,2,864.0
20260112,광화문역,11,서울특별시,11290,성북구,1129011500,삼선동5가,11,서울특별시,11110,종로구,1111017300,명륜3가,09,00,1,540.0
20260112,광화문역,11,서울특별시,11290,성북구,1129011500,삼선동5가,11,서울특별시,11110,종로구,1111017300,명륜3가,11,45,1,732.0
20260112,광화문역,11,서울특별시,11290,성북구,1129011600,동선동1가,11,서울특별시,11110,종로구,1111017300,명륜3가,07,15,1,663.0
20260112,광화문역,11,서울특별시,11290,성북구,1129011600,동선동1가,11,서울특별시,11110,종로구,1111017300,명륜3가,08,15,1,495.0
20260112,광화문역,11,서울특별시,11290,성북구,1129011600,동선동1가,11,서울특별시,11110,종로구,1111017300,명륜3가,10,30,2,562.0
20260112,광화문역,11,서울특별시,11290,성북구,1129011600,동선동1가,11,서울특별시,11110,종로구,1111017300,명륜3가,11,15,1,616.0
20260112,광화문역,11,서울특별시,11290,성북구,1129011600,동선동1가,11,서울특별시,11110,종로구,1111017300,명륜3가,12,15,1,683.0
20260112,광화문역,11,서울특별시,11290,성북구,1129011600,동선동1가,11,서울특별시,11110,종로구,1111017300,명륜3가,12,45,1,766.0
20260112,광화문역,11,서울특별시,11290,성북구,1129011900,동선동4가,11,서울특별시,11110,종로구,1111017300,명륜3가,08,00,2,842.0
20260112,광화문역,11,서울특별시,11290,성북구,1129011900,동선동4가,11,서울특별시,11110,종로구,1111017300,명륜3가,08,15,2,1023.0
20260112,광화문역,11,서울특별시,11290,성북구,1129011900,동선동4가,11,서울특별시,11110,종로구,1111017300,명륜3가,10,30,1,940.0
20260112,광화문역,11,서울특별시,11290,성북구,1129011900,동선동4가,11,서울특별시,11110,종로구,1111017300,명륜3가,11,30,1,900.0
20260112,광화문역,11,서울특별시,11290,성북구,1129011900,동선동4가,11,서울특별시,11110,종로구,1111017300,명륜3가,12,15,1,1001.0
20260112,광화문역,11,서울특별시,11290,성북구,1129011900,동선동4가,11,서울특별시,11110,종로구,1111017300,명륜3가,12,30,1,1208.0
20260112,광화문역,11,서울특별시,11290,성북구,1129011900,동선동4가,11,서울특별시,11110,종로구,1111017300,명륜3가,12,45,1,1051.0
20260112,광화문역,11,서울특별시,11290,성북구,1129012200,안암동2가,11,서울특별시,11110,종로구,1111017300,명륜3가,08,15,1,1209.0
20260112,광화문역,11,서울특별시,11290,성북구,1129012500,안암동5가,11,서울특별시,11110,종로구,1111017300,명륜3가,08,00,1,1440.0
20260112,광화문역,11,서울특별시,11290,성북구,1129012500,안암동5가,11,서울특별시,11110,종로구,1111017300,명륜3가,08,30,1,1768.0
20260112,광화문역,11,서울특별시,11290,성북구,1129012500,안암동5가,11,서울특별시,11110,종로구,1111017300,명륜3가,09,15,1,1143.0
20260112,광화문역,11,서울특별시,11290,성북구,1129012500,안암동5가,11,서울특별시,11110,종로구,1111017300,명륜3가,10,30,1,1328.0
20260112,광화문역,11,서울특별시,11290,성북구,1129012500,안암동5가,11,서울특별시,11110,종로구,1111017300,명륜3가,11,00,1,1219.0
20260112,광화문역,11,서울특별시,11290,성북구,1129012500,안암동5가,11,서울특별시,11110,종로구,1111017300,명륜3가,11,15,2,1392.0
20260112,광화문역,11,서울특별시,11290,성북구,1129012900,보문동7가,11,서울특별시,11110,종로구,1111017300,명륜3가,10,00,1,963.0
20260112,광화문역,11,서울특별시,11290,성북구,1129013000,보문동1가,11,서울특별시,11110,종로구,1111017300,명륜3가,08,30,1,719.0
20260112,광화문역,11,서울특별시,11290,성북구,1129013000,보문동1가,11,서울특별시,11110,종로구,1111017300,명륜3가,09,00,1,669.0
20260112,광화문역,11,서울특별시,11290,성북구,1129013300,정릉동,11,서울특별시,11110,종로구,1111017300,명륜3가,07,00,3,1241.0
20260112,광화문역,11,서울특별시,11290,성북구,1129013300,정릉동,11,서울특별시,11110,종로구,1111017300,명륜3가,07,45,1,680.0
20260112,광화문역,11,서울특별시,11290,성북구,1129013300,정릉동,11,서울특별시,11110,종로구,1111017300,명륜3가,08,00,2,1227.0
20260112,광화문역,11,서울특별시,11290,성북구,1129013300,정릉동,11,서울특별시,11110,종로구,1111017300,명륜3가,08,15,1,1273.0
20260112,광화문역,11,서울특별시,11290,성북구,1129013300,정릉동,11,서울특별시,11110,종로구,1111017300,명륜3가,08,30,1,1389.0
20260112,광화문역,11,서울특별시,11290,성북구,1129013300,정릉동,11,서울특별시,11110,종로구,1111017300,명륜3가,10,30,1,930.0
20260112,광화문역,11,서울특별시,11290,성북구,1129013300,정릉동,11,서울특별시,11110,종로구,1111017300,명륜3가,11,30,1,1091.0
20260112,광화문역,11,서울특별시,11290,성북구,1129013300,정릉동,11,서울특별시,11110,종로구,1111017300,명륜3가,12,00,1,1287.0
20260112,광화문역,11,서울특별시,11290,성북구,1129013300,정릉동,11,서울특별시,11110,종로구,1111017300,명륜3가,12,45,1,958.0
20260112,광화문역,11,서울특별시,11290,성북구,1129013400,길음동,11,서울특별시,11110,종로구,1111017300,명륜3가,07,30,1,932.0
20260112,광화문역,11,서울특별시,11290,성북구,1129013400,길음동,11,서울특별시,11110,종로구,1111017300,명륜3가,07,45,1,723.0
20260112,광화문역,11,서울특별시,11290,성북구,1129013400,길음동,11,서울특별시,11110,종로구,1111017300,명륜3가,08,30,2,865.0
20260112,광화문역,11,서울특별시,11290,성북구,1129013400,길음동,11,서울특별시,11110,종로구,1111017300,명륜3가,09,15,1,1223.0
20260112,광화문역,11,서울특별시,11290,성북구,1129013400,길음동,11,서울특별시,11110,종로구,1111017300,명륜3가,09,30,1,822.0
20260112,광화문역,11,서울특별시,11290,성북구,1129013400,길음동,11,서울특별시,11110,종로구,1111017300,명륜3가,11,30,1,989.0
20260112,광화문역,11,서울특별시,11290,성북구,1129013400,길음동,11,서울특별시,11110,종로구,1111017300,명륜3가,12,15,1,1487.0
20260112,광화문역,11,서울특별시,11290,성북구,1129013500,종암동,11,서울특별시,11110,종로구,1111017300,명륜3가,08,00,1,1109.0
20260112,광화문역,11,서울특별시,11290,성북구,1129013500,종암동,11,서울특별시,11110,종로구,1111017300,명륜3가,08,15,2,1220.0
20260112,광화문역,11,서울특별시,11290,성북구,1129013500,종암동,11,서울특별시,11110,종로구,1111017300,명륜3가,09,45,1,1568.0
20260112,광화문역,11,서울특별시,11290,성북구,1129013500,종암동,11,서울특별시,11110,종로구,1111017300,명륜3가,12,00,1,1307.0
20260112,광화문역,11,서울특별시,11290,성북구,1129013600,하월곡동,11,서울특별시,11110,종로구,1111017300,명륜3가,09,30,1,1858.0
20260112,광화문역,11,서울특별시,11290,성북구,1129013600,하월곡동,11,서울특별시,11110,종로구,1111017300,명륜3가,10,15,1,1676.0
20260112,광화문역,11,서울특별시,11290,성북구,1129013700,상월곡동,11,서울특별시,11110,종로구,1111017300,명륜3가,08,00,1,2009.0
20260112,광화문역,11,서울특별시,11290,성북구,1129013800,장위동,11,서울특별시,11110,종로구,1111017300,명륜3가,07,15,1,1589.0
20260112,광화문역,11,서울특별시,11290,성북구,1129013900,석관동,11,서울특별시,11110,종로구,1111017300,명륜3가,07,00,1,1610.0
20260112,광화문역,11,서울특별시,11290,성북구,1129013900,석관동,11,서울특별시,11110,종로구,1111017300,명륜3가,07,15,1,2397.0
20260112,광화문역,11,서울특별시,11290,성북구,1129013900,석관동,11,서울특별시,11110,종로구,1111017300,명륜3가,08,00,1,2366.0
20260112,광화문역,11,서울특별시,11290,성북구,1129013900,석관동,11,서울특별시,11110,종로구,1111017300,명륜3가,10,00,1,2252.0
20260112,광화문역,11,서울특별시,11290,성북구,1129013900,석관동,11,서울특별시,11110,종로구,1111017300,명륜3가,10,45,1,2306.0
20260112,광화문역,11,서울특별시,11305,강북구,1130510100,미아동,11,서울특별시,11110,종로구,1111017300,명륜3가,07,15,1,2098.0
20260112,광화문역,11,서울특별시,11305,강북구,1130510100,미아동,11,서울특별시,11110,종로구,1111017300,명륜3가,07,30,1,1043.0
20260112,광화문역,11,서울특별시,11305,강북구,1130510100,미아동,11,서울특별시,11110,종로구,1111017300,명륜3가,07,45,4,1623.0
20260112,광화문역,11,서울특별시,11305,강북구,1130510100,미아동,11,서울특별시,11110,종로구,1111017300,명륜3가,08,15,3,1298.0
20260112,광화문역,11,서울특별시,11305,강북구,1130510100,미아동,11,서울특별시,11110,종로구,1111017300,명륜3가,08,30,2,1374.0
20260112,광화문역,11,서울특별시,11305,강북구,1130510100,미아동,11,서울특별시,11110,종로구,1111017300,명륜3가,08,45,1,1264.0
20260112,광화문역,11,서울특별시,11305,강북구,1130510100,미아동,11,서울특별시,11110,종로구,1111017300,명륜3가,10,00,1,1116.0
20260112,광화문역,11,서울특별시,11305,강북구,1130510100,미아동,11,서울특별시,11110,종로구,1111017300,명륜3가,10,15,1,1457.0
20260112,광화문역,11,서울특별시,11305,강북구,1130510100,미아동,11,서울특별시,11110,종로구,1111017300,명륜3가,10,30,2,1226.0
20260112,광화문역,11,서울특별시,11305,강북구,1130510100,미아동,11,서울특별시,11110,종로구,1111017300,명륜3가,11,00,1,1799.0
20260112,광화문역,11,서울특별시,11305,강북구,1130510100,미아동,11,서울특별시,11110,종로구,1111017300,명륜3가,12,15,1,1038.0
20260112,광화문역,11,서울특별시,11305,강북구,1130510200,번동,11,서울특별시,11110,종로구,1111017300,명륜3가,07,45,1,1921.0
20260112,광화문역,11,서울특별시,11305,강북구,1130510200,번동,11,서울특별시,11110,종로구,1111017300,명륜3가,08,00,1,1595.0
20260112,광화문역,11,서울특별시,11305,강북구,1130510200,번동,11,서울특별시,11110,종로구,1111017300,명륜3가,08,15,1,1659.0
20260112,광화문역,11,서울특별시,11305,강북구,1130510200,번동,11,서울특별시,11110,종로구,1111017300,명륜3가,08,30,2,1289.0
20260112,광화문역,11,서울특별시,11305,강북구,1130510200,번동,11,서울특별시,11110,종로구,1111017300,명륜3가,08,45,2,913.0
20260112,광화문역,11,서울특별시,11305,강북구,1130510200,번동,11,서울특별시,11110,종로구,1111017300,명륜3가,09,00,2,1495.0
20260112,광화문역,11,서울특별시,11305,강북구,1130510200,번동,11,서울특별시,11110,종로구,1111017300,명륜3가,09,30,1,1574.0
20260112,광화문역,11,서울특별시,11305,강북구,1130510200,번동,11,서울특별시,11110,종로구,1111017300,명륜3가,10,30,1,1353.0
20260112,광화문역,11,서울특별시,11305,강북구,1130510200,번동,11,서울특별시,11110,종로구,1111017300,명륜3가,12,15,1,1636.0
20260112,광화문역,11,서울특별시,11305,강북구,1130510300,수유동,11,서울특별시,11110,종로구,1111017300,명륜3가,07,15,1,2677.0
20260112,광화문역,11,서울특별시,11305,강북구,1130510300,수유동,11,서울특별시,11110,종로구,1111017300,명륜3가,07,30,1,1574.0
20260112,광화문역,11,서울특별시,11305,강북구,1130510300,수유동,11,서울특별시,11110,종로구,1111017300,명륜3가,08,00,1,2408.0
20260112,광화문역,11,서울특별시,11305,강북구,1130510300,수유동,11,서울특별시,11110,종로구,1111017300,명륜3가,08,15,2,1722.0
20260112,광화문역,11,서울특별시,11305,강북구,1130510300,수유동,11,서울특별시,11110,종로구,1111017300,명륜3가,09,15,1,2083.0
20260112,광화문역,11,서울특별시,11305,강북구,1130510300,수유동,11,서울특별시,11110,종로구,1111017300,명륜3가,11,30,1,2228.0
20260112,광화문역,11,서울특별시,11305,강북구,1130510300,수유동,11,서울특별시,11110,종로구,1111017300,명륜3가,12,00,1,1468.0
20260112,광화문역,11,서울특별시,11305,강북구,1130510400,우이동,11,서울특별시,11110,종로구,1111017300,명륜3가,07,45,1,2185.0
20260112,광화문역,11,서울특별시,11305,강북구,1130510400,우이동,11,서울특별시,11110,종로구,1111017300,명륜3가,08,00,1,2302.0
20260112,광화문역,11,서울특별시,11320,도봉구,1132010500,쌍문동,11,서울특별시,11110,종로구,1111017300,명륜3가,11,30,2,1945.0
20260112,광화문역,11,서울특별시,11320,도봉구,1132010600,방학동,11,서울특별시,11110,종로구,1111017300,명륜3가,07,00,1,1673.0
20260112,광화문역,11,서울특별시,11320,도봉구,1132010600,방학동,11,서울특별시,11110,종로구,1111017300,명륜3가,11,45,1,2380.0
20260112,광화문역,11,서울특별시,11320,도봉구,1132010600,방학동,11,서울특별시,11110,종로구,1111017300,명륜3가,12,45,1,2815.0
20260112,광화문역,11,서울특별시,11320,도봉구,1132010700,창동,11,서울특별시,11110,종로구,1111017300,명륜3가,07,15,2,1590.0
20260112,광화문역,11,서울특별시,11320,도봉구,1132010700,창동,11,서울특별시,11110,종로구,1111017300,명륜3가,07,30,1,1834.0
20260112,광화문역,11,서울특별시,11320,도봉구,1132010700,창동,11,서울특별시,11110,종로구,1111017300,명륜3가,07,45,1,1943.0
20260112,광화문역,11,서울특별시,11320,도봉구,1132010700,창동,11,서울특별시,11110,종로구,1111017300,명륜3가,08,00,2,1887.0
20260112,광화문역,11,서울특별시,11320,도봉구,1132010700,창동,11,서울특별시,11110,종로구,1111017300,명륜3가,08,15,2,1718.0
20260112,광화문역,11,서울특별시,11320,도봉구,1132010700,창동,11,서울특별시,11110,종로구,1111017300,명륜3가,08,30,1,1847.0
20260112,광화문역,11,서울특별시,11320,도봉구,1132010700,창동,11,서울특별시,11110,종로구,1111017300,명륜3가,09,00,1,1834.0
20260112,광화문역,11,서울특별시,11320,도봉구,1132010700,창동,11,서울특별시,11110,종로구,1111017300,명륜3가,09,30,1,1651.0
20260112,광화문역,11,서울특별시,11320,도봉구,1132010700,창동,11,서울특별시,11110,종로구,1111017300,명륜3가,11,00,2,1779.0
20260112,광화문역,11,서울특별시,11320,도봉구,1132010700,창동,11,서울특별시,11110,종로구,1111017300,명륜3가,12,00,1,1780.0
20260112,광화문역,11,서울특별시,11320,도봉구,1132010700,창동,11,서울특별시,11110,종로구,1111017300,명륜3가,12,30,1,2085.0
20260112,광화문역,11,서울특별시,11320,도봉구,1132010800,도봉동,11,서울특별시,11110,종로구,1111017300,명륜3가,10,30,1,2893.0
20260112,광화문역,11,서울특별시,11350,노원구,1135010200,월계동,11,서울특별시,11110,종로구,1111017300,명륜3가,07,15,1,1885.0
20260112,광화문역,11,서울특별시,11350,노원구,1135010200,월계동,11,서울특별시,11110,종로구,1111017300,명륜3가,08,00,1,2355.0
20260112,광화문역,11,서울특별시,11350,노원구,1135010200,월계동,11,서울특별시,11110,종로구,1111017300,명륜3가,10,15,1,1713.0
20260112,광화문역,11,서울특별시,11350,노원구,1135010300,공릉동,11,서울특별시,11110,종로구,1111017300,명륜3가,08,15,1,1668.0
20260112,광화문역,11,서울특별시,11350,노원구,1135010400,하계동,11,서울특별시,11110,종로구,1111017300,명륜3가,07,00,1,2711.0
20260112,광화문역,11,서울특별시,11350,노원구,1135010400,하계동,11,서울특별시,11110,종로구,1111017300,명륜3가,08,45,1,2613.0
20260112,광화문역,11,서울특별시,11350,노원구,1135010400,하계동,11,서울특별시,11110,종로구,1111017300,명륜3가,09,30,1,2024.0
20260112,광화문역,11,서울특별시,11350,노원구,1135010500,상계동,11,서울특별시,11110,종로구,1111017300,명륜3가,06,30,1,1780.0
20260112,광화문역,11,서울특별시,11350,노원구,1135010500,상계동,11,서울특별시,11110,종로구,1111017300,명륜3가,06,45,2,2159.0
20260112,광화문역,11,서울특별시,11350,노원구,1135010500,상계동,11,서울특별시,11110,종로구,1111017300,명륜3가,07,00,2,2065.0
20260112,광화문역,11,서울특별시,11350,노원구,1135010500,상계동,11,서울특별시,11110,종로구,1111017300,명륜3가,07,30,3,2109.0
20260112,광화문역,11,서울특별시,11350,노원구,1135010500,상계동,11,서울특별시,11110,종로구,1111017300,명륜3가,07,45,2,2278.0
20260112,광화문역,11,서울특별시,11350,노원구,1135010500,상계동,11,서울특별시,11110,종로구,1111017300,명륜3가,08,00,2,2154.0
20260112,광화문역,11,서울특별시,11350,노원구,1135010500,상계동,11,서울특별시,11110,종로구,1111017300,명륜3가,08,15,1,2620.0
20260112,광화문역,11,서울특별시,11350,노원구,1135010500,상계동,11,서울특별시,11110,종로구,1111017300,명륜3가,09,15,1,1908.0
20260112,광화문역,11,서울특별시,11350,노원구,1135010500,상계동,11,서울특별시,11110,종로구,1111017300,명륜3가,10,00,1,2366.0
20260112,광화문역,11,서울특별시,11350,노원구,1135010500,상계동,11,서울특별시,11110,종로구,1111017300,명륜3가,10,15,1,2313.0
20260112,광화문역,11,서울특별시,11350,노원구,1135010500,상계동,11,서울특별시,11110,종로구,1111017300,명륜3가,11,45,2,2455.0
20260112,광화문역,11,서울특별시,11350,노원구,1135010500,상계동,11,서울특별시,11110,종로구,1111017300,명륜3가,12,30,2,2146.0
20260112,광화문역,11,서울특별시,11350,노원구,1135010600,중계동,11,서울특별시,11110,종로구,1111017300,명륜3가,06,00,2,2660.0
20260112,광화문역,11,서울특별시,11350,노원구,1135010600,중계동,11,서울특별시,11110,종로구,1111017300,명륜3가,06,15,2,2353.0
20260112,광화문역,11,서울특별시,11350,노원구,1135010600,중계동,11,서울특별시,11110,종로구,1111017300,명륜3가,07,30,2,2576.0
20260112,광화문역,11,서울특별시,11350,노원구,1135010600,중계동,11,서울특별시,11110,종로구,1111017300,명륜3가,07,45,1,2754.0
20260112,광화문역,11,서울특별시,11350,노원구,1135010600,중계동,11,서울특별시,11110,종로구,1111017300,명륜3가,09,30,1,1931.0
20260112,광화문역,11,서울특별시,11350,노원구,1135010600,중계동,11,서울특별시,11110,종로구,1111017300,명륜3가,09,45,1,2395.0
20260112,광화문역,11,서울특별시,11380,은평구,1138010100,수색동,11,서울특별시,11110,종로구,1111017300,명륜3가,07,45,1,2914.0
20260112,광화문역,11,서울특별시,11380,은평구,1138010200,녹번동,11,서울특별시,11110,종로구,1111017300,명륜3가,07,00,1,1189.0
20260112,광화문역,11,서울특별시,11380,은평구,1138010200,녹번동,11,서울특별시,11110,종로구,1111017300,명륜3가,08,15,1,2082.0
20260112,광화문역,11,서울특별시,11380,은평구,1138010200,녹번동,11,서울특별시,11110,종로구,1111017300,명륜3가,09,45,1,1773.0
20260112,광화문역,11,서울특별시,11380,은평구,1138010200,녹번동,11,서울특별시,11110,종로구,1111017300,명륜3가,10,15,1,1551.0
20260112,광화문역,11,서울특별시,11380,은평구,1138010300,불광동,11,서울특별시,11110,종로구,1111017300,명륜3가,06,45,1,1478.0
20260112,광화문역,11,서울특별시,11380,은평구,1138010300,불광동,11,서울특별시,11110,종로구,1111017300,명륜3가,07,00,1,1625.0
20260112,광화문역,11,서울특별시,11380,은평구,1138010300,불광동,11,서울특별시,11110,종로구,1111017300,명륜3가,08,00,1,1580.0
20260112,광화문역,11,서울특별시,11380,은평구,1138010300,불광동,11,서울특별시,11110,종로구,1111017300,명륜3가,08,15,1,1713.0
20260112,광화문역,11,서울특별시,11380,은평구,1138010300,불광동,11,서울특별시,11110,종로구,1111017300,명륜3가,09,00,1,1721.0
20260112,광화문역,11,서울특별시,11380,은평구,1138010300,불광동,11,서울특별시,11110,종로구,1111017300,명륜3가,09,45,1,1742.0
20260112,광화문역,11,서울특별시,11380,은평구,1138010300,불광동,11,서울특별시,11110,종로구,1111017300,명륜3가,10,30,1,2100.0
20260112,광화문역,11,서울특별시,11380,은평구,1138010300,불광동,11,서울특별시,11110,종로구,1111017300,명륜3가,12,00,1,1977.0
20260112,광화문역,11,서울특별시,11380,은평구,1138010400,갈현동,11,서울특별시,11110,종로구,1111017300,명륜3가,07,00,1,2019.0
20260112,광화문역,11,서울특별시,11380,은평구,1138010400,갈현동,11,서울특별시,11110,종로구,1111017300,명륜3가,10,00,1,2285.0
20260112,광화문역,11,서울특별시,11380,은평구,1138010500,구산동,11,서울특별시,11110,종로구,1111017300,명륜3가,07,15,1,3844.0
20260112,광화문역,11,서울특별시,11380,은평구,1138010600,대조동,11,서울특별시,11110,종로구,1111017300,명륜3가,07,30,1,1471.0
20260112,광화문역,11,서울특별시,11380,은평구,1138010600,대조동,11,서울특별시,11110,종로구,1111017300,명륜3가,08,00,1,1514.0
20260112,광화문역,11,서울특별시,11380,은평구,1138010600,대조동,11,서울특별시,11110,종로구,1111017300,명륜3가,08,15,1,1792.0
20260112,광화문역,11,서울특별시,11380,은평구,1138010600,대조동,11,서울특별시,11110,종로구,1111017300,명륜3가,10,00,1,1503.0
20260112,광화문역,11,서울특별시,11380,은평구,1138010700,응암동,11,서울특별시,11110,종로구,1111017300,명륜3가,09,45,1,3294.0
20260112,광화문역,11,서울특별시,11380,은평구,1138010700,응암동,11,서울특별시,11110,종로구,1111017300,명륜3가,11,15,1,1284.0
20260112,광화문역,11,서울특별시,11380,은평구,1138010800,역촌동,11,서울특별시,11110,종로구,1111017300,명륜3가,07,45,1,2103.0
20260112,광화문역,11,서울특별시,11380,은평구,1138010800,역촌동,11,서울특별시,11110,종로구,1111017300,명륜3가,08,30,1,2247.0
20260112,광화문역,11,서울특별시,11380,은평구,1138010800,역촌동,11,서울특별시,11110,종로구,1111017300,명륜3가,09,15,1,2152.0
20260112,광화문역,11,서울특별시,11380,은평구,1138010800,역촌동,11,서울특별시,11110,종로구,1111017300,명륜3가,10,45,1,2506.0
20260112,광화문역,11,서울특별시,11380,은평구,1138010900,신사동,11,서울특별시,11110,종로구,1111017300,명륜3가,08,00,1,2197.0
20260112,광화문역,11,서울특별시,11380,은평구,1138010900,신사동,11,서울특별시,11110,종로구,1111017300,명륜3가,12,45,1,2353.0
20260112,광화문역,11,서울특별시,11380,은평구,1138011000,증산동,11,서울특별시,11110,종로구,1111017300,명륜3가,07,30,1,2270.0
20260112,광화문역,11,서울특별시,11380,은평구,1138011000,증산동,11,서울특별시,11110,종로구,1111017300,명륜3가,09,45,1,2055.0
20260112,광화문역,11,서울특별시,11380,은평구,1138011400,진관동,11,서울특별시,11110,종로구,1111017300,명륜3가,06,00,1,2263.0
20260112,광화문역,11,서울특별시,11380,은평구,1138011400,진관동,11,서울특별시,11110,종로구,1111017300,명륜3가,07,30,1,2627.0
20260112,광화문역,11,서울특별시,11380,은평구,1138011400,진관동,11,서울특별시,11110,종로구,1111017300,명륜3가,08,00,1,2089.0
20260112,광화문역,11,서울특별시,11380,은평구,1138011400,진관동,11,서울특별시,11110,종로구,1111017300,명륜3가,10,15,1,1078.0
20260112,광화문역,11,서울특별시,11380,은평구,1138011400,진관동,11,서울특별시,11110,종로구,1111017300,명륜3가,11,15,1,2031.0
20260112,광화문역,11,서울특별시,11410,서대문구,1141010200,충정로3가,11,서울특별시,11110,종로구,1111017300,명륜3가,12,15,1,1901.0
20260112,광화문역,11,서울특별시,11410,서대문구,1141011100,홍제동,11,서울특별시,11110,종로구,1111017300,명륜3가,09,30,1,1290.0
20260112,광화문역,11,서울특별시,11410,서대문구,1141011100,홍제동,11,서울특별시,11110,종로구,1111017300,명륜3가,09,45,1,2104.0
20260112,광화문역,11,서울특별시,11410,서대문구,1141011300,대신동,11,서울특별시,11110,종로구,1111017300,명륜3가,07,15,1,1910.0
20260112,광화문역,11,서울특별시,11410,서대문구,1141011600,창천동,11,서울특별시,11110,종로구,1111017300,명륜3가,07,30,1,1426.0
20260112,광화문역,11,서울특별시,11410,서대문구,1141011600,창천동,11,서울특별시,11110,종로구,1111017300,명륜3가,08,00,1,1916.0
20260112,광화문역,11,서울특별시,11410,서대문구,1141011600,창천동,11,서울특별시,11110,종로구,1111017300,명륜3가,09,30,1,1557.0
20260112,광화문역,11,서울특별시,11410,서대문구,1141011600,창천동,11,서울특별시,11110,종로구,1111017300,명륜3가,10,00,1,2086.0
20260112,광화문역,11,서울특별시,11410,서대문구,1141011600,창천동,11,서울특별시,11110,종로구,1111017300,명륜3가,11,00,1,1998.0
20260112,광화문역,11,서울특별시,11410,서대문구,1141011600,창천동,11,서울특별시,11110,종로구,1111017300,명륜3가,11,30,1,1591.0
20260112,광화문역,11,서울특별시,11410,서대문구,1141011600,창천동,11,서울특별시,11110,종로구,1111017300,명륜3가,11,45,1,1571.0
20260112,광화문역,11,서울특별시,11410,서대문구,1141011700,연희동,11,서울특별시,11110,종로구,1111017300,명륜3가,07,45,1,2520.0
20260112,광화문역,11,서울특별시,11410,서대문구,1141011700,연희동,11,서울특별시,11110,종로구,1111017300,명륜3가,08,00,1,2284.0
20260112,광화문역,11,서울특별시,11410,서대문구,1141011700,연희동,11,서울특별시,11110,종로구,1111017300,명륜3가,09,15,1,2216.0
20260112,광화문역,11,서울특별시,11410,서대문구,1141011800,홍은동,11,서울특별시,11110,종로구,1111017300,명륜3가,06,45,1,2466.0
20260112,광화문역,11,서울특별시,11410,서대문구,1141011800,홍은동,11,서울특별시,11110,종로구,1111017300,명륜3가,12,45,1,2020.0
20260112,광화문역,11,서울특별시,11410,서대문구,1141011900,북가좌동,11,서울특별시,11110,종로구,1111017300,명륜3가,07,30,1,3939.0
20260112,광화문역,11,서울특별시,11410,서대문구,1141011900,북가좌동,11,서울특별시,11110,종로구,1111017300,명륜3가,09,45,1,3130.0
20260112,광화문역,11,서울특별시,11410,서대문구,1141012000,남가좌동,11,서울특별시,11110,종로구,1111017300,명륜3가,07,15,1,2797.0
20260112,광화문역,11,서울특별시,11410,서대문구,1141012000,남가좌동,11,서울특별시,11110,종로구,1111017300,명륜3가,07,30,1,2886.0
20260112,광화문역,11,서울특별시,11410,서대문구,1141012000,남가좌동,11,서울특별시,11110,종로구,1111017300,명륜3가,12,15,1,3286.0
20260112,광화문역,11,서울특별시,11440,마포구,1144010100,아현동,11,서울특별시,11110,종로구,1111017300,명륜3가,07,45,1,1778.0
20260112,광화문역,11,서울특별시,11440,마포구,1144010100,아현동,11,서울특별시,11110,종로구,1111017300,명륜3가,09,00,1,1820.0
20260112,광화문역,11,서울특별시,11440,마포구,1144010100,아현동,11,서울특별시,11110,종로구,1111017300,명륜3가,12,00,1,1428.0
20260112,광화문역,11,서울특별시,11440,마포구,1144010200,공덕동,11,서울특별시,11110,종로구,1111017300,명륜3가,07,45,1,2358.0
20260112,광화문역,11,서울특별시,11440,마포구,1144010800,대흥동,11,서울특별시,11110,종로구,1111017300,명륜3가,07,45,1,1892.0
20260112,광화문역,11,서울특별시,11440,마포구,1144010800,대흥동,11,서울특별시,11110,종로구,1111017300,명륜3가,09,00,1,1644.0
20260112,광화문역,11,서울특별시,11440,마포구,1144010800,대흥동,11,서울특별시,11110,종로구,1111017300,명륜3가,10,45,1,2307.0
20260112,광화문역,11,서울특별시,11440,마포구,1144011000,노고산동,11,서울특별시,11110,종로구,1111017300,명륜3가,11,15,1,2331.0
20260112,광화문역,11,서울특별시,11440,마포구,1144012000,서교동,11,서울특별시,11110,종로구,1111017300,명륜3가,08,45,1,2134.0
20260112,광화문역,11,서울특별시,11440,마포구,1144012000,서교동,11,서울특별시,11110,종로구,1111017300,명륜3가,09,00,3,2475.0
20260112,광화문역,11,서울특별시,11440,마포구,1144012000,서교동,11,서울특별시,11110,종로구,1111017300,명륜3가,09,30,2,2270.0
20260112,광화문역,11,서울특별시,11440,마포구,1144012100,동교동,11,서울특별시,11110,종로구,1111017300,명륜3가,08,00,1,2547.0
20260112,광화문역,11,서울특별시,11440,마포구,1144012300,망원동,11,서울특별시,11110,종로구,1111017300,명륜3가,10,45,1,3087.0
20260112,광화문역,11,서울특별시,11440,마포구,1144012300,망원동,11,서울특별시,11110,종로구,1111017300,명륜3가,11,45,1,2902.0
20260112,광화문역,11,서울특별시,11440,마포구,1144012500,성산동,11,서울특별시,11110,종로구,1111017300,명륜3가,08,45,1,2751.0
20260112,광화문역,11,서울특별시,11470,양천구,1147010100,신정동,11,서울특별시,11110,종로구,1111017300,명륜3가,07,45,1,3151.0
20260112,광화문역,11,서울특별시,11470,양천구,1147010200,목동,11,서울특별시,11110,종로구,1111017300,명륜3가,06,45,1,2925.0
20260112,광화문역,11,서울특별시,11470,양천구,1147010200,목동,11,서울특별시,11110,종로구,1111017300,명륜3가,08,45,1,2926.0
20260112,광화문역,11,서울특별시,11470,양천구,1147010200,목동,11,서울특별시,11110,종로구,1111017300,명륜3가,09,00,1,3840.0
20260112,광화문역,11,서울특별시,11470,양천구,1147010200,목동,11,서울특별시,11110,종로구,1111017300,명륜3가,09,45,2,2959.0
20260112,광화문역,11,서울특별시,11470,양천구,1147010200,목동,11,서울특별시,11110,종로구,1111017300,명륜3가,10,15,1,3053.0
20260112,광화문역,11,서울특별시,11470,양천구,1147010200,목동,11,서울특별시,11110,종로구,1111017300,명륜3가,10,45,1,2820.0
20260112,광화문역,11,서울특별시,11470,양천구,1147010200,목동,11,서울특별시,11110,종로구,1111017300,명륜3가,11,30,1,2411.0
20260112,광화문역,11,서울특별시,11470,양천구,1147010200,목동,11,서울특별시,11110,종로구,1111017300,명륜3가,12,00,1,3040.0
20260112,광화문역,11,서울특별시,11470,양천구,1147010200,목동,11,서울특별시,11110,종로구,1111017300,명륜3가,12,15,1,3257.0
20260112,광화문역,11,서울특별시,11470,양천구,1147010300,신월동,11,서울특별시,11110,종로구,1111017300,명륜3가,07,30,1,3872.0
20260112,광화문역,11,서울특별시,11500,강서구,1150010300,화곡동,11,서울특별시,11110,종로구,1111017300,명륜3가,07,45,1,3818.0
20260112,광화문역,11,서울특별시,11500,강서구,1150010300,화곡동,11,서울특별시,11110,종로구,1111017300,명륜3가,10,45,1,3312.0
20260112,광화문역,11,서울특별시,11500,강서구,1150010300,화곡동,11,서울특별시,11110,종로구,1111017300,명륜3가,12,00,1,3484.0
20260112,광화문역,11,서울특별시,11500,강서구,1150010500,마곡동,11,서울특별시,11110,종로구,1111017300,명륜3가,07,45,1,3720.0
20260112,광화문역,11,서울특별시,11500,강서구,1150010500,마곡동,11,서울특별시,11110,종로구,1111017300,명륜3가,11,30,1,2868.0
20260112,광화문역,11,서울특별시,11500,강서구,1150010500,마곡동,11,서울특별시,11110,종로구,1111017300,명륜3가,12,45,1,3838.0
20260112,광화문역,11,서울특별시,11500,강서구,1150010900,방화동,11,서울특별시,11110,종로구,1111017300,명륜3가,07,15,1,4154.0
20260112,광화문역,11,서울특별시,11500,강서구,1150011100,과해동,11,서울특별시,11110,종로구,1111017300,명륜3가,12,00,1,4847.0
20260112,광화문역,11,서울특별시,11530,구로구,1153010100,신도림동,11,서울특별시,11110,종로구,1111017300,명륜3가,07,45,1,2855.0
20260112,광화문역,11,서울특별시,11530,구로구,1153010200,구로동,11,서울특별시,11110,종로구,1111017300,명륜3가,08,45,1,2747.0
20260112,광화문역,11,서울특별시,11530,구로구,1153010200,구로동,11,서울특별시,11110,종로구,1111017300,명륜3가,09,00,1,2880.0
20260112,광화문역,11,서울특별시,11530,구로구,1153010200,구로동,11,서울특별시,11110,종로구,1111017300,명륜3가,11,30,1,4447.0
20260112,광화문역,11,서울특별시,11530,구로구,1153010200,구로동,11,서울특별시,11110,종로구,1111017300,명륜3가,12,30,1,3829.0
20260112,광화문역,11,서울특별시,11530,구로구,1153010800,오류동,11,서울특별시,11110,종로구,1111017300,명륜3가,07,00,1,5339.0
20260112,광화문역,11,서울특별시,11530,구로구,1153010800,오류동,11,서울특별시,11110,종로구,1111017300,명륜3가,07,15,1,3946.0
20260112,광화문역,11,서울특별시,11530,구로구,1153010800,오류동,11,서울특별시,11110,종로구,1111017300,명륜3가,07,45,1,3668.0
20260112,광화문역,11,서울특별시,11530,구로구,1153010800,오류동,11,서울특별시,11110,종로구,1111017300,명륜3가,08,30,1,3439.0
20260112,광화문역,11,서울특별시,11530,구로구,1153010800,오류동,11,서울특별시,11110,종로구,1111017300,명륜3가,11,15,1,3573.0
20260112,광화문역,11,서울특별시,11545,금천구,1154510100,가산동,11,서울특별시,11110,종로구,1111017300,명륜3가,08,30,1,3537.0
20260112,광화문역,11,서울특별시,11560,영등포구,1156010100,영등포동,11,서울특별시,11110,종로구,1111017300,명륜3가,09,00,1,2555.0
20260112,광화문역,11,서울특별시,11560,영등포구,1156010100,영등포동,11,서울특별시,11110,종로구,1111017300,명륜3가,11,00,1,2581.0
20260112,광화문역,11,서울특별시,11560,영등포구,1156010200,영등포동1가,11,서울특별시,11110,종로구,1111017300,명륜3가,12,15,1,3733.0
20260112,광화문역,11,서울특별시,11560,영등포구,1156010900,영등포동8가,11,서울특별시,11110,종로구,1111017300,명륜3가,08,30,1,2559.0
20260112,광화문역,11,서울특별시,11560,영등포구,1156011000,여의도동,11,서울특별시,11110,종로구,1111017300,명륜3가,08,00,1,3641.0
20260112,광화문역,11,서울특별시,11560,영등포구,1156011000,여의도동,11,서울특별시,11110,종로구,1111017300,명륜3가,12,30,1,2462.0
20260112,광화문역,11,서울특별시,11560,영등포구,1156011300,당산동3가,11,서울특별시,11110,종로구,1111017300,명륜3가,12,15,1,2203.0
20260112,광화문역,11,서울특별시,11560,영등포구,1156011800,도림동,11,서울특별시,11110,종로구,1111017300,명륜3가,12,15,1,2593.0
20260112,광화문역,11,서울특별시,11560,영등포구,1156013200,신길동,11,서울특별시,11110,종로구,1111017300,명륜3가,06,15,1,2832.0
20260112,광화문역,11,서울특별시,11560,영등포구,1156013200,신길동,11,서울특별시,11110,종로구,1111017300,명륜3가,07,00,1,3710.0
20260112,광화문역,11,서울특별시,11560,영등포구,1156013200,신길동,11,서울특별시,11110,종로구,1111017300,명륜3가,07,30,1,2837.0
20260112,광화문역,11,서울특별시,11560,영등포구,1156013200,신길동,11,서울특별시,11110,종로구,1111017300,명륜3가,11,30,1,3032.0
20260112,광화문역,11,서울특별시,11590,동작구,1159010100,노량진동,11,서울특별시,11110,종로구,1111017300,명륜3가,07,15,1,2059.0
20260112,광화문역,11,서울특별시,11590,동작구,1159010100,노량진동,11,서울특별시,11110,종로구,1111017300,명륜3가,07,45,1,2230.0
20260112,광화문역,11,서울특별시,11590,동작구,1159010100,노량진동,11,서울특별시,11110,종로구,1111017300,명륜3가,08,00,1,2477.0
20260112,광화문역,11,서울특별시,11590,동작구,1159010100,노량진동,11,서울특별시,11110,종로구,1111017300,명륜3가,08,30,1,2198.0
20260112,광화문역,11,서울특별시,11590,동작구,1159010200,상도동,11,서울특별시,11110,종로구,1111017300,명륜3가,07,45,1,2493.0
20260112,광화문역,11,서울특별시,11590,동작구,1159010200,상도동,11,서울특별시,11110,종로구,1111017300,명륜3가,08,30,1,3348.0
20260112,광화문역,11,서울특별시,11590,동작구,1159010200,상도동,11,서울특별시,11110,종로구,1111017300,명륜3가,09,45,1,2823.0
20260112,광화문역,11,서울특별시,11590,동작구,1159010200,상도동,11,서울특별시,11110,종로구,1111017300,명륜3가,10,45,1,3127.0
20260112,광화문역,11,서울특별시,11590,동작구,1159010200,상도동,11,서울특별시,11110,종로구,1111017300,명륜3가,11,30,1,2855.0
20260112,광화문역,11,서울특별시,11590,동작구,1159010300,상도1동,11,서울특별시,11110,종로구,1111017300,명륜3가,07,30,1,2495.0
20260112,광화문역,11,서울특별시,11590,동작구,1159010400,본동,11,서울특별시,11110,종로구,1111017300,명륜3가,09,30,1,2974.0
20260112,광화문역,11,서울특별시,11590,동작구,1159010500,흑석동,11,서울특별시,11110,종로구,1111017300,명륜3가,07,45,2,2644.0
20260112,광화문역,11,서울특별시,11590,동작구,1159010500,흑석동,11,서울특별시,11110,종로구,1111017300,명륜3가,08,00,1,3890.0
20260112,광화문역,11,서울특별시,11590,동작구,1159010600,동작동,11,서울특별시,11110,종로구,1111017300,명륜3가,08,30,1,2722.0
20260112,광화문역,11,서울특별시,11590,동작구,1159010700,사당동,11,서울특별시,11110,종로구,1111017300,명륜3가,06,30,2,2320.0
20260112,광화문역,11,서울특별시,11590,동작구,1159010700,사당동,11,서울특별시,11110,종로구,1111017300,명륜3가,08,00,1,2676.0
20260112,광화문역,11,서울특별시,11590,동작구,1159010700,사당동,11,서울특별시,11110,종로구,1111017300,명륜3가,08,15,1,2265.0
20260112,광화문역,11,서울특별시,11590,동작구,1159010700,사당동,11,서울특별시,11110,종로구,1111017300,명륜3가,08,30,1,3089.0
20260112,광화문역,11,서울특별시,11590,동작구,1159010700,사당동,11,서울특별시,11110,종로구,1111017300,명륜3가,08,45,1,2437.0
20260112,광화문역,11,서울특별시,11590,동작구,1159010700,사당동,11,서울특별시,11110,종로구,1111017300,명륜3가,09,00,1,2386.0
20260112,광화문역,11,서울특별시,11590,동작구,1159010700,사당동,11,서울특별시,11110,종로구,1111017300,명륜3가,12,00,1,3429.0
20260112,광화문역,11,서울특별시,11590,동작구,1159010700,사당동,11,서울특별시,11110,종로구,1111017300,명륜3가,12,15,1,2610.0
20260112,광화문역,11,서울특별시,11590,동작구,1159010700,사당동,11,서울특별시,11110,종로구,1111017300,명륜3가,12,45,1,2850.0
20260112,광화문역,11,서울특별시,11590,동작구,1159010800,대방동,11,서울특별시,11110,종로구,1111017300,명륜3가,07,30,1,3130.0
20260112,광화문역,11,서울특별시,11590,동작구,1159010900,신대방동,11,서울특별시,11110,종로구,1111017300,명륜3가,09,00,1,2680.0
20260112,광화문역,11,서울특별시,11620,관악구,1162010100,봉천동,11,서울특별시,11110,종로구,1111017300,명륜3가,06,30,1,2776.0
20260112,광화문역,11,서울특별시,11620,관악구,1162010100,봉천동,11,서울특별시,11110,종로구,1111017300,명륜3가,07,45,3,3064.0
20260112,광화문역,11,서울특별시,11620,관악구,1162010100,봉천동,11,서울특별시,11110,종로구,1111017300,명륜3가,08,45,2,2894.0
20260112,광화문역,11,서울특별시,11620,관악구,1162010100,봉천동,11,서울특별시,11110,종로구,1111017300,명륜3가,09,30,2,3653.0
20260112,광화문역,11,서울특별시,11620,관악구,1162010100,봉천동,11,서울특별시,11110,종로구,1111017300,명륜3가,09,45,1,3155.0
20260112,광화문역,11,서울특별시,11620,관악구,1162010100,봉천동,11,서울특별시,11110,종로구,1111017300,명륜3가,12,00,2,3129.0
20260112,광화문역,11,서울특별시,11620,관악구,1162010200,신림동,11,서울특별시,11110,종로구,1111017300,명륜3가,07,15,1,3294.0
20260112,광화문역,11,서울특별시,11620,관악구,1162010200,신림동,11,서울특별시,11110,종로구,1111017300,명륜3가,07,30,5,3266.0
20260112,광화문역,11,서울특별시,11620,관악구,1162010200,신림동,11,서울특별시,11110,종로구,1111017300,명륜3가,07,45,1,3853.0
20260112,광화문역,11,서울특별시,11620,관악구,1162010200,신림동,11,서울특별시,11110,종로구,1111017300,명륜3가,08,30,1,3237.0
20260112,광화문역,11,서울특별시,11620,관악구,1162010200,신림동,11,서울특별시,11110,종로구,1111017300,명륜3가,08,45,1,3224.0
20260112,광화문역,11,서울특별시,11620,관악구,1162010200,신림동,11,서울특별시,11110,종로구,1111017300,명륜3가,09,00,1,3133.0
20260112,광화문역,11,서울특별시,11620,관악구,1162010200,신림동,11,서울특별시,11110,종로구,1111017300,명륜3가,09,15,1,3535.0
20260112,광화문역,11,서울특별시,11620,관악구,1162010200,신림동,11,서울특별시,11110,종로구,1111017300,명륜3가,09,30,1,2952.0
20260112,광화문역,11,서울특별시,11620,관악구,1162010200,신림동,11,서울특별시,11110,종로구,1111017300,명륜3가,10,45,1,3131.0
20260112,광화문역,11,서울특별시,11620,관악구,1162010200,신림동,11,서울특별시,11110,종로구,1111017300,명륜3가,11,15,2,4557.0
20260112,광화문역,11,서울특별시,11620,관악구,1162010200,신림동,11,서울특별시,11110,종로구,1111017300,명륜3가,11,45,1,3267.0
20260112,광화문역,11,서울특별시,11650,서초구,1165010100,방배동,11,서울특별시,11110,종로구,1111017300,명륜3가,07,45,1,2504.0
20260112,광화문역,11,서울특별시,11650,서초구,1165010100,방배동,11,서울특별시,11110,종로구,1111017300,명륜3가,08,00,1,2464.0
20260112,광화문역,11,서울특별시,11650,서초구,1165010100,방배동,11,서울특별시,11110,종로구,1111017300,명륜3가,10,15,1,2319.0
20260112,광화문역,11,서울특별시,11650,서초구,1165010100,방배동,11,서울특별시,11110,종로구,1111017300,명륜3가,12,00,1,2974.0
20260112,광화문역,11,서울특별시,11650,서초구,1165010200,양재동,11,서울특별시,11110,종로구,1111017300,명륜3가,07,30,1,3438.0
20260112,광화문역,11,서울특별시,11650,서초구,1165010300,우면동,11,서울특별시,11110,종로구,1111017300,명륜3가,10,30,1,2586.0
20260112,광화문역,11,서울특별시,11650,서초구,1165010300,우면동,11,서울특별시,11110,종로구,1111017300,명륜3가,11,45,1,2974.0
20260112,광화문역,11,서울특별시,11650,서초구,1165010600,잠원동,11,서울특별시,11110,종로구,1111017300,명륜3가,07,15,1,2671.0
20260112,광화문역,11,서울특별시,11650,서초구,1165010600,잠원동,11,서울특별시,11110,종로구,1111017300,명륜3가,08,45,1,2916.0
20260112,광화문역,11,서울특별시,11650,서초구,1165010600,잠원동,11,서울특별시,11110,종로구,1111017300,명륜3가,09,00,1,2242.0
20260112,광화문역,11,서울특별시,11650,서초구,1165010600,잠원동,11,서울특별시,11110,종로구,1111017300,명륜3가,10,45,1,2453.0
20260112,광화문역,11,서울특별시,11650,서초구,1165010600,잠원동,11,서울특별시,11110,종로구,1111017300,명륜3가,11,45,1,2655.0
20260112,광화문역,11,서울특별시,11650,서초구,1165010700,반포동,11,서울특별시,11110,종로구,1111017300,명륜3가,08,45,1,3119.0
20260112,광화문역,11,서울특별시,11650,서초구,1165010700,반포동,11,서울특별시,11110,종로구,1111017300,명륜3가,09,15,1,2350.0
20260112,광화문역,11,서울특별시,11650,서초구,1165010700,반포동,11,서울특별시,11110,종로구,1111017300,명륜3가,09,30,1,2901.0
20260112,광화문역,11,서울특별시,11650,서초구,1165010700,반포동,11,서울특별시,11110,종로구,1111017300,명륜3가,12,45,1,8353.0
20260112,광화문역,11,서울특별시,11650,서초구,1165010800,서초동,11,서울특별시,11110,종로구,1111017300,명륜3가,09,00,1,2511.0
20260112,광화문역,11,서울특별시,11650,서초구,1165010800,서초동,11,서울특별시,11110,종로구,1111017300,명륜3가,09,15,1,2703.0
20260112,광화문역,11,서울특별시,11650,서초구,1165010800,서초동,11,서울특별시,11110,종로구,1111017300,명륜3가,10,30,1,2066.0
20260112,광화문역,11,서울특별시,11650,서초구,1165010800,서초동,11,서울특별시,11110,종로구,1111017300,명륜3가,11,00,2,3228.0
20260112,광화문역,11,서울특별시,11650,서초구,1165010800,서초동,11,서울특별시,11110,종로구,1111017300,명륜3가,11,45,1,2229.0
20260112,광화문역,11,서울특별시,11650,서초구,1165010800,서초동,11,서울특별시,11110,종로구,1111017300,명륜3가,12,00,1,2829.0
20260112,광화문역,11,서울특별시,11680,강남구,1168010100,역삼동,11,서울특별시,11110,종로구,1111017300,명륜3가,07,15,1,2836.0
20260112,광화문역,11,서울특별시,11680,강남구,1168010100,역삼동,11,서울특별시,11110,종로구,1111017300,명륜3가,07,30,1,3411.0
20260112,광화문역,11,서울특별시,11680,강남구,1168010100,역삼동,11,서울특별시,11110,종로구,1111017300,명륜3가,07,45,2,2982.0
20260112,광화문역,11,서울특별시,11680,강남구,1168010100,역삼동,11,서울특별시,11110,종로구,1111017300,명륜3가,08,00,1,2758.0
20260112,광화문역,11,서울특별시,11680,강남구,1168010300,개포동,11,서울특별시,11110,종로구,1111017300,명륜3가,06,45,2,2776.0
20260112,광화문역,11,서울특별시,11680,강남구,1168010400,청담동,11,서울특별시,11110,종로구,1111017300,명륜3가,08,00,1,2810.0
20260112,광화문역,11,서울특별시,11680,강남구,1168010400,청담동,11,서울특별시,11110,종로구,1111017300,명륜3가,11,00,1,2431.0
20260112,광화문역,11,서울특별시,11680,강남구,1168010500,삼성동,11,서울특별시,11110,종로구,1111017300,명륜3가,07,30,1,2577.0
20260112,광화문역,11,서울특별시,11680,강남구,1168010600,대치동,11,서울특별시,11110,종로구,1111017300,명륜3가,09,45,1,2736.0
20260112,광화문역,11,서울특별시,11680,강남구,1168010600,대치동,11,서울특별시,11110,종로구,1111017300,명륜3가,10,00,1,3238.0
20260112,광화문역,11,서울특별시,11680,강남구,1168010700,신사동,11,서울특별시,11110,종로구,1111017300,명륜3가,06,30,1,1529.0
20260112,광화문역,11,서울특별시,11680,강남구,1168010800,논현동,11,서울특별시,11110,종로구,1111017300,명륜3가,07,45,1,2407.0
20260112,광화문역,11,서울특별시,11680,강남구,1168010800,논현동,11,서울특별시,11110,종로구,1111017300,명륜3가,09,30,1,2086.0
20260112,광화문역,11,서울특별시,11680,강남구,1168010800,논현동,11,서울특별시,11110,종로구,1111017300,명륜3가,10,15,1,2277.0
20260112,광화문역,11,서울특별시,11680,강남구,1168010800,논현동,11,서울특별시,11110,종로구,1111017300,명륜3가,11,30,1,2669.0
20260112,광화문역,11,서울특별시,11680,강남구,1168011200,자곡동,11,서울특별시,11110,종로구,1111017300,명륜3가,09,15,1,3888.0
20260112,광화문역,11,서울특별시,11680,강남구,1168011300,율현동,11,서울특별시,11110,종로구,1111017300,명륜3가,08,30,1,4036.0
20260112,광화문역,11,서울특별시,11680,강남구,1168011400,일원동,11,서울특별시,11110,종로구,1111017300,명륜3가,08,30,1,3259.0
20260112,광화문역,11,서울특별시,11680,강남구,1168011500,수서동,11,서울특별시,11110,종로구,1111017300,명륜3가,07,30,1,4166.0
20260112,광화문역,11,서울특별시,11680,강남구,1168011500,수서동,11,서울특별시,11110,종로구,1111017300,명륜3가,08,30,1,3545.0
20260112,광화문역,11,서울특별시,11680,강남구,1168011500,수서동,11,서울특별시,11110,종로구,1111017300,명륜3가,10,15,1,3653.0
20260112,광화문역,11,서울특별시,11680,강남구,1168011500,수서동,11,서울특별시,11110,종로구,1111017300,명륜3가,10,30,1,3319.0
20260112,광화문역,11,서울특별시,11680,강남구,1168011800,도곡동,11,서울특별시,11110,종로구,1111017300,명륜3가,09,00,1,2827.0
20260112,광화문역,11,서울특별시,11680,강남구,1168011800,도곡동,11,서울특별시,11110,종로구,1111017300,명륜3가,09,15,1,2374.0
20260112,광화문역,11,서울특별시,11680,강남구,1168011800,도곡동,11,서울특별시,11110,종로구,1111017300,명륜3가,11,30,1,2626.0
20260112,광화문역,11,서울특별시,11710,송파구,1171010200,신천동,11,서울특별시,11110,종로구,1111017300,명륜3가,08,00,1,2634.0
20260112,광화문역,11,서울특별시,11710,송파구,1171010200,신천동,11,서울특별시,11110,종로구,1111017300,명륜3가,09,00,1,2404.0
20260112,광화문역,11,서울특별시,11710,송파구,1171010200,신천동,11,서울특별시,11110,종로구,1111017300,명륜3가,10,15,1,3124.0
20260112,광화문역,11,서울특별시,11710,송파구,1171010200,신천동,11,서울특별시,11110,종로구,1111017300,명륜3가,12,00,1,2106.0
20260112,광화문역,11,서울특별시,11710,송파구,1171010200,신천동,11,서울특별시,11110,종로구,1111017300,명륜3가,12,45,1,2130.0
20260112,광화문역,11,서울특별시,11710,송파구,1171010300,풍납동,11,서울특별시,11110,종로구,1111017300,명륜3가,07,45,1,2537.0
20260112,광화문역,11,서울특별시,11710,송파구,1171010300,풍납동,11,서울특별시,11110,종로구,1111017300,명륜3가,08,15,1,2624.0
20260112,광화문역,11,서울특별시,11710,송파구,1171010300,풍납동,11,서울특별시,11110,종로구,1111017300,명륜3가,08,30,1,2600.0
20260112,광화문역,11,서울특별시,11710,송파구,1171010400,송파동,11,서울특별시,11110,종로구,1111017300,명륜3가,07,45,1,3053.0
20260112,광화문역,11,서울특별시,11710,송파구,1171010700,가락동,11,서울특별시,11110,종로구,1111017300,명륜3가,06,45,1,3986.0
20260112,광화문역,11,서울특별시,11710,송파구,1171010700,가락동,11,서울특별시,11110,종로구,1111017300,명륜3가,07,15,2,3896.0
20260112,광화문역,11,서울특별시,11710,송파구,1171010700,가락동,11,서울특별시,11110,종로구,1111017300,명륜3가,08,00,1,3880.0
20260112,광화문역,11,서울특별시,11710,송파구,1171010700,가락동,11,서울특별시,11110,종로구,1111017300,명륜3가,08,15,1,4161.0
20260112,광화문역,11,서울특별시,11710,송파구,1171010700,가락동,11,서울특별시,11110,종로구,1111017300,명륜3가,08,45,1,3862.0
20260112,광화문역,11,서울특별시,11710,송파구,1171010700,가락동,11,서울특별시,11110,종로구,1111017300,명륜3가,09,45,1,3225.0
20260112,광화문역,11,서울특별시,11710,송파구,1171011100,방이동,11,서울특별시,11110,종로구,1111017300,명륜3가,08,30,1,3134.0
20260112,광화문역,11,서울특별시,11710,송파구,1171011100,방이동,11,서울특별시,11110,종로구,1111017300,명륜3가,10,30,1,3317.0
20260112,광화문역,11,서울특별시,11710,송파구,1171011100,방이동,11,서울특별시,11110,종로구,1111017300,명륜3가,11,45,1,3869.0
20260112,광화문역,11,서울특별시,11710,송파구,1171011100,방이동,11,서울특별시,11110,종로구,1111017300,명륜3가,12,30,1,2822.0
20260112,광화문역,11,서울특별시,11710,송파구,1171011200,오금동,11,서울특별시,11110,종로구,1111017300,명륜3가,07,30,1,4878.0
20260112,광화문역,11,서울특별시,11710,송파구,1171011200,오금동,11,서울특별시,11110,종로구,1111017300,명륜3가,11,30,1,4041.0
20260112,광화문역,11,서울특별시,11710,송파구,1171011400,마천동,11,서울특별시,11110,종로구,1111017300,명륜3가,09,30,1,3966.0
20260112,광화문역,11,서울특별시,11740,강동구,1174010300,상일동,11,서울특별시,11110,종로구,1111017300,명륜3가,12,45,1,3646.0
20260112,광화문역,11,서울특별시,11740,강동구,1174010500,길동,11,서울특별시,11110,종로구,1111017300,명륜3가,08,00,1,3627.0
20260112,광화문역,11,서울특별시,11740,강동구,1174010500,길동,11,서울특별시,11110,종로구,1111017300,명륜3가,08,30,1,3044.0
20260112,광화문역,11,서울특별시,11740,강동구,1174010500,길동,11,서울특별시,11110,종로구,1111017300,명륜3가,12,00,1,2720.0
20260112,광화문역,11,서울특별시,11740,강동구,1174010600,둔촌동,11,서울특별시,11110,종로구,1111017300,명륜3가,08,45,1,2997.0
20260112,광화문역,11,서울특별시,11740,강동구,1174010600,둔촌동,11,서울특별시,11110,종로구,1111017300,명륜3가,10,15,1,2649.0
20260112,광화문역,11,서울특별시,11740,강동구,1174010800,성내동,11,서울특별시,11110,종로구,1111017300,명륜3가,07,45,1,3062.0
20260112,광화문역,11,서울특별시,11740,강동구,1174010800,성내동,11,서울특별시,11110,종로구,1111017300,명륜3가,08,00,1,3026.0
20260112,광화문역,11,서울특별시,11740,강동구,1174010800,성내동,11,서울특별시,11110,종로구,1111017300,명륜3가,08,15,1,2636.0
20260112,광화문역,11,서울특별시,11740,강동구,1174011000,강일동,11,서울특별시,11110,종로구,1111017300,명륜3가,07,45,1,3845.0
20260112,여의도역,11,서울특별시,11110,종로구,1111010100,청운동,11,서울특별시,11560,영등포구,1156011000,여의도동,06,15,2,1651.0
20260112,여의도역,11,서울특별시,11110,종로구,1111010100,청운동,11,서울특별시,11560,영등포구,1156011000,여의도동,07,00,1,2028.0
20260112,여의도역,11,서울특별시,11110,종로구,1111010100,청운동,11,서울특별시,11560,영등포구,1156011000,여의도동,08,00,1,1790.0
20260112,여의도역,11,서울특별시,11110,종로구,1111010100,청운동,11,서울특별시,11560,영등포구,1156011000,여의도동,08,45,1,1759.0
20260112,여의도역,11,서울특별시,11110,종로구,1111010100,청운동,11,서울특별시,11560,영등포구,1156011000,여의도동,09,30,1,2052.0
20260112,여의도역,11,서울특별시,11110,종로구,1111010100,청운동,11,서울특별시,11560,영등포구,1156011000,여의도동,10,00,1,1845.0
20260112,여의도역,11,서울특별시,11110,종로구,1111010100,청운동,11,서울특별시,11560,영등포구,1156011000,여의도동,11,30,2,2569.0
20260112,여의도역,11,서울특별시,11110,종로구,1111010400,효자동,11,서울특별시,11560,영등포구,1156011000,여의도동,07,15,2,1721.0
20260112,여의도역,11,서울특별시,11110,종로구,1111010400,효자동,11,서울특별시,11560,영등포구,1156011000,여의도동,07,45,2,1600.0
20260112,여의도역,11,서울특별시,11110,종로구,1111010400,효자동,11,서울특별시,11560,영등포구,1156011000,여의도동,08,00,3,1688.0
20260112,여의도역,11,서울특별시,11110,종로구,1111010400,효자동,11,서울특별시,11560,영등포구,1156011000,여의도동,08,15,2,1492.0
20260112,여의도역,11,서울특별시,11110,종로구,1111010400,효자동,11,서울특별시,11560,영등포구,1156011000,여의도동,08,45,1,1680.0
20260112,여의도역,11,서울특별시,11110,종로구,1111010400,효자동,11,서울특별시,11560,영등포구,1156011000,여의도동,09,45,1,1594.0
20260112,여의도역,11,서울특별시,11110,종로구,1111010400,효자동,11,서울특별시,11560,영등포구,1156011000,여의도동,11,30,1,1902.0
20260112,여의도역,11,서울특별시,11110,종로구,1111010700,적선동,11,서울특별시,11560,영등포구,1156011000,여의도동,07,45,1,1633.0
20260112,여의도역,11,서울특별시,11110,종로구,1111010700,적선동,11,서울특별시,11560,영등포구,1156011000,여의도동,09,00,2,1497.0
20260112,여의도역,11,서울특별시,11110,종로구,1111010700,적선동,11,서울특별시,11560,영등포구,1156011000,여의도동,09,30,1,1948.0
20260112,여의도역,11,서울특별시,11110,종로구,1111010700,적선동,11,서울특별시,11560,영등포구,1156011000,여의도동,11,15,2,2842.0
20260112,여의도역,11,서울특별시,11110,종로구,1111010700,적선동,11,서울특별시,11560,영등포구,1156011000,여의도동,11,30,1,2070.0
20260112,여의도역,11,서울특별시,11110,종로구,1111010700,적선동,11,서울특별시,11560,영등포구,1156011000,여의도동,12,30,1,3017.0
20260112,여의도역,11,서울특별시,11110,종로구,1111010800,통인동,11,서울특별시,11560,영등포구,1156011000,여의도동,06,15,1,1468.0
20260112,여의도역,11,서울특별시,11110,종로구,1111010800,통인동,11,서울특별시,11560,영등포구,1156011000,여의도동,06,30,1,1398.0
20260112,여의도역,11,서울특별시,11110,종로구,1111010800,통인동,11,서울특별시,11560,영등포구,1156011000,여의도동,06,45,1,1313.0
20260112,여의도역,11,서울특별시,11110,종로구,1111010800,통인동,11,서울특별시,11560,영등포구,1156011000,여의도동,07,15,1,1410.0
20260112,여의도역,11,서울특별시,11110,종로구,1111010800,통인동,11,서울특별시,11560,영등포구,1156011000,여의도동,07,30,1,1264.0
20260112,여의도역,11,서울특별시,11110,종로구,1111010800,통인동,11,서울특별시,11560,영등포구,1156011000,여의도동,07,45,1,2003.0
20260112,여의도역,11,서울특별시,11110,종로구,1111010800,통인동,11,서울특별시,11560,영등포구,1156011000,여의도동,08,15,1,2046.0
20260112,여의도역,11,서울특별시,11110,종로구,1111010800,통인동,11,서울특별시,11560,영등포구,1156011000,여의도동,08,30,1,1969.0
20260112,여의도역,11,서울특별시,11110,종로구,1111010800,통인동,11,서울특별시,11560,영등포구,1156011000,여의도동,11,45,1,2500.0
20260112,여의도역,11,서울특별시,11110,종로구,1111010900,누상동,11,서울특별시,11560,영등포구,1156011000,여의도동,06,30,1,1507.0
20260112,여의도역,11,서울특별시,11110,종로구,1111010900,누상동,11,서울특별시,11560,영등포구,1156011000,여의도동,08,00,1,2290.0
20260112,여의도역,11,서울특별시,11110,종로구,1111010900,누상동,11,서울특별시,11560,영등포구,1156011000,여의도동,09,00,1,1739.0
20260112,여의도역,11,서울특별시,11110,종로구,1111010900,누상동,11,서울특별시,11560,영등포구,1156011000,여의도동,09,15,1,2282.0
20260112,여의도역,11,서울특별시,11110,종로구,1111010900,누상동,11,서울특별시,11560,영등포구,1156011000,여의도동,09,30,1,2439.0
20260112,여의도역,11,서울특별시,11110,종로구,1111011000,누하동,11,서울특별시,11560,영등포구,1156011000,여의도동,07,00,1,2285.0
20260112,여의도역,11,서울특별시,11110,종로구,1111011000,누하동,11,서울특별시,11560,영등포구,1156011000,여의도동,09,00,1,1684.0
20260112,여의도역,11,서울특별시,11110,종로구,1111011100,옥인동,11,서울특별시,11560,영등포구,1156011000,여의도동,07,45,1,2419.0
20260112,여의도역,11,서울특별시,11110,종로구,1111011100,옥인동,11,서울특별시,11560,영등포구,1156011000,여의도동,08,45,1,1710.0
20260112,여의도역,11,서울특별시,11110,종로구,1111011200,체부동,11,서울특별시,11560,영등포구,1156011000,여의도동,06,15,1,1496.0
20260112,여의도역,11,서울특별시,11110,종로구,1111011200,체부동,11,서울특별시,11560,영등포구,1156011000,여의도동,07,00,1,1619.0
20260112,여의도역,11,서울특별시,11110,종로구,1111011400,내자동,11,서울특별시,11560,영등포구,1156011000,여의도동,08,00,1,2224.0
20260112,여의도역,11,서울특별시,11110,종로구,1111011400,내자동,11,서울특별시,11560,영등포구,1156011000,여의도동,08,15,1,2023.0
20260112,여의도역,11,서울특별시,11110,종로구,1111011500,사직동,11,서울특별시,11560,영등포구,1156011000,여의도동,07,00,1,1807.0
20260112,여의도역,11,서울특별시,11110,종로구,1111011500,사직동,11,서울특별시,11560,영등포구,1156011000,여의도동,07,15,1,1289.0
20260112,여의도역,11,서울특별시,11110,종로구,1111011500,사직동,11,서울특별시,11560,영등포구,1156011000,여의도동,07,30,1,1747.0
20260112,여의도역,11,서울특별시,11110,종로구,1111011500,사직동,11,서울특별시,11560,영등포구,1156011000,여의도동,07,45,1,1558.0
20260112,여의도역,11,서울특별시,11110,종로구,1111011500,사직동,11,서울특별시,11560,영등포구,1156011000,여의도동,08,00,1,1857.0
20260112,여의도역,11,서울특별시,11110,종로구,1111011500,사직동,11,서울특별시,11560,영등포구,1156011000,여의도동,08,15,1,2427.0
20260112,여의도역,11,서울특별시,11110,종로구,1111011500,사직동,11,서울특별시,11560,영등포구,1156011000,여의도동,09,15,1,1341.0
20260112,여의도역,11,서울특별시,11110,종로구,1111011500,사직동,11,서울특별시,11560,영등포구,1156011000,여의도동,11,15,2,1307.0
20260112,여의도역,11,서울특별시,11110,종로구,1111011500,사직동,11,서울특별시,11560,영등포구,1156011000,여의도동,12,15,1,1640.0
20260112,여의도역,11,서울특별시,11110,종로구,1111011500,사직동,11,서울특별시,11560,영등포구,1156011000,여의도동,12,45,1,1218.0
20260112,여의도역,11,서울특별시,11110,종로구,1111011900,세종로,11,서울특별시,11560,영등포구,1156011000,여의도동,06,00,2,1176.0
20260112,여의도역,11,서울특별시,11110,종로구,1111011900,세종로,11,서울특별시,11560,영등포구,1156011000,여의도동,06,15,1,1001.0
20260112,여의도역,11,서울특별시,11110,종로구,1111011900,세종로,11,서울특별시,11560,영등포구,1156011000,여의도동,06,45,1,1287.0
20260112,여의도역,11,서울특별시,11110,종로구,1111011900,세종로,11,서울특별시,11560,영등포구,1156011000,여의도동,07,00,3,1298.0
20260112,여의도역,11,서울특별시,11110,종로구,1111011900,세종로,11,서울특별시,11560,영등포구,1156011000,여의도동,07,15,15,1104.0
20260112,여의도역,11,서울특별시,11110,종로구,1111011900,세종로,11,서울특별시,11560,영등포구,1156011000,여의도동,07,30,7,1065.0
20260112,여의도역,11,서울특별시,11110,종로구,1111011900,세종로,11,서울특별시,11560,영등포구,1156011000,여의도동,07,45,19,1206.0
20260112,여의도역,11,서울특별시,11110,종로구,1111011900,세종로,11,서울특별시,11560,영등포구,1156011000,여의도동,08,00,19,1188.0
20260112,여의도역,11,서울특별시,11110,종로구,1111011900,세종로,11,서울특별시,11560,영등포구,1156011000,여의도동,08,15,33,1064.0
20260112,여의도역,11,서울특별시,11110,종로구,1111011900,세종로,11,서울특별시,11560,영등포구,1156011000,여의도동,08,30,19,1031.0
20260112,여의도역,11,서울특별시,11110,종로구,1111011900,세종로,11,서울특별시,11560,영등포구,1156011000,여의도동,08,45,3,1140.0
20260112,여의도역,11,서울특별시,11110,종로구,1111011900,세종로,11,서울특별시,11560,영등포구,1156011000,여의도동,09,00,8,1082.0
20260112,여의도역,11,서울특별시,11110,종로구,1111011900,세종로,11,서울특별시,11560,영등포구,1156011000,여의도동,09,15,7,1084.0
20260112,여의도역,11,서울특별시,11110,종로구,1111011900,세종로,11,서울특별시,11560,영등포구,1156011000,여의도동,09,30,5,1264.0
20260112,여의도역,11,서울특별시,11110,종로구,1111011900,세종로,11,서울특별시,11560,영등포구,1156011000,여의도동,09,45,3,1226.0
20260112,여의도역,11,서울특별시,11110,종로구,1111011900,세종로,11,서울특별시,11560,영등포구,1156011000,여의도동,10,00,7,1247.0
20260112,여의도역,11,서울특별시,11110,종로구,1111011900,세종로,11,서울특별시,11560,영등포구,1156011000,여의도동,10,15,6,1070.0
20260112,여의도역,11,서울특별시,11110,종로구,1111011900,세종로,11,서울특별시,11560,영등포구,1156011000,여의도동,10,30,13,1287.0
20260112,여의도역,11,서울특별시,11110,종로구,1111011900,세종로,11,서울특별시,11560,영등포구,1156011000,여의도동,10,45,25,1227.0
20260112,여의도역,11,서울특별시,11110,종로구,1111011900,세종로,11,서울특별시,11560,영등포구,1156011000,여의도동,11,00,18,1153.0
20260112,여의도역,11,서울특별시,11110,종로구,1111011900,세종로,11,서울특별시,11560,영등포구,1156011000,여의도동,11,15,16,1193.0
20260112,여의도역,11,서울특별시,11110,종로구,1111011900,세종로,11,서울특별시,11560,영등포구,1156011000,여의도동,11,30,21,1473.0
20260112,여의도역,11,서울특별시,11110,종로구,1111011900,세종로,11,서울특별시,11560,영등포구,1156011000,여의도동,11,45,9,1211.0
20260112,여의도역,11,서울특별시,11110,종로구,1111011900,세종로,11,서울특별시,11560,영등포구,1156011000,여의도동,12,00,9,1306.0
20260112,여의도역,11,서울특별시,11110,종로구,1111011900,세종로,11,서울특별시,11560,영등포구,1156011000,여의도동,12,15,14,1232.0
20260112,여의도역,11,서울특별시,11110,종로구,1111011900,세종로,11,서울특별시,11560,영등포구,1156011000,여의도동,12,30,25,1234.0
20260112,여의도역,11,서울특별시,11110,종로구,1111011900,세종로,11,서울특별시,11560,영등포구,1156011000,여의도동,12,45,30,1212.0
20260112,여의도역,11,서울특별시,11110,종로구,1111012000,신문로1가,11,서울특별시,11560,영등포구,1156011000,여의도동,08,15,1,1726.0
20260112,여의도역,11,서울특별시,11110,종로구,1111012000,신문로1가,11,서울특별시,11560,영등포구,1156011000,여의도동,11,15,2,1147.0
20260112,여의도역,11,서울특별시,11110,종로구,1111012100,신문로2가,11,서울특별시,11560,영등포구,1156011000,여의도동,07,00,1,1190.0
20260112,여의도역,11,서울특별시,11110,종로구,1111012100,신문로2가,11,서울특별시,11560,영등포구,1156011000,여의도동,07,15,2,1112.0
20260112,여의도역,11,서울특별시,11110,종로구,1111012100,신문로2가,11,서울특별시,11560,영등포구,1156011000,여의도동,07,30,2,1464.0
20260112,여의도역,11,서울특별시,11110,종로구,1111012100,신문로2가,11,서울특별시,11560,영등포구,1156011000,여의도동,07,45,3,1669.0
20260112,여의도역,11,서울특별시,11110,종로구,1111012100,신문로2가,11,서울특별시,11560,영등포구,1156011000,여의도동,08,00,2,1181.0
20260112,여의도역,11,서울특별시,11110,종로구,1111012100,신문로2가,11,서울특별시,11560,영등포구,1156011000,여의도동,08,15,1,1037.0
20260112,여의도역,11,서울특별시,11110,종로구,1111012100,신문로2가,11,서울특별시,11560,영등포구,1156011000,여의도동,08,30,1,1182.0
20260112,여의도역,11,서울특별시,11110,종로구,1111012100,신문로2가,11,서울특별시,11560,영등포구,1156011000,여의도동,08,45,1,1085.0
20260112,여의도역,11,서울특별시,11110,종로구,1111012100,신문로2가,11,서울특별시,11560,영등포구,1156011000,여의도동,09,00,2,1296.0
20260112,여의도역,11,서울특별시,11110,종로구,1111012100,신문로2가,11,서울특별시,11560,영등포구,1156011000,여의도동,09,15,1,1019.0
20260112,여의도역,11,서울특별시,11110,종로구,1111012100,신문로2가,11,서울특별시,11560,영등포구,1156011000,여의도동,09,30,1,1337.0
20260112,여의도역,11,서울특별시,11110,종로구,1111012100,신문로2가,11,서울특별시,11560,영등포구,1156011000,여의도동,10,15,3,1236.0
20260112,여의도역,11,서울특별시,11110,종로구,1111012100,신문로2가,11,서울특별시,11560,영등포구,1156011000,여의도동,10,30,4,1157.0
20260112,여의도역,11,서울특별시,11110,종로구,1111012100,신문로2가,11,서울특별시,11560,영등포구,1156011000,여의도동,11,00,2,1196.0
20260112,여의도역,11,서울특별시,11110,종로구,1111012100,신문로2가,11,서울특별시,11560,영등포구,1156011000,여의도동,11,15,3,1288.0
20260112,여의도역,11,서울특별시,11110,종로구,1111012100,신문로2가,11,서울특별시,11560,영등포구,1156011000,여의도동,11,30,1,1476.0
20260112,여의도역,11,서울특별시,11110,종로구,1111012100,신문로2가,11,서울특별시,11560,영등포구,1156011000,여의도동,12,15,1,1077.0
20260112,여의도역,11,서울특별시,11110,종로구,1111012100,신문로2가,11,서울특별시,11560,영등포구,1156011000,여의도동,12,30,4,1195.0
20260112,여의도역,11,서울특별시,11110,종로구,1111012100,신문로2가,11,서울특별시,11560,영등포구,1156011000,여의도동,12,45,2,846.0
20260112,여의도역,11,서울특별시,11110,종로구,1111012600,종로1가,11,서울특별시,11560,영등포구,1156011000,여의도동,07,45,1,1717.0
20260112,여의도역,11,서울특별시,11110,종로구,1111012600,종로1가,11,서울특별시,11560,영등포구,1156011000,여의도동,08,00,1,1211.0
20260112,여의도역,11,서울특별시,11110,종로구,1111012600,종로1가,11,서울특별시,11560,영등포구,1156011000,여의도동,08,15,2,1489.0
20260112,여의도역,11,서울특별시,11110,종로구,1111012600,종로1가,11,서울특별시,11560,영등포구,1156011000,여의도동,08,30,1,1583.0
20260112,여의도역,11,서울특별시,11110,종로구,1111012600,종로1가,11,서울특별시,11560,영등포구,1156011000,여의도동,09,00,1,1257.0
20260112,여의도역,11,서울특별시,11110,종로구,1111012600,종로1가,11,서울특별시,11560,영등포구,1156011000,여의도동,09,15,1,1356.0
20260112,여의도역,11,서울특별시,11110,종로구,1111012600,종로1가,11,서울특별시,11560,영등포구,1156011000,여의도동,10,00,1,1398.0
20260112,여의도역,11,서울특별시,11110,종로구,1111012600,종로1가,11,서울특별시,11560,영등포구,1156011000,여의도동,10,15,1,1401.0
20260112,여의도역,11,서울특별시,11110,종로구,1111012600,종로1가,11,서울특별시,11560,영등포구,1156011000,여의도동,10,30,2,1149.0
20260112,여의도역,11,서울특별시,11110,종로구,1111012600,종로1가,11,서울특별시,11560,영등포구,1156011000,여의도동,11,00,1,1181.0
20260112,여의도역,11,서울특별시,11110,종로구,1111012600,종로1가,11,서울특별시,11560,영등포구,1156011000,여의도동,11,15,1,957.0
20260112,여의도역,11,서울특별시,11110,종로구,1111012600,종로1가,11,서울특별시,11560,영등포구,1156011000,여의도동,11,30,2,1111.0
20260112,여의도역,11,서울특별시,11110,종로구,1111012600,종로1가,11,서울특별시,11560,영등포구,1156011000,여의도동,12,00,1,1557.0
20260112,여의도역,11,서울특별시,11110,종로구,1111012600,종로1가,11,서울특별시,11560,영등포구,1156011000,여의도동,12,15,3,1408.0
20260112,여의도역,11,서울특별시,11110,종로구,1111012600,종로1가,11,서울특별시,11560,영등포구,1156011000,여의도동,12,30,1,1710.0
20260112,여의도역,11,서울특별시,11110,종로구,1111012600,종로1가,11,서울특별시,11560,영등포구,1156011000,여의도동,12,45,1,1322.0
20260112,여의도역,11,서울특별시,11110,종로구,1111012900,견지동,11,서울특별시,11560,영등포구,1156011000,여의도동,06,30,1,1795.0
20260112,여의도역,11,서울특별시,11110,종로구,1111012900,견지동,11,서울특별시,11560,영등포구,1156011000,여의도동,11,15,1,1763.0
20260112,여의도역,11,서울특별시,11110,종로구,1111013200,운니동,11,서울특별시,11560,영등포구,1156011000,여의도동,07,45,1,2646.0
20260112,여의도역,11,서울특별시,11110,종로구,1111013200,운니동,11,서울특별시,11560,영등포구,1156011000,여의도동,09,15,1,2135.0
20260112,여의도역,11,서울특별시,11110,종로구,1111013200,운니동,11,서울특별시,11560,영등포구,1156011000,여의도동,09,45,2,2005.0
20260112,여의도역,11,서울특별시,11110,종로구,1111013200,운니동,11,서울특별시,11560,영등포구,1156011000,여의도동,12,30,1,1819.0
20260112,여의도역,11,서울특별시,11110,종로구,1111013400,경운동,11,서울특별시,11560,영등포구,1156011000,여의도동,07,00,2,1692.0
20260112,여의도역,11,서울특별시,11110,종로구,1111013400,경운동,11,서울특별시,11560,영등포구,1156011000,여의도동,08,15,2,1675.0
20260112,여의도역,11,서울특별시,11110,종로구,1111013400,경운동,11,서울특별시,11560,영등포구,1156011000,여의도동,08,45,1,1296.0
20260112,여의도역,11,서울특별시,11110,종로구,1111013400,경운동,11,서울특별시,11560,영등포구,1156011000,여의도동,09,00,1,1542.0
20260112,여의도역,11,서울특별시,11110,종로구,1111013400,경운동,11,서울특별시,11560,영등포구,1156011000,여의도동,10,00,4,2719.0
20260112,여의도역,11,서울특별시,11110,종로구,1111013400,경운동,11,서울특별시,11560,영등포구,1156011000,여의도동,10,15,2,2465.0
20260112,여의도역,11,서울특별시,11110,종로구,1111013400,경운동,11,서울특별시,11560,영등포구,1156011000,여의도동,10,30,2,1924.0
20260112,여의도역,11,서울특별시,11110,종로구,1111013400,경운동,11,서울특별시,11560,영등포구,1156011000,여의도동,10,45,2,2098.0
20260112,여의도역,11,서울특별시,11110,종로구,1111013400,경운동,11,서울특별시,11560,영등포구,1156011000,여의도동,11,00,1,1936.0
20260112,여의도역,11,서울특별시,11110,종로구,1111013400,경운동,11,서울특별시,11560,영등포구,1156011000,여의도동,11,30,5,1845.0
20260112,여의도역,11,서울특별시,11110,종로구,1111013400,경운동,11,서울특별시,11560,영등포구,1156011000,여의도동,11,45,1,2404.0
20260112,여의도역,11,서울특별시,11110,종로구,1111013400,경운동,11,서울특별시,11560,영등포구,1156011000,여의도동,12,00,4,2000.0
20260112,여의도역,11,서울특별시,11110,종로구,1111013400,경운동,11,서울특별시,11560,영등포구,1156011000,여의도동,12,15,3,1919.0
20260112,여의도역,11,서울특별시,11110,종로구,1111013400,경운동,11,서울특별시,11560,영등포구,1156011000,여의도동,12,45,4,2201.0
20260112,여의도역,11,서울특별시,11110,종로구,1111013500,관철동,11,서울특별시,11560,영등포구,1156011000,여의도동,07,15,1,1693.0
20260112,여의도역,11,서울특별시,11110,종로구,1111013500,관철동,11,서울특별시,11560,영등포구,1156011000,여의도동,07,45,2,2982.0
20260112,여의도역,11,서울특별시,11110,종로구,1111013500,관철동,11,서울특별시,11560,영등포구,1156011000,여의도동,08,00,2,2229.0
20260112,여의도역,11,서울특별시,11110,종로구,1111013500,관철동,11,서울특별시,11560,영등포구,1156011000,여의도동,08,15,1,2021.0
20260112,여의도역,11,서울특별시,11110,종로구,1111013500,관철동,11,서울특별시,11560,영등포구,1156011000,여의도동,08,45,1,1724.0
20260112,여의도역,11,서울특별시,11110,종로구,1111013500,관철동,11,서울특별시,11560,영등포구,1156011000,여의도동,10,30,1,2927.0
20260112,여의도역,11,서울특별시,11110,종로구,1111013500,관철동,11,서울특별시,11560,영등포구,1156011000,여의도동,10,45,1,1763.0
20260112,여의도역,11,서울특별시,11110,종로구,1111013500,관철동,11,서울특별시,11560,영등포구,1156011000,여의도동,11,00,5,1894.0
20260112,여의도역,11,서울특별시,11110,종로구,1111013500,관철동,11,서울특별시,11560,영등포구,1156011000,여의도동,11,15,2,1635.0
20260112,여의도역,11,서울특별시,11110,종로구,1111013500,관철동,11,서울특별시,11560,영등포구,1156011000,여의도동,11,45,1,1722.0
20260112,여의도역,11,서울특별시,11110,종로구,1111013500,관철동,11,서울특별시,11560,영등포구,1156011000,여의도동,12,00,1,1996.0
20260112,여의도역,11,서울특별시,11110,종로구,1111013500,관철동,11,서울특별시,11560,영등포구,1156011000,여의도동,12,15,3,2005.0
20260112,여의도역,11,서울특별시,11110,종로구,1111013500,관철동,11,서울특별시,11560,영등포구,1156011000,여의도동,12,30,7,1883.0
20260112,여의도역,11,서울특별시,11110,종로구,1111013500,관철동,11,서울특별시,11560,영등포구,1156011000,여의도동,12,45,6,2411.0
20260112,여의도역,11,서울특별시,11110,종로구,1111013800,종로2가,11,서울특별시,11560,영등포구,1156011000,여의도동,09,15,1,1495.0
20260112,여의도역,11,서울특별시,11110,종로구,1111013800,종로2가,11,서울특별시,11560,영등포구,1156011000,여의도동,09,45,1,1654.0
20260112,여의도역,11,서울특별시,11110,종로구,1111013800,종로2가,11,서울특별시,11560,영등포구,1156011000,여의도동,10,45,2,1311.0
20260112,여의도역,11,서울특별시,11110,종로구,1111013800,종로2가,11,서울특별시,11560,영등포구,1156011000,여의도동,11,00,1,1339.0
20260112,여의도역,11,서울특별시,11110,종로구,1111013800,종로2가,11,서울특별시,11560,영등포구,1156011000,여의도동,11,45,2,1285.0
20260112,여의도역,11,서울특별시,11110,종로구,1111013800,종로2가,11,서울특별시,11560,영등포구,1156011000,여의도동,12,15,1,1455.0
20260112,여의도역,11,서울특별시,11110,종로구,1111013800,종로2가,11,서울특별시,11560,영등포구,1156011000,여의도동,12,45,2,2131.0
20260112,여의도역,11,서울특별시,11110,종로구,1111013900,팔판동,11,서울특별시,11560,영등포구,1156011000,여의도동,07,00,1,1828.0
20260112,여의도역,11,서울특별시,11110,종로구,1111013900,팔판동,11,서울특별시,11560,영등포구,1156011000,여의도동,08,00,2,2119.0
20260112,여의도역,11,서울특별시,11110,종로구,1111013900,팔판동,11,서울특별시,11560,영등포구,1156011000,여의도동,10,30,1,1797.0
20260112,여의도역,11,서울특별시,11110,종로구,1111013900,팔판동,11,서울특별시,11560,영등포구,1156011000,여의도동,10,45,1,2350.0
20260112,여의도역,11,서울특별시,11110,종로구,1111013900,팔판동,11,서울특별시,11560,영등포구,1156011000,여의도동,12,45,1,1384.0
20260112,여의도역,11,서울특별시,11110,종로구,1111014000,삼청동,11,서울특별시,11560,영등포구,1156011000,여의도동,06,15,1,1157.0
20260112,여의도역,11,서울특별시,11110,종로구,1111014000,삼청동,11,서울특별시,11560,영등포구,1156011000,여의도동,09,15,1,1440.0
20260112,여의도역,11,서울특별시,11110,종로구,1111014100,안국동,11,서울특별시,11560,영등포구,1156011000,여의도동,07,00,1,2147.0
20260112,여의도역,11,서울특별시,11110,종로구,1111014100,안국동,11,서울특별시,11560,영등포구,1156011000,여의도동,09,30,1,2150.0
20260112,여의도역,11,서울특별시,11110,종로구,1111014100,안국동,11,서울특별시,11560,영등포구,1156011000,여의도동,10,30,2,2201.0
20260112,여의도역,11,서울특별시,11110,종로구,1111014100,안국동,11,서울특별시,11560,영등포구,1156011000,여의도동,11,15,1,2277.0
20260112,여의도역,11,서울특별시,11110,종로구,1111014100,안국동,11,서울특별시,11560,영등포구,1156011000,여의도동,12,45,1,1966.0
20260112,여의도역,11,서울특별시,11110,종로구,1111014600,가회동,11,서울특별시,11560,영등포구,1156011000,여의도동,12,00,1,1743.0
20260112,여의도역,11,서울특별시,11110,종로구,1111014600,가회동,11,서울특별시,11560,영등포구,1156011000,여의도동,12,15,1,1881.0
20260112,여의도역,11,서울특별시,11110,종로구,1111014800,계동,11,서울특별시,11560,영등포구,1156011000,여의도동,07,30,1,2119.0
20260112,여의도역,11,서울특별시,11110,종로구,1111014900,원서동,11,서울특별시,11560,영등포구,1156011000,여의도동,06,45,1,1664.0
20260112,여의도역,11,서울특별시,11110,종로구,1111014900,원서동,11,서울특별시,11560,영등포구,1156011000,여의도동,08,00,1,1958.0
20260112,여의도역,11,서울특별시,11110,종로구,1111014900,원서동,11,서울특별시,11560,영등포구,1156011000,여의도동,08,45,1,2137.0
20260112,여의도역,11,서울특별시,11110,종로구,1111014900,원서동,11,서울특별시,11560,영등포구,1156011000,여의도동,09,30,1,2007.0
20260112,여의도역,11,서울특별시,11110,종로구,1111015100,묘동,11,서울특별시,11560,영등포구,1156011000,여의도동,10,15,1,0.0
20260112,여의도역,11,서울특별시,11110,종로구,1111015100,묘동,11,서울특별시,11560,영등포구,1156011000,여의도동,12,15,1,1584.0
20260112,여의도역,11,서울특별시,11110,종로구,1111015100,묘동,11,서울특별시,11560,영등포구,1156011000,여의도동,12,45,2,2166.0
20260112,여의도역,11,서울특별시,11110,종로구,1111015300,돈의동,11,서울특별시,11560,영등포구,1156011000,여의도동,06,30,1,1206.0
20260112,여의도역,11,서울특별시,11110,종로구,1111015300,돈의동,11,서울특별시,11560,영등포구,1156011000,여의도동,06,45,1,1463.0
20260112,여의도역,11,서울특별시,11110,종로구,1111015300,돈의동,11,서울특별시,11560,영등포구,1156011000,여의도동,07,15,1,1331.0
20260112,여의도역,11,서울특별시,11110,종로구,1111015300,돈의동,11,서울특별시,11560,영등포구,1156011000,여의도동,07,30,2,1411.0
20260112,여의도역,11,서울특별시,11110,종로구,1111015300,돈의동,11,서울특별시,11560,영등포구,1156011000,여의도동,07,45,4,1611.0
20260112,여의도역,11,서울특별시,11110,종로구,1111015300,돈의동,11,서울특별시,11560,영등포구,1156011000,여의도동,08,00,3,1365.0
20260112,여의도역,11,서울특별시,11110,종로구,1111015300,돈의동,11,서울특별시,11560,영등포구,1156011000,여의도동,08,15,3,1291.0
20260112,여의도역,11,서울특별시,11110,종로구,1111015300,돈의동,11,서울특별시,11560,영등포구,1156011000,여의도동,08,30,1,1218.0
20260112,여의도역,11,서울특별시,11110,종로구,1111015300,돈의동,11,서울특별시,11560,영등포구,1156011000,여의도동,08,45,2,1324.0
20260112,여의도역,11,서울특별시,11110,종로구,1111015300,돈의동,11,서울특별시,11560,영등포구,1156011000,여의도동,09,00,4,1206.0
20260112,여의도역,11,서울특별시,11110,종로구,1111015300,돈의동,11,서울특별시,11560,영등포구,1156011000,여의도동,09,15,1,1096.0
20260112,여의도역,11,서울특별시,11110,종로구,1111015300,돈의동,11,서울특별시,11560,영등포구,1156011000,여의도동,09,30,2,1216.0
20260112,여의도역,11,서울특별시,11110,종로구,1111015300,돈의동,11,서울특별시,11560,영등포구,1156011000,여의도동,09,45,8,1393.0
20260112,여의도역,11,서울특별시,11110,종로구,1111015300,돈의동,11,서울특별시,11560,영등포구,1156011000,여의도동,10,00,7,1539.0
20260112,여의도역,11,서울특별시,11110,종로구,1111015300,돈의동,11,서울특별시,11560,영등포구,1156011000,여의도동,10,15,4,1478.0
20260112,여의도역,11,서울특별시,11110,종로구,1111015300,돈의동,11,서울특별시,11560,영등포구,1156011000,여의도동,10,30,1,1387.0
20260112,여의도역,11,서울특별시,11110,종로구,1111015300,돈의동,11,서울특별시,11560,영등포구,1156011000,여의도동,10,45,8,1429.0
20260112,여의도역,11,서울특별시,11110,종로구,1111015300,돈의동,11,서울특별시,11560,영등포구,1156011000,여의도동,11,00,11,1340.0
20260112,여의도역,11,서울특별시,11110,종로구,1111015300,돈의동,11,서울특별시,11560,영등포구,1156011000,여의도동,11,15,7,1725.0
20260112,여의도역,11,서울특별시,11110,종로구,1111015300,돈의동,11,서울특별시,11560,영등포구,1156011000,여의도동,11,30,6,1337.0
20260112,여의도역,11,서울특별시,11110,종로구,1111015300,돈의동,11,서울특별시,11560,영등포구,1156011000,여의도동,11,45,2,1387.0
20260112,여의도역,11,서울특별시,11110,종로구,1111015300,돈의동,11,서울특별시,11560,영등포구,1156011000,여의도동,12,00,4,1387.0
20260112,여의도역,11,서울특별시,11110,종로구,1111015300,돈의동,11,서울특별시,11560,영등포구,1156011000,여의도동,12,15,3,1461.0
20260112,여의도역,11,서울특별시,11110,종로구,1111015300,돈의동,11,서울특별시,11560,영등포구,1156011000,여의도동,12,30,4,2078.0
20260112,여의도역,11,서울특별시,11110,종로구,1111015300,돈의동,11,서울특별시,11560,영등포구,1156011000,여의도동,12,45,2,1746.0
20260112,여의도역,11,서울특별시,11110,종로구,1111015600,종로3가,11,서울특별시,11560,영등포구,1156011000,여의도동,06,15,1,1395.0
20260112,여의도역,11,서울특별시,11110,종로구,1111015600,종로3가,11,서울특별시,11560,영등포구,1156011000,여의도동,07,00,1,1443.0
20260112,여의도역,11,서울특별시,11110,종로구,1111015600,종로3가,11,서울특별시,11560,영등포구,1156011000,여의도동,07,15,1,1409.0
20260112,여의도역,11,서울특별시,11110,종로구,1111015600,종로3가,11,서울특별시,11560,영등포구,1156011000,여의도동,07,30,1,1932.0
20260112,여의도역,11,서울특별시,11110,종로구,1111015600,종로3가,11,서울특별시,11560,영등포구,1156011000,여의도동,08,00,4,1631.0
20260112,여의도역,11,서울특별시,11110,종로구,1111015600,종로3가,11,서울특별시,11560,영등포구,1156011000,여의도동,08,15,2,2019.0
20260112,여의도역,11,서울특별시,11110,종로구,1111015600,종로3가,11,서울특별시,11560,영등포구,1156011000,여의도동,08,45,1,1803.0
20260112,여의도역,11,서울특별시,11110,종로구,1111015600,종로3가,11,서울특별시,11560,영등포구,1156011000,여의도동,09,15,2,1580.0
20260112,여의도역,11,서울특별시,11110,종로구,1111015600,종로3가,11,서울특별시,11560,영등포구,1156011000,여의도동,09,45,2,2575.0
20260112,여의도역,11,서울특별시,11110,종로구,1111015600,종로3가,11,서울특별시,11560,영등포구,1156011000,여의도동,10,15,1,1598.0
20260112,여의도역,11,서울특별시,11110,종로구,1111015600,종로3가,11,서울특별시,11560,영등포구,1156011000,여의도동,11,30,2,1840.0
20260112,여의도역,11,서울특별시,11110,종로구,1111015600,종로3가,11,서울특별시,11560,영등포구,1156011000,여의도동,11,45,2,1506.0
20260112,여의도역,11,서울특별시,11110,종로구,1111015600,종로3가,11,서울특별시,11560,영등포구,1156011000,여의도동,12,00,2,1476.0
20260112,여의도역,11,서울특별시,11110,종로구,1111015600,종로3가,11,서울특별시,11560,영등포구,1156011000,여의도동,12,15,2,1545.0
20260112,여의도역,11,서울특별시,11110,종로구,1111015600,종로3가,11,서울특별시,11560,영등포구,1156011000,여의도동,12,45,3,2128.0
20260112,여의도역,11,서울특별시,11110,종로구,1111015700,인의동,11,서울특별시,11560,영등포구,1156011000,여의도동,07,30,1,1636.0
20260112,여의도역,11,서울특별시,11110,종로구,1111015900,원남동,11,서울특별시,11560,영등포구,1156011000,여의도동,07,15,1,1404.0
20260112,여의도역,11,서울특별시,11110,종로구,1111015900,원남동,11,서울특별시,11560,영등포구,1156011000,여의도동,07,30,1,2157.0
20260112,여의도역,11,서울특별시,11110,종로구,1111015900,원남동,11,서울특별시,11560,영등포구,1156011000,여의도동,11,30,1,2026.0
20260112,여의도역,11,서울특별시,11110,종로구,1111016100,종로4가,11,서울특별시,11560,영등포구,1156011000,여의도동,07,00,1,1848.0
20260112,여의도역,11,서울특별시,11110,종로구,1111016100,종로4가,11,서울특별시,11560,영등포구,1156011000,여의도동,07,30,1,2440.0
20260112,여의도역,11,서울특별시,11110,종로구,1111016100,종로4가,11,서울특별시,11560,영등포구,1156011000,여의도동,08,15,1,2095.0
20260112,여의도역,11,서울특별시,11110,종로구,1111016100,종로4가,11,서울특별시,11560,영등포구,1156011000,여의도동,09,00,1,1719.0
20260112,여의도역,11,서울특별시,11110,종로구,1111016100,종로4가,11,서울특별시,11560,영등포구,1156011000,여의도동,09,45,1,2009.0
20260112,여의도역,11,서울특별시,11110,종로구,1111016100,종로4가,11,서울특별시,11560,영등포구,1156011000,여의도동,10,15,1,2974.0
20260112,여의도역,11,서울특별시,11110,종로구,1111016100,종로4가,11,서울특별시,11560,영등포구,1156011000,여의도동,11,45,2,1702.0
20260112,여의도역,11,서울특별시,11110,종로구,1111016100,종로4가,11,서울특별시,11560,영등포구,1156011000,여의도동,12,30,1,1575.0
20260112,여의도역,11,서울특별시,11110,종로구,1111016300,종로5가,11,서울특별시,11560,영등포구,1156011000,여의도동,07,00,1,1447.0
20260112,여의도역,11,서울특별시,11110,종로구,1111016300,종로5가,11,서울특별시,11560,영등포구,1156011000,여의도동,07,15,3,1970.0
20260112,여의도역,11,서울특별시,11110,종로구,1111016300,종로5가,11,서울특별시,11560,영등포구,1156011000,여의도동,07,30,1,2218.0
20260112,여의도역,11,서울특별시,11110,종로구,1111016300,종로5가,11,서울특별시,11560,영등포구,1156011000,여의도동,07,45,3,2039.0
20260112,여의도역,11,서울특별시,11110,종로구,1111016300,종로5가,11,서울특별시,11560,영등포구,1156011000,여의도동,08,15,1,1857.0
20260112,여의도역,11,서울특별시,11110,종로구,1111016300,종로5가,11,서울특별시,11560,영등포구,1156011000,여의도동,09,00,3,1821.0
20260112,여의도역,11,서울특별시,11110,종로구,1111016300,종로5가,11,서울특별시,11560,영등포구,1156011000,여의도동,09,15,4,2142.0
20260112,여의도역,11,서울특별시,11110,종로구,1111016300,종로5가,11,서울특별시,11560,영등포구,1156011000,여의도동,09,30,1,1926.0
20260112,여의도역,11,서울특별시,11110,종로구,1111016300,종로5가,11,서울특별시,11560,영등포구,1156011000,여의도동,09,45,2,1929.0
20260112,여의도역,11,서울특별시,11110,종로구,1111016300,종로5가,11,서울특별시,11560,영등포구,1156011000,여의도동,10,00,2,2170.0
20260112,여의도역,11,서울특별시,11110,종로구,1111016300,종로5가,11,서울특별시,11560,영등포구,1156011000,여의도동,10,15,3,1996.0
20260112,여의도역,11,서울특별시,11110,종로구,1111016300,종로5가,11,서울특별시,11560,영등포구,1156011000,여의도동,10,30,1,1617.0
20260112,여의도역,11,서울특별시,11110,종로구,1111016300,종로5가,11,서울특별시,11560,영등포구,1156011000,여의도동,10,45,4,2417.0
20260112,여의도역,11,서울특별시,11110,종로구,1111016300,종로5가,11,서울특별시,11560,영등포구,1156011000,여의도동,11,15,1,1910.0
20260112,여의도역,11,서울특별시,11110,종로구,1111016300,종로5가,11,서울특별시,11560,영등포구,1156011000,여의도동,11,30,1,2241.0
20260112,여의도역,11,서울특별시,11110,종로구,1111016300,종로5가,11,서울특별시,11560,영등포구,1156011000,여의도동,11,45,1,1412.0
20260112,여의도역,11,서울특별시,11110,종로구,1111016300,종로5가,11,서울특별시,11560,영등포구,1156011000,여의도동,12,00,2,2040.0
20260112,여의도역,11,서울특별시,11110,종로구,1111016300,종로5가,11,서울특별시,11560,영등포구,1156011000,여의도동,12,15,5,2064.0
20260112,여의도역,11,서울특별시,11110,종로구,1111016300,종로5가,11,서울특별시,11560,영등포구,1156011000,여의도동,12,30,4,2013.0
20260112,여의도역,11,서울특별시,11110,종로구,1111016300,종로5가,11,서울특별시,11560,영등포구,1156011000,여의도동,12,45,2,2694.0
20260112,여의도역,11,서울특별시,11110,종로구,1111016400,종로6가,11,서울특별시,11560,영등포구,1156011000,여의도동,07,30,1,2578.0
20260112,여의도역,11,서울특별시,11110,종로구,1111016400,종로6가,11,서울특별시,11560,영등포구,1156011000,여의도동,08,45,1,2605.0
20260112,여의도역,11,서울특별시,11110,종로구,1111016400,종로6가,11,서울특별시,11560,영등포구,1156011000,여의도동,10,00,1,2670.0
20260112,여의도역,11,서울특별시,11110,종로구,1111016400,종로6가,11,서울특별시,11560,영등포구,1156011000,여의도동,10,15,3,2497.0
20260112,여의도역,11,서울특별시,11110,종로구,1111016400,종로6가,11,서울특별시,11560,영등포구,1156011000,여의도동,10,45,1,2890.0
20260112,여의도역,11,서울특별시,11110,종로구,1111016400,종로6가,11,서울특별시,11560,영등포구,1156011000,여의도동,12,45,2,2095.0
20260112,여의도역,11,서울특별시,11110,종로구,1111016600,연건동,11,서울특별시,11560,영등포구,1156011000,여의도동,07,00,2,2115.0
20260112,여의도역,11,서울특별시,11110,종로구,1111016600,연건동,11,서울특별시,11560,영등포구,1156011000,여의도동,08,15,1,1889.0
20260112,여의도역,11,서울특별시,11110,종로구,1111016600,연건동,11,서울특별시,11560,영등포구,1156011000,여의도동,08,45,1,2123.0
20260112,여의도역,11,서울특별시,11110,종로구,1111016600,연건동,11,서울특별시,11560,영등포구,1156011000,여의도동,09,45,1,2259.0
20260112,여의도역,11,서울특별시,11110,종로구,1111016600,연건동,11,서울특별시,11560,영등포구,1156011000,여의도동,10,45,1,2332.0
20260112,여의도역,11,서울특별시,11110,종로구,1111016700,충신동,11,서울특별시,11560,영등포구,1156011000,여의도동,08,15,1,1815.0
20260112,여의도역,11,서울특별시,11110,종로구,1111016700,충신동,11,서울특별시,11560,영등포구,1156011000,여의도동,09,00,1,2096.0
20260112,여의도역,11,서울특별시,11110,종로구,1111016800,동숭동,11,서울특별시,11560,영등포구,1156011000,여의도동,06,15,2,2346.0
20260112,여의도역,11,서울특별시,11110,종로구,1111016800,동숭동,11,서울특별시,11560,영등포구,1156011000,여의도동,06,45,1,2075.0
20260112,여의도역,11,서울특별시,11110,종로구,1111016800,동숭동,11,서울특별시,11560,영등포구,1156011000,여의도동,07,00,3,2012.0
20260112,여의도역,11,서울특별시,11110,종로구,1111016800,동숭동,11,서울특별시,11560,영등포구,1156011000,여의도동,07,15,4,2227.0
20260112,여의도역,11,서울특별시,11110,종로구,1111016800,동숭동,11,서울특별시,11560,영등포구,1156011000,여의도동,07,30,2,2096.0
20260112,여의도역,11,서울특별시,11110,종로구,1111016800,동숭동,11,서울특별시,11560,영등포구,1156011000,여의도동,07,45,4,2048.0
20260112,여의도역,11,서울특별시,11110,종로구,1111016800,동숭동,11,서울특별시,11560,영등포구,1156011000,여의도동,08,00,3,2059.0
20260112,여의도역,11,서울특별시,11110,종로구,1111016800,동숭동,11,서울특별시,11560,영등포구,1156011000,여의도동,08,15,6,2016.0
20260112,여의도역,11,서울특별시,11110,종로구,1111016800,동숭동,11,서울특별시,11560,영등포구,1156011000,여의도동,08,30,3,2165.0
20260112,여의도역,11,서울특별시,11110,종로구,1111016800,동숭동,11,서울특별시,11560,영등포구,1156011000,여의도동,08,45,1,2051.0
20260112,여의도역,11,서울특별시,11110,종로구,1111016800,동숭동,11,서울특별시,11560,영등포구,1156011000,여의도동,09,00,1,1966.0
20260112,여의도역,11,서울특별시,11110,종로구,1111016800,동숭동,11,서울특별시,11560,영등포구,1156011000,여의도동,09,15,1,2213.0
20260112,여의도역,11,서울특별시,11110,종로구,1111016800,동숭동,11,서울특별시,11560,영등포구,1156011000,여의도동,09,30,1,2151.0
20260112,여의도역,11,서울특별시,11110,종로구,1111016800,동숭동,11,서울특별시,11560,영등포구,1156011000,여의도동,09,45,1,2632.0
20260112,여의도역,11,서울특별시,11110,종로구,1111016800,동숭동,11,서울특별시,11560,영등포구,1156011000,여의도동,10,00,1,2065.0
20260112,여의도역,11,서울특별시,11110,종로구,1111016800,동숭동,11,서울특별시,11560,영등포구,1156011000,여의도동,10,15,2,2282.0
20260112,여의도역,11,서울특별시,11110,종로구,1111016800,동숭동,11,서울특별시,11560,영등포구,1156011000,여의도동,10,30,1,1964.0
20260112,여의도역,11,서울특별시,11110,종로구,1111016800,동숭동,11,서울특별시,11560,영등포구,1156011000,여의도동,10,45,1,2286.0
20260112,여의도역,11,서울특별시,11110,종로구,1111016800,동숭동,11,서울특별시,11560,영등포구,1156011000,여의도동,11,00,1,1712.0
20260112,여의도역,11,서울특별시,11110,종로구,1111016800,동숭동,11,서울특별시,11560,영등포구,1156011000,여의도동,11,15,3,2288.0
20260112,여의도역,11,서울특별시,11110,종로구,1111016800,동숭동,11,서울특별시,11560,영등포구,1156011000,여의도동,11,30,1,2088.0
20260112,여의도역,11,서울특별시,11110,종로구,1111016800,동숭동,11,서울특별시,11560,영등포구,1156011000,여의도동,11,45,7,2292.0
20260112,여의도역,11,서울특별시,11110,종로구,1111016800,동숭동,11,서울특별시,11560,영등포구,1156011000,여의도동,12,00,2,2764.0
20260112,여의도역,11,서울특별시,11110,종로구,1111016900,혜화동,11,서울특별시,11560,영등포구,1156011000,여의도동,06,00,1,1926.0
20260112,여의도역,11,서울특별시,11110,종로구,1111016900,혜화동,11,서울특별시,11560,영등포구,1156011000,여의도동,06,30,1,2654.0
20260112,여의도역,11,서울특별시,11110,종로구,1111016900,혜화동,11,서울특별시,11560,영등포구,1156011000,여의도동,06,45,3,2373.0
20260112,여의도역,11,서울특별시,11110,종로구,1111016900,혜화동,11,서울특별시,11560,영등포구,1156011000,여의도동,07,00,4,2434.0
20260112,여의도역,11,서울특별시,11110,종로구,1111016900,혜화동,11,서울특별시,11560,영등포구,1156011000,여의도동,07,15,1,2233.0
20260112,여의도역,11,서울특별시,11110,종로구,1111016900,혜화동,11,서울특별시,11560,영등포구,1156011000,여의도동,07,30,2,2700.0
20260112,여의도역,11,서울특별시,11110,종로구,1111016900,혜화동,11,서울특별시,11560,영등포구,1156011000,여의도동,07,45,5,2573.0
20260112,여의도역,11,서울특별시,11110,종로구,1111016900,혜화동,11,서울특별시,11560,영등포구,1156011000,여의도동,08,00,2,2307.0
20260112,여의도역,11,서울특별시,11110,종로구,1111016900,혜화동,11,서울특별시,11560,영등포구,1156011000,여의도동,08,15,1,1716.0
20260112,여의도역,11,서울특별시,11110,종로구,1111016900,혜화동,11,서울특별시,11560,영등포구,1156011000,여의도동,08,30,2,2135.0
20260112,여의도역,11,서울특별시,11110,종로구,1111016900,혜화동,11,서울특별시,11560,영등포구,1156011000,여의도동,08,45,1,2912.0
20260112,여의도역,11,서울특별시,11110,종로구,1111016900,혜화동,11,서울특별시,11560,영등포구,1156011000,여의도동,09,45,1,2148.0
20260112,여의도역,11,서울특별시,11110,종로구,1111016900,혜화동,11,서울특별시,11560,영등포구,1156011000,여의도동,10,15,1,2100.0
20260112,여의도역,11,서울특별시,11110,종로구,1111016900,혜화동,11,서울특별시,11560,영등포구,1156011000,여의도동,11,30,1,1963.0
20260112,여의도역,11,서울특별시,11110,종로구,1111016900,혜화동,11,서울특별시,11560,영등포구,1156011000,여의도동,12,00,1,2289.0
20260112,여의도역,11,서울특별시,11110,종로구,1111017000,명륜1가,11,서울특별시,11560,영등포구,1156011000,여의도동,06,45,1,3182.0
20260112,여의도역,11,서울특별시,11110,종로구,1111017000,명륜1가,11,서울특별시,11560,영등포구,1156011000,여의도동,07,00,1,2326.0
20260112,여의도역,11,서울특별시,11110,종로구,1111017000,명륜1가,11,서울특별시,11560,영등포구,1156011000,여의도동,07,45,2,2898.0
20260112,여의도역,11,서울특별시,11110,종로구,1111017000,명륜1가,11,서울특별시,11560,영등포구,1156011000,여의도동,08,15,2,2826.0
20260112,여의도역,11,서울특별시,11110,종로구,1111017200,명륜4가,11,서울특별시,11560,영등포구,1156011000,여의도동,06,15,2,2112.0
20260112,여의도역,11,서울특별시,11110,종로구,1111017200,명륜4가,11,서울특별시,11560,영등포구,1156011000,여의도동,06,30,1,1835.0
20260112,여의도역,11,서울특별시,11110,종로구,1111017200,명륜4가,11,서울특별시,11560,영등포구,1156011000,여의도동,07,15,2,2635.0
20260112,여의도역,11,서울특별시,11110,종로구,1111017200,명륜4가,11,서울특별시,11560,영등포구,1156011000,여의도동,07,45,2,2404.0
20260112,여의도역,11,서울특별시,11110,종로구,1111017200,명륜4가,11,서울특별시,11560,영등포구,1156011000,여의도동,08,00,2,2524.0
20260112,여의도역,11,서울특별시,11110,종로구,1111017200,명륜4가,11,서울특별시,11560,영등포구,1156011000,여의도동,08,45,1,2893.0
20260112,여의도역,11,서울특별시,11110,종로구,1111017200,명륜4가,11,서울특별시,11560,영등포구,1156011000,여의도동,11,00,1,1840.0
20260112,여의도역,11,서울특별시,11110,종로구,1111017200,명륜4가,11,서울특별시,11560,영등포구,1156011000,여의도동,11,30,1,2091.0
20260112,여의도역,11,서울특별시,11110,종로구,1111017200,명륜4가,11,서울특별시,11560,영등포구,1156011000,여의도동,12,15,1,1920.0
20260112,여의도역,11,서울특별시,11110,종로구,1111017200,명륜4가,11,서울특별시,11560,영등포구,1156011000,여의도동,12,45,1,2131.0
20260112,여의도역,11,서울특별시,11110,종로구,1111017300,명륜3가,11,서울특별시,11560,영등포구,1156011000,여의도동,07,45,3,2554.0
20260112,여의도역,11,서울특별시,11110,종로구,1111017300,명륜3가,11,서울특별시,11560,영등포구,1156011000,여의도동,08,00,1,2832.0
20260112,여의도역,11,서울특별시,11110,종로구,1111017300,명륜3가,11,서울특별시,11560,영등포구,1156011000,여의도동,08,15,1,2326.0
20260112,여의도역,11,서울특별시,11110,종로구,1111017400,창신동,11,서울특별시,11560,영등포구,1156011000,여의도동,06,00,1,2407.0
20260112,여의도역,11,서울특별시,11110,종로구,1111017400,창신동,11,서울특별시,11560,영등포구,1156011000,여의도동,06,15,3,1854.0
20260112,여의도역,11,서울특별시,11110,종로구,1111017400,창신동,11,서울특별시,11560,영등포구,1156011000,여의도동,06,30,5,2129.0
20260112,여의도역,11,서울특별시,11110,종로구,1111017400,창신동,11,서울특별시,11560,영등포구,1156011000,여의도동,06,45,11,2094.0
20260112,여의도역,11,서울특별시,11110,종로구,1111017400,창신동,11,서울특별시,11560,영등포구,1156011000,여의도동,07,00,17,2068.0
20260112,여의도역,11,서울특별시,11110,종로구,1111017400,창신동,11,서울특별시,11560,영등포구,1156011000,여의도동,07,15,11,1962.0
20260112,여의도역,11,서울특별시,11110,종로구,1111017400,창신동,11,서울특별시,11560,영등포구,1156011000,여의도동,07,30,10,2202.0
20260112,여의도역,11,서울특별시,11110,종로구,1111017400,창신동,11,서울특별시,11560,영등포구,1156011000,여의도동,07,45,23,2023.0
20260112,여의도역,11,서울특별시,11110,종로구,1111017400,창신동,11,서울특별시,11560,영등포구,1156011000,여의도동,08,00,19,2121.0
20260112,여의도역,11,서울특별시,11110,종로구,1111017400,창신동,11,서울특별시,11560,영등포구,1156011000,여의도동,08,15,11,1968.0
20260112,여의도역,11,서울특별시,11110,종로구,1111017400,창신동,11,서울특별시,11560,영등포구,1156011000,여의도동,08,30,6,1803.0
20260112,여의도역,11,서울특별시,11110,종로구,1111017400,창신동,11,서울특별시,11560,영등포구,1156011000,여의도동,08,45,5,1974.0
20260112,여의도역,11,서울특별시,11110,종로구,1111017400,창신동,11,서울특별시,11560,영등포구,1156011000,여의도동,09,00,3,1963.0
20260112,여의도역,11,서울특별시,11110,종로구,1111017400,창신동,11,서울특별시,11560,영등포구,1156011000,여의도동,09,15,3,2312.0
20260112,여의도역,11,서울특별시,11110,종로구,1111017400,창신동,11,서울특별시,11560,영등포구,1156011000,여의도동,09,30,4,2435.0
20260112,여의도역,11,서울특별시,11110,종로구,1111017400,창신동,11,서울특별시,11560,영등포구,1156011000,여의도동,09,45,3,2334.0
20260112,여의도역,11,서울특별시,11110,종로구,1111017400,창신동,11,서울특별시,11560,영등포구,1156011000,여의도동,10,00,2,2229.0
20260112,여의도역,11,서울특별시,11110,종로구,1111017400,창신동,11,서울특별시,11560,영등포구,1156011000,여의도동,10,15,4,1911.0
20260112,여의도역,11,서울특별시,11110,종로구,1111017400,창신동,11,서울특별시,11560,영등포구,1156011000,여의도동,10,30,3,2662.0
20260112,여의도역,11,서울특별시,11110,종로구,1111017400,창신동,11,서울특별시,11560,영등포구,1156011000,여의도동,10,45,3,1896.0
20260112,여의도역,11,서울특별시,11110,종로구,1111017400,창신동,11,서울특별시,11560,영등포구,1156011000,여의도동,11,00,3,2208.0
20260112,여의도역,11,서울특별시,11110,종로구,1111017400,창신동,11,서울특별시,11560,영등포구,1156011000,여의도동,11,15,3,2310.0
20260112,여의도역,11,서울특별시,11110,종로구,1111017400,창신동,11,서울특별시,11560,영등포구,1156011000,여의도동,11,30,2,2981.0
20260112,여의도역,11,서울특별시,11110,종로구,1111017400,창신동,11,서울특별시,11560,영등포구,1156011000,여의도동,12,00,3,3289.0
20260112,여의도역,11,서울특별시,11110,종로구,1111017400,창신동,11,서울특별시,11560,영등포구,1156011000,여의도동,12,15,1,2735.0
20260112,여의도역,11,서울특별시,11110,종로구,1111017400,창신동,11,서울특별시,11560,영등포구,1156011000,여의도동,12,30,1,2101.0
20260112,여의도역,11,서울특별시,11110,종로구,1111017400,창신동,11,서울특별시,11560,영등포구,1156011000,여의도동,12,45,2,2120.0
20260112,여의도역,11,서울특별시,11110,종로구,1111017500,숭인동,11,서울특별시,11560,영등포구,1156011000,여의도동,06,30,2,2544.0
20260112,여의도역,11,서울특별시,11110,종로구,1111017500,숭인동,11,서울특별시,11560,영등포구,1156011000,여의도동,06,45,3,2121.0
20260112,여의도역,11,서울특별시,11110,종로구,1111017500,숭인동,11,서울특별시,11560,영등포구,1156011000,여의도동,07,00,3,2342.0
20260112,여의도역,11,서울특별시,11110,종로구,1111017500,숭인동,11,서울특별시,11560,영등포구,1156011000,여의도동,07,15,2,2675.0
20260112,여의도역,11,서울특별시,11110,종로구,1111017500,숭인동,11,서울특별시,11560,영등포구,1156011000,여의도동,07,45,5,2077.0
20260112,여의도역,11,서울특별시,11110,종로구,1111017500,숭인동,11,서울특별시,11560,영등포구,1156011000,여의도동,08,00,5,2203.0
20260112,여의도역,11,서울특별시,11110,종로구,1111017500,숭인동,11,서울특별시,11560,영등포구,1156011000,여의도동,08,15,3,2296.0
20260112,여의도역,11,서울특별시,11110,종로구,1111017500,숭인동,11,서울특별시,11560,영등포구,1156011000,여의도동,08,30,3,2051.0
20260112,여의도역,11,서울특별시,11110,종로구,1111017500,숭인동,11,서울특별시,11560,영등포구,1156011000,여의도동,08,45,2,2663.0
20260112,여의도역,11,서울특별시,11110,종로구,1111017500,숭인동,11,서울특별시,11560,영등포구,1156011000,여의도동,09,00,3,1933.0
20260112,여의도역,11,서울특별시,11110,종로구,1111017500,숭인동,11,서울특별시,11560,영등포구,1156011000,여의도동,09,15,2,2530.0
20260112,여의도역,11,서울특별시,11110,종로구,1111017500,숭인동,11,서울특별시,11560,영등포구,1156011000,여의도동,09,45,1,1775.0
20260112,여의도역,11,서울특별시,11110,종로구,1111017500,숭인동,11,서울특별시,11560,영등포구,1156011000,여의도동,10,15,1,2775.0
20260112,여의도역,11,서울특별시,11110,종로구,1111017500,숭인동,11,서울특별시,11560,영등포구,1156011000,여의도동,11,45,1,2396.0
20260112,여의도역,11,서울특별시,11110,종로구,1111017500,숭인동,11,서울특별시,11560,영등포구,1156011000,여의도동,12,00,3,2235.0
20260112,여의도역,11,서울특별시,11110,종로구,1111017500,숭인동,11,서울특별시,11560,영등포구,1156011000,여의도동,12,45,1,3109.0
20260112,여의도역,11,서울특별시,11110,종로구,1111017700,평동,11,서울특별시,11560,영등포구,1156011000,여의도동,06,30,1,1023.0
20260112,여의도역,11,서울특별시,11110,종로구,1111017700,평동,11,서울특별시,11560,영등포구,1156011000,여의도동,06,45,2,977.0
20260112,여의도역,11,서울특별시,11110,종로구,1111017700,평동,11,서울특별시,11560,영등포구,1156011000,여의도동,07,15,2,1153.0
20260112,여의도역,11,서울특별시,11110,종로구,1111017700,평동,11,서울특별시,11560,영등포구,1156011000,여의도동,07,30,1,1227.0
20260112,여의도역,11,서울특별시,11110,종로구,1111017700,평동,11,서울특별시,11560,영등포구,1156011000,여의도동,07,45,4,1406.0
20260112,여의도역,11,서울특별시,11110,종로구,1111017700,평동,11,서울특별시,11560,영등포구,1156011000,여의도동,08,00,1,909.0
20260112,여의도역,11,서울특별시,11110,종로구,1111017700,평동,11,서울특별시,11560,영등포구,1156011000,여의도동,08,15,3,1184.0
20260112,여의도역,11,서울특별시,11110,종로구,1111017700,평동,11,서울특별시,11560,영등포구,1156011000,여의도동,08,30,1,1199.0
20260112,여의도역,11,서울특별시,11110,종로구,1111017700,평동,11,서울특별시,11560,영등포구,1156011000,여의도동,08,45,1,1184.0
20260112,여의도역,11,서울특별시,11110,종로구,1111017700,평동,11,서울특별시,11560,영등포구,1156011000,여의도동,09,00,1,1017.0
20260112,여의도역,11,서울특별시,11110,종로구,1111017700,평동,11,서울특별시,11560,영등포구,1156011000,여의도동,09,15,1,1012.0
20260112,여의도역,11,서울특별시,11110,종로구,1111017700,평동,11,서울특별시,11560,영등포구,1156011000,여의도동,09,30,1,1073.0
20260112,여의도역,11,서울특별시,11110,종로구,1111017700,평동,11,서울특별시,11560,영등포구,1156011000,여의도동,10,00,1,1517.0
20260112,여의도역,11,서울특별시,11110,종로구,1111017700,평동,11,서울특별시,11560,영등포구,1156011000,여의도동,10,30,1,985.0
20260112,여의도역,11,서울특별시,11110,종로구,1111017700,평동,11,서울특별시,11560,영등포구,1156011000,여의도동,11,30,1,965.0
20260112,여의도역,11,서울특별시,11110,종로구,1111017700,평동,11,서울특별시,11560,영등포구,1156011000,여의도동,12,00,1,882.0
20260112,여의도역,11,서울특별시,11110,종로구,1111017700,평동,11,서울특별시,11560,영등포구,1156011000,여의도동,12,15,1,1504.0
20260112,여의도역,11,서울특별시,11110,종로구,1111017900,홍파동,11,서울특별시,11560,영등포구,1156011000,여의도동,07,00,1,1233.0
20260112,여의도역,11,서울특별시,11110,종로구,1111017900,홍파동,11,서울특별시,11560,영등포구,1156011000,여의도동,08,00,1,1797.0
20260112,여의도역,11,서울특별시,11110,종로구,1111018000,교북동,11,서울특별시,11560,영등포구,1156011000,여의도동,11,00,1,1454.0
20260112,여의도역,11,서울특별시,11110,종로구,1111018100,행촌동,11,서울특별시,11560,영등포구,1156011000,여의도동,06,30,1,1226.0
20260112,여의도역,11,서울특별시,11110,종로구,1111018100,행촌동,11,서울특별시,11560,영등포구,1156011000,여의도동,07,30,1,1235.0
20260112,여의도역,11,서울특별시,11110,종로구,1111018100,행촌동,11,서울특별시,11560,영등포구,1156011000,여의도동,07,45,2,1768.0
20260112,여의도역,11,서울특별시,11110,종로구,1111018100,행촌동,11,서울특별시,11560,영등포구,1156011000,여의도동,08,00,1,2036.0
20260112,여의도역,11,서울특별시,11110,종로구,1111018100,행촌동,11,서울특별시,11560,영등포구,1156011000,여의도동,08,30,1,1567.0
20260112,여의도역,11,서울특별시,11110,종로구,1111018100,행촌동,11,서울특별시,11560,영등포구,1156011000,여의도동,09,30,1,1434.0
20260112,여의도역,11,서울특별시,11110,종로구,1111018200,구기동,11,서울특별시,11560,영등포구,1156011000,여의도동,06,45,3,2271.0
20260112,여의도역,11,서울특별시,11110,종로구,1111018200,구기동,11,서울특별시,11560,영등포구,1156011000,여의도동,07,00,2,2853.0
20260112,여의도역,11,서울특별시,11110,종로구,1111018200,구기동,11,서울특별시,11560,영등포구,1156011000,여의도동,07,15,1,3171.0
20260112,여의도역,11,서울특별시,11110,종로구,1111018200,구기동,11,서울특별시,11560,영등포구,1156011000,여의도동,07,30,1,1468.0
20260112,여의도역,11,서울특별시,11110,종로구,1111018200,구기동,11,서울특별시,11560,영등포구,1156011000,여의도동,08,00,1,2309.0
20260112,여의도역,11,서울특별시,11110,종로구,1111018200,구기동,11,서울특별시,11560,영등포구,1156011000,여의도동,09,00,1,3152.0
20260112,여의도역,11,서울특별시,11110,종로구,1111018200,구기동,11,서울특별시,11560,영등포구,1156011000,여의도동,10,45,1,2644.0
20260112,여의도역,11,서울특별시,11110,종로구,1111018300,평창동,11,서울특별시,11560,영등포구,1156011000,여의도동,06,00,3,2460.0
20260112,여의도역,11,서울특별시,11110,종로구,1111018300,평창동,11,서울특별시,11560,영등포구,1156011000,여의도동,06,15,2,2170.0
20260112,여의도역,11,서울특별시,11110,종로구,1111018300,평창동,11,서울특별시,11560,영등포구,1156011000,여의도동,06,30,3,2773.0
20260112,여의도역,11,서울특별시,11110,종로구,1111018300,평창동,11,서울특별시,11560,영등포구,1156011000,여의도동,06,45,7,2808.0
20260112,여의도역,11,서울특별시,11110,종로구,1111018300,평창동,11,서울특별시,11560,영등포구,1156011000,여의도동,07,00,3,3643.0
20260112,여의도역,11,서울특별시,11110,종로구,1111018300,평창동,11,서울특별시,11560,영등포구,1156011000,여의도동,07,15,4,3427.0
20260112,여의도역,11,서울특별시,11110,종로구,1111018300,평창동,11,서울특별시,11560,영등포구,1156011000,여의도동,07,30,3,2900.0
20260112,여의도역,11,서울특별시,11110,종로구,1111018300,평창동,11,서울특별시,11560,영등포구,1156011000,여의도동,07,45,1,2944.0
20260112,여의도역,11,서울특별시,11110,종로구,1111018300,평창동,11,서울특별시,11560,영등포구,1156011000,여의도동,08,00,1,3843.0
20260112,여의도역,11,서울특별시,11110,종로구,1111018300,평창동,11,서울특별시,11560,영등포구,1156011000,여의도동,08,15,2,4023.0
20260112,여의도역,11,서울특별시,11110,종로구,1111018300,평창동,11,서울특별시,11560,영등포구,1156011000,여의도동,09,45,1,2125.0
20260112,여의도역,11,서울특별시,11110,종로구,1111018300,평창동,11,서울특별시,11560,영등포구,1156011000,여의도동,10,15,3,2674.0
20260112,여의도역,11,서울특별시,11110,종로구,1111018300,평창동,11,서울특별시,11560,영등포구,1156011000,여의도동,10,45,1,2712.0
20260112,여의도역,11,서울특별시,11110,종로구,1111018300,평창동,11,서울특별시,11560,영등포구,1156011000,여의도동,12,45,1,3594.0
20260112,여의도역,11,서울특별시,11110,종로구,1111018400,부암동,11,서울특별시,11560,영등포구,1156011000,여의도동,06,30,1,1903.0
20260112,여의도역,11,서울특별시,11110,종로구,1111018400,부암동,11,서울특별시,11560,영등포구,1156011000,여의도동,06,45,1,2916.0
20260112,여의도역,11,서울특별시,11110,종로구,1111018400,부암동,11,서울특별시,11560,영등포구,1156011000,여의도동,07,00,2,2596.0
20260112,여의도역,11,서울특별시,11110,종로구,1111018400,부암동,11,서울특별시,11560,영등포구,1156011000,여의도동,07,15,1,2135.0
20260112,여의도역,11,서울특별시,11110,종로구,1111018400,부암동,11,서울특별시,11560,영등포구,1156011000,여의도동,07,45,3,2418.0
20260112,여의도역,11,서울특별시,11110,종로구,1111018400,부암동,11,서울특별시,11560,영등포구,1156011000,여의도동,08,00,4,3878.0
20260112,여의도역,11,서울특별시,11110,종로구,1111018400,부암동,11,서울특별시,11560,영등포구,1156011000,여의도동,08,15,1,2591.0
20260112,여의도역,11,서울특별시,11110,종로구,1111018400,부암동,11,서울특별시,11560,영등포구,1156011000,여의도동,09,00,1,1990.0
20260112,여의도역,11,서울특별시,11110,종로구,1111018400,부암동,11,서울특별시,11560,영등포구,1156011000,여의도동,10,30,1,2165.0
20260112,여의도역,11,서울특별시,11110,종로구,1111018400,부암동,11,서울특별시,11560,영등포구,1156011000,여의도동,11,00,1,2322.0
20260112,여의도역,11,서울특별시,11110,종로구,1111018400,부암동,11,서울특별시,11560,영등포구,1156011000,여의도동,12,30,1,2361.0
20260112,여의도역,11,서울특별시,11110,종로구,1111018500,홍지동,11,서울특별시,11560,영등포구,1156011000,여의도동,07,00,1,2437.0
20260112,여의도역,11,서울특별시,11110,종로구,1111018500,홍지동,11,서울특별시,11560,영등포구,1156011000,여의도동,07,15,1,2791.0
20260112,여의도역,11,서울특별시,11110,종로구,1111018500,홍지동,11,서울특별시,11560,영등포구,1156011000,여의도동,07,45,1,2780.0
20260112,여의도역,11,서울특별시,11110,종로구,1111018500,홍지동,11,서울특별시,11560,영등포구,1156011000,여의도동,08,15,1,2147.0
20260112,여의도역,11,서울특별시,11110,종로구,1111018600,신영동,11,서울특별시,11560,영등포구,1156011000,여의도동,06,00,1,2062.0
20260112,여의도역,11,서울특별시,11110,종로구,1111018600,신영동,11,서울특별시,11560,영등포구,1156011000,여의도동,06,15,1,2815.0
20260112,여의도역,11,서울특별시,11110,종로구,1111018600,신영동,11,서울특별시,11560,영등포구,1156011000,여의도동,06,45,2,2333.0
20260112,여의도역,11,서울특별시,11110,종로구,1111018600,신영동,11,서울특별시,11560,영등포구,1156011000,여의도동,07,00,1,2476.0
20260112,여의도역,11,서울특별시,11110,종로구,1111018600,신영동,11,서울특별시,11560,영등포구,1156011000,여의도동,07,15,1,3818.0
20260112,여의도역,11,서울특별시,11110,종로구,1111018600,신영동,11,서울특별시,11560,영등포구,1156011000,여의도동,07,30,2,2850.0
20260112,여의도역,11,서울특별시,11110,종로구,1111018600,신영동,11,서울특별시,11560,영등포구,1156011000,여의도동,07,45,2,3051.0
20260112,여의도역,11,서울특별시,11110,종로구,1111018600,신영동,11,서울특별시,11560,영등포구,1156011000,여의도동,08,00,1,2255.0
20260112,여의도역,11,서울특별시,11110,종로구,1111018600,신영동,11,서울특별시,11560,영등포구,1156011000,여의도동,08,15,1,3807.0
20260112,여의도역,11,서울특별시,11110,종로구,1111018600,신영동,11,서울특별시,11560,영등포구,1156011000,여의도동,08,30,1,4365.0
20260112,여의도역,11,서울특별시,11110,종로구,1111018600,신영동,11,서울특별시,11560,영등포구,1156011000,여의도동,10,15,1,2346.0
20260112,여의도역,11,서울특별시,11110,종로구,1111018600,신영동,11,서울특별시,11560,영등포구,1156011000,여의도동,10,45,1,2150.0
20260112,여의도역,11,서울특별시,11110,종로구,1111018700,무악동,11,서울특별시,11560,영등포구,1156011000,여의도동,06,15,1,2325.0
20260112,여의도역,11,서울특별시,11110,종로구,1111018700,무악동,11,서울특별시,11560,영등포구,1156011000,여의도동,07,45,1,1993.0
20260112,여의도역,11,서울특별시,11110,종로구,1111018700,무악동,11,서울특별시,11560,영등포구,1156011000,여의도동,08,00,2,2022.0
20260112,여의도역,11,서울특별시,11110,종로구,1111018700,무악동,11,서울특별시,11560,영등포구,1156011000,여의도동,12,30,1,2683.0
20260112,여의도역,11,서울특별시,11140,중구,1114010400,을지로1가,11,서울특별시,11560,영등포구,1156011000,여의도동,07,45,2,1549.0
20260112,여의도역,11,서울특별시,11140,중구,1114010400,을지로1가,11,서울특별시,11560,영등포구,1156011000,여의도동,08,15,2,2235.0
20260112,여의도역,11,서울특별시,11140,중구,1114010400,을지로1가,11,서울특별시,11560,영등포구,1156011000,여의도동,08,30,2,2759.0
20260112,여의도역,11,서울특별시,11140,중구,1114010400,을지로1가,11,서울특별시,11560,영등포구,1156011000,여의도동,08,45,1,1172.0
20260112,여의도역,11,서울특별시,11140,중구,1114010400,을지로1가,11,서울특별시,11560,영등포구,1156011000,여의도동,09,00,4,1664.0
20260112,여의도역,11,서울특별시,11140,중구,1114010400,을지로1가,11,서울특별시,11560,영등포구,1156011000,여의도동,09,15,2,1437.0
20260112,여의도역,11,서울특별시,11140,중구,1114010400,을지로1가,11,서울특별시,11560,영등포구,1156011000,여의도동,09,30,3,1762.0
20260112,여의도역,11,서울특별시,11140,중구,1114010400,을지로1가,11,서울특별시,11560,영등포구,1156011000,여의도동,10,00,6,1833.0
20260112,여의도역,11,서울특별시,11140,중구,1114010400,을지로1가,11,서울특별시,11560,영등포구,1156011000,여의도동,10,15,5,1880.0
20260112,여의도역,11,서울특별시,11140,중구,1114010400,을지로1가,11,서울특별시,11560,영등포구,1156011000,여의도동,10,30,7,1523.0
20260112,여의도역,11,서울특별시,11140,중구,1114010400,을지로1가,11,서울특별시,11560,영등포구,1156011000,여의도동,10,45,11,1549.0
20260112,여의도역,11,서울특별시,11140,중구,1114010400,을지로1가,11,서울특별시,11560,영등포구,1156011000,여의도동,11,00,5,1452.0
20260112,여의도역,11,서울특별시,11140,중구,1114010400,을지로1가,11,서울특별시,11560,영등포구,1156011000,여의도동,11,15,3,1457.0
20260112,여의도역,11,서울특별시,11140,중구,1114010400,을지로1가,11,서울특별시,11560,영등포구,1156011000,여의도동,11,30,9,1609.0
20260112,여의도역,11,서울특별시,11140,중구,1114010400,을지로1가,11,서울특별시,11560,영등포구,1156011000,여의도동,11,45,7,1714.0
20260112,여의도역,11,서울특별시,11140,중구,1114010400,을지로1가,11,서울특별시,11560,영등포구,1156011000,여의도동,12,00,4,1665.0
20260112,여의도역,11,서울특별시,11140,중구,1114010400,을지로1가,11,서울특별시,11560,영등포구,1156011000,여의도동,12,15,4,1673.0
20260112,여의도역,11,서울특별시,11140,중구,1114010400,을지로1가,11,서울특별시,11560,영등포구,1156011000,여의도동,12,30,9,1735.0
20260112,여의도역,11,서울특별시,11140,중구,1114010400,을지로1가,11,서울특별시,11560,영등포구,1156011000,여의도동,12,45,20,1948.0
20260112,여의도역,11,서울특별시,11140,중구,1114010500,을지로2가,11,서울특별시,11560,영등포구,1156011000,여의도동,07,30,2,2374.0
20260112,여의도역,11,서울특별시,11140,중구,1114010500,을지로2가,11,서울특별시,11560,영등포구,1156011000,여의도동,09,45,1,2092.0
20260112,여의도역,11,서울특별시,11140,중구,1114010500,을지로2가,11,서울특별시,11560,영등포구,1156011000,여의도동,10,30,1,1222.0
20260112,여의도역,11,서울특별시,11140,중구,1114010500,을지로2가,11,서울특별시,11560,영등포구,1156011000,여의도동,12,00,1,2249.0
20260112,여의도역,11,서울특별시,11140,중구,1114010600,남대문로1가,11,서울특별시,11560,영등포구,1156011000,여의도동,09,00,1,1606.0
20260112,여의도역,11,서울특별시,11140,중구,1114010600,남대문로1가,11,서울특별시,11560,영등포구,1156011000,여의도동,09,15,1,1560.0
20260112,여의도역,11,서울특별시,11140,중구,1114010600,남대문로1가,11,서울특별시,11560,영등포구,1156011000,여의도동,10,00,1,1561.0
20260112,여의도역,11,서울특별시,11140,중구,1114010600,남대문로1가,11,서울특별시,11560,영등포구,1156011000,여의도동,10,15,1,1596.0
20260112,여의도역,11,서울특별시,11140,중구,1114010600,남대문로1가,11,서울특별시,11560,영등포구,1156011000,여의도동,10,45,1,1662.0
20260112,여의도역,11,서울특별시,11140,중구,1114010600,남대문로1가,11,서울특별시,11560,영등포구,1156011000,여의도동,12,45,3,1822.0
20260112,여의도역,11,서울특별시,11140,중구,1114011200,남창동,11,서울특별시,11560,영등포구,1156011000,여의도동,06,45,1,2366.0
20260112,여의도역,11,서울특별시,11140,중구,1114011200,남창동,11,서울특별시,11560,영등포구,1156011000,여의도동,07,00,1,2028.0
20260112,여의도역,11,서울특별시,11140,중구,1114011200,남창동,11,서울특별시,11560,영등포구,1156011000,여의도동,07,15,3,1563.0
20260112,여의도역,11,서울특별시,11140,중구,1114011200,남창동,11,서울특별시,11560,영등포구,1156011000,여의도동,07,45,2,1521.0
20260112,여의도역,11,서울특별시,11140,중구,1114011200,남창동,11,서울특별시,11560,영등포구,1156011000,여의도동,08,00,1,1803.0
20260112,여의도역,11,서울특별시,11140,중구,1114011200,남창동,11,서울특별시,11560,영등포구,1156011000,여의도동,08,15,2,1723.0
20260112,여의도역,11,서울특별시,11140,중구,1114011200,남창동,11,서울특별시,11560,영등포구,1156011000,여의도동,08,30,1,1620.0
20260112,여의도역,11,서울특별시,11140,중구,1114011200,남창동,11,서울특별시,11560,영등포구,1156011000,여의도동,09,00,1,1537.0
20260112,여의도역,11,서울특별시,11140,중구,1114011200,남창동,11,서울특별시,11560,영등포구,1156011000,여의도동,09,30,2,1476.0
20260112,여의도역,11,서울특별시,11140,중구,1114011200,남창동,11,서울특별시,11560,영등포구,1156011000,여의도동,09,45,1,2041.0
20260112,여의도역,11,서울특별시,11140,중구,1114011200,남창동,11,서울특별시,11560,영등포구,1156011000,여의도동,10,00,1,2141.0
20260112,여의도역,11,서울특별시,11140,중구,1114011200,남창동,11,서울특별시,11560,영등포구,1156011000,여의도동,10,30,4,2466.0
20260112,여의도역,11,서울특별시,11140,중구,1114011200,남창동,11,서울특별시,11560,영등포구,1156011000,여의도동,10,45,3,2358.0
20260112,여의도역,11,서울특별시,11140,중구,1114011200,남창동,11,서울특별시,11560,영등포구,1156011000,여의도동,11,00,2,1844.0
20260112,여의도역,11,서울특별시,11140,중구,1114011200,남창동,11,서울특별시,11560,영등포구,1156011000,여의도동,11,15,7,2070.0
20260112,여의도역,11,서울특별시,11140,중구,1114011200,남창동,11,서울특별시,11560,영등포구,1156011000,여의도동,11,30,3,1713.0
20260112,여의도역,11,서울특별시,11140,중구,1114011200,남창동,11,서울특별시,11560,영등포구,1156011000,여의도동,12,00,1,1330.0
20260112,여의도역,11,서울특별시,11140,중구,1114011200,남창동,11,서울특별시,11560,영등포구,1156011000,여의도동,12,15,1,1906.0
20260112,여의도역,11,서울특별시,11140,중구,1114011200,남창동,11,서울특별시,11560,영등포구,1156011000,여의도동,12,30,3,2434.0
20260112,여의도역,11,서울특별시,11140,중구,1114011200,남창동,11,서울특별시,11560,영등포구,1156011000,여의도동,12,45,1,2154.0
20260112,여의도역,11,서울특별시,11140,중구,1114011400,태평로2가,11,서울특별시,11560,영등포구,1156011000,여의도동,09,30,1,1186.0
20260112,여의도역,11,서울특별시,11140,중구,1114011400,태평로2가,11,서울특별시,11560,영등포구,1156011000,여의도동,10,15,1,1123.0
20260112,여의도역,11,서울특별시,11140,중구,1114011400,태평로2가,11,서울특별시,11560,영등포구,1156011000,여의도동,10,45,1,1282.0
20260112,여의도역,11,서울특별시,11140,중구,1114011400,태평로2가,11,서울특별시,11560,영등포구,1156011000,여의도동,11,15,5,1664.0
20260112,여의도역,11,서울특별시,11140,중구,1114011500,남대문로2가,11,서울특별시,11560,영등포구,1156011000,여의도동,10,00,1,1854.0
20260112,여의도역,11,서울특별시,11140,중구,1114011500,남대문로2가,11,서울특별시,11560,영등포구,1156011000,여의도동,10,15,3,1715.0
20260112,여의도역,11,서울특별시,11140,중구,1114011500,남대문로2가,11,서울특별시,11560,영등포구,1156011000,여의도동,10,30,2,1798.0
20260112,여의도역,11,서울특별시,11140,중구,1114011500,남대문로2가,11,서울특별시,11560,영등포구,1156011000,여의도동,11,00,3,1732.0
20260112,여의도역,11,서울특별시,11140,중구,1114011500,남대문로2가,11,서울특별시,11560,영등포구,1156011000,여의도동,11,15,6,1692.0
20260112,여의도역,11,서울특별시,11140,중구,1114011500,남대문로2가,11,서울특별시,11560,영등포구,1156011000,여의도동,11,45,3,1645.0
20260112,여의도역,11,서울특별시,11140,중구,1114011500,남대문로2가,11,서울특별시,11560,영등포구,1156011000,여의도동,12,00,2,1666.0
20260112,여의도역,11,서울특별시,11140,중구,1114011500,남대문로2가,11,서울특별시,11560,영등포구,1156011000,여의도동,12,45,4,1675.0
20260112,여의도역,11,서울특별시,11140,중구,1114011600,남대문로3가,11,서울특별시,11560,영등포구,1156011000,여의도동,07,15,2,1476.0
20260112,여의도역,11,서울특별시,11140,중구,1114011600,남대문로3가,11,서울특별시,11560,영등포구,1156011000,여의도동,07,30,1,1532.0
20260112,여의도역,11,서울특별시,11140,중구,1114011600,남대문로3가,11,서울특별시,11560,영등포구,1156011000,여의도동,09,45,1,1744.0
20260112,여의도역,11,서울특별시,11140,중구,1114011600,남대문로3가,11,서울특별시,11560,영등포구,1156011000,여의도동,10,15,2,1533.0
20260112,여의도역,11,서울특별시,11140,중구,1114011600,남대문로3가,11,서울특별시,11560,영등포구,1156011000,여의도동,10,30,1,1689.0
20260112,여의도역,11,서울특별시,11140,중구,1114011600,남대문로3가,11,서울특별시,11560,영등포구,1156011000,여의도동,10,45,1,1393.0
20260112,여의도역,11,서울특별시,11140,중구,1114011600,남대문로3가,11,서울특별시,11560,영등포구,1156011000,여의도동,11,15,2,1438.0
20260112,여의도역,11,서울특별시,11140,중구,1114011600,남대문로3가,11,서울특별시,11560,영등포구,1156011000,여의도동,11,30,1,1793.0
20260112,여의도역,11,서울특별시,11140,중구,1114011600,남대문로3가,11,서울특별시,11560,영등포구,1156011000,여의도동,12,00,4,1452.0
20260112,여의도역,11,서울특별시,11140,중구,1114011600,남대문로3가,11,서울특별시,11560,영등포구,1156011000,여의도동,12,15,3,1593.0
20260112,여의도역,11,서울특별시,11140,중구,1114011600,남대문로3가,11,서울특별시,11560,영등포구,1156011000,여의도동,12,30,1,1736.0
20260112,여의도역,11,서울특별시,11140,중구,1114011600,남대문로3가,11,서울특별시,11560,영등포구,1156011000,여의도동,12,45,3,1579.0
20260112,여의도역,11,서울특별시,11140,중구,1114011800,남대문로5가,11,서울특별시,11560,영등포구,1156011000,여의도동,06,30,1,1333.0
20260112,여의도역,11,서울특별시,11140,중구,1114011800,남대문로5가,11,서울특별시,11560,영등포구,1156011000,여의도동,08,45,1,1223.0
20260112,여의도역,11,서울특별시,11140,중구,1114011800,남대문로5가,11,서울특별시,11560,영등포구,1156011000,여의도동,10,30,1,1429.0
20260112,여의도역,11,서울특별시,11140,중구,1114011800,남대문로5가,11,서울특별시,11560,영등포구,1156011000,여의도동,11,00,3,1490.0
20260112,여의도역,11,서울특별시,11140,중구,1114011800,남대문로5가,11,서울특별시,11560,영등포구,1156011000,여의도동,11,15,1,1593.0
20260112,여의도역,11,서울특별시,11140,중구,1114011800,남대문로5가,11,서울특별시,11560,영등포구,1156011000,여의도동,12,15,2,1395.0
20260112,여의도역,11,서울특별시,11140,중구,1114011800,남대문로5가,11,서울특별시,11560,영등포구,1156011000,여의도동,12,30,2,1125.0
20260112,여의도역,11,서울특별시,11140,중구,1114011800,남대문로5가,11,서울특별시,11560,영등포구,1156011000,여의도동,12,45,4,1470.0
20260112,여의도역,11,서울특별시,11140,중구,1114011900,봉래동1가,11,서울특별시,11560,영등포구,1156011000,여의도동,07,15,1,1641.0
20260112,여의도역,11,서울특별시,11140,중구,1114011900,봉래동1가,11,서울특별시,11560,영등포구,1156011000,여의도동,09,15,2,1475.0
20260112,여의도역,11,서울특별시,11140,중구,1114011900,봉래동1가,11,서울특별시,11560,영등포구,1156011000,여의도동,11,15,1,1571.0
20260112,여의도역,11,서울특별시,11140,중구,1114011900,봉래동1가,11,서울특별시,11560,영등포구,1156011000,여의도동,11,30,1,1025.0
20260112,여의도역,11,서울특별시,11140,중구,1114011900,봉래동1가,11,서울특별시,11560,영등포구,1156011000,여의도동,11,45,1,1307.0
20260112,여의도역,11,서울특별시,11140,중구,1114011900,봉래동1가,11,서울특별시,11560,영등포구,1156011000,여의도동,12,15,1,1370.0
20260112,여의도역,11,서울특별시,11140,중구,1114012000,봉래동2가,11,서울특별시,11560,영등포구,1156011000,여의도동,06,00,1,957.0
20260112,여의도역,11,서울특별시,11140,중구,1114012000,봉래동2가,11,서울특별시,11560,영등포구,1156011000,여의도동,06,15,2,1155.0
20260112,여의도역,11,서울특별시,11140,중구,1114012000,봉래동2가,11,서울특별시,11560,영등포구,1156011000,여의도동,07,00,16,1528.0
20260112,여의도역,11,서울특별시,11140,중구,1114012000,봉래동2가,11,서울특별시,11560,영등포구,1156011000,여의도동,07,15,14,1514.0
20260112,여의도역,11,서울특별시,11140,중구,1114012000,봉래동2가,11,서울특별시,11560,영등포구,1156011000,여의도동,07,30,25,1403.0
20260112,여의도역,11,서울특별시,11140,중구,1114012000,봉래동2가,11,서울특별시,11560,영등포구,1156011000,여의도동,07,45,8,1488.0
20260112,여의도역,11,서울특별시,11140,중구,1114012000,봉래동2가,11,서울특별시,11560,영등포구,1156011000,여의도동,08,00,23,1486.0
20260112,여의도역,11,서울특별시,11140,중구,1114012000,봉래동2가,11,서울특별시,11560,영등포구,1156011000,여의도동,08,15,50,1389.0
20260112,여의도역,11,서울특별시,11140,중구,1114012000,봉래동2가,11,서울특별시,11560,영등포구,1156011000,여의도동,08,30,21,1351.0
20260112,여의도역,11,서울특별시,11140,중구,1114012000,봉래동2가,11,서울특별시,11560,영등포구,1156011000,여의도동,08,45,20,1398.0
20260112,여의도역,11,서울특별시,11140,중구,1114012000,봉래동2가,11,서울특별시,11560,영등포구,1156011000,여의도동,09,00,12,1416.0
20260112,여의도역,11,서울특별시,11140,중구,1114012000,봉래동2가,11,서울특별시,11560,영등포구,1156011000,여의도동,09,15,21,1467.0
20260112,여의도역,11,서울특별시,11140,중구,1114012000,봉래동2가,11,서울특별시,11560,영등포구,1156011000,여의도동,09,30,13,1488.0
20260112,여의도역,11,서울특별시,11140,중구,1114012000,봉래동2가,11,서울특별시,11560,영등포구,1156011000,여의도동,09,45,16,1410.0
20260112,여의도역,11,서울특별시,11140,중구,1114012000,봉래동2가,11,서울특별시,11560,영등포구,1156011000,여의도동,10,00,5,1577.0
20260112,여의도역,11,서울특별시,11140,중구,1114012000,봉래동2가,11,서울특별시,11560,영등포구,1156011000,여의도동,10,15,10,1282.0
20260112,여의도역,11,서울특별시,11140,중구,1114012000,봉래동2가,11,서울특별시,11560,영등포구,1156011000,여의도동,10,30,14,1695.0
20260112,여의도역,11,서울특별시,11140,중구,1114012000,봉래동2가,11,서울특별시,11560,영등포구,1156011000,여의도동,10,45,7,1373.0
20260112,여의도역,11,서울특별시,11140,중구,1114012000,봉래동2가,11,서울특별시,11560,영등포구,1156011000,여의도동,11,00,18,1466.0
20260112,여의도역,11,서울특별시,11140,중구,1114012000,봉래동2가,11,서울특별시,11560,영등포구,1156011000,여의도동,11,15,5,1353.0
20260112,여의도역,11,서울특별시,11140,중구,1114012000,봉래동2가,11,서울특별시,11560,영등포구,1156011000,여의도동,11,30,9,1201.0
20260112,여의도역,11,서울특별시,11140,중구,1114012000,봉래동2가,11,서울특별시,11560,영등포구,1156011000,여의도동,11,45,13,1947.0
20260112,여의도역,11,서울특별시,11140,중구,1114012000,봉래동2가,11,서울특별시,11560,영등포구,1156011000,여의도동,12,00,22,1687.0
20260112,여의도역,11,서울특별시,11140,중구,1114012000,봉래동2가,11,서울특별시,11560,영등포구,1156011000,여의도동,12,15,13,1760.0
20260112,여의도역,11,서울특별시,11140,중구,1114012000,봉래동2가,11,서울특별시,11560,영등포구,1156011000,여의도동,12,30,9,1589.0
20260112,여의도역,11,서울특별시,11140,중구,1114012000,봉래동2가,11,서울특별시,11560,영등포구,1156011000,여의도동,12,45,8,1224.0
20260112,여의도역,11,서울특별시,11140,중구,1114012200,회현동2가,11,서울특별시,11560,영등포구,1156011000,여의도동,06,45,1,1463.0
20260112,여의도역,11,서울특별시,11140,중구,1114012200,회현동2가,11,서울특별시,11560,영등포구,1156011000,여의도동,09,00,1,2030.0
20260112,여의도역,11,서울특별시,11140,중구,1114012200,회현동2가,11,서울특별시,11560,영등포구,1156011000,여의도동,10,00,1,1683.0
20260112,여의도역,11,서울특별시,11140,중구,1114012500,충무로2가,11,서울특별시,11560,영등포구,1156011000,여의도동,07,45,1,1514.0
20260112,여의도역,11,서울특별시,11140,중구,1114012500,충무로2가,11,서울특별시,11560,영등포구,1156011000,여의도동,08,00,2,2201.0
20260112,여의도역,11,서울특별시,11140,중구,1114012500,충무로2가,11,서울특별시,11560,영등포구,1156011000,여의도동,08,30,2,2505.0
20260112,여의도역,11,서울특별시,11140,중구,1114012500,충무로2가,11,서울특별시,11560,영등포구,1156011000,여의도동,09,15,1,1900.0
20260112,여의도역,11,서울특별시,11140,중구,1114012500,충무로2가,11,서울특별시,11560,영등포구,1156011000,여의도동,09,45,1,1990.0
20260112,여의도역,11,서울특별시,11140,중구,1114012500,충무로2가,11,서울특별시,11560,영등포구,1156011000,여의도동,10,00,3,1647.0
20260112,여의도역,11,서울특별시,11140,중구,1114012500,충무로2가,11,서울특별시,11560,영등포구,1156011000,여의도동,10,30,2,2095.0
20260112,여의도역,11,서울특별시,11140,중구,1114012500,충무로2가,11,서울특별시,11560,영등포구,1156011000,여의도동,10,45,2,4145.0
20260112,여의도역,11,서울특별시,11140,중구,1114012500,충무로2가,11,서울특별시,11560,영등포구,1156011000,여의도동,11,00,3,2490.0
20260112,여의도역,11,서울특별시,11140,중구,1114012500,충무로2가,11,서울특별시,11560,영등포구,1156011000,여의도동,11,30,1,1943.0
20260112,여의도역,11,서울특별시,11140,중구,1114012500,충무로2가,11,서울특별시,11560,영등포구,1156011000,여의도동,12,00,2,2866.0
20260112,여의도역,11,서울특별시,11140,중구,1114012500,충무로2가,11,서울특별시,11560,영등포구,1156011000,여의도동,12,15,4,2365.0
20260112,여의도역,11,서울특별시,11140,중구,1114012500,충무로2가,11,서울특별시,11560,영등포구,1156011000,여의도동,12,30,3,2332.0
20260112,여의도역,11,서울특별시,11140,중구,1114012500,충무로2가,11,서울특별시,11560,영등포구,1156011000,여의도동,12,45,6,2057.0
20260112,여의도역,11,서울특별시,11140,중구,1114013200,충무로4가,11,서울특별시,11560,영등포구,1156011000,여의도동,06,15,1,1692.0
20260112,여의도역,11,서울특별시,11140,중구,1114013200,충무로4가,11,서울특별시,11560,영등포구,1156011000,여의도동,07,00,1,1867.0
20260112,여의도역,11,서울특별시,11140,중구,1114013200,충무로4가,11,서울특별시,11560,영등포구,1156011000,여의도동,07,15,1,1931.0
20260112,여의도역,11,서울특별시,11140,중구,1114013200,충무로4가,11,서울특별시,11560,영등포구,1156011000,여의도동,07,30,1,2050.0
20260112,여의도역,11,서울특별시,11140,중구,1114013200,충무로4가,11,서울특별시,11560,영등포구,1156011000,여의도동,08,00,2,1991.0
20260112,여의도역,11,서울특별시,11140,중구,1114013200,충무로4가,11,서울특별시,11560,영등포구,1156011000,여의도동,09,30,1,2308.0
20260112,여의도역,11,서울특별시,11140,중구,1114013200,충무로4가,11,서울특별시,11560,영등포구,1156011000,여의도동,10,30,1,2498.0
20260112,여의도역,11,서울특별시,11140,중구,1114013300,충무로5가,11,서울특별시,11560,영등포구,1156011000,여의도동,07,30,2,2400.0
20260112,여의도역,11,서울특별시,11140,중구,1114013300,충무로5가,11,서울특별시,11560,영등포구,1156011000,여의도동,08,15,2,2148.0
20260112,여의도역,11,서울특별시,11140,중구,1114013300,충무로5가,11,서울특별시,11560,영등포구,1156011000,여의도동,09,15,1,2127.0
20260112,여의도역,11,서울특별시,11140,중구,1114013300,충무로5가,11,서울특별시,11560,영등포구,1156011000,여의도동,09,30,1,1899.0
20260112,여의도역,11,서울특별시,11140,중구,1114013700,필동1가,11,서울특별시,11560,영등포구,1156011000,여의도동,06,30,1,1460.0
20260112,여의도역,11,서울특별시,11140,중구,1114013700,필동1가,11,서울특별시,11560,영등포구,1156011000,여의도동,07,00,1,1757.0
20260112,여의도역,11,서울특별시,11140,중구,1114013700,필동1가,11,서울특별시,11560,영등포구,1156011000,여의도동,07,45,1,1811.0
20260112,여의도역,11,서울특별시,11140,중구,1114013700,필동1가,11,서울특별시,11560,영등포구,1156011000,여의도동,08,00,1,1618.0
20260112,여의도역,11,서울특별시,11140,중구,1114013700,필동1가,11,서울특별시,11560,영등포구,1156011000,여의도동,08,30,1,1908.0
20260112,여의도역,11,서울특별시,11140,중구,1114013700,필동1가,11,서울특별시,11560,영등포구,1156011000,여의도동,09,00,1,1746.0
20260112,여의도역,11,서울특별시,11140,중구,1114013700,필동1가,11,서울특별시,11560,영등포구,1156011000,여의도동,09,15,1,1684.0
20260112,여의도역,11,서울특별시,11140,중구,1114013700,필동1가,11,서울특별시,11560,영등포구,1156011000,여의도동,10,45,2,1680.0
20260112,여의도역,11,서울특별시,11140,중구,1114013700,필동1가,11,서울특별시,11560,영등포구,1156011000,여의도동,11,00,1,1725.0
20260112,여의도역,11,서울특별시,11140,중구,1114013700,필동1가,11,서울특별시,11560,영등포구,1156011000,여의도동,11,15,1,1970.0
20260112,여의도역,11,서울특별시,11140,중구,1114013700,필동1가,11,서울특별시,11560,영등포구,1156011000,여의도동,12,15,1,1798.0
20260112,여의도역,11,서울특별시,11140,중구,1114013700,필동1가,11,서울특별시,11560,영등포구,1156011000,여의도동,12,45,1,1723.0
20260112,여의도역,11,서울특별시,11140,중구,1114013800,필동2가,11,서울특별시,11560,영등포구,1156011000,여의도동,06,45,2,1637.0
20260112,여의도역,11,서울특별시,11140,중구,1114013800,필동2가,11,서울특별시,11560,영등포구,1156011000,여의도동,07,00,1,2049.0
20260112,여의도역,11,서울특별시,11140,중구,1114013800,필동2가,11,서울특별시,11560,영등포구,1156011000,여의도동,07,30,1,1860.0
20260112,여의도역,11,서울특별시,11140,중구,1114013800,필동2가,11,서울특별시,11560,영등포구,1156011000,여의도동,07,45,1,1585.0
20260112,여의도역,11,서울특별시,11140,중구,1114013800,필동2가,11,서울특별시,11560,영등포구,1156011000,여의도동,09,15,1,1733.0
20260112,여의도역,11,서울특별시,11140,중구,1114013800,필동2가,11,서울특별시,11560,영등포구,1156011000,여의도동,09,30,2,1815.0
20260112,여의도역,11,서울특별시,11140,중구,1114013800,필동2가,11,서울특별시,11560,영등포구,1156011000,여의도동,10,00,3,1917.0
20260112,여의도역,11,서울특별시,11140,중구,1114013800,필동2가,11,서울특별시,11560,영등포구,1156011000,여의도동,10,15,1,3216.0
20260112,여의도역,11,서울특별시,11140,중구,1114013800,필동2가,11,서울특별시,11560,영등포구,1156011000,여의도동,10,30,6,2176.0
20260112,여의도역,11,서울특별시,11140,중구,1114013800,필동2가,11,서울특별시,11560,영등포구,1156011000,여의도동,10,45,3,2587.0
20260112,여의도역,11,서울특별시,11140,중구,1114013800,필동2가,11,서울특별시,11560,영등포구,1156011000,여의도동,11,00,1,1825.0
20260112,여의도역,11,서울특별시,11140,중구,1114013800,필동2가,11,서울특별시,11560,영등포구,1156011000,여의도동,11,30,3,1807.0
20260112,여의도역,11,서울특별시,11140,중구,1114013800,필동2가,11,서울특별시,11560,영등포구,1156011000,여의도동,11,45,6,1881.0
20260112,여의도역,11,서울특별시,11140,중구,1114013800,필동2가,11,서울특별시,11560,영등포구,1156011000,여의도동,12,00,2,3616.0
20260112,여의도역,11,서울특별시,11140,중구,1114013800,필동2가,11,서울특별시,11560,영등포구,1156011000,여의도동,12,15,3,2201.0
20260112,여의도역,11,서울특별시,11140,중구,1114013800,필동2가,11,서울특별시,11560,영등포구,1156011000,여의도동,12,45,1,3048.0
20260112,여의도역,11,서울특별시,11140,중구,1114014200,예장동,11,서울특별시,11560,영등포구,1156011000,여의도동,12,00,1,1776.0
20260112,여의도역,11,서울특별시,11140,중구,1114014400,장충동2가,11,서울특별시,11560,영등포구,1156011000,여의도동,07,00,3,1989.0
20260112,여의도역,11,서울특별시,11140,중구,1114014400,장충동2가,11,서울특별시,11560,영등포구,1156011000,여의도동,07,15,1,1890.0
20260112,여의도역,11,서울특별시,11140,중구,1114014400,장충동2가,11,서울특별시,11560,영등포구,1156011000,여의도동,07,30,1,1840.0
20260112,여의도역,11,서울특별시,11140,중구,1114014400,장충동2가,11,서울특별시,11560,영등포구,1156011000,여의도동,07,45,2,2028.0
20260112,여의도역,11,서울특별시,11140,중구,1114014400,장충동2가,11,서울특별시,11560,영등포구,1156011000,여의도동,08,15,1,1650.0
20260112,여의도역,11,서울특별시,11140,중구,1114014400,장충동2가,11,서울특별시,11560,영등포구,1156011000,여의도동,09,15,1,1764.0
20260112,여의도역,11,서울특별시,11140,중구,1114014400,장충동2가,11,서울특별시,11560,영등포구,1156011000,여의도동,09,30,1,2207.0
20260112,여의도역,11,서울특별시,11140,중구,1114014400,장충동2가,11,서울특별시,11560,영등포구,1156011000,여의도동,10,30,2,1768.0
20260112,여의도역,11,서울특별시,11140,중구,1114014400,장충동2가,11,서울특별시,11560,영등포구,1156011000,여의도동,10,45,1,2302.0
20260112,여의도역,11,서울특별시,11140,중구,1114014400,장충동2가,11,서울특별시,11560,영등포구,1156011000,여의도동,11,00,1,2510.0
20260112,여의도역,11,서울특별시,11140,중구,1114014500,광희동1가,11,서울특별시,11560,영등포구,1156011000,여의도동,07,15,2,1589.0
20260112,여의도역,11,서울특별시,11140,중구,1114014500,광희동1가,11,서울특별시,11560,영등포구,1156011000,여의도동,07,30,2,1687.0
20260112,여의도역,11,서울특별시,11140,중구,1114014500,광희동1가,11,서울특별시,11560,영등포구,1156011000,여의도동,07,45,1,1756.0
20260112,여의도역,11,서울특별시,11140,중구,1114014500,광희동1가,11,서울특별시,11560,영등포구,1156011000,여의도동,08,00,2,1553.0
20260112,여의도역,11,서울특별시,11140,중구,1114014500,광희동1가,11,서울특별시,11560,영등포구,1156011000,여의도동,08,15,1,1370.0
20260112,여의도역,11,서울특별시,11140,중구,1114014500,광희동1가,11,서울특별시,11560,영등포구,1156011000,여의도동,08,30,1,1368.0
20260112,여의도역,11,서울특별시,11140,중구,1114014500,광희동1가,11,서울특별시,11560,영등포구,1156011000,여의도동,09,00,2,1477.0
20260112,여의도역,11,서울특별시,11140,중구,1114014500,광희동1가,11,서울특별시,11560,영등포구,1156011000,여의도동,09,15,1,1407.0
20260112,여의도역,11,서울특별시,11140,중구,1114014500,광희동1가,11,서울특별시,11560,영등포구,1156011000,여의도동,10,00,2,1504.0
20260112,여의도역,11,서울특별시,11140,중구,1114014500,광희동1가,11,서울특별시,11560,영등포구,1156011000,여의도동,10,45,3,1514.0
20260112,여의도역,11,서울특별시,11140,중구,1114014500,광희동1가,11,서울특별시,11560,영등포구,1156011000,여의도동,11,00,3,1760.0
20260112,여의도역,11,서울특별시,11140,중구,1114014500,광희동1가,11,서울특별시,11560,영등포구,1156011000,여의도동,11,30,4,1511.0
20260112,여의도역,11,서울특별시,11140,중구,1114014500,광희동1가,11,서울특별시,11560,영등포구,1156011000,여의도동,12,15,1,1732.0
20260112,여의도역,11,서울특별시,11140,중구,1114014500,광희동1가,11,서울특별시,11560,영등포구,1156011000,여의도동,12,30,1,1423.0
20260112,여의도역,11,서울특별시,11140,중구,1114014600,광희동2가,11,서울특별시,11560,영등포구,1156011000,여의도동,07,15,1,2011.0
20260112,여의도역,11,서울특별시,11140,중구,1114014600,광희동2가,11,서울특별시,11560,영등포구,1156011000,여의도동,09,45,1,2274.0
20260112,여의도역,11,서울특별시,11140,중구,1114014600,광희동2가,11,서울특별시,11560,영등포구,1156011000,여의도동,10,15,1,2521.0
20260112,여의도역,11,서울특별시,11140,중구,1114014700,쌍림동,11,서울특별시,11560,영등포구,1156011000,여의도동,09,30,1,2267.0
20260112,여의도역,11,서울특별시,11140,중구,1114014700,쌍림동,11,서울특별시,11560,영등포구,1156011000,여의도동,12,00,1,2343.0
20260112,여의도역,11,서울특별시,11140,중구,1114014800,을지로6가,11,서울특별시,11560,영등포구,1156011000,여의도동,06,30,1,1864.0
20260112,여의도역,11,서울특별시,11140,중구,1114014800,을지로6가,11,서울특별시,11560,영등포구,1156011000,여의도동,08,00,1,2296.0
20260112,여의도역,11,서울특별시,11140,중구,1114014800,을지로6가,11,서울특별시,11560,영등포구,1156011000,여의도동,12,45,1,1754.0
20260112,여의도역,11,서울특별시,11140,중구,1114014900,을지로7가,11,서울특별시,11560,영등포구,1156011000,여의도동,06,30,2,1623.0
20260112,여의도역,11,서울특별시,11140,중구,1114014900,을지로7가,11,서울특별시,11560,영등포구,1156011000,여의도동,07,00,4,1512.0
20260112,여의도역,11,서울특별시,11140,중구,1114014900,을지로7가,11,서울특별시,11560,영등포구,1156011000,여의도동,07,15,1,1565.0
20260112,여의도역,11,서울특별시,11140,중구,1114014900,을지로7가,11,서울특별시,11560,영등포구,1156011000,여의도동,07,30,2,1647.0
20260112,여의도역,11,서울특별시,11140,중구,1114014900,을지로7가,11,서울특별시,11560,영등포구,1156011000,여의도동,07,45,3,1489.0
20260112,여의도역,11,서울특별시,11140,중구,1114014900,을지로7가,11,서울특별시,11560,영등포구,1156011000,여의도동,08,00,3,1656.0
20260112,여의도역,11,서울특별시,11140,중구,1114014900,을지로7가,11,서울특별시,11560,영등포구,1156011000,여의도동,08,15,3,1755.0
20260112,여의도역,11,서울특별시,11140,중구,1114014900,을지로7가,11,서울특별시,11560,영등포구,1156011000,여의도동,08,30,3,2450.0
20260112,여의도역,11,서울특별시,11140,중구,1114014900,을지로7가,11,서울특별시,11560,영등포구,1156011000,여의도동,08,45,3,2328.0
20260112,여의도역,11,서울특별시,11140,중구,1114014900,을지로7가,11,서울특별시,11560,영등포구,1156011000,여의도동,09,00,1,1415.0
20260112,여의도역,11,서울특별시,11140,중구,1114014900,을지로7가,11,서울특별시,11560,영등포구,1156011000,여의도동,09,15,1,1763.0
20260112,여의도역,11,서울특별시,11140,중구,1114014900,을지로7가,11,서울특별시,11560,영등포구,1156011000,여의도동,09,30,3,2565.0
20260112,여의도역,11,서울특별시,11140,중구,1114014900,을지로7가,11,서울특별시,11560,영등포구,1156011000,여의도동,09,45,3,1740.0
20260112,여의도역,11,서울특별시,11140,중구,1114014900,을지로7가,11,서울특별시,11560,영등포구,1156011000,여의도동,10,00,4,1632.0
20260112,여의도역,11,서울특별시,11140,중구,1114014900,을지로7가,11,서울특별시,11560,영등포구,1156011000,여의도동,10,15,3,1639.0
20260112,여의도역,11,서울특별시,11140,중구,1114014900,을지로7가,11,서울특별시,11560,영등포구,1156011000,여의도동,10,30,3,1712.0
20260112,여의도역,11,서울특별시,11140,중구,1114014900,을지로7가,11,서울특별시,11560,영등포구,1156011000,여의도동,10,45,1,1510.0
20260112,여의도역,11,서울특별시,11140,중구,1114014900,을지로7가,11,서울특별시,11560,영등포구,1156011000,여의도동,11,15,3,1868.0
20260112,여의도역,11,서울특별시,11140,중구,1114014900,을지로7가,11,서울특별시,11560,영등포구,1156011000,여의도동,11,30,2,1942.0
20260112,여의도역,11,서울특별시,11140,중구,1114014900,을지로7가,11,서울특별시,11560,영등포구,1156011000,여의도동,12,00,3,1680.0
20260112,여의도역,11,서울특별시,11140,중구,1114014900,을지로7가,11,서울특별시,11560,영등포구,1156011000,여의도동,12,15,3,1806.0
20260112,여의도역,11,서울특별시,11140,중구,1114014900,을지로7가,11,서울특별시,11560,영등포구,1156011000,여의도동,12,30,4,2124.0
20260112,여의도역,11,서울특별시,11140,중구,1114014900,을지로7가,11,서울특별시,11560,영등포구,1156011000,여의도동,12,45,6,1705.0
20260112,여의도역,11,서울특별시,11140,중구,1114015000,을지로4가,11,서울특별시,11560,영등포구,1156011000,여의도동,06,30,1,1258.0
20260112,여의도역,11,서울특별시,11140,중구,1114015000,을지로4가,11,서울특별시,11560,영등포구,1156011000,여의도동,06,45,2,1378.0
20260112,여의도역,11,서울특별시,11140,중구,1114015000,을지로4가,11,서울특별시,11560,영등포구,1156011000,여의도동,07,00,2,1625.0
20260112,여의도역,11,서울특별시,11140,중구,1114015000,을지로4가,11,서울특별시,11560,영등포구,1156011000,여의도동,07,15,6,1517.0
20260112,여의도역,11,서울특별시,11140,중구,1114015000,을지로4가,11,서울특별시,11560,영등포구,1156011000,여의도동,07,30,3,1404.0
20260112,여의도역,11,서울특별시,11140,중구,1114015000,을지로4가,11,서울특별시,11560,영등포구,1156011000,여의도동,08,00,4,1588.0
20260112,여의도역,11,서울특별시,11140,중구,1114015000,을지로4가,11,서울특별시,11560,영등포구,1156011000,여의도동,08,15,4,1330.0
20260112,여의도역,11,서울특별시,11140,중구,1114015000,을지로4가,11,서울특별시,11560,영등포구,1156011000,여의도동,08,30,4,1294.0
20260112,여의도역,11,서울특별시,11140,중구,1114015000,을지로4가,11,서울특별시,11560,영등포구,1156011000,여의도동,08,45,2,1332.0
20260112,여의도역,11,서울특별시,11140,중구,1114015000,을지로4가,11,서울특별시,11560,영등포구,1156011000,여의도동,09,00,4,1498.0
20260112,여의도역,11,서울특별시,11140,중구,1114015000,을지로4가,11,서울특별시,11560,영등포구,1156011000,여의도동,09,45,2,1483.0
20260112,여의도역,11,서울특별시,11140,중구,1114015000,을지로4가,11,서울특별시,11560,영등포구,1156011000,여의도동,10,30,6,1617.0
20260112,여의도역,11,서울특별시,11140,중구,1114015000,을지로4가,11,서울특별시,11560,영등포구,1156011000,여의도동,11,00,1,1663.0
20260112,여의도역,11,서울특별시,11140,중구,1114015000,을지로4가,11,서울특별시,11560,영등포구,1156011000,여의도동,11,15,2,1999.0
20260112,여의도역,11,서울특별시,11140,중구,1114015000,을지로4가,11,서울특별시,11560,영등포구,1156011000,여의도동,11,45,3,1876.0
20260112,여의도역,11,서울특별시,11140,중구,1114015000,을지로4가,11,서울특별시,11560,영등포구,1156011000,여의도동,12,15,1,1988.0
20260112,여의도역,11,서울특별시,11140,중구,1114015000,을지로4가,11,서울특별시,11560,영등포구,1156011000,여의도동,12,30,2,1399.0
20260112,여의도역,11,서울특별시,11140,중구,1114015000,을지로4가,11,서울특별시,11560,영등포구,1156011000,여의도동,12,45,3,1442.0
20260112,여의도역,11,서울특별시,11140,중구,1114015200,주교동,11,서울특별시,11560,영등포구,1156011000,여의도동,06,00,1,1334.0
20260112,여의도역,11,서울특별시,11140,중구,1114015200,주교동,11,서울특별시,11560,영등포구,1156011000,여의도동,06,45,1,1292.0
20260112,여의도역,11,서울특별시,11140,중구,1114015200,주교동,11,서울특별시,11560,영등포구,1156011000,여의도동,07,00,2,1333.0
20260112,여의도역,11,서울특별시,11140,중구,1114015200,주교동,11,서울특별시,11560,영등포구,1156011000,여의도동,07,15,9,1408.0
20260112,여의도역,11,서울특별시,11140,중구,1114015200,주교동,11,서울특별시,11560,영등포구,1156011000,여의도동,07,30,5,1434.0
20260112,여의도역,11,서울특별시,11140,중구,1114015200,주교동,11,서울특별시,11560,영등포구,1156011000,여의도동,07,45,6,1530.0
20260112,여의도역,11,서울특별시,11140,중구,1114015200,주교동,11,서울특별시,11560,영등포구,1156011000,여의도동,08,00,12,1397.0
20260112,여의도역,11,서울특별시,11140,중구,1114015200,주교동,11,서울특별시,11560,영등포구,1156011000,여의도동,08,15,6,1474.0
20260112,여의도역,11,서울특별시,11140,중구,1114015200,주교동,11,서울특별시,11560,영등포구,1156011000,여의도동,08,30,4,1318.0
20260112,여의도역,11,서울특별시,11140,중구,1114015200,주교동,11,서울특별시,11560,영등포구,1156011000,여의도동,08,45,2,1258.0
20260112,여의도역,11,서울특별시,11140,중구,1114015200,주교동,11,서울특별시,11560,영등포구,1156011000,여의도동,09,00,1,1297.0
20260112,여의도역,11,서울특별시,11140,중구,1114015200,주교동,11,서울특별시,11560,영등포구,1156011000,여의도동,09,15,3,1362.0
20260112,여의도역,11,서울특별시,11140,중구,1114015200,주교동,11,서울특별시,11560,영등포구,1156011000,여의도동,09,30,1,1140.0
20260112,여의도역,11,서울특별시,11140,중구,1114015200,주교동,11,서울특별시,11560,영등포구,1156011000,여의도동,09,45,3,1517.0
20260112,여의도역,11,서울특별시,11140,중구,1114015200,주교동,11,서울특별시,11560,영등포구,1156011000,여의도동,10,00,1,1377.0
20260112,여의도역,11,서울특별시,11140,중구,1114015200,주교동,11,서울특별시,11560,영등포구,1156011000,여의도동,10,30,1,1507.0
20260112,여의도역,11,서울특별시,11140,중구,1114015200,주교동,11,서울특별시,11560,영등포구,1156011000,여의도동,10,45,4,1603.0
20260112,여의도역,11,서울특별시,11140,중구,1114015200,주교동,11,서울특별시,11560,영등포구,1156011000,여의도동,11,00,7,1537.0
20260112,여의도역,11,서울특별시,11140,중구,1114015200,주교동,11,서울특별시,11560,영등포구,1156011000,여의도동,11,15,1,2316.0
20260112,여의도역,11,서울특별시,11140,중구,1114015200,주교동,11,서울특별시,11560,영등포구,1156011000,여의도동,11,30,1,1458.0
20260112,여의도역,11,서울특별시,11140,중구,1114015200,주교동,11,서울특별시,11560,영등포구,1156011000,여의도동,11,45,2,1759.0
20260112,여의도역,11,서울특별시,11140,중구,1114015200,주교동,11,서울특별시,11560,영등포구,1156011000,여의도동,12,00,6,1542.0
20260112,여의도역,11,서울특별시,11140,중구,1114015200,주교동,11,서울특별시,11560,영등포구,1156011000,여의도동,12,15,3,1545.0
20260112,여의도역,11,서울특별시,11140,중구,1114015200,주교동,11,서울특별시,11560,영등포구,1156011000,여의도동,12,30,6,1286.0
20260112,여의도역,11,서울특별시,11140,중구,1114015200,주교동,11,서울특별시,11560,영등포구,1156011000,여의도동,12,45,6,1709.0
20260112,여의도역,11,서울특별시,11140,중구,1114015500,을지로3가,11,서울특별시,11560,영등포구,1156011000,여의도동,06,45,1,1535.0
20260112,여의도역,11,서울특별시,11140,중구,1114015500,을지로3가,11,서울특별시,11560,영등포구,1156011000,여의도동,07,00,1,1916.0
20260112,여의도역,11,서울특별시,11140,중구,1114015500,을지로3가,11,서울특별시,11560,영등포구,1156011000,여의도동,07,15,1,1621.0
20260112,여의도역,11,서울특별시,11140,중구,1114015500,을지로3가,11,서울특별시,11560,영등포구,1156011000,여의도동,07,30,1,1906.0
20260112,여의도역,11,서울특별시,11140,중구,1114015500,을지로3가,11,서울특별시,11560,영등포구,1156011000,여의도동,07,45,2,1880.0
20260112,여의도역,11,서울특별시,11140,중구,1114015500,을지로3가,11,서울특별시,11560,영등포구,1156011000,여의도동,08,00,2,1578.0
20260112,여의도역,11,서울특별시,11140,중구,1114015500,을지로3가,11,서울특별시,11560,영등포구,1156011000,여의도동,08,15,3,1609.0
20260112,여의도역,11,서울특별시,11140,중구,1114015500,을지로3가,11,서울특별시,11560,영등포구,1156011000,여의도동,08,30,1,1202.0
20260112,여의도역,11,서울특별시,11140,중구,1114015500,을지로3가,11,서울특별시,11560,영등포구,1156011000,여의도동,09,00,4,1465.0
20260112,여의도역,11,서울특별시,11140,중구,1114015500,을지로3가,11,서울특별시,11560,영등포구,1156011000,여의도동,09,15,4,2264.0
20260112,여의도역,11,서울특별시,11140,중구,1114015500,을지로3가,11,서울특별시,11560,영등포구,1156011000,여의도동,09,30,3,1699.0
20260112,여의도역,11,서울특별시,11140,중구,1114015500,을지로3가,11,서울특별시,11560,영등포구,1156011000,여의도동,09,45,5,1957.0
20260112,여의도역,11,서울특별시,11140,중구,1114015500,을지로3가,11,서울특별시,11560,영등포구,1156011000,여의도동,10,00,4,1819.0
20260112,여의도역,11,서울특별시,11140,중구,1114015500,을지로3가,11,서울특별시,11560,영등포구,1156011000,여의도동,10,30,4,1683.0
20260112,여의도역,11,서울특별시,11140,중구,1114015500,을지로3가,11,서울특별시,11560,영등포구,1156011000,여의도동,10,45,8,1870.0
20260112,여의도역,11,서울특별시,11140,중구,1114015500,을지로3가,11,서울특별시,11560,영등포구,1156011000,여의도동,11,00,5,1748.0
20260112,여의도역,11,서울특별시,11140,중구,1114015500,을지로3가,11,서울특별시,11560,영등포구,1156011000,여의도동,11,15,4,2351.0
20260112,여의도역,11,서울특별시,11140,중구,1114015500,을지로3가,11,서울특별시,11560,영등포구,1156011000,여의도동,11,30,5,1854.0
20260112,여의도역,11,서울특별시,11140,중구,1114015500,을지로3가,11,서울특별시,11560,영등포구,1156011000,여의도동,11,45,2,1599.0
20260112,여의도역,11,서울특별시,11140,중구,1114015500,을지로3가,11,서울특별시,11560,영등포구,1156011000,여의도동,12,00,4,1761.0
20260112,여의도역,11,서울특별시,11140,중구,1114015500,을지로3가,11,서울특별시,11560,영등포구,1156011000,여의도동,12,15,2,2052.0
20260112,여의도역,11,서울특별시,11140,중구,1114015500,을지로3가,11,서울특별시,11560,영등포구,1156011000,여의도동,12,30,4,2029.0
20260112,여의도역,11,서울특별시,11140,중구,1114015500,을지로3가,11,서울특별시,11560,영등포구,1156011000,여의도동,12,45,4,1710.0
20260112,여의도역,11,서울특별시,11140,중구,1114016000,인현동1가,11,서울특별시,11560,영등포구,1156011000,여의도동,09,15,1,1572.0
20260112,여의도역,11,서울특별시,11140,중구,1114016200,신당동,11,서울특별시,11560,영등포구,1156011000,여의도동,06,00,3,1905.0
20260112,여의도역,11,서울특별시,11140,중구,1114016200,신당동,11,서울특별시,11560,영등포구,1156011000,여의도동,06,15,5,1596.0
20260112,여의도역,11,서울특별시,11140,중구,1114016200,신당동,11,서울특별시,11560,영등포구,1156011000,여의도동,06,30,7,1837.0
20260112,여의도역,11,서울특별시,11140,중구,1114016200,신당동,11,서울특별시,11560,영등포구,1156011000,여의도동,06,45,7,1746.0
20260112,여의도역,11,서울특별시,11140,중구,1114016200,신당동,11,서울특별시,11560,영등포구,1156011000,여의도동,07,00,27,1716.0
20260112,여의도역,11,서울특별시,11140,중구,1114016200,신당동,11,서울특별시,11560,영등포구,1156011000,여의도동,07,15,31,1697.0
20260112,여의도역,11,서울특별시,11140,중구,1114016200,신당동,11,서울특별시,11560,영등포구,1156011000,여의도동,07,30,34,1719.0
20260112,여의도역,11,서울특별시,11140,중구,1114016200,신당동,11,서울특별시,11560,영등포구,1156011000,여의도동,07,45,37,1689.0
20260112,여의도역,11,서울특별시,11140,중구,1114016200,신당동,11,서울특별시,11560,영등포구,1156011000,여의도동,08,00,34,1754.0
20260112,여의도역,11,서울특별시,11140,중구,1114016200,신당동,11,서울특별시,11560,영등포구,1156011000,여의도동,08,15,24,1656.0
20260112,여의도역,11,서울특별시,11140,중구,1114016200,신당동,11,서울특별시,11560,영등포구,1156011000,여의도동,08,30,18,1597.0
20260112,여의도역,11,서울특별시,11140,중구,1114016200,신당동,11,서울특별시,11560,영등포구,1156011000,여의도동,08,45,15,1647.0
20260112,여의도역,11,서울특별시,11140,중구,1114016200,신당동,11,서울특별시,11560,영등포구,1156011000,여의도동,09,00,15,1531.0
20260112,여의도역,11,서울특별시,11140,중구,1114016200,신당동,11,서울특별시,11560,영등포구,1156011000,여의도동,09,15,8,2201.0
20260112,여의도역,11,서울특별시,11140,중구,1114016200,신당동,11,서울특별시,11560,영등포구,1156011000,여의도동,09,30,3,1821.0
20260112,여의도역,11,서울특별시,11140,중구,1114016200,신당동,11,서울특별시,11560,영등포구,1156011000,여의도동,09,45,2,1570.0
20260112,여의도역,11,서울특별시,11140,중구,1114016200,신당동,11,서울특별시,11560,영등포구,1156011000,여의도동,10,00,5,1880.0
20260112,여의도역,11,서울특별시,11140,중구,1114016200,신당동,11,서울특별시,11560,영등포구,1156011000,여의도동,10,15,7,1947.0
20260112,여의도역,11,서울특별시,11140,중구,1114016200,신당동,11,서울특별시,11560,영등포구,1156011000,여의도동,10,30,7,1781.0
20260112,여의도역,11,서울특별시,11140,중구,1114016200,신당동,11,서울특별시,11560,영등포구,1156011000,여의도동,10,45,5,1997.0
20260112,여의도역,11,서울특별시,11140,중구,1114016200,신당동,11,서울특별시,11560,영등포구,1156011000,여의도동,11,00,4,2280.0
20260112,여의도역,11,서울특별시,11140,중구,1114016200,신당동,11,서울특별시,11560,영등포구,1156011000,여의도동,11,15,2,1734.0
20260112,여의도역,11,서울특별시,11140,중구,1114016200,신당동,11,서울특별시,11560,영등포구,1156011000,여의도동,11,30,1,2414.0
20260112,여의도역,11,서울특별시,11140,중구,1114016200,신당동,11,서울특별시,11560,영등포구,1156011000,여의도동,11,45,4,1879.0
20260112,여의도역,11,서울특별시,11140,중구,1114016200,신당동,11,서울특별시,11560,영등포구,1156011000,여의도동,12,00,2,1725.0
20260112,여의도역,11,서울특별시,11140,중구,1114016200,신당동,11,서울특별시,11560,영등포구,1156011000,여의도동,12,15,5,1768.0
20260112,여의도역,11,서울특별시,11140,중구,1114016200,신당동,11,서울특별시,11560,영등포구,1156011000,여의도동,12,30,3,1690.0
20260112,여의도역,11,서울특별시,11140,중구,1114016200,신당동,11,서울특별시,11560,영등포구,1156011000,여의도동,12,45,5,2393.0
20260112,여의도역,11,서울특별시,11140,중구,1114016300,흥인동,11,서울특별시,11560,영등포구,1156011000,여의도동,06,30,2,1952.0
20260112,여의도역,11,서울특별시,11140,중구,1114016300,흥인동,11,서울특별시,11560,영등포구,1156011000,여의도동,06,45,1,1860.0
20260112,여의도역,11,서울특별시,11140,중구,1114016300,흥인동,11,서울특별시,11560,영등포구,1156011000,여의도동,07,00,5,1816.0
20260112,여의도역,11,서울특별시,11140,중구,1114016300,흥인동,11,서울특별시,11560,영등포구,1156011000,여의도동,07,15,2,1826.0
20260112,여의도역,11,서울특별시,11140,중구,1114016300,흥인동,11,서울특별시,11560,영등포구,1156011000,여의도동,07,30,1,1804.0
20260112,여의도역,11,서울특별시,11140,중구,1114016300,흥인동,11,서울특별시,11560,영등포구,1156011000,여의도동,07,45,1,1730.0
20260112,여의도역,11,서울특별시,11140,중구,1114016300,흥인동,11,서울특별시,11560,영등포구,1156011000,여의도동,08,00,5,1849.0
20260112,여의도역,11,서울특별시,11140,중구,1114016300,흥인동,11,서울특별시,11560,영등포구,1156011000,여의도동,08,15,8,1739.0
20260112,여의도역,11,서울특별시,11140,중구,1114016300,흥인동,11,서울특별시,11560,영등포구,1156011000,여의도동,08,30,1,1728.0
20260112,여의도역,11,서울특별시,11140,중구,1114016300,흥인동,11,서울특별시,11560,영등포구,1156011000,여의도동,08,45,1,1950.0
20260112,여의도역,11,서울특별시,11140,중구,1114016300,흥인동,11,서울특별시,11560,영등포구,1156011000,여의도동,11,45,1,1840.0
20260112,여의도역,11,서울특별시,11140,중구,1114016300,흥인동,11,서울특별시,11560,영등포구,1156011000,여의도동,12,00,1,2304.0
20260112,여의도역,11,서울특별시,11140,중구,1114016500,황학동,11,서울특별시,11560,영등포구,1156011000,여의도동,06,00,1,1991.0
20260112,여의도역,11,서울특별시,11140,중구,1114016500,황학동,11,서울특별시,11560,영등포구,1156011000,여의도동,06,15,2,1822.0
20260112,여의도역,11,서울특별시,11140,중구,1114016500,황학동,11,서울특별시,11560,영등포구,1156011000,여의도동,06,30,6,1781.0
20260112,여의도역,11,서울특별시,11140,중구,1114016500,황학동,11,서울특별시,11560,영등포구,1156011000,여의도동,06,45,13,2034.0
20260112,여의도역,11,서울특별시,11140,중구,1114016500,황학동,11,서울특별시,11560,영등포구,1156011000,여의도동,07,00,11,1906.0
20260112,여의도역,11,서울특별시,11140,중구,1114016500,황학동,11,서울특별시,11560,영등포구,1156011000,여의도동,07,15,11,1861.0
20260112,여의도역,11,서울특별시,11140,중구,1114016500,황학동,11,서울특별시,11560,영등포구,1156011000,여의도동,07,30,19,2163.0
20260112,여의도역,11,서울특별시,11140,중구,1114016500,황학동,11,서울특별시,11560,영등포구,1156011000,여의도동,07,45,20,1916.0
20260112,여의도역,11,서울특별시,11140,중구,1114016500,황학동,11,서울특별시,11560,영등포구,1156011000,여의도동,08,00,30,1826.0
20260112,여의도역,11,서울특별시,11140,중구,1114016500,황학동,11,서울특별시,11560,영등포구,1156011000,여의도동,08,15,16,1728.0
20260112,여의도역,11,서울특별시,11140,중구,1114016500,황학동,11,서울특별시,11560,영등포구,1156011000,여의도동,08,30,8,1741.0
20260112,여의도역,11,서울특별시,11140,중구,1114016500,황학동,11,서울특별시,11560,영등포구,1156011000,여의도동,08,45,11,1582.0
20260112,여의도역,11,서울특별시,11140,중구,1114016500,황학동,11,서울특별시,11560,영등포구,1156011000,여의도동,09,00,5,2521.0
20260112,여의도역,11,서울특별시,11140,중구,1114016500,황학동,11,서울특별시,11560,영등포구,1156011000,여의도동,09,15,5,1939.0
20260112,여의도역,11,서울특별시,11140,중구,1114016500,황학동,11,서울특별시,11560,영등포구,1156011000,여의도동,09,30,1,1676.0
20260112,여의도역,11,서울특별시,11140,중구,1114016500,황학동,11,서울특별시,11560,영등포구,1156011000,여의도동,09,45,1,1913.0
20260112,여의도역,11,서울특별시,11140,중구,1114016500,황학동,11,서울특별시,11560,영등포구,1156011000,여의도동,10,15,1,1695.0
20260112,여의도역,11,서울특별시,11140,중구,1114016500,황학동,11,서울특별시,11560,영등포구,1156011000,여의도동,10,30,1,1595.0
20260112,여의도역,11,서울특별시,11140,중구,1114016500,황학동,11,서울특별시,11560,영등포구,1156011000,여의도동,10,45,1,1845.0
20260112,여의도역,11,서울특별시,11140,중구,1114016500,황학동,11,서울특별시,11560,영등포구,1156011000,여의도동,12,00,1,1767.0
20260112,여의도역,11,서울특별시,11140,중구,1114016500,황학동,11,서울특별시,11560,영등포구,1156011000,여의도동,12,30,2,2417.0
20260112,여의도역,11,서울특별시,11140,중구,1114016600,서소문동,11,서울특별시,11560,영등포구,1156011000,여의도동,07,00,1,1224.0
20260112,여의도역,11,서울특별시,11140,중구,1114016600,서소문동,11,서울특별시,11560,영등포구,1156011000,여의도동,07,30,1,1372.0
20260112,여의도역,11,서울특별시,11140,중구,1114016600,서소문동,11,서울특별시,11560,영등포구,1156011000,여의도동,08,15,1,1326.0
20260112,여의도역,11,서울특별시,11140,중구,1114016600,서소문동,11,서울특별시,11560,영등포구,1156011000,여의도동,08,45,1,1150.0
20260112,여의도역,11,서울특별시,11140,중구,1114016600,서소문동,11,서울특별시,11560,영등포구,1156011000,여의도동,09,15,1,1361.0
20260112,여의도역,11,서울특별시,11140,중구,1114016600,서소문동,11,서울특별시,11560,영등포구,1156011000,여의도동,09,30,2,1515.0
20260112,여의도역,11,서울특별시,11140,중구,1114016600,서소문동,11,서울특별시,11560,영등포구,1156011000,여의도동,10,00,5,1354.0
20260112,여의도역,11,서울특별시,11140,중구,1114016600,서소문동,11,서울특별시,11560,영등포구,1156011000,여의도동,10,15,1,1610.0
20260112,여의도역,11,서울특별시,11140,중구,1114016600,서소문동,11,서울특별시,11560,영등포구,1156011000,여의도동,10,30,1,1667.0
20260112,여의도역,11,서울특별시,11140,중구,1114016600,서소문동,11,서울특별시,11560,영등포구,1156011000,여의도동,10,45,9,1528.0
20260112,여의도역,11,서울특별시,11140,중구,1114016600,서소문동,11,서울특별시,11560,영등포구,1156011000,여의도동,11,00,8,1524.0
20260112,여의도역,11,서울특별시,11140,중구,1114016600,서소문동,11,서울특별시,11560,영등포구,1156011000,여의도동,11,15,5,1604.0
20260112,여의도역,11,서울특별시,11140,중구,1114016600,서소문동,11,서울특별시,11560,영등포구,1156011000,여의도동,11,30,4,1448.0
20260112,여의도역,11,서울특별시,11140,중구,1114016600,서소문동,11,서울특별시,11560,영등포구,1156011000,여의도동,12,15,1,1667.0
20260112,여의도역,11,서울특별시,11140,중구,1114016600,서소문동,11,서울특별시,11560,영등포구,1156011000,여의도동,12,30,1,1478.0
20260112,여의도역,11,서울특별시,11140,중구,1114016600,서소문동,11,서울특별시,11560,영등포구,1156011000,여의도동,12,45,10,1931.0
20260112,여의도역,11,서울특별시,11140,중구,1114016700,정동,11,서울특별시,11560,영등포구,1156011000,여의도동,09,00,1,1710.0
20260112,여의도역,11,서울특별시,11140,중구,1114016700,정동,11,서울특별시,11560,영등포구,1156011000,여의도동,09,15,4,1567.0
20260112,여의도역,11,서울특별시,11140,중구,1114016700,정동,11,서울특별시,11560,영등포구,1156011000,여의도동,09,45,1,1257.0
20260112,여의도역,11,서울특별시,11140,중구,1114016700,정동,11,서울특별시,11560,영등포구,1156011000,여의도동,10,00,2,1767.0
20260112,여의도역,11,서울특별시,11140,중구,1114016700,정동,11,서울특별시,11560,영등포구,1156011000,여의도동,10,45,2,1970.0
20260112,여의도역,11,서울특별시,11140,중구,1114016700,정동,11,서울특별시,11560,영등포구,1156011000,여의도동,11,00,4,1671.0
20260112,여의도역,11,서울특별시,11140,중구,1114016700,정동,11,서울특별시,11560,영등포구,1156011000,여의도동,11,15,3,1464.0
20260112,여의도역,11,서울특별시,11140,중구,1114016700,정동,11,서울특별시,11560,영등포구,1156011000,여의도동,11,30,1,1454.0
20260112,여의도역,11,서울특별시,11140,중구,1114016700,정동,11,서울특별시,11560,영등포구,1156011000,여의도동,12,00,1,1820.0
20260112,여의도역,11,서울특별시,11140,중구,1114016700,정동,11,서울특별시,11560,영등포구,1156011000,여의도동,12,15,1,1884.0
20260112,여의도역,11,서울특별시,11140,중구,1114016700,정동,11,서울특별시,11560,영등포구,1156011000,여의도동,12,30,2,1468.0
20260112,여의도역,11,서울특별시,11140,중구,1114016700,정동,11,서울특별시,11560,영등포구,1156011000,여의도동,12,45,2,2068.0
20260112,여의도역,11,서울특별시,11140,중구,1114016900,의주로1가,11,서울특별시,11560,영등포구,1156011000,여의도동,07,00,1,1008.0
20260112,여의도역,11,서울특별시,11140,중구,1114016900,의주로1가,11,서울특별시,11560,영등포구,1156011000,여의도동,07,30,1,1307.0
20260112,여의도역,11,서울특별시,11140,중구,1114016900,의주로1가,11,서울특별시,11560,영등포구,1156011000,여의도동,08,00,1,926.0
20260112,여의도역,11,서울특별시,11140,중구,1114016900,의주로1가,11,서울특별시,11560,영등포구,1156011000,여의도동,08,15,2,1347.0
20260112,여의도역,11,서울특별시,11140,중구,1114016900,의주로1가,11,서울특별시,11560,영등포구,1156011000,여의도동,08,30,1,1109.0
20260112,여의도역,11,서울특별시,11140,중구,1114016900,의주로1가,11,서울특별시,11560,영등포구,1156011000,여의도동,09,30,1,1264.0
20260112,여의도역,11,서울특별시,11140,중구,1114016900,의주로1가,11,서울특별시,11560,영등포구,1156011000,여의도동,10,30,1,1259.0
20260112,여의도역,11,서울특별시,11140,중구,1114016900,의주로1가,11,서울특별시,11560,영등포구,1156011000,여의도동,12,30,3,955.0
20260112,여의도역,11,서울특별시,11140,중구,1114016900,의주로1가,11,서울특별시,11560,영등포구,1156011000,여의도동,12,45,1,1554.0
20260112,여의도역,11,서울특별시,11140,중구,1114017100,중림동,11,서울특별시,11560,영등포구,1156011000,여의도동,07,15,3,1084.0
20260112,여의도역,11,서울특별시,11140,중구,1114017100,중림동,11,서울특별시,11560,영등포구,1156011000,여의도동,07,30,1,1330.0
20260112,여의도역,11,서울특별시,11140,중구,1114017100,중림동,11,서울특별시,11560,영등포구,1156011000,여의도동,07,45,2,1063.0
20260112,여의도역,11,서울특별시,11140,중구,1114017100,중림동,11,서울특별시,11560,영등포구,1156011000,여의도동,08,00,2,1146.0
20260112,여의도역,11,서울특별시,11140,중구,1114017100,중림동,11,서울특별시,11560,영등포구,1156011000,여의도동,08,15,1,1143.0
20260112,여의도역,11,서울특별시,11140,중구,1114017100,중림동,11,서울특별시,11560,영등포구,1156011000,여의도동,08,45,1,1110.0
20260112,여의도역,11,서울특별시,11140,중구,1114017100,중림동,11,서울특별시,11560,영등포구,1156011000,여의도동,09,00,3,1005.0
20260112,여의도역,11,서울특별시,11140,중구,1114017100,중림동,11,서울특별시,11560,영등포구,1156011000,여의도동,09,30,1,838.0
20260112,여의도역,11,서울특별시,11140,중구,1114017100,중림동,11,서울특별시,11560,영등포구,1156011000,여의도동,10,15,1,938.0
20260112,여의도역,11,서울특별시,11140,중구,1114017100,중림동,11,서울특별시,11560,영등포구,1156011000,여의도동,12,30,4,1370.0
20260112,여의도역,11,서울특별시,11140,중구,1114017300,만리동1가,11,서울특별시,11560,영등포구,1156011000,여의도동,06,45,1,1003.0
20260112,여의도역,11,서울특별시,11140,중구,1114017300,만리동1가,11,서울특별시,11560,영등포구,1156011000,여의도동,07,15,7,983.0
20260112,여의도역,11,서울특별시,11140,중구,1114017300,만리동1가,11,서울특별시,11560,영등포구,1156011000,여의도동,07,30,7,1144.0
20260112,여의도역,11,서울특별시,11140,중구,1114017300,만리동1가,11,서울특별시,11560,영등포구,1156011000,여의도동,07,45,4,1182.0
20260112,여의도역,11,서울특별시,11140,중구,1114017300,만리동1가,11,서울특별시,11560,영등포구,1156011000,여의도동,08,00,9,1050.0
20260112,여의도역,11,서울특별시,11140,중구,1114017300,만리동1가,11,서울특별시,11560,영등포구,1156011000,여의도동,08,15,12,1058.0
20260112,여의도역,11,서울특별시,11140,중구,1114017300,만리동1가,11,서울특별시,11560,영등포구,1156011000,여의도동,08,30,10,1113.0
20260112,여의도역,11,서울특별시,11140,중구,1114017300,만리동1가,11,서울특별시,11560,영등포구,1156011000,여의도동,08,45,5,848.0
20260112,여의도역,11,서울특별시,11140,중구,1114017300,만리동1가,11,서울특별시,11560,영등포구,1156011000,여의도동,09,00,10,1098.0
20260112,여의도역,11,서울특별시,11140,중구,1114017300,만리동1가,11,서울특별시,11560,영등포구,1156011000,여의도동,09,15,2,1073.0
20260112,여의도역,11,서울특별시,11140,중구,1114017300,만리동1가,11,서울특별시,11560,영등포구,1156011000,여의도동,09,30,9,845.0
20260112,여의도역,11,서울특별시,11140,중구,1114017300,만리동1가,11,서울특별시,11560,영등포구,1156011000,여의도동,09,45,3,964.0
20260112,여의도역,11,서울특별시,11140,중구,1114017300,만리동1가,11,서울특별시,11560,영등포구,1156011000,여의도동,10,00,1,993.0
20260112,여의도역,11,서울특별시,11140,중구,1114017300,만리동1가,11,서울특별시,11560,영등포구,1156011000,여의도동,10,15,1,1289.0
20260112,여의도역,11,서울특별시,11140,중구,1114017300,만리동1가,11,서울특별시,11560,영등포구,1156011000,여의도동,10,30,3,819.0
20260112,여의도역,11,서울특별시,11140,중구,1114017300,만리동1가,11,서울특별시,11560,영등포구,1156011000,여의도동,11,00,1,1079.0
20260112,여의도역,11,서울특별시,11140,중구,1114017300,만리동1가,11,서울특별시,11560,영등포구,1156011000,여의도동,11,45,2,1072.0
20260112,여의도역,11,서울특별시,11140,중구,1114017300,만리동1가,11,서울특별시,11560,영등포구,1156011000,여의도동,12,15,3,1091.0
20260112,여의도역,11,서울특별시,11140,중구,1114017300,만리동1가,11,서울특별시,11560,영등포구,1156011000,여의도동,12,30,2,803.0
20260112,여의도역,11,서울특별시,11140,중구,1114017300,만리동1가,11,서울특별시,11560,영등포구,1156011000,여의도동,12,45,2,912.0
20260112,여의도역,11,서울특별시,11140,중구,1114017400,만리동2가,11,서울특별시,11560,영등포구,1156011000,여의도동,06,00,2,705.0
20260112,여의도역,11,서울특별시,11140,중구,1114017400,만리동2가,11,서울특별시,11560,영등포구,1156011000,여의도동,06,15,1,609.0
20260112,여의도역,11,서울특별시,11140,중구,1114017400,만리동2가,11,서울특별시,11560,영등포구,1156011000,여의도동,06,45,4,820.0
20260112,여의도역,11,서울특별시,11140,중구,1114017400,만리동2가,11,서울특별시,11560,영등포구,1156011000,여의도동,07,00,1,910.0
20260112,여의도역,11,서울특별시,11140,중구,1114017400,만리동2가,11,서울특별시,11560,영등포구,1156011000,여의도동,07,15,4,945.0
20260112,여의도역,11,서울특별시,11140,중구,1114017400,만리동2가,11,서울특별시,11560,영등포구,1156011000,여의도동,07,30,13,1166.0
20260112,여의도역,11,서울특별시,11140,중구,1114017400,만리동2가,11,서울특별시,11560,영등포구,1156011000,여의도동,07,45,9,1212.0
20260112,여의도역,11,서울특별시,11140,중구,1114017400,만리동2가,11,서울특별시,11560,영등포구,1156011000,여의도동,08,00,18,963.0
20260112,여의도역,11,서울특별시,11140,중구,1114017400,만리동2가,11,서울특별시,11560,영등포구,1156011000,여의도동,08,15,17,937.0
20260112,여의도역,11,서울특별시,11140,중구,1114017400,만리동2가,11,서울특별시,11560,영등포구,1156011000,여의도동,08,30,7,802.0
20260112,여의도역,11,서울특별시,11140,중구,1114017400,만리동2가,11,서울특별시,11560,영등포구,1156011000,여의도동,08,45,6,948.0
20260112,여의도역,11,서울특별시,11140,중구,1114017400,만리동2가,11,서울특별시,11560,영등포구,1156011000,여의도동,09,00,8,914.0
20260112,여의도역,11,서울특별시,11140,중구,1114017400,만리동2가,11,서울특별시,11560,영등포구,1156011000,여의도동,09,15,7,845.0
20260112,여의도역,11,서울특별시,11140,중구,1114017400,만리동2가,11,서울특별시,11560,영등포구,1156011000,여의도동,09,30,4,789.0
20260112,여의도역,11,서울특별시,11140,중구,1114017400,만리동2가,11,서울특별시,11560,영등포구,1156011000,여의도동,09,45,2,748.0
20260112,여의도역,11,서울특별시,11140,중구,1114017400,만리동2가,11,서울특별시,11560,영등포구,1156011000,여의도동,10,00,4,857.0
20260112,여의도역,11,서울특별시,11140,중구,1114017400,만리동2가,11,서울특별시,11560,영등포구,1156011000,여의도동,11,00,1,1018.0
20260112,여의도역,11,서울특별시,11140,중구,1114017400,만리동2가,11,서울특별시,11560,영등포구,1156011000,여의도동,12,15,5,1146.0
20260112,여의도역,11,서울특별시,11140,중구,1114017400,만리동2가,11,서울특별시,11560,영등포구,1156011000,여의도동,12,45,4,1241.0
20260112,여의도역,11,서울특별시,11170,용산구,1117010100,후암동,11,서울특별시,11560,영등포구,1156011000,여의도동,06,00,1,968.0
20260112,여의도역,11,서울특별시,11170,용산구,1117010100,후암동,11,서울특별시,11560,영등포구,1156011000,여의도동,06,15,1,1254.0
20260112,여의도역,11,서울특별시,11170,용산구,1117010100,후암동,11,서울특별시,11560,영등포구,1156011000,여의도동,06,30,1,1394.0
20260112,여의도역,11,서울특별시,11170,용산구,1117010100,후암동,11,서울특별시,11560,영등포구,1156011000,여의도동,07,00,4,1433.0
20260112,여의도역,11,서울특별시,11170,용산구,1117010100,후암동,11,서울특별시,11560,영등포구,1156011000,여의도동,07,15,4,1370.0
20260112,여의도역,11,서울특별시,11170,용산구,1117010100,후암동,11,서울특별시,11560,영등포구,1156011000,여의도동,07,30,2,1450.0
20260112,여의도역,11,서울특별시,11170,용산구,1117010100,후암동,11,서울특별시,11560,영등포구,1156011000,여의도동,07,45,5,1522.0
20260112,여의도역,11,서울특별시,11170,용산구,1117010100,후암동,11,서울특별시,11560,영등포구,1156011000,여의도동,08,00,5,1378.0
20260112,여의도역,11,서울특별시,11170,용산구,1117010100,후암동,11,서울특별시,11560,영등포구,1156011000,여의도동,08,30,2,1442.0
20260112,여의도역,11,서울특별시,11170,용산구,1117010100,후암동,11,서울특별시,11560,영등포구,1156011000,여의도동,08,45,3,1315.0
20260112,여의도역,11,서울특별시,11170,용산구,1117010100,후암동,11,서울특별시,11560,영등포구,1156011000,여의도동,09,00,3,1349.0
20260112,여의도역,11,서울특별시,11170,용산구,1117010100,후암동,11,서울특별시,11560,영등포구,1156011000,여의도동,09,15,2,1575.0
20260112,여의도역,11,서울특별시,11170,용산구,1117010100,후암동,11,서울특별시,11560,영등포구,1156011000,여의도동,09,30,2,1674.0
20260112,여의도역,11,서울특별시,11170,용산구,1117010100,후암동,11,서울특별시,11560,영등포구,1156011000,여의도동,10,00,1,1832.0
20260112,여의도역,11,서울특별시,11170,용산구,1117010100,후암동,11,서울특별시,11560,영등포구,1156011000,여의도동,10,30,1,1317.0
20260112,여의도역,11,서울특별시,11170,용산구,1117010100,후암동,11,서울특별시,11560,영등포구,1156011000,여의도동,12,00,1,1394.0
20260112,여의도역,11,서울특별시,11170,용산구,1117010100,후암동,11,서울특별시,11560,영등포구,1156011000,여의도동,12,15,3,1327.0
20260112,여의도역,11,서울특별시,11170,용산구,1117010200,용산동2가,11,서울특별시,11560,영등포구,1156011000,여의도동,06,00,1,1066.0
20260112,여의도역,11,서울특별시,11170,용산구,1117010200,용산동2가,11,서울특별시,11560,영등포구,1156011000,여의도동,06,45,2,1293.0
20260112,여의도역,11,서울특별시,11170,용산구,1117010200,용산동2가,11,서울특별시,11560,영등포구,1156011000,여의도동,07,00,2,1435.0
20260112,여의도역,11,서울특별시,11170,용산구,1117010200,용산동2가,11,서울특별시,11560,영등포구,1156011000,여의도동,07,15,2,1894.0
20260112,여의도역,11,서울특별시,11170,용산구,1117010200,용산동2가,11,서울특별시,11560,영등포구,1156011000,여의도동,07,45,1,1096.0
20260112,여의도역,11,서울특별시,11170,용산구,1117010200,용산동2가,11,서울특별시,11560,영등포구,1156011000,여의도동,08,00,6,1618.0
20260112,여의도역,11,서울특별시,11170,용산구,1117010200,용산동2가,11,서울특별시,11560,영등포구,1156011000,여의도동,08,15,2,1610.0
20260112,여의도역,11,서울특별시,11170,용산구,1117010200,용산동2가,11,서울특별시,11560,영등포구,1156011000,여의도동,08,30,4,1361.0
20260112,여의도역,11,서울특별시,11170,용산구,1117010200,용산동2가,11,서울특별시,11560,영등포구,1156011000,여의도동,08,45,3,1404.0
20260112,여의도역,11,서울특별시,11170,용산구,1117010200,용산동2가,11,서울특별시,11560,영등포구,1156011000,여의도동,09,00,4,1502.0
20260112,여의도역,11,서울특별시,11170,용산구,1117010200,용산동2가,11,서울특별시,11560,영등포구,1156011000,여의도동,09,30,3,1653.0
20260112,여의도역,11,서울특별시,11170,용산구,1117010200,용산동2가,11,서울특별시,11560,영등포구,1156011000,여의도동,09,45,1,910.0
20260112,여의도역,11,서울특별시,11170,용산구,1117010200,용산동2가,11,서울특별시,11560,영등포구,1156011000,여의도동,10,15,2,1666.0
20260112,여의도역,11,서울특별시,11170,용산구,1117010200,용산동2가,11,서울특별시,11560,영등포구,1156011000,여의도동,11,45,1,1430.0
20260112,여의도역,11,서울특별시,11170,용산구,1117010200,용산동2가,11,서울특별시,11560,영등포구,1156011000,여의도동,12,15,2,1309.0
20260112,여의도역,11,서울특별시,11170,용산구,1117010300,용산동4가,11,서울특별시,11560,영등포구,1156011000,여의도동,07,00,2,1609.0
20260112,여의도역,11,서울특별시,11170,용산구,1117010300,용산동4가,11,서울특별시,11560,영등포구,1156011000,여의도동,07,15,1,903.0
20260112,여의도역,11,서울특별시,11170,용산구,1117010300,용산동4가,11,서울특별시,11560,영등포구,1156011000,여의도동,07,30,1,1129.0
20260112,여의도역,11,서울특별시,11170,용산구,1117010300,용산동4가,11,서울특별시,11560,영등포구,1156011000,여의도동,08,00,5,1050.0
20260112,여의도역,11,서울특별시,11170,용산구,1117010300,용산동4가,11,서울특별시,11560,영등포구,1156011000,여의도동,08,30,1,1087.0
20260112,여의도역,11,서울특별시,11170,용산구,1117010300,용산동4가,11,서울특별시,11560,영등포구,1156011000,여의도동,08,45,2,1015.0
20260112,여의도역,11,서울특별시,11170,용산구,1117010300,용산동4가,11,서울특별시,11560,영등포구,1156011000,여의도동,09,15,1,1513.0
20260112,여의도역,11,서울특별시,11170,용산구,1117010300,용산동4가,11,서울특별시,11560,영등포구,1156011000,여의도동,09,30,1,1355.0
20260112,여의도역,11,서울특별시,11170,용산구,1117010300,용산동4가,11,서울특별시,11560,영등포구,1156011000,여의도동,09,45,2,895.0
20260112,여의도역,11,서울특별시,11170,용산구,1117010300,용산동4가,11,서울특별시,11560,영등포구,1156011000,여의도동,10,00,3,1331.0
20260112,여의도역,11,서울특별시,11170,용산구,1117010300,용산동4가,11,서울특별시,11560,영등포구,1156011000,여의도동,10,15,1,1201.0
20260112,여의도역,11,서울특별시,11170,용산구,1117010300,용산동4가,11,서울특별시,11560,영등포구,1156011000,여의도동,10,30,1,1392.0
20260112,여의도역,11,서울특별시,11170,용산구,1117010300,용산동4가,11,서울특별시,11560,영등포구,1156011000,여의도동,10,45,1,1308.0
20260112,여의도역,11,서울특별시,11170,용산구,1117010300,용산동4가,11,서울특별시,11560,영등포구,1156011000,여의도동,11,15,1,1388.0
20260112,여의도역,11,서울특별시,11170,용산구,1117010300,용산동4가,11,서울특별시,11560,영등포구,1156011000,여의도동,11,45,2,1775.0
20260112,여의도역,11,서울특별시,11170,용산구,1117010300,용산동4가,11,서울특별시,11560,영등포구,1156011000,여의도동,12,00,1,1349.0
20260112,여의도역,11,서울특별시,11170,용산구,1117010400,갈월동,11,서울특별시,11560,영등포구,1156011000,여의도동,06,00,4,1079.0
20260112,여의도역,11,서울특별시,11170,용산구,1117010400,갈월동,11,서울특별시,11560,영등포구,1156011000,여의도동,06,15,2,1096.0
20260112,여의도역,11,서울특별시,11170,용산구,1117010400,갈월동,11,서울특별시,11560,영등포구,1156011000,여의도동,06,30,2,1339.0
20260112,여의도역,11,서울특별시,11170,용산구,1117010400,갈월동,11,서울특별시,11560,영등포구,1156011000,여의도동,06,45,1,681.0
20260112,여의도역,11,서울특별시,11170,용산구,1117010400,갈월동,11,서울특별시,11560,영등포구,1156011000,여의도동,07,00,4,684.0
20260112,여의도역,11,서울특별시,11170,용산구,1117010400,갈월동,11,서울특별시,11560,영등포구,1156011000,여의도동,07,15,4,1117.0
20260112,여의도역,11,서울특별시,11170,용산구,1117010400,갈월동,11,서울특별시,11560,영등포구,1156011000,여의도동,07,30,6,958.0
20260112,여의도역,11,서울특별시,11170,용산구,1117010400,갈월동,11,서울특별시,11560,영등포구,1156011000,여의도동,07,45,2,639.0
20260112,여의도역,11,서울특별시,11170,용산구,1117010400,갈월동,11,서울특별시,11560,영등포구,1156011000,여의도동,08,00,7,1184.0
20260112,여의도역,11,서울특별시,11170,용산구,1117010400,갈월동,11,서울특별시,11560,영등포구,1156011000,여의도동,08,15,9,1177.0
20260112,여의도역,11,서울특별시,11170,용산구,1117010400,갈월동,11,서울특별시,11560,영등포구,1156011000,여의도동,08,30,4,1098.0
20260112,여의도역,11,서울특별시,11170,용산구,1117010400,갈월동,11,서울특별시,11560,영등포구,1156011000,여의도동,08,45,3,1030.0
20260112,여의도역,11,서울특별시,11170,용산구,1117010400,갈월동,11,서울특별시,11560,영등포구,1156011000,여의도동,09,00,3,931.0
20260112,여의도역,11,서울특별시,11170,용산구,1117010400,갈월동,11,서울특별시,11560,영등포구,1156011000,여의도동,09,15,2,1078.0
20260112,여의도역,11,서울특별시,11170,용산구,1117010400,갈월동,11,서울특별시,11560,영등포구,1156011000,여의도동,09,45,2,1255.0
20260112,여의도역,11,서울특별시,11170,용산구,1117010400,갈월동,11,서울특별시,11560,영등포구,1156011000,여의도동,10,00,1,878.0
20260112,여의도역,11,서울특별시,11170,용산구,1117010400,갈월동,11,서울특별시,11560,영등포구,1156011000,여의도동,10,15,1,1212.0
20260112,여의도역,11,서울특별시,11170,용산구,1117010400,갈월동,11,서울특별시,11560,영등포구,1156011000,여의도동,10,45,1,1543.0
20260112,여의도역,11,서울특별시,11170,용산구,1117010400,갈월동,11,서울특별시,11560,영등포구,1156011000,여의도동,11,00,2,756.0
20260112,여의도역,11,서울특별시,11170,용산구,1117010400,갈월동,11,서울특별시,11560,영등포구,1156011000,여의도동,11,15,1,1264.0
20260112,여의도역,11,서울특별시,11170,용산구,1117010400,갈월동,11,서울특별시,11560,영등포구,1156011000,여의도동,11,45,1,668.0
20260112,여의도역,11,서울특별시,11170,용산구,1117010400,갈월동,11,서울특별시,11560,영등포구,1156011000,여의도동,12,00,2,1532.0
20260112,여의도역,11,서울특별시,11170,용산구,1117010400,갈월동,11,서울특별시,11560,영등포구,1156011000,여의도동,12,15,2,1469.0
20260112,여의도역,11,서울특별시,11170,용산구,1117010400,갈월동,11,서울특별시,11560,영등포구,1156011000,여의도동,12,30,1,1059.0
20260112,여의도역,11,서울특별시,11170,용산구,1117010400,갈월동,11,서울특별시,11560,영등포구,1156011000,여의도동,12,45,3,1598.0
20260112,여의도역,11,서울특별시,11170,용산구,1117010600,용산동1가,11,서울특별시,11560,영등포구,1156011000,여의도동,08,15,2,1508.0
20260112,여의도역,11,서울특별시,11170,용산구,1117010700,동자동,11,서울특별시,11560,영등포구,1156011000,여의도동,06,00,2,1266.0
20260112,여의도역,11,서울특별시,11170,용산구,1117010700,동자동,11,서울특별시,11560,영등포구,1156011000,여의도동,06,15,2,1686.0
20260112,여의도역,11,서울특별시,11170,용산구,1117010700,동자동,11,서울특별시,11560,영등포구,1156011000,여의도동,06,30,2,1520.0
20260112,여의도역,11,서울특별시,11170,용산구,1117010700,동자동,11,서울특별시,11560,영등포구,1156011000,여의도동,06,45,2,1569.0
20260112,여의도역,11,서울특별시,11170,용산구,1117010700,동자동,11,서울특별시,11560,영등포구,1156011000,여의도동,07,00,6,1323.0
20260112,여의도역,11,서울특별시,11170,용산구,1117010700,동자동,11,서울특별시,11560,영등포구,1156011000,여의도동,07,15,12,1385.0
20260112,여의도역,11,서울특별시,11170,용산구,1117010700,동자동,11,서울특별시,11560,영등포구,1156011000,여의도동,07,30,10,1155.0
20260112,여의도역,11,서울특별시,11170,용산구,1117010700,동자동,11,서울특별시,11560,영등포구,1156011000,여의도동,07,45,10,1206.0
20260112,여의도역,11,서울특별시,11170,용산구,1117010700,동자동,11,서울특별시,11560,영등포구,1156011000,여의도동,08,00,15,1406.0
20260112,여의도역,11,서울특별시,11170,용산구,1117010700,동자동,11,서울특별시,11560,영등포구,1156011000,여의도동,08,15,19,1218.0
20260112,여의도역,11,서울특별시,11170,용산구,1117010700,동자동,11,서울특별시,11560,영등포구,1156011000,여의도동,08,30,11,1152.0
20260112,여의도역,11,서울특별시,11170,용산구,1117010700,동자동,11,서울특별시,11560,영등포구,1156011000,여의도동,08,45,5,1353.0
20260112,여의도역,11,서울특별시,11170,용산구,1117010700,동자동,11,서울특별시,11560,영등포구,1156011000,여의도동,09,00,4,1265.0
20260112,여의도역,11,서울특별시,11170,용산구,1117010700,동자동,11,서울특별시,11560,영등포구,1156011000,여의도동,09,15,2,1413.0
20260112,여의도역,11,서울특별시,11170,용산구,1117010700,동자동,11,서울특별시,11560,영등포구,1156011000,여의도동,09,30,4,958.0
20260112,여의도역,11,서울특별시,11170,용산구,1117010700,동자동,11,서울특별시,11560,영등포구,1156011000,여의도동,09,45,1,1398.0
20260112,여의도역,11,서울특별시,11170,용산구,1117010700,동자동,11,서울특별시,11560,영등포구,1156011000,여의도동,10,00,3,1112.0
20260112,여의도역,11,서울특별시,11170,용산구,1117010700,동자동,11,서울특별시,11560,영등포구,1156011000,여의도동,10,30,1,1141.0
20260112,여의도역,11,서울특별시,11170,용산구,1117010700,동자동,11,서울특별시,11560,영등포구,1156011000,여의도동,10,45,3,1439.0
20260112,여의도역,11,서울특별시,11170,용산구,1117010700,동자동,11,서울특별시,11560,영등포구,1156011000,여의도동,11,00,1,1074.0
20260112,여의도역,11,서울특별시,11170,용산구,1117010700,동자동,11,서울특별시,11560,영등포구,1156011000,여의도동,11,30,1,1516.0
20260112,여의도역,11,서울특별시,11170,용산구,1117010700,동자동,11,서울특별시,11560,영등포구,1156011000,여의도동,11,45,3,2394.0
20260112,여의도역,11,서울특별시,11170,용산구,1117010700,동자동,11,서울특별시,11560,영등포구,1156011000,여의도동,12,00,4,1460.0
20260112,여의도역,11,서울특별시,11170,용산구,1117010700,동자동,11,서울특별시,11560,영등포구,1156011000,여의도동,12,15,2,1479.0
20260112,여의도역,11,서울특별시,11170,용산구,1117010700,동자동,11,서울특별시,11560,영등포구,1156011000,여의도동,12,45,2,1001.0
20260112,여의도역,11,서울특별시,11170,용산구,1117010800,서계동,11,서울특별시,11560,영등포구,1156011000,여의도동,07,15,6,1180.0
20260112,여의도역,11,서울특별시,11170,용산구,1117010800,서계동,11,서울특별시,11560,영등포구,1156011000,여의도동,07,30,1,1601.0
20260112,여의도역,11,서울특별시,11170,용산구,1117010800,서계동,11,서울특별시,11560,영등포구,1156011000,여의도동,08,00,1,1573.0
20260112,여의도역,11,서울특별시,11170,용산구,1117010800,서계동,11,서울특별시,11560,영등포구,1156011000,여의도동,08,15,2,1513.0
20260112,여의도역,11,서울특별시,11170,용산구,1117010800,서계동,11,서울특별시,11560,영등포구,1156011000,여의도동,08,30,2,1609.0
20260112,여의도역,11,서울특별시,11170,용산구,1117010800,서계동,11,서울특별시,11560,영등포구,1156011000,여의도동,09,45,1,1150.0
20260112,여의도역,11,서울특별시,11170,용산구,1117010800,서계동,11,서울특별시,11560,영등포구,1156011000,여의도동,10,00,4,1242.0
20260112,여의도역,11,서울특별시,11170,용산구,1117010800,서계동,11,서울특별시,11560,영등포구,1156011000,여의도동,10,45,3,1152.0
20260112,여의도역,11,서울특별시,11170,용산구,1117010800,서계동,11,서울특별시,11560,영등포구,1156011000,여의도동,11,45,3,1200.0
20260112,여의도역,11,서울특별시,11170,용산구,1117010800,서계동,11,서울특별시,11560,영등포구,1156011000,여의도동,12,00,1,1129.0
20260112,여의도역,11,서울특별시,11170,용산구,1117010900,청파동1가,11,서울특별시,11560,영등포구,1156011000,여의도동,06,30,1,662.0
20260112,여의도역,11,서울특별시,11170,용산구,1117010900,청파동1가,11,서울특별시,11560,영등포구,1156011000,여의도동,06,45,1,496.0
20260112,여의도역,11,서울특별시,11170,용산구,1117010900,청파동1가,11,서울특별시,11560,영등포구,1156011000,여의도동,07,00,1,1113.0
20260112,여의도역,11,서울특별시,11170,용산구,1117010900,청파동1가,11,서울특별시,11560,영등포구,1156011000,여의도동,07,15,2,1609.0
20260112,여의도역,11,서울특별시,11170,용산구,1117010900,청파동1가,11,서울특별시,11560,영등포구,1156011000,여의도동,07,30,2,1378.0
20260112,여의도역,11,서울특별시,11170,용산구,1117010900,청파동1가,11,서울특별시,11560,영등포구,1156011000,여의도동,07,45,5,1323.0
20260112,여의도역,11,서울특별시,11170,용산구,1117010900,청파동1가,11,서울특별시,11560,영등포구,1156011000,여의도동,08,15,2,1883.0
20260112,여의도역,11,서울특별시,11170,용산구,1117010900,청파동1가,11,서울특별시,11560,영등포구,1156011000,여의도동,08,30,1,1306.0
20260112,여의도역,11,서울특별시,11170,용산구,1117010900,청파동1가,11,서울특별시,11560,영등포구,1156011000,여의도동,08,45,1,1321.0
20260112,여의도역,11,서울특별시,11170,용산구,1117010900,청파동1가,11,서울특별시,11560,영등포구,1156011000,여의도동,09,00,1,1323.0
20260112,여의도역,11,서울특별시,11170,용산구,1117010900,청파동1가,11,서울특별시,11560,영등포구,1156011000,여의도동,10,45,1,1177.0
20260112,여의도역,11,서울특별시,11170,용산구,1117011000,청파동2가,11,서울특별시,11560,영등포구,1156011000,여의도동,07,00,1,1220.0
20260112,여의도역,11,서울특별시,11170,용산구,1117011000,청파동2가,11,서울특별시,11560,영등포구,1156011000,여의도동,07,15,2,1249.0
20260112,여의도역,11,서울특별시,11170,용산구,1117011000,청파동2가,11,서울특별시,11560,영등포구,1156011000,여의도동,07,30,3,1573.0
20260112,여의도역,11,서울특별시,11170,용산구,1117011000,청파동2가,11,서울특별시,11560,영등포구,1156011000,여의도동,08,15,4,1329.0
20260112,여의도역,11,서울특별시,11170,용산구,1117011000,청파동2가,11,서울특별시,11560,영등포구,1156011000,여의도동,08,30,2,1325.0
20260112,여의도역,11,서울특별시,11170,용산구,1117011000,청파동2가,11,서울특별시,11560,영등포구,1156011000,여의도동,08,45,1,876.0
20260112,여의도역,11,서울특별시,11170,용산구,1117011000,청파동2가,11,서울특별시,11560,영등포구,1156011000,여의도동,09,00,1,1832.0
20260112,여의도역,11,서울특별시,11170,용산구,1117011000,청파동2가,11,서울특별시,11560,영등포구,1156011000,여의도동,09,15,1,1267.0
20260112,여의도역,11,서울특별시,11170,용산구,1117011000,청파동2가,11,서울특별시,11560,영등포구,1156011000,여의도동,10,15,2,1164.0
20260112,여의도역,11,서울특별시,11170,용산구,1117011000,청파동2가,11,서울특별시,11560,영등포구,1156011000,여의도동,10,30,2,1258.0
20260112,여의도역,11,서울특별시,11170,용산구,1117011000,청파동2가,11,서울특별시,11560,영등포구,1156011000,여의도동,10,45,1,1015.0
20260112,여의도역,11,서울특별시,11170,용산구,1117011000,청파동2가,11,서울특별시,11560,영등포구,1156011000,여의도동,11,00,1,819.0
20260112,여의도역,11,서울특별시,11170,용산구,1117011000,청파동2가,11,서울특별시,11560,영등포구,1156011000,여의도동,12,45,2,1287.0
20260112,여의도역,11,서울특별시,11170,용산구,1117011100,청파동3가,11,서울특별시,11560,영등포구,1156011000,여의도동,07,15,1,651.0
20260112,여의도역,11,서울특별시,11170,용산구,1117011100,청파동3가,11,서울특별시,11560,영등포구,1156011000,여의도동,08,00,2,773.0
20260112,여의도역,11,서울특별시,11170,용산구,1117011100,청파동3가,11,서울특별시,11560,영등포구,1156011000,여의도동,08,30,3,965.0
20260112,여의도역,11,서울특별시,11170,용산구,1117011100,청파동3가,11,서울특별시,11560,영등포구,1156011000,여의도동,09,00,1,1423.0
20260112,여의도역,11,서울특별시,11170,용산구,1117011100,청파동3가,11,서울특별시,11560,영등포구,1156011000,여의도동,10,15,1,731.0
20260112,여의도역,11,서울특별시,11170,용산구,1117011100,청파동3가,11,서울특별시,11560,영등포구,1156011000,여의도동,10,30,1,736.0
20260112,여의도역,11,서울특별시,11170,용산구,1117011100,청파동3가,11,서울특별시,11560,영등포구,1156011000,여의도동,11,15,1,679.0
20260112,여의도역,11,서울특별시,11170,용산구,1117011100,청파동3가,11,서울특별시,11560,영등포구,1156011000,여의도동,11,30,1,687.0
20260112,여의도역,11,서울특별시,11170,용산구,1117011200,원효로1가,11,서울특별시,11560,영등포구,1156011000,여의도동,06,00,1,445.0
20260112,여의도역,11,서울특별시,11170,용산구,1117011200,원효로1가,11,서울특별시,11560,영등포구,1156011000,여의도동,06,15,4,767.0
20260112,여의도역,11,서울특별시,11170,용산구,1117011200,원효로1가,11,서울특별시,11560,영등포구,1156011000,여의도동,06,30,1,897.0
20260112,여의도역,11,서울특별시,11170,용산구,1117011200,원효로1가,11,서울특별시,11560,영등포구,1156011000,여의도동,06,45,5,881.0
20260112,여의도역,11,서울특별시,11170,용산구,1117011200,원효로1가,11,서울특별시,11560,영등포구,1156011000,여의도동,07,00,18,734.0
20260112,여의도역,11,서울특별시,11170,용산구,1117011200,원효로1가,11,서울특별시,11560,영등포구,1156011000,여의도동,07,15,15,903.0
20260112,여의도역,11,서울특별시,11170,용산구,1117011200,원효로1가,11,서울특별시,11560,영등포구,1156011000,여의도동,07,30,35,901.0
20260112,여의도역,11,서울특별시,11170,용산구,1117011200,원효로1가,11,서울특별시,11560,영등포구,1156011000,여의도동,07,45,25,953.0
20260112,여의도역,11,서울특별시,11170,용산구,1117011200,원효로1가,11,서울특별시,11560,영등포구,1156011000,여의도동,08,00,14,900.0
20260112,여의도역,11,서울특별시,11170,용산구,1117011200,원효로1가,11,서울특별시,11560,영등포구,1156011000,여의도동,08,15,39,862.0
20260112,여의도역,11,서울특별시,11170,용산구,1117011200,원효로1가,11,서울특별시,11560,영등포구,1156011000,여의도동,08,30,39,974.0
20260112,여의도역,11,서울특별시,11170,용산구,1117011200,원효로1가,11,서울특별시,11560,영등포구,1156011000,여의도동,08,45,17,780.0
20260112,여의도역,11,서울특별시,11170,용산구,1117011200,원효로1가,11,서울특별시,11560,영등포구,1156011000,여의도동,09,00,14,854.0
20260112,여의도역,11,서울특별시,11170,용산구,1117011200,원효로1가,11,서울특별시,11560,영등포구,1156011000,여의도동,09,15,20,930.0
20260112,여의도역,11,서울특별시,11170,용산구,1117011200,원효로1가,11,서울특별시,11560,영등포구,1156011000,여의도동,09,30,4,739.0
20260112,여의도역,11,서울특별시,11170,용산구,1117011200,원효로1가,11,서울특별시,11560,영등포구,1156011000,여의도동,09,45,6,718.0
20260112,여의도역,11,서울특별시,11170,용산구,1117011200,원효로1가,11,서울특별시,11560,영등포구,1156011000,여의도동,10,00,5,887.0
20260112,여의도역,11,서울특별시,11170,용산구,1117011200,원효로1가,11,서울특별시,11560,영등포구,1156011000,여의도동,10,15,5,1205.0
20260112,여의도역,11,서울특별시,11170,용산구,1117011200,원효로1가,11,서울특별시,11560,영등포구,1156011000,여의도동,10,30,2,551.0
20260112,여의도역,11,서울특별시,11170,용산구,1117011200,원효로1가,11,서울특별시,11560,영등포구,1156011000,여의도동,10,45,2,974.0
20260112,여의도역,11,서울특별시,11170,용산구,1117011200,원효로1가,11,서울특별시,11560,영등포구,1156011000,여의도동,11,00,2,586.0
20260112,여의도역,11,서울특별시,11170,용산구,1117011200,원효로1가,11,서울특별시,11560,영등포구,1156011000,여의도동,11,15,4,935.0
20260112,여의도역,11,서울특별시,11170,용산구,1117011200,원효로1가,11,서울특별시,11560,영등포구,1156011000,여의도동,11,30,1,1185.0
20260112,여의도역,11,서울특별시,11170,용산구,1117011200,원효로1가,11,서울특별시,11560,영등포구,1156011000,여의도동,11,45,2,755.0
20260112,여의도역,11,서울특별시,11170,용산구,1117011200,원효로1가,11,서울특별시,11560,영등포구,1156011000,여의도동,12,00,3,735.0
20260112,여의도역,11,서울특별시,11170,용산구,1117011200,원효로1가,11,서울특별시,11560,영등포구,1156011000,여의도동,12,15,3,864.0
20260112,여의도역,11,서울특별시,11170,용산구,1117011200,원효로1가,11,서울특별시,11560,영등포구,1156011000,여의도동,12,30,2,756.0
20260112,여의도역,11,서울특별시,11170,용산구,1117011200,원효로1가,11,서울특별시,11560,영등포구,1156011000,여의도동,12,45,1,348.0
20260112,여의도역,11,서울특별시,11170,용산구,1117011300,원효로2가,11,서울특별시,11560,영등포구,1156011000,여의도동,06,30,6,619.0
20260112,여의도역,11,서울특별시,11170,용산구,1117011300,원효로2가,11,서울특별시,11560,영등포구,1156011000,여의도동,06,45,4,491.0
20260112,여의도역,11,서울특별시,11170,용산구,1117011300,원효로2가,11,서울특별시,11560,영등포구,1156011000,여의도동,07,00,3,465.0
20260112,여의도역,11,서울특별시,11170,용산구,1117011300,원효로2가,11,서울특별시,11560,영등포구,1156011000,여의도동,07,15,6,606.0
20260112,여의도역,11,서울특별시,11170,용산구,1117011300,원효로2가,11,서울특별시,11560,영등포구,1156011000,여의도동,07,30,4,799.0
20260112,여의도역,11,서울특별시,11170,용산구,1117011300,원효로2가,11,서울특별시,11560,영등포구,1156011000,여의도동,07,45,19,718.0
20260112,여의도역,11,서울특별시,11170,용산구,1117011300,원효로2가,11,서울특별시,11560,영등포구,1156011000,여의도동,08,00,7,419.0
20260112,여의도역,11,서울특별시,11170,용산구,1117011300,원효로2가,11,서울특별시,11560,영등포구,1156011000,여의도동,08,15,24,587.0
20260112,여의도역,11,서울특별시,11170,용산구,1117011300,원효로2가,11,서울특별시,11560,영등포구,1156011000,여의도동,08,30,14,663.0
20260112,여의도역,11,서울특별시,11170,용산구,1117011300,원효로2가,11,서울특별시,11560,영등포구,1156011000,여의도동,08,45,6,695.0
20260112,여의도역,11,서울특별시,11170,용산구,1117011300,원효로2가,11,서울특별시,11560,영등포구,1156011000,여의도동,09,00,8,554.0
20260112,여의도역,11,서울특별시,11170,용산구,1117011300,원효로2가,11,서울특별시,11560,영등포구,1156011000,여의도동,09,15,2,601.0
20260112,여의도역,11,서울특별시,11170,용산구,1117011300,원효로2가,11,서울특별시,11560,영등포구,1156011000,여의도동,09,45,3,412.0
20260112,여의도역,11,서울특별시,11170,용산구,1117011300,원효로2가,11,서울특별시,11560,영등포구,1156011000,여의도동,10,00,3,749.0
20260112,여의도역,11,서울특별시,11170,용산구,1117011300,원효로2가,11,서울특별시,11560,영등포구,1156011000,여의도동,11,15,1,1025.0
20260112,여의도역,11,서울특별시,11170,용산구,1117011300,원효로2가,11,서울특별시,11560,영등포구,1156011000,여의도동,11,30,1,243.0
20260112,여의도역,11,서울특별시,11170,용산구,1117011300,원효로2가,11,서울특별시,11560,영등포구,1156011000,여의도동,11,45,1,322.0
20260112,여의도역,11,서울특별시,11170,용산구,1117011300,원효로2가,11,서울특별시,11560,영등포구,1156011000,여의도동,12,15,1,569.0
20260112,여의도역,11,서울특별시,11170,용산구,1117011300,원효로2가,11,서울특별시,11560,영등포구,1156011000,여의도동,12,45,1,457.0
20260112,여의도역,11,서울특별시,11170,용산구,1117011400,신창동,11,서울특별시,11560,영등포구,1156011000,여의도동,07,15,1,556.0
20260112,여의도역,11,서울특별시,11170,용산구,1117011500,산천동,11,서울특별시,11560,영등포구,1156011000,여의도동,06,15,1,604.0
20260112,여의도역,11,서울특별시,11170,용산구,1117011500,산천동,11,서울특별시,11560,영등포구,1156011000,여의도동,07,00,1,448.0
20260112,여의도역,11,서울특별시,11170,용산구,1117011500,산천동,11,서울특별시,11560,영등포구,1156011000,여의도동,07,15,2,618.0
20260112,여의도역,11,서울특별시,11170,용산구,1117011500,산천동,11,서울특별시,11560,영등포구,1156011000,여의도동,07,30,1,684.0
20260112,여의도역,11,서울특별시,11170,용산구,1117011500,산천동,11,서울특별시,11560,영등포구,1156011000,여의도동,07,45,2,650.0
20260112,여의도역,11,서울특별시,11170,용산구,1117011500,산천동,11,서울특별시,11560,영등포구,1156011000,여의도동,08,00,1,1129.0
20260112,여의도역,11,서울특별시,11170,용산구,1117011500,산천동,11,서울특별시,11560,영등포구,1156011000,여의도동,08,15,3,832.0
20260112,여의도역,11,서울특별시,11170,용산구,1117011500,산천동,11,서울특별시,11560,영등포구,1156011000,여의도동,08,30,1,563.0
20260112,여의도역,11,서울특별시,11170,용산구,1117011500,산천동,11,서울특별시,11560,영등포구,1156011000,여의도동,10,15,1,1661.0
20260112,여의도역,11,서울특별시,11170,용산구,1117011500,산천동,11,서울특별시,11560,영등포구,1156011000,여의도동,11,15,1,553.0
20260112,여의도역,11,서울특별시,11170,용산구,1117011600,청암동,11,서울특별시,11560,영등포구,1156011000,여의도동,06,00,2,330.0
20260112,여의도역,11,서울특별시,11170,용산구,1117011600,청암동,11,서울특별시,11560,영등포구,1156011000,여의도동,06,15,1,938.0
20260112,여의도역,11,서울특별시,11170,용산구,1117011600,청암동,11,서울특별시,11560,영등포구,1156011000,여의도동,06,30,2,839.0
20260112,여의도역,11,서울특별시,11170,용산구,1117011600,청암동,11,서울특별시,11560,영등포구,1156011000,여의도동,06,45,3,488.0
20260112,여의도역,11,서울특별시,11170,용산구,1117011600,청암동,11,서울특별시,11560,영등포구,1156011000,여의도동,07,00,1,461.0
20260112,여의도역,11,서울특별시,11170,용산구,1117011600,청암동,11,서울특별시,11560,영등포구,1156011000,여의도동,07,15,7,777.0
20260112,여의도역,11,서울특별시,11170,용산구,1117011600,청암동,11,서울특별시,11560,영등포구,1156011000,여의도동,07,30,5,832.0
20260112,여의도역,11,서울특별시,11170,용산구,1117011600,청암동,11,서울특별시,11560,영등포구,1156011000,여의도동,07,45,5,699.0
20260112,여의도역,11,서울특별시,11170,용산구,1117011600,청암동,11,서울특별시,11560,영등포구,1156011000,여의도동,08,00,9,632.0
20260112,여의도역,11,서울특별시,11170,용산구,1117011600,청암동,11,서울특별시,11560,영등포구,1156011000,여의도동,08,15,10,785.0
20260112,여의도역,11,서울특별시,11170,용산구,1117011600,청암동,11,서울특별시,11560,영등포구,1156011000,여의도동,08,30,7,718.0
20260112,여의도역,11,서울특별시,11170,용산구,1117011600,청암동,11,서울특별시,11560,영등포구,1156011000,여의도동,08,45,1,574.0
20260112,여의도역,11,서울특별시,11170,용산구,1117011600,청암동,11,서울특별시,11560,영등포구,1156011000,여의도동,09,00,3,640.0
20260112,여의도역,11,서울특별시,11170,용산구,1117011600,청암동,11,서울특별시,11560,영등포구,1156011000,여의도동,09,15,1,608.0
20260112,여의도역,11,서울특별시,11170,용산구,1117011600,청암동,11,서울특별시,11560,영등포구,1156011000,여의도동,09,45,1,535.0
20260112,여의도역,11,서울특별시,11170,용산구,1117011600,청암동,11,서울특별시,11560,영등포구,1156011000,여의도동,10,15,1,702.0
20260112,여의도역,11,서울특별시,11170,용산구,1117011600,청암동,11,서울특별시,11560,영등포구,1156011000,여의도동,10,45,1,683.0
20260112,여의도역,11,서울특별시,11170,용산구,1117011600,청암동,11,서울특별시,11560,영등포구,1156011000,여의도동,11,15,1,730.0
20260112,여의도역,11,서울특별시,11170,용산구,1117011600,청암동,11,서울특별시,11560,영등포구,1156011000,여의도동,12,15,1,374.0
20260112,여의도역,11,서울특별시,11170,용산구,1117011700,원효로3가,11,서울특별시,11560,영등포구,1156011000,여의도동,06,15,4,719.0
20260112,여의도역,11,서울특별시,11170,용산구,1117011700,원효로3가,11,서울특별시,11560,영등포구,1156011000,여의도동,06,30,2,504.0
20260112,여의도역,11,서울특별시,11170,용산구,1117011700,원효로3가,11,서울특별시,11560,영등포구,1156011000,여의도동,06,45,3,179.0
20260112,여의도역,11,서울특별시,11170,용산구,1117011700,원효로3가,11,서울특별시,11560,영등포구,1156011000,여의도동,07,00,9,642.0
20260112,여의도역,11,서울특별시,11170,용산구,1117011700,원효로3가,11,서울특별시,11560,영등포구,1156011000,여의도동,07,15,10,534.0
20260112,여의도역,11,서울특별시,11170,용산구,1117011700,원효로3가,11,서울특별시,11560,영등포구,1156011000,여의도동,07,30,12,534.0
20260112,여의도역,11,서울특별시,11170,용산구,1117011700,원효로3가,11,서울특별시,11560,영등포구,1156011000,여의도동,07,45,13,620.0
20260112,여의도역,11,서울특별시,11170,용산구,1117011700,원효로3가,11,서울특별시,11560,영등포구,1156011000,여의도동,08,00,7,645.0
20260112,여의도역,11,서울특별시,11170,용산구,1117011700,원효로3가,11,서울특별시,11560,영등포구,1156011000,여의도동,08,15,18,702.0
20260112,여의도역,11,서울특별시,11170,용산구,1117011700,원효로3가,11,서울특별시,11560,영등포구,1156011000,여의도동,08,30,13,602.0
20260112,여의도역,11,서울특별시,11170,용산구,1117011700,원효로3가,11,서울특별시,11560,영등포구,1156011000,여의도동,08,45,10,374.0
20260112,여의도역,11,서울특별시,11170,용산구,1117011700,원효로3가,11,서울특별시,11560,영등포구,1156011000,여의도동,09,00,9,603.0
20260112,여의도역,11,서울특별시,11170,용산구,1117011700,원효로3가,11,서울특별시,11560,영등포구,1156011000,여의도동,09,15,8,425.0
20260112,여의도역,11,서울특별시,11170,용산구,1117011700,원효로3가,11,서울특별시,11560,영등포구,1156011000,여의도동,09,30,6,486.0
20260112,여의도역,11,서울특별시,11170,용산구,1117011700,원효로3가,11,서울특별시,11560,영등포구,1156011000,여의도동,09,45,5,488.0
20260112,여의도역,11,서울특별시,11170,용산구,1117011700,원효로3가,11,서울특별시,11560,영등포구,1156011000,여의도동,10,00,2,504.0
20260112,여의도역,11,서울특별시,11170,용산구,1117011700,원효로3가,11,서울특별시,11560,영등포구,1156011000,여의도동,10,15,2,709.0
20260112,여의도역,11,서울특별시,11170,용산구,1117011700,원효로3가,11,서울특별시,11560,영등포구,1156011000,여의도동,10,30,1,512.0
20260112,여의도역,11,서울특별시,11170,용산구,1117011700,원효로3가,11,서울특별시,11560,영등포구,1156011000,여의도동,10,45,1,175.0
20260112,여의도역,11,서울특별시,11170,용산구,1117011700,원효로3가,11,서울특별시,11560,영등포구,1156011000,여의도동,11,00,6,575.0
20260112,여의도역,11,서울특별시,11170,용산구,1117011700,원효로3가,11,서울특별시,11560,영등포구,1156011000,여의도동,11,15,3,319.0
20260112,여의도역,11,서울특별시,11170,용산구,1117011700,원효로3가,11,서울특별시,11560,영등포구,1156011000,여의도동,11,30,2,425.0
20260112,여의도역,11,서울특별시,11170,용산구,1117011700,원효로3가,11,서울특별시,11560,영등포구,1156011000,여의도동,11,45,1,624.0
20260112,여의도역,11,서울특별시,11170,용산구,1117011700,원효로3가,11,서울특별시,11560,영등포구,1156011000,여의도동,12,00,3,775.0
20260112,여의도역,11,서울특별시,11170,용산구,1117011700,원효로3가,11,서울특별시,11560,영등포구,1156011000,여의도동,12,45,2,483.0
20260112,여의도역,11,서울특별시,11170,용산구,1117011800,원효로4가,11,서울특별시,11560,영등포구,1156011000,여의도동,06,00,2,532.0
20260112,여의도역,11,서울특별시,11170,용산구,1117011800,원효로4가,11,서울특별시,11560,영등포구,1156011000,여의도동,06,15,3,820.0
20260112,여의도역,11,서울특별시,11170,용산구,1117011800,원효로4가,11,서울특별시,11560,영등포구,1156011000,여의도동,06,45,2,741.0
20260112,여의도역,11,서울특별시,11170,용산구,1117011800,원효로4가,11,서울특별시,11560,영등포구,1156011000,여의도동,07,00,4,606.0
20260112,여의도역,11,서울특별시,11170,용산구,1117011800,원효로4가,11,서울특별시,11560,영등포구,1156011000,여의도동,07,15,8,653.0
20260112,여의도역,11,서울특별시,11170,용산구,1117011800,원효로4가,11,서울특별시,11560,영등포구,1156011000,여의도동,07,30,10,714.0
20260112,여의도역,11,서울특별시,11170,용산구,1117011800,원효로4가,11,서울특별시,11560,영등포구,1156011000,여의도동,07,45,11,741.0
20260112,여의도역,11,서울특별시,11170,용산구,1117011800,원효로4가,11,서울특별시,11560,영등포구,1156011000,여의도동,08,00,11,655.0
20260112,여의도역,11,서울특별시,11170,용산구,1117011800,원효로4가,11,서울특별시,11560,영등포구,1156011000,여의도동,08,15,9,744.0
20260112,여의도역,11,서울특별시,11170,용산구,1117011800,원효로4가,11,서울특별시,11560,영등포구,1156011000,여의도동,08,30,13,647.0
20260112,여의도역,11,서울특별시,11170,용산구,1117011800,원효로4가,11,서울특별시,11560,영등포구,1156011000,여의도동,08,45,3,533.0
20260112,여의도역,11,서울특별시,11170,용산구,1117011800,원효로4가,11,서울특별시,11560,영등포구,1156011000,여의도동,09,00,5,566.0
20260112,여의도역,11,서울특별시,11170,용산구,1117011800,원효로4가,11,서울특별시,11560,영등포구,1156011000,여의도동,09,15,4,730.0
20260112,여의도역,11,서울특별시,11170,용산구,1117011800,원효로4가,11,서울특별시,11560,영등포구,1156011000,여의도동,09,30,2,633.0
20260112,여의도역,11,서울특별시,11170,용산구,1117011800,원효로4가,11,서울특별시,11560,영등포구,1156011000,여의도동,09,45,4,320.0
20260112,여의도역,11,서울특별시,11170,용산구,1117011800,원효로4가,11,서울특별시,11560,영등포구,1156011000,여의도동,10,00,3,851.0
20260112,여의도역,11,서울특별시,11170,용산구,1117011800,원효로4가,11,서울특별시,11560,영등포구,1156011000,여의도동,10,30,3,480.0
20260112,여의도역,11,서울특별시,11170,용산구,1117011800,원효로4가,11,서울특별시,11560,영등포구,1156011000,여의도동,11,00,4,597.0
20260112,여의도역,11,서울특별시,11170,용산구,1117011800,원효로4가,11,서울특별시,11560,영등포구,1156011000,여의도동,11,15,1,859.0
20260112,여의도역,11,서울특별시,11170,용산구,1117011800,원효로4가,11,서울특별시,11560,영등포구,1156011000,여의도동,11,45,1,438.0
20260112,여의도역,11,서울특별시,11170,용산구,1117011800,원효로4가,11,서울특별시,11560,영등포구,1156011000,여의도동,12,00,1,512.0
20260112,여의도역,11,서울특별시,11170,용산구,1117011800,원효로4가,11,서울특별시,11560,영등포구,1156011000,여의도동,12,15,1,474.0
20260112,여의도역,11,서울특별시,11170,용산구,1117011800,원효로4가,11,서울특별시,11560,영등포구,1156011000,여의도동,12,30,2,626.0
20260112,여의도역,11,서울특별시,11170,용산구,1117011900,효창동,11,서울특별시,11560,영등포구,1156011000,여의도동,06,15,3,920.0
20260112,여의도역,11,서울특별시,11170,용산구,1117011900,효창동,11,서울특별시,11560,영등포구,1156011000,여의도동,06,30,2,552.0
20260112,여의도역,11,서울특별시,11170,용산구,1117011900,효창동,11,서울특별시,11560,영등포구,1156011000,여의도동,06,45,3,668.0
20260112,여의도역,11,서울특별시,11170,용산구,1117011900,효창동,11,서울특별시,11560,영등포구,1156011000,여의도동,07,00,4,1065.0
20260112,여의도역,11,서울특별시,11170,용산구,1117011900,효창동,11,서울특별시,11560,영등포구,1156011000,여의도동,07,15,12,844.0
20260112,여의도역,11,서울특별시,11170,용산구,1117011900,효창동,11,서울특별시,11560,영등포구,1156011000,여의도동,07,30,17,987.0
20260112,여의도역,11,서울특별시,11170,용산구,1117011900,효창동,11,서울특별시,11560,영등포구,1156011000,여의도동,07,45,10,962.0
20260112,여의도역,11,서울특별시,11170,용산구,1117011900,효창동,11,서울특별시,11560,영등포구,1156011000,여의도동,08,00,12,833.0
20260112,여의도역,11,서울특별시,11170,용산구,1117011900,효창동,11,서울특별시,11560,영등포구,1156011000,여의도동,08,15,14,982.0
20260112,여의도역,11,서울특별시,11170,용산구,1117011900,효창동,11,서울특별시,11560,영등포구,1156011000,여의도동,08,30,7,789.0
20260112,여의도역,11,서울특별시,11170,용산구,1117011900,효창동,11,서울특별시,11560,영등포구,1156011000,여의도동,08,45,10,751.0
20260112,여의도역,11,서울특별시,11170,용산구,1117011900,효창동,11,서울특별시,11560,영등포구,1156011000,여의도동,09,00,3,1130.0
20260112,여의도역,11,서울특별시,11170,용산구,1117011900,효창동,11,서울특별시,11560,영등포구,1156011000,여의도동,09,15,2,711.0
20260112,여의도역,11,서울특별시,11170,용산구,1117011900,효창동,11,서울특별시,11560,영등포구,1156011000,여의도동,09,30,4,960.0
20260112,여의도역,11,서울특별시,11170,용산구,1117011900,효창동,11,서울특별시,11560,영등포구,1156011000,여의도동,09,45,2,722.0
20260112,여의도역,11,서울특별시,11170,용산구,1117011900,효창동,11,서울특별시,11560,영등포구,1156011000,여의도동,10,00,2,1106.0
20260112,여의도역,11,서울특별시,11170,용산구,1117011900,효창동,11,서울특별시,11560,영등포구,1156011000,여의도동,10,15,5,836.0
20260112,여의도역,11,서울특별시,11170,용산구,1117011900,효창동,11,서울특별시,11560,영등포구,1156011000,여의도동,10,30,1,330.0
20260112,여의도역,11,서울특별시,11170,용산구,1117011900,효창동,11,서울특별시,11560,영등포구,1156011000,여의도동,11,15,2,863.0
20260112,여의도역,11,서울특별시,11170,용산구,1117011900,효창동,11,서울특별시,11560,영등포구,1156011000,여의도동,11,30,1,1367.0
20260112,여의도역,11,서울특별시,11170,용산구,1117011900,효창동,11,서울특별시,11560,영등포구,1156011000,여의도동,12,00,1,1135.0
20260112,여의도역,11,서울특별시,11170,용산구,1117011900,효창동,11,서울특별시,11560,영등포구,1156011000,여의도동,12,30,1,838.0
20260112,여의도역,11,서울특별시,11170,용산구,1117012000,도원동,11,서울특별시,11560,영등포구,1156011000,여의도동,06,45,2,1018.0
20260112,여의도역,11,서울특별시,11170,용산구,1117012000,도원동,11,서울특별시,11560,영등포구,1156011000,여의도동,07,00,2,889.0
20260112,여의도역,11,서울특별시,11170,용산구,1117012000,도원동,11,서울특별시,11560,영등포구,1156011000,여의도동,07,15,2,1049.0
20260112,여의도역,11,서울특별시,11170,용산구,1117012000,도원동,11,서울특별시,11560,영등포구,1156011000,여의도동,07,30,6,1025.0
20260112,여의도역,11,서울특별시,11170,용산구,1117012000,도원동,11,서울특별시,11560,영등포구,1156011000,여의도동,07,45,2,1179.0
20260112,여의도역,11,서울특별시,11170,용산구,1117012000,도원동,11,서울특별시,11560,영등포구,1156011000,여의도동,08,00,4,938.0
20260112,여의도역,11,서울특별시,11170,용산구,1117012000,도원동,11,서울특별시,11560,영등포구,1156011000,여의도동,08,15,8,909.0
20260112,여의도역,11,서울특별시,11170,용산구,1117012000,도원동,11,서울특별시,11560,영등포구,1156011000,여의도동,08,30,1,634.0
20260112,여의도역,11,서울특별시,11170,용산구,1117012000,도원동,11,서울특별시,11560,영등포구,1156011000,여의도동,09,30,1,1028.0
20260112,여의도역,11,서울특별시,11170,용산구,1117012000,도원동,11,서울특별시,11560,영등포구,1156011000,여의도동,10,00,2,1238.0
20260112,여의도역,11,서울특별시,11170,용산구,1117012000,도원동,11,서울특별시,11560,영등포구,1156011000,여의도동,10,15,3,855.0
20260112,여의도역,11,서울특별시,11170,용산구,1117012000,도원동,11,서울특별시,11560,영등포구,1156011000,여의도동,11,15,1,1295.0
20260112,여의도역,11,서울특별시,11170,용산구,1117012100,용문동,11,서울특별시,11560,영등포구,1156011000,여의도동,07,15,1,1062.0
20260112,여의도역,11,서울특별시,11170,용산구,1117012100,용문동,11,서울특별시,11560,영등포구,1156011000,여의도동,08,15,3,943.0
20260112,여의도역,11,서울특별시,11170,용산구,1117012100,용문동,11,서울특별시,11560,영등포구,1156011000,여의도동,08,30,1,1146.0
20260112,여의도역,11,서울특별시,11170,용산구,1117012100,용문동,11,서울특별시,11560,영등포구,1156011000,여의도동,09,00,2,1033.0
20260112,여의도역,11,서울특별시,11170,용산구,1117012100,용문동,11,서울특별시,11560,영등포구,1156011000,여의도동,10,00,1,1414.0
20260112,여의도역,11,서울특별시,11170,용산구,1117012200,문배동,11,서울특별시,11560,영등포구,1156011000,여의도동,06,30,3,644.0
20260112,여의도역,11,서울특별시,11170,용산구,1117012200,문배동,11,서울특별시,11560,영등포구,1156011000,여의도동,07,15,2,816.0
20260112,여의도역,11,서울특별시,11170,용산구,1117012200,문배동,11,서울특별시,11560,영등포구,1156011000,여의도동,07,30,3,466.0
20260112,여의도역,11,서울특별시,11170,용산구,1117012200,문배동,11,서울특별시,11560,영등포구,1156011000,여의도동,07,45,1,557.0
20260112,여의도역,11,서울특별시,11170,용산구,1117012200,문배동,11,서울특별시,11560,영등포구,1156011000,여의도동,08,00,2,729.0
20260112,여의도역,11,서울특별시,11170,용산구,1117012200,문배동,11,서울특별시,11560,영등포구,1156011000,여의도동,08,15,1,1198.0
20260112,여의도역,11,서울특별시,11170,용산구,1117012200,문배동,11,서울특별시,11560,영등포구,1156011000,여의도동,08,45,1,699.0
20260112,여의도역,11,서울특별시,11170,용산구,1117012200,문배동,11,서울특별시,11560,영등포구,1156011000,여의도동,09,15,2,970.0
20260112,여의도역,11,서울특별시,11170,용산구,1117012200,문배동,11,서울특별시,11560,영등포구,1156011000,여의도동,09,45,1,593.0
20260112,여의도역,11,서울특별시,11170,용산구,1117012200,문배동,11,서울특별시,11560,영등포구,1156011000,여의도동,10,30,1,709.0
20260112,여의도역,11,서울특별시,11170,용산구,1117012200,문배동,11,서울특별시,11560,영등포구,1156011000,여의도동,11,00,1,833.0
20260112,여의도역,11,서울특별시,11170,용산구,1117012200,문배동,11,서울특별시,11560,영등포구,1156011000,여의도동,12,00,1,489.0
20260112,여의도역,11,서울특별시,11170,용산구,1117012200,문배동,11,서울특별시,11560,영등포구,1156011000,여의도동,12,30,1,727.0
20260112,여의도역,11,서울특별시,11170,용산구,1117012400,한강로1가,11,서울특별시,11560,영등포구,1156011000,여의도동,06,30,1,870.0
20260112,여의도역,11,서울특별시,11170,용산구,1117012400,한강로1가,11,서울특별시,11560,영등포구,1156011000,여의도동,06,45,1,834.0
20260112,여의도역,11,서울특별시,11170,용산구,1117012400,한강로1가,11,서울특별시,11560,영등포구,1156011000,여의도동,07,00,4,1154.0
20260112,여의도역,11,서울특별시,11170,용산구,1117012400,한강로1가,11,서울특별시,11560,영등포구,1156011000,여의도동,07,15,13,1137.0
20260112,여의도역,11,서울특별시,11170,용산구,1117012400,한강로1가,11,서울특별시,11560,영등포구,1156011000,여의도동,07,30,9,1040.0
20260112,여의도역,11,서울특별시,11170,용산구,1117012400,한강로1가,11,서울특별시,11560,영등포구,1156011000,여의도동,07,45,6,1130.0
20260112,여의도역,11,서울특별시,11170,용산구,1117012400,한강로1가,11,서울특별시,11560,영등포구,1156011000,여의도동,08,00,12,1070.0
20260112,여의도역,11,서울특별시,11170,용산구,1117012400,한강로1가,11,서울특별시,11560,영등포구,1156011000,여의도동,08,15,11,1112.0
20260112,여의도역,11,서울특별시,11170,용산구,1117012400,한강로1가,11,서울특별시,11560,영등포구,1156011000,여의도동,08,30,8,1102.0
20260112,여의도역,11,서울특별시,11170,용산구,1117012400,한강로1가,11,서울특별시,11560,영등포구,1156011000,여의도동,08,45,11,912.0
20260112,여의도역,11,서울특별시,11170,용산구,1117012400,한강로1가,11,서울특별시,11560,영등포구,1156011000,여의도동,09,00,5,918.0
20260112,여의도역,11,서울특별시,11170,용산구,1117012400,한강로1가,11,서울특별시,11560,영등포구,1156011000,여의도동,09,15,3,1134.0
20260112,여의도역,11,서울특별시,11170,용산구,1117012400,한강로1가,11,서울특별시,11560,영등포구,1156011000,여의도동,09,30,2,989.0
20260112,여의도역,11,서울특별시,11170,용산구,1117012400,한강로1가,11,서울특별시,11560,영등포구,1156011000,여의도동,09,45,1,863.0
20260112,여의도역,11,서울특별시,11170,용산구,1117012400,한강로1가,11,서울특별시,11560,영등포구,1156011000,여의도동,10,00,2,1318.0
20260112,여의도역,11,서울특별시,11170,용산구,1117012400,한강로1가,11,서울특별시,11560,영등포구,1156011000,여의도동,10,15,1,1616.0
20260112,여의도역,11,서울특별시,11170,용산구,1117012400,한강로1가,11,서울특별시,11560,영등포구,1156011000,여의도동,10,30,4,1180.0
20260112,여의도역,11,서울특별시,11170,용산구,1117012400,한강로1가,11,서울특별시,11560,영등포구,1156011000,여의도동,10,45,2,1511.0
20260112,여의도역,11,서울특별시,11170,용산구,1117012400,한강로1가,11,서울특별시,11560,영등포구,1156011000,여의도동,11,00,2,1261.0
20260112,여의도역,11,서울특별시,11170,용산구,1117012400,한강로1가,11,서울특별시,11560,영등포구,1156011000,여의도동,11,30,1,1264.0
20260112,여의도역,11,서울특별시,11170,용산구,1117012400,한강로1가,11,서울특별시,11560,영등포구,1156011000,여의도동,11,45,1,1212.0
20260112,여의도역,11,서울특별시,11170,용산구,1117012400,한강로1가,11,서울특별시,11560,영등포구,1156011000,여의도동,12,00,1,1272.0
20260112,여의도역,11,서울특별시,11170,용산구,1117012400,한강로1가,11,서울특별시,11560,영등포구,1156011000,여의도동,12,15,2,1891.0
20260112,여의도역,11,서울특별시,11170,용산구,1117012500,한강로2가,11,서울특별시,11560,영등포구,1156011000,여의도동,06,15,1,847.0
20260112,여의도역,11,서울특별시,11170,용산구,1117012500,한강로2가,11,서울특별시,11560,영등포구,1156011000,여의도동,06,30,2,758.0
20260112,여의도역,11,서울특별시,11170,용산구,1117012500,한강로2가,11,서울특별시,11560,영등포구,1156011000,여의도동,07,00,2,1048.0
20260112,여의도역,11,서울특별시,11170,용산구,1117012500,한강로2가,11,서울특별시,11560,영등포구,1156011000,여의도동,07,15,5,1095.0
20260112,여의도역,11,서울특별시,11170,용산구,1117012500,한강로2가,11,서울특별시,11560,영등포구,1156011000,여의도동,07,30,7,1057.0
20260112,여의도역,11,서울특별시,11170,용산구,1117012500,한강로2가,11,서울특별시,11560,영등포구,1156011000,여의도동,07,45,14,953.0
20260112,여의도역,11,서울특별시,11170,용산구,1117012500,한강로2가,11,서울특별시,11560,영등포구,1156011000,여의도동,08,00,11,1197.0
20260112,여의도역,11,서울특별시,11170,용산구,1117012500,한강로2가,11,서울특별시,11560,영등포구,1156011000,여의도동,08,15,14,1311.0
20260112,여의도역,11,서울특별시,11170,용산구,1117012500,한강로2가,11,서울특별시,11560,영등포구,1156011000,여의도동,08,30,6,1145.0
20260112,여의도역,11,서울특별시,11170,용산구,1117012500,한강로2가,11,서울특별시,11560,영등포구,1156011000,여의도동,08,45,3,929.0
20260112,여의도역,11,서울특별시,11170,용산구,1117012500,한강로2가,11,서울특별시,11560,영등포구,1156011000,여의도동,09,00,4,1017.0
20260112,여의도역,11,서울특별시,11170,용산구,1117012500,한강로2가,11,서울특별시,11560,영등포구,1156011000,여의도동,09,30,4,797.0
20260112,여의도역,11,서울특별시,11170,용산구,1117012500,한강로2가,11,서울특별시,11560,영등포구,1156011000,여의도동,09,45,2,1061.0
20260112,여의도역,11,서울특별시,11170,용산구,1117012500,한강로2가,11,서울특별시,11560,영등포구,1156011000,여의도동,10,00,4,1091.0
20260112,여의도역,11,서울특별시,11170,용산구,1117012500,한강로2가,11,서울특별시,11560,영등포구,1156011000,여의도동,10,15,5,988.0
20260112,여의도역,11,서울특별시,11170,용산구,1117012500,한강로2가,11,서울특별시,11560,영등포구,1156011000,여의도동,10,30,2,904.0
20260112,여의도역,11,서울특별시,11170,용산구,1117012500,한강로2가,11,서울특별시,11560,영등포구,1156011000,여의도동,10,45,2,694.0
20260112,여의도역,11,서울특별시,11170,용산구,1117012500,한강로2가,11,서울특별시,11560,영등포구,1156011000,여의도동,11,00,8,951.0
20260112,여의도역,11,서울특별시,11170,용산구,1117012500,한강로2가,11,서울특별시,11560,영등포구,1156011000,여의도동,11,15,3,816.0
20260112,여의도역,11,서울특별시,11170,용산구,1117012500,한강로2가,11,서울특별시,11560,영등포구,1156011000,여의도동,11,30,3,957.0
20260112,여의도역,11,서울특별시,11170,용산구,1117012500,한강로2가,11,서울특별시,11560,영등포구,1156011000,여의도동,11,45,4,1210.0
20260112,여의도역,11,서울특별시,11170,용산구,1117012500,한강로2가,11,서울특별시,11560,영등포구,1156011000,여의도동,12,00,5,1095.0
20260112,여의도역,11,서울특별시,11170,용산구,1117012500,한강로2가,11,서울특별시,11560,영등포구,1156011000,여의도동,12,30,6,969.0
20260112,여의도역,11,서울특별시,11170,용산구,1117012500,한강로2가,11,서울특별시,11560,영등포구,1156011000,여의도동,12,45,5,1058.0
20260112,여의도역,11,서울특별시,11170,용산구,1117012700,용산동5가,11,서울특별시,11560,영등포구,1156011000,여의도동,06,00,1,1912.0
20260112,여의도역,11,서울특별시,11170,용산구,1117012700,용산동5가,11,서울특별시,11560,영등포구,1156011000,여의도동,06,15,2,1201.0
20260112,여의도역,11,서울특별시,11170,용산구,1117012700,용산동5가,11,서울특별시,11560,영등포구,1156011000,여의도동,06,30,4,1589.0
20260112,여의도역,11,서울특별시,11170,용산구,1117012700,용산동5가,11,서울특별시,11560,영등포구,1156011000,여의도동,06,45,4,1316.0
20260112,여의도역,11,서울특별시,11170,용산구,1117012700,용산동5가,11,서울특별시,11560,영등포구,1156011000,여의도동,07,00,9,1649.0
20260112,여의도역,11,서울특별시,11170,용산구,1117012700,용산동5가,11,서울특별시,11560,영등포구,1156011000,여의도동,07,15,14,1467.0
20260112,여의도역,11,서울특별시,11170,용산구,1117012700,용산동5가,11,서울특별시,11560,영등포구,1156011000,여의도동,07,30,19,1597.0
20260112,여의도역,11,서울특별시,11170,용산구,1117012700,용산동5가,11,서울특별시,11560,영등포구,1156011000,여의도동,07,45,16,1633.0
20260112,여의도역,11,서울특별시,11170,용산구,1117012700,용산동5가,11,서울특별시,11560,영등포구,1156011000,여의도동,08,00,13,1635.0
20260112,여의도역,11,서울특별시,11170,용산구,1117012700,용산동5가,11,서울특별시,11560,영등포구,1156011000,여의도동,08,15,13,1341.0
20260112,여의도역,11,서울특별시,11170,용산구,1117012700,용산동5가,11,서울특별시,11560,영등포구,1156011000,여의도동,08,30,5,1362.0
20260112,여의도역,11,서울특별시,11170,용산구,1117012700,용산동5가,11,서울특별시,11560,영등포구,1156011000,여의도동,08,45,10,1487.0
20260112,여의도역,11,서울특별시,11170,용산구,1117012700,용산동5가,11,서울특별시,11560,영등포구,1156011000,여의도동,09,00,6,1173.0
20260112,여의도역,11,서울특별시,11170,용산구,1117012700,용산동5가,11,서울특별시,11560,영등포구,1156011000,여의도동,09,15,3,1475.0
20260112,여의도역,11,서울특별시,11170,용산구,1117012700,용산동5가,11,서울특별시,11560,영등포구,1156011000,여의도동,09,30,3,1509.0
20260112,여의도역,11,서울특별시,11170,용산구,1117012700,용산동5가,11,서울특별시,11560,영등포구,1156011000,여의도동,09,45,1,1570.0
20260112,여의도역,11,서울특별시,11170,용산구,1117012700,용산동5가,11,서울특별시,11560,영등포구,1156011000,여의도동,10,00,1,1914.0
20260112,여의도역,11,서울특별시,11170,용산구,1117012700,용산동5가,11,서울특별시,11560,영등포구,1156011000,여의도동,10,15,2,1549.0
20260112,여의도역,11,서울특별시,11170,용산구,1117012700,용산동5가,11,서울특별시,11560,영등포구,1156011000,여의도동,11,15,1,1395.0
20260112,여의도역,11,서울특별시,11170,용산구,1117012700,용산동5가,11,서울특별시,11560,영등포구,1156011000,여의도동,11,45,1,1357.0
20260112,여의도역,11,서울특별시,11170,용산구,1117012700,용산동5가,11,서울특별시,11560,영등포구,1156011000,여의도동,12,00,3,2059.0
20260112,여의도역,11,서울특별시,11170,용산구,1117012700,용산동5가,11,서울특별시,11560,영등포구,1156011000,여의도동,12,15,2,2338.0
20260112,여의도역,11,서울특별시,11170,용산구,1117012700,용산동5가,11,서울특별시,11560,영등포구,1156011000,여의도동,12,30,1,2054.0
20260112,여의도역,11,서울특별시,11170,용산구,1117012700,용산동5가,11,서울특별시,11560,영등포구,1156011000,여의도동,12,45,1,1875.0
20260112,여의도역,11,서울특별시,11170,용산구,1117012800,한강로3가,11,서울특별시,11560,영등포구,1156011000,여의도동,06,15,1,695.0
20260112,여의도역,11,서울특별시,11170,용산구,1117012800,한강로3가,11,서울특별시,11560,영등포구,1156011000,여의도동,06,30,1,966.0
20260112,여의도역,11,서울특별시,11170,용산구,1117012800,한강로3가,11,서울특별시,11560,영등포구,1156011000,여의도동,06,45,2,959.0
20260112,여의도역,11,서울특별시,11170,용산구,1117012800,한강로3가,11,서울특별시,11560,영등포구,1156011000,여의도동,07,00,6,827.0
20260112,여의도역,11,서울특별시,11170,용산구,1117012800,한강로3가,11,서울특별시,11560,영등포구,1156011000,여의도동,07,15,13,917.0
20260112,여의도역,11,서울특별시,11170,용산구,1117012800,한강로3가,11,서울특별시,11560,영등포구,1156011000,여의도동,07,30,42,1048.0
20260112,여의도역,11,서울특별시,11170,용산구,1117012800,한강로3가,11,서울특별시,11560,영등포구,1156011000,여의도동,07,45,62,1173.0
20260112,여의도역,11,서울특별시,11170,용산구,1117012800,한강로3가,11,서울특별시,11560,영등포구,1156011000,여의도동,08,00,8,1002.0
20260112,여의도역,11,서울특별시,11170,용산구,1117012800,한강로3가,11,서울특별시,11560,영등포구,1156011000,여의도동,08,15,34,1194.0
20260112,여의도역,11,서울특별시,11170,용산구,1117012800,한강로3가,11,서울특별시,11560,영등포구,1156011000,여의도동,08,30,60,1117.0
20260112,여의도역,11,서울특별시,11170,용산구,1117012800,한강로3가,11,서울특별시,11560,영등포구,1156011000,여의도동,08,45,6,906.0
20260112,여의도역,11,서울특별시,11170,용산구,1117012800,한강로3가,11,서울특별시,11560,영등포구,1156011000,여의도동,09,00,9,1056.0
20260112,여의도역,11,서울특별시,11170,용산구,1117012800,한강로3가,11,서울특별시,11560,영등포구,1156011000,여의도동,09,15,20,1180.0
20260112,여의도역,11,서울특별시,11170,용산구,1117012800,한강로3가,11,서울특별시,11560,영등포구,1156011000,여의도동,09,30,14,981.0
20260112,여의도역,11,서울특별시,11170,용산구,1117012800,한강로3가,11,서울특별시,11560,영등포구,1156011000,여의도동,09,45,23,1338.0
20260112,여의도역,11,서울특별시,11170,용산구,1117012800,한강로3가,11,서울특별시,11560,영등포구,1156011000,여의도동,10,00,17,1353.0
20260112,여의도역,11,서울특별시,11170,용산구,1117012800,한강로3가,11,서울특별시,11560,영등포구,1156011000,여의도동,10,15,7,1436.0
20260112,여의도역,11,서울특별시,11170,용산구,1117012800,한강로3가,11,서울특별시,11560,영등포구,1156011000,여의도동,10,30,4,1179.0
20260112,여의도역,11,서울특별시,11170,용산구,1117012800,한강로3가,11,서울특별시,11560,영등포구,1156011000,여의도동,10,45,4,1061.0
20260112,여의도역,11,서울특별시,11170,용산구,1117012800,한강로3가,11,서울특별시,11560,영등포구,1156011000,여의도동,11,00,6,1475.0
20260112,여의도역,11,서울특별시,11170,용산구,1117012800,한강로3가,11,서울특별시,11560,영등포구,1156011000,여의도동,11,15,19,1366.0
20260112,여의도역,11,서울특별시,11170,용산구,1117012800,한강로3가,11,서울특별시,11560,영등포구,1156011000,여의도동,11,30,6,950.0
20260112,여의도역,11,서울특별시,11170,용산구,1117012800,한강로3가,11,서울특별시,11560,영등포구,1156011000,여의도동,11,45,15,1272.0
20260112,여의도역,11,서울특별시,11170,용산구,1117012800,한강로3가,11,서울특별시,11560,영등포구,1156011000,여의도동,12,00,8,1102.0
20260112,여의도역,11,서울특별시,11170,용산구,1117012800,한강로3가,11,서울특별시,11560,영등포구,1156011000,여의도동,12,15,7,1621.0
20260112,여의도역,11,서울특별시,11170,용산구,1117012800,한강로3가,11,서울특별시,11560,영등포구,1156011000,여의도동,12,30,12,1538.0
20260112,여의도역,11,서울특별시,11170,용산구,1117012800,한강로3가,11,서울특별시,11560,영등포구,1156011000,여의도동,12,45,11,1409.0
20260112,여의도역,11,서울특별시,11170,용산구,1117012900,이촌동,11,서울특별시,11560,영등포구,1156011000,여의도동,06,00,2,1893.0
20260112,여의도역,11,서울특별시,11170,용산구,1117012900,이촌동,11,서울특별시,11560,영등포구,1156011000,여의도동,06,30,2,1115.0
20260112,여의도역,11,서울특별시,11170,용산구,1117012900,이촌동,11,서울특별시,11560,영등포구,1156011000,여의도동,06,45,1,839.0
20260112,여의도역,11,서울특별시,11170,용산구,1117012900,이촌동,11,서울특별시,11560,영등포구,1156011000,여의도동,07,00,5,1522.0
20260112,여의도역,11,서울특별시,11170,용산구,1117012900,이촌동,11,서울특별시,11560,영등포구,1156011000,여의도동,07,15,6,1521.0
20260112,여의도역,11,서울특별시,11170,용산구,1117012900,이촌동,11,서울특별시,11560,영등포구,1156011000,여의도동,07,30,9,1512.0
20260112,여의도역,11,서울특별시,11170,용산구,1117012900,이촌동,11,서울특별시,11560,영등포구,1156011000,여의도동,07,45,9,1087.0
20260112,여의도역,11,서울특별시,11170,용산구,1117012900,이촌동,11,서울특별시,11560,영등포구,1156011000,여의도동,08,00,9,1612.0
20260112,여의도역,11,서울특별시,11170,용산구,1117012900,이촌동,11,서울특별시,11560,영등포구,1156011000,여의도동,08,15,16,1313.0
20260112,여의도역,11,서울특별시,11170,용산구,1117012900,이촌동,11,서울특별시,11560,영등포구,1156011000,여의도동,08,30,2,1017.0
20260112,여의도역,11,서울특별시,11170,용산구,1117012900,이촌동,11,서울특별시,11560,영등포구,1156011000,여의도동,08,45,1,795.0
20260112,여의도역,11,서울특별시,11170,용산구,1117012900,이촌동,11,서울특별시,11560,영등포구,1156011000,여의도동,09,00,3,752.0
20260112,여의도역,11,서울특별시,11170,용산구,1117012900,이촌동,11,서울특별시,11560,영등포구,1156011000,여의도동,09,15,4,1154.0
20260112,여의도역,11,서울특별시,11170,용산구,1117012900,이촌동,11,서울특별시,11560,영등포구,1156011000,여의도동,09,30,2,269.0
20260112,여의도역,11,서울특별시,11170,용산구,1117012900,이촌동,11,서울특별시,11560,영등포구,1156011000,여의도동,09,45,3,1069.0
20260112,여의도역,11,서울특별시,11170,용산구,1117012900,이촌동,11,서울특별시,11560,영등포구,1156011000,여의도동,10,15,2,1213.0
20260112,여의도역,11,서울특별시,11170,용산구,1117012900,이촌동,11,서울특별시,11560,영등포구,1156011000,여의도동,10,30,2,554.0
20260112,여의도역,11,서울특별시,11170,용산구,1117012900,이촌동,11,서울특별시,11560,영등포구,1156011000,여의도동,10,45,1,316.0
20260112,여의도역,11,서울특별시,11170,용산구,1117012900,이촌동,11,서울특별시,11560,영등포구,1156011000,여의도동,11,15,4,2236.0
20260112,여의도역,11,서울특별시,11170,용산구,1117012900,이촌동,11,서울특별시,11560,영등포구,1156011000,여의도동,12,00,1,680.0
20260112,여의도역,11,서울특별시,11170,용산구,1117012900,이촌동,11,서울특별시,11560,영등포구,1156011000,여의도동,12,15,1,1006.0
20260112,여의도역,11,서울특별시,11170,용산구,1117012900,이촌동,11,서울특별시,11560,영등포구,1156011000,여의도동,12,30,1,734.0
20260112,여의도역,11,서울특별시,11170,용산구,1117013000,이태원동,11,서울특별시,11560,영등포구,1156011000,여의도동,06,00,1,1127.0
20260112,여의도역,11,서울특별시,11170,용산구,1117013000,이태원동,11,서울특별시,11560,영등포구,1156011000,여의도동,06,15,1,1236.0
20260112,여의도역,11,서울특별시,11170,용산구,1117013000,이태원동,11,서울특별시,11560,영등포구,1156011000,여의도동,06,45,4,1464.0
20260112,여의도역,11,서울특별시,11170,용산구,1117013000,이태원동,11,서울특별시,11560,영등포구,1156011000,여의도동,07,00,1,1169.0
20260112,여의도역,11,서울특별시,11170,용산구,1117013000,이태원동,11,서울특별시,11560,영등포구,1156011000,여의도동,07,15,5,1545.0
20260112,여의도역,11,서울특별시,11170,용산구,1117013000,이태원동,11,서울특별시,11560,영등포구,1156011000,여의도동,07,30,2,1484.0
20260112,여의도역,11,서울특별시,11170,용산구,1117013000,이태원동,11,서울특별시,11560,영등포구,1156011000,여의도동,07,45,6,1661.0
20260112,여의도역,11,서울특별시,11170,용산구,1117013000,이태원동,11,서울특별시,11560,영등포구,1156011000,여의도동,08,00,5,1335.0
20260112,여의도역,11,서울특별시,11170,용산구,1117013000,이태원동,11,서울특별시,11560,영등포구,1156011000,여의도동,08,15,7,1441.0
20260112,여의도역,11,서울특별시,11170,용산구,1117013000,이태원동,11,서울특별시,11560,영등포구,1156011000,여의도동,08,30,1,1474.0
20260112,여의도역,11,서울특별시,11170,용산구,1117013000,이태원동,11,서울특별시,11560,영등포구,1156011000,여의도동,08,45,4,1324.0
20260112,여의도역,11,서울특별시,11170,용산구,1117013000,이태원동,11,서울특별시,11560,영등포구,1156011000,여의도동,09,00,6,1448.0
20260112,여의도역,11,서울특별시,11170,용산구,1117013000,이태원동,11,서울특별시,11560,영등포구,1156011000,여의도동,09,15,1,1321.0
20260112,여의도역,11,서울특별시,11170,용산구,1117013000,이태원동,11,서울특별시,11560,영등포구,1156011000,여의도동,09,30,1,1135.0
20260112,여의도역,11,서울특별시,11170,용산구,1117013000,이태원동,11,서울특별시,11560,영등포구,1156011000,여의도동,09,45,1,1169.0
20260112,여의도역,11,서울특별시,11170,용산구,1117013000,이태원동,11,서울특별시,11560,영등포구,1156011000,여의도동,10,00,3,1321.0
20260112,여의도역,11,서울특별시,11170,용산구,1117013000,이태원동,11,서울특별시,11560,영등포구,1156011000,여의도동,10,15,1,1595.0
20260112,여의도역,11,서울특별시,11170,용산구,1117013000,이태원동,11,서울특별시,11560,영등포구,1156011000,여의도동,10,30,2,2513.0
20260112,여의도역,11,서울특별시,11170,용산구,1117013000,이태원동,11,서울특별시,11560,영등포구,1156011000,여의도동,10,45,2,2412.0
20260112,여의도역,11,서울특별시,11170,용산구,1117013000,이태원동,11,서울특별시,11560,영등포구,1156011000,여의도동,11,00,2,1537.0
20260112,여의도역,11,서울특별시,11170,용산구,1117013000,이태원동,11,서울특별시,11560,영등포구,1156011000,여의도동,11,15,2,1350.0
20260112,여의도역,11,서울특별시,11170,용산구,1117013000,이태원동,11,서울특별시,11560,영등포구,1156011000,여의도동,11,30,2,1693.0
20260112,여의도역,11,서울특별시,11170,용산구,1117013000,이태원동,11,서울특별시,11560,영등포구,1156011000,여의도동,11,45,5,1562.0
20260112,여의도역,11,서울특별시,11170,용산구,1117013000,이태원동,11,서울특별시,11560,영등포구,1156011000,여의도동,12,00,1,1901.0
20260112,여의도역,11,서울특별시,11170,용산구,1117013000,이태원동,11,서울특별시,11560,영등포구,1156011000,여의도동,12,15,2,1588.0
20260112,여의도역,11,서울특별시,11170,용산구,1117013000,이태원동,11,서울특별시,11560,영등포구,1156011000,여의도동,12,30,3,1407.0
20260112,여의도역,11,서울특별시,11170,용산구,1117013000,이태원동,11,서울특별시,11560,영등포구,1156011000,여의도동,12,45,2,1583.0
20260112,여의도역,11,서울특별시,11170,용산구,1117013100,한남동,11,서울특별시,11560,영등포구,1156011000,여의도동,06,15,1,1422.0
20260112,여의도역,11,서울특별시,11170,용산구,1117013100,한남동,11,서울특별시,11560,영등포구,1156011000,여의도동,06,30,1,2036.0
20260112,여의도역,11,서울특별시,11170,용산구,1117013100,한남동,11,서울특별시,11560,영등포구,1156011000,여의도동,07,00,4,1820.0
20260112,여의도역,11,서울특별시,11170,용산구,1117013100,한남동,11,서울특별시,11560,영등포구,1156011000,여의도동,07,15,1,1601.0
20260112,여의도역,11,서울특별시,11170,용산구,1117013100,한남동,11,서울특별시,11560,영등포구,1156011000,여의도동,07,30,3,1639.0
20260112,여의도역,11,서울특별시,11170,용산구,1117013100,한남동,11,서울특별시,11560,영등포구,1156011000,여의도동,07,45,6,1621.0
20260112,여의도역,11,서울특별시,11170,용산구,1117013100,한남동,11,서울특별시,11560,영등포구,1156011000,여의도동,08,00,3,1776.0
20260112,여의도역,11,서울특별시,11170,용산구,1117013100,한남동,11,서울특별시,11560,영등포구,1156011000,여의도동,08,15,6,1370.0
20260112,여의도역,11,서울특별시,11170,용산구,1117013100,한남동,11,서울특별시,11560,영등포구,1156011000,여의도동,08,30,5,1525.0
20260112,여의도역,11,서울특별시,11170,용산구,1117013100,한남동,11,서울특별시,11560,영등포구,1156011000,여의도동,09,00,1,1791.0
20260112,여의도역,11,서울특별시,11170,용산구,1117013100,한남동,11,서울특별시,11560,영등포구,1156011000,여의도동,09,15,1,1077.0
20260112,여의도역,11,서울특별시,11170,용산구,1117013100,한남동,11,서울특별시,11560,영등포구,1156011000,여의도동,09,30,2,1440.0
20260112,여의도역,11,서울특별시,11170,용산구,1117013100,한남동,11,서울특별시,11560,영등포구,1156011000,여의도동,09,45,1,2233.0
20260112,여의도역,11,서울특별시,11170,용산구,1117013100,한남동,11,서울특별시,11560,영등포구,1156011000,여의도동,10,45,1,2809.0
20260112,여의도역,11,서울특별시,11170,용산구,1117013100,한남동,11,서울특별시,11560,영등포구,1156011000,여의도동,11,00,1,1383.0
20260112,여의도역,11,서울특별시,11170,용산구,1117013100,한남동,11,서울특별시,11560,영등포구,1156011000,여의도동,12,30,1,2614.0
20260112,여의도역,11,서울특별시,11170,용산구,1117013100,한남동,11,서울특별시,11560,영등포구,1156011000,여의도동,12,45,1,2019.0
20260112,여의도역,11,서울특별시,11170,용산구,1117013200,동빙고동,11,서울특별시,11560,영등포구,1156011000,여의도동,06,00,1,1195.0
20260112,여의도역,11,서울특별시,11170,용산구,1117013200,동빙고동,11,서울특별시,11560,영등포구,1156011000,여의도동,06,15,1,1450.0
20260112,여의도역,11,서울특별시,11170,용산구,1117013200,동빙고동,11,서울특별시,11560,영등포구,1156011000,여의도동,07,00,2,1637.0
20260112,여의도역,11,서울특별시,11170,용산구,1117013200,동빙고동,11,서울특별시,11560,영등포구,1156011000,여의도동,07,15,1,1632.0
20260112,여의도역,11,서울특별시,11170,용산구,1117013200,동빙고동,11,서울특별시,11560,영등포구,1156011000,여의도동,07,45,1,2430.0
20260112,여의도역,11,서울특별시,11170,용산구,1117013200,동빙고동,11,서울특별시,11560,영등포구,1156011000,여의도동,08,00,1,1505.0
20260112,여의도역,11,서울특별시,11170,용산구,1117013200,동빙고동,11,서울특별시,11560,영등포구,1156011000,여의도동,08,30,2,1569.0
20260112,여의도역,11,서울특별시,11170,용산구,1117013200,동빙고동,11,서울특별시,11560,영등포구,1156011000,여의도동,12,00,1,1844.0
20260112,여의도역,11,서울특별시,11170,용산구,1117013300,서빙고동,11,서울특별시,11560,영등포구,1156011000,여의도동,06,30,1,1949.0
20260112,여의도역,11,서울특별시,11170,용산구,1117013300,서빙고동,11,서울특별시,11560,영등포구,1156011000,여의도동,06,45,1,1897.0
20260112,여의도역,11,서울특별시,11170,용산구,1117013300,서빙고동,11,서울특별시,11560,영등포구,1156011000,여의도동,07,00,1,1549.0
20260112,여의도역,11,서울특별시,11170,용산구,1117013300,서빙고동,11,서울특별시,11560,영등포구,1156011000,여의도동,07,15,3,1822.0
20260112,여의도역,11,서울특별시,11170,용산구,1117013300,서빙고동,11,서울특별시,11560,영등포구,1156011000,여의도동,07,30,1,1976.0
20260112,여의도역,11,서울특별시,11170,용산구,1117013300,서빙고동,11,서울특별시,11560,영등포구,1156011000,여의도동,07,45,4,1671.0
20260112,여의도역,11,서울특별시,11170,용산구,1117013300,서빙고동,11,서울특별시,11560,영등포구,1156011000,여의도동,08,00,2,1905.0
20260112,여의도역,11,서울특별시,11170,용산구,1117013300,서빙고동,11,서울특별시,11560,영등포구,1156011000,여의도동,08,15,1,2045.0
20260112,여의도역,11,서울특별시,11170,용산구,1117013300,서빙고동,11,서울특별시,11560,영등포구,1156011000,여의도동,08,30,2,1752.0
20260112,여의도역,11,서울특별시,11170,용산구,1117013300,서빙고동,11,서울특별시,11560,영등포구,1156011000,여의도동,08,45,1,1681.0
20260112,여의도역,11,서울특별시,11170,용산구,1117013300,서빙고동,11,서울특별시,11560,영등포구,1156011000,여의도동,09,15,2,1701.0
20260112,여의도역,11,서울특별시,11170,용산구,1117013300,서빙고동,11,서울특별시,11560,영등포구,1156011000,여의도동,09,30,1,1574.0
20260112,여의도역,11,서울특별시,11170,용산구,1117013300,서빙고동,11,서울특별시,11560,영등포구,1156011000,여의도동,11,00,1,2025.0
20260112,여의도역,11,서울특별시,11170,용산구,1117013500,용산동6가,11,서울특별시,11560,영등포구,1156011000,여의도동,06,00,1,1135.0
20260112,여의도역,11,서울특별시,11170,용산구,1117013500,용산동6가,11,서울특별시,11560,영등포구,1156011000,여의도동,06,30,1,1947.0
20260112,여의도역,11,서울특별시,11170,용산구,1117013500,용산동6가,11,서울특별시,11560,영등포구,1156011000,여의도동,06,45,1,1146.0
20260112,여의도역,11,서울특별시,11170,용산구,1117013500,용산동6가,11,서울특별시,11560,영등포구,1156011000,여의도동,07,00,1,1239.0
20260112,여의도역,11,서울특별시,11170,용산구,1117013500,용산동6가,11,서울특별시,11560,영등포구,1156011000,여의도동,07,30,1,1606.0
20260112,여의도역,11,서울특별시,11170,용산구,1117013500,용산동6가,11,서울특별시,11560,영등포구,1156011000,여의도동,07,45,1,1693.0
20260112,여의도역,11,서울특별시,11170,용산구,1117013500,용산동6가,11,서울특별시,11560,영등포구,1156011000,여의도동,08,30,1,1453.0
20260112,여의도역,11,서울특별시,11170,용산구,1117013500,용산동6가,11,서울특별시,11560,영등포구,1156011000,여의도동,12,00,1,1014.0
20260112,여의도역,11,서울특별시,11170,용산구,1117013500,용산동6가,11,서울특별시,11560,영등포구,1156011000,여의도동,12,30,1,1633.0
20260112,여의도역,11,서울특별시,11170,용산구,1117013600,보광동,11,서울특별시,11560,영등포구,1156011000,여의도동,06,15,2,1652.0
20260112,여의도역,11,서울특별시,11170,용산구,1117013600,보광동,11,서울특별시,11560,영등포구,1156011000,여의도동,06,45,1,1594.0
20260112,여의도역,11,서울특별시,11170,용산구,1117013600,보광동,11,서울특별시,11560,영등포구,1156011000,여의도동,07,00,2,1499.0
20260112,여의도역,11,서울특별시,11170,용산구,1117013600,보광동,11,서울특별시,11560,영등포구,1156011000,여의도동,07,30,3,2204.0
20260112,여의도역,11,서울특별시,11170,용산구,1117013600,보광동,11,서울특별시,11560,영등포구,1156011000,여의도동,07,45,3,1779.0
20260112,여의도역,11,서울특별시,11170,용산구,1117013600,보광동,11,서울특별시,11560,영등포구,1156011000,여의도동,08,15,3,1483.0
20260112,여의도역,11,서울특별시,11170,용산구,1117013600,보광동,11,서울특별시,11560,영등포구,1156011000,여의도동,08,45,3,1407.0
20260112,여의도역,11,서울특별시,11170,용산구,1117013600,보광동,11,서울특별시,11560,영등포구,1156011000,여의도동,09,00,1,1893.0
20260112,여의도역,11,서울특별시,11170,용산구,1117013600,보광동,11,서울특별시,11560,영등포구,1156011000,여의도동,09,30,1,1391.0
20260112,여의도역,11,서울특별시,11170,용산구,1117013600,보광동,11,서울특별시,11560,영등포구,1156011000,여의도동,10,00,1,1309.0
20260112,여의도역,11,서울특별시,11170,용산구,1117013600,보광동,11,서울특별시,11560,영등포구,1156011000,여의도동,10,30,1,1682.0
20260112,여의도역,11,서울특별시,11170,용산구,1117013600,보광동,11,서울특별시,11560,영등포구,1156011000,여의도동,10,45,1,1701.0
20260112,여의도역,11,서울특별시,11170,용산구,1117013600,보광동,11,서울특별시,11560,영등포구,1156011000,여의도동,12,15,1,1574.0
20260112,여의도역,11,서울특별시,11200,성동구,1120010100,상왕십리동,11,서울특별시,11560,영등포구,1156011000,여의도동,06,30,2,2190.0
20260112,여의도역,11,서울특별시,11200,성동구,1120010100,상왕십리동,11,서울특별시,11560,영등포구,1156011000,여의도동,07,00,1,2477.0
20260112,여의도역,11,서울특별시,11200,성동구,1120010100,상왕십리동,11,서울특별시,11560,영등포구,1156011000,여의도동,07,15,2,2771.0
20260112,여의도역,11,서울특별시,11200,성동구,1120010100,상왕십리동,11,서울특별시,11560,영등포구,1156011000,여의도동,07,30,1,3179.0
20260112,여의도역,11,서울특별시,11200,성동구,1120010100,상왕십리동,11,서울특별시,11560,영등포구,1156011000,여의도동,08,00,1,2087.0
20260112,여의도역,11,서울특별시,11200,성동구,1120010100,상왕십리동,11,서울특별시,11560,영등포구,1156011000,여의도동,11,45,1,2868.0
20260112,여의도역,11,서울특별시,11200,성동구,1120010200,하왕십리동,11,서울특별시,11560,영등포구,1156011000,여의도동,06,00,4,2253.0
20260112,여의도역,11,서울특별시,11200,성동구,1120010200,하왕십리동,11,서울특별시,11560,영등포구,1156011000,여의도동,06,15,4,2292.0
20260112,여의도역,11,서울특별시,11200,성동구,1120010200,하왕십리동,11,서울특별시,11560,영등포구,1156011000,여의도동,06,30,10,2074.0
20260112,여의도역,11,서울특별시,11200,성동구,1120010200,하왕십리동,11,서울특별시,11560,영등포구,1156011000,여의도동,06,45,21,2085.0
20260112,여의도역,11,서울특별시,11200,성동구,1120010200,하왕십리동,11,서울특별시,11560,영등포구,1156011000,여의도동,07,00,16,1974.0
20260112,여의도역,11,서울특별시,11200,성동구,1120010200,하왕십리동,11,서울특별시,11560,영등포구,1156011000,여의도동,07,15,19,2078.0
20260112,여의도역,11,서울특별시,11200,성동구,1120010200,하왕십리동,11,서울특별시,11560,영등포구,1156011000,여의도동,07,30,26,2159.0
20260112,여의도역,11,서울특별시,11200,성동구,1120010200,하왕십리동,11,서울특별시,11560,영등포구,1156011000,여의도동,07,45,20,2188.0
20260112,여의도역,11,서울특별시,11200,성동구,1120010200,하왕십리동,11,서울특별시,11560,영등포구,1156011000,여의도동,08,00,21,2030.0
20260112,여의도역,11,서울특별시,11200,성동구,1120010200,하왕십리동,11,서울특별시,11560,영등포구,1156011000,여의도동,08,15,15,1935.0
20260112,여의도역,11,서울특별시,11200,성동구,1120010200,하왕십리동,11,서울특별시,11560,영등포구,1156011000,여의도동,08,30,6,2268.0
20260112,여의도역,11,서울특별시,11200,성동구,1120010200,하왕십리동,11,서울특별시,11560,영등포구,1156011000,여의도동,08,45,5,2332.0
20260112,여의도역,11,서울특별시,11200,성동구,1120010200,하왕십리동,11,서울특별시,11560,영등포구,1156011000,여의도동,09,00,4,2266.0
20260112,여의도역,11,서울특별시,11200,성동구,1120010200,하왕십리동,11,서울특별시,11560,영등포구,1156011000,여의도동,09,15,4,1997.0
20260112,여의도역,11,서울특별시,11200,성동구,1120010200,하왕십리동,11,서울특별시,11560,영등포구,1156011000,여의도동,09,30,1,1902.0
20260112,여의도역,11,서울특별시,11200,성동구,1120010200,하왕십리동,11,서울특별시,11560,영등포구,1156011000,여의도동,09,45,2,2016.0
20260112,여의도역,11,서울특별시,11200,성동구,1120010200,하왕십리동,11,서울특별시,11560,영등포구,1156011000,여의도동,10,00,1,2144.0
20260112,여의도역,11,서울특별시,11200,성동구,1120010200,하왕십리동,11,서울특별시,11560,영등포구,1156011000,여의도동,10,15,1,2001.0
20260112,여의도역,11,서울특별시,11200,성동구,1120010200,하왕십리동,11,서울특별시,11560,영등포구,1156011000,여의도동,10,45,2,1886.0
20260112,여의도역,11,서울특별시,11200,성동구,1120010200,하왕십리동,11,서울특별시,11560,영등포구,1156011000,여의도동,11,00,1,1834.0
20260112,여의도역,11,서울특별시,11200,성동구,1120010200,하왕십리동,11,서울특별시,11560,영등포구,1156011000,여의도동,11,15,1,1884.0
20260112,여의도역,11,서울특별시,11200,성동구,1120010200,하왕십리동,11,서울특별시,11560,영등포구,1156011000,여의도동,11,30,2,2062.0
20260112,여의도역,11,서울특별시,11200,성동구,1120010200,하왕십리동,11,서울특별시,11560,영등포구,1156011000,여의도동,11,45,2,2490.0
20260112,여의도역,11,서울특별시,11200,성동구,1120010200,하왕십리동,11,서울특별시,11560,영등포구,1156011000,여의도동,12,15,1,2308.0
20260112,여의도역,11,서울특별시,11200,성동구,1120010200,하왕십리동,11,서울특별시,11560,영등포구,1156011000,여의도동,12,30,1,2051.0
20260112,여의도역,11,서울특별시,11200,성동구,1120010200,하왕십리동,11,서울특별시,11560,영등포구,1156011000,여의도동,12,45,4,2285.0
20260112,여의도역,11,서울특별시,11200,성동구,1120010500,마장동,11,서울특별시,11560,영등포구,1156011000,여의도동,06,00,1,2055.0
20260112,여의도역,11,서울특별시,11200,성동구,1120010500,마장동,11,서울특별시,11560,영등포구,1156011000,여의도동,06,15,2,2029.0
20260112,여의도역,11,서울특별시,11200,성동구,1120010500,마장동,11,서울특별시,11560,영등포구,1156011000,여의도동,06,30,2,1984.0
20260112,여의도역,11,서울특별시,11200,성동구,1120010500,마장동,11,서울특별시,11560,영등포구,1156011000,여의도동,06,45,9,2217.0
20260112,여의도역,11,서울특별시,11200,성동구,1120010500,마장동,11,서울특별시,11560,영등포구,1156011000,여의도동,07,00,15,2097.0
20260112,여의도역,11,서울특별시,11200,성동구,1120010500,마장동,11,서울특별시,11560,영등포구,1156011000,여의도동,07,15,8,2115.0
20260112,여의도역,11,서울특별시,11200,성동구,1120010500,마장동,11,서울특별시,11560,영등포구,1156011000,여의도동,07,30,11,2188.0
20260112,여의도역,11,서울특별시,11200,성동구,1120010500,마장동,11,서울특별시,11560,영등포구,1156011000,여의도동,07,45,15,2205.0
20260112,여의도역,11,서울특별시,11200,성동구,1120010500,마장동,11,서울특별시,11560,영등포구,1156011000,여의도동,08,00,18,2181.0
20260112,여의도역,11,서울특별시,11200,성동구,1120010500,마장동,11,서울특별시,11560,영등포구,1156011000,여의도동,08,15,4,2278.0
20260112,여의도역,11,서울특별시,11200,성동구,1120010500,마장동,11,서울특별시,11560,영등포구,1156011000,여의도동,08,30,9,2062.0
20260112,여의도역,11,서울특별시,11200,성동구,1120010500,마장동,11,서울특별시,11560,영등포구,1156011000,여의도동,08,45,6,2020.0
20260112,여의도역,11,서울특별시,11200,성동구,1120010500,마장동,11,서울특별시,11560,영등포구,1156011000,여의도동,09,00,6,2198.0
20260112,여의도역,11,서울특별시,11200,성동구,1120010500,마장동,11,서울특별시,11560,영등포구,1156011000,여의도동,09,15,4,2040.0
20260112,여의도역,11,서울특별시,11200,성동구,1120010500,마장동,11,서울특별시,11560,영등포구,1156011000,여의도동,09,30,2,2138.0
20260112,여의도역,11,서울특별시,11200,성동구,1120010500,마장동,11,서울특별시,11560,영등포구,1156011000,여의도동,10,00,1,1737.0
20260112,여의도역,11,서울특별시,11200,성동구,1120010500,마장동,11,서울특별시,11560,영등포구,1156011000,여의도동,10,30,1,2273.0
20260112,여의도역,11,서울특별시,11200,성동구,1120010500,마장동,11,서울특별시,11560,영등포구,1156011000,여의도동,11,15,1,2539.0
20260112,여의도역,11,서울특별시,11200,성동구,1120010500,마장동,11,서울특별시,11560,영등포구,1156011000,여의도동,11,30,2,2156.0
20260112,여의도역,11,서울특별시,11200,성동구,1120010500,마장동,11,서울특별시,11560,영등포구,1156011000,여의도동,12,00,2,2971.0
20260112,여의도역,11,서울특별시,11200,성동구,1120010500,마장동,11,서울특별시,11560,영등포구,1156011000,여의도동,12,15,2,2296.0
20260112,여의도역,11,서울특별시,11200,성동구,1120010500,마장동,11,서울특별시,11560,영등포구,1156011000,여의도동,12,30,2,2106.0
20260112,여의도역,11,서울특별시,11200,성동구,1120010600,사근동,11,서울특별시,11560,영등포구,1156011000,여의도동,06,30,1,2178.0
20260112,여의도역,11,서울특별시,11200,성동구,1120010600,사근동,11,서울특별시,11560,영등포구,1156011000,여의도동,07,00,1,2450.0
20260112,여의도역,11,서울특별시,11200,성동구,1120010600,사근동,11,서울특별시,11560,영등포구,1156011000,여의도동,07,15,2,2495.0
20260112,여의도역,11,서울특별시,11200,성동구,1120010600,사근동,11,서울특별시,11560,영등포구,1156011000,여의도동,07,30,2,2762.0
20260112,여의도역,11,서울특별시,11200,성동구,1120010600,사근동,11,서울특별시,11560,영등포구,1156011000,여의도동,07,45,1,2170.0
20260112,여의도역,11,서울특별시,11200,성동구,1120010600,사근동,11,서울특별시,11560,영등포구,1156011000,여의도동,09,00,1,2450.0
20260112,여의도역,11,서울특별시,11200,성동구,1120010600,사근동,11,서울특별시,11560,영등포구,1156011000,여의도동,10,30,1,4084.0
20260112,여의도역,11,서울특별시,11200,성동구,1120010700,행당동,11,서울특별시,11560,영등포구,1156011000,여의도동,06,00,5,1840.0
20260112,여의도역,11,서울특별시,11200,성동구,1120010700,행당동,11,서울특별시,11560,영등포구,1156011000,여의도동,06,15,12,1950.0
20260112,여의도역,11,서울특별시,11200,성동구,1120010700,행당동,11,서울특별시,11560,영등포구,1156011000,여의도동,06,30,12,1871.0
20260112,여의도역,11,서울특별시,11200,성동구,1120010700,행당동,11,서울특별시,11560,영등포구,1156011000,여의도동,06,45,33,1984.0
20260112,여의도역,11,서울특별시,11200,성동구,1120010700,행당동,11,서울특별시,11560,영등포구,1156011000,여의도동,07,00,69,2020.0
20260112,여의도역,11,서울특별시,11200,성동구,1120010700,행당동,11,서울특별시,11560,영등포구,1156011000,여의도동,07,15,50,1967.0
20260112,여의도역,11,서울특별시,11200,성동구,1120010700,행당동,11,서울특별시,11560,영등포구,1156011000,여의도동,07,30,50,2069.0
20260112,여의도역,11,서울특별시,11200,성동구,1120010700,행당동,11,서울특별시,11560,영등포구,1156011000,여의도동,07,45,60,1999.0
20260112,여의도역,11,서울특별시,11200,성동구,1120010700,행당동,11,서울특별시,11560,영등포구,1156011000,여의도동,08,00,85,2030.0
20260112,여의도역,11,서울특별시,11200,성동구,1120010700,행당동,11,서울특별시,11560,영등포구,1156011000,여의도동,08,15,42,1912.0
20260112,여의도역,11,서울특별시,11200,성동구,1120010700,행당동,11,서울특별시,11560,영등포구,1156011000,여의도동,08,30,21,1962.0
20260112,여의도역,11,서울특별시,11200,성동구,1120010700,행당동,11,서울특별시,11560,영등포구,1156011000,여의도동,08,45,23,1962.0
20260112,여의도역,11,서울특별시,11200,성동구,1120010700,행당동,11,서울특별시,11560,영등포구,1156011000,여의도동,09,00,14,1928.0
20260112,여의도역,11,서울특별시,11200,성동구,1120010700,행당동,11,서울특별시,11560,영등포구,1156011000,여의도동,09,15,19,2092.0
20260112,여의도역,11,서울특별시,11200,성동구,1120010700,행당동,11,서울특별시,11560,영등포구,1156011000,여의도동,09,30,5,1921.0
20260112,여의도역,11,서울특별시,11200,성동구,1120010700,행당동,11,서울특별시,11560,영등포구,1156011000,여의도동,09,45,5,2099.0
20260112,여의도역,11,서울특별시,11200,성동구,1120010700,행당동,11,서울특별시,11560,영등포구,1156011000,여의도동,10,00,3,1984.0
20260112,여의도역,11,서울특별시,11200,성동구,1120010700,행당동,11,서울특별시,11560,영등포구,1156011000,여의도동,10,15,8,2494.0
20260112,여의도역,11,서울특별시,11200,성동구,1120010700,행당동,11,서울특별시,11560,영등포구,1156011000,여의도동,10,30,3,1948.0
20260112,여의도역,11,서울특별시,11200,성동구,1120010700,행당동,11,서울특별시,11560,영등포구,1156011000,여의도동,10,45,7,2008.0
20260112,여의도역,11,서울특별시,11200,성동구,1120010700,행당동,11,서울특별시,11560,영등포구,1156011000,여의도동,11,00,5,2184.0
20260112,여의도역,11,서울특별시,11200,성동구,1120010700,행당동,11,서울특별시,11560,영등포구,1156011000,여의도동,11,15,6,2046.0
20260112,여의도역,11,서울특별시,11200,성동구,1120010700,행당동,11,서울특별시,11560,영등포구,1156011000,여의도동,11,30,2,1962.0
20260112,여의도역,11,서울특별시,11200,성동구,1120010700,행당동,11,서울특별시,11560,영등포구,1156011000,여의도동,11,45,5,1957.0
20260112,여의도역,11,서울특별시,11200,성동구,1120010700,행당동,11,서울특별시,11560,영등포구,1156011000,여의도동,12,00,4,2166.0
20260112,여의도역,11,서울특별시,11200,성동구,1120010700,행당동,11,서울특별시,11560,영등포구,1156011000,여의도동,12,15,9,2106.0
20260112,여의도역,11,서울특별시,11200,성동구,1120010700,행당동,11,서울특별시,11560,영등포구,1156011000,여의도동,12,30,4,2055.0
20260112,여의도역,11,서울특별시,11200,성동구,1120010700,행당동,11,서울특별시,11560,영등포구,1156011000,여의도동,12,45,1,2500.0
20260112,여의도역,11,서울특별시,11200,성동구,1120010800,응봉동,11,서울특별시,11560,영등포구,1156011000,여의도동,06,15,2,1933.0
20260112,여의도역,11,서울특별시,11200,성동구,1120010800,응봉동,11,서울특별시,11560,영등포구,1156011000,여의도동,06,30,4,2222.0
20260112,여의도역,11,서울특별시,11200,성동구,1120010800,응봉동,11,서울특별시,11560,영등포구,1156011000,여의도동,06,45,10,2269.0
20260112,여의도역,11,서울특별시,11200,성동구,1120010800,응봉동,11,서울특별시,11560,영등포구,1156011000,여의도동,07,00,7,2380.0
20260112,여의도역,11,서울특별시,11200,성동구,1120010800,응봉동,11,서울특별시,11560,영등포구,1156011000,여의도동,07,15,5,2434.0
20260112,여의도역,11,서울특별시,11200,성동구,1120010800,응봉동,11,서울특별시,11560,영등포구,1156011000,여의도동,07,30,4,2234.0
20260112,여의도역,11,서울특별시,11200,성동구,1120010800,응봉동,11,서울특별시,11560,영등포구,1156011000,여의도동,07,45,7,2188.0
20260112,여의도역,11,서울특별시,11200,성동구,1120010800,응봉동,11,서울특별시,11560,영등포구,1156011000,여의도동,08,00,6,2295.0
20260112,여의도역,11,서울특별시,11200,성동구,1120010800,응봉동,11,서울특별시,11560,영등포구,1156011000,여의도동,08,15,2,2237.0
20260112,여의도역,11,서울특별시,11200,성동구,1120010800,응봉동,11,서울특별시,11560,영등포구,1156011000,여의도동,08,30,1,2190.0
20260112,여의도역,11,서울특별시,11200,성동구,1120010800,응봉동,11,서울특별시,11560,영등포구,1156011000,여의도동,08,45,4,2280.0
20260112,여의도역,11,서울특별시,11200,성동구,1120010800,응봉동,11,서울특별시,11560,영등포구,1156011000,여의도동,09,00,2,2004.0
20260112,여의도역,11,서울특별시,11200,성동구,1120010800,응봉동,11,서울특별시,11560,영등포구,1156011000,여의도동,09,15,3,2455.0
20260112,여의도역,11,서울특별시,11200,성동구,1120010800,응봉동,11,서울특별시,11560,영등포구,1156011000,여의도동,09,45,2,2383.0
20260112,여의도역,11,서울특별시,11200,성동구,1120010800,응봉동,11,서울특별시,11560,영등포구,1156011000,여의도동,10,30,1,2371.0
20260112,여의도역,11,서울특별시,11200,성동구,1120010900,금호동1가,11,서울특별시,11560,영등포구,1156011000,여의도동,06,00,1,1835.0
20260112,여의도역,11,서울특별시,11200,성동구,1120010900,금호동1가,11,서울특별시,11560,영등포구,1156011000,여의도동,06,15,3,1829.0
20260112,여의도역,11,서울특별시,11200,성동구,1120010900,금호동1가,11,서울특별시,11560,영등포구,1156011000,여의도동,06,30,10,1786.0
20260112,여의도역,11,서울특별시,11200,성동구,1120010900,금호동1가,11,서울특별시,11560,영등포구,1156011000,여의도동,06,45,11,1857.0
20260112,여의도역,11,서울특별시,11200,성동구,1120010900,금호동1가,11,서울특별시,11560,영등포구,1156011000,여의도동,07,00,27,1871.0
20260112,여의도역,11,서울특별시,11200,성동구,1120010900,금호동1가,11,서울특별시,11560,영등포구,1156011000,여의도동,07,15,37,1844.0
20260112,여의도역,11,서울특별시,11200,성동구,1120010900,금호동1가,11,서울특별시,11560,영등포구,1156011000,여의도동,07,30,27,1984.0
20260112,여의도역,11,서울특별시,11200,성동구,1120010900,금호동1가,11,서울특별시,11560,영등포구,1156011000,여의도동,07,45,28,1905.0
20260112,여의도역,11,서울특별시,11200,성동구,1120010900,금호동1가,11,서울특별시,11560,영등포구,1156011000,여의도동,08,00,26,1995.0
20260112,여의도역,11,서울특별시,11200,성동구,1120010900,금호동1가,11,서울특별시,11560,영등포구,1156011000,여의도동,08,15,21,1811.0
20260112,여의도역,11,서울특별시,11200,성동구,1120010900,금호동1가,11,서울특별시,11560,영등포구,1156011000,여의도동,08,30,11,1750.0
20260112,여의도역,11,서울특별시,11200,성동구,1120010900,금호동1가,11,서울특별시,11560,영등포구,1156011000,여의도동,08,45,10,1866.0
20260112,여의도역,11,서울특별시,11200,성동구,1120010900,금호동1가,11,서울특별시,11560,영등포구,1156011000,여의도동,09,00,11,1776.0
20260112,여의도역,11,서울특별시,11200,성동구,1120010900,금호동1가,11,서울특별시,11560,영등포구,1156011000,여의도동,09,15,4,1738.0
20260112,여의도역,11,서울특별시,11200,성동구,1120010900,금호동1가,11,서울특별시,11560,영등포구,1156011000,여의도동,09,30,2,1893.0
20260112,여의도역,11,서울특별시,11200,성동구,1120010900,금호동1가,11,서울특별시,11560,영등포구,1156011000,여의도동,09,45,1,1894.0
20260112,여의도역,11,서울특별시,11200,성동구,1120010900,금호동1가,11,서울특별시,11560,영등포구,1156011000,여의도동,10,00,3,1918.0
20260112,여의도역,11,서울특별시,11200,성동구,1120010900,금호동1가,11,서울특별시,11560,영등포구,1156011000,여의도동,10,15,2,1992.0
20260112,여의도역,11,서울특별시,11200,성동구,1120010900,금호동1가,11,서울특별시,11560,영등포구,1156011000,여의도동,10,45,3,1890.0
20260112,여의도역,11,서울특별시,11200,성동구,1120010900,금호동1가,11,서울특별시,11560,영등포구,1156011000,여의도동,11,00,2,1740.0
20260112,여의도역,11,서울특별시,11200,성동구,1120010900,금호동1가,11,서울특별시,11560,영등포구,1156011000,여의도동,11,30,1,2029.0
20260112,여의도역,11,서울특별시,11200,성동구,1120010900,금호동1가,11,서울특별시,11560,영등포구,1156011000,여의도동,12,00,2,2189.0
20260112,여의도역,11,서울특별시,11200,성동구,1120010900,금호동1가,11,서울특별시,11560,영등포구,1156011000,여의도동,12,45,5,1860.0
20260112,여의도역,11,서울특별시,11200,성동구,1120011100,금호동3가,11,서울특별시,11560,영등포구,1156011000,여의도동,06,15,2,2102.0
20260112,여의도역,11,서울특별시,11200,성동구,1120011100,금호동3가,11,서울특별시,11560,영등포구,1156011000,여의도동,06,30,3,1872.0
20260112,여의도역,11,서울특별시,11200,성동구,1120011100,금호동3가,11,서울특별시,11560,영등포구,1156011000,여의도동,06,45,3,1945.0
20260112,여의도역,11,서울특별시,11200,성동구,1120011100,금호동3가,11,서울특별시,11560,영등포구,1156011000,여의도동,07,00,18,2028.0
20260112,여의도역,11,서울특별시,11200,성동구,1120011100,금호동3가,11,서울특별시,11560,영등포구,1156011000,여의도동,07,15,8,2050.0
20260112,여의도역,11,서울특별시,11200,성동구,1120011100,금호동3가,11,서울특별시,11560,영등포구,1156011000,여의도동,07,30,7,2191.0
20260112,여의도역,11,서울특별시,11200,성동구,1120011100,금호동3가,11,서울특별시,11560,영등포구,1156011000,여의도동,07,45,6,1956.0
20260112,여의도역,11,서울특별시,11200,성동구,1120011100,금호동3가,11,서울특별시,11560,영등포구,1156011000,여의도동,08,00,7,2115.0
20260112,여의도역,11,서울특별시,11200,성동구,1120011100,금호동3가,11,서울특별시,11560,영등포구,1156011000,여의도동,08,15,11,1986.0
20260112,여의도역,11,서울특별시,11200,성동구,1120011100,금호동3가,11,서울특별시,11560,영등포구,1156011000,여의도동,08,30,6,2124.0
20260112,여의도역,11,서울특별시,11200,성동구,1120011100,금호동3가,11,서울특별시,11560,영등포구,1156011000,여의도동,08,45,5,2021.0
20260112,여의도역,11,서울특별시,11200,성동구,1120011100,금호동3가,11,서울특별시,11560,영등포구,1156011000,여의도동,09,00,4,2204.0
20260112,여의도역,11,서울특별시,11200,성동구,1120011100,금호동3가,11,서울특별시,11560,영등포구,1156011000,여의도동,09,15,3,1945.0
20260112,여의도역,11,서울특별시,11200,성동구,1120011100,금호동3가,11,서울특별시,11560,영등포구,1156011000,여의도동,09,30,2,1988.0
20260112,여의도역,11,서울특별시,11200,성동구,1120011100,금호동3가,11,서울특별시,11560,영등포구,1156011000,여의도동,09,45,2,1902.0
20260112,여의도역,11,서울특별시,11200,성동구,1120011100,금호동3가,11,서울특별시,11560,영등포구,1156011000,여의도동,10,00,1,2209.0
20260112,여의도역,11,서울특별시,11200,성동구,1120011100,금호동3가,11,서울특별시,11560,영등포구,1156011000,여의도동,10,15,2,2035.0
20260112,여의도역,11,서울특별시,11200,성동구,1120011100,금호동3가,11,서울특별시,11560,영등포구,1156011000,여의도동,11,00,1,2460.0
20260112,여의도역,11,서울특별시,11200,성동구,1120011100,금호동3가,11,서울특별시,11560,영등포구,1156011000,여의도동,11,30,1,2054.0
20260112,여의도역,11,서울특별시,11200,성동구,1120011100,금호동3가,11,서울특별시,11560,영등포구,1156011000,여의도동,11,45,1,2672.0
20260112,여의도역,11,서울특별시,11200,성동구,1120011100,금호동3가,11,서울특별시,11560,영등포구,1156011000,여의도동,12,15,2,2578.0
20260112,여의도역,11,서울특별시,11200,성동구,1120011100,금호동3가,11,서울특별시,11560,영등포구,1156011000,여의도동,12,30,3,2541.0
20260112,여의도역,11,서울특별시,11200,성동구,1120011200,금호동4가,11,서울특별시,11560,영등포구,1156011000,여의도동,06,30,2,1975.0
20260112,여의도역,11,서울특별시,11200,성동구,1120011200,금호동4가,11,서울특별시,11560,영등포구,1156011000,여의도동,06,45,2,2212.0
20260112,여의도역,11,서울특별시,11200,성동구,1120011200,금호동4가,11,서울특별시,11560,영등포구,1156011000,여의도동,07,00,3,2706.0
20260112,여의도역,11,서울특별시,11200,성동구,1120011200,금호동4가,11,서울특별시,11560,영등포구,1156011000,여의도동,07,15,3,2319.0
20260112,여의도역,11,서울특별시,11200,성동구,1120011200,금호동4가,11,서울특별시,11560,영등포구,1156011000,여의도동,07,30,1,2433.0
20260112,여의도역,11,서울특별시,11200,성동구,1120011200,금호동4가,11,서울특별시,11560,영등포구,1156011000,여의도동,07,45,3,2499.0
20260112,여의도역,11,서울특별시,11200,성동구,1120011200,금호동4가,11,서울특별시,11560,영등포구,1156011000,여의도동,08,00,3,2339.0
20260112,여의도역,11,서울특별시,11200,성동구,1120011200,금호동4가,11,서울특별시,11560,영등포구,1156011000,여의도동,08,45,3,2230.0
20260112,여의도역,11,서울특별시,11200,성동구,1120011200,금호동4가,11,서울특별시,11560,영등포구,1156011000,여의도동,09,00,1,2038.0
20260112,여의도역,11,서울특별시,11200,성동구,1120011200,금호동4가,11,서울특별시,11560,영등포구,1156011000,여의도동,09,45,1,2346.0
20260112,여의도역,11,서울특별시,11200,성동구,1120011200,금호동4가,11,서울특별시,11560,영등포구,1156011000,여의도동,11,00,1,2143.0
20260112,여의도역,11,서울특별시,11200,성동구,1120011200,금호동4가,11,서울특별시,11560,영등포구,1156011000,여의도동,12,00,1,2617.0
20260112,여의도역,11,서울특별시,11200,성동구,1120011300,옥수동,11,서울특별시,11560,영등포구,1156011000,여의도동,06,15,3,2250.0
20260112,여의도역,11,서울특별시,11200,성동구,1120011300,옥수동,11,서울특별시,11560,영등포구,1156011000,여의도동,06,45,4,1882.0
20260112,여의도역,11,서울특별시,11200,성동구,1120011300,옥수동,11,서울특별시,11560,영등포구,1156011000,여의도동,07,00,17,2151.0
20260112,여의도역,11,서울특별시,11200,성동구,1120011300,옥수동,11,서울특별시,11560,영등포구,1156011000,여의도동,07,15,12,2289.0
20260112,여의도역,11,서울특별시,11200,성동구,1120011300,옥수동,11,서울특별시,11560,영등포구,1156011000,여의도동,07,30,17,2157.0
20260112,여의도역,11,서울특별시,11200,성동구,1120011300,옥수동,11,서울특별시,11560,영등포구,1156011000,여의도동,07,45,12,1949.0
20260112,여의도역,11,서울특별시,11200,성동구,1120011300,옥수동,11,서울특별시,11560,영등포구,1156011000,여의도동,08,00,8,2176.0
20260112,여의도역,11,서울특별시,11200,성동구,1120011300,옥수동,11,서울특별시,11560,영등포구,1156011000,여의도동,08,15,6,2157.0
20260112,여의도역,11,서울특별시,11200,성동구,1120011300,옥수동,11,서울특별시,11560,영등포구,1156011000,여의도동,08,30,4,2112.0
20260112,여의도역,11,서울특별시,11200,성동구,1120011300,옥수동,11,서울특별시,11560,영등포구,1156011000,여의도동,08,45,7,2147.0
20260112,여의도역,11,서울특별시,11200,성동구,1120011300,옥수동,11,서울특별시,11560,영등포구,1156011000,여의도동,09,00,4,1979.0
20260112,여의도역,11,서울특별시,11200,성동구,1120011300,옥수동,11,서울특별시,11560,영등포구,1156011000,여의도동,09,15,3,1903.0
20260112,여의도역,11,서울특별시,11200,성동구,1120011300,옥수동,11,서울특별시,11560,영등포구,1156011000,여의도동,09,30,2,2377.0
20260112,여의도역,11,서울특별시,11200,성동구,1120011300,옥수동,11,서울특별시,11560,영등포구,1156011000,여의도동,09,45,1,1740.0
20260112,여의도역,11,서울특별시,11200,성동구,1120011300,옥수동,11,서울특별시,11560,영등포구,1156011000,여의도동,10,00,3,2515.0
20260112,여의도역,11,서울특별시,11200,성동구,1120011300,옥수동,11,서울특별시,11560,영등포구,1156011000,여의도동,11,00,1,2242.0
20260112,여의도역,11,서울특별시,11200,성동구,1120011300,옥수동,11,서울특별시,11560,영등포구,1156011000,여의도동,11,30,2,2307.0
20260112,여의도역,11,서울특별시,11200,성동구,1120011300,옥수동,11,서울특별시,11560,영등포구,1156011000,여의도동,11,45,2,1963.0
20260112,여의도역,11,서울특별시,11200,성동구,1120011400,성수동1가,11,서울특별시,11560,영등포구,1156011000,여의도동,06,00,1,1867.0
20260112,여의도역,11,서울특별시,11200,성동구,1120011400,성수동1가,11,서울특별시,11560,영등포구,1156011000,여의도동,06,15,5,2571.0
20260112,여의도역,11,서울특별시,11200,성동구,1120011400,성수동1가,11,서울특별시,11560,영등포구,1156011000,여의도동,06,30,6,2378.0
20260112,여의도역,11,서울특별시,11200,성동구,1120011400,성수동1가,11,서울특별시,11560,영등포구,1156011000,여의도동,06,45,11,2289.0
20260112,여의도역,11,서울특별시,11200,성동구,1120011400,성수동1가,11,서울특별시,11560,영등포구,1156011000,여의도동,07,00,13,2466.0
20260112,여의도역,11,서울특별시,11200,성동구,1120011400,성수동1가,11,서울특별시,11560,영등포구,1156011000,여의도동,07,15,9,2409.0
20260112,여의도역,11,서울특별시,11200,성동구,1120011400,성수동1가,11,서울특별시,11560,영등포구,1156011000,여의도동,07,30,17,2465.0
20260112,여의도역,11,서울특별시,11200,성동구,1120011400,성수동1가,11,서울특별시,11560,영등포구,1156011000,여의도동,07,45,21,2395.0
20260112,여의도역,11,서울특별시,11200,성동구,1120011400,성수동1가,11,서울특별시,11560,영등포구,1156011000,여의도동,08,00,21,2300.0
20260112,여의도역,11,서울특별시,11200,성동구,1120011400,성수동1가,11,서울특별시,11560,영등포구,1156011000,여의도동,08,15,5,2367.0
20260112,여의도역,11,서울특별시,11200,성동구,1120011400,성수동1가,11,서울특별시,11560,영등포구,1156011000,여의도동,08,30,5,2146.0
20260112,여의도역,11,서울특별시,11200,성동구,1120011400,성수동1가,11,서울특별시,11560,영등포구,1156011000,여의도동,08,45,5,2228.0
20260112,여의도역,11,서울특별시,11200,성동구,1120011400,성수동1가,11,서울특별시,11560,영등포구,1156011000,여의도동,09,00,4,2148.0
20260112,여의도역,11,서울특별시,11200,성동구,1120011400,성수동1가,11,서울특별시,11560,영등포구,1156011000,여의도동,09,15,1,3056.0
20260112,여의도역,11,서울특별시,11200,성동구,1120011400,성수동1가,11,서울특별시,11560,영등포구,1156011000,여의도동,09,30,2,2285.0
20260112,여의도역,11,서울특별시,11200,성동구,1120011400,성수동1가,11,서울특별시,11560,영등포구,1156011000,여의도동,09,45,3,2083.0
20260112,여의도역,11,서울특별시,11200,성동구,1120011400,성수동1가,11,서울특별시,11560,영등포구,1156011000,여의도동,10,00,2,2541.0
20260112,여의도역,11,서울특별시,11200,성동구,1120011400,성수동1가,11,서울특별시,11560,영등포구,1156011000,여의도동,10,15,1,2405.0
20260112,여의도역,11,서울특별시,11200,성동구,1120011400,성수동1가,11,서울특별시,11560,영등포구,1156011000,여의도동,10,30,2,2350.0
20260112,여의도역,11,서울특별시,11200,성동구,1120011400,성수동1가,11,서울특별시,11560,영등포구,1156011000,여의도동,10,45,2,2046.0
20260112,여의도역,11,서울특별시,11200,성동구,1120011400,성수동1가,11,서울특별시,11560,영등포구,1156011000,여의도동,11,45,3,2577.0
20260112,여의도역,11,서울특별시,11200,성동구,1120011400,성수동1가,11,서울특별시,11560,영등포구,1156011000,여의도동,12,30,3,2359.0
20260112,여의도역,11,서울특별시,11200,성동구,1120011500,성수동2가,11,서울특별시,11560,영등포구,1156011000,여의도동,06,00,3,2521.0
20260112,여의도역,11,서울특별시,11200,성동구,1120011500,성수동2가,11,서울특별시,11560,영등포구,1156011000,여의도동,06,15,2,2789.0
20260112,여의도역,11,서울특별시,11200,성동구,1120011500,성수동2가,11,서울특별시,11560,영등포구,1156011000,여의도동,06,30,1,2944.0
20260112,여의도역,11,서울특별시,11200,성동구,1120011500,성수동2가,11,서울특별시,11560,영등포구,1156011000,여의도동,06,45,7,2675.0
20260112,여의도역,11,서울특별시,11200,성동구,1120011500,성수동2가,11,서울특별시,11560,영등포구,1156011000,여의도동,07,00,8,2522.0
20260112,여의도역,11,서울특별시,11200,성동구,1120011500,성수동2가,11,서울특별시,11560,영등포구,1156011000,여의도동,07,15,10,2590.0
20260112,여의도역,11,서울특별시,11200,성동구,1120011500,성수동2가,11,서울특별시,11560,영등포구,1156011000,여의도동,07,30,25,2568.0
20260112,여의도역,11,서울특별시,11200,성동구,1120011500,성수동2가,11,서울특별시,11560,영등포구,1156011000,여의도동,07,45,16,2671.0
20260112,여의도역,11,서울특별시,11200,성동구,1120011500,성수동2가,11,서울특별시,11560,영등포구,1156011000,여의도동,08,00,17,2373.0
20260112,여의도역,11,서울특별시,11200,성동구,1120011500,성수동2가,11,서울특별시,11560,영등포구,1156011000,여의도동,08,15,4,2374.0
20260112,여의도역,11,서울특별시,11200,성동구,1120011500,성수동2가,11,서울특별시,11560,영등포구,1156011000,여의도동,08,30,4,2556.0
20260112,여의도역,11,서울특별시,11200,성동구,1120011500,성수동2가,11,서울특별시,11560,영등포구,1156011000,여의도동,08,45,4,2298.0
20260112,여의도역,11,서울특별시,11200,성동구,1120011500,성수동2가,11,서울특별시,11560,영등포구,1156011000,여의도동,09,00,2,2749.0
20260112,여의도역,11,서울특별시,11200,성동구,1120011500,성수동2가,11,서울특별시,11560,영등포구,1156011000,여의도동,09,15,2,2651.0
20260112,여의도역,11,서울특별시,11200,성동구,1120011500,성수동2가,11,서울특별시,11560,영등포구,1156011000,여의도동,09,30,2,2404.0
20260112,여의도역,11,서울특별시,11200,성동구,1120011500,성수동2가,11,서울특별시,11560,영등포구,1156011000,여의도동,09,45,7,2599.0
20260112,여의도역,11,서울특별시,11200,성동구,1120011500,성수동2가,11,서울특별시,11560,영등포구,1156011000,여의도동,10,00,3,2454.0
20260112,여의도역,11,서울특별시,11200,성동구,1120011500,성수동2가,11,서울특별시,11560,영등포구,1156011000,여의도동,10,15,3,2398.0
20260112,여의도역,11,서울특별시,11200,성동구,1120011500,성수동2가,11,서울특별시,11560,영등포구,1156011000,여의도동,10,30,4,2930.0
20260112,여의도역,11,서울특별시,11200,성동구,1120011500,성수동2가,11,서울특별시,11560,영등포구,1156011000,여의도동,10,45,5,2712.0
20260112,여의도역,11,서울특별시,11200,성동구,1120011500,성수동2가,11,서울특별시,11560,영등포구,1156011000,여의도동,11,00,3,2453.0
20260112,여의도역,11,서울특별시,11200,성동구,1120011500,성수동2가,11,서울특별시,11560,영등포구,1156011000,여의도동,11,15,2,2490.0
20260112,여의도역,11,서울특별시,11200,성동구,1120011500,성수동2가,11,서울특별시,11560,영등포구,1156011000,여의도동,11,30,3,2646.0
20260112,여의도역,11,서울특별시,11200,성동구,1120011500,성수동2가,11,서울특별시,11560,영등포구,1156011000,여의도동,11,45,7,2786.0
20260112,여의도역,11,서울특별시,11200,성동구,1120011500,성수동2가,11,서울특별시,11560,영등포구,1156011000,여의도동,12,00,3,2911.0
20260112,여의도역,11,서울특별시,11200,성동구,1120011500,성수동2가,11,서울특별시,11560,영등포구,1156011000,여의도동,12,15,2,3255.0
20260112,여의도역,11,서울특별시,11200,성동구,1120011500,성수동2가,11,서울특별시,11560,영등포구,1156011000,여의도동,12,30,2,3121.0
20260112,여의도역,11,서울특별시,11200,성동구,1120011500,성수동2가,11,서울특별시,11560,영등포구,1156011000,여의도동,12,45,3,3134.0
20260112,여의도역,11,서울특별시,11200,성동구,1120011800,송정동,11,서울특별시,11560,영등포구,1156011000,여의도동,06,15,1,2463.0
20260112,여의도역,11,서울특별시,11200,성동구,1120011800,송정동,11,서울특별시,11560,영등포구,1156011000,여의도동,07,00,1,2642.0
20260112,여의도역,11,서울특별시,11200,성동구,1120011800,송정동,11,서울특별시,11560,영등포구,1156011000,여의도동,07,15,1,2521.0
20260112,여의도역,11,서울특별시,11200,성동구,1120011800,송정동,11,서울특별시,11560,영등포구,1156011000,여의도동,07,30,1,2652.0
20260112,여의도역,11,서울특별시,11200,성동구,1120011800,송정동,11,서울특별시,11560,영등포구,1156011000,여의도동,07,45,1,3646.0
20260112,여의도역,11,서울특별시,11200,성동구,1120011800,송정동,11,서울특별시,11560,영등포구,1156011000,여의도동,08,00,1,2620.0
20260112,여의도역,11,서울특별시,11200,성동구,1120011800,송정동,11,서울특별시,11560,영등포구,1156011000,여의도동,10,15,1,2183.0
20260112,여의도역,11,서울특별시,11200,성동구,1120011800,송정동,11,서울특별시,11560,영등포구,1156011000,여의도동,12,30,1,2601.0
20260112,여의도역,11,서울특별시,11200,성동구,1120012200,용답동,11,서울특별시,11560,영등포구,1156011000,여의도동,07,30,2,2495.0
20260112,여의도역,11,서울특별시,11200,성동구,1120012200,용답동,11,서울특별시,11560,영등포구,1156011000,여의도동,08,00,2,2255.0
20260112,여의도역,11,서울특별시,11200,성동구,1120012200,용답동,11,서울특별시,11560,영등포구,1156011000,여의도동,08,15,1,2138.0
20260112,여의도역,11,서울특별시,11200,성동구,1120012200,용답동,11,서울특별시,11560,영등포구,1156011000,여의도동,08,30,1,2128.0
20260112,여의도역,11,서울특별시,11215,광진구,1121510100,중곡동,11,서울특별시,11560,영등포구,1156011000,여의도동,06,00,6,2697.0
20260112,여의도역,11,서울특별시,11215,광진구,1121510100,중곡동,11,서울특별시,11560,영등포구,1156011000,여의도동,06,15,5,2633.0
20260112,여의도역,11,서울특별시,11215,광진구,1121510100,중곡동,11,서울특별시,11560,영등포구,1156011000,여의도동,06,30,12,2674.0
20260112,여의도역,11,서울특별시,11215,광진구,1121510100,중곡동,11,서울특별시,11560,영등포구,1156011000,여의도동,06,45,14,2746.0
20260112,여의도역,11,서울특별시,11215,광진구,1121510100,중곡동,11,서울특별시,11560,영등포구,1156011000,여의도동,07,00,30,2704.0
20260112,여의도역,11,서울특별시,11215,광진구,1121510100,중곡동,11,서울특별시,11560,영등포구,1156011000,여의도동,07,15,24,2811.0
20260112,여의도역,11,서울특별시,11215,광진구,1121510100,중곡동,11,서울특별시,11560,영등포구,1156011000,여의도동,07,30,38,2698.0
20260112,여의도역,11,서울특별시,11215,광진구,1121510100,중곡동,11,서울특별시,11560,영등포구,1156011000,여의도동,07,45,41,2786.0
20260112,여의도역,11,서울특별시,11215,광진구,1121510100,중곡동,11,서울특별시,11560,영등포구,1156011000,여의도동,08,00,36,2619.0
20260112,여의도역,11,서울특별시,11215,광진구,1121510100,중곡동,11,서울특별시,11560,영등포구,1156011000,여의도동,08,15,10,2585.0
20260112,여의도역,11,서울특별시,11215,광진구,1121510100,중곡동,11,서울특별시,11560,영등포구,1156011000,여의도동,08,30,19,2627.0
20260112,여의도역,11,서울특별시,11215,광진구,1121510100,중곡동,11,서울특별시,11560,영등포구,1156011000,여의도동,08,45,11,2524.0
20260112,여의도역,11,서울특별시,11215,광진구,1121510100,중곡동,11,서울특별시,11560,영등포구,1156011000,여의도동,09,00,18,2560.0
20260112,여의도역,11,서울특별시,11215,광진구,1121510100,중곡동,11,서울특별시,11560,영등포구,1156011000,여의도동,09,15,6,2680.0
20260112,여의도역,11,서울특별시,11215,광진구,1121510100,중곡동,11,서울특별시,11560,영등포구,1156011000,여의도동,09,30,4,2730.0
20260112,여의도역,11,서울특별시,11215,광진구,1121510100,중곡동,11,서울특별시,11560,영등포구,1156011000,여의도동,09,45,5,2734.0
20260112,여의도역,11,서울특별시,11215,광진구,1121510100,중곡동,11,서울특별시,11560,영등포구,1156011000,여의도동,10,00,4,2580.0
20260112,여의도역,11,서울특별시,11215,광진구,1121510100,중곡동,11,서울특별시,11560,영등포구,1156011000,여의도동,10,15,4,2983.0
20260112,여의도역,11,서울특별시,11215,광진구,1121510100,중곡동,11,서울특별시,11560,영등포구,1156011000,여의도동,10,30,5,3225.0
20260112,여의도역,11,서울특별시,11215,광진구,1121510100,중곡동,11,서울특별시,11560,영등포구,1156011000,여의도동,10,45,3,3267.0
20260112,여의도역,11,서울특별시,11215,광진구,1121510100,중곡동,11,서울특별시,11560,영등포구,1156011000,여의도동,11,00,4,2371.0
20260112,여의도역,11,서울특별시,11215,광진구,1121510100,중곡동,11,서울특별시,11560,영등포구,1156011000,여의도동,11,15,1,2527.0
20260112,여의도역,11,서울특별시,11215,광진구,1121510100,중곡동,11,서울특별시,11560,영등포구,1156011000,여의도동,11,30,2,2933.0
20260112,여의도역,11,서울특별시,11215,광진구,1121510100,중곡동,11,서울특별시,11560,영등포구,1156011000,여의도동,11,45,3,3558.0
20260112,여의도역,11,서울특별시,11215,광진구,1121510100,중곡동,11,서울특별시,11560,영등포구,1156011000,여의도동,12,00,3,2660.0
20260112,여의도역,11,서울특별시,11215,광진구,1121510100,중곡동,11,서울특별시,11560,영등포구,1156011000,여의도동,12,15,3,2510.0
20260112,여의도역,11,서울특별시,11215,광진구,1121510100,중곡동,11,서울특별시,11560,영등포구,1156011000,여의도동,12,30,2,2559.0
20260112,여의도역,11,서울특별시,11215,광진구,1121510100,중곡동,11,서울특별시,11560,영등포구,1156011000,여의도동,12,45,1,3242.0
20260112,여의도역,11,서울특별시,11215,광진구,1121510200,능동,11,서울특별시,11560,영등포구,1156011000,여의도동,06,00,4,2894.0
20260112,여의도역,11,서울특별시,11215,광진구,1121510200,능동,11,서울특별시,11560,영등포구,1156011000,여의도동,06,15,2,2526.0
20260112,여의도역,11,서울특별시,11215,광진구,1121510200,능동,11,서울특별시,11560,영등포구,1156011000,여의도동,06,30,4,2551.0
20260112,여의도역,11,서울특별시,11215,광진구,1121510200,능동,11,서울특별시,11560,영등포구,1156011000,여의도동,06,45,5,2648.0
20260112,여의도역,11,서울특별시,11215,광진구,1121510200,능동,11,서울특별시,11560,영등포구,1156011000,여의도동,07,00,8,2970.0
20260112,여의도역,11,서울특별시,11215,광진구,1121510200,능동,11,서울특별시,11560,영등포구,1156011000,여의도동,07,15,6,2967.0
20260112,여의도역,11,서울특별시,11215,광진구,1121510200,능동,11,서울특별시,11560,영등포구,1156011000,여의도동,07,30,5,2904.0
20260112,여의도역,11,서울특별시,11215,광진구,1121510200,능동,11,서울특별시,11560,영등포구,1156011000,여의도동,07,45,10,2772.0
20260112,여의도역,11,서울특별시,11215,광진구,1121510200,능동,11,서울특별시,11560,영등포구,1156011000,여의도동,08,00,3,2732.0
20260112,여의도역,11,서울특별시,11215,광진구,1121510200,능동,11,서울특별시,11560,영등포구,1156011000,여의도동,08,15,1,2641.0
20260112,여의도역,11,서울특별시,11215,광진구,1121510200,능동,11,서울특별시,11560,영등포구,1156011000,여의도동,08,30,2,2555.0
20260112,여의도역,11,서울특별시,11215,광진구,1121510200,능동,11,서울특별시,11560,영등포구,1156011000,여의도동,08,45,2,2993.0
20260112,여의도역,11,서울특별시,11215,광진구,1121510200,능동,11,서울특별시,11560,영등포구,1156011000,여의도동,09,00,1,2633.0
20260112,여의도역,11,서울특별시,11215,광진구,1121510200,능동,11,서울특별시,11560,영등포구,1156011000,여의도동,09,30,2,2834.0
20260112,여의도역,11,서울특별시,11215,광진구,1121510200,능동,11,서울특별시,11560,영등포구,1156011000,여의도동,09,45,1,2686.0
20260112,여의도역,11,서울특별시,11215,광진구,1121510200,능동,11,서울특별시,11560,영등포구,1156011000,여의도동,10,15,2,2669.0
20260112,여의도역,11,서울특별시,11215,광진구,1121510200,능동,11,서울특별시,11560,영등포구,1156011000,여의도동,10,30,1,2454.0
20260112,여의도역,11,서울특별시,11215,광진구,1121510200,능동,11,서울특별시,11560,영등포구,1156011000,여의도동,11,00,1,2737.0
20260112,여의도역,11,서울특별시,11215,광진구,1121510200,능동,11,서울특별시,11560,영등포구,1156011000,여의도동,11,15,1,2740.0
20260112,여의도역,11,서울특별시,11215,광진구,1121510200,능동,11,서울특별시,11560,영등포구,1156011000,여의도동,11,45,2,2648.0
20260112,여의도역,11,서울특별시,11215,광진구,1121510200,능동,11,서울특별시,11560,영등포구,1156011000,여의도동,12,00,1,2957.0
20260112,여의도역,11,서울특별시,11215,광진구,1121510200,능동,11,서울특별시,11560,영등포구,1156011000,여의도동,12,30,2,3150.0
20260112,여의도역,11,서울특별시,11215,광진구,1121510200,능동,11,서울특별시,11560,영등포구,1156011000,여의도동,12,45,1,2931.0
20260112,여의도역,11,서울특별시,11215,광진구,1121510300,구의동,11,서울특별시,11560,영등포구,1156011000,여의도동,06,00,7,2578.0
20260112,여의도역,11,서울특별시,11215,광진구,1121510300,구의동,11,서울특별시,11560,영등포구,1156011000,여의도동,06,15,6,2579.0
20260112,여의도역,11,서울특별시,11215,광진구,1121510300,구의동,11,서울특별시,11560,영등포구,1156011000,여의도동,06,30,14,2775.0
20260112,여의도역,11,서울특별시,11215,광진구,1121510300,구의동,11,서울특별시,11560,영등포구,1156011000,여의도동,06,45,32,2803.0
20260112,여의도역,11,서울특별시,11215,광진구,1121510300,구의동,11,서울특별시,11560,영등포구,1156011000,여의도동,07,00,33,2778.0
20260112,여의도역,11,서울특별시,11215,광진구,1121510300,구의동,11,서울특별시,11560,영등포구,1156011000,여의도동,07,15,25,2933.0
20260112,여의도역,11,서울특별시,11215,광진구,1121510300,구의동,11,서울특별시,11560,영등포구,1156011000,여의도동,07,30,26,2846.0
20260112,여의도역,11,서울특별시,11215,광진구,1121510300,구의동,11,서울특별시,11560,영등포구,1156011000,여의도동,07,45,51,2793.0
20260112,여의도역,11,서울특별시,11215,광진구,1121510300,구의동,11,서울특별시,11560,영등포구,1156011000,여의도동,08,00,32,2674.0
20260112,여의도역,11,서울특별시,11215,광진구,1121510300,구의동,11,서울특별시,11560,영등포구,1156011000,여의도동,08,15,10,2737.0
20260112,여의도역,11,서울특별시,11215,광진구,1121510300,구의동,11,서울특별시,11560,영등포구,1156011000,여의도동,08,30,18,2655.0
20260112,여의도역,11,서울특별시,11215,광진구,1121510300,구의동,11,서울특별시,11560,영등포구,1156011000,여의도동,08,45,18,2861.0
20260112,여의도역,11,서울특별시,11215,광진구,1121510300,구의동,11,서울특별시,11560,영등포구,1156011000,여의도동,09,00,8,2761.0
20260112,여의도역,11,서울특별시,11215,광진구,1121510300,구의동,11,서울특별시,11560,영등포구,1156011000,여의도동,09,15,3,2835.0
20260112,여의도역,11,서울특별시,11215,광진구,1121510300,구의동,11,서울특별시,11560,영등포구,1156011000,여의도동,09,30,2,2719.0
20260112,여의도역,11,서울특별시,11215,광진구,1121510300,구의동,11,서울특별시,11560,영등포구,1156011000,여의도동,09,45,4,3062.0
20260112,여의도역,11,서울특별시,11215,광진구,1121510300,구의동,11,서울특별시,11560,영등포구,1156011000,여의도동,10,00,3,3352.0
20260112,여의도역,11,서울특별시,11215,광진구,1121510300,구의동,11,서울특별시,11560,영등포구,1156011000,여의도동,10,15,3,2603.0
20260112,여의도역,11,서울특별시,11215,광진구,1121510300,구의동,11,서울특별시,11560,영등포구,1156011000,여의도동,10,30,5,2896.0
20260112,여의도역,11,서울특별시,11215,광진구,1121510300,구의동,11,서울특별시,11560,영등포구,1156011000,여의도동,10,45,2,2973.0
20260112,여의도역,11,서울특별시,11215,광진구,1121510300,구의동,11,서울특별시,11560,영등포구,1156011000,여의도동,11,00,4,2987.0
20260112,여의도역,11,서울특별시,11215,광진구,1121510300,구의동,11,서울특별시,11560,영등포구,1156011000,여의도동,11,15,4,2551.0
20260112,여의도역,11,서울특별시,11215,광진구,1121510300,구의동,11,서울특별시,11560,영등포구,1156011000,여의도동,11,30,3,2638.0
20260112,여의도역,11,서울특별시,11215,광진구,1121510300,구의동,11,서울특별시,11560,영등포구,1156011000,여의도동,11,45,4,2949.0
20260112,여의도역,11,서울특별시,11215,광진구,1121510300,구의동,11,서울특별시,11560,영등포구,1156011000,여의도동,12,00,4,2747.0
20260112,여의도역,11,서울특별시,11215,광진구,1121510300,구의동,11,서울특별시,11560,영등포구,1156011000,여의도동,12,15,1,2447.0
20260112,여의도역,11,서울특별시,11215,광진구,1121510300,구의동,11,서울특별시,11560,영등포구,1156011000,여의도동,12,30,1,3502.0
20260112,여의도역,11,서울특별시,11215,광진구,1121510300,구의동,11,서울특별시,11560,영등포구,1156011000,여의도동,12,45,2,3363.0
20260112,여의도역,11,서울특별시,11215,광진구,1121510400,광장동,11,서울특별시,11560,영등포구,1156011000,여의도동,06,00,1,2968.0
20260112,여의도역,11,서울특별시,11215,광진구,1121510400,광장동,11,서울특별시,11560,영등포구,1156011000,여의도동,06,15,14,2670.0
20260112,여의도역,11,서울특별시,11215,광진구,1121510400,광장동,11,서울특별시,11560,영등포구,1156011000,여의도동,06,30,17,2693.0
20260112,여의도역,11,서울특별시,11215,광진구,1121510400,광장동,11,서울특별시,11560,영등포구,1156011000,여의도동,06,45,36,2858.0
20260112,여의도역,11,서울특별시,11215,광진구,1121510400,광장동,11,서울특별시,11560,영등포구,1156011000,여의도동,07,00,28,2766.0
20260112,여의도역,11,서울특별시,11215,광진구,1121510400,광장동,11,서울특별시,11560,영등포구,1156011000,여의도동,07,15,25,2875.0
20260112,여의도역,11,서울특별시,11215,광진구,1121510400,광장동,11,서울특별시,11560,영등포구,1156011000,여의도동,07,30,29,2863.0
20260112,여의도역,11,서울특별시,11215,광진구,1121510400,광장동,11,서울특별시,11560,영등포구,1156011000,여의도동,07,45,28,2745.0
20260112,여의도역,11,서울특별시,11215,광진구,1121510400,광장동,11,서울특별시,11560,영등포구,1156011000,여의도동,08,00,13,2837.0
20260112,여의도역,11,서울특별시,11215,광진구,1121510400,광장동,11,서울특별시,11560,영등포구,1156011000,여의도동,08,15,12,2726.0
20260112,여의도역,11,서울특별시,11215,광진구,1121510400,광장동,11,서울특별시,11560,영등포구,1156011000,여의도동,08,30,6,2698.0
20260112,여의도역,11,서울특별시,11215,광진구,1121510400,광장동,11,서울특별시,11560,영등포구,1156011000,여의도동,08,45,5,2716.0
20260112,여의도역,11,서울특별시,11215,광진구,1121510400,광장동,11,서울특별시,11560,영등포구,1156011000,여의도동,09,00,4,2654.0
20260112,여의도역,11,서울특별시,11215,광진구,1121510400,광장동,11,서울특별시,11560,영등포구,1156011000,여의도동,09,15,2,2571.0
20260112,여의도역,11,서울특별시,11215,광진구,1121510400,광장동,11,서울특별시,11560,영등포구,1156011000,여의도동,09,30,1,3184.0
20260112,여의도역,11,서울특별시,11215,광진구,1121510400,광장동,11,서울특별시,11560,영등포구,1156011000,여의도동,09,45,1,2514.0
20260112,여의도역,11,서울특별시,11215,광진구,1121510400,광장동,11,서울특별시,11560,영등포구,1156011000,여의도동,10,00,2,2908.0
20260112,여의도역,11,서울특별시,11215,광진구,1121510400,광장동,11,서울특별시,11560,영등포구,1156011000,여의도동,10,15,1,2772.0
20260112,여의도역,11,서울특별시,11215,광진구,1121510400,광장동,11,서울특별시,11560,영등포구,1156011000,여의도동,10,30,2,2636.0
20260112,여의도역,11,서울특별시,11215,광진구,1121510400,광장동,11,서울특별시,11560,영등포구,1156011000,여의도동,10,45,2,2816.0
20260112,여의도역,11,서울특별시,11215,광진구,1121510400,광장동,11,서울특별시,11560,영등포구,1156011000,여의도동,11,00,3,2675.0
20260112,여의도역,11,서울특별시,11215,광진구,1121510400,광장동,11,서울특별시,11560,영등포구,1156011000,여의도동,11,15,1,2591.0
20260112,여의도역,11,서울특별시,11215,광진구,1121510400,광장동,11,서울특별시,11560,영등포구,1156011000,여의도동,11,45,4,2607.0
20260112,여의도역,11,서울특별시,11215,광진구,1121510400,광장동,11,서울특별시,11560,영등포구,1156011000,여의도동,12,00,2,3172.0
20260112,여의도역,11,서울특별시,11215,광진구,1121510400,광장동,11,서울특별시,11560,영등포구,1156011000,여의도동,12,15,1,2652.0
20260112,여의도역,11,서울특별시,11215,광진구,1121510400,광장동,11,서울특별시,11560,영등포구,1156011000,여의도동,12,30,1,3249.0
20260112,여의도역,11,서울특별시,11215,광진구,1121510400,광장동,11,서울특별시,11560,영등포구,1156011000,여의도동,12,45,2,2740.0
20260112,여의도역,11,서울특별시,11215,광진구,1121510500,자양동,11,서울특별시,11560,영등포구,1156011000,여의도동,06,00,8,3194.0
20260112,여의도역,11,서울특별시,11215,광진구,1121510500,자양동,11,서울특별시,11560,영등포구,1156011000,여의도동,06,15,14,2863.0
20260112,여의도역,11,서울특별시,11215,광진구,1121510500,자양동,11,서울특별시,11560,영등포구,1156011000,여의도동,06,30,20,2728.0
20260112,여의도역,11,서울특별시,11215,광진구,1121510500,자양동,11,서울특별시,11560,영등포구,1156011000,여의도동,06,45,26,2935.0
20260112,여의도역,11,서울특별시,11215,광진구,1121510500,자양동,11,서울특별시,11560,영등포구,1156011000,여의도동,07,00,23,2639.0
20260112,여의도역,11,서울특별시,11215,광진구,1121510500,자양동,11,서울특별시,11560,영등포구,1156011000,여의도동,07,15,34,3009.0
20260112,여의도역,11,서울특별시,11215,광진구,1121510500,자양동,11,서울특별시,11560,영등포구,1156011000,여의도동,07,30,42,2869.0
20260112,여의도역,11,서울특별시,11215,광진구,1121510500,자양동,11,서울특별시,11560,영등포구,1156011000,여의도동,07,45,52,2839.0
20260112,여의도역,11,서울특별시,11215,광진구,1121510500,자양동,11,서울특별시,11560,영등포구,1156011000,여의도동,08,00,37,2661.0
20260112,여의도역,11,서울특별시,11215,광진구,1121510500,자양동,11,서울특별시,11560,영등포구,1156011000,여의도동,08,15,17,2675.0
20260112,여의도역,11,서울특별시,11215,광진구,1121510500,자양동,11,서울특별시,11560,영등포구,1156011000,여의도동,08,30,16,2487.0
20260112,여의도역,11,서울특별시,11215,광진구,1121510500,자양동,11,서울특별시,11560,영등포구,1156011000,여의도동,08,45,17,2572.0
20260112,여의도역,11,서울특별시,11215,광진구,1121510500,자양동,11,서울특별시,11560,영등포구,1156011000,여의도동,09,00,12,2665.0
20260112,여의도역,11,서울특별시,11215,광진구,1121510500,자양동,11,서울특별시,11560,영등포구,1156011000,여의도동,09,15,10,2514.0
20260112,여의도역,11,서울특별시,11215,광진구,1121510500,자양동,11,서울특별시,11560,영등포구,1156011000,여의도동,09,30,7,2826.0
20260112,여의도역,11,서울특별시,11215,광진구,1121510500,자양동,11,서울특별시,11560,영등포구,1156011000,여의도동,09,45,5,2747.0
20260112,여의도역,11,서울특별시,11215,광진구,1121510500,자양동,11,서울특별시,11560,영등포구,1156011000,여의도동,10,00,8,2477.0
20260112,여의도역,11,서울특별시,11215,광진구,1121510500,자양동,11,서울특별시,11560,영등포구,1156011000,여의도동,10,15,4,2732.0
20260112,여의도역,11,서울특별시,11215,광진구,1121510500,자양동,11,서울특별시,11560,영등포구,1156011000,여의도동,10,30,1,2942.0
20260112,여의도역,11,서울특별시,11215,광진구,1121510500,자양동,11,서울특별시,11560,영등포구,1156011000,여의도동,10,45,2,3289.0
20260112,여의도역,11,서울특별시,11215,광진구,1121510500,자양동,11,서울특별시,11560,영등포구,1156011000,여의도동,11,00,2,3099.0
20260112,여의도역,11,서울특별시,11215,광진구,1121510500,자양동,11,서울특별시,11560,영등포구,1156011000,여의도동,11,30,1,3983.0
20260112,여의도역,11,서울특별시,11215,광진구,1121510500,자양동,11,서울특별시,11560,영등포구,1156011000,여의도동,11,45,7,2345.0
20260112,여의도역,11,서울특별시,11215,광진구,1121510500,자양동,11,서울특별시,11560,영등포구,1156011000,여의도동,12,00,4,2692.0
20260112,여의도역,11,서울특별시,11215,광진구,1121510500,자양동,11,서울특별시,11560,영등포구,1156011000,여의도동,12,15,3,3333.0
20260112,여의도역,11,서울특별시,11215,광진구,1121510500,자양동,11,서울특별시,11560,영등포구,1156011000,여의도동,12,30,1,2928.0
20260112,여의도역,11,서울특별시,11215,광진구,1121510500,자양동,11,서울특별시,11560,영등포구,1156011000,여의도동,12,45,3,2852.0
20260112,여의도역,11,서울특별시,11215,광진구,1121510700,화양동,11,서울특별시,11560,영등포구,1156011000,여의도동,06,00,3,2803.0
20260112,여의도역,11,서울특별시,11215,광진구,1121510700,화양동,11,서울특별시,11560,영등포구,1156011000,여의도동,06,15,2,2677.0
20260112,여의도역,11,서울특별시,11215,광진구,1121510700,화양동,11,서울특별시,11560,영등포구,1156011000,여의도동,06,30,5,2816.0
20260112,여의도역,11,서울특별시,11215,광진구,1121510700,화양동,11,서울특별시,11560,영등포구,1156011000,여의도동,06,45,13,2653.0
20260112,여의도역,11,서울특별시,11215,광진구,1121510700,화양동,11,서울특별시,11560,영등포구,1156011000,여의도동,07,00,16,2638.0
20260112,여의도역,11,서울특별시,11215,광진구,1121510700,화양동,11,서울특별시,11560,영등포구,1156011000,여의도동,07,15,13,2716.0
20260112,여의도역,11,서울특별시,11215,광진구,1121510700,화양동,11,서울특별시,11560,영등포구,1156011000,여의도동,07,30,15,2730.0
20260112,여의도역,11,서울특별시,11215,광진구,1121510700,화양동,11,서울특별시,11560,영등포구,1156011000,여의도동,07,45,18,2785.0
20260112,여의도역,11,서울특별시,11215,광진구,1121510700,화양동,11,서울특별시,11560,영등포구,1156011000,여의도동,08,00,16,2582.0
20260112,여의도역,11,서울특별시,11215,광진구,1121510700,화양동,11,서울특별시,11560,영등포구,1156011000,여의도동,08,15,9,2523.0
20260112,여의도역,11,서울특별시,11215,광진구,1121510700,화양동,11,서울특별시,11560,영등포구,1156011000,여의도동,08,30,15,2462.0
20260112,여의도역,11,서울특별시,11215,광진구,1121510700,화양동,11,서울특별시,11560,영등포구,1156011000,여의도동,08,45,4,2606.0
20260112,여의도역,11,서울특별시,11215,광진구,1121510700,화양동,11,서울특별시,11560,영등포구,1156011000,여의도동,09,00,4,2734.0
20260112,여의도역,11,서울특별시,11215,광진구,1121510700,화양동,11,서울특별시,11560,영등포구,1156011000,여의도동,09,15,7,2601.0
20260112,여의도역,11,서울특별시,11215,광진구,1121510700,화양동,11,서울특별시,11560,영등포구,1156011000,여의도동,09,30,3,2787.0
20260112,여의도역,11,서울특별시,11215,광진구,1121510700,화양동,11,서울특별시,11560,영등포구,1156011000,여의도동,09,45,5,2819.0
20260112,여의도역,11,서울특별시,11215,광진구,1121510700,화양동,11,서울특별시,11560,영등포구,1156011000,여의도동,10,00,4,2839.0
20260112,여의도역,11,서울특별시,11215,광진구,1121510700,화양동,11,서울특별시,11560,영등포구,1156011000,여의도동,10,30,1,2865.0
20260112,여의도역,11,서울특별시,11215,광진구,1121510700,화양동,11,서울특별시,11560,영등포구,1156011000,여의도동,10,45,4,3172.0
20260112,여의도역,11,서울특별시,11215,광진구,1121510700,화양동,11,서울특별시,11560,영등포구,1156011000,여의도동,11,00,2,2844.0
20260112,여의도역,11,서울특별시,11215,광진구,1121510700,화양동,11,서울특별시,11560,영등포구,1156011000,여의도동,11,15,1,2474.0
20260112,여의도역,11,서울특별시,11215,광진구,1121510700,화양동,11,서울특별시,11560,영등포구,1156011000,여의도동,11,30,1,4163.0
20260112,여의도역,11,서울특별시,11215,광진구,1121510700,화양동,11,서울특별시,11560,영등포구,1156011000,여의도동,11,45,4,2921.0
20260112,여의도역,11,서울특별시,11215,광진구,1121510700,화양동,11,서울특별시,11560,영등포구,1156011000,여의도동,12,15,2,2878.0
20260112,여의도역,11,서울특별시,11215,광진구,1121510700,화양동,11,서울특별시,11560,영등포구,1156011000,여의도동,12,30,8,3136.0
20260112,여의도역,11,서울특별시,11215,광진구,1121510900,군자동,11,서울특별시,11560,영등포구,1156011000,여의도동,06,30,3,2810.0
20260112,여의도역,11,서울특별시,11215,광진구,1121510900,군자동,11,서울특별시,11560,영등포구,1156011000,여의도동,06,45,1,2507.0
20260112,여의도역,11,서울특별시,11215,광진구,1121510900,군자동,11,서울특별시,11560,영등포구,1156011000,여의도동,07,45,1,2702.0
20260112,여의도역,11,서울특별시,11215,광진구,1121510900,군자동,11,서울특별시,11560,영등포구,1156011000,여의도동,08,00,2,2335.0
20260112,여의도역,11,서울특별시,11215,광진구,1121510900,군자동,11,서울특별시,11560,영등포구,1156011000,여의도동,08,15,2,2545.0
20260112,여의도역,11,서울특별시,11215,광진구,1121510900,군자동,11,서울특별시,11560,영등포구,1156011000,여의도동,08,30,1,2869.0
20260112,여의도역,11,서울특별시,11215,광진구,1121510900,군자동,11,서울특별시,11560,영등포구,1156011000,여의도동,08,45,5,2477.0
20260112,여의도역,11,서울특별시,11215,광진구,1121510900,군자동,11,서울특별시,11560,영등포구,1156011000,여의도동,09,00,1,2325.0
20260112,여의도역,11,서울특별시,11215,광진구,1121510900,군자동,11,서울특별시,11560,영등포구,1156011000,여의도동,09,30,2,2812.0
20260112,여의도역,11,서울특별시,11230,동대문구,1123010100,신설동,11,서울특별시,11560,영등포구,1156011000,여의도동,06,00,1,2912.0
20260112,여의도역,11,서울특별시,11230,동대문구,1123010100,신설동,11,서울특별시,11560,영등포구,1156011000,여의도동,06,15,2,2360.0
20260112,여의도역,11,서울특별시,11230,동대문구,1123010100,신설동,11,서울특별시,11560,영등포구,1156011000,여의도동,06,30,2,2004.0
20260112,여의도역,11,서울특별시,11230,동대문구,1123010100,신설동,11,서울특별시,11560,영등포구,1156011000,여의도동,06,45,4,2346.0
20260112,여의도역,11,서울특별시,11230,동대문구,1123010100,신설동,11,서울특별시,11560,영등포구,1156011000,여의도동,07,00,7,2426.0
20260112,여의도역,11,서울특별시,11230,동대문구,1123010100,신설동,11,서울특별시,11560,영등포구,1156011000,여의도동,07,15,7,2120.0
20260112,여의도역,11,서울특별시,11230,동대문구,1123010100,신설동,11,서울특별시,11560,영등포구,1156011000,여의도동,07,30,13,2361.0
20260112,여의도역,11,서울특별시,11230,동대문구,1123010100,신설동,11,서울특별시,11560,영등포구,1156011000,여의도동,07,45,10,2511.0
20260112,여의도역,11,서울특별시,11230,동대문구,1123010100,신설동,11,서울특별시,11560,영등포구,1156011000,여의도동,08,00,14,2381.0
20260112,여의도역,11,서울특별시,11230,동대문구,1123010100,신설동,11,서울특별시,11560,영등포구,1156011000,여의도동,08,15,5,2254.0
20260112,여의도역,11,서울특별시,11230,동대문구,1123010100,신설동,11,서울특별시,11560,영등포구,1156011000,여의도동,08,30,4,2208.0
20260112,여의도역,11,서울특별시,11230,동대문구,1123010100,신설동,11,서울특별시,11560,영등포구,1156011000,여의도동,08,45,4,2628.0
20260112,여의도역,11,서울특별시,11230,동대문구,1123010100,신설동,11,서울특별시,11560,영등포구,1156011000,여의도동,09,00,1,2172.0
20260112,여의도역,11,서울특별시,11230,동대문구,1123010100,신설동,11,서울특별시,11560,영등포구,1156011000,여의도동,09,15,1,2104.0
20260112,여의도역,11,서울특별시,11230,동대문구,1123010100,신설동,11,서울특별시,11560,영등포구,1156011000,여의도동,10,00,1,2618.0
20260112,여의도역,11,서울특별시,11230,동대문구,1123010100,신설동,11,서울특별시,11560,영등포구,1156011000,여의도동,10,15,3,2192.0
20260112,여의도역,11,서울특별시,11230,동대문구,1123010100,신설동,11,서울특별시,11560,영등포구,1156011000,여의도동,10,30,2,2102.0
20260112,여의도역,11,서울특별시,11230,동대문구,1123010100,신설동,11,서울특별시,11560,영등포구,1156011000,여의도동,10,45,3,2265.0
20260112,여의도역,11,서울특별시,11230,동대문구,1123010100,신설동,11,서울특별시,11560,영등포구,1156011000,여의도동,11,00,4,2247.0
20260112,여의도역,11,서울특별시,11230,동대문구,1123010100,신설동,11,서울특별시,11560,영등포구,1156011000,여의도동,12,00,2,2216.0
20260112,여의도역,11,서울특별시,11230,동대문구,1123010100,신설동,11,서울특별시,11560,영등포구,1156011000,여의도동,12,15,1,1835.0
20260112,여의도역,11,서울특별시,11230,동대문구,1123010100,신설동,11,서울특별시,11560,영등포구,1156011000,여의도동,12,30,1,3819.0
20260112,여의도역,11,서울특별시,11230,동대문구,1123010100,신설동,11,서울특별시,11560,영등포구,1156011000,여의도동,12,45,4,2522.0
20260112,여의도역,11,서울특별시,11230,동대문구,1123010200,용두동,11,서울특별시,11560,영등포구,1156011000,여의도동,06,00,2,2836.0
20260112,여의도역,11,서울특별시,11230,동대문구,1123010200,용두동,11,서울특별시,11560,영등포구,1156011000,여의도동,06,30,2,4533.0
20260112,여의도역,11,서울특별시,11230,동대문구,1123010200,용두동,11,서울특별시,11560,영등포구,1156011000,여의도동,06,45,3,2360.0
20260112,여의도역,11,서울특별시,11230,동대문구,1123010200,용두동,11,서울특별시,11560,영등포구,1156011000,여의도동,07,00,5,2381.0
20260112,여의도역,11,서울특별시,11230,동대문구,1123010200,용두동,11,서울특별시,11560,영등포구,1156011000,여의도동,07,15,5,2214.0
20260112,여의도역,11,서울특별시,11230,동대문구,1123010200,용두동,11,서울특별시,11560,영등포구,1156011000,여의도동,07,30,6,2319.0
20260112,여의도역,11,서울특별시,11230,동대문구,1123010200,용두동,11,서울특별시,11560,영등포구,1156011000,여의도동,07,45,5,2480.0
20260112,여의도역,11,서울특별시,11230,동대문구,1123010200,용두동,11,서울특별시,11560,영등포구,1156011000,여의도동,08,00,9,2565.0
20260112,여의도역,11,서울특별시,11230,동대문구,1123010200,용두동,11,서울특별시,11560,영등포구,1156011000,여의도동,08,15,3,2263.0
20260112,여의도역,11,서울특별시,11230,동대문구,1123010200,용두동,11,서울특별시,11560,영등포구,1156011000,여의도동,08,30,1,2035.0
20260112,여의도역,11,서울특별시,11230,동대문구,1123010200,용두동,11,서울특별시,11560,영등포구,1156011000,여의도동,08,45,2,2863.0
20260112,여의도역,11,서울특별시,11230,동대문구,1123010200,용두동,11,서울특별시,11560,영등포구,1156011000,여의도동,09,00,2,2050.0
20260112,여의도역,11,서울특별시,11230,동대문구,1123010200,용두동,11,서울특별시,11560,영등포구,1156011000,여의도동,09,15,1,2155.0
20260112,여의도역,11,서울특별시,11230,동대문구,1123010200,용두동,11,서울특별시,11560,영등포구,1156011000,여의도동,09,30,1,2417.0
20260112,여의도역,11,서울특별시,11230,동대문구,1123010200,용두동,11,서울특별시,11560,영등포구,1156011000,여의도동,09,45,1,2386.0
20260112,여의도역,11,서울특별시,11230,동대문구,1123010200,용두동,11,서울특별시,11560,영등포구,1156011000,여의도동,10,00,1,2129.0
20260112,여의도역,11,서울특별시,11230,동대문구,1123010200,용두동,11,서울특별시,11560,영등포구,1156011000,여의도동,10,15,2,2594.0
20260112,여의도역,11,서울특별시,11230,동대문구,1123010200,용두동,11,서울특별시,11560,영등포구,1156011000,여의도동,10,45,3,2470.0
20260112,여의도역,11,서울특별시,11230,동대문구,1123010300,제기동,11,서울특별시,11560,영등포구,1156011000,여의도동,06,00,2,2084.0
20260112,여의도역,11,서울특별시,11230,동대문구,1123010300,제기동,11,서울특별시,11560,영등포구,1156011000,여의도동,06,15,2,2565.0
20260112,여의도역,11,서울특별시,11230,동대문구,1123010300,제기동,11,서울특별시,11560,영등포구,1156011000,여의도동,06,30,5,2462.0
20260112,여의도역,11,서울특별시,11230,동대문구,1123010300,제기동,11,서울특별시,11560,영등포구,1156011000,여의도동,06,45,5,2666.0
20260112,여의도역,11,서울특별시,11230,동대문구,1123010300,제기동,11,서울특별시,11560,영등포구,1156011000,여의도동,07,00,10,2677.0
20260112,여의도역,11,서울특별시,11230,동대문구,1123010300,제기동,11,서울특별시,11560,영등포구,1156011000,여의도동,07,15,7,2571.0
20260112,여의도역,11,서울특별시,11230,동대문구,1123010300,제기동,11,서울특별시,11560,영등포구,1156011000,여의도동,07,30,12,2421.0
20260112,여의도역,11,서울특별시,11230,동대문구,1123010300,제기동,11,서울특별시,11560,영등포구,1156011000,여의도동,07,45,11,2375.0
20260112,여의도역,11,서울특별시,11230,동대문구,1123010300,제기동,11,서울특별시,11560,영등포구,1156011000,여의도동,08,00,7,2517.0
20260112,여의도역,11,서울특별시,11230,동대문구,1123010300,제기동,11,서울특별시,11560,영등포구,1156011000,여의도동,08,15,8,2340.0
20260112,여의도역,11,서울특별시,11230,동대문구,1123010300,제기동,11,서울특별시,11560,영등포구,1156011000,여의도동,08,30,5,2416.0
20260112,여의도역,11,서울특별시,11230,동대문구,1123010300,제기동,11,서울특별시,11560,영등포구,1156011000,여의도동,08,45,6,2542.0
20260112,여의도역,11,서울특별시,11230,동대문구,1123010300,제기동,11,서울특별시,11560,영등포구,1156011000,여의도동,09,00,1,2250.0
20260112,여의도역,11,서울특별시,11230,동대문구,1123010300,제기동,11,서울특별시,11560,영등포구,1156011000,여의도동,09,15,5,2529.0
20260112,여의도역,11,서울특별시,11230,동대문구,1123010300,제기동,11,서울특별시,11560,영등포구,1156011000,여의도동,09,30,1,2571.0
20260112,여의도역,11,서울특별시,11230,동대문구,1123010300,제기동,11,서울특별시,11560,영등포구,1156011000,여의도동,09,45,1,2623.0
20260112,여의도역,11,서울특별시,11230,동대문구,1123010300,제기동,11,서울특별시,11560,영등포구,1156011000,여의도동,10,30,1,2182.0
20260112,여의도역,11,서울특별시,11230,동대문구,1123010300,제기동,11,서울특별시,11560,영등포구,1156011000,여의도동,10,45,1,2133.0
20260112,여의도역,11,서울특별시,11230,동대문구,1123010300,제기동,11,서울특별시,11560,영등포구,1156011000,여의도동,11,15,1,2136.0
20260112,여의도역,11,서울특별시,11230,동대문구,1123010300,제기동,11,서울특별시,11560,영등포구,1156011000,여의도동,12,30,1,3301.0
20260112,여의도역,11,서울특별시,11230,동대문구,1123010400,전농동,11,서울특별시,11560,영등포구,1156011000,여의도동,06,00,3,2330.0
20260112,여의도역,11,서울특별시,11230,동대문구,1123010400,전농동,11,서울특별시,11560,영등포구,1156011000,여의도동,06,15,7,2682.0
20260112,여의도역,11,서울특별시,11230,동대문구,1123010400,전농동,11,서울특별시,11560,영등포구,1156011000,여의도동,06,30,16,2612.0
20260112,여의도역,11,서울특별시,11230,동대문구,1123010400,전농동,11,서울특별시,11560,영등포구,1156011000,여의도동,06,45,33,2827.0
20260112,여의도역,11,서울특별시,11230,동대문구,1123010400,전농동,11,서울특별시,11560,영등포구,1156011000,여의도동,07,00,33,2680.0
20260112,여의도역,11,서울특별시,11230,동대문구,1123010400,전농동,11,서울특별시,11560,영등포구,1156011000,여의도동,07,15,26,2543.0
20260112,여의도역,11,서울특별시,11230,동대문구,1123010400,전농동,11,서울특별시,11560,영등포구,1156011000,여의도동,07,30,31,2817.0
20260112,여의도역,11,서울특별시,11230,동대문구,1123010400,전농동,11,서울특별시,11560,영등포구,1156011000,여의도동,07,45,41,2664.0
20260112,여의도역,11,서울특별시,11230,동대문구,1123010400,전농동,11,서울특별시,11560,영등포구,1156011000,여의도동,08,00,31,2757.0
20260112,여의도역,11,서울특별시,11230,동대문구,1123010400,전농동,11,서울특별시,11560,영등포구,1156011000,여의도동,08,15,18,2724.0
20260112,여의도역,11,서울특별시,11230,동대문구,1123010400,전농동,11,서울특별시,11560,영등포구,1156011000,여의도동,08,30,10,2488.0
20260112,여의도역,11,서울특별시,11230,동대문구,1123010400,전농동,11,서울특별시,11560,영등포구,1156011000,여의도동,08,45,7,2698.0
20260112,여의도역,11,서울특별시,11230,동대문구,1123010400,전농동,11,서울특별시,11560,영등포구,1156011000,여의도동,09,00,6,2713.0
20260112,여의도역,11,서울특별시,11230,동대문구,1123010400,전농동,11,서울특별시,11560,영등포구,1156011000,여의도동,09,15,5,2573.0
20260112,여의도역,11,서울특별시,11230,동대문구,1123010400,전농동,11,서울특별시,11560,영등포구,1156011000,여의도동,09,30,7,2866.0
20260112,여의도역,11,서울특별시,11230,동대문구,1123010400,전농동,11,서울특별시,11560,영등포구,1156011000,여의도동,09,45,9,2777.0
20260112,여의도역,11,서울특별시,11230,동대문구,1123010400,전농동,11,서울특별시,11560,영등포구,1156011000,여의도동,10,00,3,3430.0
20260112,여의도역,11,서울특별시,11230,동대문구,1123010400,전농동,11,서울특별시,11560,영등포구,1156011000,여의도동,10,15,6,3139.0
20260112,여의도역,11,서울특별시,11230,동대문구,1123010400,전농동,11,서울특별시,11560,영등포구,1156011000,여의도동,10,45,2,2886.0
20260112,여의도역,11,서울특별시,11230,동대문구,1123010400,전농동,11,서울특별시,11560,영등포구,1156011000,여의도동,11,15,2,3111.0
20260112,여의도역,11,서울특별시,11230,동대문구,1123010400,전농동,11,서울특별시,11560,영등포구,1156011000,여의도동,11,30,8,2751.0
20260112,여의도역,11,서울특별시,11230,동대문구,1123010400,전농동,11,서울특별시,11560,영등포구,1156011000,여의도동,11,45,4,2689.0
20260112,여의도역,11,서울특별시,11230,동대문구,1123010400,전농동,11,서울특별시,11560,영등포구,1156011000,여의도동,12,00,4,2628.0
20260112,여의도역,11,서울특별시,11230,동대문구,1123010400,전농동,11,서울특별시,11560,영등포구,1156011000,여의도동,12,15,4,3126.0
20260112,여의도역,11,서울특별시,11230,동대문구,1123010400,전농동,11,서울특별시,11560,영등포구,1156011000,여의도동,12,30,2,2625.0
20260112,여의도역,11,서울특별시,11230,동대문구,1123010400,전농동,11,서울특별시,11560,영등포구,1156011000,여의도동,12,45,6,2437.0
20260112,여의도역,11,서울특별시,11230,동대문구,1123010500,답십리동,11,서울특별시,11560,영등포구,1156011000,여의도동,06,00,12,2165.0
20260112,여의도역,11,서울특별시,11230,동대문구,1123010500,답십리동,11,서울특별시,11560,영등포구,1156011000,여의도동,06,15,11,2271.0
20260112,여의도역,11,서울특별시,11230,동대문구,1123010500,답십리동,11,서울특별시,11560,영등포구,1156011000,여의도동,06,30,17,2387.0
20260112,여의도역,11,서울특별시,11230,동대문구,1123010500,답십리동,11,서울특별시,11560,영등포구,1156011000,여의도동,06,45,38,2287.0
20260112,여의도역,11,서울특별시,11230,동대문구,1123010500,답십리동,11,서울특별시,11560,영등포구,1156011000,여의도동,07,00,68,2309.0
20260112,여의도역,11,서울특별시,11230,동대문구,1123010500,답십리동,11,서울특별시,11560,영등포구,1156011000,여의도동,07,15,38,2411.0
20260112,여의도역,11,서울특별시,11230,동대문구,1123010500,답십리동,11,서울특별시,11560,영등포구,1156011000,여의도동,07,30,47,2417.0
20260112,여의도역,11,서울특별시,11230,동대문구,1123010500,답십리동,11,서울특별시,11560,영등포구,1156011000,여의도동,07,45,51,2351.0
20260112,여의도역,11,서울특별시,11230,동대문구,1123010500,답십리동,11,서울특별시,11560,영등포구,1156011000,여의도동,08,00,63,2252.0
20260112,여의도역,11,서울특별시,11230,동대문구,1123010500,답십리동,11,서울특별시,11560,영등포구,1156011000,여의도동,08,15,23,2240.0
20260112,여의도역,11,서울특별시,11230,동대문구,1123010500,답십리동,11,서울특별시,11560,영등포구,1156011000,여의도동,08,30,13,2380.0
20260112,여의도역,11,서울특별시,11230,동대문구,1123010500,답십리동,11,서울특별시,11560,영등포구,1156011000,여의도동,08,45,18,2210.0
20260112,여의도역,11,서울특별시,11230,동대문구,1123010500,답십리동,11,서울특별시,11560,영등포구,1156011000,여의도동,09,00,9,2213.0
20260112,여의도역,11,서울특별시,11230,동대문구,1123010500,답십리동,11,서울특별시,11560,영등포구,1156011000,여의도동,09,15,10,2282.0
20260112,여의도역,11,서울특별시,11230,동대문구,1123010500,답십리동,11,서울특별시,11560,영등포구,1156011000,여의도동,09,30,7,2289.0
20260112,여의도역,11,서울특별시,11230,동대문구,1123010500,답십리동,11,서울특별시,11560,영등포구,1156011000,여의도동,09,45,4,2731.0
20260112,여의도역,11,서울특별시,11230,동대문구,1123010500,답십리동,11,서울특별시,11560,영등포구,1156011000,여의도동,10,00,1,1938.0
20260112,여의도역,11,서울특별시,11230,동대문구,1123010500,답십리동,11,서울특별시,11560,영등포구,1156011000,여의도동,10,15,2,2571.0
20260112,여의도역,11,서울특별시,11230,동대문구,1123010500,답십리동,11,서울특별시,11560,영등포구,1156011000,여의도동,10,30,2,2140.0
20260112,여의도역,11,서울특별시,11230,동대문구,1123010500,답십리동,11,서울특별시,11560,영등포구,1156011000,여의도동,10,45,3,2557.0
20260112,여의도역,11,서울특별시,11230,동대문구,1123010500,답십리동,11,서울특별시,11560,영등포구,1156011000,여의도동,11,00,2,2225.0
20260112,여의도역,11,서울특별시,11230,동대문구,1123010500,답십리동,11,서울특별시,11560,영등포구,1156011000,여의도동,11,15,1,2271.0
20260112,여의도역,11,서울특별시,11230,동대문구,1123010500,답십리동,11,서울특별시,11560,영등포구,1156011000,여의도동,11,30,2,2079.0
20260112,여의도역,11,서울특별시,11230,동대문구,1123010500,답십리동,11,서울특별시,11560,영등포구,1156011000,여의도동,11,45,3,2280.0
20260112,여의도역,11,서울특별시,11230,동대문구,1123010500,답십리동,11,서울특별시,11560,영등포구,1156011000,여의도동,12,00,2,2634.0
20260112,여의도역,11,서울특별시,11230,동대문구,1123010500,답십리동,11,서울특별시,11560,영등포구,1156011000,여의도동,12,15,2,2611.0
20260112,여의도역,11,서울특별시,11230,동대문구,1123010500,답십리동,11,서울특별시,11560,영등포구,1156011000,여의도동,12,30,1,2079.0
20260112,여의도역,11,서울특별시,11230,동대문구,1123010600,장안동,11,서울특별시,11560,영등포구,1156011000,여의도동,06,00,5,2732.0
20260112,여의도역,11,서울특별시,11230,동대문구,1123010600,장안동,11,서울특별시,11560,영등포구,1156011000,여의도동,06,15,10,2438.0
20260112,여의도역,11,서울특별시,11230,동대문구,1123010600,장안동,11,서울특별시,11560,영등포구,1156011000,여의도동,06,30,20,2458.0
20260112,여의도역,11,서울특별시,11230,동대문구,1123010600,장안동,11,서울특별시,11560,영등포구,1156011000,여의도동,06,45,33,2697.0
20260112,여의도역,11,서울특별시,11230,동대문구,1123010600,장안동,11,서울특별시,11560,영등포구,1156011000,여의도동,07,00,43,2550.0
20260112,여의도역,11,서울특별시,11230,동대문구,1123010600,장안동,11,서울특별시,11560,영등포구,1156011000,여의도동,07,15,26,2663.0
20260112,여의도역,11,서울특별시,11230,동대문구,1123010600,장안동,11,서울특별시,11560,영등포구,1156011000,여의도동,07,30,34,2794.0
20260112,여의도역,11,서울특별시,11230,동대문구,1123010600,장안동,11,서울특별시,11560,영등포구,1156011000,여의도동,07,45,33,2695.0
20260112,여의도역,11,서울특별시,11230,동대문구,1123010600,장안동,11,서울특별시,11560,영등포구,1156011000,여의도동,08,00,31,2465.0
20260112,여의도역,11,서울특별시,11230,동대문구,1123010600,장안동,11,서울특별시,11560,영등포구,1156011000,여의도동,08,15,16,2414.0
20260112,여의도역,11,서울특별시,11230,동대문구,1123010600,장안동,11,서울특별시,11560,영등포구,1156011000,여의도동,08,30,18,2533.0
20260112,여의도역,11,서울특별시,11230,동대문구,1123010600,장안동,11,서울특별시,11560,영등포구,1156011000,여의도동,08,45,10,2352.0
20260112,여의도역,11,서울특별시,11230,동대문구,1123010600,장안동,11,서울특별시,11560,영등포구,1156011000,여의도동,09,00,15,2451.0
20260112,여의도역,11,서울특별시,11230,동대문구,1123010600,장안동,11,서울특별시,11560,영등포구,1156011000,여의도동,09,15,5,2683.0
20260112,여의도역,11,서울특별시,11230,동대문구,1123010600,장안동,11,서울특별시,11560,영등포구,1156011000,여의도동,09,30,6,2312.0
20260112,여의도역,11,서울특별시,11230,동대문구,1123010600,장안동,11,서울특별시,11560,영등포구,1156011000,여의도동,09,45,6,2552.0
20260112,여의도역,11,서울특별시,11230,동대문구,1123010600,장안동,11,서울특별시,11560,영등포구,1156011000,여의도동,10,00,4,2441.0
20260112,여의도역,11,서울특별시,11230,동대문구,1123010600,장안동,11,서울특별시,11560,영등포구,1156011000,여의도동,10,15,1,2282.0
20260112,여의도역,11,서울특별시,11230,동대문구,1123010600,장안동,11,서울특별시,11560,영등포구,1156011000,여의도동,10,30,1,2187.0
20260112,여의도역,11,서울특별시,11230,동대문구,1123010600,장안동,11,서울특별시,11560,영등포구,1156011000,여의도동,10,45,1,2326.0
20260112,여의도역,11,서울특별시,11230,동대문구,1123010600,장안동,11,서울특별시,11560,영등포구,1156011000,여의도동,11,30,2,2130.0
20260112,여의도역,11,서울특별시,11230,동대문구,1123010600,장안동,11,서울특별시,11560,영등포구,1156011000,여의도동,11,45,1,2210.0
20260112,여의도역,11,서울특별시,11230,동대문구,1123010600,장안동,11,서울특별시,11560,영등포구,1156011000,여의도동,12,00,2,2481.0
20260112,여의도역,11,서울특별시,11230,동대문구,1123010600,장안동,11,서울특별시,11560,영등포구,1156011000,여의도동,12,15,4,2683.0
20260112,여의도역,11,서울특별시,11230,동대문구,1123010600,장안동,11,서울특별시,11560,영등포구,1156011000,여의도동,12,30,1,4336.0
20260112,여의도역,11,서울특별시,11230,동대문구,1123010600,장안동,11,서울특별시,11560,영등포구,1156011000,여의도동,12,45,3,2856.0
20260112,여의도역,11,서울특별시,11230,동대문구,1123010700,청량리동,11,서울특별시,11560,영등포구,1156011000,여의도동,06,30,2,3431.0
20260112,여의도역,11,서울특별시,11230,동대문구,1123010700,청량리동,11,서울특별시,11560,영등포구,1156011000,여의도동,06,45,6,3260.0
20260112,여의도역,11,서울특별시,11230,동대문구,1123010700,청량리동,11,서울특별시,11560,영등포구,1156011000,여의도동,07,00,2,3390.0
20260112,여의도역,11,서울특별시,11230,동대문구,1123010700,청량리동,11,서울특별시,11560,영등포구,1156011000,여의도동,07,30,5,2907.0
20260112,여의도역,11,서울특별시,11230,동대문구,1123010700,청량리동,11,서울특별시,11560,영등포구,1156011000,여의도동,07,45,6,3105.0
20260112,여의도역,11,서울특별시,11230,동대문구,1123010700,청량리동,11,서울특별시,11560,영등포구,1156011000,여의도동,08,00,3,2862.0
20260112,여의도역,11,서울특별시,11230,동대문구,1123010700,청량리동,11,서울특별시,11560,영등포구,1156011000,여의도동,08,30,1,2329.0
20260112,여의도역,11,서울특별시,11230,동대문구,1123010700,청량리동,11,서울특별시,11560,영등포구,1156011000,여의도동,12,30,2,3260.0
20260112,여의도역,11,서울특별시,11230,동대문구,1123010700,청량리동,11,서울특별시,11560,영등포구,1156011000,여의도동,12,45,1,3178.0
20260112,여의도역,11,서울특별시,11230,동대문구,1123010800,회기동,11,서울특별시,11560,영등포구,1156011000,여의도동,06,30,1,3943.0
20260112,여의도역,11,서울특별시,11230,동대문구,1123010800,회기동,11,서울특별시,11560,영등포구,1156011000,여의도동,06,45,1,4512.0
20260112,여의도역,11,서울특별시,11230,동대문구,1123010800,회기동,11,서울특별시,11560,영등포구,1156011000,여의도동,07,15,1,2679.0
20260112,여의도역,11,서울특별시,11230,동대문구,1123010800,회기동,11,서울특별시,11560,영등포구,1156011000,여의도동,07,30,1,3347.0
20260112,여의도역,11,서울특별시,11230,동대문구,1123010800,회기동,11,서울특별시,11560,영등포구,1156011000,여의도동,07,45,1,2795.0
20260112,여의도역,11,서울특별시,11230,동대문구,1123010800,회기동,11,서울특별시,11560,영등포구,1156011000,여의도동,08,15,1,3505.0
20260112,여의도역,11,서울특별시,11230,동대문구,1123010800,회기동,11,서울특별시,11560,영등포구,1156011000,여의도동,09,00,1,3893.0
20260112,여의도역,11,서울특별시,11230,동대문구,1123010800,회기동,11,서울특별시,11560,영등포구,1156011000,여의도동,09,45,1,3202.0
20260112,여의도역,11,서울특별시,11230,동대문구,1123010800,회기동,11,서울특별시,11560,영등포구,1156011000,여의도동,10,00,1,2260.0
20260112,여의도역,11,서울특별시,11230,동대문구,1123010800,회기동,11,서울특별시,11560,영등포구,1156011000,여의도동,11,30,1,3647.0
20260112,여의도역,11,서울특별시,11230,동대문구,1123010800,회기동,11,서울특별시,11560,영등포구,1156011000,여의도동,12,45,1,2619.0
20260112,여의도역,11,서울특별시,11230,동대문구,1123010900,휘경동,11,서울특별시,11560,영등포구,1156011000,여의도동,06,00,5,3236.0
20260112,여의도역,11,서울특별시,11230,동대문구,1123010900,휘경동,11,서울특별시,11560,영등포구,1156011000,여의도동,06,15,5,2615.0
20260112,여의도역,11,서울특별시,11230,동대문구,1123010900,휘경동,11,서울특별시,11560,영등포구,1156011000,여의도동,06,30,11,3103.0
20260112,여의도역,11,서울특별시,11230,동대문구,1123010900,휘경동,11,서울특별시,11560,영등포구,1156011000,여의도동,06,45,12,3124.0
20260112,여의도역,11,서울특별시,11230,동대문구,1123010900,휘경동,11,서울특별시,11560,영등포구,1156011000,여의도동,07,00,9,2816.0
20260112,여의도역,11,서울특별시,11230,동대문구,1123010900,휘경동,11,서울특별시,11560,영등포구,1156011000,여의도동,07,15,21,2750.0
20260112,여의도역,11,서울특별시,11230,동대문구,1123010900,휘경동,11,서울특별시,11560,영등포구,1156011000,여의도동,07,30,15,3117.0
20260112,여의도역,11,서울특별시,11230,동대문구,1123010900,휘경동,11,서울특별시,11560,영등포구,1156011000,여의도동,07,45,17,2757.0
20260112,여의도역,11,서울특별시,11230,동대문구,1123010900,휘경동,11,서울특별시,11560,영등포구,1156011000,여의도동,08,00,23,3077.0
20260112,여의도역,11,서울특별시,11230,동대문구,1123010900,휘경동,11,서울특별시,11560,영등포구,1156011000,여의도동,08,15,13,2902.0
20260112,여의도역,11,서울특별시,11230,동대문구,1123010900,휘경동,11,서울특별시,11560,영등포구,1156011000,여의도동,08,30,11,2828.0
20260112,여의도역,11,서울특별시,11230,동대문구,1123010900,휘경동,11,서울특별시,11560,영등포구,1156011000,여의도동,08,45,8,2905.0
20260112,여의도역,11,서울특별시,11230,동대문구,1123010900,휘경동,11,서울특별시,11560,영등포구,1156011000,여의도동,09,00,3,2850.0
20260112,여의도역,11,서울특별시,11230,동대문구,1123010900,휘경동,11,서울특별시,11560,영등포구,1156011000,여의도동,09,15,1,2419.0
20260112,여의도역,11,서울특별시,11230,동대문구,1123010900,휘경동,11,서울특별시,11560,영등포구,1156011000,여의도동,09,30,1,2551.0
20260112,여의도역,11,서울특별시,11230,동대문구,1123010900,휘경동,11,서울특별시,11560,영등포구,1156011000,여의도동,10,00,3,2852.0
20260112,여의도역,11,서울특별시,11230,동대문구,1123010900,휘경동,11,서울특별시,11560,영등포구,1156011000,여의도동,10,30,2,3399.0
20260112,여의도역,11,서울특별시,11230,동대문구,1123010900,휘경동,11,서울특별시,11560,영등포구,1156011000,여의도동,11,00,2,4022.0
20260112,여의도역,11,서울특별시,11230,동대문구,1123010900,휘경동,11,서울특별시,11560,영등포구,1156011000,여의도동,11,15,1,3045.0
20260112,여의도역,11,서울특별시,11230,동대문구,1123010900,휘경동,11,서울특별시,11560,영등포구,1156011000,여의도동,11,30,2,2794.0
20260112,여의도역,11,서울특별시,11230,동대문구,1123010900,휘경동,11,서울특별시,11560,영등포구,1156011000,여의도동,11,45,3,2988.0
20260112,여의도역,11,서울특별시,11230,동대문구,1123010900,휘경동,11,서울특별시,11560,영등포구,1156011000,여의도동,12,15,2,2701.0
20260112,여의도역,11,서울특별시,11230,동대문구,1123010900,휘경동,11,서울특별시,11560,영등포구,1156011000,여의도동,12,45,4,2882.0
20260112,여의도역,11,서울특별시,11230,동대문구,1123011000,이문동,11,서울특별시,11560,영등포구,1156011000,여의도동,06,00,4,3147.0
20260112,여의도역,11,서울특별시,11230,동대문구,1123011000,이문동,11,서울특별시,11560,영등포구,1156011000,여의도동,06,15,6,3154.0
20260112,여의도역,11,서울특별시,11230,동대문구,1123011000,이문동,11,서울특별시,11560,영등포구,1156011000,여의도동,06,30,33,3208.0
20260112,여의도역,11,서울특별시,11230,동대문구,1123011000,이문동,11,서울특별시,11560,영등포구,1156011000,여의도동,06,45,35,3315.0
20260112,여의도역,11,서울특별시,11230,동대문구,1123011000,이문동,11,서울특별시,11560,영등포구,1156011000,여의도동,07,00,34,2928.0
20260112,여의도역,11,서울특별시,11230,동대문구,1123011000,이문동,11,서울특별시,11560,영등포구,1156011000,여의도동,07,15,31,2825.0
20260112,여의도역,11,서울특별시,11230,동대문구,1123011000,이문동,11,서울특별시,11560,영등포구,1156011000,여의도동,07,30,52,3035.0
20260112,여의도역,11,서울특별시,11230,동대문구,1123011000,이문동,11,서울특별시,11560,영등포구,1156011000,여의도동,07,45,39,2877.0
20260112,여의도역,11,서울특별시,11230,동대문구,1123011000,이문동,11,서울특별시,11560,영등포구,1156011000,여의도동,08,00,28,3033.0
20260112,여의도역,11,서울특별시,11230,동대문구,1123011000,이문동,11,서울특별시,11560,영등포구,1156011000,여의도동,08,15,10,3029.0
20260112,여의도역,11,서울특별시,11230,동대문구,1123011000,이문동,11,서울특별시,11560,영등포구,1156011000,여의도동,08,30,16,3193.0
20260112,여의도역,11,서울특별시,11230,동대문구,1123011000,이문동,11,서울특별시,11560,영등포구,1156011000,여의도동,08,45,10,3152.0
20260112,여의도역,11,서울특별시,11230,동대문구,1123011000,이문동,11,서울특별시,11560,영등포구,1156011000,여의도동,09,00,12,3032.0
20260112,여의도역,11,서울특별시,11230,동대문구,1123011000,이문동,11,서울특별시,11560,영등포구,1156011000,여의도동,09,15,4,2843.0
20260112,여의도역,11,서울특별시,11230,동대문구,1123011000,이문동,11,서울특별시,11560,영등포구,1156011000,여의도동,09,30,1,3106.0
20260112,여의도역,11,서울특별시,11230,동대문구,1123011000,이문동,11,서울특별시,11560,영등포구,1156011000,여의도동,09,45,3,2972.0
20260112,여의도역,11,서울특별시,11230,동대문구,1123011000,이문동,11,서울특별시,11560,영등포구,1156011000,여의도동,10,00,6,2757.0
20260112,여의도역,11,서울특별시,11230,동대문구,1123011000,이문동,11,서울특별시,11560,영등포구,1156011000,여의도동,10,15,3,3101.0
20260112,여의도역,11,서울특별시,11230,동대문구,1123011000,이문동,11,서울특별시,11560,영등포구,1156011000,여의도동,10,30,1,3009.0
20260112,여의도역,11,서울특별시,11230,동대문구,1123011000,이문동,11,서울특별시,11560,영등포구,1156011000,여의도동,10,45,2,2624.0
20260112,여의도역,11,서울특별시,11230,동대문구,1123011000,이문동,11,서울특별시,11560,영등포구,1156011000,여의도동,11,00,2,3281.0
20260112,여의도역,11,서울특별시,11230,동대문구,1123011000,이문동,11,서울특별시,11560,영등포구,1156011000,여의도동,11,15,3,3276.0
20260112,여의도역,11,서울특별시,11230,동대문구,1123011000,이문동,11,서울특별시,11560,영등포구,1156011000,여의도동,12,30,4,2985.0
20260112,여의도역,11,서울특별시,11260,중랑구,1126010100,면목동,11,서울특별시,11560,영등포구,1156011000,여의도동,06,00,4,3455.0
20260112,여의도역,11,서울특별시,11260,중랑구,1126010100,면목동,11,서울특별시,11560,영등포구,1156011000,여의도동,06,15,11,3083.0
20260112,여의도역,11,서울특별시,11260,중랑구,1126010100,면목동,11,서울특별시,11560,영등포구,1156011000,여의도동,06,30,16,3455.0
20260112,여의도역,11,서울특별시,11260,중랑구,1126010100,면목동,11,서울특별시,11560,영등포구,1156011000,여의도동,06,45,20,3448.0
20260112,여의도역,11,서울특별시,11260,중랑구,1126010100,면목동,11,서울특별시,11560,영등포구,1156011000,여의도동,07,00,29,3386.0
20260112,여의도역,11,서울특별시,11260,중랑구,1126010100,면목동,11,서울특별시,11560,영등포구,1156011000,여의도동,07,15,21,3517.0
20260112,여의도역,11,서울특별시,11260,중랑구,1126010100,면목동,11,서울특별시,11560,영등포구,1156011000,여의도동,07,30,35,3459.0
20260112,여의도역,11,서울특별시,11260,중랑구,1126010100,면목동,11,서울특별시,11560,영등포구,1156011000,여의도동,07,45,37,3375.0
20260112,여의도역,11,서울특별시,11260,중랑구,1126010100,면목동,11,서울특별시,11560,영등포구,1156011000,여의도동,08,00,17,3155.0
20260112,여의도역,11,서울특별시,11260,중랑구,1126010100,면목동,11,서울특별시,11560,영등포구,1156011000,여의도동,08,15,14,3240.0
20260112,여의도역,11,서울특별시,11260,중랑구,1126010100,면목동,11,서울특별시,11560,영등포구,1156011000,여의도동,08,30,16,3269.0
20260112,여의도역,11,서울특별시,11260,중랑구,1126010100,면목동,11,서울특별시,11560,영등포구,1156011000,여의도동,08,45,8,3100.0
20260112,여의도역,11,서울특별시,11260,중랑구,1126010100,면목동,11,서울특별시,11560,영등포구,1156011000,여의도동,09,00,10,3645.0
20260112,여의도역,11,서울특별시,11260,중랑구,1126010100,면목동,11,서울특별시,11560,영등포구,1156011000,여의도동,09,15,4,3597.0
20260112,여의도역,11,서울특별시,11260,중랑구,1126010100,면목동,11,서울특별시,11560,영등포구,1156011000,여의도동,09,30,5,3066.0
20260112,여의도역,11,서울특별시,11260,중랑구,1126010100,면목동,11,서울특별시,11560,영등포구,1156011000,여의도동,09,45,2,2946.0
20260112,여의도역,11,서울특별시,11260,중랑구,1126010100,면목동,11,서울특별시,11560,영등포구,1156011000,여의도동,10,00,8,3305.0
20260112,여의도역,11,서울특별시,11260,중랑구,1126010100,면목동,11,서울특별시,11560,영등포구,1156011000,여의도동,10,15,5,3293.0
20260112,여의도역,11,서울특별시,11260,중랑구,1126010100,면목동,11,서울특별시,11560,영등포구,1156011000,여의도동,10,30,4,3440.0
20260112,여의도역,11,서울특별시,11260,중랑구,1126010100,면목동,11,서울특별시,11560,영등포구,1156011000,여의도동,10,45,2,3168.0
20260112,여의도역,11,서울특별시,11260,중랑구,1126010100,면목동,11,서울특별시,11560,영등포구,1156011000,여의도동,11,00,4,3420.0
20260112,여의도역,11,서울특별시,11260,중랑구,1126010100,면목동,11,서울특별시,11560,영등포구,1156011000,여의도동,11,15,2,3024.0
20260112,여의도역,11,서울특별시,11260,중랑구,1126010100,면목동,11,서울특별시,11560,영등포구,1156011000,여의도동,11,30,1,3207.0
20260112,여의도역,11,서울특별시,11260,중랑구,1126010100,면목동,11,서울특별시,11560,영등포구,1156011000,여의도동,11,45,2,3222.0
20260112,여의도역,11,서울특별시,11260,중랑구,1126010100,면목동,11,서울특별시,11560,영등포구,1156011000,여의도동,12,00,1,3246.0
20260112,여의도역,11,서울특별시,11260,중랑구,1126010100,면목동,11,서울특별시,11560,영등포구,1156011000,여의도동,12,15,2,3742.0
20260112,여의도역,11,서울특별시,11260,중랑구,1126010100,면목동,11,서울특별시,11560,영등포구,1156011000,여의도동,12,30,1,2767.0
20260112,여의도역,11,서울특별시,11260,중랑구,1126010100,면목동,11,서울특별시,11560,영등포구,1156011000,여의도동,12,45,3,3171.0
20260112,여의도역,11,서울특별시,11260,중랑구,1126010200,상봉동,11,서울특별시,11560,영등포구,1156011000,여의도동,06,00,4,3483.0
20260112,여의도역,11,서울특별시,11260,중랑구,1126010200,상봉동,11,서울특별시,11560,영등포구,1156011000,여의도동,06,15,8,3199.0
20260112,여의도역,11,서울특별시,11260,중랑구,1126010200,상봉동,11,서울특별시,11560,영등포구,1156011000,여의도동,06,30,24,3469.0
20260112,여의도역,11,서울특별시,11260,중랑구,1126010200,상봉동,11,서울특별시,11560,영등포구,1156011000,여의도동,06,45,17,3685.0
20260112,여의도역,11,서울특별시,11260,중랑구,1126010200,상봉동,11,서울특별시,11560,영등포구,1156011000,여의도동,07,00,22,3663.0
20260112,여의도역,11,서울특별시,11260,중랑구,1126010200,상봉동,11,서울특별시,11560,영등포구,1156011000,여의도동,07,15,13,3596.0
20260112,여의도역,11,서울특별시,11260,중랑구,1126010200,상봉동,11,서울특별시,11560,영등포구,1156011000,여의도동,07,30,24,3571.0
20260112,여의도역,11,서울특별시,11260,중랑구,1126010200,상봉동,11,서울특별시,11560,영등포구,1156011000,여의도동,07,45,25,3496.0
20260112,여의도역,11,서울특별시,11260,중랑구,1126010200,상봉동,11,서울특별시,11560,영등포구,1156011000,여의도동,08,00,10,3708.0
20260112,여의도역,11,서울특별시,11260,중랑구,1126010200,상봉동,11,서울특별시,11560,영등포구,1156011000,여의도동,08,15,8,3304.0
20260112,여의도역,11,서울특별시,11260,중랑구,1126010200,상봉동,11,서울특별시,11560,영등포구,1156011000,여의도동,08,30,10,3495.0
20260112,여의도역,11,서울특별시,11260,중랑구,1126010200,상봉동,11,서울특별시,11560,영등포구,1156011000,여의도동,08,45,5,3345.0
20260112,여의도역,11,서울특별시,11260,중랑구,1126010200,상봉동,11,서울특별시,11560,영등포구,1156011000,여의도동,09,00,1,3332.0
20260112,여의도역,11,서울특별시,11260,중랑구,1126010200,상봉동,11,서울특별시,11560,영등포구,1156011000,여의도동,09,15,1,3481.0
20260112,여의도역,11,서울특별시,11260,중랑구,1126010200,상봉동,11,서울특별시,11560,영등포구,1156011000,여의도동,09,30,2,3430.0
20260112,여의도역,11,서울특별시,11260,중랑구,1126010200,상봉동,11,서울특별시,11560,영등포구,1156011000,여의도동,09,45,1,3709.0
20260112,여의도역,11,서울특별시,11260,중랑구,1126010200,상봉동,11,서울특별시,11560,영등포구,1156011000,여의도동,10,15,2,3490.0
20260112,여의도역,11,서울특별시,11260,중랑구,1126010200,상봉동,11,서울특별시,11560,영등포구,1156011000,여의도동,10,30,2,4369.0
20260112,여의도역,11,서울특별시,11260,중랑구,1126010200,상봉동,11,서울특별시,11560,영등포구,1156011000,여의도동,11,15,2,3473.0
20260112,여의도역,11,서울특별시,11260,중랑구,1126010200,상봉동,11,서울특별시,11560,영등포구,1156011000,여의도동,11,45,1,3691.0
20260112,여의도역,11,서울특별시,11260,중랑구,1126010200,상봉동,11,서울특별시,11560,영등포구,1156011000,여의도동,12,00,2,3836.0
20260112,여의도역,11,서울특별시,11260,중랑구,1126010200,상봉동,11,서울특별시,11560,영등포구,1156011000,여의도동,12,30,1,3320.0
20260112,여의도역,11,서울특별시,11260,중랑구,1126010200,상봉동,11,서울특별시,11560,영등포구,1156011000,여의도동,12,45,3,3814.0
20260112,여의도역,11,서울특별시,11260,중랑구,1126010300,중화동,11,서울특별시,11560,영등포구,1156011000,여의도동,06,00,2,3365.0
20260112,여의도역,11,서울특별시,11260,중랑구,1126010300,중화동,11,서울특별시,11560,영등포구,1156011000,여의도동,06,15,7,3343.0
20260112,여의도역,11,서울특별시,11260,중랑구,1126010300,중화동,11,서울특별시,11560,영등포구,1156011000,여의도동,06,30,12,3310.0
20260112,여의도역,11,서울특별시,11260,중랑구,1126010300,중화동,11,서울특별시,11560,영등포구,1156011000,여의도동,06,45,6,3475.0
20260112,여의도역,11,서울특별시,11260,중랑구,1126010300,중화동,11,서울특별시,11560,영등포구,1156011000,여의도동,07,00,9,3602.0
20260112,여의도역,11,서울특별시,11260,중랑구,1126010300,중화동,11,서울특별시,11560,영등포구,1156011000,여의도동,07,15,8,3432.0
20260112,여의도역,11,서울특별시,11260,중랑구,1126010300,중화동,11,서울특별시,11560,영등포구,1156011000,여의도동,07,30,23,3463.0
20260112,여의도역,11,서울특별시,11260,중랑구,1126010300,중화동,11,서울특별시,11560,영등포구,1156011000,여의도동,07,45,11,3386.0
20260112,여의도역,11,서울특별시,11260,중랑구,1126010300,중화동,11,서울특별시,11560,영등포구,1156011000,여의도동,08,00,4,3214.0
20260112,여의도역,11,서울특별시,11260,중랑구,1126010300,중화동,11,서울특별시,11560,영등포구,1156011000,여의도동,08,15,4,3538.0
20260112,여의도역,11,서울특별시,11260,중랑구,1126010300,중화동,11,서울특별시,11560,영등포구,1156011000,여의도동,08,30,3,3803.0
20260112,여의도역,11,서울특별시,11260,중랑구,1126010300,중화동,11,서울특별시,11560,영등포구,1156011000,여의도동,08,45,4,3205.0
20260112,여의도역,11,서울특별시,11260,중랑구,1126010300,중화동,11,서울특별시,11560,영등포구,1156011000,여의도동,09,00,2,3632.0
20260112,여의도역,11,서울특별시,11260,중랑구,1126010300,중화동,11,서울특별시,11560,영등포구,1156011000,여의도동,09,15,4,3559.0
20260112,여의도역,11,서울특별시,11260,중랑구,1126010300,중화동,11,서울특별시,11560,영등포구,1156011000,여의도동,09,30,1,2727.0
20260112,여의도역,11,서울특별시,11260,중랑구,1126010300,중화동,11,서울특별시,11560,영등포구,1156011000,여의도동,10,00,1,3219.0
20260112,여의도역,11,서울특별시,11260,중랑구,1126010300,중화동,11,서울특별시,11560,영등포구,1156011000,여의도동,10,15,3,3309.0
20260112,여의도역,11,서울특별시,11260,중랑구,1126010300,중화동,11,서울특별시,11560,영등포구,1156011000,여의도동,10,30,1,3041.0
20260112,여의도역,11,서울특별시,11260,중랑구,1126010300,중화동,11,서울특별시,11560,영등포구,1156011000,여의도동,10,45,1,3986.0
20260112,여의도역,11,서울특별시,11260,중랑구,1126010300,중화동,11,서울특별시,11560,영등포구,1156011000,여의도동,11,00,1,2500.0
20260112,여의도역,11,서울특별시,11260,중랑구,1126010300,중화동,11,서울특별시,11560,영등포구,1156011000,여의도동,11,30,1,2950.0
20260112,여의도역,11,서울특별시,11260,중랑구,1126010300,중화동,11,서울특별시,11560,영등포구,1156011000,여의도동,12,00,1,3469.0
20260112,여의도역,11,서울특별시,11260,중랑구,1126010300,중화동,11,서울특별시,11560,영등포구,1156011000,여의도동,12,30,1,3853.0
20260112,여의도역,11,서울특별시,11260,중랑구,1126010400,묵동,11,서울특별시,11560,영등포구,1156011000,여의도동,06,15,2,3802.0
20260112,여의도역,11,서울특별시,11260,중랑구,1126010400,묵동,11,서울특별시,11560,영등포구,1156011000,여의도동,06,30,4,3260.0
20260112,여의도역,11,서울특별시,11260,중랑구,1126010400,묵동,11,서울특별시,11560,영등포구,1156011000,여의도동,06,45,5,3349.0
20260112,여의도역,11,서울특별시,11260,중랑구,1126010400,묵동,11,서울특별시,11560,영등포구,1156011000,여의도동,07,00,4,3632.0
20260112,여의도역,11,서울특별시,11260,중랑구,1126010400,묵동,11,서울특별시,11560,영등포구,1156011000,여의도동,07,15,9,3592.0
20260112,여의도역,11,서울특별시,11260,중랑구,1126010400,묵동,11,서울특별시,11560,영등포구,1156011000,여의도동,07,30,10,3669.0
20260112,여의도역,11,서울특별시,11260,중랑구,1126010400,묵동,11,서울특별시,11560,영등포구,1156011000,여의도동,07,45,7,3513.0
20260112,여의도역,11,서울특별시,11260,중랑구,1126010400,묵동,11,서울특별시,11560,영등포구,1156011000,여의도동,08,00,5,3439.0
20260112,여의도역,11,서울특별시,11260,중랑구,1126010400,묵동,11,서울특별시,11560,영등포구,1156011000,여의도동,08,15,2,4058.0
20260112,여의도역,11,서울특별시,11260,중랑구,1126010400,묵동,11,서울특별시,11560,영등포구,1156011000,여의도동,08,30,1,3225.0
20260112,여의도역,11,서울특별시,11260,중랑구,1126010400,묵동,11,서울특별시,11560,영등포구,1156011000,여의도동,08,45,1,3562.0
20260112,여의도역,11,서울특별시,11260,중랑구,1126010400,묵동,11,서울특별시,11560,영등포구,1156011000,여의도동,09,00,4,3643.0
20260112,여의도역,11,서울특별시,11260,중랑구,1126010400,묵동,11,서울특별시,11560,영등포구,1156011000,여의도동,09,15,2,3428.0
20260112,여의도역,11,서울특별시,11260,중랑구,1126010400,묵동,11,서울특별시,11560,영등포구,1156011000,여의도동,10,00,2,3703.0
20260112,여의도역,11,서울특별시,11260,중랑구,1126010400,묵동,11,서울특별시,11560,영등포구,1156011000,여의도동,10,30,3,3610.0
20260112,여의도역,11,서울특별시,11260,중랑구,1126010400,묵동,11,서울특별시,11560,영등포구,1156011000,여의도동,10,45,1,3095.0
20260112,여의도역,11,서울특별시,11260,중랑구,1126010400,묵동,11,서울특별시,11560,영등포구,1156011000,여의도동,11,00,1,3517.0
20260112,여의도역,11,서울특별시,11260,중랑구,1126010500,망우동,11,서울특별시,11560,영등포구,1156011000,여의도동,06,00,2,3843.0
20260112,여의도역,11,서울특별시,11260,중랑구,1126010500,망우동,11,서울특별시,11560,영등포구,1156011000,여의도동,06,15,9,3893.0
20260112,여의도역,11,서울특별시,11260,중랑구,1126010500,망우동,11,서울특별시,11560,영등포구,1156011000,여의도동,06,30,9,3526.0
20260112,여의도역,11,서울특별시,11260,중랑구,1126010500,망우동,11,서울특별시,11560,영등포구,1156011000,여의도동,06,45,16,3731.0
20260112,여의도역,11,서울특별시,11260,중랑구,1126010500,망우동,11,서울특별시,11560,영등포구,1156011000,여의도동,07,00,8,3920.0
20260112,여의도역,11,서울특별시,11260,중랑구,1126010500,망우동,11,서울특별시,11560,영등포구,1156011000,여의도동,07,15,12,3747.0
20260112,여의도역,11,서울특별시,11260,중랑구,1126010500,망우동,11,서울특별시,11560,영등포구,1156011000,여의도동,07,30,22,3745.0
20260112,여의도역,11,서울특별시,11260,중랑구,1126010500,망우동,11,서울특별시,11560,영등포구,1156011000,여의도동,07,45,8,3628.0
20260112,여의도역,11,서울특별시,11260,중랑구,1126010500,망우동,11,서울특별시,11560,영등포구,1156011000,여의도동,08,00,4,3640.0
20260112,여의도역,11,서울특별시,11260,중랑구,1126010500,망우동,11,서울특별시,11560,영등포구,1156011000,여의도동,08,15,2,4067.0
20260112,여의도역,11,서울특별시,11260,중랑구,1126010500,망우동,11,서울특별시,11560,영등포구,1156011000,여의도동,08,30,4,3641.0
20260112,여의도역,11,서울특별시,11260,중랑구,1126010500,망우동,11,서울특별시,11560,영등포구,1156011000,여의도동,08,45,3,3194.0
20260112,여의도역,11,서울특별시,11260,중랑구,1126010500,망우동,11,서울특별시,11560,영등포구,1156011000,여의도동,09,15,1,3570.0
20260112,여의도역,11,서울특별시,11260,중랑구,1126010500,망우동,11,서울특별시,11560,영등포구,1156011000,여의도동,09,30,1,3635.0
20260112,여의도역,11,서울특별시,11260,중랑구,1126010500,망우동,11,서울특별시,11560,영등포구,1156011000,여의도동,10,00,1,3372.0
20260112,여의도역,11,서울특별시,11260,중랑구,1126010500,망우동,11,서울특별시,11560,영등포구,1156011000,여의도동,10,15,1,3827.0
20260112,여의도역,11,서울특별시,11260,중랑구,1126010500,망우동,11,서울특별시,11560,영등포구,1156011000,여의도동,10,30,2,4177.0
20260112,여의도역,11,서울특별시,11260,중랑구,1126010500,망우동,11,서울특별시,11560,영등포구,1156011000,여의도동,10,45,2,3330.0
20260112,여의도역,11,서울특별시,11260,중랑구,1126010500,망우동,11,서울특별시,11560,영등포구,1156011000,여의도동,11,00,2,3502.0
20260112,여의도역,11,서울특별시,11260,중랑구,1126010500,망우동,11,서울특별시,11560,영등포구,1156011000,여의도동,11,15,1,4044.0
20260112,여의도역,11,서울특별시,11260,중랑구,1126010500,망우동,11,서울특별시,11560,영등포구,1156011000,여의도동,11,30,1,4167.0
20260112,여의도역,11,서울특별시,11260,중랑구,1126010500,망우동,11,서울특별시,11560,영등포구,1156011000,여의도동,11,45,1,3651.0
20260112,여의도역,11,서울특별시,11260,중랑구,1126010500,망우동,11,서울특별시,11560,영등포구,1156011000,여의도동,12,15,1,3404.0
20260112,여의도역,11,서울특별시,11260,중랑구,1126010600,신내동,11,서울특별시,11560,영등포구,1156011000,여의도동,06,00,3,3401.0
20260112,여의도역,11,서울특별시,11260,중랑구,1126010600,신내동,11,서울특별시,11560,영등포구,1156011000,여의도동,06,15,14,3522.0
20260112,여의도역,11,서울특별시,11260,중랑구,1126010600,신내동,11,서울특별시,11560,영등포구,1156011000,여의도동,06,30,20,3357.0
20260112,여의도역,11,서울특별시,11260,중랑구,1126010600,신내동,11,서울특별시,11560,영등포구,1156011000,여의도동,06,45,19,3538.0
20260112,여의도역,11,서울특별시,11260,중랑구,1126010600,신내동,11,서울특별시,11560,영등포구,1156011000,여의도동,07,00,28,3417.0
20260112,여의도역,11,서울특별시,11260,중랑구,1126010600,신내동,11,서울특별시,11560,영등포구,1156011000,여의도동,07,15,33,3446.0
20260112,여의도역,11,서울특별시,11260,중랑구,1126010600,신내동,11,서울특별시,11560,영등포구,1156011000,여의도동,07,30,41,3485.0
20260112,여의도역,11,서울특별시,11260,중랑구,1126010600,신내동,11,서울특별시,11560,영등포구,1156011000,여의도동,07,45,19,3364.0
20260112,여의도역,11,서울특별시,11260,중랑구,1126010600,신내동,11,서울특별시,11560,영등포구,1156011000,여의도동,08,00,14,3252.0
20260112,여의도역,11,서울특별시,11260,중랑구,1126010600,신내동,11,서울특별시,11560,영등포구,1156011000,여의도동,08,15,13,3349.0
20260112,여의도역,11,서울특별시,11260,중랑구,1126010600,신내동,11,서울특별시,11560,영등포구,1156011000,여의도동,08,30,2,3464.0
20260112,여의도역,11,서울특별시,11260,중랑구,1126010600,신내동,11,서울특별시,11560,영등포구,1156011000,여의도동,08,45,5,3600.0
20260112,여의도역,11,서울특별시,11260,중랑구,1126010600,신내동,11,서울특별시,11560,영등포구,1156011000,여의도동,09,00,2,3251.0
20260112,여의도역,11,서울특별시,11260,중랑구,1126010600,신내동,11,서울특별시,11560,영등포구,1156011000,여의도동,09,15,5,3727.0
20260112,여의도역,11,서울특별시,11260,중랑구,1126010600,신내동,11,서울특별시,11560,영등포구,1156011000,여의도동,09,45,1,3365.0
20260112,여의도역,11,서울특별시,11260,중랑구,1126010600,신내동,11,서울특별시,11560,영등포구,1156011000,여의도동,10,15,1,5141.0
20260112,여의도역,11,서울특별시,11260,중랑구,1126010600,신내동,11,서울특별시,11560,영등포구,1156011000,여의도동,10,30,1,3215.0
20260112,여의도역,11,서울특별시,11260,중랑구,1126010600,신내동,11,서울특별시,11560,영등포구,1156011000,여의도동,10,45,1,3001.0
20260112,여의도역,11,서울특별시,11260,중랑구,1126010600,신내동,11,서울특별시,11560,영등포구,1156011000,여의도동,11,15,4,3943.0
20260112,여의도역,11,서울특별시,11260,중랑구,1126010600,신내동,11,서울특별시,11560,영등포구,1156011000,여의도동,12,00,1,3058.0
20260112,여의도역,11,서울특별시,11260,중랑구,1126010600,신내동,11,서울특별시,11560,영등포구,1156011000,여의도동,12,15,1,3994.0
20260112,여의도역,11,서울특별시,11260,중랑구,1126010600,신내동,11,서울특별시,11560,영등포구,1156011000,여의도동,12,30,2,4015.0
20260112,여의도역,11,서울특별시,11260,중랑구,1126010600,신내동,11,서울특별시,11560,영등포구,1156011000,여의도동,12,45,1,3868.0
20260112,여의도역,11,서울특별시,11290,성북구,1129010100,성북동,11,서울특별시,11560,영등포구,1156011000,여의도동,07,00,1,2797.0
20260112,여의도역,11,서울특별시,11290,성북구,1129010100,성북동,11,서울특별시,11560,영등포구,1156011000,여의도동,07,45,4,2573.0
20260112,여의도역,11,서울특별시,11290,성북구,1129010100,성북동,11,서울특별시,11560,영등포구,1156011000,여의도동,09,00,1,2246.0
20260112,여의도역,11,서울특별시,11290,성북구,1129010100,성북동,11,서울특별시,11560,영등포구,1156011000,여의도동,10,00,3,2485.0
20260112,여의도역,11,서울특별시,11290,성북구,1129010100,성북동,11,서울특별시,11560,영등포구,1156011000,여의도동,10,15,1,2586.0
20260112,여의도역,11,서울특별시,11290,성북구,1129010300,돈암동,11,서울특별시,11560,영등포구,1156011000,여의도동,06,00,4,2370.0
20260112,여의도역,11,서울특별시,11290,성북구,1129010300,돈암동,11,서울특별시,11560,영등포구,1156011000,여의도동,06,15,6,2480.0
20260112,여의도역,11,서울특별시,11290,성북구,1129010300,돈암동,11,서울특별시,11560,영등포구,1156011000,여의도동,06,30,7,2527.0
20260112,여의도역,11,서울특별시,11290,성북구,1129010300,돈암동,11,서울특별시,11560,영등포구,1156011000,여의도동,06,45,8,2559.0
20260112,여의도역,11,서울특별시,11290,성북구,1129010300,돈암동,11,서울특별시,11560,영등포구,1156011000,여의도동,07,00,18,2481.0
20260112,여의도역,11,서울특별시,11290,성북구,1129010300,돈암동,11,서울특별시,11560,영등포구,1156011000,여의도동,07,15,11,2787.0
20260112,여의도역,11,서울특별시,11290,성북구,1129010300,돈암동,11,서울특별시,11560,영등포구,1156011000,여의도동,07,30,15,2646.0
20260112,여의도역,11,서울특별시,11290,성북구,1129010300,돈암동,11,서울특별시,11560,영등포구,1156011000,여의도동,07,45,14,2653.0
20260112,여의도역,11,서울특별시,11290,성북구,1129010300,돈암동,11,서울특별시,11560,영등포구,1156011000,여의도동,08,00,9,2455.0
20260112,여의도역,11,서울특별시,11290,성북구,1129010300,돈암동,11,서울특별시,11560,영등포구,1156011000,여의도동,08,15,3,2363.0
20260112,여의도역,11,서울특별시,11290,성북구,1129010300,돈암동,11,서울특별시,11560,영등포구,1156011000,여의도동,08,30,4,2625.0
20260112,여의도역,11,서울특별시,11290,성북구,1129010300,돈암동,11,서울특별시,11560,영등포구,1156011000,여의도동,08,45,4,2745.0
20260112,여의도역,11,서울특별시,11290,성북구,1129010300,돈암동,11,서울특별시,11560,영등포구,1156011000,여의도동,09,00,2,2576.0
20260112,여의도역,11,서울특별시,11290,성북구,1129010300,돈암동,11,서울특별시,11560,영등포구,1156011000,여의도동,09,15,2,2425.0
20260112,여의도역,11,서울특별시,11290,성북구,1129010300,돈암동,11,서울특별시,11560,영등포구,1156011000,여의도동,09,30,2,2372.0
20260112,여의도역,11,서울특별시,11290,성북구,1129010300,돈암동,11,서울특별시,11560,영등포구,1156011000,여의도동,10,00,2,2724.0
20260112,여의도역,11,서울특별시,11290,성북구,1129010300,돈암동,11,서울특별시,11560,영등포구,1156011000,여의도동,10,15,2,3098.0
20260112,여의도역,11,서울특별시,11290,성북구,1129010300,돈암동,11,서울특별시,11560,영등포구,1156011000,여의도동,11,00,1,2496.0
20260112,여의도역,11,서울특별시,11290,성북구,1129010300,돈암동,11,서울특별시,11560,영등포구,1156011000,여의도동,11,15,1,2324.0
20260112,여의도역,11,서울특별시,11290,성북구,1129010300,돈암동,11,서울특별시,11560,영등포구,1156011000,여의도동,12,45,1,2549.0
20260112,여의도역,11,서울특별시,11290,성북구,1129010700,동소문동4가,11,서울특별시,11560,영등포구,1156011000,여의도동,07,00,3,2608.0
20260112,여의도역,11,서울특별시,11290,성북구,1129010700,동소문동4가,11,서울특별시,11560,영등포구,1156011000,여의도동,07,15,1,2439.0
20260112,여의도역,11,서울특별시,11290,성북구,1129010700,동소문동4가,11,서울특별시,11560,영등포구,1156011000,여의도동,07,30,1,2653.0
20260112,여의도역,11,서울특별시,11290,성북구,1129010700,동소문동4가,11,서울특별시,11560,영등포구,1156011000,여의도동,07,45,2,2489.0
20260112,여의도역,11,서울특별시,11290,성북구,1129010700,동소문동4가,11,서울특별시,11560,영등포구,1156011000,여의도동,08,00,1,2547.0
20260112,여의도역,11,서울특별시,11290,성북구,1129010700,동소문동4가,11,서울특별시,11560,영등포구,1156011000,여의도동,08,15,1,2876.0
20260112,여의도역,11,서울특별시,11290,성북구,1129010700,동소문동4가,11,서울특별시,11560,영등포구,1156011000,여의도동,09,00,2,2760.0
20260112,여의도역,11,서울특별시,11290,성북구,1129010700,동소문동4가,11,서울특별시,11560,영등포구,1156011000,여의도동,09,30,1,3241.0
20260112,여의도역,11,서울특별시,11290,성북구,1129010700,동소문동4가,11,서울특별시,11560,영등포구,1156011000,여의도동,10,00,1,3086.0
20260112,여의도역,11,서울특별시,11290,성북구,1129010700,동소문동4가,11,서울특별시,11560,영등포구,1156011000,여의도동,11,30,1,2133.0
20260112,여의도역,11,서울특별시,11290,성북구,1129010700,동소문동4가,11,서울특별시,11560,영등포구,1156011000,여의도동,12,00,1,2161.0
20260112,여의도역,11,서울특별시,11290,성북구,1129010700,동소문동4가,11,서울특별시,11560,영등포구,1156011000,여의도동,12,15,1,3064.0
20260112,여의도역,11,서울특별시,11290,성북구,1129010900,동소문동6가,11,서울특별시,11560,영등포구,1156011000,여의도동,06,00,1,3145.0
20260112,여의도역,11,서울특별시,11290,성북구,1129010900,동소문동6가,11,서울특별시,11560,영등포구,1156011000,여의도동,06,15,1,3071.0
20260112,여의도역,11,서울특별시,11290,성북구,1129010900,동소문동6가,11,서울특별시,11560,영등포구,1156011000,여의도동,07,15,1,2741.0
20260112,여의도역,11,서울특별시,11290,성북구,1129010900,동소문동6가,11,서울특별시,11560,영등포구,1156011000,여의도동,07,45,1,3159.0
20260112,여의도역,11,서울특별시,11290,성북구,1129010900,동소문동6가,11,서울특별시,11560,영등포구,1156011000,여의도동,09,45,1,2849.0
20260112,여의도역,11,서울특별시,11290,성북구,1129011000,동소문동7가,11,서울특별시,11560,영등포구,1156011000,여의도동,06,30,1,3113.0
20260112,여의도역,11,서울특별시,11290,성북구,1129011000,동소문동7가,11,서울특별시,11560,영등포구,1156011000,여의도동,06,45,3,3114.0
20260112,여의도역,11,서울특별시,11290,성북구,1129011000,동소문동7가,11,서울특별시,11560,영등포구,1156011000,여의도동,07,30,1,3783.0
20260112,여의도역,11,서울특별시,11290,성북구,1129011000,동소문동7가,11,서울특별시,11560,영등포구,1156011000,여의도동,07,45,2,3269.0
20260112,여의도역,11,서울특별시,11290,성북구,1129011000,동소문동7가,11,서울특별시,11560,영등포구,1156011000,여의도동,08,00,1,2256.0
20260112,여의도역,11,서울특별시,11290,성북구,1129011000,동소문동7가,11,서울특별시,11560,영등포구,1156011000,여의도동,08,15,1,2511.0
20260112,여의도역,11,서울특별시,11290,성북구,1129011000,동소문동7가,11,서울특별시,11560,영등포구,1156011000,여의도동,08,45,1,2231.0
20260112,여의도역,11,서울특별시,11290,성북구,1129011100,삼선동1가,11,서울특별시,11560,영등포구,1156011000,여의도동,06,00,1,2079.0
20260112,여의도역,11,서울특별시,11290,성북구,1129011100,삼선동1가,11,서울특별시,11560,영등포구,1156011000,여의도동,06,30,3,2127.0
20260112,여의도역,11,서울특별시,11290,성북구,1129011100,삼선동1가,11,서울특별시,11560,영등포구,1156011000,여의도동,06,45,3,2573.0
20260112,여의도역,11,서울특별시,11290,성북구,1129011100,삼선동1가,11,서울특별시,11560,영등포구,1156011000,여의도동,07,00,4,2162.0
20260112,여의도역,11,서울특별시,11290,성북구,1129011100,삼선동1가,11,서울특별시,11560,영등포구,1156011000,여의도동,07,15,6,2164.0
20260112,여의도역,11,서울특별시,11290,성북구,1129011100,삼선동1가,11,서울특별시,11560,영등포구,1156011000,여의도동,07,30,7,2337.0
20260112,여의도역,11,서울특별시,11290,성북구,1129011100,삼선동1가,11,서울특별시,11560,영등포구,1156011000,여의도동,07,45,12,2251.0
20260112,여의도역,11,서울특별시,11290,성북구,1129011100,삼선동1가,11,서울특별시,11560,영등포구,1156011000,여의도동,08,00,7,2375.0
20260112,여의도역,11,서울특별시,11290,성북구,1129011100,삼선동1가,11,서울특별시,11560,영등포구,1156011000,여의도동,08,15,3,1966.0
20260112,여의도역,11,서울특별시,11290,성북구,1129011100,삼선동1가,11,서울특별시,11560,영등포구,1156011000,여의도동,08,30,4,2409.0
20260112,여의도역,11,서울특별시,11290,성북구,1129011100,삼선동1가,11,서울특별시,11560,영등포구,1156011000,여의도동,08,45,3,2224.0
20260112,여의도역,11,서울특별시,11290,성북구,1129011100,삼선동1가,11,서울특별시,11560,영등포구,1156011000,여의도동,09,00,2,2296.0
20260112,여의도역,11,서울특별시,11290,성북구,1129011100,삼선동1가,11,서울특별시,11560,영등포구,1156011000,여의도동,09,15,2,2202.0
20260112,여의도역,11,서울특별시,11290,성북구,1129011100,삼선동1가,11,서울특별시,11560,영등포구,1156011000,여의도동,10,00,1,2040.0
20260112,여의도역,11,서울특별시,11290,성북구,1129011100,삼선동1가,11,서울특별시,11560,영등포구,1156011000,여의도동,10,15,1,2761.0
20260112,여의도역,11,서울특별시,11290,성북구,1129011100,삼선동1가,11,서울특별시,11560,영등포구,1156011000,여의도동,10,45,1,2267.0
20260112,여의도역,11,서울특별시,11290,성북구,1129011100,삼선동1가,11,서울특별시,11560,영등포구,1156011000,여의도동,11,00,1,2207.0
20260112,여의도역,11,서울특별시,11290,성북구,1129011100,삼선동1가,11,서울특별시,11560,영등포구,1156011000,여의도동,11,30,1,2366.0
20260112,여의도역,11,서울특별시,11290,성북구,1129011100,삼선동1가,11,서울특별시,11560,영등포구,1156011000,여의도동,11,45,1,2474.0
20260112,여의도역,11,서울특별시,11290,성북구,1129011100,삼선동1가,11,서울특별시,11560,영등포구,1156011000,여의도동,12,15,3,2351.0
20260112,여의도역,11,서울특별시,11290,성북구,1129011100,삼선동1가,11,서울특별시,11560,영등포구,1156011000,여의도동,12,30,1,1942.0
20260112,여의도역,11,서울특별시,11290,성북구,1129011200,삼선동2가,11,서울특별시,11560,영등포구,1156011000,여의도동,07,00,1,2302.0
20260112,여의도역,11,서울특별시,11290,성북구,1129011200,삼선동2가,11,서울특별시,11560,영등포구,1156011000,여의도동,12,00,1,3029.0
20260112,여의도역,11,서울특별시,11290,성북구,1129011200,삼선동2가,11,서울특별시,11560,영등포구,1156011000,여의도동,12,15,1,3004.0
20260112,여의도역,11,서울특별시,11290,성북구,1129011300,삼선동3가,11,서울특별시,11560,영등포구,1156011000,여의도동,06,45,1,2676.0
20260112,여의도역,11,서울특별시,11290,성북구,1129011300,삼선동3가,11,서울특별시,11560,영등포구,1156011000,여의도동,07,15,1,2902.0
20260112,여의도역,11,서울특별시,11290,성북구,1129011300,삼선동3가,11,서울특별시,11560,영등포구,1156011000,여의도동,07,45,1,2374.0
20260112,여의도역,11,서울특별시,11290,성북구,1129011300,삼선동3가,11,서울특별시,11560,영등포구,1156011000,여의도동,08,15,1,2288.0
20260112,여의도역,11,서울특별시,11290,성북구,1129011300,삼선동3가,11,서울특별시,11560,영등포구,1156011000,여의도동,09,00,1,2163.0
20260112,여의도역,11,서울특별시,11290,성북구,1129011300,삼선동3가,11,서울특별시,11560,영등포구,1156011000,여의도동,11,00,1,2722.0
20260112,여의도역,11,서울특별시,11290,성북구,1129011400,삼선동4가,11,서울특별시,11560,영등포구,1156011000,여의도동,06,45,1,2473.0
20260112,여의도역,11,서울특별시,11290,성북구,1129011400,삼선동4가,11,서울특별시,11560,영등포구,1156011000,여의도동,07,30,1,2832.0
20260112,여의도역,11,서울특별시,11290,성북구,1129011400,삼선동4가,11,서울특별시,11560,영등포구,1156011000,여의도동,08,15,1,2404.0
20260112,여의도역,11,서울특별시,11290,성북구,1129011400,삼선동4가,11,서울특별시,11560,영등포구,1156011000,여의도동,08,30,1,2387.0
20260112,여의도역,11,서울특별시,11290,성북구,1129011400,삼선동4가,11,서울특별시,11560,영등포구,1156011000,여의도동,09,00,1,2814.0
20260112,여의도역,11,서울특별시,11290,성북구,1129011500,삼선동5가,11,서울특별시,11560,영등포구,1156011000,여의도동,06,15,1,2054.0
20260112,여의도역,11,서울특별시,11290,성북구,1129011500,삼선동5가,11,서울특별시,11560,영등포구,1156011000,여의도동,06,30,1,2980.0
20260112,여의도역,11,서울특별시,11290,성북구,1129011500,삼선동5가,11,서울특별시,11560,영등포구,1156011000,여의도동,07,00,1,1976.0
20260112,여의도역,11,서울특별시,11290,성북구,1129011500,삼선동5가,11,서울특별시,11560,영등포구,1156011000,여의도동,07,30,1,2118.0
20260112,여의도역,11,서울특별시,11290,성북구,1129011500,삼선동5가,11,서울특별시,11560,영등포구,1156011000,여의도동,08,00,1,2288.0
20260112,여의도역,11,서울특별시,11290,성북구,1129011500,삼선동5가,11,서울특별시,11560,영등포구,1156011000,여의도동,09,00,1,1968.0
20260112,여의도역,11,서울특별시,11290,성북구,1129011500,삼선동5가,11,서울특별시,11560,영등포구,1156011000,여의도동,09,15,1,2306.0
20260112,여의도역,11,서울특별시,11290,성북구,1129011600,동선동1가,11,서울특별시,11560,영등포구,1156011000,여의도동,06,45,2,2585.0
20260112,여의도역,11,서울특별시,11290,성북구,1129011600,동선동1가,11,서울특별시,11560,영등포구,1156011000,여의도동,07,30,2,2668.0
20260112,여의도역,11,서울특별시,11290,성북구,1129011600,동선동1가,11,서울특별시,11560,영등포구,1156011000,여의도동,07,45,3,2867.0
20260112,여의도역,11,서울특별시,11290,성북구,1129011600,동선동1가,11,서울특별시,11560,영등포구,1156011000,여의도동,08,30,1,2294.0
20260112,여의도역,11,서울특별시,11290,성북구,1129011600,동선동1가,11,서울특별시,11560,영등포구,1156011000,여의도동,09,15,1,2555.0
20260112,여의도역,11,서울특별시,11290,성북구,1129011600,동선동1가,11,서울특별시,11560,영등포구,1156011000,여의도동,09,45,1,2310.0
20260112,여의도역,11,서울특별시,11290,성북구,1129011600,동선동1가,11,서울특별시,11560,영등포구,1156011000,여의도동,10,15,1,2849.0
20260112,여의도역,11,서울특별시,11290,성북구,1129011600,동선동1가,11,서울특별시,11560,영등포구,1156011000,여의도동,11,45,1,2568.0
20260112,여의도역,11,서울특별시,11290,성북구,1129011600,동선동1가,11,서울특별시,11560,영등포구,1156011000,여의도동,12,00,1,2420.0
20260112,여의도역,11,서울특별시,11290,성북구,1129011900,동선동4가,11,서울특별시,11560,영등포구,1156011000,여의도동,06,00,2,2428.0
20260112,여의도역,11,서울특별시,11290,성북구,1129011900,동선동4가,11,서울특별시,11560,영등포구,1156011000,여의도동,06,30,3,2397.0
20260112,여의도역,11,서울특별시,11290,성북구,1129011900,동선동4가,11,서울특별시,11560,영등포구,1156011000,여의도동,06,45,10,2288.0
20260112,여의도역,11,서울특별시,11290,성북구,1129011900,동선동4가,11,서울특별시,11560,영등포구,1156011000,여의도동,07,00,15,2317.0
20260112,여의도역,11,서울특별시,11290,성북구,1129011900,동선동4가,11,서울특별시,11560,영등포구,1156011000,여의도동,07,15,10,2403.0
20260112,여의도역,11,서울특별시,11290,성북구,1129011900,동선동4가,11,서울특별시,11560,영등포구,1156011000,여의도동,07,30,17,2446.0
20260112,여의도역,11,서울특별시,11290,성북구,1129011900,동선동4가,11,서울특별시,11560,영등포구,1156011000,여의도동,07,45,10,2514.0
20260112,여의도역,11,서울특별시,11290,성북구,1129011900,동선동4가,11,서울특별시,11560,영등포구,1156011000,여의도동,08,00,11,2549.0
20260112,여의도역,11,서울특별시,11290,성북구,1129011900,동선동4가,11,서울특별시,11560,영등포구,1156011000,여의도동,08,15,3,2323.0
20260112,여의도역,11,서울특별시,11290,성북구,1129011900,동선동4가,11,서울특별시,11560,영등포구,1156011000,여의도동,08,30,4,2292.0
20260112,여의도역,11,서울특별시,11290,성북구,1129011900,동선동4가,11,서울특별시,11560,영등포구,1156011000,여의도동,08,45,6,2502.0
20260112,여의도역,11,서울특별시,11290,성북구,1129011900,동선동4가,11,서울특별시,11560,영등포구,1156011000,여의도동,09,00,6,2365.0
20260112,여의도역,11,서울특별시,11290,성북구,1129011900,동선동4가,11,서울특별시,11560,영등포구,1156011000,여의도동,09,15,5,2264.0
20260112,여의도역,11,서울특별시,11290,성북구,1129011900,동선동4가,11,서울특별시,11560,영등포구,1156011000,여의도동,09,30,1,2664.0
20260112,여의도역,11,서울특별시,11290,성북구,1129011900,동선동4가,11,서울특별시,11560,영등포구,1156011000,여의도동,09,45,2,2759.0
20260112,여의도역,11,서울특별시,11290,성북구,1129011900,동선동4가,11,서울특별시,11560,영등포구,1156011000,여의도동,10,00,2,2238.0
20260112,여의도역,11,서울특별시,11290,성북구,1129011900,동선동4가,11,서울특별시,11560,영등포구,1156011000,여의도동,10,15,2,2404.0
20260112,여의도역,11,서울특별시,11290,성북구,1129011900,동선동4가,11,서울특별시,11560,영등포구,1156011000,여의도동,10,30,2,2288.0
20260112,여의도역,11,서울특별시,11290,성북구,1129011900,동선동4가,11,서울특별시,11560,영등포구,1156011000,여의도동,10,45,2,2949.0
20260112,여의도역,11,서울특별시,11290,성북구,1129011900,동선동4가,11,서울특별시,11560,영등포구,1156011000,여의도동,11,00,1,3124.0
20260112,여의도역,11,서울특별시,11290,성북구,1129011900,동선동4가,11,서울특별시,11560,영등포구,1156011000,여의도동,11,15,1,2884.0
20260112,여의도역,11,서울특별시,11290,성북구,1129011900,동선동4가,11,서울특별시,11560,영등포구,1156011000,여의도동,11,45,2,2353.0
20260112,여의도역,11,서울특별시,11290,성북구,1129011900,동선동4가,11,서울특별시,11560,영등포구,1156011000,여의도동,12,00,1,2931.0
20260112,여의도역,11,서울특별시,11290,성북구,1129011900,동선동4가,11,서울특별시,11560,영등포구,1156011000,여의도동,12,15,2,2558.0
20260112,여의도역,11,서울특별시,11290,성북구,1129011900,동선동4가,11,서울특별시,11560,영등포구,1156011000,여의도동,12,30,1,2191.0
20260112,여의도역,11,서울특별시,11290,성북구,1129011900,동선동4가,11,서울특별시,11560,영등포구,1156011000,여의도동,12,45,2,2127.0
20260112,여의도역,11,서울특별시,11290,성북구,1129012100,안암동1가,11,서울특별시,11560,영등포구,1156011000,여의도동,08,30,1,2479.0
20260112,여의도역,11,서울특별시,11290,성북구,1129012400,안암동4가,11,서울특별시,11560,영등포구,1156011000,여의도동,06,45,1,2320.0
20260112,여의도역,11,서울특별시,11290,성북구,1129012400,안암동4가,11,서울특별시,11560,영등포구,1156011000,여의도동,07,45,1,3024.0
20260112,여의도역,11,서울특별시,11290,성북구,1129012400,안암동4가,11,서울특별시,11560,영등포구,1156011000,여의도동,08,45,1,2553.0
20260112,여의도역,11,서울특별시,11290,성북구,1129012400,안암동4가,11,서울특별시,11560,영등포구,1156011000,여의도동,09,15,1,3231.0
20260112,여의도역,11,서울특별시,11290,성북구,1129012400,안암동4가,11,서울특별시,11560,영등포구,1156011000,여의도동,10,00,1,1977.0
20260112,여의도역,11,서울특별시,11290,성북구,1129012500,안암동5가,11,서울특별시,11560,영등포구,1156011000,여의도동,06,15,1,2230.0
20260112,여의도역,11,서울특별시,11290,성북구,1129012500,안암동5가,11,서울특별시,11560,영등포구,1156011000,여의도동,06,30,3,2180.0
20260112,여의도역,11,서울특별시,11290,성북구,1129012500,안암동5가,11,서울특별시,11560,영등포구,1156011000,여의도동,06,45,1,2125.0
20260112,여의도역,11,서울특별시,11290,성북구,1129012500,안암동5가,11,서울특별시,11560,영등포구,1156011000,여의도동,07,00,5,2606.0
20260112,여의도역,11,서울특별시,11290,성북구,1129012500,안암동5가,11,서울특별시,11560,영등포구,1156011000,여의도동,07,15,4,2245.0
20260112,여의도역,11,서울특별시,11290,성북구,1129012500,안암동5가,11,서울특별시,11560,영등포구,1156011000,여의도동,07,30,7,2385.0
20260112,여의도역,11,서울특별시,11290,성북구,1129012500,안암동5가,11,서울특별시,11560,영등포구,1156011000,여의도동,07,45,3,2214.0
20260112,여의도역,11,서울특별시,11290,성북구,1129012500,안암동5가,11,서울특별시,11560,영등포구,1156011000,여의도동,08,00,10,2421.0
20260112,여의도역,11,서울특별시,11290,성북구,1129012500,안암동5가,11,서울특별시,11560,영등포구,1156011000,여의도동,08,15,5,2431.0
20260112,여의도역,11,서울특별시,11290,성북구,1129012500,안암동5가,11,서울특별시,11560,영등포구,1156011000,여의도동,08,30,4,2073.0
20260112,여의도역,11,서울특별시,11290,성북구,1129012500,안암동5가,11,서울특별시,11560,영등포구,1156011000,여의도동,08,45,3,2418.0
20260112,여의도역,11,서울특별시,11290,성북구,1129012500,안암동5가,11,서울특별시,11560,영등포구,1156011000,여의도동,09,00,2,2910.0
20260112,여의도역,11,서울특별시,11290,성북구,1129012500,안암동5가,11,서울특별시,11560,영등포구,1156011000,여의도동,09,15,2,2116.0
20260112,여의도역,11,서울특별시,11290,성북구,1129012500,안암동5가,11,서울특별시,11560,영등포구,1156011000,여의도동,09,30,2,2703.0
20260112,여의도역,11,서울특별시,11290,성북구,1129012500,안암동5가,11,서울특별시,11560,영등포구,1156011000,여의도동,09,45,1,2301.0
20260112,여의도역,11,서울특별시,11290,성북구,1129012500,안암동5가,11,서울특별시,11560,영등포구,1156011000,여의도동,10,00,1,2182.0
20260112,여의도역,11,서울특별시,11290,성북구,1129012500,안암동5가,11,서울특별시,11560,영등포구,1156011000,여의도동,10,15,3,2709.0
20260112,여의도역,11,서울특별시,11290,성북구,1129012500,안암동5가,11,서울특별시,11560,영등포구,1156011000,여의도동,10,30,2,2463.0
20260112,여의도역,11,서울특별시,11290,성북구,1129012500,안암동5가,11,서울특별시,11560,영등포구,1156011000,여의도동,11,00,1,2700.0
20260112,여의도역,11,서울특별시,11290,성북구,1129012500,안암동5가,11,서울특별시,11560,영등포구,1156011000,여의도동,11,30,3,2174.0
20260112,여의도역,11,서울특별시,11290,성북구,1129012500,안암동5가,11,서울특별시,11560,영등포구,1156011000,여의도동,12,00,2,2425.0
20260112,여의도역,11,서울특별시,11290,성북구,1129012500,안암동5가,11,서울특별시,11560,영등포구,1156011000,여의도동,12,15,1,3398.0
20260112,여의도역,11,서울특별시,11290,성북구,1129012500,안암동5가,11,서울특별시,11560,영등포구,1156011000,여의도동,12,30,2,2480.0
20260112,여의도역,11,서울특별시,11290,성북구,1129012600,보문동4가,11,서울특별시,11560,영등포구,1156011000,여의도동,07,15,1,2295.0
20260112,여의도역,11,서울특별시,11290,성북구,1129012900,보문동7가,11,서울특별시,11560,영등포구,1156011000,여의도동,06,00,1,3002.0
20260112,여의도역,11,서울특별시,11290,성북구,1129012900,보문동7가,11,서울특별시,11560,영등포구,1156011000,여의도동,06,15,1,2359.0
20260112,여의도역,11,서울특별시,11290,성북구,1129012900,보문동7가,11,서울특별시,11560,영등포구,1156011000,여의도동,06,30,1,2790.0
20260112,여의도역,11,서울특별시,11290,성북구,1129012900,보문동7가,11,서울특별시,11560,영등포구,1156011000,여의도동,07,45,1,2766.0
20260112,여의도역,11,서울특별시,11290,성북구,1129012900,보문동7가,11,서울특별시,11560,영등포구,1156011000,여의도동,10,45,1,2532.0
20260112,여의도역,11,서울특별시,11290,성북구,1129013000,보문동1가,11,서울특별시,11560,영등포구,1156011000,여의도동,06,00,1,2115.0
20260112,여의도역,11,서울특별시,11290,성북구,1129013000,보문동1가,11,서울특별시,11560,영등포구,1156011000,여의도동,06,15,3,2194.0
20260112,여의도역,11,서울특별시,11290,성북구,1129013000,보문동1가,11,서울특별시,11560,영등포구,1156011000,여의도동,06,30,5,2078.0
20260112,여의도역,11,서울특별시,11290,성북구,1129013000,보문동1가,11,서울특별시,11560,영등포구,1156011000,여의도동,06,45,12,2178.0
20260112,여의도역,11,서울특별시,11290,성북구,1129013000,보문동1가,11,서울특별시,11560,영등포구,1156011000,여의도동,07,00,12,2275.0
20260112,여의도역,11,서울특별시,11290,성북구,1129013000,보문동1가,11,서울특별시,11560,영등포구,1156011000,여의도동,07,15,4,2189.0
20260112,여의도역,11,서울특별시,11290,성북구,1129013000,보문동1가,11,서울특별시,11560,영등포구,1156011000,여의도동,07,30,10,2056.0
20260112,여의도역,11,서울특별시,11290,성북구,1129013000,보문동1가,11,서울특별시,11560,영등포구,1156011000,여의도동,07,45,20,2139.0
20260112,여의도역,11,서울특별시,11290,성북구,1129013000,보문동1가,11,서울특별시,11560,영등포구,1156011000,여의도동,08,00,6,2113.0
20260112,여의도역,11,서울특별시,11290,성북구,1129013000,보문동1가,11,서울특별시,11560,영등포구,1156011000,여의도동,08,15,7,2175.0
20260112,여의도역,11,서울특별시,11290,성북구,1129013000,보문동1가,11,서울특별시,11560,영등포구,1156011000,여의도동,08,30,6,2213.0
20260112,여의도역,11,서울특별시,11290,성북구,1129013000,보문동1가,11,서울특별시,11560,영등포구,1156011000,여의도동,08,45,4,2059.0
20260112,여의도역,11,서울특별시,11290,성북구,1129013000,보문동1가,11,서울특별시,11560,영등포구,1156011000,여의도동,09,00,4,2093.0
20260112,여의도역,11,서울특별시,11290,성북구,1129013000,보문동1가,11,서울특별시,11560,영등포구,1156011000,여의도동,09,15,4,2007.0
20260112,여의도역,11,서울특별시,11290,성북구,1129013000,보문동1가,11,서울특별시,11560,영등포구,1156011000,여의도동,09,45,1,2442.0
20260112,여의도역,11,서울특별시,11290,성북구,1129013000,보문동1가,11,서울특별시,11560,영등포구,1156011000,여의도동,10,00,1,2133.0
20260112,여의도역,11,서울특별시,11290,성북구,1129013000,보문동1가,11,서울특별시,11560,영등포구,1156011000,여의도동,11,00,2,2107.0
20260112,여의도역,11,서울특별시,11290,성북구,1129013000,보문동1가,11,서울특별시,11560,영등포구,1156011000,여의도동,11,30,2,2325.0
20260112,여의도역,11,서울특별시,11290,성북구,1129013000,보문동1가,11,서울특별시,11560,영등포구,1156011000,여의도동,11,45,3,2480.0
20260112,여의도역,11,서울특별시,11290,성북구,1129013000,보문동1가,11,서울특별시,11560,영등포구,1156011000,여의도동,12,30,2,2400.0
20260112,여의도역,11,서울특별시,11290,성북구,1129013000,보문동1가,11,서울특별시,11560,영등포구,1156011000,여의도동,12,45,1,2349.0
20260112,여의도역,11,서울특별시,11290,성북구,1129013100,보문동2가,11,서울특별시,11560,영등포구,1156011000,여의도동,07,15,1,2825.0
20260112,여의도역,11,서울특별시,11290,성북구,1129013300,정릉동,11,서울특별시,11560,영등포구,1156011000,여의도동,06,00,3,3322.0
20260112,여의도역,11,서울특별시,11290,성북구,1129013300,정릉동,11,서울특별시,11560,영등포구,1156011000,여의도동,06,15,10,3194.0
20260112,여의도역,11,서울특별시,11290,성북구,1129013300,정릉동,11,서울특별시,11560,영등포구,1156011000,여의도동,06,30,22,3226.0
20260112,여의도역,11,서울특별시,11290,성북구,1129013300,정릉동,11,서울특별시,11560,영등포구,1156011000,여의도동,06,45,35,3059.0
20260112,여의도역,11,서울특별시,11290,성북구,1129013300,정릉동,11,서울특별시,11560,영등포구,1156011000,여의도동,07,00,22,2981.0
20260112,여의도역,11,서울특별시,11290,성북구,1129013300,정릉동,11,서울특별시,11560,영등포구,1156011000,여의도동,07,15,20,3154.0
20260112,여의도역,11,서울특별시,11290,성북구,1129013300,정릉동,11,서울특별시,11560,영등포구,1156011000,여의도동,07,30,28,3305.0
20260112,여의도역,11,서울특별시,11290,성북구,1129013300,정릉동,11,서울특별시,11560,영등포구,1156011000,여의도동,07,45,18,3077.0
20260112,여의도역,11,서울특별시,11290,성북구,1129013300,정릉동,11,서울특별시,11560,영등포구,1156011000,여의도동,08,00,14,3010.0
20260112,여의도역,11,서울특별시,11290,성북구,1129013300,정릉동,11,서울특별시,11560,영등포구,1156011000,여의도동,08,15,17,3001.0
20260112,여의도역,11,서울특별시,11290,성북구,1129013300,정릉동,11,서울특별시,11560,영등포구,1156011000,여의도동,08,30,7,3252.0
20260112,여의도역,11,서울특별시,11290,성북구,1129013300,정릉동,11,서울특별시,11560,영등포구,1156011000,여의도동,08,45,8,2869.0
20260112,여의도역,11,서울특별시,11290,성북구,1129013300,정릉동,11,서울특별시,11560,영등포구,1156011000,여의도동,09,00,6,2947.0
20260112,여의도역,11,서울특별시,11290,성북구,1129013300,정릉동,11,서울특별시,11560,영등포구,1156011000,여의도동,09,15,3,3029.0
20260112,여의도역,11,서울특별시,11290,성북구,1129013300,정릉동,11,서울특별시,11560,영등포구,1156011000,여의도동,09,30,3,3605.0
20260112,여의도역,11,서울특별시,11290,성북구,1129013300,정릉동,11,서울특별시,11560,영등포구,1156011000,여의도동,09,45,2,2593.0
20260112,여의도역,11,서울특별시,11290,성북구,1129013300,정릉동,11,서울특별시,11560,영등포구,1156011000,여의도동,10,15,3,3177.0
20260112,여의도역,11,서울특별시,11290,성북구,1129013300,정릉동,11,서울특별시,11560,영등포구,1156011000,여의도동,10,30,3,2967.0
20260112,여의도역,11,서울특별시,11290,성북구,1129013300,정릉동,11,서울특별시,11560,영등포구,1156011000,여의도동,10,45,1,3566.0
20260112,여의도역,11,서울특별시,11290,성북구,1129013300,정릉동,11,서울특별시,11560,영등포구,1156011000,여의도동,11,45,1,2517.0
20260112,여의도역,11,서울특별시,11290,성북구,1129013300,정릉동,11,서울특별시,11560,영등포구,1156011000,여의도동,12,00,1,2995.0
20260112,여의도역,11,서울특별시,11290,성북구,1129013300,정릉동,11,서울특별시,11560,영등포구,1156011000,여의도동,12,15,3,3122.0
20260112,여의도역,11,서울특별시,11290,성북구,1129013300,정릉동,11,서울특별시,11560,영등포구,1156011000,여의도동,12,30,1,3509.0
20260112,여의도역,11,서울특별시,11290,성북구,1129013300,정릉동,11,서울특별시,11560,영등포구,1156011000,여의도동,12,45,1,3230.0
20260112,여의도역,11,서울특별시,11290,성북구,1129013400,길음동,11,서울특별시,11560,영등포구,1156011000,여의도동,06,00,3,2724.0
20260112,여의도역,11,서울특별시,11290,성북구,1129013400,길음동,11,서울특별시,11560,영등포구,1156011000,여의도동,06,15,9,2552.0
20260112,여의도역,11,서울특별시,11290,성북구,1129013400,길음동,11,서울특별시,11560,영등포구,1156011000,여의도동,06,30,25,2617.0
20260112,여의도역,11,서울특별시,11290,성북구,1129013400,길음동,11,서울특별시,11560,영등포구,1156011000,여의도동,06,45,32,2626.0
20260112,여의도역,11,서울특별시,11290,성북구,1129013400,길음동,11,서울특별시,11560,영등포구,1156011000,여의도동,07,00,40,2475.0
20260112,여의도역,11,서울특별시,11290,성북구,1129013400,길음동,11,서울특별시,11560,영등포구,1156011000,여의도동,07,15,42,2799.0
20260112,여의도역,11,서울특별시,11290,성북구,1129013400,길음동,11,서울특별시,11560,영등포구,1156011000,여의도동,07,30,51,2694.0
20260112,여의도역,11,서울특별시,11290,성북구,1129013400,길음동,11,서울특별시,11560,영등포구,1156011000,여의도동,07,45,57,2767.0
20260112,여의도역,11,서울특별시,11290,성북구,1129013400,길음동,11,서울특별시,11560,영등포구,1156011000,여의도동,08,00,34,2576.0
20260112,여의도역,11,서울특별시,11290,성북구,1129013400,길음동,11,서울특별시,11560,영등포구,1156011000,여의도동,08,15,17,2729.0
20260112,여의도역,11,서울특별시,11290,성북구,1129013400,길음동,11,서울특별시,11560,영등포구,1156011000,여의도동,08,30,10,2680.0
20260112,여의도역,11,서울특별시,11290,성북구,1129013400,길음동,11,서울특별시,11560,영등포구,1156011000,여의도동,08,45,9,2650.0
20260112,여의도역,11,서울특별시,11290,성북구,1129013400,길음동,11,서울특별시,11560,영등포구,1156011000,여의도동,09,00,10,2467.0
20260112,여의도역,11,서울특별시,11290,성북구,1129013400,길음동,11,서울특별시,11560,영등포구,1156011000,여의도동,09,15,6,2769.0
20260112,여의도역,11,서울특별시,11290,성북구,1129013400,길음동,11,서울특별시,11560,영등포구,1156011000,여의도동,09,30,2,3091.0
20260112,여의도역,11,서울특별시,11290,성북구,1129013400,길음동,11,서울특별시,11560,영등포구,1156011000,여의도동,09,45,4,2719.0
20260112,여의도역,11,서울특별시,11290,성북구,1129013400,길음동,11,서울특별시,11560,영등포구,1156011000,여의도동,10,00,4,2798.0
20260112,여의도역,11,서울특별시,11290,성북구,1129013400,길음동,11,서울특별시,11560,영등포구,1156011000,여의도동,10,15,1,2744.0
20260112,여의도역,11,서울특별시,11290,성북구,1129013400,길음동,11,서울특별시,11560,영등포구,1156011000,여의도동,10,30,1,2515.0
20260112,여의도역,11,서울특별시,11290,성북구,1129013400,길음동,11,서울특별시,11560,영등포구,1156011000,여의도동,10,45,3,2906.0
20260112,여의도역,11,서울특별시,11290,성북구,1129013400,길음동,11,서울특별시,11560,영등포구,1156011000,여의도동,11,00,5,2644.0
20260112,여의도역,11,서울특별시,11290,성북구,1129013400,길음동,11,서울특별시,11560,영등포구,1156011000,여의도동,11,30,2,2810.0
20260112,여의도역,11,서울특별시,11290,성북구,1129013400,길음동,11,서울특별시,11560,영등포구,1156011000,여의도동,11,45,2,2706.0
20260112,여의도역,11,서울특별시,11290,성북구,1129013400,길음동,11,서울특별시,11560,영등포구,1156011000,여의도동,12,00,1,2443.0
20260112,여의도역,11,서울특별시,11290,성북구,1129013400,길음동,11,서울특별시,11560,영등포구,1156011000,여의도동,12,30,2,2858.0
20260112,여의도역,11,서울특별시,11290,성북구,1129013400,길음동,11,서울특별시,11560,영등포구,1156011000,여의도동,12,45,1,3035.0
20260112,여의도역,11,서울특별시,11290,성북구,1129013500,종암동,11,서울특별시,11560,영등포구,1156011000,여의도동,06,00,5,2499.0
20260112,여의도역,11,서울특별시,11290,성북구,1129013500,종암동,11,서울특별시,11560,영등포구,1156011000,여의도동,06,15,3,2863.0
20260112,여의도역,11,서울특별시,11290,성북구,1129013500,종암동,11,서울특별시,11560,영등포구,1156011000,여의도동,06,30,6,2661.0
20260112,여의도역,11,서울특별시,11290,성북구,1129013500,종암동,11,서울특별시,11560,영등포구,1156011000,여의도동,06,45,20,2623.0
20260112,여의도역,11,서울특별시,11290,성북구,1129013500,종암동,11,서울특별시,11560,영등포구,1156011000,여의도동,07,00,15,2534.0
20260112,여의도역,11,서울특별시,11290,성북구,1129013500,종암동,11,서울특별시,11560,영등포구,1156011000,여의도동,07,15,14,2540.0
20260112,여의도역,11,서울특별시,11290,성북구,1129013500,종암동,11,서울특별시,11560,영등포구,1156011000,여의도동,07,30,22,2554.0
20260112,여의도역,11,서울특별시,11290,성북구,1129013500,종암동,11,서울특별시,11560,영등포구,1156011000,여의도동,07,45,16,2583.0
20260112,여의도역,11,서울특별시,11290,성북구,1129013500,종암동,11,서울특별시,11560,영등포구,1156011000,여의도동,08,00,17,2410.0
20260112,여의도역,11,서울특별시,11290,성북구,1129013500,종암동,11,서울특별시,11560,영등포구,1156011000,여의도동,08,15,7,2285.0
20260112,여의도역,11,서울특별시,11290,성북구,1129013500,종암동,11,서울특별시,11560,영등포구,1156011000,여의도동,08,30,14,2512.0
20260112,여의도역,11,서울특별시,11290,성북구,1129013500,종암동,11,서울특별시,11560,영등포구,1156011000,여의도동,08,45,5,2409.0
20260112,여의도역,11,서울특별시,11290,성북구,1129013500,종암동,11,서울특별시,11560,영등포구,1156011000,여의도동,09,00,6,2383.0
20260112,여의도역,11,서울특별시,11290,성북구,1129013500,종암동,11,서울특별시,11560,영등포구,1156011000,여의도동,09,15,2,2205.0
20260112,여의도역,11,서울특별시,11290,성북구,1129013500,종암동,11,서울특별시,11560,영등포구,1156011000,여의도동,09,30,3,2736.0
20260112,여의도역,11,서울특별시,11290,성북구,1129013500,종암동,11,서울특별시,11560,영등포구,1156011000,여의도동,09,45,1,2145.0
20260112,여의도역,11,서울특별시,11290,성북구,1129013500,종암동,11,서울특별시,11560,영등포구,1156011000,여의도동,10,00,2,3520.0
20260112,여의도역,11,서울특별시,11290,성북구,1129013500,종암동,11,서울특별시,11560,영등포구,1156011000,여의도동,10,15,5,2580.0
20260112,여의도역,11,서울특별시,11290,성북구,1129013500,종암동,11,서울특별시,11560,영등포구,1156011000,여의도동,10,45,1,4109.0
20260112,여의도역,11,서울특별시,11290,성북구,1129013500,종암동,11,서울특별시,11560,영등포구,1156011000,여의도동,11,00,2,2751.0
20260112,여의도역,11,서울특별시,11290,성북구,1129013500,종암동,11,서울특별시,11560,영등포구,1156011000,여의도동,11,15,2,3439.0
20260112,여의도역,11,서울특별시,11290,성북구,1129013500,종암동,11,서울특별시,11560,영등포구,1156011000,여의도동,11,45,3,2567.0
20260112,여의도역,11,서울특별시,11290,성북구,1129013500,종암동,11,서울특별시,11560,영등포구,1156011000,여의도동,12,00,1,2225.0
20260112,여의도역,11,서울특별시,11290,성북구,1129013500,종암동,11,서울특별시,11560,영등포구,1156011000,여의도동,12,15,5,2883.0
20260112,여의도역,11,서울특별시,11290,성북구,1129013500,종암동,11,서울특별시,11560,영등포구,1156011000,여의도동,12,30,2,2766.0
20260112,여의도역,11,서울특별시,11290,성북구,1129013600,하월곡동,11,서울특별시,11560,영등포구,1156011000,여의도동,06,00,2,2581.0
20260112,여의도역,11,서울특별시,11290,성북구,1129013600,하월곡동,11,서울특별시,11560,영등포구,1156011000,여의도동,06,15,5,2700.0
20260112,여의도역,11,서울특별시,11290,성북구,1129013600,하월곡동,11,서울특별시,11560,영등포구,1156011000,여의도동,06,30,5,2751.0
20260112,여의도역,11,서울특별시,11290,성북구,1129013600,하월곡동,11,서울특별시,11560,영등포구,1156011000,여의도동,06,45,15,2565.0
20260112,여의도역,11,서울특별시,11290,성북구,1129013600,하월곡동,11,서울특별시,11560,영등포구,1156011000,여의도동,07,00,32,2537.0
20260112,여의도역,11,서울특별시,11290,성북구,1129013600,하월곡동,11,서울특별시,11560,영등포구,1156011000,여의도동,07,15,20,2520.0
20260112,여의도역,11,서울특별시,11290,성북구,1129013600,하월곡동,11,서울특별시,11560,영등포구,1156011000,여의도동,07,30,28,2570.0
20260112,여의도역,11,서울특별시,11290,성북구,1129013600,하월곡동,11,서울특별시,11560,영등포구,1156011000,여의도동,07,45,27,2473.0
20260112,여의도역,11,서울특별시,11290,성북구,1129013600,하월곡동,11,서울특별시,11560,영등포구,1156011000,여의도동,08,00,20,2446.0
20260112,여의도역,11,서울특별시,11290,성북구,1129013600,하월곡동,11,서울특별시,11560,영등포구,1156011000,여의도동,08,15,11,2455.0
20260112,여의도역,11,서울특별시,11290,성북구,1129013600,하월곡동,11,서울특별시,11560,영등포구,1156011000,여의도동,08,30,8,2375.0
20260112,여의도역,11,서울특별시,11290,성북구,1129013600,하월곡동,11,서울특별시,11560,영등포구,1156011000,여의도동,08,45,8,2551.0
20260112,여의도역,11,서울특별시,11290,성북구,1129013600,하월곡동,11,서울특별시,11560,영등포구,1156011000,여의도동,09,00,3,2445.0
20260112,여의도역,11,서울특별시,11290,성북구,1129013600,하월곡동,11,서울특별시,11560,영등포구,1156011000,여의도동,09,15,2,2377.0
20260112,여의도역,11,서울특별시,11290,성북구,1129013600,하월곡동,11,서울특별시,11560,영등포구,1156011000,여의도동,09,45,1,2318.0
20260112,여의도역,11,서울특별시,11290,성북구,1129013600,하월곡동,11,서울특별시,11560,영등포구,1156011000,여의도동,10,00,3,2545.0
20260112,여의도역,11,서울특별시,11290,성북구,1129013600,하월곡동,11,서울특별시,11560,영등포구,1156011000,여의도동,10,30,2,3423.0
20260112,여의도역,11,서울특별시,11290,성북구,1129013600,하월곡동,11,서울특별시,11560,영등포구,1156011000,여의도동,11,00,1,2758.0
20260112,여의도역,11,서울특별시,11290,성북구,1129013600,하월곡동,11,서울특별시,11560,영등포구,1156011000,여의도동,11,15,1,2501.0
20260112,여의도역,11,서울특별시,11290,성북구,1129013600,하월곡동,11,서울특별시,11560,영등포구,1156011000,여의도동,11,30,5,2990.0
20260112,여의도역,11,서울특별시,11290,성북구,1129013600,하월곡동,11,서울특별시,11560,영등포구,1156011000,여의도동,12,15,1,2620.0
20260112,여의도역,11,서울특별시,11290,성북구,1129013600,하월곡동,11,서울특별시,11560,영등포구,1156011000,여의도동,12,45,1,2637.0
20260112,여의도역,11,서울특별시,11290,성북구,1129013700,상월곡동,11,서울특별시,11560,영등포구,1156011000,여의도동,06,15,1,2658.0
20260112,여의도역,11,서울특별시,11290,성북구,1129013700,상월곡동,11,서울특별시,11560,영등포구,1156011000,여의도동,06,30,3,2622.0
20260112,여의도역,11,서울특별시,11290,성북구,1129013700,상월곡동,11,서울특별시,11560,영등포구,1156011000,여의도동,06,45,3,2437.0
20260112,여의도역,11,서울특별시,11290,성북구,1129013700,상월곡동,11,서울특별시,11560,영등포구,1156011000,여의도동,07,00,16,2795.0
20260112,여의도역,11,서울특별시,11290,성북구,1129013700,상월곡동,11,서울특별시,11560,영등포구,1156011000,여의도동,07,15,7,2637.0
20260112,여의도역,11,서울특별시,11290,성북구,1129013700,상월곡동,11,서울특별시,11560,영등포구,1156011000,여의도동,07,30,7,2582.0
20260112,여의도역,11,서울특별시,11290,성북구,1129013700,상월곡동,11,서울특별시,11560,영등포구,1156011000,여의도동,07,45,9,2814.0
20260112,여의도역,11,서울특별시,11290,성북구,1129013700,상월곡동,11,서울특별시,11560,영등포구,1156011000,여의도동,08,00,15,2605.0
20260112,여의도역,11,서울특별시,11290,성북구,1129013700,상월곡동,11,서울특별시,11560,영등포구,1156011000,여의도동,08,15,1,2476.0
20260112,여의도역,11,서울특별시,11290,성북구,1129013700,상월곡동,11,서울특별시,11560,영등포구,1156011000,여의도동,08,30,2,2409.0
20260112,여의도역,11,서울특별시,11290,성북구,1129013700,상월곡동,11,서울특별시,11560,영등포구,1156011000,여의도동,08,45,2,2713.0
20260112,여의도역,11,서울특별시,11290,성북구,1129013700,상월곡동,11,서울특별시,11560,영등포구,1156011000,여의도동,09,45,3,2677.0
20260112,여의도역,11,서울특별시,11290,성북구,1129013700,상월곡동,11,서울특별시,11560,영등포구,1156011000,여의도동,10,00,1,2516.0
20260112,여의도역,11,서울특별시,11290,성북구,1129013700,상월곡동,11,서울특별시,11560,영등포구,1156011000,여의도동,10,15,1,2660.0
20260112,여의도역,11,서울특별시,11290,성북구,1129013700,상월곡동,11,서울특별시,11560,영등포구,1156011000,여의도동,11,30,1,2835.0
20260112,여의도역,11,서울특별시,11290,성북구,1129013700,상월곡동,11,서울특별시,11560,영등포구,1156011000,여의도동,12,00,1,2737.0
20260112,여의도역,11,서울특별시,11290,성북구,1129013700,상월곡동,11,서울특별시,11560,영등포구,1156011000,여의도동,12,30,1,2490.0
20260112,여의도역,11,서울특별시,11290,성북구,1129013700,상월곡동,11,서울특별시,11560,영등포구,1156011000,여의도동,12,45,1,2741.0
20260112,여의도역,11,서울특별시,11290,성북구,1129013800,장위동,11,서울특별시,11560,영등포구,1156011000,여의도동,06,00,5,3306.0
20260112,여의도역,11,서울특별시,11290,성북구,1129013800,장위동,11,서울특별시,11560,영등포구,1156011000,여의도동,06,15,3,3320.0
20260112,여의도역,11,서울특별시,11290,성북구,1129013800,장위동,11,서울특별시,11560,영등포구,1156011000,여의도동,06,30,9,3138.0
20260112,여의도역,11,서울특별시,11290,성북구,1129013800,장위동,11,서울특별시,11560,영등포구,1156011000,여의도동,06,45,11,3025.0
20260112,여의도역,11,서울특별시,11290,성북구,1129013800,장위동,11,서울특별시,11560,영등포구,1156011000,여의도동,07,00,10,3226.0
20260112,여의도역,11,서울특별시,11290,성북구,1129013800,장위동,11,서울특별시,11560,영등포구,1156011000,여의도동,07,15,15,3133.0
20260112,여의도역,11,서울특별시,11290,성북구,1129013800,장위동,11,서울특별시,11560,영등포구,1156011000,여의도동,07,30,10,3291.0
20260112,여의도역,11,서울특별시,11290,성북구,1129013800,장위동,11,서울특별시,11560,영등포구,1156011000,여의도동,07,45,9,3019.0
20260112,여의도역,11,서울특별시,11290,성북구,1129013800,장위동,11,서울특별시,11560,영등포구,1156011000,여의도동,08,00,3,3625.0
20260112,여의도역,11,서울특별시,11290,성북구,1129013800,장위동,11,서울특별시,11560,영등포구,1156011000,여의도동,08,15,4,3057.0
20260112,여의도역,11,서울특별시,11290,성북구,1129013800,장위동,11,서울특별시,11560,영등포구,1156011000,여의도동,08,30,2,3227.0
20260112,여의도역,11,서울특별시,11290,성북구,1129013800,장위동,11,서울특별시,11560,영등포구,1156011000,여의도동,08,45,4,3128.0
20260112,여의도역,11,서울특별시,11290,성북구,1129013800,장위동,11,서울특별시,11560,영등포구,1156011000,여의도동,09,00,1,3379.0
20260112,여의도역,11,서울특별시,11290,성북구,1129013800,장위동,11,서울특별시,11560,영등포구,1156011000,여의도동,09,45,1,3272.0
20260112,여의도역,11,서울특별시,11290,성북구,1129013800,장위동,11,서울특별시,11560,영등포구,1156011000,여의도동,10,00,1,2869.0
20260112,여의도역,11,서울특별시,11290,성북구,1129013800,장위동,11,서울특별시,11560,영등포구,1156011000,여의도동,10,15,1,2681.0
20260112,여의도역,11,서울특별시,11290,성북구,1129013800,장위동,11,서울특별시,11560,영등포구,1156011000,여의도동,11,00,1,3916.0
20260112,여의도역,11,서울특별시,11290,성북구,1129013800,장위동,11,서울특별시,11560,영등포구,1156011000,여의도동,11,30,1,4153.0
20260112,여의도역,11,서울특별시,11290,성북구,1129013800,장위동,11,서울특별시,11560,영등포구,1156011000,여의도동,12,15,1,3296.0
20260112,여의도역,11,서울특별시,11290,성북구,1129013800,장위동,11,서울특별시,11560,영등포구,1156011000,여의도동,12,45,1,3254.0
20260112,여의도역,11,서울특별시,11290,성북구,1129013900,석관동,11,서울특별시,11560,영등포구,1156011000,여의도동,06,00,7,3192.0
20260112,여의도역,11,서울특별시,11290,성북구,1129013900,석관동,11,서울특별시,11560,영등포구,1156011000,여의도동,06,15,11,2864.0
20260112,여의도역,11,서울특별시,11290,성북구,1129013900,석관동,11,서울특별시,11560,영등포구,1156011000,여의도동,06,30,17,2866.0
20260112,여의도역,11,서울특별시,11290,성북구,1129013900,석관동,11,서울특별시,11560,영등포구,1156011000,여의도동,06,45,41,2874.0
20260112,여의도역,11,서울특별시,11290,성북구,1129013900,석관동,11,서울특별시,11560,영등포구,1156011000,여의도동,07,00,42,2753.0
20260112,여의도역,11,서울특별시,11290,성북구,1129013900,석관동,11,서울특별시,11560,영등포구,1156011000,여의도동,07,15,29,2736.0
20260112,여의도역,11,서울특별시,11290,성북구,1129013900,석관동,11,서울특별시,11560,영등포구,1156011000,여의도동,07,30,25,2813.0
20260112,여의도역,11,서울특별시,11290,성북구,1129013900,석관동,11,서울특별시,11560,영등포구,1156011000,여의도동,07,45,50,2835.0
20260112,여의도역,11,서울특별시,11290,성북구,1129013900,석관동,11,서울특별시,11560,영등포구,1156011000,여의도동,08,00,21,2680.0
20260112,여의도역,11,서울특별시,11290,성북구,1129013900,석관동,11,서울특별시,11560,영등포구,1156011000,여의도동,08,15,16,2823.0
20260112,여의도역,11,서울특별시,11290,성북구,1129013900,석관동,11,서울특별시,11560,영등포구,1156011000,여의도동,08,30,11,2876.0
20260112,여의도역,11,서울특별시,11290,성북구,1129013900,석관동,11,서울특별시,11560,영등포구,1156011000,여의도동,08,45,6,2588.0
20260112,여의도역,11,서울특별시,11290,성북구,1129013900,석관동,11,서울특별시,11560,영등포구,1156011000,여의도동,09,00,7,2695.0
20260112,여의도역,11,서울특별시,11290,성북구,1129013900,석관동,11,서울특별시,11560,영등포구,1156011000,여의도동,09,15,3,2584.0
20260112,여의도역,11,서울특별시,11290,성북구,1129013900,석관동,11,서울특별시,11560,영등포구,1156011000,여의도동,09,30,4,2722.0
20260112,여의도역,11,서울특별시,11290,성북구,1129013900,석관동,11,서울특별시,11560,영등포구,1156011000,여의도동,09,45,4,2592.0
20260112,여의도역,11,서울특별시,11290,성북구,1129013900,석관동,11,서울특별시,11560,영등포구,1156011000,여의도동,10,00,1,3136.0
20260112,여의도역,11,서울특별시,11290,성북구,1129013900,석관동,11,서울특별시,11560,영등포구,1156011000,여의도동,10,30,1,2950.0
20260112,여의도역,11,서울특별시,11290,성북구,1129013900,석관동,11,서울특별시,11560,영등포구,1156011000,여의도동,10,45,3,2967.0
20260112,여의도역,11,서울특별시,11290,성북구,1129013900,석관동,11,서울특별시,11560,영등포구,1156011000,여의도동,11,00,2,3478.0
20260112,여의도역,11,서울특별시,11290,성북구,1129013900,석관동,11,서울특별시,11560,영등포구,1156011000,여의도동,11,15,1,2912.0
20260112,여의도역,11,서울특별시,11290,성북구,1129013900,석관동,11,서울특별시,11560,영등포구,1156011000,여의도동,11,30,1,3035.0
20260112,여의도역,11,서울특별시,11290,성북구,1129013900,석관동,11,서울특별시,11560,영등포구,1156011000,여의도동,12,00,1,2814.0
20260112,여의도역,11,서울특별시,11290,성북구,1129013900,석관동,11,서울특별시,11560,영등포구,1156011000,여의도동,12,30,2,2877.0
20260112,여의도역,11,서울특별시,11305,강북구,1130510100,미아동,11,서울특별시,11560,영등포구,1156011000,여의도동,06,00,21,3037.0
20260112,여의도역,11,서울특별시,11305,강북구,1130510100,미아동,11,서울특별시,11560,영등포구,1156011000,여의도동,06,15,23,3039.0
20260112,여의도역,11,서울특별시,11305,강북구,1130510100,미아동,11,서울특별시,11560,영등포구,1156011000,여의도동,06,30,31,2941.0
20260112,여의도역,11,서울특별시,11305,강북구,1130510100,미아동,11,서울특별시,11560,영등포구,1156011000,여의도동,06,45,48,2915.0
20260112,여의도역,11,서울특별시,11305,강북구,1130510100,미아동,11,서울특별시,11560,영등포구,1156011000,여의도동,07,00,53,2978.0
20260112,여의도역,11,서울특별시,11305,강북구,1130510100,미아동,11,서울특별시,11560,영등포구,1156011000,여의도동,07,15,51,2944.0
20260112,여의도역,11,서울특별시,11305,강북구,1130510100,미아동,11,서울특별시,11560,영등포구,1156011000,여의도동,07,30,70,2943.0
20260112,여의도역,11,서울특별시,11305,강북구,1130510100,미아동,11,서울특별시,11560,영등포구,1156011000,여의도동,07,45,61,2962.0
20260112,여의도역,11,서울특별시,11305,강북구,1130510100,미아동,11,서울특별시,11560,영등포구,1156011000,여의도동,08,00,34,2952.0
20260112,여의도역,11,서울특별시,11305,강북구,1130510100,미아동,11,서울특별시,11560,영등포구,1156011000,여의도동,08,15,19,2966.0
20260112,여의도역,11,서울특별시,11305,강북구,1130510100,미아동,11,서울특별시,11560,영등포구,1156011000,여의도동,08,30,16,2881.0
20260112,여의도역,11,서울특별시,11305,강북구,1130510100,미아동,11,서울특별시,11560,영등포구,1156011000,여의도동,08,45,15,2762.0
20260112,여의도역,11,서울특별시,11305,강북구,1130510100,미아동,11,서울특별시,11560,영등포구,1156011000,여의도동,09,00,10,2855.0
20260112,여의도역,11,서울특별시,11305,강북구,1130510100,미아동,11,서울특별시,11560,영등포구,1156011000,여의도동,09,15,8,3055.0
20260112,여의도역,11,서울특별시,11305,강북구,1130510100,미아동,11,서울특별시,11560,영등포구,1156011000,여의도동,09,30,10,2989.0
20260112,여의도역,11,서울특별시,11305,강북구,1130510100,미아동,11,서울특별시,11560,영등포구,1156011000,여의도동,09,45,6,3540.0
20260112,여의도역,11,서울특별시,11305,강북구,1130510100,미아동,11,서울특별시,11560,영등포구,1156011000,여의도동,10,00,5,3035.0
20260112,여의도역,11,서울특별시,11305,강북구,1130510100,미아동,11,서울특별시,11560,영등포구,1156011000,여의도동,10,15,5,3073.0
20260112,여의도역,11,서울특별시,11305,강북구,1130510100,미아동,11,서울특별시,11560,영등포구,1156011000,여의도동,10,45,3,2853.0
20260112,여의도역,11,서울특별시,11305,강북구,1130510100,미아동,11,서울특별시,11560,영등포구,1156011000,여의도동,11,00,1,3062.0
20260112,여의도역,11,서울특별시,11305,강북구,1130510100,미아동,11,서울특별시,11560,영등포구,1156011000,여의도동,11,15,3,3003.0
20260112,여의도역,11,서울특별시,11305,강북구,1130510100,미아동,11,서울특별시,11560,영등포구,1156011000,여의도동,11,45,3,2933.0
20260112,여의도역,11,서울특별시,11305,강북구,1130510100,미아동,11,서울특별시,11560,영등포구,1156011000,여의도동,12,00,6,3164.0
20260112,여의도역,11,서울특별시,11305,강북구,1130510100,미아동,11,서울특별시,11560,영등포구,1156011000,여의도동,12,15,7,3019.0
20260112,여의도역,11,서울특별시,11305,강북구,1130510100,미아동,11,서울특별시,11560,영등포구,1156011000,여의도동,12,30,2,2856.0
20260112,여의도역,11,서울특별시,11305,강북구,1130510100,미아동,11,서울특별시,11560,영등포구,1156011000,여의도동,12,45,4,4961.0
20260112,여의도역,11,서울특별시,11305,강북구,1130510200,번동,11,서울특별시,11560,영등포구,1156011000,여의도동,06,00,6,2903.0
20260112,여의도역,11,서울특별시,11305,강북구,1130510200,번동,11,서울특별시,11560,영등포구,1156011000,여의도동,06,15,5,3257.0
20260112,여의도역,11,서울특별시,11305,강북구,1130510200,번동,11,서울특별시,11560,영등포구,1156011000,여의도동,06,30,12,3076.0
20260112,여의도역,11,서울특별시,11305,강북구,1130510200,번동,11,서울특별시,11560,영등포구,1156011000,여의도동,06,45,13,2944.0
20260112,여의도역,11,서울특별시,11305,강북구,1130510200,번동,11,서울특별시,11560,영등포구,1156011000,여의도동,07,00,28,3002.0
20260112,여의도역,11,서울특별시,11305,강북구,1130510200,번동,11,서울특별시,11560,영등포구,1156011000,여의도동,07,15,22,3199.0
20260112,여의도역,11,서울특별시,11305,강북구,1130510200,번동,11,서울특별시,11560,영등포구,1156011000,여의도동,07,30,16,3181.0
20260112,여의도역,11,서울특별시,11305,강북구,1130510200,번동,11,서울특별시,11560,영등포구,1156011000,여의도동,07,45,22,3186.0
20260112,여의도역,11,서울특별시,11305,강북구,1130510200,번동,11,서울특별시,11560,영등포구,1156011000,여의도동,08,00,16,3072.0
20260112,여의도역,11,서울특별시,11305,강북구,1130510200,번동,11,서울특별시,11560,영등포구,1156011000,여의도동,08,15,8,3338.0
20260112,여의도역,11,서울특별시,11305,강북구,1130510200,번동,11,서울특별시,11560,영등포구,1156011000,여의도동,08,30,8,2972.0
20260112,여의도역,11,서울특별시,11305,강북구,1130510200,번동,11,서울특별시,11560,영등포구,1156011000,여의도동,08,45,6,3192.0
20260112,여의도역,11,서울특별시,11305,강북구,1130510200,번동,11,서울특별시,11560,영등포구,1156011000,여의도동,09,00,4,2685.0
20260112,여의도역,11,서울특별시,11305,강북구,1130510200,번동,11,서울특별시,11560,영등포구,1156011000,여의도동,09,15,3,2904.0
20260112,여의도역,11,서울특별시,11305,강북구,1130510200,번동,11,서울특별시,11560,영등포구,1156011000,여의도동,09,30,4,3210.0
20260112,여의도역,11,서울특별시,11305,강북구,1130510200,번동,11,서울특별시,11560,영등포구,1156011000,여의도동,09,45,2,2920.0
20260112,여의도역,11,서울특별시,11305,강북구,1130510200,번동,11,서울특별시,11560,영등포구,1156011000,여의도동,10,15,2,2972.0
20260112,여의도역,11,서울특별시,11305,강북구,1130510200,번동,11,서울특별시,11560,영등포구,1156011000,여의도동,10,45,2,3447.0
20260112,여의도역,11,서울특별시,11305,강북구,1130510200,번동,11,서울특별시,11560,영등포구,1156011000,여의도동,11,00,3,3524.0
20260112,여의도역,11,서울특별시,11305,강북구,1130510200,번동,11,서울특별시,11560,영등포구,1156011000,여의도동,11,15,3,3064.0
20260112,여의도역,11,서울특별시,11305,강북구,1130510200,번동,11,서울특별시,11560,영등포구,1156011000,여의도동,11,30,1,2828.0
20260112,여의도역,11,서울특별시,11305,강북구,1130510200,번동,11,서울특별시,11560,영등포구,1156011000,여의도동,11,45,3,3277.0
20260112,여의도역,11,서울특별시,11305,강북구,1130510200,번동,11,서울특별시,11560,영등포구,1156011000,여의도동,12,00,6,3022.0
20260112,여의도역,11,서울특별시,11305,강북구,1130510200,번동,11,서울특별시,11560,영등포구,1156011000,여의도동,12,15,2,2753.0
20260112,여의도역,11,서울특별시,11305,강북구,1130510200,번동,11,서울특별시,11560,영등포구,1156011000,여의도동,12,30,2,4076.0
20260112,여의도역,11,서울특별시,11305,강북구,1130510200,번동,11,서울특별시,11560,영등포구,1156011000,여의도동,12,45,1,2957.0
20260112,여의도역,11,서울특별시,11305,강북구,1130510300,수유동,11,서울특별시,11560,영등포구,1156011000,여의도동,06,00,7,3817.0
20260112,여의도역,11,서울특별시,11305,강북구,1130510300,수유동,11,서울특별시,11560,영등포구,1156011000,여의도동,06,15,6,3886.0
20260112,여의도역,11,서울특별시,11305,강북구,1130510300,수유동,11,서울특별시,11560,영등포구,1156011000,여의도동,06,30,12,3599.0
20260112,여의도역,11,서울특별시,11305,강북구,1130510300,수유동,11,서울특별시,11560,영등포구,1156011000,여의도동,06,45,12,3705.0
20260112,여의도역,11,서울특별시,11305,강북구,1130510300,수유동,11,서울특별시,11560,영등포구,1156011000,여의도동,07,00,16,3684.0
20260112,여의도역,11,서울특별시,11305,강북구,1130510300,수유동,11,서울특별시,11560,영등포구,1156011000,여의도동,07,15,15,3598.0
20260112,여의도역,11,서울특별시,11305,강북구,1130510300,수유동,11,서울특별시,11560,영등포구,1156011000,여의도동,07,30,15,3487.0
20260112,여의도역,11,서울특별시,11305,강북구,1130510300,수유동,11,서울특별시,11560,영등포구,1156011000,여의도동,07,45,17,3464.0
20260112,여의도역,11,서울특별시,11305,강북구,1130510300,수유동,11,서울특별시,11560,영등포구,1156011000,여의도동,08,00,7,3552.0
20260112,여의도역,11,서울특별시,11305,강북구,1130510300,수유동,11,서울특별시,11560,영등포구,1156011000,여의도동,08,15,8,3329.0
20260112,여의도역,11,서울특별시,11305,강북구,1130510300,수유동,11,서울특별시,11560,영등포구,1156011000,여의도동,08,30,6,3784.0
20260112,여의도역,11,서울특별시,11305,강북구,1130510300,수유동,11,서울특별시,11560,영등포구,1156011000,여의도동,08,45,5,3031.0
20260112,여의도역,11,서울특별시,11305,강북구,1130510300,수유동,11,서울특별시,11560,영등포구,1156011000,여의도동,09,00,5,3289.0
20260112,여의도역,11,서울특별시,11305,강북구,1130510300,수유동,11,서울특별시,11560,영등포구,1156011000,여의도동,09,15,1,4058.0
20260112,여의도역,11,서울특별시,11305,강북구,1130510300,수유동,11,서울특별시,11560,영등포구,1156011000,여의도동,09,30,5,3598.0
20260112,여의도역,11,서울특별시,11305,강북구,1130510300,수유동,11,서울특별시,11560,영등포구,1156011000,여의도동,09,45,1,5073.0
20260112,여의도역,11,서울특별시,11305,강북구,1130510300,수유동,11,서울특별시,11560,영등포구,1156011000,여의도동,10,00,1,3748.0
20260112,여의도역,11,서울특별시,11305,강북구,1130510300,수유동,11,서울특별시,11560,영등포구,1156011000,여의도동,10,15,1,3791.0
20260112,여의도역,11,서울특별시,11305,강북구,1130510300,수유동,11,서울특별시,11560,영등포구,1156011000,여의도동,10,30,1,3947.0
20260112,여의도역,11,서울특별시,11305,강북구,1130510300,수유동,11,서울특별시,11560,영등포구,1156011000,여의도동,10,45,2,4091.0
20260112,여의도역,11,서울특별시,11305,강북구,1130510300,수유동,11,서울특별시,11560,영등포구,1156011000,여의도동,11,15,1,3620.0
20260112,여의도역,11,서울특별시,11305,강북구,1130510300,수유동,11,서울특별시,11560,영등포구,1156011000,여의도동,11,30,4,3378.0
20260112,여의도역,11,서울특별시,11305,강북구,1130510300,수유동,11,서울특별시,11560,영등포구,1156011000,여의도동,12,00,1,3654.0
20260112,여의도역,11,서울특별시,11305,강북구,1130510300,수유동,11,서울특별시,11560,영등포구,1156011000,여의도동,12,30,3,3670.0
20260112,여의도역,11,서울특별시,11305,강북구,1130510400,우이동,11,서울특별시,11560,영등포구,1156011000,여의도동,06,00,1,3262.0
20260112,여의도역,11,서울특별시,11305,강북구,1130510400,우이동,11,서울특별시,11560,영등포구,1156011000,여의도동,06,15,4,4099.0
20260112,여의도역,11,서울특별시,11305,강북구,1130510400,우이동,11,서울특별시,11560,영등포구,1156011000,여의도동,06,30,2,3564.0
20260112,여의도역,11,서울특별시,11305,강북구,1130510400,우이동,11,서울특별시,11560,영등포구,1156011000,여의도동,06,45,3,3525.0
20260112,여의도역,11,서울특별시,11305,강북구,1130510400,우이동,11,서울특별시,11560,영등포구,1156011000,여의도동,07,00,4,3425.0
20260112,여의도역,11,서울특별시,11305,강북구,1130510400,우이동,11,서울특별시,11560,영등포구,1156011000,여의도동,07,15,1,3957.0
20260112,여의도역,11,서울특별시,11305,강북구,1130510400,우이동,11,서울특별시,11560,영등포구,1156011000,여의도동,07,30,3,3527.0
20260112,여의도역,11,서울특별시,11305,강북구,1130510400,우이동,11,서울특별시,11560,영등포구,1156011000,여의도동,07,45,5,3519.0
20260112,여의도역,11,서울특별시,11305,강북구,1130510400,우이동,11,서울특별시,11560,영등포구,1156011000,여의도동,08,00,1,3500.0
20260112,여의도역,11,서울특별시,11305,강북구,1130510400,우이동,11,서울특별시,11560,영등포구,1156011000,여의도동,08,15,3,3685.0
20260112,여의도역,11,서울특별시,11305,강북구,1130510400,우이동,11,서울특별시,11560,영등포구,1156011000,여의도동,08,30,2,3632.0
20260112,여의도역,11,서울특별시,11305,강북구,1130510400,우이동,11,서울특별시,11560,영등포구,1156011000,여의도동,08,45,4,3484.0
20260112,여의도역,11,서울특별시,11305,강북구,1130510400,우이동,11,서울특별시,11560,영등포구,1156011000,여의도동,09,30,2,3265.0
20260112,여의도역,11,서울특별시,11305,강북구,1130510400,우이동,11,서울특별시,11560,영등포구,1156011000,여의도동,09,45,2,3655.0
20260112,여의도역,11,서울특별시,11305,강북구,1130510400,우이동,11,서울특별시,11560,영등포구,1156011000,여의도동,10,00,1,3510.0
20260112,여의도역,11,서울특별시,11305,강북구,1130510400,우이동,11,서울특별시,11560,영등포구,1156011000,여의도동,10,15,1,4473.0
20260112,여의도역,11,서울특별시,11305,강북구,1130510400,우이동,11,서울특별시,11560,영등포구,1156011000,여의도동,10,45,1,3345.0
20260112,여의도역,11,서울특별시,11305,강북구,1130510400,우이동,11,서울특별시,11560,영등포구,1156011000,여의도동,11,30,1,3367.0
20260112,여의도역,11,서울특별시,11305,강북구,1130510400,우이동,11,서울특별시,11560,영등포구,1156011000,여의도동,11,45,1,878.0
20260112,여의도역,11,서울특별시,11305,강북구,1130510400,우이동,11,서울특별시,11560,영등포구,1156011000,여의도동,12,30,2,3568.0
20260112,여의도역,11,서울특별시,11320,도봉구,1132010500,쌍문동,11,서울특별시,11560,영등포구,1156011000,여의도동,06,00,5,3580.0
20260112,여의도역,11,서울특별시,11320,도봉구,1132010500,쌍문동,11,서울특별시,11560,영등포구,1156011000,여의도동,06,15,11,3385.0
20260112,여의도역,11,서울특별시,11320,도봉구,1132010500,쌍문동,11,서울특별시,11560,영등포구,1156011000,여의도동,06,30,8,3694.0
20260112,여의도역,11,서울특별시,11320,도봉구,1132010500,쌍문동,11,서울특별시,11560,영등포구,1156011000,여의도동,06,45,13,3689.0
20260112,여의도역,11,서울특별시,11320,도봉구,1132010500,쌍문동,11,서울특별시,11560,영등포구,1156011000,여의도동,07,00,14,3776.0
20260112,여의도역,11,서울특별시,11320,도봉구,1132010500,쌍문동,11,서울특별시,11560,영등포구,1156011000,여의도동,07,15,15,3687.0
20260112,여의도역,11,서울특별시,11320,도봉구,1132010500,쌍문동,11,서울특별시,11560,영등포구,1156011000,여의도동,07,30,15,3675.0
20260112,여의도역,11,서울특별시,11320,도봉구,1132010500,쌍문동,11,서울특별시,11560,영등포구,1156011000,여의도동,07,45,13,3455.0
20260112,여의도역,11,서울특별시,11320,도봉구,1132010500,쌍문동,11,서울특별시,11560,영등포구,1156011000,여의도동,08,00,5,3768.0
20260112,여의도역,11,서울특별시,11320,도봉구,1132010500,쌍문동,11,서울특별시,11560,영등포구,1156011000,여의도동,08,15,6,3462.0
20260112,여의도역,11,서울특별시,11320,도봉구,1132010500,쌍문동,11,서울특별시,11560,영등포구,1156011000,여의도동,08,30,4,3443.0
20260112,여의도역,11,서울특별시,11320,도봉구,1132010500,쌍문동,11,서울특별시,11560,영등포구,1156011000,여의도동,08,45,1,3826.0
20260112,여의도역,11,서울특별시,11320,도봉구,1132010500,쌍문동,11,서울특별시,11560,영등포구,1156011000,여의도동,09,00,5,3645.0
20260112,여의도역,11,서울특별시,11320,도봉구,1132010500,쌍문동,11,서울특별시,11560,영등포구,1156011000,여의도동,09,15,1,3432.0
20260112,여의도역,11,서울특별시,11320,도봉구,1132010500,쌍문동,11,서울특별시,11560,영등포구,1156011000,여의도동,09,30,2,3556.0
20260112,여의도역,11,서울특별시,11320,도봉구,1132010500,쌍문동,11,서울특별시,11560,영등포구,1156011000,여의도동,09,45,1,3239.0
20260112,여의도역,11,서울특별시,11320,도봉구,1132010500,쌍문동,11,서울특별시,11560,영등포구,1156011000,여의도동,10,15,1,4489.0
20260112,여의도역,11,서울특별시,11320,도봉구,1132010500,쌍문동,11,서울특별시,11560,영등포구,1156011000,여의도동,10,30,1,4246.0
20260112,여의도역,11,서울특별시,11320,도봉구,1132010500,쌍문동,11,서울특별시,11560,영등포구,1156011000,여의도동,10,45,2,3507.0
20260112,여의도역,11,서울특별시,11320,도봉구,1132010500,쌍문동,11,서울특별시,11560,영등포구,1156011000,여의도동,11,30,2,3589.0
20260112,여의도역,11,서울특별시,11320,도봉구,1132010500,쌍문동,11,서울특별시,11560,영등포구,1156011000,여의도동,12,00,2,5343.0
20260112,여의도역,11,서울특별시,11320,도봉구,1132010500,쌍문동,11,서울특별시,11560,영등포구,1156011000,여의도동,12,15,1,4775.0
20260112,여의도역,11,서울특별시,11320,도봉구,1132010500,쌍문동,11,서울특별시,11560,영등포구,1156011000,여의도동,12,45,1,3505.0
20260112,여의도역,11,서울특별시,11320,도봉구,1132010600,방학동,11,서울특별시,11560,영등포구,1156011000,여의도동,06,00,6,3975.0
20260112,여의도역,11,서울특별시,11320,도봉구,1132010600,방학동,11,서울특별시,11560,영등포구,1156011000,여의도동,06,15,2,4406.0
20260112,여의도역,11,서울특별시,11320,도봉구,1132010600,방학동,11,서울특별시,11560,영등포구,1156011000,여의도동,06,30,8,4134.0
20260112,여의도역,11,서울특별시,11320,도봉구,1132010600,방학동,11,서울특별시,11560,영등포구,1156011000,여의도동,06,45,8,4102.0
20260112,여의도역,11,서울특별시,11320,도봉구,1132010600,방학동,11,서울특별시,11560,영등포구,1156011000,여의도동,07,00,14,4188.0
20260112,여의도역,11,서울특별시,11320,도봉구,1132010600,방학동,11,서울특별시,11560,영등포구,1156011000,여의도동,07,15,15,3969.0
20260112,여의도역,11,서울특별시,11320,도봉구,1132010600,방학동,11,서울특별시,11560,영등포구,1156011000,여의도동,07,30,15,3953.0
20260112,여의도역,11,서울특별시,11320,도봉구,1132010600,방학동,11,서울특별시,11560,영등포구,1156011000,여의도동,07,45,8,4379.0
20260112,여의도역,11,서울특별시,11320,도봉구,1132010600,방학동,11,서울특별시,11560,영등포구,1156011000,여의도동,08,00,5,4186.0
20260112,여의도역,11,서울특별시,11320,도봉구,1132010600,방학동,11,서울특별시,11560,영등포구,1156011000,여의도동,08,15,7,4007.0
20260112,여의도역,11,서울특별시,11320,도봉구,1132010600,방학동,11,서울특별시,11560,영등포구,1156011000,여의도동,08,30,3,3453.0
20260112,여의도역,11,서울특별시,11320,도봉구,1132010600,방학동,11,서울특별시,11560,영등포구,1156011000,여의도동,08,45,2,3695.0
20260112,여의도역,11,서울특별시,11320,도봉구,1132010600,방학동,11,서울특별시,11560,영등포구,1156011000,여의도동,09,15,4,4440.0
20260112,여의도역,11,서울특별시,11320,도봉구,1132010600,방학동,11,서울특별시,11560,영등포구,1156011000,여의도동,09,30,3,3942.0
20260112,여의도역,11,서울특별시,11320,도봉구,1132010600,방학동,11,서울특별시,11560,영등포구,1156011000,여의도동,09,45,4,4576.0
20260112,여의도역,11,서울특별시,11320,도봉구,1132010600,방학동,11,서울특별시,11560,영등포구,1156011000,여의도동,10,15,1,4649.0
20260112,여의도역,11,서울특별시,11320,도봉구,1132010600,방학동,11,서울특별시,11560,영등포구,1156011000,여의도동,10,30,3,3644.0
20260112,여의도역,11,서울특별시,11320,도봉구,1132010600,방학동,11,서울특별시,11560,영등포구,1156011000,여의도동,11,00,1,3416.0
20260112,여의도역,11,서울특별시,11320,도봉구,1132010600,방학동,11,서울특별시,11560,영등포구,1156011000,여의도동,11,15,2,4436.0
20260112,여의도역,11,서울특별시,11320,도봉구,1132010600,방학동,11,서울특별시,11560,영등포구,1156011000,여의도동,11,45,2,5656.0
20260112,여의도역,11,서울특별시,11320,도봉구,1132010600,방학동,11,서울특별시,11560,영등포구,1156011000,여의도동,12,00,2,3813.0
20260112,여의도역,11,서울특별시,11320,도봉구,1132010600,방학동,11,서울특별시,11560,영등포구,1156011000,여의도동,12,30,1,4171.0
20260112,여의도역,11,서울특별시,11320,도봉구,1132010700,창동,11,서울특별시,11560,영등포구,1156011000,여의도동,06,00,14,3338.0
20260112,여의도역,11,서울특별시,11320,도봉구,1132010700,창동,11,서울특별시,11560,영등포구,1156011000,여의도동,06,15,32,3432.0
20260112,여의도역,11,서울특별시,11320,도봉구,1132010700,창동,11,서울특별시,11560,영등포구,1156011000,여의도동,06,30,45,3308.0
20260112,여의도역,11,서울특별시,11320,도봉구,1132010700,창동,11,서울특별시,11560,영등포구,1156011000,여의도동,06,45,41,3219.0
20260112,여의도역,11,서울특별시,11320,도봉구,1132010700,창동,11,서울특별시,11560,영등포구,1156011000,여의도동,07,00,49,3316.0
20260112,여의도역,11,서울특별시,11320,도봉구,1132010700,창동,11,서울특별시,11560,영등포구,1156011000,여의도동,07,15,66,3333.0
20260112,여의도역,11,서울특별시,11320,도봉구,1132010700,창동,11,서울특별시,11560,영등포구,1156011000,여의도동,07,30,66,3342.0
20260112,여의도역,11,서울특별시,11320,도봉구,1132010700,창동,11,서울특별시,11560,영등포구,1156011000,여의도동,07,45,30,3367.0
20260112,여의도역,11,서울특별시,11320,도봉구,1132010700,창동,11,서울특별시,11560,영등포구,1156011000,여의도동,08,00,21,3406.0
20260112,여의도역,11,서울특별시,11320,도봉구,1132010700,창동,11,서울특별시,11560,영등포구,1156011000,여의도동,08,15,18,3756.0
20260112,여의도역,11,서울특별시,11320,도봉구,1132010700,창동,11,서울특별시,11560,영등포구,1156011000,여의도동,08,30,15,3143.0
20260112,여의도역,11,서울특별시,11320,도봉구,1132010700,창동,11,서울특별시,11560,영등포구,1156011000,여의도동,08,45,16,3324.0
20260112,여의도역,11,서울특별시,11320,도봉구,1132010700,창동,11,서울특별시,11560,영등포구,1156011000,여의도동,09,00,9,3208.0
20260112,여의도역,11,서울특별시,11320,도봉구,1132010700,창동,11,서울특별시,11560,영등포구,1156011000,여의도동,09,15,7,3478.0
20260112,여의도역,11,서울특별시,11320,도봉구,1132010700,창동,11,서울특별시,11560,영등포구,1156011000,여의도동,09,30,7,3491.0
20260112,여의도역,11,서울특별시,11320,도봉구,1132010700,창동,11,서울특별시,11560,영등포구,1156011000,여의도동,09,45,6,3154.0
20260112,여의도역,11,서울특별시,11320,도봉구,1132010700,창동,11,서울특별시,11560,영등포구,1156011000,여의도동,10,00,4,3453.0
20260112,여의도역,11,서울특별시,11320,도봉구,1132010700,창동,11,서울특별시,11560,영등포구,1156011000,여의도동,10,15,3,3314.0
20260112,여의도역,11,서울특별시,11320,도봉구,1132010700,창동,11,서울특별시,11560,영등포구,1156011000,여의도동,10,30,4,3413.0
20260112,여의도역,11,서울특별시,11320,도봉구,1132010700,창동,11,서울특별시,11560,영등포구,1156011000,여의도동,10,45,3,3454.0
20260112,여의도역,11,서울특별시,11320,도봉구,1132010700,창동,11,서울특별시,11560,영등포구,1156011000,여의도동,11,00,4,3300.0
20260112,여의도역,11,서울특별시,11320,도봉구,1132010700,창동,11,서울특별시,11560,영등포구,1156011000,여의도동,11,15,4,3415.0
20260112,여의도역,11,서울특별시,11320,도봉구,1132010700,창동,11,서울특별시,11560,영등포구,1156011000,여의도동,11,30,1,3182.0
20260112,여의도역,11,서울특별시,11320,도봉구,1132010700,창동,11,서울특별시,11560,영등포구,1156011000,여의도동,11,45,4,3493.0
20260112,여의도역,11,서울특별시,11320,도봉구,1132010700,창동,11,서울특별시,11560,영등포구,1156011000,여의도동,12,00,2,2676.0
20260112,여의도역,11,서울특별시,11320,도봉구,1132010700,창동,11,서울특별시,11560,영등포구,1156011000,여의도동,12,15,1,3224.0
20260112,여의도역,11,서울특별시,11320,도봉구,1132010700,창동,11,서울특별시,11560,영등포구,1156011000,여의도동,12,45,4,3248.0
20260112,여의도역,11,서울특별시,11320,도봉구,1132010800,도봉동,11,서울특별시,11560,영등포구,1156011000,여의도동,06,00,6,4129.0
20260112,여의도역,11,서울특별시,11320,도봉구,1132010800,도봉동,11,서울특별시,11560,영등포구,1156011000,여의도동,06,15,6,4948.0
20260112,여의도역,11,서울특별시,11320,도봉구,1132010800,도봉동,11,서울특별시,11560,영등포구,1156011000,여의도동,06,30,12,4539.0
20260112,여의도역,11,서울특별시,11320,도봉구,1132010800,도봉동,11,서울특별시,11560,영등포구,1156011000,여의도동,06,45,12,4191.0
20260112,여의도역,11,서울특별시,11320,도봉구,1132010800,도봉동,11,서울특별시,11560,영등포구,1156011000,여의도동,07,00,12,4605.0
20260112,여의도역,11,서울특별시,11320,도봉구,1132010800,도봉동,11,서울특별시,11560,영등포구,1156011000,여의도동,07,15,20,4400.0
20260112,여의도역,11,서울특별시,11320,도봉구,1132010800,도봉동,11,서울특별시,11560,영등포구,1156011000,여의도동,07,30,16,4318.0
20260112,여의도역,11,서울특별시,11320,도봉구,1132010800,도봉동,11,서울특별시,11560,영등포구,1156011000,여의도동,07,45,3,4441.0
20260112,여의도역,11,서울특별시,11320,도봉구,1132010800,도봉동,11,서울특별시,11560,영등포구,1156011000,여의도동,08,00,4,4455.0
20260112,여의도역,11,서울특별시,11320,도봉구,1132010800,도봉동,11,서울특별시,11560,영등포구,1156011000,여의도동,08,15,7,4757.0
20260112,여의도역,11,서울특별시,11320,도봉구,1132010800,도봉동,11,서울특별시,11560,영등포구,1156011000,여의도동,08,30,2,4635.0
20260112,여의도역,11,서울특별시,11320,도봉구,1132010800,도봉동,11,서울특별시,11560,영등포구,1156011000,여의도동,08,45,2,3542.0
20260112,여의도역,11,서울특별시,11320,도봉구,1132010800,도봉동,11,서울특별시,11560,영등포구,1156011000,여의도동,09,15,3,4353.0
20260112,여의도역,11,서울특별시,11320,도봉구,1132010800,도봉동,11,서울특별시,11560,영등포구,1156011000,여의도동,09,30,1,3631.0
20260112,여의도역,11,서울특별시,11320,도봉구,1132010800,도봉동,11,서울특별시,11560,영등포구,1156011000,여의도동,09,45,1,3485.0
20260112,여의도역,11,서울특별시,11320,도봉구,1132010800,도봉동,11,서울특별시,11560,영등포구,1156011000,여의도동,10,00,2,4102.0
20260112,여의도역,11,서울특별시,11320,도봉구,1132010800,도봉동,11,서울특별시,11560,영등포구,1156011000,여의도동,11,00,2,4062.0
20260112,여의도역,11,서울특별시,11320,도봉구,1132010800,도봉동,11,서울특별시,11560,영등포구,1156011000,여의도동,11,15,2,4468.0
20260112,여의도역,11,서울특별시,11320,도봉구,1132010800,도봉동,11,서울특별시,11560,영등포구,1156011000,여의도동,11,30,1,4089.0
20260112,여의도역,11,서울특별시,11320,도봉구,1132010800,도봉동,11,서울특별시,11560,영등포구,1156011000,여의도동,11,45,1,4541.0
20260112,여의도역,11,서울특별시,11320,도봉구,1132010800,도봉동,11,서울특별시,11560,영등포구,1156011000,여의도동,12,00,3,3891.0
20260112,여의도역,11,서울특별시,11350,노원구,1135010200,월계동,11,서울특별시,11560,영등포구,1156011000,여의도동,06,00,8,3328.0
20260112,여의도역,11,서울특별시,11350,노원구,1135010200,월계동,11,서울특별시,11560,영등포구,1156011000,여의도동,06,15,16,3486.0
20260112,여의도역,11,서울특별시,11350,노원구,1135010200,월계동,11,서울특별시,11560,영등포구,1156011000,여의도동,06,30,14,3758.0
20260112,여의도역,11,서울특별시,11350,노원구,1135010200,월계동,11,서울특별시,11560,영등포구,1156011000,여의도동,06,45,31,3768.0
20260112,여의도역,11,서울특별시,11350,노원구,1135010200,월계동,11,서울특별시,11560,영등포구,1156011000,여의도동,07,00,29,3543.0
20260112,여의도역,11,서울특별시,11350,노원구,1135010200,월계동,11,서울특별시,11560,영등포구,1156011000,여의도동,07,15,22,3602.0
20260112,여의도역,11,서울특별시,11350,노원구,1135010200,월계동,11,서울특별시,11560,영등포구,1156011000,여의도동,07,30,28,3494.0
20260112,여의도역,11,서울특별시,11350,노원구,1135010200,월계동,11,서울특별시,11560,영등포구,1156011000,여의도동,07,45,24,3438.0
20260112,여의도역,11,서울특별시,11350,노원구,1135010200,월계동,11,서울특별시,11560,영등포구,1156011000,여의도동,08,00,16,3692.0
20260112,여의도역,11,서울특별시,11350,노원구,1135010200,월계동,11,서울특별시,11560,영등포구,1156011000,여의도동,08,15,8,3895.0
20260112,여의도역,11,서울특별시,11350,노원구,1135010200,월계동,11,서울특별시,11560,영등포구,1156011000,여의도동,08,30,4,4255.0
20260112,여의도역,11,서울특별시,11350,노원구,1135010200,월계동,11,서울특별시,11560,영등포구,1156011000,여의도동,08,45,5,3566.0
20260112,여의도역,11,서울특별시,11350,노원구,1135010200,월계동,11,서울특별시,11560,영등포구,1156011000,여의도동,09,00,4,3528.0
20260112,여의도역,11,서울특별시,11350,노원구,1135010200,월계동,11,서울특별시,11560,영등포구,1156011000,여의도동,09,15,1,2760.0
20260112,여의도역,11,서울특별시,11350,노원구,1135010200,월계동,11,서울특별시,11560,영등포구,1156011000,여의도동,09,30,4,3481.0
20260112,여의도역,11,서울특별시,11350,노원구,1135010200,월계동,11,서울특별시,11560,영등포구,1156011000,여의도동,09,45,1,3108.0
20260112,여의도역,11,서울특별시,11350,노원구,1135010200,월계동,11,서울특별시,11560,영등포구,1156011000,여의도동,11,00,2,3248.0
20260112,여의도역,11,서울특별시,11350,노원구,1135010200,월계동,11,서울특별시,11560,영등포구,1156011000,여의도동,11,15,3,3471.0
20260112,여의도역,11,서울특별시,11350,노원구,1135010200,월계동,11,서울특별시,11560,영등포구,1156011000,여의도동,11,30,1,4082.0
20260112,여의도역,11,서울특별시,11350,노원구,1135010200,월계동,11,서울특별시,11560,영등포구,1156011000,여의도동,11,45,1,3669.0
20260112,여의도역,11,서울특별시,11350,노원구,1135010200,월계동,11,서울특별시,11560,영등포구,1156011000,여의도동,12,00,3,3515.0
20260112,여의도역,11,서울특별시,11350,노원구,1135010200,월계동,11,서울특별시,11560,영등포구,1156011000,여의도동,12,15,1,3309.0
20260112,여의도역,11,서울특별시,11350,노원구,1135010300,공릉동,11,서울특별시,11560,영등포구,1156011000,여의도동,06,00,7,3112.0
20260112,여의도역,11,서울특별시,11350,노원구,1135010300,공릉동,11,서울특별시,11560,영등포구,1156011000,여의도동,06,15,11,3320.0
20260112,여의도역,11,서울특별시,11350,노원구,1135010300,공릉동,11,서울특별시,11560,영등포구,1156011000,여의도동,06,30,35,3119.0
20260112,여의도역,11,서울특별시,11350,노원구,1135010300,공릉동,11,서울특별시,11560,영등포구,1156011000,여의도동,06,45,48,3113.0
20260112,여의도역,11,서울특별시,11350,노원구,1135010300,공릉동,11,서울특별시,11560,영등포구,1156011000,여의도동,07,00,35,3218.0
20260112,여의도역,11,서울특별시,11350,노원구,1135010300,공릉동,11,서울특별시,11560,영등포구,1156011000,여의도동,07,15,44,3177.0
20260112,여의도역,11,서울특별시,11350,노원구,1135010300,공릉동,11,서울특별시,11560,영등포구,1156011000,여의도동,07,30,58,3180.0
20260112,여의도역,11,서울특별시,11350,노원구,1135010300,공릉동,11,서울특별시,11560,영등포구,1156011000,여의도동,07,45,42,3087.0
20260112,여의도역,11,서울특별시,11350,노원구,1135010300,공릉동,11,서울특별시,11560,영등포구,1156011000,여의도동,08,00,28,3040.0
20260112,여의도역,11,서울특별시,11350,노원구,1135010300,공릉동,11,서울특별시,11560,영등포구,1156011000,여의도동,08,15,15,3108.0
20260112,여의도역,11,서울특별시,11350,노원구,1135010300,공릉동,11,서울특별시,11560,영등포구,1156011000,여의도동,08,30,8,3297.0
20260112,여의도역,11,서울특별시,11350,노원구,1135010300,공릉동,11,서울특별시,11560,영등포구,1156011000,여의도동,08,45,11,2899.0
20260112,여의도역,11,서울특별시,11350,노원구,1135010300,공릉동,11,서울특별시,11560,영등포구,1156011000,여의도동,09,00,4,3360.0
20260112,여의도역,11,서울특별시,11350,노원구,1135010300,공릉동,11,서울특별시,11560,영등포구,1156011000,여의도동,09,15,3,3223.0
20260112,여의도역,11,서울특별시,11350,노원구,1135010300,공릉동,11,서울특별시,11560,영등포구,1156011000,여의도동,09,30,2,3564.0
20260112,여의도역,11,서울특별시,11350,노원구,1135010300,공릉동,11,서울특별시,11560,영등포구,1156011000,여의도동,09,45,5,2958.0
20260112,여의도역,11,서울특별시,11350,노원구,1135010300,공릉동,11,서울특별시,11560,영등포구,1156011000,여의도동,10,00,3,3092.0
20260112,여의도역,11,서울특별시,11350,노원구,1135010300,공릉동,11,서울특별시,11560,영등포구,1156011000,여의도동,10,15,3,3368.0
20260112,여의도역,11,서울특별시,11350,노원구,1135010300,공릉동,11,서울특별시,11560,영등포구,1156011000,여의도동,10,30,1,3257.0
20260112,여의도역,11,서울특별시,11350,노원구,1135010300,공릉동,11,서울특별시,11560,영등포구,1156011000,여의도동,11,15,3,3359.0
20260112,여의도역,11,서울특별시,11350,노원구,1135010300,공릉동,11,서울특별시,11560,영등포구,1156011000,여의도동,11,30,3,3517.0
20260112,여의도역,11,서울특별시,11350,노원구,1135010300,공릉동,11,서울특별시,11560,영등포구,1156011000,여의도동,12,15,3,3260.0
20260112,여의도역,11,서울특별시,11350,노원구,1135010300,공릉동,11,서울특별시,11560,영등포구,1156011000,여의도동,12,30,2,3388.0
20260112,여의도역,11,서울특별시,11350,노원구,1135010300,공릉동,11,서울특별시,11560,영등포구,1156011000,여의도동,12,45,1,2943.0
20260112,여의도역,11,서울특별시,11350,노원구,1135010400,하계동,11,서울특별시,11560,영등포구,1156011000,여의도동,06,00,3,3186.0
20260112,여의도역,11,서울특별시,11350,노원구,1135010400,하계동,11,서울특별시,11560,영등포구,1156011000,여의도동,06,15,8,3393.0
20260112,여의도역,11,서울특별시,11350,노원구,1135010400,하계동,11,서울특별시,11560,영등포구,1156011000,여의도동,06,30,16,3635.0
20260112,여의도역,11,서울특별시,11350,노원구,1135010400,하계동,11,서울특별시,11560,영등포구,1156011000,여의도동,06,45,19,3633.0
20260112,여의도역,11,서울특별시,11350,노원구,1135010400,하계동,11,서울특별시,11560,영등포구,1156011000,여의도동,07,00,19,3715.0
20260112,여의도역,11,서울특별시,11350,노원구,1135010400,하계동,11,서울특별시,11560,영등포구,1156011000,여의도동,07,15,16,3633.0
20260112,여의도역,11,서울특별시,11350,노원구,1135010400,하계동,11,서울특별시,11560,영등포구,1156011000,여의도동,07,30,18,3626.0
20260112,여의도역,11,서울특별시,11350,노원구,1135010400,하계동,11,서울특별시,11560,영등포구,1156011000,여의도동,07,45,19,3310.0
20260112,여의도역,11,서울특별시,11350,노원구,1135010400,하계동,11,서울특별시,11560,영등포구,1156011000,여의도동,08,00,3,3314.0
20260112,여의도역,11,서울특별시,11350,노원구,1135010400,하계동,11,서울특별시,11560,영등포구,1156011000,여의도동,08,15,7,3393.0
20260112,여의도역,11,서울특별시,11350,노원구,1135010400,하계동,11,서울특별시,11560,영등포구,1156011000,여의도동,08,30,2,3950.0
20260112,여의도역,11,서울특별시,11350,노원구,1135010400,하계동,11,서울특별시,11560,영등포구,1156011000,여의도동,08,45,4,3348.0
20260112,여의도역,11,서울특별시,11350,노원구,1135010400,하계동,11,서울특별시,11560,영등포구,1156011000,여의도동,09,00,1,3301.0
20260112,여의도역,11,서울특별시,11350,노원구,1135010400,하계동,11,서울특별시,11560,영등포구,1156011000,여의도동,09,15,1,3344.0
20260112,여의도역,11,서울특별시,11350,노원구,1135010400,하계동,11,서울특별시,11560,영등포구,1156011000,여의도동,09,45,1,3890.0
20260112,여의도역,11,서울특별시,11350,노원구,1135010400,하계동,11,서울특별시,11560,영등포구,1156011000,여의도동,10,30,2,3532.0
20260112,여의도역,11,서울특별시,11350,노원구,1135010400,하계동,11,서울특별시,11560,영등포구,1156011000,여의도동,10,45,3,3950.0
20260112,여의도역,11,서울특별시,11350,노원구,1135010400,하계동,11,서울특별시,11560,영등포구,1156011000,여의도동,11,00,2,4040.0
20260112,여의도역,11,서울특별시,11350,노원구,1135010400,하계동,11,서울특별시,11560,영등포구,1156011000,여의도동,11,30,1,4517.0
20260112,여의도역,11,서울특별시,11350,노원구,1135010400,하계동,11,서울특별시,11560,영등포구,1156011000,여의도동,11,45,3,4728.0
20260112,여의도역,11,서울특별시,11350,노원구,1135010400,하계동,11,서울특별시,11560,영등포구,1156011000,여의도동,12,00,1,3537.0
20260112,여의도역,11,서울특별시,11350,노원구,1135010400,하계동,11,서울특별시,11560,영등포구,1156011000,여의도동,12,15,2,4353.0
20260112,여의도역,11,서울특별시,11350,노원구,1135010400,하계동,11,서울특별시,11560,영등포구,1156011000,여의도동,12,30,1,3557.0
20260112,여의도역,11,서울특별시,11350,노원구,1135010500,상계동,11,서울특별시,11560,영등포구,1156011000,여의도동,06,00,9,3868.0
20260112,여의도역,11,서울특별시,11350,노원구,1135010500,상계동,11,서울특별시,11560,영등포구,1156011000,여의도동,06,15,37,3767.0
20260112,여의도역,11,서울특별시,11350,노원구,1135010500,상계동,11,서울특별시,11560,영등포구,1156011000,여의도동,06,30,63,3730.0
20260112,여의도역,11,서울특별시,11350,노원구,1135010500,상계동,11,서울특별시,11560,영등포구,1156011000,여의도동,06,45,76,3754.0
20260112,여의도역,11,서울특별시,11350,노원구,1135010500,상계동,11,서울특별시,11560,영등포구,1156011000,여의도동,07,00,72,3802.0
20260112,여의도역,11,서울특별시,11350,노원구,1135010500,상계동,11,서울특별시,11560,영등포구,1156011000,여의도동,07,15,57,3937.0
20260112,여의도역,11,서울특별시,11350,노원구,1135010500,상계동,11,서울특별시,11560,영등포구,1156011000,여의도동,07,30,81,3766.0
20260112,여의도역,11,서울특별시,11350,노원구,1135010500,상계동,11,서울특별시,11560,영등포구,1156011000,여의도동,07,45,42,3781.0
20260112,여의도역,11,서울특별시,11350,노원구,1135010500,상계동,11,서울특별시,11560,영등포구,1156011000,여의도동,08,00,24,3870.0
20260112,여의도역,11,서울특별시,11350,노원구,1135010500,상계동,11,서울특별시,11560,영등포구,1156011000,여의도동,08,15,19,3953.0
20260112,여의도역,11,서울특별시,11350,노원구,1135010500,상계동,11,서울특별시,11560,영등포구,1156011000,여의도동,08,30,21,3722.0
20260112,여의도역,11,서울특별시,11350,노원구,1135010500,상계동,11,서울특별시,11560,영등포구,1156011000,여의도동,08,45,11,3589.0
20260112,여의도역,11,서울특별시,11350,노원구,1135010500,상계동,11,서울특별시,11560,영등포구,1156011000,여의도동,09,00,14,4052.0
20260112,여의도역,11,서울특별시,11350,노원구,1135010500,상계동,11,서울특별시,11560,영등포구,1156011000,여의도동,09,15,6,4147.0
20260112,여의도역,11,서울특별시,11350,노원구,1135010500,상계동,11,서울특별시,11560,영등포구,1156011000,여의도동,09,30,9,3499.0
20260112,여의도역,11,서울특별시,11350,노원구,1135010500,상계동,11,서울특별시,11560,영등포구,1156011000,여의도동,09,45,9,3860.0
20260112,여의도역,11,서울특별시,11350,노원구,1135010500,상계동,11,서울특별시,11560,영등포구,1156011000,여의도동,10,00,5,4386.0
20260112,여의도역,11,서울특별시,11350,노원구,1135010500,상계동,11,서울특별시,11560,영등포구,1156011000,여의도동,10,15,1,3303.0
20260112,여의도역,11,서울특별시,11350,노원구,1135010500,상계동,11,서울특별시,11560,영등포구,1156011000,여의도동,10,30,7,3845.0
20260112,여의도역,11,서울특별시,11350,노원구,1135010500,상계동,11,서울특별시,11560,영등포구,1156011000,여의도동,10,45,2,3936.0
20260112,여의도역,11,서울특별시,11350,노원구,1135010500,상계동,11,서울특별시,11560,영등포구,1156011000,여의도동,11,00,4,4075.0
20260112,여의도역,11,서울특별시,11350,노원구,1135010500,상계동,11,서울특별시,11560,영등포구,1156011000,여의도동,11,30,4,3685.0
20260112,여의도역,11,서울특별시,11350,노원구,1135010500,상계동,11,서울특별시,11560,영등포구,1156011000,여의도동,11,45,10,3842.0
20260112,여의도역,11,서울특별시,11350,노원구,1135010500,상계동,11,서울특별시,11560,영등포구,1156011000,여의도동,12,00,2,3742.0
20260112,여의도역,11,서울특별시,11350,노원구,1135010500,상계동,11,서울특별시,11560,영등포구,1156011000,여의도동,12,15,3,4035.0
20260112,여의도역,11,서울특별시,11350,노원구,1135010500,상계동,11,서울특별시,11560,영등포구,1156011000,여의도동,12,30,5,3752.0
20260112,여의도역,11,서울특별시,11350,노원구,1135010500,상계동,11,서울특별시,11560,영등포구,1156011000,여의도동,12,45,5,3805.0
20260112,여의도역,11,서울특별시,11350,노원구,1135010600,중계동,11,서울특별시,11560,영등포구,1156011000,여의도동,06,00,8,3630.0
20260112,여의도역,11,서울특별시,11350,노원구,1135010600,중계동,11,서울특별시,11560,영등포구,1156011000,여의도동,06,15,22,3733.0
20260112,여의도역,11,서울특별시,11350,노원구,1135010600,중계동,11,서울특별시,11560,영등포구,1156011000,여의도동,06,30,19,3689.0
20260112,여의도역,11,서울특별시,11350,노원구,1135010600,중계동,11,서울특별시,11560,영등포구,1156011000,여의도동,06,45,23,3677.0
20260112,여의도역,11,서울특별시,11350,노원구,1135010600,중계동,11,서울특별시,11560,영등포구,1156011000,여의도동,07,00,22,4045.0
20260112,여의도역,11,서울특별시,11350,노원구,1135010600,중계동,11,서울특별시,11560,영등포구,1156011000,여의도동,07,15,27,3995.0
20260112,여의도역,11,서울특별시,11350,노원구,1135010600,중계동,11,서울특별시,11560,영등포구,1156011000,여의도동,07,30,27,4038.0
20260112,여의도역,11,서울특별시,11350,노원구,1135010600,중계동,11,서울특별시,11560,영등포구,1156011000,여의도동,07,45,15,3733.0
20260112,여의도역,11,서울특별시,11350,노원구,1135010600,중계동,11,서울특별시,11560,영등포구,1156011000,여의도동,08,00,8,3664.0
20260112,여의도역,11,서울특별시,11350,노원구,1135010600,중계동,11,서울특별시,11560,영등포구,1156011000,여의도동,08,15,5,4260.0
20260112,여의도역,11,서울특별시,11350,노원구,1135010600,중계동,11,서울특별시,11560,영등포구,1156011000,여의도동,08,30,6,4066.0
20260112,여의도역,11,서울특별시,11350,노원구,1135010600,중계동,11,서울특별시,11560,영등포구,1156011000,여의도동,09,00,3,4296.0
20260112,여의도역,11,서울특별시,11350,노원구,1135010600,중계동,11,서울특별시,11560,영등포구,1156011000,여의도동,09,30,3,4328.0
20260112,여의도역,11,서울특별시,11350,노원구,1135010600,중계동,11,서울특별시,11560,영등포구,1156011000,여의도동,09,45,3,3660.0
20260112,여의도역,11,서울특별시,11350,노원구,1135010600,중계동,11,서울특별시,11560,영등포구,1156011000,여의도동,10,00,1,4931.0
20260112,여의도역,11,서울특별시,11350,노원구,1135010600,중계동,11,서울특별시,11560,영등포구,1156011000,여의도동,11,00,2,4046.0
20260112,여의도역,11,서울특별시,11350,노원구,1135010600,중계동,11,서울특별시,11560,영등포구,1156011000,여의도동,11,15,1,3940.0
20260112,여의도역,11,서울특별시,11350,노원구,1135010600,중계동,11,서울특별시,11560,영등포구,1156011000,여의도동,11,30,2,3394.0
20260112,여의도역,11,서울특별시,11350,노원구,1135010600,중계동,11,서울특별시,11560,영등포구,1156011000,여의도동,12,00,3,3769.0
20260112,여의도역,11,서울특별시,11350,노원구,1135010600,중계동,11,서울특별시,11560,영등포구,1156011000,여의도동,12,15,1,3848.0
20260112,여의도역,11,서울특별시,11350,노원구,1135010600,중계동,11,서울특별시,11560,영등포구,1156011000,여의도동,12,30,2,3689.0
20260112,여의도역,11,서울특별시,11350,노원구,1135010600,중계동,11,서울특별시,11560,영등포구,1156011000,여의도동,12,45,1,3866.0
20260112,여의도역,11,서울특별시,11380,은평구,1138010100,수색동,11,서울특별시,11560,영등포구,1156011000,여의도동,06,15,3,2044.0
20260112,여의도역,11,서울특별시,11380,은평구,1138010100,수색동,11,서울특별시,11560,영등포구,1156011000,여의도동,06,30,4,2794.0
20260112,여의도역,11,서울특별시,11380,은평구,1138010100,수색동,11,서울특별시,11560,영등포구,1156011000,여의도동,06,45,10,1936.0
20260112,여의도역,11,서울특별시,11380,은평구,1138010100,수색동,11,서울특별시,11560,영등포구,1156011000,여의도동,07,00,25,1984.0
20260112,여의도역,11,서울특별시,11380,은평구,1138010100,수색동,11,서울특별시,11560,영등포구,1156011000,여의도동,07,15,21,1856.0
20260112,여의도역,11,서울특별시,11380,은평구,1138010100,수색동,11,서울특별시,11560,영등포구,1156011000,여의도동,07,30,16,1855.0
20260112,여의도역,11,서울특별시,11380,은평구,1138010100,수색동,11,서울특별시,11560,영등포구,1156011000,여의도동,07,45,17,1920.0
20260112,여의도역,11,서울특별시,11380,은평구,1138010100,수색동,11,서울특별시,11560,영등포구,1156011000,여의도동,08,00,31,1832.0
20260112,여의도역,11,서울특별시,11380,은평구,1138010100,수색동,11,서울특별시,11560,영등포구,1156011000,여의도동,08,15,18,1912.0
20260112,여의도역,11,서울특별시,11380,은평구,1138010100,수색동,11,서울특별시,11560,영등포구,1156011000,여의도동,08,30,7,1728.0
20260112,여의도역,11,서울특별시,11380,은평구,1138010100,수색동,11,서울특별시,11560,영등포구,1156011000,여의도동,08,45,12,1883.0
20260112,여의도역,11,서울특별시,11380,은평구,1138010100,수색동,11,서울특별시,11560,영등포구,1156011000,여의도동,09,00,8,1835.0
20260112,여의도역,11,서울특별시,11380,은평구,1138010100,수색동,11,서울특별시,11560,영등포구,1156011000,여의도동,09,15,2,1596.0
20260112,여의도역,11,서울특별시,11380,은평구,1138010100,수색동,11,서울특별시,11560,영등포구,1156011000,여의도동,09,30,2,1587.0
20260112,여의도역,11,서울특별시,11380,은평구,1138010100,수색동,11,서울특별시,11560,영등포구,1156011000,여의도동,09,45,2,2455.0
20260112,여의도역,11,서울특별시,11380,은평구,1138010100,수색동,11,서울특별시,11560,영등포구,1156011000,여의도동,10,00,3,2813.0
20260112,여의도역,11,서울특별시,11380,은평구,1138010100,수색동,11,서울특별시,11560,영등포구,1156011000,여의도동,10,15,1,2017.0
20260112,여의도역,11,서울특별시,11380,은평구,1138010100,수색동,11,서울특별시,11560,영등포구,1156011000,여의도동,10,30,2,1750.0
20260112,여의도역,11,서울특별시,11380,은평구,1138010100,수색동,11,서울특별시,11560,영등포구,1156011000,여의도동,11,00,4,1754.0
20260112,여의도역,11,서울특별시,11380,은평구,1138010100,수색동,11,서울특별시,11560,영등포구,1156011000,여의도동,11,15,1,2008.0
20260112,여의도역,11,서울특별시,11380,은평구,1138010100,수색동,11,서울특별시,11560,영등포구,1156011000,여의도동,11,30,2,1690.0
20260112,여의도역,11,서울특별시,11380,은평구,1138010100,수색동,11,서울특별시,11560,영등포구,1156011000,여의도동,11,45,1,1872.0
20260112,여의도역,11,서울특별시,11380,은평구,1138010100,수색동,11,서울특별시,11560,영등포구,1156011000,여의도동,12,15,2,2131.0
20260112,여의도역,11,서울특별시,11380,은평구,1138010100,수색동,11,서울특별시,11560,영등포구,1156011000,여의도동,12,30,2,1982.0
20260112,여의도역,11,서울특별시,11380,은평구,1138010100,수색동,11,서울특별시,11560,영등포구,1156011000,여의도동,12,45,2,2128.0
20260112,여의도역,11,서울특별시,11380,은평구,1138010200,녹번동,11,서울특별시,11560,영등포구,1156011000,여의도동,06,00,8,2754.0
20260112,여의도역,11,서울특별시,11380,은평구,1138010200,녹번동,11,서울특별시,11560,영등포구,1156011000,여의도동,06,15,7,2434.0
20260112,여의도역,11,서울특별시,11380,은평구,1138010200,녹번동,11,서울특별시,11560,영등포구,1156011000,여의도동,06,30,15,2467.0
20260112,여의도역,11,서울특별시,11380,은평구,1138010200,녹번동,11,서울특별시,11560,영등포구,1156011000,여의도동,06,45,20,2356.0
20260112,여의도역,11,서울특별시,11380,은평구,1138010200,녹번동,11,서울특별시,11560,영등포구,1156011000,여의도동,07,00,29,2460.0
20260112,여의도역,11,서울특별시,11380,은평구,1138010200,녹번동,11,서울특별시,11560,영등포구,1156011000,여의도동,07,15,23,2374.0
20260112,여의도역,11,서울특별시,11380,은평구,1138010200,녹번동,11,서울특별시,11560,영등포구,1156011000,여의도동,07,30,22,2550.0
20260112,여의도역,11,서울특별시,11380,은평구,1138010200,녹번동,11,서울특별시,11560,영등포구,1156011000,여의도동,07,45,35,2457.0
20260112,여의도역,11,서울특별시,11380,은평구,1138010200,녹번동,11,서울특별시,11560,영등포구,1156011000,여의도동,08,00,27,2442.0
20260112,여의도역,11,서울특별시,11380,은평구,1138010200,녹번동,11,서울특별시,11560,영등포구,1156011000,여의도동,08,15,12,2439.0
20260112,여의도역,11,서울특별시,11380,은평구,1138010200,녹번동,11,서울특별시,11560,영등포구,1156011000,여의도동,08,30,15,2326.0
20260112,여의도역,11,서울특별시,11380,은평구,1138010200,녹번동,11,서울특별시,11560,영등포구,1156011000,여의도동,08,45,5,2327.0
20260112,여의도역,11,서울특별시,11380,은평구,1138010200,녹번동,11,서울특별시,11560,영등포구,1156011000,여의도동,09,00,4,2042.0
20260112,여의도역,11,서울특별시,11380,은평구,1138010200,녹번동,11,서울특별시,11560,영등포구,1156011000,여의도동,09,15,4,2264.0
20260112,여의도역,11,서울특별시,11380,은평구,1138010200,녹번동,11,서울특별시,11560,영등포구,1156011000,여의도동,09,30,2,2231.0
20260112,여의도역,11,서울특별시,11380,은평구,1138010200,녹번동,11,서울특별시,11560,영등포구,1156011000,여의도동,09,45,3,2977.0
20260112,여의도역,11,서울특별시,11380,은평구,1138010200,녹번동,11,서울특별시,11560,영등포구,1156011000,여의도동,10,00,5,2549.0
20260112,여의도역,11,서울특별시,11380,은평구,1138010200,녹번동,11,서울특별시,11560,영등포구,1156011000,여의도동,10,15,2,2921.0
20260112,여의도역,11,서울특별시,11380,은평구,1138010200,녹번동,11,서울특별시,11560,영등포구,1156011000,여의도동,10,30,4,2821.0
20260112,여의도역,11,서울특별시,11380,은평구,1138010200,녹번동,11,서울특별시,11560,영등포구,1156011000,여의도동,10,45,2,2295.0
20260112,여의도역,11,서울특별시,11380,은평구,1138010200,녹번동,11,서울특별시,11560,영등포구,1156011000,여의도동,11,00,1,1886.0
20260112,여의도역,11,서울특별시,11380,은평구,1138010200,녹번동,11,서울특별시,11560,영등포구,1156011000,여의도동,11,15,4,2477.0
20260112,여의도역,11,서울특별시,11380,은평구,1138010200,녹번동,11,서울특별시,11560,영등포구,1156011000,여의도동,11,30,2,2713.0
20260112,여의도역,11,서울특별시,11380,은평구,1138010200,녹번동,11,서울특별시,11560,영등포구,1156011000,여의도동,11,45,2,2513.0
20260112,여의도역,11,서울특별시,11380,은평구,1138010200,녹번동,11,서울특별시,11560,영등포구,1156011000,여의도동,12,00,2,2822.0
20260112,여의도역,11,서울특별시,11380,은평구,1138010200,녹번동,11,서울특별시,11560,영등포구,1156011000,여의도동,12,30,1,2501.0
20260112,여의도역,11,서울특별시,11380,은평구,1138010200,녹번동,11,서울특별시,11560,영등포구,1156011000,여의도동,12,45,1,2399.0
20260112,여의도역,11,서울특별시,11380,은평구,1138010300,불광동,11,서울특별시,11560,영등포구,1156011000,여의도동,06,00,18,2503.0
20260112,여의도역,11,서울특별시,11380,은평구,1138010300,불광동,11,서울특별시,11560,영등포구,1156011000,여의도동,06,15,16,2507.0
20260112,여의도역,11,서울특별시,11380,은평구,1138010300,불광동,11,서울특별시,11560,영등포구,1156011000,여의도동,06,30,19,2403.0
20260112,여의도역,11,서울특별시,11380,은평구,1138010300,불광동,11,서울특별시,11560,영등포구,1156011000,여의도동,06,45,30,2476.0
20260112,여의도역,11,서울특별시,11380,은평구,1138010300,불광동,11,서울특별시,11560,영등포구,1156011000,여의도동,07,00,41,2603.0
20260112,여의도역,11,서울특별시,11380,은평구,1138010300,불광동,11,서울특별시,11560,영등포구,1156011000,여의도동,07,15,37,2590.0
20260112,여의도역,11,서울특별시,11380,은평구,1138010300,불광동,11,서울특별시,11560,영등포구,1156011000,여의도동,07,30,47,2533.0
20260112,여의도역,11,서울특별시,11380,은평구,1138010300,불광동,11,서울특별시,11560,영등포구,1156011000,여의도동,07,45,50,2514.0
20260112,여의도역,11,서울특별시,11380,은평구,1138010300,불광동,11,서울특별시,11560,영등포구,1156011000,여의도동,08,00,58,2410.0
20260112,여의도역,11,서울특별시,11380,은평구,1138010300,불광동,11,서울특별시,11560,영등포구,1156011000,여의도동,08,15,25,2300.0
20260112,여의도역,11,서울특별시,11380,은평구,1138010300,불광동,11,서울특별시,11560,영등포구,1156011000,여의도동,08,30,25,2324.0
20260112,여의도역,11,서울특별시,11380,은평구,1138010300,불광동,11,서울특별시,11560,영등포구,1156011000,여의도동,08,45,22,2271.0
20260112,여의도역,11,서울특별시,11380,은평구,1138010300,불광동,11,서울특별시,11560,영등포구,1156011000,여의도동,09,00,15,2288.0
20260112,여의도역,11,서울특별시,11380,은평구,1138010300,불광동,11,서울특별시,11560,영등포구,1156011000,여의도동,09,15,6,2370.0
20260112,여의도역,11,서울특별시,11380,은평구,1138010300,불광동,11,서울특별시,11560,영등포구,1156011000,여의도동,09,30,6,2462.0
20260112,여의도역,11,서울특별시,11380,은평구,1138010300,불광동,11,서울특별시,11560,영등포구,1156011000,여의도동,09,45,8,2830.0
20260112,여의도역,11,서울특별시,11380,은평구,1138010300,불광동,11,서울특별시,11560,영등포구,1156011000,여의도동,10,00,6,2441.0
20260112,여의도역,11,서울특별시,11380,은평구,1138010300,불광동,11,서울특별시,11560,영등포구,1156011000,여의도동,10,15,1,2417.0
20260112,여의도역,11,서울특별시,11380,은평구,1138010300,불광동,11,서울특별시,11560,영등포구,1156011000,여의도동,10,30,4,2401.0
20260112,여의도역,11,서울특별시,11380,은평구,1138010300,불광동,11,서울특별시,11560,영등포구,1156011000,여의도동,10,45,3,2601.0
20260112,여의도역,11,서울특별시,11380,은평구,1138010300,불광동,11,서울특별시,11560,영등포구,1156011000,여의도동,11,00,4,2653.0
20260112,여의도역,11,서울특별시,11380,은평구,1138010300,불광동,11,서울특별시,11560,영등포구,1156011000,여의도동,11,15,3,2827.0
20260112,여의도역,11,서울특별시,11380,은평구,1138010300,불광동,11,서울특별시,11560,영등포구,1156011000,여의도동,11,30,1,1964.0
20260112,여의도역,11,서울특별시,11380,은평구,1138010300,불광동,11,서울특별시,11560,영등포구,1156011000,여의도동,11,45,2,1929.0
20260112,여의도역,11,서울특별시,11380,은평구,1138010300,불광동,11,서울특별시,11560,영등포구,1156011000,여의도동,12,00,1,2920.0
20260112,여의도역,11,서울특별시,11380,은평구,1138010300,불광동,11,서울특별시,11560,영등포구,1156011000,여의도동,12,15,3,2308.0
20260112,여의도역,11,서울특별시,11380,은평구,1138010300,불광동,11,서울특별시,11560,영등포구,1156011000,여의도동,12,30,3,3128.0
20260112,여의도역,11,서울특별시,11380,은평구,1138010300,불광동,11,서울특별시,11560,영등포구,1156011000,여의도동,12,45,2,2358.0
20260112,여의도역,11,서울특별시,11380,은평구,1138010400,갈현동,11,서울특별시,11560,영등포구,1156011000,여의도동,06,00,3,2931.0
20260112,여의도역,11,서울특별시,11380,은평구,1138010400,갈현동,11,서울특별시,11560,영등포구,1156011000,여의도동,06,30,8,3128.0
20260112,여의도역,11,서울특별시,11380,은평구,1138010400,갈현동,11,서울특별시,11560,영등포구,1156011000,여의도동,06,45,7,3064.0
20260112,여의도역,11,서울특별시,11380,은평구,1138010400,갈현동,11,서울특별시,11560,영등포구,1156011000,여의도동,07,00,4,3776.0
20260112,여의도역,11,서울특별시,11380,은평구,1138010400,갈현동,11,서울특별시,11560,영등포구,1156011000,여의도동,07,15,7,3018.0
20260112,여의도역,11,서울특별시,11380,은평구,1138010400,갈현동,11,서울특별시,11560,영등포구,1156011000,여의도동,07,30,10,3235.0
20260112,여의도역,11,서울특별시,11380,은평구,1138010400,갈현동,11,서울특별시,11560,영등포구,1156011000,여의도동,07,45,11,2420.0
20260112,여의도역,11,서울특별시,11380,은평구,1138010400,갈현동,11,서울특별시,11560,영등포구,1156011000,여의도동,08,00,1,2921.0
20260112,여의도역,11,서울특별시,11380,은평구,1138010400,갈현동,11,서울특별시,11560,영등포구,1156011000,여의도동,08,15,4,2306.0
20260112,여의도역,11,서울특별시,11380,은평구,1138010400,갈현동,11,서울특별시,11560,영등포구,1156011000,여의도동,08,30,2,3490.0
20260112,여의도역,11,서울특별시,11380,은평구,1138010400,갈현동,11,서울특별시,11560,영등포구,1156011000,여의도동,08,45,2,2989.0
20260112,여의도역,11,서울특별시,11380,은평구,1138010400,갈현동,11,서울특별시,11560,영등포구,1156011000,여의도동,09,00,2,2075.0
20260112,여의도역,11,서울특별시,11380,은평구,1138010400,갈현동,11,서울특별시,11560,영등포구,1156011000,여의도동,09,15,1,2862.0
20260112,여의도역,11,서울특별시,11380,은평구,1138010400,갈현동,11,서울특별시,11560,영등포구,1156011000,여의도동,09,30,1,2469.0
20260112,여의도역,11,서울특별시,11380,은평구,1138010400,갈현동,11,서울특별시,11560,영등포구,1156011000,여의도동,09,45,1,2292.0
20260112,여의도역,11,서울특별시,11380,은평구,1138010400,갈현동,11,서울특별시,11560,영등포구,1156011000,여의도동,10,00,1,2148.0
20260112,여의도역,11,서울특별시,11380,은평구,1138010400,갈현동,11,서울특별시,11560,영등포구,1156011000,여의도동,10,45,1,2750.0
20260112,여의도역,11,서울특별시,11380,은평구,1138010400,갈현동,11,서울특별시,11560,영등포구,1156011000,여의도동,11,15,1,3185.0
20260112,여의도역,11,서울특별시,11380,은평구,1138010400,갈현동,11,서울특별시,11560,영등포구,1156011000,여의도동,11,30,1,2802.0
20260112,여의도역,11,서울특별시,11380,은평구,1138010400,갈현동,11,서울특별시,11560,영등포구,1156011000,여의도동,12,00,1,3599.0
20260112,여의도역,11,서울특별시,11380,은평구,1138010400,갈현동,11,서울특별시,11560,영등포구,1156011000,여의도동,12,45,3,2981.0
20260112,여의도역,11,서울특별시,11380,은평구,1138010500,구산동,11,서울특별시,11560,영등포구,1156011000,여의도동,06,00,2,2243.0
20260112,여의도역,11,서울특별시,11380,은평구,1138010500,구산동,11,서울특별시,11560,영등포구,1156011000,여의도동,06,15,7,2214.0
20260112,여의도역,11,서울특별시,11380,은평구,1138010500,구산동,11,서울특별시,11560,영등포구,1156011000,여의도동,06,30,7,2367.0
20260112,여의도역,11,서울특별시,11380,은평구,1138010500,구산동,11,서울특별시,11560,영등포구,1156011000,여의도동,06,45,8,2444.0
20260112,여의도역,11,서울특별시,11380,은평구,1138010500,구산동,11,서울특별시,11560,영등포구,1156011000,여의도동,07,00,25,2362.0
20260112,여의도역,11,서울특별시,11380,은평구,1138010500,구산동,11,서울특별시,11560,영등포구,1156011000,여의도동,07,15,18,2475.0
20260112,여의도역,11,서울특별시,11380,은평구,1138010500,구산동,11,서울특별시,11560,영등포구,1156011000,여의도동,07,30,16,2342.0
20260112,여의도역,11,서울특별시,11380,은평구,1138010500,구산동,11,서울특별시,11560,영등포구,1156011000,여의도동,07,45,15,2496.0
20260112,여의도역,11,서울특별시,11380,은평구,1138010500,구산동,11,서울특별시,11560,영등포구,1156011000,여의도동,08,00,28,2244.0
20260112,여의도역,11,서울특별시,11380,은평구,1138010500,구산동,11,서울특별시,11560,영등포구,1156011000,여의도동,08,15,13,2348.0
20260112,여의도역,11,서울특별시,11380,은평구,1138010500,구산동,11,서울특별시,11560,영등포구,1156011000,여의도동,08,30,10,2115.0
20260112,여의도역,11,서울특별시,11380,은평구,1138010500,구산동,11,서울특별시,11560,영등포구,1156011000,여의도동,08,45,9,2095.0
20260112,여의도역,11,서울특별시,11380,은평구,1138010500,구산동,11,서울특별시,11560,영등포구,1156011000,여의도동,09,00,7,2340.0
20260112,여의도역,11,서울특별시,11380,은평구,1138010500,구산동,11,서울특별시,11560,영등포구,1156011000,여의도동,09,15,6,2244.0
20260112,여의도역,11,서울특별시,11380,은평구,1138010500,구산동,11,서울특별시,11560,영등포구,1156011000,여의도동,09,30,4,2329.0
20260112,여의도역,11,서울특별시,11380,은평구,1138010500,구산동,11,서울특별시,11560,영등포구,1156011000,여의도동,09,45,3,2116.0
20260112,여의도역,11,서울특별시,11380,은평구,1138010500,구산동,11,서울특별시,11560,영등포구,1156011000,여의도동,10,00,2,2450.0
20260112,여의도역,11,서울특별시,11380,은평구,1138010500,구산동,11,서울특별시,11560,영등포구,1156011000,여의도동,10,15,3,2272.0
20260112,여의도역,11,서울특별시,11380,은평구,1138010500,구산동,11,서울특별시,11560,영등포구,1156011000,여의도동,10,30,1,1814.0
20260112,여의도역,11,서울특별시,11380,은평구,1138010500,구산동,11,서울특별시,11560,영등포구,1156011000,여의도동,10,45,1,2001.0
20260112,여의도역,11,서울특별시,11380,은평구,1138010500,구산동,11,서울특별시,11560,영등포구,1156011000,여의도동,11,00,2,1710.0
20260112,여의도역,11,서울특별시,11380,은평구,1138010500,구산동,11,서울특별시,11560,영등포구,1156011000,여의도동,11,30,1,2089.0
20260112,여의도역,11,서울특별시,11380,은평구,1138010500,구산동,11,서울특별시,11560,영등포구,1156011000,여의도동,11,45,3,1912.0
20260112,여의도역,11,서울특별시,11380,은평구,1138010500,구산동,11,서울특별시,11560,영등포구,1156011000,여의도동,12,00,2,2677.0
20260112,여의도역,11,서울특별시,11380,은평구,1138010500,구산동,11,서울특별시,11560,영등포구,1156011000,여의도동,12,15,3,2414.0
20260112,여의도역,11,서울특별시,11380,은평구,1138010500,구산동,11,서울특별시,11560,영등포구,1156011000,여의도동,12,30,2,2480.0
20260112,여의도역,11,서울특별시,11380,은평구,1138010500,구산동,11,서울특별시,11560,영등포구,1156011000,여의도동,12,45,2,2605.0
20260112,여의도역,11,서울특별시,11380,은평구,1138010600,대조동,11,서울특별시,11560,영등포구,1156011000,여의도동,06,00,1,2555.0
20260112,여의도역,11,서울특별시,11380,은평구,1138010600,대조동,11,서울특별시,11560,영등포구,1156011000,여의도동,06,15,3,2504.0
20260112,여의도역,11,서울특별시,11380,은평구,1138010600,대조동,11,서울특별시,11560,영등포구,1156011000,여의도동,06,30,3,2316.0
20260112,여의도역,11,서울특별시,11380,은평구,1138010600,대조동,11,서울특별시,11560,영등포구,1156011000,여의도동,06,45,4,2327.0
20260112,여의도역,11,서울특별시,11380,은평구,1138010600,대조동,11,서울특별시,11560,영등포구,1156011000,여의도동,07,00,5,2495.0
20260112,여의도역,11,서울특별시,11380,은평구,1138010600,대조동,11,서울특별시,11560,영등포구,1156011000,여의도동,07,15,3,2630.0
20260112,여의도역,11,서울특별시,11380,은평구,1138010600,대조동,11,서울특별시,11560,영등포구,1156011000,여의도동,07,30,7,2581.0
20260112,여의도역,11,서울특별시,11380,은평구,1138010600,대조동,11,서울특별시,11560,영등포구,1156011000,여의도동,07,45,9,2436.0
20260112,여의도역,11,서울특별시,11380,은평구,1138010600,대조동,11,서울특별시,11560,영등포구,1156011000,여의도동,08,00,9,2550.0
20260112,여의도역,11,서울특별시,11380,은평구,1138010600,대조동,11,서울특별시,11560,영등포구,1156011000,여의도동,08,15,2,2407.0
20260112,여의도역,11,서울특별시,11380,은평구,1138010600,대조동,11,서울특별시,11560,영등포구,1156011000,여의도동,08,30,3,2296.0
20260112,여의도역,11,서울특별시,11380,은평구,1138010600,대조동,11,서울특별시,11560,영등포구,1156011000,여의도동,08,45,4,2193.0
20260112,여의도역,11,서울특별시,11380,은평구,1138010600,대조동,11,서울특별시,11560,영등포구,1156011000,여의도동,09,15,1,2757.0
20260112,여의도역,11,서울특별시,11380,은평구,1138010600,대조동,11,서울특별시,11560,영등포구,1156011000,여의도동,09,30,3,2414.0
20260112,여의도역,11,서울특별시,11380,은평구,1138010600,대조동,11,서울특별시,11560,영등포구,1156011000,여의도동,10,00,2,2191.0
20260112,여의도역,11,서울특별시,11380,은평구,1138010600,대조동,11,서울특별시,11560,영등포구,1156011000,여의도동,10,45,1,2722.0
20260112,여의도역,11,서울특별시,11380,은평구,1138010600,대조동,11,서울특별시,11560,영등포구,1156011000,여의도동,11,00,2,2419.0
20260112,여의도역,11,서울특별시,11380,은평구,1138010600,대조동,11,서울특별시,11560,영등포구,1156011000,여의도동,11,15,1,2546.0
20260112,여의도역,11,서울특별시,11380,은평구,1138010600,대조동,11,서울특별시,11560,영등포구,1156011000,여의도동,11,45,1,2219.0
20260112,여의도역,11,서울특별시,11380,은평구,1138010700,응암동,11,서울특별시,11560,영등포구,1156011000,여의도동,06,00,5,1991.0
20260112,여의도역,11,서울특별시,11380,은평구,1138010700,응암동,11,서울특별시,11560,영등포구,1156011000,여의도동,06,15,4,2781.0
20260112,여의도역,11,서울특별시,11380,은평구,1138010700,응암동,11,서울특별시,11560,영등포구,1156011000,여의도동,06,30,14,2330.0
20260112,여의도역,11,서울특별시,11380,은평구,1138010700,응암동,11,서울특별시,11560,영등포구,1156011000,여의도동,06,45,17,2512.0
20260112,여의도역,11,서울특별시,11380,은평구,1138010700,응암동,11,서울특별시,11560,영등포구,1156011000,여의도동,07,00,14,2519.0
20260112,여의도역,11,서울특별시,11380,은평구,1138010700,응암동,11,서울특별시,11560,영등포구,1156011000,여의도동,07,15,9,2406.0
20260112,여의도역,11,서울특별시,11380,은평구,1138010700,응암동,11,서울특별시,11560,영등포구,1156011000,여의도동,07,30,15,2529.0
20260112,여의도역,11,서울특별시,11380,은평구,1138010700,응암동,11,서울특별시,11560,영등포구,1156011000,여의도동,07,45,20,2540.0
20260112,여의도역,11,서울특별시,11380,은평구,1138010700,응암동,11,서울특별시,11560,영등포구,1156011000,여의도동,08,00,9,2521.0
20260112,여의도역,11,서울특별시,11380,은평구,1138010700,응암동,11,서울특별시,11560,영등포구,1156011000,여의도동,08,15,9,2166.0
20260112,여의도역,11,서울특별시,11380,은평구,1138010700,응암동,11,서울특별시,11560,영등포구,1156011000,여의도동,08,30,10,2209.0
20260112,여의도역,11,서울특별시,11380,은평구,1138010700,응암동,11,서울특별시,11560,영등포구,1156011000,여의도동,08,45,9,2275.0
20260112,여의도역,11,서울특별시,11380,은평구,1138010700,응암동,11,서울특별시,11560,영등포구,1156011000,여의도동,09,00,9,2150.0
20260112,여의도역,11,서울특별시,11380,은평구,1138010700,응암동,11,서울특별시,11560,영등포구,1156011000,여의도동,09,15,8,2630.0
20260112,여의도역,11,서울특별시,11380,은평구,1138010700,응암동,11,서울특별시,11560,영등포구,1156011000,여의도동,09,30,5,2837.0
20260112,여의도역,11,서울특별시,11380,은평구,1138010700,응암동,11,서울특별시,11560,영등포구,1156011000,여의도동,09,45,1,1835.0
20260112,여의도역,11,서울특별시,11380,은평구,1138010700,응암동,11,서울특별시,11560,영등포구,1156011000,여의도동,10,30,1,2627.0
20260112,여의도역,11,서울특별시,11380,은평구,1138010700,응암동,11,서울특별시,11560,영등포구,1156011000,여의도동,11,00,1,1745.0
20260112,여의도역,11,서울특별시,11380,은평구,1138010700,응암동,11,서울특별시,11560,영등포구,1156011000,여의도동,11,45,2,2689.0
20260112,여의도역,11,서울특별시,11380,은평구,1138010700,응암동,11,서울특별시,11560,영등포구,1156011000,여의도동,12,00,6,2570.0
20260112,여의도역,11,서울특별시,11380,은평구,1138010700,응암동,11,서울특별시,11560,영등포구,1156011000,여의도동,12,15,4,2641.0
20260112,여의도역,11,서울특별시,11380,은평구,1138010700,응암동,11,서울특별시,11560,영등포구,1156011000,여의도동,12,45,2,2461.0
20260112,여의도역,11,서울특별시,11380,은평구,1138010800,역촌동,11,서울특별시,11560,영등포구,1156011000,여의도동,06,00,3,2699.0
20260112,여의도역,11,서울특별시,11380,은평구,1138010800,역촌동,11,서울특별시,11560,영등포구,1156011000,여의도동,06,15,5,2736.0
20260112,여의도역,11,서울특별시,11380,은평구,1138010800,역촌동,11,서울특별시,11560,영등포구,1156011000,여의도동,06,30,2,2127.0
20260112,여의도역,11,서울특별시,11380,은평구,1138010800,역촌동,11,서울특별시,11560,영등포구,1156011000,여의도동,06,45,3,2889.0
20260112,여의도역,11,서울특별시,11380,은평구,1138010800,역촌동,11,서울특별시,11560,영등포구,1156011000,여의도동,07,00,13,2991.0
20260112,여의도역,11,서울특별시,11380,은평구,1138010800,역촌동,11,서울특별시,11560,영등포구,1156011000,여의도동,07,15,9,2532.0
20260112,여의도역,11,서울특별시,11380,은평구,1138010800,역촌동,11,서울특별시,11560,영등포구,1156011000,여의도동,07,30,10,2449.0
20260112,여의도역,11,서울특별시,11380,은평구,1138010800,역촌동,11,서울특별시,11560,영등포구,1156011000,여의도동,07,45,11,2459.0
20260112,여의도역,11,서울특별시,11380,은평구,1138010800,역촌동,11,서울특별시,11560,영등포구,1156011000,여의도동,08,00,7,2494.0
20260112,여의도역,11,서울특별시,11380,은평구,1138010800,역촌동,11,서울특별시,11560,영등포구,1156011000,여의도동,08,15,3,2236.0
20260112,여의도역,11,서울특별시,11380,은평구,1138010800,역촌동,11,서울특별시,11560,영등포구,1156011000,여의도동,08,30,3,2683.0
20260112,여의도역,11,서울특별시,11380,은평구,1138010800,역촌동,11,서울특별시,11560,영등포구,1156011000,여의도동,08,45,4,2356.0
20260112,여의도역,11,서울특별시,11380,은평구,1138010800,역촌동,11,서울특별시,11560,영등포구,1156011000,여의도동,09,00,2,2102.0
20260112,여의도역,11,서울특별시,11380,은평구,1138010800,역촌동,11,서울특별시,11560,영등포구,1156011000,여의도동,09,30,2,2329.0
20260112,여의도역,11,서울특별시,11380,은평구,1138010800,역촌동,11,서울특별시,11560,영등포구,1156011000,여의도동,09,45,2,2996.0
20260112,여의도역,11,서울특별시,11380,은평구,1138010800,역촌동,11,서울특별시,11560,영등포구,1156011000,여의도동,10,00,1,1897.0
20260112,여의도역,11,서울특별시,11380,은평구,1138010800,역촌동,11,서울특별시,11560,영등포구,1156011000,여의도동,11,00,1,2610.0
20260112,여의도역,11,서울특별시,11380,은평구,1138010800,역촌동,11,서울특별시,11560,영등포구,1156011000,여의도동,11,15,2,2734.0
20260112,여의도역,11,서울특별시,11380,은평구,1138010800,역촌동,11,서울특별시,11560,영등포구,1156011000,여의도동,11,30,1,2478.0
20260112,여의도역,11,서울특별시,11380,은평구,1138010800,역촌동,11,서울특별시,11560,영등포구,1156011000,여의도동,12,15,1,2760.0
20260112,여의도역,11,서울특별시,11380,은평구,1138010900,신사동,11,서울특별시,11560,영등포구,1156011000,여의도동,06,00,8,2233.0
20260112,여의도역,11,서울특별시,11380,은평구,1138010900,신사동,11,서울특별시,11560,영등포구,1156011000,여의도동,06,15,11,1969.0
20260112,여의도역,11,서울특별시,11380,은평구,1138010900,신사동,11,서울특별시,11560,영등포구,1156011000,여의도동,06,30,26,2024.0
20260112,여의도역,11,서울특별시,11380,은평구,1138010900,신사동,11,서울특별시,11560,영등포구,1156011000,여의도동,06,45,33,2280.0
20260112,여의도역,11,서울특별시,11380,은평구,1138010900,신사동,11,서울특별시,11560,영등포구,1156011000,여의도동,07,00,65,2213.0
20260112,여의도역,11,서울특별시,11380,은평구,1138010900,신사동,11,서울특별시,11560,영등포구,1156011000,여의도동,07,15,41,2212.0
20260112,여의도역,11,서울특별시,11380,은평구,1138010900,신사동,11,서울특별시,11560,영등포구,1156011000,여의도동,07,30,60,2059.0
20260112,여의도역,11,서울특별시,11380,은평구,1138010900,신사동,11,서울특별시,11560,영등포구,1156011000,여의도동,07,45,73,2043.0
20260112,여의도역,11,서울특별시,11380,은평구,1138010900,신사동,11,서울특별시,11560,영등포구,1156011000,여의도동,08,00,70,1979.0
20260112,여의도역,11,서울특별시,11380,은평구,1138010900,신사동,11,서울특별시,11560,영등포구,1156011000,여의도동,08,15,47,1810.0
20260112,여의도역,11,서울특별시,11380,은평구,1138010900,신사동,11,서울특별시,11560,영등포구,1156011000,여의도동,08,30,30,1949.0
20260112,여의도역,11,서울특별시,11380,은평구,1138010900,신사동,11,서울특별시,11560,영등포구,1156011000,여의도동,08,45,33,1865.0
20260112,여의도역,11,서울특별시,11380,은평구,1138010900,신사동,11,서울특별시,11560,영등포구,1156011000,여의도동,09,00,19,1883.0
20260112,여의도역,11,서울특별시,11380,은평구,1138010900,신사동,11,서울특별시,11560,영등포구,1156011000,여의도동,09,15,13,2015.0
20260112,여의도역,11,서울특별시,11380,은평구,1138010900,신사동,11,서울특별시,11560,영등포구,1156011000,여의도동,09,30,8,1916.0
20260112,여의도역,11,서울특별시,11380,은평구,1138010900,신사동,11,서울특별시,11560,영등포구,1156011000,여의도동,09,45,13,2058.0
20260112,여의도역,11,서울특별시,11380,은평구,1138010900,신사동,11,서울특별시,11560,영등포구,1156011000,여의도동,10,00,4,1725.0
20260112,여의도역,11,서울특별시,11380,은평구,1138010900,신사동,11,서울특별시,11560,영등포구,1156011000,여의도동,10,15,9,1898.0
20260112,여의도역,11,서울특별시,11380,은평구,1138010900,신사동,11,서울특별시,11560,영등포구,1156011000,여의도동,10,30,4,1885.0
20260112,여의도역,11,서울특별시,11380,은평구,1138010900,신사동,11,서울특별시,11560,영등포구,1156011000,여의도동,10,45,3,1707.0
20260112,여의도역,11,서울특별시,11380,은평구,1138010900,신사동,11,서울특별시,11560,영등포구,1156011000,여의도동,11,00,5,2044.0
20260112,여의도역,11,서울특별시,11380,은평구,1138010900,신사동,11,서울특별시,11560,영등포구,1156011000,여의도동,11,15,1,1881.0
20260112,여의도역,11,서울특별시,11380,은평구,1138010900,신사동,11,서울특별시,11560,영등포구,1156011000,여의도동,11,30,7,2355.0
20260112,여의도역,11,서울특별시,11380,은평구,1138010900,신사동,11,서울특별시,11560,영등포구,1156011000,여의도동,11,45,3,2275.0
20260112,여의도역,11,서울특별시,11380,은평구,1138010900,신사동,11,서울특별시,11560,영등포구,1156011000,여의도동,12,00,2,1891.0
20260112,여의도역,11,서울특별시,11380,은평구,1138010900,신사동,11,서울특별시,11560,영등포구,1156011000,여의도동,12,15,2,2266.0
20260112,여의도역,11,서울특별시,11380,은평구,1138010900,신사동,11,서울특별시,11560,영등포구,1156011000,여의도동,12,30,9,1933.0
20260112,여의도역,11,서울특별시,11380,은평구,1138010900,신사동,11,서울특별시,11560,영등포구,1156011000,여의도동,12,45,4,2176.0
20260112,여의도역,11,서울특별시,11380,은평구,1138011000,증산동,11,서울특별시,11560,영등포구,1156011000,여의도동,06,00,5,2413.0
20260112,여의도역,11,서울특별시,11380,은평구,1138011000,증산동,11,서울특별시,11560,영등포구,1156011000,여의도동,06,15,1,1542.0
20260112,여의도역,11,서울특별시,11380,은평구,1138011000,증산동,11,서울특별시,11560,영등포구,1156011000,여의도동,06,30,4,2133.0
20260112,여의도역,11,서울특별시,11380,은평구,1138011000,증산동,11,서울특별시,11560,영등포구,1156011000,여의도동,06,45,8,1941.0
20260112,여의도역,11,서울특별시,11380,은평구,1138011000,증산동,11,서울특별시,11560,영등포구,1156011000,여의도동,07,00,11,1916.0
20260112,여의도역,11,서울특별시,11380,은평구,1138011000,증산동,11,서울특별시,11560,영등포구,1156011000,여의도동,07,15,13,1896.0
20260112,여의도역,11,서울특별시,11380,은평구,1138011000,증산동,11,서울특별시,11560,영등포구,1156011000,여의도동,07,30,16,1765.0
20260112,여의도역,11,서울특별시,11380,은평구,1138011000,증산동,11,서울특별시,11560,영등포구,1156011000,여의도동,07,45,24,1944.0
20260112,여의도역,11,서울특별시,11380,은평구,1138011000,증산동,11,서울특별시,11560,영등포구,1156011000,여의도동,08,00,31,1813.0
20260112,여의도역,11,서울특별시,11380,은평구,1138011000,증산동,11,서울특별시,11560,영등포구,1156011000,여의도동,08,15,14,1873.0
20260112,여의도역,11,서울특별시,11380,은평구,1138011000,증산동,11,서울특별시,11560,영등포구,1156011000,여의도동,08,30,7,1665.0
20260112,여의도역,11,서울특별시,11380,은평구,1138011000,증산동,11,서울특별시,11560,영등포구,1156011000,여의도동,08,45,12,1574.0
20260112,여의도역,11,서울특별시,11380,은평구,1138011000,증산동,11,서울특별시,11560,영등포구,1156011000,여의도동,09,00,11,1852.0
20260112,여의도역,11,서울특별시,11380,은평구,1138011000,증산동,11,서울특별시,11560,영등포구,1156011000,여의도동,09,15,6,1697.0
20260112,여의도역,11,서울특별시,11380,은평구,1138011000,증산동,11,서울특별시,11560,영등포구,1156011000,여의도동,09,30,4,2019.0
20260112,여의도역,11,서울특별시,11380,은평구,1138011000,증산동,11,서울특별시,11560,영등포구,1156011000,여의도동,09,45,1,2154.0
20260112,여의도역,11,서울특별시,11380,은평구,1138011000,증산동,11,서울특별시,11560,영등포구,1156011000,여의도동,10,00,2,2075.0
20260112,여의도역,11,서울특별시,11380,은평구,1138011000,증산동,11,서울특별시,11560,영등포구,1156011000,여의도동,10,15,4,2386.0
20260112,여의도역,11,서울특별시,11380,은평구,1138011000,증산동,11,서울특별시,11560,영등포구,1156011000,여의도동,10,30,1,1241.0
20260112,여의도역,11,서울특별시,11380,은평구,1138011000,증산동,11,서울특별시,11560,영등포구,1156011000,여의도동,10,45,2,1601.0
20260112,여의도역,11,서울특별시,11380,은평구,1138011000,증산동,11,서울특별시,11560,영등포구,1156011000,여의도동,11,00,2,1862.0
20260112,여의도역,11,서울특별시,11380,은평구,1138011000,증산동,11,서울특별시,11560,영등포구,1156011000,여의도동,11,15,2,2173.0
20260112,여의도역,11,서울특별시,11380,은평구,1138011000,증산동,11,서울특별시,11560,영등포구,1156011000,여의도동,11,30,1,2367.0
20260112,여의도역,11,서울특별시,11380,은평구,1138011000,증산동,11,서울특별시,11560,영등포구,1156011000,여의도동,11,45,2,2153.0
20260112,여의도역,11,서울특별시,11380,은평구,1138011000,증산동,11,서울특별시,11560,영등포구,1156011000,여의도동,12,00,4,1909.0
20260112,여의도역,11,서울특별시,11380,은평구,1138011000,증산동,11,서울특별시,11560,영등포구,1156011000,여의도동,12,15,3,1709.0
20260112,여의도역,11,서울특별시,11380,은평구,1138011000,증산동,11,서울특별시,11560,영등포구,1156011000,여의도동,12,30,1,1804.0
20260112,여의도역,11,서울특별시,11380,은평구,1138011000,증산동,11,서울특별시,11560,영등포구,1156011000,여의도동,12,45,1,2510.0
20260112,여의도역,11,서울특별시,11380,은평구,1138011400,진관동,11,서울특별시,11560,영등포구,1156011000,여의도동,06,00,11,2882.0
20260112,여의도역,11,서울특별시,11380,은평구,1138011400,진관동,11,서울특별시,11560,영등포구,1156011000,여의도동,06,15,8,2954.0
20260112,여의도역,11,서울특별시,11380,은평구,1138011400,진관동,11,서울특별시,11560,영등포구,1156011000,여의도동,06,30,20,2872.0
20260112,여의도역,11,서울특별시,11380,은평구,1138011400,진관동,11,서울특별시,11560,영등포구,1156011000,여의도동,06,45,37,2889.0
20260112,여의도역,11,서울특별시,11380,은평구,1138011400,진관동,11,서울특별시,11560,영등포구,1156011000,여의도동,07,00,42,3013.0
20260112,여의도역,11,서울특별시,11380,은평구,1138011400,진관동,11,서울특별시,11560,영등포구,1156011000,여의도동,07,15,41,3034.0
20260112,여의도역,11,서울특별시,11380,은평구,1138011400,진관동,11,서울특별시,11560,영등포구,1156011000,여의도동,07,30,44,2877.0
20260112,여의도역,11,서울특별시,11380,은평구,1138011400,진관동,11,서울특별시,11560,영등포구,1156011000,여의도동,07,45,31,2921.0
20260112,여의도역,11,서울특별시,11380,은평구,1138011400,진관동,11,서울특별시,11560,영등포구,1156011000,여의도동,08,00,28,3001.0
20260112,여의도역,11,서울특별시,11380,은평구,1138011400,진관동,11,서울특별시,11560,영등포구,1156011000,여의도동,08,15,15,2752.0
20260112,여의도역,11,서울특별시,11380,은평구,1138011400,진관동,11,서울특별시,11560,영등포구,1156011000,여의도동,08,30,17,2744.0
20260112,여의도역,11,서울특별시,11380,은평구,1138011400,진관동,11,서울특별시,11560,영등포구,1156011000,여의도동,08,45,13,2714.0
20260112,여의도역,11,서울특별시,11380,은평구,1138011400,진관동,11,서울특별시,11560,영등포구,1156011000,여의도동,09,00,11,3045.0
20260112,여의도역,11,서울특별시,11380,은평구,1138011400,진관동,11,서울특별시,11560,영등포구,1156011000,여의도동,09,15,7,2841.0
20260112,여의도역,11,서울특별시,11380,은평구,1138011400,진관동,11,서울특별시,11560,영등포구,1156011000,여의도동,09,30,5,3538.0
20260112,여의도역,11,서울특별시,11380,은평구,1138011400,진관동,11,서울특별시,11560,영등포구,1156011000,여의도동,09,45,5,2636.0
20260112,여의도역,11,서울특별시,11380,은평구,1138011400,진관동,11,서울특별시,11560,영등포구,1156011000,여의도동,10,00,1,3174.0
20260112,여의도역,11,서울특별시,11380,은평구,1138011400,진관동,11,서울특별시,11560,영등포구,1156011000,여의도동,10,15,2,2693.0
20260112,여의도역,11,서울특별시,11380,은평구,1138011400,진관동,11,서울특별시,11560,영등포구,1156011000,여의도동,11,00,2,3190.0
20260112,여의도역,11,서울특별시,11380,은평구,1138011400,진관동,11,서울특별시,11560,영등포구,1156011000,여의도동,11,15,2,3020.0
20260112,여의도역,11,서울특별시,11380,은평구,1138011400,진관동,11,서울특별시,11560,영등포구,1156011000,여의도동,11,45,3,3133.0
20260112,여의도역,11,서울특별시,11380,은평구,1138011400,진관동,11,서울특별시,11560,영등포구,1156011000,여의도동,12,15,2,3141.0
20260112,여의도역,11,서울특별시,11380,은평구,1138011400,진관동,11,서울특별시,11560,영등포구,1156011000,여의도동,12,30,2,3178.0
20260112,여의도역,11,서울특별시,11380,은평구,1138011400,진관동,11,서울특별시,11560,영등포구,1156011000,여의도동,12,45,1,3193.0
20260112,여의도역,11,서울특별시,11410,서대문구,1141010100,충정로2가,11,서울특별시,11560,영등포구,1156011000,여의도동,06,00,1,1098.0
20260112,여의도역,11,서울특별시,11410,서대문구,1141010100,충정로2가,11,서울특별시,11560,영등포구,1156011000,여의도동,06,15,1,1263.0
20260112,여의도역,11,서울특별시,11410,서대문구,1141010100,충정로2가,11,서울특별시,11560,영등포구,1156011000,여의도동,06,30,1,957.0
20260112,여의도역,11,서울특별시,11410,서대문구,1141010100,충정로2가,11,서울특별시,11560,영등포구,1156011000,여의도동,06,45,7,976.0
20260112,여의도역,11,서울특별시,11410,서대문구,1141010100,충정로2가,11,서울특별시,11560,영등포구,1156011000,여의도동,07,00,6,942.0
20260112,여의도역,11,서울특별시,11410,서대문구,1141010100,충정로2가,11,서울특별시,11560,영등포구,1156011000,여의도동,07,15,26,1016.0
20260112,여의도역,11,서울특별시,11410,서대문구,1141010100,충정로2가,11,서울특별시,11560,영등포구,1156011000,여의도동,07,30,19,1006.0
20260112,여의도역,11,서울특별시,11410,서대문구,1141010100,충정로2가,11,서울특별시,11560,영등포구,1156011000,여의도동,07,45,15,1019.0
20260112,여의도역,11,서울특별시,11410,서대문구,1141010100,충정로2가,11,서울특별시,11560,영등포구,1156011000,여의도동,08,00,21,1025.0
20260112,여의도역,11,서울특별시,11410,서대문구,1141010100,충정로2가,11,서울특별시,11560,영등포구,1156011000,여의도동,08,15,24,1044.0
20260112,여의도역,11,서울특별시,11410,서대문구,1141010100,충정로2가,11,서울특별시,11560,영등포구,1156011000,여의도동,08,30,14,891.0
20260112,여의도역,11,서울특별시,11410,서대문구,1141010100,충정로2가,11,서울특별시,11560,영등포구,1156011000,여의도동,08,45,5,927.0
20260112,여의도역,11,서울특별시,11410,서대문구,1141010100,충정로2가,11,서울특별시,11560,영등포구,1156011000,여의도동,09,00,12,1026.0
20260112,여의도역,11,서울특별시,11410,서대문구,1141010100,충정로2가,11,서울특별시,11560,영등포구,1156011000,여의도동,09,15,5,1133.0
20260112,여의도역,11,서울특별시,11410,서대문구,1141010100,충정로2가,11,서울특별시,11560,영등포구,1156011000,여의도동,09,30,5,1001.0
20260112,여의도역,11,서울특별시,11410,서대문구,1141010100,충정로2가,11,서울특별시,11560,영등포구,1156011000,여의도동,09,45,5,1072.0
20260112,여의도역,11,서울특별시,11410,서대문구,1141010100,충정로2가,11,서울특별시,11560,영등포구,1156011000,여의도동,10,00,3,1273.0
20260112,여의도역,11,서울특별시,11410,서대문구,1141010100,충정로2가,11,서울특별시,11560,영등포구,1156011000,여의도동,10,15,5,1151.0
20260112,여의도역,11,서울특별시,11410,서대문구,1141010100,충정로2가,11,서울특별시,11560,영등포구,1156011000,여의도동,10,30,4,1360.0
20260112,여의도역,11,서울특별시,11410,서대문구,1141010100,충정로2가,11,서울특별시,11560,영등포구,1156011000,여의도동,10,45,5,1247.0
20260112,여의도역,11,서울특별시,11410,서대문구,1141010100,충정로2가,11,서울특별시,11560,영등포구,1156011000,여의도동,11,00,9,1191.0
20260112,여의도역,11,서울특별시,11410,서대문구,1141010100,충정로2가,11,서울특별시,11560,영등포구,1156011000,여의도동,11,15,12,1083.0
20260112,여의도역,11,서울특별시,11410,서대문구,1141010100,충정로2가,11,서울특별시,11560,영등포구,1156011000,여의도동,11,30,6,1058.0
20260112,여의도역,11,서울특별시,11410,서대문구,1141010100,충정로2가,11,서울특별시,11560,영등포구,1156011000,여의도동,11,45,8,1066.0
20260112,여의도역,11,서울특별시,11410,서대문구,1141010100,충정로2가,11,서울특별시,11560,영등포구,1156011000,여의도동,12,00,8,1081.0
20260112,여의도역,11,서울특별시,11410,서대문구,1141010100,충정로2가,11,서울특별시,11560,영등포구,1156011000,여의도동,12,15,7,1300.0
20260112,여의도역,11,서울특별시,11410,서대문구,1141010100,충정로2가,11,서울특별시,11560,영등포구,1156011000,여의도동,12,30,8,1363.0
20260112,여의도역,11,서울특별시,11410,서대문구,1141010100,충정로2가,11,서울특별시,11560,영등포구,1156011000,여의도동,12,45,12,1145.0
20260112,여의도역,11,서울특별시,11410,서대문구,1141010200,충정로3가,11,서울특별시,11560,영등포구,1156011000,여의도동,06,00,2,1320.0
20260112,여의도역,11,서울특별시,11410,서대문구,1141010200,충정로3가,11,서울특별시,11560,영등포구,1156011000,여의도동,06,15,1,1153.0
20260112,여의도역,11,서울특별시,11410,서대문구,1141010200,충정로3가,11,서울특별시,11560,영등포구,1156011000,여의도동,06,30,3,878.0
20260112,여의도역,11,서울특별시,11410,서대문구,1141010200,충정로3가,11,서울특별시,11560,영등포구,1156011000,여의도동,06,45,4,870.0
20260112,여의도역,11,서울특별시,11410,서대문구,1141010200,충정로3가,11,서울특별시,11560,영등포구,1156011000,여의도동,07,00,10,1047.0
20260112,여의도역,11,서울특별시,11410,서대문구,1141010200,충정로3가,11,서울특별시,11560,영등포구,1156011000,여의도동,07,15,16,1078.0
20260112,여의도역,11,서울특별시,11410,서대문구,1141010200,충정로3가,11,서울특별시,11560,영등포구,1156011000,여의도동,07,30,20,943.0
20260112,여의도역,11,서울특별시,11410,서대문구,1141010200,충정로3가,11,서울특별시,11560,영등포구,1156011000,여의도동,07,45,16,1077.0
20260112,여의도역,11,서울특별시,11410,서대문구,1141010200,충정로3가,11,서울특별시,11560,영등포구,1156011000,여의도동,08,00,32,1051.0
20260112,여의도역,11,서울특별시,11410,서대문구,1141010200,충정로3가,11,서울특별시,11560,영등포구,1156011000,여의도동,08,15,29,995.0
20260112,여의도역,11,서울특별시,11410,서대문구,1141010200,충정로3가,11,서울특별시,11560,영등포구,1156011000,여의도동,08,30,23,934.0
20260112,여의도역,11,서울특별시,11410,서대문구,1141010200,충정로3가,11,서울특별시,11560,영등포구,1156011000,여의도동,08,45,3,953.0
20260112,여의도역,11,서울특별시,11410,서대문구,1141010200,충정로3가,11,서울특별시,11560,영등포구,1156011000,여의도동,09,00,5,916.0
20260112,여의도역,11,서울특별시,11410,서대문구,1141010200,충정로3가,11,서울특별시,11560,영등포구,1156011000,여의도동,09,15,4,935.0
20260112,여의도역,11,서울특별시,11410,서대문구,1141010200,충정로3가,11,서울특별시,11560,영등포구,1156011000,여의도동,09,30,5,882.0
20260112,여의도역,11,서울특별시,11410,서대문구,1141010200,충정로3가,11,서울특별시,11560,영등포구,1156011000,여의도동,09,45,2,838.0
20260112,여의도역,11,서울특별시,11410,서대문구,1141010200,충정로3가,11,서울특별시,11560,영등포구,1156011000,여의도동,10,00,3,1213.0
20260112,여의도역,11,서울특별시,11410,서대문구,1141010200,충정로3가,11,서울특별시,11560,영등포구,1156011000,여의도동,10,15,6,958.0
20260112,여의도역,11,서울특별시,11410,서대문구,1141010200,충정로3가,11,서울특별시,11560,영등포구,1156011000,여의도동,10,30,4,1282.0
20260112,여의도역,11,서울특별시,11410,서대문구,1141010200,충정로3가,11,서울특별시,11560,영등포구,1156011000,여의도동,10,45,3,1031.0
20260112,여의도역,11,서울특별시,11410,서대문구,1141010200,충정로3가,11,서울특별시,11560,영등포구,1156011000,여의도동,11,00,8,921.0
20260112,여의도역,11,서울특별시,11410,서대문구,1141010200,충정로3가,11,서울특별시,11560,영등포구,1156011000,여의도동,11,15,9,1182.0
20260112,여의도역,11,서울특별시,11410,서대문구,1141010200,충정로3가,11,서울특별시,11560,영등포구,1156011000,여의도동,11,30,5,1396.0
20260112,여의도역,11,서울특별시,11410,서대문구,1141010200,충정로3가,11,서울특별시,11560,영등포구,1156011000,여의도동,11,45,4,1378.0
20260112,여의도역,11,서울특별시,11410,서대문구,1141010200,충정로3가,11,서울특별시,11560,영등포구,1156011000,여의도동,12,00,5,860.0
20260112,여의도역,11,서울특별시,11410,서대문구,1141010200,충정로3가,11,서울특별시,11560,영등포구,1156011000,여의도동,12,15,1,947.0
20260112,여의도역,11,서울특별시,11410,서대문구,1141010200,충정로3가,11,서울특별시,11560,영등포구,1156011000,여의도동,12,30,11,979.0
20260112,여의도역,11,서울특별시,11410,서대문구,1141010200,충정로3가,11,서울특별시,11560,영등포구,1156011000,여의도동,12,45,10,1266.0
20260112,여의도역,11,서울특별시,11410,서대문구,1141010600,천연동,11,서울특별시,11560,영등포구,1156011000,여의도동,07,15,1,1250.0
20260112,여의도역,11,서울특별시,11410,서대문구,1141010600,천연동,11,서울특별시,11560,영등포구,1156011000,여의도동,08,15,2,1261.0
20260112,여의도역,11,서울특별시,11410,서대문구,1141010800,영천동,11,서울특별시,11560,영등포구,1156011000,여의도동,06,30,1,1270.0
20260112,여의도역,11,서울특별시,11410,서대문구,1141010800,영천동,11,서울특별시,11560,영등포구,1156011000,여의도동,06,45,2,1188.0
20260112,여의도역,11,서울특별시,11410,서대문구,1141010800,영천동,11,서울특별시,11560,영등포구,1156011000,여의도동,07,00,2,1638.0
20260112,여의도역,11,서울특별시,11410,서대문구,1141010800,영천동,11,서울특별시,11560,영등포구,1156011000,여의도동,07,15,5,1497.0
20260112,여의도역,11,서울특별시,11410,서대문구,1141010800,영천동,11,서울특별시,11560,영등포구,1156011000,여의도동,07,30,2,1536.0
20260112,여의도역,11,서울특별시,11410,서대문구,1141010800,영천동,11,서울특별시,11560,영등포구,1156011000,여의도동,07,45,3,1272.0
20260112,여의도역,11,서울특별시,11410,서대문구,1141010800,영천동,11,서울특별시,11560,영등포구,1156011000,여의도동,08,00,4,1479.0
20260112,여의도역,11,서울특별시,11410,서대문구,1141010800,영천동,11,서울특별시,11560,영등포구,1156011000,여의도동,08,15,6,1457.0
20260112,여의도역,11,서울특별시,11410,서대문구,1141010800,영천동,11,서울특별시,11560,영등포구,1156011000,여의도동,08,30,2,1028.0
20260112,여의도역,11,서울특별시,11410,서대문구,1141010800,영천동,11,서울특별시,11560,영등포구,1156011000,여의도동,09,00,1,1427.0
20260112,여의도역,11,서울특별시,11410,서대문구,1141010800,영천동,11,서울특별시,11560,영등포구,1156011000,여의도동,09,30,1,1167.0
20260112,여의도역,11,서울특별시,11410,서대문구,1141010800,영천동,11,서울특별시,11560,영등포구,1156011000,여의도동,10,30,3,1798.0
20260112,여의도역,11,서울특별시,11410,서대문구,1141010800,영천동,11,서울특별시,11560,영등포구,1156011000,여의도동,12,30,1,1824.0
20260112,여의도역,11,서울특별시,11410,서대문구,1141010900,현저동,11,서울특별시,11560,영등포구,1156011000,여의도동,06,00,1,1090.0
20260112,여의도역,11,서울특별시,11410,서대문구,1141010900,현저동,11,서울특별시,11560,영등포구,1156011000,여의도동,06,15,2,1380.0
20260112,여의도역,11,서울특별시,11410,서대문구,1141010900,현저동,11,서울특별시,11560,영등포구,1156011000,여의도동,06,30,2,1764.0
20260112,여의도역,11,서울특별시,11410,서대문구,1141010900,현저동,11,서울특별시,11560,영등포구,1156011000,여의도동,06,45,6,1397.0
20260112,여의도역,11,서울특별시,11410,서대문구,1141010900,현저동,11,서울특별시,11560,영등포구,1156011000,여의도동,07,00,10,1467.0
20260112,여의도역,11,서울특별시,11410,서대문구,1141010900,현저동,11,서울특별시,11560,영등포구,1156011000,여의도동,07,15,3,1378.0
20260112,여의도역,11,서울특별시,11410,서대문구,1141010900,현저동,11,서울특별시,11560,영등포구,1156011000,여의도동,07,30,6,1373.0
20260112,여의도역,11,서울특별시,11410,서대문구,1141010900,현저동,11,서울특별시,11560,영등포구,1156011000,여의도동,07,45,7,1663.0
20260112,여의도역,11,서울특별시,11410,서대문구,1141010900,현저동,11,서울특별시,11560,영등포구,1156011000,여의도동,08,00,6,1641.0
20260112,여의도역,11,서울특별시,11410,서대문구,1141010900,현저동,11,서울특별시,11560,영등포구,1156011000,여의도동,08,15,10,1306.0
20260112,여의도역,11,서울특별시,11410,서대문구,1141010900,현저동,11,서울특별시,11560,영등포구,1156011000,여의도동,08,30,1,1447.0
20260112,여의도역,11,서울특별시,11410,서대문구,1141010900,현저동,11,서울특별시,11560,영등포구,1156011000,여의도동,08,45,2,1174.0
20260112,여의도역,11,서울특별시,11410,서대문구,1141010900,현저동,11,서울특별시,11560,영등포구,1156011000,여의도동,09,00,3,1268.0
20260112,여의도역,11,서울특별시,11410,서대문구,1141010900,현저동,11,서울특별시,11560,영등포구,1156011000,여의도동,09,15,1,1604.0
20260112,여의도역,11,서울특별시,11410,서대문구,1141010900,현저동,11,서울특별시,11560,영등포구,1156011000,여의도동,09,30,1,1264.0
20260112,여의도역,11,서울특별시,11410,서대문구,1141010900,현저동,11,서울특별시,11560,영등포구,1156011000,여의도동,10,00,1,1620.0
20260112,여의도역,11,서울특별시,11410,서대문구,1141010900,현저동,11,서울특별시,11560,영등포구,1156011000,여의도동,10,15,1,1265.0
20260112,여의도역,11,서울특별시,11410,서대문구,1141010900,현저동,11,서울특별시,11560,영등포구,1156011000,여의도동,11,15,1,1301.0
20260112,여의도역,11,서울특별시,11410,서대문구,1141010900,현저동,11,서울특별시,11560,영등포구,1156011000,여의도동,11,45,1,1195.0
20260112,여의도역,11,서울특별시,11410,서대문구,1141010900,현저동,11,서울특별시,11560,영등포구,1156011000,여의도동,12,00,2,1454.0
20260112,여의도역,11,서울특별시,11410,서대문구,1141010900,현저동,11,서울특별시,11560,영등포구,1156011000,여의도동,12,45,2,1693.0
20260112,여의도역,11,서울특별시,11410,서대문구,1141011000,북아현동,11,서울특별시,11560,영등포구,1156011000,여의도동,06,00,1,1149.0
20260112,여의도역,11,서울특별시,11410,서대문구,1141011000,북아현동,11,서울특별시,11560,영등포구,1156011000,여의도동,06,15,1,1231.0
20260112,여의도역,11,서울특별시,11410,서대문구,1141011000,북아현동,11,서울특별시,11560,영등포구,1156011000,여의도동,06,30,2,1477.0
20260112,여의도역,11,서울특별시,11410,서대문구,1141011000,북아현동,11,서울특별시,11560,영등포구,1156011000,여의도동,06,45,4,1331.0
20260112,여의도역,11,서울특별시,11410,서대문구,1141011000,북아현동,11,서울특별시,11560,영등포구,1156011000,여의도동,07,00,4,1231.0
20260112,여의도역,11,서울특별시,11410,서대문구,1141011000,북아현동,11,서울특별시,11560,영등포구,1156011000,여의도동,07,15,6,1288.0
20260112,여의도역,11,서울특별시,11410,서대문구,1141011000,북아현동,11,서울특별시,11560,영등포구,1156011000,여의도동,07,30,11,1487.0
20260112,여의도역,11,서울특별시,11410,서대문구,1141011000,북아현동,11,서울특별시,11560,영등포구,1156011000,여의도동,07,45,12,1491.0
20260112,여의도역,11,서울특별시,11410,서대문구,1141011000,북아현동,11,서울특별시,11560,영등포구,1156011000,여의도동,08,00,7,1511.0
20260112,여의도역,11,서울특별시,11410,서대문구,1141011000,북아현동,11,서울특별시,11560,영등포구,1156011000,여의도동,08,15,11,1291.0
20260112,여의도역,11,서울특별시,11410,서대문구,1141011000,북아현동,11,서울특별시,11560,영등포구,1156011000,여의도동,08,30,5,1281.0
20260112,여의도역,11,서울특별시,11410,서대문구,1141011000,북아현동,11,서울특별시,11560,영등포구,1156011000,여의도동,08,45,1,2069.0
20260112,여의도역,11,서울특별시,11410,서대문구,1141011000,북아현동,11,서울특별시,11560,영등포구,1156011000,여의도동,09,00,3,1120.0
20260112,여의도역,11,서울특별시,11410,서대문구,1141011000,북아현동,11,서울특별시,11560,영등포구,1156011000,여의도동,09,15,3,1198.0
20260112,여의도역,11,서울특별시,11410,서대문구,1141011000,북아현동,11,서울특별시,11560,영등포구,1156011000,여의도동,09,30,3,1288.0
20260112,여의도역,11,서울특별시,11410,서대문구,1141011000,북아현동,11,서울특별시,11560,영등포구,1156011000,여의도동,10,00,2,1549.0
20260112,여의도역,11,서울특별시,11410,서대문구,1141011000,북아현동,11,서울특별시,11560,영등포구,1156011000,여의도동,10,15,2,1429.0
20260112,여의도역,11,서울특별시,11410,서대문구,1141011000,북아현동,11,서울특별시,11560,영등포구,1156011000,여의도동,10,30,1,1633.0
20260112,여의도역,11,서울특별시,11410,서대문구,1141011000,북아현동,11,서울특별시,11560,영등포구,1156011000,여의도동,11,00,1,1142.0
20260112,여의도역,11,서울특별시,11410,서대문구,1141011000,북아현동,11,서울특별시,11560,영등포구,1156011000,여의도동,11,30,2,861.0
20260112,여의도역,11,서울특별시,11410,서대문구,1141011100,홍제동,11,서울특별시,11560,영등포구,1156011000,여의도동,06,00,2,1771.0
20260112,여의도역,11,서울특별시,11410,서대문구,1141011100,홍제동,11,서울특별시,11560,영등포구,1156011000,여의도동,06,15,5,2095.0
20260112,여의도역,11,서울특별시,11410,서대문구,1141011100,홍제동,11,서울특별시,11560,영등포구,1156011000,여의도동,06,30,21,1874.0
20260112,여의도역,11,서울특별시,11410,서대문구,1141011100,홍제동,11,서울특별시,11560,영등포구,1156011000,여의도동,06,45,27,1874.0
20260112,여의도역,11,서울특별시,11410,서대문구,1141011100,홍제동,11,서울특별시,11560,영등포구,1156011000,여의도동,07,00,37,2146.0
20260112,여의도역,11,서울특별시,11410,서대문구,1141011100,홍제동,11,서울특별시,11560,영등포구,1156011000,여의도동,07,15,40,2012.0
20260112,여의도역,11,서울특별시,11410,서대문구,1141011100,홍제동,11,서울특별시,11560,영등포구,1156011000,여의도동,07,30,37,2010.0
20260112,여의도역,11,서울특별시,11410,서대문구,1141011100,홍제동,11,서울특별시,11560,영등포구,1156011000,여의도동,07,45,34,2053.0
20260112,여의도역,11,서울특별시,11410,서대문구,1141011100,홍제동,11,서울특별시,11560,영등포구,1156011000,여의도동,08,00,40,1990.0
20260112,여의도역,11,서울특별시,11410,서대문구,1141011100,홍제동,11,서울특별시,11560,영등포구,1156011000,여의도동,08,15,17,1943.0
20260112,여의도역,11,서울특별시,11410,서대문구,1141011100,홍제동,11,서울특별시,11560,영등포구,1156011000,여의도동,08,30,7,2502.0
20260112,여의도역,11,서울특별시,11410,서대문구,1141011100,홍제동,11,서울특별시,11560,영등포구,1156011000,여의도동,08,45,14,1954.0
20260112,여의도역,11,서울특별시,11410,서대문구,1141011100,홍제동,11,서울특별시,11560,영등포구,1156011000,여의도동,09,00,11,2052.0
20260112,여의도역,11,서울특별시,11410,서대문구,1141011100,홍제동,11,서울특별시,11560,영등포구,1156011000,여의도동,09,15,11,1976.0
20260112,여의도역,11,서울특별시,11410,서대문구,1141011100,홍제동,11,서울특별시,11560,영등포구,1156011000,여의도동,09,30,6,2104.0
20260112,여의도역,11,서울특별시,11410,서대문구,1141011100,홍제동,11,서울특별시,11560,영등포구,1156011000,여의도동,09,45,2,1265.0
20260112,여의도역,11,서울특별시,11410,서대문구,1141011100,홍제동,11,서울특별시,11560,영등포구,1156011000,여의도동,10,00,2,2118.0
20260112,여의도역,11,서울특별시,11410,서대문구,1141011100,홍제동,11,서울특별시,11560,영등포구,1156011000,여의도동,10,15,3,1924.0
20260112,여의도역,11,서울특별시,11410,서대문구,1141011100,홍제동,11,서울특별시,11560,영등포구,1156011000,여의도동,10,30,7,1839.0
20260112,여의도역,11,서울특별시,11410,서대문구,1141011100,홍제동,11,서울특별시,11560,영등포구,1156011000,여의도동,10,45,5,2107.0
20260112,여의도역,11,서울특별시,11410,서대문구,1141011100,홍제동,11,서울특별시,11560,영등포구,1156011000,여의도동,11,00,1,1983.0
20260112,여의도역,11,서울특별시,11410,서대문구,1141011100,홍제동,11,서울특별시,11560,영등포구,1156011000,여의도동,11,15,1,1905.0
20260112,여의도역,11,서울특별시,11410,서대문구,1141011100,홍제동,11,서울특별시,11560,영등포구,1156011000,여의도동,11,30,4,2288.0
20260112,여의도역,11,서울특별시,11410,서대문구,1141011100,홍제동,11,서울특별시,11560,영등포구,1156011000,여의도동,11,45,1,1605.0
20260112,여의도역,11,서울특별시,11410,서대문구,1141011100,홍제동,11,서울특별시,11560,영등포구,1156011000,여의도동,12,00,2,1581.0
20260112,여의도역,11,서울특별시,11410,서대문구,1141011100,홍제동,11,서울특별시,11560,영등포구,1156011000,여의도동,12,15,3,2096.0
20260112,여의도역,11,서울특별시,11410,서대문구,1141011100,홍제동,11,서울특별시,11560,영등포구,1156011000,여의도동,12,30,1,2110.0
20260112,여의도역,11,서울특별시,11410,서대문구,1141011200,대현동,11,서울특별시,11560,영등포구,1156011000,여의도동,06,00,2,937.0
20260112,여의도역,11,서울특별시,11410,서대문구,1141011200,대현동,11,서울특별시,11560,영등포구,1156011000,여의도동,06,15,1,981.0
20260112,여의도역,11,서울특별시,11410,서대문구,1141011200,대현동,11,서울특별시,11560,영등포구,1156011000,여의도동,06,45,2,1101.0
20260112,여의도역,11,서울특별시,11410,서대문구,1141011200,대현동,11,서울특별시,11560,영등포구,1156011000,여의도동,07,00,5,1039.0
20260112,여의도역,11,서울특별시,11410,서대문구,1141011200,대현동,11,서울특별시,11560,영등포구,1156011000,여의도동,07,15,6,1316.0
20260112,여의도역,11,서울특별시,11410,서대문구,1141011200,대현동,11,서울특별시,11560,영등포구,1156011000,여의도동,07,30,1,820.0
20260112,여의도역,11,서울특별시,11410,서대문구,1141011200,대현동,11,서울특별시,11560,영등포구,1156011000,여의도동,07,45,12,1010.0
20260112,여의도역,11,서울특별시,11410,서대문구,1141011200,대현동,11,서울특별시,11560,영등포구,1156011000,여의도동,08,00,15,1175.0
20260112,여의도역,11,서울특별시,11410,서대문구,1141011200,대현동,11,서울특별시,11560,영등포구,1156011000,여의도동,08,15,11,995.0
20260112,여의도역,11,서울특별시,11410,서대문구,1141011200,대현동,11,서울특별시,11560,영등포구,1156011000,여의도동,08,30,4,935.0
20260112,여의도역,11,서울특별시,11410,서대문구,1141011200,대현동,11,서울특별시,11560,영등포구,1156011000,여의도동,08,45,3,1051.0
20260112,여의도역,11,서울특별시,11410,서대문구,1141011200,대현동,11,서울특별시,11560,영등포구,1156011000,여의도동,09,00,4,924.0
20260112,여의도역,11,서울특별시,11410,서대문구,1141011200,대현동,11,서울특별시,11560,영등포구,1156011000,여의도동,09,15,1,903.0
20260112,여의도역,11,서울특별시,11410,서대문구,1141011200,대현동,11,서울특별시,11560,영등포구,1156011000,여의도동,09,30,4,1102.0
20260112,여의도역,11,서울특별시,11410,서대문구,1141011200,대현동,11,서울특별시,11560,영등포구,1156011000,여의도동,09,45,1,1060.0
20260112,여의도역,11,서울특별시,11410,서대문구,1141011200,대현동,11,서울특별시,11560,영등포구,1156011000,여의도동,10,00,5,919.0
20260112,여의도역,11,서울특별시,11410,서대문구,1141011200,대현동,11,서울특별시,11560,영등포구,1156011000,여의도동,10,15,2,948.0
20260112,여의도역,11,서울특별시,11410,서대문구,1141011200,대현동,11,서울특별시,11560,영등포구,1156011000,여의도동,10,30,1,774.0
20260112,여의도역,11,서울특별시,11410,서대문구,1141011200,대현동,11,서울특별시,11560,영등포구,1156011000,여의도동,10,45,1,847.0
20260112,여의도역,11,서울특별시,11410,서대문구,1141011200,대현동,11,서울특별시,11560,영등포구,1156011000,여의도동,11,00,2,684.0
20260112,여의도역,11,서울특별시,11410,서대문구,1141011200,대현동,11,서울특별시,11560,영등포구,1156011000,여의도동,11,15,1,646.0
20260112,여의도역,11,서울특별시,11410,서대문구,1141011200,대현동,11,서울특별시,11560,영등포구,1156011000,여의도동,11,30,3,917.0
20260112,여의도역,11,서울특별시,11410,서대문구,1141011200,대현동,11,서울특별시,11560,영등포구,1156011000,여의도동,11,45,1,1161.0
20260112,여의도역,11,서울특별시,11410,서대문구,1141011200,대현동,11,서울특별시,11560,영등포구,1156011000,여의도동,12,00,3,762.0
20260112,여의도역,11,서울특별시,11410,서대문구,1141011200,대현동,11,서울특별시,11560,영등포구,1156011000,여의도동,12,15,3,1045.0
20260112,여의도역,11,서울특별시,11410,서대문구,1141011200,대현동,11,서울특별시,11560,영등포구,1156011000,여의도동,12,45,4,950.0
20260112,여의도역,11,서울특별시,11410,서대문구,1141011300,대신동,11,서울특별시,11560,영등포구,1156011000,여의도동,06,00,2,1581.0
20260112,여의도역,11,서울특별시,11410,서대문구,1141011300,대신동,11,서울특별시,11560,영등포구,1156011000,여의도동,07,30,1,1985.0
20260112,여의도역,11,서울특별시,11410,서대문구,1141011300,대신동,11,서울특별시,11560,영등포구,1156011000,여의도동,07,45,1,1643.0
20260112,여의도역,11,서울특별시,11410,서대문구,1141011300,대신동,11,서울특별시,11560,영등포구,1156011000,여의도동,08,00,2,1502.0
20260112,여의도역,11,서울특별시,11410,서대문구,1141011300,대신동,11,서울특별시,11560,영등포구,1156011000,여의도동,08,15,3,1340.0
20260112,여의도역,11,서울특별시,11410,서대문구,1141011300,대신동,11,서울특별시,11560,영등포구,1156011000,여의도동,08,30,1,1035.0
20260112,여의도역,11,서울특별시,11410,서대문구,1141011300,대신동,11,서울특별시,11560,영등포구,1156011000,여의도동,09,30,1,1237.0
20260112,여의도역,11,서울특별시,11410,서대문구,1141011300,대신동,11,서울특별시,11560,영등포구,1156011000,여의도동,12,30,1,2073.0
20260112,여의도역,11,서울특별시,11410,서대문구,1141011300,대신동,11,서울특별시,11560,영등포구,1156011000,여의도동,12,45,1,1224.0
20260112,여의도역,11,서울특별시,11410,서대문구,1141011400,신촌동,11,서울특별시,11560,영등포구,1156011000,여의도동,10,45,1,1085.0
20260112,여의도역,11,서울특별시,11410,서대문구,1141011400,신촌동,11,서울특별시,11560,영등포구,1156011000,여의도동,11,00,1,780.0
20260112,여의도역,11,서울특별시,11410,서대문구,1141011400,신촌동,11,서울특별시,11560,영등포구,1156011000,여의도동,12,30,1,5279.0
20260112,여의도역,11,서울특별시,11410,서대문구,1141011600,창천동,11,서울특별시,11560,영등포구,1156011000,여의도동,06,15,4,682.0
20260112,여의도역,11,서울특별시,11410,서대문구,1141011600,창천동,11,서울특별시,11560,영등포구,1156011000,여의도동,06,30,2,1197.0
20260112,여의도역,11,서울특별시,11410,서대문구,1141011600,창천동,11,서울특별시,11560,영등포구,1156011000,여의도동,06,45,3,877.0
20260112,여의도역,11,서울특별시,11410,서대문구,1141011600,창천동,11,서울특별시,11560,영등포구,1156011000,여의도동,07,00,12,1163.0
20260112,여의도역,11,서울특별시,11410,서대문구,1141011600,창천동,11,서울특별시,11560,영등포구,1156011000,여의도동,07,15,10,1055.0
20260112,여의도역,11,서울특별시,11410,서대문구,1141011600,창천동,11,서울특별시,11560,영등포구,1156011000,여의도동,07,30,5,895.0
20260112,여의도역,11,서울특별시,11410,서대문구,1141011600,창천동,11,서울특별시,11560,영등포구,1156011000,여의도동,07,45,13,895.0
20260112,여의도역,11,서울특별시,11410,서대문구,1141011600,창천동,11,서울특별시,11560,영등포구,1156011000,여의도동,08,00,13,1230.0
20260112,여의도역,11,서울특별시,11410,서대문구,1141011600,창천동,11,서울특별시,11560,영등포구,1156011000,여의도동,08,15,19,1149.0
20260112,여의도역,11,서울특별시,11410,서대문구,1141011600,창천동,11,서울특별시,11560,영등포구,1156011000,여의도동,08,30,12,995.0
20260112,여의도역,11,서울특별시,11410,서대문구,1141011600,창천동,11,서울특별시,11560,영등포구,1156011000,여의도동,08,45,10,1001.0
20260112,여의도역,11,서울특별시,11410,서대문구,1141011600,창천동,11,서울특별시,11560,영등포구,1156011000,여의도동,09,00,4,946.0
20260112,여의도역,11,서울특별시,11410,서대문구,1141011600,창천동,11,서울특별시,11560,영등포구,1156011000,여의도동,09,15,3,1381.0
20260112,여의도역,11,서울특별시,11410,서대문구,1141011600,창천동,11,서울특별시,11560,영등포구,1156011000,여의도동,09,30,5,1284.0
20260112,여의도역,11,서울특별시,11410,서대문구,1141011600,창천동,11,서울특별시,11560,영등포구,1156011000,여의도동,09,45,5,1185.0
20260112,여의도역,11,서울특별시,11410,서대문구,1141011600,창천동,11,서울특별시,11560,영등포구,1156011000,여의도동,10,00,4,869.0
20260112,여의도역,11,서울특별시,11410,서대문구,1141011600,창천동,11,서울특별시,11560,영등포구,1156011000,여의도동,10,15,7,1353.0
20260112,여의도역,11,서울특별시,11410,서대문구,1141011600,창천동,11,서울특별시,11560,영등포구,1156011000,여의도동,10,30,1,1031.0
20260112,여의도역,11,서울특별시,11410,서대문구,1141011600,창천동,11,서울특별시,11560,영등포구,1156011000,여의도동,10,45,1,1465.0
20260112,여의도역,11,서울특별시,11410,서대문구,1141011600,창천동,11,서울특별시,11560,영등포구,1156011000,여의도동,11,00,3,1488.0
20260112,여의도역,11,서울특별시,11410,서대문구,1141011600,창천동,11,서울특별시,11560,영등포구,1156011000,여의도동,11,15,4,1384.0
20260112,여의도역,11,서울특별시,11410,서대문구,1141011600,창천동,11,서울특별시,11560,영등포구,1156011000,여의도동,11,30,3,1290.0
20260112,여의도역,11,서울특별시,11410,서대문구,1141011600,창천동,11,서울특별시,11560,영등포구,1156011000,여의도동,11,45,3,1399.0
20260112,여의도역,11,서울특별시,11410,서대문구,1141011600,창천동,11,서울특별시,11560,영등포구,1156011000,여의도동,12,00,6,1025.0
20260112,여의도역,11,서울특별시,11410,서대문구,1141011600,창천동,11,서울특별시,11560,영등포구,1156011000,여의도동,12,15,2,772.0
20260112,여의도역,11,서울특별시,11410,서대문구,1141011600,창천동,11,서울특별시,11560,영등포구,1156011000,여의도동,12,30,2,912.0
20260112,여의도역,11,서울특별시,11410,서대문구,1141011600,창천동,11,서울특별시,11560,영등포구,1156011000,여의도동,12,45,6,1364.0
20260112,여의도역,11,서울특별시,11410,서대문구,1141011700,연희동,11,서울특별시,11560,영등포구,1156011000,여의도동,06,00,3,1788.0
20260112,여의도역,11,서울특별시,11410,서대문구,1141011700,연희동,11,서울특별시,11560,영등포구,1156011000,여의도동,06,15,5,1241.0
20260112,여의도역,11,서울특별시,11410,서대문구,1141011700,연희동,11,서울특별시,11560,영등포구,1156011000,여의도동,06,30,6,1515.0
20260112,여의도역,11,서울특별시,11410,서대문구,1141011700,연희동,11,서울특별시,11560,영등포구,1156011000,여의도동,06,45,7,1717.0
20260112,여의도역,11,서울특별시,11410,서대문구,1141011700,연희동,11,서울특별시,11560,영등포구,1156011000,여의도동,07,00,14,1809.0
20260112,여의도역,11,서울특별시,11410,서대문구,1141011700,연희동,11,서울특별시,11560,영등포구,1156011000,여의도동,07,15,15,1647.0
20260112,여의도역,11,서울특별시,11410,서대문구,1141011700,연희동,11,서울특별시,11560,영등포구,1156011000,여의도동,07,30,17,1951.0
20260112,여의도역,11,서울특별시,11410,서대문구,1141011700,연희동,11,서울특별시,11560,영등포구,1156011000,여의도동,07,45,21,1851.0
20260112,여의도역,11,서울특별시,11410,서대문구,1141011700,연희동,11,서울특별시,11560,영등포구,1156011000,여의도동,08,00,15,1728.0
20260112,여의도역,11,서울특별시,11410,서대문구,1141011700,연희동,11,서울특별시,11560,영등포구,1156011000,여의도동,08,15,12,1818.0
20260112,여의도역,11,서울특별시,11410,서대문구,1141011700,연희동,11,서울특별시,11560,영등포구,1156011000,여의도동,08,30,9,1798.0
20260112,여의도역,11,서울특별시,11410,서대문구,1141011700,연희동,11,서울특별시,11560,영등포구,1156011000,여의도동,08,45,6,2009.0
20260112,여의도역,11,서울특별시,11410,서대문구,1141011700,연희동,11,서울특별시,11560,영등포구,1156011000,여의도동,09,00,8,1599.0
20260112,여의도역,11,서울특별시,11410,서대문구,1141011700,연희동,11,서울특별시,11560,영등포구,1156011000,여의도동,09,15,9,1654.0
20260112,여의도역,11,서울특별시,11410,서대문구,1141011700,연희동,11,서울특별시,11560,영등포구,1156011000,여의도동,09,30,5,2018.0
20260112,여의도역,11,서울특별시,11410,서대문구,1141011700,연희동,11,서울특별시,11560,영등포구,1156011000,여의도동,09,45,2,1894.0
20260112,여의도역,11,서울특별시,11410,서대문구,1141011700,연희동,11,서울특별시,11560,영등포구,1156011000,여의도동,10,15,4,1836.0
20260112,여의도역,11,서울특별시,11410,서대문구,1141011700,연희동,11,서울특별시,11560,영등포구,1156011000,여의도동,10,30,2,1483.0
20260112,여의도역,11,서울특별시,11410,서대문구,1141011700,연희동,11,서울특별시,11560,영등포구,1156011000,여의도동,10,45,5,1500.0
20260112,여의도역,11,서울특별시,11410,서대문구,1141011700,연희동,11,서울특별시,11560,영등포구,1156011000,여의도동,11,00,3,2969.0
20260112,여의도역,11,서울특별시,11410,서대문구,1141011700,연희동,11,서울특별시,11560,영등포구,1156011000,여의도동,11,15,2,1260.0
20260112,여의도역,11,서울특별시,11410,서대문구,1141011700,연희동,11,서울특별시,11560,영등포구,1156011000,여의도동,11,30,5,1441.0
20260112,여의도역,11,서울특별시,11410,서대문구,1141011700,연희동,11,서울특별시,11560,영등포구,1156011000,여의도동,11,45,2,1641.0
20260112,여의도역,11,서울특별시,11410,서대문구,1141011700,연희동,11,서울특별시,11560,영등포구,1156011000,여의도동,12,00,2,1530.0
20260112,여의도역,11,서울특별시,11410,서대문구,1141011700,연희동,11,서울특별시,11560,영등포구,1156011000,여의도동,12,15,5,1420.0
20260112,여의도역,11,서울특별시,11410,서대문구,1141011700,연희동,11,서울특별시,11560,영등포구,1156011000,여의도동,12,45,4,1872.0
20260112,여의도역,11,서울특별시,11410,서대문구,1141011800,홍은동,11,서울특별시,11560,영등포구,1156011000,여의도동,06,00,5,2336.0
20260112,여의도역,11,서울특별시,11410,서대문구,1141011800,홍은동,11,서울특별시,11560,영등포구,1156011000,여의도동,06,15,4,2024.0
20260112,여의도역,11,서울특별시,11410,서대문구,1141011800,홍은동,11,서울특별시,11560,영등포구,1156011000,여의도동,06,30,10,2694.0
20260112,여의도역,11,서울특별시,11410,서대문구,1141011800,홍은동,11,서울특별시,11560,영등포구,1156011000,여의도동,06,45,18,2467.0
20260112,여의도역,11,서울특별시,11410,서대문구,1141011800,홍은동,11,서울특별시,11560,영등포구,1156011000,여의도동,07,00,23,2253.0
20260112,여의도역,11,서울특별시,11410,서대문구,1141011800,홍은동,11,서울특별시,11560,영등포구,1156011000,여의도동,07,15,16,2560.0
20260112,여의도역,11,서울특별시,11410,서대문구,1141011800,홍은동,11,서울특별시,11560,영등포구,1156011000,여의도동,07,30,32,2417.0
20260112,여의도역,11,서울특별시,11410,서대문구,1141011800,홍은동,11,서울특별시,11560,영등포구,1156011000,여의도동,07,45,30,2431.0
20260112,여의도역,11,서울특별시,11410,서대문구,1141011800,홍은동,11,서울특별시,11560,영등포구,1156011000,여의도동,08,00,16,2278.0
20260112,여의도역,11,서울특별시,11410,서대문구,1141011800,홍은동,11,서울특별시,11560,영등포구,1156011000,여의도동,08,15,11,2620.0
20260112,여의도역,11,서울특별시,11410,서대문구,1141011800,홍은동,11,서울특별시,11560,영등포구,1156011000,여의도동,08,30,6,2161.0
20260112,여의도역,11,서울특별시,11410,서대문구,1141011800,홍은동,11,서울특별시,11560,영등포구,1156011000,여의도동,08,45,8,2825.0
20260112,여의도역,11,서울특별시,11410,서대문구,1141011800,홍은동,11,서울특별시,11560,영등포구,1156011000,여의도동,09,00,6,2149.0
20260112,여의도역,11,서울특별시,11410,서대문구,1141011800,홍은동,11,서울특별시,11560,영등포구,1156011000,여의도동,09,15,7,2547.0
20260112,여의도역,11,서울특별시,11410,서대문구,1141011800,홍은동,11,서울특별시,11560,영등포구,1156011000,여의도동,09,30,4,2577.0
20260112,여의도역,11,서울특별시,11410,서대문구,1141011800,홍은동,11,서울특별시,11560,영등포구,1156011000,여의도동,09,45,3,2686.0
20260112,여의도역,11,서울특별시,11410,서대문구,1141011800,홍은동,11,서울특별시,11560,영등포구,1156011000,여의도동,10,00,4,2247.0
20260112,여의도역,11,서울특별시,11410,서대문구,1141011800,홍은동,11,서울특별시,11560,영등포구,1156011000,여의도동,10,15,3,2030.0
20260112,여의도역,11,서울특별시,11410,서대문구,1141011800,홍은동,11,서울특별시,11560,영등포구,1156011000,여의도동,10,30,2,2059.0
20260112,여의도역,11,서울특별시,11410,서대문구,1141011800,홍은동,11,서울특별시,11560,영등포구,1156011000,여의도동,10,45,1,1993.0
20260112,여의도역,11,서울특별시,11410,서대문구,1141011800,홍은동,11,서울특별시,11560,영등포구,1156011000,여의도동,11,00,5,2164.0
20260112,여의도역,11,서울특별시,11410,서대문구,1141011800,홍은동,11,서울특별시,11560,영등포구,1156011000,여의도동,11,30,2,2556.0
20260112,여의도역,11,서울특별시,11410,서대문구,1141011800,홍은동,11,서울특별시,11560,영등포구,1156011000,여의도동,11,45,1,1739.0
20260112,여의도역,11,서울특별시,11410,서대문구,1141011800,홍은동,11,서울특별시,11560,영등포구,1156011000,여의도동,12,00,1,2945.0
20260112,여의도역,11,서울특별시,11410,서대문구,1141011800,홍은동,11,서울특별시,11560,영등포구,1156011000,여의도동,12,30,3,2279.0
20260112,여의도역,11,서울특별시,11410,서대문구,1141011800,홍은동,11,서울특별시,11560,영등포구,1156011000,여의도동,12,45,1,2070.0
20260112,여의도역,11,서울특별시,11410,서대문구,1141011900,북가좌동,11,서울특별시,11560,영등포구,1156011000,여의도동,06,00,1,1568.0
20260112,여의도역,11,서울특별시,11410,서대문구,1141011900,북가좌동,11,서울특별시,11560,영등포구,1156011000,여의도동,06,15,4,1773.0
20260112,여의도역,11,서울특별시,11410,서대문구,1141011900,북가좌동,11,서울특별시,11560,영등포구,1156011000,여의도동,06,30,13,2144.0
20260112,여의도역,11,서울특별시,11410,서대문구,1141011900,북가좌동,11,서울특별시,11560,영등포구,1156011000,여의도동,06,45,11,2408.0
20260112,여의도역,11,서울특별시,11410,서대문구,1141011900,북가좌동,11,서울특별시,11560,영등포구,1156011000,여의도동,07,00,15,2193.0
20260112,여의도역,11,서울특별시,11410,서대문구,1141011900,북가좌동,11,서울특별시,11560,영등포구,1156011000,여의도동,07,15,22,1996.0
20260112,여의도역,11,서울특별시,11410,서대문구,1141011900,북가좌동,11,서울특별시,11560,영등포구,1156011000,여의도동,07,30,10,2164.0
20260112,여의도역,11,서울특별시,11410,서대문구,1141011900,북가좌동,11,서울특별시,11560,영등포구,1156011000,여의도동,07,45,19,2083.0
20260112,여의도역,11,서울특별시,11410,서대문구,1141011900,북가좌동,11,서울특별시,11560,영등포구,1156011000,여의도동,08,00,14,1888.0
20260112,여의도역,11,서울특별시,11410,서대문구,1141011900,북가좌동,11,서울특별시,11560,영등포구,1156011000,여의도동,08,15,11,1882.0
20260112,여의도역,11,서울특별시,11410,서대문구,1141011900,북가좌동,11,서울특별시,11560,영등포구,1156011000,여의도동,08,30,11,2088.0
20260112,여의도역,11,서울특별시,11410,서대문구,1141011900,북가좌동,11,서울특별시,11560,영등포구,1156011000,여의도동,08,45,8,2172.0
20260112,여의도역,11,서울특별시,11410,서대문구,1141011900,북가좌동,11,서울특별시,11560,영등포구,1156011000,여의도동,09,00,2,1846.0
20260112,여의도역,11,서울특별시,11410,서대문구,1141011900,북가좌동,11,서울특별시,11560,영등포구,1156011000,여의도동,09,15,7,2023.0
20260112,여의도역,11,서울특별시,11410,서대문구,1141011900,북가좌동,11,서울특별시,11560,영등포구,1156011000,여의도동,09,30,3,1893.0
20260112,여의도역,11,서울특별시,11410,서대문구,1141011900,북가좌동,11,서울특별시,11560,영등포구,1156011000,여의도동,09,45,2,2489.0
20260112,여의도역,11,서울특별시,11410,서대문구,1141011900,북가좌동,11,서울특별시,11560,영등포구,1156011000,여의도동,10,00,3,2066.0
20260112,여의도역,11,서울특별시,11410,서대문구,1141011900,북가좌동,11,서울특별시,11560,영등포구,1156011000,여의도동,10,15,1,2552.0
20260112,여의도역,11,서울특별시,11410,서대문구,1141011900,북가좌동,11,서울특별시,11560,영등포구,1156011000,여의도동,10,30,4,2113.0
20260112,여의도역,11,서울특별시,11410,서대문구,1141011900,북가좌동,11,서울특별시,11560,영등포구,1156011000,여의도동,10,45,2,2778.0
20260112,여의도역,11,서울특별시,11410,서대문구,1141011900,북가좌동,11,서울특별시,11560,영등포구,1156011000,여의도동,11,00,2,1599.0
20260112,여의도역,11,서울특별시,11410,서대문구,1141011900,북가좌동,11,서울특별시,11560,영등포구,1156011000,여의도동,11,30,1,2513.0
20260112,여의도역,11,서울특별시,11410,서대문구,1141011900,북가좌동,11,서울특별시,11560,영등포구,1156011000,여의도동,11,45,1,2319.0
20260112,여의도역,11,서울특별시,11410,서대문구,1141011900,북가좌동,11,서울특별시,11560,영등포구,1156011000,여의도동,12,00,1,1884.0
20260112,여의도역,11,서울특별시,11410,서대문구,1141011900,북가좌동,11,서울특별시,11560,영등포구,1156011000,여의도동,12,30,1,1520.0
20260112,여의도역,11,서울특별시,11410,서대문구,1141011900,북가좌동,11,서울특별시,11560,영등포구,1156011000,여의도동,12,45,1,1733.0
20260112,여의도역,11,서울특별시,11410,서대문구,1141012000,남가좌동,11,서울특별시,11560,영등포구,1156011000,여의도동,06,00,7,1885.0
20260112,여의도역,11,서울특별시,11410,서대문구,1141012000,남가좌동,11,서울특별시,11560,영등포구,1156011000,여의도동,06,15,10,1846.0
20260112,여의도역,11,서울특별시,11410,서대문구,1141012000,남가좌동,11,서울특별시,11560,영등포구,1156011000,여의도동,06,30,16,2009.0
20260112,여의도역,11,서울특별시,11410,서대문구,1141012000,남가좌동,11,서울특별시,11560,영등포구,1156011000,여의도동,06,45,39,2231.0
20260112,여의도역,11,서울특별시,11410,서대문구,1141012000,남가좌동,11,서울특별시,11560,영등포구,1156011000,여의도동,07,00,45,2109.0
20260112,여의도역,11,서울특별시,11410,서대문구,1141012000,남가좌동,11,서울특별시,11560,영등포구,1156011000,여의도동,07,15,22,2145.0
20260112,여의도역,11,서울특별시,11410,서대문구,1141012000,남가좌동,11,서울특별시,11560,영등포구,1156011000,여의도동,07,30,33,2157.0
20260112,여의도역,11,서울특별시,11410,서대문구,1141012000,남가좌동,11,서울특별시,11560,영등포구,1156011000,여의도동,07,45,40,2077.0
20260112,여의도역,11,서울특별시,11410,서대문구,1141012000,남가좌동,11,서울특별시,11560,영등포구,1156011000,여의도동,08,00,29,2056.0
20260112,여의도역,11,서울특별시,11410,서대문구,1141012000,남가좌동,11,서울특별시,11560,영등포구,1156011000,여의도동,08,15,15,1933.0
20260112,여의도역,11,서울특별시,11410,서대문구,1141012000,남가좌동,11,서울특별시,11560,영등포구,1156011000,여의도동,08,30,7,2341.0
20260112,여의도역,11,서울특별시,11410,서대문구,1141012000,남가좌동,11,서울특별시,11560,영등포구,1156011000,여의도동,08,45,6,2249.0
20260112,여의도역,11,서울특별시,11410,서대문구,1141012000,남가좌동,11,서울특별시,11560,영등포구,1156011000,여의도동,09,00,12,2100.0
20260112,여의도역,11,서울특별시,11410,서대문구,1141012000,남가좌동,11,서울특별시,11560,영등포구,1156011000,여의도동,09,15,8,2083.0
20260112,여의도역,11,서울특별시,11410,서대문구,1141012000,남가좌동,11,서울특별시,11560,영등포구,1156011000,여의도동,09,30,2,2312.0
20260112,여의도역,11,서울특별시,11410,서대문구,1141012000,남가좌동,11,서울특별시,11560,영등포구,1156011000,여의도동,09,45,7,2004.0
20260112,여의도역,11,서울특별시,11410,서대문구,1141012000,남가좌동,11,서울특별시,11560,영등포구,1156011000,여의도동,10,00,3,1946.0
20260112,여의도역,11,서울특별시,11410,서대문구,1141012000,남가좌동,11,서울특별시,11560,영등포구,1156011000,여의도동,10,15,3,2139.0
20260112,여의도역,11,서울특별시,11410,서대문구,1141012000,남가좌동,11,서울특별시,11560,영등포구,1156011000,여의도동,10,30,3,2011.0
20260112,여의도역,11,서울특별시,11410,서대문구,1141012000,남가좌동,11,서울특별시,11560,영등포구,1156011000,여의도동,10,45,2,1982.0
20260112,여의도역,11,서울특별시,11410,서대문구,1141012000,남가좌동,11,서울특별시,11560,영등포구,1156011000,여의도동,11,00,1,1704.0
20260112,여의도역,11,서울특별시,11410,서대문구,1141012000,남가좌동,11,서울특별시,11560,영등포구,1156011000,여의도동,11,15,2,1617.0
20260112,여의도역,11,서울특별시,11410,서대문구,1141012000,남가좌동,11,서울특별시,11560,영등포구,1156011000,여의도동,11,30,5,2203.0
20260112,여의도역,11,서울특별시,11410,서대문구,1141012000,남가좌동,11,서울특별시,11560,영등포구,1156011000,여의도동,12,00,7,2421.0
20260112,여의도역,11,서울특별시,11410,서대문구,1141012000,남가좌동,11,서울특별시,11560,영등포구,1156011000,여의도동,12,15,2,1578.0
20260112,여의도역,11,서울특별시,11410,서대문구,1141012000,남가좌동,11,서울특별시,11560,영등포구,1156011000,여의도동,12,30,1,1701.0
20260112,여의도역,11,서울특별시,11410,서대문구,1141012000,남가좌동,11,서울특별시,11560,영등포구,1156011000,여의도동,12,45,2,2355.0
20260112,여의도역,11,서울특별시,11440,마포구,1144010100,아현동,11,서울특별시,11560,영등포구,1156011000,여의도동,06,00,6,881.0
20260112,여의도역,11,서울특별시,11440,마포구,1144010100,아현동,11,서울특별시,11560,영등포구,1156011000,여의도동,06,15,4,872.0
20260112,여의도역,11,서울특별시,11440,마포구,1144010100,아현동,11,서울특별시,11560,영등포구,1156011000,여의도동,06,30,19,824.0
20260112,여의도역,11,서울특별시,11440,마포구,1144010100,아현동,11,서울특별시,11560,영등포구,1156011000,여의도동,06,45,19,820.0
20260112,여의도역,11,서울특별시,11440,마포구,1144010100,아현동,11,서울특별시,11560,영등포구,1156011000,여의도동,07,00,43,837.0
20260112,여의도역,11,서울특별시,11440,마포구,1144010100,아현동,11,서울특별시,11560,영등포구,1156011000,여의도동,07,15,108,821.0
20260112,여의도역,11,서울특별시,11440,마포구,1144010100,아현동,11,서울특별시,11560,영등포구,1156011000,여의도동,07,30,167,844.0
20260112,여의도역,11,서울특별시,11440,마포구,1144010100,아현동,11,서울특별시,11560,영등포구,1156011000,여의도동,07,45,101,868.0
20260112,여의도역,11,서울특별시,11440,마포구,1144010100,아현동,11,서울특별시,11560,영등포구,1156011000,여의도동,08,00,117,857.0
20260112,여의도역,11,서울특별시,11440,마포구,1144010100,아현동,11,서울특별시,11560,영등포구,1156011000,여의도동,08,15,115,802.0
20260112,여의도역,11,서울특별시,11440,마포구,1144010100,아현동,11,서울특별시,11560,영등포구,1156011000,여의도동,08,30,97,773.0
20260112,여의도역,11,서울특별시,11440,마포구,1144010100,아현동,11,서울특별시,11560,영등포구,1156011000,여의도동,08,45,57,801.0
20260112,여의도역,11,서울특별시,11440,마포구,1144010100,아현동,11,서울특별시,11560,영등포구,1156011000,여의도동,09,00,41,788.0
20260112,여의도역,11,서울특별시,11440,마포구,1144010100,아현동,11,서울특별시,11560,영등포구,1156011000,여의도동,09,15,34,846.0
20260112,여의도역,11,서울특별시,11440,마포구,1144010100,아현동,11,서울특별시,11560,영등포구,1156011000,여의도동,09,30,26,789.0
20260112,여의도역,11,서울특별시,11440,마포구,1144010100,아현동,11,서울특별시,11560,영등포구,1156011000,여의도동,09,45,19,880.0
20260112,여의도역,11,서울특별시,11440,마포구,1144010100,아현동,11,서울특별시,11560,영등포구,1156011000,여의도동,10,00,7,865.0
20260112,여의도역,11,서울특별시,11440,마포구,1144010100,아현동,11,서울특별시,11560,영등포구,1156011000,여의도동,10,15,15,706.0
20260112,여의도역,11,서울특별시,11440,마포구,1144010100,아현동,11,서울특별시,11560,영등포구,1156011000,여의도동,10,30,8,899.0
20260112,여의도역,11,서울특별시,11440,마포구,1144010100,아현동,11,서울특별시,11560,영등포구,1156011000,여의도동,10,45,12,724.0
20260112,여의도역,11,서울특별시,11440,마포구,1144010100,아현동,11,서울특별시,11560,영등포구,1156011000,여의도동,11,00,17,813.0
20260112,여의도역,11,서울특별시,11440,마포구,1144010100,아현동,11,서울특별시,11560,영등포구,1156011000,여의도동,11,15,10,958.0
20260112,여의도역,11,서울특별시,11440,마포구,1144010100,아현동,11,서울특별시,11560,영등포구,1156011000,여의도동,11,30,9,842.0
20260112,여의도역,11,서울특별시,11440,마포구,1144010100,아현동,11,서울특별시,11560,영등포구,1156011000,여의도동,11,45,10,875.0
20260112,여의도역,11,서울특별시,11440,마포구,1144010100,아현동,11,서울특별시,11560,영등포구,1156011000,여의도동,12,00,10,1277.0
20260112,여의도역,11,서울특별시,11440,마포구,1144010100,아현동,11,서울특별시,11560,영등포구,1156011000,여의도동,12,15,10,723.0
20260112,여의도역,11,서울특별시,11440,마포구,1144010100,아현동,11,서울특별시,11560,영등포구,1156011000,여의도동,12,30,11,834.0
20260112,여의도역,11,서울특별시,11440,마포구,1144010100,아현동,11,서울특별시,11560,영등포구,1156011000,여의도동,12,45,12,716.0
20260112,여의도역,11,서울특별시,11440,마포구,1144010200,공덕동,11,서울특별시,11560,영등포구,1156011000,여의도동,06,00,4,964.0
20260112,여의도역,11,서울특별시,11440,마포구,1144010200,공덕동,11,서울특별시,11560,영등포구,1156011000,여의도동,06,15,14,561.0
20260112,여의도역,11,서울특별시,11440,마포구,1144010200,공덕동,11,서울특별시,11560,영등포구,1156011000,여의도동,06,30,11,747.0
20260112,여의도역,11,서울특별시,11440,마포구,1144010200,공덕동,11,서울특별시,11560,영등포구,1156011000,여의도동,06,45,15,675.0
20260112,여의도역,11,서울특별시,11440,마포구,1144010200,공덕동,11,서울특별시,11560,영등포구,1156011000,여의도동,07,00,30,617.0
20260112,여의도역,11,서울특별시,11440,마포구,1144010200,공덕동,11,서울특별시,11560,영등포구,1156011000,여의도동,07,15,70,598.0
20260112,여의도역,11,서울특별시,11440,마포구,1144010200,공덕동,11,서울특별시,11560,영등포구,1156011000,여의도동,07,30,139,673.0
20260112,여의도역,11,서울특별시,11440,마포구,1144010200,공덕동,11,서울특별시,11560,영등포구,1156011000,여의도동,07,45,86,711.0
20260112,여의도역,11,서울특별시,11440,마포구,1144010200,공덕동,11,서울특별시,11560,영등포구,1156011000,여의도동,08,00,98,668.0
20260112,여의도역,11,서울특별시,11440,마포구,1144010200,공덕동,11,서울특별시,11560,영등포구,1156011000,여의도동,08,15,113,696.0
20260112,여의도역,11,서울특별시,11440,마포구,1144010200,공덕동,11,서울특별시,11560,영등포구,1156011000,여의도동,08,30,129,611.0
20260112,여의도역,11,서울특별시,11440,마포구,1144010200,공덕동,11,서울특별시,11560,영등포구,1156011000,여의도동,08,45,55,578.0
20260112,여의도역,11,서울특별시,11440,마포구,1144010200,공덕동,11,서울특별시,11560,영등포구,1156011000,여의도동,09,00,46,758.0
20260112,여의도역,11,서울특별시,11440,마포구,1144010200,공덕동,11,서울특별시,11560,영등포구,1156011000,여의도동,09,15,33,587.0
20260112,여의도역,11,서울특별시,11440,마포구,1144010200,공덕동,11,서울특별시,11560,영등포구,1156011000,여의도동,09,30,34,590.0
20260112,여의도역,11,서울특별시,11440,마포구,1144010200,공덕동,11,서울특별시,11560,영등포구,1156011000,여의도동,09,45,18,662.0
20260112,여의도역,11,서울특별시,11440,마포구,1144010200,공덕동,11,서울특별시,11560,영등포구,1156011000,여의도동,10,00,9,608.0
20260112,여의도역,11,서울특별시,11440,마포구,1144010200,공덕동,11,서울특별시,11560,영등포구,1156011000,여의도동,10,15,9,698.0
20260112,여의도역,11,서울특별시,11440,마포구,1144010200,공덕동,11,서울특별시,11560,영등포구,1156011000,여의도동,10,30,8,636.0
20260112,여의도역,11,서울특별시,11440,마포구,1144010200,공덕동,11,서울특별시,11560,영등포구,1156011000,여의도동,10,45,24,564.0
20260112,여의도역,11,서울특별시,11440,마포구,1144010200,공덕동,11,서울특별시,11560,영등포구,1156011000,여의도동,11,00,18,692.0
20260112,여의도역,11,서울특별시,11440,마포구,1144010200,공덕동,11,서울특별시,11560,영등포구,1156011000,여의도동,11,15,25,687.0
20260112,여의도역,11,서울특별시,11440,마포구,1144010200,공덕동,11,서울특별시,11560,영등포구,1156011000,여의도동,11,30,22,865.0
20260112,여의도역,11,서울특별시,11440,마포구,1144010200,공덕동,11,서울특별시,11560,영등포구,1156011000,여의도동,11,45,25,694.0
20260112,여의도역,11,서울특별시,11440,마포구,1144010200,공덕동,11,서울특별시,11560,영등포구,1156011000,여의도동,12,00,25,710.0
20260112,여의도역,11,서울특별시,11440,마포구,1144010200,공덕동,11,서울특별시,11560,영등포구,1156011000,여의도동,12,15,27,582.0
20260112,여의도역,11,서울특별시,11440,마포구,1144010200,공덕동,11,서울특별시,11560,영등포구,1156011000,여의도동,12,30,31,674.0
20260112,여의도역,11,서울특별시,11440,마포구,1144010200,공덕동,11,서울특별시,11560,영등포구,1156011000,여의도동,12,45,32,625.0
20260112,여의도역,11,서울특별시,11440,마포구,1144010300,신공덕동,11,서울특별시,11560,영등포구,1156011000,여의도동,06,30,1,1304.0
20260112,여의도역,11,서울특별시,11440,마포구,1144010300,신공덕동,11,서울특별시,11560,영등포구,1156011000,여의도동,06,45,2,803.0
20260112,여의도역,11,서울특별시,11440,마포구,1144010300,신공덕동,11,서울특별시,11560,영등포구,1156011000,여의도동,07,00,5,827.0
20260112,여의도역,11,서울특별시,11440,마포구,1144010300,신공덕동,11,서울특별시,11560,영등포구,1156011000,여의도동,07,30,11,925.0
20260112,여의도역,11,서울특별시,11440,마포구,1144010300,신공덕동,11,서울특별시,11560,영등포구,1156011000,여의도동,07,45,5,696.0
20260112,여의도역,11,서울특별시,11440,마포구,1144010300,신공덕동,11,서울특별시,11560,영등포구,1156011000,여의도동,08,00,8,637.0
20260112,여의도역,11,서울특별시,11440,마포구,1144010300,신공덕동,11,서울특별시,11560,영등포구,1156011000,여의도동,08,15,4,708.0
20260112,여의도역,11,서울특별시,11440,마포구,1144010300,신공덕동,11,서울특별시,11560,영등포구,1156011000,여의도동,08,30,7,654.0
20260112,여의도역,11,서울특별시,11440,마포구,1144010300,신공덕동,11,서울특별시,11560,영등포구,1156011000,여의도동,08,45,3,566.0
20260112,여의도역,11,서울특별시,11440,마포구,1144010300,신공덕동,11,서울특별시,11560,영등포구,1156011000,여의도동,09,00,2,1033.0
20260112,여의도역,11,서울특별시,11440,마포구,1144010300,신공덕동,11,서울특별시,11560,영등포구,1156011000,여의도동,09,15,1,649.0
20260112,여의도역,11,서울특별시,11440,마포구,1144010300,신공덕동,11,서울특별시,11560,영등포구,1156011000,여의도동,09,45,1,691.0
20260112,여의도역,11,서울특별시,11440,마포구,1144010300,신공덕동,11,서울특별시,11560,영등포구,1156011000,여의도동,10,00,1,952.0
20260112,여의도역,11,서울특별시,11440,마포구,1144010300,신공덕동,11,서울특별시,11560,영등포구,1156011000,여의도동,10,30,2,503.0
20260112,여의도역,11,서울특별시,11440,마포구,1144010300,신공덕동,11,서울특별시,11560,영등포구,1156011000,여의도동,10,45,1,618.0
20260112,여의도역,11,서울특별시,11440,마포구,1144010300,신공덕동,11,서울특별시,11560,영등포구,1156011000,여의도동,11,15,1,530.0
20260112,여의도역,11,서울특별시,11440,마포구,1144010300,신공덕동,11,서울특별시,11560,영등포구,1156011000,여의도동,12,15,1,567.0
20260112,여의도역,11,서울특별시,11440,마포구,1144010300,신공덕동,11,서울특별시,11560,영등포구,1156011000,여의도동,12,30,1,490.0
20260112,여의도역,11,서울특별시,11440,마포구,1144010400,도화동,11,서울특별시,11560,영등포구,1156011000,여의도동,06,00,5,577.0
20260112,여의도역,11,서울특별시,11440,마포구,1144010400,도화동,11,서울특별시,11560,영등포구,1156011000,여의도동,06,15,7,490.0
20260112,여의도역,11,서울특별시,11440,마포구,1144010400,도화동,11,서울특별시,11560,영등포구,1156011000,여의도동,06,30,10,425.0
20260112,여의도역,11,서울특별시,11440,마포구,1144010400,도화동,11,서울특별시,11560,영등포구,1156011000,여의도동,06,45,18,463.0
20260112,여의도역,11,서울특별시,11440,마포구,1144010400,도화동,11,서울특별시,11560,영등포구,1156011000,여의도동,07,00,34,495.0
20260112,여의도역,11,서울특별시,11440,마포구,1144010400,도화동,11,서울특별시,11560,영등포구,1156011000,여의도동,07,15,59,521.0
20260112,여의도역,11,서울특별시,11440,마포구,1144010400,도화동,11,서울특별시,11560,영등포구,1156011000,여의도동,07,30,133,525.0
20260112,여의도역,11,서울특별시,11440,마포구,1144010400,도화동,11,서울특별시,11560,영등포구,1156011000,여의도동,07,45,90,501.0
20260112,여의도역,11,서울특별시,11440,마포구,1144010400,도화동,11,서울특별시,11560,영등포구,1156011000,여의도동,08,00,106,554.0
20260112,여의도역,11,서울특별시,11440,마포구,1144010400,도화동,11,서울특별시,11560,영등포구,1156011000,여의도동,08,15,131,521.0
20260112,여의도역,11,서울특별시,11440,마포구,1144010400,도화동,11,서울특별시,11560,영등포구,1156011000,여의도동,08,30,125,474.0
20260112,여의도역,11,서울특별시,11440,마포구,1144010400,도화동,11,서울특별시,11560,영등포구,1156011000,여의도동,08,45,72,496.0
20260112,여의도역,11,서울특별시,11440,마포구,1144010400,도화동,11,서울특별시,11560,영등포구,1156011000,여의도동,09,00,42,425.0
20260112,여의도역,11,서울특별시,11440,마포구,1144010400,도화동,11,서울특별시,11560,영등포구,1156011000,여의도동,09,15,39,505.0
20260112,여의도역,11,서울특별시,11440,마포구,1144010400,도화동,11,서울특별시,11560,영등포구,1156011000,여의도동,09,30,46,519.0
20260112,여의도역,11,서울특별시,11440,마포구,1144010400,도화동,11,서울특별시,11560,영등포구,1156011000,여의도동,09,45,16,589.0
20260112,여의도역,11,서울특별시,11440,마포구,1144010400,도화동,11,서울특별시,11560,영등포구,1156011000,여의도동,10,00,14,509.0
20260112,여의도역,11,서울특별시,11440,마포구,1144010400,도화동,11,서울특별시,11560,영등포구,1156011000,여의도동,10,15,20,587.0
20260112,여의도역,11,서울특별시,11440,마포구,1144010400,도화동,11,서울특별시,11560,영등포구,1156011000,여의도동,10,30,19,654.0
20260112,여의도역,11,서울특별시,11440,마포구,1144010400,도화동,11,서울특별시,11560,영등포구,1156011000,여의도동,10,45,23,589.0
20260112,여의도역,11,서울특별시,11440,마포구,1144010400,도화동,11,서울특별시,11560,영등포구,1156011000,여의도동,11,00,27,537.0
20260112,여의도역,11,서울특별시,11440,마포구,1144010400,도화동,11,서울특별시,11560,영등포구,1156011000,여의도동,11,15,28,896.0
20260112,여의도역,11,서울특별시,11440,마포구,1144010400,도화동,11,서울특별시,11560,영등포구,1156011000,여의도동,11,30,27,605.0
20260112,여의도역,11,서울특별시,11440,마포구,1144010400,도화동,11,서울특별시,11560,영등포구,1156011000,여의도동,11,45,28,488.0
20260112,여의도역,11,서울특별시,11440,마포구,1144010400,도화동,11,서울특별시,11560,영등포구,1156011000,여의도동,12,00,21,658.0
20260112,여의도역,11,서울특별시,11440,마포구,1144010400,도화동,11,서울특별시,11560,영등포구,1156011000,여의도동,12,15,45,521.0
20260112,여의도역,11,서울특별시,11440,마포구,1144010400,도화동,11,서울특별시,11560,영등포구,1156011000,여의도동,12,30,54,696.0
20260112,여의도역,11,서울특별시,11440,마포구,1144010400,도화동,11,서울특별시,11560,영등포구,1156011000,여의도동,12,45,40,556.0
20260112,여의도역,11,서울특별시,11440,마포구,1144010500,용강동,11,서울특별시,11560,영등포구,1156011000,여의도동,07,00,3,719.0
20260112,여의도역,11,서울특별시,11440,마포구,1144010500,용강동,11,서울특별시,11560,영등포구,1156011000,여의도동,07,30,6,601.0
20260112,여의도역,11,서울특별시,11440,마포구,1144010500,용강동,11,서울특별시,11560,영등포구,1156011000,여의도동,07,45,2,411.0
20260112,여의도역,11,서울특별시,11440,마포구,1144010500,용강동,11,서울특별시,11560,영등포구,1156011000,여의도동,08,00,4,536.0
20260112,여의도역,11,서울특별시,11440,마포구,1144010500,용강동,11,서울특별시,11560,영등포구,1156011000,여의도동,08,30,5,563.0
20260112,여의도역,11,서울특별시,11440,마포구,1144010500,용강동,11,서울특별시,11560,영등포구,1156011000,여의도동,08,45,2,693.0
20260112,여의도역,11,서울특별시,11440,마포구,1144010500,용강동,11,서울특별시,11560,영등포구,1156011000,여의도동,09,00,1,201.0
20260112,여의도역,11,서울특별시,11440,마포구,1144010500,용강동,11,서울특별시,11560,영등포구,1156011000,여의도동,09,15,3,393.0
20260112,여의도역,11,서울특별시,11440,마포구,1144010500,용강동,11,서울특별시,11560,영등포구,1156011000,여의도동,10,00,1,392.0
20260112,여의도역,11,서울특별시,11440,마포구,1144010800,대흥동,11,서울특별시,11560,영등포구,1156011000,여의도동,06,00,6,1134.0
20260112,여의도역,11,서울특별시,11440,마포구,1144010800,대흥동,11,서울특별시,11560,영등포구,1156011000,여의도동,06,15,7,949.0
20260112,여의도역,11,서울특별시,11440,마포구,1144010800,대흥동,11,서울특별시,11560,영등포구,1156011000,여의도동,06,30,1,1509.0
20260112,여의도역,11,서울특별시,11440,마포구,1144010800,대흥동,11,서울특별시,11560,영등포구,1156011000,여의도동,06,45,13,1113.0
20260112,여의도역,11,서울특별시,11440,마포구,1144010800,대흥동,11,서울특별시,11560,영등포구,1156011000,여의도동,07,00,27,1106.0
20260112,여의도역,11,서울특별시,11440,마포구,1144010800,대흥동,11,서울특별시,11560,영등포구,1156011000,여의도동,07,15,29,1116.0
20260112,여의도역,11,서울특별시,11440,마포구,1144010800,대흥동,11,서울특별시,11560,영등포구,1156011000,여의도동,07,30,13,1019.0
20260112,여의도역,11,서울특별시,11440,마포구,1144010800,대흥동,11,서울특별시,11560,영등포구,1156011000,여의도동,07,45,29,1235.0
20260112,여의도역,11,서울특별시,11440,마포구,1144010800,대흥동,11,서울특별시,11560,영등포구,1156011000,여의도동,08,00,36,1259.0
20260112,여의도역,11,서울특별시,11440,마포구,1144010800,대흥동,11,서울특별시,11560,영등포구,1156011000,여의도동,08,15,37,1027.0
20260112,여의도역,11,서울특별시,11440,마포구,1144010800,대흥동,11,서울특별시,11560,영등포구,1156011000,여의도동,08,30,20,993.0
20260112,여의도역,11,서울특별시,11440,마포구,1144010800,대흥동,11,서울특별시,11560,영등포구,1156011000,여의도동,08,45,15,960.0
20260112,여의도역,11,서울특별시,11440,마포구,1144010800,대흥동,11,서울특별시,11560,영등포구,1156011000,여의도동,09,00,9,1002.0
20260112,여의도역,11,서울특별시,11440,마포구,1144010800,대흥동,11,서울특별시,11560,영등포구,1156011000,여의도동,09,15,12,995.0
20260112,여의도역,11,서울특별시,11440,마포구,1144010800,대흥동,11,서울특별시,11560,영등포구,1156011000,여의도동,09,30,9,948.0
20260112,여의도역,11,서울특별시,11440,마포구,1144010800,대흥동,11,서울특별시,11560,영등포구,1156011000,여의도동,09,45,2,1042.0
20260112,여의도역,11,서울특별시,11440,마포구,1144010800,대흥동,11,서울특별시,11560,영등포구,1156011000,여의도동,10,00,4,1109.0
20260112,여의도역,11,서울특별시,11440,마포구,1144010800,대흥동,11,서울특별시,11560,영등포구,1156011000,여의도동,10,15,7,1461.0
20260112,여의도역,11,서울특별시,11440,마포구,1144010800,대흥동,11,서울특별시,11560,영등포구,1156011000,여의도동,10,30,4,1031.0
20260112,여의도역,11,서울특별시,11440,마포구,1144010800,대흥동,11,서울특별시,11560,영등포구,1156011000,여의도동,10,45,5,780.0
20260112,여의도역,11,서울특별시,11440,마포구,1144010800,대흥동,11,서울특별시,11560,영등포구,1156011000,여의도동,11,00,5,1520.0
20260112,여의도역,11,서울특별시,11440,마포구,1144010800,대흥동,11,서울특별시,11560,영등포구,1156011000,여의도동,11,15,1,1037.0
20260112,여의도역,11,서울특별시,11440,마포구,1144010800,대흥동,11,서울특별시,11560,영등포구,1156011000,여의도동,11,30,2,657.0
20260112,여의도역,11,서울특별시,11440,마포구,1144010800,대흥동,11,서울특별시,11560,영등포구,1156011000,여의도동,11,45,1,1686.0
20260112,여의도역,11,서울특별시,11440,마포구,1144010800,대흥동,11,서울특별시,11560,영등포구,1156011000,여의도동,12,00,3,1135.0
20260112,여의도역,11,서울특별시,11440,마포구,1144010800,대흥동,11,서울특별시,11560,영등포구,1156011000,여의도동,12,15,1,631.0
20260112,여의도역,11,서울특별시,11440,마포구,1144010800,대흥동,11,서울특별시,11560,영등포구,1156011000,여의도동,12,30,1,963.0
20260112,여의도역,11,서울특별시,11440,마포구,1144010800,대흥동,11,서울특별시,11560,영등포구,1156011000,여의도동,12,45,3,771.0
20260112,여의도역,11,서울특별시,11440,마포구,1144010900,염리동,11,서울특별시,11560,영등포구,1156011000,여의도동,06,15,2,524.0
20260112,여의도역,11,서울특별시,11440,마포구,1144010900,염리동,11,서울특별시,11560,영등포구,1156011000,여의도동,06,30,1,959.0
20260112,여의도역,11,서울특별시,11440,마포구,1144010900,염리동,11,서울특별시,11560,영등포구,1156011000,여의도동,06,45,4,819.0
20260112,여의도역,11,서울특별시,11440,마포구,1144010900,염리동,11,서울특별시,11560,영등포구,1156011000,여의도동,07,00,9,830.0
20260112,여의도역,11,서울특별시,11440,마포구,1144010900,염리동,11,서울특별시,11560,영등포구,1156011000,여의도동,07,15,8,982.0
20260112,여의도역,11,서울특별시,11440,마포구,1144010900,염리동,11,서울특별시,11560,영등포구,1156011000,여의도동,07,30,8,749.0
20260112,여의도역,11,서울특별시,11440,마포구,1144010900,염리동,11,서울특별시,11560,영등포구,1156011000,여의도동,07,45,8,850.0
20260112,여의도역,11,서울특별시,11440,마포구,1144010900,염리동,11,서울특별시,11560,영등포구,1156011000,여의도동,08,00,8,818.0
20260112,여의도역,11,서울특별시,11440,마포구,1144010900,염리동,11,서울특별시,11560,영등포구,1156011000,여의도동,08,15,8,828.0
20260112,여의도역,11,서울특별시,11440,마포구,1144010900,염리동,11,서울특별시,11560,영등포구,1156011000,여의도동,08,30,3,815.0
20260112,여의도역,11,서울특별시,11440,마포구,1144010900,염리동,11,서울특별시,11560,영등포구,1156011000,여의도동,08,45,5,777.0
20260112,여의도역,11,서울특별시,11440,마포구,1144010900,염리동,11,서울특별시,11560,영등포구,1156011000,여의도동,09,00,3,717.0
20260112,여의도역,11,서울특별시,11440,마포구,1144010900,염리동,11,서울특별시,11560,영등포구,1156011000,여의도동,09,15,2,974.0
20260112,여의도역,11,서울특별시,11440,마포구,1144010900,염리동,11,서울특별시,11560,영등포구,1156011000,여의도동,09,30,2,1105.0
20260112,여의도역,11,서울특별시,11440,마포구,1144010900,염리동,11,서울특별시,11560,영등포구,1156011000,여의도동,10,15,2,710.0
20260112,여의도역,11,서울특별시,11440,마포구,1144010900,염리동,11,서울특별시,11560,영등포구,1156011000,여의도동,10,45,3,946.0
20260112,여의도역,11,서울특별시,11440,마포구,1144010900,염리동,11,서울특별시,11560,영등포구,1156011000,여의도동,11,00,1,902.0
20260112,여의도역,11,서울특별시,11440,마포구,1144010900,염리동,11,서울특별시,11560,영등포구,1156011000,여의도동,11,30,1,325.0
20260112,여의도역,11,서울특별시,11440,마포구,1144010900,염리동,11,서울특별시,11560,영등포구,1156011000,여의도동,12,30,1,462.0
20260112,여의도역,11,서울특별시,11440,마포구,1144010900,염리동,11,서울특별시,11560,영등포구,1156011000,여의도동,12,45,1,552.0
20260112,여의도역,11,서울특별시,11440,마포구,1144011000,노고산동,11,서울특별시,11560,영등포구,1156011000,여의도동,06,00,1,2506.0
20260112,여의도역,11,서울특별시,11440,마포구,1144011000,노고산동,11,서울특별시,11560,영등포구,1156011000,여의도동,06,15,1,661.0
20260112,여의도역,11,서울특별시,11440,마포구,1144011000,노고산동,11,서울특별시,11560,영등포구,1156011000,여의도동,06,30,2,700.0
20260112,여의도역,11,서울특별시,11440,마포구,1144011000,노고산동,11,서울특별시,11560,영등포구,1156011000,여의도동,06,45,5,1039.0
20260112,여의도역,11,서울특별시,11440,마포구,1144011000,노고산동,11,서울특별시,11560,영등포구,1156011000,여의도동,07,00,3,1024.0
20260112,여의도역,11,서울특별시,11440,마포구,1144011000,노고산동,11,서울특별시,11560,영등포구,1156011000,여의도동,07,15,11,1096.0
20260112,여의도역,11,서울특별시,11440,마포구,1144011000,노고산동,11,서울특별시,11560,영등포구,1156011000,여의도동,07,30,9,1014.0
20260112,여의도역,11,서울특별시,11440,마포구,1144011000,노고산동,11,서울특별시,11560,영등포구,1156011000,여의도동,07,45,10,807.0
20260112,여의도역,11,서울특별시,11440,마포구,1144011000,노고산동,11,서울특별시,11560,영등포구,1156011000,여의도동,08,00,18,906.0
20260112,여의도역,11,서울특별시,11440,마포구,1144011000,노고산동,11,서울특별시,11560,영등포구,1156011000,여의도동,08,15,18,927.0
20260112,여의도역,11,서울특별시,11440,마포구,1144011000,노고산동,11,서울특별시,11560,영등포구,1156011000,여의도동,08,30,9,810.0
20260112,여의도역,11,서울특별시,11440,마포구,1144011000,노고산동,11,서울특별시,11560,영등포구,1156011000,여의도동,08,45,6,855.0
20260112,여의도역,11,서울특별시,11440,마포구,1144011000,노고산동,11,서울특별시,11560,영등포구,1156011000,여의도동,09,00,4,735.0
20260112,여의도역,11,서울특별시,11440,마포구,1144011000,노고산동,11,서울특별시,11560,영등포구,1156011000,여의도동,09,15,4,653.0
20260112,여의도역,11,서울특별시,11440,마포구,1144011000,노고산동,11,서울특별시,11560,영등포구,1156011000,여의도동,09,30,3,741.0
20260112,여의도역,11,서울특별시,11440,마포구,1144011000,노고산동,11,서울특별시,11560,영등포구,1156011000,여의도동,09,45,6,582.0
20260112,여의도역,11,서울특별시,11440,마포구,1144011000,노고산동,11,서울특별시,11560,영등포구,1156011000,여의도동,10,00,4,616.0
20260112,여의도역,11,서울특별시,11440,마포구,1144011000,노고산동,11,서울특별시,11560,영등포구,1156011000,여의도동,10,15,2,725.0
20260112,여의도역,11,서울특별시,11440,마포구,1144011000,노고산동,11,서울특별시,11560,영등포구,1156011000,여의도동,10,30,7,800.0
20260112,여의도역,11,서울특별시,11440,마포구,1144011000,노고산동,11,서울특별시,11560,영등포구,1156011000,여의도동,10,45,1,831.0
20260112,여의도역,11,서울특별시,11440,마포구,1144011000,노고산동,11,서울특별시,11560,영등포구,1156011000,여의도동,11,00,8,792.0
20260112,여의도역,11,서울특별시,11440,마포구,1144011000,노고산동,11,서울특별시,11560,영등포구,1156011000,여의도동,11,15,4,747.0
20260112,여의도역,11,서울특별시,11440,마포구,1144011000,노고산동,11,서울특별시,11560,영등포구,1156011000,여의도동,11,30,2,1386.0
20260112,여의도역,11,서울특별시,11440,마포구,1144011000,노고산동,11,서울특별시,11560,영등포구,1156011000,여의도동,11,45,4,724.0
20260112,여의도역,11,서울특별시,11440,마포구,1144011000,노고산동,11,서울특별시,11560,영등포구,1156011000,여의도동,12,00,6,878.0
20260112,여의도역,11,서울특별시,11440,마포구,1144011000,노고산동,11,서울특별시,11560,영등포구,1156011000,여의도동,12,15,10,620.0
20260112,여의도역,11,서울특별시,11440,마포구,1144011000,노고산동,11,서울특별시,11560,영등포구,1156011000,여의도동,12,30,5,611.0
20260112,여의도역,11,서울특별시,11440,마포구,1144011000,노고산동,11,서울특별시,11560,영등포구,1156011000,여의도동,12,45,9,829.0
20260112,여의도역,11,서울특별시,11440,마포구,1144011100,신수동,11,서울특별시,11560,영등포구,1156011000,여의도동,06,00,2,809.0
20260112,여의도역,11,서울특별시,11440,마포구,1144011100,신수동,11,서울특별시,11560,영등포구,1156011000,여의도동,06,30,1,1025.0
20260112,여의도역,11,서울특별시,11440,마포구,1144011100,신수동,11,서울특별시,11560,영등포구,1156011000,여의도동,07,00,10,761.0
20260112,여의도역,11,서울특별시,11440,마포구,1144011100,신수동,11,서울특별시,11560,영등포구,1156011000,여의도동,07,15,13,814.0
20260112,여의도역,11,서울특별시,11440,마포구,1144011100,신수동,11,서울특별시,11560,영등포구,1156011000,여의도동,07,30,5,847.0
20260112,여의도역,11,서울특별시,11440,마포구,1144011100,신수동,11,서울특별시,11560,영등포구,1156011000,여의도동,07,45,2,1117.0
20260112,여의도역,11,서울특별시,11440,마포구,1144011100,신수동,11,서울특별시,11560,영등포구,1156011000,여의도동,08,00,4,1407.0
20260112,여의도역,11,서울특별시,11440,마포구,1144011100,신수동,11,서울특별시,11560,영등포구,1156011000,여의도동,08,15,9,952.0
20260112,여의도역,11,서울특별시,11440,마포구,1144011100,신수동,11,서울특별시,11560,영등포구,1156011000,여의도동,08,30,5,813.0
20260112,여의도역,11,서울특별시,11440,마포구,1144011100,신수동,11,서울특별시,11560,영등포구,1156011000,여의도동,08,45,5,783.0
20260112,여의도역,11,서울특별시,11440,마포구,1144011100,신수동,11,서울특별시,11560,영등포구,1156011000,여의도동,09,00,3,1020.0
20260112,여의도역,11,서울특별시,11440,마포구,1144011100,신수동,11,서울특별시,11560,영등포구,1156011000,여의도동,09,15,2,772.0
20260112,여의도역,11,서울특별시,11440,마포구,1144011100,신수동,11,서울특별시,11560,영등포구,1156011000,여의도동,09,30,1,968.0
20260112,여의도역,11,서울특별시,11440,마포구,1144011100,신수동,11,서울특별시,11560,영등포구,1156011000,여의도동,09,45,1,838.0
20260112,여의도역,11,서울특별시,11440,마포구,1144011100,신수동,11,서울특별시,11560,영등포구,1156011000,여의도동,10,00,1,802.0
20260112,여의도역,11,서울특별시,11440,마포구,1144011100,신수동,11,서울특별시,11560,영등포구,1156011000,여의도동,10,30,1,595.0
20260112,여의도역,11,서울특별시,11440,마포구,1144011100,신수동,11,서울특별시,11560,영등포구,1156011000,여의도동,11,00,2,972.0
20260112,여의도역,11,서울특별시,11440,마포구,1144011100,신수동,11,서울특별시,11560,영등포구,1156011000,여의도동,11,15,1,1127.0
20260112,여의도역,11,서울특별시,11440,마포구,1144011100,신수동,11,서울특별시,11560,영등포구,1156011000,여의도동,11,30,1,714.0
20260112,여의도역,11,서울특별시,11440,마포구,1144011100,신수동,11,서울특별시,11560,영등포구,1156011000,여의도동,12,00,1,1245.0
20260112,여의도역,11,서울특별시,11440,마포구,1144011100,신수동,11,서울특별시,11560,영등포구,1156011000,여의도동,12,15,1,521.0
20260112,여의도역,11,서울특별시,11440,마포구,1144011100,신수동,11,서울특별시,11560,영등포구,1156011000,여의도동,12,30,1,867.0
20260112,여의도역,11,서울특별시,11440,마포구,1144011100,신수동,11,서울특별시,11560,영등포구,1156011000,여의도동,12,45,1,1114.0
20260112,여의도역,11,서울특별시,11440,마포구,1144011300,구수동,11,서울특별시,11560,영등포구,1156011000,여의도동,07,00,2,907.0
20260112,여의도역,11,서울특별시,11440,마포구,1144011300,구수동,11,서울특별시,11560,영등포구,1156011000,여의도동,07,15,2,941.0
20260112,여의도역,11,서울특별시,11440,마포구,1144011300,구수동,11,서울특별시,11560,영등포구,1156011000,여의도동,07,30,2,725.0
20260112,여의도역,11,서울특별시,11440,마포구,1144011300,구수동,11,서울특별시,11560,영등포구,1156011000,여의도동,07,45,2,775.0
20260112,여의도역,11,서울특별시,11440,마포구,1144011300,구수동,11,서울특별시,11560,영등포구,1156011000,여의도동,08,15,4,1052.0
20260112,여의도역,11,서울특별시,11440,마포구,1144011300,구수동,11,서울특별시,11560,영등포구,1156011000,여의도동,08,30,1,941.0
20260112,여의도역,11,서울특별시,11440,마포구,1144011300,구수동,11,서울특별시,11560,영등포구,1156011000,여의도동,08,45,2,786.0
20260112,여의도역,11,서울특별시,11440,마포구,1144011300,구수동,11,서울특별시,11560,영등포구,1156011000,여의도동,11,00,1,870.0
20260112,여의도역,11,서울특별시,11440,마포구,1144011400,창전동,11,서울특별시,11560,영등포구,1156011000,여의도동,06,00,4,559.0
20260112,여의도역,11,서울특별시,11440,마포구,1144011400,창전동,11,서울특별시,11560,영등포구,1156011000,여의도동,06,15,8,545.0
20260112,여의도역,11,서울특별시,11440,마포구,1144011400,창전동,11,서울특별시,11560,영등포구,1156011000,여의도동,06,30,8,579.0
20260112,여의도역,11,서울특별시,11440,마포구,1144011400,창전동,11,서울특별시,11560,영등포구,1156011000,여의도동,06,45,14,681.0
20260112,여의도역,11,서울특별시,11440,마포구,1144011400,창전동,11,서울특별시,11560,영등포구,1156011000,여의도동,07,00,19,695.0
20260112,여의도역,11,서울특별시,11440,마포구,1144011400,창전동,11,서울특별시,11560,영등포구,1156011000,여의도동,07,15,50,695.0
20260112,여의도역,11,서울특별시,11440,마포구,1144011400,창전동,11,서울특별시,11560,영등포구,1156011000,여의도동,07,30,35,872.0
20260112,여의도역,11,서울특별시,11440,마포구,1144011400,창전동,11,서울특별시,11560,영등포구,1156011000,여의도동,07,45,37,859.0
20260112,여의도역,11,서울특별시,11440,마포구,1144011400,창전동,11,서울특별시,11560,영등포구,1156011000,여의도동,08,00,40,725.0
20260112,여의도역,11,서울특별시,11440,마포구,1144011400,창전동,11,서울특별시,11560,영등포구,1156011000,여의도동,08,15,52,728.0
20260112,여의도역,11,서울특별시,11440,마포구,1144011400,창전동,11,서울특별시,11560,영등포구,1156011000,여의도동,08,30,30,633.0
20260112,여의도역,11,서울특별시,11440,마포구,1144011400,창전동,11,서울특별시,11560,영등포구,1156011000,여의도동,08,45,15,589.0
20260112,여의도역,11,서울특별시,11440,마포구,1144011400,창전동,11,서울특별시,11560,영등포구,1156011000,여의도동,09,00,11,431.0
20260112,여의도역,11,서울특별시,11440,마포구,1144011400,창전동,11,서울특별시,11560,영등포구,1156011000,여의도동,09,15,21,641.0
20260112,여의도역,11,서울특별시,11440,마포구,1144011400,창전동,11,서울특별시,11560,영등포구,1156011000,여의도동,09,30,21,640.0
20260112,여의도역,11,서울특별시,11440,마포구,1144011400,창전동,11,서울특별시,11560,영등포구,1156011000,여의도동,09,45,10,502.0
20260112,여의도역,11,서울특별시,11440,마포구,1144011400,창전동,11,서울특별시,11560,영등포구,1156011000,여의도동,10,00,6,614.0
20260112,여의도역,11,서울특별시,11440,마포구,1144011400,창전동,11,서울특별시,11560,영등포구,1156011000,여의도동,10,15,6,714.0
20260112,여의도역,11,서울특별시,11440,마포구,1144011400,창전동,11,서울특별시,11560,영등포구,1156011000,여의도동,10,30,12,606.0
20260112,여의도역,11,서울특별시,11440,마포구,1144011400,창전동,11,서울특별시,11560,영등포구,1156011000,여의도동,10,45,9,473.0
20260112,여의도역,11,서울특별시,11440,마포구,1144011400,창전동,11,서울특별시,11560,영등포구,1156011000,여의도동,11,00,11,982.0
20260112,여의도역,11,서울특별시,11440,마포구,1144011400,창전동,11,서울특별시,11560,영등포구,1156011000,여의도동,11,15,9,617.0
20260112,여의도역,11,서울특별시,11440,마포구,1144011400,창전동,11,서울특별시,11560,영등포구,1156011000,여의도동,11,30,8,595.0
20260112,여의도역,11,서울특별시,11440,마포구,1144011400,창전동,11,서울특별시,11560,영등포구,1156011000,여의도동,11,45,3,460.0
20260112,여의도역,11,서울특별시,11440,마포구,1144011400,창전동,11,서울특별시,11560,영등포구,1156011000,여의도동,12,00,7,723.0
20260112,여의도역,11,서울특별시,11440,마포구,1144011400,창전동,11,서울특별시,11560,영등포구,1156011000,여의도동,12,15,3,278.0
20260112,여의도역,11,서울특별시,11440,마포구,1144011400,창전동,11,서울특별시,11560,영등포구,1156011000,여의도동,12,30,10,575.0
20260112,여의도역,11,서울특별시,11440,마포구,1144011400,창전동,11,서울특별시,11560,영등포구,1156011000,여의도동,12,45,13,491.0
20260112,여의도역,11,서울특별시,11440,마포구,1144011500,상수동,11,서울특별시,11560,영등포구,1156011000,여의도동,06,30,1,1453.0
20260112,여의도역,11,서울특별시,11440,마포구,1144011500,상수동,11,서울특별시,11560,영등포구,1156011000,여의도동,07,00,5,1132.0
20260112,여의도역,11,서울특별시,11440,마포구,1144011500,상수동,11,서울특별시,11560,영등포구,1156011000,여의도동,07,15,5,1069.0
20260112,여의도역,11,서울특별시,11440,마포구,1144011500,상수동,11,서울특별시,11560,영등포구,1156011000,여의도동,07,30,1,1207.0
20260112,여의도역,11,서울특별시,11440,마포구,1144011500,상수동,11,서울특별시,11560,영등포구,1156011000,여의도동,07,45,8,1115.0
20260112,여의도역,11,서울특별시,11440,마포구,1144011500,상수동,11,서울특별시,11560,영등포구,1156011000,여의도동,08,00,11,1107.0
20260112,여의도역,11,서울특별시,11440,마포구,1144011500,상수동,11,서울특별시,11560,영등포구,1156011000,여의도동,08,15,5,1091.0
20260112,여의도역,11,서울특별시,11440,마포구,1144011500,상수동,11,서울특별시,11560,영등포구,1156011000,여의도동,08,30,5,794.0
20260112,여의도역,11,서울특별시,11440,마포구,1144011500,상수동,11,서울특별시,11560,영등포구,1156011000,여의도동,08,45,2,718.0
20260112,여의도역,11,서울특별시,11440,마포구,1144011500,상수동,11,서울특별시,11560,영등포구,1156011000,여의도동,09,00,2,1223.0
20260112,여의도역,11,서울특별시,11440,마포구,1144011500,상수동,11,서울특별시,11560,영등포구,1156011000,여의도동,09,30,3,989.0
20260112,여의도역,11,서울특별시,11440,마포구,1144011500,상수동,11,서울특별시,11560,영등포구,1156011000,여의도동,09,45,1,643.0
20260112,여의도역,11,서울특별시,11440,마포구,1144011500,상수동,11,서울특별시,11560,영등포구,1156011000,여의도동,10,00,1,1011.0
20260112,여의도역,11,서울특별시,11440,마포구,1144011500,상수동,11,서울특별시,11560,영등포구,1156011000,여의도동,10,45,1,1355.0
20260112,여의도역,11,서울특별시,11440,마포구,1144011500,상수동,11,서울특별시,11560,영등포구,1156011000,여의도동,11,00,3,1338.0
20260112,여의도역,11,서울특별시,11440,마포구,1144011500,상수동,11,서울특별시,11560,영등포구,1156011000,여의도동,11,30,1,1064.0
20260112,여의도역,11,서울특별시,11440,마포구,1144011500,상수동,11,서울특별시,11560,영등포구,1156011000,여의도동,12,00,2,1090.0
20260112,여의도역,11,서울특별시,11440,마포구,1144011500,상수동,11,서울특별시,11560,영등포구,1156011000,여의도동,12,30,1,1506.0
20260112,여의도역,11,서울특별시,11440,마포구,1144011500,상수동,11,서울특별시,11560,영등포구,1156011000,여의도동,12,45,2,1405.0
20260112,여의도역,11,서울특별시,11440,마포구,1144011600,하중동,11,서울특별시,11560,영등포구,1156011000,여의도동,12,15,1,592.0
20260112,여의도역,11,서울특별시,11440,마포구,1144011800,당인동,11,서울특별시,11560,영등포구,1156011000,여의도동,10,00,1,593.0
20260112,여의도역,11,서울특별시,11440,마포구,1144012000,서교동,11,서울특별시,11560,영등포구,1156011000,여의도동,06,00,6,1465.0
20260112,여의도역,11,서울특별시,11440,마포구,1144012000,서교동,11,서울특별시,11560,영등포구,1156011000,여의도동,06,15,2,1293.0
20260112,여의도역,11,서울특별시,11440,마포구,1144012000,서교동,11,서울특별시,11560,영등포구,1156011000,여의도동,06,30,9,1239.0
20260112,여의도역,11,서울특별시,11440,마포구,1144012000,서교동,11,서울특별시,11560,영등포구,1156011000,여의도동,06,45,11,1184.0
20260112,여의도역,11,서울특별시,11440,마포구,1144012000,서교동,11,서울특별시,11560,영등포구,1156011000,여의도동,07,00,12,981.0
20260112,여의도역,11,서울특별시,11440,마포구,1144012000,서교동,11,서울특별시,11560,영등포구,1156011000,여의도동,07,15,30,1176.0
20260112,여의도역,11,서울특별시,11440,마포구,1144012000,서교동,11,서울특별시,11560,영등포구,1156011000,여의도동,07,30,28,1042.0
20260112,여의도역,11,서울특별시,11440,마포구,1144012000,서교동,11,서울특별시,11560,영등포구,1156011000,여의도동,07,45,36,1173.0
20260112,여의도역,11,서울특별시,11440,마포구,1144012000,서교동,11,서울특별시,11560,영등포구,1156011000,여의도동,08,00,39,1242.0
20260112,여의도역,11,서울특별시,11440,마포구,1144012000,서교동,11,서울특별시,11560,영등포구,1156011000,여의도동,08,15,44,1188.0
20260112,여의도역,11,서울특별시,11440,마포구,1144012000,서교동,11,서울특별시,11560,영등포구,1156011000,여의도동,08,30,38,978.0
20260112,여의도역,11,서울특별시,11440,마포구,1144012000,서교동,11,서울특별시,11560,영등포구,1156011000,여의도동,08,45,21,1003.0
20260112,여의도역,11,서울특별시,11440,마포구,1144012000,서교동,11,서울특별시,11560,영등포구,1156011000,여의도동,09,00,23,1227.0
20260112,여의도역,11,서울특별시,11440,마포구,1144012000,서교동,11,서울특별시,11560,영등포구,1156011000,여의도동,09,15,11,1149.0
20260112,여의도역,11,서울특별시,11440,마포구,1144012000,서교동,11,서울특별시,11560,영등포구,1156011000,여의도동,09,30,9,1135.0
20260112,여의도역,11,서울특별시,11440,마포구,1144012000,서교동,11,서울특별시,11560,영등포구,1156011000,여의도동,09,45,4,1067.0
20260112,여의도역,11,서울특별시,11440,마포구,1144012000,서교동,11,서울특별시,11560,영등포구,1156011000,여의도동,10,00,12,1288.0
20260112,여의도역,11,서울특별시,11440,마포구,1144012000,서교동,11,서울특별시,11560,영등포구,1156011000,여의도동,10,15,11,913.0
20260112,여의도역,11,서울특별시,11440,마포구,1144012000,서교동,11,서울특별시,11560,영등포구,1156011000,여의도동,10,30,9,1098.0
20260112,여의도역,11,서울특별시,11440,마포구,1144012000,서교동,11,서울특별시,11560,영등포구,1156011000,여의도동,10,45,12,1075.0
20260112,여의도역,11,서울특별시,11440,마포구,1144012000,서교동,11,서울특별시,11560,영등포구,1156011000,여의도동,11,00,11,1192.0
20260112,여의도역,11,서울특별시,11440,마포구,1144012000,서교동,11,서울특별시,11560,영등포구,1156011000,여의도동,11,15,5,1364.0
20260112,여의도역,11,서울특별시,11440,마포구,1144012000,서교동,11,서울특별시,11560,영등포구,1156011000,여의도동,11,30,6,1014.0
20260112,여의도역,11,서울특별시,11440,마포구,1144012000,서교동,11,서울특별시,11560,영등포구,1156011000,여의도동,11,45,5,1570.0
20260112,여의도역,11,서울특별시,11440,마포구,1144012000,서교동,11,서울특별시,11560,영등포구,1156011000,여의도동,12,00,6,1096.0
20260112,여의도역,11,서울특별시,11440,마포구,1144012000,서교동,11,서울특별시,11560,영등포구,1156011000,여의도동,12,15,9,1359.0
20260112,여의도역,11,서울특별시,11440,마포구,1144012000,서교동,11,서울특별시,11560,영등포구,1156011000,여의도동,12,30,9,1179.0
20260112,여의도역,11,서울특별시,11440,마포구,1144012000,서교동,11,서울특별시,11560,영등포구,1156011000,여의도동,12,45,11,1376.0
20260112,여의도역,11,서울특별시,11440,마포구,1144012100,동교동,11,서울특별시,11560,영등포구,1156011000,여의도동,06,00,1,938.0
20260112,여의도역,11,서울특별시,11440,마포구,1144012100,동교동,11,서울특별시,11560,영등포구,1156011000,여의도동,06,15,4,1166.0
20260112,여의도역,11,서울특별시,11440,마포구,1144012100,동교동,11,서울특별시,11560,영등포구,1156011000,여의도동,06,30,4,1037.0
20260112,여의도역,11,서울특별시,11440,마포구,1144012100,동교동,11,서울특별시,11560,영등포구,1156011000,여의도동,06,45,2,991.0
20260112,여의도역,11,서울특별시,11440,마포구,1144012100,동교동,11,서울특별시,11560,영등포구,1156011000,여의도동,07,00,8,1341.0
20260112,여의도역,11,서울특별시,11440,마포구,1144012100,동교동,11,서울특별시,11560,영등포구,1156011000,여의도동,07,15,12,1189.0
20260112,여의도역,11,서울특별시,11440,마포구,1144012100,동교동,11,서울특별시,11560,영등포구,1156011000,여의도동,07,30,17,1160.0
20260112,여의도역,11,서울특별시,11440,마포구,1144012100,동교동,11,서울특별시,11560,영등포구,1156011000,여의도동,07,45,10,1281.0
20260112,여의도역,11,서울특별시,11440,마포구,1144012100,동교동,11,서울특별시,11560,영등포구,1156011000,여의도동,08,00,15,1016.0
20260112,여의도역,11,서울특별시,11440,마포구,1144012100,동교동,11,서울특별시,11560,영등포구,1156011000,여의도동,08,15,24,1197.0
20260112,여의도역,11,서울특별시,11440,마포구,1144012100,동교동,11,서울특별시,11560,영등포구,1156011000,여의도동,08,30,14,1117.0
20260112,여의도역,11,서울특별시,11440,마포구,1144012100,동교동,11,서울특별시,11560,영등포구,1156011000,여의도동,08,45,13,1153.0
20260112,여의도역,11,서울특별시,11440,마포구,1144012100,동교동,11,서울특별시,11560,영등포구,1156011000,여의도동,09,00,14,1184.0
20260112,여의도역,11,서울특별시,11440,마포구,1144012100,동교동,11,서울특별시,11560,영등포구,1156011000,여의도동,09,15,10,957.0
20260112,여의도역,11,서울특별시,11440,마포구,1144012100,동교동,11,서울특별시,11560,영등포구,1156011000,여의도동,09,30,8,1013.0
20260112,여의도역,11,서울특별시,11440,마포구,1144012100,동교동,11,서울특별시,11560,영등포구,1156011000,여의도동,09,45,21,1625.0
20260112,여의도역,11,서울특별시,11440,마포구,1144012100,동교동,11,서울특별시,11560,영등포구,1156011000,여의도동,10,00,11,1558.0
20260112,여의도역,11,서울특별시,11440,마포구,1144012100,동교동,11,서울특별시,11560,영등포구,1156011000,여의도동,10,15,9,1230.0
20260112,여의도역,11,서울특별시,11440,마포구,1144012100,동교동,11,서울특별시,11560,영등포구,1156011000,여의도동,10,30,9,964.0
20260112,여의도역,11,서울특별시,11440,마포구,1144012100,동교동,11,서울특별시,11560,영등포구,1156011000,여의도동,10,45,9,1972.0
20260112,여의도역,11,서울특별시,11440,마포구,1144012100,동교동,11,서울특별시,11560,영등포구,1156011000,여의도동,11,00,6,1267.0
20260112,여의도역,11,서울특별시,11440,마포구,1144012100,동교동,11,서울특별시,11560,영등포구,1156011000,여의도동,11,15,8,1576.0
20260112,여의도역,11,서울특별시,11440,마포구,1144012100,동교동,11,서울특별시,11560,영등포구,1156011000,여의도동,11,30,16,1474.0
20260112,여의도역,11,서울특별시,11440,마포구,1144012100,동교동,11,서울특별시,11560,영등포구,1156011000,여의도동,11,45,12,1724.0
20260112,여의도역,11,서울특별시,11440,마포구,1144012100,동교동,11,서울특별시,11560,영등포구,1156011000,여의도동,12,00,4,1393.0
20260112,여의도역,11,서울특별시,11440,마포구,1144012100,동교동,11,서울특별시,11560,영등포구,1156011000,여의도동,12,15,2,1450.0
20260112,여의도역,11,서울특별시,11440,마포구,1144012100,동교동,11,서울특별시,11560,영등포구,1156011000,여의도동,12,30,7,1281.0
20260112,여의도역,11,서울특별시,11440,마포구,1144012100,동교동,11,서울특별시,11560,영등포구,1156011000,여의도동,12,45,8,1665.0
20260112,여의도역,11,서울특별시,11440,마포구,1144012200,합정동,11,서울특별시,11560,영등포구,1156011000,여의도동,06,30,3,1415.0
20260112,여의도역,11,서울특별시,11440,마포구,1144012200,합정동,11,서울특별시,11560,영등포구,1156011000,여의도동,06,45,1,791.0
20260112,여의도역,11,서울특별시,11440,마포구,1144012200,합정동,11,서울특별시,11560,영등포구,1156011000,여의도동,07,00,1,847.0
20260112,여의도역,11,서울특별시,11440,마포구,1144012200,합정동,11,서울특별시,11560,영등포구,1156011000,여의도동,07,15,1,1022.0
20260112,여의도역,11,서울특별시,11440,마포구,1144012200,합정동,11,서울특별시,11560,영등포구,1156011000,여의도동,07,30,2,1014.0
20260112,여의도역,11,서울특별시,11440,마포구,1144012200,합정동,11,서울특별시,11560,영등포구,1156011000,여의도동,07,45,6,1492.0
20260112,여의도역,11,서울특별시,11440,마포구,1144012200,합정동,11,서울특별시,11560,영등포구,1156011000,여의도동,08,00,9,1293.0
20260112,여의도역,11,서울특별시,11440,마포구,1144012200,합정동,11,서울특별시,11560,영등포구,1156011000,여의도동,08,15,4,1188.0
20260112,여의도역,11,서울특별시,11440,마포구,1144012200,합정동,11,서울특별시,11560,영등포구,1156011000,여의도동,08,30,6,1306.0
20260112,여의도역,11,서울특별시,11440,마포구,1144012200,합정동,11,서울특별시,11560,영등포구,1156011000,여의도동,08,45,3,1249.0
20260112,여의도역,11,서울특별시,11440,마포구,1144012200,합정동,11,서울특별시,11560,영등포구,1156011000,여의도동,09,00,7,1205.0
20260112,여의도역,11,서울특별시,11440,마포구,1144012200,합정동,11,서울특별시,11560,영등포구,1156011000,여의도동,09,15,5,1201.0
20260112,여의도역,11,서울특별시,11440,마포구,1144012200,합정동,11,서울특별시,11560,영등포구,1156011000,여의도동,09,45,2,1133.0
20260112,여의도역,11,서울특별시,11440,마포구,1144012200,합정동,11,서울특별시,11560,영등포구,1156011000,여의도동,10,00,3,1271.0
20260112,여의도역,11,서울특별시,11440,마포구,1144012200,합정동,11,서울특별시,11560,영등포구,1156011000,여의도동,10,45,4,2724.0
20260112,여의도역,11,서울특별시,11440,마포구,1144012200,합정동,11,서울특별시,11560,영등포구,1156011000,여의도동,11,15,1,1612.0
20260112,여의도역,11,서울특별시,11440,마포구,1144012200,합정동,11,서울특별시,11560,영등포구,1156011000,여의도동,11,30,1,1859.0
20260112,여의도역,11,서울특별시,11440,마포구,1144012200,합정동,11,서울특별시,11560,영등포구,1156011000,여의도동,12,00,2,1078.0
20260112,여의도역,11,서울특별시,11440,마포구,1144012200,합정동,11,서울특별시,11560,영등포구,1156011000,여의도동,12,15,3,969.0
20260112,여의도역,11,서울특별시,11440,마포구,1144012200,합정동,11,서울특별시,11560,영등포구,1156011000,여의도동,12,30,6,1534.0
20260112,여의도역,11,서울특별시,11440,마포구,1144012200,합정동,11,서울특별시,11560,영등포구,1156011000,여의도동,12,45,1,849.0
20260112,여의도역,11,서울특별시,11440,마포구,1144012300,망원동,11,서울특별시,11560,영등포구,1156011000,여의도동,06,15,1,1121.0
20260112,여의도역,11,서울특별시,11440,마포구,1144012300,망원동,11,서울특별시,11560,영등포구,1156011000,여의도동,06,45,3,1695.0
20260112,여의도역,11,서울특별시,11440,마포구,1144012300,망원동,11,서울특별시,11560,영등포구,1156011000,여의도동,07,00,4,1715.0
20260112,여의도역,11,서울특별시,11440,마포구,1144012300,망원동,11,서울특별시,11560,영등포구,1156011000,여의도동,07,15,5,1538.0
20260112,여의도역,11,서울특별시,11440,마포구,1144012300,망원동,11,서울특별시,11560,영등포구,1156011000,여의도동,07,30,10,1511.0
20260112,여의도역,11,서울특별시,11440,마포구,1144012300,망원동,11,서울특별시,11560,영등포구,1156011000,여의도동,07,45,9,1546.0
20260112,여의도역,11,서울특별시,11440,마포구,1144012300,망원동,11,서울특별시,11560,영등포구,1156011000,여의도동,08,00,15,1845.0
20260112,여의도역,11,서울특별시,11440,마포구,1144012300,망원동,11,서울특별시,11560,영등포구,1156011000,여의도동,08,15,5,1336.0
20260112,여의도역,11,서울특별시,11440,마포구,1144012300,망원동,11,서울특별시,11560,영등포구,1156011000,여의도동,08,30,2,1359.0
20260112,여의도역,11,서울특별시,11440,마포구,1144012300,망원동,11,서울특별시,11560,영등포구,1156011000,여의도동,08,45,7,1638.0
20260112,여의도역,11,서울특별시,11440,마포구,1144012300,망원동,11,서울특별시,11560,영등포구,1156011000,여의도동,09,00,2,1631.0
20260112,여의도역,11,서울특별시,11440,마포구,1144012300,망원동,11,서울특별시,11560,영등포구,1156011000,여의도동,09,15,4,1974.0
20260112,여의도역,11,서울특별시,11440,마포구,1144012300,망원동,11,서울특별시,11560,영등포구,1156011000,여의도동,09,30,1,1674.0
20260112,여의도역,11,서울특별시,11440,마포구,1144012300,망원동,11,서울특별시,11560,영등포구,1156011000,여의도동,09,45,1,1360.0
20260112,여의도역,11,서울특별시,11440,마포구,1144012300,망원동,11,서울특별시,11560,영등포구,1156011000,여의도동,10,00,1,1553.0
20260112,여의도역,11,서울특별시,11440,마포구,1144012300,망원동,11,서울특별시,11560,영등포구,1156011000,여의도동,11,15,1,2002.0
20260112,여의도역,11,서울특별시,11440,마포구,1144012300,망원동,11,서울특별시,11560,영등포구,1156011000,여의도동,12,00,2,1887.0
20260112,여의도역,11,서울특별시,11440,마포구,1144012300,망원동,11,서울특별시,11560,영등포구,1156011000,여의도동,12,15,1,1664.0
20260112,여의도역,11,서울특별시,11440,마포구,1144012300,망원동,11,서울특별시,11560,영등포구,1156011000,여의도동,12,30,2,1608.0
20260112,여의도역,11,서울특별시,11440,마포구,1144012400,연남동,11,서울특별시,11560,영등포구,1156011000,여의도동,06,15,2,1543.0
20260112,여의도역,11,서울특별시,11440,마포구,1144012400,연남동,11,서울특별시,11560,영등포구,1156011000,여의도동,06,30,2,896.0
20260112,여의도역,11,서울특별시,11440,마포구,1144012400,연남동,11,서울특별시,11560,영등포구,1156011000,여의도동,06,45,2,1454.0
20260112,여의도역,11,서울특별시,11440,마포구,1144012400,연남동,11,서울특별시,11560,영등포구,1156011000,여의도동,07,00,6,1391.0
20260112,여의도역,11,서울특별시,11440,마포구,1144012400,연남동,11,서울특별시,11560,영등포구,1156011000,여의도동,07,15,8,1490.0
20260112,여의도역,11,서울특별시,11440,마포구,1144012400,연남동,11,서울특별시,11560,영등포구,1156011000,여의도동,07,30,4,1549.0
20260112,여의도역,11,서울특별시,11440,마포구,1144012400,연남동,11,서울특별시,11560,영등포구,1156011000,여의도동,07,45,7,1453.0
20260112,여의도역,11,서울특별시,11440,마포구,1144012400,연남동,11,서울특별시,11560,영등포구,1156011000,여의도동,08,00,3,1320.0
20260112,여의도역,11,서울특별시,11440,마포구,1144012400,연남동,11,서울특별시,11560,영등포구,1156011000,여의도동,08,15,7,1267.0
20260112,여의도역,11,서울특별시,11440,마포구,1144012400,연남동,11,서울특별시,11560,영등포구,1156011000,여의도동,08,30,8,1509.0
20260112,여의도역,11,서울특별시,11440,마포구,1144012400,연남동,11,서울특별시,11560,영등포구,1156011000,여의도동,09,00,8,1527.0
20260112,여의도역,11,서울특별시,11440,마포구,1144012400,연남동,11,서울특별시,11560,영등포구,1156011000,여의도동,09,15,2,1274.0
20260112,여의도역,11,서울특별시,11440,마포구,1144012400,연남동,11,서울특별시,11560,영등포구,1156011000,여의도동,09,30,1,1182.0
20260112,여의도역,11,서울특별시,11440,마포구,1144012400,연남동,11,서울특별시,11560,영등포구,1156011000,여의도동,09,45,1,1101.0
20260112,여의도역,11,서울특별시,11440,마포구,1144012400,연남동,11,서울특별시,11560,영등포구,1156011000,여의도동,10,00,3,1475.0
20260112,여의도역,11,서울특별시,11440,마포구,1144012400,연남동,11,서울특별시,11560,영등포구,1156011000,여의도동,10,15,2,1152.0
20260112,여의도역,11,서울특별시,11440,마포구,1144012400,연남동,11,서울특별시,11560,영등포구,1156011000,여의도동,11,00,8,978.0
20260112,여의도역,11,서울특별시,11440,마포구,1144012400,연남동,11,서울특별시,11560,영등포구,1156011000,여의도동,11,45,2,1220.0
20260112,여의도역,11,서울특별시,11440,마포구,1144012400,연남동,11,서울특별시,11560,영등포구,1156011000,여의도동,12,30,1,1536.0
20260112,여의도역,11,서울특별시,11440,마포구,1144012400,연남동,11,서울특별시,11560,영등포구,1156011000,여의도동,12,45,1,1403.0
20260112,여의도역,11,서울특별시,11440,마포구,1144012500,성산동,11,서울특별시,11560,영등포구,1156011000,여의도동,06,00,4,1490.0
20260112,여의도역,11,서울특별시,11440,마포구,1144012500,성산동,11,서울특별시,11560,영등포구,1156011000,여의도동,06,15,8,1537.0
20260112,여의도역,11,서울특별시,11440,마포구,1144012500,성산동,11,서울특별시,11560,영등포구,1156011000,여의도동,06,30,13,1600.0
20260112,여의도역,11,서울특별시,11440,마포구,1144012500,성산동,11,서울특별시,11560,영등포구,1156011000,여의도동,06,45,22,1505.0
20260112,여의도역,11,서울특별시,11440,마포구,1144012500,성산동,11,서울특별시,11560,영등포구,1156011000,여의도동,07,00,55,1539.0
20260112,여의도역,11,서울특별시,11440,마포구,1144012500,성산동,11,서울특별시,11560,영등포구,1156011000,여의도동,07,15,63,1556.0
20260112,여의도역,11,서울특별시,11440,마포구,1144012500,성산동,11,서울특별시,11560,영등포구,1156011000,여의도동,07,30,44,1555.0
20260112,여의도역,11,서울특별시,11440,마포구,1144012500,성산동,11,서울특별시,11560,영등포구,1156011000,여의도동,07,45,56,1592.0
20260112,여의도역,11,서울특별시,11440,마포구,1144012500,성산동,11,서울특별시,11560,영등포구,1156011000,여의도동,08,00,78,1611.0
20260112,여의도역,11,서울특별시,11440,마포구,1144012500,성산동,11,서울특별시,11560,영등포구,1156011000,여의도동,08,15,73,1450.0
20260112,여의도역,11,서울특별시,11440,마포구,1144012500,성산동,11,서울특별시,11560,영등포구,1156011000,여의도동,08,30,29,1480.0
20260112,여의도역,11,서울특별시,11440,마포구,1144012500,성산동,11,서울특별시,11560,영등포구,1156011000,여의도동,08,45,33,1429.0
20260112,여의도역,11,서울특별시,11440,마포구,1144012500,성산동,11,서울특별시,11560,영등포구,1156011000,여의도동,09,00,16,1385.0
20260112,여의도역,11,서울특별시,11440,마포구,1144012500,성산동,11,서울특별시,11560,영등포구,1156011000,여의도동,09,15,21,1357.0
20260112,여의도역,11,서울특별시,11440,마포구,1144012500,성산동,11,서울특별시,11560,영등포구,1156011000,여의도동,09,30,6,1531.0
20260112,여의도역,11,서울특별시,11440,마포구,1144012500,성산동,11,서울특별시,11560,영등포구,1156011000,여의도동,09,45,8,1554.0
20260112,여의도역,11,서울특별시,11440,마포구,1144012500,성산동,11,서울특별시,11560,영등포구,1156011000,여의도동,10,00,3,1548.0
20260112,여의도역,11,서울특별시,11440,마포구,1144012500,성산동,11,서울특별시,11560,영등포구,1156011000,여의도동,10,15,5,1418.0
20260112,여의도역,11,서울특별시,11440,마포구,1144012500,성산동,11,서울특별시,11560,영등포구,1156011000,여의도동,10,30,10,1376.0
20260112,여의도역,11,서울특별시,11440,마포구,1144012500,성산동,11,서울특별시,11560,영등포구,1156011000,여의도동,10,45,3,1490.0
20260112,여의도역,11,서울특별시,11440,마포구,1144012500,성산동,11,서울특별시,11560,영등포구,1156011000,여의도동,11,00,3,1780.0
20260112,여의도역,11,서울특별시,11440,마포구,1144012500,성산동,11,서울특별시,11560,영등포구,1156011000,여의도동,11,15,4,1834.0
20260112,여의도역,11,서울특별시,11440,마포구,1144012500,성산동,11,서울특별시,11560,영등포구,1156011000,여의도동,11,30,5,1845.0
20260112,여의도역,11,서울특별시,11440,마포구,1144012500,성산동,11,서울특별시,11560,영등포구,1156011000,여의도동,11,45,3,1904.0
20260112,여의도역,11,서울특별시,11440,마포구,1144012500,성산동,11,서울특별시,11560,영등포구,1156011000,여의도동,12,00,7,1395.0
20260112,여의도역,11,서울특별시,11440,마포구,1144012500,성산동,11,서울특별시,11560,영등포구,1156011000,여의도동,12,15,6,1973.0
20260112,여의도역,11,서울특별시,11440,마포구,1144012500,성산동,11,서울특별시,11560,영등포구,1156011000,여의도동,12,30,1,1636.0
20260112,여의도역,11,서울특별시,11440,마포구,1144012500,성산동,11,서울특별시,11560,영등포구,1156011000,여의도동,12,45,7,1540.0
20260112,여의도역,11,서울특별시,11440,마포구,1144012600,중동,11,서울특별시,11560,영등포구,1156011000,여의도동,07,00,3,1968.0
20260112,여의도역,11,서울특별시,11440,마포구,1144012600,중동,11,서울특별시,11560,영등포구,1156011000,여의도동,07,15,3,1704.0
20260112,여의도역,11,서울특별시,11440,마포구,1144012600,중동,11,서울특별시,11560,영등포구,1156011000,여의도동,07,30,3,1796.0
20260112,여의도역,11,서울특별시,11440,마포구,1144012600,중동,11,서울특별시,11560,영등포구,1156011000,여의도동,07,45,1,1838.0
20260112,여의도역,11,서울특별시,11440,마포구,1144012600,중동,11,서울특별시,11560,영등포구,1156011000,여의도동,08,00,1,1514.0
20260112,여의도역,11,서울특별시,11440,마포구,1144012600,중동,11,서울특별시,11560,영등포구,1156011000,여의도동,08,15,3,1716.0
20260112,여의도역,11,서울특별시,11440,마포구,1144012700,상암동,11,서울특별시,11560,영등포구,1156011000,여의도동,06,00,2,1317.0
20260112,여의도역,11,서울특별시,11440,마포구,1144012700,상암동,11,서울특별시,11560,영등포구,1156011000,여의도동,06,15,9,1723.0
20260112,여의도역,11,서울특별시,11440,마포구,1144012700,상암동,11,서울특별시,11560,영등포구,1156011000,여의도동,06,30,8,2076.0
20260112,여의도역,11,서울특별시,11440,마포구,1144012700,상암동,11,서울특별시,11560,영등포구,1156011000,여의도동,06,45,16,1869.0
20260112,여의도역,11,서울특별시,11440,마포구,1144012700,상암동,11,서울특별시,11560,영등포구,1156011000,여의도동,07,00,38,1898.0
20260112,여의도역,11,서울특별시,11440,마포구,1144012700,상암동,11,서울특별시,11560,영등포구,1156011000,여의도동,07,15,43,1985.0
20260112,여의도역,11,서울특별시,11440,마포구,1144012700,상암동,11,서울특별시,11560,영등포구,1156011000,여의도동,07,30,39,1855.0
20260112,여의도역,11,서울특별시,11440,마포구,1144012700,상암동,11,서울특별시,11560,영등포구,1156011000,여의도동,07,45,48,1966.0
20260112,여의도역,11,서울특별시,11440,마포구,1144012700,상암동,11,서울특별시,11560,영등포구,1156011000,여의도동,08,00,42,1871.0
20260112,여의도역,11,서울특별시,11440,마포구,1144012700,상암동,11,서울특별시,11560,영등포구,1156011000,여의도동,08,15,38,1735.0
20260112,여의도역,11,서울특별시,11440,마포구,1144012700,상암동,11,서울특별시,11560,영등포구,1156011000,여의도동,08,30,21,1688.0
20260112,여의도역,11,서울특별시,11440,마포구,1144012700,상암동,11,서울특별시,11560,영등포구,1156011000,여의도동,08,45,17,1657.0
20260112,여의도역,11,서울특별시,11440,마포구,1144012700,상암동,11,서울특별시,11560,영등포구,1156011000,여의도동,09,00,12,2202.0
20260112,여의도역,11,서울특별시,11440,마포구,1144012700,상암동,11,서울특별시,11560,영등포구,1156011000,여의도동,09,15,9,1909.0
20260112,여의도역,11,서울특별시,11440,마포구,1144012700,상암동,11,서울특별시,11560,영등포구,1156011000,여의도동,09,30,4,1526.0
20260112,여의도역,11,서울특별시,11440,마포구,1144012700,상암동,11,서울특별시,11560,영등포구,1156011000,여의도동,09,45,3,1675.0
20260112,여의도역,11,서울특별시,11440,마포구,1144012700,상암동,11,서울특별시,11560,영등포구,1156011000,여의도동,10,00,3,1732.0
20260112,여의도역,11,서울특별시,11440,마포구,1144012700,상암동,11,서울특별시,11560,영등포구,1156011000,여의도동,10,15,4,1753.0
20260112,여의도역,11,서울특별시,11440,마포구,1144012700,상암동,11,서울특별시,11560,영등포구,1156011000,여의도동,10,30,7,1914.0
20260112,여의도역,11,서울특별시,11440,마포구,1144012700,상암동,11,서울특별시,11560,영등포구,1156011000,여의도동,10,45,2,1634.0
20260112,여의도역,11,서울특별시,11440,마포구,1144012700,상암동,11,서울특별시,11560,영등포구,1156011000,여의도동,11,00,3,1567.0
20260112,여의도역,11,서울특별시,11440,마포구,1144012700,상암동,11,서울특별시,11560,영등포구,1156011000,여의도동,11,15,3,2521.0
20260112,여의도역,11,서울특별시,11440,마포구,1144012700,상암동,11,서울특별시,11560,영등포구,1156011000,여의도동,11,30,4,1732.0
20260112,여의도역,11,서울특별시,11440,마포구,1144012700,상암동,11,서울특별시,11560,영등포구,1156011000,여의도동,11,45,2,1964.0
20260112,여의도역,11,서울특별시,11440,마포구,1144012700,상암동,11,서울특별시,11560,영등포구,1156011000,여의도동,12,00,4,1794.0
20260112,여의도역,11,서울특별시,11440,마포구,1144012700,상암동,11,서울특별시,11560,영등포구,1156011000,여의도동,12,15,4,1527.0
20260112,여의도역,11,서울특별시,11440,마포구,1144012700,상암동,11,서울특별시,11560,영등포구,1156011000,여의도동,12,30,3,1941.0
20260112,여의도역,11,서울특별시,11440,마포구,1144012700,상암동,11,서울특별시,11560,영등포구,1156011000,여의도동,12,45,1,2291.0
20260112,여의도역,11,서울특별시,11470,양천구,1147010100,신정동,11,서울특별시,11560,영등포구,1156011000,여의도동,06,00,31,1439.0
20260112,여의도역,11,서울특별시,11470,양천구,1147010100,신정동,11,서울특별시,11560,영등포구,1156011000,여의도동,06,15,50,1537.0
20260112,여의도역,11,서울특별시,11470,양천구,1147010100,신정동,11,서울특별시,11560,영등포구,1156011000,여의도동,06,30,49,1416.0
20260112,여의도역,11,서울특별시,11470,양천구,1147010100,신정동,11,서울특별시,11560,영등포구,1156011000,여의도동,06,45,100,1711.0
20260112,여의도역,11,서울특별시,11470,양천구,1147010100,신정동,11,서울특별시,11560,영등포구,1156011000,여의도동,07,00,114,1646.0
20260112,여의도역,11,서울특별시,11470,양천구,1147010100,신정동,11,서울특별시,11560,영등포구,1156011000,여의도동,07,15,146,1570.0
20260112,여의도역,11,서울특별시,11470,양천구,1147010100,신정동,11,서울특별시,11560,영등포구,1156011000,여의도동,07,30,132,1657.0
20260112,여의도역,11,서울특별시,11470,양천구,1147010100,신정동,11,서울특별시,11560,영등포구,1156011000,여의도동,07,45,169,1612.0
20260112,여의도역,11,서울특별시,11470,양천구,1147010100,신정동,11,서울특별시,11560,영등포구,1156011000,여의도동,08,00,185,1665.0
20260112,여의도역,11,서울특별시,11470,양천구,1147010100,신정동,11,서울특별시,11560,영등포구,1156011000,여의도동,08,15,157,1446.0
20260112,여의도역,11,서울특별시,11470,양천구,1147010100,신정동,11,서울특별시,11560,영등포구,1156011000,여의도동,08,30,87,1427.0
20260112,여의도역,11,서울특별시,11470,양천구,1147010100,신정동,11,서울특별시,11560,영등포구,1156011000,여의도동,08,45,74,1597.0
20260112,여의도역,11,서울특별시,11470,양천구,1147010100,신정동,11,서울특별시,11560,영등포구,1156011000,여의도동,09,00,48,1480.0
20260112,여의도역,11,서울특별시,11470,양천구,1147010100,신정동,11,서울특별시,11560,영등포구,1156011000,여의도동,09,15,47,1510.0
20260112,여의도역,11,서울특별시,11470,양천구,1147010100,신정동,11,서울특별시,11560,영등포구,1156011000,여의도동,09,30,24,1551.0
20260112,여의도역,11,서울특별시,11470,양천구,1147010100,신정동,11,서울특별시,11560,영등포구,1156011000,여의도동,09,45,19,1443.0
20260112,여의도역,11,서울특별시,11470,양천구,1147010100,신정동,11,서울특별시,11560,영등포구,1156011000,여의도동,10,00,20,1472.0
20260112,여의도역,11,서울특별시,11470,양천구,1147010100,신정동,11,서울특별시,11560,영등포구,1156011000,여의도동,10,15,16,1515.0
20260112,여의도역,11,서울특별시,11470,양천구,1147010100,신정동,11,서울특별시,11560,영등포구,1156011000,여의도동,10,30,14,1426.0
20260112,여의도역,11,서울특별시,11470,양천구,1147010100,신정동,11,서울특별시,11560,영등포구,1156011000,여의도동,10,45,19,1672.0
20260112,여의도역,11,서울특별시,11470,양천구,1147010100,신정동,11,서울특별시,11560,영등포구,1156011000,여의도동,11,00,15,1866.0
20260112,여의도역,11,서울특별시,11470,양천구,1147010100,신정동,11,서울특별시,11560,영등포구,1156011000,여의도동,11,15,16,1916.0
20260112,여의도역,11,서울특별시,11470,양천구,1147010100,신정동,11,서울특별시,11560,영등포구,1156011000,여의도동,11,30,9,1760.0
20260112,여의도역,11,서울특별시,11470,양천구,1147010100,신정동,11,서울특별시,11560,영등포구,1156011000,여의도동,11,45,11,1522.0
20260112,여의도역,11,서울특별시,11470,양천구,1147010100,신정동,11,서울특별시,11560,영등포구,1156011000,여의도동,12,00,11,1639.0
20260112,여의도역,11,서울특별시,11470,양천구,1147010100,신정동,11,서울특별시,11560,영등포구,1156011000,여의도동,12,15,17,1721.0
20260112,여의도역,11,서울특별시,11470,양천구,1147010100,신정동,11,서울특별시,11560,영등포구,1156011000,여의도동,12,30,13,1870.0
20260112,여의도역,11,서울특별시,11470,양천구,1147010100,신정동,11,서울특별시,11560,영등포구,1156011000,여의도동,12,45,10,1874.0
20260112,여의도역,11,서울특별시,11470,양천구,1147010200,목동,11,서울특별시,11560,영등포구,1156011000,여의도동,06,00,45,1149.0
20260112,여의도역,11,서울특별시,11470,양천구,1147010200,목동,11,서울특별시,11560,영등포구,1156011000,여의도동,06,15,46,1026.0
20260112,여의도역,11,서울특별시,11470,양천구,1147010200,목동,11,서울특별시,11560,영등포구,1156011000,여의도동,06,30,70,1086.0
20260112,여의도역,11,서울특별시,11470,양천구,1147010200,목동,11,서울특별시,11560,영등포구,1156011000,여의도동,06,45,104,1014.0
20260112,여의도역,11,서울특별시,11470,양천구,1147010200,목동,11,서울특별시,11560,영등포구,1156011000,여의도동,07,00,219,1038.0
20260112,여의도역,11,서울특별시,11470,양천구,1147010200,목동,11,서울특별시,11560,영등포구,1156011000,여의도동,07,15,393,976.0
20260112,여의도역,11,서울특별시,11470,양천구,1147010200,목동,11,서울특별시,11560,영등포구,1156011000,여의도동,07,30,375,1009.0
20260112,여의도역,11,서울특별시,11470,양천구,1147010200,목동,11,서울특별시,11560,영등포구,1156011000,여의도동,07,45,339,1082.0
20260112,여의도역,11,서울특별시,11470,양천구,1147010200,목동,11,서울특별시,11560,영등포구,1156011000,여의도동,08,00,427,1043.0
20260112,여의도역,11,서울특별시,11470,양천구,1147010200,목동,11,서울특별시,11560,영등포구,1156011000,여의도동,08,15,492,1020.0
20260112,여의도역,11,서울특별시,11470,양천구,1147010200,목동,11,서울특별시,11560,영등포구,1156011000,여의도동,08,30,397,952.0
20260112,여의도역,11,서울특별시,11470,양천구,1147010200,목동,11,서울특별시,11560,영등포구,1156011000,여의도동,08,45,156,1048.0
20260112,여의도역,11,서울특별시,11470,양천구,1147010200,목동,11,서울특별시,11560,영등포구,1156011000,여의도동,09,00,153,1053.0
20260112,여의도역,11,서울특별시,11470,양천구,1147010200,목동,11,서울특별시,11560,영등포구,1156011000,여의도동,09,15,99,1071.0
20260112,여의도역,11,서울특별시,11470,양천구,1147010200,목동,11,서울특별시,11560,영등포구,1156011000,여의도동,09,30,82,1068.0
20260112,여의도역,11,서울특별시,11470,양천구,1147010200,목동,11,서울특별시,11560,영등포구,1156011000,여의도동,09,45,67,1086.0
20260112,여의도역,11,서울특별시,11470,양천구,1147010200,목동,11,서울특별시,11560,영등포구,1156011000,여의도동,10,00,47,1043.0
20260112,여의도역,11,서울특별시,11470,양천구,1147010200,목동,11,서울특별시,11560,영등포구,1156011000,여의도동,10,15,56,1112.0
20260112,여의도역,11,서울특별시,11470,양천구,1147010200,목동,11,서울특별시,11560,영등포구,1156011000,여의도동,10,30,61,1035.0
20260112,여의도역,11,서울특별시,11470,양천구,1147010200,목동,11,서울특별시,11560,영등포구,1156011000,여의도동,10,45,42,1032.0
20260112,여의도역,11,서울특별시,11470,양천구,1147010200,목동,11,서울특별시,11560,영등포구,1156011000,여의도동,11,00,37,1119.0
20260112,여의도역,11,서울특별시,11470,양천구,1147010200,목동,11,서울특별시,11560,영등포구,1156011000,여의도동,11,15,35,1179.0
20260112,여의도역,11,서울특별시,11470,양천구,1147010200,목동,11,서울특별시,11560,영등포구,1156011000,여의도동,11,30,28,1065.0
20260112,여의도역,11,서울특별시,11470,양천구,1147010200,목동,11,서울특별시,11560,영등포구,1156011000,여의도동,11,45,32,1146.0
20260112,여의도역,11,서울특별시,11470,양천구,1147010200,목동,11,서울특별시,11560,영등포구,1156011000,여의도동,12,00,35,1292.0
20260112,여의도역,11,서울특별시,11470,양천구,1147010200,목동,11,서울특별시,11560,영등포구,1156011000,여의도동,12,15,48,1112.0
20260112,여의도역,11,서울특별시,11470,양천구,1147010200,목동,11,서울특별시,11560,영등포구,1156011000,여의도동,12,30,49,1014.0
20260112,여의도역,11,서울특별시,11470,양천구,1147010200,목동,11,서울특별시,11560,영등포구,1156011000,여의도동,12,45,36,1099.0
20260112,여의도역,11,서울특별시,11470,양천구,1147010300,신월동,11,서울특별시,11560,영등포구,1156011000,여의도동,06,00,14,1831.0
20260112,여의도역,11,서울특별시,11470,양천구,1147010300,신월동,11,서울특별시,11560,영등포구,1156011000,여의도동,06,15,19,1745.0
20260112,여의도역,11,서울특별시,11470,양천구,1147010300,신월동,11,서울특별시,11560,영등포구,1156011000,여의도동,06,30,28,1944.0
20260112,여의도역,11,서울특별시,11470,양천구,1147010300,신월동,11,서울특별시,11560,영등포구,1156011000,여의도동,06,45,31,2020.0
20260112,여의도역,11,서울특별시,11470,양천구,1147010300,신월동,11,서울특별시,11560,영등포구,1156011000,여의도동,07,00,51,1878.0
20260112,여의도역,11,서울특별시,11470,양천구,1147010300,신월동,11,서울특별시,11560,영등포구,1156011000,여의도동,07,15,70,1830.0
20260112,여의도역,11,서울특별시,11470,양천구,1147010300,신월동,11,서울특별시,11560,영등포구,1156011000,여의도동,07,30,50,1991.0
20260112,여의도역,11,서울특별시,11470,양천구,1147010300,신월동,11,서울특별시,11560,영등포구,1156011000,여의도동,07,45,61,1970.0
20260112,여의도역,11,서울특별시,11470,양천구,1147010300,신월동,11,서울특별시,11560,영등포구,1156011000,여의도동,08,00,81,1818.0
20260112,여의도역,11,서울특별시,11470,양천구,1147010300,신월동,11,서울특별시,11560,영등포구,1156011000,여의도동,08,15,54,1694.0
20260112,여의도역,11,서울특별시,11470,양천구,1147010300,신월동,11,서울특별시,11560,영등포구,1156011000,여의도동,08,30,28,1818.0
20260112,여의도역,11,서울특별시,11470,양천구,1147010300,신월동,11,서울특별시,11560,영등포구,1156011000,여의도동,08,45,26,1749.0
20260112,여의도역,11,서울특별시,11470,양천구,1147010300,신월동,11,서울특별시,11560,영등포구,1156011000,여의도동,09,00,23,1867.0
20260112,여의도역,11,서울특별시,11470,양천구,1147010300,신월동,11,서울특별시,11560,영등포구,1156011000,여의도동,09,15,21,1779.0
20260112,여의도역,11,서울특별시,11470,양천구,1147010300,신월동,11,서울특별시,11560,영등포구,1156011000,여의도동,09,30,11,1958.0
20260112,여의도역,11,서울특별시,11470,양천구,1147010300,신월동,11,서울특별시,11560,영등포구,1156011000,여의도동,09,45,7,1869.0
20260112,여의도역,11,서울특별시,11470,양천구,1147010300,신월동,11,서울특별시,11560,영등포구,1156011000,여의도동,10,00,10,1889.0
20260112,여의도역,11,서울특별시,11470,양천구,1147010300,신월동,11,서울특별시,11560,영등포구,1156011000,여의도동,10,15,6,1606.0
20260112,여의도역,11,서울특별시,11470,양천구,1147010300,신월동,11,서울특별시,11560,영등포구,1156011000,여의도동,10,30,3,1938.0
20260112,여의도역,11,서울특별시,11470,양천구,1147010300,신월동,11,서울특별시,11560,영등포구,1156011000,여의도동,10,45,6,1593.0
20260112,여의도역,11,서울특별시,11470,양천구,1147010300,신월동,11,서울특별시,11560,영등포구,1156011000,여의도동,11,00,6,1572.0
20260112,여의도역,11,서울특별시,11470,양천구,1147010300,신월동,11,서울특별시,11560,영등포구,1156011000,여의도동,11,15,7,2055.0
20260112,여의도역,11,서울특별시,11470,양천구,1147010300,신월동,11,서울특별시,11560,영등포구,1156011000,여의도동,11,30,4,1872.0
20260112,여의도역,11,서울특별시,11470,양천구,1147010300,신월동,11,서울특별시,11560,영등포구,1156011000,여의도동,11,45,6,1892.0
20260112,여의도역,11,서울특별시,11470,양천구,1147010300,신월동,11,서울특별시,11560,영등포구,1156011000,여의도동,12,00,4,2039.0
20260112,여의도역,11,서울특별시,11470,양천구,1147010300,신월동,11,서울특별시,11560,영등포구,1156011000,여의도동,12,15,5,1967.0
20260112,여의도역,11,서울특별시,11470,양천구,1147010300,신월동,11,서울특별시,11560,영등포구,1156011000,여의도동,12,30,3,2162.0
20260112,여의도역,11,서울특별시,11470,양천구,1147010300,신월동,11,서울특별시,11560,영등포구,1156011000,여의도동,12,45,5,1648.0
20260112,여의도역,11,서울특별시,11500,강서구,1150010100,염창동,11,서울특별시,11560,영등포구,1156011000,여의도동,06,00,16,776.0
20260112,여의도역,11,서울특별시,11500,강서구,1150010100,염창동,11,서울특별시,11560,영등포구,1156011000,여의도동,06,15,13,841.0
20260112,여의도역,11,서울특별시,11500,강서구,1150010100,염창동,11,서울특별시,11560,영등포구,1156011000,여의도동,06,30,14,909.0
20260112,여의도역,11,서울특별시,11500,강서구,1150010100,염창동,11,서울특별시,11560,영등포구,1156011000,여의도동,06,45,31,839.0
20260112,여의도역,11,서울특별시,11500,강서구,1150010100,염창동,11,서울특별시,11560,영등포구,1156011000,여의도동,07,00,66,822.0
20260112,여의도역,11,서울특별시,11500,강서구,1150010100,염창동,11,서울특별시,11560,영등포구,1156011000,여의도동,07,15,126,796.0
20260112,여의도역,11,서울특별시,11500,강서구,1150010100,염창동,11,서울특별시,11560,영등포구,1156011000,여의도동,07,30,200,825.0
20260112,여의도역,11,서울특별시,11500,강서구,1150010100,염창동,11,서울특별시,11560,영등포구,1156011000,여의도동,07,45,104,896.0
20260112,여의도역,11,서울특별시,11500,강서구,1150010100,염창동,11,서울특별시,11560,영등포구,1156011000,여의도동,08,00,140,913.0
20260112,여의도역,11,서울특별시,11500,강서구,1150010100,염창동,11,서울특별시,11560,영등포구,1156011000,여의도동,08,15,157,885.0
20260112,여의도역,11,서울특별시,11500,강서구,1150010100,염창동,11,서울특별시,11560,영등포구,1156011000,여의도동,08,30,156,807.0
20260112,여의도역,11,서울특별시,11500,강서구,1150010100,염창동,11,서울특별시,11560,영등포구,1156011000,여의도동,08,45,42,796.0
20260112,여의도역,11,서울특별시,11500,강서구,1150010100,염창동,11,서울특별시,11560,영등포구,1156011000,여의도동,09,00,64,876.0
20260112,여의도역,11,서울특별시,11500,강서구,1150010100,염창동,11,서울특별시,11560,영등포구,1156011000,여의도동,09,15,44,796.0
20260112,여의도역,11,서울특별시,11500,강서구,1150010100,염창동,11,서울특별시,11560,영등포구,1156011000,여의도동,09,30,32,739.0
20260112,여의도역,11,서울특별시,11500,강서구,1150010100,염창동,11,서울특별시,11560,영등포구,1156011000,여의도동,09,45,22,777.0
20260112,여의도역,11,서울특별시,11500,강서구,1150010100,염창동,11,서울특별시,11560,영등포구,1156011000,여의도동,10,00,10,897.0
20260112,여의도역,11,서울특별시,11500,강서구,1150010100,염창동,11,서울특별시,11560,영등포구,1156011000,여의도동,10,15,14,750.0
20260112,여의도역,11,서울특별시,11500,강서구,1150010100,염창동,11,서울특별시,11560,영등포구,1156011000,여의도동,10,30,13,721.0
20260112,여의도역,11,서울특별시,11500,강서구,1150010100,염창동,11,서울특별시,11560,영등포구,1156011000,여의도동,10,45,14,912.0
20260112,여의도역,11,서울특별시,11500,강서구,1150010100,염창동,11,서울특별시,11560,영등포구,1156011000,여의도동,11,00,15,820.0
20260112,여의도역,11,서울특별시,11500,강서구,1150010100,염창동,11,서울특별시,11560,영등포구,1156011000,여의도동,11,15,15,956.0
20260112,여의도역,11,서울특별시,11500,강서구,1150010100,염창동,11,서울특별시,11560,영등포구,1156011000,여의도동,11,30,9,1056.0
20260112,여의도역,11,서울특별시,11500,강서구,1150010100,염창동,11,서울특별시,11560,영등포구,1156011000,여의도동,11,45,10,810.0
20260112,여의도역,11,서울특별시,11500,강서구,1150010100,염창동,11,서울특별시,11560,영등포구,1156011000,여의도동,12,00,15,831.0
20260112,여의도역,11,서울특별시,11500,강서구,1150010100,염창동,11,서울특별시,11560,영등포구,1156011000,여의도동,12,15,7,725.0
20260112,여의도역,11,서울특별시,11500,강서구,1150010100,염창동,11,서울특별시,11560,영등포구,1156011000,여의도동,12,30,32,831.0
20260112,여의도역,11,서울특별시,11500,강서구,1150010100,염창동,11,서울특별시,11560,영등포구,1156011000,여의도동,12,45,6,732.0
20260112,여의도역,11,서울특별시,11500,강서구,1150010200,등촌동,11,서울특별시,11560,영등포구,1156011000,여의도동,06,00,2,1295.0
20260112,여의도역,11,서울특별시,11500,강서구,1150010200,등촌동,11,서울특별시,11560,영등포구,1156011000,여의도동,06,15,7,1364.0
20260112,여의도역,11,서울특별시,11500,강서구,1150010200,등촌동,11,서울특별시,11560,영등포구,1156011000,여의도동,06,30,2,1416.0
20260112,여의도역,11,서울특별시,11500,강서구,1150010200,등촌동,11,서울특별시,11560,영등포구,1156011000,여의도동,06,45,3,1430.0
20260112,여의도역,11,서울특별시,11500,강서구,1150010200,등촌동,11,서울특별시,11560,영등포구,1156011000,여의도동,07,00,12,1490.0
20260112,여의도역,11,서울특별시,11500,강서구,1150010200,등촌동,11,서울특별시,11560,영등포구,1156011000,여의도동,07,15,22,1542.0
20260112,여의도역,11,서울특별시,11500,강서구,1150010200,등촌동,11,서울특별시,11560,영등포구,1156011000,여의도동,07,30,11,1384.0
20260112,여의도역,11,서울특별시,11500,강서구,1150010200,등촌동,11,서울특별시,11560,영등포구,1156011000,여의도동,07,45,13,1490.0
20260112,여의도역,11,서울특별시,11500,강서구,1150010200,등촌동,11,서울특별시,11560,영등포구,1156011000,여의도동,08,00,17,1329.0
20260112,여의도역,11,서울특별시,11500,강서구,1150010200,등촌동,11,서울특별시,11560,영등포구,1156011000,여의도동,08,15,9,1407.0
20260112,여의도역,11,서울특별시,11500,강서구,1150010200,등촌동,11,서울특별시,11560,영등포구,1156011000,여의도동,08,30,14,1293.0
20260112,여의도역,11,서울특별시,11500,강서구,1150010200,등촌동,11,서울특별시,11560,영등포구,1156011000,여의도동,08,45,4,1264.0
20260112,여의도역,11,서울특별시,11500,강서구,1150010200,등촌동,11,서울특별시,11560,영등포구,1156011000,여의도동,09,00,12,1706.0
20260112,여의도역,11,서울특별시,11500,강서구,1150010200,등촌동,11,서울특별시,11560,영등포구,1156011000,여의도동,09,15,8,1291.0
20260112,여의도역,11,서울특별시,11500,강서구,1150010200,등촌동,11,서울특별시,11560,영등포구,1156011000,여의도동,09,30,2,1276.0
20260112,여의도역,11,서울특별시,11500,강서구,1150010200,등촌동,11,서울특별시,11560,영등포구,1156011000,여의도동,09,45,4,1422.0
20260112,여의도역,11,서울특별시,11500,강서구,1150010200,등촌동,11,서울특별시,11560,영등포구,1156011000,여의도동,10,00,4,1967.0
20260112,여의도역,11,서울특별시,11500,강서구,1150010200,등촌동,11,서울특별시,11560,영등포구,1156011000,여의도동,10,15,2,1370.0
20260112,여의도역,11,서울특별시,11500,강서구,1150010200,등촌동,11,서울특별시,11560,영등포구,1156011000,여의도동,10,30,2,1242.0
20260112,여의도역,11,서울특별시,11500,강서구,1150010200,등촌동,11,서울특별시,11560,영등포구,1156011000,여의도동,10,45,1,1832.0
20260112,여의도역,11,서울특별시,11500,강서구,1150010200,등촌동,11,서울특별시,11560,영등포구,1156011000,여의도동,11,00,1,1174.0
20260112,여의도역,11,서울특별시,11500,강서구,1150010200,등촌동,11,서울특별시,11560,영등포구,1156011000,여의도동,11,15,3,1490.0
20260112,여의도역,11,서울특별시,11500,강서구,1150010200,등촌동,11,서울특별시,11560,영등포구,1156011000,여의도동,11,45,1,1389.0
20260112,여의도역,11,서울특별시,11500,강서구,1150010200,등촌동,11,서울특별시,11560,영등포구,1156011000,여의도동,12,15,3,1289.0
20260112,여의도역,11,서울특별시,11500,강서구,1150010200,등촌동,11,서울특별시,11560,영등포구,1156011000,여의도동,12,30,2,1550.0
20260112,여의도역,11,서울특별시,11500,강서구,1150010200,등촌동,11,서울특별시,11560,영등포구,1156011000,여의도동,12,45,1,788.0
20260112,여의도역,11,서울특별시,11500,강서구,1150010300,화곡동,11,서울특별시,11560,영등포구,1156011000,여의도동,06,00,53,1477.0
20260112,여의도역,11,서울특별시,11500,강서구,1150010300,화곡동,11,서울특별시,11560,영등포구,1156011000,여의도동,06,15,57,1386.0
20260112,여의도역,11,서울특별시,11500,강서구,1150010300,화곡동,11,서울특별시,11560,영등포구,1156011000,여의도동,06,30,87,1531.0
20260112,여의도역,11,서울특별시,11500,강서구,1150010300,화곡동,11,서울특별시,11560,영등포구,1156011000,여의도동,06,45,117,1530.0
20260112,여의도역,11,서울특별시,11500,강서구,1150010300,화곡동,11,서울특별시,11560,영등포구,1156011000,여의도동,07,00,208,1546.0
20260112,여의도역,11,서울특별시,11500,강서구,1150010300,화곡동,11,서울특별시,11560,영등포구,1156011000,여의도동,07,15,293,1495.0
20260112,여의도역,11,서울특별시,11500,강서구,1150010300,화곡동,11,서울특별시,11560,영등포구,1156011000,여의도동,07,30,250,1574.0
20260112,여의도역,11,서울특별시,11500,강서구,1150010300,화곡동,11,서울특별시,11560,영등포구,1156011000,여의도동,07,45,320,1543.0
20260112,여의도역,11,서울특별시,11500,강서구,1150010300,화곡동,11,서울특별시,11560,영등포구,1156011000,여의도동,08,00,370,1527.0
20260112,여의도역,11,서울특별시,11500,강서구,1150010300,화곡동,11,서울특별시,11560,영등포구,1156011000,여의도동,08,15,406,1470.0
20260112,여의도역,11,서울특별시,11500,강서구,1150010300,화곡동,11,서울특별시,11560,영등포구,1156011000,여의도동,08,30,194,1453.0
20260112,여의도역,11,서울특별시,11500,강서구,1150010300,화곡동,11,서울특별시,11560,영등포구,1156011000,여의도동,08,45,168,1510.0
20260112,여의도역,11,서울특별시,11500,강서구,1150010300,화곡동,11,서울특별시,11560,영등포구,1156011000,여의도동,09,00,156,1400.0
20260112,여의도역,11,서울특별시,11500,강서구,1150010300,화곡동,11,서울특별시,11560,영등포구,1156011000,여의도동,09,15,124,1440.0
20260112,여의도역,11,서울특별시,11500,강서구,1150010300,화곡동,11,서울특별시,11560,영등포구,1156011000,여의도동,09,30,73,1429.0
20260112,여의도역,11,서울특별시,11500,강서구,1150010300,화곡동,11,서울특별시,11560,영등포구,1156011000,여의도동,09,45,50,1514.0
20260112,여의도역,11,서울특별시,11500,강서구,1150010300,화곡동,11,서울특별시,11560,영등포구,1156011000,여의도동,10,00,32,1368.0
20260112,여의도역,11,서울특별시,11500,강서구,1150010300,화곡동,11,서울특별시,11560,영등포구,1156011000,여의도동,10,15,49,1480.0
20260112,여의도역,11,서울특별시,11500,강서구,1150010300,화곡동,11,서울특별시,11560,영등포구,1156011000,여의도동,10,30,29,1481.0
20260112,여의도역,11,서울특별시,11500,강서구,1150010300,화곡동,11,서울특별시,11560,영등포구,1156011000,여의도동,10,45,37,1427.0
20260112,여의도역,11,서울특별시,11500,강서구,1150010300,화곡동,11,서울특별시,11560,영등포구,1156011000,여의도동,11,00,37,1592.0
20260112,여의도역,11,서울특별시,11500,강서구,1150010300,화곡동,11,서울특별시,11560,영등포구,1156011000,여의도동,11,15,30,1400.0
20260112,여의도역,11,서울특별시,11500,강서구,1150010300,화곡동,11,서울특별시,11560,영등포구,1156011000,여의도동,11,30,22,1600.0
20260112,여의도역,11,서울특별시,11500,강서구,1150010300,화곡동,11,서울특별시,11560,영등포구,1156011000,여의도동,11,45,25,1544.0
20260112,여의도역,11,서울특별시,11500,강서구,1150010300,화곡동,11,서울특별시,11560,영등포구,1156011000,여의도동,12,00,22,1502.0
20260112,여의도역,11,서울특별시,11500,강서구,1150010300,화곡동,11,서울특별시,11560,영등포구,1156011000,여의도동,12,15,25,1538.0
20260112,여의도역,11,서울특별시,11500,강서구,1150010300,화곡동,11,서울특별시,11560,영등포구,1156011000,여의도동,12,30,18,1388.0
20260112,여의도역,11,서울특별시,11500,강서구,1150010300,화곡동,11,서울특별시,11560,영등포구,1156011000,여의도동,12,45,27,1559.0
20260112,여의도역,11,서울특별시,11500,강서구,1150010400,가양동,11,서울특별시,11560,영등포구,1156011000,여의도동,06,00,27,1280.0
20260112,여의도역,11,서울특별시,11500,강서구,1150010400,가양동,11,서울특별시,11560,영등포구,1156011000,여의도동,06,15,35,1481.0
20260112,여의도역,11,서울특별시,11500,강서구,1150010400,가양동,11,서울특별시,11560,영등포구,1156011000,여의도동,06,30,45,1306.0
20260112,여의도역,11,서울특별시,11500,강서구,1150010400,가양동,11,서울특별시,11560,영등포구,1156011000,여의도동,06,45,62,1205.0
20260112,여의도역,11,서울특별시,11500,강서구,1150010400,가양동,11,서울특별시,11560,영등포구,1156011000,여의도동,07,00,147,1191.0
20260112,여의도역,11,서울특별시,11500,강서구,1150010400,가양동,11,서울특별시,11560,영등포구,1156011000,여의도동,07,15,292,1193.0
20260112,여의도역,11,서울특별시,11500,강서구,1150010400,가양동,11,서울특별시,11560,영등포구,1156011000,여의도동,07,30,217,1183.0
20260112,여의도역,11,서울특별시,11500,강서구,1150010400,가양동,11,서울특별시,11560,영등포구,1156011000,여의도동,07,45,231,1265.0
20260112,여의도역,11,서울특별시,11500,강서구,1150010400,가양동,11,서울특별시,11560,영등포구,1156011000,여의도동,08,00,242,1292.0
20260112,여의도역,11,서울특별시,11500,강서구,1150010400,가양동,11,서울특별시,11560,영등포구,1156011000,여의도동,08,15,390,1268.0
20260112,여의도역,11,서울특별시,11500,강서구,1150010400,가양동,11,서울특별시,11560,영등포구,1156011000,여의도동,08,30,183,1158.0
20260112,여의도역,11,서울특별시,11500,강서구,1150010400,가양동,11,서울특별시,11560,영등포구,1156011000,여의도동,08,45,96,1283.0
20260112,여의도역,11,서울특별시,11500,강서구,1150010400,가양동,11,서울특별시,11560,영등포구,1156011000,여의도동,09,00,64,1331.0
20260112,여의도역,11,서울특별시,11500,강서구,1150010400,가양동,11,서울특별시,11560,영등포구,1156011000,여의도동,09,15,66,1243.0
20260112,여의도역,11,서울특별시,11500,강서구,1150010400,가양동,11,서울특별시,11560,영등포구,1156011000,여의도동,09,30,50,1220.0
20260112,여의도역,11,서울특별시,11500,강서구,1150010400,가양동,11,서울특별시,11560,영등포구,1156011000,여의도동,09,45,24,1367.0
20260112,여의도역,11,서울특별시,11500,강서구,1150010400,가양동,11,서울특별시,11560,영등포구,1156011000,여의도동,10,00,21,1275.0
20260112,여의도역,11,서울특별시,11500,강서구,1150010400,가양동,11,서울특별시,11560,영등포구,1156011000,여의도동,10,15,25,1224.0
20260112,여의도역,11,서울특별시,11500,강서구,1150010400,가양동,11,서울특별시,11560,영등포구,1156011000,여의도동,10,30,13,1210.0
20260112,여의도역,11,서울특별시,11500,강서구,1150010400,가양동,11,서울특별시,11560,영등포구,1156011000,여의도동,10,45,28,1408.0
20260112,여의도역,11,서울특별시,11500,강서구,1150010400,가양동,11,서울특별시,11560,영등포구,1156011000,여의도동,11,00,22,1342.0
20260112,여의도역,11,서울특별시,11500,강서구,1150010400,가양동,11,서울특별시,11560,영등포구,1156011000,여의도동,11,15,15,1249.0
20260112,여의도역,11,서울특별시,11500,강서구,1150010400,가양동,11,서울특별시,11560,영등포구,1156011000,여의도동,11,30,22,1219.0
20260112,여의도역,11,서울특별시,11500,강서구,1150010400,가양동,11,서울특별시,11560,영등포구,1156011000,여의도동,11,45,20,1410.0
20260112,여의도역,11,서울특별시,11500,강서구,1150010400,가양동,11,서울특별시,11560,영등포구,1156011000,여의도동,12,00,18,1338.0
20260112,여의도역,11,서울특별시,11500,강서구,1150010400,가양동,11,서울특별시,11560,영등포구,1156011000,여의도동,12,15,17,1311.0
20260112,여의도역,11,서울특별시,11500,강서구,1150010400,가양동,11,서울특별시,11560,영등포구,1156011000,여의도동,12,30,20,1287.0
20260112,여의도역,11,서울특별시,11500,강서구,1150010400,가양동,11,서울특별시,11560,영등포구,1156011000,여의도동,12,45,23,1227.0
20260112,여의도역,11,서울특별시,11500,강서구,1150010500,마곡동,11,서울특별시,11560,영등포구,1156011000,여의도동,06,00,28,1649.0
20260112,여의도역,11,서울특별시,11500,강서구,1150010500,마곡동,11,서울특별시,11560,영등포구,1156011000,여의도동,06,15,19,1521.0
20260112,여의도역,11,서울특별시,11500,강서구,1150010500,마곡동,11,서울특별시,11560,영등포구,1156011000,여의도동,06,30,49,1609.0
20260112,여의도역,11,서울특별시,11500,강서구,1150010500,마곡동,11,서울특별시,11560,영등포구,1156011000,여의도동,06,45,64,1600.0
20260112,여의도역,11,서울특별시,11500,강서구,1150010500,마곡동,11,서울특별시,11560,영등포구,1156011000,여의도동,07,00,144,1604.0
20260112,여의도역,11,서울특별시,11500,강서구,1150010500,마곡동,11,서울특별시,11560,영등포구,1156011000,여의도동,07,15,175,1558.0
20260112,여의도역,11,서울특별시,11500,강서구,1150010500,마곡동,11,서울특별시,11560,영등포구,1156011000,여의도동,07,30,137,1637.0
20260112,여의도역,11,서울특별시,11500,강서구,1150010500,마곡동,11,서울특별시,11560,영등포구,1156011000,여의도동,07,45,171,1663.0
20260112,여의도역,11,서울특별시,11500,강서구,1150010500,마곡동,11,서울특별시,11560,영등포구,1156011000,여의도동,08,00,214,1677.0
20260112,여의도역,11,서울특별시,11500,강서구,1150010500,마곡동,11,서울특별시,11560,영등포구,1156011000,여의도동,08,15,231,1585.0
20260112,여의도역,11,서울특별시,11500,강서구,1150010500,마곡동,11,서울특별시,11560,영등포구,1156011000,여의도동,08,30,69,1588.0
20260112,여의도역,11,서울특별시,11500,강서구,1150010500,마곡동,11,서울특별시,11560,영등포구,1156011000,여의도동,08,45,56,1621.0
20260112,여의도역,11,서울특별시,11500,강서구,1150010500,마곡동,11,서울특별시,11560,영등포구,1156011000,여의도동,09,00,49,1539.0
20260112,여의도역,11,서울특별시,11500,강서구,1150010500,마곡동,11,서울특별시,11560,영등포구,1156011000,여의도동,09,15,46,1676.0
20260112,여의도역,11,서울특별시,11500,강서구,1150010500,마곡동,11,서울특별시,11560,영등포구,1156011000,여의도동,09,30,26,1640.0
20260112,여의도역,11,서울특별시,11500,강서구,1150010500,마곡동,11,서울특별시,11560,영등포구,1156011000,여의도동,09,45,28,1722.0
20260112,여의도역,11,서울특별시,11500,강서구,1150010500,마곡동,11,서울특별시,11560,영등포구,1156011000,여의도동,10,00,18,1756.0
20260112,여의도역,11,서울특별시,11500,강서구,1150010500,마곡동,11,서울특별시,11560,영등포구,1156011000,여의도동,10,15,26,1691.0
20260112,여의도역,11,서울특별시,11500,강서구,1150010500,마곡동,11,서울특별시,11560,영등포구,1156011000,여의도동,10,30,22,1519.0
20260112,여의도역,11,서울특별시,11500,강서구,1150010500,마곡동,11,서울특별시,11560,영등포구,1156011000,여의도동,10,45,21,1657.0
20260112,여의도역,11,서울특별시,11500,강서구,1150010500,마곡동,11,서울특별시,11560,영등포구,1156011000,여의도동,11,00,16,1597.0
20260112,여의도역,11,서울특별시,11500,강서구,1150010500,마곡동,11,서울특별시,11560,영등포구,1156011000,여의도동,11,15,20,1816.0
20260112,여의도역,11,서울특별시,11500,강서구,1150010500,마곡동,11,서울특별시,11560,영등포구,1156011000,여의도동,11,30,12,1657.0
20260112,여의도역,11,서울특별시,11500,강서구,1150010500,마곡동,11,서울특별시,11560,영등포구,1156011000,여의도동,11,45,16,1851.0
20260112,여의도역,11,서울특별시,11500,강서구,1150010500,마곡동,11,서울특별시,11560,영등포구,1156011000,여의도동,12,00,22,1659.0
20260112,여의도역,11,서울특별시,11500,강서구,1150010500,마곡동,11,서울특별시,11560,영등포구,1156011000,여의도동,12,15,19,1656.0
20260112,여의도역,11,서울특별시,11500,강서구,1150010500,마곡동,11,서울특별시,11560,영등포구,1156011000,여의도동,12,30,16,1466.0
20260112,여의도역,11,서울특별시,11500,강서구,1150010500,마곡동,11,서울특별시,11560,영등포구,1156011000,여의도동,12,45,22,1672.0
20260112,여의도역,11,서울특별시,11500,강서구,1150010600,내발산동,11,서울특별시,11560,영등포구,1156011000,여의도동,06,00,4,1590.0
20260112,여의도역,11,서울특별시,11500,강서구,1150010600,내발산동,11,서울특별시,11560,영등포구,1156011000,여의도동,06,15,1,1674.0
20260112,여의도역,11,서울특별시,11500,강서구,1150010600,내발산동,11,서울특별시,11560,영등포구,1156011000,여의도동,06,30,12,1788.0
20260112,여의도역,11,서울특별시,11500,강서구,1150010600,내발산동,11,서울특별시,11560,영등포구,1156011000,여의도동,06,45,5,1648.0
20260112,여의도역,11,서울특별시,11500,강서구,1150010600,내발산동,11,서울특별시,11560,영등포구,1156011000,여의도동,07,00,16,1874.0
20260112,여의도역,11,서울특별시,11500,강서구,1150010600,내발산동,11,서울특별시,11560,영등포구,1156011000,여의도동,07,15,18,1998.0
20260112,여의도역,11,서울특별시,11500,강서구,1150010600,내발산동,11,서울특별시,11560,영등포구,1156011000,여의도동,07,30,9,1838.0
20260112,여의도역,11,서울특별시,11500,강서구,1150010600,내발산동,11,서울특별시,11560,영등포구,1156011000,여의도동,07,45,22,1970.0
20260112,여의도역,11,서울특별시,11500,강서구,1150010600,내발산동,11,서울특별시,11560,영등포구,1156011000,여의도동,08,00,19,1942.0
20260112,여의도역,11,서울특별시,11500,강서구,1150010600,내발산동,11,서울특별시,11560,영등포구,1156011000,여의도동,08,15,13,1808.0
20260112,여의도역,11,서울특별시,11500,강서구,1150010600,내발산동,11,서울특별시,11560,영등포구,1156011000,여의도동,08,30,3,1979.0
20260112,여의도역,11,서울특별시,11500,강서구,1150010600,내발산동,11,서울특별시,11560,영등포구,1156011000,여의도동,08,45,5,1944.0
20260112,여의도역,11,서울특별시,11500,강서구,1150010600,내발산동,11,서울특별시,11560,영등포구,1156011000,여의도동,09,00,6,1917.0
20260112,여의도역,11,서울특별시,11500,강서구,1150010600,내발산동,11,서울특별시,11560,영등포구,1156011000,여의도동,09,15,5,1520.0
20260112,여의도역,11,서울특별시,11500,강서구,1150010600,내발산동,11,서울특별시,11560,영등포구,1156011000,여의도동,09,30,2,1889.0
20260112,여의도역,11,서울특별시,11500,강서구,1150010600,내발산동,11,서울특별시,11560,영등포구,1156011000,여의도동,10,00,2,1932.0
20260112,여의도역,11,서울특별시,11500,강서구,1150010600,내발산동,11,서울특별시,11560,영등포구,1156011000,여의도동,11,30,1,1645.0
20260112,여의도역,11,서울특별시,11500,강서구,1150010600,내발산동,11,서울특별시,11560,영등포구,1156011000,여의도동,11,45,2,1573.0
20260112,여의도역,11,서울특별시,11500,강서구,1150010600,내발산동,11,서울특별시,11560,영등포구,1156011000,여의도동,12,15,3,1871.0
20260112,여의도역,11,서울특별시,11500,강서구,1150010600,내발산동,11,서울특별시,11560,영등포구,1156011000,여의도동,12,30,1,2006.0
20260112,여의도역,11,서울특별시,11500,강서구,1150010600,내발산동,11,서울특별시,11560,영등포구,1156011000,여의도동,12,45,1,2183.0
20260112,여의도역,11,서울특별시,11500,강서구,1150010800,공항동,11,서울특별시,11560,영등포구,1156011000,여의도동,06,00,5,1998.0
20260112,여의도역,11,서울특별시,11500,강서구,1150010800,공항동,11,서울특별시,11560,영등포구,1156011000,여의도동,06,15,5,2057.0
20260112,여의도역,11,서울특별시,11500,강서구,1150010800,공항동,11,서울특별시,11560,영등포구,1156011000,여의도동,06,30,9,1781.0
20260112,여의도역,11,서울특별시,11500,강서구,1150010800,공항동,11,서울특별시,11560,영등포구,1156011000,여의도동,06,45,15,1947.0
20260112,여의도역,11,서울특별시,11500,강서구,1150010800,공항동,11,서울특별시,11560,영등포구,1156011000,여의도동,07,00,16,1784.0
20260112,여의도역,11,서울특별시,11500,강서구,1150010800,공항동,11,서울특별시,11560,영등포구,1156011000,여의도동,07,15,18,1912.0
20260112,여의도역,11,서울특별시,11500,강서구,1150010800,공항동,11,서울특별시,11560,영등포구,1156011000,여의도동,07,30,26,1976.0
20260112,여의도역,11,서울특별시,11500,강서구,1150010800,공항동,11,서울특별시,11560,영등포구,1156011000,여의도동,07,45,15,1990.0
20260112,여의도역,11,서울특별시,11500,강서구,1150010800,공항동,11,서울특별시,11560,영등포구,1156011000,여의도동,08,00,40,1999.0
20260112,여의도역,11,서울특별시,11500,강서구,1150010800,공항동,11,서울특별시,11560,영등포구,1156011000,여의도동,08,15,19,1896.0
20260112,여의도역,11,서울특별시,11500,강서구,1150010800,공항동,11,서울특별시,11560,영등포구,1156011000,여의도동,08,30,12,1888.0
20260112,여의도역,11,서울특별시,11500,강서구,1150010800,공항동,11,서울특별시,11560,영등포구,1156011000,여의도동,08,45,13,1847.0
20260112,여의도역,11,서울특별시,11500,강서구,1150010800,공항동,11,서울특별시,11560,영등포구,1156011000,여의도동,09,00,7,1896.0
20260112,여의도역,11,서울특별시,11500,강서구,1150010800,공항동,11,서울특별시,11560,영등포구,1156011000,여의도동,09,15,8,1842.0
20260112,여의도역,11,서울특별시,11500,강서구,1150010800,공항동,11,서울특별시,11560,영등포구,1156011000,여의도동,09,30,5,1878.0
20260112,여의도역,11,서울특별시,11500,강서구,1150010800,공항동,11,서울특별시,11560,영등포구,1156011000,여의도동,09,45,2,2149.0
20260112,여의도역,11,서울특별시,11500,강서구,1150010800,공항동,11,서울특별시,11560,영등포구,1156011000,여의도동,10,00,6,1884.0
20260112,여의도역,11,서울특별시,11500,강서구,1150010800,공항동,11,서울특별시,11560,영등포구,1156011000,여의도동,10,15,1,1947.0
20260112,여의도역,11,서울특별시,11500,강서구,1150010800,공항동,11,서울특별시,11560,영등포구,1156011000,여의도동,10,30,1,2942.0
20260112,여의도역,11,서울특별시,11500,강서구,1150010800,공항동,11,서울특별시,11560,영등포구,1156011000,여의도동,10,45,6,2063.0
20260112,여의도역,11,서울특별시,11500,강서구,1150010800,공항동,11,서울특별시,11560,영등포구,1156011000,여의도동,11,00,7,1996.0
20260112,여의도역,11,서울특별시,11500,강서구,1150010800,공항동,11,서울특별시,11560,영등포구,1156011000,여의도동,11,15,1,1823.0
20260112,여의도역,11,서울특별시,11500,강서구,1150010800,공항동,11,서울특별시,11560,영등포구,1156011000,여의도동,11,45,3,2000.0
20260112,여의도역,11,서울특별시,11500,강서구,1150010800,공항동,11,서울특별시,11560,영등포구,1156011000,여의도동,12,00,7,2059.0
20260112,여의도역,11,서울특별시,11500,강서구,1150010800,공항동,11,서울특별시,11560,영등포구,1156011000,여의도동,12,15,3,1778.0
20260112,여의도역,11,서울특별시,11500,강서구,1150010800,공항동,11,서울특별시,11560,영등포구,1156011000,여의도동,12,30,1,1670.0
20260112,여의도역,11,서울특별시,11500,강서구,1150010800,공항동,11,서울특별시,11560,영등포구,1156011000,여의도동,12,45,5,2000.0
20260112,여의도역,11,서울특별시,11500,강서구,1150010900,방화동,11,서울특별시,11560,영등포구,1156011000,여의도동,06,00,14,2016.0
20260112,여의도역,11,서울특별시,11500,강서구,1150010900,방화동,11,서울특별시,11560,영등포구,1156011000,여의도동,06,15,13,2099.0
20260112,여의도역,11,서울특별시,11500,강서구,1150010900,방화동,11,서울특별시,11560,영등포구,1156011000,여의도동,06,30,11,2151.0
20260112,여의도역,11,서울특별시,11500,강서구,1150010900,방화동,11,서울특별시,11560,영등포구,1156011000,여의도동,06,45,31,2229.0
20260112,여의도역,11,서울특별시,11500,강서구,1150010900,방화동,11,서울특별시,11560,영등포구,1156011000,여의도동,07,00,53,2211.0
20260112,여의도역,11,서울특별시,11500,강서구,1150010900,방화동,11,서울특별시,11560,영등포구,1156011000,여의도동,07,15,33,2135.0
20260112,여의도역,11,서울특별시,11500,강서구,1150010900,방화동,11,서울특별시,11560,영등포구,1156011000,여의도동,07,30,38,2232.0
20260112,여의도역,11,서울특별시,11500,강서구,1150010900,방화동,11,서울특별시,11560,영등포구,1156011000,여의도동,07,45,53,2255.0
20260112,여의도역,11,서울특별시,11500,강서구,1150010900,방화동,11,서울특별시,11560,영등포구,1156011000,여의도동,08,00,68,2211.0
20260112,여의도역,11,서울특별시,11500,강서구,1150010900,방화동,11,서울특별시,11560,영등포구,1156011000,여의도동,08,15,26,2103.0
20260112,여의도역,11,서울특별시,11500,강서구,1150010900,방화동,11,서울특별시,11560,영등포구,1156011000,여의도동,08,30,39,2059.0
20260112,여의도역,11,서울특별시,11500,강서구,1150010900,방화동,11,서울특별시,11560,영등포구,1156011000,여의도동,08,45,26,2011.0
20260112,여의도역,11,서울특별시,11500,강서구,1150010900,방화동,11,서울특별시,11560,영등포구,1156011000,여의도동,09,00,28,2126.0
20260112,여의도역,11,서울특별시,11500,강서구,1150010900,방화동,11,서울특별시,11560,영등포구,1156011000,여의도동,09,15,4,1826.0
20260112,여의도역,11,서울특별시,11500,강서구,1150010900,방화동,11,서울특별시,11560,영등포구,1156011000,여의도동,09,30,10,2037.0
20260112,여의도역,11,서울특별시,11500,강서구,1150010900,방화동,11,서울특별시,11560,영등포구,1156011000,여의도동,09,45,8,2014.0
20260112,여의도역,11,서울특별시,11500,강서구,1150010900,방화동,11,서울특별시,11560,영등포구,1156011000,여의도동,10,00,19,1795.0
20260112,여의도역,11,서울특별시,11500,강서구,1150010900,방화동,11,서울특별시,11560,영등포구,1156011000,여의도동,10,15,13,1810.0
20260112,여의도역,11,서울특별시,11500,강서구,1150010900,방화동,11,서울특별시,11560,영등포구,1156011000,여의도동,10,30,11,1825.0
20260112,여의도역,11,서울특별시,11500,강서구,1150010900,방화동,11,서울특별시,11560,영등포구,1156011000,여의도동,10,45,6,1970.0
20260112,여의도역,11,서울특별시,11500,강서구,1150010900,방화동,11,서울특별시,11560,영등포구,1156011000,여의도동,11,00,7,1728.0
20260112,여의도역,11,서울특별시,11500,강서구,1150010900,방화동,11,서울특별시,11560,영등포구,1156011000,여의도동,11,15,5,2547.0
20260112,여의도역,11,서울특별시,11500,강서구,1150010900,방화동,11,서울특별시,11560,영등포구,1156011000,여의도동,11,30,3,1790.0
20260112,여의도역,11,서울특별시,11500,강서구,1150010900,방화동,11,서울특별시,11560,영등포구,1156011000,여의도동,11,45,5,1893.0
20260112,여의도역,11,서울특별시,11500,강서구,1150010900,방화동,11,서울특별시,11560,영등포구,1156011000,여의도동,12,00,7,2041.0
20260112,여의도역,11,서울특별시,11500,강서구,1150010900,방화동,11,서울특별시,11560,영등포구,1156011000,여의도동,12,15,4,2243.0
20260112,여의도역,11,서울특별시,11500,강서구,1150010900,방화동,11,서울특별시,11560,영등포구,1156011000,여의도동,12,30,5,2060.0
20260112,여의도역,11,서울특별시,11500,강서구,1150010900,방화동,11,서울특별시,11560,영등포구,1156011000,여의도동,12,45,9,2256.0
20260112,여의도역,11,서울특별시,11500,강서구,1150011000,개화동,11,서울특별시,11560,영등포구,1156011000,여의도동,06,00,5,2554.0
20260112,여의도역,11,서울특별시,11500,강서구,1150011000,개화동,11,서울특별시,11560,영등포구,1156011000,여의도동,06,15,10,2246.0
20260112,여의도역,11,서울특별시,11500,강서구,1150011000,개화동,11,서울특별시,11560,영등포구,1156011000,여의도동,06,30,8,2413.0
20260112,여의도역,11,서울특별시,11500,강서구,1150011000,개화동,11,서울특별시,11560,영등포구,1156011000,여의도동,06,45,13,2647.0
20260112,여의도역,11,서울특별시,11500,강서구,1150011000,개화동,11,서울특별시,11560,영등포구,1156011000,여의도동,07,00,11,2476.0
20260112,여의도역,11,서울특별시,11500,강서구,1150011000,개화동,11,서울특별시,11560,영등포구,1156011000,여의도동,07,15,7,2726.0
20260112,여의도역,11,서울특별시,11500,강서구,1150011000,개화동,11,서울특별시,11560,영등포구,1156011000,여의도동,07,30,14,3044.0
20260112,여의도역,11,서울특별시,11500,강서구,1150011000,개화동,11,서울특별시,11560,영등포구,1156011000,여의도동,07,45,11,2474.0
20260112,여의도역,11,서울특별시,11500,강서구,1150011000,개화동,11,서울특별시,11560,영등포구,1156011000,여의도동,08,00,4,2367.0
20260112,여의도역,11,서울특별시,11500,강서구,1150011000,개화동,11,서울특별시,11560,영등포구,1156011000,여의도동,08,15,1,2206.0
20260112,여의도역,11,서울특별시,11500,강서구,1150011000,개화동,11,서울특별시,11560,영등포구,1156011000,여의도동,08,30,4,2640.0
20260112,여의도역,11,서울특별시,11500,강서구,1150011000,개화동,11,서울특별시,11560,영등포구,1156011000,여의도동,08,45,1,2357.0
20260112,여의도역,11,서울특별시,11500,강서구,1150011000,개화동,11,서울특별시,11560,영등포구,1156011000,여의도동,09,00,2,2571.0
20260112,여의도역,11,서울특별시,11500,강서구,1150011000,개화동,11,서울특별시,11560,영등포구,1156011000,여의도동,09,15,2,2510.0
20260112,여의도역,11,서울특별시,11500,강서구,1150011000,개화동,11,서울특별시,11560,영등포구,1156011000,여의도동,09,30,1,2651.0
20260112,여의도역,11,서울특별시,11500,강서구,1150011000,개화동,11,서울특별시,11560,영등포구,1156011000,여의도동,09,45,1,2348.0
20260112,여의도역,11,서울특별시,11500,강서구,1150011000,개화동,11,서울특별시,11560,영등포구,1156011000,여의도동,10,00,1,2767.0
20260112,여의도역,11,서울특별시,11500,강서구,1150011000,개화동,11,서울특별시,11560,영등포구,1156011000,여의도동,12,00,1,2416.0
20260112,여의도역,11,서울특별시,11500,강서구,1150011100,과해동,11,서울특별시,11560,영등포구,1156011000,여의도동,06,30,1,1981.0
20260112,여의도역,11,서울특별시,11500,강서구,1150011100,과해동,11,서울특별시,11560,영등포구,1156011000,여의도동,06,45,2,2184.0
20260112,여의도역,11,서울특별시,11500,강서구,1150011100,과해동,11,서울특별시,11560,영등포구,1156011000,여의도동,07,00,2,2121.0
20260112,여의도역,11,서울특별시,11500,강서구,1150011100,과해동,11,서울특별시,11560,영등포구,1156011000,여의도동,07,15,1,1914.0
20260112,여의도역,11,서울특별시,11500,강서구,1150011100,과해동,11,서울특별시,11560,영등포구,1156011000,여의도동,07,30,1,1950.0
20260112,여의도역,11,서울특별시,11500,강서구,1150011100,과해동,11,서울특별시,11560,영등포구,1156011000,여의도동,07,45,3,2195.0
20260112,여의도역,11,서울특별시,11500,강서구,1150011100,과해동,11,서울특별시,11560,영등포구,1156011000,여의도동,08,15,1,2039.0
20260112,여의도역,11,서울특별시,11500,강서구,1150011100,과해동,11,서울특별시,11560,영등포구,1156011000,여의도동,08,30,4,2151.0
20260112,여의도역,11,서울특별시,11500,강서구,1150011100,과해동,11,서울특별시,11560,영등포구,1156011000,여의도동,08,45,8,2223.0
20260112,여의도역,11,서울특별시,11500,강서구,1150011100,과해동,11,서울특별시,11560,영등포구,1156011000,여의도동,09,00,1,2026.0
20260112,여의도역,11,서울특별시,11500,강서구,1150011100,과해동,11,서울특별시,11560,영등포구,1156011000,여의도동,09,15,1,2053.0
20260112,여의도역,11,서울특별시,11500,강서구,1150011100,과해동,11,서울특별시,11560,영등포구,1156011000,여의도동,09,30,5,1922.0
20260112,여의도역,11,서울특별시,11500,강서구,1150011100,과해동,11,서울특별시,11560,영등포구,1156011000,여의도동,10,00,6,2186.0
20260112,여의도역,11,서울특별시,11500,강서구,1150011100,과해동,11,서울특별시,11560,영등포구,1156011000,여의도동,10,15,1,1962.0
20260112,여의도역,11,서울특별시,11500,강서구,1150011100,과해동,11,서울특별시,11560,영등포구,1156011000,여의도동,10,30,4,2252.0
20260112,여의도역,11,서울특별시,11500,강서구,1150011100,과해동,11,서울특별시,11560,영등포구,1156011000,여의도동,10,45,3,1913.0
20260112,여의도역,11,서울특별시,11500,강서구,1150011100,과해동,11,서울특별시,11560,영등포구,1156011000,여의도동,11,15,5,2183.0
20260112,여의도역,11,서울특별시,11500,강서구,1150011100,과해동,11,서울특별시,11560,영등포구,1156011000,여의도동,12,00,1,1937.0
20260112,여의도역,11,서울특별시,11500,강서구,1150011100,과해동,11,서울특별시,11560,영등포구,1156011000,여의도동,12,15,2,2113.0
20260112,여의도역,11,서울특별시,11530,구로구,1153010100,신도림동,11,서울특별시,11560,영등포구,1156011000,여의도동,06,00,8,946.0
20260112,여의도역,11,서울특별시,11530,구로구,1153010100,신도림동,11,서울특별시,11560,영등포구,1156011000,여의도동,06,15,13,1020.0
20260112,여의도역,11,서울특별시,11530,구로구,1153010100,신도림동,11,서울특별시,11560,영등포구,1156011000,여의도동,06,30,16,843.0
20260112,여의도역,11,서울특별시,11530,구로구,1153010100,신도림동,11,서울특별시,11560,영등포구,1156011000,여의도동,06,45,25,1095.0
20260112,여의도역,11,서울특별시,11530,구로구,1153010100,신도림동,11,서울특별시,11560,영등포구,1156011000,여의도동,07,00,45,992.0
20260112,여의도역,11,서울특별시,11530,구로구,1153010100,신도림동,11,서울특별시,11560,영등포구,1156011000,여의도동,07,15,92,1011.0
20260112,여의도역,11,서울특별시,11530,구로구,1153010100,신도림동,11,서울특별시,11560,영등포구,1156011000,여의도동,07,30,58,1203.0
20260112,여의도역,11,서울특별시,11530,구로구,1153010100,신도림동,11,서울특별시,11560,영등포구,1156011000,여의도동,07,45,55,1217.0
20260112,여의도역,11,서울특별시,11530,구로구,1153010100,신도림동,11,서울특별시,11560,영등포구,1156011000,여의도동,08,00,68,1076.0
20260112,여의도역,11,서울특별시,11530,구로구,1153010100,신도림동,11,서울특별시,11560,영등포구,1156011000,여의도동,08,15,89,970.0
20260112,여의도역,11,서울특별시,11530,구로구,1153010100,신도림동,11,서울특별시,11560,영등포구,1156011000,여의도동,08,30,67,980.0
20260112,여의도역,11,서울특별시,11530,구로구,1153010100,신도림동,11,서울특별시,11560,영등포구,1156011000,여의도동,08,45,34,944.0
20260112,여의도역,11,서울특별시,11530,구로구,1153010100,신도림동,11,서울특별시,11560,영등포구,1156011000,여의도동,09,00,34,905.0
20260112,여의도역,11,서울특별시,11530,구로구,1153010100,신도림동,11,서울특별시,11560,영등포구,1156011000,여의도동,09,15,25,1004.0
20260112,여의도역,11,서울특별시,11530,구로구,1153010100,신도림동,11,서울특별시,11560,영등포구,1156011000,여의도동,09,30,35,937.0
20260112,여의도역,11,서울특별시,11530,구로구,1153010100,신도림동,11,서울특별시,11560,영등포구,1156011000,여의도동,09,45,8,1095.0
20260112,여의도역,11,서울특별시,11530,구로구,1153010100,신도림동,11,서울특별시,11560,영등포구,1156011000,여의도동,10,00,10,940.0
20260112,여의도역,11,서울특별시,11530,구로구,1153010100,신도림동,11,서울특별시,11560,영등포구,1156011000,여의도동,10,15,9,1079.0
20260112,여의도역,11,서울특별시,11530,구로구,1153010100,신도림동,11,서울특별시,11560,영등포구,1156011000,여의도동,10,30,21,993.0
20260112,여의도역,11,서울특별시,11530,구로구,1153010100,신도림동,11,서울특별시,11560,영등포구,1156011000,여의도동,10,45,9,1031.0
20260112,여의도역,11,서울특별시,11530,구로구,1153010100,신도림동,11,서울특별시,11560,영등포구,1156011000,여의도동,11,00,6,809.0
20260112,여의도역,11,서울특별시,11530,구로구,1153010100,신도림동,11,서울특별시,11560,영등포구,1156011000,여의도동,11,15,12,922.0
20260112,여의도역,11,서울특별시,11530,구로구,1153010100,신도림동,11,서울특별시,11560,영등포구,1156011000,여의도동,11,30,9,1029.0
20260112,여의도역,11,서울특별시,11530,구로구,1153010100,신도림동,11,서울특별시,11560,영등포구,1156011000,여의도동,11,45,3,744.0
20260112,여의도역,11,서울특별시,11530,구로구,1153010100,신도림동,11,서울특별시,11560,영등포구,1156011000,여의도동,12,00,5,1161.0
20260112,여의도역,11,서울특별시,11530,구로구,1153010100,신도림동,11,서울특별시,11560,영등포구,1156011000,여의도동,12,15,7,960.0
20260112,여의도역,11,서울특별시,11530,구로구,1153010100,신도림동,11,서울특별시,11560,영등포구,1156011000,여의도동,12,30,12,948.0
20260112,여의도역,11,서울특별시,11530,구로구,1153010100,신도림동,11,서울특별시,11560,영등포구,1156011000,여의도동,12,45,4,825.0
20260112,여의도역,11,서울특별시,11530,구로구,1153010200,구로동,11,서울특별시,11560,영등포구,1156011000,여의도동,06,00,19,1380.0
20260112,여의도역,11,서울특별시,11530,구로구,1153010200,구로동,11,서울특별시,11560,영등포구,1156011000,여의도동,06,15,32,1460.0
20260112,여의도역,11,서울특별시,11530,구로구,1153010200,구로동,11,서울특별시,11560,영등포구,1156011000,여의도동,06,30,36,1461.0
20260112,여의도역,11,서울특별시,11530,구로구,1153010200,구로동,11,서울특별시,11560,영등포구,1156011000,여의도동,06,45,39,1607.0
20260112,여의도역,11,서울특별시,11530,구로구,1153010200,구로동,11,서울특별시,11560,영등포구,1156011000,여의도동,07,00,89,1574.0
20260112,여의도역,11,서울특별시,11530,구로구,1153010200,구로동,11,서울특별시,11560,영등포구,1156011000,여의도동,07,15,118,1576.0
20260112,여의도역,11,서울특별시,11530,구로구,1153010200,구로동,11,서울특별시,11560,영등포구,1156011000,여의도동,07,30,100,1465.0
20260112,여의도역,11,서울특별시,11530,구로구,1153010200,구로동,11,서울특별시,11560,영등포구,1156011000,여의도동,07,45,138,1493.0
20260112,여의도역,11,서울특별시,11530,구로구,1153010200,구로동,11,서울특별시,11560,영등포구,1156011000,여의도동,08,00,133,1475.0
20260112,여의도역,11,서울특별시,11530,구로구,1153010200,구로동,11,서울특별시,11560,영등포구,1156011000,여의도동,08,15,158,1477.0
20260112,여의도역,11,서울특별시,11530,구로구,1153010200,구로동,11,서울특별시,11560,영등포구,1156011000,여의도동,08,30,103,1392.0
20260112,여의도역,11,서울특별시,11530,구로구,1153010200,구로동,11,서울특별시,11560,영등포구,1156011000,여의도동,08,45,103,1471.0
20260112,여의도역,11,서울특별시,11530,구로구,1153010200,구로동,11,서울특별시,11560,영등포구,1156011000,여의도동,09,00,80,1421.0
20260112,여의도역,11,서울특별시,11530,구로구,1153010200,구로동,11,서울특별시,11560,영등포구,1156011000,여의도동,09,15,54,1454.0
20260112,여의도역,11,서울특별시,11530,구로구,1153010200,구로동,11,서울특별시,11560,영등포구,1156011000,여의도동,09,30,30,1452.0
20260112,여의도역,11,서울특별시,11530,구로구,1153010200,구로동,11,서울특별시,11560,영등포구,1156011000,여의도동,09,45,19,1461.0
20260112,여의도역,11,서울특별시,11530,구로구,1153010200,구로동,11,서울특별시,11560,영등포구,1156011000,여의도동,10,00,29,1542.0
20260112,여의도역,11,서울특별시,11530,구로구,1153010200,구로동,11,서울특별시,11560,영등포구,1156011000,여의도동,10,15,26,1673.0
20260112,여의도역,11,서울특별시,11530,구로구,1153010200,구로동,11,서울특별시,11560,영등포구,1156011000,여의도동,10,30,19,1614.0
20260112,여의도역,11,서울특별시,11530,구로구,1153010200,구로동,11,서울특별시,11560,영등포구,1156011000,여의도동,10,45,21,1792.0
20260112,여의도역,11,서울특별시,11530,구로구,1153010200,구로동,11,서울특별시,11560,영등포구,1156011000,여의도동,11,00,13,1638.0
20260112,여의도역,11,서울특별시,11530,구로구,1153010200,구로동,11,서울특별시,11560,영등포구,1156011000,여의도동,11,15,23,1488.0
20260112,여의도역,11,서울특별시,11530,구로구,1153010200,구로동,11,서울특별시,11560,영등포구,1156011000,여의도동,11,30,13,1871.0
20260112,여의도역,11,서울특별시,11530,구로구,1153010200,구로동,11,서울특별시,11560,영등포구,1156011000,여의도동,11,45,15,1697.0
20260112,여의도역,11,서울특별시,11530,구로구,1153010200,구로동,11,서울특별시,11560,영등포구,1156011000,여의도동,12,00,21,1552.0
20260112,여의도역,11,서울특별시,11530,구로구,1153010200,구로동,11,서울특별시,11560,영등포구,1156011000,여의도동,12,15,20,2245.0
20260112,여의도역,11,서울특별시,11530,구로구,1153010200,구로동,11,서울특별시,11560,영등포구,1156011000,여의도동,12,30,12,1536.0
20260112,여의도역,11,서울특별시,11530,구로구,1153010200,구로동,11,서울특별시,11560,영등포구,1156011000,여의도동,12,45,23,1596.0
20260112,여의도역,11,서울특별시,11530,구로구,1153010300,가리봉동,11,서울특별시,11560,영등포구,1156011000,여의도동,06,45,3,2395.0
20260112,여의도역,11,서울특별시,11530,구로구,1153010300,가리봉동,11,서울특별시,11560,영등포구,1156011000,여의도동,07,00,4,2375.0
20260112,여의도역,11,서울특별시,11530,구로구,1153010300,가리봉동,11,서울특별시,11560,영등포구,1156011000,여의도동,07,15,4,2295.0
20260112,여의도역,11,서울특별시,11530,구로구,1153010300,가리봉동,11,서울특별시,11560,영등포구,1156011000,여의도동,07,30,5,2008.0
20260112,여의도역,11,서울특별시,11530,구로구,1153010300,가리봉동,11,서울특별시,11560,영등포구,1156011000,여의도동,07,45,6,1886.0
20260112,여의도역,11,서울특별시,11530,구로구,1153010300,가리봉동,11,서울특별시,11560,영등포구,1156011000,여의도동,08,00,6,2211.0
20260112,여의도역,11,서울특별시,11530,구로구,1153010300,가리봉동,11,서울특별시,11560,영등포구,1156011000,여의도동,08,15,3,2316.0
20260112,여의도역,11,서울특별시,11530,구로구,1153010300,가리봉동,11,서울특별시,11560,영등포구,1156011000,여의도동,08,30,4,2248.0
20260112,여의도역,11,서울특별시,11530,구로구,1153010300,가리봉동,11,서울특별시,11560,영등포구,1156011000,여의도동,08,45,4,1735.0
20260112,여의도역,11,서울특별시,11530,구로구,1153010300,가리봉동,11,서울특별시,11560,영등포구,1156011000,여의도동,09,00,4,1793.0
20260112,여의도역,11,서울특별시,11530,구로구,1153010300,가리봉동,11,서울특별시,11560,영등포구,1156011000,여의도동,09,15,3,2053.0
20260112,여의도역,11,서울특별시,11530,구로구,1153010300,가리봉동,11,서울특별시,11560,영등포구,1156011000,여의도동,10,00,2,1580.0
20260112,여의도역,11,서울특별시,11530,구로구,1153010300,가리봉동,11,서울특별시,11560,영등포구,1156011000,여의도동,10,15,1,1918.0
20260112,여의도역,11,서울특별시,11530,구로구,1153010300,가리봉동,11,서울특별시,11560,영등포구,1156011000,여의도동,10,30,1,1790.0
20260112,여의도역,11,서울특별시,11530,구로구,1153010300,가리봉동,11,서울특별시,11560,영등포구,1156011000,여의도동,11,00,1,1508.0
20260112,여의도역,11,서울특별시,11530,구로구,1153010300,가리봉동,11,서울특별시,11560,영등포구,1156011000,여의도동,12,30,3,2336.0
20260112,여의도역,11,서울특별시,11530,구로구,1153010600,고척동,11,서울특별시,11560,영등포구,1156011000,여의도동,06,00,9,1546.0
20260112,여의도역,11,서울특별시,11530,구로구,1153010600,고척동,11,서울특별시,11560,영등포구,1156011000,여의도동,06,15,12,1685.0
20260112,여의도역,11,서울특별시,11530,구로구,1153010600,고척동,11,서울특별시,11560,영등포구,1156011000,여의도동,06,30,19,1583.0
20260112,여의도역,11,서울특별시,11530,구로구,1153010600,고척동,11,서울특별시,11560,영등포구,1156011000,여의도동,06,45,30,1491.0
20260112,여의도역,11,서울특별시,11530,구로구,1153010600,고척동,11,서울특별시,11560,영등포구,1156011000,여의도동,07,00,49,1718.0
20260112,여의도역,11,서울특별시,11530,구로구,1153010600,고척동,11,서울특별시,11560,영등포구,1156011000,여의도동,07,15,61,1891.0
20260112,여의도역,11,서울특별시,11530,구로구,1153010600,고척동,11,서울특별시,11560,영등포구,1156011000,여의도동,07,30,48,1978.0
20260112,여의도역,11,서울특별시,11530,구로구,1153010600,고척동,11,서울특별시,11560,영등포구,1156011000,여의도동,07,45,54,1887.0
20260112,여의도역,11,서울특별시,11530,구로구,1153010600,고척동,11,서울특별시,11560,영등포구,1156011000,여의도동,08,00,46,1769.0
20260112,여의도역,11,서울특별시,11530,구로구,1153010600,고척동,11,서울특별시,11560,영등포구,1156011000,여의도동,08,15,46,1606.0
20260112,여의도역,11,서울특별시,11530,구로구,1153010600,고척동,11,서울특별시,11560,영등포구,1156011000,여의도동,08,30,25,1880.0
20260112,여의도역,11,서울특별시,11530,구로구,1153010600,고척동,11,서울특별시,11560,영등포구,1156011000,여의도동,08,45,31,1579.0
20260112,여의도역,11,서울특별시,11530,구로구,1153010600,고척동,11,서울특별시,11560,영등포구,1156011000,여의도동,09,00,20,1695.0
20260112,여의도역,11,서울특별시,11530,구로구,1153010600,고척동,11,서울특별시,11560,영등포구,1156011000,여의도동,09,15,18,1578.0
20260112,여의도역,11,서울특별시,11530,구로구,1153010600,고척동,11,서울특별시,11560,영등포구,1156011000,여의도동,09,30,18,1429.0
20260112,여의도역,11,서울특별시,11530,구로구,1153010600,고척동,11,서울특별시,11560,영등포구,1156011000,여의도동,09,45,11,1814.0
20260112,여의도역,11,서울특별시,11530,구로구,1153010600,고척동,11,서울특별시,11560,영등포구,1156011000,여의도동,10,00,8,1493.0
20260112,여의도역,11,서울특별시,11530,구로구,1153010600,고척동,11,서울특별시,11560,영등포구,1156011000,여의도동,10,15,7,1423.0
20260112,여의도역,11,서울특별시,11530,구로구,1153010600,고척동,11,서울특별시,11560,영등포구,1156011000,여의도동,10,30,7,1589.0
20260112,여의도역,11,서울특별시,11530,구로구,1153010600,고척동,11,서울특별시,11560,영등포구,1156011000,여의도동,10,45,1,1556.0
20260112,여의도역,11,서울특별시,11530,구로구,1153010600,고척동,11,서울특별시,11560,영등포구,1156011000,여의도동,11,00,5,1578.0
20260112,여의도역,11,서울특별시,11530,구로구,1153010600,고척동,11,서울특별시,11560,영등포구,1156011000,여의도동,11,15,8,1469.0
20260112,여의도역,11,서울특별시,11530,구로구,1153010600,고척동,11,서울특별시,11560,영등포구,1156011000,여의도동,11,30,6,1408.0
20260112,여의도역,11,서울특별시,11530,구로구,1153010600,고척동,11,서울특별시,11560,영등포구,1156011000,여의도동,11,45,4,1472.0
20260112,여의도역,11,서울특별시,11530,구로구,1153010600,고척동,11,서울특별시,11560,영등포구,1156011000,여의도동,12,00,9,1888.0
20260112,여의도역,11,서울특별시,11530,구로구,1153010600,고척동,11,서울특별시,11560,영등포구,1156011000,여의도동,12,15,6,1282.0
20260112,여의도역,11,서울특별시,11530,구로구,1153010600,고척동,11,서울특별시,11560,영등포구,1156011000,여의도동,12,30,6,1874.0
20260112,여의도역,11,서울특별시,11530,구로구,1153010600,고척동,11,서울특별시,11560,영등포구,1156011000,여의도동,12,45,6,1782.0
20260112,여의도역,11,서울특별시,11530,구로구,1153010700,개봉동,11,서울특별시,11560,영등포구,1156011000,여의도동,06,00,16,1595.0
20260112,여의도역,11,서울특별시,11530,구로구,1153010700,개봉동,11,서울특별시,11560,영등포구,1156011000,여의도동,06,15,17,1606.0
20260112,여의도역,11,서울특별시,11530,구로구,1153010700,개봉동,11,서울특별시,11560,영등포구,1156011000,여의도동,06,30,25,1861.0
20260112,여의도역,11,서울특별시,11530,구로구,1153010700,개봉동,11,서울특별시,11560,영등포구,1156011000,여의도동,06,45,39,1808.0
20260112,여의도역,11,서울특별시,11530,구로구,1153010700,개봉동,11,서울특별시,11560,영등포구,1156011000,여의도동,07,00,63,2009.0
20260112,여의도역,11,서울특별시,11530,구로구,1153010700,개봉동,11,서울특별시,11560,영등포구,1156011000,여의도동,07,15,50,1916.0
20260112,여의도역,11,서울특별시,11530,구로구,1153010700,개봉동,11,서울특별시,11560,영등포구,1156011000,여의도동,07,30,55,1935.0
20260112,여의도역,11,서울특별시,11530,구로구,1153010700,개봉동,11,서울특별시,11560,영등포구,1156011000,여의도동,07,45,56,2010.0
20260112,여의도역,11,서울특별시,11530,구로구,1153010700,개봉동,11,서울특별시,11560,영등포구,1156011000,여의도동,08,00,86,1917.0
20260112,여의도역,11,서울특별시,11530,구로구,1153010700,개봉동,11,서울특별시,11560,영등포구,1156011000,여의도동,08,15,50,1984.0
20260112,여의도역,11,서울특별시,11530,구로구,1153010700,개봉동,11,서울특별시,11560,영등포구,1156011000,여의도동,08,30,37,1974.0
20260112,여의도역,11,서울특별시,11530,구로구,1153010700,개봉동,11,서울특별시,11560,영등포구,1156011000,여의도동,08,45,37,1784.0
20260112,여의도역,11,서울특별시,11530,구로구,1153010700,개봉동,11,서울특별시,11560,영등포구,1156011000,여의도동,09,00,28,1840.0
20260112,여의도역,11,서울특별시,11530,구로구,1153010700,개봉동,11,서울특별시,11560,영등포구,1156011000,여의도동,09,15,20,1707.0
20260112,여의도역,11,서울특별시,11530,구로구,1153010700,개봉동,11,서울특별시,11560,영등포구,1156011000,여의도동,09,30,9,1859.0
20260112,여의도역,11,서울특별시,11530,구로구,1153010700,개봉동,11,서울특별시,11560,영등포구,1156011000,여의도동,09,45,7,1823.0
20260112,여의도역,11,서울특별시,11530,구로구,1153010700,개봉동,11,서울특별시,11560,영등포구,1156011000,여의도동,10,00,9,1711.0
20260112,여의도역,11,서울특별시,11530,구로구,1153010700,개봉동,11,서울특별시,11560,영등포구,1156011000,여의도동,10,15,12,1858.0
20260112,여의도역,11,서울특별시,11530,구로구,1153010700,개봉동,11,서울특별시,11560,영등포구,1156011000,여의도동,10,30,5,1845.0
20260112,여의도역,11,서울특별시,11530,구로구,1153010700,개봉동,11,서울특별시,11560,영등포구,1156011000,여의도동,10,45,7,1906.0
20260112,여의도역,11,서울특별시,11530,구로구,1153010700,개봉동,11,서울특별시,11560,영등포구,1156011000,여의도동,11,00,10,2100.0
20260112,여의도역,11,서울특별시,11530,구로구,1153010700,개봉동,11,서울특별시,11560,영등포구,1156011000,여의도동,11,15,9,1924.0
20260112,여의도역,11,서울특별시,11530,구로구,1153010700,개봉동,11,서울특별시,11560,영등포구,1156011000,여의도동,11,30,3,2045.0
20260112,여의도역,11,서울특별시,11530,구로구,1153010700,개봉동,11,서울특별시,11560,영등포구,1156011000,여의도동,11,45,5,1607.0
20260112,여의도역,11,서울특별시,11530,구로구,1153010700,개봉동,11,서울특별시,11560,영등포구,1156011000,여의도동,12,00,9,2052.0
20260112,여의도역,11,서울특별시,11530,구로구,1153010700,개봉동,11,서울특별시,11560,영등포구,1156011000,여의도동,12,15,3,2426.0
20260112,여의도역,11,서울특별시,11530,구로구,1153010700,개봉동,11,서울특별시,11560,영등포구,1156011000,여의도동,12,30,8,1768.0
20260112,여의도역,11,서울특별시,11530,구로구,1153010700,개봉동,11,서울특별시,11560,영등포구,1156011000,여의도동,12,45,4,1858.0
20260112,여의도역,11,서울특별시,11530,구로구,1153010800,오류동,11,서울특별시,11560,영등포구,1156011000,여의도동,06,00,14,1955.0
20260112,여의도역,11,서울특별시,11530,구로구,1153010800,오류동,11,서울특별시,11560,영등포구,1156011000,여의도동,06,15,19,1826.0
20260112,여의도역,11,서울특별시,11530,구로구,1153010800,오류동,11,서울특별시,11560,영등포구,1156011000,여의도동,06,30,20,2113.0
20260112,여의도역,11,서울특별시,11530,구로구,1153010800,오류동,11,서울특별시,11560,영등포구,1156011000,여의도동,06,45,34,2090.0
20260112,여의도역,11,서울특별시,11530,구로구,1153010800,오류동,11,서울특별시,11560,영등포구,1156011000,여의도동,07,00,46,2146.0
20260112,여의도역,11,서울특별시,11530,구로구,1153010800,오류동,11,서울특별시,11560,영등포구,1156011000,여의도동,07,15,59,2212.0
20260112,여의도역,11,서울특별시,11530,구로구,1153010800,오류동,11,서울특별시,11560,영등포구,1156011000,여의도동,07,30,53,2442.0
20260112,여의도역,11,서울특별시,11530,구로구,1153010800,오류동,11,서울특별시,11560,영등포구,1156011000,여의도동,07,45,66,2454.0
20260112,여의도역,11,서울특별시,11530,구로구,1153010800,오류동,11,서울특별시,11560,영등포구,1156011000,여의도동,08,00,77,2199.0
20260112,여의도역,11,서울특별시,11530,구로구,1153010800,오류동,11,서울특별시,11560,영등포구,1156011000,여의도동,08,15,48,2022.0
20260112,여의도역,11,서울특별시,11530,구로구,1153010800,오류동,11,서울특별시,11560,영등포구,1156011000,여의도동,08,30,26,2000.0
20260112,여의도역,11,서울특별시,11530,구로구,1153010800,오류동,11,서울특별시,11560,영등포구,1156011000,여의도동,08,45,29,2039.0
20260112,여의도역,11,서울특별시,11530,구로구,1153010800,오류동,11,서울특별시,11560,영등포구,1156011000,여의도동,09,00,20,1990.0
20260112,여의도역,11,서울특별시,11530,구로구,1153010800,오류동,11,서울특별시,11560,영등포구,1156011000,여의도동,09,15,20,1847.0
20260112,여의도역,11,서울특별시,11530,구로구,1153010800,오류동,11,서울특별시,11560,영등포구,1156011000,여의도동,09,30,10,1641.0
20260112,여의도역,11,서울특별시,11530,구로구,1153010800,오류동,11,서울특별시,11560,영등포구,1156011000,여의도동,09,45,6,1764.0
20260112,여의도역,11,서울특별시,11530,구로구,1153010800,오류동,11,서울특별시,11560,영등포구,1156011000,여의도동,10,00,6,1951.0
20260112,여의도역,11,서울특별시,11530,구로구,1153010800,오류동,11,서울특별시,11560,영등포구,1156011000,여의도동,10,15,6,1964.0
20260112,여의도역,11,서울특별시,11530,구로구,1153010800,오류동,11,서울특별시,11560,영등포구,1156011000,여의도동,10,30,6,1657.0
20260112,여의도역,11,서울특별시,11530,구로구,1153010800,오류동,11,서울특별시,11560,영등포구,1156011000,여의도동,10,45,1,1806.0
20260112,여의도역,11,서울특별시,11530,구로구,1153010800,오류동,11,서울특별시,11560,영등포구,1156011000,여의도동,11,00,6,2093.0
20260112,여의도역,11,서울특별시,11530,구로구,1153010800,오류동,11,서울특별시,11560,영등포구,1156011000,여의도동,11,15,6,2149.0
20260112,여의도역,11,서울특별시,11530,구로구,1153010800,오류동,11,서울특별시,11560,영등포구,1156011000,여의도동,11,30,6,1749.0
20260112,여의도역,11,서울특별시,11530,구로구,1153010800,오류동,11,서울특별시,11560,영등포구,1156011000,여의도동,11,45,9,1935.0
20260112,여의도역,11,서울특별시,11530,구로구,1153010800,오류동,11,서울특별시,11560,영등포구,1156011000,여의도동,12,00,5,1637.0
20260112,여의도역,11,서울특별시,11530,구로구,1153010800,오류동,11,서울특별시,11560,영등포구,1156011000,여의도동,12,15,7,1817.0
20260112,여의도역,11,서울특별시,11530,구로구,1153010800,오류동,11,서울특별시,11560,영등포구,1156011000,여의도동,12,30,2,1927.0
20260112,여의도역,11,서울특별시,11530,구로구,1153010800,오류동,11,서울특별시,11560,영등포구,1156011000,여의도동,12,45,9,2051.0
20260112,여의도역,11,서울특별시,11530,구로구,1153010900,궁동,11,서울특별시,11560,영등포구,1156011000,여의도동,06,30,3,2145.0
20260112,여의도역,11,서울특별시,11530,구로구,1153010900,궁동,11,서울특별시,11560,영등포구,1156011000,여의도동,06,45,3,2518.0
20260112,여의도역,11,서울특별시,11530,구로구,1153010900,궁동,11,서울특별시,11560,영등포구,1156011000,여의도동,07,00,5,2186.0
20260112,여의도역,11,서울특별시,11530,구로구,1153010900,궁동,11,서울특별시,11560,영등포구,1156011000,여의도동,07,15,3,3285.0
20260112,여의도역,11,서울특별시,11530,구로구,1153010900,궁동,11,서울특별시,11560,영등포구,1156011000,여의도동,07,30,5,2386.0
20260112,여의도역,11,서울특별시,11530,구로구,1153010900,궁동,11,서울특별시,11560,영등포구,1156011000,여의도동,07,45,3,2681.0
20260112,여의도역,11,서울특별시,11530,구로구,1153010900,궁동,11,서울특별시,11560,영등포구,1156011000,여의도동,08,00,2,2762.0
20260112,여의도역,11,서울특별시,11530,구로구,1153010900,궁동,11,서울특별시,11560,영등포구,1156011000,여의도동,08,15,1,2798.0
20260112,여의도역,11,서울특별시,11530,구로구,1153010900,궁동,11,서울특별시,11560,영등포구,1156011000,여의도동,09,00,1,2333.0
20260112,여의도역,11,서울특별시,11530,구로구,1153010900,궁동,11,서울특별시,11560,영등포구,1156011000,여의도동,09,45,1,2166.0
20260112,여의도역,11,서울특별시,11530,구로구,1153010900,궁동,11,서울특별시,11560,영등포구,1156011000,여의도동,10,45,1,2082.0
20260112,여의도역,11,서울특별시,11530,구로구,1153010900,궁동,11,서울특별시,11560,영등포구,1156011000,여의도동,12,45,1,1925.0
20260112,여의도역,11,서울특별시,11530,구로구,1153011000,온수동,11,서울특별시,11560,영등포구,1156011000,여의도동,06,00,7,2329.0
20260112,여의도역,11,서울특별시,11530,구로구,1153011000,온수동,11,서울특별시,11560,영등포구,1156011000,여의도동,06,15,3,2407.0
20260112,여의도역,11,서울특별시,11530,구로구,1153011000,온수동,11,서울특별시,11560,영등포구,1156011000,여의도동,06,30,5,2368.0
20260112,여의도역,11,서울특별시,11530,구로구,1153011000,온수동,11,서울특별시,11560,영등포구,1156011000,여의도동,06,45,7,2877.0
20260112,여의도역,11,서울특별시,11530,구로구,1153011000,온수동,11,서울특별시,11560,영등포구,1156011000,여의도동,07,00,7,2301.0
20260112,여의도역,11,서울특별시,11530,구로구,1153011000,온수동,11,서울특별시,11560,영등포구,1156011000,여의도동,07,15,5,2354.0
20260112,여의도역,11,서울특별시,11530,구로구,1153011000,온수동,11,서울특별시,11560,영등포구,1156011000,여의도동,07,30,11,2589.0
20260112,여의도역,11,서울특별시,11530,구로구,1153011000,온수동,11,서울특별시,11560,영등포구,1156011000,여의도동,07,45,8,2754.0
20260112,여의도역,11,서울특별시,11530,구로구,1153011000,온수동,11,서울특별시,11560,영등포구,1156011000,여의도동,08,00,7,2655.0
20260112,여의도역,11,서울특별시,11530,구로구,1153011000,온수동,11,서울특별시,11560,영등포구,1156011000,여의도동,08,15,8,2316.0
20260112,여의도역,11,서울특별시,11530,구로구,1153011000,온수동,11,서울특별시,11560,영등포구,1156011000,여의도동,08,30,3,2627.0
20260112,여의도역,11,서울특별시,11530,구로구,1153011000,온수동,11,서울특별시,11560,영등포구,1156011000,여의도동,08,45,4,2553.0
20260112,여의도역,11,서울특별시,11530,구로구,1153011000,온수동,11,서울특별시,11560,영등포구,1156011000,여의도동,09,00,6,2168.0
20260112,여의도역,11,서울특별시,11530,구로구,1153011000,온수동,11,서울특별시,11560,영등포구,1156011000,여의도동,09,15,2,2226.0
20260112,여의도역,11,서울특별시,11530,구로구,1153011000,온수동,11,서울특별시,11560,영등포구,1156011000,여의도동,09,30,4,2173.0
20260112,여의도역,11,서울특별시,11530,구로구,1153011000,온수동,11,서울특별시,11560,영등포구,1156011000,여의도동,09,45,1,1839.0
20260112,여의도역,11,서울특별시,11530,구로구,1153011000,온수동,11,서울특별시,11560,영등포구,1156011000,여의도동,10,30,2,2707.0
20260112,여의도역,11,서울특별시,11530,구로구,1153011000,온수동,11,서울특별시,11560,영등포구,1156011000,여의도동,11,30,1,1674.0
20260112,여의도역,11,서울특별시,11530,구로구,1153011000,온수동,11,서울특별시,11560,영등포구,1156011000,여의도동,11,45,1,2651.0
20260112,여의도역,11,서울특별시,11530,구로구,1153011000,온수동,11,서울특별시,11560,영등포구,1156011000,여의도동,12,00,1,3295.0
20260112,여의도역,11,서울특별시,11530,구로구,1153011000,온수동,11,서울특별시,11560,영등포구,1156011000,여의도동,12,45,1,1839.0
20260112,여의도역,11,서울특별시,11530,구로구,1153011100,천왕동,11,서울특별시,11560,영등포구,1156011000,여의도동,06,00,2,2421.0
20260112,여의도역,11,서울특별시,11530,구로구,1153011100,천왕동,11,서울특별시,11560,영등포구,1156011000,여의도동,06,30,4,2653.0
20260112,여의도역,11,서울특별시,11530,구로구,1153011100,천왕동,11,서울특별시,11560,영등포구,1156011000,여의도동,06,45,4,2525.0
20260112,여의도역,11,서울특별시,11530,구로구,1153011100,천왕동,11,서울특별시,11560,영등포구,1156011000,여의도동,07,00,12,2958.0
20260112,여의도역,11,서울특별시,11530,구로구,1153011100,천왕동,11,서울특별시,11560,영등포구,1156011000,여의도동,07,15,2,2120.0
20260112,여의도역,11,서울특별시,11530,구로구,1153011100,천왕동,11,서울특별시,11560,영등포구,1156011000,여의도동,07,30,3,3312.0
20260112,여의도역,11,서울특별시,11530,구로구,1153011100,천왕동,11,서울특별시,11560,영등포구,1156011000,여의도동,07,45,1,3455.0
20260112,여의도역,11,서울특별시,11530,구로구,1153011100,천왕동,11,서울특별시,11560,영등포구,1156011000,여의도동,08,00,3,2942.0
20260112,여의도역,11,서울특별시,11530,구로구,1153011100,천왕동,11,서울특별시,11560,영등포구,1156011000,여의도동,08,15,5,2800.0
20260112,여의도역,11,서울특별시,11530,구로구,1153011100,천왕동,11,서울특별시,11560,영등포구,1156011000,여의도동,08,30,2,2237.0
20260112,여의도역,11,서울특별시,11530,구로구,1153011100,천왕동,11,서울특별시,11560,영등포구,1156011000,여의도동,09,00,3,2105.0
20260112,여의도역,11,서울특별시,11530,구로구,1153011100,천왕동,11,서울특별시,11560,영등포구,1156011000,여의도동,09,15,2,2623.0
20260112,여의도역,11,서울특별시,11530,구로구,1153011100,천왕동,11,서울특별시,11560,영등포구,1156011000,여의도동,09,30,4,2258.0
20260112,여의도역,11,서울특별시,11530,구로구,1153011100,천왕동,11,서울특별시,11560,영등포구,1156011000,여의도동,09,45,1,2838.0
20260112,여의도역,11,서울특별시,11530,구로구,1153011100,천왕동,11,서울특별시,11560,영등포구,1156011000,여의도동,10,00,1,2330.0
20260112,여의도역,11,서울특별시,11530,구로구,1153011100,천왕동,11,서울특별시,11560,영등포구,1156011000,여의도동,11,45,1,2453.0
20260112,여의도역,11,서울특별시,11530,구로구,1153011100,천왕동,11,서울특별시,11560,영등포구,1156011000,여의도동,12,15,1,1994.0
20260112,여의도역,11,서울특별시,11530,구로구,1153011100,천왕동,11,서울특별시,11560,영등포구,1156011000,여의도동,12,30,2,2368.0
20260112,여의도역,11,서울특별시,11530,구로구,1153011200,항동,11,서울특별시,11560,영등포구,1156011000,여의도동,06,00,4,2610.0
20260112,여의도역,11,서울특별시,11530,구로구,1153011200,항동,11,서울특별시,11560,영등포구,1156011000,여의도동,06,15,6,2464.0
20260112,여의도역,11,서울특별시,11530,구로구,1153011200,항동,11,서울특별시,11560,영등포구,1156011000,여의도동,06,30,5,2464.0
20260112,여의도역,11,서울특별시,11530,구로구,1153011200,항동,11,서울특별시,11560,영등포구,1156011000,여의도동,06,45,12,2752.0
20260112,여의도역,11,서울특별시,11530,구로구,1153011200,항동,11,서울특별시,11560,영등포구,1156011000,여의도동,07,00,15,2988.0
20260112,여의도역,11,서울특별시,11530,구로구,1153011200,항동,11,서울특별시,11560,영등포구,1156011000,여의도동,07,15,10,3375.0
20260112,여의도역,11,서울특별시,11530,구로구,1153011200,항동,11,서울특별시,11560,영등포구,1156011000,여의도동,07,30,8,2826.0
20260112,여의도역,11,서울특별시,11530,구로구,1153011200,항동,11,서울특별시,11560,영등포구,1156011000,여의도동,07,45,3,2862.0
20260112,여의도역,11,서울특별시,11530,구로구,1153011200,항동,11,서울특별시,11560,영등포구,1156011000,여의도동,08,00,4,3020.0
20260112,여의도역,11,서울특별시,11530,구로구,1153011200,항동,11,서울특별시,11560,영등포구,1156011000,여의도동,08,15,5,2332.0
20260112,여의도역,11,서울특별시,11530,구로구,1153011200,항동,11,서울특별시,11560,영등포구,1156011000,여의도동,08,30,4,2549.0
20260112,여의도역,11,서울특별시,11530,구로구,1153011200,항동,11,서울특별시,11560,영등포구,1156011000,여의도동,08,45,4,2319.0
20260112,여의도역,11,서울특별시,11530,구로구,1153011200,항동,11,서울특별시,11560,영등포구,1156011000,여의도동,09,00,5,2604.0
20260112,여의도역,11,서울특별시,11530,구로구,1153011200,항동,11,서울특별시,11560,영등포구,1156011000,여의도동,09,15,1,2375.0
20260112,여의도역,11,서울특별시,11530,구로구,1153011200,항동,11,서울특별시,11560,영등포구,1156011000,여의도동,09,30,1,2419.0
20260112,여의도역,11,서울특별시,11530,구로구,1153011200,항동,11,서울특별시,11560,영등포구,1156011000,여의도동,09,45,1,1887.0
20260112,여의도역,11,서울특별시,11530,구로구,1153011200,항동,11,서울특별시,11560,영등포구,1156011000,여의도동,10,30,1,2045.0
20260112,여의도역,11,서울특별시,11530,구로구,1153011200,항동,11,서울특별시,11560,영등포구,1156011000,여의도동,12,00,1,2198.0
20260112,여의도역,11,서울특별시,11530,구로구,1153011200,항동,11,서울특별시,11560,영등포구,1156011000,여의도동,12,30,1,3166.0
20260112,여의도역,11,서울특별시,11530,구로구,1153011200,항동,11,서울특별시,11560,영등포구,1156011000,여의도동,12,45,1,2665.0
20260112,여의도역,11,서울특별시,11545,금천구,1154510100,가산동,11,서울특별시,11560,영등포구,1156011000,여의도동,06,00,3,1894.0
20260112,여의도역,11,서울특별시,11545,금천구,1154510100,가산동,11,서울특별시,11560,영등포구,1156011000,여의도동,06,15,10,1982.0
20260112,여의도역,11,서울특별시,11545,금천구,1154510100,가산동,11,서울특별시,11560,영등포구,1156011000,여의도동,06,30,5,1654.0
20260112,여의도역,11,서울특별시,11545,금천구,1154510100,가산동,11,서울특별시,11560,영등포구,1156011000,여의도동,06,45,14,1782.0
20260112,여의도역,11,서울특별시,11545,금천구,1154510100,가산동,11,서울특별시,11560,영등포구,1156011000,여의도동,07,00,28,1998.0
20260112,여의도역,11,서울특별시,11545,금천구,1154510100,가산동,11,서울특별시,11560,영등포구,1156011000,여의도동,07,15,31,1924.0
20260112,여의도역,11,서울특별시,11545,금천구,1154510100,가산동,11,서울특별시,11560,영등포구,1156011000,여의도동,07,30,31,2240.0
20260112,여의도역,11,서울특별시,11545,금천구,1154510100,가산동,11,서울특별시,11560,영등포구,1156011000,여의도동,07,45,59,2103.0
20260112,여의도역,11,서울특별시,11545,금천구,1154510100,가산동,11,서울특별시,11560,영등포구,1156011000,여의도동,08,00,55,1978.0
20260112,여의도역,11,서울특별시,11545,금천구,1154510100,가산동,11,서울특별시,11560,영등포구,1156011000,여의도동,08,15,25,1878.0
20260112,여의도역,11,서울특별시,11545,금천구,1154510100,가산동,11,서울특별시,11560,영등포구,1156011000,여의도동,08,30,19,1873.0
20260112,여의도역,11,서울특별시,11545,금천구,1154510100,가산동,11,서울특별시,11560,영등포구,1156011000,여의도동,08,45,29,1785.0
20260112,여의도역,11,서울특별시,11545,금천구,1154510100,가산동,11,서울특별시,11560,영등포구,1156011000,여의도동,09,00,16,2029.0
20260112,여의도역,11,서울특별시,11545,금천구,1154510100,가산동,11,서울특별시,11560,영등포구,1156011000,여의도동,09,15,14,1868.0
20260112,여의도역,11,서울특별시,11545,금천구,1154510100,가산동,11,서울특별시,11560,영등포구,1156011000,여의도동,09,30,5,1503.0
20260112,여의도역,11,서울특별시,11545,금천구,1154510100,가산동,11,서울특별시,11560,영등포구,1156011000,여의도동,09,45,6,1982.0
20260112,여의도역,11,서울특별시,11545,금천구,1154510100,가산동,11,서울특별시,11560,영등포구,1156011000,여의도동,10,00,5,1935.0
20260112,여의도역,11,서울특별시,11545,금천구,1154510100,가산동,11,서울특별시,11560,영등포구,1156011000,여의도동,10,15,3,2588.0
20260112,여의도역,11,서울특별시,11545,금천구,1154510100,가산동,11,서울특별시,11560,영등포구,1156011000,여의도동,10,30,9,1999.0
20260112,여의도역,11,서울특별시,11545,금천구,1154510100,가산동,11,서울특별시,11560,영등포구,1156011000,여의도동,10,45,8,1916.0
20260112,여의도역,11,서울특별시,11545,금천구,1154510100,가산동,11,서울특별시,11560,영등포구,1156011000,여의도동,11,00,4,2062.0
20260112,여의도역,11,서울특별시,11545,금천구,1154510100,가산동,11,서울특별시,11560,영등포구,1156011000,여의도동,11,15,3,1938.0
20260112,여의도역,11,서울특별시,11545,금천구,1154510100,가산동,11,서울특별시,11560,영등포구,1156011000,여의도동,11,30,6,2019.0
20260112,여의도역,11,서울특별시,11545,금천구,1154510100,가산동,11,서울특별시,11560,영등포구,1156011000,여의도동,11,45,5,1835.0
20260112,여의도역,11,서울특별시,11545,금천구,1154510100,가산동,11,서울특별시,11560,영등포구,1156011000,여의도동,12,00,3,2745.0
20260112,여의도역,11,서울특별시,11545,금천구,1154510100,가산동,11,서울특별시,11560,영등포구,1156011000,여의도동,12,15,5,1859.0
20260112,여의도역,11,서울특별시,11545,금천구,1154510100,가산동,11,서울특별시,11560,영등포구,1156011000,여의도동,12,30,4,1710.0
20260112,여의도역,11,서울특별시,11545,금천구,1154510100,가산동,11,서울특별시,11560,영등포구,1156011000,여의도동,12,45,10,1795.0
20260112,여의도역,11,서울특별시,11545,금천구,1154510200,독산동,11,서울특별시,11560,영등포구,1156011000,여의도동,06,00,18,1592.0
20260112,여의도역,11,서울특별시,11545,금천구,1154510200,독산동,11,서울특별시,11560,영등포구,1156011000,여의도동,06,15,23,1773.0
20260112,여의도역,11,서울특별시,11545,금천구,1154510200,독산동,11,서울특별시,11560,영등포구,1156011000,여의도동,06,30,33,1701.0
20260112,여의도역,11,서울특별시,11545,금천구,1154510200,독산동,11,서울특별시,11560,영등포구,1156011000,여의도동,06,45,45,1938.0
20260112,여의도역,11,서울특별시,11545,금천구,1154510200,독산동,11,서울특별시,11560,영등포구,1156011000,여의도동,07,00,54,2085.0
20260112,여의도역,11,서울특별시,11545,금천구,1154510200,독산동,11,서울특별시,11560,영등포구,1156011000,여의도동,07,15,55,2064.0
20260112,여의도역,11,서울특별시,11545,금천구,1154510200,독산동,11,서울특별시,11560,영등포구,1156011000,여의도동,07,30,56,2015.0
20260112,여의도역,11,서울특별시,11545,금천구,1154510200,독산동,11,서울특별시,11560,영등포구,1156011000,여의도동,07,45,66,2136.0
20260112,여의도역,11,서울특별시,11545,금천구,1154510200,독산동,11,서울특별시,11560,영등포구,1156011000,여의도동,08,00,63,2036.0
20260112,여의도역,11,서울특별시,11545,금천구,1154510200,독산동,11,서울특별시,11560,영등포구,1156011000,여의도동,08,15,50,1916.0
20260112,여의도역,11,서울특별시,11545,금천구,1154510200,독산동,11,서울특별시,11560,영등포구,1156011000,여의도동,08,30,45,1986.0
20260112,여의도역,11,서울특별시,11545,금천구,1154510200,독산동,11,서울특별시,11560,영등포구,1156011000,여의도동,08,45,44,1817.0
20260112,여의도역,11,서울특별시,11545,금천구,1154510200,독산동,11,서울특별시,11560,영등포구,1156011000,여의도동,09,00,26,1923.0
20260112,여의도역,11,서울특별시,11545,금천구,1154510200,독산동,11,서울특별시,11560,영등포구,1156011000,여의도동,09,15,30,1757.0
20260112,여의도역,11,서울특별시,11545,금천구,1154510200,독산동,11,서울특별시,11560,영등포구,1156011000,여의도동,09,30,17,1632.0
20260112,여의도역,11,서울특별시,11545,금천구,1154510200,독산동,11,서울특별시,11560,영등포구,1156011000,여의도동,09,45,16,1803.0
20260112,여의도역,11,서울특별시,11545,금천구,1154510200,독산동,11,서울특별시,11560,영등포구,1156011000,여의도동,10,00,15,1775.0
20260112,여의도역,11,서울특별시,11545,금천구,1154510200,독산동,11,서울특별시,11560,영등포구,1156011000,여의도동,10,15,10,1655.0
20260112,여의도역,11,서울특별시,11545,금천구,1154510200,독산동,11,서울특별시,11560,영등포구,1156011000,여의도동,10,30,7,1914.0
20260112,여의도역,11,서울특별시,11545,금천구,1154510200,독산동,11,서울특별시,11560,영등포구,1156011000,여의도동,10,45,7,1607.0
20260112,여의도역,11,서울특별시,11545,금천구,1154510200,독산동,11,서울특별시,11560,영등포구,1156011000,여의도동,11,00,6,1686.0
20260112,여의도역,11,서울특별시,11545,금천구,1154510200,독산동,11,서울특별시,11560,영등포구,1156011000,여의도동,11,15,7,1934.0
20260112,여의도역,11,서울특별시,11545,금천구,1154510200,독산동,11,서울특별시,11560,영등포구,1156011000,여의도동,11,30,2,1795.0
20260112,여의도역,11,서울특별시,11545,금천구,1154510200,독산동,11,서울특별시,11560,영등포구,1156011000,여의도동,11,45,3,1819.0
20260112,여의도역,11,서울특별시,11545,금천구,1154510200,독산동,11,서울특별시,11560,영등포구,1156011000,여의도동,12,00,8,1595.0
20260112,여의도역,11,서울특별시,11545,금천구,1154510200,독산동,11,서울특별시,11560,영등포구,1156011000,여의도동,12,15,5,2151.0
20260112,여의도역,11,서울특별시,11545,금천구,1154510200,독산동,11,서울특별시,11560,영등포구,1156011000,여의도동,12,30,6,1810.0
20260112,여의도역,11,서울특별시,11545,금천구,1154510200,독산동,11,서울특별시,11560,영등포구,1156011000,여의도동,12,45,8,1802.0
20260112,여의도역,11,서울특별시,11545,금천구,1154510300,시흥동,11,서울특별시,11560,영등포구,1156011000,여의도동,06,00,16,2263.0
20260112,여의도역,11,서울특별시,11545,금천구,1154510300,시흥동,11,서울특별시,11560,영등포구,1156011000,여의도동,06,15,13,2362.0
20260112,여의도역,11,서울특별시,11545,금천구,1154510300,시흥동,11,서울특별시,11560,영등포구,1156011000,여의도동,06,30,27,2210.0
20260112,여의도역,11,서울특별시,11545,금천구,1154510300,시흥동,11,서울특별시,11560,영등포구,1156011000,여의도동,06,45,40,2407.0
20260112,여의도역,11,서울특별시,11545,금천구,1154510300,시흥동,11,서울특별시,11560,영등포구,1156011000,여의도동,07,00,57,2483.0
20260112,여의도역,11,서울특별시,11545,금천구,1154510300,시흥동,11,서울특별시,11560,영등포구,1156011000,여의도동,07,15,33,2580.0
20260112,여의도역,11,서울특별시,11545,금천구,1154510300,시흥동,11,서울특별시,11560,영등포구,1156011000,여의도동,07,30,48,2376.0
20260112,여의도역,11,서울특별시,11545,금천구,1154510300,시흥동,11,서울특별시,11560,영등포구,1156011000,여의도동,07,45,54,2499.0
20260112,여의도역,11,서울특별시,11545,금천구,1154510300,시흥동,11,서울특별시,11560,영등포구,1156011000,여의도동,08,00,36,2421.0
20260112,여의도역,11,서울특별시,11545,금천구,1154510300,시흥동,11,서울특별시,11560,영등포구,1156011000,여의도동,08,15,32,2329.0
20260112,여의도역,11,서울특별시,11545,금천구,1154510300,시흥동,11,서울특별시,11560,영등포구,1156011000,여의도동,08,30,18,2216.0
20260112,여의도역,11,서울특별시,11545,금천구,1154510300,시흥동,11,서울특별시,11560,영등포구,1156011000,여의도동,08,45,17,2141.0
20260112,여의도역,11,서울특별시,11545,금천구,1154510300,시흥동,11,서울특별시,11560,영등포구,1156011000,여의도동,09,00,14,2309.0
20260112,여의도역,11,서울특별시,11545,금천구,1154510300,시흥동,11,서울특별시,11560,영등포구,1156011000,여의도동,09,15,16,2092.0
20260112,여의도역,11,서울특별시,11545,금천구,1154510300,시흥동,11,서울특별시,11560,영등포구,1156011000,여의도동,09,30,8,2358.0
20260112,여의도역,11,서울특별시,11545,금천구,1154510300,시흥동,11,서울특별시,11560,영등포구,1156011000,여의도동,09,45,8,2210.0
20260112,여의도역,11,서울특별시,11545,금천구,1154510300,시흥동,11,서울특별시,11560,영등포구,1156011000,여의도동,10,00,14,2297.0
20260112,여의도역,11,서울특별시,11545,금천구,1154510300,시흥동,11,서울특별시,11560,영등포구,1156011000,여의도동,10,15,6,2291.0
20260112,여의도역,11,서울특별시,11545,금천구,1154510300,시흥동,11,서울특별시,11560,영등포구,1156011000,여의도동,10,30,15,2690.0
20260112,여의도역,11,서울특별시,11545,금천구,1154510300,시흥동,11,서울특별시,11560,영등포구,1156011000,여의도동,10,45,5,2028.0
20260112,여의도역,11,서울특별시,11545,금천구,1154510300,시흥동,11,서울특별시,11560,영등포구,1156011000,여의도동,11,00,5,2343.0
20260112,여의도역,11,서울특별시,11545,금천구,1154510300,시흥동,11,서울특별시,11560,영등포구,1156011000,여의도동,11,15,4,2407.0
20260112,여의도역,11,서울특별시,11545,금천구,1154510300,시흥동,11,서울특별시,11560,영등포구,1156011000,여의도동,11,30,4,1952.0
20260112,여의도역,11,서울특별시,11545,금천구,1154510300,시흥동,11,서울특별시,11560,영등포구,1156011000,여의도동,11,45,3,1991.0
20260112,여의도역,11,서울특별시,11545,금천구,1154510300,시흥동,11,서울특별시,11560,영등포구,1156011000,여의도동,12,00,4,2463.0
20260112,여의도역,11,서울특별시,11545,금천구,1154510300,시흥동,11,서울특별시,11560,영등포구,1156011000,여의도동,12,15,2,2125.0
20260112,여의도역,11,서울특별시,11545,금천구,1154510300,시흥동,11,서울특별시,11560,영등포구,1156011000,여의도동,12,30,5,2084.0
20260112,여의도역,11,서울특별시,11545,금천구,1154510300,시흥동,11,서울특별시,11560,영등포구,1156011000,여의도동,12,45,6,2023.0
20260112,여의도역,11,서울특별시,11560,영등포구,1156010100,영등포동,11,서울특별시,11560,영등포구,1156011000,여의도동,06,00,7,347.0
20260112,여의도역,11,서울특별시,11560,영등포구,1156010100,영등포동,11,서울특별시,11560,영등포구,1156011000,여의도동,06,15,5,717.0
20260112,여의도역,11,서울특별시,11560,영등포구,1156010100,영등포동,11,서울특별시,11560,영등포구,1156011000,여의도동,06,30,1,1375.0
20260112,여의도역,11,서울특별시,11560,영등포구,1156010100,영등포동,11,서울특별시,11560,영등포구,1156011000,여의도동,06,45,7,734.0
20260112,여의도역,11,서울특별시,11560,영등포구,1156010100,영등포동,11,서울특별시,11560,영등포구,1156011000,여의도동,07,00,3,904.0
20260112,여의도역,11,서울특별시,11560,영등포구,1156010100,영등포동,11,서울특별시,11560,영등포구,1156011000,여의도동,07,15,8,975.0
20260112,여의도역,11,서울특별시,11560,영등포구,1156010100,영등포동,11,서울특별시,11560,영등포구,1156011000,여의도동,07,30,22,976.0
20260112,여의도역,11,서울특별시,11560,영등포구,1156010100,영등포동,11,서울특별시,11560,영등포구,1156011000,여의도동,07,45,7,937.0
20260112,여의도역,11,서울특별시,11560,영등포구,1156010100,영등포동,11,서울특별시,11560,영등포구,1156011000,여의도동,08,00,32,1185.0
20260112,여의도역,11,서울특별시,11560,영등포구,1156010100,영등포동,11,서울특별시,11560,영등포구,1156011000,여의도동,08,15,24,1077.0
20260112,여의도역,11,서울특별시,11560,영등포구,1156010100,영등포동,11,서울특별시,11560,영등포구,1156011000,여의도동,08,30,43,915.0
20260112,여의도역,11,서울특별시,11560,영등포구,1156010100,영등포동,11,서울특별시,11560,영등포구,1156011000,여의도동,08,45,25,968.0
20260112,여의도역,11,서울특별시,11560,영등포구,1156010100,영등포동,11,서울특별시,11560,영등포구,1156011000,여의도동,09,00,11,1013.0
20260112,여의도역,11,서울특별시,11560,영등포구,1156010100,영등포동,11,서울특별시,11560,영등포구,1156011000,여의도동,09,15,10,852.0
20260112,여의도역,11,서울특별시,11560,영등포구,1156010100,영등포동,11,서울특별시,11560,영등포구,1156011000,여의도동,09,30,5,737.0
20260112,여의도역,11,서울특별시,11560,영등포구,1156010100,영등포동,11,서울특별시,11560,영등포구,1156011000,여의도동,09,45,2,1169.0
20260112,여의도역,11,서울특별시,11560,영등포구,1156010100,영등포동,11,서울특별시,11560,영등포구,1156011000,여의도동,10,00,6,1678.0
20260112,여의도역,11,서울특별시,11560,영등포구,1156010100,영등포동,11,서울특별시,11560,영등포구,1156011000,여의도동,10,30,9,1154.0
20260112,여의도역,11,서울특별시,11560,영등포구,1156010100,영등포동,11,서울특별시,11560,영등포구,1156011000,여의도동,10,45,2,900.0
20260112,여의도역,11,서울특별시,11560,영등포구,1156010100,영등포동,11,서울특별시,11560,영등포구,1156011000,여의도동,11,00,3,1546.0
20260112,여의도역,11,서울특별시,11560,영등포구,1156010100,영등포동,11,서울특별시,11560,영등포구,1156011000,여의도동,11,15,5,1102.0
20260112,여의도역,11,서울특별시,11560,영등포구,1156010100,영등포동,11,서울특별시,11560,영등포구,1156011000,여의도동,11,30,4,1493.0
20260112,여의도역,11,서울특별시,11560,영등포구,1156010100,영등포동,11,서울특별시,11560,영등포구,1156011000,여의도동,11,45,1,528.0
20260112,여의도역,11,서울특별시,11560,영등포구,1156010100,영등포동,11,서울특별시,11560,영등포구,1156011000,여의도동,12,00,5,1319.0
20260112,여의도역,11,서울특별시,11560,영등포구,1156010100,영등포동,11,서울특별시,11560,영등포구,1156011000,여의도동,12,15,4,1829.0
20260112,여의도역,11,서울특별시,11560,영등포구,1156010100,영등포동,11,서울특별시,11560,영등포구,1156011000,여의도동,12,30,4,1218.0
20260112,여의도역,11,서울특별시,11560,영등포구,1156010100,영등포동,11,서울특별시,11560,영등포구,1156011000,여의도동,12,45,8,1232.0
20260112,여의도역,11,서울특별시,11560,영등포구,1156010200,영등포동1가,11,서울특별시,11560,영등포구,1156011000,여의도동,06,00,4,617.0
20260112,여의도역,11,서울특별시,11560,영등포구,1156010200,영등포동1가,11,서울특별시,11560,영등포구,1156011000,여의도동,06,15,5,476.0
20260112,여의도역,11,서울특별시,11560,영등포구,1156010200,영등포동1가,11,서울특별시,11560,영등포구,1156011000,여의도동,06,30,13,463.0
20260112,여의도역,11,서울특별시,11560,영등포구,1156010200,영등포동1가,11,서울특별시,11560,영등포구,1156011000,여의도동,06,45,14,395.0
20260112,여의도역,11,서울특별시,11560,영등포구,1156010200,영등포동1가,11,서울특별시,11560,영등포구,1156011000,여의도동,07,00,28,468.0
20260112,여의도역,11,서울특별시,11560,영등포구,1156010200,영등포동1가,11,서울특별시,11560,영등포구,1156011000,여의도동,07,15,48,533.0
20260112,여의도역,11,서울특별시,11560,영등포구,1156010200,영등포동1가,11,서울특별시,11560,영등포구,1156011000,여의도동,07,30,112,496.0
20260112,여의도역,11,서울특별시,11560,영등포구,1156010200,영등포동1가,11,서울특별시,11560,영등포구,1156011000,여의도동,07,45,69,461.0
20260112,여의도역,11,서울특별시,11560,영등포구,1156010200,영등포동1가,11,서울특별시,11560,영등포구,1156011000,여의도동,08,00,54,520.0
20260112,여의도역,11,서울특별시,11560,영등포구,1156010200,영등포동1가,11,서울특별시,11560,영등포구,1156011000,여의도동,08,15,75,492.0
20260112,여의도역,11,서울특별시,11560,영등포구,1156010200,영등포동1가,11,서울특별시,11560,영등포구,1156011000,여의도동,08,30,109,454.0
20260112,여의도역,11,서울특별시,11560,영등포구,1156010200,영등포동1가,11,서울특별시,11560,영등포구,1156011000,여의도동,08,45,34,435.0
20260112,여의도역,11,서울특별시,11560,영등포구,1156010200,영등포동1가,11,서울특별시,11560,영등포구,1156011000,여의도동,09,00,30,524.0
20260112,여의도역,11,서울특별시,11560,영등포구,1156010200,영등포동1가,11,서울특별시,11560,영등포구,1156011000,여의도동,09,15,19,387.0
20260112,여의도역,11,서울특별시,11560,영등포구,1156010200,영등포동1가,11,서울특별시,11560,영등포구,1156011000,여의도동,09,30,16,513.0
20260112,여의도역,11,서울특별시,11560,영등포구,1156010200,영등포동1가,11,서울특별시,11560,영등포구,1156011000,여의도동,09,45,8,439.0
20260112,여의도역,11,서울특별시,11560,영등포구,1156010200,영등포동1가,11,서울특별시,11560,영등포구,1156011000,여의도동,10,00,9,558.0
20260112,여의도역,11,서울특별시,11560,영등포구,1156010200,영등포동1가,11,서울특별시,11560,영등포구,1156011000,여의도동,10,15,8,460.0
20260112,여의도역,11,서울특별시,11560,영등포구,1156010200,영등포동1가,11,서울특별시,11560,영등포구,1156011000,여의도동,10,30,9,448.0
20260112,여의도역,11,서울특별시,11560,영등포구,1156010200,영등포동1가,11,서울특별시,11560,영등포구,1156011000,여의도동,10,45,9,545.0
20260112,여의도역,11,서울특별시,11560,영등포구,1156010200,영등포동1가,11,서울특별시,11560,영등포구,1156011000,여의도동,11,00,7,540.0
20260112,여의도역,11,서울특별시,11560,영등포구,1156010200,영등포동1가,11,서울특별시,11560,영등포구,1156011000,여의도동,11,15,3,539.0
20260112,여의도역,11,서울특별시,11560,영등포구,1156010200,영등포동1가,11,서울특별시,11560,영등포구,1156011000,여의도동,11,30,7,488.0
20260112,여의도역,11,서울특별시,11560,영등포구,1156010200,영등포동1가,11,서울특별시,11560,영등포구,1156011000,여의도동,11,45,8,608.0
20260112,여의도역,11,서울특별시,11560,영등포구,1156010200,영등포동1가,11,서울특별시,11560,영등포구,1156011000,여의도동,12,00,8,958.0
20260112,여의도역,11,서울특별시,11560,영등포구,1156010200,영등포동1가,11,서울특별시,11560,영등포구,1156011000,여의도동,12,15,8,517.0
20260112,여의도역,11,서울특별시,11560,영등포구,1156010200,영등포동1가,11,서울특별시,11560,영등포구,1156011000,여의도동,12,30,14,432.0
20260112,여의도역,11,서울특별시,11560,영등포구,1156010200,영등포동1가,11,서울특별시,11560,영등포구,1156011000,여의도동,12,45,8,525.0
20260112,여의도역,11,서울특별시,11560,영등포구,1156010300,영등포동2가,11,서울특별시,11560,영등포구,1156011000,여의도동,07,15,1,1168.0
20260112,여의도역,11,서울특별시,11560,영등포구,1156010300,영등포동2가,11,서울특별시,11560,영등포구,1156011000,여의도동,08,00,1,763.0
20260112,여의도역,11,서울특별시,11560,영등포구,1156010300,영등포동2가,11,서울특별시,11560,영등포구,1156011000,여의도동,08,15,1,671.0
20260112,여의도역,11,서울특별시,11560,영등포구,1156010300,영등포동2가,11,서울특별시,11560,영등포구,1156011000,여의도동,12,45,1,1777.0
20260112,여의도역,11,서울특별시,11560,영등포구,1156010400,영등포동3가,11,서울특별시,11560,영등포구,1156011000,여의도동,06,00,4,320.0
20260112,여의도역,11,서울특별시,11560,영등포구,1156010400,영등포동3가,11,서울특별시,11560,영등포구,1156011000,여의도동,06,15,4,545.0
20260112,여의도역,11,서울특별시,11560,영등포구,1156010400,영등포동3가,11,서울특별시,11560,영등포구,1156011000,여의도동,06,30,1,328.0
20260112,여의도역,11,서울특별시,11560,영등포구,1156010400,영등포동3가,11,서울특별시,11560,영등포구,1156011000,여의도동,06,45,6,437.0
20260112,여의도역,11,서울특별시,11560,영등포구,1156010400,영등포동3가,11,서울특별시,11560,영등포구,1156011000,여의도동,07,00,13,474.0
20260112,여의도역,11,서울특별시,11560,영등포구,1156010400,영등포동3가,11,서울특별시,11560,영등포구,1156011000,여의도동,07,15,21,571.0
20260112,여의도역,11,서울특별시,11560,영등포구,1156010400,영등포동3가,11,서울특별시,11560,영등포구,1156011000,여의도동,07,30,5,776.0
20260112,여의도역,11,서울특별시,11560,영등포구,1156010400,영등포동3가,11,서울특별시,11560,영등포구,1156011000,여의도동,07,45,18,554.0
20260112,여의도역,11,서울특별시,11560,영등포구,1156010400,영등포동3가,11,서울특별시,11560,영등포구,1156011000,여의도동,08,00,15,509.0
20260112,여의도역,11,서울특별시,11560,영등포구,1156010400,영등포동3가,11,서울특별시,11560,영등포구,1156011000,여의도동,08,15,1,597.0
20260112,여의도역,11,서울특별시,11560,영등포구,1156010400,영등포동3가,11,서울특별시,11560,영등포구,1156011000,여의도동,08,30,25,445.0
20260112,여의도역,11,서울특별시,11560,영등포구,1156010400,영등포동3가,11,서울특별시,11560,영등포구,1156011000,여의도동,08,45,17,395.0
20260112,여의도역,11,서울특별시,11560,영등포구,1156010400,영등포동3가,11,서울특별시,11560,영등포구,1156011000,여의도동,09,00,4,401.0
20260112,여의도역,11,서울특별시,11560,영등포구,1156010400,영등포동3가,11,서울특별시,11560,영등포구,1156011000,여의도동,09,15,13,433.0
20260112,여의도역,11,서울특별시,11560,영등포구,1156010400,영등포동3가,11,서울특별시,11560,영등포구,1156011000,여의도동,09,30,3,362.0
20260112,여의도역,11,서울특별시,11560,영등포구,1156010400,영등포동3가,11,서울특별시,11560,영등포구,1156011000,여의도동,09,45,5,386.0
20260112,여의도역,11,서울특별시,11560,영등포구,1156010400,영등포동3가,11,서울특별시,11560,영등포구,1156011000,여의도동,10,00,1,579.0
20260112,여의도역,11,서울특별시,11560,영등포구,1156010400,영등포동3가,11,서울특별시,11560,영등포구,1156011000,여의도동,10,15,4,544.0
20260112,여의도역,11,서울특별시,11560,영등포구,1156010400,영등포동3가,11,서울특별시,11560,영등포구,1156011000,여의도동,10,30,4,1251.0
20260112,여의도역,11,서울특별시,11560,영등포구,1156010400,영등포동3가,11,서울특별시,11560,영등포구,1156011000,여의도동,10,45,1,268.0
20260112,여의도역,11,서울특별시,11560,영등포구,1156010400,영등포동3가,11,서울특별시,11560,영등포구,1156011000,여의도동,11,00,2,437.0
20260112,여의도역,11,서울특별시,11560,영등포구,1156010400,영등포동3가,11,서울특별시,11560,영등포구,1156011000,여의도동,11,30,5,509.0
20260112,여의도역,11,서울특별시,11560,영등포구,1156010400,영등포동3가,11,서울특별시,11560,영등포구,1156011000,여의도동,11,45,3,925.0
20260112,여의도역,11,서울특별시,11560,영등포구,1156010400,영등포동3가,11,서울특별시,11560,영등포구,1156011000,여의도동,12,00,2,492.0
20260112,여의도역,11,서울특별시,11560,영등포구,1156010400,영등포동3가,11,서울특별시,11560,영등포구,1156011000,여의도동,12,15,4,476.0
20260112,여의도역,11,서울특별시,11560,영등포구,1156010400,영등포동3가,11,서울특별시,11560,영등포구,1156011000,여의도동,12,30,4,405.0
20260112,여의도역,11,서울특별시,11560,영등포구,1156010400,영등포동3가,11,서울특별시,11560,영등포구,1156011000,여의도동,12,45,6,481.0
20260112,여의도역,11,서울특별시,11560,영등포구,1156010500,영등포동4가,11,서울특별시,11560,영등포구,1156011000,여의도동,06,00,3,426.0
20260112,여의도역,11,서울특별시,11560,영등포구,1156010500,영등포동4가,11,서울특별시,11560,영등포구,1156011000,여의도동,06,15,5,674.0
20260112,여의도역,11,서울특별시,11560,영등포구,1156010500,영등포동4가,11,서울특별시,11560,영등포구,1156011000,여의도동,06,30,4,482.0
20260112,여의도역,11,서울특별시,11560,영등포구,1156010500,영등포동4가,11,서울특별시,11560,영등포구,1156011000,여의도동,06,45,5,635.0
20260112,여의도역,11,서울특별시,11560,영등포구,1156010500,영등포동4가,11,서울특별시,11560,영등포구,1156011000,여의도동,07,00,16,660.0
20260112,여의도역,11,서울특별시,11560,영등포구,1156010500,영등포동4가,11,서울특별시,11560,영등포구,1156011000,여의도동,07,15,29,651.0
20260112,여의도역,11,서울특별시,11560,영등포구,1156010500,영등포동4가,11,서울특별시,11560,영등포구,1156011000,여의도동,07,30,87,755.0
20260112,여의도역,11,서울특별시,11560,영등포구,1156010500,영등포동4가,11,서울특별시,11560,영등포구,1156011000,여의도동,07,45,56,953.0
20260112,여의도역,11,서울특별시,11560,영등포구,1156010500,영등포동4가,11,서울특별시,11560,영등포구,1156011000,여의도동,08,00,42,651.0
20260112,여의도역,11,서울특별시,11560,영등포구,1156010500,영등포동4가,11,서울특별시,11560,영등포구,1156011000,여의도동,08,15,71,641.0
20260112,여의도역,11,서울특별시,11560,영등포구,1156010500,영등포동4가,11,서울특별시,11560,영등포구,1156011000,여의도동,08,30,101,576.0
20260112,여의도역,11,서울특별시,11560,영등포구,1156010500,영등포동4가,11,서울특별시,11560,영등포구,1156011000,여의도동,08,45,53,538.0
20260112,여의도역,11,서울특별시,11560,영등포구,1156010500,영등포동4가,11,서울특별시,11560,영등포구,1156011000,여의도동,09,00,51,535.0
20260112,여의도역,11,서울특별시,11560,영등포구,1156010500,영등포동4가,11,서울특별시,11560,영등포구,1156011000,여의도동,09,15,18,520.0
20260112,여의도역,11,서울특별시,11560,영등포구,1156010500,영등포동4가,11,서울특별시,11560,영등포구,1156011000,여의도동,09,30,38,609.0
20260112,여의도역,11,서울특별시,11560,영등포구,1156010500,영등포동4가,11,서울특별시,11560,영등포구,1156011000,여의도동,09,45,10,579.0
20260112,여의도역,11,서울특별시,11560,영등포구,1156010500,영등포동4가,11,서울특별시,11560,영등포구,1156011000,여의도동,10,00,13,444.0
20260112,여의도역,11,서울특별시,11560,영등포구,1156010500,영등포동4가,11,서울특별시,11560,영등포구,1156011000,여의도동,10,15,9,514.0
20260112,여의도역,11,서울특별시,11560,영등포구,1156010500,영등포동4가,11,서울특별시,11560,영등포구,1156011000,여의도동,10,30,17,625.0
20260112,여의도역,11,서울특별시,11560,영등포구,1156010500,영등포동4가,11,서울특별시,11560,영등포구,1156011000,여의도동,10,45,10,648.0
20260112,여의도역,11,서울특별시,11560,영등포구,1156010500,영등포동4가,11,서울특별시,11560,영등포구,1156011000,여의도동,11,00,13,638.0
20260112,여의도역,11,서울특별시,11560,영등포구,1156010500,영등포동4가,11,서울특별시,11560,영등포구,1156011000,여의도동,11,15,9,657.0
20260112,여의도역,11,서울특별시,11560,영등포구,1156010500,영등포동4가,11,서울특별시,11560,영등포구,1156011000,여의도동,11,30,15,675.0
20260112,여의도역,11,서울특별시,11560,영등포구,1156010500,영등포동4가,11,서울특별시,11560,영등포구,1156011000,여의도동,11,45,9,514.0
20260112,여의도역,11,서울특별시,11560,영등포구,1156010500,영등포동4가,11,서울특별시,11560,영등포구,1156011000,여의도동,12,00,14,768.0
20260112,여의도역,11,서울특별시,11560,영등포구,1156010500,영등포동4가,11,서울특별시,11560,영등포구,1156011000,여의도동,12,15,26,528.0
20260112,여의도역,11,서울특별시,11560,영등포구,1156010500,영등포동4가,11,서울특별시,11560,영등포구,1156011000,여의도동,12,30,26,473.0
20260112,여의도역,11,서울특별시,11560,영등포구,1156010500,영등포동4가,11,서울특별시,11560,영등포구,1156011000,여의도동,12,45,18,594.0
20260112,여의도역,11,서울특별시,11560,영등포구,1156010600,영등포동5가,11,서울특별시,11560,영등포구,1156011000,여의도동,07,30,1,318.0
20260112,여의도역,11,서울특별시,11560,영등포구,1156010600,영등포동5가,11,서울특별시,11560,영등포구,1156011000,여의도동,08,15,2,479.0
20260112,여의도역,11,서울특별시,11560,영등포구,1156010600,영등포동5가,11,서울특별시,11560,영등포구,1156011000,여의도동,09,15,1,1050.0
20260112,여의도역,11,서울특별시,11560,영등포구,1156010700,영등포동6가,11,서울특별시,11560,영등포구,1156011000,여의도동,08,15,1,501.0
20260112,여의도역,11,서울특별시,11560,영등포구,1156010700,영등포동6가,11,서울특별시,11560,영등포구,1156011000,여의도동,09,00,1,933.0
20260112,여의도역,11,서울특별시,11560,영등포구,1156010700,영등포동6가,11,서울특별시,11560,영등포구,1156011000,여의도동,09,15,1,915.0
20260112,여의도역,11,서울특별시,11560,영등포구,1156010700,영등포동6가,11,서울특별시,11560,영등포구,1156011000,여의도동,09,30,1,732.0
20260112,여의도역,11,서울특별시,11560,영등포구,1156010700,영등포동6가,11,서울특별시,11560,영등포구,1156011000,여의도동,11,45,1,1004.0
20260112,여의도역,11,서울특별시,11560,영등포구,1156010800,영등포동7가,11,서울특별시,11560,영등포구,1156011000,여의도동,06,00,7,539.0
20260112,여의도역,11,서울특별시,11560,영등포구,1156010800,영등포동7가,11,서울특별시,11560,영등포구,1156011000,여의도동,06,15,6,535.0
20260112,여의도역,11,서울특별시,11560,영등포구,1156010800,영등포동7가,11,서울특별시,11560,영등포구,1156011000,여의도동,06,30,18,549.0
20260112,여의도역,11,서울특별시,11560,영등포구,1156010800,영등포동7가,11,서울특별시,11560,영등포구,1156011000,여의도동,06,45,27,557.0
20260112,여의도역,11,서울특별시,11560,영등포구,1156010800,영등포동7가,11,서울특별시,11560,영등포구,1156011000,여의도동,07,00,39,578.0
20260112,여의도역,11,서울특별시,11560,영등포구,1156010800,영등포동7가,11,서울특별시,11560,영등포구,1156011000,여의도동,07,15,81,618.0
20260112,여의도역,11,서울특별시,11560,영등포구,1156010800,영등포동7가,11,서울특별시,11560,영등포구,1156011000,여의도동,07,30,169,598.0
20260112,여의도역,11,서울특별시,11560,영등포구,1156010800,영등포동7가,11,서울특별시,11560,영등포구,1156011000,여의도동,07,45,99,609.0
20260112,여의도역,11,서울특별시,11560,영등포구,1156010800,영등포동7가,11,서울특별시,11560,영등포구,1156011000,여의도동,08,00,96,588.0
20260112,여의도역,11,서울특별시,11560,영등포구,1156010800,영등포동7가,11,서울특별시,11560,영등포구,1156011000,여의도동,08,15,139,562.0
20260112,여의도역,11,서울특별시,11560,영등포구,1156010800,영등포동7가,11,서울특별시,11560,영등포구,1156011000,여의도동,08,30,142,487.0
20260112,여의도역,11,서울특별시,11560,영등포구,1156010800,영등포동7가,11,서울특별시,11560,영등포구,1156011000,여의도동,08,45,76,472.0
20260112,여의도역,11,서울특별시,11560,영등포구,1156010800,영등포동7가,11,서울특별시,11560,영등포구,1156011000,여의도동,09,00,47,519.0
20260112,여의도역,11,서울특별시,11560,영등포구,1156010800,영등포동7가,11,서울특별시,11560,영등포구,1156011000,여의도동,09,15,36,496.0
20260112,여의도역,11,서울특별시,11560,영등포구,1156010800,영등포동7가,11,서울특별시,11560,영등포구,1156011000,여의도동,09,30,31,613.0
20260112,여의도역,11,서울특별시,11560,영등포구,1156010800,영등포동7가,11,서울특별시,11560,영등포구,1156011000,여의도동,09,45,18,448.0
20260112,여의도역,11,서울특별시,11560,영등포구,1156010800,영등포동7가,11,서울특별시,11560,영등포구,1156011000,여의도동,10,00,28,661.0
20260112,여의도역,11,서울특별시,11560,영등포구,1156010800,영등포동7가,11,서울특별시,11560,영등포구,1156011000,여의도동,10,15,10,435.0
20260112,여의도역,11,서울특별시,11560,영등포구,1156010800,영등포동7가,11,서울특별시,11560,영등포구,1156011000,여의도동,10,30,9,1026.0
20260112,여의도역,11,서울특별시,11560,영등포구,1156010800,영등포동7가,11,서울특별시,11560,영등포구,1156011000,여의도동,10,45,12,661.0
20260112,여의도역,11,서울특별시,11560,영등포구,1156010800,영등포동7가,11,서울특별시,11560,영등포구,1156011000,여의도동,11,00,7,564.0
20260112,여의도역,11,서울특별시,11560,영등포구,1156010800,영등포동7가,11,서울특별시,11560,영등포구,1156011000,여의도동,11,15,10,686.0
20260112,여의도역,11,서울특별시,11560,영등포구,1156010800,영등포동7가,11,서울특별시,11560,영등포구,1156011000,여의도동,11,30,15,534.0
20260112,여의도역,11,서울특별시,11560,영등포구,1156010800,영등포동7가,11,서울특별시,11560,영등포구,1156011000,여의도동,11,45,8,549.0
20260112,여의도역,11,서울특별시,11560,영등포구,1156010800,영등포동7가,11,서울특별시,11560,영등포구,1156011000,여의도동,12,00,17,828.0
20260112,여의도역,11,서울특별시,11560,영등포구,1156010800,영등포동7가,11,서울특별시,11560,영등포구,1156011000,여의도동,12,15,23,718.0
20260112,여의도역,11,서울특별시,11560,영등포구,1156010800,영등포동7가,11,서울특별시,11560,영등포구,1156011000,여의도동,12,30,24,693.0
20260112,여의도역,11,서울특별시,11560,영등포구,1156010800,영등포동7가,11,서울특별시,11560,영등포구,1156011000,여의도동,12,45,17,831.0
20260112,여의도역,11,서울특별시,11560,영등포구,1156010900,영등포동8가,11,서울특별시,11560,영등포구,1156011000,여의도동,06,00,1,663.0
20260112,여의도역,11,서울특별시,11560,영등포구,1156010900,영등포동8가,11,서울특별시,11560,영등포구,1156011000,여의도동,06,15,4,832.0
20260112,여의도역,11,서울특별시,11560,영등포구,1156010900,영등포동8가,11,서울특별시,11560,영등포구,1156011000,여의도동,06,30,3,587.0
20260112,여의도역,11,서울특별시,11560,영등포구,1156010900,영등포동8가,11,서울특별시,11560,영등포구,1156011000,여의도동,06,45,11,893.0
20260112,여의도역,11,서울특별시,11560,영등포구,1156010900,영등포동8가,11,서울특별시,11560,영등포구,1156011000,여의도동,07,00,12,737.0
20260112,여의도역,11,서울특별시,11560,영등포구,1156010900,영등포동8가,11,서울특별시,11560,영등포구,1156011000,여의도동,07,15,14,607.0
20260112,여의도역,11,서울특별시,11560,영등포구,1156010900,영등포동8가,11,서울특별시,11560,영등포구,1156011000,여의도동,07,30,23,741.0
20260112,여의도역,11,서울특별시,11560,영등포구,1156010900,영등포동8가,11,서울특별시,11560,영등포구,1156011000,여의도동,07,45,27,908.0
20260112,여의도역,11,서울특별시,11560,영등포구,1156010900,영등포동8가,11,서울특별시,11560,영등포구,1156011000,여의도동,08,00,17,715.0
20260112,여의도역,11,서울특별시,11560,영등포구,1156010900,영등포동8가,11,서울특별시,11560,영등포구,1156011000,여의도동,08,15,41,759.0
20260112,여의도역,11,서울특별시,11560,영등포구,1156010900,영등포동8가,11,서울특별시,11560,영등포구,1156011000,여의도동,08,30,39,659.0
20260112,여의도역,11,서울특별시,11560,영등포구,1156010900,영등포동8가,11,서울특별시,11560,영등포구,1156011000,여의도동,08,45,15,551.0
20260112,여의도역,11,서울특별시,11560,영등포구,1156010900,영등포동8가,11,서울특별시,11560,영등포구,1156011000,여의도동,09,00,17,652.0
20260112,여의도역,11,서울특별시,11560,영등포구,1156010900,영등포동8가,11,서울특별시,11560,영등포구,1156011000,여의도동,09,15,3,582.0
20260112,여의도역,11,서울특별시,11560,영등포구,1156010900,영등포동8가,11,서울특별시,11560,영등포구,1156011000,여의도동,09,30,8,482.0
20260112,여의도역,11,서울특별시,11560,영등포구,1156010900,영등포동8가,11,서울특별시,11560,영등포구,1156011000,여의도동,09,45,6,463.0
20260112,여의도역,11,서울특별시,11560,영등포구,1156010900,영등포동8가,11,서울특별시,11560,영등포구,1156011000,여의도동,10,00,4,966.0
20260112,여의도역,11,서울특별시,11560,영등포구,1156010900,영등포동8가,11,서울특별시,11560,영등포구,1156011000,여의도동,10,15,1,733.0
20260112,여의도역,11,서울특별시,11560,영등포구,1156010900,영등포동8가,11,서울특별시,11560,영등포구,1156011000,여의도동,10,30,4,503.0
20260112,여의도역,11,서울특별시,11560,영등포구,1156010900,영등포동8가,11,서울특별시,11560,영등포구,1156011000,여의도동,10,45,2,680.0
20260112,여의도역,11,서울특별시,11560,영등포구,1156010900,영등포동8가,11,서울특별시,11560,영등포구,1156011000,여의도동,11,00,1,735.0
20260112,여의도역,11,서울특별시,11560,영등포구,1156010900,영등포동8가,11,서울특별시,11560,영등포구,1156011000,여의도동,11,15,1,855.0
20260112,여의도역,11,서울특별시,11560,영등포구,1156010900,영등포동8가,11,서울특별시,11560,영등포구,1156011000,여의도동,11,45,3,988.0
20260112,여의도역,11,서울특별시,11560,영등포구,1156010900,영등포동8가,11,서울특별시,11560,영등포구,1156011000,여의도동,12,00,2,694.0
20260112,여의도역,11,서울특별시,11560,영등포구,1156010900,영등포동8가,11,서울특별시,11560,영등포구,1156011000,여의도동,12,15,1,342.0
20260112,여의도역,11,서울특별시,11560,영등포구,1156010900,영등포동8가,11,서울특별시,11560,영등포구,1156011000,여의도동,12,30,2,421.0
20260112,여의도역,11,서울특별시,11560,영등포구,1156010900,영등포동8가,11,서울특별시,11560,영등포구,1156011000,여의도동,12,45,1,627.0
20260112,여의도역,11,서울특별시,11560,영등포구,1156011000,여의도동,11,서울특별시,11560,영등포구,1156011000,여의도동,06,00,13,283.0
20260112,여의도역,11,서울특별시,11560,영등포구,1156011000,여의도동,11,서울특별시,11560,영등포구,1156011000,여의도동,06,15,26,766.0
20260112,여의도역,11,서울특별시,11560,영등포구,1156011000,여의도동,11,서울특별시,11560,영등포구,1156011000,여의도동,06,30,21,269.0
20260112,여의도역,11,서울특별시,11560,영등포구,1156011000,여의도동,11,서울특별시,11560,영등포구,1156011000,여의도동,06,45,19,319.0
20260112,여의도역,11,서울특별시,11560,영등포구,1156011000,여의도동,11,서울특별시,11560,영등포구,1156011000,여의도동,07,00,30,483.0
20260112,여의도역,11,서울특별시,11560,영등포구,1156011000,여의도동,11,서울특별시,11560,영등포구,1156011000,여의도동,07,15,32,300.0
20260112,여의도역,11,서울특별시,11560,영등포구,1156011000,여의도동,11,서울특별시,11560,영등포구,1156011000,여의도동,07,30,58,1236.0
20260112,여의도역,11,서울특별시,11560,영등포구,1156011000,여의도동,11,서울특별시,11560,영등포구,1156011000,여의도동,07,45,72,281.0
20260112,여의도역,11,서울특별시,11560,영등포구,1156011000,여의도동,11,서울특별시,11560,영등포구,1156011000,여의도동,08,00,57,621.0
20260112,여의도역,11,서울특별시,11560,영등포구,1156011000,여의도동,11,서울특별시,11560,영등포구,1156011000,여의도동,08,15,63,973.0
20260112,여의도역,11,서울특별시,11560,영등포구,1156011000,여의도동,11,서울특별시,11560,영등포구,1156011000,여의도동,08,30,106,413.0
20260112,여의도역,11,서울특별시,11560,영등포구,1156011000,여의도동,11,서울특별시,11560,영등포구,1156011000,여의도동,08,45,79,338.0
20260112,여의도역,11,서울특별시,11560,영등포구,1156011000,여의도동,11,서울특별시,11560,영등포구,1156011000,여의도동,09,00,70,625.0
20260112,여의도역,11,서울특별시,11560,영등포구,1156011000,여의도동,11,서울특별시,11560,영등포구,1156011000,여의도동,09,15,57,554.0
20260112,여의도역,11,서울특별시,11560,영등포구,1156011000,여의도동,11,서울특별시,11560,영등포구,1156011000,여의도동,09,30,60,432.0
20260112,여의도역,11,서울특별시,11560,영등포구,1156011000,여의도동,11,서울특별시,11560,영등포구,1156011000,여의도동,09,45,64,548.0
20260112,여의도역,11,서울특별시,11560,영등포구,1156011000,여의도동,11,서울특별시,11560,영등포구,1156011000,여의도동,10,00,56,537.0
20260112,여의도역,11,서울특별시,11560,영등포구,1156011000,여의도동,11,서울특별시,11560,영등포구,1156011000,여의도동,10,15,53,507.0
20260112,여의도역,11,서울특별시,11560,영등포구,1156011000,여의도동,11,서울특별시,11560,영등포구,1156011000,여의도동,10,30,54,491.0
20260112,여의도역,11,서울특별시,11560,영등포구,1156011000,여의도동,11,서울특별시,11560,영등포구,1156011000,여의도동,10,45,90,708.0
20260112,여의도역,11,서울특별시,11560,영등포구,1156011000,여의도동,11,서울특별시,11560,영등포구,1156011000,여의도동,11,00,110,769.0
20260112,여의도역,11,서울특별시,11560,영등포구,1156011000,여의도동,11,서울특별시,11560,영등포구,1156011000,여의도동,11,15,165,597.0
20260112,여의도역,11,서울특별시,11560,영등포구,1156011000,여의도동,11,서울특별시,11560,영등포구,1156011000,여의도동,11,30,172,803.0
20260112,여의도역,11,서울특별시,11560,영등포구,1156011000,여의도동,11,서울특별시,11560,영등포구,1156011000,여의도동,11,45,111,859.0
20260112,여의도역,11,서울특별시,11560,영등포구,1156011000,여의도동,11,서울특별시,11560,영등포구,1156011000,여의도동,12,00,94,512.0
20260112,여의도역,11,서울특별시,11560,영등포구,1156011000,여의도동,11,서울특별시,11560,영등포구,1156011000,여의도동,12,15,95,459.0
20260112,여의도역,11,서울특별시,11560,영등포구,1156011000,여의도동,11,서울특별시,11560,영등포구,1156011000,여의도동,12,30,122,579.0
20260112,여의도역,11,서울특별시,11560,영등포구,1156011000,여의도동,11,서울특별시,11560,영등포구,1156011000,여의도동,12,45,122,558.0
20260112,여의도역,11,서울특별시,11560,영등포구,1156011100,당산동1가,11,서울특별시,11560,영등포구,1156011000,여의도동,06,00,2,798.0
20260112,여의도역,11,서울특별시,11560,영등포구,1156011100,당산동1가,11,서울특별시,11560,영등포구,1156011000,여의도동,06,30,2,753.0
20260112,여의도역,11,서울특별시,11560,영등포구,1156011100,당산동1가,11,서울특별시,11560,영등포구,1156011000,여의도동,06,45,1,433.0
20260112,여의도역,11,서울특별시,11560,영등포구,1156011100,당산동1가,11,서울특별시,11560,영등포구,1156011000,여의도동,07,00,4,750.0
20260112,여의도역,11,서울특별시,11560,영등포구,1156011100,당산동1가,11,서울특별시,11560,영등포구,1156011000,여의도동,07,15,2,931.0
20260112,여의도역,11,서울특별시,11560,영등포구,1156011100,당산동1가,11,서울특별시,11560,영등포구,1156011000,여의도동,07,30,11,1073.0
20260112,여의도역,11,서울특별시,11560,영등포구,1156011100,당산동1가,11,서울특별시,11560,영등포구,1156011000,여의도동,07,45,8,920.0
20260112,여의도역,11,서울특별시,11560,영등포구,1156011100,당산동1가,11,서울특별시,11560,영등포구,1156011000,여의도동,08,00,8,815.0
20260112,여의도역,11,서울특별시,11560,영등포구,1156011100,당산동1가,11,서울특별시,11560,영등포구,1156011000,여의도동,08,15,5,857.0
20260112,여의도역,11,서울특별시,11560,영등포구,1156011100,당산동1가,11,서울특별시,11560,영등포구,1156011000,여의도동,08,30,7,735.0
20260112,여의도역,11,서울특별시,11560,영등포구,1156011100,당산동1가,11,서울특별시,11560,영등포구,1156011000,여의도동,08,45,2,698.0
20260112,여의도역,11,서울특별시,11560,영등포구,1156011100,당산동1가,11,서울특별시,11560,영등포구,1156011000,여의도동,09,00,5,708.0
20260112,여의도역,11,서울특별시,11560,영등포구,1156011100,당산동1가,11,서울특별시,11560,영등포구,1156011000,여의도동,09,15,2,910.0
20260112,여의도역,11,서울특별시,11560,영등포구,1156011100,당산동1가,11,서울특별시,11560,영등포구,1156011000,여의도동,09,30,1,792.0
20260112,여의도역,11,서울특별시,11560,영등포구,1156011100,당산동1가,11,서울특별시,11560,영등포구,1156011000,여의도동,09,45,1,974.0
20260112,여의도역,11,서울특별시,11560,영등포구,1156011100,당산동1가,11,서울특별시,11560,영등포구,1156011000,여의도동,10,00,2,793.0
20260112,여의도역,11,서울특별시,11560,영등포구,1156011100,당산동1가,11,서울특별시,11560,영등포구,1156011000,여의도동,10,15,2,784.0
20260112,여의도역,11,서울특별시,11560,영등포구,1156011100,당산동1가,11,서울특별시,11560,영등포구,1156011000,여의도동,10,45,2,844.0
20260112,여의도역,11,서울특별시,11560,영등포구,1156011100,당산동1가,11,서울특별시,11560,영등포구,1156011000,여의도동,11,00,1,770.0
20260112,여의도역,11,서울특별시,11560,영등포구,1156011100,당산동1가,11,서울특별시,11560,영등포구,1156011000,여의도동,11,15,1,612.0
20260112,여의도역,11,서울특별시,11560,영등포구,1156011100,당산동1가,11,서울특별시,11560,영등포구,1156011000,여의도동,11,30,1,886.0
20260112,여의도역,11,서울특별시,11560,영등포구,1156011100,당산동1가,11,서울특별시,11560,영등포구,1156011000,여의도동,11,45,1,1258.0
20260112,여의도역,11,서울특별시,11560,영등포구,1156011100,당산동1가,11,서울특별시,11560,영등포구,1156011000,여의도동,12,00,1,847.0
20260112,여의도역,11,서울특별시,11560,영등포구,1156011100,당산동1가,11,서울특별시,11560,영등포구,1156011000,여의도동,12,30,5,717.0
20260112,여의도역,11,서울특별시,11560,영등포구,1156011100,당산동1가,11,서울특별시,11560,영등포구,1156011000,여의도동,12,45,1,518.0
20260112,여의도역,11,서울특별시,11560,영등포구,1156011200,당산동2가,11,서울특별시,11560,영등포구,1156011000,여의도동,06,00,1,1041.0
20260112,여의도역,11,서울특별시,11560,영등포구,1156011200,당산동2가,11,서울특별시,11560,영등포구,1156011000,여의도동,06,30,2,684.0
20260112,여의도역,11,서울특별시,11560,영등포구,1156011200,당산동2가,11,서울특별시,11560,영등포구,1156011000,여의도동,06,45,5,746.0
20260112,여의도역,11,서울특별시,11560,영등포구,1156011200,당산동2가,11,서울특별시,11560,영등포구,1156011000,여의도동,07,00,3,909.0
20260112,여의도역,11,서울특별시,11560,영등포구,1156011200,당산동2가,11,서울특별시,11560,영등포구,1156011000,여의도동,07,15,9,1066.0
20260112,여의도역,11,서울특별시,11560,영등포구,1156011200,당산동2가,11,서울특별시,11560,영등포구,1156011000,여의도동,07,30,6,1374.0
20260112,여의도역,11,서울특별시,11560,영등포구,1156011200,당산동2가,11,서울특별시,11560,영등포구,1156011000,여의도동,07,45,6,1176.0
20260112,여의도역,11,서울특별시,11560,영등포구,1156011200,당산동2가,11,서울특별시,11560,영등포구,1156011000,여의도동,08,00,9,1026.0
20260112,여의도역,11,서울특별시,11560,영등포구,1156011200,당산동2가,11,서울특별시,11560,영등포구,1156011000,여의도동,08,15,10,893.0
20260112,여의도역,11,서울특별시,11560,영등포구,1156011200,당산동2가,11,서울특별시,11560,영등포구,1156011000,여의도동,08,30,10,1019.0
20260112,여의도역,11,서울특별시,11560,영등포구,1156011200,당산동2가,11,서울특별시,11560,영등포구,1156011000,여의도동,08,45,4,850.0
20260112,여의도역,11,서울특별시,11560,영등포구,1156011200,당산동2가,11,서울특별시,11560,영등포구,1156011000,여의도동,09,00,8,979.0
20260112,여의도역,11,서울특별시,11560,영등포구,1156011200,당산동2가,11,서울특별시,11560,영등포구,1156011000,여의도동,09,15,8,913.0
20260112,여의도역,11,서울특별시,11560,영등포구,1156011200,당산동2가,11,서울특별시,11560,영등포구,1156011000,여의도동,09,30,6,983.0
20260112,여의도역,11,서울특별시,11560,영등포구,1156011200,당산동2가,11,서울특별시,11560,영등포구,1156011000,여의도동,09,45,1,1119.0
20260112,여의도역,11,서울특별시,11560,영등포구,1156011200,당산동2가,11,서울특별시,11560,영등포구,1156011000,여의도동,10,15,2,961.0
20260112,여의도역,11,서울특별시,11560,영등포구,1156011200,당산동2가,11,서울특별시,11560,영등포구,1156011000,여의도동,10,45,1,1175.0
20260112,여의도역,11,서울특별시,11560,영등포구,1156011200,당산동2가,11,서울특별시,11560,영등포구,1156011000,여의도동,11,00,1,1202.0
20260112,여의도역,11,서울특별시,11560,영등포구,1156011200,당산동2가,11,서울특별시,11560,영등포구,1156011000,여의도동,11,15,1,657.0
20260112,여의도역,11,서울특별시,11560,영등포구,1156011200,당산동2가,11,서울특별시,11560,영등포구,1156011000,여의도동,11,45,1,1211.0
20260112,여의도역,11,서울특별시,11560,영등포구,1156011200,당산동2가,11,서울특별시,11560,영등포구,1156011000,여의도동,12,00,4,928.0
20260112,여의도역,11,서울특별시,11560,영등포구,1156011200,당산동2가,11,서울특별시,11560,영등포구,1156011000,여의도동,12,15,4,1063.0
20260112,여의도역,11,서울특별시,11560,영등포구,1156011200,당산동2가,11,서울특별시,11560,영등포구,1156011000,여의도동,12,30,2,1247.0
20260112,여의도역,11,서울특별시,11560,영등포구,1156011200,당산동2가,11,서울특별시,11560,영등포구,1156011000,여의도동,12,45,2,1377.0
20260112,여의도역,11,서울특별시,11560,영등포구,1156011300,당산동3가,11,서울특별시,11560,영등포구,1156011000,여의도동,06,00,6,797.0
20260112,여의도역,11,서울특별시,11560,영등포구,1156011300,당산동3가,11,서울특별시,11560,영등포구,1156011000,여의도동,06,15,5,816.0
20260112,여의도역,11,서울특별시,11560,영등포구,1156011300,당산동3가,11,서울특별시,11560,영등포구,1156011000,여의도동,06,30,9,787.0
20260112,여의도역,11,서울특별시,11560,영등포구,1156011300,당산동3가,11,서울특별시,11560,영등포구,1156011000,여의도동,06,45,13,821.0
20260112,여의도역,11,서울특별시,11560,영등포구,1156011300,당산동3가,11,서울특별시,11560,영등포구,1156011000,여의도동,07,00,26,762.0
20260112,여의도역,11,서울특별시,11560,영등포구,1156011300,당산동3가,11,서울특별시,11560,영등포구,1156011000,여의도동,07,15,45,722.0
20260112,여의도역,11,서울특별시,11560,영등포구,1156011300,당산동3가,11,서울특별시,11560,영등포구,1156011000,여의도동,07,30,69,754.0
20260112,여의도역,11,서울특별시,11560,영등포구,1156011300,당산동3가,11,서울특별시,11560,영등포구,1156011000,여의도동,07,45,46,767.0
20260112,여의도역,11,서울특별시,11560,영등포구,1156011300,당산동3가,11,서울특별시,11560,영등포구,1156011000,여의도동,08,00,67,765.0
20260112,여의도역,11,서울특별시,11560,영등포구,1156011300,당산동3가,11,서울특별시,11560,영등포구,1156011000,여의도동,08,15,77,754.0
20260112,여의도역,11,서울특별시,11560,영등포구,1156011300,당산동3가,11,서울특별시,11560,영등포구,1156011000,여의도동,08,30,79,688.0
20260112,여의도역,11,서울특별시,11560,영등포구,1156011300,당산동3가,11,서울특별시,11560,영등포구,1156011000,여의도동,08,45,30,742.0
20260112,여의도역,11,서울특별시,11560,영등포구,1156011300,당산동3가,11,서울특별시,11560,영등포구,1156011000,여의도동,09,00,24,854.0
20260112,여의도역,11,서울특별시,11560,영등포구,1156011300,당산동3가,11,서울특별시,11560,영등포구,1156011000,여의도동,09,15,21,824.0
20260112,여의도역,11,서울특별시,11560,영등포구,1156011300,당산동3가,11,서울특별시,11560,영등포구,1156011000,여의도동,09,30,23,835.0
20260112,여의도역,11,서울특별시,11560,영등포구,1156011300,당산동3가,11,서울특별시,11560,영등포구,1156011000,여의도동,09,45,14,1059.0
20260112,여의도역,11,서울특별시,11560,영등포구,1156011300,당산동3가,11,서울특별시,11560,영등포구,1156011000,여의도동,10,00,11,858.0
20260112,여의도역,11,서울특별시,11560,영등포구,1156011300,당산동3가,11,서울특별시,11560,영등포구,1156011000,여의도동,10,15,16,967.0
20260112,여의도역,11,서울특별시,11560,영등포구,1156011300,당산동3가,11,서울특별시,11560,영등포구,1156011000,여의도동,10,30,6,738.0
20260112,여의도역,11,서울특별시,11560,영등포구,1156011300,당산동3가,11,서울특별시,11560,영등포구,1156011000,여의도동,10,45,8,903.0
20260112,여의도역,11,서울특별시,11560,영등포구,1156011300,당산동3가,11,서울특별시,11560,영등포구,1156011000,여의도동,11,00,16,944.0
20260112,여의도역,11,서울특별시,11560,영등포구,1156011300,당산동3가,11,서울특별시,11560,영등포구,1156011000,여의도동,11,15,7,1055.0
20260112,여의도역,11,서울특별시,11560,영등포구,1156011300,당산동3가,11,서울특별시,11560,영등포구,1156011000,여의도동,11,30,9,906.0
20260112,여의도역,11,서울특별시,11560,영등포구,1156011300,당산동3가,11,서울특별시,11560,영등포구,1156011000,여의도동,11,45,9,941.0
20260112,여의도역,11,서울특별시,11560,영등포구,1156011300,당산동3가,11,서울특별시,11560,영등포구,1156011000,여의도동,12,00,19,935.0
20260112,여의도역,11,서울특별시,11560,영등포구,1156011300,당산동3가,11,서울특별시,11560,영등포구,1156011000,여의도동,12,15,12,877.0
20260112,여의도역,11,서울특별시,11560,영등포구,1156011300,당산동3가,11,서울특별시,11560,영등포구,1156011000,여의도동,12,30,15,830.0
20260112,여의도역,11,서울특별시,11560,영등포구,1156011300,당산동3가,11,서울특별시,11560,영등포구,1156011000,여의도동,12,45,14,814.0
20260112,여의도역,11,서울특별시,11560,영등포구,1156011400,당산동4가,11,서울특별시,11560,영등포구,1156011000,여의도동,06,45,1,562.0
20260112,여의도역,11,서울특별시,11560,영등포구,1156011400,당산동4가,11,서울특별시,11560,영등포구,1156011000,여의도동,07,00,3,663.0
20260112,여의도역,11,서울특별시,11560,영등포구,1156011400,당산동4가,11,서울특별시,11560,영등포구,1156011000,여의도동,07,15,7,609.0
20260112,여의도역,11,서울특별시,11560,영등포구,1156011400,당산동4가,11,서울특별시,11560,영등포구,1156011000,여의도동,07,30,4,891.0
20260112,여의도역,11,서울특별시,11560,영등포구,1156011400,당산동4가,11,서울특별시,11560,영등포구,1156011000,여의도동,07,45,3,763.0
20260112,여의도역,11,서울특별시,11560,영등포구,1156011400,당산동4가,11,서울특별시,11560,영등포구,1156011000,여의도동,08,00,6,839.0
20260112,여의도역,11,서울특별시,11560,영등포구,1156011400,당산동4가,11,서울특별시,11560,영등포구,1156011000,여의도동,08,15,4,551.0
20260112,여의도역,11,서울특별시,11560,영등포구,1156011400,당산동4가,11,서울특별시,11560,영등포구,1156011000,여의도동,08,30,8,599.0
20260112,여의도역,11,서울특별시,11560,영등포구,1156011400,당산동4가,11,서울특별시,11560,영등포구,1156011000,여의도동,08,45,2,643.0
20260112,여의도역,11,서울특별시,11560,영등포구,1156011400,당산동4가,11,서울특별시,11560,영등포구,1156011000,여의도동,09,00,3,577.0
20260112,여의도역,11,서울특별시,11560,영등포구,1156011400,당산동4가,11,서울특별시,11560,영등포구,1156011000,여의도동,09,15,1,798.0
20260112,여의도역,11,서울특별시,11560,영등포구,1156011400,당산동4가,11,서울특별시,11560,영등포구,1156011000,여의도동,09,30,1,445.0
20260112,여의도역,11,서울특별시,11560,영등포구,1156011400,당산동4가,11,서울특별시,11560,영등포구,1156011000,여의도동,09,45,1,382.0
20260112,여의도역,11,서울특별시,11560,영등포구,1156011400,당산동4가,11,서울특별시,11560,영등포구,1156011000,여의도동,12,00,2,666.0
20260112,여의도역,11,서울특별시,11560,영등포구,1156011500,당산동5가,11,서울특별시,11560,영등포구,1156011000,여의도동,06,00,9,579.0
20260112,여의도역,11,서울특별시,11560,영등포구,1156011500,당산동5가,11,서울특별시,11560,영등포구,1156011000,여의도동,06,15,10,659.0
20260112,여의도역,11,서울특별시,11560,영등포구,1156011500,당산동5가,11,서울특별시,11560,영등포구,1156011000,여의도동,06,30,15,455.0
20260112,여의도역,11,서울특별시,11560,영등포구,1156011500,당산동5가,11,서울특별시,11560,영등포구,1156011000,여의도동,06,45,26,573.0
20260112,여의도역,11,서울특별시,11560,영등포구,1156011500,당산동5가,11,서울특별시,11560,영등포구,1156011000,여의도동,07,00,46,499.0
20260112,여의도역,11,서울특별시,11560,영등포구,1156011500,당산동5가,11,서울특별시,11560,영등포구,1156011000,여의도동,07,15,90,476.0
20260112,여의도역,11,서울특별시,11560,영등포구,1156011500,당산동5가,11,서울특별시,11560,영등포구,1156011000,여의도동,07,30,188,480.0
20260112,여의도역,11,서울특별시,11560,영등포구,1156011500,당산동5가,11,서울특별시,11560,영등포구,1156011000,여의도동,07,45,123,494.0
20260112,여의도역,11,서울특별시,11560,영등포구,1156011500,당산동5가,11,서울특별시,11560,영등포구,1156011000,여의도동,08,00,163,510.0
20260112,여의도역,11,서울특별시,11560,영등포구,1156011500,당산동5가,11,서울특별시,11560,영등포구,1156011000,여의도동,08,15,146,531.0
20260112,여의도역,11,서울특별시,11560,영등포구,1156011500,당산동5가,11,서울특별시,11560,영등포구,1156011000,여의도동,08,30,239,489.0
20260112,여의도역,11,서울특별시,11560,영등포구,1156011500,당산동5가,11,서울특별시,11560,영등포구,1156011000,여의도동,08,45,75,487.0
20260112,여의도역,11,서울특별시,11560,영등포구,1156011500,당산동5가,11,서울특별시,11560,영등포구,1156011000,여의도동,09,00,68,592.0
20260112,여의도역,11,서울특별시,11560,영등포구,1156011500,당산동5가,11,서울특별시,11560,영등포구,1156011000,여의도동,09,15,45,619.0
20260112,여의도역,11,서울특별시,11560,영등포구,1156011500,당산동5가,11,서울특별시,11560,영등포구,1156011000,여의도동,09,30,56,516.0
20260112,여의도역,11,서울특별시,11560,영등포구,1156011500,당산동5가,11,서울특별시,11560,영등포구,1156011000,여의도동,09,45,28,530.0
20260112,여의도역,11,서울특별시,11560,영등포구,1156011500,당산동5가,11,서울특별시,11560,영등포구,1156011000,여의도동,10,00,24,550.0
20260112,여의도역,11,서울특별시,11560,영등포구,1156011500,당산동5가,11,서울특별시,11560,영등포구,1156011000,여의도동,10,15,14,465.0
20260112,여의도역,11,서울특별시,11560,영등포구,1156011500,당산동5가,11,서울특별시,11560,영등포구,1156011000,여의도동,10,30,14,519.0
20260112,여의도역,11,서울특별시,11560,영등포구,1156011500,당산동5가,11,서울특별시,11560,영등포구,1156011000,여의도동,10,45,17,600.0
20260112,여의도역,11,서울특별시,11560,영등포구,1156011500,당산동5가,11,서울특별시,11560,영등포구,1156011000,여의도동,11,00,24,524.0
20260112,여의도역,11,서울특별시,11560,영등포구,1156011500,당산동5가,11,서울특별시,11560,영등포구,1156011000,여의도동,11,15,26,576.0
20260112,여의도역,11,서울특별시,11560,영등포구,1156011500,당산동5가,11,서울특별시,11560,영등포구,1156011000,여의도동,11,30,25,674.0
20260112,여의도역,11,서울특별시,11560,영등포구,1156011500,당산동5가,11,서울특별시,11560,영등포구,1156011000,여의도동,11,45,11,543.0
20260112,여의도역,11,서울특별시,11560,영등포구,1156011500,당산동5가,11,서울특별시,11560,영등포구,1156011000,여의도동,12,00,21,612.0
20260112,여의도역,11,서울특별시,11560,영등포구,1156011500,당산동5가,11,서울특별시,11560,영등포구,1156011000,여의도동,12,15,30,529.0
20260112,여의도역,11,서울특별시,11560,영등포구,1156011500,당산동5가,11,서울특별시,11560,영등포구,1156011000,여의도동,12,30,43,588.0
20260112,여의도역,11,서울특별시,11560,영등포구,1156011500,당산동5가,11,서울특별시,11560,영등포구,1156011000,여의도동,12,45,26,647.0
20260112,여의도역,11,서울특별시,11560,영등포구,1156011600,당산동6가,11,서울특별시,11560,영등포구,1156011000,여의도동,07,15,1,616.0
20260112,여의도역,11,서울특별시,11560,영등포구,1156011600,당산동6가,11,서울특별시,11560,영등포구,1156011000,여의도동,08,15,3,822.0
20260112,여의도역,11,서울특별시,11560,영등포구,1156011600,당산동6가,11,서울특별시,11560,영등포구,1156011000,여의도동,08,30,1,473.0
20260112,여의도역,11,서울특별시,11560,영등포구,1156011600,당산동6가,11,서울특별시,11560,영등포구,1156011000,여의도동,08,45,2,1717.0
20260112,여의도역,11,서울특별시,11560,영등포구,1156011600,당산동6가,11,서울특별시,11560,영등포구,1156011000,여의도동,09,30,1,740.0
20260112,여의도역,11,서울특별시,11560,영등포구,1156011600,당산동6가,11,서울특별시,11560,영등포구,1156011000,여의도동,10,00,1,1176.0
20260112,여의도역,11,서울특별시,11560,영등포구,1156011600,당산동6가,11,서울특별시,11560,영등포구,1156011000,여의도동,11,00,2,622.0
20260112,여의도역,11,서울특별시,11560,영등포구,1156011600,당산동6가,11,서울특별시,11560,영등포구,1156011000,여의도동,11,15,1,509.0
20260112,여의도역,11,서울특별시,11560,영등포구,1156011600,당산동6가,11,서울특별시,11560,영등포구,1156011000,여의도동,11,30,1,495.0
20260112,여의도역,11,서울특별시,11560,영등포구,1156011600,당산동6가,11,서울특별시,11560,영등포구,1156011000,여의도동,11,45,1,868.0
20260112,여의도역,11,서울특별시,11560,영등포구,1156011600,당산동6가,11,서울특별시,11560,영등포구,1156011000,여의도동,12,30,1,1016.0
20260112,여의도역,11,서울특별시,11560,영등포구,1156011600,당산동6가,11,서울특별시,11560,영등포구,1156011000,여의도동,12,45,1,746.0
20260112,여의도역,11,서울특별시,11560,영등포구,1156011700,당산동,11,서울특별시,11560,영등포구,1156011000,여의도동,07,00,1,697.0
20260112,여의도역,11,서울특별시,11560,영등포구,1156011700,당산동,11,서울특별시,11560,영등포구,1156011000,여의도동,07,15,4,566.0
20260112,여의도역,11,서울특별시,11560,영등포구,1156011700,당산동,11,서울특별시,11560,영등포구,1156011000,여의도동,07,30,1,4290.0
20260112,여의도역,11,서울특별시,11560,영등포구,1156011700,당산동,11,서울특별시,11560,영등포구,1156011000,여의도동,07,45,1,771.0
20260112,여의도역,11,서울특별시,11560,영등포구,1156011700,당산동,11,서울특별시,11560,영등포구,1156011000,여의도동,08,00,2,975.0
20260112,여의도역,11,서울특별시,11560,영등포구,1156011700,당산동,11,서울특별시,11560,영등포구,1156011000,여의도동,11,15,1,931.0
20260112,여의도역,11,서울특별시,11560,영등포구,1156011800,도림동,11,서울특별시,11560,영등포구,1156011000,여의도동,06,00,5,755.0
20260112,여의도역,11,서울특별시,11560,영등포구,1156011800,도림동,11,서울특별시,11560,영등포구,1156011000,여의도동,06,15,2,1125.0
20260112,여의도역,11,서울특별시,11560,영등포구,1156011800,도림동,11,서울특별시,11560,영등포구,1156011000,여의도동,06,30,4,816.0
20260112,여의도역,11,서울특별시,11560,영등포구,1156011800,도림동,11,서울특별시,11560,영등포구,1156011000,여의도동,06,45,6,846.0
20260112,여의도역,11,서울특별시,11560,영등포구,1156011800,도림동,11,서울특별시,11560,영등포구,1156011000,여의도동,07,00,13,1039.0
20260112,여의도역,11,서울특별시,11560,영등포구,1156011800,도림동,11,서울특별시,11560,영등포구,1156011000,여의도동,07,15,27,964.0
20260112,여의도역,11,서울특별시,11560,영등포구,1156011800,도림동,11,서울특별시,11560,영등포구,1156011000,여의도동,07,30,13,1115.0
20260112,여의도역,11,서울특별시,11560,영등포구,1156011800,도림동,11,서울특별시,11560,영등포구,1156011000,여의도동,07,45,17,1106.0
20260112,여의도역,11,서울특별시,11560,영등포구,1156011800,도림동,11,서울특별시,11560,영등포구,1156011000,여의도동,08,00,14,1141.0
20260112,여의도역,11,서울특별시,11560,영등포구,1156011800,도림동,11,서울특별시,11560,영등포구,1156011000,여의도동,08,15,24,1093.0
20260112,여의도역,11,서울특별시,11560,영등포구,1156011800,도림동,11,서울특별시,11560,영등포구,1156011000,여의도동,08,30,13,915.0
20260112,여의도역,11,서울특별시,11560,영등포구,1156011800,도림동,11,서울특별시,11560,영등포구,1156011000,여의도동,08,45,8,930.0
20260112,여의도역,11,서울특별시,11560,영등포구,1156011800,도림동,11,서울특별시,11560,영등포구,1156011000,여의도동,09,00,15,808.0
20260112,여의도역,11,서울특별시,11560,영등포구,1156011800,도림동,11,서울특별시,11560,영등포구,1156011000,여의도동,09,15,10,845.0
20260112,여의도역,11,서울특별시,11560,영등포구,1156011800,도림동,11,서울특별시,11560,영등포구,1156011000,여의도동,09,30,2,627.0
20260112,여의도역,11,서울특별시,11560,영등포구,1156011800,도림동,11,서울특별시,11560,영등포구,1156011000,여의도동,09,45,2,991.0
20260112,여의도역,11,서울특별시,11560,영등포구,1156011800,도림동,11,서울특별시,11560,영등포구,1156011000,여의도동,10,00,4,923.0
20260112,여의도역,11,서울특별시,11560,영등포구,1156011800,도림동,11,서울특별시,11560,영등포구,1156011000,여의도동,10,15,6,953.0
20260112,여의도역,11,서울특별시,11560,영등포구,1156011800,도림동,11,서울특별시,11560,영등포구,1156011000,여의도동,10,30,1,713.0
20260112,여의도역,11,서울특별시,11560,영등포구,1156011800,도림동,11,서울특별시,11560,영등포구,1156011000,여의도동,10,45,3,1024.0
20260112,여의도역,11,서울특별시,11560,영등포구,1156011800,도림동,11,서울특별시,11560,영등포구,1156011000,여의도동,11,00,1,632.0
20260112,여의도역,11,서울특별시,11560,영등포구,1156011800,도림동,11,서울특별시,11560,영등포구,1156011000,여의도동,11,15,4,1029.0
20260112,여의도역,11,서울특별시,11560,영등포구,1156011800,도림동,11,서울특별시,11560,영등포구,1156011000,여의도동,11,30,2,828.0
20260112,여의도역,11,서울특별시,11560,영등포구,1156011800,도림동,11,서울특별시,11560,영등포구,1156011000,여의도동,11,45,3,1369.0
20260112,여의도역,11,서울특별시,11560,영등포구,1156011800,도림동,11,서울특별시,11560,영등포구,1156011000,여의도동,12,00,2,568.0
20260112,여의도역,11,서울특별시,11560,영등포구,1156011800,도림동,11,서울특별시,11560,영등포구,1156011000,여의도동,12,30,2,437.0
20260112,여의도역,11,서울특별시,11560,영등포구,1156011800,도림동,11,서울특별시,11560,영등포구,1156011000,여의도동,12,45,2,1154.0
20260112,여의도역,11,서울특별시,11560,영등포구,1156011900,문래동1가,11,서울특별시,11560,영등포구,1156011000,여의도동,06,00,1,577.0
20260112,여의도역,11,서울특별시,11560,영등포구,1156011900,문래동1가,11,서울특별시,11560,영등포구,1156011000,여의도동,06,15,1,986.0
20260112,여의도역,11,서울특별시,11560,영등포구,1156011900,문래동1가,11,서울특별시,11560,영등포구,1156011000,여의도동,06,30,2,659.0
20260112,여의도역,11,서울특별시,11560,영등포구,1156011900,문래동1가,11,서울특별시,11560,영등포구,1156011000,여의도동,06,45,2,555.0
20260112,여의도역,11,서울특별시,11560,영등포구,1156011900,문래동1가,11,서울특별시,11560,영등포구,1156011000,여의도동,07,00,4,734.0
20260112,여의도역,11,서울특별시,11560,영등포구,1156011900,문래동1가,11,서울특별시,11560,영등포구,1156011000,여의도동,07,15,12,798.0
20260112,여의도역,11,서울특별시,11560,영등포구,1156011900,문래동1가,11,서울특별시,11560,영등포구,1156011000,여의도동,07,30,18,864.0
20260112,여의도역,11,서울특별시,11560,영등포구,1156011900,문래동1가,11,서울특별시,11560,영등포구,1156011000,여의도동,07,45,14,891.0
20260112,여의도역,11,서울특별시,11560,영등포구,1156011900,문래동1가,11,서울특별시,11560,영등포구,1156011000,여의도동,08,00,22,946.0
20260112,여의도역,11,서울특별시,11560,영등포구,1156011900,문래동1가,11,서울특별시,11560,영등포구,1156011000,여의도동,08,15,18,793.0
20260112,여의도역,11,서울특별시,11560,영등포구,1156011900,문래동1가,11,서울특별시,11560,영등포구,1156011000,여의도동,08,30,21,738.0
20260112,여의도역,11,서울특별시,11560,영등포구,1156011900,문래동1가,11,서울특별시,11560,영등포구,1156011000,여의도동,08,45,5,599.0
20260112,여의도역,11,서울특별시,11560,영등포구,1156011900,문래동1가,11,서울특별시,11560,영등포구,1156011000,여의도동,09,00,11,674.0
20260112,여의도역,11,서울특별시,11560,영등포구,1156011900,문래동1가,11,서울특별시,11560,영등포구,1156011000,여의도동,09,15,9,732.0
20260112,여의도역,11,서울특별시,11560,영등포구,1156011900,문래동1가,11,서울특별시,11560,영등포구,1156011000,여의도동,09,30,6,709.0
20260112,여의도역,11,서울특별시,11560,영등포구,1156011900,문래동1가,11,서울특별시,11560,영등포구,1156011000,여의도동,09,45,6,579.0
20260112,여의도역,11,서울특별시,11560,영등포구,1156011900,문래동1가,11,서울특별시,11560,영등포구,1156011000,여의도동,10,00,1,607.0
20260112,여의도역,11,서울특별시,11560,영등포구,1156011900,문래동1가,11,서울특별시,11560,영등포구,1156011000,여의도동,10,15,3,558.0
20260112,여의도역,11,서울특별시,11560,영등포구,1156011900,문래동1가,11,서울특별시,11560,영등포구,1156011000,여의도동,10,30,6,721.0
20260112,여의도역,11,서울특별시,11560,영등포구,1156011900,문래동1가,11,서울특별시,11560,영등포구,1156011000,여의도동,10,45,1,667.0
20260112,여의도역,11,서울특별시,11560,영등포구,1156011900,문래동1가,11,서울특별시,11560,영등포구,1156011000,여의도동,11,00,6,792.0
20260112,여의도역,11,서울특별시,11560,영등포구,1156011900,문래동1가,11,서울특별시,11560,영등포구,1156011000,여의도동,11,15,4,728.0
20260112,여의도역,11,서울특별시,11560,영등포구,1156011900,문래동1가,11,서울특별시,11560,영등포구,1156011000,여의도동,11,45,4,862.0
20260112,여의도역,11,서울특별시,11560,영등포구,1156011900,문래동1가,11,서울특별시,11560,영등포구,1156011000,여의도동,12,00,5,783.0
20260112,여의도역,11,서울특별시,11560,영등포구,1156011900,문래동1가,11,서울특별시,11560,영등포구,1156011000,여의도동,12,30,5,586.0
20260112,여의도역,11,서울특별시,11560,영등포구,1156011900,문래동1가,11,서울특별시,11560,영등포구,1156011000,여의도동,12,45,4,683.0
20260112,여의도역,11,서울특별시,11560,영등포구,1156012100,문래동3가,11,서울특별시,11560,영등포구,1156011000,여의도동,06,00,1,1009.0
20260112,여의도역,11,서울특별시,11560,영등포구,1156012100,문래동3가,11,서울특별시,11560,영등포구,1156011000,여의도동,06,15,1,1245.0
20260112,여의도역,11,서울특별시,11560,영등포구,1156012100,문래동3가,11,서울특별시,11560,영등포구,1156011000,여의도동,06,30,1,1343.0
20260112,여의도역,11,서울특별시,11560,영등포구,1156012100,문래동3가,11,서울특별시,11560,영등포구,1156011000,여의도동,06,45,8,974.0
20260112,여의도역,11,서울특별시,11560,영등포구,1156012100,문래동3가,11,서울특별시,11560,영등포구,1156011000,여의도동,07,00,8,1037.0
20260112,여의도역,11,서울특별시,11560,영등포구,1156012100,문래동3가,11,서울특별시,11560,영등포구,1156011000,여의도동,07,15,22,1036.0
20260112,여의도역,11,서울특별시,11560,영등포구,1156012100,문래동3가,11,서울특별시,11560,영등포구,1156011000,여의도동,07,30,16,1031.0
20260112,여의도역,11,서울특별시,11560,영등포구,1156012100,문래동3가,11,서울특별시,11560,영등포구,1156011000,여의도동,07,45,9,1046.0
20260112,여의도역,11,서울특별시,11560,영등포구,1156012100,문래동3가,11,서울특별시,11560,영등포구,1156011000,여의도동,08,00,19,988.0
20260112,여의도역,11,서울특별시,11560,영등포구,1156012100,문래동3가,11,서울특별시,11560,영등포구,1156011000,여의도동,08,15,31,1047.0
20260112,여의도역,11,서울특별시,11560,영등포구,1156012100,문래동3가,11,서울특별시,11560,영등포구,1156011000,여의도동,08,30,12,961.0
20260112,여의도역,11,서울특별시,11560,영등포구,1156012100,문래동3가,11,서울특별시,11560,영등포구,1156011000,여의도동,08,45,9,1038.0
20260112,여의도역,11,서울특별시,11560,영등포구,1156012100,문래동3가,11,서울특별시,11560,영등포구,1156011000,여의도동,09,00,6,914.0
20260112,여의도역,11,서울특별시,11560,영등포구,1156012100,문래동3가,11,서울특별시,11560,영등포구,1156011000,여의도동,09,15,4,984.0
20260112,여의도역,11,서울특별시,11560,영등포구,1156012100,문래동3가,11,서울특별시,11560,영등포구,1156011000,여의도동,09,30,4,1001.0
20260112,여의도역,11,서울특별시,11560,영등포구,1156012100,문래동3가,11,서울특별시,11560,영등포구,1156011000,여의도동,09,45,5,1145.0
20260112,여의도역,11,서울특별시,11560,영등포구,1156012100,문래동3가,11,서울특별시,11560,영등포구,1156011000,여의도동,10,00,4,1461.0
20260112,여의도역,11,서울특별시,11560,영등포구,1156012100,문래동3가,11,서울특별시,11560,영등포구,1156011000,여의도동,10,15,2,1091.0
20260112,여의도역,11,서울특별시,11560,영등포구,1156012100,문래동3가,11,서울특별시,11560,영등포구,1156011000,여의도동,10,30,2,704.0
20260112,여의도역,11,서울특별시,11560,영등포구,1156012100,문래동3가,11,서울특별시,11560,영등포구,1156011000,여의도동,10,45,1,1324.0
20260112,여의도역,11,서울특별시,11560,영등포구,1156012100,문래동3가,11,서울특별시,11560,영등포구,1156011000,여의도동,11,00,3,1039.0
20260112,여의도역,11,서울특별시,11560,영등포구,1156012100,문래동3가,11,서울특별시,11560,영등포구,1156011000,여의도동,11,15,2,1566.0
20260112,여의도역,11,서울특별시,11560,영등포구,1156012100,문래동3가,11,서울특별시,11560,영등포구,1156011000,여의도동,11,45,4,1272.0
20260112,여의도역,11,서울특별시,11560,영등포구,1156012100,문래동3가,11,서울특별시,11560,영등포구,1156011000,여의도동,12,00,3,1188.0
20260112,여의도역,11,서울특별시,11560,영등포구,1156012100,문래동3가,11,서울특별시,11560,영등포구,1156011000,여의도동,12,15,3,1230.0
20260112,여의도역,11,서울특별시,11560,영등포구,1156012100,문래동3가,11,서울특별시,11560,영등포구,1156011000,여의도동,12,30,5,1186.0
20260112,여의도역,11,서울특별시,11560,영등포구,1156012100,문래동3가,11,서울특별시,11560,영등포구,1156011000,여의도동,12,45,4,1284.0
20260112,여의도역,11,서울특별시,11560,영등포구,1156012200,문래동4가,11,서울특별시,11560,영등포구,1156011000,여의도동,08,15,1,1813.0
20260112,여의도역,11,서울특별시,11560,영등포구,1156012200,문래동4가,11,서울특별시,11560,영등포구,1156011000,여의도동,10,15,1,1867.0
20260112,여의도역,11,서울특별시,11560,영등포구,1156012200,문래동4가,11,서울특별시,11560,영등포구,1156011000,여의도동,10,30,1,1267.0
20260112,여의도역,11,서울특별시,11560,영등포구,1156012300,문래동5가,11,서울특별시,11560,영등포구,1156011000,여의도동,06,30,1,1145.0
20260112,여의도역,11,서울특별시,11560,영등포구,1156012300,문래동5가,11,서울특별시,11560,영등포구,1156011000,여의도동,06,45,1,952.0
20260112,여의도역,11,서울특별시,11560,영등포구,1156012300,문래동5가,11,서울특별시,11560,영등포구,1156011000,여의도동,07,00,7,1508.0
20260112,여의도역,11,서울특별시,11560,영등포구,1156012300,문래동5가,11,서울특별시,11560,영등포구,1156011000,여의도동,07,30,1,1543.0
20260112,여의도역,11,서울특별시,11560,영등포구,1156012300,문래동5가,11,서울특별시,11560,영등포구,1156011000,여의도동,07,45,4,1515.0
20260112,여의도역,11,서울특별시,11560,영등포구,1156012300,문래동5가,11,서울특별시,11560,영등포구,1156011000,여의도동,08,00,3,1750.0
20260112,여의도역,11,서울특별시,11560,영등포구,1156012300,문래동5가,11,서울특별시,11560,영등포구,1156011000,여의도동,08,15,8,1462.0
20260112,여의도역,11,서울특별시,11560,영등포구,1156012300,문래동5가,11,서울특별시,11560,영등포구,1156011000,여의도동,08,45,1,1305.0
20260112,여의도역,11,서울특별시,11560,영등포구,1156012300,문래동5가,11,서울특별시,11560,영등포구,1156011000,여의도동,09,15,1,1448.0
20260112,여의도역,11,서울특별시,11560,영등포구,1156012300,문래동5가,11,서울특별시,11560,영등포구,1156011000,여의도동,09,30,1,1642.0
20260112,여의도역,11,서울특별시,11560,영등포구,1156012400,문래동6가,11,서울특별시,11560,영등포구,1156011000,여의도동,06,00,1,1299.0
20260112,여의도역,11,서울특별시,11560,영등포구,1156012400,문래동6가,11,서울특별시,11560,영등포구,1156011000,여의도동,06,15,2,1571.0
20260112,여의도역,11,서울특별시,11560,영등포구,1156012400,문래동6가,11,서울특별시,11560,영등포구,1156011000,여의도동,06,30,5,1186.0
20260112,여의도역,11,서울특별시,11560,영등포구,1156012400,문래동6가,11,서울특별시,11560,영등포구,1156011000,여의도동,06,45,7,1135.0
20260112,여의도역,11,서울특별시,11560,영등포구,1156012400,문래동6가,11,서울특별시,11560,영등포구,1156011000,여의도동,07,00,17,1362.0
20260112,여의도역,11,서울특별시,11560,영등포구,1156012400,문래동6가,11,서울특별시,11560,영등포구,1156011000,여의도동,07,15,6,1231.0
20260112,여의도역,11,서울특별시,11560,영등포구,1156012400,문래동6가,11,서울특별시,11560,영등포구,1156011000,여의도동,07,30,15,1685.0
20260112,여의도역,11,서울특별시,11560,영등포구,1156012400,문래동6가,11,서울특별시,11560,영등포구,1156011000,여의도동,07,45,16,1482.0
20260112,여의도역,11,서울특별시,11560,영등포구,1156012400,문래동6가,11,서울특별시,11560,영등포구,1156011000,여의도동,08,00,10,1253.0
20260112,여의도역,11,서울특별시,11560,영등포구,1156012400,문래동6가,11,서울특별시,11560,영등포구,1156011000,여의도동,08,15,16,1328.0
20260112,여의도역,11,서울특별시,11560,영등포구,1156012400,문래동6가,11,서울특별시,11560,영등포구,1156011000,여의도동,08,30,4,1464.0
20260112,여의도역,11,서울특별시,11560,영등포구,1156012400,문래동6가,11,서울특별시,11560,영등포구,1156011000,여의도동,08,45,1,1521.0
20260112,여의도역,11,서울특별시,11560,영등포구,1156012400,문래동6가,11,서울특별시,11560,영등포구,1156011000,여의도동,09,00,3,1485.0
20260112,여의도역,11,서울특별시,11560,영등포구,1156012400,문래동6가,11,서울특별시,11560,영등포구,1156011000,여의도동,09,45,4,1456.0
20260112,여의도역,11,서울특별시,11560,영등포구,1156012400,문래동6가,11,서울특별시,11560,영등포구,1156011000,여의도동,11,45,1,1677.0
20260112,여의도역,11,서울특별시,11560,영등포구,1156012400,문래동6가,11,서울특별시,11560,영등포구,1156011000,여의도동,12,30,1,1099.0
20260112,여의도역,11,서울특별시,11560,영등포구,1156012400,문래동6가,11,서울특별시,11560,영등포구,1156011000,여의도동,12,45,2,1150.0
20260112,여의도역,11,서울특별시,11560,영등포구,1156012500,양평동1가,11,서울특별시,11560,영등포구,1156011000,여의도동,06,30,2,956.0
20260112,여의도역,11,서울특별시,11560,영등포구,1156012500,양평동1가,11,서울특별시,11560,영등포구,1156011000,여의도동,06,45,5,1077.0
20260112,여의도역,11,서울특별시,11560,영등포구,1156012500,양평동1가,11,서울특별시,11560,영등포구,1156011000,여의도동,07,00,8,1082.0
20260112,여의도역,11,서울특별시,11560,영등포구,1156012500,양평동1가,11,서울특별시,11560,영등포구,1156011000,여의도동,07,15,20,1151.0
20260112,여의도역,11,서울특별시,11560,영등포구,1156012500,양평동1가,11,서울특별시,11560,영등포구,1156011000,여의도동,07,30,7,1441.0
20260112,여의도역,11,서울특별시,11560,영등포구,1156012500,양평동1가,11,서울특별시,11560,영등포구,1156011000,여의도동,07,45,8,1225.0
20260112,여의도역,11,서울특별시,11560,영등포구,1156012500,양평동1가,11,서울특별시,11560,영등포구,1156011000,여의도동,08,00,13,1192.0
20260112,여의도역,11,서울특별시,11560,영등포구,1156012500,양평동1가,11,서울특별시,11560,영등포구,1156011000,여의도동,08,15,20,1149.0
20260112,여의도역,11,서울특별시,11560,영등포구,1156012500,양평동1가,11,서울특별시,11560,영등포구,1156011000,여의도동,08,30,7,1160.0
20260112,여의도역,11,서울특별시,11560,영등포구,1156012500,양평동1가,11,서울특별시,11560,영등포구,1156011000,여의도동,08,45,5,925.0
20260112,여의도역,11,서울특별시,11560,영등포구,1156012500,양평동1가,11,서울특별시,11560,영등포구,1156011000,여의도동,09,00,5,1357.0
20260112,여의도역,11,서울특별시,11560,영등포구,1156012500,양평동1가,11,서울특별시,11560,영등포구,1156011000,여의도동,09,15,11,1032.0
20260112,여의도역,11,서울특별시,11560,영등포구,1156012500,양평동1가,11,서울특별시,11560,영등포구,1156011000,여의도동,09,30,2,1064.0
20260112,여의도역,11,서울특별시,11560,영등포구,1156012500,양평동1가,11,서울특별시,11560,영등포구,1156011000,여의도동,09,45,1,891.0
20260112,여의도역,11,서울특별시,11560,영등포구,1156012500,양평동1가,11,서울특별시,11560,영등포구,1156011000,여의도동,10,00,2,1058.0
20260112,여의도역,11,서울특별시,11560,영등포구,1156012500,양평동1가,11,서울특별시,11560,영등포구,1156011000,여의도동,10,15,5,933.0
20260112,여의도역,11,서울특별시,11560,영등포구,1156012500,양평동1가,11,서울특별시,11560,영등포구,1156011000,여의도동,10,30,3,1216.0
20260112,여의도역,11,서울특별시,11560,영등포구,1156012500,양평동1가,11,서울특별시,11560,영등포구,1156011000,여의도동,10,45,1,1044.0
20260112,여의도역,11,서울특별시,11560,영등포구,1156012500,양평동1가,11,서울특별시,11560,영등포구,1156011000,여의도동,11,15,2,1053.0
20260112,여의도역,11,서울특별시,11560,영등포구,1156012500,양평동1가,11,서울특별시,11560,영등포구,1156011000,여의도동,11,45,1,1081.0
20260112,여의도역,11,서울특별시,11560,영등포구,1156012500,양평동1가,11,서울특별시,11560,영등포구,1156011000,여의도동,12,00,3,1113.0
20260112,여의도역,11,서울특별시,11560,영등포구,1156012500,양평동1가,11,서울특별시,11560,영등포구,1156011000,여의도동,12,30,2,1040.0
20260112,여의도역,11,서울특별시,11560,영등포구,1156012500,양평동1가,11,서울특별시,11560,영등포구,1156011000,여의도동,12,45,1,1049.0
20260112,여의도역,11,서울특별시,11560,영등포구,1156012600,양평동2가,11,서울특별시,11560,영등포구,1156011000,여의도동,06,00,4,1098.0
20260112,여의도역,11,서울특별시,11560,영등포구,1156012600,양평동2가,11,서울특별시,11560,영등포구,1156011000,여의도동,06,15,8,1045.0
20260112,여의도역,11,서울특별시,11560,영등포구,1156012600,양평동2가,11,서울특별시,11560,영등포구,1156011000,여의도동,06,30,12,1029.0
20260112,여의도역,11,서울특별시,11560,영등포구,1156012600,양평동2가,11,서울특별시,11560,영등포구,1156011000,여의도동,06,45,26,1002.0
20260112,여의도역,11,서울특별시,11560,영등포구,1156012600,양평동2가,11,서울특별시,11560,영등포구,1156011000,여의도동,07,00,39,958.0
20260112,여의도역,11,서울특별시,11560,영등포구,1156012600,양평동2가,11,서울특별시,11560,영등포구,1156011000,여의도동,07,15,76,905.0
20260112,여의도역,11,서울특별시,11560,영등포구,1156012600,양평동2가,11,서울특별시,11560,영등포구,1156011000,여의도동,07,30,113,955.0
20260112,여의도역,11,서울특별시,11560,영등포구,1156012600,양평동2가,11,서울특별시,11560,영등포구,1156011000,여의도동,07,45,73,965.0
20260112,여의도역,11,서울특별시,11560,영등포구,1156012600,양평동2가,11,서울특별시,11560,영등포구,1156011000,여의도동,08,00,69,957.0
20260112,여의도역,11,서울특별시,11560,영등포구,1156012600,양평동2가,11,서울특별시,11560,영등포구,1156011000,여의도동,08,15,115,945.0
20260112,여의도역,11,서울특별시,11560,영등포구,1156012600,양평동2가,11,서울특별시,11560,영등포구,1156011000,여의도동,08,30,73,842.0
20260112,여의도역,11,서울특별시,11560,영등포구,1156012600,양평동2가,11,서울특별시,11560,영등포구,1156011000,여의도동,08,45,29,900.0
20260112,여의도역,11,서울특별시,11560,영등포구,1156012600,양평동2가,11,서울특별시,11560,영등포구,1156011000,여의도동,09,00,27,983.0
20260112,여의도역,11,서울특별시,11560,영등포구,1156012600,양평동2가,11,서울특별시,11560,영등포구,1156011000,여의도동,09,15,16,847.0
20260112,여의도역,11,서울특별시,11560,영등포구,1156012600,양평동2가,11,서울특별시,11560,영등포구,1156011000,여의도동,09,30,17,863.0
20260112,여의도역,11,서울특별시,11560,영등포구,1156012600,양평동2가,11,서울특별시,11560,영등포구,1156011000,여의도동,09,45,8,838.0
20260112,여의도역,11,서울특별시,11560,영등포구,1156012600,양평동2가,11,서울특별시,11560,영등포구,1156011000,여의도동,10,00,7,875.0
20260112,여의도역,11,서울특별시,11560,영등포구,1156012600,양평동2가,11,서울특별시,11560,영등포구,1156011000,여의도동,10,15,5,865.0
20260112,여의도역,11,서울특별시,11560,영등포구,1156012600,양평동2가,11,서울특별시,11560,영등포구,1156011000,여의도동,10,30,5,924.0
20260112,여의도역,11,서울특별시,11560,영등포구,1156012600,양평동2가,11,서울특별시,11560,영등포구,1156011000,여의도동,10,45,4,930.0
20260112,여의도역,11,서울특별시,11560,영등포구,1156012600,양평동2가,11,서울특별시,11560,영등포구,1156011000,여의도동,11,00,5,915.0
20260112,여의도역,11,서울특별시,11560,영등포구,1156012600,양평동2가,11,서울특별시,11560,영등포구,1156011000,여의도동,11,15,7,898.0
20260112,여의도역,11,서울특별시,11560,영등포구,1156012600,양평동2가,11,서울특별시,11560,영등포구,1156011000,여의도동,11,30,2,1085.0
20260112,여의도역,11,서울특별시,11560,영등포구,1156012600,양평동2가,11,서울특별시,11560,영등포구,1156011000,여의도동,11,45,5,1043.0
20260112,여의도역,11,서울특별시,11560,영등포구,1156012600,양평동2가,11,서울특별시,11560,영등포구,1156011000,여의도동,12,00,5,1281.0
20260112,여의도역,11,서울특별시,11560,영등포구,1156012600,양평동2가,11,서울특별시,11560,영등포구,1156011000,여의도동,12,15,3,1013.0
20260112,여의도역,11,서울특별시,11560,영등포구,1156012600,양평동2가,11,서울특별시,11560,영등포구,1156011000,여의도동,12,30,9,998.0
20260112,여의도역,11,서울특별시,11560,영등포구,1156012600,양평동2가,11,서울특별시,11560,영등포구,1156011000,여의도동,12,45,5,905.0
20260112,여의도역,11,서울특별시,11560,영등포구,1156012700,양평동3가,11,서울특별시,11560,영등포구,1156011000,여의도동,06,00,1,629.0
20260112,여의도역,11,서울특별시,11560,영등포구,1156012700,양평동3가,11,서울특별시,11560,영등포구,1156011000,여의도동,06,30,1,647.0
20260112,여의도역,11,서울특별시,11560,영등포구,1156012700,양평동3가,11,서울특별시,11560,영등포구,1156011000,여의도동,07,00,3,879.0
20260112,여의도역,11,서울특별시,11560,영등포구,1156012700,양평동3가,11,서울특별시,11560,영등포구,1156011000,여의도동,07,15,9,768.0
20260112,여의도역,11,서울특별시,11560,영등포구,1156012700,양평동3가,11,서울특별시,11560,영등포구,1156011000,여의도동,07,30,5,700.0
20260112,여의도역,11,서울특별시,11560,영등포구,1156012700,양평동3가,11,서울특별시,11560,영등포구,1156011000,여의도동,07,45,2,899.0
20260112,여의도역,11,서울특별시,11560,영등포구,1156012700,양평동3가,11,서울특별시,11560,영등포구,1156011000,여의도동,08,00,3,1148.0
20260112,여의도역,11,서울특별시,11560,영등포구,1156012700,양평동3가,11,서울특별시,11560,영등포구,1156011000,여의도동,08,15,6,769.0
20260112,여의도역,11,서울특별시,11560,영등포구,1156012700,양평동3가,11,서울특별시,11560,영등포구,1156011000,여의도동,08,30,2,687.0
20260112,여의도역,11,서울특별시,11560,영등포구,1156012700,양평동3가,11,서울특별시,11560,영등포구,1156011000,여의도동,08,45,2,1055.0
20260112,여의도역,11,서울특별시,11560,영등포구,1156012700,양평동3가,11,서울특별시,11560,영등포구,1156011000,여의도동,09,00,1,1322.0
20260112,여의도역,11,서울특별시,11560,영등포구,1156012700,양평동3가,11,서울특별시,11560,영등포구,1156011000,여의도동,09,30,1,1406.0
20260112,여의도역,11,서울특별시,11560,영등포구,1156012700,양평동3가,11,서울특별시,11560,영등포구,1156011000,여의도동,10,15,1,1125.0
20260112,여의도역,11,서울특별시,11560,영등포구,1156012800,양평동4가,11,서울특별시,11560,영등포구,1156011000,여의도동,06,15,1,1031.0
20260112,여의도역,11,서울특별시,11560,영등포구,1156012800,양평동4가,11,서울특별시,11560,영등포구,1156011000,여의도동,06,45,1,1203.0
20260112,여의도역,11,서울특별시,11560,영등포구,1156012800,양평동4가,11,서울특별시,11560,영등포구,1156011000,여의도동,07,30,1,1334.0
20260112,여의도역,11,서울특별시,11560,영등포구,1156012800,양평동4가,11,서울특별시,11560,영등포구,1156011000,여의도동,07,45,1,1326.0
20260112,여의도역,11,서울특별시,11560,영등포구,1156012800,양평동4가,11,서울특별시,11560,영등포구,1156011000,여의도동,08,00,1,1354.0
20260112,여의도역,11,서울특별시,11560,영등포구,1156012800,양평동4가,11,서울특별시,11560,영등포구,1156011000,여의도동,08,15,2,1287.0
20260112,여의도역,11,서울특별시,11560,영등포구,1156012800,양평동4가,11,서울특별시,11560,영등포구,1156011000,여의도동,08,30,1,1452.0
20260112,여의도역,11,서울특별시,11560,영등포구,1156012800,양평동4가,11,서울특별시,11560,영등포구,1156011000,여의도동,09,00,1,1070.0
20260112,여의도역,11,서울특별시,11560,영등포구,1156012800,양평동4가,11,서울특별시,11560,영등포구,1156011000,여의도동,09,15,1,1179.0
20260112,여의도역,11,서울특별시,11560,영등포구,1156012800,양평동4가,11,서울특별시,11560,영등포구,1156011000,여의도동,09,45,1,1420.0
20260112,여의도역,11,서울특별시,11560,영등포구,1156012800,양평동4가,11,서울특별시,11560,영등포구,1156011000,여의도동,10,00,1,1215.0
20260112,여의도역,11,서울특별시,11560,영등포구,1156012800,양평동4가,11,서울특별시,11560,영등포구,1156011000,여의도동,10,30,1,1004.0
20260112,여의도역,11,서울특별시,11560,영등포구,1156012800,양평동4가,11,서울특별시,11560,영등포구,1156011000,여의도동,10,45,1,1229.0
20260112,여의도역,11,서울특별시,11560,영등포구,1156012800,양평동4가,11,서울특별시,11560,영등포구,1156011000,여의도동,11,15,1,903.0
20260112,여의도역,11,서울특별시,11560,영등포구,1156012900,양평동5가,11,서울특별시,11560,영등포구,1156011000,여의도동,06,00,4,786.0
20260112,여의도역,11,서울특별시,11560,영등포구,1156012900,양평동5가,11,서울특별시,11560,영등포구,1156011000,여의도동,06,15,9,768.0
20260112,여의도역,11,서울특별시,11560,영등포구,1156012900,양평동5가,11,서울특별시,11560,영등포구,1156011000,여의도동,06,30,13,584.0
20260112,여의도역,11,서울특별시,11560,영등포구,1156012900,양평동5가,11,서울특별시,11560,영등포구,1156011000,여의도동,06,45,10,688.0
20260112,여의도역,11,서울특별시,11560,영등포구,1156012900,양평동5가,11,서울특별시,11560,영등포구,1156011000,여의도동,07,00,24,623.0
20260112,여의도역,11,서울특별시,11560,영등포구,1156012900,양평동5가,11,서울특별시,11560,영등포구,1156011000,여의도동,07,15,76,628.0
20260112,여의도역,11,서울특별시,11560,영등포구,1156012900,양평동5가,11,서울특별시,11560,영등포구,1156011000,여의도동,07,30,125,612.0
20260112,여의도역,11,서울특별시,11560,영등포구,1156012900,양평동5가,11,서울특별시,11560,영등포구,1156011000,여의도동,07,45,57,654.0
20260112,여의도역,11,서울특별시,11560,영등포구,1156012900,양평동5가,11,서울특별시,11560,영등포구,1156011000,여의도동,08,00,79,636.0
20260112,여의도역,11,서울특별시,11560,영등포구,1156012900,양평동5가,11,서울특별시,11560,영등포구,1156011000,여의도동,08,15,92,705.0
20260112,여의도역,11,서울특별시,11560,영등포구,1156012900,양평동5가,11,서울특별시,11560,영등포구,1156011000,여의도동,08,30,131,614.0
20260112,여의도역,11,서울특별시,11560,영등포구,1156012900,양평동5가,11,서울특별시,11560,영등포구,1156011000,여의도동,08,45,39,546.0
20260112,여의도역,11,서울특별시,11560,영등포구,1156012900,양평동5가,11,서울특별시,11560,영등포구,1156011000,여의도동,09,00,28,598.0
20260112,여의도역,11,서울특별시,11560,영등포구,1156012900,양평동5가,11,서울특별시,11560,영등포구,1156011000,여의도동,09,15,19,750.0
20260112,여의도역,11,서울특별시,11560,영등포구,1156012900,양평동5가,11,서울특별시,11560,영등포구,1156011000,여의도동,09,30,28,650.0
20260112,여의도역,11,서울특별시,11560,영등포구,1156012900,양평동5가,11,서울특별시,11560,영등포구,1156011000,여의도동,09,45,14,1129.0
20260112,여의도역,11,서울특별시,11560,영등포구,1156012900,양평동5가,11,서울특별시,11560,영등포구,1156011000,여의도동,10,00,11,664.0
20260112,여의도역,11,서울특별시,11560,영등포구,1156012900,양평동5가,11,서울특별시,11560,영등포구,1156011000,여의도동,10,15,13,757.0
20260112,여의도역,11,서울특별시,11560,영등포구,1156012900,양평동5가,11,서울특별시,11560,영등포구,1156011000,여의도동,10,30,6,707.0
20260112,여의도역,11,서울특별시,11560,영등포구,1156012900,양평동5가,11,서울특별시,11560,영등포구,1156011000,여의도동,10,45,8,789.0
20260112,여의도역,11,서울특별시,11560,영등포구,1156012900,양평동5가,11,서울특별시,11560,영등포구,1156011000,여의도동,11,00,13,754.0
20260112,여의도역,11,서울특별시,11560,영등포구,1156012900,양평동5가,11,서울특별시,11560,영등포구,1156011000,여의도동,11,15,10,703.0
20260112,여의도역,11,서울특별시,11560,영등포구,1156012900,양평동5가,11,서울특별시,11560,영등포구,1156011000,여의도동,11,30,11,719.0
20260112,여의도역,11,서울특별시,11560,영등포구,1156012900,양평동5가,11,서울특별시,11560,영등포구,1156011000,여의도동,11,45,11,846.0
20260112,여의도역,11,서울특별시,11560,영등포구,1156012900,양평동5가,11,서울특별시,11560,영등포구,1156011000,여의도동,12,00,3,929.0
20260112,여의도역,11,서울특별시,11560,영등포구,1156012900,양평동5가,11,서울특별시,11560,영등포구,1156011000,여의도동,12,15,11,891.0
20260112,여의도역,11,서울특별시,11560,영등포구,1156012900,양평동5가,11,서울특별시,11560,영등포구,1156011000,여의도동,12,30,21,729.0
20260112,여의도역,11,서울특별시,11560,영등포구,1156012900,양평동5가,11,서울특별시,11560,영등포구,1156011000,여의도동,12,45,7,905.0
20260112,여의도역,11,서울특별시,11560,영등포구,1156013000,양평동6가,11,서울특별시,11560,영등포구,1156011000,여의도동,07,00,2,924.0
20260112,여의도역,11,서울특별시,11560,영등포구,1156013000,양평동6가,11,서울특별시,11560,영등포구,1156011000,여의도동,07,45,1,758.0
20260112,여의도역,11,서울특별시,11560,영등포구,1156013000,양평동6가,11,서울특별시,11560,영등포구,1156011000,여의도동,08,00,2,932.0
20260112,여의도역,11,서울특별시,11560,영등포구,1156013000,양평동6가,11,서울특별시,11560,영등포구,1156011000,여의도동,08,45,1,839.0
20260112,여의도역,11,서울특별시,11560,영등포구,1156013000,양평동6가,11,서울특별시,11560,영등포구,1156011000,여의도동,09,00,1,674.0
20260112,여의도역,11,서울특별시,11560,영등포구,1156013000,양평동6가,11,서울특별시,11560,영등포구,1156011000,여의도동,11,00,1,797.0
20260112,여의도역,11,서울특별시,11560,영등포구,1156013100,양화동,11,서울특별시,11560,영등포구,1156011000,여의도동,06,15,2,599.0
20260112,여의도역,11,서울특별시,11560,영등포구,1156013100,양화동,11,서울특별시,11560,영등포구,1156011000,여의도동,07,00,2,1714.0
20260112,여의도역,11,서울특별시,11560,영등포구,1156013100,양화동,11,서울특별시,11560,영등포구,1156011000,여의도동,07,15,3,688.0
20260112,여의도역,11,서울특별시,11560,영등포구,1156013100,양화동,11,서울특별시,11560,영등포구,1156011000,여의도동,07,30,8,796.0
20260112,여의도역,11,서울특별시,11560,영등포구,1156013100,양화동,11,서울특별시,11560,영등포구,1156011000,여의도동,07,45,4,1204.0
20260112,여의도역,11,서울특별시,11560,영등포구,1156013100,양화동,11,서울특별시,11560,영등포구,1156011000,여의도동,08,00,2,1013.0
20260112,여의도역,11,서울특별시,11560,영등포구,1156013100,양화동,11,서울특별시,11560,영등포구,1156011000,여의도동,08,15,3,1069.0
20260112,여의도역,11,서울특별시,11560,영등포구,1156013100,양화동,11,서울특별시,11560,영등포구,1156011000,여의도동,08,30,3,792.0
20260112,여의도역,11,서울특별시,11560,영등포구,1156013100,양화동,11,서울특별시,11560,영등포구,1156011000,여의도동,08,45,2,669.0
20260112,여의도역,11,서울특별시,11560,영등포구,1156013100,양화동,11,서울특별시,11560,영등포구,1156011000,여의도동,09,15,2,1022.0
20260112,여의도역,11,서울특별시,11560,영등포구,1156013100,양화동,11,서울특별시,11560,영등포구,1156011000,여의도동,09,30,4,674.0
20260112,여의도역,11,서울특별시,11560,영등포구,1156013100,양화동,11,서울특별시,11560,영등포구,1156011000,여의도동,10,00,1,1227.0
20260112,여의도역,11,서울특별시,11560,영등포구,1156013100,양화동,11,서울특별시,11560,영등포구,1156011000,여의도동,10,15,1,474.0
20260112,여의도역,11,서울특별시,11560,영등포구,1156013100,양화동,11,서울특별시,11560,영등포구,1156011000,여의도동,10,30,2,942.0
20260112,여의도역,11,서울특별시,11560,영등포구,1156013100,양화동,11,서울특별시,11560,영등포구,1156011000,여의도동,11,45,1,991.0
20260112,여의도역,11,서울특별시,11560,영등포구,1156013100,양화동,11,서울특별시,11560,영등포구,1156011000,여의도동,12,15,1,836.0
20260112,여의도역,11,서울특별시,11560,영등포구,1156013100,양화동,11,서울특별시,11560,영등포구,1156011000,여의도동,12,45,1,1610.0
20260112,여의도역,11,서울특별시,11560,영등포구,1156013200,신길동,11,서울특별시,11560,영등포구,1156011000,여의도동,06,00,39,714.0
20260112,여의도역,11,서울특별시,11560,영등포구,1156013200,신길동,11,서울특별시,11560,영등포구,1156011000,여의도동,06,15,45,854.0
20260112,여의도역,11,서울특별시,11560,영등포구,1156013200,신길동,11,서울특별시,11560,영등포구,1156011000,여의도동,06,30,51,810.0
20260112,여의도역,11,서울특별시,11560,영등포구,1156013200,신길동,11,서울특별시,11560,영등포구,1156011000,여의도동,06,45,80,804.0
20260112,여의도역,11,서울특별시,11560,영등포구,1156013200,신길동,11,서울특별시,11560,영등포구,1156011000,여의도동,07,00,102,920.0
20260112,여의도역,11,서울특별시,11560,영등포구,1156013200,신길동,11,서울특별시,11560,영등포구,1156011000,여의도동,07,15,185,893.0
20260112,여의도역,11,서울특별시,11560,영등포구,1156013200,신길동,11,서울특별시,11560,영등포구,1156011000,여의도동,07,30,206,965.0
20260112,여의도역,11,서울특별시,11560,영등포구,1156013200,신길동,11,서울특별시,11560,영등포구,1156011000,여의도동,07,45,169,1020.0
20260112,여의도역,11,서울특별시,11560,영등포구,1156013200,신길동,11,서울특별시,11560,영등포구,1156011000,여의도동,08,00,246,920.0
20260112,여의도역,11,서울특별시,11560,영등포구,1156013200,신길동,11,서울특별시,11560,영등포구,1156011000,여의도동,08,15,262,928.0
20260112,여의도역,11,서울특별시,11560,영등포구,1156013200,신길동,11,서울특별시,11560,영등포구,1156011000,여의도동,08,30,221,781.0
20260112,여의도역,11,서울특별시,11560,영등포구,1156013200,신길동,11,서울특별시,11560,영등포구,1156011000,여의도동,08,45,99,748.0
20260112,여의도역,11,서울특별시,11560,영등포구,1156013200,신길동,11,서울특별시,11560,영등포구,1156011000,여의도동,09,00,115,772.0
20260112,여의도역,11,서울특별시,11560,영등포구,1156013200,신길동,11,서울특별시,11560,영등포구,1156011000,여의도동,09,15,104,745.0
20260112,여의도역,11,서울특별시,11560,영등포구,1156013200,신길동,11,서울특별시,11560,영등포구,1156011000,여의도동,09,30,106,697.0
20260112,여의도역,11,서울특별시,11560,영등포구,1156013200,신길동,11,서울특별시,11560,영등포구,1156011000,여의도동,09,45,54,685.0
20260112,여의도역,11,서울특별시,11560,영등포구,1156013200,신길동,11,서울특별시,11560,영등포구,1156011000,여의도동,10,00,50,804.0
20260112,여의도역,11,서울특별시,11560,영등포구,1156013200,신길동,11,서울특별시,11560,영등포구,1156011000,여의도동,10,15,48,1008.0
20260112,여의도역,11,서울특별시,11560,영등포구,1156013200,신길동,11,서울특별시,11560,영등포구,1156011000,여의도동,10,30,48,781.0
20260112,여의도역,11,서울특별시,11560,영등포구,1156013200,신길동,11,서울특별시,11560,영등포구,1156011000,여의도동,10,45,40,747.0
20260112,여의도역,11,서울특별시,11560,영등포구,1156013200,신길동,11,서울특별시,11560,영등포구,1156011000,여의도동,11,00,31,883.0
20260112,여의도역,11,서울특별시,11560,영등포구,1156013200,신길동,11,서울특별시,11560,영등포구,1156011000,여의도동,11,15,25,664.0
20260112,여의도역,11,서울특별시,11560,영등포구,1156013200,신길동,11,서울특별시,11560,영등포구,1156011000,여의도동,11,30,28,821.0
20260112,여의도역,11,서울특별시,11560,영등포구,1156013200,신길동,11,서울특별시,11560,영등포구,1156011000,여의도동,11,45,14,633.0
20260112,여의도역,11,서울특별시,11560,영등포구,1156013200,신길동,11,서울특별시,11560,영등포구,1156011000,여의도동,12,00,17,901.0
20260112,여의도역,11,서울특별시,11560,영등포구,1156013200,신길동,11,서울특별시,11560,영등포구,1156011000,여의도동,12,15,24,812.0
20260112,여의도역,11,서울특별시,11560,영등포구,1156013200,신길동,11,서울특별시,11560,영등포구,1156011000,여의도동,12,30,25,733.0
20260112,여의도역,11,서울특별시,11560,영등포구,1156013200,신길동,11,서울특별시,11560,영등포구,1156011000,여의도동,12,45,34,592.0
20260112,여의도역,11,서울특별시,11560,영등포구,1156013300,대림동,11,서울특별시,11560,영등포구,1156011000,여의도동,06,00,11,1112.0
20260112,여의도역,11,서울특별시,11560,영등포구,1156013300,대림동,11,서울특별시,11560,영등포구,1156011000,여의도동,06,15,7,1119.0
20260112,여의도역,11,서울특별시,11560,영등포구,1156013300,대림동,11,서울특별시,11560,영등포구,1156011000,여의도동,06,30,10,921.0
20260112,여의도역,11,서울특별시,11560,영등포구,1156013300,대림동,11,서울특별시,11560,영등포구,1156011000,여의도동,06,45,6,1098.0
20260112,여의도역,11,서울특별시,11560,영등포구,1156013300,대림동,11,서울특별시,11560,영등포구,1156011000,여의도동,07,00,17,1202.0
20260112,여의도역,11,서울특별시,11560,영등포구,1156013300,대림동,11,서울특별시,11560,영등포구,1156011000,여의도동,07,15,25,1404.0
20260112,여의도역,11,서울특별시,11560,영등포구,1156013300,대림동,11,서울특별시,11560,영등포구,1156011000,여의도동,07,30,23,1592.0
20260112,여의도역,11,서울특별시,11560,영등포구,1156013300,대림동,11,서울특별시,11560,영등포구,1156011000,여의도동,07,45,29,1335.0
20260112,여의도역,11,서울특별시,11560,영등포구,1156013300,대림동,11,서울특별시,11560,영등포구,1156011000,여의도동,08,00,28,1294.0
20260112,여의도역,11,서울특별시,11560,영등포구,1156013300,대림동,11,서울특별시,11560,영등포구,1156011000,여의도동,08,15,60,1349.0
20260112,여의도역,11,서울특별시,11560,영등포구,1156013300,대림동,11,서울특별시,11560,영등포구,1156011000,여의도동,08,30,24,1323.0
20260112,여의도역,11,서울특별시,11560,영등포구,1156013300,대림동,11,서울특별시,11560,영등포구,1156011000,여의도동,08,45,36,1233.0
20260112,여의도역,11,서울특별시,11560,영등포구,1156013300,대림동,11,서울특별시,11560,영등포구,1156011000,여의도동,09,00,13,1146.0
20260112,여의도역,11,서울특별시,11560,영등포구,1156013300,대림동,11,서울특별시,11560,영등포구,1156011000,여의도동,09,15,30,1157.0
20260112,여의도역,11,서울특별시,11560,영등포구,1156013300,대림동,11,서울특별시,11560,영등포구,1156011000,여의도동,09,30,11,1061.0
20260112,여의도역,11,서울특별시,11560,영등포구,1156013300,대림동,11,서울특별시,11560,영등포구,1156011000,여의도동,09,45,8,1121.0
20260112,여의도역,11,서울특별시,11560,영등포구,1156013300,대림동,11,서울특별시,11560,영등포구,1156011000,여의도동,10,00,10,1079.0
20260112,여의도역,11,서울특별시,11560,영등포구,1156013300,대림동,11,서울특별시,11560,영등포구,1156011000,여의도동,10,15,13,1099.0
20260112,여의도역,11,서울특별시,11560,영등포구,1156013300,대림동,11,서울특별시,11560,영등포구,1156011000,여의도동,10,30,10,1103.0
20260112,여의도역,11,서울특별시,11560,영등포구,1156013300,대림동,11,서울특별시,11560,영등포구,1156011000,여의도동,10,45,5,1614.0
20260112,여의도역,11,서울특별시,11560,영등포구,1156013300,대림동,11,서울특별시,11560,영등포구,1156011000,여의도동,11,00,4,1183.0
20260112,여의도역,11,서울특별시,11560,영등포구,1156013300,대림동,11,서울특별시,11560,영등포구,1156011000,여의도동,11,15,3,1236.0
20260112,여의도역,11,서울특별시,11560,영등포구,1156013300,대림동,11,서울특별시,11560,영등포구,1156011000,여의도동,11,30,3,1137.0
20260112,여의도역,11,서울특별시,11560,영등포구,1156013300,대림동,11,서울특별시,11560,영등포구,1156011000,여의도동,11,45,4,1069.0
20260112,여의도역,11,서울특별시,11560,영등포구,1156013300,대림동,11,서울특별시,11560,영등포구,1156011000,여의도동,12,00,4,1012.0
20260112,여의도역,11,서울특별시,11560,영등포구,1156013300,대림동,11,서울특별시,11560,영등포구,1156011000,여의도동,12,15,3,1149.0
20260112,여의도역,11,서울특별시,11560,영등포구,1156013300,대림동,11,서울특별시,11560,영등포구,1156011000,여의도동,12,45,5,1451.0
20260112,여의도역,11,서울특별시,11590,동작구,1159010100,노량진동,11,서울특별시,11560,영등포구,1156011000,여의도동,06,00,6,717.0
20260112,여의도역,11,서울특별시,11590,동작구,1159010100,노량진동,11,서울특별시,11560,영등포구,1156011000,여의도동,06,15,12,652.0
20260112,여의도역,11,서울특별시,11590,동작구,1159010100,노량진동,11,서울특별시,11560,영등포구,1156011000,여의도동,06,30,11,782.0
20260112,여의도역,11,서울특별시,11590,동작구,1159010100,노량진동,11,서울특별시,11560,영등포구,1156011000,여의도동,06,45,19,746.0
20260112,여의도역,11,서울특별시,11590,동작구,1159010100,노량진동,11,서울특별시,11560,영등포구,1156011000,여의도동,07,00,28,618.0
20260112,여의도역,11,서울특별시,11590,동작구,1159010100,노량진동,11,서울특별시,11560,영등포구,1156011000,여의도동,07,15,56,683.0
20260112,여의도역,11,서울특별시,11590,동작구,1159010100,노량진동,11,서울특별시,11560,영등포구,1156011000,여의도동,07,30,74,784.0
20260112,여의도역,11,서울특별시,11590,동작구,1159010100,노량진동,11,서울특별시,11560,영등포구,1156011000,여의도동,07,45,74,1293.0
20260112,여의도역,11,서울특별시,11590,동작구,1159010100,노량진동,11,서울특별시,11560,영등포구,1156011000,여의도동,08,00,98,830.0
20260112,여의도역,11,서울특별시,11590,동작구,1159010100,노량진동,11,서울특별시,11560,영등포구,1156011000,여의도동,08,15,121,857.0
20260112,여의도역,11,서울특별시,11590,동작구,1159010100,노량진동,11,서울특별시,11560,영등포구,1156011000,여의도동,08,30,102,700.0
20260112,여의도역,11,서울특별시,11590,동작구,1159010100,노량진동,11,서울특별시,11560,영등포구,1156011000,여의도동,08,45,43,638.0
20260112,여의도역,11,서울특별시,11590,동작구,1159010100,노량진동,11,서울특별시,11560,영등포구,1156011000,여의도동,09,00,35,557.0
20260112,여의도역,11,서울특별시,11590,동작구,1159010100,노량진동,11,서울특별시,11560,영등포구,1156011000,여의도동,09,15,35,623.0
20260112,여의도역,11,서울특별시,11590,동작구,1159010100,노량진동,11,서울특별시,11560,영등포구,1156011000,여의도동,09,30,27,705.0
20260112,여의도역,11,서울특별시,11590,동작구,1159010100,노량진동,11,서울특별시,11560,영등포구,1156011000,여의도동,09,45,27,703.0
20260112,여의도역,11,서울특별시,11590,동작구,1159010100,노량진동,11,서울특별시,11560,영등포구,1156011000,여의도동,10,00,18,595.0
20260112,여의도역,11,서울특별시,11590,동작구,1159010100,노량진동,11,서울특별시,11560,영등포구,1156011000,여의도동,10,15,15,616.0
20260112,여의도역,11,서울특별시,11590,동작구,1159010100,노량진동,11,서울특별시,11560,영등포구,1156011000,여의도동,10,30,20,623.0
20260112,여의도역,11,서울특별시,11590,동작구,1159010100,노량진동,11,서울특별시,11560,영등포구,1156011000,여의도동,10,45,14,838.0
20260112,여의도역,11,서울특별시,11590,동작구,1159010100,노량진동,11,서울특별시,11560,영등포구,1156011000,여의도동,11,00,17,679.0
20260112,여의도역,11,서울특별시,11590,동작구,1159010100,노량진동,11,서울특별시,11560,영등포구,1156011000,여의도동,11,15,12,622.0
20260112,여의도역,11,서울특별시,11590,동작구,1159010100,노량진동,11,서울특별시,11560,영등포구,1156011000,여의도동,11,30,13,1098.0
20260112,여의도역,11,서울특별시,11590,동작구,1159010100,노량진동,11,서울특별시,11560,영등포구,1156011000,여의도동,11,45,10,558.0
20260112,여의도역,11,서울특별시,11590,동작구,1159010100,노량진동,11,서울특별시,11560,영등포구,1156011000,여의도동,12,00,18,695.0
20260112,여의도역,11,서울특별시,11590,동작구,1159010100,노량진동,11,서울특별시,11560,영등포구,1156011000,여의도동,12,15,23,698.0
20260112,여의도역,11,서울특별시,11590,동작구,1159010100,노량진동,11,서울특별시,11560,영등포구,1156011000,여의도동,12,30,30,566.0
20260112,여의도역,11,서울특별시,11590,동작구,1159010100,노량진동,11,서울특별시,11560,영등포구,1156011000,여의도동,12,45,33,683.0
20260112,여의도역,11,서울특별시,11590,동작구,1159010200,상도동,11,서울특별시,11560,영등포구,1156011000,여의도동,06,00,16,1044.0
20260112,여의도역,11,서울특별시,11590,동작구,1159010200,상도동,11,서울특별시,11560,영등포구,1156011000,여의도동,06,15,18,1201.0
20260112,여의도역,11,서울특별시,11590,동작구,1159010200,상도동,11,서울특별시,11560,영등포구,1156011000,여의도동,06,30,24,1135.0
20260112,여의도역,11,서울특별시,11590,동작구,1159010200,상도동,11,서울특별시,11560,영등포구,1156011000,여의도동,06,45,34,1284.0
20260112,여의도역,11,서울특별시,11590,동작구,1159010200,상도동,11,서울특별시,11560,영등포구,1156011000,여의도동,07,00,82,1312.0
20260112,여의도역,11,서울특별시,11590,동작구,1159010200,상도동,11,서울특별시,11560,영등포구,1156011000,여의도동,07,15,81,1308.0
20260112,여의도역,11,서울특별시,11590,동작구,1159010200,상도동,11,서울특별시,11560,영등포구,1156011000,여의도동,07,30,85,1392.0
20260112,여의도역,11,서울특별시,11590,동작구,1159010200,상도동,11,서울특별시,11560,영등포구,1156011000,여의도동,07,45,79,1415.0
20260112,여의도역,11,서울특별시,11590,동작구,1159010200,상도동,11,서울특별시,11560,영등포구,1156011000,여의도동,08,00,92,1385.0
20260112,여의도역,11,서울특별시,11590,동작구,1159010200,상도동,11,서울특별시,11560,영등포구,1156011000,여의도동,08,15,85,1266.0
20260112,여의도역,11,서울특별시,11590,동작구,1159010200,상도동,11,서울특별시,11560,영등포구,1156011000,여의도동,08,30,59,1155.0
20260112,여의도역,11,서울특별시,11590,동작구,1159010200,상도동,11,서울특별시,11560,영등포구,1156011000,여의도동,08,45,45,1182.0
20260112,여의도역,11,서울특별시,11590,동작구,1159010200,상도동,11,서울특별시,11560,영등포구,1156011000,여의도동,09,00,44,1111.0
20260112,여의도역,11,서울특별시,11590,동작구,1159010200,상도동,11,서울특별시,11560,영등포구,1156011000,여의도동,09,15,38,1145.0
20260112,여의도역,11,서울특별시,11590,동작구,1159010200,상도동,11,서울특별시,11560,영등포구,1156011000,여의도동,09,30,30,1201.0
20260112,여의도역,11,서울특별시,11590,동작구,1159010200,상도동,11,서울특별시,11560,영등포구,1156011000,여의도동,09,45,15,1119.0
20260112,여의도역,11,서울특별시,11590,동작구,1159010200,상도동,11,서울특별시,11560,영등포구,1156011000,여의도동,10,00,15,1223.0
20260112,여의도역,11,서울특별시,11590,동작구,1159010200,상도동,11,서울특별시,11560,영등포구,1156011000,여의도동,10,15,18,1144.0
20260112,여의도역,11,서울특별시,11590,동작구,1159010200,상도동,11,서울특별시,11560,영등포구,1156011000,여의도동,10,30,23,964.0
20260112,여의도역,11,서울특별시,11590,동작구,1159010200,상도동,11,서울특별시,11560,영등포구,1156011000,여의도동,10,45,14,1087.0
20260112,여의도역,11,서울특별시,11590,동작구,1159010200,상도동,11,서울특별시,11560,영등포구,1156011000,여의도동,11,00,7,1045.0
20260112,여의도역,11,서울특별시,11590,동작구,1159010200,상도동,11,서울특별시,11560,영등포구,1156011000,여의도동,11,15,21,1235.0
20260112,여의도역,11,서울특별시,11590,동작구,1159010200,상도동,11,서울특별시,11560,영등포구,1156011000,여의도동,11,30,12,968.0
20260112,여의도역,11,서울특별시,11590,동작구,1159010200,상도동,11,서울특별시,11560,영등포구,1156011000,여의도동,11,45,2,934.0
20260112,여의도역,11,서울특별시,11590,동작구,1159010200,상도동,11,서울특별시,11560,영등포구,1156011000,여의도동,12,00,6,1336.0
20260112,여의도역,11,서울특별시,11590,동작구,1159010200,상도동,11,서울특별시,11560,영등포구,1156011000,여의도동,12,15,10,1354.0
20260112,여의도역,11,서울특별시,11590,동작구,1159010200,상도동,11,서울특별시,11560,영등포구,1156011000,여의도동,12,30,5,1230.0
20260112,여의도역,11,서울특별시,11590,동작구,1159010200,상도동,11,서울특별시,11560,영등포구,1156011000,여의도동,12,45,7,1323.0
20260112,여의도역,11,서울특별시,11590,동작구,1159010300,상도1동,11,서울특별시,11560,영등포구,1156011000,여의도동,06,15,2,967.0
20260112,여의도역,11,서울특별시,11590,동작구,1159010300,상도1동,11,서울특별시,11560,영등포구,1156011000,여의도동,06,30,2,1053.0
20260112,여의도역,11,서울특별시,11590,동작구,1159010300,상도1동,11,서울특별시,11560,영등포구,1156011000,여의도동,06,45,5,1025.0
20260112,여의도역,11,서울특별시,11590,동작구,1159010300,상도1동,11,서울특별시,11560,영등포구,1156011000,여의도동,07,00,10,968.0
20260112,여의도역,11,서울특별시,11590,동작구,1159010300,상도1동,11,서울특별시,11560,영등포구,1156011000,여의도동,07,15,13,1248.0
20260112,여의도역,11,서울특별시,11590,동작구,1159010300,상도1동,11,서울특별시,11560,영등포구,1156011000,여의도동,07,30,8,1347.0
20260112,여의도역,11,서울특별시,11590,동작구,1159010300,상도1동,11,서울특별시,11560,영등포구,1156011000,여의도동,07,45,20,1327.0
20260112,여의도역,11,서울특별시,11590,동작구,1159010300,상도1동,11,서울특별시,11560,영등포구,1156011000,여의도동,08,00,19,1357.0
20260112,여의도역,11,서울특별시,11590,동작구,1159010300,상도1동,11,서울특별시,11560,영등포구,1156011000,여의도동,08,15,20,1195.0
20260112,여의도역,11,서울특별시,11590,동작구,1159010300,상도1동,11,서울특별시,11560,영등포구,1156011000,여의도동,08,30,10,1157.0
20260112,여의도역,11,서울특별시,11590,동작구,1159010300,상도1동,11,서울특별시,11560,영등포구,1156011000,여의도동,08,45,11,1286.0
20260112,여의도역,11,서울특별시,11590,동작구,1159010300,상도1동,11,서울특별시,11560,영등포구,1156011000,여의도동,09,00,9,1060.0
20260112,여의도역,11,서울특별시,11590,동작구,1159010300,상도1동,11,서울특별시,11560,영등포구,1156011000,여의도동,09,15,5,1142.0
20260112,여의도역,11,서울특별시,11590,동작구,1159010300,상도1동,11,서울특별시,11560,영등포구,1156011000,여의도동,09,30,8,886.0
20260112,여의도역,11,서울특별시,11590,동작구,1159010300,상도1동,11,서울특별시,11560,영등포구,1156011000,여의도동,09,45,2,1335.0
20260112,여의도역,11,서울특별시,11590,동작구,1159010300,상도1동,11,서울특별시,11560,영등포구,1156011000,여의도동,10,00,1,1091.0
20260112,여의도역,11,서울특별시,11590,동작구,1159010300,상도1동,11,서울특별시,11560,영등포구,1156011000,여의도동,10,15,2,1155.0
20260112,여의도역,11,서울특별시,11590,동작구,1159010300,상도1동,11,서울특별시,11560,영등포구,1156011000,여의도동,10,30,1,1166.0
20260112,여의도역,11,서울특별시,11590,동작구,1159010300,상도1동,11,서울특별시,11560,영등포구,1156011000,여의도동,10,45,3,1075.0
20260112,여의도역,11,서울특별시,11590,동작구,1159010300,상도1동,11,서울특별시,11560,영등포구,1156011000,여의도동,11,00,1,2059.0
20260112,여의도역,11,서울특별시,11590,동작구,1159010300,상도1동,11,서울특별시,11560,영등포구,1156011000,여의도동,11,15,1,767.0
20260112,여의도역,11,서울특별시,11590,동작구,1159010300,상도1동,11,서울특별시,11560,영등포구,1156011000,여의도동,11,30,1,2508.0
20260112,여의도역,11,서울특별시,11590,동작구,1159010300,상도1동,11,서울특별시,11560,영등포구,1156011000,여의도동,11,45,2,1120.0
20260112,여의도역,11,서울특별시,11590,동작구,1159010300,상도1동,11,서울특별시,11560,영등포구,1156011000,여의도동,12,15,2,608.0
20260112,여의도역,11,서울특별시,11590,동작구,1159010300,상도1동,11,서울특별시,11560,영등포구,1156011000,여의도동,12,30,1,1467.0
20260112,여의도역,11,서울특별시,11590,동작구,1159010300,상도1동,11,서울특별시,11560,영등포구,1156011000,여의도동,12,45,2,1320.0
20260112,여의도역,11,서울특별시,11590,동작구,1159010400,본동,11,서울특별시,11560,영등포구,1156011000,여의도동,06,00,5,645.0
20260112,여의도역,11,서울특별시,11590,동작구,1159010400,본동,11,서울특별시,11560,영등포구,1156011000,여의도동,06,15,3,462.0
20260112,여의도역,11,서울특별시,11590,동작구,1159010400,본동,11,서울특별시,11560,영등포구,1156011000,여의도동,06,30,7,923.0
20260112,여의도역,11,서울특별시,11590,동작구,1159010400,본동,11,서울특별시,11560,영등포구,1156011000,여의도동,06,45,5,794.0
20260112,여의도역,11,서울특별시,11590,동작구,1159010400,본동,11,서울특별시,11560,영등포구,1156011000,여의도동,07,00,18,689.0
20260112,여의도역,11,서울특별시,11590,동작구,1159010400,본동,11,서울특별시,11560,영등포구,1156011000,여의도동,07,15,22,872.0
20260112,여의도역,11,서울특별시,11590,동작구,1159010400,본동,11,서울특별시,11560,영등포구,1156011000,여의도동,07,30,31,709.0
20260112,여의도역,11,서울특별시,11590,동작구,1159010400,본동,11,서울특별시,11560,영등포구,1156011000,여의도동,07,45,13,862.0
20260112,여의도역,11,서울특별시,11590,동작구,1159010400,본동,11,서울특별시,11560,영등포구,1156011000,여의도동,08,00,33,834.0
20260112,여의도역,11,서울특별시,11590,동작구,1159010400,본동,11,서울특별시,11560,영등포구,1156011000,여의도동,08,15,47,839.0
20260112,여의도역,11,서울특별시,11590,동작구,1159010400,본동,11,서울특별시,11560,영등포구,1156011000,여의도동,08,30,33,790.0
20260112,여의도역,11,서울특별시,11590,동작구,1159010400,본동,11,서울특별시,11560,영등포구,1156011000,여의도동,08,45,22,701.0
20260112,여의도역,11,서울특별시,11590,동작구,1159010400,본동,11,서울특별시,11560,영등포구,1156011000,여의도동,09,00,12,837.0
20260112,여의도역,11,서울특별시,11590,동작구,1159010400,본동,11,서울특별시,11560,영등포구,1156011000,여의도동,09,15,9,854.0
20260112,여의도역,11,서울특별시,11590,동작구,1159010400,본동,11,서울특별시,11560,영등포구,1156011000,여의도동,09,30,7,731.0
20260112,여의도역,11,서울특별시,11590,동작구,1159010400,본동,11,서울특별시,11560,영등포구,1156011000,여의도동,09,45,2,664.0
20260112,여의도역,11,서울특별시,11590,동작구,1159010400,본동,11,서울특별시,11560,영등포구,1156011000,여의도동,10,00,4,731.0
20260112,여의도역,11,서울특별시,11590,동작구,1159010400,본동,11,서울특별시,11560,영등포구,1156011000,여의도동,10,15,3,679.0
20260112,여의도역,11,서울특별시,11590,동작구,1159010400,본동,11,서울특별시,11560,영등포구,1156011000,여의도동,10,30,6,680.0
20260112,여의도역,11,서울특별시,11590,동작구,1159010400,본동,11,서울특별시,11560,영등포구,1156011000,여의도동,10,45,4,705.0
20260112,여의도역,11,서울특별시,11590,동작구,1159010400,본동,11,서울특별시,11560,영등포구,1156011000,여의도동,11,00,4,727.0
20260112,여의도역,11,서울특별시,11590,동작구,1159010400,본동,11,서울특별시,11560,영등포구,1156011000,여의도동,11,15,7,921.0
20260112,여의도역,11,서울특별시,11590,동작구,1159010400,본동,11,서울특별시,11560,영등포구,1156011000,여의도동,11,30,1,546.0
20260112,여의도역,11,서울특별시,11590,동작구,1159010400,본동,11,서울특별시,11560,영등포구,1156011000,여의도동,11,45,3,867.0
20260112,여의도역,11,서울특별시,11590,동작구,1159010400,본동,11,서울특별시,11560,영등포구,1156011000,여의도동,12,00,3,784.0
20260112,여의도역,11,서울특별시,11590,동작구,1159010400,본동,11,서울특별시,11560,영등포구,1156011000,여의도동,12,15,5,892.0
20260112,여의도역,11,서울특별시,11590,동작구,1159010400,본동,11,서울특별시,11560,영등포구,1156011000,여의도동,12,30,1,901.0
20260112,여의도역,11,서울특별시,11590,동작구,1159010400,본동,11,서울특별시,11560,영등포구,1156011000,여의도동,12,45,3,578.0
20260112,여의도역,11,서울특별시,11590,동작구,1159010500,흑석동,11,서울특별시,11560,영등포구,1156011000,여의도동,06,00,5,1061.0
20260112,여의도역,11,서울특별시,11590,동작구,1159010500,흑석동,11,서울특별시,11560,영등포구,1156011000,여의도동,06,15,5,1091.0
20260112,여의도역,11,서울특별시,11590,동작구,1159010500,흑석동,11,서울특별시,11560,영등포구,1156011000,여의도동,06,30,13,1119.0
20260112,여의도역,11,서울특별시,11590,동작구,1159010500,흑석동,11,서울특별시,11560,영등포구,1156011000,여의도동,06,45,15,990.0
20260112,여의도역,11,서울특별시,11590,동작구,1159010500,흑석동,11,서울특별시,11560,영등포구,1156011000,여의도동,07,00,24,1091.0
20260112,여의도역,11,서울특별시,11590,동작구,1159010500,흑석동,11,서울특별시,11560,영등포구,1156011000,여의도동,07,15,38,974.0
20260112,여의도역,11,서울특별시,11590,동작구,1159010500,흑석동,11,서울특별시,11560,영등포구,1156011000,여의도동,07,30,55,907.0
20260112,여의도역,11,서울특별시,11590,동작구,1159010500,흑석동,11,서울특별시,11560,영등포구,1156011000,여의도동,07,45,31,1077.0
20260112,여의도역,11,서울특별시,11590,동작구,1159010500,흑석동,11,서울특별시,11560,영등포구,1156011000,여의도동,08,00,52,1001.0
20260112,여의도역,11,서울특별시,11590,동작구,1159010500,흑석동,11,서울특별시,11560,영등포구,1156011000,여의도동,08,15,47,1151.0
20260112,여의도역,11,서울특별시,11590,동작구,1159010500,흑석동,11,서울특별시,11560,영등포구,1156011000,여의도동,08,30,43,984.0
20260112,여의도역,11,서울특별시,11590,동작구,1159010500,흑석동,11,서울특별시,11560,영등포구,1156011000,여의도동,08,45,27,928.0
20260112,여의도역,11,서울특별시,11590,동작구,1159010500,흑석동,11,서울특별시,11560,영등포구,1156011000,여의도동,09,00,24,1157.0
20260112,여의도역,11,서울특별시,11590,동작구,1159010500,흑석동,11,서울특별시,11560,영등포구,1156011000,여의도동,09,15,19,981.0
20260112,여의도역,11,서울특별시,11590,동작구,1159010500,흑석동,11,서울특별시,11560,영등포구,1156011000,여의도동,09,30,14,818.0
20260112,여의도역,11,서울특별시,11590,동작구,1159010500,흑석동,11,서울특별시,11560,영등포구,1156011000,여의도동,09,45,5,928.0
20260112,여의도역,11,서울특별시,11590,동작구,1159010500,흑석동,11,서울특별시,11560,영등포구,1156011000,여의도동,10,00,7,847.0
20260112,여의도역,11,서울특별시,11590,동작구,1159010500,흑석동,11,서울특별시,11560,영등포구,1156011000,여의도동,10,15,14,886.0
20260112,여의도역,11,서울특별시,11590,동작구,1159010500,흑석동,11,서울특별시,11560,영등포구,1156011000,여의도동,10,30,10,838.0
20260112,여의도역,11,서울특별시,11590,동작구,1159010500,흑석동,11,서울특별시,11560,영등포구,1156011000,여의도동,10,45,7,1066.0
20260112,여의도역,11,서울특별시,11590,동작구,1159010500,흑석동,11,서울특별시,11560,영등포구,1156011000,여의도동,11,00,7,672.0
20260112,여의도역,11,서울특별시,11590,동작구,1159010500,흑석동,11,서울특별시,11560,영등포구,1156011000,여의도동,11,15,12,910.0
20260112,여의도역,11,서울특별시,11590,동작구,1159010500,흑석동,11,서울특별시,11560,영등포구,1156011000,여의도동,11,30,10,901.0
20260112,여의도역,11,서울특별시,11590,동작구,1159010500,흑석동,11,서울특별시,11560,영등포구,1156011000,여의도동,11,45,6,2929.0
20260112,여의도역,11,서울특별시,11590,동작구,1159010500,흑석동,11,서울특별시,11560,영등포구,1156011000,여의도동,12,00,6,878.0
20260112,여의도역,11,서울특별시,11590,동작구,1159010500,흑석동,11,서울특별시,11560,영등포구,1156011000,여의도동,12,15,5,810.0
20260112,여의도역,11,서울특별시,11590,동작구,1159010500,흑석동,11,서울특별시,11560,영등포구,1156011000,여의도동,12,30,8,1151.0
20260112,여의도역,11,서울특별시,11590,동작구,1159010500,흑석동,11,서울특별시,11560,영등포구,1156011000,여의도동,12,45,6,777.0
20260112,여의도역,11,서울특별시,11590,동작구,1159010600,동작동,11,서울특별시,11560,영등포구,1156011000,여의도동,06,00,3,796.0
20260112,여의도역,11,서울특별시,11590,동작구,1159010600,동작동,11,서울특별시,11560,영등포구,1156011000,여의도동,06,15,2,866.0
20260112,여의도역,11,서울특별시,11590,동작구,1159010600,동작동,11,서울특별시,11560,영등포구,1156011000,여의도동,06,30,1,657.0
20260112,여의도역,11,서울특별시,11590,동작구,1159010600,동작동,11,서울특별시,11560,영등포구,1156011000,여의도동,06,45,2,1259.0
20260112,여의도역,11,서울특별시,11590,동작구,1159010600,동작동,11,서울특별시,11560,영등포구,1156011000,여의도동,07,00,5,1405.0
20260112,여의도역,11,서울특별시,11590,동작구,1159010600,동작동,11,서울특별시,11560,영등포구,1156011000,여의도동,07,15,15,1244.0
20260112,여의도역,11,서울특별시,11590,동작구,1159010600,동작동,11,서울특별시,11560,영등포구,1156011000,여의도동,07,30,11,1478.0
20260112,여의도역,11,서울특별시,11590,동작구,1159010600,동작동,11,서울특별시,11560,영등포구,1156011000,여의도동,08,00,6,1578.0
20260112,여의도역,11,서울특별시,11590,동작구,1159010600,동작동,11,서울특별시,11560,영등포구,1156011000,여의도동,08,15,4,1543.0
20260112,여의도역,11,서울특별시,11590,동작구,1159010600,동작동,11,서울특별시,11560,영등포구,1156011000,여의도동,08,30,8,1165.0
20260112,여의도역,11,서울특별시,11590,동작구,1159010600,동작동,11,서울특별시,11560,영등포구,1156011000,여의도동,08,45,7,1020.0
20260112,여의도역,11,서울특별시,11590,동작구,1159010600,동작동,11,서울특별시,11560,영등포구,1156011000,여의도동,09,00,1,798.0
20260112,여의도역,11,서울특별시,11590,동작구,1159010600,동작동,11,서울특별시,11560,영등포구,1156011000,여의도동,09,15,3,994.0
20260112,여의도역,11,서울특별시,11590,동작구,1159010600,동작동,11,서울특별시,11560,영등포구,1156011000,여의도동,09,30,1,852.0
20260112,여의도역,11,서울특별시,11590,동작구,1159010600,동작동,11,서울특별시,11560,영등포구,1156011000,여의도동,10,15,2,852.0
20260112,여의도역,11,서울특별시,11590,동작구,1159010600,동작동,11,서울특별시,11560,영등포구,1156011000,여의도동,10,30,2,856.0
20260112,여의도역,11,서울특별시,11590,동작구,1159010600,동작동,11,서울특별시,11560,영등포구,1156011000,여의도동,10,45,2,1095.0
20260112,여의도역,11,서울특별시,11590,동작구,1159010600,동작동,11,서울특별시,11560,영등포구,1156011000,여의도동,11,00,2,1662.0
20260112,여의도역,11,서울특별시,11590,동작구,1159010600,동작동,11,서울특별시,11560,영등포구,1156011000,여의도동,11,15,1,1205.0
20260112,여의도역,11,서울특별시,11590,동작구,1159010600,동작동,11,서울특별시,11560,영등포구,1156011000,여의도동,11,30,1,626.0
20260112,여의도역,11,서울특별시,11590,동작구,1159010600,동작동,11,서울특별시,11560,영등포구,1156011000,여의도동,11,45,1,1288.0
20260112,여의도역,11,서울특별시,11590,동작구,1159010600,동작동,11,서울특별시,11560,영등포구,1156011000,여의도동,12,15,1,1523.0
20260112,여의도역,11,서울특별시,11590,동작구,1159010600,동작동,11,서울특별시,11560,영등포구,1156011000,여의도동,12,30,2,682.0
20260112,여의도역,11,서울특별시,11590,동작구,1159010600,동작동,11,서울특별시,11560,영등포구,1156011000,여의도동,12,45,2,1037.0
20260112,여의도역,11,서울특별시,11590,동작구,1159010700,사당동,11,서울특별시,11560,영등포구,1156011000,여의도동,06,00,4,1665.0
20260112,여의도역,11,서울특별시,11590,동작구,1159010700,사당동,11,서울특별시,11560,영등포구,1156011000,여의도동,06,15,17,1665.0
20260112,여의도역,11,서울특별시,11590,동작구,1159010700,사당동,11,서울특별시,11560,영등포구,1156011000,여의도동,06,30,13,1686.0
20260112,여의도역,11,서울특별시,11590,동작구,1159010700,사당동,11,서울특별시,11560,영등포구,1156011000,여의도동,06,45,21,1757.0
20260112,여의도역,11,서울특별시,11590,동작구,1159010700,사당동,11,서울특별시,11560,영등포구,1156011000,여의도동,07,00,72,1684.0
20260112,여의도역,11,서울특별시,11590,동작구,1159010700,사당동,11,서울특별시,11560,영등포구,1156011000,여의도동,07,15,56,1648.0
20260112,여의도역,11,서울특별시,11590,동작구,1159010700,사당동,11,서울특별시,11560,영등포구,1156011000,여의도동,07,30,45,1904.0
20260112,여의도역,11,서울특별시,11590,동작구,1159010700,사당동,11,서울특별시,11560,영등포구,1156011000,여의도동,07,45,84,1869.0
20260112,여의도역,11,서울특별시,11590,동작구,1159010700,사당동,11,서울특별시,11560,영등포구,1156011000,여의도동,08,00,76,1828.0
20260112,여의도역,11,서울특별시,11590,동작구,1159010700,사당동,11,서울특별시,11560,영등포구,1156011000,여의도동,08,15,85,1535.0
20260112,여의도역,11,서울특별시,11590,동작구,1159010700,사당동,11,서울특별시,11560,영등포구,1156011000,여의도동,08,30,37,1459.0
20260112,여의도역,11,서울특별시,11590,동작구,1159010700,사당동,11,서울특별시,11560,영등포구,1156011000,여의도동,08,45,39,1580.0
20260112,여의도역,11,서울특별시,11590,동작구,1159010700,사당동,11,서울특별시,11560,영등포구,1156011000,여의도동,09,00,18,1565.0
20260112,여의도역,11,서울특별시,11590,동작구,1159010700,사당동,11,서울특별시,11560,영등포구,1156011000,여의도동,09,15,15,1552.0
20260112,여의도역,11,서울특별시,11590,동작구,1159010700,사당동,11,서울특별시,11560,영등포구,1156011000,여의도동,09,30,16,1444.0
20260112,여의도역,11,서울특별시,11590,동작구,1159010700,사당동,11,서울특별시,11560,영등포구,1156011000,여의도동,09,45,13,1660.0
20260112,여의도역,11,서울특별시,11590,동작구,1159010700,사당동,11,서울특별시,11560,영등포구,1156011000,여의도동,10,00,12,1643.0
20260112,여의도역,11,서울특별시,11590,동작구,1159010700,사당동,11,서울특별시,11560,영등포구,1156011000,여의도동,10,15,10,1805.0
20260112,여의도역,11,서울특별시,11590,동작구,1159010700,사당동,11,서울특별시,11560,영등포구,1156011000,여의도동,10,30,9,1760.0
20260112,여의도역,11,서울특별시,11590,동작구,1159010700,사당동,11,서울특별시,11560,영등포구,1156011000,여의도동,10,45,13,1572.0
20260112,여의도역,11,서울특별시,11590,동작구,1159010700,사당동,11,서울특별시,11560,영등포구,1156011000,여의도동,11,00,11,1804.0
20260112,여의도역,11,서울특별시,11590,동작구,1159010700,사당동,11,서울특별시,11560,영등포구,1156011000,여의도동,11,15,3,1669.0
20260112,여의도역,11,서울특별시,11590,동작구,1159010700,사당동,11,서울특별시,11560,영등포구,1156011000,여의도동,11,30,5,1643.0
20260112,여의도역,11,서울특별시,11590,동작구,1159010700,사당동,11,서울특별시,11560,영등포구,1156011000,여의도동,11,45,7,1872.0
20260112,여의도역,11,서울특별시,11590,동작구,1159010700,사당동,11,서울특별시,11560,영등포구,1156011000,여의도동,12,00,6,1861.0
20260112,여의도역,11,서울특별시,11590,동작구,1159010700,사당동,11,서울특별시,11560,영등포구,1156011000,여의도동,12,15,6,1608.0
20260112,여의도역,11,서울특별시,11590,동작구,1159010700,사당동,11,서울특별시,11560,영등포구,1156011000,여의도동,12,30,5,1574.0
20260112,여의도역,11,서울특별시,11590,동작구,1159010700,사당동,11,서울특별시,11560,영등포구,1156011000,여의도동,12,45,9,1686.0
20260112,여의도역,11,서울특별시,11590,동작구,1159010800,대방동,11,서울특별시,11560,영등포구,1156011000,여의도동,06,00,15,417.0
20260112,여의도역,11,서울특별시,11590,동작구,1159010800,대방동,11,서울특별시,11560,영등포구,1156011000,여의도동,06,15,16,563.0
20260112,여의도역,11,서울특별시,11590,동작구,1159010800,대방동,11,서울특별시,11560,영등포구,1156011000,여의도동,06,30,28,450.0
20260112,여의도역,11,서울특별시,11590,동작구,1159010800,대방동,11,서울특별시,11560,영등포구,1156011000,여의도동,06,45,24,515.0
20260112,여의도역,11,서울특별시,11590,동작구,1159010800,대방동,11,서울특별시,11560,영등포구,1156011000,여의도동,07,00,49,591.0
20260112,여의도역,11,서울특별시,11590,동작구,1159010800,대방동,11,서울특별시,11560,영등포구,1156011000,여의도동,07,15,68,778.0
20260112,여의도역,11,서울특별시,11590,동작구,1159010800,대방동,11,서울특별시,11560,영등포구,1156011000,여의도동,07,30,77,704.0
20260112,여의도역,11,서울특별시,11590,동작구,1159010800,대방동,11,서울특별시,11560,영등포구,1156011000,여의도동,07,45,63,819.0
20260112,여의도역,11,서울특별시,11590,동작구,1159010800,대방동,11,서울특별시,11560,영등포구,1156011000,여의도동,08,00,74,913.0
20260112,여의도역,11,서울특별시,11590,동작구,1159010800,대방동,11,서울특별시,11560,영등포구,1156011000,여의도동,08,15,98,797.0
20260112,여의도역,11,서울특별시,11590,동작구,1159010800,대방동,11,서울특별시,11560,영등포구,1156011000,여의도동,08,30,85,660.0
20260112,여의도역,11,서울특별시,11590,동작구,1159010800,대방동,11,서울특별시,11560,영등포구,1156011000,여의도동,08,45,55,553.0
20260112,여의도역,11,서울특별시,11590,동작구,1159010800,대방동,11,서울특별시,11560,영등포구,1156011000,여의도동,09,00,80,552.0
20260112,여의도역,11,서울특별시,11590,동작구,1159010800,대방동,11,서울특별시,11560,영등포구,1156011000,여의도동,09,15,54,600.0
20260112,여의도역,11,서울특별시,11590,동작구,1159010800,대방동,11,서울특별시,11560,영등포구,1156011000,여의도동,09,30,56,520.0
20260112,여의도역,11,서울특별시,11590,동작구,1159010800,대방동,11,서울특별시,11560,영등포구,1156011000,여의도동,09,45,36,430.0
20260112,여의도역,11,서울특별시,11590,동작구,1159010800,대방동,11,서울특별시,11560,영등포구,1156011000,여의도동,10,00,21,532.0
20260112,여의도역,11,서울특별시,11590,동작구,1159010800,대방동,11,서울특별시,11560,영등포구,1156011000,여의도동,10,15,28,560.0
20260112,여의도역,11,서울특별시,11590,동작구,1159010800,대방동,11,서울특별시,11560,영등포구,1156011000,여의도동,10,30,26,534.0
20260112,여의도역,11,서울특별시,11590,동작구,1159010800,대방동,11,서울특별시,11560,영등포구,1156011000,여의도동,10,45,29,374.0
20260112,여의도역,11,서울특별시,11590,동작구,1159010800,대방동,11,서울특별시,11560,영등포구,1156011000,여의도동,11,00,30,433.0
20260112,여의도역,11,서울특별시,11590,동작구,1159010800,대방동,11,서울특별시,11560,영등포구,1156011000,여의도동,11,15,16,345.0
20260112,여의도역,11,서울특별시,11590,동작구,1159010800,대방동,11,서울특별시,11560,영등포구,1156011000,여의도동,11,30,21,477.0
20260112,여의도역,11,서울특별시,11590,동작구,1159010800,대방동,11,서울특별시,11560,영등포구,1156011000,여의도동,11,45,21,297.0
20260112,여의도역,11,서울특별시,11590,동작구,1159010800,대방동,11,서울특별시,11560,영등포구,1156011000,여의도동,12,00,19,469.0
20260112,여의도역,11,서울특별시,11590,동작구,1159010800,대방동,11,서울특별시,11560,영등포구,1156011000,여의도동,12,15,27,482.0
20260112,여의도역,11,서울특별시,11590,동작구,1159010800,대방동,11,서울특별시,11560,영등포구,1156011000,여의도동,12,30,30,464.0
20260112,여의도역,11,서울특별시,11590,동작구,1159010800,대방동,11,서울특별시,11560,영등포구,1156011000,여의도동,12,45,22,483.0
20260112,여의도역,11,서울특별시,11590,동작구,1159010900,신대방동,11,서울특별시,11560,영등포구,1156011000,여의도동,06,00,9,963.0
20260112,여의도역,11,서울특별시,11590,동작구,1159010900,신대방동,11,서울특별시,11560,영등포구,1156011000,여의도동,06,15,9,848.0
20260112,여의도역,11,서울특별시,11590,동작구,1159010900,신대방동,11,서울특별시,11560,영등포구,1156011000,여의도동,06,30,19,835.0
20260112,여의도역,11,서울특별시,11590,동작구,1159010900,신대방동,11,서울특별시,11560,영등포구,1156011000,여의도동,06,45,24,863.0
20260112,여의도역,11,서울특별시,11590,동작구,1159010900,신대방동,11,서울특별시,11560,영등포구,1156011000,여의도동,07,00,46,900.0
20260112,여의도역,11,서울특별시,11590,동작구,1159010900,신대방동,11,서울특별시,11560,영등포구,1156011000,여의도동,07,15,56,1112.0
20260112,여의도역,11,서울특별시,11590,동작구,1159010900,신대방동,11,서울특별시,11560,영등포구,1156011000,여의도동,07,30,61,1146.0
20260112,여의도역,11,서울특별시,11590,동작구,1159010900,신대방동,11,서울특별시,11560,영등포구,1156011000,여의도동,07,45,65,1090.0
20260112,여의도역,11,서울특별시,11590,동작구,1159010900,신대방동,11,서울특별시,11560,영등포구,1156011000,여의도동,08,00,66,1132.0
20260112,여의도역,11,서울특별시,11590,동작구,1159010900,신대방동,11,서울특별시,11560,영등포구,1156011000,여의도동,08,15,91,1040.0
20260112,여의도역,11,서울특별시,11590,동작구,1159010900,신대방동,11,서울특별시,11560,영등포구,1156011000,여의도동,08,30,76,955.0
20260112,여의도역,11,서울특별시,11590,동작구,1159010900,신대방동,11,서울특별시,11560,영등포구,1156011000,여의도동,08,45,42,965.0
20260112,여의도역,11,서울특별시,11590,동작구,1159010900,신대방동,11,서울특별시,11560,영등포구,1156011000,여의도동,09,00,40,854.0
20260112,여의도역,11,서울특별시,11590,동작구,1159010900,신대방동,11,서울특별시,11560,영등포구,1156011000,여의도동,09,15,31,1083.0
20260112,여의도역,11,서울특별시,11590,동작구,1159010900,신대방동,11,서울특별시,11560,영등포구,1156011000,여의도동,09,30,30,813.0
20260112,여의도역,11,서울특별시,11590,동작구,1159010900,신대방동,11,서울특별시,11560,영등포구,1156011000,여의도동,09,45,16,812.0
20260112,여의도역,11,서울특별시,11590,동작구,1159010900,신대방동,11,서울특별시,11560,영등포구,1156011000,여의도동,10,00,32,770.0
20260112,여의도역,11,서울특별시,11590,동작구,1159010900,신대방동,11,서울특별시,11560,영등포구,1156011000,여의도동,10,15,19,879.0
20260112,여의도역,11,서울특별시,11590,동작구,1159010900,신대방동,11,서울특별시,11560,영등포구,1156011000,여의도동,10,30,19,819.0
20260112,여의도역,11,서울특별시,11590,동작구,1159010900,신대방동,11,서울특별시,11560,영등포구,1156011000,여의도동,10,45,15,862.0
20260112,여의도역,11,서울특별시,11590,동작구,1159010900,신대방동,11,서울특별시,11560,영등포구,1156011000,여의도동,11,00,16,848.0
20260112,여의도역,11,서울특별시,11590,동작구,1159010900,신대방동,11,서울특별시,11560,영등포구,1156011000,여의도동,11,15,7,982.0
20260112,여의도역,11,서울특별시,11590,동작구,1159010900,신대방동,11,서울특별시,11560,영등포구,1156011000,여의도동,11,30,18,862.0
20260112,여의도역,11,서울특별시,11590,동작구,1159010900,신대방동,11,서울특별시,11560,영등포구,1156011000,여의도동,11,45,10,1084.0
20260112,여의도역,11,서울특별시,11590,동작구,1159010900,신대방동,11,서울특별시,11560,영등포구,1156011000,여의도동,12,00,10,965.0
20260112,여의도역,11,서울특별시,11590,동작구,1159010900,신대방동,11,서울특별시,11560,영등포구,1156011000,여의도동,12,15,18,852.0
20260112,여의도역,11,서울특별시,11590,동작구,1159010900,신대방동,11,서울특별시,11560,영등포구,1156011000,여의도동,12,30,17,891.0
20260112,여의도역,11,서울특별시,11590,동작구,1159010900,신대방동,11,서울특별시,11560,영등포구,1156011000,여의도동,12,45,9,932.0
20260112,여의도역,11,서울특별시,11620,관악구,1162010100,봉천동,11,서울특별시,11560,영등포구,1156011000,여의도동,06,00,23,1577.0
20260112,여의도역,11,서울특별시,11620,관악구,1162010100,봉천동,11,서울특별시,11560,영등포구,1156011000,여의도동,06,15,35,1539.0
20260112,여의도역,11,서울특별시,11620,관악구,1162010100,봉천동,11,서울특별시,11560,영등포구,1156011000,여의도동,06,30,48,1593.0
20260112,여의도역,11,서울특별시,11620,관악구,1162010100,봉천동,11,서울특별시,11560,영등포구,1156011000,여의도동,06,45,80,1633.0
20260112,여의도역,11,서울특별시,11620,관악구,1162010100,봉천동,11,서울특별시,11560,영등포구,1156011000,여의도동,07,00,135,1822.0
20260112,여의도역,11,서울특별시,11620,관악구,1162010100,봉천동,11,서울특별시,11560,영등포구,1156011000,여의도동,07,15,138,1707.0
20260112,여의도역,11,서울특별시,11620,관악구,1162010100,봉천동,11,서울특별시,11560,영등포구,1156011000,여의도동,07,30,163,1763.0
20260112,여의도역,11,서울특별시,11620,관악구,1162010100,봉천동,11,서울특별시,11560,영등포구,1156011000,여의도동,07,45,192,1772.0
20260112,여의도역,11,서울특별시,11620,관악구,1162010100,봉천동,11,서울특별시,11560,영등포구,1156011000,여의도동,08,00,220,1791.0
20260112,여의도역,11,서울특별시,11620,관악구,1162010100,봉천동,11,서울특별시,11560,영등포구,1156011000,여의도동,08,15,154,1619.0
20260112,여의도역,11,서울특별시,11620,관악구,1162010100,봉천동,11,서울특별시,11560,영등포구,1156011000,여의도동,08,30,120,1631.0
20260112,여의도역,11,서울특별시,11620,관악구,1162010100,봉천동,11,서울특별시,11560,영등포구,1156011000,여의도동,08,45,99,1631.0
20260112,여의도역,11,서울특별시,11620,관악구,1162010100,봉천동,11,서울특별시,11560,영등포구,1156011000,여의도동,09,00,94,1560.0
20260112,여의도역,11,서울특별시,11620,관악구,1162010100,봉천동,11,서울특별시,11560,영등포구,1156011000,여의도동,09,15,64,1633.0
20260112,여의도역,11,서울특별시,11620,관악구,1162010100,봉천동,11,서울특별시,11560,영등포구,1156011000,여의도동,09,30,39,1528.0
20260112,여의도역,11,서울특별시,11620,관악구,1162010100,봉천동,11,서울특별시,11560,영등포구,1156011000,여의도동,09,45,24,1465.0
20260112,여의도역,11,서울특별시,11620,관악구,1162010100,봉천동,11,서울특별시,11560,영등포구,1156011000,여의도동,10,00,33,1515.0
20260112,여의도역,11,서울특별시,11620,관악구,1162010100,봉천동,11,서울특별시,11560,영등포구,1156011000,여의도동,10,15,21,1691.0
20260112,여의도역,11,서울특별시,11620,관악구,1162010100,봉천동,11,서울특별시,11560,영등포구,1156011000,여의도동,10,30,18,1615.0
20260112,여의도역,11,서울특별시,11620,관악구,1162010100,봉천동,11,서울특별시,11560,영등포구,1156011000,여의도동,10,45,15,1692.0
20260112,여의도역,11,서울특별시,11620,관악구,1162010100,봉천동,11,서울특별시,11560,영등포구,1156011000,여의도동,11,00,13,1379.0
20260112,여의도역,11,서울특별시,11620,관악구,1162010100,봉천동,11,서울특별시,11560,영등포구,1156011000,여의도동,11,15,24,1491.0
20260112,여의도역,11,서울특별시,11620,관악구,1162010100,봉천동,11,서울특별시,11560,영등포구,1156011000,여의도동,11,30,9,1828.0
20260112,여의도역,11,서울특별시,11620,관악구,1162010100,봉천동,11,서울특별시,11560,영등포구,1156011000,여의도동,11,45,13,1851.0
20260112,여의도역,11,서울특별시,11620,관악구,1162010100,봉천동,11,서울특별시,11560,영등포구,1156011000,여의도동,12,00,31,1599.0
20260112,여의도역,11,서울특별시,11620,관악구,1162010100,봉천동,11,서울특별시,11560,영등포구,1156011000,여의도동,12,15,12,2318.0
20260112,여의도역,11,서울특별시,11620,관악구,1162010100,봉천동,11,서울특별시,11560,영등포구,1156011000,여의도동,12,30,16,1663.0
20260112,여의도역,11,서울특별시,11620,관악구,1162010100,봉천동,11,서울특별시,11560,영등포구,1156011000,여의도동,12,45,21,1692.0
20260112,여의도역,11,서울특별시,11620,관악구,1162010200,신림동,11,서울특별시,11560,영등포구,1156011000,여의도동,06,00,42,1543.0
20260112,여의도역,11,서울특별시,11620,관악구,1162010200,신림동,11,서울특별시,11560,영등포구,1156011000,여의도동,06,15,50,1649.0
20260112,여의도역,11,서울특별시,11620,관악구,1162010200,신림동,11,서울특별시,11560,영등포구,1156011000,여의도동,06,30,60,1602.0
20260112,여의도역,11,서울특별시,11620,관악구,1162010200,신림동,11,서울특별시,11560,영등포구,1156011000,여의도동,06,45,75,1750.0
20260112,여의도역,11,서울특별시,11620,관악구,1162010200,신림동,11,서울특별시,11560,영등포구,1156011000,여의도동,07,00,132,1722.0
20260112,여의도역,11,서울특별시,11620,관악구,1162010200,신림동,11,서울특별시,11560,영등포구,1156011000,여의도동,07,15,178,1580.0
20260112,여의도역,11,서울특별시,11620,관악구,1162010200,신림동,11,서울특별시,11560,영등포구,1156011000,여의도동,07,30,161,1720.0
20260112,여의도역,11,서울특별시,11620,관악구,1162010200,신림동,11,서울특별시,11560,영등포구,1156011000,여의도동,07,45,225,1654.0
20260112,여의도역,11,서울특별시,11620,관악구,1162010200,신림동,11,서울특별시,11560,영등포구,1156011000,여의도동,08,00,253,1676.0
20260112,여의도역,11,서울특별시,11620,관악구,1162010200,신림동,11,서울특별시,11560,영등포구,1156011000,여의도동,08,15,277,1525.0
20260112,여의도역,11,서울특별시,11620,관악구,1162010200,신림동,11,서울특별시,11560,영등포구,1156011000,여의도동,08,30,139,1452.0
20260112,여의도역,11,서울특별시,11620,관악구,1162010200,신림동,11,서울특별시,11560,영등포구,1156011000,여의도동,08,45,115,1545.0
20260112,여의도역,11,서울특별시,11620,관악구,1162010200,신림동,11,서울특별시,11560,영등포구,1156011000,여의도동,09,00,97,1585.0
20260112,여의도역,11,서울특별시,11620,관악구,1162010200,신림동,11,서울특별시,11560,영등포구,1156011000,여의도동,09,15,94,1472.0
20260112,여의도역,11,서울특별시,11620,관악구,1162010200,신림동,11,서울특별시,11560,영등포구,1156011000,여의도동,09,30,52,1486.0
20260112,여의도역,11,서울특별시,11620,관악구,1162010200,신림동,11,서울특별시,11560,영등포구,1156011000,여의도동,09,45,40,1580.0
20260112,여의도역,11,서울특별시,11620,관악구,1162010200,신림동,11,서울특별시,11560,영등포구,1156011000,여의도동,10,00,42,1551.0
20260112,여의도역,11,서울특별시,11620,관악구,1162010200,신림동,11,서울특별시,11560,영등포구,1156011000,여의도동,10,15,40,1526.0
20260112,여의도역,11,서울특별시,11620,관악구,1162010200,신림동,11,서울특별시,11560,영등포구,1156011000,여의도동,10,30,25,1736.0
20260112,여의도역,11,서울특별시,11620,관악구,1162010200,신림동,11,서울특별시,11560,영등포구,1156011000,여의도동,10,45,20,1610.0
20260112,여의도역,11,서울특별시,11620,관악구,1162010200,신림동,11,서울특별시,11560,영등포구,1156011000,여의도동,11,00,28,1584.0
20260112,여의도역,11,서울특별시,11620,관악구,1162010200,신림동,11,서울특별시,11560,영등포구,1156011000,여의도동,11,15,18,1434.0
20260112,여의도역,11,서울특별시,11620,관악구,1162010200,신림동,11,서울특별시,11560,영등포구,1156011000,여의도동,11,30,20,1656.0
20260112,여의도역,11,서울특별시,11620,관악구,1162010200,신림동,11,서울특별시,11560,영등포구,1156011000,여의도동,11,45,22,1698.0
20260112,여의도역,11,서울특별시,11620,관악구,1162010200,신림동,11,서울특별시,11560,영등포구,1156011000,여의도동,12,00,29,1741.0
20260112,여의도역,11,서울특별시,11620,관악구,1162010200,신림동,11,서울특별시,11560,영등포구,1156011000,여의도동,12,15,30,1705.0
20260112,여의도역,11,서울특별시,11620,관악구,1162010200,신림동,11,서울특별시,11560,영등포구,1156011000,여의도동,12,30,14,1358.0
20260112,여의도역,11,서울특별시,11620,관악구,1162010200,신림동,11,서울특별시,11560,영등포구,1156011000,여의도동,12,45,26,1569.0
20260112,여의도역,11,서울특별시,11620,관악구,1162010300,남현동,11,서울특별시,11560,영등포구,1156011000,여의도동,06,00,1,900.0
20260112,여의도역,11,서울특별시,11620,관악구,1162010300,남현동,11,서울특별시,11560,영등포구,1156011000,여의도동,06,15,1,1856.0
20260112,여의도역,11,서울특별시,11620,관악구,1162010300,남현동,11,서울특별시,11560,영등포구,1156011000,여의도동,06,45,2,2163.0
20260112,여의도역,11,서울특별시,11620,관악구,1162010300,남현동,11,서울특별시,11560,영등포구,1156011000,여의도동,07,15,5,1994.0
20260112,여의도역,11,서울특별시,11620,관악구,1162010300,남현동,11,서울특별시,11560,영등포구,1156011000,여의도동,07,30,1,1511.0
20260112,여의도역,11,서울특별시,11620,관악구,1162010300,남현동,11,서울특별시,11560,영등포구,1156011000,여의도동,07,45,2,2515.0
20260112,여의도역,11,서울특별시,11620,관악구,1162010300,남현동,11,서울특별시,11560,영등포구,1156011000,여의도동,08,15,2,1722.0
20260112,여의도역,11,서울특별시,11620,관악구,1162010300,남현동,11,서울특별시,11560,영등포구,1156011000,여의도동,08,45,2,1509.0
20260112,여의도역,11,서울특별시,11620,관악구,1162010300,남현동,11,서울특별시,11560,영등포구,1156011000,여의도동,10,15,1,1926.0
20260112,여의도역,11,서울특별시,11620,관악구,1162010300,남현동,11,서울특별시,11560,영등포구,1156011000,여의도동,11,30,1,1855.0
20260112,여의도역,11,서울특별시,11620,관악구,1162010300,남현동,11,서울특별시,11560,영등포구,1156011000,여의도동,12,00,1,2041.0
20260112,여의도역,11,서울특별시,11650,서초구,1165010100,방배동,11,서울특별시,11560,영등포구,1156011000,여의도동,06,00,7,1541.0
20260112,여의도역,11,서울특별시,11650,서초구,1165010100,방배동,11,서울특별시,11560,영등포구,1156011000,여의도동,06,15,12,1804.0
20260112,여의도역,11,서울특별시,11650,서초구,1165010100,방배동,11,서울특별시,11560,영등포구,1156011000,여의도동,06,30,16,1719.0
20260112,여의도역,11,서울특별시,11650,서초구,1165010100,방배동,11,서울특별시,11560,영등포구,1156011000,여의도동,06,45,26,1803.0
20260112,여의도역,11,서울특별시,11650,서초구,1165010100,방배동,11,서울특별시,11560,영등포구,1156011000,여의도동,07,00,37,1792.0
20260112,여의도역,11,서울특별시,11650,서초구,1165010100,방배동,11,서울특별시,11560,영등포구,1156011000,여의도동,07,15,45,1746.0
20260112,여의도역,11,서울특별시,11650,서초구,1165010100,방배동,11,서울특별시,11560,영등포구,1156011000,여의도동,07,30,44,1999.0
20260112,여의도역,11,서울특별시,11650,서초구,1165010100,방배동,11,서울특별시,11560,영등포구,1156011000,여의도동,07,45,68,1856.0
20260112,여의도역,11,서울특별시,11650,서초구,1165010100,방배동,11,서울특별시,11560,영등포구,1156011000,여의도동,08,00,52,1855.0
20260112,여의도역,11,서울특별시,11650,서초구,1165010100,방배동,11,서울특별시,11560,영등포구,1156011000,여의도동,08,15,47,1631.0
20260112,여의도역,11,서울특별시,11650,서초구,1165010100,방배동,11,서울특별시,11560,영등포구,1156011000,여의도동,08,30,41,1637.0
20260112,여의도역,11,서울특별시,11650,서초구,1165010100,방배동,11,서울특별시,11560,영등포구,1156011000,여의도동,08,45,23,1654.0
20260112,여의도역,11,서울특별시,11650,서초구,1165010100,방배동,11,서울특별시,11560,영등포구,1156011000,여의도동,09,00,24,1720.0
20260112,여의도역,11,서울특별시,11650,서초구,1165010100,방배동,11,서울특별시,11560,영등포구,1156011000,여의도동,09,15,20,1801.0
20260112,여의도역,11,서울특별시,11650,서초구,1165010100,방배동,11,서울특별시,11560,영등포구,1156011000,여의도동,09,30,10,1879.0
20260112,여의도역,11,서울특별시,11650,서초구,1165010100,방배동,11,서울특별시,11560,영등포구,1156011000,여의도동,09,45,13,1637.0
20260112,여의도역,11,서울특별시,11650,서초구,1165010100,방배동,11,서울특별시,11560,영등포구,1156011000,여의도동,10,00,3,1726.0
20260112,여의도역,11,서울특별시,11650,서초구,1165010100,방배동,11,서울특별시,11560,영등포구,1156011000,여의도동,10,15,10,1551.0
20260112,여의도역,11,서울특별시,11650,서초구,1165010100,방배동,11,서울특별시,11560,영등포구,1156011000,여의도동,10,30,7,1978.0
20260112,여의도역,11,서울특별시,11650,서초구,1165010100,방배동,11,서울특별시,11560,영등포구,1156011000,여의도동,10,45,6,1740.0
20260112,여의도역,11,서울특별시,11650,서초구,1165010100,방배동,11,서울특별시,11560,영등포구,1156011000,여의도동,11,00,6,1899.0
20260112,여의도역,11,서울특별시,11650,서초구,1165010100,방배동,11,서울특별시,11560,영등포구,1156011000,여의도동,11,15,1,2062.0
20260112,여의도역,11,서울특별시,11650,서초구,1165010100,방배동,11,서울특별시,11560,영등포구,1156011000,여의도동,11,30,6,1698.0
20260112,여의도역,11,서울특별시,11650,서초구,1165010100,방배동,11,서울특별시,11560,영등포구,1156011000,여의도동,11,45,3,1588.0
20260112,여의도역,11,서울특별시,11650,서초구,1165010100,방배동,11,서울특별시,11560,영등포구,1156011000,여의도동,12,00,6,1885.0
20260112,여의도역,11,서울특별시,11650,서초구,1165010100,방배동,11,서울특별시,11560,영등포구,1156011000,여의도동,12,15,9,1781.0
20260112,여의도역,11,서울특별시,11650,서초구,1165010100,방배동,11,서울특별시,11560,영등포구,1156011000,여의도동,12,30,7,1861.0
20260112,여의도역,11,서울특별시,11650,서초구,1165010100,방배동,11,서울특별시,11560,영등포구,1156011000,여의도동,12,45,9,1824.0
20260112,여의도역,11,서울특별시,11650,서초구,1165010200,양재동,11,서울특별시,11560,영등포구,1156011000,여의도동,06,00,2,2739.0
20260112,여의도역,11,서울특별시,11650,서초구,1165010200,양재동,11,서울특별시,11560,영등포구,1156011000,여의도동,06,15,2,1929.0
20260112,여의도역,11,서울특별시,11650,서초구,1165010200,양재동,11,서울특별시,11560,영등포구,1156011000,여의도동,06,30,3,2481.0
20260112,여의도역,11,서울특별시,11650,서초구,1165010200,양재동,11,서울특별시,11560,영등포구,1156011000,여의도동,06,45,9,2331.0
20260112,여의도역,11,서울특별시,11650,서초구,1165010200,양재동,11,서울특별시,11560,영등포구,1156011000,여의도동,07,00,6,2205.0
20260112,여의도역,11,서울특별시,11650,서초구,1165010200,양재동,11,서울특별시,11560,영등포구,1156011000,여의도동,07,15,7,2998.0
20260112,여의도역,11,서울특별시,11650,서초구,1165010200,양재동,11,서울특별시,11560,영등포구,1156011000,여의도동,07,30,12,2694.0
20260112,여의도역,11,서울특별시,11650,서초구,1165010200,양재동,11,서울특별시,11560,영등포구,1156011000,여의도동,07,45,11,2514.0
20260112,여의도역,11,서울특별시,11650,서초구,1165010200,양재동,11,서울특별시,11560,영등포구,1156011000,여의도동,08,00,17,2251.0
20260112,여의도역,11,서울특별시,11650,서초구,1165010200,양재동,11,서울특별시,11560,영등포구,1156011000,여의도동,08,15,7,1985.0
20260112,여의도역,11,서울특별시,11650,서초구,1165010200,양재동,11,서울특별시,11560,영등포구,1156011000,여의도동,08,30,6,1826.0
20260112,여의도역,11,서울특별시,11650,서초구,1165010200,양재동,11,서울특별시,11560,영등포구,1156011000,여의도동,08,45,11,2174.0
20260112,여의도역,11,서울특별시,11650,서초구,1165010200,양재동,11,서울특별시,11560,영등포구,1156011000,여의도동,09,00,6,2186.0
20260112,여의도역,11,서울특별시,11650,서초구,1165010200,양재동,11,서울특별시,11560,영등포구,1156011000,여의도동,09,15,3,2043.0
20260112,여의도역,11,서울특별시,11650,서초구,1165010200,양재동,11,서울특별시,11560,영등포구,1156011000,여의도동,09,30,3,1944.0
20260112,여의도역,11,서울특별시,11650,서초구,1165010200,양재동,11,서울특별시,11560,영등포구,1156011000,여의도동,09,45,1,2246.0
20260112,여의도역,11,서울특별시,11650,서초구,1165010200,양재동,11,서울특별시,11560,영등포구,1156011000,여의도동,10,00,3,2266.0
20260112,여의도역,11,서울특별시,11650,서초구,1165010200,양재동,11,서울특별시,11560,영등포구,1156011000,여의도동,10,15,2,2897.0
20260112,여의도역,11,서울특별시,11650,서초구,1165010200,양재동,11,서울특별시,11560,영등포구,1156011000,여의도동,10,45,4,2655.0
20260112,여의도역,11,서울특별시,11650,서초구,1165010200,양재동,11,서울특별시,11560,영등포구,1156011000,여의도동,11,00,6,2135.0
20260112,여의도역,11,서울특별시,11650,서초구,1165010200,양재동,11,서울특별시,11560,영등포구,1156011000,여의도동,11,15,3,2449.0
20260112,여의도역,11,서울특별시,11650,서초구,1165010200,양재동,11,서울특별시,11560,영등포구,1156011000,여의도동,11,30,2,2431.0
20260112,여의도역,11,서울특별시,11650,서초구,1165010200,양재동,11,서울특별시,11560,영등포구,1156011000,여의도동,12,15,1,1976.0
20260112,여의도역,11,서울특별시,11650,서초구,1165010200,양재동,11,서울특별시,11560,영등포구,1156011000,여의도동,12,30,2,2756.0
20260112,여의도역,11,서울특별시,11650,서초구,1165010200,양재동,11,서울특별시,11560,영등포구,1156011000,여의도동,12,45,3,2822.0
20260112,여의도역,11,서울특별시,11650,서초구,1165010300,우면동,11,서울특별시,11560,영등포구,1156011000,여의도동,06,00,3,2686.0
20260112,여의도역,11,서울특별시,11650,서초구,1165010300,우면동,11,서울특별시,11560,영등포구,1156011000,여의도동,06,15,2,2511.0
20260112,여의도역,11,서울특별시,11650,서초구,1165010300,우면동,11,서울특별시,11560,영등포구,1156011000,여의도동,06,30,3,2188.0
20260112,여의도역,11,서울특별시,11650,서초구,1165010300,우면동,11,서울특별시,11560,영등포구,1156011000,여의도동,06,45,4,2335.0
20260112,여의도역,11,서울특별시,11650,서초구,1165010300,우면동,11,서울특별시,11560,영등포구,1156011000,여의도동,07,00,4,2145.0
20260112,여의도역,11,서울특별시,11650,서초구,1165010300,우면동,11,서울특별시,11560,영등포구,1156011000,여의도동,07,15,12,2519.0
20260112,여의도역,11,서울특별시,11650,서초구,1165010300,우면동,11,서울특별시,11560,영등포구,1156011000,여의도동,07,30,7,2581.0
20260112,여의도역,11,서울특별시,11650,서초구,1165010300,우면동,11,서울특별시,11560,영등포구,1156011000,여의도동,07,45,7,2383.0
20260112,여의도역,11,서울특별시,11650,서초구,1165010300,우면동,11,서울특별시,11560,영등포구,1156011000,여의도동,08,00,7,2456.0
20260112,여의도역,11,서울특별시,11650,서초구,1165010300,우면동,11,서울특별시,11560,영등포구,1156011000,여의도동,08,15,7,2356.0
20260112,여의도역,11,서울특별시,11650,서초구,1165010300,우면동,11,서울특별시,11560,영등포구,1156011000,여의도동,08,30,1,2648.0
20260112,여의도역,11,서울특별시,11650,서초구,1165010300,우면동,11,서울특별시,11560,영등포구,1156011000,여의도동,08,45,2,2070.0
20260112,여의도역,11,서울특별시,11650,서초구,1165010300,우면동,11,서울특별시,11560,영등포구,1156011000,여의도동,09,00,3,2262.0
20260112,여의도역,11,서울특별시,11650,서초구,1165010300,우면동,11,서울특별시,11560,영등포구,1156011000,여의도동,09,15,3,2072.0
20260112,여의도역,11,서울특별시,11650,서초구,1165010300,우면동,11,서울특별시,11560,영등포구,1156011000,여의도동,09,30,2,2253.0
20260112,여의도역,11,서울특별시,11650,서초구,1165010300,우면동,11,서울특별시,11560,영등포구,1156011000,여의도동,10,00,1,4162.0
20260112,여의도역,11,서울특별시,11650,서초구,1165010300,우면동,11,서울특별시,11560,영등포구,1156011000,여의도동,10,15,2,2239.0
20260112,여의도역,11,서울특별시,11650,서초구,1165010300,우면동,11,서울특별시,11560,영등포구,1156011000,여의도동,11,00,1,2691.0
20260112,여의도역,11,서울특별시,11650,서초구,1165010300,우면동,11,서울특별시,11560,영등포구,1156011000,여의도동,11,15,1,2369.0
20260112,여의도역,11,서울특별시,11650,서초구,1165010300,우면동,11,서울특별시,11560,영등포구,1156011000,여의도동,11,30,2,2196.0
20260112,여의도역,11,서울특별시,11650,서초구,1165010300,우면동,11,서울특별시,11560,영등포구,1156011000,여의도동,12,00,1,3916.0
20260112,여의도역,11,서울특별시,11650,서초구,1165010300,우면동,11,서울특별시,11560,영등포구,1156011000,여의도동,12,30,1,2582.0
20260112,여의도역,11,서울특별시,11650,서초구,1165010600,잠원동,11,서울특별시,11560,영등포구,1156011000,여의도동,06,00,8,1478.0
20260112,여의도역,11,서울특별시,11650,서초구,1165010600,잠원동,11,서울특별시,11560,영등포구,1156011000,여의도동,06,15,11,1544.0
20260112,여의도역,11,서울특별시,11650,서초구,1165010600,잠원동,11,서울특별시,11560,영등포구,1156011000,여의도동,06,30,19,1549.0
20260112,여의도역,11,서울특별시,11650,서초구,1165010600,잠원동,11,서울특별시,11560,영등포구,1156011000,여의도동,06,45,40,1761.0
20260112,여의도역,11,서울특별시,11650,서초구,1165010600,잠원동,11,서울특별시,11560,영등포구,1156011000,여의도동,07,00,56,1543.0
20260112,여의도역,11,서울특별시,11650,서초구,1165010600,잠원동,11,서울특별시,11560,영등포구,1156011000,여의도동,07,15,77,1544.0
20260112,여의도역,11,서울특별시,11650,서초구,1165010600,잠원동,11,서울특별시,11560,영등포구,1156011000,여의도동,07,30,56,1648.0
20260112,여의도역,11,서울특별시,11650,서초구,1165010600,잠원동,11,서울특별시,11560,영등포구,1156011000,여의도동,07,45,75,1717.0
20260112,여의도역,11,서울특별시,11650,서초구,1165010600,잠원동,11,서울특별시,11560,영등포구,1156011000,여의도동,08,00,79,1585.0
20260112,여의도역,11,서울특별시,11650,서초구,1165010600,잠원동,11,서울특별시,11560,영등포구,1156011000,여의도동,08,15,60,1413.0
20260112,여의도역,11,서울특별시,11650,서초구,1165010600,잠원동,11,서울특별시,11560,영등포구,1156011000,여의도동,08,30,40,1395.0
20260112,여의도역,11,서울특별시,11650,서초구,1165010600,잠원동,11,서울특별시,11560,영등포구,1156011000,여의도동,08,45,40,1255.0
20260112,여의도역,11,서울특별시,11650,서초구,1165010600,잠원동,11,서울특별시,11560,영등포구,1156011000,여의도동,09,00,29,1346.0
20260112,여의도역,11,서울특별시,11650,서초구,1165010600,잠원동,11,서울특별시,11560,영등포구,1156011000,여의도동,09,15,23,1226.0
20260112,여의도역,11,서울특별시,11650,서초구,1165010600,잠원동,11,서울특별시,11560,영등포구,1156011000,여의도동,09,30,12,1260.0
20260112,여의도역,11,서울특별시,11650,서초구,1165010600,잠원동,11,서울특별시,11560,영등포구,1156011000,여의도동,09,45,12,1379.0
20260112,여의도역,11,서울특별시,11650,서초구,1165010600,잠원동,11,서울특별시,11560,영등포구,1156011000,여의도동,10,00,11,1446.0
20260112,여의도역,11,서울특별시,11650,서초구,1165010600,잠원동,11,서울특별시,11560,영등포구,1156011000,여의도동,10,15,11,1543.0
20260112,여의도역,11,서울특별시,11650,서초구,1165010600,잠원동,11,서울특별시,11560,영등포구,1156011000,여의도동,10,30,14,1480.0
20260112,여의도역,11,서울특별시,11650,서초구,1165010600,잠원동,11,서울특별시,11560,영등포구,1156011000,여의도동,10,45,11,1653.0
20260112,여의도역,11,서울특별시,11650,서초구,1165010600,잠원동,11,서울특별시,11560,영등포구,1156011000,여의도동,11,00,8,1884.0
20260112,여의도역,11,서울특별시,11650,서초구,1165010600,잠원동,11,서울특별시,11560,영등포구,1156011000,여의도동,11,15,10,1647.0
20260112,여의도역,11,서울특별시,11650,서초구,1165010600,잠원동,11,서울특별시,11560,영등포구,1156011000,여의도동,11,30,21,1407.0
20260112,여의도역,11,서울특별시,11650,서초구,1165010600,잠원동,11,서울특별시,11560,영등포구,1156011000,여의도동,11,45,7,1358.0
20260112,여의도역,11,서울특별시,11650,서초구,1165010600,잠원동,11,서울특별시,11560,영등포구,1156011000,여의도동,12,00,15,1569.0
20260112,여의도역,11,서울특별시,11650,서초구,1165010600,잠원동,11,서울특별시,11560,영등포구,1156011000,여의도동,12,15,11,1593.0
20260112,여의도역,11,서울특별시,11650,서초구,1165010600,잠원동,11,서울특별시,11560,영등포구,1156011000,여의도동,12,30,7,1287.0
20260112,여의도역,11,서울특별시,11650,서초구,1165010600,잠원동,11,서울특별시,11560,영등포구,1156011000,여의도동,12,45,11,1509.0
20260112,여의도역,11,서울특별시,11650,서초구,1165010700,반포동,11,서울특별시,11560,영등포구,1156011000,여의도동,06,15,11,1557.0
20260112,여의도역,11,서울특별시,11650,서초구,1165010700,반포동,11,서울특별시,11560,영등포구,1156011000,여의도동,06,30,17,1626.0
20260112,여의도역,11,서울특별시,11650,서초구,1165010700,반포동,11,서울특별시,11560,영등포구,1156011000,여의도동,06,45,41,1415.0
20260112,여의도역,11,서울특별시,11650,서초구,1165010700,반포동,11,서울특별시,11560,영등포구,1156011000,여의도동,07,00,49,1387.0
20260112,여의도역,11,서울특별시,11650,서초구,1165010700,반포동,11,서울특별시,11560,영등포구,1156011000,여의도동,07,15,95,1469.0
20260112,여의도역,11,서울특별시,11650,서초구,1165010700,반포동,11,서울특별시,11560,영등포구,1156011000,여의도동,07,30,51,1628.0
20260112,여의도역,11,서울특별시,11650,서초구,1165010700,반포동,11,서울특별시,11560,영등포구,1156011000,여의도동,07,45,78,1614.0
20260112,여의도역,11,서울특별시,11650,서초구,1165010700,반포동,11,서울특별시,11560,영등포구,1156011000,여의도동,08,00,78,1616.0
20260112,여의도역,11,서울특별시,11650,서초구,1165010700,반포동,11,서울특별시,11560,영등포구,1156011000,여의도동,08,15,84,1486.0
20260112,여의도역,11,서울특별시,11650,서초구,1165010700,반포동,11,서울특별시,11560,영등포구,1156011000,여의도동,08,30,58,1417.0
20260112,여의도역,11,서울특별시,11650,서초구,1165010700,반포동,11,서울특별시,11560,영등포구,1156011000,여의도동,08,45,50,1513.0
20260112,여의도역,11,서울특별시,11650,서초구,1165010700,반포동,11,서울특별시,11560,영등포구,1156011000,여의도동,09,00,25,1313.0
20260112,여의도역,11,서울특별시,11650,서초구,1165010700,반포동,11,서울특별시,11560,영등포구,1156011000,여의도동,09,15,31,1421.0
20260112,여의도역,11,서울특별시,11650,서초구,1165010700,반포동,11,서울특별시,11560,영등포구,1156011000,여의도동,09,30,18,1496.0
20260112,여의도역,11,서울특별시,11650,서초구,1165010700,반포동,11,서울특별시,11560,영등포구,1156011000,여의도동,09,45,12,1346.0
20260112,여의도역,11,서울특별시,11650,서초구,1165010700,반포동,11,서울특별시,11560,영등포구,1156011000,여의도동,10,00,22,1410.0
20260112,여의도역,11,서울특별시,11650,서초구,1165010700,반포동,11,서울특별시,11560,영등포구,1156011000,여의도동,10,15,22,1487.0
20260112,여의도역,11,서울특별시,11650,서초구,1165010700,반포동,11,서울특별시,11560,영등포구,1156011000,여의도동,10,30,18,1660.0
20260112,여의도역,11,서울특별시,11650,서초구,1165010700,반포동,11,서울특별시,11560,영등포구,1156011000,여의도동,10,45,13,1481.0
20260112,여의도역,11,서울특별시,11650,서초구,1165010700,반포동,11,서울특별시,11560,영등포구,1156011000,여의도동,11,00,21,1537.0
20260112,여의도역,11,서울특별시,11650,서초구,1165010700,반포동,11,서울특별시,11560,영등포구,1156011000,여의도동,11,15,11,1517.0
20260112,여의도역,11,서울특별시,11650,서초구,1165010700,반포동,11,서울특별시,11560,영등포구,1156011000,여의도동,11,30,14,1634.0
20260112,여의도역,11,서울특별시,11650,서초구,1165010700,반포동,11,서울특별시,11560,영등포구,1156011000,여의도동,11,45,20,1532.0
20260112,여의도역,11,서울특별시,11650,서초구,1165010700,반포동,11,서울특별시,11560,영등포구,1156011000,여의도동,12,00,14,2017.0
20260112,여의도역,11,서울특별시,11650,서초구,1165010700,반포동,11,서울특별시,11560,영등포구,1156011000,여의도동,12,15,21,1421.0
20260112,여의도역,11,서울특별시,11650,서초구,1165010700,반포동,11,서울특별시,11560,영등포구,1156011000,여의도동,12,30,16,1499.0
20260112,여의도역,11,서울특별시,11650,서초구,1165010700,반포동,11,서울특별시,11560,영등포구,1156011000,여의도동,12,45,18,1607.0
20260112,여의도역,11,서울특별시,11650,서초구,1165010800,서초동,11,서울특별시,11560,영등포구,1156011000,여의도동,06,00,3,2310.0
20260112,여의도역,11,서울특별시,11650,서초구,1165010800,서초동,11,서울특별시,11560,영등포구,1156011000,여의도동,06,15,4,2024.0
20260112,여의도역,11,서울특별시,11650,서초구,1165010800,서초동,11,서울특별시,11560,영등포구,1156011000,여의도동,06,30,23,1986.0
20260112,여의도역,11,서울특별시,11650,서초구,1165010800,서초동,11,서울특별시,11560,영등포구,1156011000,여의도동,06,45,28,2017.0
20260112,여의도역,11,서울특별시,11650,서초구,1165010800,서초동,11,서울특별시,11560,영등포구,1156011000,여의도동,07,00,64,1791.0
20260112,여의도역,11,서울특별시,11650,서초구,1165010800,서초동,11,서울특별시,11560,영등포구,1156011000,여의도동,07,15,52,1988.0
20260112,여의도역,11,서울특별시,11650,서초구,1165010800,서초동,11,서울특별시,11560,영등포구,1156011000,여의도동,07,30,47,2247.0
20260112,여의도역,11,서울특별시,11650,서초구,1165010800,서초동,11,서울특별시,11560,영등포구,1156011000,여의도동,07,45,59,2129.0
20260112,여의도역,11,서울특별시,11650,서초구,1165010800,서초동,11,서울특별시,11560,영등포구,1156011000,여의도동,08,00,74,1856.0
20260112,여의도역,11,서울특별시,11650,서초구,1165010800,서초동,11,서울특별시,11560,영등포구,1156011000,여의도동,08,15,52,1746.0
20260112,여의도역,11,서울특별시,11650,서초구,1165010800,서초동,11,서울특별시,11560,영등포구,1156011000,여의도동,08,30,32,1674.0
20260112,여의도역,11,서울특별시,11650,서초구,1165010800,서초동,11,서울특별시,11560,영등포구,1156011000,여의도동,08,45,31,1866.0
20260112,여의도역,11,서울특별시,11650,서초구,1165010800,서초동,11,서울특별시,11560,영등포구,1156011000,여의도동,09,00,19,1650.0
20260112,여의도역,11,서울특별시,11650,서초구,1165010800,서초동,11,서울특별시,11560,영등포구,1156011000,여의도동,09,15,21,1677.0
20260112,여의도역,11,서울특별시,11650,서초구,1165010800,서초동,11,서울특별시,11560,영등포구,1156011000,여의도동,09,30,9,1956.0
20260112,여의도역,11,서울특별시,11650,서초구,1165010800,서초동,11,서울특별시,11560,영등포구,1156011000,여의도동,09,45,9,2072.0
20260112,여의도역,11,서울특별시,11650,서초구,1165010800,서초동,11,서울특별시,11560,영등포구,1156011000,여의도동,10,00,11,2284.0
20260112,여의도역,11,서울특별시,11650,서초구,1165010800,서초동,11,서울특별시,11560,영등포구,1156011000,여의도동,10,15,13,2098.0
20260112,여의도역,11,서울특별시,11650,서초구,1165010800,서초동,11,서울특별시,11560,영등포구,1156011000,여의도동,10,30,12,2151.0
20260112,여의도역,11,서울특별시,11650,서초구,1165010800,서초동,11,서울특별시,11560,영등포구,1156011000,여의도동,10,45,17,2172.0
20260112,여의도역,11,서울특별시,11650,서초구,1165010800,서초동,11,서울특별시,11560,영등포구,1156011000,여의도동,11,00,8,2181.0
20260112,여의도역,11,서울특별시,11650,서초구,1165010800,서초동,11,서울특별시,11560,영등포구,1156011000,여의도동,11,15,11,2021.0
20260112,여의도역,11,서울특별시,11650,서초구,1165010800,서초동,11,서울특별시,11560,영등포구,1156011000,여의도동,11,30,12,1954.0
20260112,여의도역,11,서울특별시,11650,서초구,1165010800,서초동,11,서울특별시,11560,영등포구,1156011000,여의도동,11,45,7,2138.0
20260112,여의도역,11,서울특별시,11650,서초구,1165010800,서초동,11,서울특별시,11560,영등포구,1156011000,여의도동,12,00,7,1863.0
20260112,여의도역,11,서울특별시,11650,서초구,1165010800,서초동,11,서울특별시,11560,영등포구,1156011000,여의도동,12,15,13,2041.0
20260112,여의도역,11,서울특별시,11650,서초구,1165010800,서초동,11,서울특별시,11560,영등포구,1156011000,여의도동,12,30,11,2115.0
20260112,여의도역,11,서울특별시,11650,서초구,1165010800,서초동,11,서울특별시,11560,영등포구,1156011000,여의도동,12,45,9,2077.0
20260112,여의도역,11,서울특별시,11650,서초구,1165010900,내곡동,11,서울특별시,11560,영등포구,1156011000,여의도동,06,00,1,2453.0
20260112,여의도역,11,서울특별시,11650,서초구,1165010900,내곡동,11,서울특별시,11560,영등포구,1156011000,여의도동,06,45,2,3328.0
20260112,여의도역,11,서울특별시,11650,서초구,1165010900,내곡동,11,서울특별시,11560,영등포구,1156011000,여의도동,07,00,2,2508.0
20260112,여의도역,11,서울특별시,11650,서초구,1165010900,내곡동,11,서울특별시,11560,영등포구,1156011000,여의도동,07,30,3,3226.0
20260112,여의도역,11,서울특별시,11650,서초구,1165010900,내곡동,11,서울특별시,11560,영등포구,1156011000,여의도동,07,45,1,2678.0
20260112,여의도역,11,서울특별시,11650,서초구,1165010900,내곡동,11,서울특별시,11560,영등포구,1156011000,여의도동,08,00,3,2640.0
20260112,여의도역,11,서울특별시,11650,서초구,1165010900,내곡동,11,서울특별시,11560,영등포구,1156011000,여의도동,08,15,1,3614.0
20260112,여의도역,11,서울특별시,11650,서초구,1165010900,내곡동,11,서울특별시,11560,영등포구,1156011000,여의도동,08,30,1,2287.0
20260112,여의도역,11,서울특별시,11650,서초구,1165010900,내곡동,11,서울특별시,11560,영등포구,1156011000,여의도동,08,45,1,2894.0
20260112,여의도역,11,서울특별시,11650,서초구,1165010900,내곡동,11,서울특별시,11560,영등포구,1156011000,여의도동,09,00,1,5432.0
20260112,여의도역,11,서울특별시,11650,서초구,1165011000,염곡동,11,서울특별시,11560,영등포구,1156011000,여의도동,06,15,1,3010.0
20260112,여의도역,11,서울특별시,11650,서초구,1165011000,염곡동,11,서울특별시,11560,영등포구,1156011000,여의도동,06,30,1,3113.0
20260112,여의도역,11,서울특별시,11650,서초구,1165011000,염곡동,11,서울특별시,11560,영등포구,1156011000,여의도동,07,15,1,2945.0
20260112,여의도역,11,서울특별시,11650,서초구,1165011000,염곡동,11,서울특별시,11560,영등포구,1156011000,여의도동,07,45,1,2929.0
20260112,여의도역,11,서울특별시,11650,서초구,1165011000,염곡동,11,서울특별시,11560,영등포구,1156011000,여의도동,08,15,1,2810.0
20260112,여의도역,11,서울특별시,11650,서초구,1165011000,염곡동,11,서울특별시,11560,영등포구,1156011000,여의도동,10,45,1,2062.0
20260112,여의도역,11,서울특별시,11650,서초구,1165011000,염곡동,11,서울특별시,11560,영등포구,1156011000,여의도동,12,30,1,3776.0
20260112,여의도역,11,서울특별시,11650,서초구,1165011000,염곡동,11,서울특별시,11560,영등포구,1156011000,여의도동,12,45,1,3403.0
20260112,여의도역,11,서울특별시,11650,서초구,1165011100,신원동,11,서울특별시,11560,영등포구,1156011000,여의도동,06,00,1,2075.0
20260112,여의도역,11,서울특별시,11650,서초구,1165011100,신원동,11,서울특별시,11560,영등포구,1156011000,여의도동,06,15,1,3100.0
20260112,여의도역,11,서울특별시,11650,서초구,1165011100,신원동,11,서울특별시,11560,영등포구,1156011000,여의도동,06,30,4,2319.0
20260112,여의도역,11,서울특별시,11650,서초구,1165011100,신원동,11,서울특별시,11560,영등포구,1156011000,여의도동,06,45,3,2270.0
20260112,여의도역,11,서울특별시,11650,서초구,1165011100,신원동,11,서울특별시,11560,영등포구,1156011000,여의도동,07,00,4,2323.0
20260112,여의도역,11,서울특별시,11650,서초구,1165011100,신원동,11,서울특별시,11560,영등포구,1156011000,여의도동,07,30,4,2262.0
20260112,여의도역,11,서울특별시,11650,서초구,1165011100,신원동,11,서울특별시,11560,영등포구,1156011000,여의도동,07,45,2,2669.0
20260112,여의도역,11,서울특별시,11650,서초구,1165011100,신원동,11,서울특별시,11560,영등포구,1156011000,여의도동,08,00,4,2231.0
20260112,여의도역,11,서울특별시,11650,서초구,1165011100,신원동,11,서울특별시,11560,영등포구,1156011000,여의도동,08,15,1,2173.0
20260112,여의도역,11,서울특별시,11650,서초구,1165011100,신원동,11,서울특별시,11560,영등포구,1156011000,여의도동,08,45,1,2192.0
20260112,여의도역,11,서울특별시,11650,서초구,1165011100,신원동,11,서울특별시,11560,영등포구,1156011000,여의도동,09,00,2,2266.0
20260112,여의도역,11,서울특별시,11650,서초구,1165011100,신원동,11,서울특별시,11560,영등포구,1156011000,여의도동,09,30,1,1885.0
20260112,여의도역,11,서울특별시,11650,서초구,1165011100,신원동,11,서울특별시,11560,영등포구,1156011000,여의도동,10,15,1,2859.0
20260112,여의도역,11,서울특별시,11650,서초구,1165011100,신원동,11,서울특별시,11560,영등포구,1156011000,여의도동,10,30,1,2039.0
20260112,여의도역,11,서울특별시,11650,서초구,1165011100,신원동,11,서울특별시,11560,영등포구,1156011000,여의도동,11,00,2,2469.0
20260112,여의도역,11,서울특별시,11650,서초구,1165011100,신원동,11,서울특별시,11560,영등포구,1156011000,여의도동,12,30,2,3976.0
20260112,여의도역,11,서울특별시,11650,서초구,1165011100,신원동,11,서울특별시,11560,영등포구,1156011000,여의도동,12,45,2,2540.0
20260112,여의도역,11,서울특별시,11680,강남구,1168010100,역삼동,11,서울특별시,11560,영등포구,1156011000,여의도동,06,00,11,1816.0
20260112,여의도역,11,서울특별시,11680,강남구,1168010100,역삼동,11,서울특별시,11560,영등포구,1156011000,여의도동,06,15,26,2089.0
20260112,여의도역,11,서울특별시,11680,강남구,1168010100,역삼동,11,서울특별시,11560,영등포구,1156011000,여의도동,06,30,16,1889.0
20260112,여의도역,11,서울특별시,11680,강남구,1168010100,역삼동,11,서울특별시,11560,영등포구,1156011000,여의도동,06,45,47,2054.0
20260112,여의도역,11,서울특별시,11680,강남구,1168010100,역삼동,11,서울특별시,11560,영등포구,1156011000,여의도동,07,00,62,1922.0
20260112,여의도역,11,서울특별시,11680,강남구,1168010100,역삼동,11,서울특별시,11560,영등포구,1156011000,여의도동,07,15,63,1720.0
20260112,여의도역,11,서울특별시,11680,강남구,1168010100,역삼동,11,서울특별시,11560,영등포구,1156011000,여의도동,07,30,47,2064.0
20260112,여의도역,11,서울특별시,11680,강남구,1168010100,역삼동,11,서울특별시,11560,영등포구,1156011000,여의도동,07,45,60,1906.0
20260112,여의도역,11,서울특별시,11680,강남구,1168010100,역삼동,11,서울특별시,11560,영등포구,1156011000,여의도동,08,00,56,1789.0
20260112,여의도역,11,서울특별시,11680,강남구,1168010100,역삼동,11,서울특별시,11560,영등포구,1156011000,여의도동,08,15,47,1616.0
20260112,여의도역,11,서울특별시,11680,강남구,1168010100,역삼동,11,서울특별시,11560,영등포구,1156011000,여의도동,08,30,38,1680.0
20260112,여의도역,11,서울특별시,11680,강남구,1168010100,역삼동,11,서울특별시,11560,영등포구,1156011000,여의도동,08,45,34,1629.0
20260112,여의도역,11,서울특별시,11680,강남구,1168010100,역삼동,11,서울특별시,11560,영등포구,1156011000,여의도동,09,00,23,1555.0
20260112,여의도역,11,서울특별시,11680,강남구,1168010100,역삼동,11,서울특별시,11560,영등포구,1156011000,여의도동,09,15,28,1669.0
20260112,여의도역,11,서울특별시,11680,강남구,1168010100,역삼동,11,서울특별시,11560,영등포구,1156011000,여의도동,09,30,14,1704.0
20260112,여의도역,11,서울특별시,11680,강남구,1168010100,역삼동,11,서울특별시,11560,영등포구,1156011000,여의도동,09,45,13,1621.0
20260112,여의도역,11,서울특별시,11680,강남구,1168010100,역삼동,11,서울특별시,11560,영등포구,1156011000,여의도동,10,00,23,1859.0
20260112,여의도역,11,서울특별시,11680,강남구,1168010100,역삼동,11,서울특별시,11560,영등포구,1156011000,여의도동,10,15,31,1872.0
20260112,여의도역,11,서울특별시,11680,강남구,1168010100,역삼동,11,서울특별시,11560,영등포구,1156011000,여의도동,10,30,26,1699.0
20260112,여의도역,11,서울특별시,11680,강남구,1168010100,역삼동,11,서울특별시,11560,영등포구,1156011000,여의도동,10,45,31,1865.0
20260112,여의도역,11,서울특별시,11680,강남구,1168010100,역삼동,11,서울특별시,11560,영등포구,1156011000,여의도동,11,00,28,1851.0
20260112,여의도역,11,서울특별시,11680,강남구,1168010100,역삼동,11,서울특별시,11560,영등포구,1156011000,여의도동,11,15,21,1768.0
20260112,여의도역,11,서울특별시,11680,강남구,1168010100,역삼동,11,서울특별시,11560,영등포구,1156011000,여의도동,11,30,24,1700.0
20260112,여의도역,11,서울특별시,11680,강남구,1168010100,역삼동,11,서울특별시,11560,영등포구,1156011000,여의도동,11,45,21,1869.0
20260112,여의도역,11,서울특별시,11680,강남구,1168010100,역삼동,11,서울특별시,11560,영등포구,1156011000,여의도동,12,00,34,2053.0
20260112,여의도역,11,서울특별시,11680,강남구,1168010100,역삼동,11,서울특별시,11560,영등포구,1156011000,여의도동,12,15,21,2198.0
20260112,여의도역,11,서울특별시,11680,강남구,1168010100,역삼동,11,서울특별시,11560,영등포구,1156011000,여의도동,12,30,39,1973.0
20260112,여의도역,11,서울특별시,11680,강남구,1168010100,역삼동,11,서울특별시,11560,영등포구,1156011000,여의도동,12,45,31,1817.0
20260112,여의도역,11,서울특별시,11680,강남구,1168010300,개포동,11,서울특별시,11560,영등포구,1156011000,여의도동,06,00,13,2487.0
20260112,여의도역,11,서울특별시,11680,강남구,1168010300,개포동,11,서울특별시,11560,영등포구,1156011000,여의도동,06,15,16,2380.0
20260112,여의도역,11,서울특별시,11680,강남구,1168010300,개포동,11,서울특별시,11560,영등포구,1156011000,여의도동,06,30,35,2552.0
20260112,여의도역,11,서울특별시,11680,강남구,1168010300,개포동,11,서울특별시,11560,영등포구,1156011000,여의도동,06,45,36,2634.0
20260112,여의도역,11,서울특별시,11680,강남구,1168010300,개포동,11,서울특별시,11560,영등포구,1156011000,여의도동,07,00,66,2455.0
20260112,여의도역,11,서울특별시,11680,강남구,1168010300,개포동,11,서울특별시,11560,영등포구,1156011000,여의도동,07,15,43,2813.0
20260112,여의도역,11,서울특별시,11680,강남구,1168010300,개포동,11,서울특별시,11560,영등포구,1156011000,여의도동,07,30,54,2759.0
20260112,여의도역,11,서울특별시,11680,강남구,1168010300,개포동,11,서울특별시,11560,영등포구,1156011000,여의도동,07,45,51,2590.0
20260112,여의도역,11,서울특별시,11680,강남구,1168010300,개포동,11,서울특별시,11560,영등포구,1156011000,여의도동,08,00,48,2421.0
20260112,여의도역,11,서울특별시,11680,강남구,1168010300,개포동,11,서울특별시,11560,영등포구,1156011000,여의도동,08,15,23,2335.0
20260112,여의도역,11,서울특별시,11680,강남구,1168010300,개포동,11,서울특별시,11560,영등포구,1156011000,여의도동,08,30,20,2411.0
20260112,여의도역,11,서울특별시,11680,강남구,1168010300,개포동,11,서울특별시,11560,영등포구,1156011000,여의도동,08,45,20,2440.0
20260112,여의도역,11,서울특별시,11680,강남구,1168010300,개포동,11,서울특별시,11560,영등포구,1156011000,여의도동,09,00,4,2537.0
20260112,여의도역,11,서울특별시,11680,강남구,1168010300,개포동,11,서울특별시,11560,영등포구,1156011000,여의도동,09,15,6,2706.0
20260112,여의도역,11,서울특별시,11680,강남구,1168010300,개포동,11,서울특별시,11560,영등포구,1156011000,여의도동,09,30,3,4174.0
20260112,여의도역,11,서울특별시,11680,강남구,1168010300,개포동,11,서울특별시,11560,영등포구,1156011000,여의도동,09,45,4,2658.0
20260112,여의도역,11,서울특별시,11680,강남구,1168010300,개포동,11,서울특별시,11560,영등포구,1156011000,여의도동,10,00,4,2494.0
20260112,여의도역,11,서울특별시,11680,강남구,1168010300,개포동,11,서울특별시,11560,영등포구,1156011000,여의도동,10,15,4,2687.0
20260112,여의도역,11,서울특별시,11680,강남구,1168010300,개포동,11,서울특별시,11560,영등포구,1156011000,여의도동,10,30,3,2571.0
20260112,여의도역,11,서울특별시,11680,강남구,1168010300,개포동,11,서울특별시,11560,영등포구,1156011000,여의도동,10,45,2,3260.0
20260112,여의도역,11,서울특별시,11680,강남구,1168010300,개포동,11,서울특별시,11560,영등포구,1156011000,여의도동,11,00,4,2654.0
20260112,여의도역,11,서울특별시,11680,강남구,1168010300,개포동,11,서울특별시,11560,영등포구,1156011000,여의도동,11,30,1,1818.0
20260112,여의도역,11,서울특별시,11680,강남구,1168010300,개포동,11,서울특별시,11560,영등포구,1156011000,여의도동,11,45,2,2308.0
20260112,여의도역,11,서울특별시,11680,강남구,1168010300,개포동,11,서울특별시,11560,영등포구,1156011000,여의도동,12,00,2,2831.0
20260112,여의도역,11,서울특별시,11680,강남구,1168010300,개포동,11,서울특별시,11560,영등포구,1156011000,여의도동,12,15,2,2499.0
20260112,여의도역,11,서울특별시,11680,강남구,1168010300,개포동,11,서울특별시,11560,영등포구,1156011000,여의도동,12,30,2,2550.0
20260112,여의도역,11,서울특별시,11680,강남구,1168010300,개포동,11,서울특별시,11560,영등포구,1156011000,여의도동,12,45,1,2606.0
20260112,여의도역,11,서울특별시,11680,강남구,1168010400,청담동,11,서울특별시,11560,영등포구,1156011000,여의도동,06,00,2,2313.0
20260112,여의도역,11,서울특별시,11680,강남구,1168010400,청담동,11,서울특별시,11560,영등포구,1156011000,여의도동,06,15,2,1755.0
20260112,여의도역,11,서울특별시,11680,강남구,1168010400,청담동,11,서울특별시,11560,영등포구,1156011000,여의도동,06,30,3,1840.0
20260112,여의도역,11,서울특별시,11680,강남구,1168010400,청담동,11,서울특별시,11560,영등포구,1156011000,여의도동,06,45,8,2060.0
20260112,여의도역,11,서울특별시,11680,강남구,1168010400,청담동,11,서울특별시,11560,영등포구,1156011000,여의도동,07,00,14,2108.0
20260112,여의도역,11,서울특별시,11680,강남구,1168010400,청담동,11,서울특별시,11560,영등포구,1156011000,여의도동,07,15,17,2104.0
20260112,여의도역,11,서울특별시,11680,강남구,1168010400,청담동,11,서울특별시,11560,영등포구,1156011000,여의도동,07,30,13,2168.0
20260112,여의도역,11,서울특별시,11680,강남구,1168010400,청담동,11,서울특별시,11560,영등포구,1156011000,여의도동,07,45,8,2193.0
20260112,여의도역,11,서울특별시,11680,강남구,1168010400,청담동,11,서울특별시,11560,영등포구,1156011000,여의도동,08,00,16,1940.0
20260112,여의도역,11,서울특별시,11680,강남구,1168010400,청담동,11,서울특별시,11560,영등포구,1156011000,여의도동,08,15,10,2016.0
20260112,여의도역,11,서울특별시,11680,강남구,1168010400,청담동,11,서울특별시,11560,영등포구,1156011000,여의도동,08,30,8,2031.0
20260112,여의도역,11,서울특별시,11680,강남구,1168010400,청담동,11,서울특별시,11560,영등포구,1156011000,여의도동,08,45,5,1671.0
20260112,여의도역,11,서울특별시,11680,강남구,1168010400,청담동,11,서울특별시,11560,영등포구,1156011000,여의도동,09,00,5,2250.0
20260112,여의도역,11,서울특별시,11680,강남구,1168010400,청담동,11,서울특별시,11560,영등포구,1156011000,여의도동,09,15,6,1948.0
20260112,여의도역,11,서울특별시,11680,강남구,1168010400,청담동,11,서울특별시,11560,영등포구,1156011000,여의도동,09,30,3,1945.0
20260112,여의도역,11,서울특별시,11680,강남구,1168010400,청담동,11,서울특별시,11560,영등포구,1156011000,여의도동,09,45,1,1749.0
20260112,여의도역,11,서울특별시,11680,강남구,1168010400,청담동,11,서울특별시,11560,영등포구,1156011000,여의도동,10,00,5,2199.0
20260112,여의도역,11,서울특별시,11680,강남구,1168010400,청담동,11,서울특별시,11560,영등포구,1156011000,여의도동,10,15,2,3012.0
20260112,여의도역,11,서울특별시,11680,강남구,1168010400,청담동,11,서울특별시,11560,영등포구,1156011000,여의도동,10,30,2,2834.0
20260112,여의도역,11,서울특별시,11680,강남구,1168010400,청담동,11,서울특별시,11560,영등포구,1156011000,여의도동,10,45,3,2054.0
20260112,여의도역,11,서울특별시,11680,강남구,1168010400,청담동,11,서울특별시,11560,영등포구,1156011000,여의도동,11,00,4,2104.0
20260112,여의도역,11,서울특별시,11680,강남구,1168010400,청담동,11,서울특별시,11560,영등포구,1156011000,여의도동,11,15,4,2359.0
20260112,여의도역,11,서울특별시,11680,강남구,1168010400,청담동,11,서울특별시,11560,영등포구,1156011000,여의도동,11,30,6,2689.0
20260112,여의도역,11,서울특별시,11680,강남구,1168010400,청담동,11,서울특별시,11560,영등포구,1156011000,여의도동,11,45,1,1688.0
20260112,여의도역,11,서울특별시,11680,강남구,1168010400,청담동,11,서울특별시,11560,영등포구,1156011000,여의도동,12,00,1,2024.0
20260112,여의도역,11,서울특별시,11680,강남구,1168010400,청담동,11,서울특별시,11560,영등포구,1156011000,여의도동,12,15,2,2202.0
20260112,여의도역,11,서울특별시,11680,강남구,1168010400,청담동,11,서울특별시,11560,영등포구,1156011000,여의도동,12,30,4,2619.0
20260112,여의도역,11,서울특별시,11680,강남구,1168010400,청담동,11,서울특별시,11560,영등포구,1156011000,여의도동,12,45,3,2034.0
20260112,여의도역,11,서울특별시,11680,강남구,1168010500,삼성동,11,서울특별시,11560,영등포구,1156011000,여의도동,06,00,4,2403.0
20260112,여의도역,11,서울특별시,11680,강남구,1168010500,삼성동,11,서울특별시,11560,영등포구,1156011000,여의도동,06,15,11,2104.0
20260112,여의도역,11,서울특별시,11680,강남구,1168010500,삼성동,11,서울특별시,11560,영등포구,1156011000,여의도동,06,30,16,1964.0
20260112,여의도역,11,서울특별시,11680,강남구,1168010500,삼성동,11,서울특별시,11560,영등포구,1156011000,여의도동,06,45,35,1835.0
20260112,여의도역,11,서울특별시,11680,강남구,1168010500,삼성동,11,서울특별시,11560,영등포구,1156011000,여의도동,07,00,31,1904.0
20260112,여의도역,11,서울특별시,11680,강남구,1168010500,삼성동,11,서울특별시,11560,영등포구,1156011000,여의도동,07,15,30,1975.0
20260112,여의도역,11,서울특별시,11680,강남구,1168010500,삼성동,11,서울특별시,11560,영등포구,1156011000,여의도동,07,30,29,2222.0
20260112,여의도역,11,서울특별시,11680,강남구,1168010500,삼성동,11,서울특별시,11560,영등포구,1156011000,여의도동,07,45,41,1979.0
20260112,여의도역,11,서울특별시,11680,강남구,1168010500,삼성동,11,서울특별시,11560,영등포구,1156011000,여의도동,08,00,33,2015.0
20260112,여의도역,11,서울특별시,11680,강남구,1168010500,삼성동,11,서울특별시,11560,영등포구,1156011000,여의도동,08,15,29,1765.0
20260112,여의도역,11,서울특별시,11680,강남구,1168010500,삼성동,11,서울특별시,11560,영등포구,1156011000,여의도동,08,30,20,1908.0
20260112,여의도역,11,서울특별시,11680,강남구,1168010500,삼성동,11,서울특별시,11560,영등포구,1156011000,여의도동,08,45,16,1852.0
20260112,여의도역,11,서울특별시,11680,강남구,1168010500,삼성동,11,서울특별시,11560,영등포구,1156011000,여의도동,09,00,9,1844.0
20260112,여의도역,11,서울특별시,11680,강남구,1168010500,삼성동,11,서울특별시,11560,영등포구,1156011000,여의도동,09,15,12,1915.0
20260112,여의도역,11,서울특별시,11680,강남구,1168010500,삼성동,11,서울특별시,11560,영등포구,1156011000,여의도동,09,30,2,1792.0
20260112,여의도역,11,서울특별시,11680,강남구,1168010500,삼성동,11,서울특별시,11560,영등포구,1156011000,여의도동,09,45,7,1895.0
20260112,여의도역,11,서울특별시,11680,강남구,1168010500,삼성동,11,서울특별시,11560,영등포구,1156011000,여의도동,10,00,13,2330.0
20260112,여의도역,11,서울특별시,11680,강남구,1168010500,삼성동,11,서울특별시,11560,영등포구,1156011000,여의도동,10,15,11,2215.0
20260112,여의도역,11,서울특별시,11680,강남구,1168010500,삼성동,11,서울특별시,11560,영등포구,1156011000,여의도동,10,30,16,2085.0
20260112,여의도역,11,서울특별시,11680,강남구,1168010500,삼성동,11,서울특별시,11560,영등포구,1156011000,여의도동,10,45,17,1857.0
20260112,여의도역,11,서울특별시,11680,강남구,1168010500,삼성동,11,서울특별시,11560,영등포구,1156011000,여의도동,11,00,16,1906.0
20260112,여의도역,11,서울특별시,11680,강남구,1168010500,삼성동,11,서울특별시,11560,영등포구,1156011000,여의도동,11,15,18,1942.0
20260112,여의도역,11,서울특별시,11680,강남구,1168010500,삼성동,11,서울특별시,11560,영등포구,1156011000,여의도동,11,30,7,2120.0
20260112,여의도역,11,서울특별시,11680,강남구,1168010500,삼성동,11,서울특별시,11560,영등포구,1156011000,여의도동,11,45,7,2261.0
20260112,여의도역,11,서울특별시,11680,강남구,1168010500,삼성동,11,서울특별시,11560,영등포구,1156011000,여의도동,12,00,11,1790.0
20260112,여의도역,11,서울특별시,11680,강남구,1168010500,삼성동,11,서울특별시,11560,영등포구,1156011000,여의도동,12,15,9,2870.0
20260112,여의도역,11,서울특별시,11680,강남구,1168010500,삼성동,11,서울특별시,11560,영등포구,1156011000,여의도동,12,30,8,1835.0
20260112,여의도역,11,서울특별시,11680,강남구,1168010500,삼성동,11,서울특별시,11560,영등포구,1156011000,여의도동,12,45,22,2220.0
20260112,여의도역,11,서울특별시,11680,강남구,1168010600,대치동,11,서울특별시,11560,영등포구,1156011000,여의도동,06,00,7,2785.0
20260112,여의도역,11,서울특별시,11680,강남구,1168010600,대치동,11,서울특별시,11560,영등포구,1156011000,여의도동,06,15,14,2357.0
20260112,여의도역,11,서울특별시,11680,강남구,1168010600,대치동,11,서울특별시,11560,영등포구,1156011000,여의도동,06,30,29,2222.0
20260112,여의도역,11,서울특별시,11680,강남구,1168010600,대치동,11,서울특별시,11560,영등포구,1156011000,여의도동,06,45,44,2280.0
20260112,여의도역,11,서울특별시,11680,강남구,1168010600,대치동,11,서울특별시,11560,영등포구,1156011000,여의도동,07,00,71,2332.0
20260112,여의도역,11,서울특별시,11680,강남구,1168010600,대치동,11,서울특별시,11560,영등포구,1156011000,여의도동,07,15,45,2568.0
20260112,여의도역,11,서울특별시,11680,강남구,1168010600,대치동,11,서울특별시,11560,영등포구,1156011000,여의도동,07,30,41,2586.0
20260112,여의도역,11,서울특별시,11680,강남구,1168010600,대치동,11,서울특별시,11560,영등포구,1156011000,여의도동,07,45,55,2363.0
20260112,여의도역,11,서울특별시,11680,강남구,1168010600,대치동,11,서울특별시,11560,영등포구,1156011000,여의도동,08,00,41,2168.0
20260112,여의도역,11,서울특별시,11680,강남구,1168010600,대치동,11,서울특별시,11560,영등포구,1156011000,여의도동,08,15,35,2203.0
20260112,여의도역,11,서울특별시,11680,강남구,1168010600,대치동,11,서울특별시,11560,영등포구,1156011000,여의도동,08,30,19,2176.0
20260112,여의도역,11,서울특별시,11680,강남구,1168010600,대치동,11,서울특별시,11560,영등포구,1156011000,여의도동,08,45,19,2183.0
20260112,여의도역,11,서울특별시,11680,강남구,1168010600,대치동,11,서울특별시,11560,영등포구,1156011000,여의도동,09,00,13,2043.0
20260112,여의도역,11,서울특별시,11680,강남구,1168010600,대치동,11,서울특별시,11560,영등포구,1156011000,여의도동,09,15,9,2415.0
20260112,여의도역,11,서울특별시,11680,강남구,1168010600,대치동,11,서울특별시,11560,영등포구,1156011000,여의도동,09,30,6,2272.0
20260112,여의도역,11,서울특별시,11680,강남구,1168010600,대치동,11,서울특별시,11560,영등포구,1156011000,여의도동,09,45,2,2055.0
20260112,여의도역,11,서울특별시,11680,강남구,1168010600,대치동,11,서울특별시,11560,영등포구,1156011000,여의도동,10,00,2,2183.0
20260112,여의도역,11,서울특별시,11680,강남구,1168010600,대치동,11,서울특별시,11560,영등포구,1156011000,여의도동,10,15,5,2385.0
20260112,여의도역,11,서울특별시,11680,강남구,1168010600,대치동,11,서울특별시,11560,영등포구,1156011000,여의도동,10,30,2,2257.0
20260112,여의도역,11,서울특별시,11680,강남구,1168010600,대치동,11,서울특별시,11560,영등포구,1156011000,여의도동,10,45,4,2039.0
20260112,여의도역,11,서울특별시,11680,강남구,1168010600,대치동,11,서울특별시,11560,영등포구,1156011000,여의도동,11,00,4,2597.0
20260112,여의도역,11,서울특별시,11680,강남구,1168010600,대치동,11,서울특별시,11560,영등포구,1156011000,여의도동,11,15,4,2497.0
20260112,여의도역,11,서울특별시,11680,강남구,1168010600,대치동,11,서울특별시,11560,영등포구,1156011000,여의도동,11,30,1,1745.0
20260112,여의도역,11,서울특별시,11680,강남구,1168010600,대치동,11,서울특별시,11560,영등포구,1156011000,여의도동,11,45,2,2435.0
20260112,여의도역,11,서울특별시,11680,강남구,1168010600,대치동,11,서울특별시,11560,영등포구,1156011000,여의도동,12,00,3,2790.0
20260112,여의도역,11,서울특별시,11680,강남구,1168010600,대치동,11,서울특별시,11560,영등포구,1156011000,여의도동,12,15,1,2644.0
20260112,여의도역,11,서울특별시,11680,강남구,1168010600,대치동,11,서울특별시,11560,영등포구,1156011000,여의도동,12,30,3,2132.0
20260112,여의도역,11,서울특별시,11680,강남구,1168010600,대치동,11,서울특별시,11560,영등포구,1156011000,여의도동,12,45,4,2054.0
20260112,여의도역,11,서울특별시,11680,강남구,1168010700,신사동,11,서울특별시,11560,영등포구,1156011000,여의도동,06,00,2,2034.0
20260112,여의도역,11,서울특별시,11680,강남구,1168010700,신사동,11,서울특별시,11560,영등포구,1156011000,여의도동,06,30,2,2036.0
20260112,여의도역,11,서울특별시,11680,강남구,1168010700,신사동,11,서울특별시,11560,영등포구,1156011000,여의도동,06,45,7,1944.0
20260112,여의도역,11,서울특별시,11680,강남구,1168010700,신사동,11,서울특별시,11560,영등포구,1156011000,여의도동,07,00,10,1849.0
20260112,여의도역,11,서울특별시,11680,강남구,1168010700,신사동,11,서울특별시,11560,영등포구,1156011000,여의도동,07,15,13,1984.0
20260112,여의도역,11,서울특별시,11680,강남구,1168010700,신사동,11,서울특별시,11560,영등포구,1156011000,여의도동,07,30,8,2215.0
20260112,여의도역,11,서울특별시,11680,강남구,1168010700,신사동,11,서울특별시,11560,영등포구,1156011000,여의도동,07,45,10,1837.0
20260112,여의도역,11,서울특별시,11680,강남구,1168010700,신사동,11,서울특별시,11560,영등포구,1156011000,여의도동,08,00,18,1958.0
20260112,여의도역,11,서울특별시,11680,강남구,1168010700,신사동,11,서울특별시,11560,영등포구,1156011000,여의도동,08,15,14,1865.0
20260112,여의도역,11,서울특별시,11680,강남구,1168010700,신사동,11,서울특별시,11560,영등포구,1156011000,여의도동,08,30,8,1914.0
20260112,여의도역,11,서울특별시,11680,강남구,1168010700,신사동,11,서울특별시,11560,영등포구,1156011000,여의도동,08,45,7,2012.0
20260112,여의도역,11,서울특별시,11680,강남구,1168010700,신사동,11,서울특별시,11560,영등포구,1156011000,여의도동,09,00,6,1482.0
20260112,여의도역,11,서울특별시,11680,강남구,1168010700,신사동,11,서울특별시,11560,영등포구,1156011000,여의도동,09,15,6,1714.0
20260112,여의도역,11,서울특별시,11680,강남구,1168010700,신사동,11,서울특별시,11560,영등포구,1156011000,여의도동,09,30,3,2129.0
20260112,여의도역,11,서울특별시,11680,강남구,1168010700,신사동,11,서울특별시,11560,영등포구,1156011000,여의도동,09,45,3,1684.0
20260112,여의도역,11,서울특별시,11680,강남구,1168010700,신사동,11,서울특별시,11560,영등포구,1156011000,여의도동,10,00,2,1828.0
20260112,여의도역,11,서울특별시,11680,강남구,1168010700,신사동,11,서울특별시,11560,영등포구,1156011000,여의도동,10,15,6,2059.0
20260112,여의도역,11,서울특별시,11680,강남구,1168010700,신사동,11,서울특별시,11560,영등포구,1156011000,여의도동,10,30,4,1823.0
20260112,여의도역,11,서울특별시,11680,강남구,1168010700,신사동,11,서울특별시,11560,영등포구,1156011000,여의도동,10,45,5,1881.0
20260112,여의도역,11,서울특별시,11680,강남구,1168010700,신사동,11,서울특별시,11560,영등포구,1156011000,여의도동,11,00,1,1849.0
20260112,여의도역,11,서울특별시,11680,강남구,1168010700,신사동,11,서울특별시,11560,영등포구,1156011000,여의도동,11,15,3,1611.0
20260112,여의도역,11,서울특별시,11680,강남구,1168010700,신사동,11,서울특별시,11560,영등포구,1156011000,여의도동,11,30,7,2700.0
20260112,여의도역,11,서울특별시,11680,강남구,1168010700,신사동,11,서울특별시,11560,영등포구,1156011000,여의도동,11,45,3,2416.0
20260112,여의도역,11,서울특별시,11680,강남구,1168010700,신사동,11,서울특별시,11560,영등포구,1156011000,여의도동,12,00,2,1601.0
20260112,여의도역,11,서울특별시,11680,강남구,1168010700,신사동,11,서울특별시,11560,영등포구,1156011000,여의도동,12,15,4,1958.0
20260112,여의도역,11,서울특별시,11680,강남구,1168010700,신사동,11,서울특별시,11560,영등포구,1156011000,여의도동,12,30,8,2705.0
20260112,여의도역,11,서울특별시,11680,강남구,1168010700,신사동,11,서울특별시,11560,영등포구,1156011000,여의도동,12,45,14,2120.0
20260112,여의도역,11,서울특별시,11680,강남구,1168010800,논현동,11,서울특별시,11560,영등포구,1156011000,여의도동,06,00,4,1859.0
20260112,여의도역,11,서울특별시,11680,강남구,1168010800,논현동,11,서울특별시,11560,영등포구,1156011000,여의도동,06,15,2,2196.0
20260112,여의도역,11,서울특별시,11680,강남구,1168010800,논현동,11,서울특별시,11560,영등포구,1156011000,여의도동,06,30,8,1636.0
20260112,여의도역,11,서울특별시,11680,강남구,1168010800,논현동,11,서울특별시,11560,영등포구,1156011000,여의도동,06,45,17,1521.0
20260112,여의도역,11,서울특별시,11680,강남구,1168010800,논현동,11,서울특별시,11560,영등포구,1156011000,여의도동,07,00,21,1631.0
20260112,여의도역,11,서울특별시,11680,강남구,1168010800,논현동,11,서울특별시,11560,영등포구,1156011000,여의도동,07,15,30,1762.0
20260112,여의도역,11,서울특별시,11680,강남구,1168010800,논현동,11,서울특별시,11560,영등포구,1156011000,여의도동,07,30,28,1765.0
20260112,여의도역,11,서울특별시,11680,강남구,1168010800,논현동,11,서울특별시,11560,영등포구,1156011000,여의도동,07,45,25,1907.0
20260112,여의도역,11,서울특별시,11680,강남구,1168010800,논현동,11,서울특별시,11560,영등포구,1156011000,여의도동,08,00,22,1647.0
20260112,여의도역,11,서울특별시,11680,강남구,1168010800,논현동,11,서울특별시,11560,영등포구,1156011000,여의도동,08,15,30,1561.0
20260112,여의도역,11,서울특별시,11680,강남구,1168010800,논현동,11,서울특별시,11560,영등포구,1156011000,여의도동,08,30,10,1512.0
20260112,여의도역,11,서울특별시,11680,강남구,1168010800,논현동,11,서울특별시,11560,영등포구,1156011000,여의도동,08,45,17,1537.0
20260112,여의도역,11,서울특별시,11680,강남구,1168010800,논현동,11,서울특별시,11560,영등포구,1156011000,여의도동,09,00,17,1634.0
20260112,여의도역,11,서울특별시,11680,강남구,1168010800,논현동,11,서울특별시,11560,영등포구,1156011000,여의도동,09,15,14,1568.0
20260112,여의도역,11,서울특별시,11680,강남구,1168010800,논현동,11,서울특별시,11560,영등포구,1156011000,여의도동,09,30,7,1593.0
20260112,여의도역,11,서울특별시,11680,강남구,1168010800,논현동,11,서울특별시,11560,영등포구,1156011000,여의도동,09,45,6,1614.0
20260112,여의도역,11,서울특별시,11680,강남구,1168010800,논현동,11,서울특별시,11560,영등포구,1156011000,여의도동,10,00,1,1306.0
20260112,여의도역,11,서울특별시,11680,강남구,1168010800,논현동,11,서울특별시,11560,영등포구,1156011000,여의도동,10,15,12,1777.0
20260112,여의도역,11,서울특별시,11680,강남구,1168010800,논현동,11,서울특별시,11560,영등포구,1156011000,여의도동,10,30,6,1962.0
20260112,여의도역,11,서울특별시,11680,강남구,1168010800,논현동,11,서울특별시,11560,영등포구,1156011000,여의도동,10,45,5,1678.0
20260112,여의도역,11,서울특별시,11680,강남구,1168010800,논현동,11,서울특별시,11560,영등포구,1156011000,여의도동,11,00,3,1896.0
20260112,여의도역,11,서울특별시,11680,강남구,1168010800,논현동,11,서울특별시,11560,영등포구,1156011000,여의도동,11,15,7,1573.0
20260112,여의도역,11,서울특별시,11680,강남구,1168010800,논현동,11,서울특별시,11560,영등포구,1156011000,여의도동,11,30,7,1784.0
20260112,여의도역,11,서울특별시,11680,강남구,1168010800,논현동,11,서울특별시,11560,영등포구,1156011000,여의도동,11,45,2,2074.0
20260112,여의도역,11,서울특별시,11680,강남구,1168010800,논현동,11,서울특별시,11560,영등포구,1156011000,여의도동,12,00,10,1797.0
20260112,여의도역,11,서울특별시,11680,강남구,1168010800,논현동,11,서울특별시,11560,영등포구,1156011000,여의도동,12,15,11,1851.0
20260112,여의도역,11,서울특별시,11680,강남구,1168010800,논현동,11,서울특별시,11560,영등포구,1156011000,여의도동,12,30,12,2107.0
20260112,여의도역,11,서울특별시,11680,강남구,1168010800,논현동,11,서울특별시,11560,영등포구,1156011000,여의도동,12,45,10,1957.0
20260112,여의도역,11,서울특별시,11680,강남구,1168011000,압구정동,11,서울특별시,11560,영등포구,1156011000,여의도동,06,15,1,2411.0
20260112,여의도역,11,서울특별시,11680,강남구,1168011000,압구정동,11,서울특별시,11560,영등포구,1156011000,여의도동,06,30,1,2710.0
20260112,여의도역,11,서울특별시,11680,강남구,1168011000,압구정동,11,서울특별시,11560,영등포구,1156011000,여의도동,06,45,1,2126.0
20260112,여의도역,11,서울특별시,11680,강남구,1168011000,압구정동,11,서울특별시,11560,영등포구,1156011000,여의도동,07,00,5,2000.0
20260112,여의도역,11,서울특별시,11680,강남구,1168011000,압구정동,11,서울특별시,11560,영등포구,1156011000,여의도동,07,15,1,2736.0
20260112,여의도역,11,서울특별시,11680,강남구,1168011000,압구정동,11,서울특별시,11560,영등포구,1156011000,여의도동,07,30,1,1470.0
20260112,여의도역,11,서울특별시,11680,강남구,1168011000,압구정동,11,서울특별시,11560,영등포구,1156011000,여의도동,07,45,1,2681.0
20260112,여의도역,11,서울특별시,11680,강남구,1168011000,압구정동,11,서울특별시,11560,영등포구,1156011000,여의도동,08,00,3,2452.0
20260112,여의도역,11,서울특별시,11680,강남구,1168011000,압구정동,11,서울특별시,11560,영등포구,1156011000,여의도동,08,15,2,1869.0
20260112,여의도역,11,서울특별시,11680,강남구,1168011000,압구정동,11,서울특별시,11560,영등포구,1156011000,여의도동,08,45,2,1463.0
20260112,여의도역,11,서울특별시,11680,강남구,1168011000,압구정동,11,서울특별시,11560,영등포구,1156011000,여의도동,09,00,1,1818.0
20260112,여의도역,11,서울특별시,11680,강남구,1168011000,압구정동,11,서울특별시,11560,영등포구,1156011000,여의도동,09,30,1,2623.0
20260112,여의도역,11,서울특별시,11680,강남구,1168011000,압구정동,11,서울특별시,11560,영등포구,1156011000,여의도동,10,00,1,1770.0
20260112,여의도역,11,서울특별시,11680,강남구,1168011000,압구정동,11,서울특별시,11560,영등포구,1156011000,여의도동,11,30,1,1538.0
20260112,여의도역,11,서울특별시,11680,강남구,1168011100,세곡동,11,서울특별시,11560,영등포구,1156011000,여의도동,06,15,2,3679.0
20260112,여의도역,11,서울특별시,11680,강남구,1168011100,세곡동,11,서울특별시,11560,영등포구,1156011000,여의도동,06,30,5,3033.0
20260112,여의도역,11,서울특별시,11680,강남구,1168011100,세곡동,11,서울특별시,11560,영등포구,1156011000,여의도동,06,45,4,3623.0
20260112,여의도역,11,서울특별시,11680,강남구,1168011100,세곡동,11,서울특별시,11560,영등포구,1156011000,여의도동,07,00,4,3653.0
20260112,여의도역,11,서울특별시,11680,강남구,1168011100,세곡동,11,서울특별시,11560,영등포구,1156011000,여의도동,07,15,4,3454.0
20260112,여의도역,11,서울특별시,11680,강남구,1168011100,세곡동,11,서울특별시,11560,영등포구,1156011000,여의도동,07,30,1,3649.0
20260112,여의도역,11,서울특별시,11680,강남구,1168011100,세곡동,11,서울특별시,11560,영등포구,1156011000,여의도동,07,45,3,3156.0
20260112,여의도역,11,서울특별시,11680,강남구,1168011100,세곡동,11,서울특별시,11560,영등포구,1156011000,여의도동,08,00,1,4109.0
20260112,여의도역,11,서울특별시,11680,강남구,1168011100,세곡동,11,서울특별시,11560,영등포구,1156011000,여의도동,08,15,3,3473.0
20260112,여의도역,11,서울특별시,11680,강남구,1168011100,세곡동,11,서울특별시,11560,영등포구,1156011000,여의도동,08,30,2,3619.0
20260112,여의도역,11,서울특별시,11680,강남구,1168011100,세곡동,11,서울특별시,11560,영등포구,1156011000,여의도동,09,00,1,3062.0
20260112,여의도역,11,서울특별시,11680,강남구,1168011100,세곡동,11,서울특별시,11560,영등포구,1156011000,여의도동,09,30,1,3499.0
20260112,여의도역,11,서울특별시,11680,강남구,1168011100,세곡동,11,서울특별시,11560,영등포구,1156011000,여의도동,10,30,1,3672.0
20260112,여의도역,11,서울특별시,11680,강남구,1168011100,세곡동,11,서울특별시,11560,영등포구,1156011000,여의도동,10,45,1,3590.0
20260112,여의도역,11,서울특별시,11680,강남구,1168011200,자곡동,11,서울특별시,11560,영등포구,1156011000,여의도동,06,15,9,3436.0
20260112,여의도역,11,서울특별시,11680,강남구,1168011200,자곡동,11,서울특별시,11560,영등포구,1156011000,여의도동,06,30,3,3579.0
20260112,여의도역,11,서울특별시,11680,강남구,1168011200,자곡동,11,서울특별시,11560,영등포구,1156011000,여의도동,06,45,10,3165.0
20260112,여의도역,11,서울특별시,11680,강남구,1168011200,자곡동,11,서울특별시,11560,영등포구,1156011000,여의도동,07,00,11,3399.0
20260112,여의도역,11,서울특별시,11680,강남구,1168011200,자곡동,11,서울특별시,11560,영등포구,1156011000,여의도동,07,15,8,3462.0
20260112,여의도역,11,서울특별시,11680,강남구,1168011200,자곡동,11,서울특별시,11560,영등포구,1156011000,여의도동,07,30,13,3317.0
20260112,여의도역,11,서울특별시,11680,강남구,1168011200,자곡동,11,서울특별시,11560,영등포구,1156011000,여의도동,07,45,8,3173.0
20260112,여의도역,11,서울특별시,11680,강남구,1168011200,자곡동,11,서울특별시,11560,영등포구,1156011000,여의도동,08,00,5,2961.0
20260112,여의도역,11,서울특별시,11680,강남구,1168011200,자곡동,11,서울특별시,11560,영등포구,1156011000,여의도동,08,15,2,3223.0
20260112,여의도역,11,서울특별시,11680,강남구,1168011200,자곡동,11,서울특별시,11560,영등포구,1156011000,여의도동,08,30,1,3094.0
20260112,여의도역,11,서울특별시,11680,강남구,1168011200,자곡동,11,서울특별시,11560,영등포구,1156011000,여의도동,08,45,4,4003.0
20260112,여의도역,11,서울특별시,11680,강남구,1168011200,자곡동,11,서울특별시,11560,영등포구,1156011000,여의도동,09,00,1,2414.0
20260112,여의도역,11,서울특별시,11680,강남구,1168011200,자곡동,11,서울특별시,11560,영등포구,1156011000,여의도동,09,30,2,2906.0
20260112,여의도역,11,서울특별시,11680,강남구,1168011200,자곡동,11,서울특별시,11560,영등포구,1156011000,여의도동,09,45,1,2734.0
20260112,여의도역,11,서울특별시,11680,강남구,1168011200,자곡동,11,서울특별시,11560,영등포구,1156011000,여의도동,10,00,1,3423.0
20260112,여의도역,11,서울특별시,11680,강남구,1168011200,자곡동,11,서울특별시,11560,영등포구,1156011000,여의도동,10,30,1,3168.0
20260112,여의도역,11,서울특별시,11680,강남구,1168011200,자곡동,11,서울특별시,11560,영등포구,1156011000,여의도동,11,45,1,3797.0
20260112,여의도역,11,서울특별시,11680,강남구,1168011200,자곡동,11,서울특별시,11560,영등포구,1156011000,여의도동,12,00,1,3300.0
20260112,여의도역,11,서울특별시,11680,강남구,1168011200,자곡동,11,서울특별시,11560,영등포구,1156011000,여의도동,12,30,1,3056.0
20260112,여의도역,11,서울특별시,11680,강남구,1168011300,율현동,11,서울특별시,11560,영등포구,1156011000,여의도동,06,15,1,3025.0
20260112,여의도역,11,서울특별시,11680,강남구,1168011300,율현동,11,서울특별시,11560,영등포구,1156011000,여의도동,06,30,1,2705.0
20260112,여의도역,11,서울특별시,11680,강남구,1168011300,율현동,11,서울특별시,11560,영등포구,1156011000,여의도동,06,45,1,2988.0
20260112,여의도역,11,서울특별시,11680,강남구,1168011300,율현동,11,서울특별시,11560,영등포구,1156011000,여의도동,07,00,1,3326.0
20260112,여의도역,11,서울특별시,11680,강남구,1168011300,율현동,11,서울특별시,11560,영등포구,1156011000,여의도동,07,15,1,3527.0
20260112,여의도역,11,서울특별시,11680,강남구,1168011300,율현동,11,서울특별시,11560,영등포구,1156011000,여의도동,07,45,1,3309.0
20260112,여의도역,11,서울특별시,11680,강남구,1168011300,율현동,11,서울특별시,11560,영등포구,1156011000,여의도동,08,00,1,3299.0
20260112,여의도역,11,서울특별시,11680,강남구,1168011300,율현동,11,서울특별시,11560,영등포구,1156011000,여의도동,08,30,1,3398.0
20260112,여의도역,11,서울특별시,11680,강남구,1168011300,율현동,11,서울특별시,11560,영등포구,1156011000,여의도동,08,45,1,2609.0
20260112,여의도역,11,서울특별시,11680,강남구,1168011300,율현동,11,서울특별시,11560,영등포구,1156011000,여의도동,10,00,1,2987.0
20260112,여의도역,11,서울특별시,11680,강남구,1168011400,일원동,11,서울특별시,11560,영등포구,1156011000,여의도동,06,00,6,2632.0
20260112,여의도역,11,서울특별시,11680,강남구,1168011400,일원동,11,서울특별시,11560,영등포구,1156011000,여의도동,06,15,11,2680.0
20260112,여의도역,11,서울특별시,11680,강남구,1168011400,일원동,11,서울특별시,11560,영등포구,1156011000,여의도동,06,30,15,2411.0
20260112,여의도역,11,서울특별시,11680,강남구,1168011400,일원동,11,서울특별시,11560,영등포구,1156011000,여의도동,06,45,31,2566.0
20260112,여의도역,11,서울특별시,11680,강남구,1168011400,일원동,11,서울특별시,11560,영등포구,1156011000,여의도동,07,00,23,2673.0
20260112,여의도역,11,서울특별시,11680,강남구,1168011400,일원동,11,서울특별시,11560,영등포구,1156011000,여의도동,07,15,29,2907.0
20260112,여의도역,11,서울특별시,11680,강남구,1168011400,일원동,11,서울특별시,11560,영등포구,1156011000,여의도동,07,30,42,2754.0
20260112,여의도역,11,서울특별시,11680,강남구,1168011400,일원동,11,서울특별시,11560,영등포구,1156011000,여의도동,07,45,31,2620.0
20260112,여의도역,11,서울특별시,11680,강남구,1168011400,일원동,11,서울특별시,11560,영등포구,1156011000,여의도동,08,00,27,2495.0
20260112,여의도역,11,서울특별시,11680,강남구,1168011400,일원동,11,서울특별시,11560,영등포구,1156011000,여의도동,08,15,16,2476.0
20260112,여의도역,11,서울특별시,11680,강남구,1168011400,일원동,11,서울특별시,11560,영등포구,1156011000,여의도동,08,30,19,2439.0
20260112,여의도역,11,서울특별시,11680,강남구,1168011400,일원동,11,서울특별시,11560,영등포구,1156011000,여의도동,08,45,9,2353.0
20260112,여의도역,11,서울특별시,11680,강남구,1168011400,일원동,11,서울특별시,11560,영등포구,1156011000,여의도동,09,00,7,2461.0
20260112,여의도역,11,서울특별시,11680,강남구,1168011400,일원동,11,서울특별시,11560,영등포구,1156011000,여의도동,09,15,4,2552.0
20260112,여의도역,11,서울특별시,11680,강남구,1168011400,일원동,11,서울특별시,11560,영등포구,1156011000,여의도동,09,30,4,2368.0
20260112,여의도역,11,서울특별시,11680,강남구,1168011400,일원동,11,서울특별시,11560,영등포구,1156011000,여의도동,09,45,4,2467.0
20260112,여의도역,11,서울특별시,11680,강남구,1168011400,일원동,11,서울특별시,11560,영등포구,1156011000,여의도동,10,00,3,2606.0
20260112,여의도역,11,서울특별시,11680,강남구,1168011400,일원동,11,서울특별시,11560,영등포구,1156011000,여의도동,10,15,4,2704.0
20260112,여의도역,11,서울특별시,11680,강남구,1168011400,일원동,11,서울특별시,11560,영등포구,1156011000,여의도동,10,30,1,2599.0
20260112,여의도역,11,서울특별시,11680,강남구,1168011400,일원동,11,서울특별시,11560,영등포구,1156011000,여의도동,10,45,2,3076.0
20260112,여의도역,11,서울특별시,11680,강남구,1168011400,일원동,11,서울특별시,11560,영등포구,1156011000,여의도동,11,00,2,2551.0
20260112,여의도역,11,서울특별시,11680,강남구,1168011400,일원동,11,서울특별시,11560,영등포구,1156011000,여의도동,11,30,4,2342.0
20260112,여의도역,11,서울특별시,11680,강남구,1168011400,일원동,11,서울특별시,11560,영등포구,1156011000,여의도동,11,45,5,3133.0
20260112,여의도역,11,서울특별시,11680,강남구,1168011400,일원동,11,서울특별시,11560,영등포구,1156011000,여의도동,12,15,2,2506.0
20260112,여의도역,11,서울특별시,11680,강남구,1168011400,일원동,11,서울특별시,11560,영등포구,1156011000,여의도동,12,30,4,2445.0
20260112,여의도역,11,서울특별시,11680,강남구,1168011400,일원동,11,서울특별시,11560,영등포구,1156011000,여의도동,12,45,2,2493.0
20260112,여의도역,11,서울특별시,11680,강남구,1168011500,수서동,11,서울특별시,11560,영등포구,1156011000,여의도동,06,15,1,2631.0
20260112,여의도역,11,서울특별시,11680,강남구,1168011500,수서동,11,서울특별시,11560,영등포구,1156011000,여의도동,06,30,9,2802.0
20260112,여의도역,11,서울특별시,11680,강남구,1168011500,수서동,11,서울특별시,11560,영등포구,1156011000,여의도동,06,45,16,2733.0
20260112,여의도역,11,서울특별시,11680,강남구,1168011500,수서동,11,서울특별시,11560,영등포구,1156011000,여의도동,07,00,6,2940.0
20260112,여의도역,11,서울특별시,11680,강남구,1168011500,수서동,11,서울특별시,11560,영등포구,1156011000,여의도동,07,15,16,3178.0
20260112,여의도역,11,서울특별시,11680,강남구,1168011500,수서동,11,서울특별시,11560,영등포구,1156011000,여의도동,07,30,12,2990.0
20260112,여의도역,11,서울특별시,11680,강남구,1168011500,수서동,11,서울특별시,11560,영등포구,1156011000,여의도동,07,45,9,2825.0
20260112,여의도역,11,서울특별시,11680,강남구,1168011500,수서동,11,서울특별시,11560,영등포구,1156011000,여의도동,08,00,17,2655.0
20260112,여의도역,11,서울특별시,11680,강남구,1168011500,수서동,11,서울특별시,11560,영등포구,1156011000,여의도동,08,15,7,2590.0
20260112,여의도역,11,서울특별시,11680,강남구,1168011500,수서동,11,서울특별시,11560,영등포구,1156011000,여의도동,08,30,8,2675.0
20260112,여의도역,11,서울특별시,11680,강남구,1168011500,수서동,11,서울특별시,11560,영등포구,1156011000,여의도동,08,45,6,2783.0
20260112,여의도역,11,서울특별시,11680,강남구,1168011500,수서동,11,서울특별시,11560,영등포구,1156011000,여의도동,09,00,4,2789.0
20260112,여의도역,11,서울특별시,11680,강남구,1168011500,수서동,11,서울특별시,11560,영등포구,1156011000,여의도동,09,15,2,2684.0
20260112,여의도역,11,서울특별시,11680,강남구,1168011500,수서동,11,서울특별시,11560,영등포구,1156011000,여의도동,09,30,2,3358.0
20260112,여의도역,11,서울특별시,11680,강남구,1168011500,수서동,11,서울특별시,11560,영등포구,1156011000,여의도동,09,45,2,2776.0
20260112,여의도역,11,서울특별시,11680,강남구,1168011500,수서동,11,서울특별시,11560,영등포구,1156011000,여의도동,10,15,3,3075.0
20260112,여의도역,11,서울특별시,11680,강남구,1168011500,수서동,11,서울특별시,11560,영등포구,1156011000,여의도동,10,45,2,2781.0
20260112,여의도역,11,서울특별시,11680,강남구,1168011500,수서동,11,서울특별시,11560,영등포구,1156011000,여의도동,11,15,1,3288.0
20260112,여의도역,11,서울특별시,11680,강남구,1168011500,수서동,11,서울특별시,11560,영등포구,1156011000,여의도동,12,15,5,2887.0
20260112,여의도역,11,서울특별시,11680,강남구,1168011500,수서동,11,서울특별시,11560,영등포구,1156011000,여의도동,12,30,3,3218.0
20260112,여의도역,11,서울특별시,11680,강남구,1168011500,수서동,11,서울특별시,11560,영등포구,1156011000,여의도동,12,45,2,2932.0
20260112,여의도역,11,서울특별시,11680,강남구,1168011800,도곡동,11,서울특별시,11560,영등포구,1156011000,여의도동,06,00,12,2124.0
20260112,여의도역,11,서울특별시,11680,강남구,1168011800,도곡동,11,서울특별시,11560,영등포구,1156011000,여의도동,06,15,12,2163.0
20260112,여의도역,11,서울특별시,11680,강남구,1168011800,도곡동,11,서울특별시,11560,영등포구,1156011000,여의도동,06,30,21,1972.0
20260112,여의도역,11,서울특별시,11680,강남구,1168011800,도곡동,11,서울특별시,11560,영등포구,1156011000,여의도동,06,45,32,2158.0
20260112,여의도역,11,서울특별시,11680,강남구,1168011800,도곡동,11,서울특별시,11560,영등포구,1156011000,여의도동,07,00,51,2230.0
20260112,여의도역,11,서울특별시,11680,강남구,1168011800,도곡동,11,서울특별시,11560,영등포구,1156011000,여의도동,07,15,26,2187.0
20260112,여의도역,11,서울특별시,11680,강남구,1168011800,도곡동,11,서울특별시,11560,영등포구,1156011000,여의도동,07,30,42,2337.0
20260112,여의도역,11,서울특별시,11680,강남구,1168011800,도곡동,11,서울특별시,11560,영등포구,1156011000,여의도동,07,45,47,2200.0
20260112,여의도역,11,서울특별시,11680,강남구,1168011800,도곡동,11,서울특별시,11560,영등포구,1156011000,여의도동,08,00,51,2199.0
20260112,여의도역,11,서울특별시,11680,강남구,1168011800,도곡동,11,서울특별시,11560,영등포구,1156011000,여의도동,08,15,32,1999.0
20260112,여의도역,11,서울특별시,11680,강남구,1168011800,도곡동,11,서울특별시,11560,영등포구,1156011000,여의도동,08,30,26,2034.0
20260112,여의도역,11,서울특별시,11680,강남구,1168011800,도곡동,11,서울특별시,11560,영등포구,1156011000,여의도동,08,45,15,2004.0
20260112,여의도역,11,서울특별시,11680,강남구,1168011800,도곡동,11,서울특별시,11560,영등포구,1156011000,여의도동,09,00,12,2095.0
20260112,여의도역,11,서울특별시,11680,강남구,1168011800,도곡동,11,서울특별시,11560,영등포구,1156011000,여의도동,09,15,12,2121.0
20260112,여의도역,11,서울특별시,11680,강남구,1168011800,도곡동,11,서울특별시,11560,영등포구,1156011000,여의도동,09,30,4,2268.0
20260112,여의도역,11,서울특별시,11680,강남구,1168011800,도곡동,11,서울특별시,11560,영등포구,1156011000,여의도동,09,45,3,2134.0
20260112,여의도역,11,서울특별시,11680,강남구,1168011800,도곡동,11,서울특별시,11560,영등포구,1156011000,여의도동,10,00,6,2267.0
20260112,여의도역,11,서울특별시,11680,강남구,1168011800,도곡동,11,서울특별시,11560,영등포구,1156011000,여의도동,10,15,4,2328.0
20260112,여의도역,11,서울특별시,11680,강남구,1168011800,도곡동,11,서울특별시,11560,영등포구,1156011000,여의도동,10,30,12,2334.0
20260112,여의도역,11,서울특별시,11680,강남구,1168011800,도곡동,11,서울특별시,11560,영등포구,1156011000,여의도동,10,45,6,2398.0
20260112,여의도역,11,서울특별시,11680,강남구,1168011800,도곡동,11,서울특별시,11560,영등포구,1156011000,여의도동,11,00,1,2359.0
20260112,여의도역,11,서울특별시,11680,강남구,1168011800,도곡동,11,서울특별시,11560,영등포구,1156011000,여의도동,11,30,2,2604.0
20260112,여의도역,11,서울특별시,11680,강남구,1168011800,도곡동,11,서울특별시,11560,영등포구,1156011000,여의도동,11,45,2,1949.0
20260112,여의도역,11,서울특별시,11680,강남구,1168011800,도곡동,11,서울특별시,11560,영등포구,1156011000,여의도동,12,00,2,2369.0
20260112,여의도역,11,서울특별시,11680,강남구,1168011800,도곡동,11,서울특별시,11560,영등포구,1156011000,여의도동,12,15,4,2015.0
20260112,여의도역,11,서울특별시,11680,강남구,1168011800,도곡동,11,서울특별시,11560,영등포구,1156011000,여의도동,12,30,5,2525.0
20260112,여의도역,11,서울특별시,11680,강남구,1168011800,도곡동,11,서울특별시,11560,영등포구,1156011000,여의도동,12,45,6,2270.0
20260112,여의도역,11,서울특별시,11710,송파구,1171010100,잠실동,11,서울특별시,11560,영등포구,1156011000,여의도동,06,00,14,2337.0
20260112,여의도역,11,서울특별시,11710,송파구,1171010100,잠실동,11,서울특별시,11560,영등포구,1156011000,여의도동,06,15,17,2341.0
20260112,여의도역,11,서울특별시,11710,송파구,1171010100,잠실동,11,서울특별시,11560,영등포구,1156011000,여의도동,06,30,40,2123.0
20260112,여의도역,11,서울특별시,11710,송파구,1171010100,잠실동,11,서울특별시,11560,영등포구,1156011000,여의도동,06,45,66,2241.0
20260112,여의도역,11,서울특별시,11710,송파구,1171010100,잠실동,11,서울특별시,11560,영등포구,1156011000,여의도동,07,00,77,2242.0
20260112,여의도역,11,서울특별시,11710,송파구,1171010100,잠실동,11,서울특별시,11560,영등포구,1156011000,여의도동,07,15,71,2193.0
20260112,여의도역,11,서울특별시,11710,송파구,1171010100,잠실동,11,서울특별시,11560,영등포구,1156011000,여의도동,07,30,78,2402.0
20260112,여의도역,11,서울특별시,11710,송파구,1171010100,잠실동,11,서울특별시,11560,영등포구,1156011000,여의도동,07,45,106,2272.0
20260112,여의도역,11,서울특별시,11710,송파구,1171010100,잠실동,11,서울특별시,11560,영등포구,1156011000,여의도동,08,00,83,2046.0
20260112,여의도역,11,서울특별시,11710,송파구,1171010100,잠실동,11,서울특별시,11560,영등포구,1156011000,여의도동,08,15,50,2062.0
20260112,여의도역,11,서울특별시,11710,송파구,1171010100,잠실동,11,서울특별시,11560,영등포구,1156011000,여의도동,08,30,35,2130.0
20260112,여의도역,11,서울특별시,11710,송파구,1171010100,잠실동,11,서울특별시,11560,영등포구,1156011000,여의도동,08,45,30,2027.0
20260112,여의도역,11,서울특별시,11710,송파구,1171010100,잠실동,11,서울특별시,11560,영등포구,1156011000,여의도동,09,00,30,2074.0
20260112,여의도역,11,서울특별시,11710,송파구,1171010100,잠실동,11,서울특별시,11560,영등포구,1156011000,여의도동,09,15,13,2080.0
20260112,여의도역,11,서울특별시,11710,송파구,1171010100,잠실동,11,서울특별시,11560,영등포구,1156011000,여의도동,09,30,10,2172.0
20260112,여의도역,11,서울특별시,11710,송파구,1171010100,잠실동,11,서울특별시,11560,영등포구,1156011000,여의도동,09,45,14,2085.0
20260112,여의도역,11,서울특별시,11710,송파구,1171010100,잠실동,11,서울특별시,11560,영등포구,1156011000,여의도동,10,00,14,2395.0
20260112,여의도역,11,서울특별시,11710,송파구,1171010100,잠실동,11,서울특별시,11560,영등포구,1156011000,여의도동,10,15,12,2596.0
20260112,여의도역,11,서울특별시,11710,송파구,1171010100,잠실동,11,서울특별시,11560,영등포구,1156011000,여의도동,10,30,7,2612.0
20260112,여의도역,11,서울특별시,11710,송파구,1171010100,잠실동,11,서울특별시,11560,영등포구,1156011000,여의도동,10,45,8,1709.0
20260112,여의도역,11,서울특별시,11710,송파구,1171010100,잠실동,11,서울특별시,11560,영등포구,1156011000,여의도동,11,00,6,2117.0
20260112,여의도역,11,서울특별시,11710,송파구,1171010100,잠실동,11,서울특별시,11560,영등포구,1156011000,여의도동,11,15,3,1999.0
20260112,여의도역,11,서울특별시,11710,송파구,1171010100,잠실동,11,서울특별시,11560,영등포구,1156011000,여의도동,11,30,1,2432.0
20260112,여의도역,11,서울특별시,11710,송파구,1171010100,잠실동,11,서울특별시,11560,영등포구,1156011000,여의도동,11,45,7,2473.0
20260112,여의도역,11,서울특별시,11710,송파구,1171010100,잠실동,11,서울특별시,11560,영등포구,1156011000,여의도동,12,00,8,2279.0
20260112,여의도역,11,서울특별시,11710,송파구,1171010100,잠실동,11,서울특별시,11560,영등포구,1156011000,여의도동,12,15,5,2513.0
20260112,여의도역,11,서울특별시,11710,송파구,1171010100,잠실동,11,서울특별시,11560,영등포구,1156011000,여의도동,12,30,8,2293.0
20260112,여의도역,11,서울특별시,11710,송파구,1171010100,잠실동,11,서울특별시,11560,영등포구,1156011000,여의도동,12,45,6,2288.0
20260112,여의도역,11,서울특별시,11710,송파구,1171010200,신천동,11,서울특별시,11560,영등포구,1156011000,여의도동,06,00,5,2915.0
20260112,여의도역,11,서울특별시,11710,송파구,1171010200,신천동,11,서울특별시,11560,영등포구,1156011000,여의도동,06,15,7,2924.0
20260112,여의도역,11,서울특별시,11710,송파구,1171010200,신천동,11,서울특별시,11560,영등포구,1156011000,여의도동,06,30,13,2444.0
20260112,여의도역,11,서울특별시,11710,송파구,1171010200,신천동,11,서울특별시,11560,영등포구,1156011000,여의도동,06,45,14,2827.0
20260112,여의도역,11,서울특별시,11710,송파구,1171010200,신천동,11,서울특별시,11560,영등포구,1156011000,여의도동,07,00,23,2446.0
20260112,여의도역,11,서울특별시,11710,송파구,1171010200,신천동,11,서울특별시,11560,영등포구,1156011000,여의도동,07,15,26,2771.0
20260112,여의도역,11,서울특별시,11710,송파구,1171010200,신천동,11,서울특별시,11560,영등포구,1156011000,여의도동,07,30,19,2758.0
20260112,여의도역,11,서울특별시,11710,송파구,1171010200,신천동,11,서울특별시,11560,영등포구,1156011000,여의도동,07,45,30,2681.0
20260112,여의도역,11,서울특별시,11710,송파구,1171010200,신천동,11,서울특별시,11560,영등포구,1156011000,여의도동,08,00,27,2405.0
20260112,여의도역,11,서울특별시,11710,송파구,1171010200,신천동,11,서울특별시,11560,영등포구,1156011000,여의도동,08,15,17,2488.0
20260112,여의도역,11,서울특별시,11710,송파구,1171010200,신천동,11,서울특별시,11560,영등포구,1156011000,여의도동,08,30,10,2645.0
20260112,여의도역,11,서울특별시,11710,송파구,1171010200,신천동,11,서울특별시,11560,영등포구,1156011000,여의도동,08,45,8,2615.0
20260112,여의도역,11,서울특별시,11710,송파구,1171010200,신천동,11,서울특별시,11560,영등포구,1156011000,여의도동,09,00,8,2479.0
20260112,여의도역,11,서울특별시,11710,송파구,1171010200,신천동,11,서울특별시,11560,영등포구,1156011000,여의도동,09,15,4,2848.0
20260112,여의도역,11,서울특별시,11710,송파구,1171010200,신천동,11,서울특별시,11560,영등포구,1156011000,여의도동,09,30,5,2513.0
20260112,여의도역,11,서울특별시,11710,송파구,1171010200,신천동,11,서울특별시,11560,영등포구,1156011000,여의도동,09,45,3,2884.0
20260112,여의도역,11,서울특별시,11710,송파구,1171010200,신천동,11,서울특별시,11560,영등포구,1156011000,여의도동,10,00,3,2733.0
20260112,여의도역,11,서울특별시,11710,송파구,1171010200,신천동,11,서울특별시,11560,영등포구,1156011000,여의도동,10,15,4,2720.0
20260112,여의도역,11,서울특별시,11710,송파구,1171010200,신천동,11,서울특별시,11560,영등포구,1156011000,여의도동,10,30,4,2659.0
20260112,여의도역,11,서울특별시,11710,송파구,1171010200,신천동,11,서울특별시,11560,영등포구,1156011000,여의도동,10,45,4,2862.0
20260112,여의도역,11,서울특별시,11710,송파구,1171010200,신천동,11,서울특별시,11560,영등포구,1156011000,여의도동,11,00,5,2675.0
20260112,여의도역,11,서울특별시,11710,송파구,1171010200,신천동,11,서울특별시,11560,영등포구,1156011000,여의도동,11,15,5,2710.0
20260112,여의도역,11,서울특별시,11710,송파구,1171010200,신천동,11,서울특별시,11560,영등포구,1156011000,여의도동,11,30,1,2701.0
20260112,여의도역,11,서울특별시,11710,송파구,1171010200,신천동,11,서울특별시,11560,영등포구,1156011000,여의도동,11,45,3,2785.0
20260112,여의도역,11,서울특별시,11710,송파구,1171010200,신천동,11,서울특별시,11560,영등포구,1156011000,여의도동,12,00,4,2531.0
20260112,여의도역,11,서울특별시,11710,송파구,1171010200,신천동,11,서울특별시,11560,영등포구,1156011000,여의도동,12,15,4,2501.0
20260112,여의도역,11,서울특별시,11710,송파구,1171010200,신천동,11,서울특별시,11560,영등포구,1156011000,여의도동,12,30,6,2970.0
20260112,여의도역,11,서울특별시,11710,송파구,1171010200,신천동,11,서울특별시,11560,영등포구,1156011000,여의도동,12,45,5,2429.0
20260112,여의도역,11,서울특별시,11710,송파구,1171010300,풍납동,11,서울특별시,11560,영등포구,1156011000,여의도동,06,00,2,3060.0
20260112,여의도역,11,서울특별시,11710,송파구,1171010300,풍납동,11,서울특별시,11560,영등포구,1156011000,여의도동,06,15,3,3179.0
20260112,여의도역,11,서울특별시,11710,송파구,1171010300,풍납동,11,서울특별시,11560,영등포구,1156011000,여의도동,06,30,11,3043.0
20260112,여의도역,11,서울특별시,11710,송파구,1171010300,풍납동,11,서울특별시,11560,영등포구,1156011000,여의도동,06,45,33,3071.0
20260112,여의도역,11,서울특별시,11710,송파구,1171010300,풍납동,11,서울특별시,11560,영등포구,1156011000,여의도동,07,00,18,3121.0
20260112,여의도역,11,서울특별시,11710,송파구,1171010300,풍납동,11,서울특별시,11560,영등포구,1156011000,여의도동,07,15,23,3092.0
20260112,여의도역,11,서울특별시,11710,송파구,1171010300,풍납동,11,서울특별시,11560,영등포구,1156011000,여의도동,07,30,23,3102.0
20260112,여의도역,11,서울특별시,11710,송파구,1171010300,풍납동,11,서울특별시,11560,영등포구,1156011000,여의도동,07,45,32,3070.0
20260112,여의도역,11,서울특별시,11710,송파구,1171010300,풍납동,11,서울특별시,11560,영등포구,1156011000,여의도동,08,00,14,2950.0
20260112,여의도역,11,서울특별시,11710,송파구,1171010300,풍납동,11,서울특별시,11560,영등포구,1156011000,여의도동,08,15,12,2931.0
20260112,여의도역,11,서울특별시,11710,송파구,1171010300,풍납동,11,서울특별시,11560,영등포구,1156011000,여의도동,08,30,8,2941.0
20260112,여의도역,11,서울특별시,11710,송파구,1171010300,풍납동,11,서울특별시,11560,영등포구,1156011000,여의도동,08,45,9,2994.0
20260112,여의도역,11,서울특별시,11710,송파구,1171010300,풍납동,11,서울특별시,11560,영등포구,1156011000,여의도동,09,00,3,2831.0
20260112,여의도역,11,서울특별시,11710,송파구,1171010300,풍납동,11,서울특별시,11560,영등포구,1156011000,여의도동,09,15,1,2840.0
20260112,여의도역,11,서울특별시,11710,송파구,1171010300,풍납동,11,서울특별시,11560,영등포구,1156011000,여의도동,09,30,3,3770.0
20260112,여의도역,11,서울특별시,11710,송파구,1171010300,풍납동,11,서울특별시,11560,영등포구,1156011000,여의도동,09,45,4,2935.0
20260112,여의도역,11,서울특별시,11710,송파구,1171010300,풍납동,11,서울특별시,11560,영등포구,1156011000,여의도동,10,00,6,2978.0
20260112,여의도역,11,서울특별시,11710,송파구,1171010300,풍납동,11,서울특별시,11560,영등포구,1156011000,여의도동,10,15,3,2804.0
20260112,여의도역,11,서울특별시,11710,송파구,1171010300,풍납동,11,서울특별시,11560,영등포구,1156011000,여의도동,10,45,1,2853.0
20260112,여의도역,11,서울특별시,11710,송파구,1171010300,풍납동,11,서울특별시,11560,영등포구,1156011000,여의도동,11,00,5,2962.0
20260112,여의도역,11,서울특별시,11710,송파구,1171010300,풍납동,11,서울특별시,11560,영등포구,1156011000,여의도동,11,15,4,3034.0
20260112,여의도역,11,서울특별시,11710,송파구,1171010300,풍납동,11,서울특별시,11560,영등포구,1156011000,여의도동,11,30,2,3188.0
20260112,여의도역,11,서울특별시,11710,송파구,1171010300,풍납동,11,서울특별시,11560,영등포구,1156011000,여의도동,11,45,2,2916.0
20260112,여의도역,11,서울특별시,11710,송파구,1171010300,풍납동,11,서울특별시,11560,영등포구,1156011000,여의도동,12,00,1,2730.0
20260112,여의도역,11,서울특별시,11710,송파구,1171010300,풍납동,11,서울특별시,11560,영등포구,1156011000,여의도동,12,15,5,2831.0
20260112,여의도역,11,서울특별시,11710,송파구,1171010300,풍납동,11,서울특별시,11560,영등포구,1156011000,여의도동,12,30,3,3210.0
20260112,여의도역,11,서울특별시,11710,송파구,1171010300,풍납동,11,서울특별시,11560,영등포구,1156011000,여의도동,12,45,1,2825.0
20260112,여의도역,11,서울특별시,11710,송파구,1171010400,송파동,11,서울특별시,11560,영등포구,1156011000,여의도동,06,00,2,2773.0
20260112,여의도역,11,서울특별시,11710,송파구,1171010400,송파동,11,서울특별시,11560,영등포구,1156011000,여의도동,06,30,3,3024.0
20260112,여의도역,11,서울특별시,11710,송파구,1171010400,송파동,11,서울특별시,11560,영등포구,1156011000,여의도동,06,45,4,2383.0
20260112,여의도역,11,서울특별시,11710,송파구,1171010400,송파동,11,서울특별시,11560,영등포구,1156011000,여의도동,07,00,5,2732.0
20260112,여의도역,11,서울특별시,11710,송파구,1171010400,송파동,11,서울특별시,11560,영등포구,1156011000,여의도동,07,15,1,1991.0
20260112,여의도역,11,서울특별시,11710,송파구,1171010400,송파동,11,서울특별시,11560,영등포구,1156011000,여의도동,07,30,5,2535.0
20260112,여의도역,11,서울특별시,11710,송파구,1171010400,송파동,11,서울특별시,11560,영등포구,1156011000,여의도동,07,45,5,2494.0
20260112,여의도역,11,서울특별시,11710,송파구,1171010400,송파동,11,서울특별시,11560,영등포구,1156011000,여의도동,08,00,2,2080.0
20260112,여의도역,11,서울특별시,11710,송파구,1171010400,송파동,11,서울특별시,11560,영등포구,1156011000,여의도동,08,15,1,1971.0
20260112,여의도역,11,서울특별시,11710,송파구,1171010400,송파동,11,서울특별시,11560,영등포구,1156011000,여의도동,08,30,1,2432.0
20260112,여의도역,11,서울특별시,11710,송파구,1171010400,송파동,11,서울특별시,11560,영등포구,1156011000,여의도동,09,30,2,2798.0
20260112,여의도역,11,서울특별시,11710,송파구,1171010400,송파동,11,서울특별시,11560,영등포구,1156011000,여의도동,09,45,1,2024.0
20260112,여의도역,11,서울특별시,11710,송파구,1171010400,송파동,11,서울특별시,11560,영등포구,1156011000,여의도동,10,00,1,3175.0
20260112,여의도역,11,서울특별시,11710,송파구,1171010400,송파동,11,서울특별시,11560,영등포구,1156011000,여의도동,10,30,1,1915.0
20260112,여의도역,11,서울특별시,11710,송파구,1171010400,송파동,11,서울특별시,11560,영등포구,1156011000,여의도동,11,30,1,4133.0
20260112,여의도역,11,서울특별시,11710,송파구,1171010500,석촌동,11,서울특별시,11560,영등포구,1156011000,여의도동,06,00,3,2748.0
20260112,여의도역,11,서울특별시,11710,송파구,1171010500,석촌동,11,서울특별시,11560,영등포구,1156011000,여의도동,06,15,4,2416.0
20260112,여의도역,11,서울특별시,11710,송파구,1171010500,석촌동,11,서울특별시,11560,영등포구,1156011000,여의도동,06,30,14,2501.0
20260112,여의도역,11,서울특별시,11710,송파구,1171010500,석촌동,11,서울특별시,11560,영등포구,1156011000,여의도동,06,45,24,2381.0
20260112,여의도역,11,서울특별시,11710,송파구,1171010500,석촌동,11,서울특별시,11560,영등포구,1156011000,여의도동,07,00,47,2166.0
20260112,여의도역,11,서울특별시,11710,송파구,1171010500,석촌동,11,서울특별시,11560,영등포구,1156011000,여의도동,07,15,42,2278.0
20260112,여의도역,11,서울특별시,11710,송파구,1171010500,석촌동,11,서울특별시,11560,영등포구,1156011000,여의도동,07,30,30,2236.0
20260112,여의도역,11,서울특별시,11710,송파구,1171010500,석촌동,11,서울특별시,11560,영등포구,1156011000,여의도동,07,45,43,2231.0
20260112,여의도역,11,서울특별시,11710,송파구,1171010500,석촌동,11,서울특별시,11560,영등포구,1156011000,여의도동,08,00,41,2183.0
20260112,여의도역,11,서울특별시,11710,송파구,1171010500,석촌동,11,서울특별시,11560,영등포구,1156011000,여의도동,08,15,26,2089.0
20260112,여의도역,11,서울특별시,11710,송파구,1171010500,석촌동,11,서울특별시,11560,영등포구,1156011000,여의도동,08,30,13,2218.0
20260112,여의도역,11,서울특별시,11710,송파구,1171010500,석촌동,11,서울특별시,11560,영등포구,1156011000,여의도동,08,45,8,2061.0
20260112,여의도역,11,서울특별시,11710,송파구,1171010500,석촌동,11,서울특별시,11560,영등포구,1156011000,여의도동,09,00,13,2109.0
20260112,여의도역,11,서울특별시,11710,송파구,1171010500,석촌동,11,서울특별시,11560,영등포구,1156011000,여의도동,09,15,14,2127.0
20260112,여의도역,11,서울특별시,11710,송파구,1171010500,석촌동,11,서울특별시,11560,영등포구,1156011000,여의도동,09,30,3,1912.0
20260112,여의도역,11,서울특별시,11710,송파구,1171010500,석촌동,11,서울특별시,11560,영등포구,1156011000,여의도동,09,45,11,2247.0
20260112,여의도역,11,서울특별시,11710,송파구,1171010500,석촌동,11,서울특별시,11560,영등포구,1156011000,여의도동,10,00,5,2305.0
20260112,여의도역,11,서울특별시,11710,송파구,1171010500,석촌동,11,서울특별시,11560,영등포구,1156011000,여의도동,10,15,5,2077.0
20260112,여의도역,11,서울특별시,11710,송파구,1171010500,석촌동,11,서울특별시,11560,영등포구,1156011000,여의도동,10,30,3,2274.0
20260112,여의도역,11,서울특별시,11710,송파구,1171010500,석촌동,11,서울특별시,11560,영등포구,1156011000,여의도동,10,45,1,1853.0
20260112,여의도역,11,서울특별시,11710,송파구,1171010500,석촌동,11,서울특별시,11560,영등포구,1156011000,여의도동,11,00,1,2226.0
20260112,여의도역,11,서울특별시,11710,송파구,1171010500,석촌동,11,서울특별시,11560,영등포구,1156011000,여의도동,11,30,2,2301.0
20260112,여의도역,11,서울특별시,11710,송파구,1171010500,석촌동,11,서울특별시,11560,영등포구,1156011000,여의도동,11,45,1,2222.0
20260112,여의도역,11,서울특별시,11710,송파구,1171010500,석촌동,11,서울특별시,11560,영등포구,1156011000,여의도동,12,00,5,2239.0
20260112,여의도역,11,서울특별시,11710,송파구,1171010500,석촌동,11,서울특별시,11560,영등포구,1156011000,여의도동,12,15,4,1981.0
20260112,여의도역,11,서울특별시,11710,송파구,1171010500,석촌동,11,서울특별시,11560,영등포구,1156011000,여의도동,12,30,2,3048.0
20260112,여의도역,11,서울특별시,11710,송파구,1171010500,석촌동,11,서울특별시,11560,영등포구,1156011000,여의도동,12,45,1,2097.0
20260112,여의도역,11,서울특별시,11710,송파구,1171010600,삼전동,11,서울특별시,11560,영등포구,1156011000,여의도동,06,00,2,2589.0
20260112,여의도역,11,서울특별시,11710,송파구,1171010600,삼전동,11,서울특별시,11560,영등포구,1156011000,여의도동,06,15,5,2858.0
20260112,여의도역,11,서울특별시,11710,송파구,1171010600,삼전동,11,서울특별시,11560,영등포구,1156011000,여의도동,06,30,4,2575.0
20260112,여의도역,11,서울특별시,11710,송파구,1171010600,삼전동,11,서울특별시,11560,영등포구,1156011000,여의도동,06,45,12,2607.0
20260112,여의도역,11,서울특별시,11710,송파구,1171010600,삼전동,11,서울특별시,11560,영등포구,1156011000,여의도동,07,00,4,2701.0
20260112,여의도역,11,서울특별시,11710,송파구,1171010600,삼전동,11,서울특별시,11560,영등포구,1156011000,여의도동,07,15,14,2789.0
20260112,여의도역,11,서울특별시,11710,송파구,1171010600,삼전동,11,서울특별시,11560,영등포구,1156011000,여의도동,07,30,10,2895.0
20260112,여의도역,11,서울특별시,11710,송파구,1171010600,삼전동,11,서울특별시,11560,영등포구,1156011000,여의도동,07,45,14,2734.0
20260112,여의도역,11,서울특별시,11710,송파구,1171010600,삼전동,11,서울특별시,11560,영등포구,1156011000,여의도동,08,00,13,2546.0
20260112,여의도역,11,서울특별시,11710,송파구,1171010600,삼전동,11,서울특별시,11560,영등포구,1156011000,여의도동,08,15,8,2440.0
20260112,여의도역,11,서울특별시,11710,송파구,1171010600,삼전동,11,서울특별시,11560,영등포구,1156011000,여의도동,08,30,5,2541.0
20260112,여의도역,11,서울특별시,11710,송파구,1171010600,삼전동,11,서울특별시,11560,영등포구,1156011000,여의도동,08,45,7,2433.0
20260112,여의도역,11,서울특별시,11710,송파구,1171010600,삼전동,11,서울특별시,11560,영등포구,1156011000,여의도동,09,00,4,2387.0
20260112,여의도역,11,서울특별시,11710,송파구,1171010600,삼전동,11,서울특별시,11560,영등포구,1156011000,여의도동,09,15,4,2292.0
20260112,여의도역,11,서울특별시,11710,송파구,1171010600,삼전동,11,서울특별시,11560,영등포구,1156011000,여의도동,09,30,3,2504.0
20260112,여의도역,11,서울특별시,11710,송파구,1171010600,삼전동,11,서울특별시,11560,영등포구,1156011000,여의도동,10,00,1,2568.0
20260112,여의도역,11,서울특별시,11710,송파구,1171010600,삼전동,11,서울특별시,11560,영등포구,1156011000,여의도동,10,15,2,2709.0
20260112,여의도역,11,서울특별시,11710,송파구,1171010600,삼전동,11,서울특별시,11560,영등포구,1156011000,여의도동,10,30,1,2527.0
20260112,여의도역,11,서울특별시,11710,송파구,1171010600,삼전동,11,서울특별시,11560,영등포구,1156011000,여의도동,10,45,2,3212.0
20260112,여의도역,11,서울특별시,11710,송파구,1171010600,삼전동,11,서울특별시,11560,영등포구,1156011000,여의도동,11,00,4,2680.0
20260112,여의도역,11,서울특별시,11710,송파구,1171010600,삼전동,11,서울특별시,11560,영등포구,1156011000,여의도동,11,30,1,2117.0
20260112,여의도역,11,서울특별시,11710,송파구,1171010600,삼전동,11,서울특별시,11560,영등포구,1156011000,여의도동,11,45,5,2290.0
20260112,여의도역,11,서울특별시,11710,송파구,1171010600,삼전동,11,서울특별시,11560,영등포구,1156011000,여의도동,12,00,1,2428.0
20260112,여의도역,11,서울특별시,11710,송파구,1171010600,삼전동,11,서울특별시,11560,영등포구,1156011000,여의도동,12,15,1,2379.0
20260112,여의도역,11,서울특별시,11710,송파구,1171010600,삼전동,11,서울특별시,11560,영등포구,1156011000,여의도동,12,30,1,2689.0
20260112,여의도역,11,서울특별시,11710,송파구,1171010600,삼전동,11,서울특별시,11560,영등포구,1156011000,여의도동,12,45,3,2355.0
20260112,여의도역,11,서울특별시,11710,송파구,1171010700,가락동,11,서울특별시,11560,영등포구,1156011000,여의도동,06,00,8,2998.0
20260112,여의도역,11,서울특별시,11710,송파구,1171010700,가락동,11,서울특별시,11560,영등포구,1156011000,여의도동,06,15,19,2823.0
20260112,여의도역,11,서울특별시,11710,송파구,1171010700,가락동,11,서울특별시,11560,영등포구,1156011000,여의도동,06,30,28,2699.0
20260112,여의도역,11,서울특별시,11710,송파구,1171010700,가락동,11,서울특별시,11560,영등포구,1156011000,여의도동,06,45,50,2695.0
20260112,여의도역,11,서울특별시,11710,송파구,1171010700,가락동,11,서울특별시,11560,영등포구,1156011000,여의도동,07,00,52,2812.0
20260112,여의도역,11,서울특별시,11710,송파구,1171010700,가락동,11,서울특별시,11560,영등포구,1156011000,여의도동,07,15,38,2791.0
20260112,여의도역,11,서울특별시,11710,송파구,1171010700,가락동,11,서울특별시,11560,영등포구,1156011000,여의도동,07,30,44,2761.0
20260112,여의도역,11,서울특별시,11710,송파구,1171010700,가락동,11,서울특별시,11560,영등포구,1156011000,여의도동,07,45,49,2666.0
20260112,여의도역,11,서울특별시,11710,송파구,1171010700,가락동,11,서울특별시,11560,영등포구,1156011000,여의도동,08,00,34,2564.0
20260112,여의도역,11,서울특별시,11710,송파구,1171010700,가락동,11,서울특별시,11560,영등포구,1156011000,여의도동,08,15,24,2625.0
20260112,여의도역,11,서울특별시,11710,송파구,1171010700,가락동,11,서울특별시,11560,영등포구,1156011000,여의도동,08,30,24,2928.0
20260112,여의도역,11,서울특별시,11710,송파구,1171010700,가락동,11,서울특별시,11560,영등포구,1156011000,여의도동,08,45,21,2839.0
20260112,여의도역,11,서울특별시,11710,송파구,1171010700,가락동,11,서울특별시,11560,영등포구,1156011000,여의도동,09,00,19,2523.0
20260112,여의도역,11,서울특별시,11710,송파구,1171010700,가락동,11,서울특별시,11560,영등포구,1156011000,여의도동,09,15,5,2411.0
20260112,여의도역,11,서울특별시,11710,송파구,1171010700,가락동,11,서울특별시,11560,영등포구,1156011000,여의도동,09,30,1,2838.0
20260112,여의도역,11,서울특별시,11710,송파구,1171010700,가락동,11,서울특별시,11560,영등포구,1156011000,여의도동,09,45,3,2523.0
20260112,여의도역,11,서울특별시,11710,송파구,1171010700,가락동,11,서울특별시,11560,영등포구,1156011000,여의도동,10,00,3,2627.0
20260112,여의도역,11,서울특별시,11710,송파구,1171010700,가락동,11,서울특별시,11560,영등포구,1156011000,여의도동,10,15,3,2433.0
20260112,여의도역,11,서울특별시,11710,송파구,1171010700,가락동,11,서울특별시,11560,영등포구,1156011000,여의도동,10,30,4,3014.0
20260112,여의도역,11,서울특별시,11710,송파구,1171010700,가락동,11,서울특별시,11560,영등포구,1156011000,여의도동,10,45,5,2698.0
20260112,여의도역,11,서울특별시,11710,송파구,1171010700,가락동,11,서울특별시,11560,영등포구,1156011000,여의도동,11,00,1,3079.0
20260112,여의도역,11,서울특별시,11710,송파구,1171010700,가락동,11,서울특별시,11560,영등포구,1156011000,여의도동,11,15,2,4549.0
20260112,여의도역,11,서울특별시,11710,송파구,1171010700,가락동,11,서울특별시,11560,영등포구,1156011000,여의도동,11,30,2,2628.0
20260112,여의도역,11,서울특별시,11710,송파구,1171010700,가락동,11,서울특별시,11560,영등포구,1156011000,여의도동,11,45,2,2878.0
20260112,여의도역,11,서울특별시,11710,송파구,1171010700,가락동,11,서울특별시,11560,영등포구,1156011000,여의도동,12,00,4,3132.0
20260112,여의도역,11,서울특별시,11710,송파구,1171010700,가락동,11,서울특별시,11560,영등포구,1156011000,여의도동,12,15,4,2741.0
20260112,여의도역,11,서울특별시,11710,송파구,1171010700,가락동,11,서울특별시,11560,영등포구,1156011000,여의도동,12,30,5,2623.0
20260112,여의도역,11,서울특별시,11710,송파구,1171010700,가락동,11,서울특별시,11560,영등포구,1156011000,여의도동,12,45,4,3119.0
20260112,여의도역,11,서울특별시,11710,송파구,1171010800,문정동,11,서울특별시,11560,영등포구,1156011000,여의도동,06,00,5,3487.0
20260112,여의도역,11,서울특별시,11710,송파구,1171010800,문정동,11,서울특별시,11560,영등포구,1156011000,여의도동,06,15,6,2967.0
20260112,여의도역,11,서울특별시,11710,송파구,1171010800,문정동,11,서울특별시,11560,영등포구,1156011000,여의도동,06,30,8,2778.0
20260112,여의도역,11,서울특별시,11710,송파구,1171010800,문정동,11,서울특별시,11560,영등포구,1156011000,여의도동,06,45,8,3087.0
20260112,여의도역,11,서울특별시,11710,송파구,1171010800,문정동,11,서울특별시,11560,영등포구,1156011000,여의도동,07,00,14,3049.0
20260112,여의도역,11,서울특별시,11710,송파구,1171010800,문정동,11,서울특별시,11560,영등포구,1156011000,여의도동,07,15,13,3148.0
20260112,여의도역,11,서울특별시,11710,송파구,1171010800,문정동,11,서울특별시,11560,영등포구,1156011000,여의도동,07,30,10,3077.0
20260112,여의도역,11,서울특별시,11710,송파구,1171010800,문정동,11,서울특별시,11560,영등포구,1156011000,여의도동,07,45,10,2851.0
20260112,여의도역,11,서울특별시,11710,송파구,1171010800,문정동,11,서울특별시,11560,영등포구,1156011000,여의도동,08,00,11,2871.0
20260112,여의도역,11,서울특별시,11710,송파구,1171010800,문정동,11,서울특별시,11560,영등포구,1156011000,여의도동,08,15,8,3105.0
20260112,여의도역,11,서울특별시,11710,송파구,1171010800,문정동,11,서울특별시,11560,영등포구,1156011000,여의도동,08,30,3,2854.0
20260112,여의도역,11,서울특별시,11710,송파구,1171010800,문정동,11,서울특별시,11560,영등포구,1156011000,여의도동,08,45,3,3040.0
20260112,여의도역,11,서울특별시,11710,송파구,1171010800,문정동,11,서울특별시,11560,영등포구,1156011000,여의도동,09,00,6,2654.0
20260112,여의도역,11,서울특별시,11710,송파구,1171010800,문정동,11,서울특별시,11560,영등포구,1156011000,여의도동,09,15,4,3219.0
20260112,여의도역,11,서울특별시,11710,송파구,1171010800,문정동,11,서울특별시,11560,영등포구,1156011000,여의도동,09,30,1,2582.0
20260112,여의도역,11,서울특별시,11710,송파구,1171010800,문정동,11,서울특별시,11560,영등포구,1156011000,여의도동,10,00,1,2497.0
20260112,여의도역,11,서울특별시,11710,송파구,1171010800,문정동,11,서울특별시,11560,영등포구,1156011000,여의도동,10,15,1,3121.0
20260112,여의도역,11,서울특별시,11710,송파구,1171010800,문정동,11,서울특별시,11560,영등포구,1156011000,여의도동,10,30,2,2898.0
20260112,여의도역,11,서울특별시,11710,송파구,1171010800,문정동,11,서울특별시,11560,영등포구,1156011000,여의도동,10,45,3,2707.0
20260112,여의도역,11,서울특별시,11710,송파구,1171010800,문정동,11,서울특별시,11560,영등포구,1156011000,여의도동,11,00,1,2325.0
20260112,여의도역,11,서울특별시,11710,송파구,1171010800,문정동,11,서울특별시,11560,영등포구,1156011000,여의도동,11,15,2,2873.0
20260112,여의도역,11,서울특별시,11710,송파구,1171010800,문정동,11,서울특별시,11560,영등포구,1156011000,여의도동,11,30,2,2816.0
20260112,여의도역,11,서울특별시,11710,송파구,1171010800,문정동,11,서울특별시,11560,영등포구,1156011000,여의도동,11,45,2,3226.0
20260112,여의도역,11,서울특별시,11710,송파구,1171010800,문정동,11,서울특별시,11560,영등포구,1156011000,여의도동,12,00,1,3318.0
20260112,여의도역,11,서울특별시,11710,송파구,1171010800,문정동,11,서울특별시,11560,영등포구,1156011000,여의도동,12,15,2,2649.0
20260112,여의도역,11,서울특별시,11710,송파구,1171010800,문정동,11,서울특별시,11560,영등포구,1156011000,여의도동,12,30,2,2733.0
20260112,여의도역,11,서울특별시,11710,송파구,1171010800,문정동,11,서울특별시,11560,영등포구,1156011000,여의도동,12,45,3,2760.0
20260112,여의도역,11,서울특별시,11710,송파구,1171010900,장지동,11,서울특별시,11560,영등포구,1156011000,여의도동,06,00,10,3203.0
20260112,여의도역,11,서울특별시,11710,송파구,1171010900,장지동,11,서울특별시,11560,영등포구,1156011000,여의도동,06,15,12,3242.0
20260112,여의도역,11,서울특별시,11710,송파구,1171010900,장지동,11,서울특별시,11560,영등포구,1156011000,여의도동,06,30,15,3128.0
20260112,여의도역,11,서울특별시,11710,송파구,1171010900,장지동,11,서울특별시,11560,영등포구,1156011000,여의도동,06,45,16,3043.0
20260112,여의도역,11,서울특별시,11710,송파구,1171010900,장지동,11,서울특별시,11560,영등포구,1156011000,여의도동,07,00,26,3080.0
20260112,여의도역,11,서울특별시,11710,송파구,1171010900,장지동,11,서울특별시,11560,영등포구,1156011000,여의도동,07,15,21,3222.0
20260112,여의도역,11,서울특별시,11710,송파구,1171010900,장지동,11,서울특별시,11560,영등포구,1156011000,여의도동,07,30,32,3061.0
20260112,여의도역,11,서울특별시,11710,송파구,1171010900,장지동,11,서울특별시,11560,영등포구,1156011000,여의도동,07,45,12,3076.0
20260112,여의도역,11,서울특별시,11710,송파구,1171010900,장지동,11,서울특별시,11560,영등포구,1156011000,여의도동,08,00,17,2911.0
20260112,여의도역,11,서울특별시,11710,송파구,1171010900,장지동,11,서울특별시,11560,영등포구,1156011000,여의도동,08,15,14,3116.0
20260112,여의도역,11,서울특별시,11710,송파구,1171010900,장지동,11,서울특별시,11560,영등포구,1156011000,여의도동,08,30,8,3004.0
20260112,여의도역,11,서울특별시,11710,송파구,1171010900,장지동,11,서울특별시,11560,영등포구,1156011000,여의도동,08,45,9,2916.0
20260112,여의도역,11,서울특별시,11710,송파구,1171010900,장지동,11,서울특별시,11560,영등포구,1156011000,여의도동,09,00,6,2984.0
20260112,여의도역,11,서울특별시,11710,송파구,1171010900,장지동,11,서울특별시,11560,영등포구,1156011000,여의도동,09,15,3,2953.0
20260112,여의도역,11,서울특별시,11710,송파구,1171010900,장지동,11,서울특별시,11560,영등포구,1156011000,여의도동,09,30,2,2961.0
20260112,여의도역,11,서울특별시,11710,송파구,1171010900,장지동,11,서울특별시,11560,영등포구,1156011000,여의도동,09,45,4,3232.0
20260112,여의도역,11,서울특별시,11710,송파구,1171010900,장지동,11,서울특별시,11560,영등포구,1156011000,여의도동,10,15,2,3126.0
20260112,여의도역,11,서울특별시,11710,송파구,1171010900,장지동,11,서울특별시,11560,영등포구,1156011000,여의도동,10,30,3,2901.0
20260112,여의도역,11,서울특별시,11710,송파구,1171010900,장지동,11,서울특별시,11560,영등포구,1156011000,여의도동,11,00,2,3256.0
20260112,여의도역,11,서울특별시,11710,송파구,1171010900,장지동,11,서울특별시,11560,영등포구,1156011000,여의도동,11,15,2,3383.0
20260112,여의도역,11,서울특별시,11710,송파구,1171010900,장지동,11,서울특별시,11560,영등포구,1156011000,여의도동,12,15,3,3066.0
20260112,여의도역,11,서울특별시,11710,송파구,1171010900,장지동,11,서울특별시,11560,영등포구,1156011000,여의도동,12,30,2,3282.0
20260112,여의도역,11,서울특별시,11710,송파구,1171010900,장지동,11,서울특별시,11560,영등포구,1156011000,여의도동,12,45,2,4138.0
20260112,여의도역,11,서울특별시,11710,송파구,1171011100,방이동,11,서울특별시,11560,영등포구,1156011000,여의도동,06,00,13,3247.0
20260112,여의도역,11,서울특별시,11710,송파구,1171011100,방이동,11,서울특별시,11560,영등포구,1156011000,여의도동,06,15,29,2945.0
20260112,여의도역,11,서울특별시,11710,송파구,1171011100,방이동,11,서울특별시,11560,영등포구,1156011000,여의도동,06,30,59,2904.0
20260112,여의도역,11,서울특별시,11710,송파구,1171011100,방이동,11,서울특별시,11560,영등포구,1156011000,여의도동,06,45,113,3030.0
20260112,여의도역,11,서울특별시,11710,송파구,1171011100,방이동,11,서울특별시,11560,영등포구,1156011000,여의도동,07,00,88,2951.0
20260112,여의도역,11,서울특별시,11710,송파구,1171011100,방이동,11,서울특별시,11560,영등포구,1156011000,여의도동,07,15,76,2961.0
20260112,여의도역,11,서울특별시,11710,송파구,1171011100,방이동,11,서울특별시,11560,영등포구,1156011000,여의도동,07,30,100,3010.0
20260112,여의도역,11,서울특별시,11710,송파구,1171011100,방이동,11,서울특별시,11560,영등포구,1156011000,여의도동,07,45,97,2814.0
20260112,여의도역,11,서울특별시,11710,송파구,1171011100,방이동,11,서울특별시,11560,영등포구,1156011000,여의도동,08,00,71,2568.0
20260112,여의도역,11,서울특별시,11710,송파구,1171011100,방이동,11,서울특별시,11560,영등포구,1156011000,여의도동,08,15,40,2656.0
20260112,여의도역,11,서울특별시,11710,송파구,1171011100,방이동,11,서울특별시,11560,영등포구,1156011000,여의도동,08,30,39,2624.0
20260112,여의도역,11,서울특별시,11710,송파구,1171011100,방이동,11,서울특별시,11560,영등포구,1156011000,여의도동,08,45,24,2593.0
20260112,여의도역,11,서울특별시,11710,송파구,1171011100,방이동,11,서울특별시,11560,영등포구,1156011000,여의도동,09,00,25,2643.0
20260112,여의도역,11,서울특별시,11710,송파구,1171011100,방이동,11,서울특별시,11560,영등포구,1156011000,여의도동,09,15,8,2574.0
20260112,여의도역,11,서울특별시,11710,송파구,1171011100,방이동,11,서울특별시,11560,영등포구,1156011000,여의도동,09,30,8,2665.0
20260112,여의도역,11,서울특별시,11710,송파구,1171011100,방이동,11,서울특별시,11560,영등포구,1156011000,여의도동,09,45,5,2764.0
20260112,여의도역,11,서울특별시,11710,송파구,1171011100,방이동,11,서울특별시,11560,영등포구,1156011000,여의도동,10,00,5,2846.0
20260112,여의도역,11,서울특별시,11710,송파구,1171011100,방이동,11,서울특별시,11560,영등포구,1156011000,여의도동,10,15,6,2771.0
20260112,여의도역,11,서울특별시,11710,송파구,1171011100,방이동,11,서울특별시,11560,영등포구,1156011000,여의도동,10,30,2,2494.0
20260112,여의도역,11,서울특별시,11710,송파구,1171011100,방이동,11,서울특별시,11560,영등포구,1156011000,여의도동,10,45,8,2706.0
20260112,여의도역,11,서울특별시,11710,송파구,1171011100,방이동,11,서울특별시,11560,영등포구,1156011000,여의도동,11,00,5,2608.0
20260112,여의도역,11,서울특별시,11710,송파구,1171011100,방이동,11,서울특별시,11560,영등포구,1156011000,여의도동,11,15,5,2754.0
20260112,여의도역,11,서울특별시,11710,송파구,1171011100,방이동,11,서울특별시,11560,영등포구,1156011000,여의도동,11,30,6,3004.0
20260112,여의도역,11,서울특별시,11710,송파구,1171011100,방이동,11,서울특별시,11560,영등포구,1156011000,여의도동,11,45,6,3025.0
20260112,여의도역,11,서울특별시,11710,송파구,1171011100,방이동,11,서울특별시,11560,영등포구,1156011000,여의도동,12,00,3,3110.0
20260112,여의도역,11,서울특별시,11710,송파구,1171011100,방이동,11,서울특별시,11560,영등포구,1156011000,여의도동,12,15,8,3093.0
20260112,여의도역,11,서울특별시,11710,송파구,1171011100,방이동,11,서울특별시,11560,영등포구,1156011000,여의도동,12,30,4,3030.0
20260112,여의도역,11,서울특별시,11710,송파구,1171011100,방이동,11,서울특별시,11560,영등포구,1156011000,여의도동,12,45,3,2727.0
20260112,여의도역,11,서울특별시,11710,송파구,1171011200,오금동,11,서울특별시,11560,영등포구,1156011000,여의도동,06,00,3,3557.0
20260112,여의도역,11,서울특별시,11710,송파구,1171011200,오금동,11,서울특별시,11560,영등포구,1156011000,여의도동,06,15,12,3392.0
20260112,여의도역,11,서울특별시,11710,송파구,1171011200,오금동,11,서울특별시,11560,영등포구,1156011000,여의도동,06,30,9,3522.0
20260112,여의도역,11,서울특별시,11710,송파구,1171011200,오금동,11,서울특별시,11560,영등포구,1156011000,여의도동,06,45,13,3205.0
20260112,여의도역,11,서울특별시,11710,송파구,1171011200,오금동,11,서울특별시,11560,영등포구,1156011000,여의도동,07,00,9,3745.0
20260112,여의도역,11,서울특별시,11710,송파구,1171011200,오금동,11,서울특별시,11560,영등포구,1156011000,여의도동,07,15,14,3288.0
20260112,여의도역,11,서울특별시,11710,송파구,1171011200,오금동,11,서울특별시,11560,영등포구,1156011000,여의도동,07,30,15,3233.0
20260112,여의도역,11,서울특별시,11710,송파구,1171011200,오금동,11,서울특별시,11560,영등포구,1156011000,여의도동,07,45,13,3149.0
20260112,여의도역,11,서울특별시,11710,송파구,1171011200,오금동,11,서울특별시,11560,영등포구,1156011000,여의도동,08,00,14,3024.0
20260112,여의도역,11,서울특별시,11710,송파구,1171011200,오금동,11,서울특별시,11560,영등포구,1156011000,여의도동,08,15,6,2890.0
20260112,여의도역,11,서울특별시,11710,송파구,1171011200,오금동,11,서울특별시,11560,영등포구,1156011000,여의도동,08,30,3,2843.0
20260112,여의도역,11,서울특별시,11710,송파구,1171011200,오금동,11,서울특별시,11560,영등포구,1156011000,여의도동,08,45,1,3081.0
20260112,여의도역,11,서울특별시,11710,송파구,1171011200,오금동,11,서울특별시,11560,영등포구,1156011000,여의도동,09,00,3,3013.0
20260112,여의도역,11,서울특별시,11710,송파구,1171011200,오금동,11,서울특별시,11560,영등포구,1156011000,여의도동,09,15,2,2804.0
20260112,여의도역,11,서울특별시,11710,송파구,1171011200,오금동,11,서울특별시,11560,영등포구,1156011000,여의도동,09,30,3,3006.0
20260112,여의도역,11,서울특별시,11710,송파구,1171011200,오금동,11,서울특별시,11560,영등포구,1156011000,여의도동,09,45,3,3159.0
20260112,여의도역,11,서울특별시,11710,송파구,1171011200,오금동,11,서울특별시,11560,영등포구,1156011000,여의도동,10,00,1,2814.0
20260112,여의도역,11,서울특별시,11710,송파구,1171011200,오금동,11,서울특별시,11560,영등포구,1156011000,여의도동,10,15,2,3491.0
20260112,여의도역,11,서울특별시,11710,송파구,1171011200,오금동,11,서울특별시,11560,영등포구,1156011000,여의도동,10,45,1,4133.0
20260112,여의도역,11,서울특별시,11710,송파구,1171011200,오금동,11,서울특별시,11560,영등포구,1156011000,여의도동,11,00,1,2612.0
20260112,여의도역,11,서울특별시,11710,송파구,1171011200,오금동,11,서울특별시,11560,영등포구,1156011000,여의도동,11,45,1,3474.0
20260112,여의도역,11,서울특별시,11710,송파구,1171011200,오금동,11,서울특별시,11560,영등포구,1156011000,여의도동,12,00,1,4171.0
20260112,여의도역,11,서울특별시,11710,송파구,1171011200,오금동,11,서울특별시,11560,영등포구,1156011000,여의도동,12,30,3,3181.0
20260112,여의도역,11,서울특별시,11710,송파구,1171011200,오금동,11,서울특별시,11560,영등포구,1156011000,여의도동,12,45,2,3200.0
20260112,여의도역,11,서울특별시,11710,송파구,1171011300,거여동,11,서울특별시,11560,영등포구,1156011000,여의도동,06,00,8,3917.0
20260112,여의도역,11,서울특별시,11710,송파구,1171011300,거여동,11,서울특별시,11560,영등포구,1156011000,여의도동,06,15,15,3849.0
20260112,여의도역,11,서울특별시,11710,송파구,1171011300,거여동,11,서울특별시,11560,영등포구,1156011000,여의도동,06,30,18,3796.0
20260112,여의도역,11,서울특별시,11710,송파구,1171011300,거여동,11,서울특별시,11560,영등포구,1156011000,여의도동,06,45,21,3583.0
20260112,여의도역,11,서울특별시,11710,송파구,1171011300,거여동,11,서울특별시,11560,영등포구,1156011000,여의도동,07,00,21,3792.0
20260112,여의도역,11,서울특별시,11710,송파구,1171011300,거여동,11,서울특별시,11560,영등포구,1156011000,여의도동,07,15,16,3604.0
20260112,여의도역,11,서울특별시,11710,송파구,1171011300,거여동,11,서울특별시,11560,영등포구,1156011000,여의도동,07,30,29,3516.0
20260112,여의도역,11,서울특별시,11710,송파구,1171011300,거여동,11,서울특별시,11560,영등포구,1156011000,여의도동,07,45,17,3190.0
20260112,여의도역,11,서울특별시,11710,송파구,1171011300,거여동,11,서울특별시,11560,영등포구,1156011000,여의도동,08,00,12,3505.0
20260112,여의도역,11,서울특별시,11710,송파구,1171011300,거여동,11,서울특별시,11560,영등포구,1156011000,여의도동,08,15,7,3336.0
20260112,여의도역,11,서울특별시,11710,송파구,1171011300,거여동,11,서울특별시,11560,영등포구,1156011000,여의도동,08,30,5,3595.0
20260112,여의도역,11,서울특별시,11710,송파구,1171011300,거여동,11,서울특별시,11560,영등포구,1156011000,여의도동,08,45,7,3439.0
20260112,여의도역,11,서울특별시,11710,송파구,1171011300,거여동,11,서울특별시,11560,영등포구,1156011000,여의도동,09,00,2,3660.0
20260112,여의도역,11,서울특별시,11710,송파구,1171011300,거여동,11,서울특별시,11560,영등포구,1156011000,여의도동,09,15,1,2951.0
20260112,여의도역,11,서울특별시,11710,송파구,1171011300,거여동,11,서울특별시,11560,영등포구,1156011000,여의도동,09,30,1,4219.0
20260112,여의도역,11,서울특별시,11710,송파구,1171011300,거여동,11,서울특별시,11560,영등포구,1156011000,여의도동,09,45,3,3234.0
20260112,여의도역,11,서울특별시,11710,송파구,1171011300,거여동,11,서울특별시,11560,영등포구,1156011000,여의도동,10,00,3,3564.0
20260112,여의도역,11,서울특별시,11710,송파구,1171011300,거여동,11,서울특별시,11560,영등포구,1156011000,여의도동,10,15,1,3560.0
20260112,여의도역,11,서울특별시,11710,송파구,1171011300,거여동,11,서울특별시,11560,영등포구,1156011000,여의도동,10,45,1,3460.0
20260112,여의도역,11,서울특별시,11710,송파구,1171011300,거여동,11,서울특별시,11560,영등포구,1156011000,여의도동,11,00,2,3369.0
20260112,여의도역,11,서울특별시,11710,송파구,1171011300,거여동,11,서울특별시,11560,영등포구,1156011000,여의도동,11,15,1,2584.0
20260112,여의도역,11,서울특별시,11710,송파구,1171011300,거여동,11,서울특별시,11560,영등포구,1156011000,여의도동,11,30,4,3293.0
20260112,여의도역,11,서울특별시,11710,송파구,1171011300,거여동,11,서울특별시,11560,영등포구,1156011000,여의도동,11,45,1,3019.0
20260112,여의도역,11,서울특별시,11710,송파구,1171011300,거여동,11,서울특별시,11560,영등포구,1156011000,여의도동,12,30,2,3337.0
20260112,여의도역,11,서울특별시,11710,송파구,1171011400,마천동,11,서울특별시,11560,영등포구,1156011000,여의도동,06,00,5,3742.0
20260112,여의도역,11,서울특별시,11710,송파구,1171011400,마천동,11,서울특별시,11560,영등포구,1156011000,여의도동,06,15,5,3829.0
20260112,여의도역,11,서울특별시,11710,송파구,1171011400,마천동,11,서울특별시,11560,영등포구,1156011000,여의도동,06,30,10,3808.0
20260112,여의도역,11,서울특별시,11710,송파구,1171011400,마천동,11,서울특별시,11560,영등포구,1156011000,여의도동,06,45,11,3793.0
20260112,여의도역,11,서울특별시,11710,송파구,1171011400,마천동,11,서울특별시,11560,영등포구,1156011000,여의도동,07,00,11,3824.0
20260112,여의도역,11,서울특별시,11710,송파구,1171011400,마천동,11,서울특별시,11560,영등포구,1156011000,여의도동,07,15,11,3819.0
20260112,여의도역,11,서울특별시,11710,송파구,1171011400,마천동,11,서울특별시,11560,영등포구,1156011000,여의도동,07,30,18,3866.0
20260112,여의도역,11,서울특별시,11710,송파구,1171011400,마천동,11,서울특별시,11560,영등포구,1156011000,여의도동,07,45,9,3378.0
20260112,여의도역,11,서울특별시,11710,송파구,1171011400,마천동,11,서울특별시,11560,영등포구,1156011000,여의도동,08,00,10,3814.0
20260112,여의도역,11,서울특별시,11710,송파구,1171011400,마천동,11,서울특별시,11560,영등포구,1156011000,여의도동,08,15,2,3801.0
20260112,여의도역,11,서울특별시,11710,송파구,1171011400,마천동,11,서울특별시,11560,영등포구,1156011000,여의도동,08,30,6,3645.0
20260112,여의도역,11,서울특별시,11710,송파구,1171011400,마천동,11,서울특별시,11560,영등포구,1156011000,여의도동,08,45,1,3901.0
20260112,여의도역,11,서울특별시,11710,송파구,1171011400,마천동,11,서울특별시,11560,영등포구,1156011000,여의도동,09,00,1,3138.0
20260112,여의도역,11,서울특별시,11710,송파구,1171011400,마천동,11,서울특별시,11560,영등포구,1156011000,여의도동,09,30,1,3826.0
20260112,여의도역,11,서울특별시,11710,송파구,1171011400,마천동,11,서울특별시,11560,영등포구,1156011000,여의도동,09,45,2,4127.0
20260112,여의도역,11,서울특별시,11710,송파구,1171011400,마천동,11,서울특별시,11560,영등포구,1156011000,여의도동,10,45,1,2919.0
20260112,여의도역,11,서울특별시,11710,송파구,1171011400,마천동,11,서울특별시,11560,영등포구,1156011000,여의도동,11,30,1,3787.0
20260112,여의도역,11,서울특별시,11710,송파구,1171011400,마천동,11,서울특별시,11560,영등포구,1156011000,여의도동,12,00,1,4127.0
20260112,여의도역,11,서울특별시,11710,송파구,1171011400,마천동,11,서울특별시,11560,영등포구,1156011000,여의도동,12,30,2,3086.0
20260112,여의도역,11,서울특별시,11710,송파구,1171011400,마천동,11,서울특별시,11560,영등포구,1156011000,여의도동,12,45,1,2825.0
20260112,여의도역,11,서울특별시,11740,강동구,1174010100,명일동,11,서울특별시,11560,영등포구,1156011000,여의도동,06,00,9,3473.0
20260112,여의도역,11,서울특별시,11740,강동구,1174010100,명일동,11,서울특별시,11560,영등포구,1156011000,여의도동,06,15,13,3388.0
20260112,여의도역,11,서울특별시,11740,강동구,1174010100,명일동,11,서울특별시,11560,영등포구,1156011000,여의도동,06,30,22,3493.0
20260112,여의도역,11,서울특별시,11740,강동구,1174010100,명일동,11,서울특별시,11560,영등포구,1156011000,여의도동,06,45,19,3469.0
20260112,여의도역,11,서울특별시,11740,강동구,1174010100,명일동,11,서울특별시,11560,영등포구,1156011000,여의도동,07,00,31,3503.0
20260112,여의도역,11,서울특별시,11740,강동구,1174010100,명일동,11,서울특별시,11560,영등포구,1156011000,여의도동,07,15,30,3601.0
20260112,여의도역,11,서울특별시,11740,강동구,1174010100,명일동,11,서울특별시,11560,영등포구,1156011000,여의도동,07,30,30,3503.0
20260112,여의도역,11,서울특별시,11740,강동구,1174010100,명일동,11,서울특별시,11560,영등포구,1156011000,여의도동,07,45,24,3384.0
20260112,여의도역,11,서울특별시,11740,강동구,1174010100,명일동,11,서울특별시,11560,영등포구,1156011000,여의도동,08,00,8,3487.0
20260112,여의도역,11,서울특별시,11740,강동구,1174010100,명일동,11,서울특별시,11560,영등포구,1156011000,여의도동,08,15,7,3368.0
20260112,여의도역,11,서울특별시,11740,강동구,1174010100,명일동,11,서울특별시,11560,영등포구,1156011000,여의도동,08,30,4,3150.0
20260112,여의도역,11,서울특별시,11740,강동구,1174010100,명일동,11,서울특별시,11560,영등포구,1156011000,여의도동,08,45,11,3255.0
20260112,여의도역,11,서울특별시,11740,강동구,1174010100,명일동,11,서울특별시,11560,영등포구,1156011000,여의도동,09,00,1,3782.0
20260112,여의도역,11,서울특별시,11740,강동구,1174010100,명일동,11,서울특별시,11560,영등포구,1156011000,여의도동,09,15,3,3393.0
20260112,여의도역,11,서울특별시,11740,강동구,1174010100,명일동,11,서울특별시,11560,영등포구,1156011000,여의도동,09,30,2,3637.0
20260112,여의도역,11,서울특별시,11740,강동구,1174010100,명일동,11,서울특별시,11560,영등포구,1156011000,여의도동,09,45,4,3244.0
20260112,여의도역,11,서울특별시,11740,강동구,1174010100,명일동,11,서울특별시,11560,영등포구,1156011000,여의도동,10,00,3,3213.0
20260112,여의도역,11,서울특별시,11740,강동구,1174010100,명일동,11,서울특별시,11560,영등포구,1156011000,여의도동,10,30,2,3345.0
20260112,여의도역,11,서울특별시,11740,강동구,1174010100,명일동,11,서울특별시,11560,영등포구,1156011000,여의도동,10,45,1,3454.0
20260112,여의도역,11,서울특별시,11740,강동구,1174010100,명일동,11,서울특별시,11560,영등포구,1156011000,여의도동,11,15,1,5962.0
20260112,여의도역,11,서울특별시,11740,강동구,1174010100,명일동,11,서울특별시,11560,영등포구,1156011000,여의도동,11,30,1,3328.0
20260112,여의도역,11,서울특별시,11740,강동구,1174010100,명일동,11,서울특별시,11560,영등포구,1156011000,여의도동,12,15,3,3478.0
20260112,여의도역,11,서울특별시,11740,강동구,1174010100,명일동,11,서울특별시,11560,영등포구,1156011000,여의도동,12,30,1,3591.0
20260112,여의도역,11,서울특별시,11740,강동구,1174010100,명일동,11,서울특별시,11560,영등포구,1156011000,여의도동,12,45,2,3201.0
20260112,여의도역,11,서울특별시,11740,강동구,1174010200,고덕동,11,서울특별시,11560,영등포구,1156011000,여의도동,06,00,4,3880.0
20260112,여의도역,11,서울특별시,11740,강동구,1174010200,고덕동,11,서울특별시,11560,영등포구,1156011000,여의도동,06,15,15,3449.0
20260112,여의도역,11,서울특별시,11740,강동구,1174010200,고덕동,11,서울특별시,11560,영등포구,1156011000,여의도동,06,30,15,3594.0
20260112,여의도역,11,서울특별시,11740,강동구,1174010200,고덕동,11,서울특별시,11560,영등포구,1156011000,여의도동,06,45,17,3641.0
20260112,여의도역,11,서울특별시,11740,강동구,1174010200,고덕동,11,서울특별시,11560,영등포구,1156011000,여의도동,07,00,7,3879.0
20260112,여의도역,11,서울특별시,11740,강동구,1174010200,고덕동,11,서울특별시,11560,영등포구,1156011000,여의도동,07,15,14,3906.0
20260112,여의도역,11,서울특별시,11740,강동구,1174010200,고덕동,11,서울특별시,11560,영등포구,1156011000,여의도동,07,30,26,3699.0
20260112,여의도역,11,서울특별시,11740,강동구,1174010200,고덕동,11,서울특별시,11560,영등포구,1156011000,여의도동,07,45,6,3673.0
20260112,여의도역,11,서울특별시,11740,강동구,1174010200,고덕동,11,서울특별시,11560,영등포구,1156011000,여의도동,08,00,4,3815.0
20260112,여의도역,11,서울특별시,11740,강동구,1174010200,고덕동,11,서울특별시,11560,영등포구,1156011000,여의도동,08,15,5,3558.0
20260112,여의도역,11,서울특별시,11740,강동구,1174010200,고덕동,11,서울특별시,11560,영등포구,1156011000,여의도동,08,30,6,3534.0
20260112,여의도역,11,서울특별시,11740,강동구,1174010200,고덕동,11,서울특별시,11560,영등포구,1156011000,여의도동,08,45,2,3544.0
20260112,여의도역,11,서울특별시,11740,강동구,1174010200,고덕동,11,서울특별시,11560,영등포구,1156011000,여의도동,09,00,4,3561.0
20260112,여의도역,11,서울특별시,11740,강동구,1174010200,고덕동,11,서울특별시,11560,영등포구,1156011000,여의도동,09,15,4,4090.0
20260112,여의도역,11,서울특별시,11740,강동구,1174010200,고덕동,11,서울특별시,11560,영등포구,1156011000,여의도동,09,30,2,3862.0
20260112,여의도역,11,서울특별시,11740,강동구,1174010200,고덕동,11,서울특별시,11560,영등포구,1156011000,여의도동,09,45,3,3640.0
20260112,여의도역,11,서울특별시,11740,강동구,1174010200,고덕동,11,서울특별시,11560,영등포구,1156011000,여의도동,10,30,2,3430.0
20260112,여의도역,11,서울특별시,11740,강동구,1174010200,고덕동,11,서울특별시,11560,영등포구,1156011000,여의도동,10,45,1,3454.0
20260112,여의도역,11,서울특별시,11740,강동구,1174010200,고덕동,11,서울특별시,11560,영등포구,1156011000,여의도동,11,15,1,3585.0
20260112,여의도역,11,서울특별시,11740,강동구,1174010200,고덕동,11,서울특별시,11560,영등포구,1156011000,여의도동,11,45,1,3564.0
20260112,여의도역,11,서울특별시,11740,강동구,1174010200,고덕동,11,서울특별시,11560,영등포구,1156011000,여의도동,12,00,3,3911.0
20260112,여의도역,11,서울특별시,11740,강동구,1174010200,고덕동,11,서울특별시,11560,영등포구,1156011000,여의도동,12,30,1,3371.0
20260112,여의도역,11,서울특별시,11740,강동구,1174010200,고덕동,11,서울특별시,11560,영등포구,1156011000,여의도동,12,45,2,3620.0
20260112,여의도역,11,서울특별시,11740,강동구,1174010300,상일동,11,서울특별시,11560,영등포구,1156011000,여의도동,06,00,29,3758.0
20260112,여의도역,11,서울특별시,11740,강동구,1174010300,상일동,11,서울특별시,11560,영등포구,1156011000,여의도동,06,15,45,3864.0
20260112,여의도역,11,서울특별시,11740,강동구,1174010300,상일동,11,서울특별시,11560,영등포구,1156011000,여의도동,06,30,44,3749.0
20260112,여의도역,11,서울특별시,11740,강동구,1174010300,상일동,11,서울특별시,11560,영등포구,1156011000,여의도동,06,45,43,4046.0
20260112,여의도역,11,서울특별시,11740,강동구,1174010300,상일동,11,서울특별시,11560,영등포구,1156011000,여의도동,07,00,23,3890.0
20260112,여의도역,11,서울특별시,11740,강동구,1174010300,상일동,11,서울특별시,11560,영등포구,1156011000,여의도동,07,15,35,4151.0
20260112,여의도역,11,서울특별시,11740,강동구,1174010300,상일동,11,서울특별시,11560,영등포구,1156011000,여의도동,07,30,24,3757.0
20260112,여의도역,11,서울특별시,11740,강동구,1174010300,상일동,11,서울특별시,11560,영등포구,1156011000,여의도동,07,45,21,3809.0
20260112,여의도역,11,서울특별시,11740,강동구,1174010300,상일동,11,서울특별시,11560,영등포구,1156011000,여의도동,08,00,14,4000.0
20260112,여의도역,11,서울특별시,11740,강동구,1174010300,상일동,11,서울특별시,11560,영등포구,1156011000,여의도동,08,15,9,3569.0
20260112,여의도역,11,서울특별시,11740,강동구,1174010300,상일동,11,서울특별시,11560,영등포구,1156011000,여의도동,08,30,11,3682.0
20260112,여의도역,11,서울특별시,11740,강동구,1174010300,상일동,11,서울특별시,11560,영등포구,1156011000,여의도동,08,45,4,3441.0
20260112,여의도역,11,서울특별시,11740,강동구,1174010300,상일동,11,서울특별시,11560,영등포구,1156011000,여의도동,09,00,1,4016.0
20260112,여의도역,11,서울특별시,11740,강동구,1174010300,상일동,11,서울특별시,11560,영등포구,1156011000,여의도동,09,15,3,3761.0
20260112,여의도역,11,서울특별시,11740,강동구,1174010300,상일동,11,서울특별시,11560,영등포구,1156011000,여의도동,09,30,2,4092.0
20260112,여의도역,11,서울특별시,11740,강동구,1174010300,상일동,11,서울특별시,11560,영등포구,1156011000,여의도동,10,00,3,3722.0
20260112,여의도역,11,서울특별시,11740,강동구,1174010300,상일동,11,서울특별시,11560,영등포구,1156011000,여의도동,10,15,2,2904.0
20260112,여의도역,11,서울특별시,11740,강동구,1174010300,상일동,11,서울특별시,11560,영등포구,1156011000,여의도동,10,45,1,4141.0
20260112,여의도역,11,서울특별시,11740,강동구,1174010300,상일동,11,서울특별시,11560,영등포구,1156011000,여의도동,11,30,4,3591.0
20260112,여의도역,11,서울특별시,11740,강동구,1174010300,상일동,11,서울특별시,11560,영등포구,1156011000,여의도동,12,00,1,3636.0
20260112,여의도역,11,서울특별시,11740,강동구,1174010300,상일동,11,서울특별시,11560,영등포구,1156011000,여의도동,12,30,4,3469.0
20260112,여의도역,11,서울특별시,11740,강동구,1174010300,상일동,11,서울특별시,11560,영등포구,1156011000,여의도동,12,45,1,4163.0
