개방자치단체코드,관리번호,인허가일자,인허가취소일자,영업상태명,폐업일자,휴업시작일자,휴업종료일자,재개업일자,소재지면적,소재지우편번호,도로명우편번호,사업장명,업태구분명,데이터갱신구분,데이터갱신시점,도로명주소,상세영업상태명,상세영업상태코드,영업상태코드,전화번호,점포구분명,좌표정보(X),좌표정보(Y),지번주소,최종수정시점
3000000,2008300012907500001,2008-03-05,,폐업,2014-11-26,,,,18776.28,110-841,,크레타 망고 아울렛,전문점,I,2025-12-15 16:15:28,,폐업처리,3,03,0221713182,,201273.887781838    ,452163.292543039    ,서울특별시 종로구 창신동 328번지 18호,2014-11-27 09:20:40
3000000,2022300020207500001,2022-06-28,,영업/정상,,,,,297,,03025,GS THE FRESH 무악현대점,구분없음,I,2025-12-15 16:15:28,"서울특별시 종로구 통일로 246-10, 무악현대아파트 지하 1층 (무악동)",정상영업,1,01,0220062678,준대규모점포,,,서울특별시 종로구 무악동 82 무악현대아파트,2025-04-25 11:24:51
3000000,1971300007607500003,1971-09-06,,휴업,,,,,6194,,,종로세운상가,그 밖의 대규모점포,I,2025-12-15 16:15:28,,휴업처리,2,02,0222785356,,,,서울특별시 종로구 종로3가 175번지 4호   ,2007-07-21 10:27:56
3000000,1987000007607500005,1987-12-07,,휴업,,,,,,,,숭인제일아케이트,그 밖의 대규모점포,I,2025-12-15 16:15:28,,휴업처리,2,02,0313395465,,,,서울특별시 종로구 창신동 766호   ,2007-07-21 10:27:56
3000000,1987300007607500002,1987-10-30,,휴업,,,,,,,,광장시장주식회사,그 밖의 대규모점포,I,2025-12-15 16:15:28,,휴업처리,2,02,0222670291,,,,   호   ,2007-07-21 10:27:56
3000000,1991300007607500001,1991-07-31,,영업/정상,,,,,55081.94,110-784,,동대문종합시장,그 밖의 대규모점포,I,2026-01-07 22:48:10,서울특별시 종로구 종로 266 (종로6가),정상영업,1,01,0222620209,대규모점포,200717.7490316      ,452011.865092338    ,서울특별시 종로구 종로6가 289번지 3 호,2026-01-06 13:54:03
3000000,2003300007607500003,2003-10-20,,영업/정상,,,,,4612.66,110-126,,동대문종합시장 신관,복합쇼핑몰,I,2026-01-06 22:48:10,서울특별시 종로구 종로 272 (종로6가),정상영업,1,01,0222770114,대규모점포,200647.01325068     ,452054.764927519    ,서울특별시 종로구 종로6가 289번지 57호,2026-01-05 13:50:49
3000000,2003300012907500001,2003-03-04,,영업/정상,,,,,16128.75,110-833,,광장주식회사,시장,I,2025-12-15 16:15:28,,정상영업,1,01,22670291,,199837.41426735     ,451974.128468485    ,서울특별시 종로구 예지동 6번지 1호,2007-08-01 17:39:46
3000000,2004300007607500002,2004-04-30,,영업/정상,,,,,4674.66,110-714,,종로1번지아케이트,전문점,I,2025-12-15 16:15:28,서울특별시 종로구 종로 1 (종로1가),정상영업,1,01,023973445,대규모점포,,,서울특별시 종로구 종로1가 1번지,2025-04-21 17:34:19
3000000,2004300007607500003,2004-04-30,,영업/정상,,,,,,,,영풍문고,대형마트,I,2025-12-15 16:15:28,,정상영업,1,01,023995591,,,,서울특별시 종로구 서린동 33호   ,2007-07-21 10:27:56
3000000,2004300007607500017,2004-06-30,,영업/정상,,,,,,,,동대문신발도매상가,그 밖의 대규모점포,I,2025-12-15 16:15:28,,정상영업,1,01,0236760177,,,,서울특별시 종로구 창신동 436번지 79  호   ,2007-07-21 10:27:56
3000000,2004300007607500018,2004-12-10,,영업/정상,,,,,11750,,03198,동대문종합시장D동상가,그 밖의 대규모점포,I,2025-12-15 16:15:28,"서울특별시 종로구 종로 266, 동대문종합시장D동상가  동 (종로6가)",정상영업,1,01,0222798751,대규모점포,200579.409754868    ,452035.347658612    ,서울특별시 종로구 종로6가 270번지 3호 동대문종합시장D동상가,2025-09-03 09:58:23
3000000,2004300012907500001,1992-07-04,,영업/정상,,,,,6906.53,110-752,,(주)영풍문고,전문점,I,2025-12-15 16:15:28,서울특별시 종로구 청계천로 41 (서린동),정상영업,1,01,025192800,대규모점포,,,서울특별시 종로구 서린동 33번지 영풍빌딩,2022-04-25 14:14:33
3000000,2005300007607500001,2005-01-27,,영업/정상,,,,,,,,종로세운상가,대형마트,I,2025-12-15 16:15:28,,정상영업,1,01,0222785356,,,,   호   ,2007-07-21 10:27:56
3000000,2005300007607500002,2005-02-18,,휴업,,,,,6638,,,종로세운상가,그 밖의 대규모점포,I,2025-12-15 16:15:28,,휴업처리,2,02,22785356,,,,서울특별시 종로구 종로3가 175번지 4호   ,2007-07-21 10:27:56
3000000,2007300010107500001,2007-07-04,,영업/정상,,,,,9370.53,,03130,효성주얼리시티,그 밖의 대규모점포,I,2025-12-15 16:15:28,"서울특별시 종로구 종로 183 (인의동, 효성주얼리시티)",정상영업,1,01,027435390,대규모점포,199812.609633255    ,452132.648343993    ,서울특별시 종로구 인의동 48번지 2호,2021-05-02 13:31:32
3000000,2007300012907500001,2007-09-07,,영업/정상,,,,,3393.77,,03095,브라운스톤 창신상가,그 밖의 대규모점포,I,2025-12-15 16:15:28,"서울특별시 종로구 지봉로 81 (창신동, 브라운스톤 창신)",정상영업,1,01,,준대규모점포,201258.062657124    ,452787.132831042    ,서울특별시 종로구 창신동 23번지 76호 브라운스톤 창신,2019-01-31 14:46:28
3000000,2010300012907500001,2010-02-18,,영업/정상,,,,,8390.2,110-410,,세운스퀘어,그 밖의 대규모점포,I,2025-12-15 16:15:28,서울특별시 종로구 창경궁로 109 (인의동),정상영업,1,01,34130276,대규모점포,199670.979884558    ,452221.775006084    ,서울특별시 종로구 인의동 112번지 2호,2024-10-14 10:32:03
3000000,2011300012907500001,2011-08-16,,영업/정상,,,,,273.3,110-876,,홈플러스(주)익스프레스 숭인점,구분없음,I,2025-12-15 16:15:28,서울특별시 종로구 종로 347 (숭인동),정상영업,1,01,027438546,준대규모점포,,,서울특별시 종로구 숭인동 76번지 롯데캐슬천지인 1층,2024-04-01 18:07:37
3000000,2011300012907500003,2011-12-20,,영업/정상,,,,,432.9,110-061,,홈플러스(주)익스프레스 광화문점,복합쇼핑몰,I,2025-12-15 16:15:28,"서울특별시  새문안로 91, 1층 (고려빌딩)",정상영업,1,01,027379994,준대규모점포,,,서울특별시 종로구 신문로1가 24번지  고려빌딩 1층,2024-04-01 18:06:58
3000000,2012300012907500001,1955-07-05,,영업/정상,,,,,16128.75,110-440,,광장시장,복합쇼핑몰,I,2025-12-15 16:15:28,서울특별시 종로구 창경궁로 88 (예지동),정상영업,1,01,22670291,대규모점포,199837.41426735     ,451974.128468485    ,서울특별시 종로구 예지동 6번지 1호,2020-10-04 14:50:40
3000000,2014300016907500001,1987-10-30,,영업/정상,,,,,3660,,,동문시장,시장,I,2025-12-15 16:15:28,서울특별시 종로구 종로44길 14 (창신동),정상영업,1,01,027644766,대규모점포,,,,2021-02-03 07:59:28
3000000,2019300020207500001,2019-09-17,,영업/정상,,,,,25198.02,,03140,낙원상가,그 밖의 대규모점포,I,2025-12-15 16:15:28,"서울특별시 종로구 삼일대로 428, 낙원상가 506호 (낙원동)",정상영업,1,01,024304200,대규모점포,,,서울특별시 종로구 낙원동 288번지 낙원상가,2019-09-25 15:06:02
3000000,2019300020207500002,2019-09-17,,영업/정상,,,,,25198.02,,03140,낙원상가,그 밖의 대규모점포,I,2025-12-15 16:15:28,"서울특별시 종로구 삼일대로 428, 낙원상가 (낙원동)",정상영업,1,01,027436133,대규모점포,,,서울특별시 종로구 낙원동 288번지 낙원상가,2019-09-25 15:05:06
3000000,2020300020207500001,1971-03-25,,영업/정상,,,,1971-03-25,1313,,03117,신설종합시장,시장,I,2025-12-15 16:15:28,"서울특별시 종로구 난계로27길 51, 신설종합시장 숭인동 (숭인동)",정상영업,1,01,,대규모점포,201727.670840565    ,452264.420237876    ,서울특별시 종로구 숭인동 206-9 신설종합시장 숭인동,2020-07-22 14:14:39
3000000,2021300020207500001,1987-10-30,,영업/정상,,,,,1313,,03117,신설종합시장(주),그 밖의 대규모점포,I,2025-12-15 16:15:28,"서울특별시 종로구 난계로27길 51, 신설종합시장 (숭인동)",정상영업,1,01,22347151,대규모점포,201727.670840565    ,452264.420237876    ,서울특별시 종로구 숭인동 206-9 신설종합시장,2021-02-03 08:15:07
3000000,2011300012907500002,2011-10-07,,폐업,2014-09-01,,,,7486,110-150,,중학아케이드,그 밖의 대규모점포,I,2025-12-15 16:15:28,,폐업처리,3,03,,대규모점포,,,서울특별시 종로구 중학동 62번지 외 66필지,2014-09-15 15:23:18
3010000,2002301007107500000,2000-05-30,2019-06-14,취소/말소/만료/정지/중지,,,,,12619,,04536,밀리오레명동,그 밖의 대규모점포,I,2025-12-15 16:15:28,"서울특별시 중구 퇴계로 115 (충무로1가, 밀레오레 명동)",직권취소,4,04,0221241510,대규모점포,198562.632745775    ,450975.116406048    ,서울특별시 중구 충무로1가 24번지 1호,2019-06-14 11:19:21
3010000,2002301007107500004,1979-04-20,,영업/정상,,,,,6775.3,,,남평화상가(주),그 밖의 대규모점포,I,2025-12-15 16:15:28,서울특별시 중구 장충단로 282-10 (신당동),정상영업,1,01,22370620,대규모점포,,,서울특별시 중구 신당동 772호,2022-05-06 17:03:30
3010000,2002301007107500005,1980-12-20,,영업/정상,,,,,6020.32,,,숭례문상가,그 밖의 대규모점포,I,2025-12-15 16:15:28,,정상영업,1,01,34553721,대규모점포,197831.002724157    ,450794.31483169     ,서울특별시 중구 남창동 51번지 1호,2016-04-10 17:13:12
3010000,2002301007107500006,1978-12-22,,영업/정상,,,,,7676.86,,04533,호텔롯데아케이드,그 밖의 대규모점포,I,2025-12-15 16:15:28,"서울특별시 중구 을지로 30 (소공동, 롯데호텔)",정상영업,1,01,027596550,대규모점포,,,서울특별시 중구 소공동 1번지,2023-12-06 13:50:49
3010000,2002301007107500007,2002-06-12,,영업/정상,,,,,9067.72,,,에이피엠패션몰,그 밖의 대규모점포,I,2025-12-15 16:15:28,서울특별시 중구 마장로 40 (신당동),정상영업,1,01,0222502002,대규모점포,201031.479363871    ,451759.262402974    ,서울특별시 중구 신당동 193번지 3호,2021-05-11 10:16:57
3010000,2002301007107500008,1962-11-02,,영업/정상,,,,,14330,,04576,서울중앙시장,그 밖의 대규모점포,I,2025-12-15 16:15:28,서울특별시 중구 퇴계로85길 22 (황학동),정상영업,1,01,,대규모점포,,,,2020-01-14 16:58:16
3010000,2002301007107500009,2002-07-22,,영업/정상,,,,,13941.72,100-951,,헬로우에이피엠,그 밖의 대규모점포,I,2025-12-15 16:15:28,서울특별시 중구 장충단로 253 (을지로6가),정상영업,1,01,63881100,대규모점포,200649.776732085    ,451689.785216541    ,서울특별시 중구 을지로6가 18번지 35호,2014-11-27 09:28:34
3010000,2004301007107500001,2004-06-01,,영업/정상,,,,,11090.62,,,롯데쇼핑(주)롯데마트 제타플렉스 서울역점,대형마트,I,2026-01-15 22:48:11,서울특별시 중구 청파로 426 (봉래동2가),정상영업,1,01,023902521,대규모점포,,,서울특별시 중구 봉래동2가 122호,2026-01-14 09:39:36
3010000,2005301007107500001,1983-06-03,,영업/정상,,,,,12192.28,100-451,,청평화시장,그 밖의 대규모점포,I,2025-12-15 16:15:28,서울특별시 중구 청계천로 334 (신당동),정상영업,1,01,0222328082,대규모점포,201250.876993355    ,451908.773811626    ,서울특별시 중구 신당1동 217번지 91호,2024-04-01 09:12:19
3010000,2005301007107500002,1973-10-30,,휴업,,2025-04-01,2026-03-30,,13877.55,,,롯데쇼핑본점영플라자,백화점,I,2026-01-09 22:48:10,서울특별시 중구 남대문로 67 (남대문로2가),휴업처리,2,02,027712500,대규모점포,,,서울특별시 중구 남대문로2가 123호,2026-01-08 13:35:17
3010000,2006301007107500001,2006-04-14,,영업/정상,,,,,18815.13,,,디오트,그 밖의 대규모점포,I,2025-12-15 16:15:28,서울특별시 중구 다산로 293 (신당동),정상영업,1,01,0222320040,대규모점포,201236.031514508    ,451872.409388295    ,서울특별시 중구 신당동 193번지 2 호,2022-08-05 13:57:43
3010000,1985301013007500003,1985-11-09,,폐업,2015-08-27,,,,0,,,(주)심풍유통,그 밖의 대규모점포,I,2025-12-15 16:15:28,서울특별시 중구 마른내로 140 (쌍림동),폐업처리,3,03,0222739909,대규모점포,,,,2015-08-27 14:10:35
3010000,1996301013007500001,1996-08-31,,폐업,2015-08-27,,,,75439.97,,,케레스타,그 밖의 대규모점포,I,2025-12-15 16:15:28,서울특별시 중구 남대문로 84 (남대문로2가),폐업처리,3,03,0220484800,대규모점포,,,,2015-08-27 09:23:01
3010000,1997301013007500004,1997-08-22,,폐업,2015-08-27,,,,0,,,대한통운마트,그 밖의 대규모점포,I,2025-12-15 16:15:28,서울특별시 중구 세종대로9길 58-12 (서소문동),폐업처리,3,03,0237820114,대규모점포,,,,2015-08-27 14:08:44
3010000,2002301013007500001,2002-02-01,,폐업,2015-08-27,,,,18414.89,,,아바타,그 밖의 대규모점포,I,2025-12-15 16:15:28,서울특별시 중구 명동길 14 (명동2가),폐업처리,3,03,0237835055,대규모점포,,,,2015-08-27 14:06:32
3010000,2002301013007500002,2002-02-01,,폐업,2015-08-27,,,,6274.38,,,서소문화훼종합물류센터,그 밖의 대규모점포,I,2025-12-15 16:15:28,서울특별시 중구 칠패로 5 (의주로2가),폐업처리,3,03,023641277,대규모점포,,,,2015-08-27 14:07:38
3010000,2002301013007500006,2002-03-28,,폐업,2015-08-27,,,,1210.07,,,호텔신라아케이트,그 밖의 대규모점포,I,2025-12-15 16:15:28,서울특별시 중구 동호로 249 (장충동2가),폐업처리,3,03,0222303222,대규모점포,,,,2015-08-27 14:07:02
3010000,2006301013007500005,2006-08-07,,폐업,2015-08-27,,,,10395.41,,,메사,그 밖의 대규모점포,I,2025-12-15 16:15:28,서울특별시 중구 남대문시장10길 2 (회현동1가),폐업처리,3,03,0221285067,대규모점포,,,,2015-08-27 14:05:53
3010000,200730101300751,1971-05-18,,폐업,2015-08-27,,,,754,,,합동시장,그 밖의 대규모점포,I,2025-12-15 16:15:28,서울특별시 중구 서소문로6길 34 (중림동),폐업처리,3,03,023925786,대규모점포,,,,2015-08-27 09:13:32
3010000,2010301010007500002,2000-08-21,,폐업,2025-02-14,,,,12585.13,100-881,,신세계백화점메사점,쇼핑센터,I,2025-12-15 16:15:28,"서울특별시 중구 남대문시장10길 2 (회현동1가,메사빌딩)",폐업처리,3,03,027271471,대규모점포,,,서울특별시 중구 회현동1가 204번지 메사빌딩,2025-02-18 17:22:14
3010000,2011301010007500002,2011-10-07,,폐업,2024-08-04,,,,648.4,,04597,롯데쇼핑(주)롯데슈퍼신당점,구분없음,I,2025-12-15 16:15:28,"서울특별시 중구 다산로 56, 제지2층 제비203호 (신당동, 남산정은스카이아파트)",폐업처리,3,03,0222905853,준대규모점포,,,,2024-08-14 17:31:38
3010000,2011301010007500003,2011-10-06,,폐업,2023-04-20,2015-05-30,2015-08-14,,107.8,100-011,,롯데쇼핑(주)롯데슈퍼명동점,그 밖의 대규모점포,I,2025-12-15 16:15:28,서울특별시 중구 명동8나길 47 (충무로1가),폐업처리,3,03,027785603,준대규모점포,198364.631775078    ,450975.950410804    ,서울특별시 중구 충무로1가 25번지 8호,2023-04-24 13:05:24
3010000,2014301013007500019,2008-07-04,,폐업,2015-08-27,,,,15861,,,신세계 이마트 청계천점,그 밖의 대규모점포,I,2025-12-15 16:15:28,서울특별시 중구 청계천로 400 (황학동),폐업처리,3,03,0222901052,대규모점포,,,,2015-08-27 09:19:02
3010000,2006301007107500002,2006-04-21,2016-12-19,취소/말소/만료/정지/중지,,,,,13006.43,100-889,,패션몰 유어스,그 밖의 대규모점포,I,2025-12-15 16:15:28,서울특별시 중구 마장로 22 (신당동),직권취소,4,04,0222502002,대규모점포,,,서울특별시 중구 신당동 22번지,2017-03-23 13:37:14
3010000,2006301007107500003,2006-06-07,,휴업,,,,,9782.03,,,라모도 쇼핑몰,그 밖의 대규모점포,I,2025-12-15 16:15:28,서울특별시 중구 을지로 276 (을지로7가),휴업처리,2,02,0222005000,,,,서울특별시 중구 을지로7가 105호   ,2007-07-07 11:22:15
3010000,2008301010007500002,2008-06-26,,영업/정상,,,,,20144.48,100-899,,주식회사 이마트 청계천점,대형마트,I,2025-12-15 16:15:28,서울특별시 중구 청계천로 400-0 (황학동),정상영업,1,01,0222901234,대규모점포,,,서울특별시 중구 황학동 2545번지,2024-11-19 09:48:29
3010000,2008301010007500003,2008-07-18,,영업/정상,,,,,27653.82,100-440,,베네치아메가몰,그 밖의 대규모점포,I,2025-12-15 16:15:28,서울특별시 중구 청계천로 400 (황학동),정상영업,1,01,0220488231,대규모점포,,,서울특별시 중구 황학동 2545번지,2017-08-03 13:28:26
3010000,2008301010007500004,2008-08-27,,영업/정상,,,,,5835.93,,04536,엠플라자(M plaza),쇼핑센터,I,2025-12-15 16:15:28,"서울특별시 중구 명동8길 27 (명동2가, 엠 플라자)",정상영업,1,01,023188322,대규모점포,198619.38819773     ,451135.740279961    ,서울특별시 중구 명동2가 31번지 1호,2016-07-04 14:41:05
3010000,2008301010007500005,2008-09-16,,영업/정상,,,,,40302.01,100-729,,굿모닝시티 쇼핑몰,쇼핑센터,I,2025-12-15 16:15:28,"서울특별시 중구 장충단로 247 (을지로6가,굿모닝시티쇼핑몰)",정상영업,1,01,0221188700,대규모점포,200573.641273539    ,451621.036467544    ,서울특별시 중구 을지로6가 18번지 21호 굿모닝시티쇼핑몰,2025-10-31 17:54:29
3010000,2009301010007500001,1962-02-23,,영업/정상,,,,1962-02-23,24483.79,100-726,,평화시장,그 밖의 대규모점포,I,2025-12-15 16:15:28,서울특별시 중구  청계천로  274 (을지로6가),정상영업,1,01,0222653531,대규모점포,200644.673810142    ,451908.700024524    ,서울특별시 중구 을지로6가 17번지 48호,2024-11-19 09:50:32
3010000,2009301010007500003,2002-01-15,,영업/정상,,,,,21481.63,100-810,,눈스퀘어,그 밖의 대규모점포,I,2025-12-15 16:15:28,서울특별시 중구 명동길 14 (명동2가),정상영업,1,01,37835204,대규모점포,198418.741655644    ,451237.168596152    ,서울특별시 중구 명동2가 83번지 5호,2016-06-15 17:43:30
3010000,2009301010007500005,1972-09-18,,영업/정상,,,,,10041.58,100-194,,대림상가,그 밖의 대규모점포,I,2025-12-15 16:15:28,서울특별시 중구 을지로 157 (을지로4가),정상영업,1,01,22785191,대규모점포,199534.329650967    ,451608.222852119    ,서울특별시 중구 을지로4가 9번지 6호,2018-04-25 13:02:52
3010000,2010301010007500001,1973-04-10,,영업/정상,,,,,78348.39,100-747,,신세계백화점,백화점,I,2025-12-15 16:15:28,"서울특별시 중구 소공로 63 (충무로1가,신세계백화점건물)",정상영업,1,01,023101041,대규모점포,198263.90839194     ,450960.762964932    ,서울특별시 중구 충무로1가 52번지 5호 신세계백화점건물,2025-01-31 16:39:05
3010000,2010301010007500003,2006-10-23,,영업/정상,,,,,8119,100-451,,올레오,쇼핑센터,I,2025-12-15 16:15:28,서울특별시 중구 마장로1길 22 (신당동),정상영업,1,01,0222308200,대규모점포,201040.352596045    ,451852.142613352    ,서울특별시 중구 신당1동 213번지 8호,2023-03-10 13:30:31
3010000,2010301010007500004,2010-10-08,,영업/정상,,,,,17758.45,100-451,,맥스타일,전문점,I,2025-12-15 16:15:28,서울특별시 중구 마장로 3 (신당동),정상영업,1,01,22380981,대규모점포,,,서울특별시 중구 신당1동 773번지,2023-01-02 08:56:55
3010000,2011301010007500001,1970-01-29,,영업/정상,,,,,15144,100-726,,통일상가,그 밖의 대규모점포,I,2025-12-15 16:15:28,서울특별시 중구 장충단로13길 20 (을지로6가),정상영업,1,01,0222691969,대규모점포,,,서울특별시 중구 을지로6가 17번지,2015-01-29 11:06:21
3010000,2012301010007500001,1981-10-27,,영업/정상,,,,1981-10-27,9629.48,,,제일평화시장,그 밖의 대규모점포,I,2025-12-15 16:15:28,서울특별시 중구 마장로 13 (신당동),정상영업,1,01,0222526744,대규모점포,,,,2023-05-08 10:26:01
3010000,2012301010007500002,1979-12-27,,영업/정상,,,,1997-12-27,59979.25,,,롯데백화점 본점,백화점,I,2026-01-09 22:48:10,서울특별시 중구 남대문로 81 (소공동),정상영업,1,01,027723871,대규모점포,,,,2026-01-08 13:26:13
3010000,2012301010007500003,2012-08-31,,영업/정상,,2024-09-06,2024-09-26,2024-09-27,17356.62,100-196,,던던 동대문점,쇼핑센터,I,2026-01-22 22:48:11,서울특별시 중구 을지로 264 (을지로6가),정상영업,1,01,0262624202,대규모점포,200548.038848161    ,451497.626572161    ,서울특별시 중구 을지로6가 21번지 31호,2026-01-21 15:31:34
3010000,2012301010007500004,2012-12-27,,영업/정상,,,,2013-01-18,11576.19,100-162,,롯데아울렛 서울역점,쇼핑센터,I,2025-12-15 16:15:28,서울특별시 중구 한강대로 405 (봉래동2가),정상영업,1,01,027262500,대규모점포,197229.761422932    ,450418.159244379    ,서울특별시 중구 봉래동2가 122번지 11호,2012-12-27 14:38:37
3010000,2012301010007500005,1999-09-01,,영업/정상,,,,2013-01-18,11576.19,100-162,,롯데아울렛 서울역점,쇼핑센터,I,2025-12-15 16:15:28,서울특별시 중구 한강대로 405 (봉래동2가),정상영업,1,01,023904015,대규모점포,,,서울특별시 중구 봉래동2가 120번지 11호,2022-02-10 09:34:02
3010000,2013301013007500001,1979-05-25,,영업/정상,,,,,13458.03,100-451,,(주)광희패션몰,그 밖의 대규모점포,I,2025-12-15 16:15:28,서울특별시 중구 마장로1길 21 (신당동),정상영업,1,01,0222384352,대규모점포,,,서울특별시 중구 신당1동 777번지,2022-04-28 16:57:23
3010000,2014301013007500001,2014-01-10,,영업/정상,,,,,492.56,,,(주)지에스리테일 남산타운점,구분없음,I,2025-12-15 16:15:28,서울특별시 중구 다산로 32 (신당동),정상영업,1,01,0220062156,준대규모점포,,,,2025-04-14 18:54:10
3010000,2014301013007500003,1998-08-11,,영업/정상,,,,,17736.37,100-762,,밀리오레,그 밖의 대규모점포,I,2025-12-15 16:15:28,서울특별시 중구 장충단로 263 (을지로6가),정상영업,1,01,0233931500,대규모점포,200664.582936542    ,451781.8683954      ,서울특별시 중구 을지로6가 18번지 185호,2017-07-05 14:08:03
3010000,2014301013007500004,1976-11-02,,영업/정상,,,,,9316.94,,,굳앤굳 디자이너월드,그 밖의 대규모점포,I,2025-12-15 16:15:28,서울특별시 중구 남대문로 30 (남창동),정상영업,1,01,0263655959,대규모점포,,,,2019-04-08 15:14:31
3010000,2014301013007500005,1968-07-30,,영업/정상,,,,,19023.64,,,동화상가,그 밖의 대규모점포,I,2025-12-15 16:15:28,서울특별시 중구 장충단로13길 34 (을지로6가),정상영업,1,01,22659611,대규모점포,,,,2016-03-28 15:58:37
3010000,2014301013007500006,1996-07-05,,영업/정상,,,,,21527.19,,,누죤,그 밖의 대규모점포,I,2025-12-15 16:15:28,서울특별시 중구 을지로45길 62 (신당동),정상영업,1,01,0263663056,대규모점포,,,,2025-02-25 09:09:08
3010000,2014301013007500007,1999-01-05,,영업/정상,,,,,15695.63,,,두타몰,그 밖의 대규모점포,I,2025-12-15 16:15:28,서울특별시 중구 장충단로 275 (을지로6가),정상영업,1,01,0233961657,대규모점포,,,,2025-04-21 13:58:36
3010000,2014301013007500008,1985-11-28,,영업/정상,,,,,13793.3,,,삼익패션타운,그 밖의 대규모점포,I,2025-12-15 16:15:28,서울특별시 중구 남대문시장8길 7 (남창동),정상영업,1,01,027567536,대규모점포,,,,2025-04-28 17:31:36
3010000,2014301013007500009,1959-02-24,,영업/정상,,,,,20707,,,중부시장,그 밖의 대규모점포,I,2025-12-15 16:15:28,서울특별시 중구 을지로36길 35 (오장동),정상영업,1,01,0222675617,대규모점포,,,,2021-08-24 18:32:28
3010000,2014301013007500010,1976-11-29,,영업/정상,,,,,18500,,,방산종합시장,그 밖의 대규모점포,I,2025-12-15 16:15:28,서울특별시 중구 동호로37길 20 (방산동),정상영업,1,01,0222686691,대규모점포,,,,2025-04-16 14:58:38
3010000,2014301013007500013,1990-06-04,,영업/정상,,,,,4448,,,아트프라자,그 밖의 대규모점포,I,2025-12-15 16:15:28,서울특별시 중구 마장로1길 28 (신당동),정상영업,1,01,0222322000,대규모점포,,,,2020-11-03 17:17:27
3010000,2014301013007500015,2000-07-07,,영업/정상,,,,,6954.85,,,남산타운5상가,그 밖의 대규모점포,I,2025-12-15 16:15:28,서울특별시 중구 다산로 32 (신당동),정상영업,1,01,0222563500,대규모점포,,,,2015-01-30 14:59:15
3010000,2014301013007500016,2000-07-07,,영업/정상,,,,,5268.33,,,남산타운2상가,그 밖의 대규모점포,I,2025-12-15 16:15:28,서울특별시 중구 다산로 32 (신당동),정상영업,1,01,0222563500,대규모점포,,,,2016-04-10 18:30:01
3010000,2014301013007500017,1996-08-31,,영업/정상,,,,,33008.72,,,현대시티타워,쇼핑센터,I,2025-12-15 16:15:28,서울특별시 중구 장충단로 13-20 (을지로6가),정상영업,1,01,0220735111,대규모점포,,,,2017-05-08 13:51:41
3010000,2014301013007500018,2006-03-17,,영업/정상,,,,,4944.51,,,하이해리엇,그 밖의 대규모점포,I,2025-12-15 16:15:28,서울특별시 중구 퇴계로 123 (충무로2가),정상영업,1,01,0220790950,대규모점포,,,,2020-04-30 15:47:31
3010000,2014301013007500021,2006-06-07,2014-11-10,취소/말소/만료/정지/중지,,,,,9782,,,라모도쇼핑몰,그 밖의 대규모점포,I,2025-12-15 16:15:28,서울특별시 중구 을지로 276 (을지로6가),직권취소,4,04,0222005000,대규모점포,,,,2014-12-16 16:31:01
3010000,2014301013007500022,1994-08-31,,영업/정상,,,,,7281.04,,,디자이너크럽,그 밖의 대규모점포,I,2025-12-15 16:15:28,서울특별시 중구 을지로45길 72 (신당동),정상영업,1,01,0222372503,대규모점포,,,,2020-04-30 15:46:04
3010000,2014301013007500023,1995-04-01,,영업/정상,,,,,3613.39,,,선싸인,그 밖의 대규모점포,I,2025-12-15 16:15:28,서울특별시 중구 명동8가길 27 (충무로2가),정상영업,1,01,027573421,대규모점포,,,,2020-04-30 15:43:19
3010000,2014301013007500024,1997-02-24,,영업/정상,,,,,5590.74,,,혜양엘리시움,그 밖의 대규모점포,I,2025-12-15 16:15:28,서울특별시 중구 마장로1길 18 (신당동),정상영업,1,01,0222501115,대규모점포,,,,2020-04-30 15:40:11
3010000,2014301013007500025,2002-07-22,,영업/정상,,,,,6752.63,,,남정종합상가,그 밖의 대규모점포,I,2025-12-15 16:15:28,서울특별시 중구 소월로 9 (남창동),정상영업,1,01,027573541,대규모점포,,,,2020-04-30 15:37:57
3010000,2016301013007500001,2016-03-07,,영업/정상,,,,,9272.66,,04565,에이피엠플레이스,쇼핑센터,I,2025-12-15 16:15:28,"서울특별시 중구 을지로 276 (을지로7가, apMPLACE)",정상영업,1,01,027771163,대규모점포,,,,2024-04-30 16:18:26
3010000,2016301013007500002,2016-10-07,,영업/정상,,,,,251.57,,04586,홈플러스익스프레스 신당점,구분없음,I,2025-12-15 16:15:28,서울특별시 중구 다산로 222 (신당동),정상영업,1,01,0222368543,준대규모점포,,,,2024-03-22 09:36:23
3010000,2017301013007500001,2017-03-23,,영업/정상,,,,,13006.43,,04566,DDP FASHION MALL,그 밖의 대규모점포,I,2025-12-15 16:15:28,"서울특별시 중구 마장로 22 (신당동, DDP FASHION MALL)",정상영업,1,01,0222907125,대규모점포,,,,2022-08-18 15:00:40
3010000,2017301013007500002,2017-10-31,,영업/정상,,,,,276.24,,04500,지에스수퍼마켓 중구만리점,구분없음,I,2025-12-15 16:15:28,"서울특별시 중구 만리재로 175, 401동 9,10,11호 (만리동2가)",정상영업,1,01,0220063215,준대규모점포,,,,2025-04-14 18:53:36
3010000,2019301016607500001,2019-10-17,,영업/정상,,,,,3778.41,,04545,청계상가,그 밖의 대규모점포,I,2025-12-15 16:15:28,"서울특별시 중구 청계천로 160, 세운청계상가 (산림동)",정상영업,1,01,0222648511,대규모점포,199521.200809167    ,451751.424132583    ,서울특별시 중구 산림동 207번지 1호 세운청계상가,2019-10-17 16:09:13
3010000,2021301016607500001,2021-07-16,,영업/정상,,,,,8767.97,,,센터포인트 명동,쇼핑센터,I,2025-12-15 16:15:28,,정상영업,1,01,0234522379,대규모점포,198401.701305913    ,451374.312212737    ,서울특별시 중구 남대문로2가 9-1,2022-05-10 10:26:39
3010000,2025301024107500001,2025-06-05,,영업/정상,,,,,5432.37,,04535,Chapter M,그 밖의 대규모점포,I,2025-12-15 16:15:28,서울특별시 중구 명동8나길 38 (충무로1가),영업개시전,5,01,0221847386,대규모점포,198403.083197305    ,451049.012425837    ,서울특별시 중구 충무로1가 21-17,2025-06-05 15:34:55
3010000,1964301010007500001,1964-10-13,,영업/정상,,,,,53845.06,100-060,,서울남대문시장,그 밖의 대규모점포,I,2025-12-15 16:15:28,서울특별시 중구 남대문시장4길 21 (남창동),정상영업,1,01,027532805,대규모점포,,,서울특별시 중구 남창동 49번지,2024-11-19 09:51:10
3010000,1968301010007500001,1996-07-04,,영업/정상,,,,,6140,,,팀204,그 밖의 대규모점포,I,2025-12-15 16:15:28,서울특별시 중구 마장로 30 (신당동),정상영업,1,01,0222323608,대규모점포,,,,2019-05-14 08:46:48
3010000,1970301013007500001,1970-01-29,,영업/정상,,,,,15144,,04563,통일상가,그 밖의 대규모점포,I,2025-12-15 16:15:28,"서울특별시 중구 청계천로 260-9 (을지로6가, 통일의류종합상가)",정상영업,1,01,0222691967,대규모점포,,,,2024-04-03 17:07:49
3010000,1971301007107500021,1971-12-30,,영업/정상,,,,,10269.89,,,진양상가,그 밖의 대규모점포,I,2025-12-15 16:15:28,서울특별시 중구 퇴계로 217 (충무로4가),정상영업,1,01,0222699891,대규모점포,199571.599470393    ,451124.851387624    ,서울특별시 중구 충무로4가 120번지 3   호,2016-04-10 15:47:35
3010000,1977301013007500022,1977-06-23,,영업/정상,,,,,9578,,,상제리제상가,그 밖의 대규모점포,I,2025-12-15 16:15:28,서울특별시 중구 삼일대로 363 (장교동),정상영업,1,01,027784611,대규모점포,,,,2020-04-30 16:07:24
3010000,1980301007107500001,1980-10-16,,영업/정상,,,,,4203.03,,,(주)에리어식스,그 밖의 대규모점포,I,2025-12-15 16:15:28,서울특별시 중구 마장로 19 (신당동),정상영업,1,01,0222384914,대규모점포,,,서울특별시 중구 신당동 776호,2015-01-30 15:14:43
3010000,1994301010007500001,2009-09-08,,영업/정상,,,,,4097.54,100-430,,우일타운,전문점,I,2025-12-15 16:15:28,서울특별시 중구 다산로 274 (흥인동),정상영업,1,01,22368027,대규모점포,201390.623455546    ,451682.924382048    ,서울특별시 중구 흥인동 3번지 4호,2016-04-20 17:57:02
3020000,1970302007407500005,1970-11-30,,폐업,2012-08-02,,,,4858.45,,,한강상가,시장,I,2025-12-15 16:15:28,서울특별시 용산구 이촌로 224 (이촌동),폐업처리,3,03,027980401,대규모점포,197450.277644237    ,446437.197878548    ,서울특별시 용산구 이촌동 300번지 27  호,2012-08-02 14:23:00
3020000,2025302020307500001,2025-02-20,,폐업,2025-12-30,,,,7470.17,,04428,신동아쇼핑센터,쇼핑센터,I,2026-01-01 02:40:00,"서울특별시 용산구 이촌로 352, 신동아쇼핑 (용산동6가)",폐업처리,3,03,027097215,대규모점포,198622.89264988     ,446114.155238838    ,서울특별시 용산구 용산동6가 69-167 신동아쇼핑,2025-12-30 16:13:51
3020000,2001302007407500002,2001-08-04,,폐업,2014-04-02,,,,3386,,,삼성테마트,그 밖의 대규모점포,I,2025-12-15 16:15:28,서울특별시 용산구 원효로 51 (산천동),폐업처리,3,03,027189555,대규모점포,,,서울특별시 용산구 산천동 202호,2014-04-03 09:51:54
3020000,2006302007407500003,1975-07-01,,폐업,2024-06-03,,,,2688.42,,,보광시장,시장,I,2025-12-15 16:15:28,서울특별시 용산구 보광로 30 (보광동),폐업처리,3,03,027940343,대규모점포,199955.429742269    ,447219.161582186    ,서울특별시 용산구 보광동 260번지 8호,2024-10-31 16:15:39
3020000,2012302009507500001,2012-03-13,,폐업,2024-12-29,,,,3271,140-012,,(주)농협유통하나로클럽용산점,대형마트,I,2025-12-15 16:15:28,서울특별시 용산구 청파로 122 (한강로2가),폐업처리,3,03,0220772800,대규모점포,196813.258497258    ,447881.970772064    ,서울특별시 용산구 한강로2가 15번지 19호,2024-12-31 17:47:16
3020000,2022302015007500002,2022-06-29,,영업/정상,,,,,9879.92,,04370,나진전자월드상가,전문점,I,2025-12-15 16:15:28,"서울특별시 용산구 청파로 109, 나진상가 14동 (한강로3가)",정상영업,1,01,0236700801,대규모점포,196697.031086973    ,447931.108267379    ,서울특별시 용산구 한강로3가 1-1 나진상가,2022-06-29 10:52:49
3020000,2022302015007500003,2022-08-08,,영업/정상,,,,,321.65,,04427,GS THE FRESH 용산이촌점,구분없음,I,2025-12-15 16:15:28,"서울특별시 용산구 이촌로 200, LG프라자 지하1층 (이촌동)",정상영업,1,01,0220062364,준대규모점포,197221.439324261    ,446524.508385914    ,서울특별시 용산구 이촌동 302-52 LG프라자,2025-04-18 09:45:23
3020000,2022302020307500001,2024-10-28,,영업/정상,,,,,13126.83,,04370,"나진상가 17,18동",전문점,I,2025-12-15 16:15:28,"서울특별시 용산구 청파로 125, 나진상가 (한강로2가)",정상영업,1,01,027163872,대규모점포,196873.001604976    ,447960.206197372    ,서울특별시 용산구 한강로2가 15-2 나진상가,2024-10-31 16:35:01
3020000,2025302020307500002,2025-05-29,,영업/정상,,,,,337.45,,04344,이마트에브리데이 이태원점,구분없음,I,2025-12-15 16:15:28,"서울특별시 용산구 회나무로13길 20-4, 일각빌딩 1층 (이태원동)",정상영업,1,01,023805042,준대규모점포,199034.580692003    ,448669.474748983    ,서울특별시 용산구 이태원동 254-5 일각빌딩,2025-09-16 15:50:54
3020000,2012302009507500002,2012-03-20,,폐업,2022-10-11,,,,858.3,140-026,,롯데쇼핑(주)롯데슈퍼 신동아점,구분없음,I,2025-12-15 16:15:28,서울특별시 용산구 이촌로 352 (용산동6가),폐업처리,3,03,0222905853,준대규모점포,198622.89264988     ,446114.155238838    ,서울특별시 용산구 용산동6가 69번지 167호,2022-10-17 14:06:31
3020000,2014302009507500003,2014-08-05,,폐업,2018-06-12,,,,106,,,롯데마켓999 용산파크자이가맹점,구분없음,I,2025-12-15 16:15:28,서울특별시 용산구 한강대로 205 (한강로1가),폐업처리,3,03,027968331,준대규모점포,,,,2018-06-12 11:32:44
3020000,2022302015007500001,2022-05-02,,폐업,2025-05-30,,,,3062.57,,04371,나진상가 15동,전문점,I,2025-12-15 16:15:28,"서울특별시 용산구 청파로 112, 나진상가 (한강로3가)",폐업처리,3,03,027163872,대규모점포,196727.535753619    ,447868.128308607    ,서울특별시 용산구 한강로3가 3-23 나진상가,2025-06-02 18:07:52
3020000,1985302007407500008,1985-07-01,,영업/정상,,,,,,,,국제센터아케이드,그 밖의 대규모점포,I,2025-12-15 16:15:28,,정상영업,1,01,,,,,서울특별시 용산구 한강로1가 191호   ,2007-07-21 10:15:07
3020000,1993302007407500001,1993-04-13,,영업/정상,,,,,,,,(주)전자타운,그 밖의 대규모점포,I,2025-12-15 16:15:28,서울특별시 용산구 청파로 113-12 (한강로2가),정상영업,1,01,027037091,,,,서울특별시 용산구 한강로2가 413호   ,2007-07-21 10:15:07
3020000,2004302007407500001,2004-09-21,,영업/정상,,,,,106290.33,,,아이파크몰(I PARK MALL),쇼핑센터,I,2025-12-15 16:15:28,서울특별시 용산구 한강대로23길 55 (한강로3가),정상영업,1,01,0220120101,대규모점포,196762.077394917    ,447480.039577359    ,서울특별시 용산구 한강로3가 40번지 999호,2022-08-11 09:29:42
3020000,2004302007407500002,2004-12-22,,영업/정상,,,,,6876.34,,,LS Avenue,그 밖의 대규모점포,I,2025-12-15 16:15:28,서울특별시 용산구 한강대로 92 (한강로2가),정상영업,1,01,027997114,대규모점포,,,서울특별시 용산구 한강로2가 191호,2012-10-15 09:45:52
3020000,2005302007407500001,1993-04-13,,영업/정상,,,,,10634.18,,,전자타운,전문점,I,2025-12-15 16:15:28,서울특별시 용산구 청파로 113-12 (한강로2가),정상영업,1,01,027037091,대규모점포,,,서울특별시 용산구 한강로2가 413호,2025-08-12 13:17:30
3020000,2006302007407500001,1960-02-17,,영업/정상,,,,,574,,,이태원시장,시장,I,2025-12-15 16:15:28,서울특별시 용산구 이태원로14길 6 (이태원동),정상영업,1,01,027945682,대규모점포,199051.158829761    ,447953.601666521    ,서울특별시 용산구 이태원동 56번지 9호,2012-03-30 14:02:23
3020000,2006302007407500002,1987-11-26,,영업/정상,,,,,37901.41,,04371,선인상가,전문점,I,2025-12-15 16:15:28,"서울특별시 용산구 새창로 181 (한강로2가, 선인상가)",정상영업,1,01,027187113,대규모점포,196839.641743356    ,447863.232025192    ,서울특별시 용산구 한강로2가 15번지 14호,2022-10-07 14:43:20
3020000,2006302007407500004,2006-08-25,,영업/정상,,,,,17898.53,,,아이파크(I PARK)백화점,백화점,I,2025-12-15 16:15:28,서울특별시 용산구 한강대로23길 55 (한강로3가),정상영업,1,01,0220120101,대규모점포,196762.077394917    ,447480.039577359    ,서울특별시 용산구 한강로3가 40번지 999호,2022-08-11 09:34:48
3020000,2008302009507500001,1968-11-09,,영업/정상,,,,,1209.2,140-140,,만리시장,시장,I,2025-12-15 16:15:28,서울특별시 용산구 효창원로 270 (서계동),정상영업,1,01,027140151,대규모점포,196716.165873094    ,449892.557718372    ,서울특별시 용산구 서계동 260번지 1호,2012-03-13 13:09:01
3020000,2008302009507500002,1987-02-13,,영업/정상,,,,,4845.26,140-200,,해밀톤 쇼핑몰,쇼핑센터,I,2025-12-15 16:15:28,서울특별시 용산구 이태원로 179 (이태원동),정상영업,1,01,0237866352,대규모점포,199363.595799729    ,448050.926289223    ,서울특별시 용산구 이태원동 119번지 25호,2018-09-28 14:56:53
3020000,2008302009507500003,1987-10-31,,영업/정상,,,,,62555.57,140-013,,(주)에스와이에스홀딩스,전문점,I,2025-12-15 16:15:28,서울특별시 용산구 청파로 74 (한강로3가),정상영업,1,01,027074628,대규모점포,196370.746398773    ,447841.698787531    ,서울특별시 용산구 한강로3가 16번지 9호,2014-10-24 10:25:20
3020000,2008302009507500004,1987-11-10,,영업/정상,,,,,11669.19,,04370,나진산업 주식회사,전문점,I,2025-12-15 16:15:28,"서울특별시 용산구 청파로 109, 나진상가 (한강로3가)",정상영업,1,01,027043013,대규모점포,196697.031086973    ,447931.108267379    ,서울특별시 용산구 한강로3가 1번지 1호 나진상가,2022-04-13 10:19:40
3020000,2008302009507500005,1988-06-23,,영업/정상,,,,,8382.6,140-113,,원효전자상가,전문점,I,2025-12-15 16:15:28,서울특별시 용산구 청파로 77 (원효로3가),정상영업,1,01,027023411,대규모점포,196385.232032928    ,447938.19246116     ,서울특별시 용산구 원효로3가 51번지 30호,2013-03-21 09:39:21
3020000,2008302009507500006,1985-11-12,,영업/정상,,,,,3327.67,140-026,,신동아 쇼핑센터,쇼핑센터,I,2025-12-15 16:15:28,서울특별시 용산구 이촌로 352 (용산동6가),정상영업,1,01,027957501,,198622.89264988     ,446114.155238838    ,서울특별시 용산구 용산동6가 69번지 167호,2008-04-29 21:27:56
3020000,2012302009507500003,2012-03-23,,영업/정상,,,,,181.89,,04402,롯데슈퍼 한남점(가맹점),구분없음,I,2025-12-15 16:15:28,"서울특별시 용산구 대사관로34길 26, 허준빌딩 1층 (한남동)",정상영업,1,01,027939633,준대규모점포,200431.145594386    ,447763.414163072    ,서울특별시 용산구 한남동 631번지 5호 허준빌딩,2019-03-19 14:40:19
3020000,2014302009507500001,2014-07-31,,영업/정상,,,,,121.7,140-160,,롯데프레시 갈월점,구분없음,I,2025-12-15 16:15:28,서울특별시 한강대로77길 12,정상영업,1,01,027135602,준대규모점포,,,서울특별시 용산구 남영동 93번지 30호,2022-09-21 09:08:42
3020000,2014302009507500002,2014-07-31,,영업/정상,,,,,643.3,,04315,롯데쇼핑(주)롯데슈퍼원효로점,복합쇼핑몰,I,2025-12-31 02:40:00,"서울특별시 용산구 백범로 341 (원효로1가, 리첸시아 용산)",정상영업,1,01,,준대규모점포,197045.849468346    ,448447.558967085    ,서울특별시 용산구 원효로1가 133-3 리첸시아 용산,2025-12-29 16:14:49
3020000,2020302015007500001,2020-08-13,,영업/정상,,,,,8500.52,,04372,(주)서부티엔디,전문점,I,2025-12-15 16:15:28,"서울특별시 용산구 청파로 100, 12동 2층 (한강로3가)",정상영업,1,01,0226890035,대규모점포,196605.511573689    ,447841.270074498    ,서울특별시 용산구 한강로3가 2-8,2020-08-13 09:12:59
3020000,2021302015007500001,2021-04-15,,영업/정상,,,,,199.8,,04387,GS THE FRESH 용산해링턴점,복합쇼핑몰,I,2025-12-15 16:15:28,"서울특별시 용산구 서빙고로 17, 용산해링턴스퀘어 C동 1층 111~115호 (한강로3가)",정상영업,1,01,0220062676,준대규모점포,,,서울특별시 용산구 한강로3가 63-70,2025-04-18 09:45:35
3020000,2010302009507500001,1985-11-12,,폐업,2025-12-30,,,,7470.17,,04428,신동아쇼핑센터,복합쇼핑몰,I,2026-01-17 22:48:10,"서울특별시 용산구 이촌로 352, 신동아쇼핑 (용산동6가)",폐업처리,3,03,027097501,대규모점포,198622.89264988     ,446114.155238838    ,서울특별시 용산구 용산동6가 69-167 신동아쇼핑,2026-01-16 15:06:57
3020000,2001302007407500001,2001-05-24,,폐업,2013-12-20,,,,14561.78,,,터미널전자상가,전문점,I,2025-12-15 16:15:28,서울특별시 용산구 청파로20길 83 (한강로3가),폐업처리,3,03,027045858,대규모점포,196610.663839509    ,447742.348636253    ,서울특별시 용산구 한강로3가 40번지 969호,2013-12-20 16:12:19
3030000,1962303007407500002,1962-01-25,,영업/정상,,,,,2861,,04776,뚝도시장,시장,I,2025-12-15 16:15:28,서울특별시 성동구 성수이로 32-15 (성수동2가),영업개시전,5,01,024644426,대규모점포,,,서울특별시 성동구 성수동2가 335번지,2024-12-11 07:47:28
3030000,2021303010307500001,2013-02-19,,폐업,2023-08-18,,,,143.55,,04768,홈플러스익스프레스 뚝섬2점,구분없음,I,2025-12-15 16:15:28,"서울특별시 성동구 왕십리로 109, 성수만세주유소 (성수동1가)",폐업처리,3,03,0222538541,준대규모점포,203841.225547969    ,449475.540141228    ,서울특별시 성동구 성수동1가 656-1208 성수만세주유소,2023-08-18 16:32:14
3030000,1980303010307500005,1980-09-05,,영업/정상,,,,,0,,04808,자동차매매센타,전문점,I,2025-12-15 16:15:28,"서울특별시 성동구 자동차시장1길 70 (용답동, 장안평중고자동차시장)",정상영업,1,01,0222104100,대규모점포,,,서울특별시 성동구 용답동 234번지 한국자동차매매센터,2019-04-30 17:44:20
3030000,1982303010307500001,1982-10-16,,영업/정상,,,,,0,,04736,한남하이츠상가,구분없음,I,2025-12-15 16:15:28,"서울특별시 성동구 독서당로 160, 한남하이츠아파트 (옥수동)",정상영업,1,01,22972484,대규모점포,201181.598996876    ,448609.588125745    ,서울특별시 성동구 옥수동 220번지 1호 한남하이츠아파트,2023-12-07 15:08:50
3030000,1998303010307500001,1998-08-03,,영업/정상,,,,,4049.55,,04713,대림리빙프라자,그 밖의 대규모점포,I,2025-12-15 16:15:28,"서울특별시 성동구 행당로 87, 행당동 대림아파트 (행당동)",정상영업,1,01,0222976205,대규모점포,,,서울특별시 성동구 행당동 347번지 행당동 대림아파트,2018-10-02 16:57:38
3030000,2000303010307500001,2000-03-31,,영업/정상,,,,,5873.69,,04717,한진종합상가,그 밖의 대규모점포,I,2025-12-15 16:15:28,"서울특별시 성동구 행당로 84, 행당 한진타운 종합상가 (행당동)",정상영업,1,01,0222817003,대규모점포,,,서울특별시 성동구 행당동 346번지 행당 한진타운 종합상가,2024-01-22 16:10:33
3030000,2001303010307500002,2001-09-13,2017-03-08,취소/말소/만료/정지/중지,,,,,8495.01,133-120,,성동마트,그 밖의 대규모점포,I,2025-12-15 16:15:28,,직권취소,4,04,,대규모점포,205260.827743854    ,448399.948660115    ,서울특별시 성동구 성수동2가 231번지 1호,2017-03-08 15:17:20
3030000,2006303010307500001,2006-03-20,,영업/정상,,,,,25910,133-050,,마장축산물시장,시장,I,2025-12-15 16:15:28,"서울특별시 성동구 마장로31길 40 (마장동,일대)",정상영업,1,01,22814446,,203323.787758273    ,451940.205444395    ,서울특별시 성동구 마장동 510번지 3호 일대,2017-07-31 10:28:52
3030000,2007303010307500001,2007-03-23,,영업/정상,,,,,7717.09,133-040,,성동삼성쉐르빌상가,그 밖의 대규모점포,I,2025-12-15 16:15:28,서울특별시 성동구 무학로6길 50 (도선동),정상영업,1,01,33959336,대규모점포,,,서울특별시 성동구 왕십리도선동 69번지,2014-10-12 17:05:12
3030000,2008303010307500001,2008-06-27,,영업/정상,,,,,11573,133-071,,(주)이마트 왕십리점,대형마트,I,2025-12-15 16:15:28,서울특별시 성동구 왕십리광장로 17 (행당동),정상영업,1,01,0222001234,대규모점포,203292.151783332    ,451267.730992123    ,서울특별시 성동구 행당동 168번지 1호,2024-04-26 10:27:13
3030000,2008303010307500003,2008-08-28,,영업/정상,,,,,7960,,04750,ENTER-6,그 밖의 대규모점포,I,2025-12-15 16:15:28,"서울특별시 성동구 왕십리광장로 17, 왕십리민자역사 (행당동)",정상영업,1,01,0222006000,대규모점포,203321.562330114    ,451001.868687869    ,서울특별시 성동구 행당동 168번지 151호 왕십리민자역사,2021-12-01 14:07:47
3030000,2012303010307500001,2012-02-14,,영업/정상,,,,,264.3,133-858,,홈플러스(주) 익스프레스 왕십리점,구분없음,I,2025-12-15 16:15:28,서울특별시 성동구 왕십리로 333 (하왕십리동),정상영업,1,01,34598000,준대규모점포,202806.018487131    ,451160.356013436    ,서울특별시 성동구 왕십리2동 966번지 11호,2024-03-28 14:11:28
3030000,2012303010307500002,2012-02-24,,영업/정상,,,,,578.96,133-807,,홈플러스(주) 익프스레스 금호2점,구분없음,I,2025-12-15 16:15:28,서울특별시 성동구 동호로 100 (금호동3가),정상영업,1,01,22538542,준대규모점포,,,서울특별시 성동구 금호동3가 1331번지,2024-03-28 14:08:02
3030000,2012303010307500003,2012-03-21,,영업/정상,,,,,293.34,133-091,,홈플러스(주) 익스프레스 금호점,구분없음,I,2025-12-15 16:15:28,서울특별시 성동구 행당로 6 (금호동1가),정상영업,1,01,0222928545,준대규모점포,201772.807083568    ,450250.366445197    ,서울특별시 성동구 금호동1가 481번지 5호,2024-03-29 13:33:32
3030000,2014303010307500001,2014-12-09,,영업/정상,,,,,13996.64,,,파크에비뉴 엔터식스 한양대점,복합쇼핑몰,I,2025-12-15 16:15:28,서울특별시 성동구 왕십리로 241 (행당동),정상영업,1,01,22079991,대규모점포,,,,2019-09-20 17:52:31
3030000,2023303010307500001,2023-06-16,,취소/말소/만료/정지/중지,,,,,467.23,,04701,GS THE FRESH 성동센트라스점,구분없음,I,2025-12-15 16:15:28,"서울특별시 성동구 왕십리로 410, L동 지하1층 B102, B103호 (하왕십리동, 센트라스)",직권취소,4,04,,준대규모점포,,,서울특별시 성동구 하왕십리동 1070 센트라스상가 L동 B102호,2023-06-20 09:18:09
3030000,2023303010307500002,2023-06-16,,영업/정상,,,,,467.23,,04701,GS THE FRESH 성동센트라스점,구분없음,I,2025-12-15 16:15:28,"서울특별시 성동구 왕십리로 410, 상가(L)동 지하1층 B102,B103호 (하왕십리동, 센트라스)",정상영업,1,01,,준대규모점포,,,서울특별시 성동구 하왕십리동 1070 센트라스,2023-11-03 09:43:47
3030000,2023303010307500003,2023-07-21,,영업/정상,,,,,327.3,,04700,GS THE FRESH 성동텐즈힐점,구분없음,I,2025-12-15 16:15:28,"서울특별시 성동구 마장로 137, 221동 1층 1230호,1231호,1232(일부)호 (상왕십리동, 텐즈힐)",정상영업,1,01,0222975180,준대규모점포,,,서울특별시 성동구 상왕십리동 811 텐즈힐,2025-04-18 09:36:02
3030000,2023303010307500004,2023-09-14,,영업/정상,,,,,158.8,,04768,GS THE FRESG 서울숲점,구분없음,I,2025-12-15 16:15:28,"서울특별시 성동구 왕십리로 109, 성수만세주유소 1층 (성수동1가)",정상영업,1,01,024994519,준대규모점포,203841.225547969    ,449475.540141228    ,서울특별시 성동구 성수동1가 656-1208 성수만세주유소,2025-04-24 09:29:58
3030000,2025303010307500002,2025-08-04,,영업/정상,,,,,302,,04733,GS THE FRESH 성동옥수점,구분없음,I,2025-12-15 16:15:28,"서울특별시 성동구 독서당로 223, 래미안 옥수 리버젠 상가 상가동 423~428호 (옥수동)",정상영업,1,01,0220062364,준대규모점포,,,서울특별시 성동구 옥수동 561 래미안 옥수 리버젠 상가,2025-09-09 10:11:11
3030000,1969303010307500001,1969-01-09,,폐업,2015-11-30,,,,0,133-091,,금북시장,그 밖의 대규모점포,I,2025-12-15 16:15:28,서울특별시 성동구 행당로 35 (금호동1가),폐업처리,3,03,22916754,대규모점포,202004.452300224    ,450411.463616996    ,서울특별시 성동구 금호동1가 128번지 1호,2015-12-03 11:03:00
3030000,1979303010307500006,1979-08-10,,폐업,2008-05-22,,,,0,133-809,,금호종합시장,그 밖의 대규모점포,I,2025-12-15 16:15:28,서울특별시 성동구 독서당로 302 (금호동4가),폐업처리,3,03,22973811,대규모점포,201924.287403479    ,449505.43323776     ,서울특별시 성동구 금호동4가 548번지 1호,2012-05-10 10:10:00
3030000,2005303007407500001,2005-03-31,,폐업,2023-05-19,,,,17318,133-120,,(주)이마트 성수점,대형마트,I,2025-12-15 16:15:28,서울특별시 뚝섬로 379,폐업처리,3,03,0234081234,대규모점포,204614.272744322    ,448607.441251647    ,서울특별시 성동구 성수동2가 333번지 16호,2023-05-19 12:53:54
3030000,2005303007407500005,1968-12-07,,폐업,2025-05-12,,,,3225,133-120,,(주)인트램,그 밖의 대규모점포,I,2025-12-15 16:15:28,서울특별시 성동구 아차산로7길 28 (성수동2가),폐업처리,3,03,024642095,대규모점포,204830.977323063    ,449477.448459906    ,서울특별시 성동구 성수동2가 289번지 4호,2025-09-09 10:17:17
3030000,2005303007407500006,2005-11-11,,폐업,2014-04-10,,,,5607.62,,,토우마트마축일시장,그 밖의 대규모점포,I,2025-12-15 16:15:28,서울특별시 성동구 마장로35길 68 (마장동),폐업처리,3,03,0222936767,대규모점포,203576.594691866    ,452041.559037331    ,서울특별시 성동구 마장동 439번지 1호,2022-04-01 10:03:56
3030000,2011303010307500001,2011-10-04,,폐업,2012-05-04,,,,99,133-819,,홈플러스(주)익스프레스 성수점,구분없음,I,2025-12-15 16:15:28,서울특별시 성동구 뚝섬로 345 (성수동1가),폐업처리,3,03,,준대규모점포,204271.515183693    ,448744.245842924    ,서울특별시 성동구 성수1가1동 72번지 91호,2018-11-27 16:46:08
3030000,2012303010307500004,2012-03-22,,폐업,2023-03-27,,,,409.9,133-111,,홈플러스(주)익스프레스 뚝섬점,구분없음,I,2025-12-15 16:15:28,서울특별시 성동구 아차산로 41 (성수동1가),폐업처리,3,03,024998545,준대규모점포,204257.584861091    ,449412.544118545    ,서울특별시 성동구 성수1가1동 14번지 17호,2023-03-28 17:26:48
3030000,2012303010307500005,2012-04-02,,폐업,2022-04-05,,,,378.11,133-100,,GS수퍼 성동옥수점,구분없음,I,2025-12-15 16:15:28,서울특별시 성동구 한림말길 56 (옥수동),폐업처리,3,03,22820161,준대규모점포,201462.251313062    ,448744.038108098    ,서울특별시 성동구 옥수동 191번지 3호,2022-04-06 08:30:04
3030000,2018303010307500001,2018-02-28,,폐업,2024-09-30,,,,0,,04765,노브랜드 엔터식스한양대점,구분없음,I,2025-12-15 16:15:28,"서울특별시 성동구 왕십리로 241 (행당동, 서울숲 더샵)",폐업처리,3,03,023809842,준대규모점포,,,서울특별시 성동구 행당동 155번지 1호 서울숲 더샵,2024-11-06 09:48:52
3030000,1962303010307500001,1962-01-21,,영업/정상,,,,,1156,133-805,,금남시장,시장,I,2025-12-15 16:15:28,서울특별시 성동구 독서당로 303-11 (금호동3가),영업개시전,5,01,0222525302,대규모점포,,,서울특별시 성동구 금호동3가 332번지,2024-12-11 07:46:52
3040000,2001304007307500001,1970-12-23,,영업/정상,,,,,1524.1,,,노룬산시장,그 밖의 대규모점포,I,2025-12-15 16:15:28,서울특별시 광진구 뚝섬로 491 (자양동),정상영업,1,01,024637521,대규모점포,205663.081069121    ,448250.363358949    ,서울특별시 광진구 자양동 44번지 2호,2013-12-23 16:36:35
3040000,2001304007307500002,1971-05-01,,영업/정상,,,,,6426.48,,,조양시장,그 밖의 대규모점포,I,2025-12-15 16:15:28,서울특별시 광진구 아차산로30길 39 (자양동),정상영업,1,01,024635611,대규모점포,205886.288968009    ,448517.338628068    ,서울특별시 광진구 자양동 6번지 20호,2017-12-08 10:38:45
3040000,2001304007307500003,1971-05-08,,영업/정상,,,,,2107.8,,,중곡제일시장,그 밖의 대규모점포,I,2025-12-15 16:15:28,서울특별시 광진구 긴고랑로11길 11 (중곡동),정상영업,1,01,024670254,대규모점포,207114.498872176    ,451296.049443757    ,서울특별시 광진구 중곡동 229번지 5호,2012-01-04 17:05:26
3040000,2001304007307500006,1977-01-31,,영업/정상,,,,,1137.92,,,신성종합시장,그 밖의 대규모점포,I,2025-12-15 16:15:28,서울특별시 광진구 영화사로 12 (중곡동),정상영업,1,01,024441707,대규모점포,207747.893953282    ,450639.201015458    ,서울특별시 광진구 중곡동 79번지 13호,2012-01-04 16:20:51
3040000,2001304007307500008,1979-07-16,,영업/정상,,,,,2418.11,,,자양종합시장,그 밖의 대규모점포,I,2025-12-15 16:15:28,서울특별시 광진구 자양번영로6길 20 (자양동),정상영업,1,01,024577480,대규모점포,,,서울특별시 광진구 자양동 602호,2014-07-23 19:01:51
3040000,2001304007307500009,1980-04-07,,영업/정상,,,,,2456.45,,,한아름시장,그 밖의 대규모점포,I,2025-12-15 16:15:28,서울특별시 광진구 능동로13길 39 (화양동),정상영업,1,01,024657965,대규모점포,206107.775163579    ,449029.342177779    ,서울특별시 광진구 화양동 10번지 1호,2023-11-17 10:04:22
3040000,2001304007307500010,1980-06-18,,영업/정상,,,,,2135.53,,,광성시장,그 밖의 대규모점포,I,2025-12-15 16:15:28,서울특별시 광진구 능동로47길 30 (중곡동),정상영업,1,01,024675200,대규모점포,207098.994772766    ,451260.44574067     ,서울특별시 광진구 중곡동 229번지 15호,2012-01-04 14:42:00
3040000,2001304007307500011,1989-08-23,,영업/정상,,,,,3995.19,,,동서울터미널상가,복합쇼핑몰,I,2025-12-15 16:15:28,서울특별시 광진구 강변역로 50 (구의동),정상영업,1,01,027273758,대규모점포,208201.993320839    ,447967.299542306    ,서울특별시 광진구 구의동 546번지 1호,2025-07-02 17:06:29
3040000,2001304007307500012,1990-11-17,,영업/정상,,,,,3625.18,,,현대종합상가,그 밖의 대규모점포,I,2025-12-15 16:15:28,서울특별시 광진구 광나루로 635 (광장동),정상영업,1,01,024543916,대규모점포,,,서울특별시 광진구 광장동 484호,2012-01-04 16:03:45
3040000,2001304007307500013,1992-11-05,,영업/정상,,,,,1707.82,,,구의현대종합상가,그 밖의 대규모점포,I,2025-12-15 16:15:28,서울특별시 광진구 광나루로56길 34 (구의동),정상영업,1,01,024547529,대규모점포,,,서울특별시 광진구 구의동 611호,2021-08-19 10:13:30
3040000,2001304007307500014,1997-01-30,,영업/정상,,,,,5880.92,,,프라임프라자상가,그 밖의 대규모점포,I,2025-12-15 16:15:28,서울특별시 광진구 광나루로56길 63 (구의동),정상영업,1,01,0234372572,대규모점포,208558.286631653    ,448353.905156369    ,서울특별시 광진구 구의동 631번지 1호,2012-01-04 15:34:45
3040000,2001304007307500015,1998-03-23,,영업/정상,,,,,49840,,,테크노-마트21,그 밖의 대규모점포,I,2025-12-15 16:15:28,서울특별시 광진구 광나루로56길 85 (구의동),정상영업,1,01,0234240323,대규모점포,208394.416382167    ,448165.279999905    ,서울특별시 광진구 구의동 546번지 4호,2018-09-06 15:42:55
3040000,2001304007307500016,1998-03-23,,영업/정상,,,,2004-04-30,4122,,,롯데쇼핑(주)롯데마트 강변점,대형마트,I,2026-01-20 22:18:10,서울특별시 광진구 광나루로56길 85 (구의동),정상영업,1,01,0234242500,대규모점포,208394.416382167    ,448165.279999905    ,서울특별시 광진구 구의동 546번지 4호,2026-01-19 16:30:21
3040000,2006304007307500001,2006-02-28,,영업/정상,,,,,3004.13,,,프라젠 스파,그 밖의 대규모점포,I,2025-12-15 16:15:28,서울특별시 광진구 자양로5길 33 (자양동),정상영업,1,01,0234360005,대규모점포,207368.624495222    ,447632.296040333    ,서울특별시 광진구 자양동 663번지 21  호,2013-12-26 14:29:25
3040000,2006304007307500002,2006-12-14,,영업/정상,,,,,11320.4,,,(주)이마트 자양점,대형마트,I,2025-12-15 16:15:28,서울특별시 광진구 아차산로 272 (자양동),정상영업,1,01,0267421234,대규모점포,206349.675048285    ,448396.939704285    ,서울특별시 광진구 자양동 227번지 7호,2025-04-01 10:12:15
3040000,2008304010307500001,2008-08-22,,영업/정상,,,,,26203.17,143-003,,롯데백화점 건대스타시티점,백화점,I,2026-01-20 22:18:10,서울특별시 광진구 능동로 92 (자양동),정상영업,1,01,0222182995,대규모점포,206217.434726027    ,448506.218743834    ,서울특별시 광진구 자양동 227번지 342호 롯데백화점 스타시티점,2026-01-19 16:33:15
3040000,2008304010307500002,2008-09-03,,영업/정상,,,,,3741.82,143-150,,파크에비뉴,그 밖의 대규모점포,I,2025-12-15 16:15:28,서울특별시 광진구 광나루로 369 (군자동),정상영업,1,01,024666767,대규모점포,,,서울특별시 광진구 군자동 503번지,2012-01-04 11:10:42
3040000,2011304015507500002,2011-09-22,,영업/정상,,,,,662.55,143-903,,(주)이마트에브리데이 중곡동점,구분없음,I,2025-12-15 16:15:28,서울특별시 광진구 긴고랑로11길 11 (중곡동),정상영업,1,01,024631903,준대규모점포,207114.498872176    ,451296.049443757    ,서울특별시 광진구 중곡1동 229번지 5호,2024-07-25 13:06:17
3040000,2011304015507500003,2011-10-04,,영업/정상,,,,,1162,143-914,,(주)지에스리테일GS수퍼 광진화양점,구분없음,I,2025-12-15 16:15:28,서울특별시 광진구 능동로13길 39 (화양동),정상영업,1,01,024691333,준대규모점포,206107.775163579    ,449029.342177779    ,서울특별시 광진구 화양동 10번지 1호,2025-04-14 13:39:19
3040000,2011304015507500004,2011-10-05,,영업/정상,,,,,235.8,143-888,,홈플러스익스프레스 중곡2점,구분없음,I,2025-12-15 16:15:28,서울특별시 광진구 용마산로 10 (중곡동),정상영업,1,01,0234378546,준대규모점포,207778.71422042     ,450256.437261231    ,서울특별시 광진구 중곡4동 93번지 2호,2022-09-28 15:13:40
3040000,2012304015507500001,2012-03-06,,영업/정상,,,,,274.4,143-898,,홈플러스(주)익스프레스 중곡점,구분없음,I,2025-12-15 16:15:28,서울특별시 광진구 능동로 314 (중곡동),정상영업,1,01,024478545,준대규모점포,207001.872308692    ,450597.61492646     ,서울특별시 광진구 중곡2동 157번지 1호,2024-04-11 17:28:16
3040000,2001304007307500004,1974-02-09,,폐업,2021-01-27,,,,2529.91,,,구의시장,그 밖의 대규모점포,I,2025-12-15 16:15:28,서울특별시 광진구 광나루로 531-5 (구의동),폐업처리,3,03,024578045,대규모점포,,,서울특별시 광진구 구의동 66번지 28호,2021-01-29 18:09:26
3040000,2001304007307500005,1974-07-01,,폐업,2006-01-23,,,,3185.08,,,화양시장,그 밖의 대규모점포,I,2025-12-15 16:15:28,,폐업처리,3,03,024666767,대규모점포,,,서울특별시 광진구 군자동 361번지 6호,2012-01-04 16:32:52
3040000,2001304007307500007,1979-07-09,,폐업,2011-12-29,,,,4422,,,워커힐상가,그 밖의 대규모점포,I,2025-12-15 16:15:28,서울특별시 광진구 아차산로 635 (광장동),폐업처리,3,03,024540365,대규모점포,209345.941766315    ,449811.718207794    ,서울특별시 광진구 광장동 145번지 8호,2012-01-04 16:12:30
3040000,2011304015507500001,2011-09-22,,폐업,2020-04-30,,,,133.4,143-885,,롯데쇼핑(주)롯데슈퍼 중곡점,구분없음,I,2025-12-15 16:15:28,서울특별시 광진구 긴고랑로 60 (중곡동),폐업처리,3,03,0204535605,준대규모점포,207235.581247334    ,451072.124043842    ,서울특별시 광진구 중곡2동 41번지 1호,2022-09-28 15:14:37
3040000,2011304015507500005,2011-10-05,,폐업,2020-07-19,,,,194.7,143-824,,홈플러스(주)익스프레스 구의점,구분없음,I,2025-12-15 16:15:28,서울특별시 광진구 자양로 168 (구의동),폐업처리,3,03,0222018547,준대규모점포,207400.608063491    ,448930.683211743    ,서울특별시 광진구 구의1동 236번지 53호,2022-09-28 15:13:19
3040000,2012304015507500003,2012-03-21,,폐업,2018-03-19,,,,658.8,143-822,,롯데쇼핑(주)롯데슈퍼 구의점,구분없음,I,2025-12-15 16:15:28,서울특별시 광진구 아차산로 450 (구의동),폐업처리,3,03,0204525601,준대규모점포,208087.647208835    ,448484.131343078    ,서울특별시 광진구 구의3동 218번지 14호 나동,2022-09-28 15:12:13
3040000,2012304015507500002,2012-03-21,,영업/정상,,,,,132.23,143-817,,롯데 FRESH 아차산점,구분없음,I,2025-12-15 16:15:28,서울특별시 광진구 자양로 293 (구의동),정상영업,1,01,0234375602,준대규모점포,208075.543534642    ,449971.642025946    ,서울특별시 광진구 구의2동 49번지 4호,2023-03-30 15:10:12
3040000,2012304015507500004,2012-03-29,,영업/정상,,,,,232.07,143-822,,홈플러스익스프레스 구의2점,구분없음,I,2025-12-15 16:15:28,서울특별시 광진구 아차산로 473 (구의동),정상영업,1,01,024588545,준대규모점포,208261.748825555    ,448701.658478751    ,서울특별시 광진구 구의3동 212번지 2호,2022-09-28 15:12:01
3040000,2015304016807500001,2015-04-03,,영업/정상,,,,,4037.2,,05071,커먼그라운드,그 밖의 대규모점포,I,2025-12-15 16:15:28,서울특별시 광진구 아차산로 200 (자양동),정상영업,1,01,36777281,대규모점포,205758.816662193    ,448768.161400623    ,서울특별시 광진구 자양동 17번지 1호,2016-11-28 11:17:58
3040000,2021304019007500001,2021-06-08,,영업/정상,,,,,3208.98,,04977,구의 자이르네 판매시설,그 밖의 대규모점포,I,2025-12-15 16:15:28,서울특별시 광진구 광나루로39길 11 (구의동),정상영업,1,01,024578045,대규모점포,,,서울특별시 광진구 구의동 66-25,2025-03-18 17:07:41
3040000,2022304019007500001,2022-07-13,,영업/정상,,,,,203.28,,05038,GS THE FRESH 광진구의점,구분없음,I,2025-12-15 16:15:28,"서울특별시 광진구 자양로 168, 102호 (구의동, 광진 더프레236)",정상영업,1,01,0220062364,준대규모점포,207400.608063491    ,448930.683211743    ,서울특별시 광진구 구의동 236-53 광진 더프레236,2025-04-14 13:33:12
3040000,2024304019007500001,2024-01-05,,영업/정상,,,,,34138.84,,05050,넥스트커넥트피에프브이 (주)이스트폴 판매시설,쇼핑센터,I,2025-12-15 16:15:28,"서울특별시 광진구 아차산로 402, 판매시설 (자양동)",정상영업,1,01,024448604,대규모점포,207770.197118183    ,448131.0613924      ,서울특별시 광진구 자양동 680-63 판매시설,2025-09-03 16:30:07
3040000,2024304019007500002,2024-07-04,,영업/정상,,,,,162.28,,04986,GS THE FRESH 광진능동점,대형마트,I,2025-12-15 16:15:28,"서울특별시 광진구 천호대로112길 25, 1층 (능동)",정상영업,1,01,024462923,준대규모점포,207108.67238502     ,450297.066731294    ,서울특별시 광진구 능동 234-1,2025-04-14 13:37:17
3040000,2025304019007500001,2025-06-12,,영업/정상,,,,,297.32,,05043,GS THE FRESH 구의역점,대형마트,I,2025-12-15 16:15:28,"서울특별시 광진구 자양로18길 33, 1층 (구의동)",정상영업,1,01,0220062364,준대규모점포,207475.742181881    ,448425.52828576     ,서울특별시 광진구 구의동 257-126,2025-06-12 16:17:54
3040000,2025304019007500002,2025-09-03,,영업/정상,,,,,246.9,,04930,GS THE FRESH 광진중곡점,대형마트,I,2025-12-19 02:40:00,"서울특별시 광진구 천호대로 577, 1층 (중곡동)",정상영업,1,01,0220062364,준대규모점포,207209.236877061    ,450465.185988176    ,서울특별시 광진구 중곡동 140-27,2025-12-17 09:15:10
3040000,2025304019007500003,2025-12-16,,영업/정상,,,,,958.68,,05050,이랜드킴스클럽 광진구의점,대형마트,I,2026-01-20 22:18:10,"서울특별시 광진구 아차산로 402, 판매시설 지하1층 (자양동)",정상영업,1,01,0234253704,준대규모점포,,,서울특별시 광진구 자양동 870 판매시설,2026-01-19 18:22:28
3050000,1979305010007500001,1979-09-13,,폐업,2017-12-27,,,,12979.73,130-020,,롯데백화점 청량리플라자,백화점,I,2025-12-15 16:15:28,"서울특별시 동대문구 왕산로 205-0 (전농동, 롯데백화점(청량리점))",폐업처리,3,03,0237072500,대규모점포,203996.013917877    ,453058.665828669    ,서울특별시 동대문구 전농동 620번지 69호,2017-12-29 08:42:21
3050000,2025305021007500003,2025-12-24,,영업/정상,,,,,195,,02418,GS THE FRESH 이문파크자이점,구분없음,I,2026-01-03 22:18:10,서울특별시 동대문구 이문로 120 (이문동),정상영업,1,01,0220062364,준대규모점포,205541.211931615    ,455132.605075423    ,서울특별시 동대문구 이문동 149-8 근린생활시설 2동 101호,2026-01-02 09:40:22
3050000,2000305008207500009,1972-09-01,,폐업,2001-05-02,,,,0,,,답십리중앙시장,그 밖의 대규모점포,I,2025-12-15 16:15:28,,폐업처리,3,03,0222449636,,205006.074911385    ,451814.33240199     ,서울특별시 동대문구 답십리동 265번지 5호,2007-08-13 15:34:30
3050000,2000305008207500011,1971-03-13,,폐업,2007-11-28,,,,0,,,장안시장,그 밖의 대규모점포,I,2025-12-15 16:15:28,,폐업처리,3,03,0222451333,,,,서울특별시 동대문구 장안동 217번지 2호,2007-12-04 15:55:29
3050000,2000305008207500013,1974-07-10,,폐업,2008-01-14,,,,0,,,휘경시장,시장,I,2025-12-15 16:15:28,,폐업처리,3,03,029678740,대규모점포,204881.313219146    ,454280.040555974    ,서울특별시 동대문구 회기동 346번지 18 호,2021-12-04 14:38:38
3050000,2000305008207500015,1962-03-12,,폐업,2006-03-02,,,,0,,,이문종합상가,그 밖의 대규모점포,I,2025-12-15 16:15:28,,폐업처리,3,03,029640076,,205396.363734301    ,455131.683241064    ,서울특별시 동대문구 이문동 292번지 10호,2007-08-13 11:34:34
3050000,2000305008207500017,1961-10-23,,폐업,2001-02-05,,,,0,,,답십리시장,그 밖의 대규모점포,I,2025-12-15 16:15:28,,폐업처리,3,03,0222427162,,205033.874040234    ,452322.301296488    ,서울특별시 동대문구 답십리동 68번지 1 호,2007-08-13 15:47:08
3050000,2000305008207500018,1999-01-26,,폐업,2003-04-01,,,,0,,,미도파마트,대형마트,I,2025-12-15 16:15:28,,폐업처리,3,03,029602222,,203075.098504907    ,452918.836458244    ,서울특별시 동대문구 제기동 892번지 71 호,2007-08-13 15:49:38
3050000,2002305008207500001,2002-10-22,,폐업,2007-01-02,,,,0,,,쉐르빌쇼핑타운,그 밖의 대규모점포,I,2025-12-15 16:15:28,,폐업처리,3,03,0222166500,,206101.9138443      ,452155.691148899    ,서울특별시 동대문구 장안동 371번지 0001호,2007-08-13 15:55:50
3050000,2002305008207500018,2002-11-12,,폐업,2003-04-01,,,,0,,,(주)미도파마트,대형마트,I,2025-12-15 16:15:28,,폐업처리,3,03,029602222,,203075.098504907    ,452918.836458244    ,서울특별시 동대문구 제기동 892번지 71호,2007-08-13 15:52:20
3050000,2004305008207500005,2004-09-08,,폐업,2008-01-14,,,,0,,,휘경시장,그 밖의 대규모점포,I,2025-12-15 16:15:28,,폐업처리,3,03,024371608,,204890.735006949    ,454315.0261032      ,서울특별시 동대문구 회기동 346번지 17호,2008-01-15 18:07:33
3050000,2004305008207500008,2004-11-22,,폐업,2005-03-02,,,,0,,,주-이문종합상가,그 밖의 대규모점포,I,2025-12-15 16:15:28,,폐업처리,3,03,029670094,,205396.363734301    ,455131.683241064    ,서울특별시 동대문구 이문동 292번지 10호,2007-08-10 17:04:10
3050000,2004305008207500009,2004-11-22,,폐업,2005-03-02,,,,0,,,주-이문종합상가,그 밖의 대규모점포,I,2025-12-15 16:15:28,,폐업처리,3,03,029670094,,205396.363734301    ,455131.683241064    ,서울특별시 동대문구 이문동 292번지 10호,2007-08-13 11:31:39
3050000,2007305010007500001,2007-02-05,,폐업,2021-11-01,,,,0,,02561,동부청과(주),그 밖의 대규모점포,I,2025-12-15 16:15:28,"서울특별시 동대문구 왕산로34길 26 (용두동, 청량리동부청과시장)",폐업처리,3,03,029679009,대규모점포,203728.022004023    ,452778.965235022    ,서울특별시 동대문구 용두동 39번지 1호,2021-11-19 12:48:40
3050000,2011305014007500005,2011-09-26,,폐업,2014-08-28,,,,410.9,130-081,,홈플러스(주) 익스프레스 이문점,그 밖의 대규모점포,I,2025-12-15 16:15:28,서울특별시 동대문구 이문로 144 (이문동),폐업처리,3,03,,준대규모점포,205403.77766039     ,455220.257356121    ,서울특별시 동대문구 이문1동 258번지 24호,2014-08-29 09:23:48
3050000,2012305014007500001,2012-05-07,,폐업,2014-12-31,,,,475.2,130-102,,롯데쇼핑(주) 롯데슈퍼 장안2동점,구분없음,I,2025-12-15 16:15:28,서울특별시 동대문구 답십리로 288 (장안동),폐업처리,3,03,0222435601,준대규모점포,206325.349431713    ,452184.2101607      ,서울특별시 동대문구 장안2동 368번지 1호 바우하우스,2015-01-13 13:34:32
3050000,2012305014007500002,2012-05-21,,폐업,2025-05-24,,,,130.8,130-080,,롯데쇼핑(주) 롯데마켓 999 이문점,복합쇼핑몰,I,2025-12-15 16:15:28,서울특별시 동대문구 이문로 88 (이문동),폐업처리,3,03,029675601,준대규모점포,205170.935816792    ,454707.524142172    ,서울특별시 동대문구 이문동 324번지 10호,2025-05-23 09:06:18
3050000,2013305014007500001,2013-08-14,,폐업,2014-12-31,,,,0,130-101,,롯데쇼핑(주) 롯데슈퍼 장안 2동점,구분없음,I,2025-12-15 16:15:28,서울특별시 동대문구  답십리로  288 (장안동),폐업처리,3,03,,준대규모점포,206325.349431713    ,452184.2101607      ,서울특별시 동대문구 장안동 368번지 1호 바우하우스,2015-01-13 13:38:28
3050000,2003305008207500001,2003-10-23,,폐업,2025-12-29,,,,12010,130-817,,홈플러스(주) 동대문점,대형마트,I,2025-12-31 02:40:00,서울특별시 동대문구 천호대로 133 (용두동),폐업처리,3,03,0221738121,대규모점포,203356.957362754    ,452469.300221465    ,서울특별시 동대문구 용두동 33번지 1호,2025-12-29 14:32:06
3050000,2014305014007500003,2014-09-25,,폐업,2026-01-31,,,,141,,,홈플러스 익스프레스 서울회기점,구분없음,I,2026-02-03 22:18:10,서울특별시 동대문구 경희대로 20 (회기동),폐업처리,3,03,029598545,준대규모점포,,,,2026-02-02 21:19:01
3050000,2000305008207500001,1977-12-26,,영업/정상,,,,,1250.85,,02579,용두시장,시장,I,2025-12-15 16:15:28,서울특별시 동대문구 무학로37길 12(용두동),정상영업,1,01,029263751,대규모점포,202538.011840845    ,452901.185283908    ,서울특별시 동대문구 용두동 231-5,2021-12-04 15:48:17
3050000,2000305008207500003,1960-06-29,,영업/정상,,,,,15540.7,,02571,경동시장,시장,I,2025-12-15 16:15:28,"서울특별시 동대문구 고산자로36길 3, 경동시장 (제기동)",정상영업,1,01,029678721,대규모점포,,,서울특별시 동대문구 제기동 1019 경동시장,2022-04-21 09:11:11
3050000,2000305008207500004,1972-10-12,,영업/정상,,,,,1813,,,동서시장,시장,I,2025-12-15 16:15:28,,정상영업,1,01,029678169,대규모점포,,,서울특별시 동대문구 제기동 650호,2021-12-04 15:45:28
3050000,2000305008207500005,1948-09-21,,영업/정상,,,,,19780.15,130-870,,청량리현대코아,그 밖의 대규모점포,I,2026-01-01 02:40:00,서울특별시 동대문구 홍릉로 13 (청량리동),정상영업,1,01,029599981,대규모점포,,,서울특별시 동대문구 청량리동 738번지,2025-12-30 10:51:34
3050000,2000305008207500007,1978-12-28,,영업/정상,,,,,10431.44,130-859,,전농프라자,그 밖의 대규모점포,I,2025-12-15 16:15:28,서울특별시 동대문구 서울시립대로 36 (전농동),정상영업,1,01,0222157200,대규모점포,204082.111844228    ,452472.990548179    ,서울특별시 동대문구 전농동 647번지 1호,2014-10-29 18:12:19
3050000,2000305008207500008,1974-04-02,,영업/정상,,,,,4244,130-854,,전농로타리시장,시장,I,2025-12-15 16:15:28,서울특별시 동대문구 전농로 147 (전농동),정상영업,1,01,0222171231,대규모점포,204970.90163598     ,452852.821037366    ,서울특별시 동대문구 전농동 295번지 52호,2021-12-04 14:55:15
3050000,2000305008207500010,1971-03-11,,영업/정상,,,,,1655.9,,02604,동부시장,시장,I,2025-12-15 16:15:28,서울특별시 동대문구 천호대로 281(답십리동),정상영업,1,01,0222444451,대규모점포,204551.741974471    ,451706.003571094    ,서울특별시 동대문구 답십리동 495-1,2021-12-04 14:28:11
3050000,2000305008207500012,1975-09-05,,영업/정상,,,,,809,,02525,전곡시장,시장,I,2025-12-15 16:15:28,서울특별시 동대문구 한천로 190(장안동),정상영업,1,01,0222453026,대규모점포,205987.345607556    ,452845.284277717    ,서울특별시 동대문구 장안동 108-5,2021-12-04 15:29:22
3050000,2000305008207500014,1974-07-11,,영업/정상,,,,,2178,,02428,이경시장,시장,I,2025-12-15 16:15:28,서울특별시 동대문구 휘경로 53(휘경동),정상영업,1,01,029666966,대규모점포,205761.988407757    ,454700.999035247    ,서울특별시 동대문구 휘경동 151-3,2021-12-04 15:35:20
3050000,2000305008207500016,1972-07-12,,영업/정상,,,,,1774,130-826,,이문제일시장,시장,I,2025-12-15 16:15:28,서울특별시 동대문구 이문로 136 (이문동),정상영업,1,01,029647051,대규모점포,205396.363734301    ,455131.683241064    ,서울특별시 동대문구 이문동 292번지 10호,2021-12-04 14:40:18
3050000,2004305008207500001,2004-02-09,,휴업,,,,,,,,기타대규모점포,그 밖의 대규모점포,I,2025-12-15 16:15:28,,휴업처리,2,02,,,,,   호   ,2007-07-21 10:33:30
3050000,2004305008207500002,2004-07-22,,영업/정상,,,,,7753.13,130-864,,한솔동의보감,전문점,I,2025-12-15 16:15:28,서울특별시 동대문구 왕산로 109 (제기동),정상영업,1,01,0263700050,대규모점포,203075.098504907    ,452918.836458244    ,서울특별시 동대문구 제기동 892번지 71호,2015-04-22 14:23:25
3050000,2005305008207500001,2005-04-29,,취소/말소/만료/정지/중지,,,,,1461,,,바우하우스,대형마트,I,2025-12-15 16:15:28,,직권취소,4,04,0222151000,대규모점포,206325.349431713    ,452184.2101607      ,서울특별시 동대문구 장안동 368번지 1호,2014-10-29 16:24:49
3050000,2005305008207500002,2005-04-29,,영업/정상,,,,,11167.69,130-840,,(주)형지쇼핑 아트몰링 장안점,그 밖의 대규모점포,I,2025-12-15 16:15:28,서울특별시 동대문구 답십리로 288 (장안동),정상영업,1,01,0222151000,대규모점포,206325.349431713    ,452184.2101607      ,서울특별시 동대문구 장안동 368번지 1호,2017-11-22 16:23:50
3050000,2006305008207500001,2006-04-24,,취소/말소/만료/정지/중지,,,,,0,,,건강백화점 동의보감,전문점,I,2025-12-15 16:15:28,,직권취소,4,04,0232994700,대규모점포,,,서울특별시 동대문구 용두동 787호,2014-10-29 14:57:10
3050000,2007305010007500002,2007-05-09,,영업/정상,,,,,13762.35,130-864,,불로장생타워,전문점,I,2025-12-15 16:15:28,서울특별시 동대문구 왕산로 117 (제기동),정상영업,1,01,029070135,대규모점포,203155.504921512    ,452914.607542858    ,서울특별시 동대문구 제기동 1140번지 5호,2022-02-18 16:30:15
3050000,2007305010007500003,2006-04-24,,영업/정상,,,,,6986.87,130-723,,건강백화점 동의보감,전문점,I,2025-12-15 16:15:28,,정상영업,1,01,32994700,대규모점포,,,서울특별시 동대문구 용두동 787번지 동의보감타워,2014-10-29 14:53:02
3050000,2009305010007500001,2009-03-20,,영업/정상,,,,,8286.24,130-081,,대규모점포 개설등록,그 밖의 대규모점포,I,2025-12-15 16:15:28,,정상영업,1,01,,,205396.363734301    ,455131.683241064    ,서울특별시 동대문구 이문1동 292번지 10호 (주)이문종합상가 이문동웰츠타워,2009-03-20 17:54:01
3050000,2010305010007500001,2010-07-23,,영업/정상,,,,,40346.6,130-851,,롯데백화점 청량리역사점,복합쇼핑몰,I,2026-01-22 22:18:10,서울특별시 동대문구 왕산로 214 (전농동),정상영업,1,01,0237072903,대규모점포,204081.282117393    ,453187.395154017    ,서울특별시 동대문구 전농1동 591번지 53호,2026-01-21 10:16:18
3050000,2010305010007500002,2010-08-11,,영업/정상,,,,,10910.6,130-851,,롯데쇼핑(주)롯데마트 청량리점,대형마트,I,2026-01-14 22:18:10,서울특별시 동대문구 왕산로 214 (전농동),정상영업,1,01,0237064710,대규모점포,204081.282117393    ,453187.395154017    ,서울특별시 동대문구 전농1동 591번지 53호,2026-01-13 11:03:56
3050000,2011305010007500001,2011-03-15,,영업/정상,,,,,5746.45,130-100,,장안위더스빌,그 밖의 대규모점포,I,2025-12-15 16:15:28,서울특별시 동대문구 한천로 42 (장안동),정상영업,1,01,028403210,대규모점포,,,서울특별시 동대문구 장안동 580번지,2014-10-29 16:21:25
3050000,2011305014007500001,2021-08-26,,영업/정상,,,,,2260.6,130-080,,이마트에브리데이 이문점,복합쇼핑몰,I,2025-12-15 16:15:28,서울특별시 동대문구 이문로 136 (이문동),정상영업,1,01,029591234,준대규모점포,205396.363734301    ,455131.683241064    ,서울특별시 동대문구 이문동 292번지 10호,2024-07-23 15:04:40
3050000,2011305014007500002,2011-09-07,,영업/정상,,,,,1701.2,130-020,,롯데쇼핑(주) 롯데슈퍼 전농점,구분없음,I,2026-01-14 22:18:10,"서울특별시 동대문구 사가정로 148 (전농동, SK아파트)",정상영업,1,01,0222487800,준대규모점포,,,서울특별시 동대문구 전농동 10번지 외7필지 전농sk아파트 주상가동,2026-01-13 11:01:41
3050000,2011305014007500003,2011-09-07,,영업/정상,,,,,769.5,130-835,,롯데쇼핑(주) 롯데슈퍼 장안점,복합쇼핑몰,I,2026-01-14 22:18:10,서울특별시 동대문구 한천로46길 42 (장안동),정상영업,1,01,0222425611,준대규모점포,206176.178625746    ,453248.09724644     ,서울특별시 동대문구 장안동 94번지 27호 외1필지 예신프라자,2026-01-13 11:00:17
3050000,2011305014007500004,2011-09-26,,영업/정상,,,,,967.51,130-031,,이마트에브리데이 답십리점,구분없음,I,2025-12-15 16:15:28,서울특별시 동대문구 고미술로 49 (답십리동),정상영업,1,01,0222467292,준대규모점포,204638.486386691    ,451699.765836365    ,서울특별시 동대문구 답십리1동 530번지 11호  외1필지 지층1호~13호,2024-07-23 15:23:57
3050000,2011305014007500006,2011-12-28,,영업/정상,,,,,1478.96,130-100,,노브랜드 동대문 장안점,대형마트,I,2025-12-15 16:15:28,서울특별시 동대문구 한천로 42 (장안동),정상영업,1,01,0269082123,준대규모점포,,,서울특별시 동대문구 장안동 580번지,2024-04-30 16:41:33
3050000,2013305014007500002,2013-11-27,,영업/정상,,,,,3824.55,130-050,,베라체캠퍼스 에비뉴,그 밖의 대규모점포,I,2025-12-15 16:15:28,서울특별시 동대문구  이문로  37 (회기동),정상영업,1,01,029572116,대규모점포,204881.313219146    ,454280.040555974    ,서울특별시 동대문구 회기동 346번지 18호,2022-04-06 11:28:46
3050000,2014305014007500001,2008-08-06,,영업/정상,,,,,2448,130-813,,서울풍물시장,그 밖의 대규모점포,I,2025-12-15 16:15:28,서울특별시 동대문구 천호대로4길 21 (신설동),정상영업,1,01,22382600,대규모점포,202186.468072494    ,452282.607415166    ,서울특별시 동대문구 신설동 109번지 5호,2024-01-19 17:46:11
3050000,2014305014007500002,2009-03-20,,영업/정상,,,,,8286.24,130-826,,이문동웰츠타워,그 밖의 대규모점포,I,2025-12-15 16:15:28,서울특별시 동대문구 이문로 136 (이문동),정상영업,1,01,,대규모점포,205396.363734301    ,455131.683241064    ,서울특별시 동대문구 이문동 292번지 10호,2014-09-26 13:26:40
3050000,2018305014007500001,2018-01-25,,영업/정상,,,,,441.1,,02571,노브랜드 경동시장점,구분없음,I,2025-12-15 16:15:28,"서울특별시 동대문구 고산자로36길 3, 2층 (제기동)",정상영업,1,01,023809461,준대규모점포,,,서울특별시 동대문구 제기동 1019번지 신관 2층,2024-04-30 16:41:21
3050000,2022305014007500001,2022-07-11,,영업/정상,,,,,22487.6,,02561,청량리역 한양수자인 그라시엘 판매시설,그 밖의 대규모점포,I,2025-12-15 16:15:28,"서울특별시 동대문구 고산자로32길 78 (용두동, 청량리역한양수자인그라시엘)",정상영업,1,01,027218286,대규모점포,203728.022004023    ,452778.965235022    ,서울특별시 동대문구 용두동 39-1 청량리역한양수자인그라시엘,2023-06-29 10:04:00
3050000,2023305021007500002,2023-03-14,,영업/정상,,,,,307.23,,02523,GS THE FRESH 동대문장안점,구분없음,I,2025-12-15 16:15:28,"서울특별시 동대문구 장한로28가길 45, 희헌빌딩 (장안동)",정상영업,1,01,0220062364,준대규모점포,206341.538776724    ,452530.018811546    ,서울특별시 동대문구 장안동 310-8 희헌빌딩,2025-04-14 18:21:53
3050000,2025305021007500001,2025-01-20,,영업/정상,,,,,216,,02404,GS THE FRESH 이문라그란데점,복합쇼핑몰,I,2025-12-15 16:15:28,"서울특별시 동대문구 이문로35길 12, F동 101~4호 (이문동, 래미안라그란데아파트)",정상영업,1,01,0220062364,준대규모점포,205249.265435832    ,455308.651763587    ,서울특별시 동대문구 이문동 257-42 래미안라그란데아파트 F동 101~4호,2025-04-17 17:27:34
3050000,2025305021007500002,2025-06-23,,영업/정상,,,,,154.46,,02431,이마트에브리데이 휘경자이점,구분없음,I,2026-01-01 02:40:00,"서울특별시 동대문구 외대역동로 63-27, 상가동 201~203호 (휘경동, 휘경자이디센시아)",정상영업,1,01,024787114,준대규모점포,,,서울특별시 동대문구 휘경동 172 휘경자이디센시아,2025-12-30 10:06:37
3050000,2000305008207500002,1963-01-31,,폐업,2015-07-24,,,,1576.4,130-860,,제기시장,그 밖의 대규모점포,I,2025-12-15 16:15:28,서울특별시 동대문구 제기로 18 (제기동),폐업처리,3,03,0209282608,대규모점포,202996.738772654    ,453770.441750111    ,서울특별시 동대문구 제기동 135번지 90호,2015-07-24 11:13:07
3060000,2010306009507500001,2000-05-03,,폐업,2024-05-14,,,,9961.6,131-230,,주식회사 이마트 상봉점,대형마트,I,2025-12-15 16:15:28,서울특별시 중랑구 상봉로 118 (망우동),폐업처리,3,03,024901052,대규모점포,208183.558935157    ,454911.24852306     ,서울특별시 중랑구 망우동 506번지 1호,2024-05-14 10:35:54
3060000,2021306017507500001,2021-11-25,,영업/정상,,,,,1150.47,,02024,롯데프레시앤델리 봉화산역점,그 밖의 대규모점포,I,2026-02-07 22:48:10,"서울특별시 중랑구 신내로 211, 금강리빙스텔 비01호 (신내동)",정상영업,1,01,0222905704,준대규모점포,,,서울특별시 중랑구 신내동 646 금강리빙스텔,2026-02-06 13:11:52
3060000,2012306009507500002,1995-08-23,,폐업,2012-11-08,,,,11554.5,,,한남프라자,시장,I,2025-12-15 16:15:28,서울특별시 중랑구 면목로 470 (상봉동),폐업처리,3,03,024390011,대규모점포,,,,2013-06-19 10:20:42
3060000,2023306020207500001,2023-04-04,,영업/정상,,,,,151.47,,02063,GS THE FRESH 중랑망우점,그 밖의 대규모점포,I,2025-12-15 16:15:28,"서울특별시 중랑구 양원역로 18, 103~106호 (망우동, 중랑숲금호어울림)",정상영업,1,01,,준대규모점포,,,서울특별시 중랑구 망우동 580 중랑숲금호어울림,2025-04-16 20:03:21
3060000,2024306020207500001,2024-02-08,,영업/정상,,,,,258.45,,02071,GS THE FRESH 신내점,그 밖의 대규모점포,I,2025-12-15 16:15:28,"서울특별시 중랑구 봉화산로56길 153, 대명프라자 (신내동)",정상영업,1,01,024343043,준대규모점포,208481.612667873    ,455496.980508789    ,서울특별시 중랑구 신내동 502-5 대명프라자,2024-02-13 14:17:38
3060000,2025306021507500001,2025-11-25,,영업/정상,,,,,183.97,,02016,이마트에브리데이 중화리버센SK점,대형마트,I,2025-12-25 02:40:00,"서울특별시 중랑구 중랑천로 200, 102,105,404호 (중화동, 리버센 SK VIEW 롯데캐슬)",정상영업,1,01,,준대규모점포,206612.198807103    ,455630.425418005    ,서울특별시 중랑구 중화동 331-1 리버센 SK VIEW 롯데캐슬,2025-12-23 10:29:28
3060000,2005306007507500001,2001-04-18,,영업/정상,,,,,9776.28,,,코스트코홀세일 상봉점,대형마트,I,2025-12-15 16:15:28,서울특별시 중랑구 망우로 336 (상봉동),정상영업,1,01,024391144,대규모점포,,,서울특별시 중랑구 상봉동 81호,2015-12-03 17:54:05
3060000,2006306009507500001,2006-08-28,,영업/정상,,,,,11101,131-132,,홈플러스 신내점,대형마트,I,2025-12-15 16:15:28,서울특별시 중랑구 신내로 201 (신내동),정상영업,1,01,0220248124,대규모점포,,,서울특별시 중랑구 신내2동 645번지,2024-03-04 14:56:59
3060000,2006306009507500002,2006-10-26,,영업/정상,,,,,8128.82,,,홈플러스(주)면목점,대형마트,I,2025-12-15 16:15:28,서울특별시 중랑구 사가정로 332 (면목동),정상영업,1,01,024372080,대규모점포,207090.86716546     ,453072.936040777    ,서울특별시 중랑구 면목동 168번지 2호,2024-05-22 09:57:55
3060000,2010306009507500002,2010-07-21,,영업/정상,,,,,5100.83,131-141,,주식회사 이마트 묵동점,대형마트,I,2025-12-15 16:15:28,서울특별시 중랑구 동일로 932 (묵동),정상영업,1,01,023809426,대규모점포,206777.731391054    ,456837.219624564    ,서울특별시 중랑구 묵1동 170번지 1호 외 35필지,2024-04-18 13:11:10
3060000,2010306009507500003,2010-12-29,,영업/정상,,,,,22618.65,131-221,,홈플러스(주) 서울 상봉점,대형마트,I,2025-12-15 16:15:28,"서울특별시 망우로 353-0 (상봉동, 프레미어스 엠코)",정상영업,1,01,0269228100,대규모점포,,,서울특별시 중랑구 상봉1동 500번지,2024-02-29 18:12:48
3060000,2010306009507500004,2010-07-21,,취소/말소/만료/정지/중지,,,,,5100.83,131-141,,신세계 이마트 묵동점,대형마트,I,2025-12-15 16:15:28,,직권취소,4,04,023809426,대규모점포,206777.731391054    ,456837.219624564    ,서울특별시 중랑구 묵1동 170번지 1호 외 35필지,2013-05-31 09:30:58
3060000,2011306009507500001,2011-07-04,,영업/정상,,,,,466.1,131-122,,홈플러스(주) 익스프레스 태릉점,그 밖의 대규모점포,I,2025-12-15 16:15:28,서울특별시 중랑구 동일로129길 35 (중화동),정상영업,1,01,024918546,준대규모점포,206771.217305763    ,455221.989517331    ,서울특별시 중랑구 중화2동 314번지 1호,2024-04-15 15:31:33
3060000,2011306009507500002,2011-08-09,,영업/정상,,,,,361.1,131-812,,홈플러스(주)익스프레스 면목점,그 밖의 대규모점포,I,2025-12-15 16:15:28,서울특별시 중랑구 면목로 357 (면목동),정상영업,1,01,024938545,준대규모점포,207708.364765906    ,453525.741161528    ,서울특별시 중랑구 면목3.8동 499번지 4호,2024-04-15 15:27:32
3060000,2011306009507500003,2011-08-09,,영업/정상,,,,,364.6,131-233,,홈플러스(주)익스프레스 망우점,그 밖의 대규모점포,I,2025-12-15 16:15:28,서울특별시 중랑구 용마산로 494 (망우동),정상영업,1,01,024348546,준대규모점포,208781.999418607    ,454740.62692431     ,서울특별시 중랑구 망우3동 410번지 1호,2024-04-15 15:27:19
3060000,2011306009507500004,2012-01-06,,영업/정상,,,,,1440.66,131-828,,(주)이마트에브리데이 면목동점,그 밖의 대규모점포,I,2025-12-15 16:15:28,서울특별시 중랑구 면목로39길 11 (면목동),정상영업,1,01,023805042,준대규모점포,,,서울특별시 중랑구 면목7동 650번지 카멜리아 쇼핑센타 1층,2024-08-06 11:26:39
3060000,2011306009507500006,2001-03-28,,영업/정상,,,,,4136,131-867,,동성타워프라자,복합쇼핑몰,I,2025-12-15 16:15:28,서울특별시 중랑구 봉화산로 221 (신내동),정상영업,1,01,34232975,대규모점포,,,서울특별시 중랑구 신내1동 786번지 동성타워프라자,2012-11-05 14:23:19
3060000,2012306009507500001,1975-09-09,,영업/정상,,,,1975-09-09,0,131-883,,태능엔터피아 번영회,시장,I,2025-12-15 16:15:28,서울특별시 중랑구 동일로129길 35 (중화동),정상영업,1,01,024328637,대규모점포,206771.217305763    ,455221.989517331    ,서울특별시 중랑구 중화2동 314번지 1호,2012-01-31 13:45:02
3060000,2013306009507500001,2013-11-28,,영업/정상,,,,,21844.34,,,이노시티,복합쇼핑몰,I,2025-12-15 16:15:28,"서울특별시 중랑구 망우로 353-0 (상봉동, 프레미어스 엠코)",정상영업,1,01,0222079991,대규모점포,,,,2024-06-18 15:25:21
3060000,2014306009507500001,1971-12-10,,영업/정상,,,,,1558.54,,,동원,시장,I,2025-12-15 16:15:28,서울특별시 중랑구 면목로74길 45 (면목동),정상영업,1,01,024390026,대규모점포,,,,2014-03-18 17:25:09
3060000,2011306009507500005,2011-10-07,,폐업,2021-03-31,,,,427.5,131-222,,롯데쇼핑(주)롯데슈퍼 상봉점,그 밖의 대규모점포,I,2025-12-15 16:15:28,서울특별시 중랑구 망우로32길 23 (상봉동),폐업처리,3,03,024345602,준대규모점포,206740.95977172     ,454517.575326381    ,서울특별시 중랑구 상봉2동 129번지 9호,2021-06-08 20:27:06
3070000,1968307009907500001,1968-08-14,,폐업,2008-04-22,,,,3583.4,,,장석시장,시장,I,2025-12-15 16:15:28,,폐업처리,3,03,029151254,,205020.608686581    ,456783.766604012    ,서울특별시 성북구 장위동 60번지 1호,2008-10-07 11:10:31
3070000,2025307029907500001,2025-01-15,,영업/정상,,,,,329,,02871,GS더프레시 보문역사거리점,구분없음,I,2025-12-15 16:15:28,"서울특별시 성북구 보문로 121, 신한은행보문동지점 1층 일부 (보문동2가)",영업개시전,5,01,0220062364,준대규모점포,,,서울특별시 성북구 보문동2가 79 신한은행보문동지점,2025-05-12 10:39:29
3070000,2000307009907500003,1999-12-07,,폐업,2008-01-07,,,,1845,,,돈암시장,시장,I,2025-12-15 16:15:28,,폐업처리,3,03,,,,,서울특별시 성북구 삼선동5가 55번지 1  호,2008-10-07 11:00:47
3070000,2000307009907500006,1969-02-19,,폐업,2008-02-22,,,,2597,,,월곡시장,시장,I,2025-12-15 16:15:28,,폐업처리,3,03,029132982,,,,서울특별시 성북구 하월곡동 16번지 1 호,2008-10-07 11:05:21
3070000,2000307009907500008,1970-02-27,,폐업,2007-03-30,,,,1426.32,,,정릉시장,시장,I,2025-12-15 16:15:28,,폐업처리,3,03,029144851,,200741.814526594    ,456247.253686235    ,서울특별시 성북구 정릉동 405번지 1  호,2008-10-07 10:55:58
3070000,2000307009907500010,1972-07-04,,폐업,2018-07-12,,,,0,,,장위시장,그 밖의 대규모점포,I,2025-12-15 16:15:28,,폐업처리,3,03,029158881,,204411.779055457    ,456753.488817165    ,서울특별시 성북구 장위동 238번지 496 호,2018-08-30 13:50:46
3070000,2000307009907500012,1974-05-10,,폐업,2007-02-13,,,,1497,,,삼선시장,시장,I,2025-12-15 16:15:28,,폐업처리,3,03,027646480,,,,서울특별시 성북구 삼선동1가 29호,2008-10-07 10:47:44
3070000,2003307009907532101,2003-12-24,,폐업,2008-07-29,,,,2986,,,코코마트,시장,I,2025-12-15 16:15:28,,폐업처리,3,03,029434044,,204367.347787613    ,456732.945005445    ,서울특별시 성북구 장위동 68번지 1014호,2008-10-07 10:26:51
3070000,2008307013407500001,2008-06-20,,폐업,2025-08-08,,,,3583,136-143,,삼익아파트상가,그 밖의 대규모점포,I,2025-12-15 16:15:28,,폐업처리,3,03,,준대규모점포,205020.608686581    ,456783.766604012    ,서울특별시 성북구 장위동 60번지 1호,2025-08-11 14:53:11
3070000,2011307005007500001,2011-09-21,,폐업,2022-02-23,,,,739,,02846,롯데쇼핑(주)롯데슈퍼동소문점,그 밖의 대규모점포,I,2025-12-15 16:15:28,"서울특별시 성북구 동소문로 98, 메디컬센터빌딩 (동소문동5가)",폐업처리,3,03,22905853,준대규모점포,,,서울특별시 성북구 동소문동5가 75 메디컬센터빌딩,2025-08-14 14:51:09
3070000,2012307018907500002,2012-04-12,,폐업,2020-06-30,,,,198,136-111,,GS수퍼마켓 길음점,그 밖의 대규모점포,I,2025-12-15 16:15:28,서울특별시 성북구 길음로 103 (길음동),폐업처리,3,03,029412227,준대규모점포,201517.385329678    ,456504.561867278    ,서울특별시 성북구 길음1동 1280번지 6호,2025-08-14 14:56:07
3070000,2012307018907500003,2012-04-20,,폐업,2024-04-08,,,,80.49,136-131,,롯데슈퍼하월곡점,그 밖의 대규모점포,I,2025-12-15 16:15:28,,폐업처리,3,03,,준대규모점포,203353.798850162    ,455765.417145198    ,서울특별시 성북구 월곡1동 62번지 1호,2025-08-14 14:49:06
3070000,2012307018907500008,2017-04-27,,폐업,2022-02-23,,,,739,136-035,,롯데마이슈퍼 동소문점,구분없음,I,2025-12-15 16:15:28,서울특별시 성북구 동소문로 98 (동소문동5가),폐업처리,3,03,029235601,준대규모점포,,,서울특별시 성북구 동소문동5가 75번지,2022-02-23 16:55:24
3070000,2012307018907500009,2017-04-27,,폐업,2024-04-08,,,,80.49,136-111,,롯데마켓999 하월곡점,구분없음,I,2025-12-15 16:15:28,서울특별시 성북구 오패산로4길 17 (하월곡동),폐업처리,3,03,029185651,준대규모점포,201621.331749529    ,456272.261670237    ,서울특별시 성북구 길음1동 1285번지 7호,2024-04-17 13:37:54
3070000,2012307018907500010,2012-05-21,,폐업,2022-02-23,,,,292.56,136-110,,롯데마이슈퍼 길음점,구분없음,I,2025-12-15 16:15:28,"서울특별시 성북구 길음로13길 22 (길음동, 길음뉴타운7단지두산위브아파트)",폐업처리,3,03,029415610,준대규모점포,,,서울특별시 성북구 길음동 1274번지 67호,2022-02-23 16:54:36
3070000,2023307029907500003,2023-06-08,,폐업,2024-04-08,,,,80.49,,02751,롯데마켓 999 하월곡점,구분없음,I,2025-12-15 16:15:28,서울특별시 성북구 오패산로4길 17 (하월곡동),폐업처리,3,03,029185651,준대규모점포,203353.798850162    ,455765.417145198    ,서울특별시 성북구 하월곡동 62-1,2025-01-22 17:55:54
3070000,1998000000007500002,1998-05-22,,휴업,,,,,,,,코코마트,그 밖의 대규모점포,I,2025-12-15 16:15:28,,휴업처리,2,02,029434044,,204367.347787613    ,456732.945005445    ,서울특별시 성북구 장위동 68번지 1014호   ,2007-07-07 10:47:37
3070000,2000307009907500001,1961-12-04,,영업/정상,,,,,,,,보문시장,그 밖의 대규모점포,I,2025-12-15 16:15:28,,정상영업,1,01,,,,,서울특별시 성북구 보문동4가 1번지 1   호   ,2007-07-07 10:47:37
3070000,2000307009907500004,1999-02-25,,영업/정상,,,,,,,,미아시장,그 밖의 대규모점포,I,2025-12-15 16:15:28,,정상영업,1,01,029135724,,,,서울특별시 성북구 하월곡동 88번지 345호   ,2007-07-07 10:47:37
3070000,2000307009907500007,1999-01-21,,영업/정상,,,,,,,,석관시장,그 밖의 대규모점포,I,2025-12-15 16:15:28,,정상영업,1,01,029675571,,,,서울특별시 성북구 석관동 270호   ,2007-07-07 10:47:37
3070000,2000307009907500009,1971-05-22,,영업/정상,,,,,,,,새석관시장,그 밖의 대규모점포,I,2025-12-15 16:15:28,,정상영업,1,01,029620580,,204582.680269555    ,456210.836257791    ,서울특별시 성북구 석관동 338번지 18호   ,2007-07-07 10:47:37
3070000,2000307009907500011,1972-09-30,,영업/정상,,,,,,,,번동시장,그 밖의 대규모점포,I,2025-12-15 16:15:28,,정상영업,1,01,029157301,,,,서울특별시 성북구 장위동 301호   ,2007-07-07 10:47:37
3070000,2000307009907500013,1988-08-11,,영업/정상,,,,,,,,길음시장,그 밖의 대규모점포,I,2025-12-15 16:15:28,,정상영업,1,01,029127001,,,,서울특별시 성북구 길음동 540번지 2   호   ,2016-06-17 11:44:50
3070000,2000307009907500014,1994-04-29,,휴업,,,,,,,,코코마트,그 밖의 대규모점포,I,2025-12-15 16:15:28,,휴업처리,2,02,029434044,,204367.347787613    ,456732.945005445    ,서울특별시 성북구 장위동 68번지 1014호   ,2007-07-07 10:47:37
3070000,2000307009907500015,1995-11-16,,영업/정상,,,,,,,,동소문스카이프라자,그 밖의 대규모점포,I,2025-12-15 16:15:28,,정상영업,1,01,029266405,,,,서울특별시 성북구 돈암동 609번지 1  호   ,2007-07-07 10:47:37
3070000,2000307009907500016,1988-05-14,,휴업,,,,,10006,,,신세계백화점 미아점,백화점,I,2025-12-15 16:15:28,,휴업처리,2,02,029620580,,202555.30089577     ,456503.066230481    ,서울특별시 성북구 길음동 25번지 2호   ,2007-07-07 10:47:37
3070000,2001307013407500001,2001-08-11,,영업/정상,,,,,36583,,,현대백화점 미아점,백화점,I,2025-12-15 16:15:28,"서울특별시 성북구 동소문로 315 (길음동, 현대백화점미아점)",정상영업,1,01,0221173014,대규모점포,202466.801084521    ,456227.571720914    ,서울특별시 성북구 길음동 20번지 1호,2024-04-08 17:44:03
3070000,2003307009907500001,2003-02-10,,영업/정상,,,,2003-02-10,2973.4,136-802,,길음시장,시장,I,2025-12-15 16:15:28,서울특별시 성북구 동소문로 227 (길음동),정상영업,1,01,029436563,대규모점포,201852.588541848    ,455598.947533777    ,서울특별시 성북구 길음동 535번지 8호,2017-04-20 18:08:30
3070000,2003307009907500002,2003-02-10,,휴업,,,,,6058.38,,,길음시장,그 밖의 대규모점포,I,2025-12-15 16:15:28,,휴업처리,2,02,029436563,,201876.521665604    ,455664.635302013    ,서울특별시 성북구 길음동 540번지 2호   ,2007-07-07 10:47:37
3070000,2004307009907500001,2008-05-29,,영업/정상,,,,,10006,,,신세계이마트미아점,대형마트,I,2025-12-15 16:15:28,,정상영업,1,01,0203805234,,202555.30089577     ,456503.066230481    ,서울특별시 성북구 길음동 25번지 2호,2008-06-01 10:57:11
3070000,2004307018907500001,2004-09-22,,영업/정상,,,,,18964,136-111,,이마트 미아점,대형마트,I,2025-12-15 16:15:28,서울특별시 성북구  도봉로  17 (길음동),정상영업,1,01,029441234,대규모점포,,,서울특별시 성북구 길음동 25번지 2호,2014-02-24 13:48:56
3070000,2008307013407500002,2008-10-27,,영업/정상,,,,,4382.65,,02797,종암우림카이저팰리스주상복합,그 밖의 대규모점포,I,2025-12-15 16:15:28,"서울특별시 성북구 종암로 132 (종암동, 종암우림카이저팰리스)",정상영업,1,01,0209413506,대규모점포,,,서울특별시 성북구 종암동 132번지,2016-03-10 13:18:37
3070000,2010307013407500001,2010-04-28,,영업/정상,,,,,10006,,02729,이마트 미아점,대형마트,I,2025-12-15 16:15:28,"서울특별시 성북구 도봉로 17, 신세계 이마트 미아점 (길음동)",정상영업,1,01,,대규모점포,202555.30089577     ,456503.066230481    ,서울특별시 성북구 길음동 25번지 2호 신세계 이마트 미아점,2020-04-22 10:13:56
3070000,2010307013407500002,2010-05-19,,영업/정상,,,,,17817,,02751,홈플러스 월곡점,대형마트,I,2025-12-15 16:15:28,"서울특별시 성북구 화랑로 76, 코업스타클래스 (하월곡동)",정상영업,1,01,0236698000,대규모점포,203502.004139568    ,455500.568972657    ,서울특별시 성북구 하월곡동 46-73 코업스타클래스,2025-05-08 19:21:06
3070000,2010307013407500003,2010-06-30,,영업/정상,,,,,19201,136-735,,이마트 하월곡점,대형마트,I,2025-12-15 16:15:28,"서울특별시 성북구 종암로 167,  동 (하월곡동)",정상영업,1,01,029441051,대규모점포,,,서울특별시 성북구 길음2동 230번지 동일하이빌뉴시티아파트,2014-02-24 13:42:32
3070000,2011307018907500001,2011-09-02,,영업/정상,,,,,1202,,,GS더프레시 동소문점,구분없음,I,2025-12-15 16:15:28,"서울특별시 성북구 성북로4길 52 (돈암동, 한진아파트)",정상영업,1,01,,준대규모점포,,,,2025-05-13 15:57:29
3070000,2011307018907500002,2011-09-08,,영업/정상,,,,,331,136-062,,GS더프레시 성북돈암점,구분없음,I,2025-12-15 16:15:28,"서울특별시 성북구 북악산로 844 (돈암동, 돈암이수브라운스톤아파트)",정상영업,1,01,0232913333,준대규모점포,,,서울특별시 성북구 돈암2동 636번지,2025-05-13 15:57:03
3070000,2012307018907500001,2012-04-12,,영업/정상,,,,,202,136-720,,GS더프레시 길음뉴타운점,구분없음,I,2025-12-15 16:15:28,"서울특별시 성북구 길음로 33 (길음동, 길음뉴타운8단지아파트)",정상영업,1,01,0260531252,준대규모점포,,,서울특별시 성북구 길음1동 1284번지 삼성래미안3차아파트,2025-05-13 15:48:10
3070000,2012307018907500006,2012-04-25,,영업/정상,,,,,17056,136-051,,유타쇼핑몰,전문점,I,2025-12-15 16:15:28,서울특별시 성북구 동소문로 106 (동선동1가),정상영업,1,01,029259523,대규모점포,201447.418693099    ,454477.103343093    ,서울특별시 성북구 동선동1가 1번지 2호,2025-11-12 13:45:56
3070000,2012307018907500007,2012-05-14,,영업/정상,,,,,149.49,,02866,홈플러스익스프레스 삼선점,그 밖의 대규모점포,I,2025-12-15 16:15:28,서울특별시 성북구 삼선교로 6 (삼선동1가),정상영업,1,01,0236758549,준대규모점포,,,서울특별시 성북구 삼선동1가 21,2025-01-22 18:12:37
3070000,2012307018907500011,2012-05-21,,영업/정상,,,,,685.6,136-140,,롯데슈퍼 장위점,구분없음,I,2025-12-24 02:40:00,서울특별시 성북구 월계로40길 7 (장위동),정상영업,1,01,029155603,준대규모점포,204208.631200867    ,457844.348010616    ,서울특별시 성북구 장위동 316번지 3호,2025-12-22 15:04:18
3070000,2012307018907500012,2012-05-21,,영업/정상,,,,,257,136-854,,롯데슈퍼 정릉점,구분없음,I,2025-12-24 02:40:00,서울특별시 성북구 정릉로 307 (정릉동),정상영업,1,01,029145601,준대규모점포,,,서울특별시 성북구 정릉3동 1034번지,2025-12-22 14:59:47
3070000,2012307018907500013,2012-05-21,,영업/정상,,,,,215,136-087,,홈플러스익스프레스 보문점,그 밖의 대규모점포,I,2025-12-15 16:15:28,서울특별시 성북구 보문로 61 (보문동7가),정상영업,1,01,029218545,준대규모점포,201826.002331378    ,453162.376311852    ,서울특별시 성북구 보문동7가 25번지 1호,2025-01-22 18:10:30
3070000,2012307018907500014,2012-05-21,,영업/정상,,,,,189,136-732,,홈플러스익스프레스 길음점,그 밖의 대규모점포,I,2025-12-15 16:15:28,서울특별시 성북구 길음로13길 22 (길음동),정상영업,1,01,029428545,준대규모점포,,,서울특별시 성북구 길음동 1285번지 두산아파트상가,2025-01-22 18:10:14
3070000,2012307019707500002,2012-10-16,,영업/정상,,,,,14370,136-751,,동소문스카이상가,복합쇼핑몰,I,2025-12-15 16:15:28,서울특별시 성북구 성북로4길 52 (돈암동),정상영업,1,01,029266405,대규모점포,200841.726990037    ,454721.505180141    ,서울특별시 성북구 돈암동 609번지 1호,2025-01-22 18:09:57
3070000,2014307021607500001,2008-05-29,,영업/정상,,,,,10006,136-800,,이마트 미아점,대형마트,I,2025-12-15 16:15:28,서울특별시 성북구 도봉로 17 (길음동),정상영업,1,01,029441052,대규모점포,202555.30089577     ,456503.066230481    ,서울특별시 성북구 길음동 25번지 2호,2024-04-29 13:49:19
3070000,2014307021607500002,2012-02-24,,영업/정상,,,,,10745,136-735,,이마트 하월곡점,대형마트,I,2025-12-15 16:15:28,"서울특별시 성북구 종암로 167 (하월곡동, 동일하이빌뉴시티아파트)",정상영업,1,01,0269361251,대규모점포,,,서울특별시 성북구 하월곡동 230번지 동일하이빌뉴시티아파트,2025-05-26 14:52:53
3070000,2017307021607500001,2017-04-26,,영업/정상,,,,,301.45,,02874,GS더프레시 성북보문점,구분없음,I,2025-12-15 16:15:28,"서울특별시 성북구 보문사길 111 (보문동6가, 보문파크뷰자이)",정상영업,1,01,0220063215,준대규모점포,,,,2025-05-13 15:52:44
3070000,2019307021607500001,2019-05-24,,영업/정상,,,,,0,,02831,동소문스카이상가,그 밖의 대규모점포,I,2025-12-15 16:15:28,"서울특별시 성북구 성북로4길 52 (돈암동, 한신한진아파트)",정상영업,1,01,029266405,대규모점포,200841.726990037    ,454721.505180141    ,서울특별시 성북구 돈암동 609번지 1호 스카이프라자상가,2019-05-24 17:01:59
3070000,2019307021607500002,2019-05-29,,영업/정상,,,,,4612.41,,,길음시장,그 밖의 대규모점포,I,2025-12-15 16:15:28,,정상영업,1,01,029129110,대규모점포,,,"서울특별시 성북구 길음동 535번지8호, 535번지26호, 540번지2호",2019-05-29 17:30:00
3070000,2019307021607500003,2019-06-13,,영업/정상,,,,,5022.21,,,길음시장,그 밖의 대규모점포,I,2025-12-15 16:15:28,,정상영업,1,01,029129110,대규모점포,,,"서울특별시 성북구 길음동 535-8,535-26,540-2,540-7",2019-06-13 08:58:32
3070000,2022307028607500002,2022-04-18,,영업/정상,,,,,186.6,,02730,GS더프레시 성북클라시아점,구분없음,I,2025-12-15 16:15:28,"서울특별시 성북구 숭인로8길 80, 롯데캐슬클라시아 상가 101~104호 (길음동)",정상영업,1,01,0220062678,준대규모점포,,,서울특별시 성북구 길음동 508-16,2025-05-13 15:51:54
3070000,2023307029907500001,2023-04-18,,영업/정상,,,,,828.69,,02721,이마트에브리데이 길음점,그 밖의 대규모점포,I,2025-12-15 16:15:28,"서울특별시 성북구 길음로7길 6, 길음뉴타운9단지래미안 상가 지하1층 B04~B08호 (길음동)",정상영업,1,01,023805042,준대규모점포,201912.435615622    ,455775.861032353    ,서울특별시 성북구 길음동 1286-10 길음뉴타운9단지래미안 상가,2025-01-22 18:07:54
3070000,2023307029907500002,2023-04-18,,영업/정상,,,,,828.69,,02721,이마트에브리데이 길음점,구분없음,I,2025-12-15 16:15:28,"서울특별시 성북구 길음로7길 6, 길음뉴타운9단지래미안 상가 지하1층 B04~B08호 (길음동)",영업개시전,5,01,023805042,준대규모점포,201912.435615622    ,455775.861032353    ,서울특별시 성북구 길음동 1286-10 길음뉴타운9단지래미안 상가,2023-04-20 09:38:33
3070000,2000307009907500002,1961-12-24,,폐업,2008-10-06,,,,3701.61,,,종암시장,시장,I,2025-12-15 16:15:28,,폐업처리,3,03,029413506,,,,서울특별시 성북구 종암동 3번지 75  호,2008-10-07 10:21:30
3080000,2009308009207500002,2009-09-22,,폐업,2014-12-22,,,,2384.99,142-815,,성북프라자,그 밖의 대규모점포,I,2026-01-08 16:19:17,서울특별시 강북구 도봉로33길 18 (미아동),폐업처리,3,03,,대규모점포,,,서울특별시 강북구 송천동,2014-12-23 13:39:50
3080000,2013308013907500002,1962-08-21,,영업/정상,,,,,1061,,,우이시장,그 밖의 대규모점포,I,2026-01-08 16:19:17,서울특별시 강북구 노해로23길 68 (수유동),정상영업,1,01,029930240,대규모점포,,,,2024-03-20 21:34:46
3080000,2011308013907500006,2011-09-16,,폐업,2022-01-15,,,,1662.2,142-071,,롯데쇼핑(주)롯데슈퍼수유점,대형마트,I,2026-01-08 16:19:17,서울특별시 강북구 도봉로67길 18 (수유동),폐업처리,3,03,22905853,준대규모점포,201956.180985499    ,458714.365820521    ,서울특별시 강북구 수유1동 54번지 5호,2022-01-19 11:02:32
3080000,2011308013907500007,2011-09-16,,폐업,2020-07-04,,,,226.1,142-731,,롯데쇼핑(주)롯데슈퍼삼양점,대형마트,I,2026-01-08 16:19:17,서울특별시 강북구 삼양로27길 19 (미아동),폐업처리,3,03,,준대규모점포,,,서울특별시 강북구 삼각산동 812번지 삼성래미안트리베라2차아파트 상가 204동 115-119,2021-04-29 09:26:11
3080000,2012308013907500001,2012-03-20,,폐업,2019-02-27,,,,303.4,,,롯데쇼핑(주)롯데슈퍼미아점,대형마트,I,2026-01-08 16:19:17,"서울특별시 강북구 삼양로19길 25, 110동 지하1층 5호,6호 (미아동, 삼성래미안트리베라1차)",폐업처리,3,03,,준대규모점포,,,,2019-03-07 11:01:17
3080000,2014308013907500001,2014-12-24,,영업/정상,,,,,12353.04,142-100,,연이스퀘어,쇼핑센터,I,2026-01-08 16:19:17,서울특별시 강북구 도봉로 52 (미아동),정상영업,1,01,029811151,대규모점포,,,서울특별시 강북구 미아동 71번지 1호,2019-03-11 15:16:58
3080000,2024308019007500001,2024-02-07,,영업/정상,,,,,227.01,,01237,GS THE FRESH 북서울숲점,구분없음,I,2026-01-08 16:19:17,"서울특별시 강북구 오패산로30길 10, 대지쇼핑프라자 1층 101~104호, 106호~122호 (미아동)",정상영업,1,01,0220062364,준대규모점포,203008.20501727     ,456808.972105684    ,"서울특별시 강북구 미아동 7-5 대지쇼핑프라자 1층 101~104호, 106호~122호",2025-05-02 09:47:25
3080000,2025308019007500001,2025-04-07,,영업/정상,,,,,294.5,,01100,GS THE FRESH 수유중앙점,구분없음,I,2026-01-08 16:19:17,서울특별시 강북구 삼양로79길 24-17 (수유동),정상영업,1,01,0220062364,준대규모점포,201357.487353084    ,458750.390221395    ,서울특별시 강북구 수유동 472-304,2025-05-02 09:46:10
3080000,2025308019007500002,2025-08-29,,영업/정상,,,,,925.62,,01117,(주)이마트에브리데이 수유시장점,구분없음,I,2026-01-08 16:19:17,"서울특별시 강북구 도봉로67길 18, 수유시장 1층 (수유동)",정상영업,1,01,023805042,준대규모점포,201956.180985499    ,458714.365820521    ,서울특별시 강북구 수유동 54-5 수유시장,2025-09-27 14:34:54
3080000,1966308016907500009,1966-12-19,,영업/정상,,,,,5301.07,,01117,수유시장,그 밖의 대규모점포,I,2026-01-08 16:19:17,"서울특별시 강북구 도봉로67길 18, 수유시장 (수유동)",정상영업,1,01,029894730,대규모점포,201956.180985499    ,458714.365820521    ,서울특별시 강북구 수유동 54번지 5호 수유시장,2019-03-11 19:23:47
3080000,1971308013907500001,1971-07-19,,영업/정상,,,,,2651,142-061,,북부시장,시장,I,2026-01-08 16:19:17,서울특별시 강북구 한천로123길 26 (번동),정상영업,1,01,029011683,대규모점포,202608.934103734    ,459320.030764534    ,서울특별시 강북구 번1동 413번지 3호,2014-09-18 11:39:24
3080000,1971308016907500002,1971-11-18,,영업/정상,,,,,3634.6,,01076,수유중앙시장,그 밖의 대규모점포,I,2026-01-08 16:19:17,"서울특별시 강북구 노해로17길 21, 수유중앙시장 (수유동)",정상영업,1,01,029021353,대규모점포,201812.904685238    ,459775.992830125    ,서울특별시 강북구 수유동 32번지 2호 수유중앙시장,2019-03-11 18:50:37
3080000,1975308016907500002,1975-02-11,,영업/정상,,,,,5023.11,,01189,동북프라자,그 밖의 대규모점포,I,2026-01-08 16:19:17,"서울특별시 강북구 솔샘로 233, 동북프라자 (미아동)",정상영업,1,01,029800740,대규모점포,201589.777957863    ,457545.100871485    ,서울특별시 강북구 미아동 701번지 3호 동북프라자,2020-10-28 14:41:07
3080000,197530801690752,1975-02-11,,영업/정상,,,,,3243,,01189,동북시장,그 밖의 대규모점포,I,2026-01-08 16:19:17,"서울특별시 강북구 솔샘로 233, 동북프라자 (미아동)",정상영업,1,01,029800740,대규모점포,201589.777957863    ,457545.100871485    ,서울특별시 강북구 미아동 701번지 3호 동북프라자,2018-07-13 15:13:59
3080000,1998308007507500012,1998-10-12,,휴업,,,,,,,,수유프라자,그 밖의 대규모점포,I,2026-01-08 16:19:17,,휴업처리,2,02,029880450,,,,서울특별시 강북구 수유동 63호   ,2007-06-30 10:46:45
3080000,1998308009207500001,1998-06-25,,영업/정상,,,,,4239.91,,01114,수유프라자,그 밖의 대규모점포,I,2026-01-08 16:19:17,"서울특별시 강북구 도봉로 261 (수유동, 삼호아파트,수유프라자)",정상영업,1,01,029822278,대규모점포,,,서울특별시 강북구 수유동 63번지,2024-03-20 21:32:20
3080000,2003000000007500013,2003-12-09,,영업/정상,,,,,0,142-874,,수유프라자,그 밖의 대규모점포,I,2026-01-08 16:19:17,서울특별시 강북구 도봉로 261 (수유동),정상영업,1,01,,대규모점포,,,서울특별시 강북구 수유동 63번지,2015-05-19 11:00:37
3080000,2003308007507500005,2003-04-25,,영업/정상,,,,,9258,,,숭인시장,그 밖의 대규모점포,I,2026-01-08 16:19:17,서울특별시 강북구 도봉로 45 (미아동),정상영업,1,01,029881430,대규모점포,,,서울특별시 강북구 미아동 58호,2019-03-11 19:22:07
3080000,2003308007507500012,2003-08-05,,휴업,,,,,,,,강북종합시장,그 밖의 대규모점포,I,2026-01-08 16:19:17,,휴업처리,2,02,029943989,,,,   호   ,2007-06-30 10:46:45
3080000,2006308009207500001,2006-12-14,,영업/정상,,,,,45651.37,,,롯데백화점 미아점,복합쇼핑몰,I,2026-01-09 22:18:10,서울특별시 강북구 도봉로 62 (미아동),정상영업,1,01,029442500,대규모점포,202625.646264572    ,456875.973976242    ,서울특별시 강북구 미아동 70번지 6   호,2026-01-08 09:35:30
3080000,2007308009207500001,2007-05-17,,휴업,,,,,3553.11,,,트레지오,쇼핑센터,I,2026-01-08 16:19:17,,휴업처리,2,02,029867000,,,,서울특별시 강북구 미아동 35번지 4   호 도봉로32  ,2007-06-30 10:46:45
3080000,2008308009207500001,2008-07-10,,영업/정상,,,,,1698.5,142-870,,수유북부시장,그 밖의 대규모점포,I,2026-01-08 16:19:17,서울특별시 강북구 삼양로91길 11-12 (수유동),정상영업,1,01,029035546,대규모점포,201354.553491054    ,459317.583083716    ,서울특별시 강북구 수유동 405번지 5호,2021-12-20 09:39:17
3080000,2009308009207500001,2009-09-10,,영업/정상,,,,,4834.6,142-804,,트레지오,복합쇼핑몰,I,2026-01-08 16:19:17,서울특별시 강북구 도봉로 34 (미아동),정상영업,1,01,,대규모점포,,,서울특별시 강북구 송중동,2022-01-18 13:00:14
3080000,2011308013907500001,2011-01-03,,영업/정상,,,,,2837,142-073,,강북종합시장,그 밖의 대규모점포,I,2026-01-08 16:19:17,서울특별시 강북구 한천로148길 12-43 (수유동),정상영업,1,01,029943989,대규모점포,,,서울특별시 강북구 수유3동 179번지 5호,2011-12-19 13:41:27
3080000,2011308013907500002,2011-01-24,,영업/정상,,,,,2736.8,142-061,,강북 북부시장,그 밖의 대규모점포,I,2026-01-08 16:19:17,서울특별시 강북구 한천로123길 26 (번동),정상영업,1,01,029021683,대규모점포,202608.934103734    ,459320.030764534    ,서울특별시 강북구 번1동 413번지 3호,2024-03-20 21:36:36
3080000,2011308013907500004,2011-08-23,,영업/정상,,,,,490,142-100,,㈜지에스리테일 GS수퍼 강북미아점,구분없음,I,2026-01-08 16:19:17,서울특별시 강북구 삼양로27길 35-21 (미아동),정상영업,1,01,69338701,준대규모점포,201602.577531291    ,457290.100695375    ,서울특별시 강북구 미아동 1357번지 6호,2025-05-23 12:05:15
3080000,2011308013907500005,2011-09-09,,영업/정상,,,,,8319.26,142-100,,롯데쇼핑(주) 롯데마트 삼양점,복합쇼핑몰,I,2026-01-09 22:18:10,서울특별시 강북구 삼양로 247 (미아동),정상영업,1,01,0209441510,대규모점포,,,서울특별시 강북구 미아동 1359번지,2026-01-08 09:32:14
3080000,2011308013907500008,2011-12-02,,영업/정상,,,,,500.56,142-807,,(주)이마트에브리데이 미아동점,구분없음,I,2026-01-08 16:19:17,"서울특별시 강북구 도봉로 157, 112호 (미아동, 두원프라자)",정상영업,1,01,32813652,준대규모점포,,,서울특별시 강북구 미아동 1351번지,2024-11-26 17:25:29
3080000,2012308013907500002,2012-03-22,,영업/정상,,,,,788.08,,,(주)농협유통 미아점,대형마트,I,2026-01-08 16:19:17,서울특별시 강북구 도봉로33길 18 (미아동),정상영업,1,01,,준대규모점포,,,,2014-10-08 17:32:06
3080000,2012308013907500003,2012-03-22,,영업/정상,,,,,245.37,,,홈플러스(주)익스프레스미아점,구분없음,I,2026-01-08 16:19:17,서울특별시 강북구 도봉로 172 (미아동),정상영업,1,01,029808547,준대규모점포,,,,2024-03-25 18:03:11
3080000,2011308013907500003,2011-08-23,,폐업,2016-11-30,,,,870,142-866,,(주)지에스리테일번동점,대형마트,I,2026-01-08 16:19:17,서울특별시 강북구 덕릉로 176 (번동),폐업처리,3,03,,준대규모점포,202888.313576922    ,459197.373185929    ,서울특별시 강북구 번2동 433번지 1호,2017-04-11 14:13:41
3090000,2002309008707500001,2002-06-20,,폐업,2020-11-30,,,,10840.62,132-854,,롯데쇼핑(주)VIC마켓도봉점,대형마트,I,2025-12-15 16:15:28,서울특별시 도봉구 마들로 645 (방학동),폐업처리,3,03,0222892523,대규모점포,203920.444016775    ,462830.484935873    ,서울특별시 도봉구 방학동 717번지 6호,2020-12-18 08:16:49
3090000,2025309018507500001,2025-10-16,,영업/정상,,,,,1001.2,,01332,롯데슈퍼 도봉캐슬점,구분없음,I,2025-12-19 02:40:00,"서울특별시 도봉구 도봉로150마길 34, 지하1층 B107~B126호 (방학동, 도봉 롯데캐슬 골든파크)",정상영업,1,01,0222905996,준대규모점포,203920.444016775    ,462830.484935873    ,서울특별시 도봉구 방학동 717-6 도봉 롯데캐슬 골든파크 B107~호,2025-12-17 13:28:41
3090000,2003309008707500845,2003-02-03,,영업/정상,,,,,4036.49,132-731,,도봉한신쇼핑상가,복합쇼핑몰,I,2025-12-15 16:15:28,서울특별시 도봉구 도봉로180나길 41 (도봉동),정상영업,1,01,029546442,대규모점포,204169.847670316    ,464814.717432497    ,서울특별시 도봉구 도봉동 30번지 1호 도봉한신쇼핑상가,2025-05-16 11:25:29
3090000,2003309008707500846,2003-06-25,,영업/정상,,,,,15851.56,132-854,,홈플러스(주)방학점,대형마트,I,2025-12-15 16:15:28,서울특별시 도봉구 도봉로 678 (방학동),정상영업,1,01,0209122080,대규모점포,203790.013568785    ,462495.417040876    ,서울특별시 도봉구 방학동 707번지 7호,2024-02-23 17:58:32
3090000,2007309010507500001,2006-09-04,,영업/정상,,,,,5648.26,132-918,,삼익쇼핑,그 밖의 대규모점포,I,2025-12-15 16:15:28,서울특별시 도봉구 덕릉로57길 30 (창동),정상영업,1,01,029070033,대규모점포,203220.921406024    ,459746.924430501    ,서울특별시 도봉구 창동 581번지 28호,2014-09-29 17:07:06
3090000,2010309010507500001,2010-04-02,,영업/정상,,,,,4297.5,132-904,,(주) 이마트 창동점,복합쇼핑몰,I,2025-12-15 16:15:28,서울특별시 도봉구 노해로65길 4 (창동),정상영업,1,01,029011050,대규모점포,204107.090272108    ,461072.642448925    ,서울특별시 도봉구 창동 135번지 26호,2024-04-15 10:29:06
3090000,2010309013407500001,2010-11-30,,영업/정상,,,,,3629.76,132-010,,도봉한양프라자,그 밖의 대규모점포,I,2025-12-15 16:15:28,서울특별시 도봉구 마들로 724 (도봉동),정상영업,1,01,,대규모점포,,,서울특별시 도봉구 도봉동 657번지,2014-09-26 16:13:22
3090000,2011309013407500001,2011-09-26,,영업/정상,,,,,1095.47,132-042,,(주)에브리데이리테일 창동점,구분없음,I,2025-12-15 16:15:28,서울특별시 도봉구 도봉로104길 53 (창동),정상영업,1,01,,준대규모점포,203027.627111443    ,460124.418353378    ,서울특별시 도봉구 창2동 628번지 20호,2014-09-25 13:41:44
3090000,2012309013407500001,2012-01-05,,영업/정상,,,,2012-01-05,784.04,132-042,,(주)에브리데이리테일 창동점,구분없음,I,2025-12-15 16:15:28,서울특별시 도봉구 도봉로104길 53 (창동),정상영업,1,01,,준대규모점포,203027.627111443    ,460124.418353378    ,서울특별시 도봉구 창2동 628번지 20호,2014-10-17 15:07:34
3090000,2012309013407500002,2012-03-15,,영업/정상,,,,,705.1,132-032,,롯데슈퍼 쌍문점,쇼핑센터,I,2025-12-20 02:40:00,서울특별시 도봉구 도당로 10 (쌍문동),정상영업,1,01,,준대규모점포,,,서울특별시 도봉구 쌍문2동 19번지,2025-12-18 09:55:18
3090000,2012309013407500003,2012-03-18,,영업/정상,,,,,197.7,132-041,,롯데프레쉬 창동점,구분없음,I,2025-12-15 16:15:28,서울특별시 도봉구 도봉로110길 65 (창동),정상영업,1,01,,준대규모점포,203207.625254256    ,460455.837628654    ,서울특별시 도봉구 창1동 651번지 36호,2023-05-04 09:18:41
3090000,2012309013407500004,2012-03-15,,영업/정상,,,,,844.9,132-828,,롯데슈퍼 방학점,구분없음,I,2025-12-20 02:40:00,서울특별시 도봉구 방학로 223 (방학동),정상영업,1,01,34914297,준대규모점포,202326.175760253    ,462116.40856417     ,서울특별시 도봉구 방학3동 271번지 2호,2025-12-18 09:57:48
3090000,2012309013407500005,2012-03-26,,영업/정상,,,,,784.04,,01460,(주)이마트에브리데이 창동점,구분없음,I,2025-12-15 16:15:28,서울특별시 도봉구 도봉로104길 53 (창동),정상영업,1,01,,준대규모점포,203027.627111443    ,460124.418353378    ,서울특별시 도봉구 창동 628번지 20호,2024-07-26 09:37:58
3090000,2012309013407500007,1995-11-29,,영업/정상,,,,2012-05-15,3364.41,132-784,,대우상가,그 밖의 대규모점포,I,2025-12-15 16:15:28,서울특별시 도봉구 덕릉로63가길 61 (창동),정상영업,1,01,,대규모점포,,,서울특별시 도봉구 창동 804번지,2022-03-24 11:05:54
3090000,2012309013407500008,1989-08-04,,영업/정상,,,,1986-08-04,2775.53,132-828,,신동아프라자,그 밖의 대규모점포,I,2025-12-15 16:15:28,서울특별시 도봉구 방학로 223 (방학동),정상영업,1,01,,대규모점포,202326.175760253    ,462116.40856417     ,서울특별시 도봉구 방학동 271번지 2호,2014-10-13 14:08:30
3090000,2019309015207500001,2019-03-28,,영업/정상,,,,,3338.57,,01391,금강아미움쇼핑센터,그 밖의 대규모점포,I,2025-12-15 16:15:28,"서울특별시 도봉구 방학로5길 33, 금강아미움파크타운 (쌍문동, 금강아미움파크타운)",정상영업,1,01,60527704,대규모점포,,,서울특별시 도봉구 쌍문동 711번지 금강아미움파크타운,2020-02-11 12:47:59
3090000,2021309017007500001,2021-03-02,,영업/정상,,,,,316.8,,01362,GS THE FRESH 방학신동아점,구분없음,I,2025-12-15 16:15:28,"서울특별시 도봉구 시루봉로 103-1, 1층 (방학동)",정상영업,1,01,,준대규모점포,202346.049195533    ,461967.40118936     ,서울특별시 도봉구 방학동 484-7,2025-04-14 14:17:39
3090000,2024309018507500001,2024-07-08,,영업/정상,,,,,292.8,,01402,GS THE FRESH 창동점,구분없음,I,2025-12-15 16:15:28,서울특별시 도봉구 해등로12길 3 (창동),정상영업,1,01,0220062364,준대규모점포,203589.033642356    ,461254.349369279    ,서울특별시 도봉구 창동 297-16,2025-04-14 14:23:40
3090000,2012309013407500006,2012-03-26,,폐업,2019-11-11,,,,184.26,132-030,,롯데슈퍼 쌍문4동 가맹점,구분없음,I,2025-12-15 16:15:28,서울특별시 도봉구 시루봉로 2 (쌍문동),폐업처리,3,03,,준대규모점포,,,서울특별시 도봉구 쌍문동 311번지,2020-03-20 13:21:14
3100000,1996310018407500001,1996-09-18,,영업/정상,,,,,0,,01734,유경데파트,그 밖의 대규모점포,I,2025-12-15 16:15:28,"서울특별시 노원구 한글비석로 232 (중계동, 유경데파트)",정상영업,1,01,,대규모점포,206719.586259379    ,460669.836412326    ,서울특별시 노원구 중계동 364번지 17호 유경데파트,2021-12-31 09:18:45
3100000,2025310018407500001,2025-05-28,,영업/정상,,,,,262.8,,01841,GS THE FRESH 공릉역점,구분없음,I,2025-12-15 16:15:28,"서울특별시 노원구 동일로192길 23, 1층 (공릉동)",정상영업,1,01,0220062364,준대규모점포,206477.084381626    ,458222.187373294    ,서울특별시 노원구 공릉동 388-2 1층,2025-06-19 09:54:05
3100000,1998310009607500001,1998-12-31,,영업/정상,,,,,7863.67,139-748,,상계역전종합상가,쇼핑센터,I,2025-12-15 16:15:28,서울특별시 노원구 한글비석로 396 (상계동),정상영업,1,01,029314825,대규모점포,,,서울특별시 노원구 상계동 173번지,2024-06-19 13:56:36
3100000,1999310009607500002,2001-12-07,,영업/정상,,,,,12840,139-926,,홈플러스(주) 중계점,대형마트,I,2025-12-15 16:15:28,서울특별시 노원구 동일로204가길 12 (중계동),정상영업,1,01,029862080,대규모점포,205985.953324881    ,459730.43776924     ,서울특별시 노원구 중계동 509번지 2호,2025-08-24 08:48:54
3100000,1999310009607500012,1999-12-29,,휴업,,,,,23654,,,롯데백화점 상계점,백화점,I,2025-12-15 16:15:28,,휴업처리,2,02,029502500,,,,서울특별시 노원구 상계동 713호   ,2007-06-30 10:05:38
3100000,2002310009607500001,2002-11-14,,휴업,,,,,10209,,,세이브존,대형마트,I,2025-12-15 16:15:28,,휴업처리,2,02,029859000,,,,서울특별시 노원구 하계동 284호   ,2007-06-30 10:05:38
3100000,2004310009607500001,2004-02-26,,영업/정상,,,,,1615.8,,01604,오피앙,그 밖의 대규모점포,I,2025-12-15 16:15:28,"서울특별시 노원구 동일로 1701 (상계동, 희성오피앙)",정상영업,1,01,029338517,대규모점포,,,서울특별시 노원구 상계동 1258 희성오피앙,2024-06-19 14:03:15
3100000,2004310009607500002,2004-09-06,,영업/정상,,,,,38200.14,,,이마트타운 월계점,쇼핑센터,I,2025-12-15 16:15:28,"서울특별시 노원구 마들로3길 15 (월계동, 월계이마트)",정상영업,1,01,023809396,대규모점포,205391.070378059    ,458333.989216339    ,서울특별시 노원구 월계동 333번지 1호,2024-04-16 17:49:11
3100000,2004310009607500003,2004-12-13,,영업/정상,,,,,10479,,,롯데마트 중계점,대형마트,I,2025-12-15 16:15:28,"서울특별시 노원구 노원로 330 (중계동, 롯데마트)",정상영업,1,01,0220922500,대규모점포,,,서울특별시 노원구 중계동 517호,2025-06-24 16:45:07
3100000,2004310018407500002,2004-06-01,,영업/정상,,,,,1089.67,139-860,,홈플러스(주)익스프레스 중계점,구분없음,I,2025-12-15 16:15:28,서울특별시 노원구 중계로 225 (중계동),정상영업,1,01,,준대규모점포,206490.247358174    ,460830.615360327    ,서울특별시 노원구 중계동 360번지 2호,2024-08-06 10:03:05
3100000,2005310009607500001,2005-03-29,,휴업,,,,,16179.91,,,신세계 이마트 월계덤,그 밖의 대규모점포,I,2025-12-15 16:15:28,,휴업처리,2,02,0220921234,,205391.070378059    ,458333.989216339    ,서울특별시 노원구 월계동 333번지 1호   ,2010-04-12 17:17:02
3100000,2005310009607500002,2005-03-29,,휴업,,2010-04-13,2015-04-30,,16179.91,,,신세계 이마트 월계점,대형마트,I,2025-12-15 16:15:28,,휴업처리,2,02,0220921234,,205391.070378059    ,458333.989216339    ,서울특별시 노원구 월계동 333번지 1호,2010-04-13 10:49:49
3100000,2005310009607500003,2005-05-27,,휴업,,,,,10209,,,세이브존,대형마트,I,2025-12-15 16:15:28,,휴업처리,2,02,029859000,,,,서울특별시 노원구 하계동 284호   ,2007-06-30 10:05:38
3100000,2005310009607500004,2005-08-26,,영업/정상,,,,,48227.17,,,롯데백화점 노원점,복합쇼핑몰,I,2026-01-15 22:18:10,서울특별시 노원구 동일로 1414 (상계동),정상영업,1,01,029502500,대규모점포,,,서울특별시 노원구 상계동 713호,2026-01-14 14:01:11
3100000,2005310009607500005,2005-12-02,,영업/정상,,,,,9769.24,139-816,,와우패션클럽,복합쇼핑몰,I,2025-12-15 16:15:28,서울특별시 노원구 노해로 507 (상계동),정상영업,1,01,,대규모점포,205557.013355638    ,461441.687971047    ,서울특별시 노원구 상계동 292번지 1호,2024-10-28 09:09:43
3100000,2007310010907500001,2007-04-19,,영업/정상,,,,,10292,,,건영옴니백화점,백화점,I,2025-12-15 16:15:28,,정상영업,1,01,029719000,대규모점포,205645.891969072    ,459609.012509743    ,서울특별시 노원구 중계동 506번지 1   호,2015-03-25 10:23:13
3100000,2007310010907500002,2007-08-06,,영업/정상,,,,,10209,,01784,세이브존,그 밖의 대규모점포,I,2025-12-15 16:15:28,"서울특별시 노원구 한글비석로 57 (하계동, 세이브존)",정상영업,1,01,,대규모점포,206044.776421388    ,459360.877718439    ,서울특별시 노원구 하계동 284번지 2호,2024-05-21 14:32:22
3100000,2009310010907500001,2009-09-21,,영업/정상,,,,,12287,139-726,,이천일아울렛 중계점,복합쇼핑몰,I,2026-01-16 22:18:10,서울특별시 노원구 동일로204가길 46 (중계동),정상영업,1,01,029482100,대규모점포,,,서울특별시 노원구 중계2.3동 509번지 2001아울렛,2026-01-15 10:15:19
3100000,2010310010907500001,2010-07-09,,영업/정상,,,,,4572.81,139-816,,노원아이파크 상가,그 밖의 대규모점포,I,2025-12-15 16:15:28,서울특별시 노원구 상계로23다길 13-8 (상계동),정상영업,1,01,029369006,대규모점포,,,서울특별시 노원구 상계동 1318번지,2014-10-28 14:37:30
3100000,2011310018407500001,2011-06-21,,영업/정상,,,,,1505.36,139-826,,(주)지에스리테일 GS수퍼상계점,구분없음,I,2025-12-15 16:15:28,서울특별시 노원구 한글비석로 471 (상계동),정상영업,1,01,20910011,준대규모점포,,,서울특별시 노원구 상계동 684번지,2025-05-21 09:44:13
3100000,2011310018407500002,2011-06-21,,영업/정상,,,,,397.7,,01819,롯데쇼핑(주) 롯데슈퍼공릉점,구분없음,I,2025-12-28 02:40:00,"서울특별시 노원구 공릉로 144 (공릉동, 공릉빌딩)",정상영업,1,01,029715601,준대규모점포,206952.444113646    ,457814.529614419    ,서울특별시 노원구 공릉동 238번지 53호,2025-12-26 15:15:42
3100000,2011310018407500004,2011-12-29,,영업/정상,,,,,565.54,139-840,,(주)지에스리테일 GS슈퍼 노원월계점,구분없음,I,2025-12-15 16:15:28,서울특별시 노원구 마들로 31 (월계동),정상영업,1,01,,준대규모점포,,,서울특별시 노원구 월계3동 18번지 그랑빌아파트주상가 지층동 101호,2025-04-23 08:59:29
3100000,1972310009607500001,1972-12-07,,휴업,,,,,3137,,,상계중앙시장,그 밖의 대규모점포,I,2025-12-15 16:15:28,,휴업처리,2,02,,,,,서울특별시 노원구 상계동 389번지 234호   ,2007-06-30 10:05:38
3100000,2004310018407500001,2004-01-02,,폐업,2016-03-31,,,,1046.96,139-800,,(주)지에스리테일  공릉점,구분없음,I,2025-12-15 16:15:28,서울특별시 노원구 노원로 3 (공릉동),폐업처리,3,03,,준대규모점포,207577.515810212    ,457741.465197875    ,서울특별시 노원구 공릉동 90번지 4호,2016-04-12 13:43:36
3100000,2011310018407500003,2011-06-21,,폐업,2011-07-19,,,,515.6,139-202,,(주)지에스리테일 GS수퍼상계중앙점,대형마트,I,2025-12-15 16:15:28,,폐업처리,3,03,69333041,준대규모점포,,,서울특별시 노원구 상계2동 1318번지 노원아이파크 지하1층,2011-12-28 11:16:03
3100000,2011310018407500005,2011-12-29,,영업/정상,,,,,739.8,139-800,,(주)이마트에브리데이 공릉동점,구분없음,I,2025-12-15 16:15:28,서울특별시 노원구 노원로1길 67 (공릉동),정상영업,1,01,,준대규모점포,207311.175792021    ,457610.711998051    ,서울특별시 노원구 공릉2동 89번지 1호  대덕프라자 지층 101~102호,2024-07-30 09:04:22
3100000,2012310018407500001,2012-03-26,,영업/정상,,,,,324.4,139-240,,홈플러스(주)익스프레스 공릉점,구분없음,I,2025-12-15 16:15:28,서울특별시 노원구 동일로 1101 (공릉동),정상영업,1,01,0234598000,준대규모점포,206222.082661025    ,458423.440177534    ,서울특별시 노원구 공릉동 323번지 35호,2024-03-26 13:08:30
3100000,2022310018407500001,2022-03-18,,영업/정상,,,,,500.84,,01715,(주)이마트에브리데이 상계역점,구분없음,I,2025-12-15 16:15:28,"서울특별시 노원구 덕릉로 690, 1층 (중계동)",정상영업,1,01,023805042,준대규모점포,206616.300077726    ,461867.94710054     ,서울특별시 노원구 중계동 160-1 기업은행,2024-08-06 11:16:24
3100000,2024310018407500001,2024-01-02,,영업/정상,,,,,158.34,,01640,GS THE FRESH 노원캐슬점,구분없음,I,2025-12-15 16:15:28,"서울특별시 노원구 덕릉로 753, 노원롯데캐슬시그니처아파트 근린생활시설 2동 16,17호 (상계동)",정상영업,1,01,,준대규모점포,206799.020098051    ,462509.638445514    ,서울특별시 노원구 상계동 95-3,2025-04-23 08:57:38
3100000,2024310018407500002,2024-10-18,,영업/정상,,,,,294.21,,01656,GS THE FRESH 노원비석로점,구분없음,I,2025-12-15 16:15:28,"서울특별시 노원구 한글비석로 452, 1층 (상계동)",정상영업,1,01,0220062364,준대규모점포,205914.462686563    ,462406.850661648    ,서울특별시 노원구 상계동 453-2 1층,2025-05-21 09:41:44
3100000,1997310018407500001,1997-11-20,,영업/정상,,,,,5869.69,,,공릉종합상가,그 밖의 대규모점포,I,2025-12-15 16:15:28,"서울특별시 노원구 동일로180길 14 (공릉동, 공릉종합상가)",정상영업,1,01,029722027,대규모점포,,,,2022-01-14 14:38:53
3110000,2001311008807500003,1965-05-31,,폐업,2018-04-17,,,,0,,,갈현시장,그 밖의 대규모점포,I,2025-12-15 16:15:28,서울특별시 은평구 갈현로 300 (갈현동),폐업처리,3,03,023868773,대규모점포,,,서울특별시 은평구 갈현동 424번지 16 호,2018-04-17 17:49:39
3110000,2001311008807500006,1966-12-07,,폐업,2017-04-04,,,,0,,,녹번시장,그 밖의 대규모점포,I,2025-12-15 16:15:28,,폐업처리,3,03,,대규모점포,193793.666788377    ,455366.047017379    ,서울특별시 은평구 응암동 74번지 7 호,2017-04-05 10:58:55
3110000,2001311008807500008,2022-04-04,,폐업,2022-04-05,,,,3417.4,,,역촌중앙시장,그 밖의 대규모점포,I,2025-12-15 16:15:28,서울특별시 은평구 연서로17길 18-6 (갈현동),폐업처리,3,03,023528040,대규모점포,192534.656897366    ,456773.714884876    ,서울특별시 은평구 갈현동 467번지 1호,2022-04-11 13:10:32
3110000,2001311008807500010,1971-09-23,,폐업,2009-10-26,,,,0,,03405,서부종합시장,시장,I,2025-12-15 16:15:28,"서울특별시 은평구 진흥로1길 28(역촌동, 아그네스 풍림아이원)",폐업처리,3,03,023596466,대규모점포,192773.974598512    ,455630.884111772    ,서울특별시 은평구 역촌동 31-6 아그네스 풍림아이원,2022-12-22 14:27:34
3110000,2011311013107500004,2011-09-20,,폐업,2012-10-04,,,,685.45,122-870,,(주)이마트 에브리데이 불광동점,그 밖의 대규모점포,I,2025-12-15 16:15:28,서울특별시 은평구 불광로 60 (불광동),폐업처리,3,03,0222753651,준대규모점포,193936.125681025    ,456673.805557751    ,서울특별시 은평구 불광1동 554번지 1호,2012-10-05 15:52:37
3110000,2012311013107500003,2011-09-16,,폐업,2017-06-30,,,,434.1,122-959,,롯데쇼핑(주)롯데슈퍼갈현점,그 밖의 대규모점포,I,2025-12-15 16:15:28,서울특별시 은평구 연서로 215 (갈현동),폐업처리,3,03,023885601,준대규모점포,192809.366974137    ,457275.285596868    ,서울특별시 은평구 갈현2동 456번지 27호,2017-07-31 09:17:13
3110000,2012311013107500004,2011-09-16,,폐업,2016-09-28,,,,255.8,122-808,,롯데쇼핑(주)롯데슈퍼연신내점,그 밖의 대규모점포,I,2025-12-15 16:15:28,서울특별시 은평구 통일로 867 (갈현동),폐업처리,3,03,,준대규모점포,192859.341264055    ,457545.793599332    ,서울특별시 은평구 갈현1동 395번지 6호,2016-09-28 16:27:37
3110000,2012311013107500006,2012-03-21,,폐업,2021-01-21,,,,330,122-895,,홈플러스(주) 익스프레스 역촌점,그 밖의 대규모점포,I,2025-12-15 16:15:28,서울특별시 은평구 서오릉로 95 (역촌동),폐업처리,3,03,023838546,준대규모점포,192920.728012559    ,456218.215950436    ,서울특별시 은평구 역촌동 14번지 7호,2021-01-25 13:31:27
3110000,2001311008807500001,1960-02-16,,영업/정상,,,,,,,,수일시장,그 밖의 대규모점포,I,2025-12-15 16:15:28,,정상영업,1,01,023025798,,,,서울특별시 은평구 수색동 205번지 21  호   ,2007-07-14 10:16:27
3110000,2001311008807500002,1963-05-27,,영업/정상,,,,,,,,대조시장,그 밖의 대규모점포,I,2025-12-15 16:15:28,,,BBBB,01,023855071,,,,서울특별시 은평구 대조동 14번지 37  호   ,2007-07-14 10:16:27
3110000,2001311008807500004,1968-10-14,,휴업,,,,,0,,,진관시장,그 밖의 대규모점포,I,2025-12-15 16:15:28,,휴업처리,2,02,023599323,,,,서울특별시 은평구 진관외동 424번지 1호   ,2007-07-14 10:16:27
3110000,2001311008807500005,1970-01-23,,영업/정상,,,,,,,,불광시장(주),그 밖의 대규모점포,I,2025-12-15 16:15:28,,,BBBB,01,023557450,,,,서울특별시 은평구 대조동 14번지 24호   ,2007-07-14 10:16:27
3110000,2001311008807500007,1970-09-12,,영업/정상,,,,,649,,,응암시장,그 밖의 대규모점포,I,2025-12-15 16:15:28,서울특별시 은평구 응암로 252 (응암동),정상영업,1,01,023550727,대규모점포,192738.381117433    ,454678.898500315    ,서울특별시 은평구 응암동 427번지 126호,2021-12-16 18:26:52
3110000,2001311008807500009,1970-12-24,,영업/정상,,,,,3887.79,,,대호프라자상가,복합쇼핑몰,I,2025-12-15 16:15:28,서울특별시 은평구 불광로 90-0 (불광동),정상영업,1,01,0231571566,대규모점포,194002.701726955    ,456937.542510222    ,서울특별시 은평구 불광동 631번지 1호,2025-02-17 17:39:19
3110000,2001311008807500011,1972-11-13,,영업/정상,,,,,,,,양지시장,그 밖의 대규모점포,I,2025-12-15 16:15:28,,정상영업,1,01,023026729,,,,서울특별시 은평구 응암동 300번지 11 호   ,2007-07-14 10:16:27
3110000,2001311008807500012,1975-03-04,,영업/정상,,,,,2367.26,,,연서시장,그 밖의 대규모점포,I,2025-12-15 16:15:28,서울특별시 은평구 통일로 850 (불광동),정상영업,1,01,023592840,대규모점포,193042.519283201    ,457459.367971725    ,서울특별시 은평구 불광동 310번지 131 호,2025-12-03 16:38:33
3110000,2001311008807500013,2003-07-22,,휴업,,,,,0,,,증산시장,그 밖의 대규모점포,I,2025-12-15 16:15:28,서울특별시 은평구 증산로3길 12 (증산동),휴업처리,2,02,023735990,,191545.050373675    ,453244.229758597    ,서울특별시 은평구 증산동 184번지 9호   ,2007-07-14 10:16:27
3110000,2001311008807500014,1979-06-05,,휴업,,,,,,,,대림시장,그 밖의 대규모점포,I,2025-12-15 16:15:28,,휴업처리,2,02,023021668,,,,서울특별시 은평구 응암동 300번지 10 호   ,2011-05-04 10:31:38
3110000,2001311008807500016,1991-04-18,,영업/정상,,,,,6172.36,,,범서쇼핑,쇼핑센터,I,2025-12-15 16:15:28,서울특별시 은평구 통일로 842 (불광동),정상영업,1,01,023850224,대규모점포,193035.279146132    ,457365.911737494    ,서울특별시 은평구 불광동 308번지 1   호,2014-10-08 11:26:16
3110000,2001311008807500018,1984-08-06,,영업/정상,,,,,,,,현대화유통기업(주),대형마트,I,2025-12-15 16:15:28,,정상영업,1,01,023555654,,,,서울특별시 은평구 구산동 182번지 6  호   ,2007-07-14 10:16:27
3110000,2001311008807500019,1995-09-20,,영업/정상,,,,,,,,(주)미소종합유통,대형마트,I,2025-12-15 16:15:28,,정상영업,1,01,023854902,,,,서울특별시 은평구 진관내동 500번지 2  호   ,2007-07-14 10:16:27
3110000,2001311008807500020,2001-11-01,,휴업,,,,,10966.73,,,신세계이마트 은평점,대형마트,I,2025-12-15 16:15:28,서울특별시 은평구 은평로 111 (응암동),휴업처리,2,02,0234845153,,192882.837727443    ,455340.54056388     ,서울특별시 은평구 응암동 90번지 1호   ,2007-07-14 10:16:27
3110000,2002311008807500001,2002-04-09,,영업/정상,,,,,5042.9,,,메트로,쇼핑센터,I,2025-12-15 16:15:28,서울특별시 은평구 통일로 856 (불광동),정상영업,1,01,023891100,대규모점포,192998.202204135    ,457479.99522553     ,서울특별시 은평구 불광동 311번지 13호,2014-10-14 09:06:06
3110000,2004311009907500001,2001-11-01,,휴업,,,,,0,,,신세계이마트 은평점,대형마트,I,2025-12-15 16:15:28,서울특별시 은평구 은평로 111 (응암동),휴업처리,2,02,0234845153,,192882.837727443    ,455340.54056388     ,서울특별시 은평구 응암동 90번지 1호   ,2007-07-14 10:16:27
3110000,2005311009907500001,2005-07-15,,휴업,,,,,2776.5,,,"불광시장(법인, 대표자, 관리자변경)",그 밖의 대규모점포,I,2025-12-15 16:15:28,,휴업처리,2,02,023528325,,,,서울특별시 은평구 대조동 14번지 24호   ,2007-07-14 10:16:27
3110000,2007311011107500001,2007-04-11,,영업/정상,,,,,16972.65,,,엔씨백화점 불광점,쇼핑센터,I,2026-01-16 22:48:10,서울특별시 은평구 불광로 20 (대조동),정상영업,1,01,0234172001,대규모점포,,,서울특별시 은평구 대조동 240호,2026-01-15 10:42:44
3110000,2009311013107500001,2009-09-28,,영업/정상,,,,,6881.2,122-090,,(주)이마트 수색점,대형마트,I,2025-12-15 16:15:28,서울특별시 은평구 수색로 217 (수색동),정상영업,1,01,0269431052,대규모점포,,,서울특별시 은평구 수색동 75번지,2024-04-16 13:24:14
3110000,2010311013107500001,2001-10-31,,영업/정상,,,,,16105.48,122-010,,(주)이마트 은평점,대형마트,I,2025-12-15 16:15:28,서울특별시 은평구 은평로 111 (응암동),정상영업,1,01,023801054,대규모점포,192882.837727443    ,455340.54056388     ,서울특별시 은평구 응암동 90번지 1호,2024-04-16 13:18:26
3110000,2011311013107500001,2009-11-05,,영업/정상,,,,,3003.51,122-070,,서부종합시장,그 밖의 대규모점포,I,2025-12-15 16:15:28,서울특별시 은평구 진흥로1길 28 (역촌동),정상영업,1,01,023596466,대규모점포,192773.974598512    ,455630.884111772    ,서울특별시 은평구 역촌동 31번지 6호,2022-12-22 14:37:32
3110000,2011311013107500002,2011-07-25,,영업/정상,,,,,510,122-819,,홈플러스(주)익스프레스구산점,그 밖의 대규모점포,I,2025-12-15 16:15:28,서울특별시 은평구 서오릉로 145 (구산동),정상영업,1,01,023588546,준대규모점포,192563.874496397    ,456570.084566278    ,서울특별시 은평구 구산동 1번지 24호,2024-03-27 14:52:31
3110000,2011311013107500003,2011-08-11,,영업/정상,,,,,272,122-923,,홈플러스(주)익스프레스응암점,그 밖의 대규모점포,I,2025-12-15 16:15:28,서울특별시 은평구 응암로 247 (응암동),정상영업,1,01,023868547,준대규모점포,192674.132684249    ,454664.166810326    ,서울특별시 은평구 응암3동 124번지 17호,2024-03-27 14:50:40
3110000,2012311013107500001,2011-09-16,,영업/정상,,,,,1508.4,122-859,,롯데쇼핑(주)롯데슈퍼범서점,그 밖의 대규모점포,I,2025-12-21 02:40:00,서울특별시 은평구 통일로 842 (불광동),정상영업,1,01,0222905853,준대규모점포,193035.279146132    ,457365.911737494    ,서울특별시 은평구 불광1동 308번지 1호,2025-12-19 14:13:34
3110000,2012311013107500002,2011-12-19,,영업/정상,,,,,200.9,122-856,,홈플러스(주)익스프레스 불광점,그 밖의 대규모점포,I,2025-12-15 16:15:28,서울특별시 은평구 불광로 121 (불광동),정상영업,1,01,023568545,준대규모점포,194003.88391829     ,457260.736492005    ,서울특별시 은평구 불광1동 239번지 9호,2024-03-27 14:01:00
3110000,2012311013107500005,2012-02-06,,영업/정상,,,,,189.1,122-881,,홈플러스(주)익스프레스 신사점,그 밖의 대규모점포,I,2025-12-15 16:15:28,서울특별시 은평구 갈현로 10 (신사동),정상영업,1,01,023528546,준대규모점포,192012.208564616    ,455177.704494531    ,서울특별시 은평구 신사1동 20번지 7호,2024-03-27 14:55:29
3110000,2012311013107500007,2012-03-23,,영업/정상,,,,,246.18,122-816,,홈플러스 익스프레스 갈현점,그 밖의 대규모점포,I,2025-12-15 16:15:28,서울특별시 은평구 서오릉로 222 (갈현동),정상영업,1,01,023598547,준대규모점포,191953.940215578    ,456960.687756827    ,서울특별시 은평구 갈현2동 527번지 13호,2021-04-30 14:23:03
3110000,2012311013107500008,2012-03-20,,영업/정상,,,,,191.9,122-896,,롯데쇼핑(주) 롯데슈퍼 역촌점,복합쇼핑몰,I,2025-12-28 02:40:00,서울특별시 은평구 진흥로 103 (역촌동),정상영업,1,01,0222905853,준대규모점포,193083.765685506    ,455978.010581693    ,서울특별시 은평구 역촌동 17번지 1호,2025-12-26 11:26:50
3110000,2016311013107500001,2016-04-27,,영업/정상,,,,,57505,,03306,롯데몰 은평,복합쇼핑몰,U,2026-02-20 22:48:13,"서울특별시 은평구 통일로 1050 (진관동, 롯데몰은평점)",정상영업,1,01,0269755901,대규모점포,,,서울특별시 은평구 진관동 79번지 15호,2026-02-19 11:35:17
3110000,2024311021707500001,2024-05-01,,영업/정상,,,,,186.21,,03440,GS THE FRESH 은평가좌점,구분없음,I,2025-12-15 16:15:28,"서울특별시 은평구 가좌로 331, 1층 (신사동)",정상영업,1,01,,준대규모점포,191844.913712646    ,454908.495429711    ,서울특별시 은평구 신사동 228-5,2025-04-22 15:15:21
3110000,2005311009907500002,2005-09-01,,영업/정상,,,,,9350.53,,,팜스퀘어,쇼핑센터,I,2025-12-15 16:15:28,서울특별시 은평구 불광로 20 (대조동),정상영업,1,01,023507032,대규모점포,,,서울특별시 은평구 대조동 240호,2014-10-14 20:16:34
3120000,1970312009307500001,1970-08-14,,영업/정상,,,,,6606,120-857,,유진상가,시장,U,2026-02-24 22:18:14,서울특별시 통일로 484 (유진상가),정상영업,1,01,0232169393,대규모점포,194811.756333333    ,454300.739666667    ,서울특별시 서대문구 홍제3동 294번지 6호,2026-02-23 16:06:11
3120000,2021312019207500004,2021-12-20,,폐업,2022-10-11,2022-03-17,2022-12-31,,484.6,,03646,롯데슈퍼 홍제점,구분없음,I,2025-12-15 16:15:28,"서울특별시 서대문구 통일로 413, 연세24시사우나 (홍제동)",폐업처리,3,03,023915601,준대규모점포,195196.693652181    ,453764.706268517    ,서울특별시 서대문구 홍제동 158-33 연세24시사우나,2022-10-20 18:02:31
3120000,1987312009307500002,1987-10-24,,영업/정상,,,,,1850,,,서중시장,시장,I,2025-12-15 16:15:28,서울특별시 서대문구 수색로2길 47 (남가좌동),정상영업,1,01,,대규모점포,,,,2012-03-30 10:14:18
3120000,1992312010707500001,1992-11-19,,영업/정상,,,,,35471.76,120-834,,현대백화점 신촌점,백화점,I,2025-12-15 16:15:28,서울특별시 서대문구 신촌로 83 (창천동),정상영업,1,01,0231453154,대규모점포,194265.067639805    ,450433.691021245    ,서울특별시 서대문구 창천동 30번지 33호,2024-05-23 10:21:58
3120000,2006312009307500001,2006-09-19,,영업/정상,,,,,13436.59,,,신촌 밀리오레,그 밖의 대규모점포,I,2025-12-15 16:15:28,서울특별시 서대문구 신촌역로 30 (신촌동),정상영업,1,01,0221242148,,194798.458435966    ,450837.051726331    ,서울특별시 서대문구 신촌동 74번지 12  호,2008-02-11 14:26:13
3120000,2007312010707500001,2007-08-09,,영업/정상,,,,,14133.01,120-808,,예스에이피엠,그 밖의 대규모점포,I,2025-12-15 16:15:28,서울특별시 서대문구 이화여대1길 10 (대현동),정상영업,1,01,0263737009,,,,서울특별시 서대문구 대현동 145번지,2008-09-18 17:17:57
3120000,2011312014507500001,1999-04-29,,영업/정상,,,,,3305,120-110,,연희슈퍼마켓,시장,I,2025-12-15 16:15:28,서울특별시 서대문구 연희맛로 23 (연희동),정상영업,1,01,,대규모점포,193716.339877929    ,451653.563671802    ,서울특별시 서대문구 연희동 131번지 1호,2017-10-31 16:46:32
3120000,2012312018307500002,2012-03-26,,영업/정상,,,,,1273.2,,,(주)GS리테일 북가좌점,복합쇼핑몰,I,2025-12-15 16:15:28,서울특별시 서대문구 응암로 54 (북가좌동),정상영업,1,01,023764397,준대규모점포,,,,2025-04-25 13:14:46
3120000,2013312014507500001,2013-06-16,,영업/정상,,,,2007-06-28,232.7,120-130,,홈플러스(주) 익스프레스 북가좌점,구분없음,I,2025-12-15 16:15:28,서울특별시 서대문구 응암로 112 (북가좌동),정상영업,1,01,,준대규모점포,192301.135452392    ,453354.065487403    ,서울특별시 서대문구 북가좌동 279번지 11호,2024-03-20 08:28:21
3120000,2018312018307500001,2012-02-07,,영업/정상,,,,,1573,,03730,롯데슈퍼 홍제2점,복합쇼핑몰,U,2026-02-24 22:18:14,"서울특별시 서대문구 통일로 397, 지4층 (홍제동, 인왕산 한신휴플러스)",정상영업,1,01,027396780,준대규모점포,,,서울특별시 서대문구 홍제동 469번지 인왕산 한신휴플러스,2026-02-23 16:00:04
3120000,2018312018307500002,2011-07-01,,영업/정상,,,,,2040,,03628,롯데슈퍼 유진점,구분없음,U,2026-02-24 22:18:14,"서울특별시 서대문구 통일로 484, 유진상가 1층 (홍제동)",정상영업,1,01,023953674,준대규모점포,194850.361025035    ,454344.432517428    ,서울특별시 서대문구 홍제동 294번지 46호 유진상가,2026-02-23 16:05:33
3120000,2018312018307500003,2021-12-16,,영업/정상,,,,,288.3,,03690,롯데슈퍼 남가좌점,복합쇼핑몰,I,2025-12-24 02:40:00,"서울특별시 서대문구 거북골로 120(남가좌동, DMC센트레빌)",정상영업,1,01,023085601,준대규모점포,,,서울특별시 서대문구 남가좌동 381 DMC센트레빌,2025-12-22 17:01:59
3120000,2018312018307500004,2018-04-12,,영업/정상,,,,,0,,03628,롯데슈퍼 유진점(X),구분없음,I,2025-12-15 16:15:28,"서울특별시 서대문구 통일로 484, 유진상가 (홍제동)",정상영업,1,01,0222905704,준대규모점포,194850.361025035    ,454344.432517428    ,서울특별시 서대문구 홍제동 294번지 46호 유진상가,2022-08-30 10:27:10
3120000,2021312019207500001,2021-07-16,,영업/정상,,,,,216.08,,03689,GS THE FRESH 남가좌디엠씨점,구분없음,I,2025-12-15 16:15:28,"서울특별시 서대문구 거북골로 100, 지하3층 32,33,34,35호 (남가좌동, 래미안 루센티아)",정상영업,1,01,023739993,준대규모점포,,,서울특별시 서대문구 남가좌동 390 래미안 루센티아,2025-04-25 13:22:29
3120000,2021312019207500002,2021-07-29,,영업/정상,,,,,483.79,,03604,이마트에브리데이 홍은점,구분없음,I,2025-12-15 16:15:28,서울특별시 서대문구 홍은중앙로 89(홍은동),정상영업,1,01,023805042,준대규모점포,195280.710219904    ,455193.014698844    ,서울특별시 서대문구 홍은동 11-419,2024-08-20 08:49:29
3120000,2021312019207500003,2021-12-20,,영업/정상,,,,,178.5,,03675,롯데프레시 홍은점,구분없음,I,2025-12-15 16:15:28,서울특별시 서대문구 가좌로 99(홍은동),정상영업,1,01,023735601,준대규모점포,193440.549915639    ,453256.425998955    ,서울특별시 서대문구 홍은동 400-12,2023-08-25 17:54:37
3120000,2021312019207500005,2021-12-20,,영업/정상,,,,,357,,03785,롯데슈퍼 창천점,구분없음,I,2025-12-24 02:40:00,"서울특별시 서대문구 신촌로 13, 아륭빌딩 (창천동)",정상영업,1,01,023385601,준대규모점포,193624.014939084    ,450696.745009002    ,서울특별시 서대문구 창천동 506-20 아륭빌딩,2025-12-22 16:55:51
3120000,2022312019207500001,2022-04-05,,영업/정상,,,,,998.27,,03674,이마트에브리데이 명지대점,구분없음,I,2025-12-15 16:15:28,"서울특별시 서대문구 거북골로 34, 명지대학교 (남가좌동)",정상영업,1,01,023805042,준대규모점포,193139.52394401     ,453106.002592232    ,서울특별시 서대문구 남가좌동 50-3 명지대학교,2024-08-22 17:49:07
3120000,2022312019207500002,2022-08-16,,영업/정상,,,,,1133.21,,03712,이마트에브리데이 남가좌점,구분없음,I,2025-12-15 16:15:28,"서울특별시 서대문구 수색로2길 39(남가좌동, DMC금호리첸시아)",정상영업,1,01,023805124,준대규모점포,192482.416512858    ,452143.491541077    ,서울특별시 서대문구 남가좌동 286-1 DMC금호리첸시아,2024-08-22 17:54:40
3120000,2024312021907500001,2024-01-31,,영업/정상,,,,,275.04,,03764,GS THE FRESH 신촌이대역점,그 밖의 대규모점포,I,2025-12-15 16:15:28,"서울특별시 서대문구 이화여대길 50-12, 상가동 1층 101호 (대현동, 신촌럭키아파트)",정상영업,1,01,0220062364,준대규모점포,,,서울특별시 서대문구 대현동 144 신촌럭키아파트 상가동 101호,2024-04-26 14:11:56
3120000,2024312021907500002,2024-01-31,,영업/정상,,,,,275.04,,03764,GS THE FRESH 신촌이대역점,그 밖의 대규모점포,I,2025-12-15 16:15:28,"서울특별시 서대문구 이화여대길 50-12, 상가동 1층 101호 (대현동, 신촌럭키아파트)",정상영업,1,01,,준대규모점포,,,서울특별시 서대문구 대현동 144 신촌럭키아파트 상가동 101호,2025-04-25 13:20:39
3120000,2024312021907500003,2024-07-25,,영업/정상,,,,,7391.45,,03712,DMC금호리첸시아몰,그 밖의 대규모점포,I,2025-12-15 16:15:28,"서울특별시 서대문구 수색로2길 39, B1,1,2층 (남가좌동, DMC금호리첸시아)",정상영업,1,01,023044025,대규모점포,,,서울특별시 서대문구 남가좌동 396 DMC금호리첸시아,2024-07-26 11:58:21
3120000,2024312021907500004,2024-11-12,,영업/정상,,,,,237.6,,03626,GS THE FRESH 홍제해링턴점,구분없음,I,2025-12-15 16:15:28,"서울특별시 서대문구 세무서8길 30, 32동 1호 (홍제동, 홍제역해링턴플레이스)",정상영업,1,01,0220062364,준대규모점포,,,서울특별시 서대문구 홍제동 474 홍제역해링턴플레이스,2025-04-25 13:17:05
3120000,1987312009307500001,1987-10-24,,영업/정상,,,,,1100,,,모래내시장(주),시장,I,2025-12-15 16:15:28,서울특별시 서대문구 수색로2길 45 (남가좌동),정상영업,1,01,023737571,,192503.128282531    ,452051.272452155    ,서울특별시 서대문구 남가좌동 290번지 2   호,2009-04-03 17:09:28
3130000,2003313009907500001,2003-05-21,,영업/정상,,,,,17687.3,,,홈플러스(주)월드컵점,대형마트,I,2025-12-15 16:15:28,"서울특별시 마포구 월드컵로 240 (성산동,월드컵경기장내)",정상영업,1,01,023122080,대규모점포,,,서울특별시 마포구 성산동 515호 월드컵경기장내,2024-03-05 10:20:33
3130000,2014313011807500003,2009-06-18,,폐업,2022-01-19,,,,206.9,,,롯데슈퍼 신촌점,구분없음,I,2025-12-15 16:15:28,서울특별시 마포구 신촌로 88 (노고산동),폐업처리,3,03,,준대규모점포,,,,2022-01-19 14:59:49
3130000,2007313011807500001,2007-05-07,,영업/정상,,,,2007-05-07,3992,121-190,,마포종합시장(서강한화오벨리스크),그 밖의 대규모점포,I,2025-12-15 16:15:28,서울특별시 마포구 창전로 45 (창전동),정상영업,1,01,31415262,대규모점포,,,서울특별시 마포구 창전동 442번지,2020-04-22 13:38:55
3130000,2008313011807500001,2008-03-31,,영업/정상,,,,,6884.25,121-200,,스타피카소 아울렛,전문점,I,2025-12-15 16:15:28,서울특별시 마포구 양화로 176 (동교동),정상영업,1,01,023333666,,193282.130799848    ,450549.280167182    ,서울특별시 마포구 동교동 166번지 14호,2008-04-03 18:10:02
3130000,2009313011807500001,1974-04-14,,영업/정상,,,,,750,121-803,,공덕시장,시장,I,2025-12-15 16:15:28,서울특별시 마포구 만리재로 19 (공덕동),정상영업,1,01,,대규모점포,195810.079475465    ,449173.775965909    ,서울특별시 마포구 공덕동 256번지 10호,2019-05-07 10:40:20
3130000,2009313011807500002,1970-07-29,,영업/정상,,,,,0,121-897,,합정시장,시장,I,2026-02-13 22:19:13,서울특별시 마포구 양화진길 5 (합정동),정상영업,1,01,,대규모점포,192257.393762526    ,449554.484192321    ,서울특별시 마포구 합정동 375번지 1호,2026-02-12 09:53:44
3130000,2009313011807500003,1972-06-22,,영업/정상,,,,,0,121-839,,영진시장,시장,I,2025-12-15 16:15:28,서울특별시 마포구 동교로12길 21 (서교동),정상영업,1,01,,,192214.380853693    ,450136.910982644    ,서울특별시 마포구 서교동 485번지 14호,2009-07-30 15:54:42
3130000,2009313011807500004,1972-09-13,,영업/정상,,,,,1092.16,121-856,,신수시장,시장,I,2025-12-15 16:15:28,서울특별시 마포구 토정로17길 17 (신수동),정상영업,1,01,,대규모점포,194236.734674521    ,449243.162717684    ,서울특별시 마포구 신수동 288번지 1호,2019-07-05 09:38:42
3130000,2009313011807500005,1972-07-19,,영업/정상,,,,,0,121-838,,서교시장,시장,I,2025-12-15 16:15:28,서울특별시 마포구 홍익로3길 20 (서교동),정상영업,1,01,31412502,,193009.20810189     ,450142.186927747    ,서울특별시 마포구 서교동 357번지 1호,2009-07-30 16:41:40
3130000,2009313011807500008,1994-05-10,,영업/정상,,,,,6592.35,,,정도진흥기업(주),그 밖의 대규모점포,I,2025-12-15 16:15:28,서울특별시 마포구  신촌로  94 (노고산동),정상영업,1,01,,대규모점포,194273.598098938    ,450318.724130121    ,서울특별시 마포구 노고산동 57번지 1호,2024-06-13 10:20:10
3130000,2009313011807500009,1974-05-28,,영업/정상,,,,,0,121-827,,성산시장,시장,I,2025-12-15 16:15:28,,정상영업,1,01,,,,,서울특별시 마포구 망원2동 480번지 1호,2009-07-30 16:41:14
3130000,2009313011807500010,2009-11-12,,영업/정상,,,,,3060.29,121-827,,성산프라자(마포영화블렌하임),그 밖의 대규모점포,I,2025-12-15 16:15:28,서울특별시 마포구 월드컵로25길 26 (망원동),정상영업,1,01,,대규모점포,,,서울특별시 마포구 망원2동 517번지,2020-04-22 13:40:11
3130000,2010313011807500001,2010-12-23,,영업/정상,,,,,5687.96,121-802,,(주)이마트 마포점,대형마트,I,2025-12-15 16:15:28,서울특별시 마포구 백범로 212 (신공덕동),정상영업,1,01,,대규모점포,,,서울특별시 마포구 공덕동 173번지 대우월드마크마포,2024-04-25 13:14:17
3130000,2010313011807500002,2010-12-23,,영업/정상,,,,,5687.96,121-852,,(주)이마트 마포점,대형마트,I,2025-12-15 16:15:28,서울특별시 마포구  백범로  212 (신공덕동),정상영업,1,01,21971234,대규모점포,,,서울특별시 마포구 신공덕동 173번지,2020-04-29 13:50:50
3130000,2011313011807500001,2011-01-06,,영업/정상,,,,,14201,,04036,홈플러스 합정점,대형마트,I,2025-12-15 16:15:28,"서울특별시 마포구 양화로 45 (서교동, 메세나폴리스)",정상영업,1,01,34598000,대규모점포,,,서울특별시 마포구 서교동 490번지 1호,2024-03-04 18:02:32
3130000,2011313011807500002,2011-07-29,,영업/정상,,,,,22471.9,121-818,,YZ Park 홍대점,전문점,I,2025-12-15 16:15:28,서울특별시 마포구 양화로 176 (동교동),정상영업,1,01,025177885,대규모점포,193296.791432042    ,450562.931242819    ,서울특별시 마포구 동교동 166번지 15호,2020-03-30 14:19:59
3130000,2011313011807500003,2011-12-12,,영업/정상,,,,,377.72,,04180,홈플러스익스프레스 도화점,그 밖의 대규모점포,I,2025-12-15 16:15:28,"서울특별시 마포구 도화4길 73 (도화동, 현대홈타운)",정상영업,1,01,0232728544,준대규모점포,,,서울특별시 마포구 도화동 353번지,2024-04-05 10:00:36
3130000,2012313011807500001,2012-03-22,,영업/정상,,,,,1561.5,121-130,,롯데슈퍼 마포점,쇼핑센터,U,2026-02-20 22:18:43,서울특별시 마포구 토정로 193 (구수동),정상영업,1,01,,준대규모점포,,,서울특별시 마포구 구수동 61번지,2026-02-19 16:18:05
3130000,2012313011807500002,2012-04-17,,영업/정상,,,,,158.07,,03989,홈플러스익스프레스 연남점,복합쇼핑몰,I,2025-12-15 16:15:28,"서울특별시 마포구 연남로 30 (연남동, 코오롱하늘채아파트)",정상영업,1,01,023378541,준대규모점포,,,서울특별시 마포구 연남동 573번지 코오롱아파트,2024-04-05 10:00:49
3130000,2014313011807500001,2009-05-29,,영업/정상,,,,,1335.9,,,롯데프리미엄푸드마켓 공덕점,구분없음,I,2025-12-26 02:40:00,"서울특별시 마포구 마포대로 109 (공덕동, 롯데캐슬프레지던트)",정상영업,1,01,,준대규모점포,,,,2025-12-24 09:06:37
3130000,2014313011807500002,2008-08-12,,영업/정상,,,,,414.5,,,롯데슈퍼 대흥점,복합쇼핑몰,I,2025-12-26 02:40:00,서울특별시 마포구 큰우물로 3 (대흥동),정상영업,1,01,,준대규모점포,,,,2025-12-24 09:06:17
3130000,2016313018007500001,2011-12-06,,영업/정상,,,,,230.7,,04163,홈플러스익스프레스 용강점,대형마트,I,2025-12-15 16:15:28,서울특별시 마포구 토정로 282 (용강동),정상영업,1,01,027018544,준대규모점포,,,,2024-04-05 10:00:19
3130000,2018313020107500001,2018-08-14,,영업/정상,,,,,9747.1,,04051,AK PLAZA 홍대,쇼핑센터,I,2025-12-15 16:15:28,서울특별시 마포구 양화로 188 (동교동),정상영업,1,01,0221795021,대규모점포,193285.549735897    ,450808.571641119    ,서울특별시 마포구 동교동 190번지 1호,2023-04-03 14:56:00
3130000,2018313020107500002,2018-08-13,,영업/정상,,,,,9747.1,,04052,홍대복합역사 상업시설,쇼핑센터,I,2025-12-15 16:15:28,서울특별시 마포구 와우산로35길 50-4 (동교동),영업개시전,5,01,0221795021,대규모점포,193285.549735897    ,450808.571641119    ,서울특별시 마포구 동교동 190번지 1호,2018-08-17 09:33:16
3130000,2019313020107500001,2019-07-24,,영업/정상,,,,,323.62,,04094,GS THE FRESH 신촌숲아이파크점,구분없음,I,2025-12-15 16:15:28,"서울특별시 마포구 광성로 17, 상가동 127호 (신수동, 신촌숲아이파크)",정상영업,1,01,0220062678,준대규모점포,,,서울특별시 마포구 신수동 93번지 102호 신촌숲아이파크,2025-04-29 19:36:53
3130000,2021313022507500001,2021-04-22,,영업/정상,,,,,250.8,,04124,GS THE FRESH 마포염리점,구분없음,I,2025-12-15 16:15:28,"서울특별시 마포구 대흥로24길 24, 마포 프레스티지 자이 아파트 단지 내 상가 A동 115~119호 (염리동)",정상영업,1,01,027071372,준대규모점포,,,서울특별시 마포구 염리동 14-149,2025-04-18 09:10:32
3130000,1977313009907500009,1977-07-15,,영업/정상,,,,,1689,,04214,마포시장,시장,I,2025-12-15 16:15:28,"서울특별시 마포구 마포대로6길 16, 마포시장 (공덕동)",정상영업,1,01,,대규모점포,195804.563731799    ,449216.311329217    ,서울특별시 마포구 공덕동 256번지 5호 마포시장,2020-06-22 09:32:40
3130000,2001313007907500002,1998-07-18,,영업/정상,,,,,12337.24,,,마포농수산물시장,그 밖의 대규모점포,I,2025-12-15 16:15:28,서울특별시 마포구 월드컵로 235 (성산동),정상영업,1,01,,대규모점포,190931.000875925    ,451427.722144609    ,서울특별시 마포구 성산동 533번지 1호,2025-09-12 20:30:04
3130000,2001313007907500001,1976-01-16,,폐업,2015-12-28,,,,1077,,,염리시장,시장,I,2025-12-15 16:15:28,서울특별시 마포구 숭문길 96 (염리동),폐업처리,3,03,,대규모점포,,,서울특별시 마포구 염리동 36번지 249호,2021-09-29 10:56:35
3130000,2005313009907500003,1971-05-20,,폐업,2019-02-15,,,,0,,,신촌상가,시장,I,2025-12-15 16:15:28,서울특별시 마포구 신촌로 86 (노고산동),폐업처리,3,03,,대규모점포,194158.369649874    ,450273.194140715    ,서울특별시 마포구 노고산동 49번지 55호,2019-02-15 11:34:21
3130000,2005313009907500004,2005-10-07,,폐업,2015-04-16,,,,3166.75,,,신교시장,그 밖의 대규모점포,I,2025-12-15 16:15:28,서울특별시 마포구 월드컵북로5나길 18 (서교동),폐업처리,3,03,,대규모점포,,,서울특별시 마포구 서교동 487호,2015-04-16 15:08:27
3130000,2009313011807500006,1974-06-05,,폐업,2025-04-23,,,,0,121-865,,동진시장,시장,I,2025-12-15 16:15:28,서울특별시 마포구 성미산로 198 (연남동),폐업처리,3,03,,대규모점포,193456.606360958    ,451125.467333415    ,서울특별시 마포구 연남동 227번지 15호,2025-05-02 16:20:21
3130000,2009313011807500007,2006-05-16,,폐업,2015-11-18,,,,3185.1,121-815,,마포트라팰리스 아케이드,그 밖의 대규모점포,I,2025-12-15 16:15:28,서울특별시 마포구 마포대로 53 (도화동),폐업처리,3,03,,대규모점포,,,서울특별시 마포구 도화동 559번지,2015-11-20 09:37:21
3130000,2011313011807500004,2011-12-13,,폐업,2014-01-07,,,,264,121-896,,홈플러스익스프레스 망원점,구분없음,I,2025-12-15 16:15:28,서울특별시 마포구 월드컵로 80 (서교동),폐업처리,3,03,,준대규모점포,192018.039124439    ,450449.030804033    ,서울특별시 마포구 서교동 441번지 6호,2014-01-08 10:49:36
3130000,2005313009907500001,2005-02-24,,휴업,,,,,12337.24,,,마포농수산물시장,그 밖의 대규모점포,I,2025-12-15 16:15:28,서울특별시 마포구 월드컵로 235 (성산동),휴업처리,2,02,023005062,,190931.000875925    ,451427.722144609    ,서울특별시 마포구 성산동 533번지 1호   ,2007-06-30 10:17:05
3140000,1981314011407500001,1981-09-23,,영업/정상,,,,2007-02-26,3014,,,목동시장아울렛,그 밖의 대규모점포,I,2025-12-15 16:15:28,서울특별시 양천구 목동중앙본로7길 45 (목동),정상영업,1,01,0226432767,대규모점포,188117.351835882    ,448552.989897945    ,서울특별시 양천구 목동 739번지 1호,2014-08-18 16:38:35
3140000,2025314027207500001,2025-01-20,,영업/정상,,,,,258,,07953,GS THE FRESH 양천목2동점,구분없음,I,2025-12-15 16:15:28,서울특별시 양천구 목동중앙본로 95 (목동),영업개시전,5,01,,준대규모점포,188456.486375706    ,449112.890911306    ,서울특별시 양천구 목동 547-12,2025-01-20 16:53:45
3140000,2002314011407500001,2002-08-09,,영업/정상,,,,2002-08-09,38258,,,현대백화점목동점,백화점,I,2025-12-15 16:15:28,서울특별시 양천구 목동동로 257 (목동),정상영업,1,01,0221632233,대규모점포,,,서울특별시 양천구 목동 916호,2024-05-08 09:19:59
3140000,2004314010207599100,2004-06-04,,영업/정상,,,,,24319,,,행복한백화점,백화점,I,2025-12-15 16:15:28,서울특별시 양천구 목동동로 309 (목동),정상영업,1,01,0266789236,대규모점포,188977.171050288    ,447466.355031447    ,서울특별시 양천구 목동 917번지 6호,2023-05-04 10:21:49
3140000,2006314010207500001,2006-03-28,,휴업,,,,,0,,,신한이모르젠상가,그 밖의 대규모점포,I,2025-12-15 16:15:28,서울특별시 양천구 목동중앙북로 7 (목동),휴업처리,2,02,0226424071,,,,서울특별시 양천구 목동 960호   ,2007-07-21 10:47:58
3140000,2008314011407500001,2008-10-16,,영업/정상,,,,,3143.65,158-077,,신정동세양청마루2차상가,그 밖의 대규모점포,I,2025-12-15 16:15:28,서울특별시 양천구 목동남로4길 2 (신정동),정상영업,1,01,0220613585,대규모점포,187954.189632117    ,445124.131588947    ,서울특별시 양천구 신정동 201번지 1호,2024-04-09 09:10:58
3140000,2009314011407500002,1976-06-16,,영업/정상,,,,,3636.42,158-053,,신한이모르젠상가,그 밖의 대규모점포,I,2025-12-15 16:15:28,서울특별시 양천구 목동중앙북로 7 (목동),정상영업,1,01,26545959,대규모점포,,,서울특별시 양천구 목3동 960번지,2014-09-30 10:06:50
3140000,2009314011407500004,2005-05-04,,영업/정상,,,,2005-05-04,0,158-814,,목4동시장상인회,시장,I,2025-12-15 16:15:28,,정상영업,1,01,0226479191,,,,"서울특별시 양천구 목4동 727번지 ,736,726,738,725,739,724,723일대",2014-08-05 10:06:43
3140000,2009314011407500005,2005-05-04,,영업/정상,,,,2005-05-04,0,158-834,,경창시장상인회,시장,I,2025-12-15 16:15:28,,정상영업,1,01,0226065988,,,,"서울특별시 양천구 신월2동 446번지 ,447,484,463, 신월4동427,428번지일대",2009-11-16 14:51:20
3140000,2009314011407500007,2006-06-07,,영업/정상,,,,2006-06-07,0,158-827,,신영시장상인회,시장,I,2025-12-15 16:15:28,,정상영업,1,01,0226043319,,,,"서울특별시 양천구 신월1동 105번지 ,106,113,114,115,118,119일대",2009-11-16 15:03:21
3140000,2011314011407500001,2011-05-20,,영업/정상,,,,,14074.76,158-766,,(주)이마트 목동점,대형마트,I,2025-12-15 16:15:28,서울특별시 양천구 오목로 299 (목동),정상영업,1,01,0269231234,대규모점포,188551.299139509    ,447076.288051741    ,서울특별시 양천구 목1동 962번지 1호 목동트라팰리스 내,2024-04-23 09:29:35
3140000,2011314011407500002,2011-06-30,,영업/정상,,,,,213,158-073,,홈플러스(주)익스프레스 신정점,구분없음,I,2025-12-15 16:15:28,서울특별시 양천구 중앙로 255-1 (신정동),정상영업,1,01,26968546,준대규모점포,186934.14769332     ,446336.680481997    ,서울특별시 양천구 신정3동 1183번지 12호,2024-03-22 08:51:42
3140000,2011314011407500005,2011-09-15,,영업/정상,,,,,346,,08104,(주)지에스리테일 신정2점,구분없음,I,2025-12-15 16:15:28,"서울특별시 양천구 목동남로4길 2 (신정동, 세양청마루2차주상복합)",정상영업,1,01,20062637,준대규모점포,187954.189632117    ,445124.131588947    ,서울특별시 양천구 신정동 201번지 1호 세양청마루2차 지상1층,2025-04-21 13:01:27
3140000,2011314011407500007,2011-09-15,,영업/정상,,,,,244.9,158-053,,홈플러스(주)익스프레스 목동2점,구분없음,I,2025-12-15 16:15:28,서울특별시 양천구 등촌로 172 (목동),정상영업,1,01,20628546,준대규모점포,187788.82257199     ,449204.635182585    ,서울특별시 양천구 목3동 657번지 21호,2024-03-21 16:37:29
3140000,2012314011407500001,2012-04-05,,영업/정상,,,,,496,158-753,,롯데슈퍼 목동2점,구분없음,U,2026-02-24 22:18:10,"서울특별시 양천구 목동서로 100, 105호 (목동,목동3단지아파트 관리동상가)",정상영업,1,01,0226470824,준대규모점포,,,서울특별시 양천구 목5동 903번지 목동3단지아파트 관리동상가 105호,2026-02-23 13:27:41
3140000,2012314011407500002,2012-04-10,,영업/정상,,,,,161.37,158-077,,홈플러스(주)익스프레스 신정3점,구분없음,I,2025-12-15 16:15:28,"서울특별시 양천구 목동동로 53, 103~108호 (신정동,굿모닝탑)",정상영업,1,01,26448720,준대규모점포,187619.993071747    ,445879.054862903    ,서울특별시 양천구 신정7동 324번지 10호 굿모닝탑  103~108호,2024-03-19 13:51:41
3140000,2012314011407500003,2012-05-23,,영업/정상,,,,,263,158-095,,롯데쇼핑(주)롯데슈퍼 신월점,구분없음,I,2025-12-15 16:15:28,"서울특별시 양천구 월정로46길 11 (신월동,외 1필지)",정상영업,1,01,0226975602,준대규모점포,185164.559946017    ,448756.033565786    ,서울특별시 양천구 신월5동 20번지 28호 외 1필지,2022-04-22 17:15:54
3140000,2012314011407500005,2012-05-23,,영업/정상,,,,,240.66,,08081,롯데프레시 신정점,그 밖의 대규모점포,I,2025-12-15 16:15:28,"서울특별시 양천구 신정로13길 3, 대우미래사랑5차아파트 103~105호 (신정동)",정상영업,1,01,26925600,준대규모점포,186071.979697827    ,445297.986765501    ,서울특별시 양천구 신정동 1290-4 대우미래사랑5차아파트,2021-02-15 17:53:34
3140000,2012314011407500006,2012-05-31,,영업/정상,,,,,1943.87,158-822,,(주)이마트 신월점,백화점,I,2025-12-15 16:15:28,서울특별시 양천구 화곡로 59 (신월동),정상영업,1,01,0267161234,준대규모점포,,,서울특별시 양천구 신월5동 26번지,2024-04-23 09:17:24
3140000,2012314011407500007,2012-05-31,,영업/정상,,,,,468.92,158-754,,(주)이마트에브리데이 목동점,구분없음,I,2025-12-15 16:15:28,"서울특별시 양천구 목동서로 130, 관리동 105호 (목동,목동4단지아파트)",정상영업,1,01,0226464331,준대규모점포,,,서울특별시 양천구 목5동 904번지 목동4단지아파트 관리동 105호,2024-08-06 09:21:27
3140000,2020314016707500001,2020-05-26,,영업/정상,,,,,2734.89,,07948,목동에버하임,그 밖의 대규모점포,I,2025-12-15 16:15:28,"서울특별시 양천구 목동중앙북로 68 (목동, 목동에버하임)",정상영업,1,01,0226433209,대규모점포,,,서울특별시 양천구 목동 966번지 목동에버하임,2020-06-17 13:01:15
3140000,2006314011407500001,2006-11-01,,폐업,2008-10-31,,,,0,,,(주)이랜드리테일,쇼핑센터,I,2025-12-15 16:15:28,서울특별시 양천구 목동서로 170 (목동),폐업처리,3,03,0230161500,대규모점포,188729.190478822    ,447572.610039376    ,서울특별시 양천구 목동 919번지 7호,2014-02-18 14:29:22
3140000,2008314011407500002,2008-11-03,,폐업,2024-06-01,,,,19765.04,158-051,,홈플러스(주)목동점,쇼핑센터,I,2025-12-15 16:15:28,서울특별시 양천구 목동서로 170 (목동),폐업처리,3,03,0226442080,대규모점포,188729.190478822    ,447572.610039376    ,서울특별시 양천구 목동 919번지 7호,2024-05-31 13:08:02
3140000,2009314011407500001,2009-03-23,,폐업,2011-05-19,,,,14074.76,158-051,,신세계 이마트 목동점,대형마트,I,2025-12-15 16:15:28,,폐업처리,3,03,,대규모점포,,,"서울특별시 양천구 목1동 926번지 9261호 목동트라팰리스 내(지하1,2층)",2014-02-18 11:01:29
3140000,2010314011407500001,2010-04-05,,폐업,2011-05-19,,,,14074.76,158-051,,(주)신세계이마트 목동점,대형마트,I,2025-12-15 16:15:28,"서울특별시 양천구 오목로 299 (목동,목동트라팰리스 내)",폐업처리,3,03,69231053,대규모점포,188551.299139509    ,447076.288051741    ,서울특별시 양천구 목1동 962번지 1호  목동트라팰리스 내,2014-02-18 14:39:56
3140000,2011314011407500003,2011-09-15,,폐업,2020-09-30,,,,123,158-074,,롯데쇼핑(주)롯데슈퍼목동점,구분없음,I,2025-12-15 16:15:28,서울특별시 양천구 목동로 223 (신정동),폐업처리,3,03,0222905853,준대규모점포,187889.318611598    ,447351.606624409    ,서울특별시 양천구 신정4동 899번지 7호,2022-01-28 16:29:26
3140000,2011314011407500004,2011-09-15,,폐업,2014-11-30,,,,199.3,158-074,,롯데쇼핑(주)롯데슈퍼신정점,구분없음,I,2025-12-15 16:15:28,서울특별시 양천구 오목로 224 (신정동),폐업처리,3,03,0222905853,준대규모점포,187769.95711697     ,447053.907321165    ,서울특별시 양천구 신정4동 991번지 5호,2014-12-17 14:56:00
3140000,2011314011407500006,2011-09-15,,폐업,2022-04-13,,,,406.21,158-074,,(주)지에스리테일 GS수퍼 목동오거리점,구분없음,I,2025-12-15 16:15:28,,폐업처리,3,03,26956131,준대규모점포,187670.416423662    ,447030.560396528    ,서울특별시 양천구 신정4동 988번지 5호,2022-04-15 16:25:11
3140000,2012314011407500004,2012-05-23,,폐업,2013-10-14,,,,674,158-861,,롯데쇼핑(주)롯데슈퍼 신목동점,,I,2025-12-15 16:15:28,서울특별시 양천구 중앙로32길 55 (신정동),폐업처리,3,03,0226515602,준대규모점포,187523.574256064    ,446408.633352149    ,서울특별시 양천구 신정1동 1022번지 9호,2013-10-14 17:29:47
3140000,2015314016707500001,2015-04-22,,폐업,2018-01-31,,,,3666.81,,08007,(주)이마트SSG목동점,그 밖의 대규모점포,I,2025-12-15 16:15:28,"서울특별시 양천구 오목로 354, 지하1층 (목동, 목동센트럴푸르지오)",폐업처리,3,03,027271405,대규모점포,,,,2018-02-12 17:17:48
3140000,2022314016707500001,2001-03-01,,폐업,2021-09-28,,,,225.64,,08010,홈플러스 익스프레스 신정4점,구분없음,I,2025-12-15 16:15:28,"서울특별시 양천구 목동동로 190(신정동, 길훈로즈빌)",폐업처리,3,03,,준대규모점포,,,서울특별시 양천구 신정동 1297,2022-04-13 11:37:49
3140000,2020314016707500002,2020-05-29,,영업/정상,,,,,2734.89,,07948,목동에버하임,그 밖의 대규모점포,I,2025-12-15 16:15:28,"서울특별시 양천구 목동중앙북로 68 (목동, 목동에버하임)",영업개시전,5,01,0226433209,대규모점포,,,서울특별시 양천구 목동 966번지 목동에버하임,2020-05-29 09:20:09
3140000,2021314016707500001,2021-08-26,,영업/정상,,,,,396.88,,08022,(주)이마트에브리데이 목동역점,구분없음,I,2025-12-15 16:15:28,서울특별시 양천구 목동로 183(신정동),정상영업,1,01,0220390818,준대규모점포,187929.395106977    ,446964.609090888    ,서울특별시 양천구 신정동 995-2,2024-08-06 09:25:35
3140000,2022314016707500002,2022-10-04,,영업/정상,,,,,254.4,,08010,홈플러스 익스프레스 오목교점,구분없음,I,2025-12-15 16:15:28,서울특별시 양천구 목동동로 196(신정동),영업개시전,5,01,0234598016,준대규모점포,188565.074701959    ,446750.881633578    ,서울특별시 양천구 신정동 86-1,2022-10-05 13:25:45
3140000,1988314011407500001,1988-09-19,,영업/정상,,,,1988-09-19,2247,,,우성상가시장,시장,I,2025-12-15 16:15:28,서울특별시 양천구 지양로 78 (신월동),정상영업,1,01,0226931241,대규모점포,185221.95790954     ,446727.354964214    ,서울특별시 양천구 신월동 928번지 1 호,2011-08-16 16:01:43
3150000,2014315014507500002,2002-10-25,,폐업,2018-02-01,,,,3011.65,,,대지종합유통물류시장,그 밖의 대규모점포,I,2025-12-15 16:15:28,서울특별시 강서구  강서로68길  23 (등촌동),폐업처리,3,03,36634314,대규모점포,,,서울특별시 강서구 등촌동 685번지,2018-02-02 15:10:42
3150000,2017315018607500002,2017-06-17,,폐업,2025-01-01,,,,0,,07788,이마트에브리데이 마곡점,구분없음,I,2025-12-15 16:15:28,"서울특별시 강서구 마곡서로 158, 마곡센트럴타워Ⅱ 103~110, 118, 119호 (마곡동)",폐업처리,3,03,0220398337,준대규모점포,,,서울특별시 강서구 마곡동 759번지 마곡센트럴타워Ⅱ,2025-11-28 13:17:06
3150000,2017315018607500003,2017-08-14,,폐업,2025-01-01,,,,0,,07791,롯데쇼핑㈜ 마켓999 양천향교역가맹점,구분없음,I,2025-12-15 16:15:28,"서울특별시 강서구 양천로 344, 마곡센트럴대방디엠시티오피스텔 121-1,2호 (마곡동)",폐업처리,3,03,0236646600,준대규모점포,185827.239418328    ,451790.699502971    ,서울특별시 강서구 마곡동 776번지 2호 마곡센트럴대방디엠시티오피스텔,2025-11-28 13:16:13
3150000,1987315016607500006,1987-10-30,,폐업,2022-10-04,,,,1568,,07765,화곡중앙시장,시장,I,2025-12-15 16:15:28,서울특별시 강서구 월정로30길 69 (화곡동),폐업처리,3,03,0226025757,대규모점포,185745.73257287     ,448140.292711073    ,서울특별시 강서구 화곡동 370번지 76호,2022-10-04 15:31:32
3150000,2004315010007500033,1999-12-28,,폐업,2022-09-27,,,,17262.29,,,(주)이마트 가양점,대형마트,I,2025-12-15 16:15:28,서울특별시 양천로 559 (가양이마트(E-MART)),폐업처리,3,03,0221011053,대규모점포,187761.194273879    ,450640.214509068    ,서울특별시 강서구 가양동 449번지 19  호,2022-09-27 15:44:47
3150000,2004315010007500035,1999-12-16,,폐업,2012-02-01,,,,8762,,,그랜드백화점(주)마트강서점,대형마트,I,2025-12-15 16:15:28,,폐업처리,3,03,0226572126,대규모점포,185732.424363656    ,450884.528795882    ,서울특별시 강서구 등촌동 678번지 14호,2012-02-10 10:47:31
3150000,2010315012307500001,2003-01-23,,폐업,2014-10-16,,,,18461.49,157-823,,(주)이마트 공항점,대형마트,I,2025-12-15 16:15:28,"서울특별시 강서구 하늘길 70 (공항동, (주)이마트 공항점)",폐업처리,3,03,0221661052,대규모점포,,,서울특별시 강서구 과해동 676번지,2014-12-01 16:08:47
3150000,2010315012307500002,2010-04-15,,폐업,2018-12-26,,,,17623.04,157-030,,아름다운아울렛,전문점,I,2025-12-15 16:15:28,,폐업처리,3,03,0221698000,대규모점포,186966.036176588    ,451047.287263879    ,서울특별시 강서구 등촌동 73번지 1호 외 3필지,2018-12-27 17:19:43
3150000,2011315012307500004,2011-08-19,,폐업,2012-07-27,,,,410,157-851,,GS수퍼마켓 강서방화점,그 밖의 대규모점포,I,2025-12-15 16:15:28,,폐업처리,3,03,026666606,준대규모점포,183106.102043946    ,451758.106858582    ,서울특별시 강서구 방화2동 589번지 21호,2012-07-30 16:31:04
3150000,2012315014507500001,2012-03-12,,폐업,2012-07-30,,,,330,,,(주)에브리데이리테일 발산동점,그 밖의 대규모점포,I,2025-12-15 16:15:28,"서울특별시 강서구 강서로 287, 1층 (내발산동, 호경빌딩)",폐업처리,3,03,0226623651,준대규모점포,,,,2012-09-20 17:49:47
3150000,2012315014507500003,2012-03-29,,폐업,2021-11-12,,,,476,157-863,,롯데쇼핑(주)롯데슈퍼 염창2점,그 밖의 대규모점포,I,2025-12-15 16:15:28,서울특별시 강서구 공항대로59다길 101 (염창동),폐업처리,3,03,0226595601,준대규모점포,188320.272052969    ,449937.289956105    ,서울특별시 강서구 염창동 267번지 22호,2022-01-19 09:16:04
3150000,2012315014507500004,2012-03-29,,폐업,2014-08-22,,,,348.4,157-040,,롯데쇼핑(주)롯데슈퍼 염창점,그 밖의 대규모점포,I,2025-12-15 16:15:28,서울특별시 강서구 양천로67길 99 (염창동),폐업처리,3,03,0236625605,준대규모점포,188564.428051183    ,450381.673344615    ,서울특별시 강서구 염창동 75번지 8호,2014-09-19 19:53:49
3150000,2014315014507500001,2003-04-03,,폐업,2016-04-01,,,2003-04-03,15317,157-220,,테크노스카이시티,그 밖의 대규모점포,I,2025-12-15 16:15:28,서울특별시 강서구 하늘길 38 (방화동),폐업처리,3,03,0263435000,대규모점포,182735.786874703    ,451591.610813727    ,서울특별시 강서구 방화동 712번지 1호,2016-04-01 14:21:24
3150000,2026315020007500001,2026-02-19,,영업/정상,,,,,262.81,,07622,GS THE FRESH 송정역점,구분없음,I,2026-02-20 22:18:11,"서울특별시 강서구 송정로 53, 101동 101~104호 (공항동, 발쿠치네하우스)",영업개시전,5,01,,준대규모점포,,,서울특별시 강서구 공항동 1378 발쿠치네하우스 101동 101~4호,2026-02-19 12:57:25
3150000,1995315007407500001,1995-05-01,,휴업,,,,,0,,,그랜드패션아울렛,그 밖의 대규모점포,I,2025-12-15 16:15:28,,휴업처리,2,02,0226002002,,,,서울특별시 강서구 화곡동 1095호   ,2007-07-14 13:55:24
3150000,1999315010007500001,1970-08-20,,영업/정상,,,,,2702,,,(주)공항시장,시장,I,2025-12-15 16:15:28,,정상영업,1,01,0226622751,대규모점포,,,서울특별시 강서구 방화동 620호,2013-05-01 09:03:04
3150000,2000315010007500001,2000-10-06,,휴업,,,,,0,,,(주)이랜드리테일홈에버가양점,쇼핑센터,I,2025-12-15 16:15:28,,휴업처리,2,02,0236649400,,186687.131804431    ,451342.773451086    ,서울특별시 강서구 가양동 18번지 24호   ,2007-07-14 13:55:24
3150000,2002315007407500001,2002-08-01,,휴업,,,,,0,,,방신종합시장 재건축조합,그 밖의 대규모점포,I,2025-12-15 16:15:28,,휴업처리,2,02,,,183315.556652953    ,452204.165533971    ,서울특별시 강서구 방화동 567번지 4호   ,2007-07-14 13:55:24
3150000,2003315010007500030,2003-01-23,,휴업,,,,,,,,신세계이마트(공항점),대형마트,I,2025-12-15 16:15:28,,휴업처리,2,02,0221661052,,,,서울특별시 강서구 과해동 272호   ,2007-07-14 13:55:24
3150000,2004315010007500001,2004-02-19,,휴업,,,,,,,,(주)공항시장,그 밖의 대규모점포,I,2025-12-15 16:15:28,,휴업처리,2,02,0226622751,,,,서울특별시 강서구 방화동 620호   ,2007-07-14 13:55:24
3150000,2004315010007500034,2004-05-03,,휴업,,,,,,,,그랜드백화점(주)마트화곡점,대형마트,I,2025-12-15 16:15:28,,휴업처리,2,02,0226060101,,,,서울특별시 강서구 화곡동 1095호   ,2007-07-14 13:55:24
3150000,2005315010007500001,2005-08-26,,영업/정상,,,,,22173,157-840,,홈플러스(주) 강서점,대형마트,I,2025-12-15 16:15:28,서울특별시 강서구  화곡로  398 (등촌동),정상영업,1,01,0226608121,대규모점포,187119.948165892    ,450691.593173724    ,서울특별시 강서구 등촌동 639번지 11호,2024-02-29 08:58:35
3150000,2005315010007500002,2005-09-07,,영업/정상,,,,,5163.3,157-847,,삼정프라자,그 밖의 대규모점포,I,2025-12-15 16:15:28,서울특별시 강서구 방화동로 126 (방화동),정상영업,1,01,0226631978,대규모점포,183315.556652953    ,452204.165533971    ,서울특별시 강서구 방화동 567번지 4호,2014-09-29 10:40:19
3150000,2006315010007500001,2006-02-10,,휴업,,,,,0,,,삼성테스코(주)홈플러스강서점,대형마트,I,2025-12-15 16:15:28,,휴업처리,2,02,0226608000,,187119.948165892    ,450691.593173724    ,서울특별시 강서구 등촌동 639번지 11호   ,2007-07-14 13:55:24
3150000,2006315010007500002,2006-05-19,,영업/정상,,,,,3563,,,스페이스프라자,그 밖의 대규모점포,I,2025-12-15 16:15:28,서울특별시 강서구 공항대로71길 49 (염창동),정상영업,1,01,0236636562,대규모점포,188692.033242329    ,449699.83258499     ,서울특별시 강서구 염창동 264번지 18호,2012-07-17 13:11:32
3150000,2008315012307500001,2008-10-31,,휴업,,2025-12-28,2026-12-27,,10037,157-202,,홈플러스(주) 가양점,대형마트,I,2026-01-02 02:40:00,"서울특별시 강서구 양천로 431 (가양동, 홈플러스)",휴업처리,2,02,0220632080,대규모점포,186687.131804431    ,451342.773451086    ,서울특별시 강서구 가양동 18번지 24호,2025-12-31 09:22:21
3150000,2009315012307500001,2009-03-05,,영업/정상,,,,,3378.74,157-835,,송화시장,그 밖의 대규모점포,I,2025-12-15 16:15:28,서울특별시 강서구 강서로 267 (내발산동),정상영업,1,01,26022801,대규모점포,185431.066605778    ,449714.813765198    ,서울특별시 강서구 내발산동 719번지 6호,2014-09-26 19:26:13
3150000,2011315012307500001,2011-01-18,,영업/정상,,,,,77670,157-222,,롯데몰 김포공항,쇼핑센터,I,2026-01-22 22:18:10,"서울특별시 강서구 하늘길 38 (방화동, 롯데몰 김포공항)",정상영업,1,01,0261164000,대규모점포,,,서울특별시 강서구 방화2동 886번지 외6필지,2026-01-21 13:52:18
3150000,2011315012307500002,2011-07-01,,영업/정상,,,,,236,157-924,,홈플러스(주) 익스프레스 화곡점,구분없음,I,2025-12-15 16:15:28,서울특별시 강서구 화곡로 153 (화곡동),정상영업,1,01,0220658534,준대규모점포,185681.122656637    ,448813.441620263    ,서울특별시 강서구 화곡3동 1065번지 8호,2025-08-25 09:39:38
3150000,2011315012307500003,2011-07-14,,영업/정상,,,,,1524.6,157-900,,씨에스유통 (롯데슈퍼화곡2점),구분없음,U,2026-02-24 22:18:10,서울특별시 강서구 등촌로5길 80 (화곡동),정상영업,1,01,0226432211,준대규모점포,187464.403178638    ,447877.710664426    ,서울특별시 강서구 화곡4동 830번지 1호,2026-02-23 17:38:08
3150000,2011315012307500005,2011-09-19,,영업/정상,,,,,34547.21,157-930,,(주) 이랜드리테일 강서점,백화점,I,2026-01-24 22:18:10,서울특별시 강서구 강서로56길 17 (등촌동),정상영업,1,01,26679000,대규모점포,,,서울특별시 강서구 등촌3동 689번지 외 2,2026-01-23 11:44:12
3150000,2011315012307500006,2011-10-04,,영업/정상,,,,,735.3,157-850,,롯데쇼핑(주)롯데슈퍼개화산점,구분없음,I,2026-01-13 22:18:10,서울특별시 양천로6길 15,정상영업,1,01,0226645606,준대규모점포,182944.731406147    ,452207.427296372    ,서울특별시 강서구 방화2동 533번지 9호,2026-01-12 14:50:12
3150000,2011315012307500008,2011-10-05,,영업/정상,,,,,162.4,157-881,,롯데쇼핑(주)롯데슈퍼화곡점,구분없음,I,2026-01-13 22:18:10,서울특별시 강서구 강서로 43 (화곡동),정상영업,1,01,0226055602,준대규모점포,186366.013413728    ,447719.836723478    ,서울특별시 강서구 화곡1동 343번지 52호,2026-01-12 14:43:17
3150000,2012315014507500002,2012-03-12,,영업/정상,,,,,317,,,(주)이마트에브리데이 화곡동점,구분없음,I,2025-12-15 16:15:28,"서울특별시 강서구 화곡로 274 (화곡동, 외4필지 크라운뷰 1층 104~109)",정상영업,1,01,0222813651,준대규모점포,,,,2024-07-30 16:50:24
3150000,2012315014507500005,2012-03-29,,영업/정상,,,,,461.2,157-703,,롯데쇼핑(주)롯데슈퍼 우장산점,구분없음,I,2026-01-13 22:18:10,서울특별시 강서구 강서로 267 (내발산동),정상영업,1,01,0220645601,준대규모점포,185431.066605778    ,449714.813765198    ,서울특별시 강서구 내발산동 719번지 6호,2026-01-12 14:47:10
3150000,2012315014507500006,2012-03-29,,영업/정상,,,,,847.4,157-846,,롯데쇼핑(주)롯데슈퍼 방화점,구분없음,I,2026-01-13 22:18:10,서울특별시 강서구 방화대로34길 83 (방화동),정상영업,1,01,0226635601,준대규모점포,184102.782470646    ,452097.370050563    ,서울특별시 강서구 방화1동 187번지 1호,2026-01-12 14:48:37
3150000,2012315014507500007,2012-04-10,,영업/정상,,,,,244.6,157-914,,홈플러스익스프레스 화곡2점,구분없음,I,2025-12-15 16:15:28,서울특별시 강서구 까치산로 106 (화곡동),정상영업,1,01,0226988550,준대규모점포,186614.431263557    ,449481.253638067    ,서울특별시 강서구 화곡동 970번지 2호,2025-08-25 09:40:48
3150000,2013315014507500001,2013-06-17,,영업/정상,,,,,3385.1,157-925,,강서 뉴타워,그 밖의 대규모점포,I,2025-12-15 16:15:28,"서울특별시 강서구 화곡로18길 24 (화곡동, 강서 뉴타워)",정상영업,1,01,0226053334,대규모점포,185384.322720871    ,448552.124723353    ,서울특별시 강서구 화곡1동 1071번지 19호,2019-10-23 09:16:34
3150000,2015315016607500001,2015-03-23,,영업/정상,,,,,286.2,157-861,,(주)지에스리테일 염창점,구분없음,I,2025-12-15 16:15:28,"서울특별시 강서구 양천로 687, 1층 (염창동)",정상영업,1,01,0236657255,준대규모점포,188680.48304204     ,449829.694259357    ,서울특별시 강서구 염창동 249번지 8호 1층,2025-08-25 09:38:15
3150000,2017315018607500001,2017-03-30,,영업/정상,,,,,0,,07573,노브랜드 강서가양점,구분없음,I,2025-12-15 16:15:28,서울특별시 강서구 양천로 410 (가양동),정상영업,1,01,0236657661,준대규모점포,186374.463682775    ,451431.251130887    ,서울특별시 강서구 가양동 54번지 5호,2019-01-22 11:08:38
3150000,2017315018607500004,2017-10-11,,영업/정상,,,,,0,,07529,㈜이마트에브리데이 양천향교역점,구분없음,I,2025-12-15 16:15:28,"서울특별시 강서구 허준로 16-12, 동남빌딩 (가양동)",영업개시전,5,01,0220633690,준대규모점포,186080.902016621    ,451971.178722228    ,서울특별시 강서구 가양동 1458번지 9호 동남빌딩,2025-11-28 13:14:54
3150000,2018315018607500001,2018-07-30,,영업/정상,,,,,0,,07798,노브랜드 강서마곡점,구분없음,I,2025-12-15 16:15:28,"서울특별시 강서구 마곡서로 101, 동익드미라벨복합빌딩 (마곡동)",정상영업,1,01,0226670151,준대규모점포,184345.724012817    ,451171.287709396    ,서울특별시 강서구 마곡동 768번지 2호 동익드미라벨복합빌딩,2024-04-24 17:26:27
3150000,2023315020007500001,2023-01-27,,영업/정상,,,,,876,,07575,(주)이마트에브리데이 가양역점,구분없음,I,2025-12-15 16:15:28,"서울특별시 강서구 양천로 476, 금부빌딩 (등촌동)",정상영업,1,01,023805060,준대규모점포,186966.036176588    ,451047.287263879    ,서울특별시 강서구 등촌동 73-1 금부빌딩,2025-09-25 12:40:37
3150000,2023315020007500002,2023-09-07,,영업/정상,,,,,3015,,07765,화곡 더리브스카이,그 밖의 대규모점포,I,2025-12-15 16:15:28,"서울특별시 강서구 가로공원로80길 40 (화곡동, 화곡 더리브 스카이)",정상영업,1,01,,대규모점포,,,서울특별시 강서구 화곡동 1175 화곡 더리브 스카이,2025-08-22 11:09:12
3150000,2023315020007500003,2023-12-28,,영업/정상,,,,,673.32,,07545,GS THE FRESH 강서증미역점,구분없음,I,2025-12-15 16:15:28,"서울특별시 강서구 양천로67길 15, 한희빌딩 1층 (염창동)",정상영업,1,01,0236624171,준대규모점포,188237.941732745    ,450314.08791281     ,서울특별시 강서구 염창동 242-11 한희빌딩,2023-12-29 09:08:19
3150000,2024315020007500001,2024-01-10,,영업/정상,,,,,45167.97,,07800,원그로브몰,쇼핑센터,I,2025-12-15 16:15:28,"서울특별시 강서구 공항대로 165, (마곡동 769 및 769-1)        [마곡지구 특별계획구역 CP4블록] (마곡동)",정상영업,1,01,0269252518,대규모점포,,,서울특별시 강서구 마곡동 769,2024-12-09 16:02:51
3150000,2024315020007500002,2024-10-25,,영업/정상,,,,,27422,,07797,LEWEST B관,그 밖의 대규모점포,I,2025-12-15 16:15:28,"서울특별시 강서구 마곡중앙로 111 (마곡동, 롯데캐슬 르웨스트)",정상영업,1,01,0234876056,대규모점포,184504.783680584    ,451283.535222297    ,서울특별시 강서구 마곡동 767-4 롯데캐슬 르웨스트,2025-09-18 17:02:44
3150000,2024315020007500003,2024-10-25,,영업/정상,,,,,32442.38,,07797,LEWEST A관,그 밖의 대규모점포,I,2025-12-15 16:15:28,서울특별시 강서구 마곡중앙로 143 (마곡동),정상영업,1,01,0234876056,대규모점포,,,서울특별시 강서구 마곡동 767,2025-08-18 15:01:31
3150000,2025315020007500001,2025-05-27,,영업/정상,,,,,193.59,,07599,GS THE FRESH 신방화역점,구분없음,I,2025-12-15 16:15:28,"서울특별시 강서구 마곡서1로 115-1, 마곡헤리움1차 111~114호 (마곡동)",정상영업,1,01,0226651018,준대규모점포,183901.209920497    ,451618.937363136    ,서울특별시 강서구 마곡동 739-4 마곡헤리움1차,2025-08-25 09:37:51
3150000,2025315020007500002,2025-09-23,,영업/정상,,,,,193.39,,07562,GS THE FRESH 강서등촌역점,구분없음,I,2025-12-15 16:15:28,서울특별시 강서구 공항대로61길 36 (염창동),정상영업,1,01,0226583337,준대규모점포,,,서울특별시 강서구 염창동 273,2025-11-07 13:53:33
3150000,2011315012307500007,2011-10-05,,영업/정상,,,,,117,157-922,,롯데쇼핑(주)롯데슈퍼화곡3동점,구분없음,I,2025-12-15 16:15:28,서울특별시 강서구 강서로 179 (화곡동),정상영업,1,01,0226915601,준대규모점포,185725.161390724    ,448911.264785071    ,서울특별시 강서구 화곡3동 1051번지 27호,2025-08-25 09:40:14
3160000,2007316011707500002,2007-08-28,,폐업,2020-12-27,,,,15852.3,,,롯데쇼핑(주) 롯데마트 구로점,대형마트,I,2025-12-15 16:15:28,서울특별시 구로구 경인로 482 (구로동),폐업처리,3,03,0226392500,대규모점포,188669.484398215    ,444010.738380277    ,서울특별시 구로구 구로동 636번지 89호,2020-12-30 09:28:43
3160000,2005316009307500003,2005-06-01,,휴업,,,,,10502,,,롯데마트 구로점,대형마트,I,2025-12-15 16:15:28,서울특별시 구로구 경인로 482 (구로동),휴업처리,2,02,0226392500,,188669.484398215    ,444010.738380277    ,서울특별시 구로구 구로동 636번지 89호   ,2007-07-07 09:54:17
3160000,2007316011707500008,1993-08-30,,폐업,2019-10-14,,,,24862.71,152-050,,AK PLAZA,백화점,I,2025-12-15 16:15:28,서울특별시 구로구 구로중앙로 152 (구로동),폐업처리,3,03,028180812,대규모점포,,,서울특별시 구로구 구로동 573번지,2019-10-15 09:25:30
3160000,2007316011707500009,2005-11-17,,폐업,2024-11-20,,,,13043.88,152-080,,이천일 아울렛 구로점,그 밖의 대규모점포,I,2025-12-15 16:15:28,서울특별시 구로구 중앙로1길 36 (고척동),폐업처리,3,03,0220935072,대규모점포,187785.840457798    ,443997.135869884    ,서울특별시 구로구 고척동 76번지 41호,2024-11-20 13:10:28
3160000,2007316011707500011,1986-12-10,,폐업,2024-02-08,,,,4389,152-100,,삼익쇼핑센타,쇼핑센터,I,2025-12-15 16:15:28,서울특별시 구로구 경인로 192 (오류동),폐업처리,3,03,26869982,대규모점포,186015.738369848    ,443657.614265375    ,서울특별시 구로구 오류동 47번지 1호,2024-02-23 10:03:57
3160000,2011316015907500001,2011-08-10,,폐업,2025-06-30,,,,38414.15,152-888,,주식회사 현대백화점 디큐브시티,백화점,I,2025-12-15 16:15:28,서울특별시 구로구 경인로 662 (신도림동),폐업처리,3,03,0234165282,대규모점포,,,서울특별시 구로구 신도림동 692번지,2025-07-18 09:34:08
3160000,2005316009307500004,2005-06-01,,휴업,,,,,10502,,,롯데마트 구로점,대형마트,I,2025-12-15 16:15:28,서울특별시 구로구 경인로 482 (구로동),휴업처리,2,02,0226392500,,188669.484398215    ,444010.738380277    ,서울특별시 구로구 구로동 636번지 89호   ,2007-07-07 09:54:17
3160000,2005316009307500005,2005-06-01,,휴업,,,,,6745,,,비엔큐홈(구로점),대형마트,I,2025-12-15 16:15:28,서울특별시 구로구 경인로 482 (구로동),휴업처리,2,02,027695828,,188669.484398215    ,444010.738380277    ,서울특별시 구로구 구로동 636번지 89호   ,2007-07-07 09:54:17
3160000,2005316009307500006,2005-11-15,,휴업,,,,,11562,,,일이삼전자타운,그 밖의 대규모점포,I,2025-12-15 16:15:28,서울특별시 구로구 중앙로1길 42 (고척동),휴업처리,2,02,027011137,,187756.919450472    ,443962.832747371    ,서울특별시 구로구 고척동 75번지 1호   ,2007-07-07 09:54:17
3160000,2005316009307500007,2005-11-18,,휴업,,,,,9711,,,이천일아울렛구로점,그 밖의 대규모점포,I,2025-12-15 16:15:28,서울특별시 구로구 중앙로1길 36 (고척동),휴업처리,2,02,0226042001,,187785.840457798    ,443997.135869884    ,서울특별시 구로구 고척동 76번지 41호   ,2007-07-07 09:54:17
3160000,2007316011707500001,2007-08-13,,영업/정상,,,,,11914,,08208,홈플러스(주) 신도림점,대형마트,I,2025-12-15 16:15:28,"서울특별시 구로구 경인로 661, 신도림1차푸르지오 (신도림동)",정상영업,1,01,0226182080,대규모점포,,,서울특별시 구로구 신도림동 337번지 신도림1차푸르지오,2024-03-05 16:34:52
3160000,2007316011707500003,2007-09-27,,영업/정상,,,,,7337,,,(주) 이마트 신도림점,대형마트,I,2025-12-15 16:15:28,"서울특별시 구로구 새말로 97 (구로동,외 31필지)",정상영업,1,01,,대규모점포,190232.524534335    ,444978.682746138    ,서울특별시 구로구 구로동 3번지 25호 외 31필지,2024-04-24 09:39:06
3160000,2007316011707500004,2007-11-08,,영업/정상,,,,,15624,152-050,,나인스에비뉴,그 밖의 대규모점포,I,2025-12-15 16:15:28,서울특별시 구로구 구로중앙로 134 (구로동),정상영업,1,01,,대규모점포,,,서울특별시 구로구 구로동 501번지,2014-09-25 08:50:05
3160000,2007316011707500006,2007-11-19,,영업/정상,,,,,45744,152-050,,신도림 테크노마트,그 밖의 대규모점포,I,2025-12-15 16:15:28,"서울특별시 구로구 새말로 97 (구로동,외 31필지)",정상영업,1,01,34247800,대규모점포,190232.524534335    ,444978.682746138    ,서울특별시 구로구 구로동 3번지 25호 외 31필지,2017-05-26 08:58:14
3160000,2007316011707500007,1999-07-27,,영업/정상,,,,,9927.72,152-050,,(주)이마트 구로점,대형마트,I,2025-12-15 16:15:28,서울특별시 구로구 디지털로32길 43 (구로동),정상영업,1,01,20091001,대규모점포,190901.977946718    ,442466.813410528    ,서울특별시 구로구 구로동 188번지 26호,2024-04-24 09:37:26
3160000,2007316011707500010,1989-03-20,,영업/정상,,,,,2762,152-050,,사모아종합상가,그 밖의 대규모점포,I,2025-12-15 16:15:28,서울특별시 구로구 구일로10길 93 (구로동),정상영업,1,01,,대규모점포,189052.101789082    ,443748.279289935    ,서울특별시 구로구 구로동 685번지 140호,2013-12-20 11:12:56
3160000,2007316011707500012,1998-05-12,,영업/정상,,,,,70845,152-050,,중앙유통단지,그 밖의 대규모점포,I,2025-12-15 16:15:28,서울특별시 구로구 경인로53길 15 (구로동),정상영업,1,01,26252631,대규모점포,,,서울특별시 구로구 구로동 1258번지,2015-01-15 18:02:34
3160000,2007316011707500013,1996-06-27,,영업/정상,,,,,27535,152-050,,서울구로기계공구상가,그 밖의 대규모점포,I,2025-12-15 16:15:28,서울특별시 구로구 구로중앙로 198 (구로동),정상영업,1,01,26330081,대규모점포,189277.761702183    ,444671.551731639    ,서울특별시 구로구 구로동 604번지 1호,2024-10-24 13:14:02
3160000,2007316011707500014,1994-03-30,,영업/정상,,,,,4495,152-050,,라이프공구상가,그 밖의 대규모점포,I,2025-12-15 16:15:28,서울특별시 구로구 구로중앙로 237 (구로동),정상영업,1,01,26346460,대규모점포,188907.966108621    ,444898.367647601    ,서울특별시 구로구 구로동 614번지 33호,2013-12-20 11:11:42
3160000,2007316011707500015,1986-11-01,,영업/정상,,,,,10705,152-081,,고척산업용품상가,복합쇼핑몰,I,2025-12-15 16:15:28,"서울특별시 구로구 경인로43길 42 (고척동, 고척산업용품상가)",정상영업,1,01,26811364,대규모점포,187619.596959162    ,444186.923109714    ,서울특별시 구로구 고척동 103번지 4호,2015-03-31 09:26:54
3160000,2007316011707500016,1993-01-15,,영업/정상,,,,,1582,152-080,,동국종합상가,그 밖의 대규모점포,I,2025-12-15 16:15:28,서울특별시 구로구 중앙로3길 49 (고척동),정상영업,1,01,0226177914,대규모점포,187718.801171032    ,444056.996752313    ,서울특별시 구로구 고척동 83번지 6호,2017-11-09 15:42:41
3160000,2007316011707500017,1998-01-14,,영업/정상,,,,,4881,152-050,,공구상가일번지관리단,복합쇼핑몰,I,2025-12-15 16:15:28,서울특별시 구로구 경인로54길 4 (구로동),정상영업,1,01,26310460,대규모점포,189134.15447044     ,444274.729874348    ,서울특별시 구로구 구로동 636번지 62호,2024-04-17 10:55:51
3160000,2007316011707500018,1998-11-26,,영업/정상,,,,,32678.39,152-080,,일이삼전자타운,복합쇼핑몰,I,2025-12-15 16:15:28,서울특별시 구로구 경인로 393-7 (고척동),정상영업,1,01,26171237,대규모점포,187826.698183821    ,443925.52468616     ,서울특별시 구로구 고척동 73번지 3호,2025-02-04 17:30:07
3160000,2007316011707500019,1993-05-27,,영업/정상,,,,,3085,152-080,,개봉프라자,시장,I,2025-12-15 16:15:28,서울특별시 구로구 고척로40길 19 (고척동),정상영업,1,01,0226198068,대규모점포,186769.616926353    ,444433.221606826    ,서울특별시 구로구 고척동 269번지 1호,2017-07-04 13:11:54
3160000,2007316011707500020,1971-10-19,,영업/정상,,,,,6992,152-081,,고척스카이프라자,그 밖의 대규모점포,I,2025-12-15 16:15:28,서울특별시 구로구 중앙로 64 (고척동),정상영업,1,01,024528140,대규모점포,187798.86926511     ,444629.704821749    ,서울특별시 구로구 고척동 50번지 48호,2018-08-30 09:12:25
3160000,2007316011707500021,1976-12-28,,영업/정상,,,,,2464,152-090,,개봉제일시장,그 밖의 대규모점포,I,2025-12-15 16:15:28,서울특별시 구로구 개봉로3길 51 (개봉동),정상영업,1,01,26838792,대규모점포,186968.288544829    ,442651.907780511    ,서울특별시 구로구 개봉동 361번지 1호,2013-12-20 10:56:01
3160000,2011316015907500002,2011-09-19,,영업/정상,,,,,860,152-814,,(주)이마트에브리데이 개봉동점,구분없음,I,2025-12-15 16:15:28,서울특별시 구로구 개봉로17길 34 (개봉동),정상영업,1,01,0226842013,준대규모점포,,,"서울특별시 구로구 개봉동 324-1, 324-11,324-13  1층",2025-01-23 15:05:02
3160000,2012316015907500001,2012-04-20,,영업/정상,,,,,246,152-897,,홈플러스 익스프레스 서울오류점,복합쇼핑몰,I,2025-12-15 16:15:28,"서울특별시 구로구 서해안로 2293 (오류동,외 2필지)",정상영업,1,01,34598000,준대규모점포,,,서울특별시 구로구 오류2동 160번지  외 2필지,2024-04-16 13:51:13
3160000,2012316015907500002,2012-04-20,,영업/정상,,,,,191,152-805,,홈플러스 익스프레스 개봉점,구분없음,I,2025-12-15 16:15:28,"서울특별시 구로구 경인로 319 (개봉동,외 1필지 대림프라자 101호)",정상영업,1,01,26838545,준대규모점포,187158.443830013    ,443952.561879682    ,서울특별시 구로구 개봉1동 156번지 18호 외 1필지 대림프라자 101호,2024-04-16 13:55:11
3160000,2012316015907500003,2012-06-20,,영업/정상,,,,,228.69,152-720,,홈플러스 익스프레스 서울구로점,구분없음,I,2025-12-15 16:15:28,"서울특별시  구일로10길 27, B동 1층 (제118호,제119호,제121호~126호)",정상영업,1,01,028688726,준대규모점포,188674.995072188    ,443749.503020388    ,"서울특별시 구로구 구로1동 650번지 4호 SK허브수 제B동 제118호,제119호,제121호~126호",2020-06-03 10:20:07
3160000,2020316015907500001,2020-06-26,,영업/정상,,,,,49220.79,,08292,이랜드리테일 NC구로점,복합쇼핑몰,I,2026-02-03 22:21:13,서울특별시 구로구 구로중앙로 152 (구로동),정상영업,1,01,023230456,대규모점포,,,서울특별시 구로구 구로동 573,2026-02-02 14:04:50
3160000,2022316015907500001,2022-03-18,,영업/정상,,,,,40883.22,,,고척아이파크쇼핑센터,쇼핑센터,I,2025-12-15 16:15:28,,정상영업,1,01,025280450,대규모점포,187477.579440706    ,444045.294921843    ,서울특별시 구로구 고척동 100-7,2023-10-12 17:09:57
3160000,1962316007107500001,1962-09-25,,영업/정상,,,,,,,,구로시장,그 밖의 대규모점포,I,2025-12-15 16:15:28,,정상영업,1,01,028542709,,,,서울특별시 구로구 구로동 736번지 1   호   ,2007-07-07 09:54:17
3160000,1968316007107500002,1968-10-23,,영업/정상,,,,,,,,오류시장,그 밖의 대규모점포,I,2025-12-15 16:15:28,,정상영업,1,01,0226113888,,,,서울특별시 구로구 오류동 38번지 7   호   ,2007-07-07 09:54:17
3160000,1971316007107500001,1971-10-19,,영업/정상,,,,,,,,고척시장,그 밖의 대규모점포,I,2025-12-15 16:15:28,,정상영업,1,01,026170617,,,,서울특별시 구로구 고척동 50번지 48  호   ,2007-07-07 09:54:17
3160000,1972316007107500005,1972-01-21,,영업/정상,,,,,,,,배영설비(주),그 밖의 대규모점포,I,2025-12-15 16:15:28,,정상영업,1,01,028551036,,,,서울특별시 구로구 구로동 169번지 2   호   ,2007-07-07 09:54:17
3160000,1976316007107500001,1976-08-06,,영업/정상,,,,,,,,개봉중앙시장,그 밖의 대규모점포,I,2025-12-15 16:15:28,,정상영업,1,01,026136162,,,,서울특별시 구로구 개봉동 324번지 1   호   ,2007-07-07 09:54:17
3160000,1976316007107500002,1976-12-28,,영업/정상,,,,,,,,개봉제일시장,그 밖의 대규모점포,I,2025-12-15 16:15:28,,정상영업,1,01,0226172661,,,,서울특별시 구로구 개봉동 361번지 1   호   ,2007-07-07 09:54:17
3160000,1986316007107500001,1986-12-10,,휴업,,2017-07-04,,,13,,,삼익쇼핑센터,쇼핑센터,I,2025-12-15 16:15:28,,휴업처리,2,02,026869982,대규모점포,186015.738369848    ,443657.614265375    ,서울특별시 구로구 오류동 47번지 1   호,2017-07-04 13:08:29
3160000,1986316007107500015,1986-11-01,,영업/정상,,,,,10705,,08225,고척산업용품상가,그 밖의 대규모점포,I,2025-12-15 16:15:28,"서울특별시 구로구 중앙로3길 50 (고척동, 고척산업용품종합상가)",정상영업,1,01,0226811133,대규모점포,187619.596959162    ,444186.923109714    ,서울특별시 구로구 고척동 103번지 4호,2019-04-02 20:36:54
3160000,1989316007107500020,1989-03-20,,영업/정상,,,,,,,,사모아종합상가,그 밖의 대규모점포,I,2025-12-15 16:15:28,서울특별시 구로구 구일로10길 93 (구로동),정상영업,1,01,028613891,,189052.101789082    ,443748.279289935    ,서울특별시 구로구 구로동 685번지 140호   ,2007-07-07 09:54:17
3160000,1993316007107500001,1993-08-30,,휴업,,,,,24362,,,애경백화점,백화점,I,2025-12-15 16:15:28,서울특별시 구로구 구로중앙로 152 (구로동),휴업처리,2,02,028181000,,,,서울특별시 구로구 구로동 573호   ,2007-07-07 09:54:17
3160000,1993316007107500003,1993-05-27,,영업/정상,,,,,,,,개봉프라자,그 밖의 대규모점포,I,2025-12-15 16:15:28,,정상영업,1,01,0226198068,,,,서울특별시 구로구 고척동 269번지 1   호   ,2007-07-07 09:54:17
3160000,1993316007107500015,1993-01-07,,휴업,,,,,,,,동국종합상가,그 밖의 대규모점포,I,2025-12-15 16:15:28,서울특별시 구로구 중앙로3길 49 (고척동),휴업처리,2,02,026177914,,187718.801171032    ,444056.996752313    ,서울특별시 구로구 고척동 83번지 6호   ,2007-07-07 09:54:17
3160000,1994316007107500024,1994-03-30,,영업/정상,,,,,,,,라이프공구종합상가,그 밖의 대규모점포,I,2025-12-15 16:15:28,,정상영업,1,01,026346460,,,,서울특별시 구로구 구로동 614번지 33  호   ,2007-07-07 09:54:17
3160000,1996316007107500001,1996-06-27,,영업/정상,,,,,,,,서울구로기계공구상가,그 밖의 대규모점포,I,2025-12-15 16:15:28,,정상영업,1,01,0226330081,,,,서울특별시 구로구 구로동 604번지 1   호   ,2007-07-07 09:54:17
3160000,1998316007107500001,1998-01-14,,영업/정상,,,,,,,,공구상가일번지,그 밖의 대규모점포,I,2025-12-15 16:15:28,,정상영업,1,01,0226310460,,,,서울특별시 구로구 구로동 636번지 62  호   ,2007-07-07 09:54:17
3160000,1998316007107500002,1998-05-12,,휴업,,,,,,,,중앙유통단지,그 밖의 대규모점포,I,2025-12-15 16:15:28,서울특별시 구로구 경인로53길 15 (구로동),휴업처리,2,02,0226252631,,,,서울특별시 구로구 구로동 1258호   ,2007-07-07 09:54:17
3160000,1998316007107500003,1998-11-26,,영업/정상,,,,,0,,,일이삼전자타운,그 밖의 대규모점포,I,2025-12-15 16:15:28,"서울특별시 구로구 경인로 393-7 (고척동, 123전자타운)",정상영업,1,01,0226171237,대규모점포,187826.698183821    ,443925.52468616     ,서울특별시 구로구 고척동 73번지 3   호,2014-01-13 15:35:45
3160000,1999316007107500001,1999-07-27,,영업/정상,,,,,7671,,,이마트구로점,대형마트,I,2025-12-15 16:15:28,,,BBBB,01,,,,,서울특별시 구로구 구로동 188번지 26  호   ,2007-07-07 09:54:17
3160000,2005316009307500001,2005-03-31,,휴업,,,,,8555,,,(주)신세계이마트구로점,대형마트,I,2025-12-15 16:15:28,서울특별시 구로구 디지털로32길 43 (구로동),휴업처리,2,02,,,190901.977946718    ,442466.813410528    ,서울특별시 구로구 구로동 188번지 26호   ,2007-07-07 09:54:17
3160000,2005316009307500002,2005-03-31,,휴업,,,,,8555,,,(주)신세계이마트구로점,대형마트,I,2025-12-15 16:15:28,서울특별시 구로구 디지털로32길 43 (구로동),휴업처리,2,02,,,190901.977946718    ,442466.813410528    ,서울특별시 구로구 구로동 188번지 26호   ,2007-07-07 09:54:17
3160000,2007316011707500005,2007-11-19,,폐업,2012-05-02,,,,3352,152-050,,롯데쇼핑(주) TRU구로점,전문점,I,2025-12-15 16:15:28,"서울특별시 구로구 경인로 482 (구로동,롯데마트 지하1층)",폐업처리,3,03,0226392500,대규모점포,188669.484398215    ,444010.738380277    ,서울특별시 구로구 구로동 636번지 89호 롯데마트 지하1층,2012-05-02 15:16:00
3170000,2004317008307500001,2004-10-02,,영업/정상,,,,,15648.38,,,시티렉스,쇼핑센터,I,2025-12-15 16:15:28,서울특별시 금천구 시흥대로 399 (독산동),정상영업,1,01,028097530,대규모점포,190858.649482406    ,440808.541334678    ,서울특별시 금천구 독산동 291번지 5호,2014-10-01 10:27:28
3170000,2003317008307500003,2003-10-17,,영업/정상,,,,,26776.55,,,삼성테스코(주)홈플러스 금천점,대형마트,I,2025-12-15 16:15:28,서울특별시 금천구 시흥대로 391 (독산동),,BBBB,01,0234598000,,190809.507840375    ,440728.382273075    ,서울특별시 금천구 독산동 291번지 7호   ,2007-07-07 11:59:15
3170000,2007317010507500002,2007-05-01,,휴업,,,,,10298,,,현대시장,그 밖의 대규모점포,I,2025-12-15 16:15:28,"서울특별시 금천구 시흥대로62길 18 (시흥동,외 87필지)",휴업처리,2,02,028555645,,,,서울특별시 금천구 시흥동 879호 외 87필지  ,2007-07-07 11:59:15
3170000,1980317006707500013,1980-09-13,,폐업,2017-06-30,,,,2258.01,,,박미종합시장,그 밖의 대규모점포,I,2025-12-15 16:15:28,서울특별시 금천구 시흥대로18길 16 (시흥동),폐업처리,3,03,0222430190,대규모점포,,,서울특별시 금천구 시흥동 956호,2021-06-09 10:15:22
3170000,2002317006707500003,2002-10-24,,폐업,2012-11-23,,,,8642.24,,,플라자 카멜리아,그 밖의 대규모점포,I,2025-12-15 16:15:28,서울특별시 금천구 금하로 705 (시흥동),폐업처리,3,03,028905015,대규모점포,191823.026849977    ,438834.378061101    ,서울특별시 금천구 시흥동 831번지 6호,2012-11-26 16:39:00
3170000,2007317010507500001,2007-02-08,,폐업,2023-07-01,,,,21378,,,(주)원신더블유몰,쇼핑센터,I,2025-12-15 16:15:28,서울특별시 금천구 디지털로 188 (가산동),폐업처리,3,03,0220810114,대규모점포,189997.455663258    ,441687.841171831    ,서울특별시 금천구 가산동 60번지 27호,2023-07-05 18:01:07
3170000,2011317014207500001,2011-09-28,,폐업,2021-02-16,,,,175.6,153-011,,롯데쇼핑(주)롯데슈퍼독산점,구분없음,I,2025-12-15 16:15:28,서울특별시 금천구 시흥대로 473 (독산동),폐업처리,3,03,22925853,준대규모점포,190901.481378795    ,441536.391463324    ,서울특별시 금천구 독산1동 145번지 8호,2021-02-18 13:43:13
3170000,2012317014207500001,2012-04-10,,폐업,2015-01-21,,,,244.9,,,홈플러스(주)익스프레스 독산점,구분없음,I,2025-12-15 16:15:28,서울특별시 금천구 독산로 210 (독산동),폐업처리,3,03,,준대규모점포,,,,2015-01-29 07:40:44
3170000,2012317014207500003,2012-05-07,,폐업,2016-12-26,,,,699.7,153-859,,롯데쇼핑(주)롯데슈퍼 시흥점,구분없음,I,2025-12-15 16:15:28,서울특별시  금하로 720,폐업처리,3,03,,준대규모점포,191917.450107657    ,438699.77460936     ,서울특별시 금천구 시흥5동 912번지 20호,2016-12-29 17:48:42
3170000,2015317017407500001,2015-12-29,,폐업,2025-09-30,,,,8815.59,153-801,,롯데쇼핑(주) 아울렛 가산점,쇼핑센터,I,2025-12-15 16:15:28,서울특별시 금천구 벚꽃로 278 (가산동),폐업처리,3,03,0233973000,대규모점포,189722.178532426    ,441920.972770099    ,서울특별시 금천구 가산동 60번지 19호,2025-10-21 16:05:35
3170000,2007317010507500003,2007-07-19,,영업/정상,,,,,4079.41,153-010,,푸른터시장,그 밖의 대규모점포,I,2025-12-15 16:15:28,서울특별시 금천구 남부순환로120길 23 (독산동),정상영업,1,01,,,,,서울특별시 금천구 독산동 957번지,2007-07-19 16:43:26
3170000,2008317010507500001,2017-04-07,,영업/정상,,,,,98983,,08639,시흥산업용재유통센터,그 밖의 대규모점포,I,2025-12-15 16:15:28,"서울특별시 금천구 시흥대로 97 (시흥동, 시흥유통상가)",정상영업,1,01,028081522,대규모점포,,,서울특별시 금천구 시흥동 984번지,2024-04-18 09:03:39
3170000,2008317010507500002,2008-10-24,,영업/정상,,,,,14972,153-031,,홈플러스 시흥점,대형마트,I,2025-12-15 16:15:28,서울특별시 금천구 시흥대로 201 (시흥동),정상영업,1,01,,대규모점포,191152.432649234    ,438865.160717275    ,서울특별시 금천구 시흥동 992번지 47호,2024-03-04 14:03:33
3170000,2012317014207500002,2012-04-10,,영업/정상,,,,,243.5,,,홈플러스(주)익스프레스 가산점,구분없음,I,2025-12-15 16:15:28,서울특별시 금천구 가산로 106 (가산동),정상영업,1,01,,준대규모점포,,,,2024-03-22 14:57:58
3170000,2012317014207500004,2012-09-13,,영업/정상,,,,,32887.19,153-801,,마리오아울렛 3관,쇼핑센터,I,2025-12-15 16:15:28,서울특별시 금천구 벚꽃로 266 (가산동),정상영업,1,01,0221097013,대규모점포,189759.713050655    ,441814.115920983    ,서울특별시 금천구 가산동 60번지 20호,2023-02-28 21:05:56
3170000,2013317014207500001,2013-03-19,,영업/정상,,,,,25015.45,153-023,,현대아울렛,쇼핑센터,I,2025-12-15 16:15:28,서울특별시 금천구 디지털로10길 9 (가산동),정상영업,1,01,0221362233,대규모점포,190119.463375612    ,441716.684586176    ,서울특별시 금천구 가산동 60번지 8호,2023-05-01 14:20:32
3170000,2013317014207500002,2013-09-06,,영업/정상,,,,,24253.99,153-023,,마리오아울렛 1관,쇼핑센터,I,2025-12-15 16:15:28,서울특별시 금천구 디지털로 185 (가산동),정상영업,1,01,0221097000,대규모점포,189943.234285288    ,441784.247518723    ,서울특별시 금천구 가산동 60번지 22호,2023-02-28 20:56:47
3170000,2017317017407500001,2017-12-05,,영업/정상,,,,,11464,,08608,롯데캐슬 골드파크 2차 마르쉐도르,그 밖의 대규모점포,I,2025-12-15 16:15:28,"서울특별시 금천구 벚꽃로 30 (독산동, 금천롯데캐슬골드파크2차)",정상영업,1,01,028028835,대규모점포,,,서울특별시 금천구 독산동 1150번지 금천롯데캐슬골드파크2차,2021-12-22 17:11:19
3170000,2018317019007500001,2018-04-30,,영업/정상,,,,,31618,,08608,롯데쇼핑(주) 롯데마트 금천점,쇼핑센터,I,2026-01-23 22:18:10,"서울특별시 금천구 시흥대로 291(독산동, 금천롯데캐슬골드파크3차)",정상영업,1,01,0221458000,대규모점포,,,서울특별시 금천구 독산동 1155 금천롯데캐슬골드파크3차,2026-01-22 14:15:05
3170000,2019317019007500001,2019-04-10,,영업/정상,,,,,4288,,08608,롯데캐슬 골드파크 4차 마르쉐도르 960,그 밖의 대규모점포,I,2025-12-15 16:15:28,"서울특별시 금천구 시흥대로 315, 금천롯데캐슬골드파크4차 (독산동)",정상영업,1,01,028099957,대규모점포,,,서울특별시 금천구 독산동 1156번지 금천롯데캐슬골드파크4차,2021-12-22 17:07:46
3170000,2023317025707500001,2023-12-29,,영업/정상,,,,,18020,,08513,가산퍼블릭 상업시설,그 밖의 대규모점포,I,2025-12-15 16:15:28,서울특별시 금천구 디지털로 178 (가산동),정상영업,1,01,024220310,대규모점포,189930.50790426     ,441616.460710064    ,서울특별시 금천구 가산동 60-26,2025-01-09 10:55:08
3170000,2024317025707500001,2024-04-29,,영업/정상,,,,,0,,08632,홈플러스 주식회사,대형마트,I,2025-12-15 16:15:28,"서울특별시 금천구 시흥대로 201, 홈플러스테스테스코(주)시흥점 (시흥동)",정상영업,1,01,028908122,대규모점포,191152.432649234    ,438865.160717275    ,서울특별시 금천구 시흥동 992-47 홈플러스테스테스코(주)시흥점,2024-04-29 15:44:46
3170000,1973317006707500006,1973-09-12,,영업/정상,,,,,2063,,,시흥중앙시장,그 밖의 대규모점포,I,2025-12-15 16:15:28,서울특별시 금천구 금하로 705 (시흥동),,BBBB,01,028035052,,191823.026849977    ,438834.378061101    ,서울특별시 금천구 시흥동 831번지 6호   ,2007-07-07 11:59:15
3170000,1977317006707500009,1977-12-10,,영업/정상,,,,,,,,대명합동시장,그 밖의 대규모점포,I,2025-12-15 16:15:28,서울특별시 금천구 시흥대로52길 70 (시흥동),정상영업,1,01,028034878,,,,서울특별시 금천구 시흥동 884번지 5호   ,2007-07-07 11:59:15
3170000,1982317006707500014,1982-01-14,,영업/정상,,,,,,,,럭키남서울상가,그 밖의 대규모점포,I,2025-12-15 16:15:28,서울특별시 금천구 시흥대로47길 43 (시흥동),정상영업,1,01,028060123,,191026.637157812    ,438701.205634976    ,서울특별시 금천구 시흥동 1002번지 1호   ,2007-07-07 11:59:15
3170000,1987317006707500016,1987-03-31,,영업/정상,,,,,0,,,시흥중앙철재상가,그 밖의 대규모점포,I,2025-12-15 16:15:28,서울특별시 금천구 시흥대로 46 (시흥동),정상영업,1,01,028057180,대규모점포,,,서울특별시 금천구 시흥동 966호,2014-12-01 16:05:50
3170000,1987317006707500017,1987-06-26,,영업/정상,,,,,,,,시흥산업용재유통센타,그 밖의 대규모점포,I,2025-12-15 16:15:28,서울특별시 금천구 시흥대로 109 (시흥동),정상영업,1,01,028081522,,191384.606290141    ,437986.940834791    ,서울특별시 금천구 시흥동 984번지 6호   ,2007-07-07 11:59:15
3170000,1993317006707500023,1994-03-14,,영업/정상,,,,,,,,유창상가,그 밖의 대규모점포,I,2025-12-15 16:15:28,서울특별시 금천구 범안로 1209 (독산동),정상영업,1,01,028934527,,190771.595589599    ,440515.66903538     ,서울특별시 금천구 독산동 293번지 5호   ,2007-07-07 11:59:15
3170000,2002317006707500001,2002-06-18,,영업/정상,,2012-01-30,2012-06-24,2012-06-25,12561,,08524,롯데쇼핑(주) 롯데마트맥스 금천점,복합쇼핑몰,I,2026-01-22 22:18:10,"서울특별시 금천구 두산로 71, 롯데마트 맥스 금천점 (독산동)",정상영업,1,01,028092500,대규모점포,190704.904312713    ,440940.384414334    ,서울특별시 금천구 독산동 295-10 롯데마트 맥스 금천점,2026-01-21 13:39:09
3170000,2002317006707500002,2002-06-18,,휴업,,,,,14972.02,,,(주)이랜드리테일 홈에버 시흥점,대형마트,I,2025-12-15 16:15:28,"서울특별시 금천구 시흥대로 201 (시흥동,외 1)",휴업처리,2,02,0230161500,,191152.432649234    ,438865.160717275    ,서울특별시 금천구 시흥동 992번지 47호 외 1  ,2007-07-07 11:59:15
3170000,2003317008307500001,2003-10-02,,영업/정상,,,,,29885.04,,08584,홈플러스(주) 금천점,대형마트,I,2025-12-15 16:15:28,"서울특별시 금천구 시흥대로 391, 홈플러스 금천점 (독산동)",정상영업,1,01,028908125,대규모점포,190809.507840375    ,440728.382273075    ,서울특별시 금천구 독산동 291-7 홈플러스 금천점,2024-03-04 13:53:48
3170000,2003317008307500002,2003-10-02,,영업/정상,,,,,26776,,,삼성테스코(주)홈플러스 금천점,대형마트,I,2025-12-15 16:15:28,서울특별시 금천구 시흥대로 391 (독산동),,BBBB,01,0234598000,,190809.507840375    ,440728.382273075    ,서울특별시 금천구 독산동 291번지 7호   ,2007-07-07 11:59:15
3170000,2005317009407500001,2005-08-26,,휴업,,,,,3745.05,,,남문시장,그 밖의 대규모점포,I,2025-12-15 16:15:28,"서울특별시 금천구 시흥대로142길 24 (독산동,외 27)",휴업처리,2,02,028689727,,191127.423978879    ,441203.919968343    ,서울특별시 금천구 독산동 988번지 7호 외 27  ,2007-07-07 11:59:15
3180000,2001318007607500031,2001-09-25,,영업/정상,,,,,12066.16,,,롯데쇼핑(주) 롯데마트맥스 영등포점,구분없음,I,2026-01-21 22:18:10,서울특별시 영등포구 영중로 125 (영등포동8가),정상영업,1,01,0221652521,대규모점포,191503.386111551    ,447289.548355449    ,서울특별시 영등포구 영등포동8가 62번지 1호,2026-01-20 11:30:54
3180000,2001318007607500030,2001-06-20,,영업/정상,,2019-07-01,2020-06-30,,4447.16,,,이랜드리테일 당산점,그 밖의 대규모점포,I,2026-01-21 22:18:10,서울특별시 영등포구 양평로 47 (당산동5가),정상영업,1,01,0226300220,대규모점포,191177.584475692    ,447965.645513185    ,서울특별시 영등포구 당산동5가 16번지 7호,2026-01-20 11:33:21
3180000,2003318007607500001,2003-03-31,,영업/정상,,,,,10000.33,,,로데오 왁,전문점,I,2025-12-15 16:15:28,서울특별시 영등포구 당산로 34 (문래동3가),정상영업,1,01,0226352040,대규모점포,,,서울특별시 영등포구 문래동3가 55호,2014-11-26 17:55:53
3180000,2005318007607500001,2005-09-29,,취소/말소/만료/정지/중지,,,,,0,,,에쉐르아이시네마쇼핑몰,쇼핑센터,I,2025-12-15 16:15:28,,직권취소,4,04,0226337338,,,,서울특별시 영등포구 당산동 9번지 13호,2009-10-23 17:32:43
3180000,2005318007607500003,2005-11-11,,영업/정상,,,,,8724.73,,,코스트코 홀세일,대형마트,I,2025-12-15 16:15:28,서울특별시 영등포구 선유로 156 (양평동3가),정상영업,1,01,0226302651,대규모점포,,,서울특별시 영등포구 양평동3가 65호,2017-07-07 10:36:41
3180000,2005318007607500004,2005-12-01,2020-03-31,취소/말소/만료/정지/중지,,,,,5983.25,,,영등포 점프밀라노,쇼핑센터,I,2025-12-15 16:15:28,서울특별시 영등포구 영중로 28 (영등포동3가),직권취소,4,04,21666800,대규모점포,,,서울특별시 영등포구 영등포동3가 7호,2020-08-11 14:48:41
3180000,2007318011707500001,2007-03-22,,영업/정상,,,,,6567,,07250,영신상가,그 밖의 대규모점포,I,2025-12-15 16:15:28,서울특별시 영등포구 영등포로 225 (영등포동5가),정상영업,1,01,0226340602,대규모점포,191691.167905721    ,446411.007064006    ,서울특별시 영등포구 영등포동5가 18번지 1호,2019-08-20 08:55:48
3180000,2008318011707500001,2008-04-24,,영업/정상,,,,,9563.3,,07297,룩스쇼핑센터,전문점,I,2025-12-15 16:15:28,"서울특별시 영등포구 문래로 164, 영등포 SK 리더스뷰 (문래동3가)",정상영업,1,01,0226347654,대규모점포,191087.758954321    ,446157.437289242    ,서울특별시 영등포구 문래동3가 55-16 영등포 SK 리더스뷰,2020-09-07 17:34:45
3180000,2008318011707500002,2008-05-07,,영업/정상,,,,,3536.87,150-010,,신세계 이마트 여의도점,대형마트,I,2025-12-15 16:15:28,"서울특별시 영등포구 여의동로3길 10 (여의도동,여의도자이(아) 지하 1층)",정상영업,1,01,,,,,서울특별시 영등포구 여의도동 47번지 여의도자이(아) 지하 1층,2010-04-14 15:20:28
3180000,2008318011707500003,1994-08-26,,영업/정상,,2008-05-29,2009-08-29,,94319.57,150-798,,타임스퀘어,쇼핑센터,I,2025-12-15 16:15:28,서울특별시 영등포구 영중로 15 (영등포동4가),정상영업,1,01,26382000,대규모점포,,,서울특별시 영등포구 영등포동4가 441번지 10호 타임스퀘어,2014-12-11 18:01:54
3180000,2009318011707500002,1982-12-15,,영업/정상,,,,2009-08-21,11893.83,150-985,,(주)신세계 타임스퀘어점,백화점,I,2025-12-15 16:15:28,"서울특별시 영등포구 영중로 9 (영등포동4가, 신세계백화점)",정상영업,1,01,0226391041,대규모점포,191581.500265536    ,446108.807192753    ,서울특별시 영등포구 영등포동4가 434번지 5호 신세계백화점,2024-04-24 16:07:18
3180000,2009318011707500003,1982-04-22,,영업/정상,,,,,8388.65,150-820,,썬프라자,쇼핑센터,I,2026-01-17 22:18:10,서울특별시 영등포구 신길로 41 (대림동),정상영업,1,01,,대규모점포,191800.728214995    ,443809.773854649    ,서울특별시 영등포구 대림1동 909번지 2호,2026-01-16 13:19:18
3180000,2011318016307500001,2011-05-23,,영업/정상,,,,,3536.87,,,(주)이마트 여의도점,대형마트,I,2025-12-15 16:15:28,서울특별시 영등포구 여의동로3길 10 (여의도동),정상영업,1,01,0222801234,대규모점포,,,,2024-04-19 17:32:27
3180000,2011318016307500002,2011-06-30,,영업/정상,,,,,240.5,150-833,,홈플러스(주) 익스프레스 도림점,구분없음,I,2025-12-15 16:15:28,서울특별시 영등포구 도신로 75 (도림동),정상영업,1,01,028338535,준대규모점포,191157.139334361    ,444953.005202762    ,서울특별시 영등포구 도림동 251번지 5호,2024-04-15 13:16:07
3180000,2011318016307500003,2011-10-02,,영업/정상,,,,,396.3,150-847,,홈플러스(주) 익스프레스 신길3점,구분없음,I,2025-12-15 16:15:28,서울특별시 영등포구 가마산로69가길 12 (신길동),정상영업,1,01,028328546,준대규모점포,191936.254364904    ,444885.168731883    ,서울특별시 영등포구 신길3동 259번지 4호,2024-04-04 17:25:44
3180000,2011318016307500005,2011-10-02,,영업/정상,,,,,248.2,150-050,,홈플러스(주) 익스프레스 신길2점,구분없음,I,2025-12-15 16:15:28,서울특별시 영등포구 영등포로 364 (신길동),정상영업,1,01,,준대규모점포,192712.769279545    ,445770.103022217    ,서울특별시 영등포구 신길동 101번지 7호,2024-04-11 18:09:12
3180000,2011318016307500007,2011-11-22,,영업/정상,,,,,1398.36,150-816,,롯데슈퍼 대림점,구분없음,I,2026-02-14 22:18:10,서울특별시 영등포구 대림로 251 (대림동),정상영업,1,01,028314400,준대규모점포,,,서울특별시 영등포구 대림3동 784번지,2026-02-13 09:40:30
3180000,2012318016307500001,2012-03-26,,영업/정상,,,,,390.2,,,홈플러스(주) 익스프레스 신길점,구분없음,I,2025-12-15 16:15:28,서울특별시 영등포구 여의대방로 65 (신길동),정상영업,1,01,028468545,준대규모점포,,,,2024-04-04 13:30:29
3180000,2012318016307500002,2012-06-13,,영업/정상,,,,,37286,150-876,,아이에프씨몰(IFC Mall),복합쇼핑몰,I,2025-12-15 16:15:28,서울특별시 영등포구 국제금융로 10 (여의도동),정상영업,1,01,0263335700,대규모점포,,,서울특별시 영등포구 여의도동 23번지,2025-11-28 10:41:14
3180000,2013318016307500001,2013-09-02,,영업/정상,,,,,3003.29,,07413,두암상가,그 밖의 대규모점포,I,2025-12-15 16:15:28,"서울특별시 영등포구 대림로29길 13 (대림동, 대림동 쌍용 플래티넘-S)",정상영업,1,01,0226092002,대규모점포,,,서울특별시 영등포구 대림동 717 대림동 쌍용 플래티넘-S,2020-09-07 11:17:23
3180000,2017318016307500001,2017-04-25,,영업/정상,,,,,18016.52,,,롯데쇼핑(주) 롯데마트 양평점,대형마트,I,2025-12-15 16:15:28,서울특별시 영등포구 선유로 138 (양평동3가),정상영업,1,01,21458178,대규모점포,,,,2025-05-14 10:34:15
3180000,2020318023907500001,2020-01-02,,영업/정상,,,,,84573.34,,07335,THE HYUNDAI SEOUL,백화점,I,2025-12-15 16:15:28,서울특별시 영등포구 여의대로 108 (여의도동),정상영업,1,01,0232770021,대규모점포,,,서울특별시 영등포구 여의도동 22번지,2024-06-25 11:11:10
3180000,2020318023907500002,2020-10-12,,영업/정상,,,,,3613.32,,07273,영등포 중흥 에스클래스,그 밖의 대규모점포,I,2025-12-15 16:15:28,"서울특별시 영등포구 선유서로24길 6 (양평동1가, 영등포 중흥 S-CLASS)",정상영업,1,01,0220388575,대규모점포,,,서울특별시 영등포구 양평동1가 247 영등포 중흥 S-CLASS,2021-04-07 10:37:13
3180000,2021318023907500001,2021-12-28,,영업/정상,,,,,561.4,,07362,GS THE FRESH 신길사러가점,구분없음,I,2025-12-15 16:15:28,"서울특별시 영등포구 신길로 162, 1층 일부 (신길동)",정상영업,1,01,0220062676,준대규모점포,192108.925858666    ,444944.153786024    ,서울특별시 영등포구 신길동 4902-6,2025-07-30 15:03:26
3180000,2022318023907500001,2022-12-14,,영업/정상,,,,,5824.25,,07264,포레나당산동역세권청년주택 상업시설,그 밖의 대규모점포,I,2025-12-15 16:15:28,"서울특별시 영등포구 당산로 83 (당산동2가, 한화포레나당산)",정상영업,1,01,025850580,대규모점포,,,서울특별시 영등포구 당산동2가 165 한화포레나당산,2024-01-08 09:44:36
3180000,2023318025507500001,2023-05-25,,영업/정상,,,,,203.2,,07280,GS THE FRESH 문래점,구분없음,I,2025-12-15 16:15:28,"서울특별시 영등포구 문래북로 8, 1층 101~106호 (문래동6가)",정상영업,1,01,0220062676,준대규모점포,,,서울특별시 영등포구 문래동6가 33,2025-05-07 10:04:32
3180000,2023318025507500002,2023-09-05,,영업/정상,,,,,1075.83,,07264,(주)이마트에브리데이 영등포구청점,구분없음,I,2025-12-15 16:15:28,"서울특별시 영등포구 당산로 83, 지하 102~103호 (당산동2가, 한화포레나당산)",정상영업,1,01,023805042,준대규모점포,,,서울특별시 영등포구 당산동2가 165 한화포레나당산,2024-08-27 16:48:04
3180000,2024318025507500001,2024-10-16,,영업/정상,,,,,958.6,,07430,(주)이마트에브리데이 신풍역점,구분없음,I,2025-12-15 16:15:28,"서울특별시 영등포구 신풍로 28, B137호 (신길동, 비스타동원)",정상영업,1,01,023805042,준대규모점포,,,서울특별시 영등포구 신길동 3608 비스타동원,2024-10-16 17:00:04
3180000,2025318027007500001,2025-05-28,,영업/정상,,,,,3034.02,,07262,양남시장정비사업,그 밖의 대규모점포,I,2025-12-15 16:15:28,서울특별시 영등포구 선유동1로 9-7 (양평동1가),정상영업,1,01,0220692058,대규모점포,,,서울특별시 영등포구 양평동1가 30,2025-10-16 10:06:52
3180000,2025318027007500002,2025-09-22,,영업/정상,,,,,227.53,,07259,GS THE FRESH 영등포구청역점,구분없음,I,2025-12-15 16:15:28,"서울특별시 영등포구 양산로23길 16, 당산 임대주택 106~108호 (당산동3가)",정상영업,1,01,0220062364,준대규모점포,,,서울특별시 영등포구 당산동3가 76 당산 임대주택,2025-10-31 09:43:13
3180000,1982318011707500001,1982-10-20,,폐업,2009-08-25,,,,5380,150-043,,코레일유통주식회사,그 밖의 대규모점포,I,2025-12-15 16:15:28,,폐업처리,3,03,0226308800,,191272.12099068     ,447064.885774633    ,서울특별시 영등포구 당산동3가 2번지 7호,2009-10-15 14:50:41
3180000,2001318007607500017,1968-02-20,,폐업,2025-05-27,,,,0,,,양남시장,그 밖의 대규모점포,I,2025-12-15 16:15:28,서울특별시 영등포구 선유동1로 5 (양평동1가),폐업처리,3,03,026778490,,,,서울특별시 영등포구 양평동1가 30호,2025-05-27 17:40:53
3180000,2001318007607500018,1965-06-21,,폐업,2019-03-04,,,,3972,,07387,(주)사러가,그 밖의 대규모점포,I,2025-12-15 16:15:28,서울특별시 영등포구 신길로 155 (신길동),폐업처리,3,03,028348900,대규모점포,192041.032768335    ,444884.804266378    ,서울특별시 영등포구 신길동 254번지 1호,2019-03-05 14:04:27
3180000,2001318007607500019,1967-12-26,,폐업,2019-03-04,,,,2342,,07387,(주)신영사러가,그 밖의 대규모점포,I,2025-12-15 16:15:28,"서울특별시 영등포구 가마산로69가길 17, 1층 (신길동)",폐업처리,3,03,028348900,대규모점포,191994.505086626    ,444933.158731651    ,서울특별시 영등포구 신길동 255번지 9   호,2019-03-05 14:03:25
3180000,2001318007607500025,1989-02-02,,폐업,2020-09-24,,,,0,,,영등포기계상가,그 밖의 대규모점포,I,2025-12-15 16:15:28,서울특별시 영등포구 영등포로 39 (양평동1가),폐업처리,3,03,026767269,,,,서울특별시 영등포구 양평동1가 247호,2020-09-24 08:52:46
3180000,2011318016307500004,2011-10-02,,폐업,2014-05-08,,,,245.5,150-102,,홈플러스(주) 익스프레스 양평점,대형마트,I,2025-12-15 16:15:28,서울특별시 영등포구 영등포로 33 (양평동2가),폐업처리,3,03,36678546,준대규모점포,189785.752470051    ,446796.882113561    ,서울특별시 영등포구 양평동2가 29번지 23호,2014-05-09 11:40:06
3180000,1991318011707500001,1991-05-01,,영업/정상,,,,,53086.27,,07306,롯데백화점 영등포점,백화점,I,2025-12-15 16:15:28,서울특별시 영등포구 경인로 846 (영등포동),정상영업,1,01,0226708832,대규모점포,191741.345847708    ,445970.307641467    ,서울특별시 영등포구 영등포동 618-496,2024-04-22 14:45:43
3180000,2001318007607500001,1985-07-27,,휴업,,,,,,,,63씨티,그 밖의 대규모점포,I,2025-12-15 16:15:28,서울특별시 영등포구 63로 50 (여의도동),휴업처리,2,02,027896052,,,,서울특별시 영등포구 여의도동 60호   ,2007-07-07 12:24:36
3180000,2001318007607500002,1994-10-07,,영업/정상,,,,,,,,코스트코홀세일,그 밖의 대규모점포,I,2025-12-15 16:15:28,서울특별시 영등포구 선유로 156 (양평동3가),정상영업,1,01,0226302653,,,,서울특별시 영등포구 양평동3가 65호   ,2007-07-07 12:24:36
3180000,2001318007607500003,1997-09-16,,영업/정상,,,,,,,,영등포지하상가,그 밖의 대규모점포,I,2025-12-15 16:15:28,,정상영업,1,01,0226338050,,,,서울특별시 영등포구 영등포동5가 20호   ,2007-07-07 12:24:36
3180000,2001318007607500004,1980-04-09,,영업/정상,,,,,,,,영등포역앞지하상가,그 밖의 대규모점포,I,2025-12-15 16:15:28,,정상영업,1,01,026788817,,,,서울특별시 영등포구 영등포동5가 20호   ,2007-07-07 12:24:36
3180000,2001318007607500005,1983-09-09,,영업/정상,,,,,,,,영등포로타리지하상가,그 밖의 대규모점포,I,2025-12-15 16:15:28,,정상영업,1,01,026788586,,,,서울특별시 영등포구 영등포동5가 20호   ,2007-07-07 12:24:36
3180000,2001318007607500006,1987-11-27,,영업/정상,,,,,,,,삼구시장,그 밖의 대규모점포,I,2025-12-15 16:15:28,,정상영업,1,01,0226340536,,,,서울특별시 영등포구 영등포동5가 20호   ,2007-07-07 12:24:36
3180000,2001318007607500007,1971-08-09,,영업/정상,,,,,,,,동남시장,그 밖의 대규모점포,I,2025-12-15 16:15:28,서울특별시 영등포구 영등포로37길 4 (영등포동5가),정상영업,1,01,0226354846,,,,서울특별시 영등포구 영등포동5가 24호   ,2007-07-07 12:24:36
3180000,2001318007607500009,1974-05-15,,영업/정상,,,,,,,,영일시장,그 밖의 대규모점포,I,2025-12-15 16:15:28,,정상영업,1,01,0226339047,,,,서울특별시 영등포구 문래동3가 16호   ,2007-07-07 12:24:36
3180000,2001318007607500010,1975-06-09,,영업/정상,,,,,,,,한화스토아여의점,그 밖의 대규모점포,I,2025-12-15 16:15:28,,정상영업,1,01,027824581,,,,서울특별시 영등포구 여의도동 42번지 1   호   ,2007-07-07 12:24:36
3180000,2011318016307500006,2011-11-22,,폐업,2020-10-14,,,,2796.71,150-071,,롯데슈퍼 썬프라자점,구분없음,I,2025-12-15 16:15:28,서울특별시 영등포구 신길로 41 (대림동),폐업처리,3,03,028345577,준대규모점포,191800.728214995    ,443809.773854649    ,서울특별시 영등포구 대림1동 909번지 2호,2020-10-14 16:35:04
3180000,2018318016307500001,2018-06-14,,폐업,2020-03-20,,,,3520.04,,07392,메트하임,그 밖의 대규모점포,I,2025-12-15 16:15:28,"서울특별시 영등포구 신풍로 93, 메트하임 (신길동)",폐업처리,3,03,,대규모점포,,,서울특별시 영등포구 신길동 2363번지 메트하임,2020-03-20 09:44:30
3180000,2001318007607500012,1987-04-23,,휴업,,,,,,,,(주)LG,그 밖의 대규모점포,I,2025-12-15 16:15:28,서울특별시 영등포구 여의대로 128 (여의도동),휴업처리,2,02,0237731342,,,,서울특별시 영등포구 여의도동 20호   ,2007-07-07 12:24:36
3180000,2001318007607500014,1987-11-27,,영업/정상,,,,,,,,홍익상가,그 밖의 대규모점포,I,2025-12-15 16:15:28,,정상영업,1,01,0226308800,,,,서울특별시 영등포구 당산동3가 2번지 7 호   ,2007-07-07 12:24:36
3180000,2001318007607500016,1969-12-31,,영업/정상,,,,,,,,도림시장,그 밖의 대규모점포,I,2025-12-15 16:15:28,,정상영업,1,01,028467747,,,,서울특별시 영등포구 도림동 176호   ,2007-07-07 12:24:36
3180000,2001318007607500020,1973-06-30,,영업/정상,,,,,,,,신동시장,그 밖의 대규모점포,I,2025-12-15 16:15:28,,정상영업,1,01,028321752,,,,서울특별시 영등포구 신길동 259호   ,2007-07-07 12:24:36
3180000,2001318007607500021,1965-05-28,,영업/정상,,,,,,,,대신시장,그 밖의 대규모점포,I,2025-12-15 16:15:28,서울특별시 영등포구 도신로60길 7 (신길동),정상영업,1,01,028420003,,192643.702398007    ,445431.520857116    ,서울특별시 영등포구 신길동 116번지 15호   ,2007-07-07 12:24:36
3180000,2001318007607500022,1970-05-27,,영업/정상,,,,,,,,대림시장,그 밖의 대규모점포,I,2025-12-15 16:15:28,,정상영업,1,01,028324617,,,,서울특별시 영등포구 대림동 963호   ,2007-07-07 12:24:36
3180000,2001318007607500024,1984-08-23,,영업/정상,,,,,,,,두암종합시장,그 밖의 대규모점포,I,2025-12-15 16:15:28,서울특별시 영등포구 대림로29길 13 (대림동),정상영업,1,01,028410508,,,,서울특별시 영등포구 대림동 717호   ,2007-07-07 12:24:36
3180000,2001318007607500027,1996-12-03,,영업/정상,,,,,,,,영등포농축수산물쎈타,그 밖의 대규모점포,I,2025-12-15 16:15:28,,정상영업,1,01,026791134,,,,서울특별시 영등포구 당산동1가 9번지 1   호   ,2020-03-17 10:59:47
3180000,2001318007607500029,1999-05-31,,영업/정상,,,,,41973.81,150-723,,영등포유통상가,그 밖의 대규모점포,I,2025-12-15 16:15:28,서울특별시 영등포구 영등포로 109 (당산동2가),정상영업,1,01,0226793350,대규모점포,190555.768991595    ,446698.814322782    ,서울특별시 영등포구 당산동2가 30번지 2호,2023-03-09 15:28:54
3180000,2001318007607500032,2001-12-03,,영업/정상,,,,,35687.74,150-991,,홈플러스(주) 영등포점,대형마트,I,2025-12-15 16:15:28,서울특별시 영등포구  당산로  42 (문래동3가),정상영업,1,01,0221658101,대규모점포,190729.506453391    ,446227.07504062     ,서울특별시 영등포구 문래동3가 55번지 3호,2024-03-06 16:33:10
3190000,1979319015807500001,1979-12-18,,영업/정상,,,,,6373,,07041,성대종합시장,그 밖의 대규모점포,I,2025-12-15 16:15:28,"서울특별시 동작구 상도로 102 (상도동, 성대시장)",정상영업,1,01,028235100,대규모점포,193896.384765772    ,444196.484790728    ,서울특별시 동작구 상도동 324번지 1호,2017-07-06 17:46:35
3190000,2018319015807500001,2018-08-27,,폐업,2022-01-28,,,,1395.05,156-092,,(주) GS리테일 GS수퍼 사당태평점,구분없음,I,2025-12-15 16:15:28,서울특별시 동작구 동작대로 115 (사당동),폐업처리,3,03,20062676,준대규모점포,198303.527071078    ,442742.422887932    ,서울특별시 동작구 사당동 136번지 1호,2022-02-07 08:11:26
3190000,2004319007207500001,2004-12-18,,휴업,,,,,4382.15,,,서울노량진종합시장,그 밖의 대규모점포,I,2025-12-15 16:15:28,,휴업처리,2,02,025481448,,194571.152376388    ,445790.549860682    ,서울특별시 동작구 노량진동 16번지 0001호   ,2007-07-07 15:19:10
3190000,2005319007207500001,2005-01-19,,휴업,,,,,4382.15,,,서울노량진종합시장,그 밖의 대규모점포,I,2025-12-15 16:15:28,,휴업처리,2,02,025481448,,194807.845295028    ,445901.413432497    ,서울특별시 동작구 노량진동 13번지 0008호   ,2007-07-07 15:19:10
3190000,2009319009907500001,1993-11-30,,영업/정상,,,,,0,156-020,,대림쇼핑타운,시장,I,2025-12-15 16:15:28,,정상영업,1,01,,,,,서울특별시 동작구 대방동 501번지,2009-04-27 16:30:36
3190000,2011319012807500001,2011-07-13,,영업/정상,,,,,5051.61,156-070,,해가든프라자,그 밖의 대규모점포,I,2025-12-15 16:15:28,서울특별시 동작구 서달로 150 (흑석동),정상영업,1,01,,대규모점포,,,서울특별시 동작구 흑석동 332번지,2025-11-17 19:47:43
3190000,2011319012807500003,2011-08-26,,영업/정상,,,,,978.3,156-819,,홈플러스(주) 익스프레스 남성점,복합쇼핑몰,I,2025-12-15 16:15:28,서울특별시 동작구 사당로 215 (사당동),정상영업,1,01,34818542,준대규모점포,197507.834447319    ,442470.92961062     ,서울특별시 동작구 사당3동 252번지 22호,2024-03-20 14:18:08
3190000,2011319012807500005,2011-10-04,,영업/정상,,,,,331.34,156-020,,(주)이마트에브리데이 대방동점,복합쇼핑몰,I,2025-12-15 16:15:28,서울특별시 동작구 상도로 81 (대방동),정상영업,1,01,028413561,준대규모점포,193699.189949205    ,444190.844599349    ,서울특별시 동작구 대방동 335번지 17호,2024-07-31 11:28:40
3190000,2011319012807500006,2011-10-04,,영업/정상,,,,,2355,,07013,(주)이마트에브리데이 이수점,복합쇼핑몰,I,2025-12-15 16:15:28,"서울특별시 동작구 사당로 300 (사당동, 이수자이)",정상영업,1,01,023805042,준대규모점포,198202.472533419    ,442471.241038085    ,서울특별시 동작구 사당동 147번지 29호 이수자이,2024-08-01 16:45:23
3190000,2011319012807500007,2011-10-04,,영업/정상,,,,,280,156-030,,(주)이마트에브리데이 상도동점,그 밖의 대규모점포,I,2025-12-15 16:15:28,서울특별시 동작구 상도로31길 19 (상도동),정상영업,1,01,028233651,준대규모점포,,,서울특별시 동작구 상도동 527번지,2024-05-16 11:32:11
3190000,2012319012807500001,2012-01-31,,영업/정상,,,,,671.98,156-771,,(주)이마트에브리데이 사당동점,그 밖의 대규모점포,I,2025-12-15 16:15:28,"서울특별시 동작구 동작대로29길 110 (사당동, 신동아아파트)",정상영업,1,01,025969584,준대규모점포,,,"서울특별시 동작구 사당동 105번지 신동아상가 제1층 101~105, 110호",2024-08-01 16:43:26
3190000,2012319012807500002,2012-03-27,,영업/정상,,,,,292.5,156-020,,(주)홈플러스 대방점,그 밖의 대규모점포,I,2025-12-15 16:15:28,서울특별시 동작구 노량진로 4 (대방동),정상영업,1,01,,준대규모점포,193393.306385172    ,445577.513247441    ,서울특별시 동작구 대방동 341번지 2호,2024-03-20 14:20:13
3190000,2012319012807500005,2012-04-24,,영업/정상,,,,,507.4,156-718,,홈플러스 익스프레스 상도2점,구분없음,I,2025-12-15 16:15:28,서울특별시 동작구 만양로 26 (상도동),정상영업,1,01,028168546,준대규모점포,,,서울특별시 동작구 상도2동 414번지,2014-10-08 09:09:37
3190000,2012319012807500006,2012-04-24,,영업/정상,,,,,258,156-842,,홈플러스 익스프레스 상도3점,구분없음,I,2025-12-15 16:15:28,서울특별시 동작구  양녕로  170 (상도동),정상영업,1,01,32808545,준대규모점포,,,서울특별시 동작구 상도동 530번지,2025-02-27 09:56:07
3190000,2014319012807500001,2014-09-05,,영업/정상,,,,,251.33,,07039,GS더프레시 동작상도점,구분없음,I,2025-12-15 16:15:28,"서울특별시 동작구 상도로 346-1 (상도동, 상도엠코타운 센트럴파크)",정상영업,1,01,20062156,준대규모점포,,,서울특별시 동작구 상도동 531번지 상가2동 지상1층 101~105호,2025-10-07 13:57:56
3190000,2016319015807500001,2016-06-03,,휴업,,2024-08-07,2025-08-07,,191,,07064,롯대슈펴 신대방점,그 밖의 대규모점포,I,2025-12-15 16:15:28,"서울특별시 동작구 여의대방로 30, 에이동동 101호 (신대방동, 현대상가)",휴업처리,2,02,0232808899,준대규모점포,,,,2024-08-07 11:00:11
3190000,2021319021607500001,1995-10-20,,휴업,,2021-10-31,2028-04-30,,5776.02,,07008,태평백화점,백화점,I,2025-12-15 16:15:28,"서울특별시 동작구 동작대로 115, 태평백화점 (사당동)",휴업처리,2,02,025958000,대규모점포,198303.527071078    ,442742.422887932    ,서울특별시 동작구 사당동 136-1 태평백화점,2025-04-17 18:04:53
3190000,2022319021607500001,2022-07-22,,영업/정상,,,,,8995.84,,06900,노량진 드림스퀘어,그 밖의 대규모점포,I,2025-12-15 16:15:28,"서울특별시 동작구 노들로2길 7, 노량진 드림스퀘어 복합빌딩 (노량진동)",정상영업,1,01,027920653,대규모점포,194571.152376388    ,445790.549860682    ,서울특별시 동작구 노량진동 16-1 노량진 드림스퀘어 복합빌딩,2025-12-03 09:26:46
3190000,2023319027107500001,2023-11-01,,영업/정상,,,,,539.78,,06964,GS THE FRESH 동작구청점,구분없음,I,2025-12-15 16:15:28,"서울특별시 동작구 상도로30길 40, 판매/근생시설동 1층 125~131호 (상도동, 상도2차두산위브트레지움아파트)",정상영업,1,01,0220062364,준대규모점포,,,서울특별시 동작구 상도동 535 상도2차두산위브트레지움아파트,2025-10-07 13:57:07
3190000,2025319027107500001,2025-03-31,,영업/정상,,,,,179.4,,06923,GS THE FRESH 노량진역점,구분없음,I,2025-12-15 16:15:28,"서울특별시 동작구 만양로 93, 주영빌딩 B1층 (노량진동)",정상영업,1,01,0220062364,준대규모점포,194984.417259173    ,445509.979775534    ,서울특별시 동작구 노량진동 119-68,2025-05-15 10:57:30
3190000,2011319012807500002,2011-07-14,,폐업,2025-05-31,,,,304.1,156-843,,홈플러스(주) 익스프레스 상도점,쇼핑센터,I,2025-12-15 16:15:28,서울특별시 동작구 성대로 43 (상도동),폐업처리,3,03,,준대규모점포,194064.994071226    ,444089.838269412    ,서울특별시 동작구 상도4동 255번지 4호,2025-05-29 17:08:56
3190000,2011319012807500004,2011-10-04,,폐업,2018-10-25,,,,530,156-030,,롯데쇼핑(주) 롯데슈퍼 상도3동점,복합쇼핑몰,I,2025-12-15 16:15:28,서울특별시 동작구 상도로 147 (상도동),폐업처리,3,03,028125601,준대규모점포,194250.710026163    ,444556.425220128    ,서울특별시 동작구 상도동 188번지 14호,2018-10-25 16:33:02
3190000,2012319012807500003,2012-04-06,,폐업,2022-01-28,,,,595,,06990,(주)지에스리테일 GS수퍼 사당점,구분없음,I,2025-12-15 16:15:28,서울특별시 동작구 동작대로29길 119 (사당동),폐업처리,3,03,0234762242,준대규모점포,,,서울특별시 동작구 사당동 105번지 우성아파트3단지  제비101호,2022-02-07 08:00:27
3190000,2012319012807500004,2012-04-13,,폐업,2015-06-30,,,,303.3,156-827,,롯데쇼핑(주)롯데슈퍼 사당점,그 밖의 대규모점포,I,2025-12-15 16:15:28,서울특별시 동작구 동작대로 9 (사당동),폐업처리,3,03,22905853,준대규모점포,198259.042471994    ,441696.145605791    ,서울특별시 동작구 사당1동 1042번지 19호,2015-07-08 14:12:48
3190000,2001319007207500010,1989-12-01,,휴업,,,,,,,,신대방우성상가,그 밖의 대규모점포,I,2025-12-15 16:15:28,서울특별시 동작구 여의대방로 22 (신대방동),휴업처리,2,02,028468258,,,,서울특별시 동작구 신대방동 565호   ,2007-07-07 15:19:10
3200000,2013320019107500001,2013-06-27,,영업/정상,,,,,14784,151-080,,홈플러스 서울남현점,대형마트,I,2025-12-15 16:15:28,서울특별시 관악구 과천대로 909 (남현동),정상영업,1,01,0269488121,대규모점포,,,서울특별시 관악구 남현동 산 69번지 51호,2024-03-12 10:28:27
3200000,2012320019107500003,2012-05-21,,폐업,2016-09-26,,,,136.9,151-802,,롯데쇼핑(주)롯데슈퍼 남현2점,구분없음,I,2025-12-15 16:15:28,서울특별시 관악구 남현길 79 (남현동),폐업처리,3,03,025235691,준대규모점포,197790.079787758    ,441231.59187991     ,서울특별시 관악구 남현동 1078번지 2호,2016-09-26 18:08:15
3200000,2014320019107500002,2014-01-23,,영업/정상,,,,,4379.68,151-895,,일성트루엘상가,그 밖의 대규모점포,I,2025-12-15 16:15:28,서울특별시 관악구 신림로23길 16 (신림동),정상영업,1,01,028898188,대규모점포,,,서울특별시 관악구 대학동 1523번지,2016-02-03 10:17:30
3200000,2014320019107500003,2022-03-25,,영업/정상,,,,,634.45,,08734,GS THE FRESH 관악청림점,구분없음,I,2025-12-15 16:15:28,"서울특별시 관악구 청림6길 3, 관악푸르지오 상가동 110,113,114호 (봉천동)",정상영업,1,01,028776661,준대규모점포,196384.544308046    ,442822.980265735    ,서울특별시 관악구 봉천동 1717-3 관악푸르지오,2025-08-01 18:02:25
3200000,2015320021107500001,1977-01-08,,영업/정상,,,,,925,,,우림시장,그 밖의 대규모점포,I,2025-12-15 16:15:28,서울특별시 관악구 난곡로26길 4 (신림동),정상영업,1,01,028531866,대규모점포,,,,2015-09-16 16:45:52
3200000,2018320021707500001,1980-08-28,,영업/정상,,,,,1294,,08793,원당종합시장,그 밖의 대규모점포,I,2025-12-15 16:15:28,서울특별시 관악구 남부순환로248길 35 (봉천동),정상영업,1,01,,대규모점포,196912.833572618    ,441358.893188526    ,서울특별시 관악구 봉천동 1638번지 20호,2018-03-05 17:08:19
3200000,2024320022507500001,2024-01-30,,영업/정상,,,,,162.48,,08717,GS THE FRESH 관악은천점,구분없음,I,2025-12-15 16:15:28,"서울특별시 관악구 국회단지길 7, 1층 (봉천동)",정상영업,1,01,028824458,준대규모점포,194553.838438621    ,442719.413175605    ,서울특별시 관악구 봉천동 952-1,2025-08-01 18:01:59
3200000,2024320022507500002,2024-07-25,,영업/정상,,,,,255.1,,08814,GS THE FRESH 관악신림점,구분없음,I,2025-12-15 16:15:28,"서울특별시 관악구 신림로 99 (신림동, 센터스퀘어 서울대점)",정상영업,1,01,0200000000,준대규모점포,,,서울특별시 관악구 신림동 1747 센터스퀘어 서울대점,2025-08-01 18:05:28
3200000,2025320022507500001,2025-07-29,,영업/정상,,,,,214.2,,08715,GS THE FRESH 관악봉천점,구분없음,I,2025-12-15 16:15:28,"서울특별시 관악구 은천로 81 (봉천동, 은천빌딩)",정상영업,1,01,020000000,준대규모점포,195007.987644999    ,442765.646975268    ,서울특별시 관악구 봉천동 622-27 은천빌딩,2025-08-01 17:58:04
3200000,2015320021107500002,2015-07-09,,영업/정상,,,,,4096.65,151-803,,관악쇼핑,그 밖의 대규모점포,I,2025-12-15 16:15:28,서울특별시 관악구 청림3길 10 (봉천동),정상영업,1,01,028854579,대규모점포,,,서울특별시 관악구 봉천동 10번지 4호 외14필지,2016-07-20 18:06:16
3200000,1969320008007500006,1969-10-15,,영업/정상,,,,,,,,관악종합시장,그 밖의 대규모점포,I,2025-12-15 16:15:28,,정상영업,1,01,028564355,,,,   호   ,2007-06-30 10:48:16
3200000,1970320008007500004,1970-12-03,,영업/정상,,,,,,,,봉일시장,그 밖의 대규모점포,I,2025-12-15 16:15:28,,정상영업,1,01,028782184,,194486.270488664    ,442632.469540589    ,서울특별시 관악구 봉천동 951번지 25호   ,2007-06-30 10:48:16
3200000,1971320008007500002,1971-12-22,,영업/정상,,,,,,,,봉일시장,그 밖의 대규모점포,I,2025-12-15 16:15:28,,정상영업,1,01,028782184,,194486.270488664    ,442632.469540589    ,서울특별시 관악구 봉천동 951번지 25호   ,2007-06-30 10:48:16
3200000,1972320008007500015,1972-01-29,,영업/정상,,,,,1714,,,봉천현대시장,시장,I,2025-12-15 16:15:28,서울특별시 관악구 양녕로 49 (봉천동),정상영업,1,01,028820492,대규모점포,195206.056916766    ,442716.301708689    ,서울특별시 관악구 봉천동 502번지 4호,2017-10-24 13:20:26
3200000,1975320008007500013,1975-12-26,,영업/정상,,,,,288,,,가야쇼핑,시장,I,2025-12-15 16:15:28,,정상영업,1,01,028788001,,193750.825947451    ,442753.219280937    ,서울특별시 관악구 신림동 1426번지 7호,2010-02-17 10:43:44
3200000,1988320008007500019,1988-10-23,,영업/정상,,,,,7081.47,151-725,,관악프라자,쇼핑센터,I,2025-12-15 16:15:28,서울특별시 관악구 관악로 212 (봉천동),정상영업,1,01,028871871,대규모점포,195963.335274799    ,442381.536010445    ,서울특별시 관악구 봉천동 31번지 1호,2014-10-17 10:36:45
3200000,1992320008007500020,1992-08-26,,영업/정상,,,,,4600.89,,,관악현대상가,그 밖의 대규모점포,I,2025-12-15 16:15:28,서울특별시 관악구 관악로40길 47 (봉천동),정상영업,1,01,028820924,대규모점포,,,서울특별시 관악구 봉천동 1000호,2014-09-24 08:54:47
3200000,1993320008007500021,1993-07-01,,영업/정상,,,,,2072,,,신림현대종합상가,시장,I,2025-12-15 16:15:28,서울특별시 관악구 신림로29길 8 (신림동),정상영업,1,01,028854271,대규모점포,,,서울특별시 관악구 신림동 1694호,2015-03-03 11:53:12
3200000,2004320008007500001,2004-09-22,,영업/정상,,,,,6516.61,,,르네상스쇼핑몰(주),복합쇼핑몰,I,2025-12-15 16:15:28,서울특별시 관악구 신림로 340 (신림동),정상영업,1,01,028880630,대규모점포,193746.833837509    ,442510.775085572    ,서울특별시 관악구 신림동 1422번지 5호,2016-11-17 17:15:18
3200000,2005320008007500001,2005-02-15,,휴업,,,,,5697,,,르네상스쇼핑몰(주),쇼핑센터,I,2025-12-15 16:15:28,,휴업처리,2,02,028892003,,193746.833837509    ,442510.775085572    ,서울특별시 관악구 신림동 1422번지 5호   ,2007-06-30 10:48:16
3200000,2005320008007500002,2005-02-15,,휴업,,,,,5697,,,르네상스쇼핑몰(주),쇼핑센터,I,2025-12-15 16:15:28,,휴업처리,2,02,028892003,,193746.833837509    ,442510.775085572    ,서울특별시 관악구 신림동 1422번지 5호   ,2007-06-30 10:48:16
3200000,2005320008007500003,2005-11-29,,휴업,,,,,1274,,,관악종합시장,그 밖의 대규모점포,I,2025-12-15 16:15:28,,휴업처리,2,02,028564355,,193580.366498464    ,442144.670802989    ,서울특별시 관악구 신림동 1602번지 2호   ,2007-06-30 10:48:16
3200000,2006320008007500001,2006-08-25,,영업/정상,,,,,3608.51,,,라붐아울렛,복합쇼핑몰,I,2025-12-15 16:15:28,서울특별시 관악구 남부순환로 1820 (봉천동),정상영업,1,01,0262768006,대규모점포,195703.043681259    ,442094.085759338    ,서울특별시 관악구 봉천동 862번지 1호,2014-09-24 08:53:36
3200000,2009320013107500001,2009-02-04,,영업/정상,,,,,16025.6,151-930,,타임스트림,복합쇼핑몰,I,2025-12-15 16:15:28,서울특별시 관악구 신림로 330 (신림동),정상영업,1,01,028818004,대규모점포,193754.427350029    ,442407.201247108    ,서울특별시 관악구 서원동 1641번지 2호,2021-10-18 11:07:16
3200000,2011320019107500001,2011-08-10,,영업/정상,,,,,1203,151-836,,GS THE FRESH 관악점,구분없음,I,2025-12-15 16:15:28,서울특별시 관악구 쑥고개로 111 (봉천동),정상영업,1,01,028730637,준대규모점포,195431.465419568    ,441896.302934956    ,서울특별시 관악구 봉천동 1567번지 1호,2025-08-01 18:06:19
3200000,2011320019107500002,2011-09-01,,영업/정상,,,,,529,151-818,,GS THE FRESH 낙성대점,구분없음,I,2025-12-15 16:15:28,서울특별시 관악구 봉천로 576 (봉천동),정상영업,1,01,0220398215,준대규모점포,196501.159765837    ,441640.881044209    ,서울특별시 관악구 봉천동 1629번지 2호,2025-08-01 18:04:52
3200000,2011320019107500003,2011-10-19,,영업/정상,,,,,577.2,151-823,,홈플러스 익스프레스 봉천점,구분없음,I,2025-12-15 16:15:28,서울특별시 관악구 양녕로 46 (봉천동),정상영업,1,01,028728545,준대규모점포,195274.343265834    ,442663.498606503    ,서울특별시 관악구 중앙동 463번지 4호 메카플러스 지하1층,2024-08-06 09:40:36
3200000,2011320019107500004,2011-10-26,,영업/정상,,,,,414.86,151-826,,(주)이마트에브리데이 봉천동점,구분없음,I,2025-12-15 16:15:28,서울특별시 관악구 은천로 51 (봉천동),정상영업,1,01,0232853651,준대규모점포,194770.417438694    ,442676.831360439    ,서울특별시 관악구 은천동 937번지 6호 동영빌딩 1층,2024-07-31 11:05:05
3200000,2012320019107500001,1999-12-07,,영업/정상,,,,,3383.98,151-888,,(주)천성세이브마트,그 밖의 대규모점포,I,2025-12-15 16:15:28,서울특별시 관악구 난곡로 220 (신림동),정상영업,1,01,028566022,대규모점포,192674.94071058     ,441352.713136511    ,서울특별시 관악구 미성동 607번지 73호,2014-09-24 09:55:36
3200000,2012320019107500002,1997-11-07,,영업/정상,,,,,21711.05,151-718,,롯데쇼핑(주) 관악점,복합쇼핑몰,I,2026-01-03 22:18:10,서울특별시  봉천로 209,정상영업,1,01,0232898728,대규모점포,,,서울특별시 관악구 보라매동 729호 22통 롯데백화점,2026-01-02 14:08:11
3200000,1977320022507500001,1977-05-26,,폐업,2024-03-19,,,,2740,,,신림종합시장,그 밖의 대규모점포,I,2025-12-15 16:15:28,,폐업처리,3,03,0200000000,대규모점포,192597.407974484    ,442498.617590296    ,서울특별시 관악구 신림동 505-1,2024-03-25 17:13:27
3200000,2011320019107500005,2011-11-02,,폐업,2020-03-05,,,,156.1,151-858,,홈플러스 익스프레스 신림점,구분없음,I,2025-12-15 16:15:28,서울특별시 관악구 신림로 101 (신림동),폐업처리,3,03,0232858561,준대규모점포,194457.492960109    ,440910.563872941    ,서울특별시 관악구 대학동 240번지 4호,2020-03-09 09:41:24
3200000,2014320019107500001,1978-08-07,,영업/정상,,,,,0,,,신림중앙시장,시장,I,2025-12-15 16:15:28,서울특별시 관악구 조원로16길 27 (신림동),정상영업,1,01,028657577,대규모점포,,,,2016-12-28 13:20:17
3210000,1979321012207500001,1979-02-16,,영업/정상,,,,,4516,137-072,,무지개종합상가,그 밖의 대규모점포,I,2025-12-15 16:15:28,"서울특별시 서초구 효령로 391 (서초동, 무지개아파트)",정상영업,1,01,34747621,대규모점포,,,서울특별시 서초구 서초동 1335번지,2016-04-05 17:37:47
3210000,2016321015507500001,2016-12-01,,폐업,2022-03-25,,,,194.64,,06561,(주)지에스리테일 서초방배점,대형마트,I,2025-12-15 16:15:28,"서울특별시 서초구 방배로37길 11, 1층 (방배동, 삼호회관)",폐업처리,3,03,0220063215,준대규모점포,198970.448010517    ,443479.894856733    ,서울특별시 서초구 방배동 795번지 1호,2022-03-28 13:52:53
3210000,1995321012207500001,1995-06-01,,영업/정상,,,,,3752,,06511,(주)이랜드리테일 강남점,대형마트,I,2026-01-20 22:18:10,"서울특별시 서초구 잠원로 51, 뉴코아백화점 (잠원동)",정상영업,1,01,,대규모점포,200576.608647619    ,445241.8984183      ,서울특별시 서초구 잠원동 70-2 뉴코아백화점,2026-01-19 17:09:11
3210000,2005321007607500005,2005-03-30,,영업/정상,,,,,9250,,,(주)이마트 양재점,대형마트,I,2025-12-15 16:15:28,"서울특별시 서초구 매헌로 16 (양재동,하이브랜드 지하1층)",정상영업,1,01,0221551052,대규모점포,,,서울특별시 서초구 양재동 215호 하이브랜드 지하1층,2024-04-17 14:50:48
3210000,2005321007607500007,2015-09-22,,영업/정상,,,,,64948.72,,,신세계백화점 강남점,대형마트,I,2025-12-15 16:15:28,서울특별시 서초구 신반포로 176 (반포동),정상영업,1,01,0234791005,대규모점포,200250.447804795    ,444683.220506107    ,서울특별시 서초구 반포동 19번지 3호,2025-10-28 14:40:18
3210000,2007321010807500001,2007-07-20,,영업/정상,,,,,4950,,,엘루체,그 밖의 대규모점포,I,2025-12-15 16:15:28,서울특별시 서초구 신반포로 23 (반포동),정상영업,1,01,34777637,대규모점포,,,서울특별시 서초구 반포동 1141번지,2013-03-16 15:26:02
3210000,2009321012207500001,1980-08-02,,영업/정상,,,,,5408,137-859,,무지개쇼핑,그 밖의 대규모점포,I,2025-12-15 16:15:28,서울특별시 서초구 사임당로 151 (서초동),정상영업,1,01,34725490,대규모점포,202216.049985624    ,443352.024569293    ,서울특별시 서초구 서초2동 1332번지 2호,2013-03-18 23:38:28
3210000,2012321012207500002,2012-04-24,,영업/정상,,,,,1049.58,137-061,,롯데슈퍼 방배2점,구분없음,U,2026-02-27 22:18:10,서울특별시 방배로33길 29,정상영업,1,01,025360004,준대규모점포,198984.364832071    ,443229.835878514    ,서울특별시 서초구 방배1동 816번지 1호,2026-02-26 15:08:51
3210000,2012321012207500003,2012-05-14,,영업/정상,,,,,12595,137-711,,뉴코아백화점,백화점,I,2026-01-20 22:18:10,"서울특별시 서초구 잠원로 37-6 (잠원동, 뉴코아백화점빌딩)",정상영업,1,01,,대규모점포,200367.985010323    ,445207.663497148    ,서울특별시 서초구 잠원동 70번지 5호 뉴코아백화점빌딩,2026-01-19 17:19:00
3210000,2012321012207500004,2012-05-14,,영업/정상,,,,,15065.56,137-030,,뉴코아아울렛,전문점,I,2026-01-20 22:18:10,서울특별시 서초구 잠원로 51 (잠원동),정상영업,1,01,,대규모점포,200576.608647619    ,445241.8984183      ,서울특별시 서초구 잠원동 70번지 2호,2026-01-19 17:24:56
3210000,2012321012207500005,2012-05-18,,영업/정상,,,,,249.9,137-828,,롯데쇼핑(주)롯데슈퍼 방배점,쇼핑센터,I,2025-12-15 16:15:28,서울특별시 서초구 방배중앙로 198 (방배동),정상영업,1,01,025345601,준대규모점포,198660.616347373    ,443855.573402136    ,서울특별시 서초구 방배본동 755번지 5호,2025-10-28 14:45:49
3210000,2013321012207500001,1997-03-29,,영업/정상,,,,,33736,,,국제전자도매센타,전문점,I,2025-12-15 16:15:28,서울특별시 서초구 효령로 304 (서초동),정상영업,1,01,0234651010,대규모점포,,,,2016-03-03 11:07:45
3210000,2013321012207500002,1997-10-29,,영업/정상,,,,,2803,,,반포프라자,그 밖의 대규모점포,I,2025-12-15 16:15:28,서울특별시 서초구 신반포로3길 8 (반포동),정상영업,1,01,025918081,대규모점포,,,,2013-03-15 18:24:21
3210000,2013321012207500003,1981-07-23,,영업/정상,,,,,1932,,,신동아종합상가,그 밖의 대규모점포,I,2025-12-15 16:15:28,서울특별시 서초구 사임당로 130 (서초동),정상영업,1,01,0234733734,대규모점포,,,,2013-03-16 14:20:30
3210000,2013321012207500005,1979-12-12,,영업/정상,,,,,1866,,,대림상가,그 밖의 대규모점포,I,2025-12-15 16:15:28,서울특별시 서초구 나루터로 32 (잠원동),정상영업,1,01,025372790,대규모점포,,,,2013-03-16 15:16:03
3210000,2013321012207500006,1989-06-05,,영업/정상,,,,,2008,,,서초쇼핑,그 밖의 대규모점포,I,2025-12-15 16:15:28,서울특별시 서초구 고무래로 90-7 (서초동),정상영업,1,01,025368480,대규모점포,,,,2016-03-03 15:58:31
3210000,2013321012207500007,1982-11-12,,영업/정상,,,,,1256,,,한양스토아,그 밖의 대규모점포,I,2025-12-15 16:15:28,서울특별시 서초구 서초중앙로 220 (반포동),정상영업,1,01,025366261,대규모점포,,,,2013-03-16 15:56:28
3210000,2013321012207500008,1983-04-30,,영업/정상,,,,,3080,,,방배종합시장,그 밖의 대규모점포,I,2025-12-15 16:15:28,서울특별시 서초구 방배천로16길 18 (방배동),정상영업,1,01,0234864924,대규모점포,,,,2013-03-16 16:02:33
3210000,2013321012207500009,1976-12-11,,영업/정상,,,,,6446.23,,,이수시장,그 밖의 대규모점포,I,2025-12-15 16:15:28,서울특별시 서초구 방배로33길 29 (방배동),정상영업,1,01,025991380,대규모점포,,,,2014-03-11 10:14:19
3210000,2013321012207500010,1977-11-05,,영업/정상,,,,,9564,,,신반포종합시장,그 밖의 대규모점포,I,2025-12-15 16:15:28,서울특별시 서초구 신반포로15길 29 (반포동),정상영업,1,01,025992262,대규모점포,,,,2017-04-18 16:03:33
3210000,2013321012207500011,1982-05-31,,영업/정상,,,,,3138,,,신사쇼핑,그 밖의 대규모점포,I,2025-12-15 16:15:28,서울특별시 서초구 나루터로 37 (잠원동),정상영업,1,01,025930244,대규모점포,,,,2020-09-09 14:57:03
3210000,2013321012207500012,1978-11-14,,영업/정상,,,,,3001,,,대림서초리시온,그 밖의 대규모점포,I,2025-12-15 16:15:28,서울특별시 서초구 서초중앙로22길 25 (서초동),정상영업,1,01,025860025,대규모점포,,,,2013-03-16 16:38:21
3210000,2013321012207500013,2005-02-25,,영업/정상,,,,,6973,,,아크로비스타 아케이드,그 밖의 대규모점포,I,2025-12-15 16:15:28,서울특별시 서초구 서초중앙로 188 (서초동),정상영업,1,01,025972222,대규모점포,,,,2013-03-16 17:04:36
3210000,2013321012207500014,2005-02-28,,영업/정상,,,,,34765,,,하이브랜드,그 밖의 대규모점포,I,2025-12-15 16:15:28,서울특별시 서초구 매헌로 16 (양재동),정상영업,1,01,025230081,대규모점포,,,,2013-03-16 17:17:23
3210000,2013321012207500015,2003-05-01,,영업/정상,,,,,5546,,,교보타워 지하아케이드,전문점,I,2025-12-15 16:15:28,서울특별시 서초구 강남대로 465 (서초동),정상영업,1,01,0234804700,대규모점포,,,,2013-03-16 17:35:20
3210000,2013321012207500016,2000-12-09,,영업/정상,,,,,9977.11,,,코스트코코리아,대형마트,I,2025-12-15 16:15:28,서울특별시 서초구 양재대로 159 (양재동),정상영업,1,01,18999900,대규모점포,,,,2015-12-09 17:24:01
3210000,2013321012207500017,1997-10-29,,영업/정상,,,,,2803,,,반포프라자,그 밖의 대규모점포,I,2025-12-15 16:15:28,서울특별시 서초구 신반포로3길 8 (반포동),정상영업,1,01,025948466,대규모점포,,,,2013-03-18 11:04:22
3210000,2015321015507500001,2015-02-03,,영업/정상,,,,,12066.12,,06655,롯데쇼핑(주) 롯데마트 서초점,복합쇼핑몰,I,2026-01-02 02:40:00,"서울특별시 서초구 서초대로38길 12 (서초동, 마제스타시티, 힐스테이트 서리풀)",정상영업,1,01,0221458000,대규모점포,200440.010811975    ,443124.671418408    ,"서울특별시 서초구 서초동 1498-5 마제스타시티, 힐스테이트 서리풀",2025-12-31 10:44:38
3210000,2025321019507500001,2025-04-21,,영업/정상,,,,,297.5,,06560,GS THE FRESH 방배중앙점,구분없음,I,2025-12-15 16:15:28,서울특별시 서초구 동광로 35 (방배동),정상영업,1,01,0220062364,준대규모점포,198748.271354705    ,443257.313511019    ,서울특별시 서초구 방배동 790-12,2025-05-02 09:53:19
3210000,2011321012207500001,2011-08-02,,폐업,2020-11-04,,,,3917,,06522,매일종합상가,그 밖의 대규모점포,I,2025-12-15 16:15:28,"서울특별시 서초구 잠원로4길 54 (잠원동, 매일종합상가)",폐업처리,3,03,,대규모점포,201024.481364815    ,445492.334204608    ,서울특별시 서초구 잠원동 60번지 3호,2020-11-06 09:33:52
3210000,2012321012207500006,2016-01-29,,폐업,2019-08-17,,,,258.3,137-041,,홈플러스(주) 익스프레스 서울논현역점,복합쇼핑몰,I,2025-12-15 16:15:28,서울특별시 서초구 신반포로 326 (반포동),폐업처리,3,03,34468545,준대규모점포,,,서울특별시 서초구 반포1동 705번지,2019-08-22 17:46:14
3210000,2013321012207500004,1980-01-21,,폐업,2020-09-24,,,,2956,,,진흥종합상가,그 밖의 대규모점포,I,2025-12-15 16:15:28,서울특별시 서초구 서초대로 385 (서초동),폐업처리,3,03,0234816763,대규모점포,,,,2020-09-24 16:03:38
3210000,2014321012207500001,2014-09-29,,폐업,2019-04-30,,,,206.1,137-845,,홈플러스익스프레스 방배점,복합쇼핑몰,I,2025-12-15 16:15:28,서울특별시 서초구 서초대로 34 (방배동),폐업처리,3,03,025848545,준대규모점포,198709.207041029    ,442599.234175666    ,서울특별시 서초구 방배동 950번지 1호,2019-05-28 09:38:04
3210000,1982321007607500001,1982-04-08,,영업/정상,,,,,56379.9,,,터미널상가,그 밖의 대규모점포,I,2025-12-15 16:15:28,서울특별시 서초구 신반포로 194 (반포동),정상영업,1,01,025354160,대규모점포,200554.74395758     ,444811.364826199    ,서울특별시 서초구 반포동 19번지 4   호,2017-04-24 20:53:39
3220000,2013322016207500003,2013-12-04,,폐업,2022-08-19,,,,3041.01,135-930,,역삼서해더블루,그 밖의 대규모점포,I,2025-12-15 16:15:28,서울특별시 강남구 논현로63길 16 (역삼동),폐업처리,3,03,025673424,대규모점포,203389.562748068    ,443422.779316247    ,서울특별시 강남구 역삼1동 796번지 29호,2022-08-19 11:11:37
3220000,2014322016207500002,2012-07-02,,폐업,2014-06-15,,,,180.8,,,롯데쇼핑(주)롯데슈퍼 역삼점,,I,2025-12-15 16:15:28,서울특별시 강남구 논현로 468 (역삼동),폐업처리,3,03,0222905853,준대규모점포,,,,2014-07-02 16:11:01
3220000,2014322016207500003,2011-11-24,,폐업,2021-11-16,,,,177.7,,,롯데슈퍼 역삼2동점,구분없음,I,2025-12-15 16:15:28,서울특별시 강남구 역삼로 230 (역삼동),폐업처리,3,03,0234525601,준대규모점포,,,,2025-03-18 10:07:16
3220000,2014322016207500004,2011-12-02,,폐업,2021-11-16,,,,336.2,,,롯데슈퍼 역삼1동점,구분없음,I,2025-12-15 16:15:28,서울특별시 강남구 역삼로8길 15 (역삼동),폐업처리,3,03,025685601,준대규모점포,,,,2025-03-18 10:04:49
3220000,2014322016207500006,2012-07-02,,폐업,2021-12-30,,,,120.07,,,롯데슈퍼 압구정점,구분없음,I,2025-12-15 16:15:28,서울특별시 강남구 도산대로35길 39 (신사동),폐업처리,3,03,0234465634,준대규모점포,,,,2022-01-17 18:06:36
3220000,2014322016207500009,2012-07-02,,폐업,2021-11-16,,,,503.8,,,롯데슈퍼 도곡점,구분없음,I,2025-12-15 16:15:28,"서울특별시 강남구 언주로 123 (도곡동, 개포한신아파트)",폐업처리,3,03,025475601,준대규모점포,,,,2025-03-18 10:03:38
3220000,2001322008307500002,1973-08-01,,폐업,2013-02-14,,,,0,,,영동시장,그 밖의 대규모점포,I,2025-12-15 16:15:28,서울특별시 강남구 학동로4길 15 (논현동),폐업처리,3,03,025471151,대규모점포,202010.0103397      ,445368.131754546    ,서울특별시 강남구 논현동 122번지 8호,2013-12-30 09:11:02
3220000,2001322008307500008,1978-05-26,,폐업,2014-03-24,2011-04-15,2014-04-30,,0,,,청담제일시장,그 밖의 대규모점포,I,2025-12-15 16:15:28,서울특별시 강남구 도산대로85길 30 (청담동),폐업처리,3,03,025441034,대규모점포,,,서울특별시 강남구 청담동 122호,2014-03-24 18:28:39
3220000,2001322008307500034,1999-07-14,,휴업,,,,,5174,,,(주)신세계마트 이마트 역삼점,대형마트,I,2025-12-15 16:15:28,,휴업처리,2,02,025696396,,,,서울특별시 강남구 역삼동 755호 한솔필리아지층  ,2007-07-14 10:53:01
3220000,2003322008307500001,2003-01-28,,영업/정상,,,,,1255,135-510,,금강상가,그 밖의 대규모점포,I,2025-12-15 16:15:28,서울특별시 압구정로 201 (구현대아파트),정상영업,1,01,0234165828,대규모점포,,,서울특별시 강남구 압구정1동 456번지,2023-12-12 09:38:20
3220000,2003322008307500002,2003-04-18,,휴업,,,,,21237.74,,,(주)현대백화점 동호스토아,백화점,I,2025-12-15 16:15:28,,휴업처리,2,02,025492233,,,,서울특별시 강남구 압구정동 456호   ,2007-07-14 10:53:01
3220000,2003322008307500004,2003-01-28,,휴업,,,,,,,,남서울종합상가,그 밖의 대규모점포,I,2025-12-15 16:15:28,,휴업처리,2,02,025560604,,,,"서울특별시 강남구 대치동 623,624호   ",2013-12-30 13:55:03
3220000,2005000000000000006,1988-05-13,,영업/정상,,,,,3014.31,135-280,,남서울종합시장,그 밖의 대규모점포,I,2025-12-15 16:15:28,서울특별시 강남구 남부순환로 2921 (대치동),정상영업,1,01,025560604,대규모점포,,,서울특별시 강남구 대치동 623번지,2021-08-27 09:39:20
3220000,2006322012707500001,2006-10-24,,영업/정상,,,,,5174,135-080,,(주)이마트 역삼점,대형마트,I,2025-12-15 16:15:28,서울특별시 강남구 역삼로 310 (역삼동),정상영업,1,01,0269081051,대규모점포,,,서울특별시 강남구 역삼동 755번지,2024-04-17 14:56:28
3220000,2009322012707500001,2009-09-30,,영업/정상,,,,,3273.17,135-820,,논현웰스톤상가,그 밖의 대규모점포,I,2025-12-15 16:15:28,서울특별시 강남구 학동로43길 38 (논현동),정상영업,1,01,025451579,대규모점포,,,서울특별시 강남구 논현2동 108번지,2013-12-27 13:45:22
3220000,2010322016207500001,2005-08-29,,영업/정상,,,,,12645.92,135-856,,아카데미프라자,그 밖의 대규모점포,I,2025-12-15 16:15:28,"서울특별시 강남구 남부순환로 2804 (도곡동, 아카데미스위트)",정상영업,1,01,,대규모점포,204538.144891563    ,442942.853505354    ,"서울특별시 강남구 도곡2동 467번지 7호 아카데미스위트 에이동B101,B102,B201",2013-12-27 13:43:01
3220000,2010322016207500002,2010-12-30,,영업/정상,,,,,0,135-509,,삼성동 신도브래뉴 주상복합 상가,그 밖의 대규모점포,I,2025-12-15 16:15:28,서울특별시 강남구 삼성로103길 12 (삼성동),정상영업,1,01,34536499,대규모점포,204652.111034177    ,445353.174360925    ,서울특별시 강남구 삼성2동 121번지 38호,2013-12-30 10:34:39
3220000,2011322016207500002,2011-04-12,,영업/정상,,,,,3386.04,135-948,,하우스오브신세계 청담,백화점,I,2025-12-15 16:15:28,서울특별시 강남구 도산대로 442 (청담동),정상영업,1,01,0269471234,대규모점포,203789.588128352    ,446796.128299612    ,서울특별시 강남구 청담동 4번지 1호 외 9필지,2025-12-05 16:01:59
3220000,2011322016207500003,2011-06-23,,영업/정상,,,,,0,135-011,,영동전통시장,그 밖의 대규모점포,I,2025-12-15 16:15:28,"서울특별시 강남구 강남대로124길 22, 3층 301호 (논현동)",정상영업,1,01,,대규모점포,,,서울특별시 강남구 논현1동 140번지 외 44필지,2019-08-31 10:59:45
3220000,2012322016207500001,2012-07-26,,영업/정상,,,,,170.28,135-897,,홈플러스 익스프레스 압구정점,구분없음,I,2025-12-15 16:15:28,서울특별시 강남구 압구정로46길 5-2 (신사동),정상영업,1,01,0234458545,준대규모점포,203191.25706078     ,447312.903662969    ,서울특별시 강남구 신사동 660번지 18호,2024-04-15 15:28:46
3220000,2012322016207500003,2012-05-18,,영업/정상,,,,,272.02,,06031,GS THE FRESH 신사점,구분없음,I,2025-12-15 16:15:28,"서울특별시 강남구 압구정로18길 25 (신사동, 한국산업양행빌딩)",정상영업,1,01,025184089,준대규모점포,,,,2025-05-07 10:45:12
3220000,2013322016207500001,2013-02-15,,영업/정상,,,,,3718.56,,,동화상가(주),그 밖의 대규모점포,I,2025-12-15 16:15:28,서울특별시 강남구 학동로4길 15 (논현동),정상영업,1,01,,대규모점포,,,,2013-02-15 11:06:24
3220000,2013322016207500002,2013-06-04,,영업/정상,,,,,231,,,홈플러스익스프레스 학동역점,구분없음,I,2025-12-15 16:15:28,서울특별시 강남구 학동로 176 (논현동),정상영업,1,01,025168546,준대규모점포,,,,2024-04-15 15:24:58
3220000,2014322016207500001,2014-03-25,,영업/정상,,,,2014-03-26,3246.51,,,신원아침도시마인상가,그 밖의 대규모점포,I,2025-12-15 16:15:28,서울특별시 강남구 도산대로85길 30 (청담동),정상영업,1,01,0234465999,대규모점포,,,,2014-03-26 13:21:24
3220000,2014322016207500005,2012-01-19,,영업/정상,,,,,177.8,,,롯데슈퍼 논현점,구분없음,I,2025-12-15 16:15:28,"서울특별시 강남구 언주로122길 25 (논현동, 두산위브아파트)",정상영업,1,01,0234665601,준대규모점포,,,,2017-04-26 18:33:19
3220000,2014322016207500007,2012-07-02,,영업/정상,,,,,730.7,,,롯데쇼핑(주) 롯데슈퍼 삼성점,구분없음,I,2025-12-21 02:40:00,서울특별시 강남구 선릉로 660 (삼성동),정상영업,1,01,0234455601,준대규모점포,,,,2025-12-19 10:28:57
3220000,2014322016207500008,2012-07-02,,영업/정상,,,,,294.9,,,롯데슈퍼 코엑스점,구분없음,I,2025-12-15 16:15:28,서울특별시 강남구 봉은사로103길 5 (삼성동),정상영업,1,01,0234465602,준대규모점포,,,,2023-05-09 15:26:03
3220000,2014322016207500010,2014-09-16,,영업/정상,,,,,510.88,,06114,GS THE FRESH 강남영동점,구분없음,I,2025-12-15 16:15:28,"서울특별시 강남구 강남대로128길 20, 영동프라자 (논현동)",정상영업,1,01,0220062156,준대규모점포,,,서울특별시 강남구 논현동 140 영동프라자,2025-05-07 10:30:38
3220000,2014322016207500011,2014-11-25,,영업/정상,,,,,13667,,,도심공항몰(CALT MALL),쇼핑센터,I,2025-12-15 16:15:28,서울특별시 강남구 테헤란로87길 22-0 (삼성동),정상영업,1,01,025510705,대규모점포,,,,2019-04-11 14:04:06
3220000,2015322016207500001,2015-12-11,,영업/정상,,,,,5155.7,,06129,점프밀라노,그 밖의 대규모점포,I,2025-12-15 16:15:28,"서울특별시 강남구 강남대로 432 (역삼동, 점프밀라노)",정상영업,1,01,0234467133,대규모점포,,,,2025-02-06 13:09:54
3220000,2016322016207500001,2016-12-29,,영업/정상,,,,,358.71,,06091,노브랜드 삼성점,구분없음,I,2025-12-15 16:15:28,"서울특별시 강남구 삼성로 633, 1층 (삼성동, 삼광빌딩)",정상영업,1,01,023809461,준대규모점포,,,,2024-04-19 09:46:16
3220000,2018322016207500001,2018-08-03,,영업/정상,,,,,677.2,135-825,,삐에로쇼핑 강남논현점,구분없음,I,2025-12-15 16:15:28,,정상영업,1,01,023809461,준대규모점포,201994.292033914    ,445091.876704064    ,서울특별시 강남구 논현동 164번지 5호 외 3필지,2018-12-27 10:53:42
3220000,2021322024907500001,2021-03-19,,영업/정상,,,,,7511.51,,06142,더 샵스 앳 센터필드 (THE SHOPS AT CENTERFIELD),그 밖의 대규모점포,I,2025-12-15 16:15:28,"서울특별시 강남구 테헤란로 231, 센터필드 (역삼동)",영업개시전,5,01,,대규모점포,,,서울특별시 강남구 역삼동 676 센터필드,2021-03-22 19:43:27
3220000,2022322024907500001,2022-04-12,,영업/정상,,,,,794.7,,06034,이마트에브리데이 강남시장점,구분없음,I,2025-12-15 16:15:28,"서울특별시 강남구 압구정로2길 46, 1층 (신사동, ---------)",정상영업,1,01,023805042,준대규모점포,201757.494098748    ,446282.45446652     ,서울특별시 강남구 신사동 510-11 강남상가아파트,2022-04-26 10:07:26
3220000,2022322024907500002,2022-09-15,,영업/정상,,,,,198,,06017,GS THE FRESH 압구정점,구분없음,I,2025-12-15 16:15:28,"서울특별시 강남구 압구정로 312, 1층 (신사동)",정상영업,1,01,0220062678,준대규모점포,203069.441212025    ,447391.130408384    ,서울특별시 강남구 신사동 638-6,2025-05-07 14:16:25
3220000,2024322024907500001,2024-07-30,,영업/정상,,,,,183,,06012,GS THE FRESH 청담점,대형마트,I,2025-12-15 16:15:28,"서울특별시 강남구 도산대로89길 35, 지상1층 107, 108호 (청담동, 청담범신칼릭스빌2차)",영업개시전,5,01,0220062364,준대규모점포,204504.368683467    ,447166.991324457    ,서울특별시 강남구 청담동 109-16 청담범신칼릭스빌2차,2025-05-07 10:35:44
3220000,1984322008307500006,1984-03-07,,휴업,,,,,,,,(주)금강개발산업,그 밖의 대규모점포,I,2025-12-15 16:15:28,,휴업처리,2,02,025492233,,,,서울특별시 강남구 압구정동 456호   ,2007-07-14 10:53:01
3220000,1984322016207500001,1984-02-08,,영업/정상,,,,,11740.39,,06288,한보종합상가,그 밖의 대규모점포,I,2025-12-15 16:15:28,"서울특별시 강남구 삼성로 150 (대치동, 한보미도맨션)",정상영업,1,01,025614267,대규모점포,,,서울특별시 강남구 대치동 511번지 한보미도맨션,2018-04-18 17:24:03
3220000,1996322016207500001,1996-11-15,,영업/정상,,,,,12025.9,135-926,,한솔필리아,그 밖의 대규모점포,I,2025-12-15 16:15:28,서울특별시 강남구 역삼로 310 (역삼동),정상영업,1,01,025503090,대규모점포,,,서울특별시 강남구 역삼동 755번지,2018-04-18 16:09:06
3220000,2001322008307500001,1974-11-10,,영업/정상,,,,,3062.7,,,강남시장,복합쇼핑몰,I,2025-12-15 16:15:28,서울특별시 강남구 압구정로2길 46 (신사동),정상영업,1,01,025420874,대규모점포,201757.494098748    ,446282.45446652     ,서울특별시 강남구 신사동 510번지 11호,2020-11-08 15:42:17
3220000,2001322008307500003,1979-01-17,,영업/정상,,,,,0,,,논현종합시장,그 밖의 대규모점포,I,2025-12-15 16:15:28,서울특별시 강남구 봉은사로33길 33 (논현동),정상영업,1,01,025491940,대규모점포,203005.088001821    ,445311.309960952    ,서울특별시 강남구 논현동 227번지 4호,2019-05-09 16:34:32
3220000,2001322008307500004,1987-02-02,,영업/정상,,,,,0,,,두산아케이드,그 밖의 대규모점포,I,2025-12-15 16:15:28,"서울특별시 강남구 언주로 726 (논현동, 두산빌딩)",정상영업,1,01,025103114,대규모점포,203050.783890109    ,446316.514036122    ,서울특별시 강남구 논현동 105번지 7호,2013-12-30 13:52:36
3220000,2001322008307500005,1979-04-10,,휴업,,,,,,,,금강상가,그 밖의 대규모점포,I,2025-12-15 16:15:28,,휴업처리,2,02,025492233,,,,서울특별시 강남구 압구정동 456호   ,2007-07-14 10:53:01
3220000,2001322008307500006,1976-08-07,,영업/정상,,,,,2059,,,신사상가,그 밖의 대규모점포,I,2025-12-15 16:15:28,서울특별시 강남구 압구정로29길 72-1 (압구정동),정상영업,1,01,025423516,대규모점포,,,서울특별시 강남구 압구정동 454호,2015-04-15 18:56:47
3220000,2001322008307500007,1985-07-08,,영업/정상,,,,,10250,,,갤러리아백화점(동관),백화점,I,2025-12-15 16:15:28,"서울특별시 강남구 압구정로 407 (압구정동, 갤러리아백화점)",정상영업,1,01,0234494406,대규모점포,,,서울특별시 강남구 압구정동 515호,2023-03-28 11:23:26
3220000,2001322008307500009,1980-05-19,,영업/정상,,,,,0,,,청담삼익시장,그 밖의 대규모점포,I,2025-12-15 16:15:28,서울특별시 강남구 학동로101길 26 (청담동),정상영업,1,01,025427121,대규모점포,205034.15838707     ,446675.932361885    ,서울특별시 강남구 청담동 134번지 20호,2019-08-31 11:00:08
3220000,2001322008307500011,1985-02-06,,영업/정상,,,,,0,,,그랑프리,그 밖의 대규모점포,I,2025-12-15 16:15:28,"서울특별시 강남구 남부순환로 2912 (대치동, 개포우성아파트)",정상영업,1,01,0234589571,대규모점포,,,서울특별시 강남구 대치동 500호,2013-12-30 13:29:06
3220000,2001322008307500012,1979-04-16,,영업/정상,,,,,0,,,청실종합상가,그 밖의 대규모점포,I,2025-12-15 16:15:28,서울특별시 강남구 남부순환로 2917 (대치동),정상영업,1,01,025549645,대규모점포,,,서울특별시 강남구 대치동 626호,2013-12-30 13:35:07
3220000,2001322008307500015,1984-05-25,,영업/정상,,,,,2105.31,,,대치종합상가,그 밖의 대규모점포,I,2025-12-15 16:15:28,서울특별시 강남구 삼성로64길 41 (대치동),정상영업,1,01,025664105,대규모점포,205558.159926896    ,444312.078934352    ,서울특별시 강남구 대치동 977번지 12  호,2019-08-31 12:34:20
3220000,2001322008307500019,1994-06-15,,영업/정상,,,,,0,,,대치1단지상가,그 밖의 대규모점포,I,2025-12-15 16:15:28,"서울특별시 강남구 개포로109길 5 (개포동, 대청아파트)",정상영업,1,01,024511400,대규모점포,,,서울특별시 강남구 개포동 12호,2013-12-30 11:44:18
3220000,2001322008307500020,1994-06-15,,영업/정상,,,,,0,,,대치2단지상가,그 밖의 대규모점포,I,2025-12-15 16:15:28,"서울특별시 강남구 개포로109길 21 (개포동, 대청아파트)",정상영업,1,01,024598720,대규모점포,,,서울특별시 강남구 개포동 12호,2013-12-30 11:00:46
3220000,2001322008307500021,1994-06-15,,영업/정상,,,,,0,,,수서1-2단지상가,그 밖의 대규모점포,I,2025-12-15 16:15:28,"서울특별시 강남구 양재대로55길 6 (일원동, 도시개발아파트)",정상영업,1,01,024599891,대규모점포,207748.487100942    ,443240.945026406    ,서울특별시 강남구 일원동 711번지 1호,2013-12-30 10:53:10
3220000,2001322008307500022,1994-06-15,2010-09-08,취소/말소/만료/정지/중지,,,,,0,,,일원마트,그 밖의 대규모점포,I,2025-12-15 16:15:28,,직권취소,4,04,025550000,,,,서울특별시 강남구 일원동 647호,2010-09-08 17:44:37
3220000,2001322008307500024,1997-06-30,,영업/정상,,,,,,,,진솔물산,그 밖의 대규모점포,I,2025-12-15 16:15:28,,정상영업,1,01,0234662620,,202557.007830645    ,443648.622539856    ,서울특별시 강남구 역삼동 826번지 14호   ,2007-07-14 10:53:01
3220000,2001322008307500026,1985-11-30,,영업/정상,,,,,37604.54,135-724,,(주)현대백화점 본점,백화점,I,2025-12-15 16:15:28,"서울특별시 강남구 압구정로 165 (압구정동, 현대백화점본점)",정상영업,1,01,0234495722,대규모점포,,,서울특별시 강남구 압구정동 429번지,2024-03-06 11:13:26
3220000,2001322008307500027,1988-10-10,,영업/정상,,,,,46111.46,,,현대백화점 무역센터점,백화점,I,2025-12-15 16:15:28,"서울특별시 강남구 테헤란로 517 (삼성동, 무역센터현대백화점)",정상영업,1,01,025522233,대규모점포,205210.358779172    ,445154.42225208     ,서울특별시 강남구 삼성동 159번지 7호,2024-04-15 15:43:10
3220000,2001322008307500028,1985-03-18,,영업/정상,,,,,15358,,,갤러리아백화점(서관),백화점,I,2025-12-15 16:15:28,"서울특별시 강남구 압구정로 343 (압구정동, 갤러리아백화점)",정상영업,1,01,0234494305,대규모점포,,,서울특별시 강남구 압구정동 494호,2023-03-28 11:22:24
3220000,2001322008307500029,2000-06-16,,영업/정상,,,,,26532,,,롯데백화점(강남점),백화점,I,2026-01-08 22:18:10,서울특별시 강남구 도곡로 401 (대치동),정상영업,1,01,025312902,대규모점포,,,서울특별시 강남구 대치동 937호,2022-05-04 16:04:56
3220000,2001322008307500030,1988-10-19,,영업/정상,,,,,7940,135-732,,파르나스몰(PARNAS MALL),쇼핑센터,I,2025-12-15 16:15:28,서울특별시 강남구 테헤란로 521 (삼성동),정상영업,1,01,025597044,대규모점포,205314.159889285    ,445204.709309676    ,서울특별시 강남구 삼성1동 159번지 8호 그랜드인터콘티넨탈호텔(지하1층),2022-01-17 18:12:19
3220000,2001322008307500031,2000-05-01,,영업/정상,,,,,5683.94,,,웨스틴 서울 파르나스 아케이드,쇼핑센터,I,2025-12-15 16:15:28,서울특별시 강남구 봉은사로 524 (삼성동),정상영업,1,01,025597049,대규모점포,,,서울특별시 강남구 삼성동 159호,2025-08-11 16:11:16
3220000,2001322008307500032,2000-05-03,,영업/정상,,,,,80038,135-731,,코엑스 몰,복합쇼핑몰,I,2025-12-15 16:15:28,서울특별시 강남구 영동대로 513 (삼성동),정상영업,1,01,0260025309,대규모점포,205340.631121567    ,445354.571117445    ,서울특별시 강남구 삼성동 159번지 1호 외,2024-04-03 09:54:25
3220000,2001322008307500010,1983-10-11,,폐업,2010-12-30,,,,0,,,삼성종합시장,시장,I,2025-12-15 16:15:28,서울특별시 강남구 봉은사로72길 39 (삼성동),폐업처리,3,03,025623886,대규모점포,204582.09981345     ,445311.806281605    ,서울특별시 강남구 삼성동 122번지 8 호,2013-12-30 10:33:56
3220000,2001322008307500016,1981-04-14,,폐업,2013-02-20,,,,0,,,역삼시장,시장,I,2025-12-15 16:15:28,서울특별시 강남구 역삼로52길 14 (역삼동),폐업처리,3,03,025673424,대규모점포,,,서울특별시 강남구 역삼동 796번지 22  호,2013-12-30 09:39:50
3220000,2001322008307500017,1974-12-27,,폐업,2013-02-20,,,,0,,,역삼시장,그 밖의 대규모점포,I,2025-12-15 16:15:28,서울특별시 강남구 역삼로52길 14 (역삼동),폐업처리,3,03,025673504,대규모점포,204170.278135097    ,444036.656041328    ,서울특별시 강남구 역삼동 754번지 2  호,2013-12-27 14:44:37
3220000,2001322008307500018,1992-12-26,,폐업,2021-05-13,,,,0,,,수서종합상가,그 밖의 대규모점포,I,2025-12-15 16:15:28,"서울특별시 강남구 광평로51길 49 (수서동, 주공아파트)",폐업처리,3,03,024591567,대규모점포,,,서울특별시 강남구 수서동 707호,2021-05-13 14:52:55
3220000,2001322008307500023,1997-05-24,,폐업,2009-09-22,,,,0,,,미씨-860,그 밖의 대규모점포,I,2025-12-15 16:15:28,,폐업처리,3,03,0234135119,,206970.919291372    ,443574.411625824    ,서울특별시 강남구 개포동 13번지 3 호,2010-08-24 09:23:50
3220000,2001322008307500025,1997-09-02,,폐업,2012-12-20,,,,0,,,(주)재능스스로마트,그 밖의 대규모점포,I,2025-12-15 16:15:28,,폐업처리,3,03,025743600,대규모점포,,,서울특별시 강남구 도곡동 464호,2012-12-26 18:30:38
3220000,2001322008307500033,1991-12-30,,폐업,2010-02-10,,,,0,,,서울상록회관,대형마트,I,2025-12-15 16:15:28,,폐업처리,3,03,025602637,,,,서울특별시 강남구 역삼동 701호,2010-02-10 17:46:05
3220000,2008322012707500001,2006-10-18,,폐업,2019-08-31,,,,0,135-080,,(주)신세계마트 이마트 역삼점,대형마트,I,2025-12-15 16:15:28,서울특별시 강남구 역삼로 310 (역삼동),폐업처리,3,03,0269081051,대규모점포,,,서울특별시 강남구 역삼동 755번지,2019-08-31 10:56:55
3220000,2009322024907500001,2009-11-09,,폐업,2025-08-31,,,,223,,06301,홈플러스익스프레스 도곡2점,구분없음,I,2025-12-15 16:15:28,"서울특별시 강남구 논현로28길 9, 유진빌딩 (도곡동)",폐업처리,3,03,34638545,준대규모점포,203764.786572817    ,442286.229201457    ,서울특별시 강남구 도곡동 518-8 유진빌딩,2025-09-01 09:29:44
3220000,2011322016207500001,2011-04-12,,폐업,2019-08-31,,,,3200.38,135-948,,SSG Food Market 백화점,백화점,I,2025-12-15 16:15:28,서울특별시 강남구 도산대로 442 (청담동),폐업처리,3,03,027271381,대규모점포,203789.588128352    ,446796.128299612    ,서울특별시 강남구 청담동 4번지 1호 외 9필지,2019-08-31 10:57:33
3220000,2012322016207500002,2012-04-05,,폐업,2017-03-13,,,,992.68,,06059,(주)지에스리테일 논현점,구분없음,I,2025-12-15 16:15:28,"서울특별시 강남구 학동로43길 38, 지하2층 (논현동, 논현웰스톤)",폐업처리,3,03,0221387230,준대규모점포,,,,2017-03-13 09:16:41
3230000,2014323019807500009,2011-11-08,,영업/정상,,,,,959.73,,,(주)지에스리테일 잠실점,구분없음,I,2025-12-15 16:15:28,서울특별시 송파구 올림픽로 203 (잠실동),정상영업,1,01,024233774,준대규모점포,,,,2016-02-03 18:14:33
3230000,2014323019807500010,2014-07-17,,영업/정상,,,,,52792.2,138-240,,롯데월드몰,쇼핑센터,I,2025-12-15 16:15:28,서울특별시 송파구 올림픽로 300 (신천동),정상영업,1,01,024115100,대규모점포,,,서울특별시 송파구 신천동 29번지,2024-03-25 09:12:55
3230000,2014323019807500011,2014-07-17,,영업/정상,,,,,31680.32,,05551,롯데백화점 에비뉴엘 월드타워점,백화점,I,2026-01-22 22:18:10,"서울특별시 송파구 올림픽로 300, 롯데월드타워앤드롯데월드몰 (신천동)",정상영업,1,01,0221462181,대규모점포,,,서울특별시 송파구 신천동 29 롯데월드타워앤드롯데월드몰,2026-01-21 17:52:54
3230000,2014323019807500012,2014-07-17,,영업/정상,,,,,6665.89,,05551,롯데쇼핑(주) 롯데마트 월드타워점,대형마트,I,2026-01-15 22:18:10,"서울특별시 송파구 올림픽로 300, 롯데월드타워앤드롯데월드몰 (신천동)",정상영업,1,01,0221458494,대규모점포,,,서울특별시 송파구 신천동 29번지 롯데월드타워앤드롯데월드몰,2026-01-14 21:52:13
3230000,2014323019807500014,2014-07-18,,영업/정상,,,,,4507.29,138-731,,롯데하이마트 월드타워점,전문점,I,2025-12-15 16:15:28,서울특별시 송파구 올림픽로 300-0 (신천동),정상영업,1,01,0220505298,대규모점포,,,서울특별시 송파구 신천동 29번지,2016-10-17 16:47:27
3230000,2020323026107500001,2020-01-29,,영업/정상,,,,2020-02-06,199.1,,05605,홈플러스 익스프레스 삼전역점,구분없음,I,2025-12-15 16:15:28,"서울특별시 송파구 백제고분로 207 (삼전동, 제이 플레이스)",정상영업,1,01,,준대규모점포,,,서울특별시 송파구 삼전동 9번지 제이 플레이스,2025-10-13 23:38:07
3230000,2020323026107500002,2020-07-24,,영업/정상,,,,2020-08-11,727,,05698,이마트에브리데이 송파점,구분없음,I,2025-12-15 16:15:28,"서울특별시 송파구 송파대로 345 (가락동, 헬리오시티)",정상영업,1,01,,준대규모점포,,,서울특별시 송파구 가락동 479 헬리오시티,2024-07-24 16:44:03
3230000,2020323026107500003,2020-07-24,,영업/정상,,,,2020-08-20,182,,05783,롯데프레시송파가락가맹점,구분없음,I,2025-12-15 16:15:28,서울특별시 송파구 동남로20길 24 (가락동),영업개시전,5,01,,준대규모점포,211822.100655974    ,443697.739713172    ,서울특별시 송파구 가락동 191-5,2020-09-02 17:15:35
3230000,1978323007807500003,1978-03-07,,휴업,,,,,0,,,주-한화유통,그 밖의 대규모점포,I,2025-12-15 16:15:28,서울특별시 송파구 송파대로 562 (신천동),휴업처리,2,02,,,208730.633457015    ,445905.025545443    ,서울특별시 송파구 신천동 7번지 17호   ,2007-07-14 12:03:48
3230000,1981323007807500014,1998-03-17,,영업/정상,,,,,7961,,,송파쇼핑센타,그 밖의 대규모점포,I,2025-12-15 16:15:28,서울특별시 송파구 마천로 315 (마천동),정상영업,1,01,024310611,대규모점포,,,서울특별시 송파구 마천동 181호,2023-11-16 11:30:08
3230000,1988323007807500002,1978-03-28,,영업/정상,,,,,9815,,,잠실중앙상가,그 밖의 대규모점포,I,2026-01-22 22:18:10,서울특별시 송파구 올림픽로 203 (잠실동),정상영업,1,01,024225851,대규모점포,208187.623477261    ,445589.718583334    ,서울특별시 송파구 잠실동 27번지 6호,2026-01-21 17:29:55
3230000,1989323007807500001,1989-06-07,,영업/정상,,,,,10802,,,올림픽프라자상가,그 밖의 대규모점포,I,2025-12-15 16:15:28,서울특별시 송파구 양재대로 1222 (방이동),정상영업,1,01,024000198,대규모점포,211619.368009793    ,445963.384875409    ,서울특별시 송파구 방이동 89번지 11호 프라자상가,2011-12-21 15:00:42
3230000,1989323007807500015,1998-08-19,,영업/정상,,,,,20982,,,롯데쇼핑(주)롯데마트 제타플렉스 잠실점,대형마트,I,2026-01-15 22:18:10,서울특별시 송파구 올림픽로 240 (잠실동),정상영업,1,01,024118411,대규모점포,208589.363343145    ,445455.90405262     ,서울특별시 송파구 잠실동 40번지 1호,2026-01-14 21:47:39
3230000,1998323013107500001,1988-11-12,,영업/정상,,,,,72582.24,,,롯데백화점 잠실점,백화점,I,2026-01-22 22:18:10,서울특별시 송파구 올림픽로 240 (잠실동),정상영업,1,01,024115551,대규모점포,208589.363343145    ,445455.90405262     ,서울특별시 송파구 잠실동 40번지 1호,2026-01-21 17:42:32
3230000,2002323007807500002,2000-07-13,,영업/정상,,,,,17693,,,롯데쇼핑(주)롯데마트 송파점,대형마트,I,2026-01-15 22:18:10,서울특별시 송파구 중대로 80 (문정동),정상영업,1,01,0220067710,대규모점포,210343.699256005    ,443288.284974717    ,서울특별시 송파구 문정동 150번지 2호,2026-01-14 21:50:56
3230000,2005323007807500002,2005-02-24,,영업/정상,,,,,7383.45,,,갤러리아팰리스 아케이드,그 밖의 대규모점포,I,2025-12-15 16:15:28,서울특별시 송파구 올림픽로 212 (잠실동),정상영업,1,01,0221454942,대규모점포,,,서울특별시 송파구 잠실동 40호,2011-12-21 14:59:19
3230000,2005323007807500003,2005-12-09,,영업/정상,,,,,13400,,,롯데캐슬플라자,쇼핑센터,I,2026-01-22 22:18:10,서울특별시 송파구 올림픽로 269 (신천동),정상영업,1,01,0221462003,대규모점포,208836.192051204    ,445807.727388799    ,서울특별시 송파구 신천동 7번지 18호,2026-01-21 17:54:58
3230000,2007323013107500001,2007-07-09,,영업/정상,,,,,13934.64,,,홈플러스(주)잠실점,대형마트,I,2025-12-15 16:15:28,서울특별시 송파구 올림픽로35가길 16 (신천동),정상영업,1,01,0234688122,대규모점포,209039.148023482    ,446007.966801057    ,서울특별시 송파구 신천동 7번지 12  호,2024-03-05 15:16:33
3230000,2008323013107500001,1973-12-14,,영업/정상,,,,1973-12-14,3871,138-120,,마천시장,그 밖의 대규모점포,I,2025-12-15 16:15:28,서울특별시 송파구 마천로45길 23 (마천동),정상영업,1,01,0230125535,대규모점포,213247.196130934    ,444020.568495222    ,서울특별시 송파구 마천동 140번지 2호,2016-07-26 13:39:23
3230000,2008323013107500002,1982-01-29,,영업/정상,,,,1982-01-29,7225,138-220,,프리마 쇼핑센타,그 밖의 대규모점포,I,2025-12-15 16:15:28,서울특별시 송파구 올림픽로4길 40 (잠실동),정상영업,1,01,,대규모점포,206397.34797252     ,444963.233863255    ,서울특별시 송파구 잠실동 101번지 1호,2011-12-21 14:55:39
3230000,2008323013107500003,1983-07-16,,영업/정상,,,,1988-08-25,2771,138-190,,엄마손상가,그 밖의 대규모점포,I,2025-12-15 16:15:28,서울특별시 송파구 가락로 103 (석촌동),정상영업,1,01,,대규모점포,209440.726523187    ,444369.495694674    ,서울특별시 송파구 석촌동 277번지 2호,2014-07-30 10:02:07
3230000,2009323013107500001,2009-05-11,,영업/정상,,,,,84471,138-200,,가든파이브 툴,쇼핑센터,I,2025-12-15 16:15:28,서울특별시 송파구 충민로 10 (문정동),정상영업,1,01,0221574024,대규모점포,,,서울특별시 송파구 문정동 292번지 외 29필지,2023-01-16 17:51:49
3230000,2009323013107500002,2009-05-11,,영업/정상,,,,,145244.54,138-200,,가든파이브 라이프,그 밖의 대규모점포,I,2025-12-15 16:15:28,서울특별시 송파구 충민로 66 (문정동),정상영업,1,01,21570118,대규모점포,,,서울특별시 송파구 문정동 516번지,2015-04-17 09:53:53
3230000,2009323013107500003,2009-06-30,,영업/정상,,,,,3004,138-130,,올림픽파크동부센트레빌 상가,그 밖의 대규모점포,I,2025-12-15 16:15:28,서울특별시 송파구 양재대로72길 5 (오금동),정상영업,1,01,,대규모점포,,,서울특별시 송파구 오금동 615번지  올림픽파크동부센트레빌 상가,2011-12-21 14:50:36
3230000,2011323019807500001,1984-02-08,,영업/정상,,,,,5269,138-851,,한화 송파지점,그 밖의 대규모점포,I,2026-01-13 22:18:10,서울특별시 송파구 가락로 183 (송파동),정상영업,1,01,024166006,대규모점포,,,서울특별시 송파구 송파1동 121번지,2026-01-12 09:24:51
3230000,2011323019807500002,1997-02-18,,영업/정상,,,,,3719.38,138-808,,쌍용프라자 상가,그 밖의 대규모점포,I,2025-12-15 16:15:28,서울특별시 송파구 동남로 189 (가락동),정상영업,1,01,024037008,대규모점포,,,서울특별시 송파구 가락2동 140번지,2017-05-25 14:28:03
3230000,2011323019807500003,2011-08-29,,영업/정상,,,,,300.01,138-908,,롯데쇼핑(주)롯데슈퍼신천점,구분없음,I,2026-01-14 22:18:10,서울특별시 송파구 올림픽로 111 (잠실동),정상영업,1,01,22905853,준대규모점포,207270.219021574    ,445550.277249649    ,서울특별시 송파구 잠실2동 19번지 8호,2026-01-13 18:00:13
3230000,2011323019807500004,2011-08-29,,영업/정상,,,,,288,138-915,,롯데쇼핑(주)롯데슈퍼잠실3동점,구분없음,I,2026-01-14 22:18:10,서울특별시 송파구 석촌호수로 61 (잠실동),정상영업,1,01,22905853,준대규모점포,207553.918225133    ,445383.338011122    ,서울특별시 송파구 잠실3동 35번지 2호,2026-01-13 17:47:25
3230000,2011323019807500005,2011-09-05,,영업/정상,,,,,172.8,138-828,,롯데쇼핑(주)롯데슈퍼방이점,구분없음,I,2026-01-14 22:18:10,서울특별시 송파구 올림픽로32길 20 (방이동),정상영업,1,01,34315602,준대규모점포,209576.621957045    ,445779.100983519    ,서울특별시 송파구 방이2동 63번지 11호,2026-01-13 17:54:01
3230000,2012323019807500002,2012-01-20,,영업/정상,,,,,326.92,138-803,,(주)이마트에브리데이 가락동점,구분없음,I,2025-12-15 16:15:28,서울특별시 송파구 중대로9길 35 (가락동),정상영업,1,01,028483651,준대규모점포,210391.461980814    ,443796.02703891     ,서울특별시 송파구 가락동 88번지 2호,2024-07-24 16:45:27
3230000,2012323019807500003,2012-04-05,,영업/정상,,,,,693,138-779,,롯데쇼핑(주)롯데슈퍼송파점,구분없음,I,2026-01-14 22:18:10,"서울특별시 송파구 가락로 183, 1층 6,7호 (송파동)",정상영업,1,01,,준대규모점포,,,"서울특별시 송파구 송파2동 121번지 한양2차아파트 1층 6,7호호",2026-01-13 18:01:52
3230000,2012323019807500004,2012-03-30,,영업/정상,,,,,203.3,138-879,,롯데쇼핑(주)롯데슈퍼풍납점,구분없음,I,2026-01-14 22:18:10,서울특별시 송파구 강동대로9길 20 (풍납동),정상영업,1,01,22905853,준대규모점포,210274.185529862    ,447307.649759292    ,서울특별시 송파구 풍납2동 400번지 5호   101호,2026-01-13 17:57:03
3230000,2012323019807500005,2012-04-05,,영업/정상,,,,,105.5,138-845,,롯데쇼핑(주)롯데슈퍼석촌점,구분없음,I,2025-12-15 16:15:28,서울특별시 송파구 백제고분로34길 3 (석촌동),정상영업,1,01,22905853,준대규모점포,208675.812751826    ,444446.053485778    ,서울특별시 송파구 석촌동 235번지 17호,2017-04-19 14:05:59
3230000,2012323019807500006,2012-04-05,,영업/정상,,,,,1662.6,138-130,,농협하나로마트방이역점,구분없음,I,2025-12-15 16:15:28,서울특별시 송파구 양재대로72길 5 (오금동),정상영업,1,01,024002007,준대규모점포,,,서울특별시 송파구 오금동 615번지,2024-10-15 13:09:40
3230000,2013323019807500002,2011-12-02,,영업/정상,,,,,835,138-814,,홈플러스(주)익스프레스 거여점,구분없음,I,2025-12-15 16:15:28,서울특별시 오금로 512,정상영업,1,01,0230128545,준대규모점포,212800.699970729    ,443397.261935451    ,서울특별시 송파구 거여2동 27번지 5호 B101호,2024-03-22 14:18:26
3230000,2013323019807500003,2011-09-05,,영업/정상,,,,,213.2,138-933,,홈플러스(주)익스프레스 잠실점,구분없음,I,2025-12-15 16:15:28,서울특별시 송파구 석촌호수로 133 (잠실동),정상영업,1,01,024188545,준대규모점포,208045.233042977    ,445054.410833743    ,서울특별시 송파구 잠실4동 44번지 1호,2024-03-22 16:16:51
3230000,2013323019807500004,2011-09-05,,영업/정상,,,,,398.6,,,홈플러스(주) 익스프레스 송파점,구분없음,I,2025-12-15 16:15:28,서울특별시 송파구 가락로28길 7 (송파동),정상영업,1,01,0234318545,준대규모점포,,,,2024-03-22 14:17:19
3230000,2013323019807500005,2012-03-30,,영업/정상,,,,,323,,,홈플러스(주)익스프레스 풍납점,구분없음,I,2025-12-15 16:15:28,서울특별시 송파구  올림픽로51길  52 (풍납동),정상영업,1,01,0204748542,준대규모점포,,,서울특별시 송파구 풍납동 163번지,2024-03-22 16:25:30
3230000,2013323019807500006,2013-06-19,,영업/정상,,,,,3493.73,138-721,,롯데하이마트잠실점,전문점,I,2025-12-15 16:15:28,서울특별시 송파구 올림픽로 240 (잠실동),정상영업,1,01,0220505001,대규모점포,208589.363343145    ,445455.90405262     ,서울특별시 송파구 잠실3동 40번지 1호 롯데월드,2017-07-24 11:23:43
3230000,2014323019807500001,2011-08-10,,영업/정상,,,,,883,,,(주)지에스리테일 송파점,구분없음,I,2025-12-15 16:15:28,"서울특별시 송파구 동남로 189 (가락동, 쌍용아파트)",정상영업,1,01,0234016251,준대규모점포,,,,2025-04-21 18:37:17
3230000,2014323019807500003,2011-10-25,,영업/정상,,,,,572.18,,,(주)지에스리테일 방이점,구분없음,I,2025-12-15 16:15:28,"서울특별시 송파구 오금로31가길 20 (방이동, 대림아파트)",정상영업,1,01,024185853,준대규모점포,,,,2025-05-08 11:12:45
3230000,2014323019807500005,2011-10-25,,영업/정상,,,,,617.57,,,(주)지에스리테일 잠실파크리오점,구분없음,I,2025-12-15 16:15:28,"서울특별시 송파구 올림픽로 435 (신천동, 파크리오아파트)",정상영업,1,01,0221353211,준대규모점포,,,,2025-04-29 10:33:59
3230000,2014323019807500007,2011-10-25,,영업/정상,,,,,314.01,,,(주)지에스리테일 송파가락점,구분없음,I,2025-12-15 16:15:28,서울특별시 송파구 오금로46길 49 (가락동),정상영업,1,01,024014600,준대규모점포,,,,2025-04-29 10:23:02
3230000,2014323019807500008,2011-11-08,,영업/정상,,,,,505.07,,,(주)지에스리테일 송파2점,구분없음,I,2025-12-15 16:15:28,서울특별시 송파구 오금로32길 32 (송파동),정상영업,1,01,024132252,준대규모점포,,,,2025-06-10 10:12:28
3230000,1980323007807500002,1980-03-07,,폐업,2009-06-29,,,,0,,,석우종합시장,그 밖의 대규모점포,I,2025-12-15 16:15:28,,폐업처리,3,03,024044946,,,,서울특별시 송파구 오금동 1번지 11호,2009-06-29 17:26:38
3230000,1980323007807500007,1980-06-14,,폐업,2016-03-22,,,,27690,138-796,,장미종합상가,그 밖의 대규모점포,I,2025-12-15 16:15:28,서울특별시 송파구 올림픽로35길 124 (신천동),폐업처리,3,03,,대규모점포,,,서울특별시 송파구 신천동 7번지,2016-03-22 08:41:52
3230000,1988323007807500001,1988-08-19,,폐업,1988-08-20,,,,0,,,주-화신유통,,I,2025-12-15 16:15:28,서울특별시 송파구 새말로 176 (문정동),폐업처리,3,03,024275393,,,,서울특별시 송파구 문정동 112호,2008-07-17 17:35:36
3230000,1996323007807500012,1996-11-05,,폐업,2001-07-12,,,,1,,,가락동포스코주상복합상가,그 밖의 대규모점포,I,2025-12-15 16:15:28,서울특별시 송파구 중대로 135 (가락동),폐업처리,3,03,,,,,서울특별시 송파구 가락동 78호,2008-07-17 16:15:09
3230000,2001323007807500006,1988-06-14,,폐업,2001-05-26,,,,0,,,갤러리아 잠실점,그 밖의 대규모점포,I,2025-12-15 16:15:28,서울특별시 송파구 올림픽로 212 (잠실동),폐업처리,3,03,,,,,서울특별시 송파구 잠실동 40호,2008-07-17 15:37:51
3230000,2010323019807500001,2010-04-24,,폐업,2016-05-31,,,,311.4,138-814,,롯데쇼핑(주)롯데슈퍼거여점,구분없음,I,2025-12-15 16:15:28,서울특별시 송파구 오금로 507 (거여동),폐업처리,3,03,22905853,준대규모점포,212769.337053978    ,443460.333645388    ,서울특별시 송파구 거여2동 37번지 3호,2017-04-14 10:15:12
3230000,2012323019807500001,2012-03-21,,폐업,2012-03-21,,,,9815,138-916,,(유)잠실중앙상가,그 밖의 대규모점포,I,2025-12-15 16:15:28,서울특별시 송파구 올림픽로 203 (잠실동),폐업처리,3,03,,대규모점포,,,서울특별시 송파구 잠실3동,2017-07-24 11:36:42
3230000,2013323019807500001,2011-11-02,,폐업,2018-05-29,2018-04-01,2019-01-15,,260,138-837,,홈플러스(주)익스프레스 삼전점,구분없음,I,2025-12-15 16:15:28,서울특별시 송파구 백제고분로 207 (삼전동),폐업처리,3,03,0234598000,준대규모점포,207869.041788408    ,444656.547305861    ,서울특별시 송파구 삼전동 9번지 19호,2018-06-04 08:00:07
3230000,2014323019807500002,2011-08-31,,폐업,2016-03-22,,,,224,,,(주)지에스리테일 문정점,구분없음,I,2025-12-15 16:15:28,서울특별시 송파구 새말로 136 (문정동),폐업처리,3,03,024098880,준대규모점포,,,,2016-03-22 11:19:37
3230000,2014323019807500004,2011-10-25,,폐업,2016-06-01,,,,182,,,홈플러스익스프레스 송파2점,구분없음,I,2025-12-15 16:15:28,서울특별시 송파구 백제고분로 387 (송파동),폐업처리,3,03,024158545,준대규모점포,,,,2017-04-14 10:11:22
3230000,2014323019807500006,2010-10-25,,폐업,2017-03-08,,,,593.5,,,(주)지에스리테일 삼전점,구분없음,I,2025-12-15 16:15:28,서울특별시 송파구 석촌호수로 156 (삼전동),폐업처리,3,03,0221388841,준대규모점포,,,,2017-03-10 17:21:04
3230000,2014323019807500013,2014-07-17,,폐업,2016-11-30,,,,9800.99,,05551,롯데면세점 월드타워점,전문점,I,2025-12-15 16:15:28,서울특별시 송파구 올림픽로 300 (신천동),폐업처리,3,03,024119539,대규모점포,,,서울특별시 송파구 신천동 29번지,2016-11-30 17:47:35
3230000,2016323023107500001,2016-10-20,,폐업,2022-10-31,,,,2101.86,,,롯데프리미엄푸드마켓 문정점,구분없음,I,2025-12-15 16:15:28,서울특별시 송파구 송파대로 111-0 (문정동),폐업처리,3,03,0222905710,준대규모점포,,,,2022-11-02 16:35:12
3230000,2016323023107500002,2016-12-29,,폐업,2021-11-18,,,,644.82,,05841,노브랜드 문정점,구분없음,I,2025-12-15 16:15:28,"서울특별시 송파구 법원로 55, 상가D동 401외 5호 (문정동, 송파아이파크)",폐업처리,3,03,023809461,준대규모점포,,,,2021-11-30 10:42:51
3230000,2023323029107500002,2023-02-27,,영업/정상,,,,,444.37,,05837,GS THE FRESH 송파하비오점,구분없음,I,2025-12-15 16:15:28,"서울특별시 송파구 송파대로 111, 하비오길동 제1층 호텔로 202동 (문정동, 파크하비오)",정상영업,1,01,0220062747,준대규모점포,,,서울특별시 송파구 문정동 618 파크하비오,2025-05-08 11:20:10
3230000,2023323029107500003,2023-12-07,,영업/정상,,,,,197.2,,05612,GS THE FRESH 송파석촌호수점,구분없음,I,2025-12-15 16:15:28,서울특별시 송파구 백제고분로33길 25 (석촌동),정상영업,1,01,,준대규모점포,208648.850084121    ,444767.440404014    ,서울특별시 송파구 석촌동 5-8,2025-05-08 11:12:20
3230000,2024323029107500001,2024-04-19,,영업/정상,,,,,168.16,,05546,GS THE FRESH 송파나루역점,구분없음,I,2025-12-15 16:15:28,"서울특별시 송파구 올림픽로32길 53, 1층 (방이동)",정상영업,1,01,0220062364,준대규모점포,209841.106799057    ,445595.125934631    ,서울특별시 송파구 방이동 103-15,2025-04-29 10:36:21
3230000,2024323029107500002,2024-08-27,,영업/정상,,,,,281.64,,05806,GS THE FRESH 문정역점,구분없음,I,2025-12-15 16:15:28,"서울특별시 송파구 문정로 1, 지층 B104호-B107호 (문정동, 문정역 마에스트로)",정상영업,1,01,0220062364,준대규모점포,210813.51310976     ,442691.180644406    ,서울특별시 송파구 문정동 55-6 문정역 마에스트로,2025-05-08 11:25:25
3230000,2025323029107500001,2025-11-26,,영업/정상,,,,,616.14,,05508,GS THE FRESH 잠실래미안점,구분없음,I,2025-12-15 16:15:28,"서울특별시 송파구 올림픽로35길 45, 잠실래미안아이파크 단지내 상가 B101~B106호 (신천동)",영업개시전,5,01,0220062364,준대규모점포,209720.290631496    ,446244.350393389    ,서울특별시 송파구 신천동 20-4 래미안아이파크 단지내 상가 B101~B106,2025-11-26 15:37:53
3230000,2023323029107500001,2023-02-01,,영업/정상,,,,,164.83,,05767,GS THE FRESH 송파시그니처점,구분없음,I,2025-12-15 16:15:28,"서울특별시 송파구 거마로 56(거여동, 송파시그니처롯데캐슬)",정상영업,1,01,0220062747,준대규모점포,213149.522764117    ,443705.473072412    ,서울특별시 송파구 거여동 202-180 송파시그니처롯데캐슬,2025-05-08 11:15:05
3240000,1968324010907500001,1968-10-23,,폐업,2019-02-01,,,,1735.5,134-873,,천호시장,그 밖의 대규모점포,I,2025-12-15 16:15:28,서울특별시 강동구 구천면로 205 (천호동),폐업처리,3,03,024782191,대규모점포,211196.195653708    ,448722.851784118    ,서울특별시 강동구 천호동 421번지 1호,2019-02-06 12:27:14
3240000,2025324028907500006,2025-09-15,,영업/정상,,,,,8884.28,,05410,올림픽파크포레온 스테이션9,그 밖의 대규모점포,I,2025-12-15 16:15:28,"서울특별시 강동구 양재대로 1300 (둔촌동, 올림픽파크포레온)",정상영업,1,01,,대규모점포,212027.481158905    ,446598.591776331    ,서울특별시 강동구 둔촌동 174-1 올림픽파크포레온,2025-11-25 16:52:26
3240000,2011324013907500001,2011-09-27,,폐업,2017-10-12,,,,1153.33,134-819,,(주)지에스리테일 둔촌점,구분없음,I,2025-12-15 16:15:28,서울특별시 강동구 양재대로 1330 (둔촌동),폐업처리,3,03,,준대규모점포,211979.520569314    ,446932.653730601    ,서울특별시 강동구 둔촌1동 172번지 1호,2018-03-26 08:46:26
3240000,2011324013907500003,2011-09-27,,폐업,2017-03-29,,,,1111.79,134-832,,(주)지에스리테일 주양점,구분없음,I,2025-12-15 16:15:28,"서울특별시 강동구 고덕로62길 55, 지하1층 (명일동)",폐업처리,3,03,,준대규모점포,,,서울특별시 강동구 명일동 48번지 지하1층,2017-03-29 15:49:30
3240000,2011324013907500004,2011-09-27,,폐업,2017-03-19,,,,585.01,134-859,,(주)지에스리테일 암사점,구분없음,I,2025-12-15 16:15:28,서울특별시 강동구 구천면로 317 (암사동),폐업처리,3,03,,준대규모점포,211856.46923171     ,449540.660436957    ,서울특별시 강동구 암사1동 488번지 21호,2017-03-21 15:35:12
3240000,2011324013907500009,2011-09-27,,폐업,2012-03-22,,,,369,134-857,,롯데슈퍼암사가맹점,대형마트,I,2025-12-15 16:15:28,,폐업처리,3,03,,준대규모점포,,,서울특별시 강동구 암사1동 461번지 외6필지,2012-03-26 16:00:26
3240000,2011324013907500011,2011-10-07,,폐업,2017-11-07,,,,1103.74,134-771,,(주)농협유통 하나로마트 둔촌점,구분없음,I,2025-12-15 16:15:28,"서울특별시 강동구 양재대로 1330, 지하1층 (둔촌동, 둔촌종합상가)",폐업처리,3,03,,준대규모점포,211979.520569314    ,446932.653730601    ,서울특별시 강동구 둔촌동 172번지 1호 둔촌종합상가 지하1층,2017-11-07 19:17:52
3240000,2011324013907500013,2011-10-07,,폐업,2017-12-13,,,,196.39,134-031,,롯데쇼핑㈜롯데슈퍼강동점,구분없음,I,2025-12-15 16:15:28,서울특별시 강동구 천호대로 1078 (성내동),폐업처리,3,03,024855607,준대규모점포,211532.353686299    ,448182.588454494    ,서울특별시 강동구 성내1동 164번지 1호,2017-12-29 08:55:55
3240000,2011324013907500015,2011-10-07,,폐업,2014-05-31,,,,1128,134-061,,롯데쇼핑(주)롯데슈퍼둔촌점,대형마트,I,2025-12-15 16:15:28,서울특별시 강동구 풍성로63길 84 (둔촌동),폐업처리,3,03,024745601,준대규모점포,,,서울특별시 강동구 둔촌1동 444번지,2014-06-16 08:05:17
3240000,2011324017507500001,2011-11-28,,폐업,2023-03-24,,,,363.69,,,(주)이마트에브리데이 암사동점,구분없음,I,2025-12-15 16:15:28,서울특별시 강동구 고덕로 99 (암사동),폐업처리,3,03,0222963651,준대규모점포,,,,2023-03-21 18:54:48
3240000,2014324018907500002,1970-12-31,,폐업,2019-08-26,,,,4348.7,134-873,,동서울시장,시장,I,2025-12-15 16:15:28,서울특별시 강동구 올림픽로80길 58 (천호동),폐업처리,3,03,024781443,대규모점포,211246.37178295     ,448940.301250547    ,서울특별시 강동구 천호동 422번지 1호,2019-08-26 17:57:25
3240000,2014324018907500003,1982-01-18,,폐업,2018-05-29,,,,7207.95,134-771,,둔촌종합상가,그 밖의 대규모점포,I,2025-12-15 16:15:28,서울특별시 강동구 양재대로 1330 (둔촌동),폐업처리,3,03,024763154,대규모점포,211979.520569314    ,446932.653730601    ,서울특별시 강동구 둔촌동 172번지 1호,2018-07-03 16:08:22
3240000,2019324023607500002,2019-10-30,,폐업,2023-04-14,,,,530.68,,05391,이마트에브리데이 성내점,구분없음,I,2025-12-15 16:15:28,"서울특별시 강동구 올림픽로 572, 상가동 1층 101,102호 (성내동, 코오롱 2차아파트)",폐업처리,3,03,023805554,준대규모점포,,,서울특별시 강동구 성내동 595번지 코오롱 2차아파트,2023-04-28 17:58:50
3240000,1990324007307500003,1990-05-28,,휴업,,,,,,,,현대프라자,그 밖의 대규모점포,I,2025-12-15 16:15:28,,휴업처리,2,02,0204793424,,211336.172451748    ,448556.794492412    ,서울특별시 강동구 천호동 410번지 105호   ,2007-06-30 10:04:31
3240000,1999324013907500001,1999-04-12,,영업/정상,,,,,36175,,,현대백화점 천호점,백화점,I,2025-12-15 16:15:28,"서울특별시 강동구 천호대로 1005 (천호동, 현대백화점)",정상영업,1,01,0222258702,대규모점포,,,서울특별시 강동구 천호동 455번지 8호,2024-03-11 17:26:40
3240000,2000324007307500002,2000-06-14,,휴업,,,,,,,,킴스클럽,대형마트,I,2025-12-15 16:15:28,,휴업처리,2,02,0204887244,,,,서울특별시 강동구 천호동 565호   ,2007-06-30 10:04:31
3240000,2001324010607500001,2001-03-27,,휴업,,,,,,,,이마트천호점,대형마트,I,2025-12-15 16:15:28,,휴업처리,2,02,0222241053,,211025.924972294    ,448495.189151526    ,서울특별시 강동구 천호동 454번지 0001호   ,2007-06-30 10:04:31
3240000,2002324007307500000,2002-11-20,,영업/정상,,,,,8659,,,(주)이마트명일점,그 밖의 대규모점포,I,2025-12-15 16:15:28,서울특별시 강동구 고덕로 276 (명일동),정상영업,1,01,0221451051,대규모점포,213700.877714971    ,450278.100930843    ,서울특별시 강동구 명일동 46번지 4 호,2024-05-10 13:02:40
3240000,2002324007307500001,2002-11-20,,영업/정상,,,,,8659.77,,,신세계 이마트 명일점,대형마트,I,2025-12-15 16:15:28,,,BBBB,01,0204296240,,213700.877714971    ,450278.100930843    ,서울특별시 강동구 명일동 46번지 4호   ,2007-06-30 10:04:31
3240000,2004324010607500001,2004-05-24,,영업/정상,,,,,4075.83,134-890,,파크프라자 상가,그 밖의 대규모점포,I,2025-12-15 16:15:28,서울특별시 강동구 양재대로89길 16 (성내동),정상영업,1,01,0204782635,대규모점포,211838.35431041     ,447195.676766748    ,서울특별시 강동구 성내동 428번지 2호,2014-10-15 14:25:41
3240000,2005324010607500001,2005-01-12,,휴업,,,,,4310.62,,,천호신시장,그 밖의 대규모점포,I,2025-12-15 16:15:28,,휴업처리,2,02,024850731,,211252.735515916    ,448823.39875114     ,서울특별시 강동구 천호동 422번지 2호   ,2007-06-30 10:04:31
3240000,2005324010607500002,2005-03-31,,영업/정상,,,,,9081,,,(주)이마트천호점,대형마트,I,2025-12-15 16:15:28,서울특별시 강동구 천호대로 1017 (천호동),정상영업,1,01,22241053,대규모점포,211025.924972294    ,448495.189151526    ,서울특별시 강동구 천호동 454번지 1호,2024-05-10 13:13:11
3240000,2005324010607500003,2005-03-31,,휴업,,,,,8659,,,신세계이마트천호점,그 밖의 대규모점포,I,2025-12-15 16:15:28,,휴업처리,2,02,,,,,서울특별시 강동구 명일동 52번지 5호   ,2007-06-30 10:04:31
3240000,2005324011907500001,2005-05-09,,휴업,,,,,4310.62,,,천호신시장,그 밖의 대규모점포,I,2025-12-15 16:15:28,,휴업처리,2,02,024850731,,211252.735515916    ,448823.39875114     ,서울특별시 강동구 천호동 422번지 2호   ,2007-06-30 10:04:31
3240000,2005324011907500002,2005-05-09,,폐업,2026-02-12,,,,5374.49,,,천호신시장,시장,I,2026-02-14 22:20:31,,폐업처리,3,03,024850731,대규모점포,211252.735515916    ,448823.39875114     ,서울특별시 강동구 천호동 422번지 2호,2026-02-13 13:23:04
3240000,2005324011907500003,2005-06-02,,휴업,,,,,4350,,,동서울시장,그 밖의 대규모점포,I,2025-12-15 16:15:28,,휴업처리,2,02,,,211246.37178295     ,448940.301250547    ,서울특별시 강동구 천호동 422번지 1호   ,2007-06-30 10:04:31
3240000,2005324011907500004,2005-07-20,,휴업,,,,,3223.68,,,동아코아,쇼핑센터,I,2025-12-15 16:15:28,,휴업처리,2,02,024859001,,,,서울특별시 강동구 천호동 563호   ,2007-06-30 10:04:31
3240000,2005324011907500005,2005-07-20,,휴업,,,,,3223.68,,,동아코아,쇼핑센터,I,2025-12-15 16:15:28,,휴업처리,2,02,024859001,,,,서울특별시 강동구 천호동 563호   ,2007-06-30 10:04:31
3240000,2005324011907500006,2005-07-20,,휴업,,,,,3223.68,,,동아코아,쇼핑센터,I,2025-12-15 16:15:28,,휴업처리,2,02,024859001,,,,서울특별시 강동구 천호동 563호   ,2007-06-30 10:04:31
3240000,2005324011907500007,2005-07-20,,휴업,,,,,3223.68,,,동아코아,쇼핑센터,I,2025-12-15 16:15:28,,휴업처리,2,02,024859001,,,,서울특별시 강동구 천호동 563호   ,2007-06-30 10:04:31
3240000,2005324011907500008,2005-07-20,,휴업,,,,,3223.68,,,동아코아,쇼핑센터,I,2025-12-15 16:15:28,,휴업처리,2,02,024859001,,,,서울특별시 강동구 천호동 563호   ,2007-06-30 10:04:31
3240000,2005324011907500009,2005-07-20,,휴업,,,,,3223.68,,,동아코아,쇼핑센터,I,2025-12-15 16:15:28,,휴업처리,2,02,024859001,,,,서울특별시 강동구 천호동 563호   ,2007-06-30 10:04:31
3240000,2005324011907500010,2005-09-27,,휴업,,,,,1735,,,천호시장,그 밖의 대규모점포,I,2025-12-15 16:15:28,,휴업처리,2,02,02478219,,211196.195653708    ,448722.851784118    ,서울특별시 강동구 천호동 421번지 1호   ,2007-06-30 10:04:31
3240000,2006324011907500001,2006-05-25,,휴업,,,,2006-05-31,17600,,,이천일아울렛 천호점,그 밖의 대규모점포,I,2025-12-15 16:15:28,,휴업처리,2,02,024262001,,,,서울특별시 강동구 천호동 563호   ,2007-06-30 10:04:31
3240000,2006324011907500002,2006-05-25,,영업/정상,,,,,17600,134-873,,이천일아울렛 천호점,그 밖의 대규모점포,I,2026-02-05 22:19:47,서울특별시 강동구 구천면로 189 (천호동),정상영업,1,01,0222246600,대규모점포,,,서울특별시 강동구 천호동 563번지,2026-02-04 11:05:04
3240000,2006324011907500003,2006-07-21,,영업/정상,,,,,3295.46,134-840,,이안강동주상복합상가,그 밖의 대규모점포,I,2025-12-15 16:15:28,서울특별시 강동구 천호대로162길 34 (성내동),정상영업,1,01,0234319000,대규모점포,211238.661063855    ,448150.595848877    ,서울특별시 강동구 성내동 25번지 1호,2014-10-15 13:36:10
3240000,2007324013907500001,2007-06-05,,영업/정상,,,,,3513.8,134-814,,강동한신휴플러스,그 밖의 대규모점포,I,2025-12-15 16:15:28,서울특별시 강동구 진황도로 99 (길동),정상영업,1,01,0233933466,대규모점포,212081.019857419    ,448209.124823551    ,서울특별시 강동구 길동 414번지 10호,2015-11-26 18:04:34
3240000,2008324013907500001,2008-11-07,2008-11-07,취소/말소/만료/정지/중지,,,,,14176,134-020,,삼성테드크(주)홈플러스강동점,대형마트,I,2025-12-15 16:15:28,,직권취소,4,04,34008000,,,,서울특별시 강동구 천호동 42번지,2011-04-28 15:00:17
3240000,2009324013907500001,2008-11-07,,영업/정상,,,,,14176,134-861,,홈플러스 강동점,대형마트,I,2025-12-15 16:15:28,서울특별시 강동구 양재대로 1571 (천호동),정상영업,1,01,0234008000,대규모점포,,,서울특별시 강동구 천호동 42번지,2024-03-06 17:08:54
3240000,2010324013907500001,2010-05-06,,영업/정상,,,,,3620.92,134-811,,동서울오네뜨상가,그 밖의 대규모점포,I,2025-12-15 16:15:28,서울특별시 강동구 양재대로124길 32 (길동),정상영업,1,01,024709205,대규모점포,212624.891449347    ,448937.811380947    ,서울특별시 강동구 길동 339번지 1호,2014-10-07 20:38:06
3240000,2011324013907500002,2011-09-27,,영업/정상,,,,,1494.61,134-830,,(주)지에스리테일 명일점,구분없음,I,2025-12-15 16:15:28,서울특별시 강동구 양재대로 1630 (명일동),정상영업,1,01,,준대규모점포,212676.162193508    ,449910.881572138    ,서울특별시 강동구 명일1동 312번지 99호,2025-06-09 14:57:27
3240000,2011324013907500005,2011-09-27,,영업/정상,,,,,1127.88,134-716,,(주)지에스리테일 암사캐슬점,구분없음,I,2025-12-15 16:15:28,서울특별시 강동구 고덕로 133 (암사동),정상영업,1,01,69332502,준대규모점포,212334.9584644      ,450346.790651613    ,서울특별시 강동구 암사3동 414번지 18호 강동롯데캐슬퍼스트아파트,2025-06-06 12:10:33
3240000,2011324013907500006,2011-09-27,,영업/정상,,,,,324,134-857,,홈플러스(주) 익스프레스 암사점,구분없음,I,2025-12-15 16:15:28,서울특별시 강동구 고덕로24길 50 (암사동),정상영업,1,01,,준대규모점포,211868.244314608    ,450020.355211693    ,서울특별시 강동구 암사1동 473번지 3호,2024-11-28 10:21:16
3240000,2011324013907500007,2011-09-27,,영업/정상,,,,,189.1,134-850,,홈플러스(주) 익스프레스 성내점,구분없음,I,2025-12-15 16:15:28,서울특별시 강동구 풍성로 138 (성내동),정상영업,1,01,,준대규모점포,,,서울특별시 강동구 성내1동 521번지,2024-04-02 21:47:17
3240000,2011324013907500008,2011-09-27,,영업/정상,,,,,1056.33,,05267,(주)이마트에브리데이 명일동점,구분없음,I,2025-12-15 16:15:28,"서울특별시 강동구 명일로 375, 삼익그린맨션 지하1층 (명일동)",정상영업,1,01,,준대규모점포,,,서울특별시 강동구 명일동 15 삼익그린맨션,2024-07-31 15:10:28
3240000,2011324013907500010,2011-10-07,,영업/정상,,,,,252.4,134-010,,홈플러스(주)익스프레스 길동점,구분없음,I,2025-12-15 16:15:28,서울특별시 강동구 양재대로 1486 (길동),정상영업,1,01,0234598000,준대규모점포,212349.37381605     ,448466.105629578    ,서울특별시 강동구 길동 391번지 2호,2024-04-02 21:47:55
3240000,2011324013907500012,2011-10-07,,영업/정상,,,,,1649.43,134-031,,(주)농협유통 하나로마트 성내점,구분없음,I,2025-12-15 16:15:28,서울특별시 강동구 올림픽로 528 (성내동),정상영업,1,01,0222248971,준대규모점포,,,서울특별시 강동구 성내1동 451번지,2024-09-25 09:34:52
3240000,2011324013907500014,2011-10-07,,영업/정상,,,,,282.65,134-813,,롯데쇼핑㈜롯데슈퍼길동점,구분없음,I,2025-12-31 02:40:00,서울특별시 강동구 성안로 176 (길동),정상영업,1,01,22905853,준대규모점포,211983.181564983    ,448483.889140704    ,서울특별시 강동구 길동 384번지 1호,2025-12-29 13:31:40
3240000,2013324018907500001,1982-05-27,,영업/정상,,,,,0,134-855,,양지종합시장,시장,I,2025-12-15 16:15:28,,,BBBB,01,,대규모점포,212082.014198045    ,450348.793644384    ,서울특별시 강동구 암사3동 451번지 16호,2013-02-13 10:17:42
3240000,2013324018907500003,1992-05-02,,영업/정상,,,,,9484.37,134-825,,주양쇼핑,그 밖의 대규모점포,I,2025-12-15 16:15:28,서울특별시 강동구  고덕로62길  55 (명일동),정상영업,1,01,,대규모점포,,,서울특별시 강동구 명일동 48번지,2013-12-23 15:10:48
3240000,2014324018907500001,1996-12-12,,영업/정상,,,,,10180.74,134-871,,천호코오롱상가,그 밖의 대규모점포,I,2025-12-15 16:15:28,서울특별시 강동구 진황도로 12 (천호동),영업개시전,5,01,024771223,대규모점포,211279.030241561    ,448548.819716671    ,서울특별시 강동구 천호동 410번지 100호,2022-01-20 14:27:20
3240000,2019324023607500001,2019-06-04,,영업/정상,,,,,719.46,,05224,지에스 더프레시(GS THE FRESH) 고덕그라시움점,구분없음,I,2025-12-15 16:15:28,"서울특별시 강동구 고덕로 353, 고덕그라시움아파트(상가1동) 지하1층 108-119,128호 (고덕동)",정상영업,1,01,0220062422,준대규모점포,,,서울특별시 강동구 고덕동 217번지 고덕그라시움아파트(상가1동),2025-06-09 14:54:21
3240000,2024324028907500001,2024-06-18,,영업/정상,,,,,31500.83,,,강동밀레니얼 중흥S-클래스 쇼핑센터,쇼핑센터,I,2025-12-15 16:15:28,,정상영업,1,01,024792384,대규모점포,211150.812213612    ,448805.145144628    ,서울특별시 강동구 천호동 423-200,2024-12-05 09:09:19
3240000,2024324028907500002,2024-11-11,,영업/정상,,,,,239.58,,05393,GS THE FRESH 강동성내점,구분없음,I,2025-12-15 16:15:28,"서울특별시 강동구 풍성로38길 9, 바로빌딩 1층 (성내동)",정상영업,1,01,0220062364,준대규모점포,211027.51175299     ,447708.22061393     ,서울특별시 강동구 성내동 293-12 바로빌딩,2025-06-09 14:50:47
3240000,2024324028907500003,2024-11-14,,영업/정상,,,,,66630.64,,,고덕비즈밸리 유통판매 복합시설,복합쇼핑몰,I,2025-12-15 16:15:28,,정상영업,1,01,025578828,대규모점포,213847.923700142    ,451564.469961363    ,서울특별시 강동구 고덕동 353-23,2025-06-25 17:09:55
3240000,2025324028907500001,2025-01-23,,영업/정상,,,,,200.64,,05365,롯데슈퍼 강동둔촌점,구분없음,I,2025-12-31 02:40:00,서울특별시 강동구 진황도로 165 (둔촌동),정상영업,1,01,0222905996,준대규모점포,212502.058380013    ,447693.22037196     ,서울특별시 강동구 둔촌동 451-1,2025-12-29 17:18:04
3240000,2025324028907500002,2025-03-11,,영업/정상,,,,,1161.3,,05409,하나로마트 둔촌점,구분없음,I,2025-12-15 16:15:28,"서울특별시 강동구 양재대로 1360, 포레온스테이션5 (둔촌동)",정상영업,1,01,,준대규모점포,212195.109947109    ,447197.273286818    ,서울특별시 강동구 둔촌동 170-1 포레온스테이션5,2025-08-12 13:36:08
3240000,2025324028907500003,2025-03-11,,영업/정상,,,,,1017,,05409,GS THE FRESH 둔촌포레온점,구분없음,I,2025-12-15 16:15:28,"서울특별시 강동구 양재대로 1360, 포레온스테이션5 (둔촌동)",정상영업,1,01,0220062364,준대규모점포,212195.109947109    ,447197.273286818    ,서울특별시 강동구 둔촌동 170-1 포레온스테이션5,2025-06-06 12:11:16
3240000,2025324028907500004,2025-03-11,,영업/정상,,,,,1381.15,,,(주)이마트에브리데이 둔촌점,구분없음,I,2025-12-15 16:15:28,,영업개시전,5,01,023805042,준대규모점포,212027.481158905    ,446598.591776331    ,"서울특별시 강동구 둔촌동 174-1 B102,B103호",2025-03-11 09:32:28
3240000,2025324028907500005,2025-09-15,,영업/정상,,,,,33071.94,,05409,올림픽파크포레온 스테이션5,그 밖의 대규모점포,I,2025-12-15 16:15:28,"서울특별시 강동구 양재대로 1360, 포레온스테이션5 (둔촌동)",정상영업,1,01,,대규모점포,212195.109947109    ,447197.273286818    ,서울특별시 강동구 둔촌동 170-1 포레온스테이션5,2025-10-01 15:28:52
3240000,1990324013907500001,1990-05-28,,폐업,2020-05-14,,,,15055.25,134-871,,현대프라자,그 밖의 대규모점포,I,2025-12-15 16:15:28,서울특별시 강동구 진황도로 18 (천호동),폐업처리,3,03,024856644,대규모점포,211336.172451748    ,448556.794492412    ,서울특별시 강동구 천호동 410번지 105호,2020-05-15 09:38:40
