opratDate,stgSdCd,stgSdNm,stgSggCd,stgSggNm,arrSdCd,arrSdNm,arrSggCd,arrSggNm,arrEmdCd,arrEmdNm,tzon,quater,origin_emd_count,useStf,useTm
20260224,11,서울특별시,11110,종로구,11,서울특별시,11560,영등포구,1156011000,여의도동,00,00,1,2,1921.0
20260224,11,서울특별시,11110,종로구,11,서울특별시,11560,영등포구,1156011000,여의도동,00,15,2,4,1883.5
20260224,11,서울특별시,11110,종로구,11,서울특별시,11560,영등포구,1156011000,여의도동,03,45,1,1,2389.0
20260224,11,서울특별시,11110,종로구,11,서울특별시,11560,영등포구,1156011000,여의도동,04,15,1,1,2692.0
20260224,11,서울특별시,11110,종로구,11,서울특별시,11560,영등포구,1156011000,여의도동,04,30,2,5,1826.0
20260224,11,서울특별시,11110,종로구,11,서울특별시,11560,영등포구,1156011000,여의도동,04,45,3,4,1712.5
20260224,11,서울특별시,11110,종로구,11,서울특별시,11560,영등포구,1156011000,여의도동,05,00,2,2,1541.5
20260224,11,서울특별시,11110,종로구,11,서울특별시,11560,영등포구,1156011000,여의도동,05,15,4,5,1929.4
20260224,11,서울특별시,11110,종로구,11,서울특별시,11560,영등포구,1156011000,여의도동,05,30,5,6,2087.5
20260224,11,서울특별시,11110,종로구,11,서울특별시,11560,영등포구,1156011000,여의도동,05,45,2,4,2068.75
20260224,11,서울특별시,11110,종로구,11,서울특별시,11560,영등포구,1156011000,여의도동,06,00,6,11,2043.64
20260224,11,서울특별시,11110,종로구,11,서울특별시,11560,영등포구,1156011000,여의도동,06,15,10,15,2298.93
20260224,11,서울특별시,11110,종로구,11,서울특별시,11560,영등포구,1156011000,여의도동,06,30,9,13,1859.23
20260224,11,서울특별시,11110,종로구,11,서울특별시,11560,영등포구,1156011000,여의도동,06,45,13,31,2136.81
20260224,11,서울특별시,11110,종로구,11,서울특별시,11560,영등포구,1156011000,여의도동,07,00,24,68,1987.09
20260224,11,서울특별시,11110,종로구,11,서울특별시,11560,영등포구,1156011000,여의도동,07,15,24,52,1867.42
20260224,11,서울특별시,11110,종로구,11,서울특별시,11560,영등포구,1156011000,여의도동,07,30,22,57,1837.81
20260224,11,서울특별시,11110,종로구,11,서울특별시,11560,영등포구,1156011000,여의도동,07,45,26,81,1969.44
20260224,11,서울특별시,11110,종로구,11,서울특별시,11560,영등포구,1156011000,여의도동,08,00,27,82,2104.79
20260224,11,서울특별시,11110,종로구,11,서울특별시,11560,영등포구,1156011000,여의도동,08,15,24,68,1535.96
20260224,11,서울특별시,11110,종로구,11,서울특별시,11560,영등포구,1156011000,여의도동,08,30,18,55,1583.55
20260224,11,서울특별시,11110,종로구,11,서울특별시,11560,영등포구,1156011000,여의도동,08,45,18,27,2032.48
20260224,11,서울특별시,11110,종로구,11,서울특별시,11560,영등포구,1156011000,여의도동,09,00,20,47,1888.57
20260224,11,서울특별시,11110,종로구,11,서울특별시,11560,영등포구,1156011000,여의도동,09,15,15,44,1558.75
20260224,11,서울특별시,11110,종로구,11,서울특별시,11560,영등포구,1156011000,여의도동,09,30,17,33,2019.91
20260224,11,서울특별시,11110,종로구,11,서울특별시,11560,영등포구,1156011000,여의도동,09,45,13,21,1610.95
20260224,11,서울특별시,11110,종로구,11,서울특별시,11560,영등포구,1156011000,여의도동,10,00,13,32,1876.69
20260224,11,서울특별시,11110,종로구,11,서울특별시,11560,영등포구,1156011000,여의도동,10,15,10,34,1412.85
20260224,11,서울특별시,11110,종로구,11,서울특별시,11560,영등포구,1156011000,여의도동,10,30,12,51,1469.39
20260224,11,서울특별시,11110,종로구,11,서울특별시,11560,영등포구,1156011000,여의도동,10,45,13,46,1348.07
20260224,11,서울특별시,11110,종로구,11,서울특별시,11560,영등포구,1156011000,여의도동,11,00,17,92,1488.33
20260224,11,서울특별시,11110,종로구,11,서울특별시,11560,영등포구,1156011000,여의도동,11,15,14,61,1509.39
20260224,11,서울특별시,11110,종로구,11,서울특별시,11560,영등포구,1156011000,여의도동,11,30,18,53,1693.09
20260224,11,서울특별시,11110,종로구,11,서울특별시,11560,영등포구,1156011000,여의도동,11,45,13,47,1833.06
20260224,11,서울특별시,11110,종로구,11,서울특별시,11560,영등포구,1156011000,여의도동,12,00,15,58,1956.69
20260224,11,서울특별시,11110,종로구,11,서울특별시,11560,영등포구,1156011000,여의도동,12,15,14,55,1712.98
20260224,11,서울특별시,11110,종로구,11,서울특별시,11560,영등포구,1156011000,여의도동,12,30,17,78,1643.88
20260224,11,서울특별시,11110,종로구,11,서울특별시,11560,영등포구,1156011000,여의도동,12,45,19,101,1494.36
20260224,11,서울특별시,11110,종로구,11,서울특별시,11560,영등포구,1156011000,여의도동,13,00,24,135,1661.29
20260224,11,서울특별시,11110,종로구,11,서울특별시,11560,영등포구,1156011000,여의도동,13,15,16,127,1649.44
20260224,11,서울특별시,11110,종로구,11,서울특별시,11560,영등포구,1156011000,여의도동,13,30,17,67,1684.76
20260224,11,서울특별시,11110,종로구,11,서울특별시,11560,영등포구,1156011000,여의도동,13,45,16,69,1627.03
20260224,11,서울특별시,11110,종로구,11,서울특별시,11560,영등포구,1156011000,여의도동,14,00,20,60,1716.42
20260224,11,서울특별시,11110,종로구,11,서울특별시,11560,영등포구,1156011000,여의도동,14,15,15,62,1552.06
20260224,11,서울특별시,11110,종로구,11,서울특별시,11560,영등포구,1156011000,여의도동,14,30,15,70,1684.89
20260224,11,서울특별시,11110,종로구,11,서울특별시,11560,영등포구,1156011000,여의도동,14,45,18,58,1828.14
20260224,11,서울특별시,11110,종로구,11,서울특별시,11560,영등포구,1156011000,여의도동,15,00,17,63,1659.95
20260224,11,서울특별시,11110,종로구,11,서울특별시,11560,영등포구,1156011000,여의도동,15,15,18,69,1713.39
20260224,11,서울특별시,11110,종로구,11,서울특별시,11560,영등포구,1156011000,여의도동,15,30,12,55,1805.65
20260224,11,서울특별시,11110,종로구,11,서울특별시,11560,영등포구,1156011000,여의도동,15,45,18,58,1811.53
20260224,11,서울특별시,11110,종로구,11,서울특별시,11560,영등포구,1156011000,여의도동,16,00,15,59,1622.07
20260224,11,서울특별시,11110,종로구,11,서울특별시,11560,영등포구,1156011000,여의도동,16,15,17,50,1725.22
20260224,11,서울특별시,11110,종로구,11,서울특별시,11560,영등포구,1156011000,여의도동,16,30,17,56,1701.82
20260224,11,서울특별시,11110,종로구,11,서울특별시,11560,영등포구,1156011000,여의도동,16,45,15,54,1676.96
20260224,11,서울특별시,11110,종로구,11,서울특별시,11560,영등포구,1156011000,여의도동,17,00,20,98,1574.85
20260224,11,서울특별시,11110,종로구,11,서울특별시,11560,영등포구,1156011000,여의도동,17,15,17,93,1626.82
20260224,11,서울특별시,11110,종로구,11,서울특별시,11560,영등포구,1156011000,여의도동,17,30,14,90,1478.08
20260224,11,서울특별시,11110,종로구,11,서울특별시,11560,영등포구,1156011000,여의도동,17,45,14,95,1577.35
20260224,11,서울특별시,11110,종로구,11,서울특별시,11560,영등포구,1156011000,여의도동,18,00,23,152,1484.97
20260224,11,서울특별시,11110,종로구,11,서울특별시,11560,영등포구,1156011000,여의도동,18,15,16,102,1457.2
20260224,11,서울특별시,11110,종로구,11,서울특별시,11560,영등포구,1156011000,여의도동,18,30,17,80,1424.45
20260224,11,서울특별시,11110,종로구,11,서울특별시,11560,영등포구,1156011000,여의도동,18,45,14,64,1390.95
20260224,11,서울특별시,11110,종로구,11,서울특별시,11560,영등포구,1156011000,여의도동,19,00,11,32,1311.47
20260224,11,서울특별시,11110,종로구,11,서울특별시,11560,영등포구,1156011000,여의도동,19,15,14,44,1608.55
20260224,11,서울특별시,11110,종로구,11,서울특별시,11560,영등포구,1156011000,여의도동,19,30,9,21,1584.86
20260224,11,서울특별시,11110,종로구,11,서울특별시,11560,영등포구,1156011000,여의도동,19,45,11,27,1489.33
20260224,11,서울특별시,11110,종로구,11,서울특별시,11560,영등포구,1156011000,여의도동,20,00,13,30,1652.73
20260224,11,서울특별시,11110,종로구,11,서울특별시,11560,영등포구,1156011000,여의도동,20,15,11,31,1571.48
20260224,11,서울특별시,11110,종로구,11,서울특별시,11560,영등포구,1156011000,여의도동,20,30,6,14,1509.14
20260224,11,서울특별시,11110,종로구,11,서울특별시,11560,영등포구,1156011000,여의도동,20,45,10,23,1434.13
20260224,11,서울특별시,11110,종로구,11,서울특별시,11560,영등포구,1156011000,여의도동,21,00,12,23,1532.3
20260224,11,서울특별시,11110,종로구,11,서울특별시,11560,영등포구,1156011000,여의도동,21,15,11,26,1460.38
20260224,11,서울특별시,11110,종로구,11,서울특별시,11560,영등포구,1156011000,여의도동,21,30,10,23,2227.96
20260224,11,서울특별시,11110,종로구,11,서울특별시,11560,영등포구,1156011000,여의도동,21,45,11,21,1638.38
20260224,11,서울특별시,11110,종로구,11,서울특별시,11560,영등포구,1156011000,여의도동,22,00,10,26,1693.92
20260224,11,서울특별시,11110,종로구,11,서울특별시,11560,영등포구,1156011000,여의도동,22,15,10,19,1679.21
20260224,11,서울특별시,11110,종로구,11,서울특별시,11560,영등포구,1156011000,여의도동,22,30,6,12,1582.42
20260224,11,서울특별시,11110,종로구,11,서울특별시,11560,영등포구,1156011000,여의도동,22,45,5,8,1739.88
20260224,11,서울특별시,11110,종로구,11,서울특별시,11560,영등포구,1156011000,여의도동,23,00,5,8,1596.12
20260224,11,서울특별시,11110,종로구,11,서울특별시,11560,영등포구,1156011000,여의도동,23,15,3,8,1433.62
20260224,11,서울특별시,11110,종로구,11,서울특별시,11560,영등포구,1156011000,여의도동,23,30,1,2,1302.0
20260224,11,서울특별시,11110,종로구,11,서울특별시,11560,영등포구,1156011000,여의도동,23,45,1,2,3440.0
20260224,11,서울특별시,11140,중구,11,서울특별시,11560,영등포구,1156011000,여의도동,00,45,2,2,1275.5
20260224,11,서울특별시,11140,중구,11,서울특별시,11560,영등포구,1156011000,여의도동,03,30,1,1,2632.0
20260224,11,서울특별시,11140,중구,11,서울특별시,11560,영등포구,1156011000,여의도동,04,15,2,3,810.33
20260224,11,서울특별시,11140,중구,11,서울특별시,11560,영등포구,1156011000,여의도동,04,30,6,9,1525.11
20260224,11,서울특별시,11140,중구,11,서울특별시,11560,영등포구,1156011000,여의도동,04,45,4,6,1129.0
20260224,11,서울특별시,11140,중구,11,서울특별시,11560,영등포구,1156011000,여의도동,05,00,2,2,1484.5
20260224,11,서울특별시,11140,중구,11,서울특별시,11560,영등포구,1156011000,여의도동,05,15,4,7,1463.57
20260224,11,서울특별시,11140,중구,11,서울특별시,11560,영등포구,1156011000,여의도동,05,30,3,3,1484.0
20260224,11,서울특별시,11140,중구,11,서울특별시,11560,영등포구,1156011000,여의도동,05,45,2,5,1238.4
20260224,11,서울특별시,11140,중구,11,서울특별시,11560,영등포구,1156011000,여의도동,06,00,6,10,1654.5
20260224,11,서울특별시,11140,중구,11,서울특별시,11560,영등포구,1156011000,여의도동,06,15,8,11,1651.36
20260224,11,서울특별시,11140,중구,11,서울특별시,11560,영등포구,1156011000,여의도동,06,30,10,24,1675.29
20260224,11,서울특별시,11140,중구,11,서울특별시,11560,영등포구,1156011000,여의도동,06,45,11,31,1620.58
20260224,11,서울특별시,11140,중구,11,서울특별시,11560,영등포구,1156011000,여의도동,07,00,15,68,1681.62
20260224,11,서울특별시,11140,중구,11,서울특별시,11560,영등포구,1156011000,여의도동,07,15,21,113,1567.29
20260224,11,서울특별시,11140,중구,11,서울특별시,11560,영등포구,1156011000,여의도동,07,30,18,76,1652.45
20260224,11,서울특별시,11140,중구,11,서울특별시,11560,영등포구,1156011000,여의도동,07,45,15,92,1589.79
20260224,11,서울특별시,11140,중구,11,서울특별시,11560,영등포구,1156011000,여의도동,08,00,21,142,1568.41
20260224,11,서울특별시,11140,중구,11,서울특별시,11560,영등포구,1156011000,여의도동,08,15,18,96,1557.89
20260224,11,서울특별시,11140,중구,11,서울특별시,11560,영등포구,1156011000,여의도동,08,30,17,70,1516.34
20260224,11,서울특별시,11140,중구,11,서울특별시,11560,영등포구,1156011000,여의도동,08,45,15,91,1449.41
20260224,11,서울특별시,11140,중구,11,서울특별시,11560,영등포구,1156011000,여의도동,09,00,19,61,1543.05
20260224,11,서울특별시,11140,중구,11,서울특별시,11560,영등포구,1156011000,여의도동,09,15,17,62,1566.89
20260224,11,서울특별시,11140,중구,11,서울특별시,11560,영등포구,1156011000,여의도동,09,30,11,30,1446.37
20260224,11,서울특별시,11140,중구,11,서울특별시,11560,영등포구,1156011000,여의도동,09,45,19,56,1612.84
20260224,11,서울특별시,11140,중구,11,서울특별시,11560,영등포구,1156011000,여의도동,10,00,16,78,1791.79
20260224,11,서울특별시,11140,중구,11,서울특별시,11560,영등포구,1156011000,여의도동,10,15,16,50,1589.82
20260224,11,서울특별시,11140,중구,11,서울특별시,11560,영등포구,1156011000,여의도동,10,30,17,68,1641.38
20260224,11,서울특별시,11140,중구,11,서울특별시,11560,영등포구,1156011000,여의도동,10,45,15,80,1803.02
20260224,11,서울특별시,11140,중구,11,서울특별시,11560,영등포구,1156011000,여의도동,11,00,21,84,1662.0
20260224,11,서울특별시,11140,중구,11,서울특별시,11560,영등포구,1156011000,여의도동,11,15,22,81,1790.22
20260224,11,서울특별시,11140,중구,11,서울특별시,11560,영등포구,1156011000,여의도동,11,30,15,60,1747.67
20260224,11,서울특별시,11140,중구,11,서울특별시,11560,영등포구,1156011000,여의도동,11,45,17,59,1654.22
20260224,11,서울특별시,11140,중구,11,서울특별시,11560,영등포구,1156011000,여의도동,12,00,21,59,1724.12
20260224,11,서울특별시,11140,중구,11,서울특별시,11560,영등포구,1156011000,여의도동,12,15,15,89,1719.57
20260224,11,서울특별시,11140,중구,11,서울특별시,11560,영등포구,1156011000,여의도동,12,30,19,85,1546.94
20260224,11,서울특별시,11140,중구,11,서울특별시,11560,영등포구,1156011000,여의도동,12,45,23,120,1740.92
20260224,11,서울특별시,11140,중구,11,서울특별시,11560,영등포구,1156011000,여의도동,13,00,22,129,1650.08
20260224,11,서울특별시,11140,중구,11,서울특별시,11560,영등포구,1156011000,여의도동,13,15,24,113,1666.19
20260224,11,서울특별시,11140,중구,11,서울특별시,11560,영등포구,1156011000,여의도동,13,30,21,67,1812.94
20260224,11,서울특별시,11140,중구,11,서울특별시,11560,영등포구,1156011000,여의도동,13,45,16,73,1772.33
20260224,11,서울특별시,11140,중구,11,서울특별시,11560,영등포구,1156011000,여의도동,14,00,19,83,1927.33
20260224,11,서울특별시,11140,중구,11,서울특별시,11560,영등포구,1156011000,여의도동,14,15,17,53,1730.68
20260224,11,서울특별시,11140,중구,11,서울특별시,11560,영등포구,1156011000,여의도동,14,30,17,55,1734.18
20260224,11,서울특별시,11140,중구,11,서울특별시,11560,영등포구,1156011000,여의도동,14,45,20,70,2078.59
20260224,11,서울특별시,11140,중구,11,서울특별시,11560,영등포구,1156011000,여의도동,15,00,18,66,1894.14
20260224,11,서울특별시,11140,중구,11,서울특별시,11560,영등포구,1156011000,여의도동,15,15,23,61,1901.1
20260224,11,서울특별시,11140,중구,11,서울특별시,11560,영등포구,1156011000,여의도동,15,30,15,46,1728.8
20260224,11,서울특별시,11140,중구,11,서울특별시,11560,영등포구,1156011000,여의도동,15,45,23,73,1958.0
20260224,11,서울특별시,11140,중구,11,서울특별시,11560,영등포구,1156011000,여의도동,16,00,24,87,1858.49
20260224,11,서울특별시,11140,중구,11,서울특별시,11560,영등포구,1156011000,여의도동,16,15,19,74,1830.5
20260224,11,서울특별시,11140,중구,11,서울특별시,11560,영등포구,1156011000,여의도동,16,30,21,73,1876.53
20260224,11,서울특별시,11140,중구,11,서울특별시,11560,영등포구,1156011000,여의도동,16,45,19,78,1826.68
20260224,11,서울특별시,11140,중구,11,서울특별시,11560,영등포구,1156011000,여의도동,17,00,24,133,1790.41
20260224,11,서울특별시,11140,중구,11,서울특별시,11560,영등포구,1156011000,여의도동,17,15,21,75,1898.44
20260224,11,서울특별시,11140,중구,11,서울특별시,11560,영등포구,1156011000,여의도동,17,30,22,94,1714.39
20260224,11,서울특별시,11140,중구,11,서울특별시,11560,영등포구,1156011000,여의도동,17,45,19,114,1587.19
20260224,11,서울특별시,11140,중구,11,서울특별시,11560,영등포구,1156011000,여의도동,18,00,29,153,1778.84
20260224,11,서울특별시,11140,중구,11,서울특별시,11560,영등포구,1156011000,여의도동,18,15,24,137,1790.3
20260224,11,서울특별시,11140,중구,11,서울특별시,11560,영등포구,1156011000,여의도동,18,30,21,104,1734.16
20260224,11,서울특별시,11140,중구,11,서울특별시,11560,영등포구,1156011000,여의도동,18,45,17,50,1739.78
20260224,11,서울특별시,11140,중구,11,서울특별시,11560,영등포구,1156011000,여의도동,19,00,19,83,1760.45
20260224,11,서울특별시,11140,중구,11,서울특별시,11560,영등포구,1156011000,여의도동,19,15,20,51,1606.9
20260224,11,서울특별시,11140,중구,11,서울특별시,11560,영등포구,1156011000,여의도동,19,30,16,39,1712.56
20260224,11,서울특별시,11140,중구,11,서울특별시,11560,영등포구,1156011000,여의도동,19,45,16,50,1648.66
20260224,11,서울특별시,11140,중구,11,서울특별시,11560,영등포구,1156011000,여의도동,20,00,11,26,1538.88
20260224,11,서울특별시,11140,중구,11,서울특별시,11560,영등포구,1156011000,여의도동,20,15,18,37,1945.49
20260224,11,서울특별시,11140,중구,11,서울특별시,11560,영등포구,1156011000,여의도동,20,30,14,26,1795.58
20260224,11,서울특별시,11140,중구,11,서울특별시,11560,영등포구,1156011000,여의도동,20,45,12,42,2155.29
20260224,11,서울특별시,11140,중구,11,서울특별시,11560,영등포구,1156011000,여의도동,21,00,15,27,1793.89
20260224,11,서울특별시,11140,중구,11,서울특별시,11560,영등포구,1156011000,여의도동,21,15,13,28,1524.46
20260224,11,서울특별시,11140,중구,11,서울특별시,11560,영등포구,1156011000,여의도동,21,30,12,22,1525.05
20260224,11,서울특별시,11140,중구,11,서울특별시,11560,영등포구,1156011000,여의도동,21,45,13,26,1554.46
20260224,11,서울특별시,11140,중구,11,서울특별시,11560,영등포구,1156011000,여의도동,22,00,11,25,1562.32
20260224,11,서울특별시,11140,중구,11,서울특별시,11560,영등포구,1156011000,여의도동,22,15,9,20,2109.95
20260224,11,서울특별시,11140,중구,11,서울특별시,11560,영등포구,1156011000,여의도동,22,30,8,10,1313.5
20260224,11,서울특별시,11140,중구,11,서울특별시,11560,영등포구,1156011000,여의도동,22,45,9,16,1770.88
20260224,11,서울특별시,11140,중구,11,서울특별시,11560,영등포구,1156011000,여의도동,23,00,1,1,1223.0
20260224,11,서울특별시,11140,중구,11,서울특별시,11560,영등포구,1156011000,여의도동,23,15,6,8,1893.0
20260224,11,서울특별시,11140,중구,11,서울특별시,11560,영등포구,1156011000,여의도동,23,30,4,8,1465.25
20260224,11,서울특별시,11170,용산구,11,서울특별시,11560,영등포구,1156011000,여의도동,02,00,1,1,1742.0
20260224,11,서울특별시,11170,용산구,11,서울특별시,11560,영등포구,1156011000,여의도동,04,30,6,9,710.67
20260224,11,서울특별시,11170,용산구,11,서울특별시,11560,영등포구,1156011000,여의도동,04,45,2,8,388.12
20260224,11,서울특별시,11170,용산구,11,서울특별시,11560,영등포구,1156011000,여의도동,05,00,5,11,687.45
20260224,11,서울특별시,11170,용산구,11,서울특별시,11560,영등포구,1156011000,여의도동,05,15,10,11,672.45
20260224,11,서울특별시,11170,용산구,11,서울특별시,11560,영등포구,1156011000,여의도동,05,30,10,11,850.36
20260224,11,서울특별시,11170,용산구,11,서울특별시,11560,영등포구,1156011000,여의도동,05,45,8,13,818.38
20260224,11,서울특별시,11170,용산구,11,서울특별시,11560,영등포구,1156011000,여의도동,06,00,11,21,862.62
20260224,11,서울특별시,11170,용산구,11,서울특별시,11560,영등포구,1156011000,여의도동,06,15,13,17,975.18
20260224,11,서울특별시,11170,용산구,11,서울특별시,11560,영등포구,1156011000,여의도동,06,30,19,41,982.93
20260224,11,서울특별시,11170,용산구,11,서울특별시,11560,영등포구,1156011000,여의도동,06,45,20,52,1163.06
20260224,11,서울특별시,11170,용산구,11,서울특별시,11560,영등포구,1156011000,여의도동,07,00,23,79,986.11
20260224,11,서울특별시,11170,용산구,11,서울특별시,11560,영등포구,1156011000,여의도동,07,15,27,156,994.5
20260224,11,서울특별시,11170,용산구,11,서울특별시,11560,영등포구,1156011000,여의도동,07,30,24,237,1009.92
20260224,11,서울특별시,11170,용산구,11,서울특별시,11560,영등포구,1156011000,여의도동,07,45,26,156,1214.52
20260224,11,서울특별시,11170,용산구,11,서울특별시,11560,영등포구,1156011000,여의도동,08,00,28,192,973.18
20260224,11,서울특별시,11170,용산구,11,서울특별시,11560,영등포구,1156011000,여의도동,08,15,27,245,1027.4
20260224,11,서울특별시,11170,용산구,11,서울특별시,11560,영등포구,1156011000,여의도동,08,30,26,186,941.66
20260224,11,서울특별시,11170,용산구,11,서울특별시,11560,영등포구,1156011000,여의도동,08,45,23,83,998.43
20260224,11,서울특별시,11170,용산구,11,서울특별시,11560,영등포구,1156011000,여의도동,09,00,23,112,996.96
20260224,11,서울특별시,11170,용산구,11,서울특별시,11560,영등포구,1156011000,여의도동,09,15,24,88,1068.02
20260224,11,서울특별시,11170,용산구,11,서울특별시,11560,영등포구,1156011000,여의도동,09,30,18,77,1056.9
20260224,11,서울특별시,11170,용산구,11,서울특별시,11560,영등포구,1156011000,여의도동,09,45,20,76,1187.13
20260224,11,서울특별시,11170,용산구,11,서울특별시,11560,영등포구,1156011000,여의도동,10,00,17,48,1262.88
20260224,11,서울특별시,11170,용산구,11,서울특별시,11560,영등포구,1156011000,여의도동,10,15,15,29,1196.21
20260224,11,서울특별시,11170,용산구,11,서울특별시,11560,영등포구,1156011000,여의도동,10,30,17,39,1239.79
20260224,11,서울특별시,11170,용산구,11,서울특별시,11560,영등포구,1156011000,여의도동,10,45,17,41,1274.98
20260224,11,서울특별시,11170,용산구,11,서울특별시,11560,영등포구,1156011000,여의도동,11,00,19,78,1301.49
20260224,11,서울특별시,11170,용산구,11,서울특별시,11560,영등포구,1156011000,여의도동,11,15,15,53,1154.25
20260224,11,서울특별시,11170,용산구,11,서울특별시,11560,영등포구,1156011000,여의도동,11,30,13,44,1139.7
20260224,11,서울특별시,11170,용산구,11,서울특별시,11560,영등포구,1156011000,여의도동,11,45,9,24,1085.62
20260224,11,서울특별시,11170,용산구,11,서울특별시,11560,영등포구,1156011000,여의도동,12,00,16,55,1163.56
20260224,11,서울특별시,11170,용산구,11,서울특별시,11560,영등포구,1156011000,여의도동,12,15,16,51,1286.08
20260224,11,서울특별시,11170,용산구,11,서울특별시,11560,영등포구,1156011000,여의도동,12,30,16,73,1304.64
20260224,11,서울특별시,11170,용산구,11,서울특별시,11560,영등포구,1156011000,여의도동,12,45,15,55,1418.29
20260224,11,서울특별시,11170,용산구,11,서울특별시,11560,영등포구,1156011000,여의도동,13,00,15,76,1287.33
20260224,11,서울특별시,11170,용산구,11,서울특별시,11560,영등포구,1156011000,여의도동,13,15,16,58,1254.67
20260224,11,서울특별시,11170,용산구,11,서울특별시,11560,영등포구,1156011000,여의도동,13,30,13,36,1375.64
20260224,11,서울특별시,11170,용산구,11,서울특별시,11560,영등포구,1156011000,여의도동,13,45,16,68,1257.62
20260224,11,서울특별시,11170,용산구,11,서울특별시,11560,영등포구,1156011000,여의도동,14,00,17,38,1218.84
20260224,11,서울특별시,11170,용산구,11,서울특별시,11560,영등포구,1156011000,여의도동,14,15,16,50,1361.38
20260224,11,서울특별시,11170,용산구,11,서울특별시,11560,영등포구,1156011000,여의도동,14,30,14,33,1230.55
20260224,11,서울특별시,11170,용산구,11,서울특별시,11560,영등포구,1156011000,여의도동,14,45,13,28,1258.71
20260224,11,서울특별시,11170,용산구,11,서울특별시,11560,영등포구,1156011000,여의도동,15,00,17,49,1346.76
20260224,11,서울특별시,11170,용산구,11,서울특별시,11560,영등포구,1156011000,여의도동,15,15,15,75,1361.59
20260224,11,서울특별시,11170,용산구,11,서울특별시,11560,영등포구,1156011000,여의도동,15,30,14,59,1312.39
20260224,11,서울특별시,11170,용산구,11,서울특별시,11560,영등포구,1156011000,여의도동,15,45,14,40,1391.68
20260224,11,서울특별시,11170,용산구,11,서울특별시,11560,영등포구,1156011000,여의도동,16,00,17,47,1305.89
20260224,11,서울특별시,11170,용산구,11,서울특별시,11560,영등포구,1156011000,여의도동,16,15,18,38,1293.47
20260224,11,서울특별시,11170,용산구,11,서울특별시,11560,영등포구,1156011000,여의도동,16,30,16,59,1255.12
20260224,11,서울특별시,11170,용산구,11,서울특별시,11560,영등포구,1156011000,여의도동,16,45,13,48,1309.23
20260224,11,서울특별시,11170,용산구,11,서울특별시,11560,영등포구,1156011000,여의도동,17,00,13,56,1373.07
20260224,11,서울특별시,11170,용산구,11,서울특별시,11560,영등포구,1156011000,여의도동,17,15,18,59,1319.46
20260224,11,서울특별시,11170,용산구,11,서울특별시,11560,영등포구,1156011000,여의도동,17,30,15,54,1287.28
20260224,11,서울특별시,11170,용산구,11,서울특별시,11560,영등포구,1156011000,여의도동,17,45,16,50,1402.98
20260224,11,서울특별시,11170,용산구,11,서울특별시,11560,영등포구,1156011000,여의도동,18,00,16,56,1173.43
20260224,11,서울특별시,11170,용산구,11,서울특별시,11560,영등포구,1156011000,여의도동,18,15,14,52,1347.25
20260224,11,서울특별시,11170,용산구,11,서울특별시,11560,영등포구,1156011000,여의도동,18,30,14,47,1072.06
20260224,11,서울특별시,11170,용산구,11,서울특별시,11560,영등포구,1156011000,여의도동,18,45,13,40,1115.08
20260224,11,서울특별시,11170,용산구,11,서울특별시,11560,영등포구,1156011000,여의도동,19,00,15,48,1006.12
20260224,11,서울특별시,11170,용산구,11,서울특별시,11560,영등포구,1156011000,여의도동,19,15,8,21,1221.33
20260224,11,서울특별시,11170,용산구,11,서울특별시,11560,영등포구,1156011000,여의도동,19,30,11,26,1365.77
20260224,11,서울특별시,11170,용산구,11,서울특별시,11560,영등포구,1156011000,여의도동,19,45,8,11,998.73
20260224,11,서울특별시,11170,용산구,11,서울특별시,11560,영등포구,1156011000,여의도동,20,00,8,19,1384.84
20260224,11,서울특별시,11170,용산구,11,서울특별시,11560,영등포구,1156011000,여의도동,20,15,12,18,1038.78
20260224,11,서울특별시,11170,용산구,11,서울특별시,11560,영등포구,1156011000,여의도동,20,30,7,11,1314.73
20260224,11,서울특별시,11170,용산구,11,서울특별시,11560,영등포구,1156011000,여의도동,20,45,10,20,988.15
20260224,11,서울특별시,11170,용산구,11,서울특별시,11560,영등포구,1156011000,여의도동,21,00,8,10,909.4
20260224,11,서울특별시,11170,용산구,11,서울특별시,11560,영등포구,1156011000,여의도동,21,15,5,10,714.2
20260224,11,서울특별시,11170,용산구,11,서울특별시,11560,영등포구,1156011000,여의도동,21,30,6,15,1557.2
20260224,11,서울특별시,11170,용산구,11,서울특별시,11560,영등포구,1156011000,여의도동,21,45,6,10,764.6
20260224,11,서울특별시,11170,용산구,11,서울특별시,11560,영등포구,1156011000,여의도동,22,00,7,13,1000.0
20260224,11,서울특별시,11170,용산구,11,서울특별시,11560,영등포구,1156011000,여의도동,22,15,6,11,1027.45
20260224,11,서울특별시,11170,용산구,11,서울특별시,11560,영등포구,1156011000,여의도동,22,30,5,9,834.33
20260224,11,서울특별시,11170,용산구,11,서울특별시,11560,영등포구,1156011000,여의도동,22,45,4,4,914.75
20260224,11,서울특별시,11170,용산구,11,서울특별시,11560,영등포구,1156011000,여의도동,23,00,7,11,1214.64
20260224,11,서울특별시,11170,용산구,11,서울특별시,11560,영등포구,1156011000,여의도동,23,15,3,3,781.67
20260224,11,서울특별시,11170,용산구,11,서울특별시,11560,영등포구,1156011000,여의도동,23,30,6,13,706.85
20260224,11,서울특별시,11200,성동구,11,서울특별시,11560,영등포구,1156011000,여의도동,04,45,1,1,2049.0
20260224,11,서울특별시,11200,성동구,11,서울특별시,11560,영등포구,1156011000,여의도동,05,00,3,3,2296.33
20260224,11,서울특별시,11200,성동구,11,서울특별시,11560,영등포구,1156011000,여의도동,05,15,3,7,2330.29
20260224,11,서울특별시,11200,성동구,11,서울특별시,11560,영등포구,1156011000,여의도동,05,30,8,16,2206.62
20260224,11,서울특별시,11200,성동구,11,서울특별시,11560,영등포구,1156011000,여의도동,05,45,6,14,2118.43
20260224,11,서울특별시,11200,성동구,11,서울특별시,11560,영등포구,1156011000,여의도동,06,00,9,19,2056.89
20260224,11,서울특별시,11200,성동구,11,서울특별시,11560,영등포구,1156011000,여의도동,06,15,9,28,2141.32
20260224,11,서울특별시,11200,성동구,11,서울특별시,11560,영등포구,1156011000,여의도동,06,30,11,52,1998.23
20260224,11,서울특별시,11200,성동구,11,서울특별시,11560,영등포구,1156011000,여의도동,06,45,13,103,2133.62
20260224,11,서울특별시,11200,성동구,11,서울특별시,11560,영등포구,1156011000,여의도동,07,00,13,185,2028.46
20260224,11,서울특별시,11200,성동구,11,서울특별시,11560,영등포구,1156011000,여의도동,07,15,11,169,2053.59
20260224,11,서울특별시,11200,성동구,11,서울특별시,11560,영등포구,1156011000,여의도동,07,30,12,185,2186.83
20260224,11,서울특별시,11200,성동구,11,서울특별시,11560,영등포구,1156011000,여의도동,07,45,11,194,2146.1
20260224,11,서울특별시,11200,성동구,11,서울특별시,11560,영등포구,1156011000,여의도동,08,00,14,250,2095.36
20260224,11,서울특별시,11200,성동구,11,서울특별시,11560,영등포구,1156011000,여의도동,08,15,9,111,2009.68
20260224,11,서울특별시,11200,성동구,11,서울특별시,11560,영등포구,1156011000,여의도동,08,30,11,87,2034.3
20260224,11,서울특별시,11200,성동구,11,서울특별시,11560,영등포구,1156011000,여의도동,08,45,10,61,2050.02
20260224,11,서울특별시,11200,성동구,11,서울특별시,11560,영등포구,1156011000,여의도동,09,00,10,72,2007.25
20260224,11,서울특별시,11200,성동구,11,서울특별시,11560,영등포구,1156011000,여의도동,09,15,9,42,2053.4
20260224,11,서울특별시,11200,성동구,11,서울특별시,11560,영등포구,1156011000,여의도동,09,30,6,23,2290.39
20260224,11,서울특별시,11200,성동구,11,서울특별시,11560,영등포구,1156011000,여의도동,09,45,9,30,2325.8
20260224,11,서울특별시,11200,성동구,11,서울특별시,11560,영등포구,1156011000,여의도동,10,00,8,14,2176.64
20260224,11,서울특별시,11200,성동구,11,서울특별시,11560,영등포구,1156011000,여의도동,10,15,5,11,2255.45
20260224,11,서울특별시,11200,성동구,11,서울특별시,11560,영등포구,1156011000,여의도동,10,30,9,18,2226.5
20260224,11,서울특별시,11200,성동구,11,서울특별시,11560,영등포구,1156011000,여의도동,10,45,5,11,2690.09
20260224,11,서울특별시,11200,성동구,11,서울특별시,11560,영등포구,1156011000,여의도동,11,00,8,17,2414.65
20260224,11,서울특별시,11200,성동구,11,서울특별시,11560,영등포구,1156011000,여의도동,11,15,6,16,2238.19
20260224,11,서울특별시,11200,성동구,11,서울특별시,11560,영등포구,1156011000,여의도동,11,30,4,10,2342.2
20260224,11,서울특별시,11200,성동구,11,서울특별시,11560,영등포구,1156011000,여의도동,11,45,6,17,2221.53
20260224,11,서울특별시,11200,성동구,11,서울특별시,11560,영등포구,1156011000,여의도동,12,00,7,13,2291.92
20260224,11,서울특별시,11200,성동구,11,서울특별시,11560,영등포구,1156011000,여의도동,12,15,6,25,2502.2
20260224,11,서울특별시,11200,성동구,11,서울특별시,11560,영등포구,1156011000,여의도동,12,30,6,24,2281.17
20260224,11,서울특별시,11200,성동구,11,서울특별시,11560,영등포구,1156011000,여의도동,12,45,9,19,2571.89
20260224,11,서울특별시,11200,성동구,11,서울특별시,11560,영등포구,1156011000,여의도동,13,00,6,19,2283.89
20260224,11,서울특별시,11200,성동구,11,서울특별시,11560,영등포구,1156011000,여의도동,13,15,6,19,3046.47
20260224,11,서울특별시,11200,성동구,11,서울특별시,11560,영등포구,1156011000,여의도동,13,30,7,15,2637.07
20260224,11,서울특별시,11200,성동구,11,서울특별시,11560,영등포구,1156011000,여의도동,13,45,6,21,2615.62
20260224,11,서울특별시,11200,성동구,11,서울특별시,11560,영등포구,1156011000,여의도동,14,00,5,11,2330.18
20260224,11,서울특별시,11200,성동구,11,서울특별시,11560,영등포구,1156011000,여의도동,14,15,6,18,2701.28
20260224,11,서울특별시,11200,성동구,11,서울특별시,11560,영등포구,1156011000,여의도동,14,30,6,14,2578.0
20260224,11,서울특별시,11200,성동구,11,서울특별시,11560,영등포구,1156011000,여의도동,14,45,5,26,2456.77
20260224,11,서울특별시,11200,성동구,11,서울특별시,11560,영등포구,1156011000,여의도동,15,00,4,9,2232.22
20260224,11,서울특별시,11200,성동구,11,서울특별시,11560,영등포구,1156011000,여의도동,15,15,4,17,2462.47
20260224,11,서울특별시,11200,성동구,11,서울특별시,11560,영등포구,1156011000,여의도동,15,30,6,28,2897.21
20260224,11,서울특별시,11200,성동구,11,서울특별시,11560,영등포구,1156011000,여의도동,15,45,6,13,2489.54
20260224,11,서울특별시,11200,성동구,11,서울특별시,11560,영등포구,1156011000,여의도동,16,00,8,45,2580.31
20260224,11,서울특별시,11200,성동구,11,서울특별시,11560,영등포구,1156011000,여의도동,16,15,5,37,3099.51
20260224,11,서울특별시,11200,성동구,11,서울특별시,11560,영등포구,1156011000,여의도동,16,30,7,21,2551.38
20260224,11,서울특별시,11200,성동구,11,서울특별시,11560,영등포구,1156011000,여의도동,16,45,8,39,2643.36
20260224,11,서울특별시,11200,성동구,11,서울특별시,11560,영등포구,1156011000,여의도동,17,00,7,32,2688.56
20260224,11,서울특별시,11200,성동구,11,서울특별시,11560,영등포구,1156011000,여의도동,17,15,6,19,2485.26
20260224,11,서울특별시,11200,성동구,11,서울특별시,11560,영등포구,1156011000,여의도동,17,30,8,27,2446.37
20260224,11,서울특별시,11200,성동구,11,서울특별시,11560,영등포구,1156011000,여의도동,17,45,11,36,2570.31
20260224,11,서울특별시,11200,성동구,11,서울특별시,11560,영등포구,1156011000,여의도동,18,00,6,17,2413.71
20260224,11,서울특별시,11200,성동구,11,서울특별시,11560,영등포구,1156011000,여의도동,18,15,7,37,2407.03
20260224,11,서울특별시,11200,성동구,11,서울특별시,11560,영등포구,1156011000,여의도동,18,30,3,6,2236.17
20260224,11,서울특별시,11200,성동구,11,서울특별시,11560,영등포구,1156011000,여의도동,18,45,5,10,2337.6
20260224,11,서울특별시,11200,성동구,11,서울특별시,11560,영등포구,1156011000,여의도동,19,00,5,15,2444.0
20260224,11,서울특별시,11200,성동구,11,서울특별시,11560,영등포구,1156011000,여의도동,19,15,6,9,2327.56
20260224,11,서울특별시,11200,성동구,11,서울특별시,11560,영등포구,1156011000,여의도동,19,30,1,5,2558.0
20260224,11,서울특별시,11200,성동구,11,서울특별시,11560,영등포구,1156011000,여의도동,19,45,4,6,2665.33
20260224,11,서울특별시,11200,성동구,11,서울특별시,11560,영등포구,1156011000,여의도동,20,00,2,4,2606.5
20260224,11,서울특별시,11200,성동구,11,서울특별시,11560,영등포구,1156011000,여의도동,20,15,1,3,2148.0
20260224,11,서울특별시,11200,성동구,11,서울특별시,11560,영등포구,1156011000,여의도동,20,30,3,8,2565.25
20260224,11,서울특별시,11200,성동구,11,서울특별시,11560,영등포구,1156011000,여의도동,20,45,4,6,2790.0
20260224,11,서울특별시,11200,성동구,11,서울특별시,11560,영등포구,1156011000,여의도동,21,00,2,2,1964.0
20260224,11,서울특별시,11200,성동구,11,서울특별시,11560,영등포구,1156011000,여의도동,21,15,4,11,2496.27
20260224,11,서울특별시,11200,성동구,11,서울특별시,11560,영등포구,1156011000,여의도동,21,30,3,4,2453.25
20260224,11,서울특별시,11200,성동구,11,서울특별시,11560,영등포구,1156011000,여의도동,21,45,2,3,2583.33
20260224,11,서울특별시,11200,성동구,11,서울특별시,11560,영등포구,1156011000,여의도동,22,00,3,8,2787.38
20260224,11,서울특별시,11200,성동구,11,서울특별시,11560,영등포구,1156011000,여의도동,22,30,3,3,1939.67
20260224,11,서울특별시,11200,성동구,11,서울특별시,11560,영등포구,1156011000,여의도동,22,45,1,1,828.0
20260224,11,서울특별시,11200,성동구,11,서울특별시,11560,영등포구,1156011000,여의도동,23,00,1,1,3326.0
20260224,11,서울특별시,11200,성동구,11,서울특별시,11560,영등포구,1156011000,여의도동,23,15,1,1,2689.0
20260224,11,서울특별시,11200,성동구,11,서울특별시,11560,영등포구,1156011000,여의도동,23,30,1,1,2099.0
20260224,11,서울특별시,11200,성동구,11,서울특별시,11560,영등포구,1156011000,여의도동,23,45,1,1,2436.0
20260224,11,서울특별시,11215,광진구,11,서울특별시,11560,영등포구,1156011000,여의도동,00,00,1,3,2781.0
20260224,11,서울특별시,11215,광진구,11,서울특별시,11560,영등포구,1156011000,여의도동,04,15,1,1,3303.0
20260224,11,서울특별시,11215,광진구,11,서울특별시,11560,영등포구,1156011000,여의도동,05,00,1,1,3193.0
20260224,11,서울특별시,11215,광진구,11,서울특별시,11560,영등포구,1156011000,여의도동,05,15,3,6,3115.83
20260224,11,서울특별시,11215,광진구,11,서울특별시,11560,영등포구,1156011000,여의도동,05,30,4,15,2790.73
20260224,11,서울특별시,11215,광진구,11,서울특별시,11560,영등포구,1156011000,여의도동,05,45,6,21,2939.95
20260224,11,서울특별시,11215,광진구,11,서울특별시,11560,영등포구,1156011000,여의도동,06,00,5,22,2802.18
20260224,11,서울특별시,11215,광진구,11,서울특별시,11560,영등포구,1156011000,여의도동,06,15,6,37,2768.73
20260224,11,서울특별시,11215,광진구,11,서울특별시,11560,영등포구,1156011000,여의도동,06,30,7,85,2727.92
20260224,11,서울특별시,11215,광진구,11,서울특별시,11560,영등포구,1156011000,여의도동,06,45,6,129,2700.78
20260224,11,서울특별시,11215,광진구,11,서울특별시,11560,영등포구,1156011000,여의도동,07,00,7,136,2703.85
20260224,11,서울특별시,11215,광진구,11,서울특별시,11560,영등포구,1156011000,여의도동,07,15,6,114,2830.46
20260224,11,서울특별시,11215,광진구,11,서울특별시,11560,영등포구,1156011000,여의도동,07,30,7,162,2760.78
20260224,11,서울특별시,11215,광진구,11,서울특별시,11560,영등포구,1156011000,여의도동,07,45,7,171,2767.67
20260224,11,서울특별시,11215,광진구,11,서울특별시,11560,영등포구,1156011000,여의도동,08,00,7,159,2669.88
20260224,11,서울특별시,11215,광진구,11,서울특별시,11560,영등포구,1156011000,여의도동,08,15,7,82,2623.57
20260224,11,서울특별시,11215,광진구,11,서울특별시,11560,영등포구,1156011000,여의도동,08,30,6,72,2639.31
20260224,11,서울특별시,11215,광진구,11,서울특별시,11560,영등포구,1156011000,여의도동,08,45,7,66,2674.71
20260224,11,서울특별시,11215,광진구,11,서울특별시,11560,영등포구,1156011000,여의도동,09,00,7,55,2664.24
20260224,11,서울특별시,11215,광진구,11,서울특별시,11560,영등포구,1156011000,여의도동,09,15,7,37,2602.81
20260224,11,서울특별시,11215,광진구,11,서울특별시,11560,영등포구,1156011000,여의도동,09,30,5,21,2643.9
20260224,11,서울특별시,11215,광진구,11,서울특별시,11560,영등포구,1156011000,여의도동,09,45,6,17,2640.88
20260224,11,서울특별시,11215,광진구,11,서울특별시,11560,영등포구,1156011000,여의도동,10,00,5,15,2845.47
20260224,11,서울특별시,11215,광진구,11,서울특별시,11560,영등포구,1156011000,여의도동,10,15,5,15,2746.53
20260224,11,서울특별시,11215,광진구,11,서울특별시,11560,영등포구,1156011000,여의도동,10,30,5,13,2803.31
20260224,11,서울특별시,11215,광진구,11,서울특별시,11560,영등포구,1156011000,여의도동,10,45,5,18,3227.94
20260224,11,서울특별시,11215,광진구,11,서울특별시,11560,영등포구,1156011000,여의도동,11,00,6,15,3032.0
20260224,11,서울특별시,11215,광진구,11,서울특별시,11560,영등포구,1156011000,여의도동,11,15,5,11,2840.55
20260224,11,서울특별시,11215,광진구,11,서울특별시,11560,영등포구,1156011000,여의도동,11,30,6,8,2689.88
20260224,11,서울특별시,11215,광진구,11,서울특별시,11560,영등포구,1156011000,여의도동,11,45,6,16,2970.06
20260224,11,서울특별시,11215,광진구,11,서울특별시,11560,영등포구,1156011000,여의도동,12,00,6,17,3081.76
20260224,11,서울특별시,11215,광진구,11,서울특별시,11560,영등포구,1156011000,여의도동,12,15,6,14,2742.79
20260224,11,서울특별시,11215,광진구,11,서울특별시,11560,영등포구,1156011000,여의도동,12,30,5,16,2809.5
20260224,11,서울특별시,11215,광진구,11,서울특별시,11560,영등포구,1156011000,여의도동,12,45,3,6,2990.83
20260224,11,서울특별시,11215,광진구,11,서울특별시,11560,영등포구,1156011000,여의도동,13,00,6,18,2732.06
20260224,11,서울특별시,11215,광진구,11,서울특별시,11560,영등포구,1156011000,여의도동,13,15,6,14,2921.43
20260224,11,서울특별시,11215,광진구,11,서울특별시,11560,영등포구,1156011000,여의도동,13,30,5,11,2740.36
20260224,11,서울특별시,11215,광진구,11,서울특별시,11560,영등포구,1156011000,여의도동,13,45,5,8,2889.12
20260224,11,서울특별시,11215,광진구,11,서울특별시,11560,영등포구,1156011000,여의도동,14,00,4,10,2668.8
20260224,11,서울특별시,11215,광진구,11,서울특별시,11560,영등포구,1156011000,여의도동,14,15,5,8,3187.88
20260224,11,서울특별시,11215,광진구,11,서울특별시,11560,영등포구,1156011000,여의도동,14,30,4,6,2810.83
20260224,11,서울특별시,11215,광진구,11,서울특별시,11560,영등포구,1156011000,여의도동,14,45,5,9,2832.11
20260224,11,서울특별시,11215,광진구,11,서울특별시,11560,영등포구,1156011000,여의도동,15,00,4,16,2641.75
20260224,11,서울특별시,11215,광진구,11,서울특별시,11560,영등포구,1156011000,여의도동,15,15,3,5,3013.0
20260224,11,서울특별시,11215,광진구,11,서울특별시,11560,영등포구,1156011000,여의도동,15,30,6,14,2968.14
20260224,11,서울특별시,11215,광진구,11,서울특별시,11560,영등포구,1156011000,여의도동,15,45,4,13,2830.46
20260224,11,서울특별시,11215,광진구,11,서울특별시,11560,영등포구,1156011000,여의도동,16,00,5,9,2736.56
20260224,11,서울특별시,11215,광진구,11,서울특별시,11560,영등포구,1156011000,여의도동,16,15,4,22,3007.41
20260224,11,서울특별시,11215,광진구,11,서울특별시,11560,영등포구,1156011000,여의도동,16,30,4,7,2913.29
20260224,11,서울특별시,11215,광진구,11,서울특별시,11560,영등포구,1156011000,여의도동,16,45,5,10,2963.5
20260224,11,서울특별시,11215,광진구,11,서울특별시,11560,영등포구,1156011000,여의도동,17,00,5,23,2868.65
20260224,11,서울특별시,11215,광진구,11,서울특별시,11560,영등포구,1156011000,여의도동,17,15,3,5,2851.8
20260224,11,서울특별시,11215,광진구,11,서울특별시,11560,영등포구,1156011000,여의도동,17,30,4,11,2826.18
20260224,11,서울특별시,11215,광진구,11,서울특별시,11560,영등포구,1156011000,여의도동,17,45,5,10,3266.6
20260224,11,서울특별시,11215,광진구,11,서울특별시,11560,영등포구,1156011000,여의도동,18,00,5,12,2720.75
20260224,11,서울특별시,11215,광진구,11,서울특별시,11560,영등포구,1156011000,여의도동,18,15,2,3,2848.67
20260224,11,서울특별시,11215,광진구,11,서울특별시,11560,영등포구,1156011000,여의도동,18,30,3,5,2715.0
20260224,11,서울특별시,11215,광진구,11,서울특별시,11560,영등포구,1156011000,여의도동,18,45,5,8,2738.5
20260224,11,서울특별시,11215,광진구,11,서울특별시,11560,영등포구,1156011000,여의도동,19,00,2,3,2438.0
20260224,11,서울특별시,11215,광진구,11,서울특별시,11560,영등포구,1156011000,여의도동,19,15,4,8,2809.38
20260224,11,서울특별시,11215,광진구,11,서울특별시,11560,영등포구,1156011000,여의도동,19,30,2,4,2700.25
20260224,11,서울특별시,11215,광진구,11,서울특별시,11560,영등포구,1156011000,여의도동,19,45,2,4,2807.0
20260224,11,서울특별시,11215,광진구,11,서울특별시,11560,영등포구,1156011000,여의도동,20,00,3,3,2999.0
20260224,11,서울특별시,11215,광진구,11,서울특별시,11560,영등포구,1156011000,여의도동,20,15,3,3,2586.33
20260224,11,서울특별시,11215,광진구,11,서울특별시,11560,영등포구,1156011000,여의도동,20,30,1,2,3858.0
20260224,11,서울특별시,11215,광진구,11,서울특별시,11560,영등포구,1156011000,여의도동,20,45,1,4,2596.0
20260224,11,서울특별시,11215,광진구,11,서울특별시,11560,영등포구,1156011000,여의도동,21,00,1,1,2799.0
20260224,11,서울특별시,11215,광진구,11,서울특별시,11560,영등포구,1156011000,여의도동,21,15,1,1,3001.0
20260224,11,서울특별시,11215,광진구,11,서울특별시,11560,영등포구,1156011000,여의도동,21,30,2,4,3144.5
20260224,11,서울특별시,11215,광진구,11,서울특별시,11560,영등포구,1156011000,여의도동,21,45,2,3,2834.67
20260224,11,서울특별시,11215,광진구,11,서울특별시,11560,영등포구,1156011000,여의도동,22,00,2,3,3306.0
20260224,11,서울특별시,11215,광진구,11,서울특별시,11560,영등포구,1156011000,여의도동,22,15,1,1,3158.0
20260224,11,서울특별시,11215,광진구,11,서울특별시,11560,영등포구,1156011000,여의도동,22,30,2,4,3024.0
20260224,11,서울특별시,11215,광진구,11,서울특별시,11560,영등포구,1156011000,여의도동,22,45,2,2,3103.5
20260224,11,서울특별시,11215,광진구,11,서울특별시,11560,영등포구,1156011000,여의도동,23,00,1,2,2953.0
20260224,11,서울특별시,11215,광진구,11,서울특별시,11560,영등포구,1156011000,여의도동,23,15,1,1,4481.0
20260224,11,서울특별시,11215,광진구,11,서울특별시,11560,영등포구,1156011000,여의도동,23,30,1,1,2854.0
20260224,11,서울특별시,11230,동대문구,11,서울특별시,11560,영등포구,1156011000,여의도동,00,15,1,1,2796.0
20260224,11,서울특별시,11230,동대문구,11,서울특별시,11560,영등포구,1156011000,여의도동,01,30,1,1,2672.0
20260224,11,서울특별시,11230,동대문구,11,서울특별시,11560,영등포구,1156011000,여의도동,04,15,2,2,3158.5
20260224,11,서울특별시,11230,동대문구,11,서울특별시,11560,영등포구,1156011000,여의도동,04,30,2,2,2633.0
20260224,11,서울특별시,11230,동대문구,11,서울특별시,11560,영등포구,1156011000,여의도동,04,45,3,4,2886.0
20260224,11,서울특별시,11230,동대문구,11,서울특별시,11560,영등포구,1156011000,여의도동,05,00,5,8,3099.0
20260224,11,서울특별시,11230,동대문구,11,서울특별시,11560,영등포구,1156011000,여의도동,05,15,7,17,2680.0
20260224,11,서울특별시,11230,동대문구,11,서울특별시,11560,영등포구,1156011000,여의도동,05,30,8,28,2691.93
20260224,11,서울특별시,11230,동대문구,11,서울특별시,11560,영등포구,1156011000,여의도동,05,45,7,14,2557.29
20260224,11,서울특별시,11230,동대문구,11,서울특별시,11560,영등포구,1156011000,여의도동,06,00,8,35,2590.06
20260224,11,서울특별시,11230,동대문구,11,서울특별시,11560,영등포구,1156011000,여의도동,06,15,9,48,2532.29
20260224,11,서울특별시,11230,동대문구,11,서울특별시,11560,영등포구,1156011000,여의도동,06,30,10,113,2730.66
20260224,11,서울특별시,11230,동대문구,11,서울특별시,11560,영등포구,1156011000,여의도동,06,45,10,163,2605.25
20260224,11,서울특별시,11230,동대문구,11,서울특별시,11560,영등포구,1156011000,여의도동,07,00,9,199,2485.71
20260224,11,서울특별시,11230,동대문구,11,서울특별시,11560,영등포구,1156011000,여의도동,07,15,9,172,2601.73
20260224,11,서울특별시,11230,동대문구,11,서울특별시,11560,영등포구,1156011000,여의도동,07,30,10,201,2741.42
20260224,11,서울특별시,11230,동대문구,11,서울특별시,11560,영등포구,1156011000,여의도동,07,45,9,244,2691.64
20260224,11,서울특별시,11230,동대문구,11,서울특별시,11560,영등포구,1156011000,여의도동,08,00,10,200,2572.23
20260224,11,서울특별시,11230,동대문구,11,서울특별시,11560,영등포구,1156011000,여의도동,08,15,9,106,2496.22
20260224,11,서울특별시,11230,동대문구,11,서울특별시,11560,영등포구,1156011000,여의도동,08,30,10,90,2584.88
20260224,11,서울특별시,11230,동대문구,11,서울특별시,11560,영등포구,1156011000,여의도동,08,45,9,74,2555.45
20260224,11,서울특별시,11230,동대문구,11,서울특별시,11560,영등포구,1156011000,여의도동,09,00,8,62,2540.35
20260224,11,서울특별시,11230,동대문구,11,서울특별시,11560,영등포구,1156011000,여의도동,09,15,9,30,2564.37
20260224,11,서울특별시,11230,동대문구,11,서울특별시,11560,영등포구,1156011000,여의도동,09,30,6,28,2587.11
20260224,11,서울특별시,11230,동대문구,11,서울특별시,11560,영등포구,1156011000,여의도동,09,45,7,27,2691.3
20260224,11,서울특별시,11230,동대문구,11,서울특별시,11560,영등포구,1156011000,여의도동,10,00,8,23,2533.65
20260224,11,서울특별시,11230,동대문구,11,서울특별시,11560,영등포구,1156011000,여의도동,10,15,7,21,2640.14
20260224,11,서울특별시,11230,동대문구,11,서울특별시,11560,영등포구,1156011000,여의도동,10,30,8,19,2564.05
20260224,11,서울특별시,11230,동대문구,11,서울특별시,11560,영등포구,1156011000,여의도동,10,45,5,18,2727.44
20260224,11,서울특별시,11230,동대문구,11,서울특별시,11560,영등포구,1156011000,여의도동,11,00,8,17,2937.29
20260224,11,서울특별시,11230,동대문구,11,서울특별시,11560,영등포구,1156011000,여의도동,11,15,8,17,2665.41
20260224,11,서울특별시,11230,동대문구,11,서울특별시,11560,영등포구,1156011000,여의도동,11,30,5,17,2818.24
20260224,11,서울특별시,11230,동대문구,11,서울특별시,11560,영등포구,1156011000,여의도동,11,45,6,12,2773.75
20260224,11,서울특별시,11230,동대문구,11,서울특별시,11560,영등포구,1156011000,여의도동,12,00,6,20,2732.25
20260224,11,서울특별시,11230,동대문구,11,서울특별시,11560,영등포구,1156011000,여의도동,12,15,7,13,2708.77
20260224,11,서울특별시,11230,동대문구,11,서울특별시,11560,영등포구,1156011000,여의도동,12,30,7,22,2713.68
20260224,11,서울특별시,11230,동대문구,11,서울특별시,11560,영등포구,1156011000,여의도동,12,45,8,19,2810.53
20260224,11,서울특별시,11230,동대문구,11,서울특별시,11560,영등포구,1156011000,여의도동,13,00,8,26,2543.96
20260224,11,서울특별시,11230,동대문구,11,서울특별시,11560,영등포구,1156011000,여의도동,13,15,7,16,2639.75
20260224,11,서울특별시,11230,동대문구,11,서울특별시,11560,영등포구,1156011000,여의도동,13,30,6,12,2908.5
20260224,11,서울특별시,11230,동대문구,11,서울특별시,11560,영등포구,1156011000,여의도동,13,45,6,15,2850.67
20260224,11,서울특별시,11230,동대문구,11,서울특별시,11560,영등포구,1156011000,여의도동,14,00,6,24,2683.67
20260224,11,서울특별시,11230,동대문구,11,서울특별시,11560,영등포구,1156011000,여의도동,14,15,9,18,2562.72
20260224,11,서울특별시,11230,동대문구,11,서울특별시,11560,영등포구,1156011000,여의도동,14,30,6,19,2711.05
20260224,11,서울특별시,11230,동대문구,11,서울특별시,11560,영등포구,1156011000,여의도동,14,45,7,23,2633.87
20260224,11,서울특별시,11230,동대문구,11,서울특별시,11560,영등포구,1156011000,여의도동,15,00,5,6,2893.33
20260224,11,서울특별시,11230,동대문구,11,서울특별시,11560,영등포구,1156011000,여의도동,15,15,5,8,2944.88
20260224,11,서울특별시,11230,동대문구,11,서울특별시,11560,영등포구,1156011000,여의도동,15,30,7,13,3037.15
20260224,11,서울특별시,11230,동대문구,11,서울특별시,11560,영등포구,1156011000,여의도동,15,45,5,9,2807.67
20260224,11,서울특별시,11230,동대문구,11,서울특별시,11560,영등포구,1156011000,여의도동,16,00,8,23,2778.96
20260224,11,서울특별시,11230,동대문구,11,서울특별시,11560,영등포구,1156011000,여의도동,16,15,4,8,2654.75
20260224,11,서울특별시,11230,동대문구,11,서울특별시,11560,영등포구,1156011000,여의도동,16,30,8,17,2915.76
20260224,11,서울특별시,11230,동대문구,11,서울특별시,11560,영등포구,1156011000,여의도동,16,45,7,14,2964.5
20260224,11,서울특별시,11230,동대문구,11,서울특별시,11560,영등포구,1156011000,여의도동,17,00,9,19,2850.42
20260224,11,서울특별시,11230,동대문구,11,서울특별시,11560,영등포구,1156011000,여의도동,17,15,7,13,2579.38
20260224,11,서울특별시,11230,동대문구,11,서울특별시,11560,영등포구,1156011000,여의도동,17,30,7,14,2911.21
20260224,11,서울특별시,11230,동대문구,11,서울특별시,11560,영등포구,1156011000,여의도동,17,45,8,14,2590.14
20260224,11,서울특별시,11230,동대문구,11,서울특별시,11560,영등포구,1156011000,여의도동,18,00,6,17,2568.94
20260224,11,서울특별시,11230,동대문구,11,서울특별시,11560,영등포구,1156011000,여의도동,18,15,5,6,2800.5
20260224,11,서울특별시,11230,동대문구,11,서울특별시,11560,영등포구,1156011000,여의도동,18,30,3,5,2957.0
20260224,11,서울특별시,11230,동대문구,11,서울특별시,11560,영등포구,1156011000,여의도동,18,45,4,6,2697.0
20260224,11,서울특별시,11230,동대문구,11,서울특별시,11560,영등포구,1156011000,여의도동,19,00,3,4,2729.25
20260224,11,서울특별시,11230,동대문구,11,서울특별시,11560,영등포구,1156011000,여의도동,19,15,3,4,2679.75
20260224,11,서울특별시,11230,동대문구,11,서울특별시,11560,영등포구,1156011000,여의도동,19,30,3,3,2600.33
20260224,11,서울특별시,11230,동대문구,11,서울특별시,11560,영등포구,1156011000,여의도동,19,45,2,2,2520.5
20260224,11,서울특별시,11230,동대문구,11,서울특별시,11560,영등포구,1156011000,여의도동,20,00,2,2,2633.5
20260224,11,서울특별시,11230,동대문구,11,서울특별시,11560,영등포구,1156011000,여의도동,20,15,3,5,2147.4
20260224,11,서울특별시,11230,동대문구,11,서울특별시,11560,영등포구,1156011000,여의도동,20,30,3,6,2692.17
20260224,11,서울특별시,11230,동대문구,11,서울특별시,11560,영등포구,1156011000,여의도동,20,45,1,1,2267.0
20260224,11,서울특별시,11230,동대문구,11,서울특별시,11560,영등포구,1156011000,여의도동,21,00,1,1,2651.0
20260224,11,서울특별시,11230,동대문구,11,서울특별시,11560,영등포구,1156011000,여의도동,21,15,1,1,2297.0
20260224,11,서울특별시,11230,동대문구,11,서울특별시,11560,영등포구,1156011000,여의도동,21,30,1,1,2373.0
20260224,11,서울특별시,11230,동대문구,11,서울특별시,11560,영등포구,1156011000,여의도동,22,00,5,5,2381.2
20260224,11,서울특별시,11230,동대문구,11,서울특별시,11560,영등포구,1156011000,여의도동,22,45,1,1,2303.0
20260224,11,서울특별시,11260,중랑구,11,서울특별시,11560,영등포구,1156011000,여의도동,04,00,3,3,3651.0
20260224,11,서울특별시,11260,중랑구,11,서울특별시,11560,영등포구,1156011000,여의도동,04,15,3,7,3555.57
20260224,11,서울특별시,11260,중랑구,11,서울특별시,11560,영등포구,1156011000,여의도동,04,30,3,3,3698.33
20260224,11,서울특별시,11260,중랑구,11,서울특별시,11560,영등포구,1156011000,여의도동,04,45,3,4,3471.0
20260224,11,서울특별시,11260,중랑구,11,서울특별시,11560,영등포구,1156011000,여의도동,05,00,3,3,3717.33
20260224,11,서울특별시,11260,중랑구,11,서울특별시,11560,영등포구,1156011000,여의도동,05,15,3,4,3487.75
20260224,11,서울특별시,11260,중랑구,11,서울특별시,11560,영등포구,1156011000,여의도동,05,30,5,13,3347.31
20260224,11,서울특별시,11260,중랑구,11,서울특별시,11560,영등포구,1156011000,여의도동,05,45,5,10,3342.8
20260224,11,서울특별시,11260,중랑구,11,서울특별시,11560,영등포구,1156011000,여의도동,06,00,5,22,3335.23
20260224,11,서울특별시,11260,중랑구,11,서울특별시,11560,영등포구,1156011000,여의도동,06,15,6,50,3527.96
20260224,11,서울특별시,11260,중랑구,11,서울특별시,11560,영등포구,1156011000,여의도동,06,30,6,81,3476.41
20260224,11,서울특별시,11260,중랑구,11,서울특별시,11560,영등포구,1156011000,여의도동,06,45,6,89,3439.88
20260224,11,서울특별시,11260,중랑구,11,서울특별시,11560,영등포구,1156011000,여의도동,07,00,6,97,3489.25
20260224,11,서울특별시,11260,중랑구,11,서울특별시,11560,영등포구,1156011000,여의도동,07,15,6,82,3406.96
20260224,11,서울특별시,11260,중랑구,11,서울특별시,11560,영등포구,1156011000,여의도동,07,30,6,141,3410.45
20260224,11,서울특별시,11260,중랑구,11,서울특별시,11560,영등포구,1156011000,여의도동,07,45,6,107,3365.65
20260224,11,서울특별시,11260,중랑구,11,서울특별시,11560,영등포구,1156011000,여의도동,08,00,6,50,3347.74
20260224,11,서울특별시,11260,중랑구,11,서울특별시,11560,영등포구,1156011000,여의도동,08,15,6,54,3214.65
20260224,11,서울특별시,11260,중랑구,11,서울특별시,11560,영등포구,1156011000,여의도동,08,30,6,36,3381.67
20260224,11,서울특별시,11260,중랑구,11,서울특별시,11560,영등포구,1156011000,여의도동,08,45,6,44,3421.32
20260224,11,서울특별시,11260,중랑구,11,서울특별시,11560,영등포구,1156011000,여의도동,09,00,3,15,3300.73
20260224,11,서울특별시,11260,중랑구,11,서울특별시,11560,영등포구,1156011000,여의도동,09,15,4,10,3775.7
20260224,11,서울특별시,11260,중랑구,11,서울특별시,11560,영등포구,1156011000,여의도동,09,30,5,7,3445.0
20260224,11,서울특별시,11260,중랑구,11,서울특별시,11560,영등포구,1156011000,여의도동,09,45,4,14,3379.36
20260224,11,서울특별시,11260,중랑구,11,서울특별시,11560,영등포구,1156011000,여의도동,10,00,6,15,3660.67
20260224,11,서울특별시,11260,중랑구,11,서울특별시,11560,영등포구,1156011000,여의도동,10,15,3,4,4316.25
20260224,11,서울특별시,11260,중랑구,11,서울특별시,11560,영등포구,1156011000,여의도동,10,30,4,9,3449.0
20260224,11,서울특별시,11260,중랑구,11,서울특별시,11560,영등포구,1156011000,여의도동,10,45,4,5,3313.6
20260224,11,서울특별시,11260,중랑구,11,서울특별시,11560,영등포구,1156011000,여의도동,11,00,3,5,3082.2
20260224,11,서울특별시,11260,중랑구,11,서울특별시,11560,영등포구,1156011000,여의도동,11,15,2,3,3566.67
20260224,11,서울특별시,11260,중랑구,11,서울특별시,11560,영등포구,1156011000,여의도동,11,30,4,8,3614.62
20260224,11,서울특별시,11260,중랑구,11,서울특별시,11560,영등포구,1156011000,여의도동,11,45,4,7,3855.43
20260224,11,서울특별시,11260,중랑구,11,서울특별시,11560,영등포구,1156011000,여의도동,12,00,5,5,3803.2
20260224,11,서울특별시,11260,중랑구,11,서울특별시,11560,영등포구,1156011000,여의도동,12,15,3,5,3481.0
20260224,11,서울특별시,11260,중랑구,11,서울특별시,11560,영등포구,1156011000,여의도동,12,30,3,8,3982.38
20260224,11,서울특별시,11260,중랑구,11,서울특별시,11560,영등포구,1156011000,여의도동,12,45,4,5,3728.4
20260224,11,서울특별시,11260,중랑구,11,서울특별시,11560,영등포구,1156011000,여의도동,13,00,3,3,3727.67
20260224,11,서울특별시,11260,중랑구,11,서울특별시,11560,영등포구,1156011000,여의도동,13,15,4,4,3361.25
20260224,11,서울특별시,11260,중랑구,11,서울특별시,11560,영등포구,1156011000,여의도동,13,30,3,4,3901.25
20260224,11,서울특별시,11260,중랑구,11,서울특별시,11560,영등포구,1156011000,여의도동,13,45,4,5,4023.8
20260224,11,서울특별시,11260,중랑구,11,서울특별시,11560,영등포구,1156011000,여의도동,14,00,2,3,3707.0
20260224,11,서울특별시,11260,중랑구,11,서울특별시,11560,영등포구,1156011000,여의도동,14,15,5,9,3424.33
20260224,11,서울특별시,11260,중랑구,11,서울특별시,11560,영등포구,1156011000,여의도동,14,30,2,3,3072.0
20260224,11,서울특별시,11260,중랑구,11,서울특별시,11560,영등포구,1156011000,여의도동,14,45,3,4,3985.5
20260224,11,서울특별시,11260,중랑구,11,서울특별시,11560,영등포구,1156011000,여의도동,15,00,3,7,3464.29
20260224,11,서울특별시,11260,중랑구,11,서울특별시,11560,영등포구,1156011000,여의도동,15,15,3,4,3609.0
20260224,11,서울특별시,11260,중랑구,11,서울특별시,11560,영등포구,1156011000,여의도동,15,30,2,3,4567.0
20260224,11,서울특별시,11260,중랑구,11,서울특별시,11560,영등포구,1156011000,여의도동,15,45,2,2,3774.0
20260224,11,서울특별시,11260,중랑구,11,서울특별시,11560,영등포구,1156011000,여의도동,16,00,4,7,3876.43
20260224,11,서울특별시,11260,중랑구,11,서울특별시,11560,영등포구,1156011000,여의도동,16,15,5,9,3702.33
20260224,11,서울특별시,11260,중랑구,11,서울특별시,11560,영등포구,1156011000,여의도동,16,30,3,4,4595.25
20260224,11,서울특별시,11260,중랑구,11,서울특별시,11560,영등포구,1156011000,여의도동,16,45,3,3,3467.33
20260224,11,서울특별시,11260,중랑구,11,서울특별시,11560,영등포구,1156011000,여의도동,17,00,2,3,4164.0
20260224,11,서울특별시,11260,중랑구,11,서울특별시,11560,영등포구,1156011000,여의도동,17,30,2,3,3089.0
20260224,11,서울특별시,11260,중랑구,11,서울특별시,11560,영등포구,1156011000,여의도동,17,45,2,2,3173.0
20260224,11,서울특별시,11260,중랑구,11,서울특별시,11560,영등포구,1156011000,여의도동,18,00,3,7,4138.29
20260224,11,서울특별시,11260,중랑구,11,서울특별시,11560,영등포구,1156011000,여의도동,18,30,2,2,3542.5
20260224,11,서울특별시,11260,중랑구,11,서울특별시,11560,영등포구,1156011000,여의도동,18,45,2,2,3731.5
20260224,11,서울특별시,11260,중랑구,11,서울특별시,11560,영등포구,1156011000,여의도동,19,00,1,1,3736.0
20260224,11,서울특별시,11260,중랑구,11,서울특별시,11560,영등포구,1156011000,여의도동,19,15,1,1,3534.0
20260224,11,서울특별시,11260,중랑구,11,서울특별시,11560,영등포구,1156011000,여의도동,19,30,1,2,3109.0
20260224,11,서울특별시,11260,중랑구,11,서울특별시,11560,영등포구,1156011000,여의도동,19,45,2,3,3516.67
20260224,11,서울특별시,11260,중랑구,11,서울특별시,11560,영등포구,1156011000,여의도동,20,15,1,1,3775.0
20260224,11,서울특별시,11260,중랑구,11,서울특별시,11560,영등포구,1156011000,여의도동,20,30,2,2,3302.0
20260224,11,서울특별시,11260,중랑구,11,서울특별시,11560,영등포구,1156011000,여의도동,21,30,1,1,2997.0
20260224,11,서울특별시,11260,중랑구,11,서울특별시,11560,영등포구,1156011000,여의도동,21,45,1,1,3255.0
20260224,11,서울특별시,11290,성북구,11,서울특별시,11560,영등포구,1156011000,여의도동,00,00,1,1,2939.0
20260224,11,서울특별시,11290,성북구,11,서울특별시,11560,영등포구,1156011000,여의도동,00,15,1,1,2391.0
20260224,11,서울특별시,11290,성북구,11,서울특별시,11560,영등포구,1156011000,여의도동,03,15,1,1,3217.0
20260224,11,서울특별시,11290,성북구,11,서울특별시,11560,영등포구,1156011000,여의도동,04,00,2,3,3095.0
20260224,11,서울특별시,11290,성북구,11,서울특별시,11560,영등포구,1156011000,여의도동,04,15,5,6,3044.5
20260224,11,서울특별시,11290,성북구,11,서울특별시,11560,영등포구,1156011000,여의도동,04,30,2,2,2994.0
20260224,11,서울특별시,11290,성북구,11,서울특별시,11560,영등포구,1156011000,여의도동,04,45,4,5,2731.6
20260224,11,서울특별시,11290,성북구,11,서울특별시,11560,영등포구,1156011000,여의도동,05,00,6,7,2778.57
20260224,11,서울특별시,11290,성북구,11,서울특별시,11560,영등포구,1156011000,여의도동,05,15,10,15,2864.47
20260224,11,서울특별시,11290,성북구,11,서울특별시,11560,영등포구,1156011000,여의도동,05,30,10,20,2773.45
20260224,11,서울특별시,11290,성북구,11,서울특별시,11560,영등포구,1156011000,여의도동,05,45,11,28,2746.57
20260224,11,서울특별시,11290,성북구,11,서울특별시,11560,영등포구,1156011000,여의도동,06,00,10,33,2669.79
20260224,11,서울특별시,11290,성북구,11,서울특별시,11560,영등포구,1156011000,여의도동,06,15,15,54,2716.83
20260224,11,서울특별시,11290,성북구,11,서울특별시,11560,영등포구,1156011000,여의도동,06,30,19,101,2672.23
20260224,11,서울특별시,11290,성북구,11,서울특별시,11560,영등포구,1156011000,여의도동,06,45,15,186,2718.59
20260224,11,서울특별시,11290,성북구,11,서울특별시,11560,영등포구,1156011000,여의도동,07,00,15,205,2533.92
20260224,11,서울특별시,11290,성북구,11,서울특별시,11560,영등포구,1156011000,여의도동,07,15,14,188,2719.74
20260224,11,서울특별시,11290,성북구,11,서울특별시,11560,영등포구,1156011000,여의도동,07,30,20,252,2634.03
20260224,11,서울특별시,11290,성북구,11,서울특별시,11560,영등포구,1156011000,여의도동,07,45,17,258,2644.75
20260224,11,서울특별시,11290,성북구,11,서울특별시,11560,영등포구,1156011000,여의도동,08,00,15,203,2569.73
20260224,11,서울특별시,11290,성북구,11,서울특별시,11560,영등포구,1156011000,여의도동,08,15,14,97,2619.54
20260224,11,서울특별시,11290,성북구,11,서울특별시,11560,영등포구,1156011000,여의도동,08,30,17,83,2602.45
20260224,11,서울특별시,11290,성북구,11,서울특별시,11560,영등포구,1156011000,여의도동,08,45,17,74,2604.34
20260224,11,서울특별시,11290,성북구,11,서울특별시,11560,영등포구,1156011000,여의도동,09,00,17,59,2771.86
20260224,11,서울특별시,11290,성북구,11,서울특별시,11560,영등포구,1156011000,여의도동,09,15,12,27,2647.11
20260224,11,서울특별시,11290,성북구,11,서울특별시,11560,영등포구,1156011000,여의도동,09,30,10,28,2888.86
20260224,11,서울특별시,11290,성북구,11,서울특별시,11560,영등포구,1156011000,여의도동,09,45,14,26,2627.38
20260224,11,서울특별시,11290,성북구,11,서울특별시,11560,영등포구,1156011000,여의도동,10,00,10,21,2689.24
20260224,11,서울특별시,11290,성북구,11,서울특별시,11560,영등포구,1156011000,여의도동,10,15,11,20,2693.75
20260224,11,서울특별시,11290,성북구,11,서울특별시,11560,영등포구,1156011000,여의도동,10,30,12,21,2772.1
20260224,11,서울특별시,11290,성북구,11,서울특별시,11560,영등포구,1156011000,여의도동,10,45,7,10,2902.7
20260224,11,서울특별시,11290,성북구,11,서울특별시,11560,영등포구,1156011000,여의도동,11,00,7,8,2562.38
20260224,11,서울특별시,11290,성북구,11,서울특별시,11560,영등포구,1156011000,여의도동,11,15,9,17,3044.65
20260224,11,서울특별시,11290,성북구,11,서울특별시,11560,영등포구,1156011000,여의도동,11,30,10,18,2557.39
20260224,11,서울특별시,11290,성북구,11,서울특별시,11560,영등포구,1156011000,여의도동,11,45,12,23,2556.22
20260224,11,서울특별시,11290,성북구,11,서울특별시,11560,영등포구,1156011000,여의도동,12,00,10,22,2638.18
20260224,11,서울특별시,11290,성북구,11,서울특별시,11560,영등포구,1156011000,여의도동,12,15,9,16,2671.25
20260224,11,서울특별시,11290,성북구,11,서울특별시,11560,영등포구,1156011000,여의도동,12,30,9,16,2829.0
20260224,11,서울특별시,11290,성북구,11,서울특별시,11560,영등포구,1156011000,여의도동,12,45,9,11,2758.45
20260224,11,서울특별시,11290,성북구,11,서울특별시,11560,영등포구,1156011000,여의도동,13,00,9,11,3041.64
20260224,11,서울특별시,11290,성북구,11,서울특별시,11560,영등포구,1156011000,여의도동,13,15,4,8,3209.5
20260224,11,서울특별시,11290,성북구,11,서울특별시,11560,영등포구,1156011000,여의도동,13,30,5,9,2832.56
20260224,11,서울특별시,11290,성북구,11,서울특별시,11560,영등포구,1156011000,여의도동,13,45,11,18,2778.89
20260224,11,서울특별시,11290,성북구,11,서울특별시,11560,영등포구,1156011000,여의도동,14,00,6,11,2985.36
20260224,11,서울특별시,11290,성북구,11,서울특별시,11560,영등포구,1156011000,여의도동,14,15,9,13,2768.15
20260224,11,서울특별시,11290,성북구,11,서울특별시,11560,영등포구,1156011000,여의도동,14,30,8,12,3085.0
20260224,11,서울특별시,11290,성북구,11,서울특별시,11560,영등포구,1156011000,여의도동,14,45,7,18,2745.56
20260224,11,서울특별시,11290,성북구,11,서울특별시,11560,영등포구,1156011000,여의도동,15,00,10,18,2767.17
20260224,11,서울특별시,11290,성북구,11,서울특별시,11560,영등포구,1156011000,여의도동,15,15,10,21,2643.71
20260224,11,서울특별시,11290,성북구,11,서울특별시,11560,영등포구,1156011000,여의도동,15,30,5,8,3108.75
20260224,11,서울특별시,11290,성북구,11,서울특별시,11560,영등포구,1156011000,여의도동,15,45,8,14,2707.64
20260224,11,서울특별시,11290,성북구,11,서울특별시,11560,영등포구,1156011000,여의도동,16,00,10,17,2842.18
20260224,11,서울특별시,11290,성북구,11,서울특별시,11560,영등포구,1156011000,여의도동,16,15,6,8,2887.88
20260224,11,서울특별시,11290,성북구,11,서울특별시,11560,영등포구,1156011000,여의도동,16,30,4,8,2892.75
20260224,11,서울특별시,11290,성북구,11,서울특별시,11560,영등포구,1156011000,여의도동,16,45,8,17,2720.71
20260224,11,서울특별시,11290,성북구,11,서울특별시,11560,영등포구,1156011000,여의도동,17,00,10,23,2574.83
20260224,11,서울특별시,11290,성북구,11,서울특별시,11560,영등포구,1156011000,여의도동,17,15,5,9,2453.22
20260224,11,서울특별시,11290,성북구,11,서울특별시,11560,영등포구,1156011000,여의도동,17,30,6,10,2940.6
20260224,11,서울특별시,11290,성북구,11,서울특별시,11560,영등포구,1156011000,여의도동,17,45,7,7,2436.0
20260224,11,서울특별시,11290,성북구,11,서울특별시,11560,영등포구,1156011000,여의도동,18,00,6,11,2970.64
20260224,11,서울특별시,11290,성북구,11,서울특별시,11560,영등포구,1156011000,여의도동,18,15,4,6,2556.33
20260224,11,서울특별시,11290,성북구,11,서울특별시,11560,영등포구,1156011000,여의도동,18,30,5,5,2825.2
20260224,11,서울특별시,11290,성북구,11,서울특별시,11560,영등포구,1156011000,여의도동,18,45,3,3,2597.0
20260224,11,서울특별시,11290,성북구,11,서울특별시,11560,영등포구,1156011000,여의도동,19,00,2,2,2507.5
20260224,11,서울특별시,11290,성북구,11,서울특별시,11560,영등포구,1156011000,여의도동,19,15,1,1,2246.0
20260224,11,서울특별시,11290,성북구,11,서울특별시,11560,영등포구,1156011000,여의도동,19,30,3,4,2447.5
20260224,11,서울특별시,11290,성북구,11,서울특별시,11560,영등포구,1156011000,여의도동,19,45,3,4,2818.75
20260224,11,서울특별시,11290,성북구,11,서울특별시,11560,영등포구,1156011000,여의도동,20,00,4,6,2787.5
20260224,11,서울특별시,11290,성북구,11,서울특별시,11560,영등포구,1156011000,여의도동,20,15,2,2,2598.5
20260224,11,서울특별시,11290,성북구,11,서울특별시,11560,영등포구,1156011000,여의도동,20,30,4,5,2672.0
20260224,11,서울특별시,11290,성북구,11,서울특별시,11560,영등포구,1156011000,여의도동,20,45,4,6,2658.33
20260224,11,서울특별시,11290,성북구,11,서울특별시,11560,영등포구,1156011000,여의도동,21,00,2,2,1923.5
20260224,11,서울특별시,11290,성북구,11,서울특별시,11560,영등포구,1156011000,여의도동,21,15,1,2,2992.0
20260224,11,서울특별시,11290,성북구,11,서울특별시,11560,영등포구,1156011000,여의도동,21,30,5,5,2659.8
20260224,11,서울특별시,11290,성북구,11,서울특별시,11560,영등포구,1156011000,여의도동,21,45,1,1,2593.0
20260224,11,서울특별시,11290,성북구,11,서울특별시,11560,영등포구,1156011000,여의도동,22,00,3,4,3192.25
20260224,11,서울특별시,11290,성북구,11,서울특별시,11560,영등포구,1156011000,여의도동,22,15,1,1,3484.0
20260224,11,서울특별시,11290,성북구,11,서울특별시,11560,영등포구,1156011000,여의도동,22,30,2,3,4706.67
20260224,11,서울특별시,11290,성북구,11,서울특별시,11560,영등포구,1156011000,여의도동,23,30,1,1,4426.0
20260224,11,서울특별시,11290,성북구,11,서울특별시,11560,영등포구,1156011000,여의도동,23,45,1,1,2022.0
20260224,11,서울특별시,11305,강북구,11,서울특별시,11560,영등포구,1156011000,여의도동,03,30,1,1,3339.0
20260224,11,서울특별시,11305,강북구,11,서울특별시,11560,영등포구,1156011000,여의도동,04,00,2,2,4173.5
20260224,11,서울특별시,11305,강북구,11,서울특별시,11560,영등포구,1156011000,여의도동,04,15,1,2,3158.0
20260224,11,서울특별시,11305,강북구,11,서울특별시,11560,영등포구,1156011000,여의도동,04,30,3,4,3565.25
20260224,11,서울특별시,11305,강북구,11,서울특별시,11560,영등포구,1156011000,여의도동,04,45,1,1,3131.0
20260224,11,서울특별시,11305,강북구,11,서울특별시,11560,영등포구,1156011000,여의도동,05,00,3,6,3066.5
20260224,11,서울특별시,11305,강북구,11,서울특별시,11560,영등포구,1156011000,여의도동,05,15,4,13,3321.62
20260224,11,서울특별시,11305,강북구,11,서울특별시,11560,영등포구,1156011000,여의도동,05,30,4,19,3162.37
20260224,11,서울특별시,11305,강북구,11,서울특별시,11560,영등포구,1156011000,여의도동,05,45,4,23,3045.35
20260224,11,서울특별시,11305,강북구,11,서울특별시,11560,영등포구,1156011000,여의도동,06,00,3,21,3133.81
20260224,11,서울특별시,11305,강북구,11,서울특별시,11560,영등포구,1156011000,여의도동,06,15,4,39,3249.08
20260224,11,서울특별시,11305,강북구,11,서울특별시,11560,영등포구,1156011000,여의도동,06,30,4,63,3092.11
20260224,11,서울특별시,11305,강북구,11,서울특별시,11560,영등포구,1156011000,여의도동,06,45,4,70,2905.2
20260224,11,서울특별시,11305,강북구,11,서울특별시,11560,영등포구,1156011000,여의도동,07,00,4,81,2875.51
20260224,11,서울특별시,11305,강북구,11,서울특별시,11560,영등포구,1156011000,여의도동,07,15,4,79,3044.82
20260224,11,서울특별시,11305,강북구,11,서울특별시,11560,영등포구,1156011000,여의도동,07,30,4,130,3097.89
20260224,11,서울특별시,11305,강북구,11,서울특별시,11560,영등포구,1156011000,여의도동,07,45,4,96,3055.69
20260224,11,서울특별시,11305,강북구,11,서울특별시,11560,영등포구,1156011000,여의도동,08,00,4,59,3065.15
20260224,11,서울특별시,11305,강북구,11,서울특별시,11560,영등포구,1156011000,여의도동,08,15,4,37,2994.24
20260224,11,서울특별시,11305,강북구,11,서울특별시,11560,영등포구,1156011000,여의도동,08,30,4,31,2818.16
20260224,11,서울특별시,11305,강북구,11,서울특별시,11560,영등포구,1156011000,여의도동,08,45,4,26,3007.85
20260224,11,서울특별시,11305,강북구,11,서울특별시,11560,영등포구,1156011000,여의도동,09,00,4,15,2922.47
20260224,11,서울특별시,11305,강북구,11,서울특별시,11560,영등포구,1156011000,여의도동,09,15,4,16,3192.88
20260224,11,서울특별시,11305,강북구,11,서울특별시,11560,영등포구,1156011000,여의도동,09,30,3,7,3156.43
20260224,11,서울특별시,11305,강북구,11,서울특별시,11560,영등포구,1156011000,여의도동,09,45,3,8,3193.25
20260224,11,서울특별시,11305,강북구,11,서울특별시,11560,영등포구,1156011000,여의도동,10,00,4,16,3192.31
20260224,11,서울특별시,11305,강북구,11,서울특별시,11560,영등포구,1156011000,여의도동,10,15,4,12,3123.67
20260224,11,서울특별시,11305,강북구,11,서울특별시,11560,영등포구,1156011000,여의도동,10,30,4,9,3370.22
20260224,11,서울특별시,11305,강북구,11,서울특별시,11560,영등포구,1156011000,여의도동,10,45,2,5,2936.8
20260224,11,서울특별시,11305,강북구,11,서울특별시,11560,영등포구,1156011000,여의도동,11,00,3,4,3417.5
20260224,11,서울특별시,11305,강북구,11,서울특별시,11560,영등포구,1156011000,여의도동,11,15,3,5,2930.6
20260224,11,서울특별시,11305,강북구,11,서울특별시,11560,영등포구,1156011000,여의도동,11,30,2,3,2758.0
20260224,11,서울특별시,11305,강북구,11,서울특별시,11560,영등포구,1156011000,여의도동,11,45,2,5,3183.4
20260224,11,서울특별시,11305,강북구,11,서울특별시,11560,영등포구,1156011000,여의도동,12,00,3,6,3628.83
20260224,11,서울특별시,11305,강북구,11,서울특별시,11560,영등포구,1156011000,여의도동,12,15,4,6,3847.17
20260224,11,서울특별시,11305,강북구,11,서울특별시,11560,영등포구,1156011000,여의도동,12,30,3,9,3449.44
20260224,11,서울특별시,11305,강북구,11,서울특별시,11560,영등포구,1156011000,여의도동,12,45,4,8,3603.88
20260224,11,서울특별시,11305,강북구,11,서울특별시,11560,영등포구,1156011000,여의도동,13,00,3,5,3594.6
20260224,11,서울특별시,11305,강북구,11,서울특별시,11560,영등포구,1156011000,여의도동,13,15,3,6,3284.33
20260224,11,서울특별시,11305,강북구,11,서울특별시,11560,영등포구,1156011000,여의도동,13,30,3,6,3816.0
20260224,11,서울특별시,11305,강북구,11,서울특별시,11560,영등포구,1156011000,여의도동,13,45,2,7,3377.14
20260224,11,서울특별시,11305,강북구,11,서울특별시,11560,영등포구,1156011000,여의도동,14,00,2,2,4345.5
20260224,11,서울특별시,11305,강북구,11,서울특별시,11560,영등포구,1156011000,여의도동,14,15,3,5,3408.2
20260224,11,서울특별시,11305,강북구,11,서울특별시,11560,영등포구,1156011000,여의도동,14,30,2,4,3239.0
20260224,11,서울특별시,11305,강북구,11,서울특별시,11560,영등포구,1156011000,여의도동,14,45,2,5,3172.0
20260224,11,서울특별시,11305,강북구,11,서울특별시,11560,영등포구,1156011000,여의도동,15,00,1,3,2567.0
20260224,11,서울특별시,11305,강북구,11,서울특별시,11560,영등포구,1156011000,여의도동,15,15,4,6,3800.67
20260224,11,서울특별시,11305,강북구,11,서울특별시,11560,영등포구,1156011000,여의도동,15,30,3,5,3321.2
20260224,11,서울특별시,11305,강북구,11,서울특별시,11560,영등포구,1156011000,여의도동,15,45,2,7,3503.86
20260224,11,서울특별시,11305,강북구,11,서울특별시,11560,영등포구,1156011000,여의도동,16,00,2,8,3097.75
20260224,11,서울특별시,11305,강북구,11,서울특별시,11560,영등포구,1156011000,여의도동,16,15,4,10,3376.7
20260224,11,서울특별시,11305,강북구,11,서울특별시,11560,영등포구,1156011000,여의도동,16,30,2,3,3227.33
20260224,11,서울특별시,11305,강북구,11,서울특별시,11560,영등포구,1156011000,여의도동,16,45,2,2,2734.5
20260224,11,서울특별시,11305,강북구,11,서울특별시,11560,영등포구,1156011000,여의도동,17,00,3,4,4124.75
20260224,11,서울특별시,11305,강북구,11,서울특별시,11560,영등포구,1156011000,여의도동,17,15,4,7,3154.86
20260224,11,서울특별시,11305,강북구,11,서울특별시,11560,영등포구,1156011000,여의도동,17,30,2,2,3356.0
20260224,11,서울특별시,11305,강북구,11,서울특별시,11560,영등포구,1156011000,여의도동,17,45,2,2,3052.0
20260224,11,서울특별시,11305,강북구,11,서울특별시,11560,영등포구,1156011000,여의도동,18,00,1,1,3798.0
20260224,11,서울특별시,11305,강북구,11,서울특별시,11560,영등포구,1156011000,여의도동,18,15,3,4,3323.25
20260224,11,서울특별시,11305,강북구,11,서울특별시,11560,영등포구,1156011000,여의도동,18,30,2,2,2650.5
20260224,11,서울특별시,11305,강북구,11,서울특별시,11560,영등포구,1156011000,여의도동,18,45,1,1,2770.0
20260224,11,서울특별시,11305,강북구,11,서울특별시,11560,영등포구,1156011000,여의도동,19,00,1,1,3305.0
20260224,11,서울특별시,11305,강북구,11,서울특별시,11560,영등포구,1156011000,여의도동,19,15,2,3,3302.0
20260224,11,서울특별시,11305,강북구,11,서울특별시,11560,영등포구,1156011000,여의도동,19,30,1,2,3257.0
20260224,11,서울특별시,11305,강북구,11,서울특별시,11560,영등포구,1156011000,여의도동,19,45,1,1,2856.0
20260224,11,서울특별시,11305,강북구,11,서울특별시,11560,영등포구,1156011000,여의도동,20,00,1,1,2668.0
20260224,11,서울특별시,11305,강북구,11,서울특별시,11560,영등포구,1156011000,여의도동,20,15,1,1,2815.0
20260224,11,서울특별시,11305,강북구,11,서울특별시,11560,영등포구,1156011000,여의도동,20,45,1,1,2752.0
20260224,11,서울특별시,11305,강북구,11,서울특별시,11560,영등포구,1156011000,여의도동,21,30,1,1,2761.0
20260224,11,서울특별시,11305,강북구,11,서울특별시,11560,영등포구,1156011000,여의도동,22,45,1,1,2642.0
20260224,11,서울특별시,11305,강북구,11,서울특별시,11560,영등포구,1156011000,여의도동,23,15,1,1,4067.0
20260224,11,서울특별시,11305,강북구,11,서울특별시,11560,영등포구,1156011000,여의도동,23,45,1,1,3107.0
20260224,11,서울특별시,11320,도봉구,11,서울특별시,11560,영등포구,1156011000,여의도동,03,00,1,1,4765.0
20260224,11,서울특별시,11320,도봉구,11,서울특별시,11560,영등포구,1156011000,여의도동,04,00,3,3,8077.0
20260224,11,서울특별시,11320,도봉구,11,서울특별시,11560,영등포구,1156011000,여의도동,04,15,2,2,3895.0
20260224,11,서울특별시,11320,도봉구,11,서울특별시,11560,영등포구,1156011000,여의도동,04,30,1,1,5205.0
20260224,11,서울특별시,11320,도봉구,11,서울특별시,11560,영등포구,1156011000,여의도동,04,45,2,3,4054.33
20260224,11,서울특별시,11320,도봉구,11,서울특별시,11560,영등포구,1156011000,여의도동,05,00,1,1,4437.0
20260224,11,서울특별시,11320,도봉구,11,서울특별시,11560,영등포구,1156011000,여의도동,05,15,3,9,3945.0
20260224,11,서울특별시,11320,도봉구,11,서울특별시,11560,영등포구,1156011000,여의도동,05,30,4,19,3284.95
20260224,11,서울특별시,11320,도봉구,11,서울특별시,11560,영등포구,1156011000,여의도동,05,45,3,18,3763.67
20260224,11,서울특별시,11320,도봉구,11,서울특별시,11560,영등포구,1156011000,여의도동,06,00,4,34,3616.06
20260224,11,서울특별시,11320,도봉구,11,서울특별시,11560,영등포구,1156011000,여의도동,06,15,4,48,3694.96
20260224,11,서울특별시,11320,도봉구,11,서울특별시,11560,영등포구,1156011000,여의도동,06,30,4,53,3669.55
20260224,11,서울특별시,11320,도봉구,11,서울특별시,11560,영등포구,1156011000,여의도동,06,45,4,91,3431.93
20260224,11,서울특별시,11320,도봉구,11,서울특별시,11560,영등포구,1156011000,여의도동,07,00,4,71,3604.52
20260224,11,서울특별시,11320,도봉구,11,서울특별시,11560,영등포구,1156011000,여의도동,07,15,4,105,3600.59
20260224,11,서울특별시,11320,도봉구,11,서울특별시,11560,영등포구,1156011000,여의도동,07,30,4,103,3578.82
20260224,11,서울특별시,11320,도봉구,11,서울특별시,11560,영등포구,1156011000,여의도동,07,45,4,67,3611.87
20260224,11,서울특별시,11320,도봉구,11,서울특별시,11560,영등포구,1156011000,여의도동,08,00,4,39,3447.56
20260224,11,서울특별시,11320,도봉구,11,서울특별시,11560,영등포구,1156011000,여의도동,08,15,4,33,3490.48
20260224,11,서울특별시,11320,도봉구,11,서울특별시,11560,영등포구,1156011000,여의도동,08,30,4,23,3379.0
20260224,11,서울특별시,11320,도봉구,11,서울특별시,11560,영등포구,1156011000,여의도동,08,45,4,25,3505.2
20260224,11,서울특별시,11320,도봉구,11,서울특별시,11560,영등포구,1156011000,여의도동,09,00,3,10,3446.0
20260224,11,서울특별시,11320,도봉구,11,서울특별시,11560,영등포구,1156011000,여의도동,09,15,4,13,3515.15
20260224,11,서울특별시,11320,도봉구,11,서울특별시,11560,영등포구,1156011000,여의도동,09,30,4,11,3568.09
20260224,11,서울특별시,11320,도봉구,11,서울특별시,11560,영등포구,1156011000,여의도동,09,45,4,8,3163.0
20260224,11,서울특별시,11320,도봉구,11,서울특별시,11560,영등포구,1156011000,여의도동,10,00,4,8,3807.25
20260224,11,서울특별시,11320,도봉구,11,서울특별시,11560,영등포구,1156011000,여의도동,10,15,4,10,3565.4
20260224,11,서울특별시,11320,도봉구,11,서울특별시,11560,영등포구,1156011000,여의도동,10,30,2,2,3879.0
20260224,11,서울특별시,11320,도봉구,11,서울특별시,11560,영등포구,1156011000,여의도동,10,45,3,6,3740.33
20260224,11,서울특별시,11320,도봉구,11,서울특별시,11560,영등포구,1156011000,여의도동,11,00,1,3,3320.0
20260224,11,서울특별시,11320,도봉구,11,서울특별시,11560,영등포구,1156011000,여의도동,11,15,3,9,3664.33
20260224,11,서울특별시,11320,도봉구,11,서울특별시,11560,영등포구,1156011000,여의도동,11,30,2,5,3382.8
20260224,11,서울특별시,11320,도봉구,11,서울특별시,11560,영등포구,1156011000,여의도동,11,45,3,8,3861.5
20260224,11,서울특별시,11320,도봉구,11,서울특별시,11560,영등포구,1156011000,여의도동,12,00,4,11,3737.36
20260224,11,서울특별시,11320,도봉구,11,서울특별시,11560,영등포구,1156011000,여의도동,12,15,2,7,3461.43
20260224,11,서울특별시,11320,도봉구,11,서울특별시,11560,영등포구,1156011000,여의도동,12,30,3,3,3955.67
20260224,11,서울특별시,11320,도봉구,11,서울특별시,11560,영등포구,1156011000,여의도동,12,45,4,7,3672.0
20260224,11,서울특별시,11320,도봉구,11,서울특별시,11560,영등포구,1156011000,여의도동,13,00,1,7,3382.0
20260224,11,서울특별시,11320,도봉구,11,서울특별시,11560,영등포구,1156011000,여의도동,13,15,3,4,4256.5
20260224,11,서울특별시,11320,도봉구,11,서울특별시,11560,영등포구,1156011000,여의도동,13,30,2,2,3646.5
20260224,11,서울특별시,11320,도봉구,11,서울특별시,11560,영등포구,1156011000,여의도동,13,45,2,3,4160.33
20260224,11,서울특별시,11320,도봉구,11,서울특별시,11560,영등포구,1156011000,여의도동,14,00,2,2,3651.0
20260224,11,서울특별시,11320,도봉구,11,서울특별시,11560,영등포구,1156011000,여의도동,14,15,3,6,3635.5
20260224,11,서울특별시,11320,도봉구,11,서울특별시,11560,영등포구,1156011000,여의도동,14,30,3,6,4339.0
20260224,11,서울특별시,11320,도봉구,11,서울특별시,11560,영등포구,1156011000,여의도동,14,45,1,2,3148.0
20260224,11,서울특별시,11320,도봉구,11,서울특별시,11560,영등포구,1156011000,여의도동,15,00,3,5,4350.0
20260224,11,서울특별시,11320,도봉구,11,서울특별시,11560,영등포구,1156011000,여의도동,15,15,2,7,3921.29
20260224,11,서울특별시,11320,도봉구,11,서울특별시,11560,영등포구,1156011000,여의도동,15,30,1,3,4269.0
20260224,11,서울특별시,11320,도봉구,11,서울특별시,11560,영등포구,1156011000,여의도동,15,45,3,4,4081.75
20260224,11,서울특별시,11320,도봉구,11,서울특별시,11560,영등포구,1156011000,여의도동,16,00,3,10,4374.7
20260224,11,서울특별시,11320,도봉구,11,서울특별시,11560,영등포구,1156011000,여의도동,16,15,3,4,4422.0
20260224,11,서울특별시,11320,도봉구,11,서울특별시,11560,영등포구,1156011000,여의도동,16,30,1,2,3287.0
20260224,11,서울특별시,11320,도봉구,11,서울특별시,11560,영등포구,1156011000,여의도동,16,45,3,3,4480.0
20260224,11,서울특별시,11320,도봉구,11,서울특별시,11560,영등포구,1156011000,여의도동,17,00,1,1,3852.0
20260224,11,서울특별시,11320,도봉구,11,서울특별시,11560,영등포구,1156011000,여의도동,17,15,3,7,3443.71
20260224,11,서울특별시,11320,도봉구,11,서울특별시,11560,영등포구,1156011000,여의도동,17,30,2,2,4969.5
20260224,11,서울특별시,11320,도봉구,11,서울특별시,11560,영등포구,1156011000,여의도동,17,45,1,1,3644.0
20260224,11,서울특별시,11320,도봉구,11,서울특별시,11560,영등포구,1156011000,여의도동,18,00,1,2,3337.0
20260224,11,서울특별시,11320,도봉구,11,서울특별시,11560,영등포구,1156011000,여의도동,18,30,1,2,3470.0
20260224,11,서울특별시,11320,도봉구,11,서울특별시,11560,영등포구,1156011000,여의도동,18,45,1,1,3724.0
20260224,11,서울특별시,11320,도봉구,11,서울특별시,11560,영등포구,1156011000,여의도동,19,00,1,1,3164.0
20260224,11,서울특별시,11320,도봉구,11,서울특별시,11560,영등포구,1156011000,여의도동,19,15,2,2,3210.5
20260224,11,서울특별시,11320,도봉구,11,서울특별시,11560,영등포구,1156011000,여의도동,20,00,1,1,2724.0
20260224,11,서울특별시,11320,도봉구,11,서울특별시,11560,영등포구,1156011000,여의도동,20,30,1,1,2808.0
20260224,11,서울특별시,11350,노원구,11,서울특별시,11560,영등포구,1156011000,여의도동,00,15,1,1,4655.0
20260224,11,서울특별시,11350,노원구,11,서울특별시,11560,영등포구,1156011000,여의도동,01,30,1,1,6316.0
20260224,11,서울특별시,11350,노원구,11,서울특별시,11560,영등포구,1156011000,여의도동,03,45,1,1,5200.0
20260224,11,서울특별시,11350,노원구,11,서울특별시,11560,영등포구,1156011000,여의도동,04,00,2,3,4914.33
20260224,11,서울특별시,11350,노원구,11,서울특별시,11560,영등포구,1156011000,여의도동,04,15,1,2,4300.0
20260224,11,서울특별시,11350,노원구,11,서울특별시,11560,영등포구,1156011000,여의도동,04,45,1,1,4161.0
20260224,11,서울특별시,11350,노원구,11,서울특별시,11560,영등포구,1156011000,여의도동,05,00,2,2,4973.0
20260224,11,서울특별시,11350,노원구,11,서울특별시,11560,영등포구,1156011000,여의도동,05,15,5,19,3619.63
20260224,11,서울특별시,11350,노원구,11,서울특별시,11560,영등포구,1156011000,여의도동,05,30,4,18,3412.33
20260224,11,서울특별시,11350,노원구,11,서울특별시,11560,영등포구,1156011000,여의도동,05,45,5,33,3711.21
20260224,11,서울특별시,11350,노원구,11,서울특별시,11560,영등포구,1156011000,여의도동,06,00,5,40,3614.55
20260224,11,서울특별시,11350,노원구,11,서울특별시,11560,영등포구,1156011000,여의도동,06,15,5,89,3485.03
20260224,11,서울특별시,11350,노원구,11,서울특별시,11560,영등포구,1156011000,여의도동,06,30,5,154,3561.78
20260224,11,서울특별시,11350,노원구,11,서울특별시,11560,영등포구,1156011000,여의도동,06,45,5,185,3468.46
20260224,11,서울특별시,11350,노원구,11,서울특별시,11560,영등포구,1156011000,여의도동,07,00,5,166,3562.63
20260224,11,서울특별시,11350,노원구,11,서울특별시,11560,영등포구,1156011000,여의도동,07,15,5,171,3652.98
20260224,11,서울특별시,11350,노원구,11,서울특별시,11560,영등포구,1156011000,여의도동,07,30,5,177,3606.42
20260224,11,서울특별시,11350,노원구,11,서울특별시,11560,영등포구,1156011000,여의도동,07,45,5,159,3429.13
20260224,11,서울특별시,11350,노원구,11,서울특별시,11560,영등포구,1156011000,여의도동,08,00,5,62,3443.9
20260224,11,서울특별시,11350,노원구,11,서울특별시,11560,영등포구,1156011000,여의도동,08,15,5,65,3549.66
20260224,11,서울특별시,11350,노원구,11,서울특별시,11560,영등포구,1156011000,여의도동,08,30,5,50,3556.78
20260224,11,서울특별시,11350,노원구,11,서울특별시,11560,영등포구,1156011000,여의도동,08,45,5,40,3534.55
20260224,11,서울특별시,11350,노원구,11,서울특별시,11560,영등포구,1156011000,여의도동,09,00,5,33,3670.42
20260224,11,서울특별시,11350,노원구,11,서울특별시,11560,영등포구,1156011000,여의도동,09,15,4,13,3460.92
20260224,11,서울특별시,11350,노원구,11,서울특별시,11560,영등포구,1156011000,여의도동,09,30,5,15,3631.73
20260224,11,서울특별시,11350,노원구,11,서울특별시,11560,영등포구,1156011000,여의도동,09,45,4,19,3636.58
20260224,11,서울특별시,11350,노원구,11,서울특별시,11560,영등포구,1156011000,여의도동,10,00,4,14,4061.29
20260224,11,서울특별시,11350,노원구,11,서울특별시,11560,영등포구,1156011000,여의도동,10,15,4,9,3784.33
20260224,11,서울특별시,11350,노원구,11,서울특별시,11560,영등포구,1156011000,여의도동,10,30,4,7,3416.29
20260224,11,서울특별시,11350,노원구,11,서울특별시,11560,영등포구,1156011000,여의도동,10,45,2,7,3483.43
20260224,11,서울특별시,11350,노원구,11,서울특별시,11560,영등포구,1156011000,여의도동,11,00,2,3,4124.67
20260224,11,서울특별시,11350,노원구,11,서울특별시,11560,영등포구,1156011000,여의도동,11,15,2,10,4084.0
20260224,11,서울특별시,11350,노원구,11,서울특별시,11560,영등포구,1156011000,여의도동,11,30,4,8,3753.88
20260224,11,서울특별시,11350,노원구,11,서울특별시,11560,영등포구,1156011000,여의도동,11,45,4,6,3728.5
20260224,11,서울특별시,11350,노원구,11,서울특별시,11560,영등포구,1156011000,여의도동,12,00,4,19,3886.95
20260224,11,서울특별시,11350,노원구,11,서울특별시,11560,영등포구,1156011000,여의도동,12,15,4,12,3518.75
20260224,11,서울특별시,11350,노원구,11,서울특별시,11560,영등포구,1156011000,여의도동,12,30,5,10,3989.1
20260224,11,서울특별시,11350,노원구,11,서울특별시,11560,영등포구,1156011000,여의도동,12,45,3,9,3582.89
20260224,11,서울특별시,11350,노원구,11,서울특별시,11560,영등포구,1156011000,여의도동,13,00,2,4,3810.5
20260224,11,서울특별시,11350,노원구,11,서울특별시,11560,영등포구,1156011000,여의도동,13,15,2,5,3355.0
20260224,11,서울특별시,11350,노원구,11,서울특별시,11560,영등포구,1156011000,여의도동,13,30,4,11,3758.73
20260224,11,서울특별시,11350,노원구,11,서울특별시,11560,영등포구,1156011000,여의도동,13,45,4,12,3644.5
20260224,11,서울특별시,11350,노원구,11,서울특별시,11560,영등포구,1156011000,여의도동,14,00,4,12,3691.25
20260224,11,서울특별시,11350,노원구,11,서울특별시,11560,영등포구,1156011000,여의도동,14,15,3,8,3682.62
20260224,11,서울특별시,11350,노원구,11,서울특별시,11560,영등포구,1156011000,여의도동,14,30,3,4,3465.5
20260224,11,서울특별시,11350,노원구,11,서울특별시,11560,영등포구,1156011000,여의도동,14,45,2,4,3457.0
20260224,11,서울특별시,11350,노원구,11,서울특별시,11560,영등포구,1156011000,여의도동,15,00,3,5,4106.0
20260224,11,서울특별시,11350,노원구,11,서울특별시,11560,영등포구,1156011000,여의도동,15,15,3,9,5043.89
20260224,11,서울특별시,11350,노원구,11,서울특별시,11560,영등포구,1156011000,여의도동,15,30,4,8,4418.5
20260224,11,서울특별시,11350,노원구,11,서울특별시,11560,영등포구,1156011000,여의도동,15,45,4,11,4157.64
20260224,11,서울특별시,11350,노원구,11,서울특별시,11560,영등포구,1156011000,여의도동,16,00,4,4,3709.25
20260224,11,서울특별시,11350,노원구,11,서울특별시,11560,영등포구,1156011000,여의도동,16,15,4,13,3772.31
20260224,11,서울특별시,11350,노원구,11,서울특별시,11560,영등포구,1156011000,여의도동,16,30,3,4,3582.0
20260224,11,서울특별시,11350,노원구,11,서울특별시,11560,영등포구,1156011000,여의도동,16,45,2,6,3738.17
20260224,11,서울특별시,11350,노원구,11,서울특별시,11560,영등포구,1156011000,여의도동,17,00,4,7,3319.86
20260224,11,서울특별시,11350,노원구,11,서울특별시,11560,영등포구,1156011000,여의도동,17,15,3,5,3653.8
20260224,11,서울특별시,11350,노원구,11,서울특별시,11560,영등포구,1156011000,여의도동,17,30,2,9,3789.0
20260224,11,서울특별시,11350,노원구,11,서울특별시,11560,영등포구,1156011000,여의도동,17,45,4,8,4071.12
20260224,11,서울특별시,11350,노원구,11,서울특별시,11560,영등포구,1156011000,여의도동,18,00,3,5,3408.8
20260224,11,서울특별시,11350,노원구,11,서울특별시,11560,영등포구,1156011000,여의도동,18,15,1,3,3824.0
20260224,11,서울특별시,11350,노원구,11,서울특별시,11560,영등포구,1156011000,여의도동,18,30,1,1,3005.0
20260224,11,서울특별시,11350,노원구,11,서울특별시,11560,영등포구,1156011000,여의도동,18,45,1,1,3238.0
20260224,11,서울특별시,11350,노원구,11,서울특별시,11560,영등포구,1156011000,여의도동,19,00,2,2,3570.0
20260224,11,서울특별시,11350,노원구,11,서울특별시,11560,영등포구,1156011000,여의도동,19,15,3,4,3769.75
20260224,11,서울특별시,11350,노원구,11,서울특별시,11560,영등포구,1156011000,여의도동,19,30,1,1,3693.0
20260224,11,서울특별시,11350,노원구,11,서울특별시,11560,영등포구,1156011000,여의도동,19,45,2,3,3756.67
20260224,11,서울특별시,11350,노원구,11,서울특별시,11560,영등포구,1156011000,여의도동,20,45,1,1,3249.0
20260224,11,서울특별시,11350,노원구,11,서울특별시,11560,영등포구,1156011000,여의도동,21,15,1,1,3565.0
20260224,11,서울특별시,11350,노원구,11,서울특별시,11560,영등포구,1156011000,여의도동,21,30,1,1,3224.0
20260224,11,서울특별시,11350,노원구,11,서울특별시,11560,영등포구,1156011000,여의도동,21,45,1,1,4133.0
20260224,11,서울특별시,11350,노원구,11,서울특별시,11560,영등포구,1156011000,여의도동,22,00,1,1,3730.0
20260224,11,서울특별시,11350,노원구,11,서울특별시,11560,영등포구,1156011000,여의도동,22,30,1,1,4326.0
20260224,11,서울특별시,11350,노원구,11,서울특별시,11560,영등포구,1156011000,여의도동,22,45,1,1,4774.0
20260224,11,서울특별시,11350,노원구,11,서울특별시,11560,영등포구,1156011000,여의도동,23,45,1,1,4020.0
20260224,11,서울특별시,11380,은평구,11,서울특별시,11560,영등포구,1156011000,여의도동,04,00,2,2,2518.0
20260224,11,서울특별시,11380,은평구,11,서울특별시,11560,영등포구,1156011000,여의도동,04,15,5,17,2382.12
20260224,11,서울특별시,11380,은평구,11,서울특별시,11560,영등포구,1156011000,여의도동,04,30,8,16,2285.62
20260224,11,서울특별시,11380,은평구,11,서울특별시,11560,영등포구,1156011000,여의도동,04,45,3,10,2172.0
20260224,11,서울특별시,11380,은평구,11,서울특별시,11560,영등포구,1156011000,여의도동,05,00,5,8,2584.0
20260224,11,서울특별시,11380,은평구,11,서울특별시,11560,영등포구,1156011000,여의도동,05,15,7,20,2321.65
20260224,11,서울특별시,11380,은평구,11,서울특별시,11560,영등포구,1156011000,여의도동,05,30,10,37,2436.68
20260224,11,서울특별시,11380,은평구,11,서울특별시,11560,영등포구,1156011000,여의도동,05,45,10,38,2545.92
20260224,11,서울특별시,11380,은평구,11,서울특별시,11560,영등포구,1156011000,여의도동,06,00,11,53,2408.91
20260224,11,서울특별시,11380,은평구,11,서울특별시,11560,영등포구,1156011000,여의도동,06,15,11,57,2384.79
20260224,11,서울특별시,11380,은평구,11,서울특별시,11560,영등포구,1156011000,여의도동,06,30,11,106,2518.85
20260224,11,서울특별시,11380,은평구,11,서울특별시,11560,영등포구,1156011000,여의도동,06,45,11,179,2495.9
20260224,11,서울특별시,11380,은평구,11,서울특별시,11560,영등포구,1156011000,여의도동,07,00,11,271,2426.93
20260224,11,서울특별시,11380,은평구,11,서울특별시,11560,영등포구,1156011000,여의도동,07,15,11,226,2410.69
20260224,11,서울특별시,11380,은평구,11,서울특별시,11560,영등포구,1156011000,여의도동,07,30,11,291,2367.85
20260224,11,서울특별시,11380,은평구,11,서울특별시,11560,영등포구,1156011000,여의도동,07,45,11,277,2408.32
20260224,11,서울특별시,11380,은평구,11,서울특별시,11560,영등포구,1156011000,여의도동,08,00,11,345,2230.12
20260224,11,서울특별시,11380,은평구,11,서울특별시,11560,영등포구,1156011000,여의도동,08,15,11,154,2119.47
20260224,11,서울특별시,11380,은평구,11,서울특별시,11560,영등포구,1156011000,여의도동,08,30,11,141,2193.16
20260224,11,서울특별시,11380,은평구,11,서울특별시,11560,영등포구,1156011000,여의도동,08,45,11,113,2142.17
20260224,11,서울특별시,11380,은평구,11,서울특별시,11560,영등포구,1156011000,여의도동,09,00,11,99,2247.95
20260224,11,서울특별시,11380,은평구,11,서울특별시,11560,영등포구,1156011000,여의도동,09,15,10,66,2109.36
20260224,11,서울특별시,11380,은평구,11,서울특별시,11560,영등포구,1156011000,여의도동,09,30,10,37,2372.08
20260224,11,서울특별시,11380,은평구,11,서울특별시,11560,영등포구,1156011000,여의도동,09,45,11,33,2298.88
20260224,11,서울특별시,11380,은평구,11,서울특별시,11560,영등포구,1156011000,여의도동,10,00,8,26,2422.12
20260224,11,서울특별시,11380,은평구,11,서울특별시,11560,영등포구,1156011000,여의도동,10,15,11,24,2434.17
20260224,11,서울특별시,11380,은평구,11,서울특별시,11560,영등포구,1156011000,여의도동,10,30,11,20,2556.25
20260224,11,서울특별시,11380,은평구,11,서울특별시,11560,영등포구,1156011000,여의도동,10,45,7,21,2402.9
20260224,11,서울특별시,11380,은평구,11,서울특별시,11560,영등포구,1156011000,여의도동,11,00,9,24,2409.33
20260224,11,서울특별시,11380,은평구,11,서울특별시,11560,영등포구,1156011000,여의도동,11,15,6,22,2357.5
20260224,11,서울특별시,11380,은평구,11,서울특별시,11560,영등포구,1156011000,여의도동,11,30,5,11,2564.09
20260224,11,서울특별시,11380,은평구,11,서울특별시,11560,영등포구,1156011000,여의도동,11,45,9,19,2361.42
20260224,11,서울특별시,11380,은평구,11,서울특별시,11560,영등포구,1156011000,여의도동,12,00,8,24,3331.25
20260224,11,서울특별시,11380,은평구,11,서울특별시,11560,영등포구,1156011000,여의도동,12,15,7,18,2363.67
20260224,11,서울특별시,11380,은평구,11,서울특별시,11560,영등포구,1156011000,여의도동,12,30,7,19,2755.21
20260224,11,서울특별시,11380,은평구,11,서울특별시,11560,영등포구,1156011000,여의도동,12,45,9,19,2446.47
20260224,11,서울특별시,11380,은평구,11,서울특별시,11560,영등포구,1156011000,여의도동,13,00,7,17,2446.12
20260224,11,서울특별시,11380,은평구,11,서울특별시,11560,영등포구,1156011000,여의도동,13,15,8,22,2481.95
20260224,11,서울특별시,11380,은평구,11,서울특별시,11560,영등포구,1156011000,여의도동,13,30,6,9,2684.33
20260224,11,서울특별시,11380,은평구,11,서울특별시,11560,영등포구,1156011000,여의도동,13,45,6,16,2770.31
20260224,11,서울특별시,11380,은평구,11,서울특별시,11560,영등포구,1156011000,여의도동,14,00,7,15,2586.53
20260224,11,서울특별시,11380,은평구,11,서울특별시,11560,영등포구,1156011000,여의도동,14,15,6,7,3157.29
20260224,11,서울특별시,11380,은평구,11,서울특별시,11560,영등포구,1156011000,여의도동,14,30,7,16,2301.94
20260224,11,서울특별시,11380,은평구,11,서울특별시,11560,영등포구,1156011000,여의도동,14,45,7,14,2516.86
20260224,11,서울특별시,11380,은평구,11,서울특별시,11560,영등포구,1156011000,여의도동,15,00,7,10,2597.7
20260224,11,서울특별시,11380,은평구,11,서울특별시,11560,영등포구,1156011000,여의도동,15,15,6,8,2549.88
20260224,11,서울특별시,11380,은평구,11,서울특별시,11560,영등포구,1156011000,여의도동,15,30,7,15,2401.0
20260224,11,서울특별시,11380,은평구,11,서울특별시,11560,영등포구,1156011000,여의도동,15,45,5,9,2684.56
20260224,11,서울특별시,11380,은평구,11,서울특별시,11560,영등포구,1156011000,여의도동,16,00,7,20,2843.15
20260224,11,서울특별시,11380,은평구,11,서울특별시,11560,영등포구,1156011000,여의도동,16,15,9,17,2492.12
20260224,11,서울특별시,11380,은평구,11,서울특별시,11560,영등포구,1156011000,여의도동,16,30,5,8,2572.5
20260224,11,서울특별시,11380,은평구,11,서울특별시,11560,영등포구,1156011000,여의도동,16,45,8,14,2367.36
20260224,11,서울특별시,11380,은평구,11,서울특별시,11560,영등포구,1156011000,여의도동,17,00,10,15,2676.07
20260224,11,서울특별시,11380,은평구,11,서울특별시,11560,영등포구,1156011000,여의도동,17,15,7,9,2258.67
20260224,11,서울특별시,11380,은평구,11,서울특별시,11560,영등포구,1156011000,여의도동,17,30,7,11,2594.36
20260224,11,서울특별시,11380,은평구,11,서울특별시,11560,영등포구,1156011000,여의도동,17,45,2,4,2036.5
20260224,11,서울특별시,11380,은평구,11,서울특별시,11560,영등포구,1156011000,여의도동,18,00,10,14,2366.86
20260224,11,서울특별시,11380,은평구,11,서울특별시,11560,영등포구,1156011000,여의도동,18,15,7,13,2381.0
20260224,11,서울특별시,11380,은평구,11,서울특별시,11560,영등포구,1156011000,여의도동,18,30,4,7,2487.0
20260224,11,서울특별시,11380,은평구,11,서울특별시,11560,영등포구,1156011000,여의도동,18,45,3,6,2053.17
20260224,11,서울특별시,11380,은평구,11,서울특별시,11560,영등포구,1156011000,여의도동,19,00,7,9,2276.78
20260224,11,서울특별시,11380,은평구,11,서울특별시,11560,영등포구,1156011000,여의도동,19,15,4,7,2169.0
20260224,11,서울특별시,11380,은평구,11,서울특별시,11560,영등포구,1156011000,여의도동,19,30,2,6,1955.0
20260224,11,서울특별시,11380,은평구,11,서울특별시,11560,영등포구,1156011000,여의도동,19,45,5,6,2506.83
20260224,11,서울특별시,11380,은평구,11,서울특별시,11560,영등포구,1156011000,여의도동,20,00,2,3,2673.67
20260224,11,서울특별시,11380,은평구,11,서울특별시,11560,영등포구,1156011000,여의도동,20,15,3,3,2570.0
20260224,11,서울특별시,11380,은평구,11,서울특별시,11560,영등포구,1156011000,여의도동,20,30,2,4,2357.0
20260224,11,서울특별시,11380,은평구,11,서울특별시,11560,영등포구,1156011000,여의도동,20,45,3,3,2087.67
20260224,11,서울특별시,11380,은평구,11,서울특별시,11560,영등포구,1156011000,여의도동,21,00,4,4,2221.0
20260224,11,서울특별시,11380,은평구,11,서울특별시,11560,영등포구,1156011000,여의도동,21,30,2,2,3357.0
20260224,11,서울특별시,11380,은평구,11,서울특별시,11560,영등포구,1156011000,여의도동,21,45,1,1,3295.0
20260224,11,서울특별시,11380,은평구,11,서울특별시,11560,영등포구,1156011000,여의도동,22,00,1,1,2784.0
20260224,11,서울특별시,11380,은평구,11,서울특별시,11560,영등포구,1156011000,여의도동,22,15,2,2,2604.0
20260224,11,서울특별시,11380,은평구,11,서울특별시,11560,영등포구,1156011000,여의도동,22,30,3,3,2277.33
20260224,11,서울특별시,11380,은평구,11,서울특별시,11560,영등포구,1156011000,여의도동,22,45,1,1,2358.0
20260224,11,서울특별시,11380,은평구,11,서울특별시,11560,영등포구,1156011000,여의도동,23,00,1,1,2557.0
20260224,11,서울특별시,11380,은평구,11,서울특별시,11560,영등포구,1156011000,여의도동,23,45,1,1,4285.0
20260224,11,서울특별시,11410,서대문구,11,서울특별시,11560,영등포구,1156011000,여의도동,00,00,2,2,1295.5
20260224,11,서울특별시,11410,서대문구,11,서울특별시,11560,영등포구,1156011000,여의도동,00,15,1,1,1689.0
20260224,11,서울특별시,11410,서대문구,11,서울특별시,11560,영등포구,1156011000,여의도동,04,00,1,1,1052.0
20260224,11,서울특별시,11410,서대문구,11,서울특별시,11560,영등포구,1156011000,여의도동,04,15,2,4,2322.5
20260224,11,서울특별시,11410,서대문구,11,서울특별시,11560,영등포구,1156011000,여의도동,04,30,5,12,1359.83
20260224,11,서울특별시,11410,서대문구,11,서울특별시,11560,영등포구,1156011000,여의도동,04,45,3,8,1483.0
20260224,11,서울특별시,11410,서대문구,11,서울특별시,11560,영등포구,1156011000,여의도동,05,00,6,13,1428.69
20260224,11,서울특별시,11410,서대문구,11,서울특별시,11560,영등포구,1156011000,여의도동,05,15,7,18,1728.61
20260224,11,서울특별시,11410,서대문구,11,서울특별시,11560,영등포구,1156011000,여의도동,05,30,7,16,1737.56
20260224,11,서울특별시,11410,서대문구,11,서울특별시,11560,영등포구,1156011000,여의도동,05,45,8,12,1448.5
20260224,11,서울특별시,11410,서대문구,11,서울특별시,11560,영등포구,1156011000,여의도동,06,00,10,28,1737.39
20260224,11,서울특별시,11410,서대문구,11,서울특별시,11560,영등포구,1156011000,여의도동,06,15,12,41,1536.29
20260224,11,서울특별시,11410,서대문구,11,서울특별시,11560,영등포구,1156011000,여의도동,06,30,11,74,1801.59
20260224,11,서울특별시,11410,서대문구,11,서울특별시,11560,영등포구,1156011000,여의도동,06,45,12,122,1819.43
20260224,11,서울특별시,11410,서대문구,11,서울특별시,11560,영등포구,1156011000,여의도동,07,00,13,172,1838.2
20260224,11,서울특별시,11410,서대문구,11,서울특별시,11560,영등포구,1156011000,여의도동,07,15,13,209,1773.17
20260224,11,서울특별시,11410,서대문구,11,서울특별시,11560,영등포구,1156011000,여의도동,07,30,13,190,1676.2
20260224,11,서울특별시,11410,서대문구,11,서울특별시,11560,영등포구,1156011000,여의도동,07,45,13,232,1782.53
20260224,11,서울특별시,11410,서대문구,11,서울특별시,11560,영등포구,1156011000,여의도동,08,00,15,224,1687.0
20260224,11,서울특별시,11410,서대문구,11,서울특별시,11560,영등포구,1156011000,여의도동,08,15,14,174,1532.59
20260224,11,서울특별시,11410,서대문구,11,서울특별시,11560,영등포구,1156011000,여의도동,08,30,13,121,1477.5
20260224,11,서울특별시,11410,서대문구,11,서울특별시,11560,영등포구,1156011000,여의도동,08,45,12,89,1496.28
20260224,11,서울특별시,11410,서대문구,11,서울특별시,11560,영등포구,1156011000,여의도동,09,00,12,83,1610.52
20260224,11,서울특별시,11410,서대문구,11,서울특별시,11560,영등포구,1156011000,여의도동,09,15,13,67,1510.64
20260224,11,서울특별시,11410,서대문구,11,서울특별시,11560,영등포구,1156011000,여의도동,09,30,12,52,1557.23
20260224,11,서울특별시,11410,서대문구,11,서울특별시,11560,영등포구,1156011000,여의도동,09,45,10,32,1362.81
20260224,11,서울특별시,11410,서대문구,11,서울특별시,11560,영등포구,1156011000,여의도동,10,00,11,38,1667.18
20260224,11,서울특별시,11410,서대문구,11,서울특별시,11560,영등포구,1156011000,여의도동,10,15,11,41,1368.88
20260224,11,서울특별시,11410,서대문구,11,서울특별시,11560,영등포구,1156011000,여의도동,10,30,9,35,1444.4
20260224,11,서울특별시,11410,서대문구,11,서울특별시,11560,영등포구,1156011000,여의도동,10,45,10,24,1371.42
20260224,11,서울특별시,11410,서대문구,11,서울특별시,11560,영등포구,1156011000,여의도동,11,00,11,44,1501.86
20260224,11,서울특별시,11410,서대문구,11,서울특별시,11560,영등포구,1156011000,여의도동,11,15,11,41,1626.88
20260224,11,서울특별시,11410,서대문구,11,서울특별시,11560,영등포구,1156011000,여의도동,11,30,10,34,1447.62
20260224,11,서울특별시,11410,서대문구,11,서울특별시,11560,영등포구,1156011000,여의도동,11,45,9,37,1683.95
20260224,11,서울특별시,11410,서대문구,11,서울특별시,11560,영등포구,1156011000,여의도동,12,00,9,42,1425.71
20260224,11,서울특별시,11410,서대문구,11,서울특별시,11560,영등포구,1156011000,여의도동,12,15,10,48,1741.46
20260224,11,서울특별시,11410,서대문구,11,서울특별시,11560,영등포구,1156011000,여의도동,12,30,12,39,1723.74
20260224,11,서울특별시,11410,서대문구,11,서울특별시,11560,영등포구,1156011000,여의도동,12,45,11,62,1496.08
20260224,11,서울특별시,11410,서대문구,11,서울특별시,11560,영등포구,1156011000,여의도동,13,00,10,45,1524.6
20260224,11,서울특별시,11410,서대문구,11,서울특별시,11560,영등포구,1156011000,여의도동,13,15,11,36,1322.08
20260224,11,서울특별시,11410,서대문구,11,서울특별시,11560,영등포구,1156011000,여의도동,13,30,9,29,1589.66
20260224,11,서울특별시,11410,서대문구,11,서울특별시,11560,영등포구,1156011000,여의도동,13,45,6,21,1713.67
20260224,11,서울특별시,11410,서대문구,11,서울특별시,11560,영등포구,1156011000,여의도동,14,00,9,30,1548.97
20260224,11,서울특별시,11410,서대문구,11,서울특별시,11560,영등포구,1156011000,여의도동,14,15,10,30,1408.4
20260224,11,서울특별시,11410,서대문구,11,서울특별시,11560,영등포구,1156011000,여의도동,14,30,10,30,1486.3
20260224,11,서울특별시,11410,서대문구,11,서울특별시,11560,영등포구,1156011000,여의도동,14,45,9,21,1724.81
20260224,11,서울특별시,11410,서대문구,11,서울특별시,11560,영등포구,1156011000,여의도동,15,00,8,34,1565.21
20260224,11,서울특별시,11410,서대문구,11,서울특별시,11560,영등포구,1156011000,여의도동,15,15,10,31,1494.06
20260224,11,서울특별시,11410,서대문구,11,서울특별시,11560,영등포구,1156011000,여의도동,15,30,8,27,1641.3
20260224,11,서울특별시,11410,서대문구,11,서울특별시,11560,영등포구,1156011000,여의도동,15,45,6,30,1409.6
20260224,11,서울특별시,11410,서대문구,11,서울특별시,11560,영등포구,1156011000,여의도동,16,00,11,44,1480.14
20260224,11,서울특별시,11410,서대문구,11,서울특별시,11560,영등포구,1156011000,여의도동,16,15,10,30,1576.7
20260224,11,서울특별시,11410,서대문구,11,서울특별시,11560,영등포구,1156011000,여의도동,16,30,10,24,1459.58
20260224,11,서울특별시,11410,서대문구,11,서울특별시,11560,영등포구,1156011000,여의도동,16,45,10,21,1395.0
20260224,11,서울특별시,11410,서대문구,11,서울특별시,11560,영등포구,1156011000,여의도동,17,00,12,69,1390.42
20260224,11,서울특별시,11410,서대문구,11,서울특별시,11560,영등포구,1156011000,여의도동,17,15,8,34,1371.32
20260224,11,서울특별시,11410,서대문구,11,서울특별시,11560,영등포구,1156011000,여의도동,17,30,8,48,1366.83
20260224,11,서울특별시,11410,서대문구,11,서울특별시,11560,영등포구,1156011000,여의도동,17,45,10,48,1325.17
20260224,11,서울특별시,11410,서대문구,11,서울특별시,11560,영등포구,1156011000,여의도동,18,00,9,64,1208.44
20260224,11,서울특별시,11410,서대문구,11,서울특별시,11560,영등포구,1156011000,여의도동,18,15,9,53,1202.89
20260224,11,서울특별시,11410,서대문구,11,서울특별시,11560,영등포구,1156011000,여의도동,18,30,9,37,1262.05
20260224,11,서울특별시,11410,서대문구,11,서울특별시,11560,영등포구,1156011000,여의도동,18,45,7,21,1186.86
20260224,11,서울특별시,11410,서대문구,11,서울특별시,11560,영등포구,1156011000,여의도동,19,00,7,21,1357.9
20260224,11,서울특별시,11410,서대문구,11,서울특별시,11560,영등포구,1156011000,여의도동,19,15,8,23,1546.61
20260224,11,서울특별시,11410,서대문구,11,서울특별시,11560,영등포구,1156011000,여의도동,19,30,4,14,1142.71
20260224,11,서울특별시,11410,서대문구,11,서울특별시,11560,영등포구,1156011000,여의도동,19,45,5,8,1221.12
20260224,11,서울특별시,11410,서대문구,11,서울특별시,11560,영등포구,1156011000,여의도동,20,00,7,19,1480.21
20260224,11,서울특별시,11410,서대문구,11,서울특별시,11560,영등포구,1156011000,여의도동,20,15,4,10,1263.2
20260224,11,서울특별시,11410,서대문구,11,서울특별시,11560,영등포구,1156011000,여의도동,20,30,6,14,1318.36
20260224,11,서울특별시,11410,서대문구,11,서울특별시,11560,영등포구,1156011000,여의도동,20,45,4,5,1288.2
20260224,11,서울특별시,11410,서대문구,11,서울특별시,11560,영등포구,1156011000,여의도동,21,00,7,12,1238.67
20260224,11,서울특별시,11410,서대문구,11,서울특별시,11560,영등포구,1156011000,여의도동,21,15,4,7,1269.86
20260224,11,서울특별시,11410,서대문구,11,서울특별시,11560,영등포구,1156011000,여의도동,21,30,6,12,1215.67
20260224,11,서울특별시,11410,서대문구,11,서울특별시,11560,영등포구,1156011000,여의도동,21,45,4,8,1261.5
20260224,11,서울특별시,11410,서대문구,11,서울특별시,11560,영등포구,1156011000,여의도동,22,00,5,10,1413.0
20260224,11,서울특별시,11410,서대문구,11,서울특별시,11560,영등포구,1156011000,여의도동,22,15,3,5,1134.6
20260224,11,서울특별시,11410,서대문구,11,서울특별시,11560,영등포구,1156011000,여의도동,22,30,2,2,837.5
20260224,11,서울특별시,11410,서대문구,11,서울특별시,11560,영등포구,1156011000,여의도동,22,45,4,6,1071.5
20260224,11,서울특별시,11410,서대문구,11,서울특별시,11560,영등포구,1156011000,여의도동,23,00,3,8,974.5
20260224,11,서울특별시,11410,서대문구,11,서울특별시,11560,영등포구,1156011000,여의도동,23,15,3,5,1340.6
20260224,11,서울특별시,11410,서대문구,11,서울특별시,11560,영등포구,1156011000,여의도동,23,30,2,2,1230.5
20260224,11,서울특별시,11410,서대문구,11,서울특별시,11560,영등포구,1156011000,여의도동,23,45,2,2,1383.0
20260224,11,서울특별시,11440,마포구,11,서울특별시,11560,영등포구,1156011000,여의도동,00,00,5,7,1357.29
20260224,11,서울특별시,11440,마포구,11,서울특별시,11560,영등포구,1156011000,여의도동,00,30,3,4,695.5
20260224,11,서울특별시,11440,마포구,11,서울특별시,11560,영등포구,1156011000,여의도동,00,45,1,1,446.0
20260224,11,서울특별시,11440,마포구,11,서울특별시,11560,영등포구,1156011000,여의도동,01,00,1,1,158.0
20260224,11,서울특별시,11440,마포구,11,서울특별시,11560,영등포구,1156011000,여의도동,01,15,1,1,1916.0
20260224,11,서울특별시,11440,마포구,11,서울특별시,11560,영등포구,1156011000,여의도동,01,30,1,1,321.0
20260224,11,서울특별시,11440,마포구,11,서울특별시,11560,영등포구,1156011000,여의도동,03,30,2,2,526.0
20260224,11,서울특별시,11440,마포구,11,서울특별시,11560,영등포구,1156011000,여의도동,04,00,2,3,261.0
20260224,11,서울특별시,11440,마포구,11,서울특별시,11560,영등포구,1156011000,여의도동,04,15,1,1,563.0
20260224,11,서울특별시,11440,마포구,11,서울특별시,11560,영등포구,1156011000,여의도동,04,30,5,6,1044.83
20260224,11,서울특별시,11440,마포구,11,서울특별시,11560,영등포구,1156011000,여의도동,04,45,10,19,938.21
20260224,11,서울특별시,11440,마포구,11,서울특별시,11560,영등포구,1156011000,여의도동,05,00,7,29,734.86
20260224,11,서울특별시,11440,마포구,11,서울특별시,11560,영등포구,1156011000,여의도동,05,15,11,33,1080.3
20260224,11,서울특별시,11440,마포구,11,서울특별시,11560,영등포구,1156011000,여의도동,05,30,13,48,2178.56
20260224,11,서울특별시,11440,마포구,11,서울특별시,11560,영등포구,1156011000,여의도동,05,45,9,23,1052.04
20260224,11,서울특별시,11440,마포구,11,서울특별시,11560,영등포구,1156011000,여의도동,06,00,10,50,1147.62
20260224,11,서울특별시,11440,마포구,11,서울특별시,11560,영등포구,1156011000,여의도동,06,15,9,52,1073.77
20260224,11,서울특별시,11440,마포구,11,서울특별시,11560,영등포구,1156011000,여의도동,06,30,15,89,1024.11
20260224,11,서울특별시,11440,마포구,11,서울특별시,11560,영등포구,1156011000,여의도동,06,45,16,145,1050.37
20260224,11,서울특별시,11440,마포구,11,서울특별시,11560,영등포구,1156011000,여의도동,07,00,18,323,1064.63
20260224,11,서울특별시,11440,마포구,11,서울특별시,11560,영등포구,1156011000,여의도동,07,15,20,497,997.0
20260224,11,서울특별시,11440,마포구,11,서울특별시,11560,영등포구,1156011000,여의도동,07,30,19,692,906.02
20260224,11,서울특별시,11440,마포구,11,서울특별시,11560,영등포구,1156011000,여의도동,07,45,19,579,962.26
20260224,11,서울특별시,11440,마포구,11,서울특별시,11560,영등포구,1156011000,여의도동,08,00,19,654,954.06
20260224,11,서울특별시,11440,마포구,11,서울특별시,11560,영등포구,1156011000,여의도동,08,15,17,661,958.3
20260224,11,서울특별시,11440,마포구,11,서울특별시,11560,영등포구,1156011000,여의도동,08,30,19,583,800.8
20260224,11,서울특별시,11440,마포구,11,서울특별시,11560,영등포구,1156011000,여의도동,08,45,17,305,855.66
20260224,11,서울특별시,11440,마포구,11,서울특별시,11560,영등포구,1156011000,여의도동,09,00,19,260,838.67
20260224,11,서울특별시,11440,마포구,11,서울특별시,11560,영등포구,1156011000,여의도동,09,15,18,231,970.59
20260224,11,서울특별시,11440,마포구,11,서울특별시,11560,영등포구,1156011000,여의도동,09,30,17,206,763.96
20260224,11,서울특별시,11440,마포구,11,서울특별시,11560,영등포구,1156011000,여의도동,09,45,14,107,839.82
20260224,11,서울특별시,11440,마포구,11,서울특별시,11560,영등포구,1156011000,여의도동,10,00,15,98,930.79
20260224,11,서울특별시,11440,마포구,11,서울특별시,11560,영등포구,1156011000,여의도동,10,15,17,116,944.41
20260224,11,서울특별시,11440,마포구,11,서울특별시,11560,영등포구,1156011000,여의도동,10,30,16,113,806.3
20260224,11,서울특별시,11440,마포구,11,서울특별시,11560,영등포구,1156011000,여의도동,10,45,15,103,993.54
20260224,11,서울특별시,11440,마포구,11,서울특별시,11560,영등포구,1156011000,여의도동,11,00,16,126,935.65
20260224,11,서울특별시,11440,마포구,11,서울특별시,11560,영등포구,1156011000,여의도동,11,15,14,129,1103.02
20260224,11,서울특별시,11440,마포구,11,서울특별시,11560,영등포구,1156011000,여의도동,11,30,13,115,966.23
20260224,11,서울특별시,11440,마포구,11,서울특별시,11560,영등포구,1156011000,여의도동,11,45,14,87,929.25
20260224,11,서울특별시,11440,마포구,11,서울특별시,11560,영등포구,1156011000,여의도동,12,00,17,119,943.24
20260224,11,서울특별시,11440,마포구,11,서울특별시,11560,영등포구,1156011000,여의도동,12,15,14,147,1000.48
20260224,11,서울특별시,11440,마포구,11,서울특별시,11560,영등포구,1156011000,여의도동,12,30,16,163,891.58
20260224,11,서울특별시,11440,마포구,11,서울특별시,11560,영등포구,1156011000,여의도동,12,45,14,135,836.46
20260224,11,서울특별시,11440,마포구,11,서울특별시,11560,영등포구,1156011000,여의도동,13,00,14,162,900.98
20260224,11,서울특별시,11440,마포구,11,서울특별시,11560,영등포구,1156011000,여의도동,13,15,14,140,975.05
20260224,11,서울특별시,11440,마포구,11,서울특별시,11560,영등포구,1156011000,여의도동,13,30,13,159,1088.05
20260224,11,서울특별시,11440,마포구,11,서울특별시,11560,영등포구,1156011000,여의도동,13,45,15,100,1150.54
20260224,11,서울특별시,11440,마포구,11,서울특별시,11560,영등포구,1156011000,여의도동,14,00,12,89,1190.16
20260224,11,서울특별시,11440,마포구,11,서울특별시,11560,영등포구,1156011000,여의도동,14,15,13,90,1159.36
20260224,11,서울특별시,11440,마포구,11,서울특별시,11560,영등포구,1156011000,여의도동,14,30,12,104,922.15
20260224,11,서울특별시,11440,마포구,11,서울특별시,11560,영등포구,1156011000,여의도동,14,45,13,96,1008.44
20260224,11,서울특별시,11440,마포구,11,서울특별시,11560,영등포구,1156011000,여의도동,15,00,14,109,1187.75
20260224,11,서울특별시,11440,마포구,11,서울특별시,11560,영등포구,1156011000,여의도동,15,15,14,99,1130.21
20260224,11,서울특별시,11440,마포구,11,서울특별시,11560,영등포구,1156011000,여의도동,15,30,12,81,1103.42
20260224,11,서울특별시,11440,마포구,11,서울특별시,11560,영등포구,1156011000,여의도동,15,45,14,87,1142.32
20260224,11,서울특별시,11440,마포구,11,서울특별시,11560,영등포구,1156011000,여의도동,16,00,13,97,1080.97
20260224,11,서울특별시,11440,마포구,11,서울특별시,11560,영등포구,1156011000,여의도동,16,15,15,110,1181.26
20260224,11,서울특별시,11440,마포구,11,서울특별시,11560,영등포구,1156011000,여의도동,16,30,15,94,1214.9
20260224,11,서울특별시,11440,마포구,11,서울특별시,11560,영등포구,1156011000,여의도동,16,45,14,119,1190.85
20260224,11,서울특별시,11440,마포구,11,서울특별시,11560,영등포구,1156011000,여의도동,17,00,16,138,1181.29
20260224,11,서울특별시,11440,마포구,11,서울특별시,11560,영등포구,1156011000,여의도동,17,15,15,126,1025.85
20260224,11,서울특별시,11440,마포구,11,서울특별시,11560,영등포구,1156011000,여의도동,17,30,14,140,1097.13
20260224,11,서울특별시,11440,마포구,11,서울특별시,11560,영등포구,1156011000,여의도동,17,45,13,120,1068.92
20260224,11,서울특별시,11440,마포구,11,서울특별시,11560,영등포구,1156011000,여의도동,18,00,14,156,987.85
20260224,11,서울특별시,11440,마포구,11,서울특별시,11560,영등포구,1156011000,여의도동,18,15,14,136,1128.1
20260224,11,서울특별시,11440,마포구,11,서울특별시,11560,영등포구,1156011000,여의도동,18,30,12,96,1019.99
20260224,11,서울특별시,11440,마포구,11,서울특별시,11560,영등포구,1156011000,여의도동,18,45,13,97,894.7
20260224,11,서울특별시,11440,마포구,11,서울특별시,11560,영등포구,1156011000,여의도동,19,00,15,86,1173.47
20260224,11,서울특별시,11440,마포구,11,서울특별시,11560,영등포구,1156011000,여의도동,19,15,11,68,999.88
20260224,11,서울특별시,11440,마포구,11,서울특별시,11560,영등포구,1156011000,여의도동,19,30,12,67,983.87
20260224,11,서울특별시,11440,마포구,11,서울특별시,11560,영등포구,1156011000,여의도동,19,45,12,79,1226.43
20260224,11,서울특별시,11440,마포구,11,서울특별시,11560,영등포구,1156011000,여의도동,20,00,10,66,990.41
20260224,11,서울특별시,11440,마포구,11,서울특별시,11560,영등포구,1156011000,여의도동,20,15,11,45,1017.69
20260224,11,서울특별시,11440,마포구,11,서울특별시,11560,영등포구,1156011000,여의도동,20,30,8,43,1051.16
20260224,11,서울특별시,11440,마포구,11,서울특별시,11560,영등포구,1156011000,여의도동,20,45,10,46,1130.76
20260224,11,서울특별시,11440,마포구,11,서울특별시,11560,영등포구,1156011000,여의도동,21,00,11,45,960.56
20260224,11,서울특별시,11440,마포구,11,서울특별시,11560,영등포구,1156011000,여의도동,21,15,10,37,1136.3
20260224,11,서울특별시,11440,마포구,11,서울특별시,11560,영등포구,1156011000,여의도동,21,30,12,38,997.53
20260224,11,서울특별시,11440,마포구,11,서울특별시,11560,영등포구,1156011000,여의도동,21,45,10,26,1248.12
20260224,11,서울특별시,11440,마포구,11,서울특별시,11560,영등포구,1156011000,여의도동,22,00,11,42,1083.43
20260224,11,서울특별시,11440,마포구,11,서울특별시,11560,영등포구,1156011000,여의도동,22,15,5,21,916.71
20260224,11,서울특별시,11440,마포구,11,서울특별시,11560,영등포구,1156011000,여의도동,22,30,11,19,974.63
20260224,11,서울특별시,11440,마포구,11,서울특별시,11560,영등포구,1156011000,여의도동,22,45,6,21,966.86
20260224,11,서울특별시,11440,마포구,11,서울특별시,11560,영등포구,1156011000,여의도동,23,00,8,14,971.93
20260224,11,서울특별시,11440,마포구,11,서울특별시,11560,영등포구,1156011000,여의도동,23,15,6,25,839.68
20260224,11,서울특별시,11440,마포구,11,서울특별시,11560,영등포구,1156011000,여의도동,23,30,4,6,974.67
20260224,11,서울특별시,11440,마포구,11,서울특별시,11560,영등포구,1156011000,여의도동,23,45,6,11,928.73
20260224,11,서울특별시,11470,양천구,11,서울특별시,11560,영등포구,1156011000,여의도동,00,00,1,3,1325.0
20260224,11,서울특별시,11470,양천구,11,서울특별시,11560,영등포구,1156011000,여의도동,00,15,2,3,1409.0
20260224,11,서울특별시,11470,양천구,11,서울특별시,11560,영등포구,1156011000,여의도동,00,30,1,1,1090.0
20260224,11,서울특별시,11470,양천구,11,서울특별시,11560,영등포구,1156011000,여의도동,01,45,1,1,1358.0
20260224,11,서울특별시,11470,양천구,11,서울특별시,11560,영등포구,1156011000,여의도동,03,00,1,1,1222.0
20260224,11,서울특별시,11470,양천구,11,서울특별시,11560,영등포구,1156011000,여의도동,03,15,1,1,749.0
20260224,11,서울특별시,11470,양천구,11,서울특별시,11560,영등포구,1156011000,여의도동,03,30,1,1,1145.0
20260224,11,서울특별시,11470,양천구,11,서울특별시,11560,영등포구,1156011000,여의도동,04,00,2,22,2409.5
20260224,11,서울특별시,11470,양천구,11,서울특별시,11560,영등포구,1156011000,여의도동,04,15,3,35,1887.57
20260224,11,서울특별시,11470,양천구,11,서울특별시,11560,영등포구,1156011000,여의도동,04,30,3,83,1680.92
20260224,11,서울특별시,11470,양천구,11,서울특별시,11560,영등포구,1156011000,여의도동,04,45,3,50,1452.44
20260224,11,서울특별시,11470,양천구,11,서울특별시,11560,영등포구,1156011000,여의도동,05,00,3,23,1826.65
20260224,11,서울특별시,11470,양천구,11,서울특별시,11560,영등포구,1156011000,여의도동,05,15,3,41,1388.34
20260224,11,서울특별시,11470,양천구,11,서울특별시,11560,영등포구,1156011000,여의도동,05,30,3,62,1362.18
20260224,11,서울특별시,11470,양천구,11,서울특별시,11560,영등포구,1156011000,여의도동,05,45,3,69,1440.61
20260224,11,서울특별시,11470,양천구,11,서울특별시,11560,영등포구,1156011000,여의도동,06,00,3,92,1450.02
20260224,11,서울특별시,11470,양천구,11,서울특별시,11560,영등포구,1156011000,여의도동,06,15,3,118,1349.16
20260224,11,서울특별시,11470,양천구,11,서울특별시,11560,영등포구,1156011000,여의도동,06,30,3,130,1395.82
20260224,11,서울특별시,11470,양천구,11,서울특별시,11560,영등포구,1156011000,여의도동,06,45,3,222,1411.86
20260224,11,서울특별시,11470,양천구,11,서울특별시,11560,영등포구,1156011000,여의도동,07,00,3,393,1323.87
20260224,11,서울특별시,11470,양천구,11,서울특별시,11560,영등포구,1156011000,여의도동,07,15,3,593,1201.75
20260224,11,서울특별시,11470,양천구,11,서울특별시,11560,영등포구,1156011000,여의도동,07,30,3,560,1248.72
20260224,11,서울특별시,11470,양천구,11,서울특별시,11560,영등포구,1156011000,여의도동,07,45,3,622,1324.88
20260224,11,서울특별시,11470,양천구,11,서울특별시,11560,영등포구,1156011000,여의도동,08,00,3,682,1270.33
20260224,11,서울특별시,11470,양천구,11,서울특별시,11560,영등포구,1156011000,여의도동,08,15,3,775,1193.57
20260224,11,서울특별시,11470,양천구,11,서울특별시,11560,영등포구,1156011000,여의도동,08,30,3,484,1103.06
20260224,11,서울특별시,11470,양천구,11,서울특별시,11560,영등포구,1156011000,여의도동,08,45,3,262,1214.2
20260224,11,서울특별시,11470,양천구,11,서울특별시,11560,영등포구,1156011000,여의도동,09,00,3,229,1207.67
20260224,11,서울특별시,11470,양천구,11,서울특별시,11560,영등포구,1156011000,여의도동,09,15,3,193,1191.31
20260224,11,서울특별시,11470,양천구,11,서울특별시,11560,영등포구,1156011000,여의도동,09,30,3,106,1205.92
20260224,11,서울특별시,11470,양천구,11,서울특별시,11560,영등포구,1156011000,여의도동,09,45,3,70,1346.5
20260224,11,서울특별시,11470,양천구,11,서울특별시,11560,영등포구,1156011000,여의도동,10,00,3,75,1440.79
20260224,11,서울특별시,11470,양천구,11,서울특별시,11560,영등포구,1156011000,여의도동,10,15,3,74,1313.24
20260224,11,서울특별시,11470,양천구,11,서울특별시,11560,영등포구,1156011000,여의도동,10,30,3,66,1287.86
20260224,11,서울특별시,11470,양천구,11,서울특별시,11560,영등포구,1156011000,여의도동,10,45,3,101,1357.86
20260224,11,서울특별시,11470,양천구,11,서울특별시,11560,영등포구,1156011000,여의도동,11,00,3,67,1297.28
20260224,11,서울특별시,11470,양천구,11,서울특별시,11560,영등포구,1156011000,여의도동,11,15,3,65,1287.86
20260224,11,서울특별시,11470,양천구,11,서울특별시,11560,영등포구,1156011000,여의도동,11,30,3,50,1483.66
20260224,11,서울특별시,11470,양천구,11,서울특별시,11560,영등포구,1156011000,여의도동,11,45,3,47,1331.96
20260224,11,서울특별시,11470,양천구,11,서울특별시,11560,영등포구,1156011000,여의도동,12,00,3,49,1496.49
20260224,11,서울특별시,11470,양천구,11,서울특별시,11560,영등포구,1156011000,여의도동,12,15,3,72,1309.39
20260224,11,서울특별시,11470,양천구,11,서울특별시,11560,영등포구,1156011000,여의도동,12,30,3,69,1162.29
20260224,11,서울특별시,11470,양천구,11,서울특별시,11560,영등포구,1156011000,여의도동,12,45,3,63,1266.33
20260224,11,서울특별시,11470,양천구,11,서울특별시,11560,영등포구,1156011000,여의도동,13,00,3,50,1359.06
20260224,11,서울특별시,11470,양천구,11,서울특별시,11560,영등포구,1156011000,여의도동,13,15,3,58,1207.57
20260224,11,서울특별시,11470,양천구,11,서울특별시,11560,영등포구,1156011000,여의도동,13,30,3,42,1161.21
20260224,11,서울특별시,11470,양천구,11,서울특별시,11560,영등포구,1156011000,여의도동,13,45,3,46,1328.09
20260224,11,서울특별시,11470,양천구,11,서울특별시,11560,영등포구,1156011000,여의도동,14,00,3,48,1429.75
20260224,11,서울특별시,11470,양천구,11,서울특별시,11560,영등포구,1156011000,여의도동,14,15,3,55,1346.55
20260224,11,서울특별시,11470,양천구,11,서울특별시,11560,영등포구,1156011000,여의도동,14,30,3,44,1292.07
20260224,11,서울특별시,11470,양천구,11,서울특별시,11560,영등포구,1156011000,여의도동,14,45,3,35,1395.49
20260224,11,서울특별시,11470,양천구,11,서울특별시,11560,영등포구,1156011000,여의도동,15,00,3,30,1435.53
20260224,11,서울특별시,11470,양천구,11,서울특별시,11560,영등포구,1156011000,여의도동,15,15,3,39,1332.49
20260224,11,서울특별시,11470,양천구,11,서울특별시,11560,영등포구,1156011000,여의도동,15,30,3,52,1320.31
20260224,11,서울특별시,11470,양천구,11,서울특별시,11560,영등포구,1156011000,여의도동,15,45,3,35,1274.66
20260224,11,서울특별시,11470,양천구,11,서울특별시,11560,영등포구,1156011000,여의도동,16,00,3,57,1368.32
20260224,11,서울특별시,11470,양천구,11,서울특별시,11560,영등포구,1156011000,여의도동,16,15,3,53,1396.89
20260224,11,서울특별시,11470,양천구,11,서울특별시,11560,영등포구,1156011000,여의도동,16,30,3,60,1165.95
20260224,11,서울특별시,11470,양천구,11,서울특별시,11560,영등포구,1156011000,여의도동,16,45,3,51,1251.82
20260224,11,서울특별시,11470,양천구,11,서울특별시,11560,영등포구,1156011000,여의도동,17,00,3,50,1274.34
20260224,11,서울특별시,11470,양천구,11,서울특별시,11560,영등포구,1156011000,여의도동,17,15,2,59,1106.58
20260224,11,서울특별시,11470,양천구,11,서울특별시,11560,영등포구,1156011000,여의도동,17,30,3,60,1178.3
20260224,11,서울특별시,11470,양천구,11,서울특별시,11560,영등포구,1156011000,여의도동,17,45,3,44,1268.3
20260224,11,서울특별시,11470,양천구,11,서울특별시,11560,영등포구,1156011000,여의도동,18,00,3,37,1197.7
20260224,11,서울특별시,11470,양천구,11,서울특별시,11560,영등포구,1156011000,여의도동,18,15,3,46,1206.2
20260224,11,서울특별시,11470,양천구,11,서울특별시,11560,영등포구,1156011000,여의도동,18,30,3,37,1245.95
20260224,11,서울특별시,11470,양천구,11,서울특별시,11560,영등포구,1156011000,여의도동,18,45,3,33,1400.45
20260224,11,서울특별시,11470,양천구,11,서울특별시,11560,영등포구,1156011000,여의도동,19,00,3,34,1215.71
20260224,11,서울특별시,11470,양천구,11,서울특별시,11560,영등포구,1156011000,여의도동,19,15,3,27,1406.59
20260224,11,서울특별시,11470,양천구,11,서울특별시,11560,영등포구,1156011000,여의도동,19,30,3,24,1641.75
20260224,11,서울특별시,11470,양천구,11,서울특별시,11560,영등포구,1156011000,여의도동,19,45,3,21,1277.38
20260224,11,서울특별시,11470,양천구,11,서울특별시,11560,영등포구,1156011000,여의도동,20,00,3,23,1603.57
20260224,11,서울특별시,11470,양천구,11,서울특별시,11560,영등포구,1156011000,여의도동,20,15,3,14,1599.86
20260224,11,서울특별시,11470,양천구,11,서울특별시,11560,영등포구,1156011000,여의도동,20,30,3,5,1368.4
20260224,11,서울특별시,11470,양천구,11,서울특별시,11560,영등포구,1156011000,여의도동,20,45,3,36,1425.25
20260224,11,서울특별시,11470,양천구,11,서울특별시,11560,영등포구,1156011000,여의도동,21,00,2,25,1287.68
20260224,11,서울특별시,11470,양천구,11,서울특별시,11560,영등포구,1156011000,여의도동,21,15,2,12,1377.25
20260224,11,서울특별시,11470,양천구,11,서울특별시,11560,영등포구,1156011000,여의도동,21,30,3,17,1292.06
20260224,11,서울특별시,11470,양천구,11,서울특별시,11560,영등포구,1156011000,여의도동,21,45,3,15,1410.87
20260224,11,서울특별시,11470,양천구,11,서울특별시,11560,영등포구,1156011000,여의도동,22,00,2,56,1185.16
20260224,11,서울특별시,11470,양천구,11,서울특별시,11560,영등포구,1156011000,여의도동,22,15,2,27,1156.78
20260224,11,서울특별시,11470,양천구,11,서울특별시,11560,영등포구,1156011000,여의도동,22,30,3,14,1362.86
20260224,11,서울특별시,11470,양천구,11,서울특별시,11560,영등포구,1156011000,여의도동,22,45,1,6,1160.0
20260224,11,서울특별시,11470,양천구,11,서울특별시,11560,영등포구,1156011000,여의도동,23,00,2,5,1300.0
20260224,11,서울특별시,11470,양천구,11,서울특별시,11560,영등포구,1156011000,여의도동,23,15,1,3,1413.0
20260224,11,서울특별시,11470,양천구,11,서울특별시,11560,영등포구,1156011000,여의도동,23,30,2,4,1021.0
20260224,11,서울특별시,11470,양천구,11,서울특별시,11560,영등포구,1156011000,여의도동,23,45,1,4,1363.0
20260224,11,서울특별시,11500,강서구,11,서울특별시,11560,영등포구,1156011000,여의도동,00,00,3,5,1740.4
20260224,11,서울특별시,11500,강서구,11,서울특별시,11560,영등포구,1156011000,여의도동,00,15,1,1,1942.0
20260224,11,서울특별시,11500,강서구,11,서울특별시,11560,영등포구,1156011000,여의도동,01,15,1,1,2731.0
20260224,11,서울특별시,11500,강서구,11,서울특별시,11560,영등포구,1156011000,여의도동,02,45,1,1,2934.0
20260224,11,서울특별시,11500,강서구,11,서울특별시,11560,영등포구,1156011000,여의도동,03,00,1,1,2299.0
20260224,11,서울특별시,11500,강서구,11,서울특별시,11560,영등포구,1156011000,여의도동,04,00,2,5,2433.0
20260224,11,서울특별시,11500,강서구,11,서울특별시,11560,영등포구,1156011000,여의도동,04,15,3,32,1704.5
20260224,11,서울특별시,11500,강서구,11,서울특별시,11560,영등포구,1156011000,여의도동,04,30,2,33,1699.7
20260224,11,서울특별시,11500,강서구,11,서울특별시,11560,영등포구,1156011000,여의도동,04,45,5,34,1849.76
20260224,11,서울특별시,11500,강서구,11,서울특별시,11560,영등포구,1156011000,여의도동,05,00,7,44,1857.7
20260224,11,서울특별시,11500,강서구,11,서울특별시,11560,영등포구,1156011000,여의도동,05,15,8,73,1622.62
20260224,11,서울특별시,11500,강서구,11,서울특별시,11560,영등포구,1156011000,여의도동,05,30,9,100,1610.77
20260224,11,서울특별시,11500,강서구,11,서울특별시,11560,영등포구,1156011000,여의도동,05,45,8,78,1548.97
20260224,11,서울특별시,11500,강서구,11,서울특별시,11560,영등포구,1156011000,여의도동,06,00,10,125,1600.3
20260224,11,서울특별시,11500,강서구,11,서울특별시,11560,영등포구,1156011000,여의도동,06,15,9,185,1477.15
20260224,11,서울특별시,11500,강서구,11,서울특별시,11560,영등포구,1156011000,여의도동,06,30,9,221,1581.67
20260224,11,서울특별시,11500,강서구,11,서울특별시,11560,영등포구,1156011000,여의도동,06,45,10,337,1512.46
20260224,11,서울특별시,11500,강서구,11,서울특별시,11560,영등포구,1156011000,여의도동,07,00,10,661,1489.83
20260224,11,서울특별시,11500,강서구,11,서울특별시,11560,영등포구,1156011000,여의도동,07,15,10,1000,1393.91
20260224,11,서울특별시,11500,강서구,11,서울특별시,11560,영등포구,1156011000,여의도동,07,30,10,913,1356.25
20260224,11,서울특별시,11500,강서구,11,서울특별시,11560,영등포구,1156011000,여의도동,07,45,10,959,1490.26
20260224,11,서울특별시,11500,강서구,11,서울특별시,11560,영등포구,1156011000,여의도동,08,00,10,1187,1497.66
20260224,11,서울특별시,11500,강서구,11,서울특별시,11560,영등포구,1156011000,여의도동,08,15,10,1277,1384.01
20260224,11,서울특별시,11500,강서구,11,서울특별시,11560,영등포구,1156011000,여의도동,08,30,9,666,1311.3
20260224,11,서울특별시,11500,강서구,11,서울특별시,11560,영등포구,1156011000,여의도동,08,45,10,427,1437.85
20260224,11,서울특별시,11500,강서구,11,서울특별시,11560,영등포구,1156011000,여의도동,09,00,10,391,1377.28
20260224,11,서울특별시,11500,강서구,11,서울특별시,11560,영등포구,1156011000,여의도동,09,15,9,311,1364.69
20260224,11,서울특별시,11500,강서구,11,서울특별시,11560,영등포구,1156011000,여의도동,09,30,9,212,1356.4
20260224,11,서울특별시,11500,강서구,11,서울특별시,11560,영등포구,1156011000,여의도동,09,45,10,123,1482.32
20260224,11,서울특별시,11500,강서구,11,서울특별시,11560,영등포구,1156011000,여의도동,10,00,11,133,1521.44
20260224,11,서울특별시,11500,강서구,11,서울특별시,11560,영등포구,1156011000,여의도동,10,15,9,158,1594.85
20260224,11,서울특별시,11500,강서구,11,서울특별시,11560,영등포구,1156011000,여의도동,10,30,7,138,1410.72
20260224,11,서울특별시,11500,강서구,11,서울특별시,11560,영등포구,1156011000,여의도동,10,45,9,149,1582.53
20260224,11,서울특별시,11500,강서구,11,서울특별시,11560,영등포구,1156011000,여의도동,11,00,7,125,1628.46
20260224,11,서울특별시,11500,강서구,11,서울특별시,11560,영등포구,1156011000,여의도동,11,15,8,116,1537.31
20260224,11,서울특별시,11500,강서구,11,서울특별시,11560,영등포구,1156011000,여의도동,11,30,8,87,1456.24
20260224,11,서울특별시,11500,강서구,11,서울특별시,11560,영등포구,1156011000,여의도동,11,45,7,74,1631.39
20260224,11,서울특별시,11500,강서구,11,서울특별시,11560,영등포구,1156011000,여의도동,12,00,8,102,1470.09
20260224,11,서울특별시,11500,강서구,11,서울특별시,11560,영등포구,1156011000,여의도동,12,15,9,130,1601.1
20260224,11,서울특별시,11500,강서구,11,서울특별시,11560,영등포구,1156011000,여의도동,12,30,7,116,1384.91
20260224,11,서울특별시,11500,강서구,11,서울특별시,11560,영등포구,1156011000,여의도동,12,45,7,78,1479.94
20260224,11,서울특별시,11500,강서구,11,서울특별시,11560,영등포구,1156011000,여의도동,13,00,8,99,1518.81
20260224,11,서울특별시,11500,강서구,11,서울특별시,11560,영등포구,1156011000,여의도동,13,15,8,96,1478.24
20260224,11,서울특별시,11500,강서구,11,서울특별시,11560,영등포구,1156011000,여의도동,13,30,7,96,1580.08
20260224,11,서울특별시,11500,강서구,11,서울특별시,11560,영등포구,1156011000,여의도동,13,45,8,73,1577.79
20260224,11,서울특별시,11500,강서구,11,서울특별시,11560,영등포구,1156011000,여의도동,14,00,9,84,1589.71
20260224,11,서울특별시,11500,강서구,11,서울특별시,11560,영등포구,1156011000,여의도동,14,15,7,79,1507.63
20260224,11,서울특별시,11500,강서구,11,서울특별시,11560,영등포구,1156011000,여의도동,14,30,7,68,1579.37
20260224,11,서울특별시,11500,강서구,11,서울특별시,11560,영등포구,1156011000,여의도동,14,45,8,71,1600.61
20260224,11,서울특별시,11500,강서구,11,서울특별시,11560,영등포구,1156011000,여의도동,15,00,10,72,1694.54
20260224,11,서울특별시,11500,강서구,11,서울특별시,11560,영등포구,1156011000,여의도동,15,15,8,53,1644.53
20260224,11,서울특별시,11500,강서구,11,서울특별시,11560,영등포구,1156011000,여의도동,15,30,9,53,1651.49
20260224,11,서울특별시,11500,강서구,11,서울특별시,11560,영등포구,1156011000,여의도동,15,45,8,64,1638.66
20260224,11,서울특별시,11500,강서구,11,서울특별시,11560,영등포구,1156011000,여의도동,16,00,9,64,1742.28
20260224,11,서울특별시,11500,강서구,11,서울특별시,11560,영등포구,1156011000,여의도동,16,15,6,67,1471.21
20260224,11,서울특별시,11500,강서구,11,서울특별시,11560,영등포구,1156011000,여의도동,16,30,10,68,1714.43
20260224,11,서울특별시,11500,강서구,11,서울특별시,11560,영등포구,1156011000,여의도동,16,45,9,67,1616.75
20260224,11,서울특별시,11500,강서구,11,서울특별시,11560,영등포구,1156011000,여의도동,17,00,9,92,1507.61
20260224,11,서울특별시,11500,강서구,11,서울특별시,11560,영등포구,1156011000,여의도동,17,15,9,96,1485.64
20260224,11,서울특별시,11500,강서구,11,서울특별시,11560,영등포구,1156011000,여의도동,17,30,9,102,1661.75
20260224,11,서울특별시,11500,강서구,11,서울특별시,11560,영등포구,1156011000,여의도동,17,45,9,87,1585.32
20260224,11,서울특별시,11500,강서구,11,서울특별시,11560,영등포구,1156011000,여의도동,18,00,8,128,1571.16
20260224,11,서울특별시,11500,강서구,11,서울특별시,11560,영등포구,1156011000,여의도동,18,15,6,99,1474.53
20260224,11,서울특별시,11500,강서구,11,서울특별시,11560,영등포구,1156011000,여의도동,18,30,9,86,1469.66
20260224,11,서울특별시,11500,강서구,11,서울특별시,11560,영등포구,1156011000,여의도동,18,45,7,58,1722.78
20260224,11,서울특별시,11500,강서구,11,서울특별시,11560,영등포구,1156011000,여의도동,19,00,8,51,1532.18
20260224,11,서울특별시,11500,강서구,11,서울특별시,11560,영등포구,1156011000,여의도동,19,15,8,54,1693.78
20260224,11,서울특별시,11500,강서구,11,서울특별시,11560,영등포구,1156011000,여의도동,19,30,7,36,1570.42
20260224,11,서울특별시,11500,강서구,11,서울특별시,11560,영등포구,1156011000,여의도동,19,45,6,40,1650.18
20260224,11,서울특별시,11500,강서구,11,서울특별시,11560,영등포구,1156011000,여의도동,20,00,7,32,1537.28
20260224,11,서울특별시,11500,강서구,11,서울특별시,11560,영등포구,1156011000,여의도동,20,15,4,23,1523.26
20260224,11,서울특별시,11500,강서구,11,서울특별시,11560,영등포구,1156011000,여의도동,20,30,6,32,1433.16
20260224,11,서울특별시,11500,강서구,11,서울특별시,11560,영등포구,1156011000,여의도동,20,45,7,18,1676.44
20260224,11,서울특별시,11500,강서구,11,서울특별시,11560,영등포구,1156011000,여의도동,21,00,4,7,1352.0
20260224,11,서울특별시,11500,강서구,11,서울특별시,11560,영등포구,1156011000,여의도동,21,15,7,15,1491.87
20260224,11,서울특별시,11500,강서구,11,서울특별시,11560,영등포구,1156011000,여의도동,21,30,6,17,2100.12
20260224,11,서울특별시,11500,강서구,11,서울특별시,11560,영등포구,1156011000,여의도동,21,45,5,17,1574.06
20260224,11,서울특별시,11500,강서구,11,서울특별시,11560,영등포구,1156011000,여의도동,22,00,5,11,1437.18
20260224,11,서울특별시,11500,강서구,11,서울특별시,11560,영등포구,1156011000,여의도동,22,15,4,6,1346.67
20260224,11,서울특별시,11500,강서구,11,서울특별시,11560,영등포구,1156011000,여의도동,22,30,4,17,1429.59
20260224,11,서울특별시,11500,강서구,11,서울특별시,11560,영등포구,1156011000,여의도동,22,45,7,14,1704.79
20260224,11,서울특별시,11500,강서구,11,서울특별시,11560,영등포구,1156011000,여의도동,23,00,3,5,1498.2
20260224,11,서울특별시,11500,강서구,11,서울특별시,11560,영등포구,1156011000,여의도동,23,15,3,4,2683.5
20260224,11,서울특별시,11500,강서구,11,서울특별시,11560,영등포구,1156011000,여의도동,23,30,2,4,1436.0
20260224,11,서울특별시,11500,강서구,11,서울특별시,11560,영등포구,1156011000,여의도동,23,45,3,7,1658.57
20260224,11,서울특별시,11530,구로구,11,서울특별시,11560,영등포구,1156011000,여의도동,00,00,1,2,894.0
20260224,11,서울특별시,11530,구로구,11,서울특별시,11560,영등포구,1156011000,여의도동,00,30,1,1,631.0
20260224,11,서울특별시,11530,구로구,11,서울특별시,11560,영등포구,1156011000,여의도동,00,45,1,1,905.0
20260224,11,서울특별시,11530,구로구,11,서울특별시,11560,영등포구,1156011000,여의도동,01,00,2,2,1632.0
20260224,11,서울특별시,11530,구로구,11,서울특별시,11560,영등포구,1156011000,여의도동,01,15,2,2,1402.5
20260224,11,서울특별시,11530,구로구,11,서울특별시,11560,영등포구,1156011000,여의도동,01,30,1,1,835.0
20260224,11,서울특별시,11530,구로구,11,서울특별시,11560,영등포구,1156011000,여의도동,01,45,1,1,1099.0
20260224,11,서울특별시,11530,구로구,11,서울특별시,11560,영등포구,1156011000,여의도동,02,00,1,1,1002.0
20260224,11,서울특별시,11530,구로구,11,서울특별시,11560,영등포구,1156011000,여의도동,02,15,1,1,1547.0
20260224,11,서울특별시,11530,구로구,11,서울특별시,11560,영등포구,1156011000,여의도동,02,30,1,2,1241.0
20260224,11,서울특별시,11530,구로구,11,서울특별시,11560,영등포구,1156011000,여의도동,02,45,1,2,1080.0
20260224,11,서울특별시,11530,구로구,11,서울특별시,11560,영등포구,1156011000,여의도동,03,15,1,2,1907.0
20260224,11,서울특별시,11530,구로구,11,서울특별시,11560,영등포구,1156011000,여의도동,03,30,2,3,762.67
20260224,11,서울특별시,11530,구로구,11,서울특별시,11560,영등포구,1156011000,여의도동,03,45,3,11,945.36
20260224,11,서울특별시,11530,구로구,11,서울특별시,11560,영등포구,1156011000,여의도동,04,00,7,32,1687.75
20260224,11,서울특별시,11530,구로구,11,서울특별시,11560,영등포구,1156011000,여의도동,04,15,7,77,1379.56
20260224,11,서울특별시,11530,구로구,11,서울특별시,11560,영등포구,1156011000,여의도동,04,30,9,74,1565.69
20260224,11,서울특별시,11530,구로구,11,서울특별시,11560,영등포구,1156011000,여의도동,04,45,7,56,1491.5
20260224,11,서울특별시,11530,구로구,11,서울특별시,11560,영등포구,1156011000,여의도동,05,00,7,50,1480.0
20260224,11,서울특별시,11530,구로구,11,서울특별시,11560,영등포구,1156011000,여의도동,05,15,7,55,1597.49
20260224,11,서울특별시,11530,구로구,11,서울특별시,11560,영등포구,1156011000,여의도동,05,30,7,44,1588.8
20260224,11,서울특별시,11530,구로구,11,서울특별시,11560,영등포구,1156011000,여의도동,05,45,8,69,1626.57
20260224,11,서울특별시,11530,구로구,11,서울특별시,11560,영등포구,1156011000,여의도동,06,00,7,82,1653.85
20260224,11,서울특별시,11530,구로구,11,서울특별시,11560,영등포구,1156011000,여의도동,06,15,9,106,1715.53
20260224,11,서울특별시,11530,구로구,11,서울특별시,11560,영등포구,1156011000,여의도동,06,30,10,122,1724.06
20260224,11,서울특별시,11530,구로구,11,서울특별시,11560,영등포구,1156011000,여의도동,06,45,10,175,1775.48
20260224,11,서울특별시,11530,구로구,11,서울특별시,11560,영등포구,1156011000,여의도동,07,00,10,328,1777.17
20260224,11,서울특별시,11530,구로구,11,서울특별시,11560,영등포구,1156011000,여의도동,07,15,10,444,1694.89
20260224,11,서울특별시,11530,구로구,11,서울특별시,11560,영등포구,1156011000,여의도동,07,30,10,326,1783.09
20260224,11,서울특별시,11530,구로구,11,서울특별시,11560,영등포구,1156011000,여의도동,07,45,10,415,1670.6
20260224,11,서울특별시,11530,구로구,11,서울특별시,11560,영등포구,1156011000,여의도동,08,00,10,447,1737.4
20260224,11,서울특별시,11530,구로구,11,서울특별시,11560,영등포구,1156011000,여의도동,08,15,10,425,1570.46
20260224,11,서울특별시,11530,구로구,11,서울특별시,11560,영등포구,1156011000,여의도동,08,30,10,264,1524.13
20260224,11,서울특별시,11530,구로구,11,서울특별시,11560,영등포구,1156011000,여의도동,08,45,9,235,1570.18
20260224,11,서울특별시,11530,구로구,11,서울특별시,11560,영등포구,1156011000,여의도동,09,00,10,205,1583.17
20260224,11,서울특별시,11530,구로구,11,서울특별시,11560,영등포구,1156011000,여의도동,09,15,9,159,1520.94
20260224,11,서울특별시,11530,구로구,11,서울특별시,11560,영등포구,1156011000,여의도동,09,30,7,99,1448.81
20260224,11,서울특별시,11530,구로구,11,서울특별시,11560,영등포구,1156011000,여의도동,09,45,9,86,1585.05
20260224,11,서울특별시,11530,구로구,11,서울특별시,11560,영등포구,1156011000,여의도동,10,00,7,64,1770.22
20260224,11,서울특별시,11530,구로구,11,서울특별시,11560,영등포구,1156011000,여의도동,10,15,10,70,1681.1
20260224,11,서울특별시,11530,구로구,11,서울특별시,11560,영등포구,1156011000,여의도동,10,30,7,57,1692.39
20260224,11,서울특별시,11530,구로구,11,서울특별시,11560,영등포구,1156011000,여의도동,10,45,6,38,1657.0
20260224,11,서울특별시,11530,구로구,11,서울특별시,11560,영등포구,1156011000,여의도동,11,00,6,48,1541.88
20260224,11,서울특별시,11530,구로구,11,서울특별시,11560,영등포구,1156011000,여의도동,11,15,6,44,1676.5
20260224,11,서울특별시,11530,구로구,11,서울특별시,11560,영등포구,1156011000,여의도동,11,30,6,36,1412.08
20260224,11,서울특별시,11530,구로구,11,서울특별시,11560,영등포구,1156011000,여의도동,11,45,8,36,1726.22
20260224,11,서울특별시,11530,구로구,11,서울특별시,11560,영등포구,1156011000,여의도동,12,00,7,56,1694.16
20260224,11,서울특별시,11530,구로구,11,서울특별시,11560,영등포구,1156011000,여의도동,12,15,9,77,1529.01
20260224,11,서울특별시,11530,구로구,11,서울특별시,11560,영등포구,1156011000,여의도동,12,30,9,89,1698.66
20260224,11,서울특별시,11530,구로구,11,서울특별시,11560,영등포구,1156011000,여의도동,12,45,8,79,1576.38
20260224,11,서울특별시,11530,구로구,11,서울특별시,11560,영등포구,1156011000,여의도동,13,00,8,79,1607.11
20260224,11,서울특별시,11530,구로구,11,서울특별시,11560,영등포구,1156011000,여의도동,13,15,6,39,1570.74
20260224,11,서울특별시,11530,구로구,11,서울특별시,11560,영등포구,1156011000,여의도동,13,30,5,29,1564.28
20260224,11,서울특별시,11530,구로구,11,서울특별시,11560,영등포구,1156011000,여의도동,13,45,6,37,1745.86
20260224,11,서울특별시,11530,구로구,11,서울특별시,11560,영등포구,1156011000,여의도동,14,00,7,37,1779.3
20260224,11,서울특별시,11530,구로구,11,서울특별시,11560,영등포구,1156011000,여의도동,14,15,6,42,1694.74
20260224,11,서울특별시,11530,구로구,11,서울특별시,11560,영등포구,1156011000,여의도동,14,30,6,38,1541.24
20260224,11,서울특별시,11530,구로구,11,서울특별시,11560,영등포구,1156011000,여의도동,14,45,5,23,1455.83
20260224,11,서울특별시,11530,구로구,11,서울특별시,11560,영등포구,1156011000,여의도동,15,00,6,34,1627.18
20260224,11,서울특별시,11530,구로구,11,서울특별시,11560,영등포구,1156011000,여의도동,15,15,7,40,1864.5
20260224,11,서울특별시,11530,구로구,11,서울특별시,11560,영등포구,1156011000,여의도동,15,30,7,27,1615.89
20260224,11,서울특별시,11530,구로구,11,서울특별시,11560,영등포구,1156011000,여의도동,15,45,6,37,1595.24
20260224,11,서울특별시,11530,구로구,11,서울특별시,11560,영등포구,1156011000,여의도동,16,00,8,36,1652.14
20260224,11,서울특별시,11530,구로구,11,서울특별시,11560,영등포구,1156011000,여의도동,16,15,8,50,1627.88
20260224,11,서울특별시,11530,구로구,11,서울특별시,11560,영등포구,1156011000,여의도동,16,30,5,24,1799.29
20260224,11,서울특별시,11530,구로구,11,서울특별시,11560,영등포구,1156011000,여의도동,16,45,6,29,1557.31
20260224,11,서울특별시,11530,구로구,11,서울특별시,11560,영등포구,1156011000,여의도동,17,00,5,38,1430.84
20260224,11,서울특별시,11530,구로구,11,서울특별시,11560,영등포구,1156011000,여의도동,17,15,6,26,1560.69
20260224,11,서울특별시,11530,구로구,11,서울특별시,11560,영등포구,1156011000,여의도동,17,30,7,40,1447.78
20260224,11,서울특별시,11530,구로구,11,서울특별시,11560,영등포구,1156011000,여의도동,17,45,7,36,1752.25
20260224,11,서울특별시,11530,구로구,11,서울특별시,11560,영등포구,1156011000,여의도동,18,00,6,45,1453.0
20260224,11,서울특별시,11530,구로구,11,서울특별시,11560,영등포구,1156011000,여의도동,18,15,9,47,1625.6
20260224,11,서울특별시,11530,구로구,11,서울특별시,11560,영등포구,1156011000,여의도동,18,30,5,28,1769.46
20260224,11,서울특별시,11530,구로구,11,서울특별시,11560,영등포구,1156011000,여의도동,18,45,5,23,1425.61
20260224,11,서울특별시,11530,구로구,11,서울특별시,11560,영등포구,1156011000,여의도동,19,00,6,22,1903.77
20260224,11,서울특별시,11530,구로구,11,서울특별시,11560,영등포구,1156011000,여의도동,19,15,5,19,1513.37
20260224,11,서울특별시,11530,구로구,11,서울특별시,11560,영등포구,1156011000,여의도동,19,30,6,15,1404.53
20260224,11,서울특별시,11530,구로구,11,서울특별시,11560,영등포구,1156011000,여의도동,19,45,8,17,1677.0
20260224,11,서울특별시,11530,구로구,11,서울특별시,11560,영등포구,1156011000,여의도동,20,00,4,7,1611.0
20260224,11,서울특별시,11530,구로구,11,서울특별시,11560,영등포구,1156011000,여의도동,20,15,7,17,1730.94
20260224,11,서울특별시,11530,구로구,11,서울특별시,11560,영등포구,1156011000,여의도동,20,30,5,11,1575.0
20260224,11,서울특별시,11530,구로구,11,서울특별시,11560,영등포구,1156011000,여의도동,20,45,3,9,1822.56
20260224,11,서울특별시,11530,구로구,11,서울특별시,11560,영등포구,1156011000,여의도동,21,00,5,9,1408.22
20260224,11,서울특별시,11530,구로구,11,서울특별시,11560,영등포구,1156011000,여의도동,21,15,5,12,1219.92
20260224,11,서울특별시,11530,구로구,11,서울특별시,11560,영등포구,1156011000,여의도동,21,30,4,13,1401.62
20260224,11,서울특별시,11530,구로구,11,서울특별시,11560,영등포구,1156011000,여의도동,21,45,3,4,1317.25
20260224,11,서울특별시,11530,구로구,11,서울특별시,11560,영등포구,1156011000,여의도동,22,00,3,8,1304.38
20260224,11,서울특별시,11530,구로구,11,서울특별시,11560,영등포구,1156011000,여의도동,22,15,3,4,1335.75
20260224,11,서울특별시,11530,구로구,11,서울특별시,11560,영등포구,1156011000,여의도동,22,30,1,1,2281.0
20260224,11,서울특별시,11530,구로구,11,서울특별시,11560,영등포구,1156011000,여의도동,22,45,2,3,1026.0
20260224,11,서울특별시,11530,구로구,11,서울특별시,11560,영등포구,1156011000,여의도동,23,00,2,2,2330.5
20260224,11,서울특별시,11530,구로구,11,서울특별시,11560,영등포구,1156011000,여의도동,23,15,1,1,2104.0
20260224,11,서울특별시,11530,구로구,11,서울특별시,11560,영등포구,1156011000,여의도동,23,30,4,4,1218.0
20260224,11,서울특별시,11530,구로구,11,서울특별시,11560,영등포구,1156011000,여의도동,23,45,4,4,1387.0
20260224,11,서울특별시,11545,금천구,11,서울특별시,11560,영등포구,1156011000,여의도동,00,00,1,1,2044.0
20260224,11,서울특별시,11545,금천구,11,서울특별시,11560,영등포구,1156011000,여의도동,02,15,1,2,2191.0
20260224,11,서울특별시,11545,금천구,11,서울특별시,11560,영등포구,1156011000,여의도동,04,00,2,12,1967.5
20260224,11,서울특별시,11545,금천구,11,서울특별시,11560,영등포구,1156011000,여의도동,04,15,3,27,1988.93
20260224,11,서울특별시,11545,금천구,11,서울특별시,11560,영등포구,1156011000,여의도동,04,30,3,49,1790.29
20260224,11,서울특별시,11545,금천구,11,서울특별시,11560,영등포구,1156011000,여의도동,04,45,2,26,1865.04
20260224,11,서울특별시,11545,금천구,11,서울특별시,11560,영등포구,1156011000,여의도동,05,00,2,35,1712.26
20260224,11,서울특별시,11545,금천구,11,서울특별시,11560,영등포구,1156011000,여의도동,05,15,3,29,1795.97
20260224,11,서울특별시,11545,금천구,11,서울특별시,11560,영등포구,1156011000,여의도동,05,30,3,28,1951.0
20260224,11,서울특별시,11545,금천구,11,서울특별시,11560,영등포구,1156011000,여의도동,05,45,3,26,1783.23
20260224,11,서울특별시,11545,금천구,11,서울특별시,11560,영등포구,1156011000,여의도동,06,00,3,34,2005.12
20260224,11,서울특별시,11545,금천구,11,서울특별시,11560,영등포구,1156011000,여의도동,06,15,3,41,1973.98
20260224,11,서울특별시,11545,금천구,11,서울특별시,11560,영등포구,1156011000,여의도동,06,30,3,56,1939.11
20260224,11,서울특별시,11545,금천구,11,서울특별시,11560,영등포구,1156011000,여의도동,06,45,3,102,2137.35
20260224,11,서울특별시,11545,금천구,11,서울특별시,11560,영등포구,1156011000,여의도동,07,00,3,127,2204.62
20260224,11,서울특별시,11545,금천구,11,서울특별시,11560,영등포구,1156011000,여의도동,07,15,3,129,2148.33
20260224,11,서울특별시,11545,금천구,11,서울특별시,11560,영등포구,1156011000,여의도동,07,30,3,135,2192.83
20260224,11,서울특별시,11545,금천구,11,서울특별시,11560,영등포구,1156011000,여의도동,07,45,3,181,2271.47
20260224,11,서울특별시,11545,금천구,11,서울특별시,11560,영등포구,1156011000,여의도동,08,00,3,152,2124.26
20260224,11,서울특별시,11545,금천구,11,서울특별시,11560,영등포구,1156011000,여의도동,08,15,3,111,2049.07
20260224,11,서울특별시,11545,금천구,11,서울특별시,11560,영등포구,1156011000,여의도동,08,30,3,76,2010.41
20260224,11,서울특별시,11545,금천구,11,서울특별시,11560,영등포구,1156011000,여의도동,08,45,3,66,1987.65
20260224,11,서울특별시,11545,금천구,11,서울특별시,11560,영등포구,1156011000,여의도동,09,00,3,87,1936.54
20260224,11,서울특별시,11545,금천구,11,서울특별시,11560,영등포구,1156011000,여의도동,09,15,3,48,1855.23
20260224,11,서울특별시,11545,금천구,11,서울특별시,11560,영등포구,1156011000,여의도동,09,30,3,32,2093.06
20260224,11,서울특별시,11545,금천구,11,서울특별시,11560,영등포구,1156011000,여의도동,09,45,3,34,2003.56
20260224,11,서울특별시,11545,금천구,11,서울특별시,11560,영등포구,1156011000,여의도동,10,00,3,33,1969.03
20260224,11,서울특별시,11545,금천구,11,서울특별시,11560,영등포구,1156011000,여의도동,10,15,3,28,2047.57
20260224,11,서울특별시,11545,금천구,11,서울특별시,11560,영등포구,1156011000,여의도동,10,30,3,25,2198.16
20260224,11,서울특별시,11545,금천구,11,서울특별시,11560,영등포구,1156011000,여의도동,10,45,3,23,2154.65
20260224,11,서울특별시,11545,금천구,11,서울특별시,11560,영등포구,1156011000,여의도동,11,00,3,20,1989.9
20260224,11,서울특별시,11545,금천구,11,서울특별시,11560,영등포구,1156011000,여의도동,11,15,3,15,2305.67
20260224,11,서울특별시,11545,금천구,11,서울특별시,11560,영등포구,1156011000,여의도동,11,30,3,16,2238.56
20260224,11,서울특별시,11545,금천구,11,서울특별시,11560,영등포구,1156011000,여의도동,11,45,3,8,2070.5
20260224,11,서울특별시,11545,금천구,11,서울특별시,11560,영등포구,1156011000,여의도동,12,00,3,19,1925.58
20260224,11,서울특별시,11545,금천구,11,서울특별시,11560,영등포구,1156011000,여의도동,12,15,3,35,1933.23
20260224,11,서울특별시,11545,금천구,11,서울특별시,11560,영등포구,1156011000,여의도동,12,30,3,19,1988.53
20260224,11,서울특별시,11545,금천구,11,서울특별시,11560,영등포구,1156011000,여의도동,12,45,3,21,1993.1
20260224,11,서울특별시,11545,금천구,11,서울특별시,11560,영등포구,1156011000,여의도동,13,00,3,30,2103.73
20260224,11,서울특별시,11545,금천구,11,서울특별시,11560,영등포구,1156011000,여의도동,13,15,3,26,1985.54
20260224,11,서울특별시,11545,금천구,11,서울특별시,11560,영등포구,1156011000,여의도동,13,30,3,18,2033.33
20260224,11,서울특별시,11545,금천구,11,서울특별시,11560,영등포구,1156011000,여의도동,13,45,3,10,2118.3
20260224,11,서울특별시,11545,금천구,11,서울특별시,11560,영등포구,1156011000,여의도동,14,00,3,37,1978.3
20260224,11,서울특별시,11545,금천구,11,서울특별시,11560,영등포구,1156011000,여의도동,14,15,3,15,1985.53
20260224,11,서울특별시,11545,금천구,11,서울특별시,11560,영등포구,1156011000,여의도동,14,30,3,19,1994.21
20260224,11,서울특별시,11545,금천구,11,서울특별시,11560,영등포구,1156011000,여의도동,14,45,3,11,1815.0
20260224,11,서울특별시,11545,금천구,11,서울특별시,11560,영등포구,1156011000,여의도동,15,00,3,14,1967.93
20260224,11,서울특별시,11545,금천구,11,서울특별시,11560,영등포구,1156011000,여의도동,15,15,3,19,2114.74
20260224,11,서울특별시,11545,금천구,11,서울특별시,11560,영등포구,1156011000,여의도동,15,30,3,11,2088.64
20260224,11,서울특별시,11545,금천구,11,서울특별시,11560,영등포구,1156011000,여의도동,15,45,3,17,1721.82
20260224,11,서울특별시,11545,금천구,11,서울특별시,11560,영등포구,1156011000,여의도동,16,00,3,19,1851.95
20260224,11,서울특별시,11545,금천구,11,서울특별시,11560,영등포구,1156011000,여의도동,16,15,3,11,1941.27
20260224,11,서울특별시,11545,금천구,11,서울특별시,11560,영등포구,1156011000,여의도동,16,30,3,14,1822.86
20260224,11,서울특별시,11545,금천구,11,서울특별시,11560,영등포구,1156011000,여의도동,16,45,3,12,1976.5
20260224,11,서울특별시,11545,금천구,11,서울특별시,11560,영등포구,1156011000,여의도동,17,00,2,13,1717.54
20260224,11,서울특별시,11545,금천구,11,서울특별시,11560,영등포구,1156011000,여의도동,17,15,3,16,1686.5
20260224,11,서울특별시,11545,금천구,11,서울특별시,11560,영등포구,1156011000,여의도동,17,30,3,17,1833.88
20260224,11,서울특별시,11545,금천구,11,서울특별시,11560,영등포구,1156011000,여의도동,17,45,3,17,1777.76
20260224,11,서울특별시,11545,금천구,11,서울특별시,11560,영등포구,1156011000,여의도동,18,00,3,32,1976.41
20260224,11,서울특별시,11545,금천구,11,서울특별시,11560,영등포구,1156011000,여의도동,18,15,3,37,2094.11
20260224,11,서울특별시,11545,금천구,11,서울특별시,11560,영등포구,1156011000,여의도동,18,30,3,15,1871.53
20260224,11,서울특별시,11545,금천구,11,서울특별시,11560,영등포구,1156011000,여의도동,18,45,3,17,2022.59
20260224,11,서울특별시,11545,금천구,11,서울특별시,11560,영등포구,1156011000,여의도동,19,00,3,15,1988.07
20260224,11,서울특별시,11545,금천구,11,서울특별시,11560,영등포구,1156011000,여의도동,19,15,3,11,1838.82
20260224,11,서울특별시,11545,금천구,11,서울특별시,11560,영등포구,1156011000,여의도동,19,30,3,9,2046.33
20260224,11,서울특별시,11545,금천구,11,서울특별시,11560,영등포구,1156011000,여의도동,19,45,3,5,1520.8
20260224,11,서울특별시,11545,금천구,11,서울특별시,11560,영등포구,1156011000,여의도동,20,00,1,1,1223.0
20260224,11,서울특별시,11545,금천구,11,서울특별시,11560,영등포구,1156011000,여의도동,20,15,3,4,2033.25
20260224,11,서울특별시,11545,금천구,11,서울특별시,11560,영등포구,1156011000,여의도동,20,30,1,1,1802.0
20260224,11,서울특별시,11545,금천구,11,서울특별시,11560,영등포구,1156011000,여의도동,20,45,2,2,1403.0
20260224,11,서울특별시,11545,금천구,11,서울특별시,11560,영등포구,1156011000,여의도동,21,00,2,2,1601.0
20260224,11,서울특별시,11545,금천구,11,서울특별시,11560,영등포구,1156011000,여의도동,21,30,3,3,2316.67
20260224,11,서울특별시,11545,금천구,11,서울특별시,11560,영등포구,1156011000,여의도동,21,45,1,1,1690.0
20260224,11,서울특별시,11545,금천구,11,서울특별시,11560,영등포구,1156011000,여의도동,22,00,1,1,1760.0
20260224,11,서울특별시,11545,금천구,11,서울특별시,11560,영등포구,1156011000,여의도동,22,15,1,3,2075.0
20260224,11,서울특별시,11545,금천구,11,서울특별시,11560,영등포구,1156011000,여의도동,22,30,1,2,1281.0
20260224,11,서울특별시,11545,금천구,11,서울특별시,11560,영등포구,1156011000,여의도동,23,30,1,1,1665.0
20260224,11,서울특별시,11560,영등포구,11,서울특별시,11560,영등포구,1156011000,여의도동,00,00,6,9,693.78
20260224,11,서울특별시,11560,영등포구,11,서울특별시,11560,영등포구,1156011000,여의도동,00,15,2,4,440.5
20260224,11,서울특별시,11560,영등포구,11,서울특별시,11560,영등포구,1156011000,여의도동,00,30,1,1,105.0
20260224,11,서울특별시,11560,영등포구,11,서울특별시,11560,영등포구,1156011000,여의도동,00,45,2,2,900.5
20260224,11,서울특별시,11560,영등포구,11,서울특별시,11560,영등포구,1156011000,여의도동,01,00,1,1,493.0
20260224,11,서울특별시,11560,영등포구,11,서울특별시,11560,영등포구,1156011000,여의도동,01,30,1,1,543.0
20260224,11,서울특별시,11560,영등포구,11,서울특별시,11560,영등포구,1156011000,여의도동,02,00,2,2,564.0
20260224,11,서울특별시,11560,영등포구,11,서울특별시,11560,영등포구,1156011000,여의도동,02,30,1,1,976.0
20260224,11,서울특별시,11560,영등포구,11,서울특별시,11560,영등포구,1156011000,여의도동,03,30,1,1,402.0
20260224,11,서울특별시,11560,영등포구,11,서울특별시,11560,영등포구,1156011000,여의도동,04,00,3,4,332.0
20260224,11,서울특별시,11560,영등포구,11,서울특별시,11560,영등포구,1156011000,여의도동,04,15,4,12,500.08
20260224,11,서울특별시,11560,영등포구,11,서울특별시,11560,영등포구,1156011000,여의도동,04,30,11,51,831.84
20260224,11,서울특별시,11560,영등포구,11,서울특별시,11560,영등포구,1156011000,여의도동,04,45,15,85,798.36
20260224,11,서울특별시,11560,영등포구,11,서울특별시,11560,영등포구,1156011000,여의도동,05,00,12,58,737.55
20260224,11,서울특별시,11560,영등포구,11,서울특별시,11560,영등포구,1156011000,여의도동,05,15,17,78,882.5
20260224,11,서울특별시,11560,영등포구,11,서울특별시,11560,영등포구,1156011000,여의도동,05,30,16,69,716.32
20260224,11,서울특별시,11560,영등포구,11,서울특별시,11560,영등포구,1156011000,여의도동,05,45,19,91,682.82
20260224,11,서울특별시,11560,영등포구,11,서울특별시,11560,영등포구,1156011000,여의도동,06,00,18,104,878.15
20260224,11,서울특별시,11560,영등포구,11,서울특별시,11560,영등포구,1156011000,여의도동,06,15,22,138,709.55
20260224,11,서울특별시,11560,영등포구,11,서울특별시,11560,영등포구,1156011000,여의도동,06,30,21,188,724.74
20260224,11,서울특별시,11560,영등포구,11,서울특별시,11560,영등포구,1156011000,여의도동,06,45,22,254,778.85
20260224,11,서울특별시,11560,영등포구,11,서울특별시,11560,영등포구,1156011000,여의도동,07,00,23,481,888.97
20260224,11,서울특별시,11560,영등포구,11,서울특별시,11560,영등포구,1156011000,여의도동,07,15,24,850,742.74
20260224,11,서울특별시,11560,영등포구,11,서울특별시,11560,영등포구,1156011000,여의도동,07,30,28,1376,719.07
20260224,11,서울특별시,11560,영등포구,11,서울특별시,11560,영등포구,1156011000,여의도동,07,45,27,882,840.24
20260224,11,서울특별시,11560,영등포구,11,서울특별시,11560,영등포구,1156011000,여의도동,08,00,26,1156,754.52
20260224,11,서울특별시,11560,영등포구,11,서울특별시,11560,영등포구,1156011000,여의도동,08,15,28,1209,758.94
20260224,11,서울특별시,11560,영등포구,11,서울특별시,11560,영등포구,1156011000,여의도동,08,30,27,1448,686.78
20260224,11,서울특별시,11560,영등포구,11,서울특별시,11560,영등포구,1156011000,여의도동,08,45,26,724,675.1
20260224,11,서울특별시,11560,영등포구,11,서울특별시,11560,영등포구,1156011000,여의도동,09,00,27,585,693.61
20260224,11,서울특별시,11560,영등포구,11,서울특별시,11560,영등포구,1156011000,여의도동,09,15,24,431,778.24
20260224,11,서울특별시,11560,영등포구,11,서울특별시,11560,영등포구,1156011000,여의도동,09,30,25,469,727.72
20260224,11,서울특별시,11560,영등포구,11,서울특별시,11560,영등포구,1156011000,여의도동,09,45,23,272,680.74
20260224,11,서울특별시,11560,영등포구,11,서울특별시,11560,영등포구,1156011000,여의도동,10,00,19,239,805.04
20260224,11,서울특별시,11560,영등포구,11,서울특별시,11560,영등포구,1156011000,여의도동,10,15,23,243,735.66
20260224,11,서울특별시,11560,영등포구,11,서울특별시,11560,영등포구,1156011000,여의도동,10,30,20,251,755.93
20260224,11,서울특별시,11560,영등포구,11,서울특별시,11560,영등포구,1156011000,여의도동,10,45,18,212,813.56
20260224,11,서울특별시,11560,영등포구,11,서울특별시,11560,영등포구,1156011000,여의도동,11,00,18,266,757.7
20260224,11,서울특별시,11560,영등포구,11,서울특별시,11560,영등포구,1156011000,여의도동,11,15,17,302,646.24
20260224,11,서울특별시,11560,영등포구,11,서울특별시,11560,영등포구,1156011000,여의도동,11,30,20,316,802.91
20260224,11,서울특별시,11560,영등포구,11,서울특별시,11560,영등포구,1156011000,여의도동,11,45,20,251,757.28
20260224,11,서울특별시,11560,영등포구,11,서울특별시,11560,영등포구,1156011000,여의도동,12,00,19,275,772.26
20260224,11,서울특별시,11560,영등포구,11,서울특별시,11560,영등포구,1156011000,여의도동,12,15,18,244,853.34
20260224,11,서울특별시,11560,영등포구,11,서울특별시,11560,영등포구,1156011000,여의도동,12,30,21,349,637.47
20260224,11,서울특별시,11560,영등포구,11,서울특별시,11560,영등포구,1156011000,여의도동,12,45,22,331,701.2
20260224,11,서울특별시,11560,영등포구,11,서울특별시,11560,영등포구,1156011000,여의도동,13,00,21,302,788.32
20260224,11,서울특별시,11560,영등포구,11,서울특별시,11560,영등포구,1156011000,여의도동,13,15,22,286,737.16
20260224,11,서울특별시,11560,영등포구,11,서울특별시,11560,영등포구,1156011000,여의도동,13,30,20,238,739.37
20260224,11,서울특별시,11560,영등포구,11,서울특별시,11560,영등포구,1156011000,여의도동,13,45,18,213,674.18
20260224,11,서울특별시,11560,영등포구,11,서울특별시,11560,영등포구,1156011000,여의도동,14,00,17,172,835.33
20260224,11,서울특별시,11560,영등포구,11,서울특별시,11560,영등포구,1156011000,여의도동,14,15,22,187,770.26
20260224,11,서울특별시,11560,영등포구,11,서울특별시,11560,영등포구,1156011000,여의도동,14,30,18,212,630.9
20260224,11,서울특별시,11560,영등포구,11,서울특별시,11560,영등포구,1156011000,여의도동,14,45,15,200,778.64
20260224,11,서울특별시,11560,영등포구,11,서울특별시,11560,영등포구,1156011000,여의도동,15,00,16,201,723.63
20260224,11,서울특별시,11560,영등포구,11,서울특별시,11560,영등포구,1156011000,여의도동,15,15,18,215,697.93
20260224,11,서울특별시,11560,영등포구,11,서울특별시,11560,영등포구,1156011000,여의도동,15,30,21,211,821.11
20260224,11,서울특별시,11560,영등포구,11,서울특별시,11560,영등포구,1156011000,여의도동,15,45,18,195,739.43
20260224,11,서울특별시,11560,영등포구,11,서울특별시,11560,영등포구,1156011000,여의도동,16,00,21,213,667.09
20260224,11,서울특별시,11560,영등포구,11,서울특별시,11560,영등포구,1156011000,여의도동,16,15,17,184,773.11
20260224,11,서울특별시,11560,영등포구,11,서울특별시,11560,영등포구,1156011000,여의도동,16,30,18,220,758.61
20260224,11,서울특별시,11560,영등포구,11,서울특별시,11560,영등포구,1156011000,여의도동,16,45,19,204,705.12
20260224,11,서울특별시,11560,영등포구,11,서울특별시,11560,영등포구,1156011000,여의도동,17,00,18,251,638.87
20260224,11,서울특별시,11560,영등포구,11,서울특별시,11560,영등포구,1156011000,여의도동,17,15,17,228,564.87
20260224,11,서울특별시,11560,영등포구,11,서울특별시,11560,영등포구,1156011000,여의도동,17,30,22,276,615.83
20260224,11,서울특별시,11560,영등포구,11,서울특별시,11560,영등포구,1156011000,여의도동,17,45,19,230,526.13
20260224,11,서울특별시,11560,영등포구,11,서울특별시,11560,영등포구,1156011000,여의도동,18,00,23,329,618.7
20260224,11,서울특별시,11560,영등포구,11,서울특별시,11560,영등포구,1156011000,여의도동,18,15,21,329,585.78
20260224,11,서울특별시,11560,영등포구,11,서울특별시,11560,영등포구,1156011000,여의도동,18,30,21,259,543.13
20260224,11,서울특별시,11560,영등포구,11,서울특별시,11560,영등포구,1156011000,여의도동,18,45,16,190,572.82
20260224,11,서울특별시,11560,영등포구,11,서울특별시,11560,영등포구,1156011000,여의도동,19,00,15,192,535.25
20260224,11,서울특별시,11560,영등포구,11,서울특별시,11560,영등포구,1156011000,여의도동,19,15,16,141,589.84
20260224,11,서울특별시,11560,영등포구,11,서울특별시,11560,영등포구,1156011000,여의도동,19,30,16,152,584.11
20260224,11,서울특별시,11560,영등포구,11,서울특별시,11560,영등포구,1156011000,여의도동,19,45,12,127,560.17
20260224,11,서울특별시,11560,영등포구,11,서울특별시,11560,영등포구,1156011000,여의도동,20,00,17,123,687.16
20260224,11,서울특별시,11560,영등포구,11,서울특별시,11560,영등포구,1156011000,여의도동,20,15,15,90,689.62
20260224,11,서울특별시,11560,영등포구,11,서울특별시,11560,영등포구,1156011000,여의도동,20,30,14,101,650.53
20260224,11,서울특별시,11560,영등포구,11,서울특별시,11560,영등포구,1156011000,여의도동,20,45,10,91,493.4
20260224,11,서울특별시,11560,영등포구,11,서울특별시,11560,영등포구,1156011000,여의도동,21,00,12,99,611.05
20260224,11,서울특별시,11560,영등포구,11,서울특별시,11560,영등포구,1156011000,여의도동,21,15,14,77,712.51
20260224,11,서울특별시,11560,영등포구,11,서울특별시,11560,영등포구,1156011000,여의도동,21,30,10,91,566.8
20260224,11,서울특별시,11560,영등포구,11,서울특별시,11560,영등포구,1156011000,여의도동,21,45,16,86,663.55
20260224,11,서울특별시,11560,영등포구,11,서울특별시,11560,영등포구,1156011000,여의도동,22,00,13,68,566.94
20260224,11,서울특별시,11560,영등포구,11,서울특별시,11560,영등포구,1156011000,여의도동,22,15,10,40,589.67
20260224,11,서울특별시,11560,영등포구,11,서울특별시,11560,영등포구,1156011000,여의도동,22,30,10,33,576.97
20260224,11,서울특별시,11560,영등포구,11,서울특별시,11560,영등포구,1156011000,여의도동,22,45,6,52,547.19
20260224,11,서울특별시,11560,영등포구,11,서울특별시,11560,영등포구,1156011000,여의도동,23,00,10,23,649.65
20260224,11,서울특별시,11560,영등포구,11,서울특별시,11560,영등포구,1156011000,여의도동,23,15,13,41,562.9
20260224,11,서울특별시,11560,영등포구,11,서울특별시,11560,영등포구,1156011000,여의도동,23,30,9,29,589.72
20260224,11,서울특별시,11560,영등포구,11,서울특별시,11560,영등포구,1156011000,여의도동,23,45,7,11,721.55
20260224,11,서울특별시,11590,동작구,11,서울특별시,11560,영등포구,1156011000,여의도동,00,00,1,2,1094.0
20260224,11,서울특별시,11590,동작구,11,서울특별시,11560,영등포구,1156011000,여의도동,00,15,2,2,1688.5
20260224,11,서울특별시,11590,동작구,11,서울특별시,11560,영등포구,1156011000,여의도동,00,30,1,1,1064.0
20260224,11,서울특별시,11590,동작구,11,서울특별시,11560,영등포구,1156011000,여의도동,04,30,3,8,1377.25
20260224,11,서울특별시,11590,동작구,11,서울특별시,11560,영등포구,1156011000,여의도동,04,45,3,17,852.71
20260224,11,서울특별시,11590,동작구,11,서울특별시,11560,영등포구,1156011000,여의도동,05,00,7,31,754.58
20260224,11,서울특별시,11590,동작구,11,서울특별시,11560,영등포구,1156011000,여의도동,05,15,7,44,839.61
20260224,11,서울특별시,11590,동작구,11,서울특별시,11560,영등포구,1156011000,여의도동,05,30,8,56,858.34
20260224,11,서울특별시,11590,동작구,11,서울특별시,11560,영등포구,1156011000,여의도동,05,45,8,41,834.27
20260224,11,서울특별시,11590,동작구,11,서울특별시,11560,영등포구,1156011000,여의도동,06,00,7,57,933.77
20260224,11,서울특별시,11590,동작구,11,서울특별시,11560,영등포구,1156011000,여의도동,06,15,8,94,967.18
20260224,11,서울특별시,11590,동작구,11,서울특별시,11560,영등포구,1156011000,여의도동,06,30,8,111,861.35
20260224,11,서울특별시,11590,동작구,11,서울특별시,11560,영등포구,1156011000,여의도동,06,45,9,145,1155.75
20260224,11,서울특별시,11590,동작구,11,서울특별시,11560,영등포구,1156011000,여의도동,07,00,9,288,1132.57
20260224,11,서울특별시,11590,동작구,11,서울특별시,11560,영등포구,1156011000,여의도동,07,15,9,444,1045.03
20260224,11,서울특별시,11590,동작구,11,서울특별시,11560,영등포구,1156011000,여의도동,07,30,9,468,1024.95
20260224,11,서울특별시,11590,동작구,11,서울특별시,11560,영등포구,1156011000,여의도동,07,45,9,427,1221.85
20260224,11,서울특별시,11590,동작구,11,서울특별시,11560,영등포구,1156011000,여의도동,08,00,9,517,1133.32
20260224,11,서울특별시,11590,동작구,11,서울특별시,11560,영등포구,1156011000,여의도동,08,15,9,576,1076.28
20260224,11,서울특별시,11590,동작구,11,서울특별시,11560,영등포구,1156011000,여의도동,08,30,9,424,909.96
20260224,11,서울특별시,11590,동작구,11,서울특별시,11560,영등포구,1156011000,여의도동,08,45,9,305,908.25
20260224,11,서울특별시,11590,동작구,11,서울특별시,11560,영등포구,1156011000,여의도동,09,00,9,255,886.67
20260224,11,서울특별시,11590,동작구,11,서울특별시,11560,영등포구,1156011000,여의도동,09,15,9,258,855.69
20260224,11,서울특별시,11590,동작구,11,서울특별시,11560,영등포구,1156011000,여의도동,09,30,8,174,838.52
20260224,11,서울특별시,11590,동작구,11,서울특별시,11560,영등포구,1156011000,여의도동,09,45,9,137,881.0
20260224,11,서울특별시,11590,동작구,11,서울특별시,11560,영등포구,1156011000,여의도동,10,00,8,103,799.32
20260224,11,서울특별시,11590,동작구,11,서울특별시,11560,영등포구,1156011000,여의도동,10,15,9,109,883.58
20260224,11,서울특별시,11590,동작구,11,서울특별시,11560,영등포구,1156011000,여의도동,10,30,9,129,843.28
20260224,11,서울특별시,11590,동작구,11,서울특별시,11560,영등포구,1156011000,여의도동,10,45,8,118,839.43
20260224,11,서울특별시,11590,동작구,11,서울특별시,11560,영등포구,1156011000,여의도동,11,00,8,108,888.33
20260224,11,서울특별시,11590,동작구,11,서울특별시,11560,영등포구,1156011000,여의도동,11,15,9,81,826.33
20260224,11,서울특별시,11590,동작구,11,서울특별시,11560,영등포구,1156011000,여의도동,11,30,9,99,808.53
20260224,11,서울특별시,11590,동작구,11,서울특별시,11560,영등포구,1156011000,여의도동,11,45,7,50,810.16
20260224,11,서울특별시,11590,동작구,11,서울특별시,11560,영등포구,1156011000,여의도동,12,00,9,81,1002.6
20260224,11,서울특별시,11590,동작구,11,서울특별시,11560,영등포구,1156011000,여의도동,12,15,9,103,867.25
20260224,11,서울특별시,11590,동작구,11,서울특별시,11560,영등포구,1156011000,여의도동,12,30,9,99,867.57
20260224,11,서울특별시,11590,동작구,11,서울특별시,11560,영등포구,1156011000,여의도동,12,45,9,82,822.67
20260224,11,서울특별시,11590,동작구,11,서울특별시,11560,영등포구,1156011000,여의도동,13,00,9,93,972.88
20260224,11,서울특별시,11590,동작구,11,서울특별시,11560,영등포구,1156011000,여의도동,13,15,8,74,877.89
20260224,11,서울특별시,11590,동작구,11,서울특별시,11560,영등포구,1156011000,여의도동,13,30,8,80,851.21
20260224,11,서울특별시,11590,동작구,11,서울특별시,11560,영등포구,1156011000,여의도동,13,45,8,63,895.87
20260224,11,서울특별시,11590,동작구,11,서울특별시,11560,영등포구,1156011000,여의도동,14,00,8,82,884.88
20260224,11,서울특별시,11590,동작구,11,서울특별시,11560,영등포구,1156011000,여의도동,14,15,9,83,1191.13
20260224,11,서울특별시,11590,동작구,11,서울특별시,11560,영등포구,1156011000,여의도동,14,30,8,86,964.09
20260224,11,서울특별시,11590,동작구,11,서울특별시,11560,영등포구,1156011000,여의도동,14,45,8,59,867.59
20260224,11,서울특별시,11590,동작구,11,서울특별시,11560,영등포구,1156011000,여의도동,15,00,9,59,1015.05
20260224,11,서울특별시,11590,동작구,11,서울특별시,11560,영등포구,1156011000,여의도동,15,15,8,71,830.38
20260224,11,서울특별시,11590,동작구,11,서울특별시,11560,영등포구,1156011000,여의도동,15,30,9,64,796.69
20260224,11,서울특별시,11590,동작구,11,서울특별시,11560,영등포구,1156011000,여의도동,15,45,9,70,731.9
20260224,11,서울특별시,11590,동작구,11,서울특별시,11560,영등포구,1156011000,여의도동,16,00,9,66,962.23
20260224,11,서울특별시,11590,동작구,11,서울특별시,11560,영등포구,1156011000,여의도동,16,15,8,69,1061.61
20260224,11,서울특별시,11590,동작구,11,서울특별시,11560,영등포구,1156011000,여의도동,16,30,9,88,956.99
20260224,11,서울특별시,11590,동작구,11,서울특별시,11560,영등포구,1156011000,여의도동,16,45,8,78,879.26
20260224,11,서울특별시,11590,동작구,11,서울특별시,11560,영등포구,1156011000,여의도동,17,00,9,83,1004.66
20260224,11,서울특별시,11590,동작구,11,서울특별시,11560,영등포구,1156011000,여의도동,17,15,9,73,1087.92
20260224,11,서울특별시,11590,동작구,11,서울특별시,11560,영등포구,1156011000,여의도동,17,30,8,89,1022.11
20260224,11,서울특별시,11590,동작구,11,서울특별시,11560,영등포구,1156011000,여의도동,17,45,7,62,993.05
20260224,11,서울특별시,11590,동작구,11,서울특별시,11560,영등포구,1156011000,여의도동,18,00,6,104,978.7
20260224,11,서울특별시,11590,동작구,11,서울특별시,11560,영등포구,1156011000,여의도동,18,15,8,75,1168.63
20260224,11,서울특별시,11590,동작구,11,서울특별시,11560,영등포구,1156011000,여의도동,18,30,9,52,927.46
20260224,11,서울특별시,11590,동작구,11,서울특별시,11560,영등포구,1156011000,여의도동,18,45,7,38,707.66
20260224,11,서울특별시,11590,동작구,11,서울특별시,11560,영등포구,1156011000,여의도동,19,00,8,52,912.48
20260224,11,서울특별시,11590,동작구,11,서울특별시,11560,영등포구,1156011000,여의도동,19,15,5,40,734.1
20260224,11,서울특별시,11590,동작구,11,서울특별시,11560,영등포구,1156011000,여의도동,19,30,8,41,859.37
20260224,11,서울특별시,11590,동작구,11,서울특별시,11560,영등포구,1156011000,여의도동,19,45,7,38,669.11
20260224,11,서울특별시,11590,동작구,11,서울특별시,11560,영등포구,1156011000,여의도동,20,00,6,21,807.71
20260224,11,서울특별시,11590,동작구,11,서울특별시,11560,영등포구,1156011000,여의도동,20,15,7,31,1008.0
20260224,11,서울특별시,11590,동작구,11,서울특별시,11560,영등포구,1156011000,여의도동,20,30,8,33,871.33
20260224,11,서울특별시,11590,동작구,11,서울특별시,11560,영등포구,1156011000,여의도동,20,45,6,22,996.73
20260224,11,서울특별시,11590,동작구,11,서울특별시,11560,영등포구,1156011000,여의도동,21,00,6,23,769.91
20260224,11,서울특별시,11590,동작구,11,서울특별시,11560,영등포구,1156011000,여의도동,21,15,6,21,643.43
20260224,11,서울특별시,11590,동작구,11,서울특별시,11560,영등포구,1156011000,여의도동,21,30,6,13,967.15
20260224,11,서울특별시,11590,동작구,11,서울특별시,11560,영등포구,1156011000,여의도동,21,45,7,19,684.37
20260224,11,서울특별시,11590,동작구,11,서울특별시,11560,영등포구,1156011000,여의도동,22,00,8,40,907.6
20260224,11,서울특별시,11590,동작구,11,서울특별시,11560,영등포구,1156011000,여의도동,22,15,6,18,805.39
20260224,11,서울특별시,11590,동작구,11,서울특별시,11560,영등포구,1156011000,여의도동,22,30,3,11,568.09
20260224,11,서울특별시,11590,동작구,11,서울특별시,11560,영등포구,1156011000,여의도동,22,45,4,15,750.8
20260224,11,서울특별시,11590,동작구,11,서울특별시,11560,영등포구,1156011000,여의도동,23,00,6,9,717.33
20260224,11,서울특별시,11590,동작구,11,서울특별시,11560,영등포구,1156011000,여의도동,23,15,4,7,1046.43
20260224,11,서울특별시,11590,동작구,11,서울특별시,11560,영등포구,1156011000,여의도동,23,30,2,7,437.86
20260224,11,서울특별시,11590,동작구,11,서울특별시,11560,영등포구,1156011000,여의도동,23,45,3,3,523.67
20260224,11,서울특별시,11620,관악구,11,서울특별시,11560,영등포구,1156011000,여의도동,00,00,1,2,1747.0
20260224,11,서울특별시,11620,관악구,11,서울특별시,11560,영등포구,1156011000,여의도동,00,15,1,2,1638.0
20260224,11,서울특별시,11620,관악구,11,서울특별시,11560,영등포구,1156011000,여의도동,04,00,1,11,2219.0
20260224,11,서울특별시,11620,관악구,11,서울특별시,11560,영등포구,1156011000,여의도동,04,15,2,15,1901.0
20260224,11,서울특별시,11620,관악구,11,서울특별시,11560,영등포구,1156011000,여의도동,04,30,2,15,1746.93
20260224,11,서울특별시,11620,관악구,11,서울특별시,11560,영등포구,1156011000,여의도동,04,45,3,15,1907.8
20260224,11,서울특별시,11620,관악구,11,서울특별시,11560,영등포구,1156011000,여의도동,05,00,2,18,2259.11
20260224,11,서울특별시,11620,관악구,11,서울특별시,11560,영등포구,1156011000,여의도동,05,15,2,40,1701.5
20260224,11,서울특별시,11620,관악구,11,서울특별시,11560,영등포구,1156011000,여의도동,05,30,2,40,1514.2
20260224,11,서울특별시,11620,관악구,11,서울특별시,11560,영등포구,1156011000,여의도동,05,45,2,48,1639.9
20260224,11,서울특별시,11620,관악구,11,서울특별시,11560,영등포구,1156011000,여의도동,06,00,2,58,1838.93
20260224,11,서울특별시,11620,관악구,11,서울특별시,11560,영등포구,1156011000,여의도동,06,15,3,71,1562.77
20260224,11,서울특별시,11620,관악구,11,서울특별시,11560,영등포구,1156011000,여의도동,06,30,2,89,1615.44
20260224,11,서울특별시,11620,관악구,11,서울특별시,11560,영등포구,1156011000,여의도동,06,45,3,164,1688.73
20260224,11,서울특별시,11620,관악구,11,서울특별시,11560,영등포구,1156011000,여의도동,07,00,2,264,1704.7
20260224,11,서울특별시,11620,관악구,11,서울특별시,11560,영등포구,1156011000,여의도동,07,15,3,329,1631.1
20260224,11,서울특별시,11620,관악구,11,서울특별시,11560,영등포구,1156011000,여의도동,07,30,3,341,1744.93
20260224,11,서울특별시,11620,관악구,11,서울특별시,11560,영등포구,1156011000,여의도동,07,45,3,393,1709.28
20260224,11,서울특별시,11620,관악구,11,서울특별시,11560,영등포구,1156011000,여의도동,08,00,3,469,1759.76
20260224,11,서울특별시,11620,관악구,11,서울특별시,11560,영등포구,1156011000,여의도동,08,15,3,431,1553.21
20260224,11,서울특별시,11620,관악구,11,서울특별시,11560,영등포구,1156011000,여의도동,08,30,2,253,1546.48
20260224,11,서울특별시,11620,관악구,11,서울특별시,11560,영등포구,1156011000,여의도동,08,45,2,215,1581.39
20260224,11,서울특별시,11620,관악구,11,서울특별시,11560,영등포구,1156011000,여의도동,09,00,3,193,1582.36
20260224,11,서울특별시,11620,관악구,11,서울특별시,11560,영등포구,1156011000,여의도동,09,15,3,186,1501.42
20260224,11,서울특별시,11620,관악구,11,서울특별시,11560,영등포구,1156011000,여의도동,09,30,2,107,1542.25
20260224,11,서울특별시,11620,관악구,11,서울특별시,11560,영등포구,1156011000,여의도동,09,45,2,92,1695.16
20260224,11,서울특별시,11620,관악구,11,서울특별시,11560,영등포구,1156011000,여의도동,10,00,2,107,1695.95
20260224,11,서울특별시,11620,관악구,11,서울특별시,11560,영등포구,1156011000,여의도동,10,15,2,118,1955.32
20260224,11,서울특별시,11620,관악구,11,서울특별시,11560,영등포구,1156011000,여의도동,10,30,2,96,1797.29
20260224,11,서울특별시,11620,관악구,11,서울특별시,11560,영등포구,1156011000,여의도동,10,45,2,50,1793.56
20260224,11,서울특별시,11620,관악구,11,서울특별시,11560,영등포구,1156011000,여의도동,11,00,2,68,1642.71
20260224,11,서울특별시,11620,관악구,11,서울특별시,11560,영등포구,1156011000,여의도동,11,15,2,46,1572.48
20260224,11,서울특별시,11620,관악구,11,서울특별시,11560,영등포구,1156011000,여의도동,11,30,2,24,1583.25
20260224,11,서울특별시,11620,관악구,11,서울특별시,11560,영등포구,1156011000,여의도동,11,45,2,23,1516.0
20260224,11,서울특별시,11620,관악구,11,서울특별시,11560,영등포구,1156011000,여의도동,12,00,2,38,1625.39
20260224,11,서울특별시,11620,관악구,11,서울특별시,11560,영등포구,1156011000,여의도동,12,15,2,49,1618.47
20260224,11,서울특별시,11620,관악구,11,서울특별시,11560,영등포구,1156011000,여의도동,12,30,2,39,1768.87
20260224,11,서울특별시,11620,관악구,11,서울특별시,11560,영등포구,1156011000,여의도동,12,45,2,34,1606.35
20260224,11,서울특별시,11620,관악구,11,서울특별시,11560,영등포구,1156011000,여의도동,13,00,2,59,1665.34
20260224,11,서울특별시,11620,관악구,11,서울특별시,11560,영등포구,1156011000,여의도동,13,15,2,46,1640.43
20260224,11,서울특별시,11620,관악구,11,서울특별시,11560,영등포구,1156011000,여의도동,13,30,3,35,1622.11
20260224,11,서울특별시,11620,관악구,11,서울특별시,11560,영등포구,1156011000,여의도동,13,45,2,47,1692.47
20260224,11,서울특별시,11620,관악구,11,서울특별시,11560,영등포구,1156011000,여의도동,14,00,2,51,1737.06
20260224,11,서울특별시,11620,관악구,11,서울특별시,11560,영등포구,1156011000,여의도동,14,15,2,28,1658.86
20260224,11,서울특별시,11620,관악구,11,서울특별시,11560,영등포구,1156011000,여의도동,14,30,2,22,1646.0
20260224,11,서울특별시,11620,관악구,11,서울특별시,11560,영등포구,1156011000,여의도동,14,45,2,27,1695.33
20260224,11,서울특별시,11620,관악구,11,서울특별시,11560,영등포구,1156011000,여의도동,15,00,2,21,1773.71
20260224,11,서울특별시,11620,관악구,11,서울특별시,11560,영등포구,1156011000,여의도동,15,15,2,34,1640.06
20260224,11,서울특별시,11620,관악구,11,서울특별시,11560,영등포구,1156011000,여의도동,15,30,2,29,1736.9
20260224,11,서울특별시,11620,관악구,11,서울특별시,11560,영등포구,1156011000,여의도동,15,45,2,24,1674.5
20260224,11,서울특별시,11620,관악구,11,서울특별시,11560,영등포구,1156011000,여의도동,16,00,2,36,1781.56
20260224,11,서울특별시,11620,관악구,11,서울특별시,11560,영등포구,1156011000,여의도동,16,15,2,34,1580.12
20260224,11,서울특별시,11620,관악구,11,서울특별시,11560,영등포구,1156011000,여의도동,16,30,2,36,1725.33
20260224,11,서울특별시,11620,관악구,11,서울특별시,11560,영등포구,1156011000,여의도동,16,45,2,34,1725.06
20260224,11,서울특별시,11620,관악구,11,서울특별시,11560,영등포구,1156011000,여의도동,17,00,2,41,1747.46
20260224,11,서울특별시,11620,관악구,11,서울특별시,11560,영등포구,1156011000,여의도동,17,15,2,38,1539.68
20260224,11,서울특별시,11620,관악구,11,서울특별시,11560,영등포구,1156011000,여의도동,17,30,2,40,1539.55
20260224,11,서울특별시,11620,관악구,11,서울특별시,11560,영등포구,1156011000,여의도동,17,45,3,49,1723.27
20260224,11,서울특별시,11620,관악구,11,서울특별시,11560,영등포구,1156011000,여의도동,18,00,2,40,1645.3
20260224,11,서울특별시,11620,관악구,11,서울특별시,11560,영등포구,1156011000,여의도동,18,15,3,40,1532.95
20260224,11,서울특별시,11620,관악구,11,서울특별시,11560,영등포구,1156011000,여의도동,18,30,2,25,1524.4
20260224,11,서울특별시,11620,관악구,11,서울특별시,11560,영등포구,1156011000,여의도동,18,45,2,24,1348.5
20260224,11,서울특별시,11620,관악구,11,서울특별시,11560,영등포구,1156011000,여의도동,19,00,2,14,1620.57
20260224,11,서울특별시,11620,관악구,11,서울특별시,11560,영등포구,1156011000,여의도동,19,15,3,23,1218.39
20260224,11,서울특별시,11620,관악구,11,서울특별시,11560,영등포구,1156011000,여의도동,19,30,2,14,1434.0
20260224,11,서울특별시,11620,관악구,11,서울특별시,11560,영등포구,1156011000,여의도동,19,45,2,18,1401.11
20260224,11,서울특별시,11620,관악구,11,서울특별시,11560,영등포구,1156011000,여의도동,20,00,2,20,1349.9
20260224,11,서울특별시,11620,관악구,11,서울특별시,11560,영등포구,1156011000,여의도동,20,15,2,10,1714.8
20260224,11,서울특별시,11620,관악구,11,서울특별시,11560,영등포구,1156011000,여의도동,20,30,2,12,1724.25
20260224,11,서울특별시,11620,관악구,11,서울특별시,11560,영등포구,1156011000,여의도동,20,45,2,15,1341.53
20260224,11,서울특별시,11620,관악구,11,서울특별시,11560,영등포구,1156011000,여의도동,21,00,2,7,1559.86
20260224,11,서울특별시,11620,관악구,11,서울특별시,11560,영등포구,1156011000,여의도동,21,15,2,8,1242.88
20260224,11,서울특별시,11620,관악구,11,서울특별시,11560,영등포구,1156011000,여의도동,21,30,2,15,1454.0
20260224,11,서울특별시,11620,관악구,11,서울특별시,11560,영등포구,1156011000,여의도동,21,45,2,12,1533.5
20260224,11,서울특별시,11620,관악구,11,서울특별시,11560,영등포구,1156011000,여의도동,22,00,2,9,1441.33
20260224,11,서울특별시,11620,관악구,11,서울특별시,11560,영등포구,1156011000,여의도동,22,15,2,5,1692.6
20260224,11,서울특별시,11620,관악구,11,서울특별시,11560,영등포구,1156011000,여의도동,22,30,2,6,1195.0
20260224,11,서울특별시,11620,관악구,11,서울특별시,11560,영등포구,1156011000,여의도동,22,45,1,1,1678.0
20260224,11,서울특별시,11620,관악구,11,서울특별시,11560,영등포구,1156011000,여의도동,23,00,1,3,1276.0
20260224,11,서울특별시,11620,관악구,11,서울특별시,11560,영등포구,1156011000,여의도동,23,15,2,2,1317.0
20260224,11,서울특별시,11620,관악구,11,서울특별시,11560,영등포구,1156011000,여의도동,23,30,1,2,1885.0
20260224,11,서울특별시,11620,관악구,11,서울특별시,11560,영등포구,1156011000,여의도동,23,45,1,2,1579.0
20260224,11,서울특별시,11650,서초구,11,서울특별시,11560,영등포구,1156011000,여의도동,00,00,2,2,1641.0
20260224,11,서울특별시,11650,서초구,11,서울특별시,11560,영등포구,1156011000,여의도동,04,30,1,1,1497.0
20260224,11,서울특별시,11650,서초구,11,서울특별시,11560,영등포구,1156011000,여의도동,04,45,1,1,2995.0
20260224,11,서울특별시,11650,서초구,11,서울특별시,11560,영등포구,1156011000,여의도동,05,00,6,8,2342.25
20260224,11,서울특별시,11650,서초구,11,서울특별시,11560,영등포구,1156011000,여의도동,05,15,3,6,1680.83
20260224,11,서울특별시,11650,서초구,11,서울특별시,11560,영등포구,1156011000,여의도동,05,30,5,9,1749.11
20260224,11,서울특별시,11650,서초구,11,서울특별시,11560,영등포구,1156011000,여의도동,05,45,6,16,2014.75
20260224,11,서울특별시,11650,서초구,11,서울특별시,11560,영등포구,1156011000,여의도동,06,00,7,30,1756.47
20260224,11,서울특별시,11650,서초구,11,서울특별시,11560,영등포구,1156011000,여의도동,06,15,8,49,1788.8
20260224,11,서울특별시,11650,서초구,11,서울특별시,11560,영등포구,1156011000,여의도동,06,30,7,78,1744.69
20260224,11,서울특별시,11650,서초구,11,서울특별시,11560,영등포구,1156011000,여의도동,06,45,8,139,1795.54
20260224,11,서울특별시,11650,서초구,11,서울특별시,11560,영등포구,1156011000,여의도동,07,00,9,228,1691.98
20260224,11,서울특별시,11650,서초구,11,서울특별시,11560,영등포구,1156011000,여의도동,07,15,8,289,1646.72
20260224,11,서울특별시,11650,서초구,11,서울특별시,11560,영등포구,1156011000,여의도동,07,30,7,237,1818.42
20260224,11,서울특별시,11650,서초구,11,서울특별시,11560,영등포구,1156011000,여의도동,07,45,9,267,1799.3
20260224,11,서울특별시,11650,서초구,11,서울특별시,11560,영등포구,1156011000,여의도동,08,00,8,305,1785.33
20260224,11,서울특별시,11650,서초구,11,서울특별시,11560,영등포구,1156011000,여의도동,08,15,7,249,1614.97
20260224,11,서울특별시,11650,서초구,11,서울특별시,11560,영등포구,1156011000,여의도동,08,30,8,162,1623.23
20260224,11,서울특별시,11650,서초구,11,서울특별시,11560,영등포구,1156011000,여의도동,08,45,8,126,1597.18
20260224,11,서울특별시,11650,서초구,11,서울특별시,11560,영등포구,1156011000,여의도동,09,00,7,116,1556.95
20260224,11,서울특별시,11650,서초구,11,서울특별시,11560,영등포구,1156011000,여의도동,09,15,7,118,1547.42
20260224,11,서울특별시,11650,서초구,11,서울특별시,11560,영등포구,1156011000,여의도동,09,30,7,82,1548.35
20260224,11,서울특별시,11650,서초구,11,서울특별시,11560,영등포구,1156011000,여의도동,09,45,6,52,1678.5
20260224,11,서울특별시,11650,서초구,11,서울특별시,11560,영등포구,1156011000,여의도동,10,00,5,73,1563.56
20260224,11,서울특별시,11650,서초구,11,서울특별시,11560,영등포구,1156011000,여의도동,10,15,6,59,1739.32
20260224,11,서울특별시,11650,서초구,11,서울특별시,11560,영등포구,1156011000,여의도동,10,30,7,69,1621.88
20260224,11,서울특별시,11650,서초구,11,서울특별시,11560,영등포구,1156011000,여의도동,10,45,7,72,1920.24
20260224,11,서울특별시,11650,서초구,11,서울특별시,11560,영등포구,1156011000,여의도동,11,00,7,63,1790.83
20260224,11,서울특별시,11650,서초구,11,서울특별시,11560,영등포구,1156011000,여의도동,11,15,7,45,1895.82
20260224,11,서울특별시,11650,서초구,11,서울특별시,11560,영등포구,1156011000,여의도동,11,30,6,47,1753.66
20260224,11,서울특별시,11650,서초구,11,서울특별시,11560,영등포구,1156011000,여의도동,11,45,5,66,1757.47
20260224,11,서울특별시,11650,서초구,11,서울특별시,11560,영등포구,1156011000,여의도동,12,00,7,60,2013.72
20260224,11,서울특별시,11650,서초구,11,서울특별시,11560,영등포구,1156011000,여의도동,12,15,6,64,1720.61
20260224,11,서울특별시,11650,서초구,11,서울특별시,11560,영등포구,1156011000,여의도동,12,30,6,72,1768.97
20260224,11,서울특별시,11650,서초구,11,서울특별시,11560,영등포구,1156011000,여의도동,12,45,6,92,1729.78
20260224,11,서울특별시,11650,서초구,11,서울특별시,11560,영등포구,1156011000,여의도동,13,00,6,60,1879.02
20260224,11,서울특별시,11650,서초구,11,서울특별시,11560,영등포구,1156011000,여의도동,13,15,5,73,1751.07
20260224,11,서울특별시,11650,서초구,11,서울특별시,11560,영등포구,1156011000,여의도동,13,30,7,69,1627.62
20260224,11,서울특별시,11650,서초구,11,서울특별시,11560,영등포구,1156011000,여의도동,13,45,4,47,1814.72
20260224,11,서울특별시,11650,서초구,11,서울특별시,11560,영등포구,1156011000,여의도동,14,00,5,58,1829.62
20260224,11,서울특별시,11650,서초구,11,서울특별시,11560,영등포구,1156011000,여의도동,14,15,6,56,1859.61
20260224,11,서울특별시,11650,서초구,11,서울특별시,11560,영등포구,1156011000,여의도동,14,30,7,56,2039.91
20260224,11,서울특별시,11650,서초구,11,서울특별시,11560,영등포구,1156011000,여의도동,14,45,5,52,1997.79
20260224,11,서울특별시,11650,서초구,11,서울특별시,11560,영등포구,1156011000,여의도동,15,00,6,54,1964.31
20260224,11,서울특별시,11650,서초구,11,서울특별시,11560,영등포구,1156011000,여의도동,15,15,5,49,1830.37
20260224,11,서울특별시,11650,서초구,11,서울특별시,11560,영등포구,1156011000,여의도동,15,30,7,55,1985.02
20260224,11,서울특별시,11650,서초구,11,서울특별시,11560,영등포구,1156011000,여의도동,15,45,7,56,1982.91
20260224,11,서울특별시,11650,서초구,11,서울특별시,11560,영등포구,1156011000,여의도동,16,00,5,58,1944.84
20260224,11,서울특별시,11650,서초구,11,서울특별시,11560,영등포구,1156011000,여의도동,16,15,7,60,1883.08
20260224,11,서울특별시,11650,서초구,11,서울특별시,11560,영등포구,1156011000,여의도동,16,30,7,64,1942.5
20260224,11,서울특별시,11650,서초구,11,서울특별시,11560,영등포구,1156011000,여의도동,16,45,6,63,1953.38
20260224,11,서울특별시,11650,서초구,11,서울특별시,11560,영등포구,1156011000,여의도동,17,00,8,54,2016.02
20260224,11,서울특별시,11650,서초구,11,서울특별시,11560,영등포구,1156011000,여의도동,17,15,6,77,1974.01
20260224,11,서울특별시,11650,서초구,11,서울특별시,11560,영등포구,1156011000,여의도동,17,30,7,55,2025.75
20260224,11,서울특별시,11650,서초구,11,서울특별시,11560,영등포구,1156011000,여의도동,17,45,5,60,2044.5
20260224,11,서울특별시,11650,서초구,11,서울특별시,11560,영등포구,1156011000,여의도동,18,00,6,75,1964.71
20260224,11,서울특별시,11650,서초구,11,서울특별시,11560,영등포구,1156011000,여의도동,18,15,6,64,2061.59
20260224,11,서울특별시,11650,서초구,11,서울특별시,11560,영등포구,1156011000,여의도동,18,30,6,39,1902.62
20260224,11,서울특별시,11650,서초구,11,서울특별시,11560,영등포구,1156011000,여의도동,18,45,6,36,1837.06
20260224,11,서울특별시,11650,서초구,11,서울특별시,11560,영등포구,1156011000,여의도동,19,00,6,45,1611.27
20260224,11,서울특별시,11650,서초구,11,서울특별시,11560,영등포구,1156011000,여의도동,19,15,4,16,1821.94
20260224,11,서울특별시,11650,서초구,11,서울특별시,11560,영등포구,1156011000,여의도동,19,30,6,23,1714.35
20260224,11,서울특별시,11650,서초구,11,서울특별시,11560,영등포구,1156011000,여의도동,19,45,5,16,1463.81
20260224,11,서울특별시,11650,서초구,11,서울특별시,11560,영등포구,1156011000,여의도동,20,00,4,26,1515.96
20260224,11,서울특별시,11650,서초구,11,서울특별시,11560,영등포구,1156011000,여의도동,20,15,6,20,1731.35
20260224,11,서울특별시,11650,서초구,11,서울특별시,11560,영등포구,1156011000,여의도동,20,30,5,30,1339.9
20260224,11,서울특별시,11650,서초구,11,서울특별시,11560,영등포구,1156011000,여의도동,20,45,3,14,1731.07
20260224,11,서울특별시,11650,서초구,11,서울특별시,11560,영등포구,1156011000,여의도동,21,00,4,12,1851.08
20260224,11,서울특별시,11650,서초구,11,서울특별시,11560,영등포구,1156011000,여의도동,21,15,5,23,1900.96
20260224,11,서울특별시,11650,서초구,11,서울특별시,11560,영등포구,1156011000,여의도동,21,30,4,12,1653.5
20260224,11,서울특별시,11650,서초구,11,서울특별시,11560,영등포구,1156011000,여의도동,21,45,5,17,1830.82
20260224,11,서울특별시,11650,서초구,11,서울특별시,11560,영등포구,1156011000,여의도동,22,00,5,16,1754.94
20260224,11,서울특별시,11650,서초구,11,서울특별시,11560,영등포구,1156011000,여의도동,22,15,5,12,1851.58
20260224,11,서울특별시,11650,서초구,11,서울특별시,11560,영등포구,1156011000,여의도동,22,30,4,8,1607.62
20260224,11,서울특별시,11650,서초구,11,서울특별시,11560,영등포구,1156011000,여의도동,22,45,3,5,1346.8
20260224,11,서울특별시,11650,서초구,11,서울특별시,11560,영등포구,1156011000,여의도동,23,00,2,3,1645.33
20260224,11,서울특별시,11650,서초구,11,서울특별시,11560,영등포구,1156011000,여의도동,23,15,2,4,1668.0
20260224,11,서울특별시,11650,서초구,11,서울특별시,11560,영등포구,1156011000,여의도동,23,30,4,6,1816.83
20260224,11,서울특별시,11650,서초구,11,서울특별시,11560,영등포구,1156011000,여의도동,23,45,2,2,2409.5
20260224,11,서울특별시,11680,강남구,11,서울특별시,11560,영등포구,1156011000,여의도동,00,00,4,5,2124.8
20260224,11,서울특별시,11680,강남구,11,서울특별시,11560,영등포구,1156011000,여의도동,00,15,2,2,1455.0
20260224,11,서울특별시,11680,강남구,11,서울특별시,11560,영등포구,1156011000,여의도동,00,30,2,6,1621.67
20260224,11,서울특별시,11680,강남구,11,서울특별시,11560,영등포구,1156011000,여의도동,00,45,1,1,2871.0
20260224,11,서울특별시,11680,강남구,11,서울특별시,11560,영등포구,1156011000,여의도동,04,30,2,2,2593.0
20260224,11,서울특별시,11680,강남구,11,서울특별시,11560,영등포구,1156011000,여의도동,04,45,4,5,2806.8
20260224,11,서울특별시,11680,강남구,11,서울특별시,11560,영등포구,1156011000,여의도동,05,00,3,4,3127.0
20260224,11,서울특별시,11680,강남구,11,서울특별시,11560,영등포구,1156011000,여의도동,05,15,8,20,2510.7
20260224,11,서울특별시,11680,강남구,11,서울특별시,11560,영등포구,1156011000,여의도동,05,30,9,23,2422.22
20260224,11,서울특별시,11680,강남구,11,서울특별시,11560,영등포구,1156011000,여의도동,05,45,11,25,2649.8
20260224,11,서울특별시,11680,강남구,11,서울특별시,11560,영등포구,1156011000,여의도동,06,00,11,59,2209.59
20260224,11,서울특별시,11680,강남구,11,서울특별시,11560,영등포구,1156011000,여의도동,06,15,12,94,2327.03
20260224,11,서울특별시,11680,강남구,11,서울특별시,11560,영등포구,1156011000,여의도동,06,30,12,167,2323.28
20260224,11,서울특별시,11680,강남구,11,서울특별시,11560,영등포구,1156011000,여의도동,06,45,14,275,2298.31
20260224,11,서울특별시,11680,강남구,11,서울특별시,11560,영등포구,1156011000,여의도동,07,00,13,336,2194.06
20260224,11,서울특별시,11680,강남구,11,서울특별시,11560,영등포구,1156011000,여의도동,07,15,14,305,2241.87
20260224,11,서울특별시,11680,강남구,11,서울특별시,11560,영등포구,1156011000,여의도동,07,30,14,352,2361.12
20260224,11,서울특별시,11680,강남구,11,서울특별시,11560,영등포구,1156011000,여의도동,07,45,14,373,2338.7
20260224,11,서울특별시,11680,강남구,11,서울특별시,11560,영등포구,1156011000,여의도동,08,00,12,339,2112.65
20260224,11,서울특별시,11680,강남구,11,서울특별시,11560,영등포구,1156011000,여의도동,08,15,13,254,1955.19
20260224,11,서울특별시,11680,강남구,11,서울특별시,11560,영등포구,1156011000,여의도동,08,30,13,176,2010.77
20260224,11,서울특별시,11680,강남구,11,서울특별시,11560,영등포구,1156011000,여의도동,08,45,12,141,2052.27
20260224,11,서울특별시,11680,강남구,11,서울특별시,11560,영등포구,1156011000,여의도동,09,00,12,129,2030.47
20260224,11,서울특별시,11680,강남구,11,서울특별시,11560,영등포구,1156011000,여의도동,09,15,12,125,1989.26
20260224,11,서울특별시,11680,강남구,11,서울특별시,11560,영등포구,1156011000,여의도동,09,30,9,76,1951.68
20260224,11,서울특별시,11680,강남구,11,서울특별시,11560,영등포구,1156011000,여의도동,09,45,11,52,2055.9
20260224,11,서울특별시,11680,강남구,11,서울특별시,11560,영등포구,1156011000,여의도동,10,00,10,78,2190.99
20260224,11,서울특별시,11680,강남구,11,서울특별시,11560,영등포구,1156011000,여의도동,10,15,10,73,2093.3
20260224,11,서울특별시,11680,강남구,11,서울특별시,11560,영등포구,1156011000,여의도동,10,30,11,91,1972.73
20260224,11,서울특별시,11680,강남구,11,서울특별시,11560,영등포구,1156011000,여의도동,10,45,10,98,2050.97
20260224,11,서울특별시,11680,강남구,11,서울특별시,11560,영등포구,1156011000,여의도동,11,00,9,91,2001.11
20260224,11,서울특별시,11680,강남구,11,서울특별시,11560,영등포구,1156011000,여의도동,11,15,12,73,2058.0
20260224,11,서울특별시,11680,강남구,11,서울특별시,11560,영등포구,1156011000,여의도동,11,30,11,57,2226.47
20260224,11,서울특별시,11680,강남구,11,서울특별시,11560,영등포구,1156011000,여의도동,11,45,11,61,2276.26
20260224,11,서울특별시,11680,강남구,11,서울특별시,11560,영등포구,1156011000,여의도동,12,00,11,85,2259.44
20260224,11,서울특별시,11680,강남구,11,서울특별시,11560,영등포구,1156011000,여의도동,12,15,12,96,2159.27
20260224,11,서울특별시,11680,강남구,11,서울특별시,11560,영등포구,1156011000,여의도동,12,30,11,89,2088.07
20260224,11,서울특별시,11680,강남구,11,서울특별시,11560,영등포구,1156011000,여의도동,12,45,12,127,2045.55
20260224,11,서울특별시,11680,강남구,11,서울특별시,11560,영등포구,1156011000,여의도동,13,00,11,155,2221.97
20260224,11,서울특별시,11680,강남구,11,서울특별시,11560,영등포구,1156011000,여의도동,13,15,11,115,2013.59
20260224,11,서울특별시,11680,강남구,11,서울특별시,11560,영등포구,1156011000,여의도동,13,30,11,90,2047.63
20260224,11,서울특별시,11680,강남구,11,서울특별시,11560,영등포구,1156011000,여의도동,13,45,9,75,2142.63
20260224,11,서울특별시,11680,강남구,11,서울특별시,11560,영등포구,1156011000,여의도동,14,00,10,98,2074.54
20260224,11,서울특별시,11680,강남구,11,서울특별시,11560,영등포구,1156011000,여의도동,14,15,8,97,2017.89
20260224,11,서울특별시,11680,강남구,11,서울특별시,11560,영등포구,1156011000,여의도동,14,30,11,103,2270.76
20260224,11,서울특별시,11680,강남구,11,서울특별시,11560,영등포구,1156011000,여의도동,14,45,9,86,2174.35
20260224,11,서울특별시,11680,강남구,11,서울특별시,11560,영등포구,1156011000,여의도동,15,00,8,104,2253.74
20260224,11,서울특별시,11680,강남구,11,서울특별시,11560,영등포구,1156011000,여의도동,15,15,8,109,2002.99
20260224,11,서울특별시,11680,강남구,11,서울특별시,11560,영등포구,1156011000,여의도동,15,30,11,89,2086.33
20260224,11,서울특별시,11680,강남구,11,서울특별시,11560,영등포구,1156011000,여의도동,15,45,10,100,2236.41
20260224,11,서울특별시,11680,강남구,11,서울특별시,11560,영등포구,1156011000,여의도동,16,00,10,110,2128.85
20260224,11,서울특별시,11680,강남구,11,서울특별시,11560,영등포구,1156011000,여의도동,16,15,11,96,2233.66
20260224,11,서울특별시,11680,강남구,11,서울특별시,11560,영등포구,1156011000,여의도동,16,30,11,116,2269.86
20260224,11,서울특별시,11680,강남구,11,서울특별시,11560,영등포구,1156011000,여의도동,16,45,10,98,2117.97
20260224,11,서울특별시,11680,강남구,11,서울특별시,11560,영등포구,1156011000,여의도동,17,00,11,151,2166.28
20260224,11,서울특별시,11680,강남구,11,서울특별시,11560,영등포구,1156011000,여의도동,17,15,11,166,2298.36
20260224,11,서울특별시,11680,강남구,11,서울특별시,11560,영등포구,1156011000,여의도동,17,30,9,153,2122.95
20260224,11,서울특별시,11680,강남구,11,서울특별시,11560,영등포구,1156011000,여의도동,17,45,9,144,2051.19
20260224,11,서울특별시,11680,강남구,11,서울특별시,11560,영등포구,1156011000,여의도동,18,00,10,194,2238.84
20260224,11,서울특별시,11680,강남구,11,서울특별시,11560,영등포구,1156011000,여의도동,18,15,9,170,2168.03
20260224,11,서울특별시,11680,강남구,11,서울특별시,11560,영등포구,1156011000,여의도동,18,30,8,123,1936.18
20260224,11,서울특별시,11680,강남구,11,서울특별시,11560,영등포구,1156011000,여의도동,18,45,9,95,2047.79
20260224,11,서울특별시,11680,강남구,11,서울특별시,11560,영등포구,1156011000,여의도동,19,00,9,101,1983.55
20260224,11,서울특별시,11680,강남구,11,서울특별시,11560,영등포구,1156011000,여의도동,19,15,7,66,1920.88
20260224,11,서울특별시,11680,강남구,11,서울특별시,11560,영등포구,1156011000,여의도동,19,30,8,50,1843.92
20260224,11,서울특별시,11680,강남구,11,서울특별시,11560,영등포구,1156011000,여의도동,19,45,7,41,1997.49
20260224,11,서울특별시,11680,강남구,11,서울특별시,11560,영등포구,1156011000,여의도동,20,00,7,41,1981.07
20260224,11,서울특별시,11680,강남구,11,서울특별시,11560,영등포구,1156011000,여의도동,20,15,8,41,2133.44
20260224,11,서울특별시,11680,강남구,11,서울특별시,11560,영등포구,1156011000,여의도동,20,30,8,49,1928.98
20260224,11,서울특별시,11680,강남구,11,서울특별시,11560,영등포구,1156011000,여의도동,20,45,7,34,1786.29
20260224,11,서울특별시,11680,강남구,11,서울특별시,11560,영등포구,1156011000,여의도동,21,00,8,47,2004.94
20260224,11,서울특별시,11680,강남구,11,서울특별시,11560,영등포구,1156011000,여의도동,21,15,7,40,2222.88
20260224,11,서울특별시,11680,강남구,11,서울특별시,11560,영등포구,1156011000,여의도동,21,30,6,44,1952.39
20260224,11,서울특별시,11680,강남구,11,서울특별시,11560,영등포구,1156011000,여의도동,21,45,7,36,1962.97
20260224,11,서울특별시,11680,강남구,11,서울특별시,11560,영등포구,1156011000,여의도동,22,00,8,43,2191.16
20260224,11,서울특별시,11680,강남구,11,서울특별시,11560,영등포구,1156011000,여의도동,22,15,6,32,1902.59
20260224,11,서울특별시,11680,강남구,11,서울특별시,11560,영등포구,1156011000,여의도동,22,30,6,13,1837.0
20260224,11,서울특별시,11680,강남구,11,서울특별시,11560,영등포구,1156011000,여의도동,22,45,5,11,2051.36
20260224,11,서울특별시,11680,강남구,11,서울특별시,11560,영등포구,1156011000,여의도동,23,00,2,8,1812.25
20260224,11,서울특별시,11680,강남구,11,서울특별시,11560,영등포구,1156011000,여의도동,23,15,3,8,1997.88
20260224,11,서울특별시,11680,강남구,11,서울특별시,11560,영등포구,1156011000,여의도동,23,30,5,7,2424.43
20260224,11,서울특별시,11680,강남구,11,서울특별시,11560,영등포구,1156011000,여의도동,23,45,2,6,1823.33
20260224,11,서울특별시,11710,송파구,11,서울특별시,11560,영등포구,1156011000,여의도동,00,00,2,2,2290.0
20260224,11,서울특별시,11710,송파구,11,서울특별시,11560,영등포구,1156011000,여의도동,04,15,1,1,3812.0
20260224,11,서울특별시,11710,송파구,11,서울특별시,11560,영등포구,1156011000,여의도동,04,30,1,1,4381.0
20260224,11,서울특별시,11710,송파구,11,서울특별시,11560,영등포구,1156011000,여의도동,04,45,1,1,4638.0
20260224,11,서울특별시,11710,송파구,11,서울특별시,11560,영등포구,1156011000,여의도동,05,00,5,7,3594.57
20260224,11,서울특별시,11710,송파구,11,서울특별시,11560,영등포구,1156011000,여의도동,05,15,10,24,3291.75
20260224,11,서울특별시,11710,송파구,11,서울특별시,11560,영등포구,1156011000,여의도동,05,30,11,23,3053.65
20260224,11,서울특별시,11710,송파구,11,서울특별시,11560,영등포구,1156011000,여의도동,05,45,11,56,2785.88
20260224,11,서울특별시,11710,송파구,11,서울특별시,11560,영등포구,1156011000,여의도동,06,00,13,75,2871.56
20260224,11,서울특별시,11710,송파구,11,서울특별시,11560,영등포구,1156011000,여의도동,06,15,13,136,3006.33
20260224,11,서울특별시,11710,송파구,11,서울특별시,11560,영등포구,1156011000,여의도동,06,30,13,217,2910.92
20260224,11,서울특별시,11710,송파구,11,서울특별시,11560,영등포구,1156011000,여의도동,06,45,13,355,2801.01
20260224,11,서울특별시,11710,송파구,11,서울특별시,11560,영등포구,1156011000,여의도동,07,00,13,385,2760.08
20260224,11,서울특별시,11710,송파구,11,서울특별시,11560,영등포구,1156011000,여의도동,07,15,13,359,2840.03
20260224,11,서울특별시,11710,송파구,11,서울특별시,11560,영등포구,1156011000,여의도동,07,30,13,428,2820.18
20260224,11,서울특별시,11710,송파구,11,서울특별시,11560,영등포구,1156011000,여의도동,07,45,13,458,2677.78
20260224,11,서울특별시,11710,송파구,11,서울특별시,11560,영등포구,1156011000,여의도동,08,00,12,356,2449.32
20260224,11,서울특별시,11710,송파구,11,서울특별시,11560,영등포구,1156011000,여의도동,08,15,13,203,2505.89
20260224,11,서울특별시,11710,송파구,11,서울특별시,11560,영등포구,1156011000,여의도동,08,30,13,166,2655.81
20260224,11,서울특별시,11710,송파구,11,서울특별시,11560,영등포구,1156011000,여의도동,08,45,12,130,2588.15
20260224,11,서울특별시,11710,송파구,11,서울특별시,11560,영등포구,1156011000,여의도동,09,00,12,121,2519.29
20260224,11,서울특별시,11710,송파구,11,서울특별시,11560,영등포구,1156011000,여의도동,09,15,12,78,2557.55
20260224,11,서울특별시,11710,송파구,11,서울특별시,11560,영등포구,1156011000,여의도동,09,30,12,71,2726.55
20260224,11,서울특별시,11710,송파구,11,서울특별시,11560,영등포구,1156011000,여의도동,09,45,10,64,2706.53
20260224,11,서울특별시,11710,송파구,11,서울특별시,11560,영등포구,1156011000,여의도동,10,00,12,42,2656.95
20260224,11,서울특별시,11710,송파구,11,서울특별시,11560,영등포구,1156011000,여의도동,10,15,11,45,2646.31
20260224,11,서울특별시,11710,송파구,11,서울특별시,11560,영등포구,1156011000,여의도동,10,30,9,46,2852.91
20260224,11,서울특별시,11710,송파구,11,서울특별시,11560,영등포구,1156011000,여의도동,10,45,10,39,2626.38
20260224,11,서울특별시,11710,송파구,11,서울특별시,11560,영등포구,1156011000,여의도동,11,00,11,41,2683.73
20260224,11,서울특별시,11710,송파구,11,서울특별시,11560,영등포구,1156011000,여의도동,11,15,8,24,2723.08
20260224,11,서울특별시,11710,송파구,11,서울특별시,11560,영등포구,1156011000,여의도동,11,30,10,26,3062.38
20260224,11,서울특별시,11710,송파구,11,서울특별시,11560,영등포구,1156011000,여의도동,11,45,11,26,2894.73
20260224,11,서울특별시,11710,송파구,11,서울특별시,11560,영등포구,1156011000,여의도동,12,00,12,36,2960.14
20260224,11,서울특별시,11710,송파구,11,서울특별시,11560,영등포구,1156011000,여의도동,12,15,9,34,2859.35
20260224,11,서울특별시,11710,송파구,11,서울특별시,11560,영등포구,1156011000,여의도동,12,30,11,51,2793.82
20260224,11,서울특별시,11710,송파구,11,서울특별시,11560,영등포구,1156011000,여의도동,12,45,12,37,2795.59
20260224,11,서울특별시,11710,송파구,11,서울특별시,11560,영등포구,1156011000,여의도동,13,00,8,36,2666.89
20260224,11,서울특별시,11710,송파구,11,서울특별시,11560,영등포구,1156011000,여의도동,13,15,13,36,2696.17
20260224,11,서울특별시,11710,송파구,11,서울특별시,11560,영등포구,1156011000,여의도동,13,30,10,25,2935.4
20260224,11,서울특별시,11710,송파구,11,서울특별시,11560,영등포구,1156011000,여의도동,13,45,11,33,2683.7
20260224,11,서울특별시,11710,송파구,11,서울특별시,11560,영등포구,1156011000,여의도동,14,00,10,28,2806.86
20260224,11,서울특별시,11710,송파구,11,서울특별시,11560,영등포구,1156011000,여의도동,14,15,9,21,3014.62
20260224,11,서울특별시,11710,송파구,11,서울특별시,11560,영등포구,1156011000,여의도동,14,30,9,27,2954.96
20260224,11,서울특별시,11710,송파구,11,서울특별시,11560,영등포구,1156011000,여의도동,14,45,9,30,3165.57
20260224,11,서울특별시,11710,송파구,11,서울특별시,11560,영등포구,1156011000,여의도동,15,00,10,34,3004.56
20260224,11,서울특별시,11710,송파구,11,서울특별시,11560,영등포구,1156011000,여의도동,15,15,8,23,2948.0
20260224,11,서울특별시,11710,송파구,11,서울특별시,11560,영등포구,1156011000,여의도동,15,30,7,25,2410.68
20260224,11,서울특별시,11710,송파구,11,서울특별시,11560,영등포구,1156011000,여의도동,15,45,11,33,2660.85
20260224,11,서울특별시,11710,송파구,11,서울특별시,11560,영등포구,1156011000,여의도동,16,00,10,31,2652.52
20260224,11,서울특별시,11710,송파구,11,서울특별시,11560,영등포구,1156011000,여의도동,16,15,8,22,2493.64
20260224,11,서울특별시,11710,송파구,11,서울특별시,11560,영등포구,1156011000,여의도동,16,30,11,30,2954.33
20260224,11,서울특별시,11710,송파구,11,서울특별시,11560,영등포구,1156011000,여의도동,16,45,10,31,3009.58
20260224,11,서울특별시,11710,송파구,11,서울특별시,11560,영등포구,1156011000,여의도동,17,00,11,39,3004.9
20260224,11,서울특별시,11710,송파구,11,서울특별시,11560,영등포구,1156011000,여의도동,17,15,6,33,2754.67
20260224,11,서울특별시,11710,송파구,11,서울특별시,11560,영등포구,1156011000,여의도동,17,30,6,28,2744.21
20260224,11,서울특별시,11710,송파구,11,서울특별시,11560,영등포구,1156011000,여의도동,17,45,11,31,2878.45
20260224,11,서울특별시,11710,송파구,11,서울특별시,11560,영등포구,1156011000,여의도동,18,00,11,48,2775.17
20260224,11,서울특별시,11710,송파구,11,서울특별시,11560,영등포구,1156011000,여의도동,18,15,8,28,2581.64
20260224,11,서울특별시,11710,송파구,11,서울특별시,11560,영등포구,1156011000,여의도동,18,30,9,19,2972.84
20260224,11,서울특별시,11710,송파구,11,서울특별시,11560,영등포구,1156011000,여의도동,18,45,8,21,2970.95
20260224,11,서울특별시,11710,송파구,11,서울특별시,11560,영등포구,1156011000,여의도동,19,00,7,17,2559.59
20260224,11,서울특별시,11710,송파구,11,서울특별시,11560,영등포구,1156011000,여의도동,19,15,8,16,2796.31
20260224,11,서울특별시,11710,송파구,11,서울특별시,11560,영등포구,1156011000,여의도동,19,30,5,5,2749.8
20260224,11,서울특별시,11710,송파구,11,서울특별시,11560,영등포구,1156011000,여의도동,19,45,8,10,2832.6
20260224,11,서울특별시,11710,송파구,11,서울특별시,11560,영등포구,1156011000,여의도동,20,00,5,8,2753.62
20260224,11,서울특별시,11710,송파구,11,서울특별시,11560,영등포구,1156011000,여의도동,20,15,4,7,2696.43
20260224,11,서울특별시,11710,송파구,11,서울특별시,11560,영등포구,1156011000,여의도동,20,30,7,12,2669.75
20260224,11,서울특별시,11710,송파구,11,서울특별시,11560,영등포구,1156011000,여의도동,20,45,3,5,2467.8
20260224,11,서울특별시,11710,송파구,11,서울특별시,11560,영등포구,1156011000,여의도동,21,00,5,7,2879.71
20260224,11,서울특별시,11710,송파구,11,서울특별시,11560,영등포구,1156011000,여의도동,21,15,7,16,2822.19
20260224,11,서울특별시,11710,송파구,11,서울특별시,11560,영등포구,1156011000,여의도동,21,30,4,6,2984.5
20260224,11,서울특별시,11710,송파구,11,서울특별시,11560,영등포구,1156011000,여의도동,21,45,2,8,2414.88
20260224,11,서울특별시,11710,송파구,11,서울특별시,11560,영등포구,1156011000,여의도동,22,00,4,4,2503.75
20260224,11,서울특별시,11710,송파구,11,서울특별시,11560,영등포구,1156011000,여의도동,22,15,2,5,3034.6
20260224,11,서울특별시,11710,송파구,11,서울특별시,11560,영등포구,1156011000,여의도동,22,30,1,1,3637.0
20260224,11,서울특별시,11710,송파구,11,서울특별시,11560,영등포구,1156011000,여의도동,22,45,1,1,2951.0
20260224,11,서울특별시,11710,송파구,11,서울특별시,11560,영등포구,1156011000,여의도동,23,00,3,3,4465.67
20260224,11,서울특별시,11710,송파구,11,서울특별시,11560,영등포구,1156011000,여의도동,23,30,2,2,2110.0
20260224,11,서울특별시,11710,송파구,11,서울특별시,11560,영등포구,1156011000,여의도동,23,45,2,2,2311.5
20260224,11,서울특별시,11740,강동구,11,서울특별시,11560,영등포구,1156011000,여의도동,04,00,1,1,3561.0
20260224,11,서울특별시,11740,강동구,11,서울특별시,11560,영등포구,1156011000,여의도동,04,30,1,2,5970.0
20260224,11,서울특별시,11740,강동구,11,서울특별시,11560,영등포구,1156011000,여의도동,05,00,3,4,4251.75
20260224,11,서울특별시,11740,강동구,11,서울특별시,11560,영등포구,1156011000,여의도동,05,15,6,22,3531.77
20260224,11,서울특별시,11740,강동구,11,서울특별시,11560,영등포구,1156011000,여의도동,05,30,7,20,3220.45
20260224,11,서울특별시,11740,강동구,11,서울특별시,11560,영등포구,1156011000,여의도동,05,45,9,40,3336.38
20260224,11,서울특별시,11740,강동구,11,서울특별시,11560,영등포구,1156011000,여의도동,06,00,9,67,3344.39
20260224,11,서울특별시,11740,강동구,11,서울특별시,11560,영등포구,1156011000,여의도동,06,15,9,118,3458.03
20260224,11,서울특별시,11740,강동구,11,서울특별시,11560,영등포구,1156011000,여의도동,06,30,9,151,3397.28
20260224,11,서울특별시,11740,강동구,11,서울특별시,11560,영등포구,1156011000,여의도동,06,45,9,205,3259.15
20260224,11,서울특별시,11740,강동구,11,서울특별시,11560,영등포구,1156011000,여의도동,07,00,9,186,3283.17
20260224,11,서울특별시,11740,강동구,11,서울특별시,11560,영등포구,1156011000,여의도동,07,15,9,193,3356.56
20260224,11,서울특별시,11740,강동구,11,서울특별시,11560,영등포구,1156011000,여의도동,07,30,9,209,3337.19
20260224,11,서울특별시,11740,강동구,11,서울특별시,11560,영등포구,1156011000,여의도동,07,45,9,172,3192.52
20260224,11,서울특별시,11740,강동구,11,서울특별시,11560,영등포구,1156011000,여의도동,08,00,9,102,3190.35
20260224,11,서울특별시,11740,강동구,11,서울특별시,11560,영등포구,1156011000,여의도동,08,15,9,89,3254.4
20260224,11,서울특별시,11740,강동구,11,서울특별시,11560,영등포구,1156011000,여의도동,08,30,9,74,3238.38
20260224,11,서울특별시,11740,강동구,11,서울특별시,11560,영등포구,1156011000,여의도동,08,45,9,63,3147.57
20260224,11,서울특별시,11740,강동구,11,서울특별시,11560,영등포구,1156011000,여의도동,09,00,7,40,2992.58
20260224,11,서울특별시,11740,강동구,11,서울특별시,11560,영등포구,1156011000,여의도동,09,15,6,20,3470.05
20260224,11,서울특별시,11740,강동구,11,서울특별시,11560,영등포구,1156011000,여의도동,09,30,7,19,3209.58
20260224,11,서울특별시,11740,강동구,11,서울특별시,11560,영등포구,1156011000,여의도동,09,45,7,25,3169.64
20260224,11,서울특별시,11740,강동구,11,서울특별시,11560,영등포구,1156011000,여의도동,10,00,7,18,3046.61
20260224,11,서울특별시,11740,강동구,11,서울특별시,11560,영등포구,1156011000,여의도동,10,15,8,17,3193.41
20260224,11,서울특별시,11740,강동구,11,서울특별시,11560,영등포구,1156011000,여의도동,10,30,7,19,3199.89
20260224,11,서울특별시,11740,강동구,11,서울특별시,11560,영등포구,1156011000,여의도동,10,45,7,14,3500.86
20260224,11,서울특별시,11740,강동구,11,서울특별시,11560,영등포구,1156011000,여의도동,11,00,7,9,3300.56
20260224,11,서울특별시,11740,강동구,11,서울특별시,11560,영등포구,1156011000,여의도동,11,15,5,15,3104.87
20260224,11,서울특별시,11740,강동구,11,서울특별시,11560,영등포구,1156011000,여의도동,11,30,4,10,3086.0
20260224,11,서울특별시,11740,강동구,11,서울특별시,11560,영등포구,1156011000,여의도동,11,45,5,9,3400.78
20260224,11,서울특별시,11740,강동구,11,서울특별시,11560,영등포구,1156011000,여의도동,12,00,2,5,2719.2
20260224,11,서울특별시,11740,강동구,11,서울특별시,11560,영등포구,1156011000,여의도동,12,15,5,13,3059.23
20260224,11,서울특별시,11740,강동구,11,서울특별시,11560,영등포구,1156011000,여의도동,12,30,6,14,3291.36
20260224,11,서울특별시,11740,강동구,11,서울특별시,11560,영등포구,1156011000,여의도동,12,45,8,26,3114.58
20260224,11,서울특별시,11740,강동구,11,서울특별시,11560,영등포구,1156011000,여의도동,13,00,6,11,3347.0
20260224,11,서울특별시,11740,강동구,11,서울특별시,11560,영등포구,1156011000,여의도동,13,15,4,8,2799.0
20260224,11,서울특별시,11740,강동구,11,서울특별시,11560,영등포구,1156011000,여의도동,13,30,3,8,3124.38
20260224,11,서울특별시,11740,강동구,11,서울특별시,11560,영등포구,1156011000,여의도동,13,45,4,7,2995.71
20260224,11,서울특별시,11740,강동구,11,서울특별시,11560,영등포구,1156011000,여의도동,14,00,6,10,3295.9
20260224,11,서울특별시,11740,강동구,11,서울특별시,11560,영등포구,1156011000,여의도동,14,15,6,12,3466.5
20260224,11,서울특별시,11740,강동구,11,서울특별시,11560,영등포구,1156011000,여의도동,14,30,3,6,3136.83
20260224,11,서울특별시,11740,강동구,11,서울특별시,11560,영등포구,1156011000,여의도동,14,45,4,6,3703.33
20260224,11,서울특별시,11740,강동구,11,서울특별시,11560,영등포구,1156011000,여의도동,15,00,5,6,3257.17
20260224,11,서울특별시,11740,강동구,11,서울특별시,11560,영등포구,1156011000,여의도동,15,15,3,3,3196.67
20260224,11,서울특별시,11740,강동구,11,서울특별시,11560,영등포구,1156011000,여의도동,15,30,4,12,2940.25
20260224,11,서울특별시,11740,강동구,11,서울특별시,11560,영등포구,1156011000,여의도동,15,45,6,9,3624.89
20260224,11,서울특별시,11740,강동구,11,서울특별시,11560,영등포구,1156011000,여의도동,16,00,4,7,3028.14
20260224,11,서울특별시,11740,강동구,11,서울특별시,11560,영등포구,1156011000,여의도동,16,15,4,11,3190.27
20260224,11,서울특별시,11740,강동구,11,서울특별시,11560,영등포구,1156011000,여의도동,16,30,7,15,3492.0
20260224,11,서울특별시,11740,강동구,11,서울특별시,11560,영등포구,1156011000,여의도동,16,45,3,8,3167.88
20260224,11,서울특별시,11740,강동구,11,서울특별시,11560,영등포구,1156011000,여의도동,17,00,6,8,3456.5
20260224,11,서울특별시,11740,강동구,11,서울특별시,11560,영등포구,1156011000,여의도동,17,15,3,3,2883.67
20260224,11,서울특별시,11740,강동구,11,서울특별시,11560,영등포구,1156011000,여의도동,17,30,1,1,2781.0
20260224,11,서울특별시,11740,강동구,11,서울특별시,11560,영등포구,1156011000,여의도동,17,45,3,4,3412.5
20260224,11,서울특별시,11740,강동구,11,서울특별시,11560,영등포구,1156011000,여의도동,18,00,4,10,2934.1
20260224,11,서울특별시,11740,강동구,11,서울특별시,11560,영등포구,1156011000,여의도동,18,15,3,7,2918.14
20260224,11,서울특별시,11740,강동구,11,서울특별시,11560,영등포구,1156011000,여의도동,18,30,4,4,3380.5
20260224,11,서울특별시,11740,강동구,11,서울특별시,11560,영등포구,1156011000,여의도동,18,45,1,1,2538.0
20260224,11,서울특별시,11740,강동구,11,서울특별시,11560,영등포구,1156011000,여의도동,19,00,1,2,2644.0
20260224,11,서울특별시,11740,강동구,11,서울특별시,11560,영등포구,1156011000,여의도동,19,30,2,3,3762.0
20260224,11,서울특별시,11740,강동구,11,서울특별시,11560,영등포구,1156011000,여의도동,20,00,2,3,4419.67
20260224,11,서울특별시,11740,강동구,11,서울특별시,11560,영등포구,1156011000,여의도동,20,30,2,2,3333.0
20260224,11,서울특별시,11740,강동구,11,서울특별시,11560,영등포구,1156011000,여의도동,20,45,2,2,2955.5
20260224,11,서울특별시,11740,강동구,11,서울특별시,11560,영등포구,1156011000,여의도동,21,00,1,1,3138.0
20260224,11,서울특별시,11740,강동구,11,서울특별시,11560,영등포구,1156011000,여의도동,21,15,1,1,4265.0
20260224,11,서울특별시,11740,강동구,11,서울특별시,11560,영등포구,1156011000,여의도동,21,30,1,1,3780.0
20260224,11,서울특별시,11740,강동구,11,서울특별시,11560,영등포구,1156011000,여의도동,21,45,2,2,3337.5
20260224,11,서울특별시,11740,강동구,11,서울특별시,11560,영등포구,1156011000,여의도동,22,00,1,1,3406.0
20260224,11,서울특별시,11740,강동구,11,서울특별시,11560,영등포구,1156011000,여의도동,22,30,1,2,3290.0
20260224,11,서울특별시,11740,강동구,11,서울특별시,11560,영등포구,1156011000,여의도동,23,00,1,1,2964.0
20260224,11,서울특별시,11740,강동구,11,서울특별시,11560,영등포구,1156011000,여의도동,23,15,2,2,4349.0
