opratDate,stgSdCd,stgSdNm,stgSggCd,stgSggNm,arrSdCd,arrSdNm,arrSggCd,arrSggNm,arrEmdCd,arrEmdNm,tzon,quater,origin_emd_count,useStf,useTm
20260224,11,서울특별시,11110,종로구,11,서울특별시,11110,종로구,1111011900,세종로,00,15,1,1,632.0
20260224,11,서울특별시,11110,종로구,11,서울특별시,11110,종로구,1111011900,세종로,01,30,1,1,534.0
20260224,11,서울특별시,11110,종로구,11,서울특별시,11110,종로구,1111011900,세종로,03,45,1,1,725.0
20260224,11,서울특별시,11110,종로구,11,서울특별시,11110,종로구,1111011900,세종로,04,15,1,1,957.0
20260224,11,서울특별시,11110,종로구,11,서울특별시,11110,종로구,1111011900,세종로,04,30,2,2,953.0
20260224,11,서울특별시,11110,종로구,11,서울특별시,11110,종로구,1111011900,세종로,04,45,2,2,389.0
20260224,11,서울특별시,11110,종로구,11,서울특별시,11110,종로구,1111011900,세종로,05,00,2,2,887.0
20260224,11,서울특별시,11110,종로구,11,서울특별시,11110,종로구,1111011900,세종로,05,15,3,5,1356.4
20260224,11,서울특별시,11110,종로구,11,서울특별시,11110,종로구,1111011900,세종로,05,30,5,5,808.2
20260224,11,서울특별시,11110,종로구,11,서울특별시,11110,종로구,1111011900,세종로,05,45,4,4,1469.5
20260224,11,서울특별시,11110,종로구,11,서울특별시,11110,종로구,1111011900,세종로,06,00,8,11,584.73
20260224,11,서울특별시,11110,종로구,11,서울특별시,11110,종로구,1111011900,세종로,06,15,6,9,835.33
20260224,11,서울특별시,11110,종로구,11,서울특별시,11110,종로구,1111011900,세종로,06,30,4,6,552.83
20260224,11,서울특별시,11110,종로구,11,서울특별시,11110,종로구,1111011900,세종로,06,45,6,8,1081.38
20260224,11,서울특별시,11110,종로구,11,서울특별시,11110,종로구,1111011900,세종로,07,00,10,15,1041.13
20260224,11,서울특별시,11110,종로구,11,서울특별시,11110,종로구,1111011900,세종로,07,15,12,14,859.93
20260224,11,서울특별시,11110,종로구,11,서울특별시,11110,종로구,1111011900,세종로,07,30,12,18,1014.28
20260224,11,서울특별시,11110,종로구,11,서울특별시,11110,종로구,1111011900,세종로,07,45,11,20,1030.4
20260224,11,서울특별시,11110,종로구,11,서울특별시,11110,종로구,1111011900,세종로,08,00,16,32,1024.28
20260224,11,서울특별시,11110,종로구,11,서울특별시,11110,종로구,1111011900,세종로,08,15,15,34,941.5
20260224,11,서울특별시,11110,종로구,11,서울특별시,11110,종로구,1111011900,세종로,08,30,20,29,826.45
20260224,11,서울특별시,11110,종로구,11,서울특별시,11110,종로구,1111011900,세종로,08,45,11,26,1077.12
20260224,11,서울특별시,11110,종로구,11,서울특별시,11110,종로구,1111011900,세종로,09,00,13,27,771.59
20260224,11,서울특별시,11110,종로구,11,서울특별시,11110,종로구,1111011900,세종로,09,15,11,23,928.61
20260224,11,서울특별시,11110,종로구,11,서울특별시,11110,종로구,1111011900,세종로,09,30,19,31,1001.52
20260224,11,서울특별시,11110,종로구,11,서울특별시,11110,종로구,1111011900,세종로,09,45,17,34,863.47
20260224,11,서울특별시,11110,종로구,11,서울특별시,11110,종로구,1111011900,세종로,10,00,16,25,842.44
20260224,11,서울특별시,11110,종로구,11,서울특별시,11110,종로구,1111011900,세종로,10,15,12,33,853.36
20260224,11,서울특별시,11110,종로구,11,서울특별시,11110,종로구,1111011900,세종로,10,30,16,38,4086.79
20260224,11,서울특별시,11110,종로구,11,서울특별시,11110,종로구,1111011900,세종로,10,45,15,32,979.09
20260224,11,서울특별시,11110,종로구,11,서울특별시,11110,종로구,1111011900,세종로,11,00,14,22,662.36
20260224,11,서울특별시,11110,종로구,11,서울특별시,11110,종로구,1111011900,세종로,11,15,21,42,1002.76
20260224,11,서울특별시,11110,종로구,11,서울특별시,11110,종로구,1111011900,세종로,11,30,18,48,681.02
20260224,11,서울특별시,11110,종로구,11,서울특별시,11110,종로구,1111011900,세종로,11,45,13,33,675.0
20260224,11,서울특별시,11110,종로구,11,서울특별시,11110,종로구,1111011900,세종로,12,00,20,50,772.54
20260224,11,서울특별시,11110,종로구,11,서울특별시,11110,종로구,1111011900,세종로,12,15,15,35,727.14
20260224,11,서울특별시,11110,종로구,11,서울특별시,11110,종로구,1111011900,세종로,12,30,19,42,690.36
20260224,11,서울특별시,11110,종로구,11,서울특별시,11110,종로구,1111011900,세종로,12,45,17,46,1023.5
20260224,11,서울특별시,11110,종로구,11,서울특별시,11110,종로구,1111011900,세종로,13,00,21,60,962.73
20260224,11,서울특별시,11110,종로구,11,서울특별시,11110,종로구,1111011900,세종로,13,15,21,54,1138.81
20260224,11,서울특별시,11110,종로구,11,서울특별시,11110,종로구,1111011900,세종로,13,30,18,36,784.97
20260224,11,서울특별시,11110,종로구,11,서울특별시,11110,종로구,1111011900,세종로,13,45,14,37,894.73
20260224,11,서울특별시,11110,종로구,11,서울특별시,11110,종로구,1111011900,세종로,14,00,20,54,785.37
20260224,11,서울특별시,11110,종로구,11,서울특별시,11110,종로구,1111011900,세종로,14,15,20,43,818.91
20260224,11,서울특별시,11110,종로구,11,서울특별시,11110,종로구,1111011900,세종로,14,30,17,41,952.37
20260224,11,서울특별시,11110,종로구,11,서울특별시,11110,종로구,1111011900,세종로,14,45,14,25,1056.52
20260224,11,서울특별시,11110,종로구,11,서울특별시,11110,종로구,1111011900,세종로,15,00,22,40,782.75
20260224,11,서울특별시,11110,종로구,11,서울특별시,11110,종로구,1111011900,세종로,15,15,17,38,732.0
20260224,11,서울특별시,11110,종로구,11,서울특별시,11110,종로구,1111011900,세종로,15,30,17,35,1046.26
20260224,11,서울특별시,11110,종로구,11,서울특별시,11110,종로구,1111011900,세종로,15,45,11,22,785.55
20260224,11,서울특별시,11110,종로구,11,서울특별시,11110,종로구,1111011900,세종로,16,00,13,20,936.8
20260224,11,서울특별시,11110,종로구,11,서울특별시,11110,종로구,1111011900,세종로,16,15,17,38,788.71
20260224,11,서울특별시,11110,종로구,11,서울특별시,11110,종로구,1111011900,세종로,16,30,14,26,615.0
20260224,11,서울특별시,11110,종로구,11,서울특별시,11110,종로구,1111011900,세종로,16,45,20,31,877.26
20260224,11,서울특별시,11110,종로구,11,서울특별시,11110,종로구,1111011900,세종로,17,00,18,35,680.37
20260224,11,서울특별시,11110,종로구,11,서울특별시,11110,종로구,1111011900,세종로,17,15,17,41,677.41
20260224,11,서울특별시,11110,종로구,11,서울특별시,11110,종로구,1111011900,세종로,17,30,18,48,713.75
20260224,11,서울특별시,11110,종로구,11,서울특별시,11110,종로구,1111011900,세종로,17,45,19,36,735.67
20260224,11,서울특별시,11110,종로구,11,서울특별시,11110,종로구,1111011900,세종로,18,00,15,39,541.67
20260224,11,서울특별시,11110,종로구,11,서울특별시,11110,종로구,1111011900,세종로,18,15,20,56,600.45
20260224,11,서울특별시,11110,종로구,11,서울특별시,11110,종로구,1111011900,세종로,18,30,13,46,508.0
20260224,11,서울특별시,11110,종로구,11,서울특별시,11110,종로구,1111011900,세종로,18,45,11,22,771.5
20260224,11,서울특별시,11110,종로구,11,서울특별시,11110,종로구,1111011900,세종로,19,00,12,25,414.96
20260224,11,서울특별시,11110,종로구,11,서울특별시,11110,종로구,1111011900,세종로,19,15,6,13,323.0
20260224,11,서울특별시,11110,종로구,11,서울특별시,11110,종로구,1111011900,세종로,19,30,6,13,439.85
20260224,11,서울특별시,11110,종로구,11,서울특별시,11110,종로구,1111011900,세종로,19,45,9,16,673.44
20260224,11,서울특별시,11110,종로구,11,서울특별시,11110,종로구,1111011900,세종로,20,00,8,9,676.22
20260224,11,서울특별시,11110,종로구,11,서울특별시,11110,종로구,1111011900,세종로,20,15,5,7,634.43
20260224,11,서울특별시,11110,종로구,11,서울특별시,11110,종로구,1111011900,세종로,20,30,6,7,738.0
20260224,11,서울특별시,11110,종로구,11,서울특별시,11110,종로구,1111011900,세종로,20,45,8,12,585.33
20260224,11,서울특별시,11110,종로구,11,서울특별시,11110,종로구,1111011900,세종로,21,00,8,10,535.9
20260224,11,서울특별시,11110,종로구,11,서울특별시,11110,종로구,1111011900,세종로,21,15,7,15,583.27
20260224,11,서울특별시,11110,종로구,11,서울특별시,11110,종로구,1111011900,세종로,21,30,6,7,777.57
20260224,11,서울특별시,11110,종로구,11,서울특별시,11110,종로구,1111011900,세종로,21,45,2,2,381.0
20260224,11,서울특별시,11110,종로구,11,서울특별시,11110,종로구,1111011900,세종로,22,00,1,3,1964.0
20260224,11,서울특별시,11110,종로구,11,서울특별시,11110,종로구,1111011900,세종로,22,15,3,6,332.0
20260224,11,서울특별시,11110,종로구,11,서울특별시,11110,종로구,1111011900,세종로,22,30,2,2,534.5
20260224,11,서울특별시,11110,종로구,11,서울특별시,11110,종로구,1111011900,세종로,22,45,3,6,251.67
20260224,11,서울특별시,11110,종로구,11,서울특별시,11110,종로구,1111011900,세종로,23,00,2,2,195.0
20260224,11,서울특별시,11110,종로구,11,서울특별시,11110,종로구,1111011900,세종로,23,30,2,2,338.5
20260224,11,서울특별시,11140,중구,11,서울특별시,11110,종로구,1111011900,세종로,00,30,1,1,2449.0
20260224,11,서울특별시,11140,중구,11,서울특별시,11110,종로구,1111011900,세종로,05,15,1,5,1178.0
20260224,11,서울특별시,11140,중구,11,서울특별시,11110,종로구,1111011900,세종로,05,30,2,4,840.5
20260224,11,서울특별시,11140,중구,11,서울특별시,11110,종로구,1111011900,세종로,05,45,1,1,674.0
20260224,11,서울특별시,11140,중구,11,서울특별시,11110,종로구,1111011900,세종로,06,15,3,9,931.56
20260224,11,서울특별시,11140,중구,11,서울특별시,11110,종로구,1111011900,세종로,06,30,4,7,887.29
20260224,11,서울특별시,11140,중구,11,서울특별시,11110,종로구,1111011900,세종로,06,45,4,7,847.86
20260224,11,서울특별시,11140,중구,11,서울특별시,11110,종로구,1111011900,세종로,07,00,8,14,893.93
20260224,11,서울특별시,11140,중구,11,서울특별시,11110,종로구,1111011900,세종로,07,15,8,34,781.21
20260224,11,서울특별시,11140,중구,11,서울특별시,11110,종로구,1111011900,세종로,07,30,12,32,1118.53
20260224,11,서울특별시,11140,중구,11,서울특별시,11110,종로구,1111011900,세종로,07,45,12,43,879.84
20260224,11,서울특별시,11140,중구,11,서울특별시,11110,종로구,1111011900,세종로,08,00,12,45,841.82
20260224,11,서울특별시,11140,중구,11,서울특별시,11110,종로구,1111011900,세종로,08,15,18,79,949.44
20260224,11,서울특별시,11140,중구,11,서울특별시,11110,종로구,1111011900,세종로,08,30,16,119,870.74
20260224,11,서울특별시,11140,중구,11,서울특별시,11110,종로구,1111011900,세종로,08,45,12,49,853.9
20260224,11,서울특별시,11140,중구,11,서울특별시,11110,종로구,1111011900,세종로,09,00,9,48,835.94
20260224,11,서울특별시,11140,중구,11,서울특별시,11110,종로구,1111011900,세종로,09,15,14,46,930.57
20260224,11,서울특별시,11140,중구,11,서울특별시,11110,종로구,1111011900,세종로,09,30,14,51,912.75
20260224,11,서울특별시,11140,중구,11,서울특별시,11110,종로구,1111011900,세종로,09,45,12,32,954.38
20260224,11,서울특별시,11140,중구,11,서울특별시,11110,종로구,1111011900,세종로,10,00,14,42,915.19
20260224,11,서울특별시,11140,중구,11,서울특별시,11110,종로구,1111011900,세종로,10,15,13,22,1051.18
20260224,11,서울특별시,11140,중구,11,서울특별시,11110,종로구,1111011900,세종로,10,30,14,39,890.38
20260224,11,서울특별시,11140,중구,11,서울특별시,11110,종로구,1111011900,세종로,10,45,11,38,737.08
20260224,11,서울특별시,11140,중구,11,서울특별시,11110,종로구,1111011900,세종로,11,00,11,28,951.75
20260224,11,서울특별시,11140,중구,11,서울특별시,11110,종로구,1111011900,세종로,11,15,17,51,783.92
20260224,11,서울특별시,11140,중구,11,서울특별시,11110,종로구,1111011900,세종로,11,30,12,40,748.08
20260224,11,서울특별시,11140,중구,11,서울특별시,11110,종로구,1111011900,세종로,11,45,16,44,852.86
20260224,11,서울특별시,11140,중구,11,서울특별시,11110,종로구,1111011900,세종로,12,00,13,46,775.26
20260224,11,서울특별시,11140,중구,11,서울특별시,11110,종로구,1111011900,세종로,12,15,11,37,736.89
20260224,11,서울특별시,11140,중구,11,서울특별시,11110,종로구,1111011900,세종로,12,30,16,39,1019.38
20260224,11,서울특별시,11140,중구,11,서울특별시,11110,종로구,1111011900,세종로,12,45,20,47,934.23
20260224,11,서울특별시,11140,중구,11,서울특별시,11110,종로구,1111011900,세종로,13,00,13,28,846.68
20260224,11,서울특별시,11140,중구,11,서울특별시,11110,종로구,1111011900,세종로,13,15,11,32,958.78
20260224,11,서울특별시,11140,중구,11,서울특별시,11110,종로구,1111011900,세종로,13,30,14,49,933.04
20260224,11,서울특별시,11140,중구,11,서울특별시,11110,종로구,1111011900,세종로,13,45,14,29,952.83
20260224,11,서울특별시,11140,중구,11,서울특별시,11110,종로구,1111011900,세종로,14,00,11,21,907.1
20260224,11,서울특별시,11140,중구,11,서울특별시,11110,종로구,1111011900,세종로,14,15,13,27,1120.67
20260224,11,서울특별시,11140,중구,11,서울특별시,11110,종로구,1111011900,세종로,14,30,13,33,997.12
20260224,11,서울특별시,11140,중구,11,서울특별시,11110,종로구,1111011900,세종로,14,45,11,22,865.09
20260224,11,서울특별시,11140,중구,11,서울특별시,11110,종로구,1111011900,세종로,15,00,9,24,894.46
20260224,11,서울특별시,11140,중구,11,서울특별시,11110,종로구,1111011900,세종로,15,15,6,19,935.84
20260224,11,서울특별시,11140,중구,11,서울특별시,11110,종로구,1111011900,세종로,15,30,9,20,821.8
20260224,11,서울특별시,11140,중구,11,서울특별시,11110,종로구,1111011900,세종로,15,45,15,39,1150.85
20260224,11,서울특별시,11140,중구,11,서울특별시,11110,종로구,1111011900,세종로,16,00,19,35,792.57
20260224,11,서울특별시,11140,중구,11,서울특별시,11110,종로구,1111011900,세종로,16,15,12,20,884.65
20260224,11,서울특별시,11140,중구,11,서울특별시,11110,종로구,1111011900,세종로,16,30,13,31,893.35
20260224,11,서울특별시,11140,중구,11,서울특별시,11110,종로구,1111011900,세종로,16,45,14,31,1092.26
20260224,11,서울특별시,11140,중구,11,서울특별시,11110,종로구,1111011900,세종로,17,00,14,30,998.53
20260224,11,서울특별시,11140,중구,11,서울특별시,11110,종로구,1111011900,세종로,17,15,13,28,890.43
20260224,11,서울특별시,11140,중구,11,서울특별시,11110,종로구,1111011900,세종로,17,30,17,57,779.49
20260224,11,서울특별시,11140,중구,11,서울특별시,11110,종로구,1111011900,세종로,17,45,13,50,851.28
20260224,11,서울특별시,11140,중구,11,서울특별시,11110,종로구,1111011900,세종로,18,00,18,49,801.94
20260224,11,서울특별시,11140,중구,11,서울특별시,11110,종로구,1111011900,세종로,18,15,15,44,895.73
20260224,11,서울특별시,11140,중구,11,서울특별시,11110,종로구,1111011900,세종로,18,30,16,54,957.19
20260224,11,서울특별시,11140,중구,11,서울특별시,11110,종로구,1111011900,세종로,18,45,16,45,806.36
20260224,11,서울특별시,11140,중구,11,서울특별시,11110,종로구,1111011900,세종로,19,00,12,17,849.0
20260224,11,서울특별시,11140,중구,11,서울특별시,11110,종로구,1111011900,세종로,19,15,14,29,771.34
20260224,11,서울특별시,11140,중구,11,서울특별시,11110,종로구,1111011900,세종로,19,30,9,16,824.44
20260224,11,서울특별시,11140,중구,11,서울특별시,11110,종로구,1111011900,세종로,19,45,7,9,832.44
20260224,11,서울특별시,11140,중구,11,서울특별시,11110,종로구,1111011900,세종로,20,00,4,7,928.29
20260224,11,서울특별시,11140,중구,11,서울특별시,11110,종로구,1111011900,세종로,20,15,6,12,1376.5
20260224,11,서울특별시,11140,중구,11,서울특별시,11110,종로구,1111011900,세종로,20,30,6,11,828.73
20260224,11,서울특별시,11140,중구,11,서울특별시,11110,종로구,1111011900,세종로,20,45,3,5,1171.4
20260224,11,서울특별시,11140,중구,11,서울특별시,11110,종로구,1111011900,세종로,21,00,5,5,822.2
20260224,11,서울특별시,11140,중구,11,서울특별시,11110,종로구,1111011900,세종로,21,15,3,5,680.4
20260224,11,서울특별시,11140,중구,11,서울특별시,11110,종로구,1111011900,세종로,21,30,6,7,816.29
20260224,11,서울특별시,11140,중구,11,서울특별시,11110,종로구,1111011900,세종로,21,45,4,4,443.0
20260224,11,서울특별시,11140,중구,11,서울특별시,11110,종로구,1111011900,세종로,22,00,5,13,913.38
20260224,11,서울특별시,11140,중구,11,서울특별시,11110,종로구,1111011900,세종로,22,15,3,6,777.5
20260224,11,서울특별시,11140,중구,11,서울특별시,11110,종로구,1111011900,세종로,22,30,2,2,1310.5
20260224,11,서울특별시,11140,중구,11,서울특별시,11110,종로구,1111011900,세종로,22,45,2,2,804.0
20260224,11,서울특별시,11140,중구,11,서울특별시,11110,종로구,1111011900,세종로,23,00,3,4,555.5
20260224,11,서울특별시,11140,중구,11,서울특별시,11110,종로구,1111011900,세종로,23,30,1,1,506.0
20260224,11,서울특별시,11170,용산구,11,서울특별시,11110,종로구,1111011900,세종로,05,15,1,2,1210.0
20260224,11,서울특별시,11170,용산구,11,서울특별시,11110,종로구,1111011900,세종로,05,30,2,2,1097.0
20260224,11,서울특별시,11170,용산구,11,서울특별시,11110,종로구,1111011900,세종로,05,45,4,4,827.5
20260224,11,서울특별시,11170,용산구,11,서울특별시,11110,종로구,1111011900,세종로,06,00,1,1,774.0
20260224,11,서울특별시,11170,용산구,11,서울특별시,11110,종로구,1111011900,세종로,06,15,5,5,983.8
20260224,11,서울특별시,11170,용산구,11,서울특별시,11110,종로구,1111011900,세종로,06,30,5,5,1158.6
20260224,11,서울특별시,11170,용산구,11,서울특별시,11110,종로구,1111011900,세종로,06,45,7,8,1159.12
20260224,11,서울특별시,11170,용산구,11,서울특별시,11110,종로구,1111011900,세종로,07,00,12,14,1356.43
20260224,11,서울특별시,11170,용산구,11,서울특별시,11110,종로구,1111011900,세종로,07,15,10,18,902.94
20260224,11,서울특별시,11170,용산구,11,서울특별시,11110,종로구,1111011900,세종로,07,30,16,29,1203.59
20260224,11,서울특별시,11170,용산구,11,서울특별시,11110,종로구,1111011900,세종로,07,45,16,34,1216.24
20260224,11,서울특별시,11170,용산구,11,서울특별시,11110,종로구,1111011900,세종로,08,00,14,39,1253.31
20260224,11,서울특별시,11170,용산구,11,서울특별시,11110,종로구,1111011900,세종로,08,15,21,74,1242.95
20260224,11,서울특별시,11170,용산구,11,서울특별시,11110,종로구,1111011900,세종로,08,30,18,58,1166.41
20260224,11,서울특별시,11170,용산구,11,서울특별시,11110,종로구,1111011900,세종로,08,45,12,23,1186.57
20260224,11,서울특별시,11170,용산구,11,서울특별시,11110,종로구,1111011900,세종로,09,00,11,16,1310.75
20260224,11,서울특별시,11170,용산구,11,서울특별시,11110,종로구,1111011900,세종로,09,15,12,16,1422.81
20260224,11,서울특별시,11170,용산구,11,서울특별시,11110,종로구,1111011900,세종로,09,30,3,4,1318.5
20260224,11,서울특별시,11170,용산구,11,서울특별시,11110,종로구,1111011900,세종로,09,45,7,15,1333.4
20260224,11,서울특별시,11170,용산구,11,서울특별시,11110,종로구,1111011900,세종로,10,00,10,14,1235.43
20260224,11,서울특별시,11170,용산구,11,서울특별시,11110,종로구,1111011900,세종로,10,15,2,4,1116.0
20260224,11,서울특별시,11170,용산구,11,서울특별시,11110,종로구,1111011900,세종로,10,30,6,8,1299.0
20260224,11,서울특별시,11170,용산구,11,서울특별시,11110,종로구,1111011900,세종로,10,45,8,12,1500.5
20260224,11,서울특별시,11170,용산구,11,서울특별시,11110,종로구,1111011900,세종로,11,00,7,18,1537.83
20260224,11,서울특별시,11170,용산구,11,서울특별시,11110,종로구,1111011900,세종로,11,15,10,13,1474.31
20260224,11,서울특별시,11170,용산구,11,서울특별시,11110,종로구,1111011900,세종로,11,30,8,10,1355.4
20260224,11,서울특별시,11170,용산구,11,서울특별시,11110,종로구,1111011900,세종로,11,45,7,14,1514.0
20260224,11,서울특별시,11170,용산구,11,서울특별시,11110,종로구,1111011900,세종로,12,00,5,6,1337.5
20260224,11,서울특별시,11170,용산구,11,서울특별시,11110,종로구,1111011900,세종로,12,15,7,10,1337.1
20260224,11,서울특별시,11170,용산구,11,서울특별시,11110,종로구,1111011900,세종로,12,30,7,8,1163.5
20260224,11,서울특별시,11170,용산구,11,서울특별시,11110,종로구,1111011900,세종로,12,45,5,10,1103.3
20260224,11,서울특별시,11170,용산구,11,서울특별시,11110,종로구,1111011900,세종로,13,00,8,12,1421.58
20260224,11,서울특별시,11170,용산구,11,서울특별시,11110,종로구,1111011900,세종로,13,15,7,9,1065.33
20260224,11,서울특별시,11170,용산구,11,서울특별시,11110,종로구,1111011900,세종로,13,30,6,7,1210.86
20260224,11,서울특별시,11170,용산구,11,서울특별시,11110,종로구,1111011900,세종로,13,45,6,9,1931.22
20260224,11,서울특별시,11170,용산구,11,서울특별시,11110,종로구,1111011900,세종로,14,00,9,13,1338.38
20260224,11,서울특별시,11170,용산구,11,서울특별시,11110,종로구,1111011900,세종로,14,15,4,5,1265.4
20260224,11,서울특별시,11170,용산구,11,서울특별시,11110,종로구,1111011900,세종로,14,30,6,7,1163.43
20260224,11,서울특별시,11170,용산구,11,서울특별시,11110,종로구,1111011900,세종로,14,45,3,3,1861.67
20260224,11,서울특별시,11170,용산구,11,서울특별시,11110,종로구,1111011900,세종로,15,00,4,7,1587.43
20260224,11,서울특별시,11170,용산구,11,서울특별시,11110,종로구,1111011900,세종로,15,15,9,13,1492.0
20260224,11,서울특별시,11170,용산구,11,서울특별시,11110,종로구,1111011900,세종로,15,30,9,11,1321.45
20260224,11,서울특별시,11170,용산구,11,서울특별시,11110,종로구,1111011900,세종로,15,45,5,7,1612.29
20260224,11,서울특별시,11170,용산구,11,서울특별시,11110,종로구,1111011900,세종로,16,00,5,7,1304.29
20260224,11,서울특별시,11170,용산구,11,서울특별시,11110,종로구,1111011900,세종로,16,15,9,12,1167.58
20260224,11,서울특별시,11170,용산구,11,서울특별시,11110,종로구,1111011900,세종로,16,30,14,26,1445.19
20260224,11,서울특별시,11170,용산구,11,서울특별시,11110,종로구,1111011900,세종로,16,45,5,8,1656.0
20260224,11,서울특별시,11170,용산구,11,서울특별시,11110,종로구,1111011900,세종로,17,00,9,9,1341.33
20260224,11,서울특별시,11170,용산구,11,서울특별시,11110,종로구,1111011900,세종로,17,15,6,8,1391.75
20260224,11,서울특별시,11170,용산구,11,서울특별시,11110,종로구,1111011900,세종로,17,30,3,8,1048.62
20260224,11,서울특별시,11170,용산구,11,서울특별시,11110,종로구,1111011900,세종로,17,45,6,8,1250.62
20260224,11,서울특별시,11170,용산구,11,서울특별시,11110,종로구,1111011900,세종로,18,00,5,7,1865.43
20260224,11,서울특별시,11170,용산구,11,서울특별시,11110,종로구,1111011900,세종로,18,15,6,13,1706.23
20260224,11,서울특별시,11170,용산구,11,서울특별시,11110,종로구,1111011900,세종로,18,30,4,5,1242.0
20260224,11,서울특별시,11170,용산구,11,서울특별시,11110,종로구,1111011900,세종로,18,45,5,6,977.17
20260224,11,서울특별시,11170,용산구,11,서울특별시,11110,종로구,1111011900,세종로,19,00,1,2,2043.0
20260224,11,서울특별시,11170,용산구,11,서울특별시,11110,종로구,1111011900,세종로,19,15,2,3,894.67
20260224,11,서울특별시,11170,용산구,11,서울특별시,11110,종로구,1111011900,세종로,19,45,4,6,1272.83
20260224,11,서울특별시,11170,용산구,11,서울특별시,11110,종로구,1111011900,세종로,20,00,2,2,1368.0
20260224,11,서울특별시,11170,용산구,11,서울특별시,11110,종로구,1111011900,세종로,20,15,1,4,1748.0
20260224,11,서울특별시,11170,용산구,11,서울특별시,11110,종로구,1111011900,세종로,20,30,1,1,692.0
20260224,11,서울특별시,11170,용산구,11,서울특별시,11110,종로구,1111011900,세종로,20,45,2,2,1166.5
20260224,11,서울특별시,11170,용산구,11,서울특별시,11110,종로구,1111011900,세종로,21,00,2,3,909.33
20260224,11,서울특별시,11170,용산구,11,서울특별시,11110,종로구,1111011900,세종로,21,15,1,1,960.0
20260224,11,서울특별시,11170,용산구,11,서울특별시,11110,종로구,1111011900,세종로,22,30,2,2,977.5
20260224,11,서울특별시,11170,용산구,11,서울특별시,11110,종로구,1111011900,세종로,23,00,1,1,932.0
20260224,11,서울특별시,11170,용산구,11,서울특별시,11110,종로구,1111011900,세종로,23,15,1,1,2024.0
20260224,11,서울특별시,11200,성동구,11,서울특별시,11110,종로구,1111011900,세종로,05,00,1,1,1916.0
20260224,11,서울특별시,11200,성동구,11,서울특별시,11110,종로구,1111011900,세종로,05,15,3,5,1347.8
20260224,11,서울특별시,11200,성동구,11,서울특별시,11110,종로구,1111011900,세종로,05,30,6,10,1292.0
20260224,11,서울특별시,11200,성동구,11,서울특별시,11110,종로구,1111011900,세종로,05,45,5,10,1211.8
20260224,11,서울특별시,11200,성동구,11,서울특별시,11110,종로구,1111011900,세종로,06,00,5,11,1329.36
20260224,11,서울특별시,11200,성동구,11,서울특별시,11110,종로구,1111011900,세종로,06,15,7,18,1165.94
20260224,11,서울특별시,11200,성동구,11,서울특별시,11110,종로구,1111011900,세종로,06,30,3,16,1037.75
20260224,11,서울특별시,11200,성동구,11,서울특별시,11110,종로구,1111011900,세종로,06,45,10,29,1238.93
20260224,11,서울특별시,11200,성동구,11,서울특별시,11110,종로구,1111011900,세종로,07,00,8,34,1136.71
20260224,11,서울특별시,11200,성동구,11,서울특별시,11110,종로구,1111011900,세종로,07,15,9,69,1190.06
20260224,11,서울특별시,11200,성동구,11,서울특별시,11110,종로구,1111011900,세종로,07,30,11,64,1189.97
20260224,11,서울특별시,11200,성동구,11,서울특별시,11110,종로구,1111011900,세종로,07,45,11,87,1234.91
20260224,11,서울특별시,11200,성동구,11,서울특별시,11110,종로구,1111011900,세종로,08,00,11,156,1220.76
20260224,11,서울특별시,11200,성동구,11,서울특별시,11110,종로구,1111011900,세종로,08,15,12,223,1242.91
20260224,11,서울특별시,11200,성동구,11,서울특별시,11110,종로구,1111011900,세종로,08,30,9,151,1211.91
20260224,11,서울특별시,11200,성동구,11,서울특별시,11110,종로구,1111011900,세종로,08,45,9,78,1103.54
20260224,11,서울특별시,11200,성동구,11,서울특별시,11110,종로구,1111011900,세종로,09,00,10,74,1128.34
20260224,11,서울특별시,11200,성동구,11,서울특별시,11110,종로구,1111011900,세종로,09,15,7,52,1239.63
20260224,11,서울특별시,11200,성동구,11,서울특별시,11110,종로구,1111011900,세종로,09,30,7,45,1272.98
20260224,11,서울특별시,11200,성동구,11,서울특별시,11110,종로구,1111011900,세종로,09,45,9,25,1230.16
20260224,11,서울특별시,11200,성동구,11,서울특별시,11110,종로구,1111011900,세종로,10,00,9,29,1762.93
20260224,11,서울특별시,11200,성동구,11,서울특별시,11110,종로구,1111011900,세종로,10,15,8,22,1212.23
20260224,11,서울특별시,11200,성동구,11,서울특별시,11110,종로구,1111011900,세종로,10,30,7,21,1201.43
20260224,11,서울특별시,11200,성동구,11,서울특별시,11110,종로구,1111011900,세종로,10,45,8,24,1567.96
20260224,11,서울특별시,11200,성동구,11,서울특별시,11110,종로구,1111011900,세종로,11,00,6,24,1405.92
20260224,11,서울특별시,11200,성동구,11,서울특별시,11110,종로구,1111011900,세종로,11,15,10,23,1287.78
20260224,11,서울특별시,11200,성동구,11,서울특별시,11110,종로구,1111011900,세종로,11,30,5,18,1296.89
20260224,11,서울특별시,11200,성동구,11,서울특별시,11110,종로구,1111011900,세종로,11,45,5,10,1157.5
20260224,11,서울특별시,11200,성동구,11,서울특별시,11110,종로구,1111011900,세종로,12,00,6,14,1371.5
20260224,11,서울특별시,11200,성동구,11,서울특별시,11110,종로구,1111011900,세종로,12,15,8,23,1560.61
20260224,11,서울특별시,11200,성동구,11,서울특별시,11110,종로구,1111011900,세종로,12,30,7,21,1312.14
20260224,11,서울특별시,11200,성동구,11,서울특별시,11110,종로구,1111011900,세종로,12,45,7,22,1329.59
20260224,11,서울특별시,11200,성동구,11,서울특별시,11110,종로구,1111011900,세종로,13,00,6,15,1451.07
20260224,11,서울특별시,11200,성동구,11,서울특별시,11110,종로구,1111011900,세종로,13,15,6,17,1318.41
20260224,11,서울특별시,11200,성동구,11,서울특별시,11110,종로구,1111011900,세종로,13,30,5,13,1354.46
20260224,11,서울특별시,11200,성동구,11,서울특별시,11110,종로구,1111011900,세종로,13,45,6,21,1460.81
20260224,11,서울특별시,11200,성동구,11,서울특별시,11110,종로구,1111011900,세종로,14,00,5,11,1392.45
20260224,11,서울특별시,11200,성동구,11,서울특별시,11110,종로구,1111011900,세종로,14,15,8,26,1592.35
20260224,11,서울특별시,11200,성동구,11,서울특별시,11110,종로구,1111011900,세종로,14,30,5,18,1355.89
20260224,11,서울특별시,11200,성동구,11,서울특별시,11110,종로구,1111011900,세종로,14,45,6,10,1510.1
20260224,11,서울특별시,11200,성동구,11,서울특별시,11110,종로구,1111011900,세종로,15,00,4,14,1293.21
20260224,11,서울특별시,11200,성동구,11,서울특별시,11110,종로구,1111011900,세종로,15,15,4,6,1223.67
20260224,11,서울특별시,11200,성동구,11,서울특별시,11110,종로구,1111011900,세종로,15,30,5,12,1646.83
20260224,11,서울특별시,11200,성동구,11,서울특별시,11110,종로구,1111011900,세종로,15,45,3,15,1712.6
20260224,11,서울특별시,11200,성동구,11,서울특별시,11110,종로구,1111011900,세종로,16,00,4,8,1384.75
20260224,11,서울특별시,11200,성동구,11,서울특별시,11110,종로구,1111011900,세종로,16,15,5,26,1573.35
20260224,11,서울특별시,11200,성동구,11,서울특별시,11110,종로구,1111011900,세종로,16,30,4,15,1339.27
20260224,11,서울특별시,11200,성동구,11,서울특별시,11110,종로구,1111011900,세종로,16,45,3,3,1298.33
20260224,11,서울특별시,11200,성동구,11,서울특별시,11110,종로구,1111011900,세종로,17,00,6,26,1508.0
20260224,11,서울특별시,11200,성동구,11,서울특별시,11110,종로구,1111011900,세종로,17,15,5,22,1299.55
20260224,11,서울특별시,11200,성동구,11,서울특별시,11110,종로구,1111011900,세종로,17,30,6,22,1424.0
20260224,11,서울특별시,11200,성동구,11,서울특별시,11110,종로구,1111011900,세종로,17,45,4,17,1529.41
20260224,11,서울특별시,11200,성동구,11,서울특별시,11110,종로구,1111011900,세종로,18,00,7,31,1458.35
20260224,11,서울특별시,11200,성동구,11,서울특별시,11110,종로구,1111011900,세종로,18,15,5,21,1482.29
20260224,11,서울특별시,11200,성동구,11,서울특별시,11110,종로구,1111011900,세종로,18,30,6,12,1375.58
20260224,11,서울특별시,11200,성동구,11,서울특별시,11110,종로구,1111011900,세종로,18,45,4,5,1242.4
20260224,11,서울특별시,11200,성동구,11,서울특별시,11110,종로구,1111011900,세종로,19,00,4,7,1272.57
20260224,11,서울특별시,11200,성동구,11,서울특별시,11110,종로구,1111011900,세종로,19,15,4,5,1269.6
20260224,11,서울특별시,11200,성동구,11,서울특별시,11110,종로구,1111011900,세종로,19,30,1,1,2221.0
20260224,11,서울특별시,11200,성동구,11,서울특별시,11110,종로구,1111011900,세종로,19,45,3,4,1318.25
20260224,11,서울특별시,11200,성동구,11,서울특별시,11110,종로구,1111011900,세종로,20,00,1,2,2123.0
20260224,11,서울특별시,11200,성동구,11,서울특별시,11110,종로구,1111011900,세종로,20,15,2,3,1122.33
20260224,11,서울특별시,11200,성동구,11,서울특별시,11110,종로구,1111011900,세종로,20,30,5,9,1526.11
20260224,11,서울특별시,11200,성동구,11,서울특별시,11110,종로구,1111011900,세종로,20,45,2,4,2187.0
20260224,11,서울특별시,11200,성동구,11,서울특별시,11110,종로구,1111011900,세종로,21,15,2,3,1346.0
20260224,11,서울특별시,11200,성동구,11,서울특별시,11110,종로구,1111011900,세종로,21,30,1,1,7684.0
20260224,11,서울특별시,11200,성동구,11,서울특별시,11110,종로구,1111011900,세종로,21,45,1,1,985.0
20260224,11,서울특별시,11200,성동구,11,서울특별시,11110,종로구,1111011900,세종로,22,00,1,1,2515.0
20260224,11,서울특별시,11200,성동구,11,서울특별시,11110,종로구,1111011900,세종로,22,15,1,2,1502.0
20260224,11,서울특별시,11200,성동구,11,서울특별시,11110,종로구,1111011900,세종로,22,30,2,4,1644.5
20260224,11,서울특별시,11200,성동구,11,서울특별시,11110,종로구,1111011900,세종로,22,45,1,1,2269.0
20260224,11,서울특별시,11200,성동구,11,서울특별시,11110,종로구,1111011900,세종로,23,00,1,2,1131.0
20260224,11,서울특별시,11215,광진구,11,서울특별시,11110,종로구,1111011900,세종로,04,45,1,1,2575.0
20260224,11,서울특별시,11215,광진구,11,서울특별시,11110,종로구,1111011900,세종로,05,15,1,1,1912.0
20260224,11,서울특별시,11215,광진구,11,서울특별시,11110,종로구,1111011900,세종로,05,30,3,6,1742.33
20260224,11,서울특별시,11215,광진구,11,서울특별시,11110,종로구,1111011900,세종로,05,45,5,13,1976.08
20260224,11,서울특별시,11215,광진구,11,서울특별시,11110,종로구,1111011900,세종로,06,00,5,11,1707.82
20260224,11,서울특별시,11215,광진구,11,서울특별시,11110,종로구,1111011900,세종로,06,15,6,22,1849.14
20260224,11,서울특별시,11215,광진구,11,서울특별시,11110,종로구,1111011900,세종로,06,30,5,20,1826.5
20260224,11,서울특별시,11215,광진구,11,서울특별시,11110,종로구,1111011900,세종로,06,45,7,37,1853.11
20260224,11,서울특별시,11215,광진구,11,서울특별시,11110,종로구,1111011900,세종로,07,00,7,58,1877.74
20260224,11,서울특별시,11215,광진구,11,서울특별시,11110,종로구,1111011900,세종로,07,15,6,77,1865.57
20260224,11,서울특별시,11215,광진구,11,서울특별시,11110,종로구,1111011900,세종로,07,30,7,99,1884.69
20260224,11,서울특별시,11215,광진구,11,서울특별시,11110,종로구,1111011900,세종로,07,45,7,123,1866.63
20260224,11,서울특별시,11215,광진구,11,서울특별시,11110,종로구,1111011900,세종로,08,00,7,186,1935.58
20260224,11,서울특별시,11215,광진구,11,서울특별시,11110,종로구,1111011900,세종로,08,15,6,188,1845.4
20260224,11,서울특별시,11215,광진구,11,서울특별시,11110,종로구,1111011900,세종로,08,30,6,62,1753.94
20260224,11,서울특별시,11215,광진구,11,서울특별시,11110,종로구,1111011900,세종로,08,45,7,60,1797.48
20260224,11,서울특별시,11215,광진구,11,서울특별시,11110,종로구,1111011900,세종로,09,00,6,52,1855.6
20260224,11,서울특별시,11215,광진구,11,서울특별시,11110,종로구,1111011900,세종로,09,15,6,34,1805.21
20260224,11,서울특별시,11215,광진구,11,서울특별시,11110,종로구,1111011900,세종로,09,30,5,24,1816.67
20260224,11,서울특별시,11215,광진구,11,서울특별시,11110,종로구,1111011900,세종로,09,45,6,22,1913.41
20260224,11,서울특별시,11215,광진구,11,서울특별시,11110,종로구,1111011900,세종로,10,00,6,15,1754.73
20260224,11,서울특별시,11215,광진구,11,서울특별시,11110,종로구,1111011900,세종로,10,15,6,15,1815.67
20260224,11,서울특별시,11215,광진구,11,서울특별시,11110,종로구,1111011900,세종로,10,30,5,11,2025.0
20260224,11,서울특별시,11215,광진구,11,서울특별시,11110,종로구,1111011900,세종로,10,45,6,22,2242.41
20260224,11,서울특별시,11215,광진구,11,서울특별시,11110,종로구,1111011900,세종로,11,00,5,10,1917.2
20260224,11,서울특별시,11215,광진구,11,서울특별시,11110,종로구,1111011900,세종로,11,15,5,19,1945.89
20260224,11,서울특별시,11215,광진구,11,서울특별시,11110,종로구,1111011900,세종로,11,30,7,11,1957.73
20260224,11,서울특별시,11215,광진구,11,서울특별시,11110,종로구,1111011900,세종로,11,45,7,12,1838.83
20260224,11,서울특별시,11215,광진구,11,서울특별시,11110,종로구,1111011900,세종로,12,00,6,15,1868.0
20260224,11,서울특별시,11215,광진구,11,서울특별시,11110,종로구,1111011900,세종로,12,15,3,3,1868.33
20260224,11,서울특별시,11215,광진구,11,서울특별시,11110,종로구,1111011900,세종로,12,30,6,20,1830.95
20260224,11,서울특별시,11215,광진구,11,서울특별시,11110,종로구,1111011900,세종로,12,45,5,14,1818.36
20260224,11,서울특별시,11215,광진구,11,서울특별시,11110,종로구,1111011900,세종로,13,00,3,17,1870.35
20260224,11,서울특별시,11215,광진구,11,서울특별시,11110,종로구,1111011900,세종로,13,15,6,16,2037.94
20260224,11,서울특별시,11215,광진구,11,서울특별시,11110,종로구,1111011900,세종로,13,30,4,10,1827.3
20260224,11,서울특별시,11215,광진구,11,서울특별시,11110,종로구,1111011900,세종로,13,45,6,9,1953.89
20260224,11,서울특별시,11215,광진구,11,서울특별시,11110,종로구,1111011900,세종로,14,00,4,13,1775.08
20260224,11,서울특별시,11215,광진구,11,서울특별시,11110,종로구,1111011900,세종로,14,15,4,6,1906.17
20260224,11,서울특별시,11215,광진구,11,서울특별시,11110,종로구,1111011900,세종로,14,30,5,8,1793.62
20260224,11,서울특별시,11215,광진구,11,서울특별시,11110,종로구,1111011900,세종로,14,45,3,5,1714.6
20260224,11,서울특별시,11215,광진구,11,서울특별시,11110,종로구,1111011900,세종로,15,00,3,7,2116.0
20260224,11,서울특별시,11215,광진구,11,서울특별시,11110,종로구,1111011900,세종로,15,15,4,10,1919.2
20260224,11,서울특별시,11215,광진구,11,서울특별시,11110,종로구,1111011900,세종로,15,30,5,10,2571.9
20260224,11,서울특별시,11215,광진구,11,서울특별시,11110,종로구,1111011900,세종로,15,45,3,6,1922.67
20260224,11,서울특별시,11215,광진구,11,서울특별시,11110,종로구,1111011900,세종로,16,00,5,12,1872.42
20260224,11,서울특별시,11215,광진구,11,서울특별시,11110,종로구,1111011900,세종로,16,15,5,10,1855.6
20260224,11,서울특별시,11215,광진구,11,서울특별시,11110,종로구,1111011900,세종로,16,30,4,7,2040.86
20260224,11,서울특별시,11215,광진구,11,서울특별시,11110,종로구,1111011900,세종로,16,45,6,9,1918.44
20260224,11,서울특별시,11215,광진구,11,서울특별시,11110,종로구,1111011900,세종로,17,00,5,15,1818.0
20260224,11,서울특별시,11215,광진구,11,서울특별시,11110,종로구,1111011900,세종로,17,15,5,15,1826.07
20260224,11,서울특별시,11215,광진구,11,서울특별시,11110,종로구,1111011900,세종로,17,30,5,10,2006.0
20260224,11,서울특별시,11215,광진구,11,서울특별시,11110,종로구,1111011900,세종로,17,45,5,14,1786.64
20260224,11,서울특별시,11215,광진구,11,서울특별시,11110,종로구,1111011900,세종로,18,00,5,9,1959.89
20260224,11,서울특별시,11215,광진구,11,서울특별시,11110,종로구,1111011900,세종로,18,15,5,20,1724.95
20260224,11,서울특별시,11215,광진구,11,서울특별시,11110,종로구,1111011900,세종로,18,30,1,5,1689.0
20260224,11,서울특별시,11215,광진구,11,서울특별시,11110,종로구,1111011900,세종로,18,45,2,5,1922.0
20260224,11,서울특별시,11215,광진구,11,서울특별시,11110,종로구,1111011900,세종로,19,00,3,5,1730.6
20260224,11,서울특별시,11215,광진구,11,서울특별시,11110,종로구,1111011900,세종로,19,15,1,1,2109.0
20260224,11,서울특별시,11215,광진구,11,서울특별시,11110,종로구,1111011900,세종로,19,30,1,1,1451.0
20260224,11,서울특별시,11215,광진구,11,서울특별시,11110,종로구,1111011900,세종로,19,45,1,1,1833.0
20260224,11,서울특별시,11215,광진구,11,서울특별시,11110,종로구,1111011900,세종로,20,00,3,4,2022.0
20260224,11,서울특별시,11215,광진구,11,서울특별시,11110,종로구,1111011900,세종로,20,15,2,4,1835.25
20260224,11,서울특별시,11215,광진구,11,서울특별시,11110,종로구,1111011900,세종로,20,30,1,1,1808.0
20260224,11,서울특별시,11215,광진구,11,서울특별시,11110,종로구,1111011900,세종로,20,45,1,3,1959.0
20260224,11,서울특별시,11215,광진구,11,서울특별시,11110,종로구,1111011900,세종로,21,00,3,8,2286.62
20260224,11,서울특별시,11215,광진구,11,서울특별시,11110,종로구,1111011900,세종로,21,15,1,1,1730.0
20260224,11,서울특별시,11215,광진구,11,서울특별시,11110,종로구,1111011900,세종로,21,30,1,1,1900.0
20260224,11,서울특별시,11215,광진구,11,서울특별시,11110,종로구,1111011900,세종로,22,15,1,1,2131.0
20260224,11,서울특별시,11215,광진구,11,서울특별시,11110,종로구,1111011900,세종로,23,00,1,1,2421.0
20260224,11,서울특별시,11215,광진구,11,서울특별시,11110,종로구,1111011900,세종로,23,30,1,1,2006.0
20260224,11,서울특별시,11230,동대문구,11,서울특별시,11110,종로구,1111011900,세종로,02,15,1,1,1724.0
20260224,11,서울특별시,11230,동대문구,11,서울특별시,11110,종로구,1111011900,세종로,04,45,1,1,1466.0
20260224,11,서울특별시,11230,동대문구,11,서울특별시,11110,종로구,1111011900,세종로,05,15,2,2,1780.0
20260224,11,서울특별시,11230,동대문구,11,서울특별시,11110,종로구,1111011900,세종로,05,30,3,6,1557.67
20260224,11,서울특별시,11230,동대문구,11,서울특별시,11110,종로구,1111011900,세종로,05,45,2,6,1546.67
20260224,11,서울특별시,11230,동대문구,11,서울특별시,11110,종로구,1111011900,세종로,06,00,3,4,1480.5
20260224,11,서울특별시,11230,동대문구,11,서울특별시,11110,종로구,1111011900,세종로,06,15,2,14,1510.71
20260224,11,서울특별시,11230,동대문구,11,서울특별시,11110,종로구,1111011900,세종로,06,30,2,8,1557.25
20260224,11,서울특별시,11230,동대문구,11,서울특별시,11110,종로구,1111011900,세종로,06,45,3,15,1487.53
20260224,11,서울특별시,11230,동대문구,11,서울특별시,11110,종로구,1111011900,세종로,07,00,5,28,1525.82
20260224,11,서울특별시,11230,동대문구,11,서울특별시,11110,종로구,1111011900,세종로,07,15,6,51,1530.76
20260224,11,서울특별시,11230,동대문구,11,서울특별시,11110,종로구,1111011900,세종로,07,30,5,57,1651.63
20260224,11,서울특별시,11230,동대문구,11,서울특별시,11110,종로구,1111011900,세종로,07,45,6,93,1608.28
20260224,11,서울특별시,11230,동대문구,11,서울특별시,11110,종로구,1111011900,세종로,08,00,7,113,1684.33
20260224,11,서울특별시,11230,동대문구,11,서울특별시,11110,종로구,1111011900,세종로,08,15,6,178,1567.26
20260224,11,서울특별시,11230,동대문구,11,서울특별시,11110,종로구,1111011900,세종로,08,30,8,83,1546.14
20260224,11,서울특별시,11230,동대문구,11,서울특별시,11110,종로구,1111011900,세종로,08,45,5,47,1548.0
20260224,11,서울특별시,11230,동대문구,11,서울특별시,11110,종로구,1111011900,세종로,09,00,5,37,1517.59
20260224,11,서울특별시,11230,동대문구,11,서울특별시,11110,종로구,1111011900,세종로,09,15,6,38,1539.92
20260224,11,서울특별시,11230,동대문구,11,서울특별시,11110,종로구,1111011900,세종로,09,30,4,17,1519.94
20260224,11,서울특별시,11230,동대문구,11,서울특별시,11110,종로구,1111011900,세종로,09,45,4,17,1805.71
20260224,11,서울특별시,11230,동대문구,11,서울특별시,11110,종로구,1111011900,세종로,10,00,3,11,1524.73
20260224,11,서울특별시,11230,동대문구,11,서울특별시,11110,종로구,1111011900,세종로,10,15,3,10,1594.4
20260224,11,서울특별시,11230,동대문구,11,서울특별시,11110,종로구,1111011900,세종로,10,30,6,17,1744.94
20260224,11,서울특별시,11230,동대문구,11,서울특별시,11110,종로구,1111011900,세종로,10,45,5,10,1622.0
20260224,11,서울특별시,11230,동대문구,11,서울특별시,11110,종로구,1111011900,세종로,11,00,5,9,1670.33
20260224,11,서울특별시,11230,동대문구,11,서울특별시,11110,종로구,1111011900,세종로,11,15,6,24,1782.5
20260224,11,서울특별시,11230,동대문구,11,서울특별시,11110,종로구,1111011900,세종로,11,30,5,10,1554.7
20260224,11,서울특별시,11230,동대문구,11,서울특별시,11110,종로구,1111011900,세종로,11,45,3,7,1993.43
20260224,11,서울특별시,11230,동대문구,11,서울특별시,11110,종로구,1111011900,세종로,12,00,5,14,1533.79
20260224,11,서울특별시,11230,동대문구,11,서울특별시,11110,종로구,1111011900,세종로,12,15,5,13,1554.31
20260224,11,서울특별시,11230,동대문구,11,서울특별시,11110,종로구,1111011900,세종로,12,30,2,5,1474.8
20260224,11,서울특별시,11230,동대문구,11,서울특별시,11110,종로구,1111011900,세종로,12,45,4,10,1537.6
20260224,11,서울특별시,11230,동대문구,11,서울특별시,11110,종로구,1111011900,세종로,13,00,5,13,1557.31
20260224,11,서울특별시,11230,동대문구,11,서울특별시,11110,종로구,1111011900,세종로,13,15,3,6,1545.33
20260224,11,서울특별시,11230,동대문구,11,서울특별시,11110,종로구,1111011900,세종로,13,30,3,6,1731.17
20260224,11,서울특별시,11230,동대문구,11,서울특별시,11110,종로구,1111011900,세종로,13,45,2,8,1569.12
20260224,11,서울특별시,11230,동대문구,11,서울특별시,11110,종로구,1111011900,세종로,14,00,3,7,1632.14
20260224,11,서울특별시,11230,동대문구,11,서울특별시,11110,종로구,1111011900,세종로,14,15,2,2,1550.5
20260224,11,서울특별시,11230,동대문구,11,서울특별시,11110,종로구,1111011900,세종로,14,30,3,3,1729.67
20260224,11,서울특별시,11230,동대문구,11,서울특별시,11110,종로구,1111011900,세종로,14,45,1,3,1449.0
20260224,11,서울특별시,11230,동대문구,11,서울특별시,11110,종로구,1111011900,세종로,15,00,1,4,1398.0
20260224,11,서울특별시,11230,동대문구,11,서울특별시,11110,종로구,1111011900,세종로,15,15,4,8,2150.25
20260224,11,서울특별시,11230,동대문구,11,서울특별시,11110,종로구,1111011900,세종로,15,30,1,1,2125.0
20260224,11,서울특별시,11230,동대문구,11,서울특별시,11110,종로구,1111011900,세종로,15,45,3,5,1641.4
20260224,11,서울특별시,11230,동대문구,11,서울특별시,11110,종로구,1111011900,세종로,16,00,4,9,1835.56
20260224,11,서울특별시,11230,동대문구,11,서울특별시,11110,종로구,1111011900,세종로,16,15,4,8,1636.12
20260224,11,서울특별시,11230,동대문구,11,서울특별시,11110,종로구,1111011900,세종로,16,30,4,7,1747.0
20260224,11,서울특별시,11230,동대문구,11,서울특별시,11110,종로구,1111011900,세종로,16,45,2,5,1652.2
20260224,11,서울특별시,11230,동대문구,11,서울특별시,11110,종로구,1111011900,세종로,17,00,7,19,1845.11
20260224,11,서울특별시,11230,동대문구,11,서울특별시,11110,종로구,1111011900,세종로,17,15,3,8,1454.62
20260224,11,서울특별시,11230,동대문구,11,서울특별시,11110,종로구,1111011900,세종로,17,30,4,5,1667.4
20260224,11,서울특별시,11230,동대문구,11,서울특별시,11110,종로구,1111011900,세종로,17,45,4,4,1635.5
20260224,11,서울특별시,11230,동대문구,11,서울특별시,11110,종로구,1111011900,세종로,18,00,4,8,1446.38
20260224,11,서울특별시,11230,동대문구,11,서울특별시,11110,종로구,1111011900,세종로,18,15,6,10,1669.7
20260224,11,서울특별시,11230,동대문구,11,서울특별시,11110,종로구,1111011900,세종로,18,30,4,7,1715.0
20260224,11,서울특별시,11230,동대문구,11,서울특별시,11110,종로구,1111011900,세종로,18,45,2,5,2460.8
20260224,11,서울특별시,11230,동대문구,11,서울특별시,11110,종로구,1111011900,세종로,19,00,1,2,1421.0
20260224,11,서울특별시,11230,동대문구,11,서울특별시,11110,종로구,1111011900,세종로,19,15,1,1,1477.0
20260224,11,서울특별시,11230,동대문구,11,서울특별시,11110,종로구,1111011900,세종로,19,45,1,1,2381.0
20260224,11,서울특별시,11230,동대문구,11,서울특별시,11110,종로구,1111011900,세종로,20,00,1,2,1460.0
20260224,11,서울특별시,11230,동대문구,11,서울특별시,11110,종로구,1111011900,세종로,20,45,2,3,1569.67
20260224,11,서울특별시,11230,동대문구,11,서울특별시,11110,종로구,1111011900,세종로,21,00,2,2,1224.0
20260224,11,서울특별시,11230,동대문구,11,서울특별시,11110,종로구,1111011900,세종로,21,15,1,2,1289.0
20260224,11,서울특별시,11230,동대문구,11,서울특별시,11110,종로구,1111011900,세종로,21,45,1,1,1833.0
20260224,11,서울특별시,11230,동대문구,11,서울특별시,11110,종로구,1111011900,세종로,22,00,1,1,1456.0
20260224,11,서울특별시,11230,동대문구,11,서울특별시,11110,종로구,1111011900,세종로,22,15,1,1,1573.0
20260224,11,서울특별시,11230,동대문구,11,서울특별시,11110,종로구,1111011900,세종로,22,45,1,1,1385.0
20260224,11,서울특별시,11260,중랑구,11,서울특별시,11110,종로구,1111011900,세종로,05,00,1,1,2055.0
20260224,11,서울특별시,11260,중랑구,11,서울특별시,11110,종로구,1111011900,세종로,05,15,2,2,2434.0
20260224,11,서울특별시,11260,중랑구,11,서울특별시,11110,종로구,1111011900,세종로,05,30,3,7,2509.14
20260224,11,서울특별시,11260,중랑구,11,서울특별시,11110,종로구,1111011900,세종로,05,45,3,4,2540.5
20260224,11,서울특별시,11260,중랑구,11,서울특별시,11110,종로구,1111011900,세종로,06,00,5,12,2357.0
20260224,11,서울특별시,11260,중랑구,11,서울특별시,11110,종로구,1111011900,세종로,06,15,3,7,2559.0
20260224,11,서울특별시,11260,중랑구,11,서울특별시,11110,종로구,1111011900,세종로,06,30,5,14,2388.57
20260224,11,서울특별시,11260,중랑구,11,서울특별시,11110,종로구,1111011900,세종로,06,45,5,20,2456.4
20260224,11,서울특별시,11260,중랑구,11,서울특별시,11110,종로구,1111011900,세종로,07,00,4,24,2437.29
20260224,11,서울특별시,11260,중랑구,11,서울특별시,11110,종로구,1111011900,세종로,07,15,6,25,2531.44
20260224,11,서울특별시,11260,중랑구,11,서울특별시,11110,종로구,1111011900,세종로,07,30,6,48,2458.88
20260224,11,서울특별시,11260,중랑구,11,서울특별시,11110,종로구,1111011900,세종로,07,45,6,62,2490.37
20260224,11,서울특별시,11260,중랑구,11,서울특별시,11110,종로구,1111011900,세종로,08,00,6,77,2457.27
20260224,11,서울특별시,11260,중랑구,11,서울특별시,11110,종로구,1111011900,세종로,08,15,6,21,2468.71
20260224,11,서울특별시,11260,중랑구,11,서울특별시,11110,종로구,1111011900,세종로,08,30,6,23,2413.35
20260224,11,서울특별시,11260,중랑구,11,서울특별시,11110,종로구,1111011900,세종로,08,45,6,22,2439.59
20260224,11,서울특별시,11260,중랑구,11,서울특별시,11110,종로구,1111011900,세종로,09,00,6,17,2592.88
20260224,11,서울특별시,11260,중랑구,11,서울특별시,11110,종로구,1111011900,세종로,09,15,2,5,2298.2
20260224,11,서울특별시,11260,중랑구,11,서울특별시,11110,종로구,1111011900,세종로,09,30,3,9,2532.0
20260224,11,서울특별시,11260,중랑구,11,서울특별시,11110,종로구,1111011900,세종로,09,45,3,8,2395.38
20260224,11,서울특별시,11260,중랑구,11,서울특별시,11110,종로구,1111011900,세종로,10,00,3,8,2359.0
20260224,11,서울특별시,11260,중랑구,11,서울특별시,11110,종로구,1111011900,세종로,10,15,3,3,2595.67
20260224,11,서울특별시,11260,중랑구,11,서울특별시,11110,종로구,1111011900,세종로,10,30,5,11,2569.64
20260224,11,서울특별시,11260,중랑구,11,서울특별시,11110,종로구,1111011900,세종로,10,45,3,3,2832.0
20260224,11,서울특별시,11260,중랑구,11,서울특별시,11110,종로구,1111011900,세종로,11,00,2,2,2867.0
20260224,11,서울특별시,11260,중랑구,11,서울특별시,11110,종로구,1111011900,세종로,11,15,3,8,2886.5
20260224,11,서울특별시,11260,중랑구,11,서울특별시,11110,종로구,1111011900,세종로,11,30,3,4,2763.75
20260224,11,서울특별시,11260,중랑구,11,서울특별시,11110,종로구,1111011900,세종로,11,45,3,3,2709.67
20260224,11,서울특별시,11260,중랑구,11,서울특별시,11110,종로구,1111011900,세종로,12,00,2,5,2220.2
20260224,11,서울특별시,11260,중랑구,11,서울특별시,11110,종로구,1111011900,세종로,12,15,2,4,2515.5
20260224,11,서울특별시,11260,중랑구,11,서울특별시,11110,종로구,1111011900,세종로,12,30,4,7,2944.14
20260224,11,서울특별시,11260,중랑구,11,서울특별시,11110,종로구,1111011900,세종로,12,45,1,6,2657.0
20260224,11,서울특별시,11260,중랑구,11,서울특별시,11110,종로구,1111011900,세종로,13,00,3,3,2291.33
20260224,11,서울특별시,11260,중랑구,11,서울특별시,11110,종로구,1111011900,세종로,13,15,4,7,2926.57
20260224,11,서울특별시,11260,중랑구,11,서울특별시,11110,종로구,1111011900,세종로,13,30,1,2,2483.0
20260224,11,서울특별시,11260,중랑구,11,서울특별시,11110,종로구,1111011900,세종로,13,45,3,5,2835.8
20260224,11,서울특별시,11260,중랑구,11,서울특별시,11110,종로구,1111011900,세종로,14,00,2,2,2485.0
20260224,11,서울특별시,11260,중랑구,11,서울특별시,11110,종로구,1111011900,세종로,14,15,1,1,2764.0
20260224,11,서울특별시,11260,중랑구,11,서울특별시,11110,종로구,1111011900,세종로,14,30,1,1,2445.0
20260224,11,서울특별시,11260,중랑구,11,서울특별시,11110,종로구,1111011900,세종로,14,45,1,1,3162.0
20260224,11,서울특별시,11260,중랑구,11,서울특별시,11110,종로구,1111011900,세종로,15,00,2,7,2301.43
20260224,11,서울특별시,11260,중랑구,11,서울특별시,11110,종로구,1111011900,세종로,15,15,1,2,2383.0
20260224,11,서울특별시,11260,중랑구,11,서울특별시,11110,종로구,1111011900,세종로,15,30,1,1,2646.0
20260224,11,서울특별시,11260,중랑구,11,서울특별시,11110,종로구,1111011900,세종로,16,00,3,6,2381.17
20260224,11,서울특별시,11260,중랑구,11,서울특별시,11110,종로구,1111011900,세종로,16,15,2,2,2732.5
20260224,11,서울특별시,11260,중랑구,11,서울특별시,11110,종로구,1111011900,세종로,16,30,2,2,2323.0
20260224,11,서울특별시,11260,중랑구,11,서울특별시,11110,종로구,1111011900,세종로,16,45,1,4,2495.0
20260224,11,서울특별시,11260,중랑구,11,서울특별시,11110,종로구,1111011900,세종로,17,00,3,3,2696.33
20260224,11,서울특별시,11260,중랑구,11,서울특별시,11110,종로구,1111011900,세종로,17,15,2,2,2587.0
20260224,11,서울특별시,11260,중랑구,11,서울특별시,11110,종로구,1111011900,세종로,17,30,2,4,2447.0
20260224,11,서울특별시,11260,중랑구,11,서울특별시,11110,종로구,1111011900,세종로,17,45,1,1,2347.0
20260224,11,서울특별시,11260,중랑구,11,서울특별시,11110,종로구,1111011900,세종로,18,00,1,1,2287.0
20260224,11,서울특별시,11260,중랑구,11,서울특별시,11110,종로구,1111011900,세종로,18,15,2,3,2435.33
20260224,11,서울특별시,11260,중랑구,11,서울특별시,11110,종로구,1111011900,세종로,18,30,1,2,2150.0
20260224,11,서울특별시,11260,중랑구,11,서울특별시,11110,종로구,1111011900,세종로,19,00,1,1,4256.0
20260224,11,서울특별시,11260,중랑구,11,서울특별시,11110,종로구,1111011900,세종로,19,45,1,1,2820.0
20260224,11,서울특별시,11260,중랑구,11,서울특별시,11110,종로구,1111011900,세종로,20,15,1,2,2152.0
20260224,11,서울특별시,11260,중랑구,11,서울특별시,11110,종로구,1111011900,세종로,21,15,1,1,2069.0
20260224,11,서울특별시,11290,성북구,11,서울특별시,11110,종로구,1111011900,세종로,03,30,1,1,1643.0
20260224,11,서울특별시,11290,성북구,11,서울특별시,11110,종로구,1111011900,세종로,04,00,3,5,2028.6
20260224,11,서울특별시,11290,성북구,11,서울특별시,11110,종로구,1111011900,세종로,04,15,2,2,1188.0
20260224,11,서울특별시,11290,성북구,11,서울특별시,11110,종로구,1111011900,세종로,05,00,1,1,2953.0
20260224,11,서울특별시,11290,성북구,11,서울특별시,11110,종로구,1111011900,세종로,05,15,3,4,1784.25
20260224,11,서울특별시,11290,성북구,11,서울특별시,11110,종로구,1111011900,세종로,05,30,5,5,1739.8
20260224,11,서울특별시,11290,성북구,11,서울특별시,11110,종로구,1111011900,세종로,05,45,3,3,1692.0
20260224,11,서울특별시,11290,성북구,11,서울특별시,11110,종로구,1111011900,세종로,06,00,5,6,1694.83
20260224,11,서울특별시,11290,성북구,11,서울특별시,11110,종로구,1111011900,세종로,06,15,7,9,2129.56
20260224,11,서울특별시,11290,성북구,11,서울특별시,11110,종로구,1111011900,세종로,06,30,6,7,1857.57
20260224,11,서울특별시,11290,성북구,11,서울특별시,11110,종로구,1111011900,세종로,06,45,12,19,1748.16
20260224,11,서울특별시,11290,성북구,11,서울특별시,11110,종로구,1111011900,세종로,07,00,9,31,1851.06
20260224,11,서울특별시,11290,성북구,11,서울특별시,11110,종로구,1111011900,세종로,07,15,9,23,1743.52
20260224,11,서울특별시,11290,성북구,11,서울특별시,11110,종로구,1111011900,세종로,07,30,10,42,1789.71
20260224,11,서울특별시,11290,성북구,11,서울특별시,11110,종로구,1111011900,세종로,07,45,13,52,1830.08
20260224,11,서울특별시,11290,성북구,11,서울특별시,11110,종로구,1111011900,세종로,08,00,12,93,1892.25
20260224,11,서울특별시,11290,성북구,11,서울특별시,11110,종로구,1111011900,세종로,08,15,14,106,1897.52
20260224,11,서울특별시,11290,성북구,11,서울특별시,11110,종로구,1111011900,세종로,08,30,11,38,1740.0
20260224,11,서울특별시,11290,성북구,11,서울특별시,11110,종로구,1111011900,세종로,08,45,11,27,1811.48
20260224,11,서울특별시,11290,성북구,11,서울특별시,11110,종로구,1111011900,세종로,09,00,11,28,1778.93
20260224,11,서울특별시,11290,성북구,11,서울특별시,11110,종로구,1111011900,세종로,09,15,14,30,1702.63
20260224,11,서울특별시,11290,성북구,11,서울특별시,11110,종로구,1111011900,세종로,09,30,6,8,1877.12
20260224,11,서울특별시,11290,성북구,11,서울특별시,11110,종로구,1111011900,세종로,09,45,6,9,2004.56
20260224,11,서울특별시,11290,성북구,11,서울특별시,11110,종로구,1111011900,세종로,10,00,7,24,1860.08
20260224,11,서울특별시,11290,성북구,11,서울특별시,11110,종로구,1111011900,세종로,10,15,6,8,1659.62
20260224,11,서울특별시,11290,성북구,11,서울특별시,11110,종로구,1111011900,세종로,10,30,5,9,1796.33
20260224,11,서울특별시,11290,성북구,11,서울특별시,11110,종로구,1111011900,세종로,10,45,2,3,2001.33
20260224,11,서울특별시,11290,성북구,11,서울특별시,11110,종로구,1111011900,세종로,11,00,4,5,1851.2
20260224,11,서울특별시,11290,성북구,11,서울특별시,11110,종로구,1111011900,세종로,11,15,6,11,1988.55
20260224,11,서울특별시,11290,성북구,11,서울특별시,11110,종로구,1111011900,세종로,11,30,5,5,1689.4
20260224,11,서울특별시,11290,성북구,11,서울특별시,11110,종로구,1111011900,세종로,11,45,5,7,1712.29
20260224,11,서울특별시,11290,성북구,11,서울특별시,11110,종로구,1111011900,세종로,12,00,4,5,1870.4
20260224,11,서울특별시,11290,성북구,11,서울특별시,11110,종로구,1111011900,세종로,12,15,7,12,2015.67
20260224,11,서울특별시,11290,성북구,11,서울특별시,11110,종로구,1111011900,세종로,12,30,3,3,3156.33
20260224,11,서울특별시,11290,성북구,11,서울특별시,11110,종로구,1111011900,세종로,12,45,2,3,1608.0
20260224,11,서울특별시,11290,성북구,11,서울특별시,11110,종로구,1111011900,세종로,13,00,5,5,1785.8
20260224,11,서울특별시,11290,성북구,11,서울특별시,11110,종로구,1111011900,세종로,13,15,4,10,1788.2
20260224,11,서울특별시,11290,성북구,11,서울특별시,11110,종로구,1111011900,세종로,13,30,4,4,1651.0
20260224,11,서울특별시,11290,성북구,11,서울특별시,11110,종로구,1111011900,세종로,13,45,4,5,2214.2
20260224,11,서울특별시,11290,성북구,11,서울특별시,11110,종로구,1111011900,세종로,14,00,6,7,1767.29
20260224,11,서울특별시,11290,성북구,11,서울특별시,11110,종로구,1111011900,세종로,14,15,1,1,1787.0
20260224,11,서울특별시,11290,성북구,11,서울특별시,11110,종로구,1111011900,세종로,14,30,2,2,1680.0
20260224,11,서울특별시,11290,성북구,11,서울특별시,11110,종로구,1111011900,세종로,14,45,1,1,1820.0
20260224,11,서울특별시,11290,성북구,11,서울특별시,11110,종로구,1111011900,세종로,15,00,4,6,2038.5
20260224,11,서울특별시,11290,성북구,11,서울특별시,11110,종로구,1111011900,세종로,15,15,4,7,1874.57
20260224,11,서울특별시,11290,성북구,11,서울특별시,11110,종로구,1111011900,세종로,15,30,5,7,1839.71
20260224,11,서울특별시,11290,성북구,11,서울특별시,11110,종로구,1111011900,세종로,15,45,4,9,1928.11
20260224,11,서울특별시,11290,성북구,11,서울특별시,11110,종로구,1111011900,세종로,16,00,3,3,2046.0
20260224,11,서울특별시,11290,성북구,11,서울특별시,11110,종로구,1111011900,세종로,16,15,8,10,1623.3
20260224,11,서울특별시,11290,성북구,11,서울특별시,11110,종로구,1111011900,세종로,16,30,1,2,2261.0
20260224,11,서울특별시,11290,성북구,11,서울특별시,11110,종로구,1111011900,세종로,16,45,3,3,1844.33
20260224,11,서울특별시,11290,성북구,11,서울특별시,11110,종로구,1111011900,세종로,17,00,3,5,1830.8
20260224,11,서울특별시,11290,성북구,11,서울특별시,11110,종로구,1111011900,세종로,17,15,10,20,1660.9
20260224,11,서울특별시,11290,성북구,11,서울특별시,11110,종로구,1111011900,세종로,17,30,7,8,1723.0
20260224,11,서울특별시,11290,성북구,11,서울특별시,11110,종로구,1111011900,세종로,17,45,4,5,1367.6
20260224,11,서울특별시,11290,성북구,11,서울특별시,11110,종로구,1111011900,세종로,18,00,4,6,1625.0
20260224,11,서울특별시,11290,성북구,11,서울특별시,11110,종로구,1111011900,세종로,18,15,5,5,1675.0
20260224,11,서울특별시,11290,성북구,11,서울특별시,11110,종로구,1111011900,세종로,18,30,1,1,1423.0
20260224,11,서울특별시,11290,성북구,11,서울특별시,11110,종로구,1111011900,세종로,18,45,2,2,1867.5
20260224,11,서울특별시,11290,성북구,11,서울특별시,11110,종로구,1111011900,세종로,19,00,1,1,2360.0
20260224,11,서울특별시,11290,성북구,11,서울특별시,11110,종로구,1111011900,세종로,19,30,2,2,1519.0
20260224,11,서울특별시,11290,성북구,11,서울특별시,11110,종로구,1111011900,세종로,19,45,4,6,1635.0
20260224,11,서울특별시,11290,성북구,11,서울특별시,11110,종로구,1111011900,세종로,20,30,1,1,1707.0
20260224,11,서울특별시,11290,성북구,11,서울특별시,11110,종로구,1111011900,세종로,21,00,1,1,1878.0
20260224,11,서울특별시,11290,성북구,11,서울특별시,11110,종로구,1111011900,세종로,21,30,1,1,2417.0
20260224,11,서울특별시,11305,강북구,11,서울특별시,11110,종로구,1111011900,세종로,00,45,1,1,2645.0
20260224,11,서울특별시,11305,강북구,11,서울특별시,11110,종로구,1111011900,세종로,04,30,1,1,2286.0
20260224,11,서울특별시,11305,강북구,11,서울특별시,11110,종로구,1111011900,세종로,04,45,1,1,2519.0
20260224,11,서울특별시,11305,강북구,11,서울특별시,11110,종로구,1111011900,세종로,05,00,2,2,2101.5
20260224,11,서울특별시,11305,강북구,11,서울특별시,11110,종로구,1111011900,세종로,05,15,3,5,3067.8
20260224,11,서울특별시,11305,강북구,11,서울특별시,11110,종로구,1111011900,세종로,05,30,2,3,1905.0
20260224,11,서울특별시,11305,강북구,11,서울특별시,11110,종로구,1111011900,세종로,05,45,3,7,2200.29
20260224,11,서울특별시,11305,강북구,11,서울특별시,11110,종로구,1111011900,세종로,06,00,3,9,1948.67
20260224,11,서울특별시,11305,강북구,11,서울특별시,11110,종로구,1111011900,세종로,06,15,4,8,2250.88
20260224,11,서울특별시,11305,강북구,11,서울특별시,11110,종로구,1111011900,세종로,06,30,1,3,1780.0
20260224,11,서울특별시,11305,강북구,11,서울특별시,11110,종로구,1111011900,세종로,06,45,4,9,2296.0
20260224,11,서울특별시,11305,강북구,11,서울특별시,11110,종로구,1111011900,세종로,07,00,4,20,2122.9
20260224,11,서울특별시,11305,강북구,11,서울특별시,11110,종로구,1111011900,세종로,07,15,4,21,2219.24
20260224,11,서울특별시,11305,강북구,11,서울특별시,11110,종로구,1111011900,세종로,07,30,4,26,2240.08
20260224,11,서울특별시,11305,강북구,11,서울특별시,11110,종로구,1111011900,세종로,07,45,4,36,2259.19
20260224,11,서울특별시,11305,강북구,11,서울특별시,11110,종로구,1111011900,세종로,08,00,4,42,2195.71
20260224,11,서울특별시,11305,강북구,11,서울특별시,11110,종로구,1111011900,세종로,08,15,4,21,2171.67
20260224,11,서울특별시,11305,강북구,11,서울특별시,11110,종로구,1111011900,세종로,08,30,4,13,1965.69
20260224,11,서울특별시,11305,강북구,11,서울특별시,11110,종로구,1111011900,세종로,08,45,4,15,2082.73
20260224,11,서울특별시,11305,강북구,11,서울특별시,11110,종로구,1111011900,세종로,09,00,4,19,2157.53
20260224,11,서울특별시,11305,강북구,11,서울특별시,11110,종로구,1111011900,세종로,09,15,3,18,2004.72
20260224,11,서울특별시,11305,강북구,11,서울특별시,11110,종로구,1111011900,세종로,09,30,2,2,1868.5
20260224,11,서울특별시,11305,강북구,11,서울특별시,11110,종로구,1111011900,세종로,09,45,3,6,2071.67
20260224,11,서울특별시,11305,강북구,11,서울특별시,11110,종로구,1111011900,세종로,10,00,3,4,2300.25
20260224,11,서울특별시,11305,강북구,11,서울특별시,11110,종로구,1111011900,세종로,10,15,2,5,1932.6
20260224,11,서울특별시,11305,강북구,11,서울특별시,11110,종로구,1111011900,세종로,10,30,1,1,1883.0
20260224,11,서울특별시,11305,강북구,11,서울특별시,11110,종로구,1111011900,세종로,10,45,2,6,2071.5
20260224,11,서울특별시,11305,강북구,11,서울특별시,11110,종로구,1111011900,세종로,11,00,3,8,2135.5
20260224,11,서울특별시,11305,강북구,11,서울특별시,11110,종로구,1111011900,세종로,11,15,1,1,2138.0
20260224,11,서울특별시,11305,강북구,11,서울특별시,11110,종로구,1111011900,세종로,11,30,3,8,2532.25
20260224,11,서울특별시,11305,강북구,11,서울특별시,11110,종로구,1111011900,세종로,11,45,1,5,2328.0
20260224,11,서울특별시,11305,강북구,11,서울특별시,11110,종로구,1111011900,세종로,12,00,3,5,2245.4
20260224,11,서울특별시,11305,강북구,11,서울특별시,11110,종로구,1111011900,세종로,12,15,3,4,2602.25
20260224,11,서울특별시,11305,강북구,11,서울특별시,11110,종로구,1111011900,세종로,12,30,1,2,2606.0
20260224,11,서울특별시,11305,강북구,11,서울특별시,11110,종로구,1111011900,세종로,12,45,2,6,2041.33
20260224,11,서울특별시,11305,강북구,11,서울특별시,11110,종로구,1111011900,세종로,13,00,3,6,2087.5
20260224,11,서울특별시,11305,강북구,11,서울특별시,11110,종로구,1111011900,세종로,13,15,2,7,2107.14
20260224,11,서울특별시,11305,강북구,11,서울특별시,11110,종로구,1111011900,세종로,13,30,2,4,2650.5
20260224,11,서울특별시,11305,강북구,11,서울특별시,11110,종로구,1111011900,세종로,13,45,2,5,1988.6
20260224,11,서울특별시,11305,강북구,11,서울특별시,11110,종로구,1111011900,세종로,14,00,3,5,2142.2
20260224,11,서울특별시,11305,강북구,11,서울특별시,11110,종로구,1111011900,세종로,14,15,2,2,2651.5
20260224,11,서울특별시,11305,강북구,11,서울특별시,11110,종로구,1111011900,세종로,14,30,2,2,2473.0
20260224,11,서울특별시,11305,강북구,11,서울특별시,11110,종로구,1111011900,세종로,14,45,1,1,2123.0
20260224,11,서울특별시,11305,강북구,11,서울특별시,11110,종로구,1111011900,세종로,15,00,2,2,1937.0
20260224,11,서울특별시,11305,강북구,11,서울특별시,11110,종로구,1111011900,세종로,15,15,2,4,2298.0
20260224,11,서울특별시,11305,강북구,11,서울특별시,11110,종로구,1111011900,세종로,15,30,1,1,2516.0
20260224,11,서울특별시,11305,강북구,11,서울특별시,11110,종로구,1111011900,세종로,15,45,1,3,2827.0
20260224,11,서울특별시,11305,강북구,11,서울특별시,11110,종로구,1111011900,세종로,16,00,1,1,2518.0
20260224,11,서울특별시,11305,강북구,11,서울특별시,11110,종로구,1111011900,세종로,16,15,2,2,2458.5
20260224,11,서울특별시,11305,강북구,11,서울특별시,11110,종로구,1111011900,세종로,16,30,2,2,2428.0
20260224,11,서울특별시,11305,강북구,11,서울특별시,11110,종로구,1111011900,세종로,16,45,3,5,2273.8
20260224,11,서울특별시,11305,강북구,11,서울특별시,11110,종로구,1111011900,세종로,17,00,2,2,2936.0
20260224,11,서울특별시,11305,강북구,11,서울특별시,11110,종로구,1111011900,세종로,17,15,1,1,1807.0
20260224,11,서울특별시,11305,강북구,11,서울특별시,11110,종로구,1111011900,세종로,17,30,2,2,2649.5
20260224,11,서울특별시,11305,강북구,11,서울특별시,11110,종로구,1111011900,세종로,17,45,3,9,2436.67
20260224,11,서울특별시,11305,강북구,11,서울특별시,11110,종로구,1111011900,세종로,18,00,2,3,2214.67
20260224,11,서울특별시,11305,강북구,11,서울특별시,11110,종로구,1111011900,세종로,18,15,2,2,1814.5
20260224,11,서울특별시,11305,강북구,11,서울특별시,11110,종로구,1111011900,세종로,18,30,2,3,2120.0
20260224,11,서울특별시,11305,강북구,11,서울특별시,11110,종로구,1111011900,세종로,18,45,1,1,1696.0
20260224,11,서울특별시,11305,강북구,11,서울특별시,11110,종로구,1111011900,세종로,19,00,1,1,3260.0
20260224,11,서울특별시,11305,강북구,11,서울특별시,11110,종로구,1111011900,세종로,19,30,1,1,2593.0
20260224,11,서울특별시,11305,강북구,11,서울특별시,11110,종로구,1111011900,세종로,20,00,1,1,1710.0
20260224,11,서울특별시,11320,도봉구,11,서울특별시,11110,종로구,1111011900,세종로,04,45,1,1,3308.0
20260224,11,서울특별시,11320,도봉구,11,서울특별시,11110,종로구,1111011900,세종로,05,00,2,2,3174.0
20260224,11,서울특별시,11320,도봉구,11,서울특별시,11110,종로구,1111011900,세종로,05,15,2,4,2474.5
20260224,11,서울특별시,11320,도봉구,11,서울특별시,11110,종로구,1111011900,세종로,05,30,2,5,2310.2
20260224,11,서울특별시,11320,도봉구,11,서울특별시,11110,종로구,1111011900,세종로,05,45,3,7,2651.14
20260224,11,서울특별시,11320,도봉구,11,서울특별시,11110,종로구,1111011900,세종로,06,00,2,7,2191.29
20260224,11,서울특별시,11320,도봉구,11,서울특별시,11110,종로구,1111011900,세종로,06,15,4,12,2454.25
20260224,11,서울특별시,11320,도봉구,11,서울특별시,11110,종로구,1111011900,세종로,06,30,3,9,2518.11
20260224,11,서울특별시,11320,도봉구,11,서울특별시,11110,종로구,1111011900,세종로,06,45,4,16,2504.94
20260224,11,서울특별시,11320,도봉구,11,서울특별시,11110,종로구,1111011900,세종로,07,00,3,10,2422.2
20260224,11,서울특별시,11320,도봉구,11,서울특별시,11110,종로구,1111011900,세종로,07,15,3,21,2518.57
20260224,11,서울특별시,11320,도봉구,11,서울특별시,11110,종로구,1111011900,세종로,07,30,4,38,2711.13
20260224,11,서울특별시,11320,도봉구,11,서울특별시,11110,종로구,1111011900,세종로,07,45,4,48,2666.81
20260224,11,서울특별시,11320,도봉구,11,서울특별시,11110,종로구,1111011900,세종로,08,00,3,58,2553.93
20260224,11,서울특별시,11320,도봉구,11,서울특별시,11110,종로구,1111011900,세종로,08,15,3,14,2517.43
20260224,11,서울특별시,11320,도봉구,11,서울특별시,11110,종로구,1111011900,세종로,08,30,4,16,2593.75
20260224,11,서울특별시,11320,도봉구,11,서울특별시,11110,종로구,1111011900,세종로,08,45,4,21,2455.29
20260224,11,서울특별시,11320,도봉구,11,서울특별시,11110,종로구,1111011900,세종로,09,00,3,9,2363.11
20260224,11,서울특별시,11320,도봉구,11,서울특별시,11110,종로구,1111011900,세종로,09,15,2,5,2276.6
20260224,11,서울특별시,11320,도봉구,11,서울특별시,11110,종로구,1111011900,세종로,09,30,2,7,2285.57
20260224,11,서울특별시,11320,도봉구,11,서울특별시,11110,종로구,1111011900,세종로,09,45,2,8,2410.25
20260224,11,서울특별시,11320,도봉구,11,서울특별시,11110,종로구,1111011900,세종로,10,00,3,10,2514.5
20260224,11,서울특별시,11320,도봉구,11,서울특별시,11110,종로구,1111011900,세종로,10,15,2,5,2276.0
20260224,11,서울특별시,11320,도봉구,11,서울특별시,11110,종로구,1111011900,세종로,10,30,2,9,2314.56
20260224,11,서울특별시,11320,도봉구,11,서울특별시,11110,종로구,1111011900,세종로,10,45,1,4,2491.0
20260224,11,서울특별시,11320,도봉구,11,서울특별시,11110,종로구,1111011900,세종로,11,00,1,5,2325.0
20260224,11,서울특별시,11320,도봉구,11,서울특별시,11110,종로구,1111011900,세종로,11,15,2,9,2756.89
20260224,11,서울특별시,11320,도봉구,11,서울특별시,11110,종로구,1111011900,세종로,11,45,2,3,2388.33
20260224,11,서울특별시,11320,도봉구,11,서울특별시,11110,종로구,1111011900,세종로,12,00,1,4,2193.0
20260224,11,서울특별시,11320,도봉구,11,서울특별시,11110,종로구,1111011900,세종로,12,15,1,1,2369.0
20260224,11,서울특별시,11320,도봉구,11,서울특별시,11110,종로구,1111011900,세종로,12,45,4,9,2679.78
20260224,11,서울특별시,11320,도봉구,11,서울특별시,11110,종로구,1111011900,세종로,13,00,1,3,2309.0
20260224,11,서울특별시,11320,도봉구,11,서울특별시,11110,종로구,1111011900,세종로,13,15,1,1,2227.0
20260224,11,서울특별시,11320,도봉구,11,서울특별시,11110,종로구,1111011900,세종로,13,45,1,3,2293.0
20260224,11,서울특별시,11320,도봉구,11,서울특별시,11110,종로구,1111011900,세종로,14,00,1,1,1977.0
20260224,11,서울특별시,11320,도봉구,11,서울특별시,11110,종로구,1111011900,세종로,14,15,1,3,2465.0
20260224,11,서울특별시,11320,도봉구,11,서울특별시,11110,종로구,1111011900,세종로,14,45,1,4,2343.0
20260224,11,서울특별시,11320,도봉구,11,서울특별시,11110,종로구,1111011900,세종로,15,15,3,3,2905.0
20260224,11,서울특별시,11320,도봉구,11,서울특별시,11110,종로구,1111011900,세종로,15,30,3,3,4009.0
20260224,11,서울특별시,11320,도봉구,11,서울특별시,11110,종로구,1111011900,세종로,15,45,2,2,3126.0
20260224,11,서울특별시,11320,도봉구,11,서울특별시,11110,종로구,1111011900,세종로,16,00,2,4,2547.25
20260224,11,서울특별시,11320,도봉구,11,서울특별시,11110,종로구,1111011900,세종로,16,15,1,2,2834.0
20260224,11,서울특별시,11320,도봉구,11,서울특별시,11110,종로구,1111011900,세종로,16,30,2,3,2979.33
20260224,11,서울특별시,11320,도봉구,11,서울특별시,11110,종로구,1111011900,세종로,16,45,3,6,2494.17
20260224,11,서울특별시,11320,도봉구,11,서울특별시,11110,종로구,1111011900,세종로,17,00,1,5,2340.0
20260224,11,서울특별시,11320,도봉구,11,서울특별시,11110,종로구,1111011900,세종로,17,15,1,1,1992.0
20260224,11,서울특별시,11320,도봉구,11,서울특별시,11110,종로구,1111011900,세종로,17,30,1,1,2579.0
20260224,11,서울특별시,11320,도봉구,11,서울특별시,11110,종로구,1111011900,세종로,17,45,1,1,1899.0
20260224,11,서울특별시,11320,도봉구,11,서울특별시,11110,종로구,1111011900,세종로,18,00,2,2,3056.0
20260224,11,서울특별시,11320,도봉구,11,서울특별시,11110,종로구,1111011900,세종로,18,15,2,5,2252.6
20260224,11,서울특별시,11320,도봉구,11,서울특별시,11110,종로구,1111011900,세종로,18,30,2,2,2293.0
20260224,11,서울특별시,11320,도봉구,11,서울특별시,11110,종로구,1111011900,세종로,19,45,1,1,2759.0
20260224,11,서울특별시,11320,도봉구,11,서울특별시,11110,종로구,1111011900,세종로,20,15,1,1,2517.0
20260224,11,서울특별시,11320,도봉구,11,서울특별시,11110,종로구,1111011900,세종로,20,30,2,2,2146.0
20260224,11,서울특별시,11320,도봉구,11,서울특별시,11110,종로구,1111011900,세종로,20,45,1,1,2965.0
20260224,11,서울특별시,11350,노원구,11,서울특별시,11110,종로구,1111011900,세종로,03,15,2,3,2300.67
20260224,11,서울특별시,11350,노원구,11,서울특별시,11110,종로구,1111011900,세종로,05,00,2,2,3453.5
20260224,11,서울특별시,11350,노원구,11,서울특별시,11110,종로구,1111011900,세종로,05,15,2,5,2854.8
20260224,11,서울특별시,11350,노원구,11,서울특별시,11110,종로구,1111011900,세종로,05,30,4,14,2629.57
20260224,11,서울특별시,11350,노원구,11,서울특별시,11110,종로구,1111011900,세종로,05,45,3,11,2752.45
20260224,11,서울특별시,11350,노원구,11,서울특별시,11110,종로구,1111011900,세종로,06,00,5,15,2704.13
20260224,11,서울특별시,11350,노원구,11,서울특별시,11110,종로구,1111011900,세종로,06,15,3,11,2830.45
20260224,11,서울특별시,11350,노원구,11,서울특별시,11110,종로구,1111011900,세종로,06,30,4,21,2783.76
20260224,11,서울특별시,11350,노원구,11,서울특별시,11110,종로구,1111011900,세종로,06,45,4,34,2940.0
20260224,11,서울특별시,11350,노원구,11,서울특별시,11110,종로구,1111011900,세종로,07,00,5,45,2642.02
20260224,11,서울특별시,11350,노원구,11,서울특별시,11110,종로구,1111011900,세종로,07,15,5,48,2844.4
20260224,11,서울특별시,11350,노원구,11,서울특별시,11110,종로구,1111011900,세종로,07,30,5,111,2880.32
20260224,11,서울특별시,11350,노원구,11,서울특별시,11110,종로구,1111011900,세종로,07,45,5,124,2834.69
20260224,11,서울특별시,11350,노원구,11,서울특별시,11110,종로구,1111011900,세종로,08,00,5,103,2702.78
20260224,11,서울특별시,11350,노원구,11,서울특별시,11110,종로구,1111011900,세종로,08,15,5,38,2603.18
20260224,11,서울특별시,11350,노원구,11,서울특별시,11110,종로구,1111011900,세종로,08,30,5,36,2580.17
20260224,11,서울특별시,11350,노원구,11,서울특별시,11110,종로구,1111011900,세종로,08,45,5,35,2794.31
20260224,11,서울특별시,11350,노원구,11,서울특별시,11110,종로구,1111011900,세종로,09,00,4,29,2754.62
20260224,11,서울특별시,11350,노원구,11,서울특별시,11110,종로구,1111011900,세종로,09,15,5,18,2739.94
20260224,11,서울특별시,11350,노원구,11,서울특별시,11110,종로구,1111011900,세종로,09,30,4,14,2706.21
20260224,11,서울특별시,11350,노원구,11,서울특별시,11110,종로구,1111011900,세종로,09,45,3,12,2865.0
20260224,11,서울특별시,11350,노원구,11,서울특별시,11110,종로구,1111011900,세종로,10,00,2,14,2553.86
20260224,11,서울특별시,11350,노원구,11,서울특별시,11110,종로구,1111011900,세종로,10,15,4,12,2657.58
20260224,11,서울특별시,11350,노원구,11,서울특별시,11110,종로구,1111011900,세종로,10,30,2,7,2953.29
20260224,11,서울특별시,11350,노원구,11,서울특별시,11110,종로구,1111011900,세종로,10,45,4,16,3135.38
20260224,11,서울특별시,11350,노원구,11,서울특별시,11110,종로구,1111011900,세종로,11,00,3,9,2563.22
20260224,11,서울특별시,11350,노원구,11,서울특별시,11110,종로구,1111011900,세종로,11,15,3,6,2683.5
20260224,11,서울특별시,11350,노원구,11,서울특별시,11110,종로구,1111011900,세종로,11,30,3,11,3310.64
20260224,11,서울특별시,11350,노원구,11,서울특별시,11110,종로구,1111011900,세종로,11,45,2,11,2580.91
20260224,11,서울특별시,11350,노원구,11,서울특별시,11110,종로구,1111011900,세종로,12,00,2,8,2643.62
20260224,11,서울특별시,11350,노원구,11,서울특별시,11110,종로구,1111011900,세종로,12,15,4,8,3155.62
20260224,11,서울특별시,11350,노원구,11,서울특별시,11110,종로구,1111011900,세종로,12,30,3,7,3013.86
20260224,11,서울특별시,11350,노원구,11,서울특별시,11110,종로구,1111011900,세종로,12,45,3,8,2735.0
20260224,11,서울특별시,11350,노원구,11,서울특별시,11110,종로구,1111011900,세종로,13,00,3,6,2675.0
20260224,11,서울특별시,11350,노원구,11,서울특별시,11110,종로구,1111011900,세종로,13,15,1,2,2599.0
20260224,11,서울특별시,11350,노원구,11,서울특별시,11110,종로구,1111011900,세종로,13,30,2,3,2976.67
20260224,11,서울특별시,11350,노원구,11,서울특별시,11110,종로구,1111011900,세종로,13,45,3,12,2795.17
20260224,11,서울특별시,11350,노원구,11,서울특별시,11110,종로구,1111011900,세종로,14,00,3,3,2764.0
20260224,11,서울특별시,11350,노원구,11,서울특별시,11110,종로구,1111011900,세종로,14,15,3,4,2794.0
20260224,11,서울특별시,11350,노원구,11,서울특별시,11110,종로구,1111011900,세종로,14,30,4,8,3081.38
20260224,11,서울특별시,11350,노원구,11,서울특별시,11110,종로구,1111011900,세종로,14,45,4,7,3171.14
20260224,11,서울특별시,11350,노원구,11,서울특별시,11110,종로구,1111011900,세종로,15,00,2,2,3062.5
20260224,11,서울특별시,11350,노원구,11,서울특별시,11110,종로구,1111011900,세종로,15,15,3,6,2996.83
20260224,11,서울특별시,11350,노원구,11,서울특별시,11110,종로구,1111011900,세종로,15,30,3,4,2390.5
20260224,11,서울특별시,11350,노원구,11,서울특별시,11110,종로구,1111011900,세종로,15,45,4,5,2719.8
20260224,11,서울특별시,11350,노원구,11,서울특별시,11110,종로구,1111011900,세종로,16,00,3,7,2915.29
20260224,11,서울특별시,11350,노원구,11,서울특별시,11110,종로구,1111011900,세종로,16,15,3,4,2703.75
20260224,11,서울특별시,11350,노원구,11,서울특별시,11110,종로구,1111011900,세종로,16,30,3,6,3260.17
20260224,11,서울특별시,11350,노원구,11,서울특별시,11110,종로구,1111011900,세종로,16,45,3,7,2985.0
20260224,11,서울특별시,11350,노원구,11,서울특별시,11110,종로구,1111011900,세종로,17,00,3,10,2681.7
20260224,11,서울특별시,11350,노원구,11,서울특별시,11110,종로구,1111011900,세종로,17,15,4,7,2557.14
20260224,11,서울특별시,11350,노원구,11,서울특별시,11110,종로구,1111011900,세종로,17,30,4,5,2563.2
20260224,11,서울특별시,11350,노원구,11,서울특별시,11110,종로구,1111011900,세종로,17,45,4,6,2446.83
20260224,11,서울특별시,11350,노원구,11,서울특별시,11110,종로구,1111011900,세종로,18,00,4,6,2428.67
20260224,11,서울특별시,11350,노원구,11,서울특별시,11110,종로구,1111011900,세종로,18,15,3,4,2549.25
20260224,11,서울특별시,11350,노원구,11,서울특별시,11110,종로구,1111011900,세종로,18,30,1,2,3163.0
20260224,11,서울특별시,11350,노원구,11,서울특별시,11110,종로구,1111011900,세종로,19,00,1,1,2448.0
20260224,11,서울특별시,11350,노원구,11,서울특별시,11110,종로구,1111011900,세종로,19,15,1,1,3267.0
20260224,11,서울특별시,11350,노원구,11,서울특별시,11110,종로구,1111011900,세종로,19,30,1,1,2665.0
20260224,11,서울특별시,11380,은평구,11,서울특별시,11110,종로구,1111011900,세종로,00,00,1,1,1610.0
20260224,11,서울특별시,11380,은평구,11,서울특별시,11110,종로구,1111011900,세종로,00,15,2,2,1174.0
20260224,11,서울특별시,11380,은평구,11,서울특별시,11110,종로구,1111011900,세종로,00,30,1,1,1026.0
20260224,11,서울특별시,11380,은평구,11,서울특별시,11110,종로구,1111011900,세종로,01,15,1,1,2805.0
20260224,11,서울특별시,11380,은평구,11,서울특별시,11110,종로구,1111011900,세종로,01,45,1,1,2407.0
20260224,11,서울특별시,11380,은평구,11,서울특별시,11110,종로구,1111011900,세종로,02,00,1,1,1529.0
20260224,11,서울특별시,11380,은평구,11,서울특별시,11110,종로구,1111011900,세종로,02,15,1,1,1736.0
20260224,11,서울특별시,11380,은평구,11,서울특별시,11110,종로구,1111011900,세종로,02,45,1,1,1924.0
20260224,11,서울특별시,11380,은평구,11,서울특별시,11110,종로구,1111011900,세종로,03,15,1,1,2237.0
20260224,11,서울특별시,11380,은평구,11,서울특별시,11110,종로구,1111011900,세종로,03,30,3,4,1475.5
20260224,11,서울특별시,11380,은평구,11,서울특별시,11110,종로구,1111011900,세종로,03,45,1,1,2198.0
20260224,11,서울특별시,11380,은평구,11,서울특별시,11110,종로구,1111011900,세종로,04,00,9,20,1522.8
20260224,11,서울특별시,11380,은평구,11,서울특별시,11110,종로구,1111011900,세종로,04,15,7,27,1550.37
20260224,11,서울특별시,11380,은평구,11,서울특별시,11110,종로구,1111011900,세종로,04,30,8,24,1694.54
20260224,11,서울특별시,11380,은평구,11,서울특별시,11110,종로구,1111011900,세종로,04,45,6,17,1589.53
20260224,11,서울특별시,11380,은평구,11,서울특별시,11110,종로구,1111011900,세종로,05,00,5,8,1583.38
20260224,11,서울특별시,11380,은평구,11,서울특별시,11110,종로구,1111011900,세종로,05,15,7,13,1766.69
20260224,11,서울특별시,11380,은평구,11,서울특별시,11110,종로구,1111011900,세종로,05,30,10,24,1721.21
20260224,11,서울특별시,11380,은평구,11,서울특별시,11110,종로구,1111011900,세종로,05,45,6,18,1891.78
20260224,11,서울특별시,11380,은평구,11,서울특별시,11110,종로구,1111011900,세종로,06,00,10,41,1852.78
20260224,11,서울특별시,11380,은평구,11,서울특별시,11110,종로구,1111011900,세종로,06,15,9,35,1918.63
20260224,11,서울특별시,11380,은평구,11,서울특별시,11110,종로구,1111011900,세종로,06,30,10,38,2044.87
20260224,11,서울특별시,11380,은평구,11,서울특별시,11110,종로구,1111011900,세종로,06,45,10,47,1964.34
20260224,11,서울특별시,11380,은평구,11,서울특별시,11110,종로구,1111011900,세종로,07,00,10,53,2156.89
20260224,11,서울특별시,11380,은평구,11,서울특별시,11110,종로구,1111011900,세종로,07,15,11,36,2141.22
20260224,11,서울특별시,11380,은평구,11,서울특별시,11110,종로구,1111011900,세종로,07,30,11,85,2168.79
20260224,11,서울특별시,11380,은평구,11,서울특별시,11110,종로구,1111011900,세종로,07,45,11,102,2183.63
20260224,11,서울특별시,11380,은평구,11,서울특별시,11110,종로구,1111011900,세종로,08,00,11,127,2181.8
20260224,11,서울특별시,11380,은평구,11,서울특별시,11110,종로구,1111011900,세종로,08,15,10,81,2038.7
20260224,11,서울특별시,11380,은평구,11,서울특별시,11110,종로구,1111011900,세종로,08,30,10,48,2063.21
20260224,11,서울특별시,11380,은평구,11,서울특별시,11110,종로구,1111011900,세종로,08,45,11,52,1880.12
20260224,11,서울특별시,11380,은평구,11,서울특별시,11110,종로구,1111011900,세종로,09,00,11,46,1811.46
20260224,11,서울특별시,11380,은평구,11,서울특별시,11110,종로구,1111011900,세종로,09,15,11,46,1953.61
20260224,11,서울특별시,11380,은평구,11,서울특별시,11110,종로구,1111011900,세종로,09,30,8,17,1798.82
20260224,11,서울특별시,11380,은평구,11,서울특별시,11110,종로구,1111011900,세종로,09,45,10,29,1902.72
20260224,11,서울특별시,11380,은평구,11,서울특별시,11110,종로구,1111011900,세종로,10,00,9,21,1869.24
20260224,11,서울특별시,11380,은평구,11,서울특별시,11110,종로구,1111011900,세종로,10,15,10,25,1876.28
20260224,11,서울특별시,11380,은평구,11,서울특별시,11110,종로구,1111011900,세종로,10,30,8,27,1778.74
20260224,11,서울특별시,11380,은평구,11,서울특별시,11110,종로구,1111011900,세종로,10,45,7,28,1953.18
20260224,11,서울특별시,11380,은평구,11,서울특별시,11110,종로구,1111011900,세종로,11,00,8,17,1796.76
20260224,11,서울특별시,11380,은평구,11,서울특별시,11110,종로구,1111011900,세종로,11,15,9,16,1764.06
20260224,11,서울특별시,11380,은평구,11,서울특별시,11110,종로구,1111011900,세종로,11,30,7,10,2090.5
20260224,11,서울특별시,11380,은평구,11,서울특별시,11110,종로구,1111011900,세종로,11,45,7,23,1965.87
20260224,11,서울특별시,11380,은평구,11,서울특별시,11110,종로구,1111011900,세종로,12,00,7,11,2105.91
20260224,11,서울특별시,11380,은평구,11,서울특별시,11110,종로구,1111011900,세종로,12,15,6,25,1817.56
20260224,11,서울특별시,11380,은평구,11,서울특별시,11110,종로구,1111011900,세종로,12,30,8,20,1784.85
20260224,11,서울특별시,11380,은평구,11,서울특별시,11110,종로구,1111011900,세종로,12,45,7,15,1997.6
20260224,11,서울특별시,11380,은평구,11,서울특별시,11110,종로구,1111011900,세종로,13,00,9,17,1822.29
20260224,11,서울특별시,11380,은평구,11,서울특별시,11110,종로구,1111011900,세종로,13,15,7,13,1867.54
20260224,11,서울특별시,11380,은평구,11,서울특별시,11110,종로구,1111011900,세종로,13,30,6,8,1749.25
20260224,11,서울특별시,11380,은평구,11,서울특별시,11110,종로구,1111011900,세종로,13,45,8,13,1994.62
20260224,11,서울특별시,11380,은평구,11,서울특별시,11110,종로구,1111011900,세종로,14,00,3,12,1612.17
20260224,11,서울특별시,11380,은평구,11,서울특별시,11110,종로구,1111011900,세종로,14,15,7,14,2211.64
20260224,11,서울특별시,11380,은평구,11,서울특별시,11110,종로구,1111011900,세종로,14,30,3,5,2963.6
20260224,11,서울특별시,11380,은평구,11,서울특별시,11110,종로구,1111011900,세종로,14,45,3,3,1973.67
20260224,11,서울특별시,11380,은평구,11,서울특별시,11110,종로구,1111011900,세종로,15,00,4,5,1886.8
20260224,11,서울특별시,11380,은평구,11,서울특별시,11110,종로구,1111011900,세종로,15,15,6,7,1798.0
20260224,11,서울특별시,11380,은평구,11,서울특별시,11110,종로구,1111011900,세종로,15,30,3,9,1826.44
20260224,11,서울특별시,11380,은평구,11,서울특별시,11110,종로구,1111011900,세종로,15,45,5,10,1744.8
20260224,11,서울특별시,11380,은평구,11,서울특별시,11110,종로구,1111011900,세종로,16,00,4,7,1960.86
20260224,11,서울특별시,11380,은평구,11,서울특별시,11110,종로구,1111011900,세종로,16,15,8,15,1894.0
20260224,11,서울특별시,11380,은평구,11,서울특별시,11110,종로구,1111011900,세종로,16,30,6,8,1973.25
20260224,11,서울특별시,11380,은평구,11,서울특별시,11110,종로구,1111011900,세종로,16,45,4,9,1569.89
20260224,11,서울특별시,11380,은평구,11,서울특별시,11110,종로구,1111011900,세종로,17,00,7,10,1808.2
20260224,11,서울특별시,11380,은평구,11,서울특별시,11110,종로구,1111011900,세종로,17,15,7,10,1660.5
20260224,11,서울특별시,11380,은평구,11,서울특별시,11110,종로구,1111011900,세종로,17,30,7,12,1883.0
20260224,11,서울특별시,11380,은평구,11,서울특별시,11110,종로구,1111011900,세종로,17,45,4,7,1709.43
20260224,11,서울특별시,11380,은평구,11,서울특별시,11110,종로구,1111011900,세종로,18,00,7,8,1863.38
20260224,11,서울특별시,11380,은평구,11,서울특별시,11110,종로구,1111011900,세종로,18,15,7,7,1797.43
20260224,11,서울특별시,11380,은평구,11,서울특별시,11110,종로구,1111011900,세종로,18,30,2,2,2168.5
20260224,11,서울특별시,11380,은평구,11,서울특별시,11110,종로구,1111011900,세종로,18,45,3,3,2048.0
20260224,11,서울특별시,11380,은평구,11,서울특별시,11110,종로구,1111011900,세종로,19,00,7,8,1707.88
20260224,11,서울특별시,11380,은평구,11,서울특별시,11110,종로구,1111011900,세종로,19,15,4,4,1666.25
20260224,11,서울특별시,11380,은평구,11,서울특별시,11110,종로구,1111011900,세종로,19,30,5,6,1668.83
20260224,11,서울특별시,11380,은평구,11,서울특별시,11110,종로구,1111011900,세종로,19,45,2,3,1778.33
20260224,11,서울특별시,11380,은평구,11,서울특별시,11110,종로구,1111011900,세종로,20,00,3,4,1731.0
20260224,11,서울특별시,11380,은평구,11,서울특별시,11110,종로구,1111011900,세종로,20,15,2,5,1865.2
20260224,11,서울특별시,11380,은평구,11,서울특별시,11110,종로구,1111011900,세종로,20,30,2,2,1497.0
20260224,11,서울특별시,11380,은평구,11,서울특별시,11110,종로구,1111011900,세종로,20,45,3,4,1786.0
20260224,11,서울특별시,11380,은평구,11,서울특별시,11110,종로구,1111011900,세종로,21,00,3,3,2213.67
20260224,11,서울특별시,11380,은평구,11,서울특별시,11110,종로구,1111011900,세종로,21,15,2,2,1220.5
20260224,11,서울특별시,11380,은평구,11,서울특별시,11110,종로구,1111011900,세종로,21,30,3,4,1649.25
20260224,11,서울특별시,11380,은평구,11,서울특별시,11110,종로구,1111011900,세종로,21,45,1,1,1151.0
20260224,11,서울특별시,11380,은평구,11,서울특별시,11110,종로구,1111011900,세종로,22,15,1,1,1537.0
20260224,11,서울특별시,11380,은평구,11,서울특별시,11110,종로구,1111011900,세종로,23,00,1,1,1028.0
20260224,11,서울특별시,11410,서대문구,11,서울특별시,11110,종로구,1111011900,세종로,00,30,2,2,952.5
20260224,11,서울특별시,11410,서대문구,11,서울특별시,11110,종로구,1111011900,세종로,02,00,1,1,557.0
20260224,11,서울특별시,11410,서대문구,11,서울특별시,11110,종로구,1111011900,세종로,03,00,1,1,1467.0
20260224,11,서울특별시,11410,서대문구,11,서울특별시,11110,종로구,1111011900,세종로,03,30,2,2,973.5
20260224,11,서울특별시,11410,서대문구,11,서울특별시,11110,종로구,1111011900,세종로,03,45,1,1,1604.0
20260224,11,서울특별시,11410,서대문구,11,서울특별시,11110,종로구,1111011900,세종로,04,00,1,1,2486.0
20260224,11,서울특별시,11410,서대문구,11,서울특별시,11110,종로구,1111011900,세종로,04,15,6,10,949.3
20260224,11,서울특별시,11410,서대문구,11,서울특별시,11110,종로구,1111011900,세종로,04,30,5,13,1062.0
20260224,11,서울특별시,11410,서대문구,11,서울특별시,11110,종로구,1111011900,세종로,04,45,6,13,1177.31
20260224,11,서울특별시,11410,서대문구,11,서울특별시,11110,종로구,1111011900,세종로,05,00,7,12,1240.58
20260224,11,서울특별시,11410,서대문구,11,서울특별시,11110,종로구,1111011900,세종로,05,15,6,8,936.75
20260224,11,서울특별시,11410,서대문구,11,서울특별시,11110,종로구,1111011900,세종로,05,30,5,7,1315.71
20260224,11,서울특별시,11410,서대문구,11,서울특별시,11110,종로구,1111011900,세종로,05,45,6,13,849.15
20260224,11,서울특별시,11410,서대문구,11,서울특별시,11110,종로구,1111011900,세종로,06,00,9,21,1087.33
20260224,11,서울특별시,11410,서대문구,11,서울특별시,11110,종로구,1111011900,세종로,06,15,10,21,985.05
20260224,11,서울특별시,11410,서대문구,11,서울특별시,11110,종로구,1111011900,세종로,06,30,10,28,1043.93
20260224,11,서울특별시,11410,서대문구,11,서울특별시,11110,종로구,1111011900,세종로,06,45,8,24,1349.46
20260224,11,서울특별시,11410,서대문구,11,서울특별시,11110,종로구,1111011900,세종로,07,00,9,34,1305.85
20260224,11,서울특별시,11410,서대문구,11,서울특별시,11110,종로구,1111011900,세종로,07,15,10,39,1218.0
20260224,11,서울특별시,11410,서대문구,11,서울특별시,11110,종로구,1111011900,세종로,07,30,13,76,1184.96
20260224,11,서울특별시,11410,서대문구,11,서울특별시,11110,종로구,1111011900,세종로,07,45,12,61,1464.39
20260224,11,서울특별시,11410,서대문구,11,서울특별시,11110,종로구,1111011900,세종로,08,00,12,101,1248.47
20260224,11,서울특별시,11410,서대문구,11,서울특별시,11110,종로구,1111011900,세종로,08,15,13,116,1142.83
20260224,11,서울특별시,11410,서대문구,11,서울특별시,11110,종로구,1111011900,세종로,08,30,13,147,944.61
20260224,11,서울특별시,11410,서대문구,11,서울특별시,11110,종로구,1111011900,세종로,08,45,11,67,1035.82
20260224,11,서울특별시,11410,서대문구,11,서울특별시,11110,종로구,1111011900,세종로,09,00,12,71,1033.86
20260224,11,서울특별시,11410,서대문구,11,서울특별시,11110,종로구,1111011900,세종로,09,15,10,54,995.63
20260224,11,서울특별시,11410,서대문구,11,서울특별시,11110,종로구,1111011900,세종로,09,30,9,42,828.19
20260224,11,서울특별시,11410,서대문구,11,서울특별시,11110,종로구,1111011900,세종로,09,45,9,36,922.83
20260224,11,서울특별시,11410,서대문구,11,서울특별시,11110,종로구,1111011900,세종로,10,00,9,36,766.31
20260224,11,서울특별시,11410,서대문구,11,서울특별시,11110,종로구,1111011900,세종로,10,15,10,34,938.03
20260224,11,서울특별시,11410,서대문구,11,서울특별시,11110,종로구,1111011900,세종로,10,30,11,40,783.38
20260224,11,서울특별시,11410,서대문구,11,서울특별시,11110,종로구,1111011900,세종로,10,45,10,36,920.97
20260224,11,서울특별시,11410,서대문구,11,서울특별시,11110,종로구,1111011900,세종로,11,00,11,34,883.38
20260224,11,서울특별시,11410,서대문구,11,서울특별시,11110,종로구,1111011900,세종로,11,15,7,33,579.82
20260224,11,서울특별시,11410,서대문구,11,서울특별시,11110,종로구,1111011900,세종로,11,30,10,53,677.28
20260224,11,서울특별시,11410,서대문구,11,서울특별시,11110,종로구,1111011900,세종로,11,45,8,23,972.91
20260224,11,서울특별시,11410,서대문구,11,서울특별시,11110,종로구,1111011900,세종로,12,00,10,25,930.48
20260224,11,서울특별시,11410,서대문구,11,서울특별시,11110,종로구,1111011900,세종로,12,15,11,28,1009.14
20260224,11,서울특별시,11410,서대문구,11,서울특별시,11110,종로구,1111011900,세종로,12,30,10,33,809.24
20260224,11,서울특별시,11410,서대문구,11,서울특별시,11110,종로구,1111011900,세종로,12,45,9,32,620.16
20260224,11,서울특별시,11410,서대문구,11,서울특별시,11110,종로구,1111011900,세종로,13,00,10,26,1090.65
20260224,11,서울특별시,11410,서대문구,11,서울특별시,11110,종로구,1111011900,세종로,13,15,11,40,910.72
20260224,11,서울특별시,11410,서대문구,11,서울특별시,11110,종로구,1111011900,세종로,13,30,12,34,1173.82
20260224,11,서울특별시,11410,서대문구,11,서울특별시,11110,종로구,1111011900,세종로,13,45,8,26,977.31
20260224,11,서울특별시,11410,서대문구,11,서울특별시,11110,종로구,1111011900,세종로,14,00,9,38,1261.71
20260224,11,서울특별시,11410,서대문구,11,서울특별시,11110,종로구,1111011900,세종로,14,15,12,40,749.52
20260224,11,서울특별시,11410,서대문구,11,서울특별시,11110,종로구,1111011900,세종로,14,30,7,28,881.0
20260224,11,서울특별시,11410,서대문구,11,서울특별시,11110,종로구,1111011900,세종로,14,45,7,25,821.28
20260224,11,서울특별시,11410,서대문구,11,서울특별시,11110,종로구,1111011900,세종로,15,00,9,21,897.24
20260224,11,서울특별시,11410,서대문구,11,서울특별시,11110,종로구,1111011900,세종로,15,15,10,28,784.54
20260224,11,서울특별시,11410,서대문구,11,서울특별시,11110,종로구,1111011900,세종로,15,30,10,27,904.26
20260224,11,서울특별시,11410,서대문구,11,서울특별시,11110,종로구,1111011900,세종로,15,45,8,25,1083.72
20260224,11,서울특별시,11410,서대문구,11,서울특별시,11110,종로구,1111011900,세종로,16,00,8,17,970.53
20260224,11,서울특별시,11410,서대문구,11,서울특별시,11110,종로구,1111011900,세종로,16,15,11,28,989.64
20260224,11,서울특별시,11410,서대문구,11,서울특별시,11110,종로구,1111011900,세종로,16,30,9,25,1026.28
20260224,11,서울특별시,11410,서대문구,11,서울특별시,11110,종로구,1111011900,세종로,16,45,9,23,831.26
20260224,11,서울특별시,11410,서대문구,11,서울특별시,11110,종로구,1111011900,세종로,17,00,9,33,809.61
20260224,11,서울특별시,11410,서대문구,11,서울특별시,11110,종로구,1111011900,세종로,17,15,11,31,1030.45
20260224,11,서울특별시,11410,서대문구,11,서울특별시,11110,종로구,1111011900,세종로,17,30,11,46,791.89
20260224,11,서울특별시,11410,서대문구,11,서울특별시,11110,종로구,1111011900,세종로,17,45,10,30,667.2
20260224,11,서울특별시,11410,서대문구,11,서울특별시,11110,종로구,1111011900,세종로,18,00,11,57,601.93
20260224,11,서울특별시,11410,서대문구,11,서울특별시,11110,종로구,1111011900,세종로,18,15,7,34,592.76
20260224,11,서울특별시,11410,서대문구,11,서울특별시,11110,종로구,1111011900,세종로,18,30,9,29,685.24
20260224,11,서울특별시,11410,서대문구,11,서울특별시,11110,종로구,1111011900,세종로,18,45,6,22,562.05
20260224,11,서울특별시,11410,서대문구,11,서울특별시,11110,종로구,1111011900,세종로,19,00,5,12,643.67
20260224,11,서울특별시,11410,서대문구,11,서울특별시,11110,종로구,1111011900,세종로,19,15,6,19,622.47
20260224,11,서울특별시,11410,서대문구,11,서울특별시,11110,종로구,1111011900,세종로,19,30,3,3,891.0
20260224,11,서울특별시,11410,서대문구,11,서울특별시,11110,종로구,1111011900,세종로,19,45,6,9,620.44
20260224,11,서울특별시,11410,서대문구,11,서울특별시,11110,종로구,1111011900,세종로,20,00,4,7,473.29
20260224,11,서울특별시,11410,서대문구,11,서울특별시,11110,종로구,1111011900,세종로,20,15,4,11,542.64
20260224,11,서울특별시,11410,서대문구,11,서울특별시,11110,종로구,1111011900,세종로,20,30,5,10,1006.8
20260224,11,서울특별시,11410,서대문구,11,서울특별시,11110,종로구,1111011900,세종로,20,45,1,2,486.0
20260224,11,서울특별시,11410,서대문구,11,서울특별시,11110,종로구,1111011900,세종로,21,00,4,5,663.4
20260224,11,서울특별시,11410,서대문구,11,서울특별시,11110,종로구,1111011900,세종로,21,15,1,1,346.0
20260224,11,서울특별시,11410,서대문구,11,서울특별시,11110,종로구,1111011900,세종로,21,30,2,2,1107.0
20260224,11,서울특별시,11410,서대문구,11,서울특별시,11110,종로구,1111011900,세종로,21,45,1,1,990.0
20260224,11,서울특별시,11410,서대문구,11,서울특별시,11110,종로구,1111011900,세종로,22,00,1,1,563.0
20260224,11,서울특별시,11410,서대문구,11,서울특별시,11110,종로구,1111011900,세종로,22,15,2,2,242.5
20260224,11,서울특별시,11410,서대문구,11,서울특별시,11110,종로구,1111011900,세종로,22,30,1,1,1339.0
20260224,11,서울특별시,11410,서대문구,11,서울특별시,11110,종로구,1111011900,세종로,22,45,2,2,1187.0
20260224,11,서울특별시,11410,서대문구,11,서울특별시,11110,종로구,1111011900,세종로,23,30,1,1,312.0
20260224,11,서울특별시,11440,마포구,11,서울특별시,11110,종로구,1111011900,세종로,00,00,1,1,882.0
20260224,11,서울특별시,11440,마포구,11,서울특별시,11110,종로구,1111011900,세종로,01,45,1,1,916.0
20260224,11,서울특별시,11440,마포구,11,서울특별시,11110,종로구,1111011900,세종로,02,00,1,2,1225.0
20260224,11,서울특별시,11440,마포구,11,서울특별시,11110,종로구,1111011900,세종로,03,15,1,1,1308.0
20260224,11,서울특별시,11440,마포구,11,서울특별시,11110,종로구,1111011900,세종로,03,30,2,2,1043.0
20260224,11,서울특별시,11440,마포구,11,서울특별시,11110,종로구,1111011900,세종로,04,00,1,1,1652.0
20260224,11,서울특별시,11440,마포구,11,서울특별시,11110,종로구,1111011900,세종로,04,15,4,4,1338.5
20260224,11,서울특별시,11440,마포구,11,서울특별시,11110,종로구,1111011900,세종로,04,30,3,7,577.71
20260224,11,서울특별시,11440,마포구,11,서울특별시,11110,종로구,1111011900,세종로,04,45,7,13,1326.46
20260224,11,서울특별시,11440,마포구,11,서울특별시,11110,종로구,1111011900,세종로,05,00,3,4,969.25
20260224,11,서울특별시,11440,마포구,11,서울특별시,11110,종로구,1111011900,세종로,05,15,5,8,661.0
20260224,11,서울특별시,11440,마포구,11,서울특별시,11110,종로구,1111011900,세종로,05,30,8,18,1236.61
20260224,11,서울특별시,11440,마포구,11,서울특별시,11110,종로구,1111011900,세종로,05,45,6,14,1069.07
20260224,11,서울특별시,11440,마포구,11,서울특별시,11110,종로구,1111011900,세종로,06,00,10,19,1185.42
20260224,11,서울특별시,11440,마포구,11,서울특별시,11110,종로구,1111011900,세종로,06,15,11,32,1036.0
20260224,11,서울특별시,11440,마포구,11,서울특별시,11110,종로구,1111011900,세종로,06,30,9,35,998.0
20260224,11,서울특별시,11440,마포구,11,서울특별시,11110,종로구,1111011900,세종로,06,45,14,47,1103.72
20260224,11,서울특별시,11440,마포구,11,서울특별시,11110,종로구,1111011900,세종로,07,00,16,81,1082.57
20260224,11,서울특별시,11440,마포구,11,서울특별시,11110,종로구,1111011900,세종로,07,15,17,121,1093.4
20260224,11,서울특별시,11440,마포구,11,서울특별시,11110,종로구,1111011900,세종로,07,30,18,173,1038.28
20260224,11,서울특별시,11440,마포구,11,서울특별시,11110,종로구,1111011900,세종로,07,45,17,191,1098.73
20260224,11,서울특별시,11440,마포구,11,서울특별시,11110,종로구,1111011900,세종로,08,00,18,325,1067.75
20260224,11,서울특별시,11440,마포구,11,서울특별시,11110,종로구,1111011900,세종로,08,15,18,460,1115.25
20260224,11,서울특별시,11440,마포구,11,서울특별시,11110,종로구,1111011900,세종로,08,30,16,444,939.93
20260224,11,서울특별시,11440,마포구,11,서울특별시,11110,종로구,1111011900,세종로,08,45,15,197,950.04
20260224,11,서울특별시,11440,마포구,11,서울특별시,11110,종로구,1111011900,세종로,09,00,16,155,940.7
20260224,11,서울특별시,11440,마포구,11,서울특별시,11110,종로구,1111011900,세종로,09,15,13,110,967.11
20260224,11,서울특별시,11440,마포구,11,서울특별시,11110,종로구,1111011900,세종로,09,30,14,125,957.34
20260224,11,서울특별시,11440,마포구,11,서울특별시,11110,종로구,1111011900,세종로,09,45,15,78,969.47
20260224,11,서울특별시,11440,마포구,11,서울특별시,11110,종로구,1111011900,세종로,10,00,12,60,952.47
20260224,11,서울특별시,11440,마포구,11,서울특별시,11110,종로구,1111011900,세종로,10,15,12,49,1088.04
20260224,11,서울특별시,11440,마포구,11,서울특별시,11110,종로구,1111011900,세종로,10,30,12,57,1072.23
20260224,11,서울특별시,11440,마포구,11,서울특별시,11110,종로구,1111011900,세종로,10,45,10,55,1147.69
20260224,11,서울특별시,11440,마포구,11,서울특별시,11110,종로구,1111011900,세종로,11,00,14,83,1089.33
20260224,11,서울특별시,11440,마포구,11,서울특별시,11110,종로구,1111011900,세종로,11,15,12,65,1010.17
20260224,11,서울특별시,11440,마포구,11,서울특별시,11110,종로구,1111011900,세종로,11,30,13,52,976.85
20260224,11,서울특별시,11440,마포구,11,서울특별시,11110,종로구,1111011900,세종로,11,45,10,41,1127.68
20260224,11,서울특별시,11440,마포구,11,서울특별시,11110,종로구,1111011900,세종로,12,00,13,55,1138.65
20260224,11,서울특별시,11440,마포구,11,서울특별시,11110,종로구,1111011900,세종로,12,15,11,51,1212.86
20260224,11,서울특별시,11440,마포구,11,서울특별시,11110,종로구,1111011900,세종로,12,30,8,60,972.73
20260224,11,서울특별시,11440,마포구,11,서울특별시,11110,종로구,1111011900,세종로,12,45,12,58,1120.88
20260224,11,서울특별시,11440,마포구,11,서울특별시,11110,종로구,1111011900,세종로,13,00,11,64,1017.81
20260224,11,서울특별시,11440,마포구,11,서울특별시,11110,종로구,1111011900,세종로,13,15,12,68,1111.62
20260224,11,서울특별시,11440,마포구,11,서울특별시,11110,종로구,1111011900,세종로,13,30,11,62,1238.1
20260224,11,서울특별시,11440,마포구,11,서울특별시,11110,종로구,1111011900,세종로,13,45,9,32,1186.5
20260224,11,서울특별시,11440,마포구,11,서울특별시,11110,종로구,1111011900,세종로,14,00,11,63,1040.16
20260224,11,서울특별시,11440,마포구,11,서울특별시,11110,종로구,1111011900,세종로,14,15,8,39,1074.85
20260224,11,서울특별시,11440,마포구,11,서울특별시,11110,종로구,1111011900,세종로,14,30,10,44,990.34
20260224,11,서울특별시,11440,마포구,11,서울특별시,11110,종로구,1111011900,세종로,14,45,13,38,1130.03
20260224,11,서울특별시,11440,마포구,11,서울특별시,11110,종로구,1111011900,세종로,15,00,13,43,1157.67
20260224,11,서울특별시,11440,마포구,11,서울특별시,11110,종로구,1111011900,세종로,15,15,15,54,1111.28
20260224,11,서울특별시,11440,마포구,11,서울특별시,11110,종로구,1111011900,세종로,15,30,13,30,1075.57
20260224,11,서울특별시,11440,마포구,11,서울특별시,11110,종로구,1111011900,세종로,15,45,9,35,1065.91
20260224,11,서울특별시,11440,마포구,11,서울특별시,11110,종로구,1111011900,세종로,16,00,10,34,1241.24
20260224,11,서울특별시,11440,마포구,11,서울특별시,11110,종로구,1111011900,세종로,16,15,11,42,1074.93
20260224,11,서울특별시,11440,마포구,11,서울특별시,11110,종로구,1111011900,세종로,16,30,11,51,1195.24
20260224,11,서울특별시,11440,마포구,11,서울특별시,11110,종로구,1111011900,세종로,16,45,11,29,1014.59
20260224,11,서울특별시,11440,마포구,11,서울특별시,11110,종로구,1111011900,세종로,17,00,12,52,1117.71
20260224,11,서울특별시,11440,마포구,11,서울특별시,11110,종로구,1111011900,세종로,17,15,13,53,1094.19
20260224,11,서울특별시,11440,마포구,11,서울특별시,11110,종로구,1111011900,세종로,17,30,10,59,1230.64
20260224,11,서울특별시,11440,마포구,11,서울특별시,11110,종로구,1111011900,세종로,17,45,11,56,1018.16
20260224,11,서울특별시,11440,마포구,11,서울특별시,11110,종로구,1111011900,세종로,18,00,13,55,1092.89
20260224,11,서울특별시,11440,마포구,11,서울특별시,11110,종로구,1111011900,세종로,18,15,10,64,939.8
20260224,11,서울특별시,11440,마포구,11,서울특별시,11110,종로구,1111011900,세종로,18,30,10,55,956.71
20260224,11,서울특별시,11440,마포구,11,서울특별시,11110,종로구,1111011900,세종로,18,45,10,37,1092.95
20260224,11,서울특별시,11440,마포구,11,서울특별시,11110,종로구,1111011900,세종로,19,00,6,14,1111.43
20260224,11,서울특별시,11440,마포구,11,서울특별시,11110,종로구,1111011900,세종로,19,15,6,10,962.4
20260224,11,서울특별시,11440,마포구,11,서울특별시,11110,종로구,1111011900,세종로,19,30,8,15,1236.6
20260224,11,서울특별시,11440,마포구,11,서울특별시,11110,종로구,1111011900,세종로,19,45,5,13,1142.0
20260224,11,서울특별시,11440,마포구,11,서울특별시,11110,종로구,1111011900,세종로,20,00,6,11,893.09
20260224,11,서울특별시,11440,마포구,11,서울특별시,11110,종로구,1111011900,세종로,20,15,3,7,851.14
20260224,11,서울특별시,11440,마포구,11,서울특별시,11110,종로구,1111011900,세종로,20,30,5,6,1005.67
20260224,11,서울특별시,11440,마포구,11,서울특별시,11110,종로구,1111011900,세종로,20,45,4,8,1042.62
20260224,11,서울특별시,11440,마포구,11,서울특별시,11110,종로구,1111011900,세종로,21,00,4,9,1208.56
20260224,11,서울특별시,11440,마포구,11,서울특별시,11110,종로구,1111011900,세종로,21,15,5,7,970.71
20260224,11,서울특별시,11440,마포구,11,서울특별시,11110,종로구,1111011900,세종로,21,30,3,6,711.0
20260224,11,서울특별시,11440,마포구,11,서울특별시,11110,종로구,1111011900,세종로,21,45,7,11,1095.64
20260224,11,서울특별시,11440,마포구,11,서울특별시,11110,종로구,1111011900,세종로,22,00,6,11,1094.27
20260224,11,서울특별시,11440,마포구,11,서울특별시,11110,종로구,1111011900,세종로,22,15,3,4,1316.75
20260224,11,서울특별시,11440,마포구,11,서울특별시,11110,종로구,1111011900,세종로,22,30,2,2,1209.5
20260224,11,서울특별시,11440,마포구,11,서울특별시,11110,종로구,1111011900,세종로,22,45,2,3,738.67
20260224,11,서울특별시,11440,마포구,11,서울특별시,11110,종로구,1111011900,세종로,23,00,1,1,1599.0
20260224,11,서울특별시,11440,마포구,11,서울특별시,11110,종로구,1111011900,세종로,23,15,1,1,1403.0
20260224,11,서울특별시,11440,마포구,11,서울특별시,11110,종로구,1111011900,세종로,23,30,1,1,792.0
20260224,11,서울특별시,11440,마포구,11,서울특별시,11110,종로구,1111011900,세종로,23,45,2,2,577.5
20260224,11,서울특별시,11470,양천구,11,서울특별시,11110,종로구,1111011900,세종로,01,45,1,1,1964.0
20260224,11,서울특별시,11470,양천구,11,서울특별시,11110,종로구,1111011900,세종로,04,15,1,2,2322.0
20260224,11,서울특별시,11470,양천구,11,서울특별시,11110,종로구,1111011900,세종로,04,30,1,2,2314.0
20260224,11,서울특별시,11470,양천구,11,서울특별시,11110,종로구,1111011900,세종로,04,45,1,1,2105.0
20260224,11,서울특별시,11470,양천구,11,서울특별시,11110,종로구,1111011900,세종로,05,00,2,4,3019.5
20260224,11,서울특별시,11470,양천구,11,서울특별시,11110,종로구,1111011900,세종로,05,15,3,11,2516.64
20260224,11,서울특별시,11470,양천구,11,서울특별시,11110,종로구,1111011900,세종로,05,30,3,18,2003.11
20260224,11,서울특별시,11470,양천구,11,서울특별시,11110,종로구,1111011900,세종로,05,45,3,20,2062.1
20260224,11,서울특별시,11470,양천구,11,서울특별시,11110,종로구,1111011900,세종로,06,00,3,33,2005.67
20260224,11,서울특별시,11470,양천구,11,서울특별시,11110,종로구,1111011900,세종로,06,15,3,43,2121.77
20260224,11,서울특별시,11470,양천구,11,서울특별시,11110,종로구,1111011900,세종로,06,30,3,66,2115.11
20260224,11,서울특별시,11470,양천구,11,서울특별시,11110,종로구,1111011900,세종로,06,45,3,73,2166.25
20260224,11,서울특별시,11470,양천구,11,서울특별시,11110,종로구,1111011900,세종로,07,00,3,128,2121.57
20260224,11,서울특별시,11470,양천구,11,서울특별시,11110,종로구,1111011900,세종로,07,15,3,132,2081.55
20260224,11,서울특별시,11470,양천구,11,서울특별시,11110,종로구,1111011900,세종로,07,30,3,186,2199.49
20260224,11,서울특별시,11470,양천구,11,서울특별시,11110,종로구,1111011900,세종로,07,45,3,253,2164.06
20260224,11,서울특별시,11470,양천구,11,서울특별시,11110,종로구,1111011900,세종로,08,00,3,337,2130.74
20260224,11,서울특별시,11470,양천구,11,서울특별시,11110,종로구,1111011900,세종로,08,15,3,225,2093.58
20260224,11,서울특별시,11470,양천구,11,서울특별시,11110,종로구,1111011900,세종로,08,30,3,112,2002.62
20260224,11,서울특별시,11470,양천구,11,서울특별시,11110,종로구,1111011900,세종로,08,45,3,105,1923.25
20260224,11,서울특별시,11470,양천구,11,서울특별시,11110,종로구,1111011900,세종로,09,00,3,68,1973.62
20260224,11,서울특별시,11470,양천구,11,서울특별시,11110,종로구,1111011900,세종로,09,15,3,58,1995.17
20260224,11,서울특별시,11470,양천구,11,서울특별시,11110,종로구,1111011900,세종로,09,30,3,40,1905.0
20260224,11,서울특별시,11470,양천구,11,서울특별시,11110,종로구,1111011900,세종로,09,45,3,40,2127.95
20260224,11,서울특별시,11470,양천구,11,서울특별시,11110,종로구,1111011900,세종로,10,00,3,31,2101.48
20260224,11,서울특별시,11470,양천구,11,서울특별시,11110,종로구,1111011900,세종로,10,15,3,26,2201.5
20260224,11,서울특별시,11470,양천구,11,서울특별시,11110,종로구,1111011900,세종로,10,30,3,21,1937.81
20260224,11,서울특별시,11470,양천구,11,서울특별시,11110,종로구,1111011900,세종로,10,45,3,38,2224.89
20260224,11,서울특별시,11470,양천구,11,서울특별시,11110,종로구,1111011900,세종로,11,00,3,36,2555.28
20260224,11,서울특별시,11470,양천구,11,서울특별시,11110,종로구,1111011900,세종로,11,15,3,24,2026.92
20260224,11,서울특별시,11470,양천구,11,서울특별시,11110,종로구,1111011900,세종로,11,30,3,10,2317.0
20260224,11,서울특별시,11470,양천구,11,서울특별시,11110,종로구,1111011900,세종로,11,45,3,14,2062.86
20260224,11,서울특별시,11470,양천구,11,서울특별시,11110,종로구,1111011900,세종로,12,00,3,29,2112.55
20260224,11,서울특별시,11470,양천구,11,서울특별시,11110,종로구,1111011900,세종로,12,15,3,25,1952.24
20260224,11,서울특별시,11470,양천구,11,서울특별시,11110,종로구,1111011900,세종로,12,30,2,21,2115.52
20260224,11,서울특별시,11470,양천구,11,서울특별시,11110,종로구,1111011900,세종로,12,45,3,24,2647.17
20260224,11,서울특별시,11470,양천구,11,서울특별시,11110,종로구,1111011900,세종로,13,00,3,22,1987.27
20260224,11,서울특별시,11470,양천구,11,서울특별시,11110,종로구,1111011900,세종로,13,15,2,8,1896.25
20260224,11,서울특별시,11470,양천구,11,서울특별시,11110,종로구,1111011900,세종로,13,30,2,20,1898.0
20260224,11,서울특별시,11470,양천구,11,서울특별시,11110,종로구,1111011900,세종로,13,45,3,10,1996.6
20260224,11,서울특별시,11470,양천구,11,서울특별시,11110,종로구,1111011900,세종로,14,00,3,13,2197.0
20260224,11,서울특별시,11470,양천구,11,서울특별시,11110,종로구,1111011900,세종로,14,15,3,19,2256.42
20260224,11,서울특별시,11470,양천구,11,서울특별시,11110,종로구,1111011900,세종로,14,30,2,8,2122.75
20260224,11,서울특별시,11470,양천구,11,서울특별시,11110,종로구,1111011900,세종로,14,45,2,8,2536.5
20260224,11,서울특별시,11470,양천구,11,서울특별시,11110,종로구,1111011900,세종로,15,00,3,16,2026.06
20260224,11,서울특별시,11470,양천구,11,서울특별시,11110,종로구,1111011900,세종로,15,15,3,8,2135.25
20260224,11,서울특별시,11470,양천구,11,서울특별시,11110,종로구,1111011900,세종로,15,30,2,10,1790.2
20260224,11,서울특별시,11470,양천구,11,서울특별시,11110,종로구,1111011900,세종로,15,45,3,9,2698.44
20260224,11,서울특별시,11470,양천구,11,서울특별시,11110,종로구,1111011900,세종로,16,00,3,9,2196.22
20260224,11,서울특별시,11470,양천구,11,서울특별시,11110,종로구,1111011900,세종로,16,15,3,6,2136.0
20260224,11,서울특별시,11470,양천구,11,서울특별시,11110,종로구,1111011900,세종로,16,30,3,4,2688.25
20260224,11,서울특별시,11470,양천구,11,서울특별시,11110,종로구,1111011900,세종로,16,45,2,13,2135.69
20260224,11,서울특별시,11470,양천구,11,서울특별시,11110,종로구,1111011900,세종로,17,00,3,13,2061.85
20260224,11,서울특별시,11470,양천구,11,서울특별시,11110,종로구,1111011900,세종로,17,15,3,14,2080.07
20260224,11,서울특별시,11470,양천구,11,서울특별시,11110,종로구,1111011900,세종로,17,30,3,14,1866.36
20260224,11,서울특별시,11470,양천구,11,서울특별시,11110,종로구,1111011900,세종로,17,45,1,13,1783.0
20260224,11,서울특별시,11470,양천구,11,서울특별시,11110,종로구,1111011900,세종로,18,00,3,16,1973.5
20260224,11,서울특별시,11470,양천구,11,서울특별시,11110,종로구,1111011900,세종로,18,15,3,9,1914.0
20260224,11,서울특별시,11470,양천구,11,서울특별시,11110,종로구,1111011900,세종로,18,30,2,11,1922.82
20260224,11,서울특별시,11470,양천구,11,서울특별시,11110,종로구,1111011900,세종로,18,45,1,3,1803.0
20260224,11,서울특별시,11470,양천구,11,서울특별시,11110,종로구,1111011900,세종로,19,00,2,3,2031.0
20260224,11,서울특별시,11470,양천구,11,서울특별시,11110,종로구,1111011900,세종로,19,15,2,4,1743.25
20260224,11,서울특별시,11470,양천구,11,서울특별시,11110,종로구,1111011900,세종로,19,30,1,2,1833.0
20260224,11,서울특별시,11470,양천구,11,서울특별시,11110,종로구,1111011900,세종로,19,45,2,3,1924.67
20260224,11,서울특별시,11470,양천구,11,서울특별시,11110,종로구,1111011900,세종로,20,45,2,2,1393.5
20260224,11,서울특별시,11470,양천구,11,서울특별시,11110,종로구,1111011900,세종로,21,00,1,1,1508.0
20260224,11,서울특별시,11470,양천구,11,서울특별시,11110,종로구,1111011900,세종로,21,30,1,1,1948.0
20260224,11,서울특별시,11470,양천구,11,서울특별시,11110,종로구,1111011900,세종로,21,45,2,3,1966.67
20260224,11,서울특별시,11470,양천구,11,서울특별시,11110,종로구,1111011900,세종로,22,15,1,1,1679.0
20260224,11,서울특별시,11470,양천구,11,서울특별시,11110,종로구,1111011900,세종로,22,30,1,1,1834.0
20260224,11,서울특별시,11470,양천구,11,서울특별시,11110,종로구,1111011900,세종로,23,45,1,1,2935.0
20260224,11,서울특별시,11500,강서구,11,서울특별시,11110,종로구,1111011900,세종로,03,00,1,1,2905.0
20260224,11,서울특별시,11500,강서구,11,서울특별시,11110,종로구,1111011900,세종로,04,00,1,1,2838.0
20260224,11,서울특별시,11500,강서구,11,서울특별시,11110,종로구,1111011900,세종로,05,00,2,4,3084.75
20260224,11,서울특별시,11500,강서구,11,서울특별시,11110,종로구,1111011900,세종로,05,15,6,14,2705.79
20260224,11,서울특별시,11500,강서구,11,서울특별시,11110,종로구,1111011900,세종로,05,30,6,20,2236.4
20260224,11,서울특별시,11500,강서구,11,서울특별시,11110,종로구,1111011900,세종로,05,45,6,25,2254.12
20260224,11,서울특별시,11500,강서구,11,서울특별시,11110,종로구,1111011900,세종로,06,00,7,40,2232.38
20260224,11,서울특별시,11500,강서구,11,서울특별시,11110,종로구,1111011900,세종로,06,15,7,53,2275.83
20260224,11,서울특별시,11500,강서구,11,서울특별시,11110,종로구,1111011900,세종로,06,30,9,60,2303.48
20260224,11,서울특별시,11500,강서구,11,서울특별시,11110,종로구,1111011900,세종로,06,45,9,100,2463.95
20260224,11,서울특별시,11500,강서구,11,서울특별시,11110,종로구,1111011900,세종로,07,00,9,163,2369.56
20260224,11,서울특별시,11500,강서구,11,서울특별시,11110,종로구,1111011900,세종로,07,15,9,179,2378.29
20260224,11,서울특별시,11500,강서구,11,서울특별시,11110,종로구,1111011900,세종로,07,30,9,241,2440.95
20260224,11,서울특별시,11500,강서구,11,서울특별시,11110,종로구,1111011900,세종로,07,45,9,422,2448.09
20260224,11,서울특별시,11500,강서구,11,서울특별시,11110,종로구,1111011900,세종로,08,00,10,441,2455.07
20260224,11,서울특별시,11500,강서구,11,서울특별시,11110,종로구,1111011900,세종로,08,15,10,227,2369.16
20260224,11,서울특별시,11500,강서구,11,서울특별시,11110,종로구,1111011900,세종로,08,30,10,170,2315.44
20260224,11,서울특별시,11500,강서구,11,서울특별시,11110,종로구,1111011900,세종로,08,45,10,118,2334.63
20260224,11,서울특별시,11500,강서구,11,서울특별시,11110,종로구,1111011900,세종로,09,00,9,112,2278.83
20260224,11,서울특별시,11500,강서구,11,서울특별시,11110,종로구,1111011900,세종로,09,15,8,59,2252.41
20260224,11,서울특별시,11500,강서구,11,서울특별시,11110,종로구,1111011900,세종로,09,30,7,43,2390.21
20260224,11,서울특별시,11500,강서구,11,서울특별시,11110,종로구,1111011900,세종로,09,45,8,52,2346.67
20260224,11,서울특별시,11500,강서구,11,서울특별시,11110,종로구,1111011900,세종로,10,00,9,41,2366.76
20260224,11,서울특별시,11500,강서구,11,서울특별시,11110,종로구,1111011900,세종로,10,15,8,42,2439.26
20260224,11,서울특별시,11500,강서구,11,서울특별시,11110,종로구,1111011900,세종로,10,30,7,53,2411.49
20260224,11,서울특별시,11500,강서구,11,서울특별시,11110,종로구,1111011900,세종로,10,45,7,37,2580.81
20260224,11,서울특별시,11500,강서구,11,서울특별시,11110,종로구,1111011900,세종로,11,00,8,49,2601.04
20260224,11,서울특별시,11500,강서구,11,서울특별시,11110,종로구,1111011900,세종로,11,15,8,29,2492.76
20260224,11,서울특별시,11500,강서구,11,서울특별시,11110,종로구,1111011900,세종로,11,30,6,27,2332.15
20260224,11,서울특별시,11500,강서구,11,서울특별시,11110,종로구,1111011900,세종로,11,45,6,32,2330.75
20260224,11,서울특별시,11500,강서구,11,서울특별시,11110,종로구,1111011900,세종로,12,00,6,23,2612.13
20260224,11,서울특별시,11500,강서구,11,서울특별시,11110,종로구,1111011900,세종로,12,15,7,30,2356.27
20260224,11,서울특별시,11500,강서구,11,서울특별시,11110,종로구,1111011900,세종로,12,30,8,33,2369.61
20260224,11,서울특별시,11500,강서구,11,서울특별시,11110,종로구,1111011900,세종로,12,45,8,32,2413.78
20260224,11,서울특별시,11500,강서구,11,서울특별시,11110,종로구,1111011900,세종로,13,00,6,33,2459.52
20260224,11,서울특별시,11500,강서구,11,서울특별시,11110,종로구,1111011900,세종로,13,15,6,23,2389.48
20260224,11,서울특별시,11500,강서구,11,서울특별시,11110,종로구,1111011900,세종로,13,30,6,14,2475.93
20260224,11,서울특별시,11500,강서구,11,서울특별시,11110,종로구,1111011900,세종로,13,45,4,13,2522.23
20260224,11,서울특별시,11500,강서구,11,서울특별시,11110,종로구,1111011900,세종로,14,00,4,14,2641.57
20260224,11,서울특별시,11500,강서구,11,서울특별시,11110,종로구,1111011900,세종로,14,15,7,20,2454.05
20260224,11,서울특별시,11500,강서구,11,서울특별시,11110,종로구,1111011900,세종로,14,30,4,13,2382.85
20260224,11,서울특별시,11500,강서구,11,서울특별시,11110,종로구,1111011900,세종로,14,45,6,15,2417.27
20260224,11,서울특별시,11500,강서구,11,서울특별시,11110,종로구,1111011900,세종로,15,00,5,11,2530.91
20260224,11,서울특별시,11500,강서구,11,서울특별시,11110,종로구,1111011900,세종로,15,15,6,9,2640.0
20260224,11,서울특별시,11500,강서구,11,서울특별시,11110,종로구,1111011900,세종로,15,30,4,11,2495.64
20260224,11,서울특별시,11500,강서구,11,서울특별시,11110,종로구,1111011900,세종로,15,45,5,18,2481.56
20260224,11,서울특별시,11500,강서구,11,서울특별시,11110,종로구,1111011900,세종로,16,00,6,21,2396.24
20260224,11,서울특별시,11500,강서구,11,서울특별시,11110,종로구,1111011900,세종로,16,15,5,20,2370.55
20260224,11,서울특별시,11500,강서구,11,서울특별시,11110,종로구,1111011900,세종로,16,30,6,31,2679.1
20260224,11,서울특별시,11500,강서구,11,서울특별시,11110,종로구,1111011900,세종로,16,45,5,14,2295.43
20260224,11,서울특별시,11500,강서구,11,서울특별시,11110,종로구,1111011900,세종로,17,00,5,29,2336.28
20260224,11,서울특별시,11500,강서구,11,서울특별시,11110,종로구,1111011900,세종로,17,15,6,26,2493.69
20260224,11,서울특별시,11500,강서구,11,서울특별시,11110,종로구,1111011900,세종로,17,30,8,26,2313.19
20260224,11,서울특별시,11500,강서구,11,서울특별시,11110,종로구,1111011900,세종로,17,45,5,23,2146.17
20260224,11,서울특별시,11500,강서구,11,서울특별시,11110,종로구,1111011900,세종로,18,00,7,31,2265.16
20260224,11,서울특별시,11500,강서구,11,서울특별시,11110,종로구,1111011900,세종로,18,15,7,27,2526.78
20260224,11,서울특별시,11500,강서구,11,서울특별시,11110,종로구,1111011900,세종로,18,30,5,11,2497.82
20260224,11,서울특별시,11500,강서구,11,서울특별시,11110,종로구,1111011900,세종로,18,45,5,18,2480.0
20260224,11,서울특별시,11500,강서구,11,서울특별시,11110,종로구,1111011900,세종로,19,00,3,3,2548.33
20260224,11,서울특별시,11500,강서구,11,서울특별시,11110,종로구,1111011900,세종로,19,15,1,3,2108.0
20260224,11,서울특별시,11500,강서구,11,서울특별시,11110,종로구,1111011900,세종로,19,30,3,5,2488.4
20260224,11,서울특별시,11500,강서구,11,서울특별시,11110,종로구,1111011900,세종로,19,45,1,2,2299.0
20260224,11,서울특별시,11500,강서구,11,서울특별시,11110,종로구,1111011900,세종로,20,00,1,1,2512.0
20260224,11,서울특별시,11500,강서구,11,서울특별시,11110,종로구,1111011900,세종로,20,15,1,2,2947.0
20260224,11,서울특별시,11500,강서구,11,서울특별시,11110,종로구,1111011900,세종로,20,30,2,3,2159.0
20260224,11,서울특별시,11500,강서구,11,서울특별시,11110,종로구,1111011900,세종로,20,45,1,1,2184.0
20260224,11,서울특별시,11500,강서구,11,서울특별시,11110,종로구,1111011900,세종로,21,00,2,2,2449.0
20260224,11,서울특별시,11500,강서구,11,서울특별시,11110,종로구,1111011900,세종로,21,15,2,2,2393.5
20260224,11,서울특별시,11500,강서구,11,서울특별시,11110,종로구,1111011900,세종로,21,30,2,3,2336.0
20260224,11,서울특별시,11500,강서구,11,서울특별시,11110,종로구,1111011900,세종로,21,45,1,1,2392.0
20260224,11,서울특별시,11500,강서구,11,서울특별시,11110,종로구,1111011900,세종로,22,00,1,1,2209.0
20260224,11,서울특별시,11500,강서구,11,서울특별시,11110,종로구,1111011900,세종로,22,45,3,3,3846.67
20260224,11,서울특별시,11500,강서구,11,서울특별시,11110,종로구,1111011900,세종로,23,00,1,1,2966.0
20260224,11,서울특별시,11500,강서구,11,서울특별시,11110,종로구,1111011900,세종로,23,15,1,2,3056.0
20260224,11,서울특별시,11530,구로구,11,서울특별시,11110,종로구,1111011900,세종로,04,00,1,2,3576.0
20260224,11,서울특별시,11530,구로구,11,서울특별시,11110,종로구,1111011900,세종로,04,15,4,5,3338.8
20260224,11,서울특별시,11530,구로구,11,서울특별시,11110,종로구,1111011900,세종로,04,30,2,4,3469.0
20260224,11,서울특별시,11530,구로구,11,서울특별시,11110,종로구,1111011900,세종로,04,45,1,1,2827.0
20260224,11,서울특별시,11530,구로구,11,서울특별시,11110,종로구,1111011900,세종로,05,00,1,1,3397.0
20260224,11,서울특별시,11530,구로구,11,서울특별시,11110,종로구,1111011900,세종로,05,15,3,4,2639.5
20260224,11,서울특별시,11530,구로구,11,서울특별시,11110,종로구,1111011900,세종로,05,30,3,6,2599.33
20260224,11,서울특별시,11530,구로구,11,서울특별시,11110,종로구,1111011900,세종로,05,45,5,11,2778.18
20260224,11,서울특별시,11530,구로구,11,서울특별시,11110,종로구,1111011900,세종로,06,00,5,10,2547.5
20260224,11,서울특별시,11530,구로구,11,서울특별시,11110,종로구,1111011900,세종로,06,15,6,8,3201.0
20260224,11,서울특별시,11530,구로구,11,서울특별시,11110,종로구,1111011900,세종로,06,30,4,10,2996.5
20260224,11,서울특별시,11530,구로구,11,서울특별시,11110,종로구,1111011900,세종로,06,45,5,12,2780.92
20260224,11,서울특별시,11530,구로구,11,서울특별시,11110,종로구,1111011900,세종로,07,00,7,20,2796.85
20260224,11,서울특별시,11530,구로구,11,서울특별시,11110,종로구,1111011900,세종로,07,15,5,18,2964.89
20260224,11,서울특별시,11530,구로구,11,서울특별시,11110,종로구,1111011900,세종로,07,30,6,33,2543.15
20260224,11,서울특별시,11530,구로구,11,서울특별시,11110,종로구,1111011900,세종로,07,45,6,51,2550.45
20260224,11,서울특별시,11530,구로구,11,서울특별시,11110,종로구,1111011900,세종로,08,00,5,61,2447.49
20260224,11,서울특별시,11530,구로구,11,서울특별시,11110,종로구,1111011900,세종로,08,15,5,37,2396.27
20260224,11,서울특별시,11530,구로구,11,서울특별시,11110,종로구,1111011900,세종로,08,30,5,17,2326.18
20260224,11,서울특별시,11530,구로구,11,서울특별시,11110,종로구,1111011900,세종로,08,45,5,23,2468.48
20260224,11,서울특별시,11530,구로구,11,서울특별시,11110,종로구,1111011900,세종로,09,00,3,11,2173.55
20260224,11,서울특별시,11530,구로구,11,서울특별시,11110,종로구,1111011900,세종로,09,15,5,13,2318.54
20260224,11,서울특별시,11530,구로구,11,서울특별시,11110,종로구,1111011900,세종로,09,30,3,17,2448.82
20260224,11,서울특별시,11530,구로구,11,서울특별시,11110,종로구,1111011900,세종로,09,45,6,7,2968.71
20260224,11,서울특별시,11530,구로구,11,서울특별시,11110,종로구,1111011900,세종로,10,00,5,10,2647.0
20260224,11,서울특별시,11530,구로구,11,서울특별시,11110,종로구,1111011900,세종로,10,15,3,4,2907.0
20260224,11,서울특별시,11530,구로구,11,서울특별시,11110,종로구,1111011900,세종로,10,30,4,6,2787.17
20260224,11,서울특별시,11530,구로구,11,서울특별시,11110,종로구,1111011900,세종로,10,45,3,5,2898.2
20260224,11,서울특별시,11530,구로구,11,서울특별시,11110,종로구,1111011900,세종로,11,00,3,5,2594.8
20260224,11,서울특별시,11530,구로구,11,서울특별시,11110,종로구,1111011900,세종로,11,15,4,7,2556.86
20260224,11,서울특별시,11530,구로구,11,서울특별시,11110,종로구,1111011900,세종로,11,30,2,3,2631.33
20260224,11,서울특별시,11530,구로구,11,서울특별시,11110,종로구,1111011900,세종로,11,45,3,4,2643.75
20260224,11,서울특별시,11530,구로구,11,서울특별시,11110,종로구,1111011900,세종로,12,00,2,6,2946.83
20260224,11,서울특별시,11530,구로구,11,서울특별시,11110,종로구,1111011900,세종로,12,15,4,8,2601.0
20260224,11,서울특별시,11530,구로구,11,서울특별시,11110,종로구,1111011900,세종로,12,30,2,4,2627.75
20260224,11,서울특별시,11530,구로구,11,서울특별시,11110,종로구,1111011900,세종로,12,45,2,9,2631.56
20260224,11,서울특별시,11530,구로구,11,서울특별시,11110,종로구,1111011900,세종로,13,00,4,9,2743.44
20260224,11,서울특별시,11530,구로구,11,서울특별시,11110,종로구,1111011900,세종로,13,15,3,8,2648.75
20260224,11,서울특별시,11530,구로구,11,서울특별시,11110,종로구,1111011900,세종로,13,30,2,3,2726.67
20260224,11,서울특별시,11530,구로구,11,서울특별시,11110,종로구,1111011900,세종로,13,45,2,2,2651.5
20260224,11,서울특별시,11530,구로구,11,서울특별시,11110,종로구,1111011900,세종로,14,00,1,6,2448.0
20260224,11,서울특별시,11530,구로구,11,서울특별시,11110,종로구,1111011900,세종로,14,15,2,2,2709.5
20260224,11,서울특별시,11530,구로구,11,서울특별시,11110,종로구,1111011900,세종로,14,30,3,4,2411.75
20260224,11,서울특별시,11530,구로구,11,서울특별시,11110,종로구,1111011900,세종로,14,45,1,2,2290.0
20260224,11,서울특별시,11530,구로구,11,서울특별시,11110,종로구,1111011900,세종로,15,00,1,2,2220.0
20260224,11,서울특별시,11530,구로구,11,서울특별시,11110,종로구,1111011900,세종로,15,15,2,6,2419.33
20260224,11,서울특별시,11530,구로구,11,서울특별시,11110,종로구,1111011900,세종로,15,30,3,9,2511.0
20260224,11,서울특별시,11530,구로구,11,서울특별시,11110,종로구,1111011900,세종로,15,45,2,2,2786.5
20260224,11,서울특별시,11530,구로구,11,서울특별시,11110,종로구,1111011900,세종로,16,00,2,2,2736.5
20260224,11,서울특별시,11530,구로구,11,서울특별시,11110,종로구,1111011900,세종로,16,15,2,3,2332.67
20260224,11,서울특별시,11530,구로구,11,서울특별시,11110,종로구,1111011900,세종로,16,30,2,4,2469.75
20260224,11,서울특별시,11530,구로구,11,서울특별시,11110,종로구,1111011900,세종로,16,45,3,4,2450.5
20260224,11,서울특별시,11530,구로구,11,서울특별시,11110,종로구,1111011900,세종로,17,00,2,3,2508.0
20260224,11,서울특별시,11530,구로구,11,서울특별시,11110,종로구,1111011900,세종로,17,15,2,2,2564.5
20260224,11,서울특별시,11530,구로구,11,서울특별시,11110,종로구,1111011900,세종로,17,30,2,4,2311.5
20260224,11,서울특별시,11530,구로구,11,서울특별시,11110,종로구,1111011900,세종로,17,45,2,22,2942.73
20260224,11,서울특별시,11530,구로구,11,서울특별시,11110,종로구,1111011900,세종로,18,00,3,3,2316.33
20260224,11,서울특별시,11530,구로구,11,서울특별시,11110,종로구,1111011900,세종로,18,15,2,7,2573.43
20260224,11,서울특별시,11530,구로구,11,서울특별시,11110,종로구,1111011900,세종로,18,30,1,1,2245.0
20260224,11,서울특별시,11530,구로구,11,서울특별시,11110,종로구,1111011900,세종로,18,45,1,1,2177.0
20260224,11,서울특별시,11530,구로구,11,서울특별시,11110,종로구,1111011900,세종로,19,00,1,3,2508.0
20260224,11,서울특별시,11530,구로구,11,서울특별시,11110,종로구,1111011900,세종로,19,15,1,1,2192.0
20260224,11,서울특별시,11530,구로구,11,서울특별시,11110,종로구,1111011900,세종로,19,45,1,1,3911.0
20260224,11,서울특별시,11530,구로구,11,서울특별시,11110,종로구,1111011900,세종로,20,15,1,1,3770.0
20260224,11,서울특별시,11530,구로구,11,서울특별시,11110,종로구,1111011900,세종로,20,30,1,1,2273.0
20260224,11,서울특별시,11530,구로구,11,서울특별시,11110,종로구,1111011900,세종로,20,45,1,1,2247.0
20260224,11,서울특별시,11530,구로구,11,서울특별시,11110,종로구,1111011900,세종로,21,45,2,2,2877.0
20260224,11,서울특별시,11530,구로구,11,서울특별시,11110,종로구,1111011900,세종로,23,00,1,1,2335.0
20260224,11,서울특별시,11545,금천구,11,서울특별시,11110,종로구,1111011900,세종로,05,15,2,2,3064.5
20260224,11,서울특별시,11545,금천구,11,서울특별시,11110,종로구,1111011900,세종로,05,30,1,2,2597.0
20260224,11,서울특별시,11545,금천구,11,서울특별시,11110,종로구,1111011900,세종로,05,45,2,3,3102.33
20260224,11,서울특별시,11545,금천구,11,서울특별시,11110,종로구,1111011900,세종로,06,00,3,6,2856.67
20260224,11,서울특별시,11545,금천구,11,서울특별시,11110,종로구,1111011900,세종로,06,15,3,5,3157.6
20260224,11,서울특별시,11545,금천구,11,서울특별시,11110,종로구,1111011900,세종로,06,30,1,1,2417.0
20260224,11,서울특별시,11545,금천구,11,서울특별시,11110,종로구,1111011900,세종로,06,45,2,4,3162.0
20260224,11,서울특별시,11545,금천구,11,서울특별시,11110,종로구,1111011900,세종로,07,00,3,7,2958.14
20260224,11,서울특별시,11545,금천구,11,서울특별시,11110,종로구,1111011900,세종로,07,15,3,8,3043.0
20260224,11,서울특별시,11545,금천구,11,서울특별시,11110,종로구,1111011900,세종로,07,30,3,14,3003.21
20260224,11,서울특별시,11545,금천구,11,서울특별시,11110,종로구,1111011900,세종로,07,45,3,17,3093.88
20260224,11,서울특별시,11545,금천구,11,서울특별시,11110,종로구,1111011900,세종로,08,00,3,10,2947.9
20260224,11,서울특별시,11545,금천구,11,서울특별시,11110,종로구,1111011900,세종로,08,15,3,8,3039.0
20260224,11,서울특별시,11545,금천구,11,서울특별시,11110,종로구,1111011900,세종로,08,30,3,11,2782.91
20260224,11,서울특별시,11545,금천구,11,서울특별시,11110,종로구,1111011900,세종로,08,45,3,13,3063.62
20260224,11,서울특별시,11545,금천구,11,서울특별시,11110,종로구,1111011900,세종로,09,00,3,5,2866.2
20260224,11,서울특별시,11545,금천구,11,서울특별시,11110,종로구,1111011900,세종로,09,15,3,5,2439.0
20260224,11,서울특별시,11545,금천구,11,서울특별시,11110,종로구,1111011900,세종로,09,30,2,3,2910.0
20260224,11,서울특별시,11545,금천구,11,서울특별시,11110,종로구,1111011900,세종로,09,45,1,1,2602.0
20260224,11,서울특별시,11545,금천구,11,서울특별시,11110,종로구,1111011900,세종로,10,00,1,1,940.0
20260224,11,서울특별시,11545,금천구,11,서울특별시,11110,종로구,1111011900,세종로,10,15,1,1,3336.0
20260224,11,서울특별시,11545,금천구,11,서울특별시,11110,종로구,1111011900,세종로,10,30,2,4,3018.0
20260224,11,서울특별시,11545,금천구,11,서울특별시,11110,종로구,1111011900,세종로,10,45,2,4,3217.5
20260224,11,서울특별시,11545,금천구,11,서울특별시,11110,종로구,1111011900,세종로,11,00,1,1,2563.0
20260224,11,서울특별시,11545,금천구,11,서울특별시,11110,종로구,1111011900,세종로,11,15,1,1,3016.0
20260224,11,서울특별시,11545,금천구,11,서울특별시,11110,종로구,1111011900,세종로,11,30,1,1,2916.0
20260224,11,서울특별시,11545,금천구,11,서울특별시,11110,종로구,1111011900,세종로,11,45,2,2,2455.0
20260224,11,서울특별시,11545,금천구,11,서울특별시,11110,종로구,1111011900,세종로,12,00,1,3,2740.0
20260224,11,서울특별시,11545,금천구,11,서울특별시,11110,종로구,1111011900,세종로,12,15,1,1,3402.0
20260224,11,서울특별시,11545,금천구,11,서울특별시,11110,종로구,1111011900,세종로,12,30,2,5,2406.8
20260224,11,서울특별시,11545,금천구,11,서울특별시,11110,종로구,1111011900,세종로,12,45,2,2,2739.5
20260224,11,서울특별시,11545,금천구,11,서울특별시,11110,종로구,1111011900,세종로,13,00,1,1,2784.0
20260224,11,서울특별시,11545,금천구,11,서울특별시,11110,종로구,1111011900,세종로,13,15,2,3,2676.33
20260224,11,서울특별시,11545,금천구,11,서울특별시,11110,종로구,1111011900,세종로,13,30,1,1,2489.0
20260224,11,서울특별시,11545,금천구,11,서울특별시,11110,종로구,1111011900,세종로,14,00,1,2,2940.0
20260224,11,서울특별시,11545,금천구,11,서울특별시,11110,종로구,1111011900,세종로,14,30,1,1,3969.0
20260224,11,서울특별시,11545,금천구,11,서울특별시,11110,종로구,1111011900,세종로,14,45,1,1,3066.0
20260224,11,서울특별시,11545,금천구,11,서울특별시,11110,종로구,1111011900,세종로,15,00,2,3,2842.33
20260224,11,서울특별시,11545,금천구,11,서울특별시,11110,종로구,1111011900,세종로,15,15,1,1,2761.0
20260224,11,서울특별시,11545,금천구,11,서울특별시,11110,종로구,1111011900,세종로,15,30,1,1,2993.0
20260224,11,서울특별시,11545,금천구,11,서울특별시,11110,종로구,1111011900,세종로,15,45,1,1,3192.0
20260224,11,서울특별시,11545,금천구,11,서울특별시,11110,종로구,1111011900,세종로,16,00,1,2,2476.0
20260224,11,서울특별시,11545,금천구,11,서울특별시,11110,종로구,1111011900,세종로,16,15,1,1,2795.0
20260224,11,서울특별시,11545,금천구,11,서울특별시,11110,종로구,1111011900,세종로,16,30,1,1,2685.0
20260224,11,서울특별시,11545,금천구,11,서울특별시,11110,종로구,1111011900,세종로,16,45,1,1,3003.0
20260224,11,서울특별시,11545,금천구,11,서울특별시,11110,종로구,1111011900,세종로,17,00,1,3,2786.0
20260224,11,서울특별시,11545,금천구,11,서울특별시,11110,종로구,1111011900,세종로,17,15,1,1,3800.0
20260224,11,서울특별시,11545,금천구,11,서울특별시,11110,종로구,1111011900,세종로,17,30,3,6,2979.67
20260224,11,서울특별시,11545,금천구,11,서울특별시,11110,종로구,1111011900,세종로,17,45,2,4,2901.5
20260224,11,서울특별시,11545,금천구,11,서울특별시,11110,종로구,1111011900,세종로,18,00,2,3,2838.33
20260224,11,서울특별시,11545,금천구,11,서울특별시,11110,종로구,1111011900,세종로,18,15,2,5,3049.0
20260224,11,서울특별시,11545,금천구,11,서울특별시,11110,종로구,1111011900,세종로,18,30,1,1,2938.0
20260224,11,서울특별시,11545,금천구,11,서울특별시,11110,종로구,1111011900,세종로,20,00,1,1,2578.0
20260224,11,서울특별시,11545,금천구,11,서울특별시,11110,종로구,1111011900,세종로,20,30,1,1,2852.0
20260224,11,서울특별시,11545,금천구,11,서울특별시,11110,종로구,1111011900,세종로,21,00,1,1,2564.0
20260224,11,서울특별시,11545,금천구,11,서울특별시,11110,종로구,1111011900,세종로,21,45,1,1,2835.0
20260224,11,서울특별시,11560,영등포구,11,서울특별시,11110,종로구,1111011900,세종로,00,00,1,1,1646.0
20260224,11,서울특별시,11560,영등포구,11,서울특별시,11110,종로구,1111011900,세종로,00,30,1,1,2546.0
20260224,11,서울특별시,11560,영등포구,11,서울특별시,11110,종로구,1111011900,세종로,01,00,1,1,3913.0
20260224,11,서울특별시,11560,영등포구,11,서울특별시,11110,종로구,1111011900,세종로,04,00,1,1,2811.0
20260224,11,서울특별시,11560,영등포구,11,서울특별시,11110,종로구,1111011900,세종로,04,30,3,3,2045.0
20260224,11,서울특별시,11560,영등포구,11,서울특별시,11110,종로구,1111011900,세종로,05,00,1,1,3256.0
20260224,11,서울특별시,11560,영등포구,11,서울특별시,11110,종로구,1111011900,세종로,05,15,4,5,2121.4
20260224,11,서울특별시,11560,영등포구,11,서울특별시,11110,종로구,1111011900,세종로,05,30,6,9,1806.0
20260224,11,서울특별시,11560,영등포구,11,서울특별시,11110,종로구,1111011900,세종로,05,45,9,24,1481.88
20260224,11,서울특별시,11560,영등포구,11,서울특별시,11110,종로구,1111011900,세종로,06,00,9,21,1541.38
20260224,11,서울특별시,11560,영등포구,11,서울특별시,11110,종로구,1111011900,세종로,06,15,11,37,1394.0
20260224,11,서울특별시,11560,영등포구,11,서울특별시,11110,종로구,1111011900,세종로,06,30,10,29,1533.9
20260224,11,서울특별시,11560,영등포구,11,서울특별시,11110,종로구,1111011900,세종로,06,45,13,50,1514.8
20260224,11,서울특별시,11560,영등포구,11,서울특별시,11110,종로구,1111011900,세종로,07,00,13,80,1508.24
20260224,11,서울특별시,11560,영등포구,11,서울특별시,11110,종로구,1111011900,세종로,07,15,15,121,1468.06
20260224,11,서울특별시,11560,영등포구,11,서울특별시,11110,종로구,1111011900,세종로,07,30,16,122,1549.07
20260224,11,서울특별시,11560,영등포구,11,서울특별시,11110,종로구,1111011900,세종로,07,45,13,212,1551.83
20260224,11,서울특별시,11560,영등포구,11,서울특별시,11110,종로구,1111011900,세종로,08,00,15,297,1594.39
20260224,11,서울특별시,11560,영등포구,11,서울특별시,11110,종로구,1111011900,세종로,08,15,18,451,1603.96
20260224,11,서울특별시,11560,영등포구,11,서울특별시,11110,종로구,1111011900,세종로,08,30,15,167,1470.99
20260224,11,서울특별시,11560,영등포구,11,서울특별시,11110,종로구,1111011900,세종로,08,45,15,133,1446.44
20260224,11,서울특별시,11560,영등포구,11,서울특별시,11110,종로구,1111011900,세종로,09,00,13,96,1483.64
20260224,11,서울특별시,11560,영등포구,11,서울특별시,11110,종로구,1111011900,세종로,09,15,10,117,1387.44
20260224,11,서울특별시,11560,영등포구,11,서울특별시,11110,종로구,1111011900,세종로,09,30,9,49,1342.02
20260224,11,서울특별시,11560,영등포구,11,서울특별시,11110,종로구,1111011900,세종로,09,45,12,45,1500.84
20260224,11,서울특별시,11560,영등포구,11,서울특별시,11110,종로구,1111011900,세종로,10,00,11,43,1509.91
20260224,11,서울특별시,11560,영등포구,11,서울특별시,11110,종로구,1111011900,세종로,10,15,12,41,1624.07
20260224,11,서울특별시,11560,영등포구,11,서울특별시,11110,종로구,1111011900,세종로,10,30,7,29,1388.38
20260224,11,서울특별시,11560,영등포구,11,서울특별시,11110,종로구,1111011900,세종로,10,45,7,77,1417.05
20260224,11,서울특별시,11560,영등포구,11,서울특별시,11110,종로구,1111011900,세종로,11,00,10,77,1450.18
20260224,11,서울특별시,11560,영등포구,11,서울특별시,11110,종로구,1111011900,세종로,11,15,11,64,1497.23
20260224,11,서울특별시,11560,영등포구,11,서울특별시,11110,종로구,1111011900,세종로,11,30,9,30,1455.33
20260224,11,서울특별시,11560,영등포구,11,서울특별시,11110,종로구,1111011900,세종로,11,45,5,28,1474.11
20260224,11,서울특별시,11560,영등포구,11,서울특별시,11110,종로구,1111011900,세종로,12,00,8,25,1447.16
20260224,11,서울특별시,11560,영등포구,11,서울특별시,11110,종로구,1111011900,세종로,12,15,10,43,1432.12
20260224,11,서울특별시,11560,영등포구,11,서울특별시,11110,종로구,1111011900,세종로,12,30,8,38,1423.08
20260224,11,서울특별시,11560,영등포구,11,서울특별시,11110,종로구,1111011900,세종로,12,45,7,43,1438.33
20260224,11,서울특별시,11560,영등포구,11,서울특별시,11110,종로구,1111011900,세종로,13,00,8,62,1443.76
20260224,11,서울특별시,11560,영등포구,11,서울특별시,11110,종로구,1111011900,세종로,13,15,6,76,1366.08
20260224,11,서울특별시,11560,영등포구,11,서울특별시,11110,종로구,1111011900,세종로,13,30,7,40,1429.8
20260224,11,서울특별시,11560,영등포구,11,서울특별시,11110,종로구,1111011900,세종로,13,45,7,42,1451.95
20260224,11,서울특별시,11560,영등포구,11,서울특별시,11110,종로구,1111011900,세종로,14,00,6,33,1439.67
20260224,11,서울특별시,11560,영등포구,11,서울특별시,11110,종로구,1111011900,세종로,14,15,9,29,1475.76
20260224,11,서울특별시,11560,영등포구,11,서울특별시,11110,종로구,1111011900,세종로,14,30,9,36,1577.0
20260224,11,서울특별시,11560,영등포구,11,서울특별시,11110,종로구,1111011900,세종로,14,45,5,34,1505.97
20260224,11,서울특별시,11560,영등포구,11,서울특별시,11110,종로구,1111011900,세종로,15,00,5,30,1383.93
20260224,11,서울특별시,11560,영등포구,11,서울특별시,11110,종로구,1111011900,세종로,15,15,9,41,1436.02
20260224,11,서울특별시,11560,영등포구,11,서울특별시,11110,종로구,1111011900,세종로,15,30,4,28,1455.07
20260224,11,서울특별시,11560,영등포구,11,서울특별시,11110,종로구,1111011900,세종로,15,45,6,21,1462.57
20260224,11,서울특별시,11560,영등포구,11,서울특별시,11110,종로구,1111011900,세종로,16,00,8,31,1406.68
20260224,11,서울특별시,11560,영등포구,11,서울특별시,11110,종로구,1111011900,세종로,16,15,9,36,1545.61
20260224,11,서울특별시,11560,영등포구,11,서울특별시,11110,종로구,1111011900,세종로,16,30,9,33,1391.67
20260224,11,서울특별시,11560,영등포구,11,서울특별시,11110,종로구,1111011900,세종로,16,45,8,34,1391.53
20260224,11,서울특별시,11560,영등포구,11,서울특별시,11110,종로구,1111011900,세종로,17,00,8,51,1463.02
20260224,11,서울특별시,11560,영등포구,11,서울특별시,11110,종로구,1111011900,세종로,17,15,10,66,1369.73
20260224,11,서울특별시,11560,영등포구,11,서울특별시,11110,종로구,1111011900,세종로,17,30,7,67,1306.9
20260224,11,서울특별시,11560,영등포구,11,서울특별시,11110,종로구,1111011900,세종로,17,45,10,74,1334.86
20260224,11,서울특별시,11560,영등포구,11,서울특별시,11110,종로구,1111011900,세종로,18,00,9,79,1308.63
20260224,11,서울특별시,11560,영등포구,11,서울특별시,11110,종로구,1111011900,세종로,18,15,10,80,1330.04
20260224,11,서울특별시,11560,영등포구,11,서울특별시,11110,종로구,1111011900,세종로,18,30,8,49,1271.06
20260224,11,서울특별시,11560,영등포구,11,서울특별시,11110,종로구,1111011900,세종로,18,45,7,28,1368.75
20260224,11,서울특별시,11560,영등포구,11,서울특별시,11110,종로구,1111011900,세종로,19,00,4,31,1239.74
20260224,11,서울특별시,11560,영등포구,11,서울특별시,11110,종로구,1111011900,세종로,19,15,4,12,1304.0
20260224,11,서울특별시,11560,영등포구,11,서울특별시,11110,종로구,1111011900,세종로,19,30,2,9,1546.33
20260224,11,서울특별시,11560,영등포구,11,서울특별시,11110,종로구,1111011900,세종로,19,45,4,22,1228.55
20260224,11,서울특별시,11560,영등포구,11,서울특별시,11110,종로구,1111011900,세종로,20,00,1,16,1314.0
20260224,11,서울특별시,11560,영등포구,11,서울특별시,11110,종로구,1111011900,세종로,20,15,2,15,1388.27
20260224,11,서울특별시,11560,영등포구,11,서울특별시,11110,종로구,1111011900,세종로,20,30,4,11,1630.64
20260224,11,서울특별시,11560,영등포구,11,서울특별시,11110,종로구,1111011900,세종로,20,45,2,6,1521.5
20260224,11,서울특별시,11560,영등포구,11,서울특별시,11110,종로구,1111011900,세종로,21,00,1,4,1199.0
20260224,11,서울특별시,11560,영등포구,11,서울특별시,11110,종로구,1111011900,세종로,21,15,1,4,1188.0
20260224,11,서울특별시,11560,영등포구,11,서울특별시,11110,종로구,1111011900,세종로,21,30,2,5,1411.4
20260224,11,서울특별시,11560,영등포구,11,서울특별시,11110,종로구,1111011900,세종로,21,45,1,8,1254.0
20260224,11,서울특별시,11560,영등포구,11,서울특별시,11110,종로구,1111011900,세종로,22,00,1,3,999.0
20260224,11,서울특별시,11560,영등포구,11,서울특별시,11110,종로구,1111011900,세종로,22,45,2,2,1463.0
20260224,11,서울특별시,11560,영등포구,11,서울특별시,11110,종로구,1111011900,세종로,23,00,1,1,1292.0
20260224,11,서울특별시,11560,영등포구,11,서울특별시,11110,종로구,1111011900,세종로,23,30,1,1,1022.0
20260224,11,서울특별시,11560,영등포구,11,서울특별시,11110,종로구,1111011900,세종로,23,45,1,1,1646.0
20260224,11,서울특별시,11590,동작구,11,서울특별시,11110,종로구,1111011900,세종로,05,00,1,1,2109.0
20260224,11,서울특별시,11590,동작구,11,서울특별시,11110,종로구,1111011900,세종로,05,15,2,2,2514.5
20260224,11,서울특별시,11590,동작구,11,서울특별시,11110,종로구,1111011900,세종로,05,30,2,2,1349.0
20260224,11,서울특별시,11590,동작구,11,서울특별시,11110,종로구,1111011900,세종로,05,45,1,1,1824.0
20260224,11,서울특별시,11590,동작구,11,서울특별시,11110,종로구,1111011900,세종로,06,00,4,4,1743.5
20260224,11,서울특별시,11590,동작구,11,서울특별시,11110,종로구,1111011900,세종로,06,15,4,6,2152.0
20260224,11,서울특별시,11590,동작구,11,서울특별시,11110,종로구,1111011900,세종로,06,30,3,7,1540.43
20260224,11,서울특별시,11590,동작구,11,서울특별시,11110,종로구,1111011900,세종로,06,45,4,7,1722.86
20260224,11,서울특별시,11590,동작구,11,서울특별시,11110,종로구,1111011900,세종로,07,00,6,15,1981.73
20260224,11,서울특별시,11590,동작구,11,서울특별시,11110,종로구,1111011900,세종로,07,15,6,9,2469.33
20260224,11,서울특별시,11590,동작구,11,서울특별시,11110,종로구,1111011900,세종로,07,30,7,22,1946.41
20260224,11,서울특별시,11590,동작구,11,서울특별시,11110,종로구,1111011900,세종로,07,45,8,36,2252.17
20260224,11,서울특별시,11590,동작구,11,서울특별시,11110,종로구,1111011900,세종로,08,00,8,37,2182.11
20260224,11,서울특별시,11590,동작구,11,서울특별시,11110,종로구,1111011900,세종로,08,15,7,25,2029.16
20260224,11,서울특별시,11590,동작구,11,서울특별시,11110,종로구,1111011900,세종로,08,30,6,13,1950.54
20260224,11,서울특별시,11590,동작구,11,서울특별시,11110,종로구,1111011900,세종로,08,45,7,15,1883.33
20260224,11,서울특별시,11590,동작구,11,서울특별시,11110,종로구,1111011900,세종로,09,00,6,13,1931.92
20260224,11,서울특별시,11590,동작구,11,서울특별시,11110,종로구,1111011900,세종로,09,15,5,7,1921.14
20260224,11,서울특별시,11590,동작구,11,서울특별시,11110,종로구,1111011900,세종로,09,30,5,9,2105.89
20260224,11,서울특별시,11590,동작구,11,서울특별시,11110,종로구,1111011900,세종로,09,45,4,6,1936.17
20260224,11,서울특별시,11590,동작구,11,서울특별시,11110,종로구,1111011900,세종로,10,00,3,5,2089.6
20260224,11,서울특별시,11590,동작구,11,서울특별시,11110,종로구,1111011900,세종로,10,15,3,4,1729.5
20260224,11,서울특별시,11590,동작구,11,서울특별시,11110,종로구,1111011900,세종로,10,30,5,8,2238.12
20260224,11,서울특별시,11590,동작구,11,서울특별시,11110,종로구,1111011900,세종로,10,45,6,8,2376.38
20260224,11,서울특별시,11590,동작구,11,서울특별시,11110,종로구,1111011900,세종로,11,00,4,7,2028.43
20260224,11,서울특별시,11590,동작구,11,서울특별시,11110,종로구,1111011900,세종로,11,15,5,5,2463.8
20260224,11,서울특별시,11590,동작구,11,서울특별시,11110,종로구,1111011900,세종로,11,30,4,5,2215.8
20260224,11,서울특별시,11590,동작구,11,서울특별시,11110,종로구,1111011900,세종로,11,45,4,5,2119.2
20260224,11,서울특별시,11590,동작구,11,서울특별시,11110,종로구,1111011900,세종로,12,00,3,3,2600.0
20260224,11,서울특별시,11590,동작구,11,서울특별시,11110,종로구,1111011900,세종로,12,15,2,2,1915.0
20260224,11,서울특별시,11590,동작구,11,서울특별시,11110,종로구,1111011900,세종로,12,30,6,7,2462.71
20260224,11,서울특별시,11590,동작구,11,서울특별시,11110,종로구,1111011900,세종로,12,45,3,3,2121.33
20260224,11,서울특별시,11590,동작구,11,서울특별시,11110,종로구,1111011900,세종로,13,00,4,5,3050.0
20260224,11,서울특별시,11590,동작구,11,서울특별시,11110,종로구,1111011900,세종로,13,15,1,3,1909.0
20260224,11,서울특별시,11590,동작구,11,서울특별시,11110,종로구,1111011900,세종로,13,30,3,6,2401.33
20260224,11,서울특별시,11590,동작구,11,서울특별시,11110,종로구,1111011900,세종로,14,00,1,1,1958.0
20260224,11,서울특별시,11590,동작구,11,서울특별시,11110,종로구,1111011900,세종로,14,15,2,3,2158.0
20260224,11,서울특별시,11590,동작구,11,서울특별시,11110,종로구,1111011900,세종로,14,30,2,4,3188.5
20260224,11,서울특별시,11590,동작구,11,서울특별시,11110,종로구,1111011900,세종로,15,00,3,5,2263.8
20260224,11,서울특별시,11590,동작구,11,서울특별시,11110,종로구,1111011900,세종로,15,15,3,3,2331.67
20260224,11,서울특별시,11590,동작구,11,서울특별시,11110,종로구,1111011900,세종로,15,30,2,2,1525.5
20260224,11,서울특별시,11590,동작구,11,서울특별시,11110,종로구,1111011900,세종로,15,45,3,3,2323.67
20260224,11,서울특별시,11590,동작구,11,서울특별시,11110,종로구,1111011900,세종로,16,00,6,7,1970.0
20260224,11,서울특별시,11590,동작구,11,서울특별시,11110,종로구,1111011900,세종로,16,15,2,2,2373.5
20260224,11,서울특별시,11590,동작구,11,서울특별시,11110,종로구,1111011900,세종로,16,30,2,3,1780.0
20260224,11,서울특별시,11590,동작구,11,서울특별시,11110,종로구,1111011900,세종로,16,45,1,1,2256.0
20260224,11,서울특별시,11590,동작구,11,서울특별시,11110,종로구,1111011900,세종로,17,00,5,8,2346.38
20260224,11,서울특별시,11590,동작구,11,서울특별시,11110,종로구,1111011900,세종로,17,15,2,2,1746.0
20260224,11,서울특별시,11590,동작구,11,서울특별시,11110,종로구,1111011900,세종로,17,30,2,3,2333.67
20260224,11,서울특별시,11590,동작구,11,서울특별시,11110,종로구,1111011900,세종로,17,45,3,6,1998.17
20260224,11,서울특별시,11590,동작구,11,서울특별시,11110,종로구,1111011900,세종로,18,00,5,8,2020.25
20260224,11,서울특별시,11590,동작구,11,서울특별시,11110,종로구,1111011900,세종로,18,15,3,7,2299.14
20260224,11,서울특별시,11590,동작구,11,서울특별시,11110,종로구,1111011900,세종로,18,30,3,3,2196.67
20260224,11,서울특별시,11590,동작구,11,서울특별시,11110,종로구,1111011900,세종로,18,45,1,1,1718.0
20260224,11,서울특별시,11590,동작구,11,서울특별시,11110,종로구,1111011900,세종로,19,15,1,1,1620.0
20260224,11,서울특별시,11590,동작구,11,서울특별시,11110,종로구,1111011900,세종로,20,00,2,2,1841.5
20260224,11,서울특별시,11590,동작구,11,서울특별시,11110,종로구,1111011900,세종로,20,15,1,1,1699.0
20260224,11,서울특별시,11590,동작구,11,서울특별시,11110,종로구,1111011900,세종로,20,45,1,1,1482.0
20260224,11,서울특별시,11590,동작구,11,서울특별시,11110,종로구,1111011900,세종로,21,00,1,1,2378.0
20260224,11,서울특별시,11590,동작구,11,서울특별시,11110,종로구,1111011900,세종로,21,15,1,1,1894.0
20260224,11,서울특별시,11590,동작구,11,서울특별시,11110,종로구,1111011900,세종로,21,30,1,1,2100.0
20260224,11,서울특별시,11590,동작구,11,서울특별시,11110,종로구,1111011900,세종로,21,45,1,1,2157.0
20260224,11,서울특별시,11620,관악구,11,서울특별시,11110,종로구,1111011900,세종로,05,00,2,2,4243.5
20260224,11,서울특별시,11620,관악구,11,서울특별시,11110,종로구,1111011900,세종로,05,15,1,1,3021.0
20260224,11,서울특별시,11620,관악구,11,서울특별시,11110,종로구,1111011900,세종로,05,30,1,1,3199.0
20260224,11,서울특별시,11620,관악구,11,서울특별시,11110,종로구,1111011900,세종로,05,45,2,6,3081.0
20260224,11,서울특별시,11620,관악구,11,서울특별시,11110,종로구,1111011900,세종로,06,00,2,2,2673.5
20260224,11,서울특별시,11620,관악구,11,서울특별시,11110,종로구,1111011900,세종로,06,15,2,7,2682.14
20260224,11,서울특별시,11620,관악구,11,서울특별시,11110,종로구,1111011900,세종로,06,30,2,6,2389.0
20260224,11,서울특별시,11620,관악구,11,서울특별시,11110,종로구,1111011900,세종로,06,45,2,11,2747.91
20260224,11,서울특별시,11620,관악구,11,서울특별시,11110,종로구,1111011900,세종로,07,00,2,15,2766.0
20260224,11,서울특별시,11620,관악구,11,서울특별시,11110,종로구,1111011900,세종로,07,15,2,23,2792.87
20260224,11,서울특별시,11620,관악구,11,서울특별시,11110,종로구,1111011900,세종로,07,30,2,34,2942.71
20260224,11,서울특별시,11620,관악구,11,서울특별시,11110,종로구,1111011900,세종로,07,45,3,40,2799.7
20260224,11,서울특별시,11620,관악구,11,서울특별시,11110,종로구,1111011900,세종로,08,00,2,44,2748.66
20260224,11,서울특별시,11620,관악구,11,서울특별시,11110,종로구,1111011900,세종로,08,15,2,28,2821.14
20260224,11,서울특별시,11620,관악구,11,서울특별시,11110,종로구,1111011900,세종로,08,30,2,24,2636.0
20260224,11,서울특별시,11620,관악구,11,서울특별시,11110,종로구,1111011900,세종로,08,45,3,20,2801.5
20260224,11,서울특별시,11620,관악구,11,서울특별시,11110,종로구,1111011900,세종로,09,00,2,22,2560.18
20260224,11,서울특별시,11620,관악구,11,서울특별시,11110,종로구,1111011900,세종로,09,15,2,11,2574.36
20260224,11,서울특별시,11620,관악구,11,서울특별시,11110,종로구,1111011900,세종로,09,30,2,5,2845.0
20260224,11,서울특별시,11620,관악구,11,서울특별시,11110,종로구,1111011900,세종로,09,45,2,9,2667.11
20260224,11,서울특별시,11620,관악구,11,서울특별시,11110,종로구,1111011900,세종로,10,00,2,5,2702.8
20260224,11,서울특별시,11620,관악구,11,서울특별시,11110,종로구,1111011900,세종로,10,15,2,4,3275.5
20260224,11,서울특별시,11620,관악구,11,서울특별시,11110,종로구,1111011900,세종로,10,30,2,7,2661.14
20260224,11,서울특별시,11620,관악구,11,서울특별시,11110,종로구,1111011900,세종로,10,45,2,4,2723.25
20260224,11,서울특별시,11620,관악구,11,서울특별시,11110,종로구,1111011900,세종로,11,00,1,6,2610.0
20260224,11,서울특별시,11620,관악구,11,서울특별시,11110,종로구,1111011900,세종로,11,15,2,11,2733.82
20260224,11,서울특별시,11620,관악구,11,서울특별시,11110,종로구,1111011900,세종로,11,30,2,4,3111.5
20260224,11,서울특별시,11620,관악구,11,서울특별시,11110,종로구,1111011900,세종로,11,45,1,2,2921.0
20260224,11,서울특별시,11620,관악구,11,서울특별시,11110,종로구,1111011900,세종로,12,00,1,2,2762.0
20260224,11,서울특별시,11620,관악구,11,서울특별시,11110,종로구,1111011900,세종로,12,15,2,2,3196.0
20260224,11,서울특별시,11620,관악구,11,서울특별시,11110,종로구,1111011900,세종로,12,30,2,8,2889.12
20260224,11,서울특별시,11620,관악구,11,서울특별시,11110,종로구,1111011900,세종로,12,45,2,4,3064.5
20260224,11,서울특별시,11620,관악구,11,서울특별시,11110,종로구,1111011900,세종로,13,00,1,2,3377.0
20260224,11,서울특별시,11620,관악구,11,서울특별시,11110,종로구,1111011900,세종로,13,30,1,3,3493.0
20260224,11,서울특별시,11620,관악구,11,서울특별시,11110,종로구,1111011900,세종로,13,45,2,3,2422.67
20260224,11,서울특별시,11620,관악구,11,서울특별시,11110,종로구,1111011900,세종로,14,00,1,1,2540.0
20260224,11,서울특별시,11620,관악구,11,서울특별시,11110,종로구,1111011900,세종로,14,15,1,3,2681.0
20260224,11,서울특별시,11620,관악구,11,서울특별시,11110,종로구,1111011900,세종로,14,45,2,5,2760.0
20260224,11,서울특별시,11620,관악구,11,서울특별시,11110,종로구,1111011900,세종로,15,00,2,7,2781.0
20260224,11,서울특별시,11620,관악구,11,서울특별시,11110,종로구,1111011900,세종로,15,30,2,6,3186.0
20260224,11,서울특별시,11620,관악구,11,서울특별시,11110,종로구,1111011900,세종로,15,45,1,1,3495.0
20260224,11,서울특별시,11620,관악구,11,서울특별시,11110,종로구,1111011900,세종로,16,00,1,1,3115.0
20260224,11,서울특별시,11620,관악구,11,서울특별시,11110,종로구,1111011900,세종로,16,15,1,1,2551.0
20260224,11,서울특별시,11620,관악구,11,서울특별시,11110,종로구,1111011900,세종로,16,30,1,2,3588.0
20260224,11,서울특별시,11620,관악구,11,서울특별시,11110,종로구,1111011900,세종로,16,45,2,2,2673.5
20260224,11,서울특별시,11620,관악구,11,서울특별시,11110,종로구,1111011900,세종로,17,00,1,2,2671.0
20260224,11,서울특별시,11620,관악구,11,서울특별시,11110,종로구,1111011900,세종로,17,15,2,4,2699.5
20260224,11,서울특별시,11620,관악구,11,서울특별시,11110,종로구,1111011900,세종로,17,30,2,3,2705.0
20260224,11,서울특별시,11620,관악구,11,서울특별시,11110,종로구,1111011900,세종로,17,45,2,5,3053.2
20260224,11,서울특별시,11620,관악구,11,서울특별시,11110,종로구,1111011900,세종로,18,00,2,7,2866.29
20260224,11,서울특별시,11620,관악구,11,서울특별시,11110,종로구,1111011900,세종로,18,15,1,1,2806.0
20260224,11,서울특별시,11620,관악구,11,서울특별시,11110,종로구,1111011900,세종로,18,30,2,2,2711.0
20260224,11,서울특별시,11620,관악구,11,서울특별시,11110,종로구,1111011900,세종로,18,45,2,4,2834.5
20260224,11,서울특별시,11620,관악구,11,서울특별시,11110,종로구,1111011900,세종로,19,00,1,1,2651.0
20260224,11,서울특별시,11620,관악구,11,서울특별시,11110,종로구,1111011900,세종로,19,15,1,2,3209.0
20260224,11,서울특별시,11620,관악구,11,서울특별시,11110,종로구,1111011900,세종로,19,30,1,1,2417.0
20260224,11,서울특별시,11620,관악구,11,서울특별시,11110,종로구,1111011900,세종로,20,15,1,1,2432.0
20260224,11,서울특별시,11620,관악구,11,서울특별시,11110,종로구,1111011900,세종로,21,00,1,1,2614.0
20260224,11,서울특별시,11650,서초구,11,서울특별시,11110,종로구,1111011900,세종로,04,45,1,1,1401.0
20260224,11,서울특별시,11650,서초구,11,서울특별시,11110,종로구,1111011900,세종로,05,00,1,1,1379.0
20260224,11,서울특별시,11650,서초구,11,서울특별시,11110,종로구,1111011900,세종로,05,15,2,2,3019.5
20260224,11,서울특별시,11650,서초구,11,서울특별시,11110,종로구,1111011900,세종로,05,30,2,2,2097.0
20260224,11,서울특별시,11650,서초구,11,서울특별시,11110,종로구,1111011900,세종로,05,45,1,2,2050.0
20260224,11,서울특별시,11650,서초구,11,서울특별시,11110,종로구,1111011900,세종로,06,00,3,4,1860.0
20260224,11,서울특별시,11650,서초구,11,서울특별시,11110,종로구,1111011900,세종로,06,15,2,6,2016.33
20260224,11,서울특별시,11650,서초구,11,서울특별시,11110,종로구,1111011900,세종로,06,30,3,6,2270.67
20260224,11,서울특별시,11650,서초구,11,서울특별시,11110,종로구,1111011900,세종로,06,45,6,9,2219.56
20260224,11,서울특별시,11650,서초구,11,서울특별시,11110,종로구,1111011900,세종로,07,00,6,19,2090.63
20260224,11,서울특별시,11650,서초구,11,서울특별시,11110,종로구,1111011900,세종로,07,15,6,27,2212.04
20260224,11,서울특별시,11650,서초구,11,서울특별시,11110,종로구,1111011900,세종로,07,30,7,21,2170.95
20260224,11,서울특별시,11650,서초구,11,서울특별시,11110,종로구,1111011900,세종로,07,45,7,44,2243.84
20260224,11,서울특별시,11650,서초구,11,서울특별시,11110,종로구,1111011900,세종로,08,00,7,67,2277.61
20260224,11,서울특별시,11650,서초구,11,서울특별시,11110,종로구,1111011900,세종로,08,15,5,44,2090.57
20260224,11,서울특별시,11650,서초구,11,서울특별시,11110,종로구,1111011900,세종로,08,30,7,26,2058.96
20260224,11,서울특별시,11650,서초구,11,서울특별시,11110,종로구,1111011900,세종로,08,45,5,25,2104.68
20260224,11,서울특별시,11650,서초구,11,서울특별시,11110,종로구,1111011900,세종로,09,00,4,17,2209.76
20260224,11,서울특별시,11650,서초구,11,서울특별시,11110,종로구,1111011900,세종로,09,15,3,19,2010.79
20260224,11,서울특별시,11650,서초구,11,서울특별시,11110,종로구,1111011900,세종로,09,30,6,15,2441.27
20260224,11,서울특별시,11650,서초구,11,서울특별시,11110,종로구,1111011900,세종로,09,45,1,5,2329.0
20260224,11,서울특별시,11650,서초구,11,서울특별시,11110,종로구,1111011900,세종로,10,00,4,9,2222.11
20260224,11,서울특별시,11650,서초구,11,서울특별시,11110,종로구,1111011900,세종로,10,15,3,10,2065.2
20260224,11,서울특별시,11650,서초구,11,서울특별시,11110,종로구,1111011900,세종로,10,30,5,19,2282.42
20260224,11,서울특별시,11650,서초구,11,서울특별시,11110,종로구,1111011900,세종로,10,45,4,18,2221.78
20260224,11,서울특별시,11650,서초구,11,서울특별시,11110,종로구,1111011900,세종로,11,00,2,12,2451.17
20260224,11,서울특별시,11650,서초구,11,서울특별시,11110,종로구,1111011900,세종로,11,15,4,27,2609.96
20260224,11,서울특별시,11650,서초구,11,서울특별시,11110,종로구,1111011900,세종로,11,30,4,14,2317.64
20260224,11,서울특별시,11650,서초구,11,서울특별시,11110,종로구,1111011900,세종로,11,45,3,5,2120.4
20260224,11,서울특별시,11650,서초구,11,서울특별시,11110,종로구,1111011900,세종로,12,00,4,8,2483.25
20260224,11,서울특별시,11650,서초구,11,서울특별시,11110,종로구,1111011900,세종로,12,15,3,7,2271.29
20260224,11,서울특별시,11650,서초구,11,서울특별시,11110,종로구,1111011900,세종로,12,30,3,5,2698.6
20260224,11,서울특별시,11650,서초구,11,서울특별시,11110,종로구,1111011900,세종로,12,45,4,9,2494.56
20260224,11,서울특별시,11650,서초구,11,서울특별시,11110,종로구,1111011900,세종로,13,00,3,7,2474.71
20260224,11,서울특별시,11650,서초구,11,서울특별시,11110,종로구,1111011900,세종로,13,15,4,12,2326.83
20260224,11,서울특별시,11650,서초구,11,서울특별시,11110,종로구,1111011900,세종로,13,30,3,8,2350.5
20260224,11,서울특별시,11650,서초구,11,서울특별시,11110,종로구,1111011900,세종로,13,45,3,7,2511.14
20260224,11,서울특별시,11650,서초구,11,서울특별시,11110,종로구,1111011900,세종로,14,00,4,8,2647.88
20260224,11,서울특별시,11650,서초구,11,서울특별시,11110,종로구,1111011900,세종로,14,15,2,4,3009.5
20260224,11,서울특별시,11650,서초구,11,서울특별시,11110,종로구,1111011900,세종로,14,30,3,7,2424.0
20260224,11,서울특별시,11650,서초구,11,서울특별시,11110,종로구,1111011900,세종로,14,45,4,7,2288.29
20260224,11,서울특별시,11650,서초구,11,서울특별시,11110,종로구,1111011900,세종로,15,00,4,8,2452.25
20260224,11,서울특별시,11650,서초구,11,서울특별시,11110,종로구,1111011900,세종로,15,15,1,1,1804.0
20260224,11,서울특별시,11650,서초구,11,서울특별시,11110,종로구,1111011900,세종로,15,30,4,8,2497.75
20260224,11,서울특별시,11650,서초구,11,서울특별시,11110,종로구,1111011900,세종로,15,45,1,4,2214.0
20260224,11,서울특별시,11650,서초구,11,서울특별시,11110,종로구,1111011900,세종로,16,00,2,5,2747.8
20260224,11,서울특별시,11650,서초구,11,서울특별시,11110,종로구,1111011900,세종로,16,15,4,8,2407.62
20260224,11,서울특별시,11650,서초구,11,서울특별시,11110,종로구,1111011900,세종로,16,30,4,11,2582.0
20260224,11,서울특별시,11650,서초구,11,서울특별시,11110,종로구,1111011900,세종로,16,45,2,5,2723.0
20260224,11,서울특별시,11650,서초구,11,서울특별시,11110,종로구,1111011900,세종로,17,00,6,15,3452.73
20260224,11,서울특별시,11650,서초구,11,서울특별시,11110,종로구,1111011900,세종로,17,15,4,12,2396.83
20260224,11,서울특별시,11650,서초구,11,서울특별시,11110,종로구,1111011900,세종로,17,30,3,13,2186.92
20260224,11,서울특별시,11650,서초구,11,서울특별시,11110,종로구,1111011900,세종로,17,45,3,12,2361.17
20260224,11,서울특별시,11650,서초구,11,서울특별시,11110,종로구,1111011900,세종로,18,00,4,8,2589.38
20260224,11,서울특별시,11650,서초구,11,서울특별시,11110,종로구,1111011900,세종로,18,15,4,13,2153.85
20260224,11,서울특별시,11650,서초구,11,서울특별시,11110,종로구,1111011900,세종로,18,30,5,8,2314.75
20260224,11,서울특별시,11650,서초구,11,서울특별시,11110,종로구,1111011900,세종로,18,45,1,1,2136.0
20260224,11,서울특별시,11650,서초구,11,서울특별시,11110,종로구,1111011900,세종로,19,00,1,1,2188.0
20260224,11,서울특별시,11650,서초구,11,서울특별시,11110,종로구,1111011900,세종로,19,15,2,2,2389.5
20260224,11,서울특별시,11650,서초구,11,서울특별시,11110,종로구,1111011900,세종로,19,30,2,3,2313.67
20260224,11,서울특별시,11650,서초구,11,서울특별시,11110,종로구,1111011900,세종로,19,45,1,1,1996.0
20260224,11,서울특별시,11650,서초구,11,서울특별시,11110,종로구,1111011900,세종로,20,00,2,2,2362.0
20260224,11,서울특별시,11650,서초구,11,서울특별시,11110,종로구,1111011900,세종로,20,30,1,1,2131.0
20260224,11,서울특별시,11650,서초구,11,서울특별시,11110,종로구,1111011900,세종로,20,45,1,1,2582.0
20260224,11,서울특별시,11650,서초구,11,서울특별시,11110,종로구,1111011900,세종로,21,00,1,1,2349.0
20260224,11,서울특별시,11650,서초구,11,서울특별시,11110,종로구,1111011900,세종로,21,15,1,1,3789.0
20260224,11,서울특별시,11650,서초구,11,서울특별시,11110,종로구,1111011900,세종로,21,30,1,1,2317.0
20260224,11,서울특별시,11650,서초구,11,서울특별시,11110,종로구,1111011900,세종로,21,45,1,1,1370.0
20260224,11,서울특별시,11650,서초구,11,서울특별시,11110,종로구,1111011900,세종로,23,00,1,1,1136.0
20260224,11,서울특별시,11680,강남구,11,서울특별시,11110,종로구,1111011900,세종로,02,00,1,1,4258.0
20260224,11,서울특별시,11680,강남구,11,서울특별시,11110,종로구,1111011900,세종로,05,15,1,1,3659.0
20260224,11,서울특별시,11680,강남구,11,서울특별시,11110,종로구,1111011900,세종로,05,30,3,4,2780.5
20260224,11,서울특별시,11680,강남구,11,서울특별시,11110,종로구,1111011900,세종로,05,45,5,6,2634.33
20260224,11,서울특별시,11680,강남구,11,서울특별시,11110,종로구,1111011900,세종로,06,00,5,9,2513.22
20260224,11,서울특별시,11680,강남구,11,서울특별시,11110,종로구,1111011900,세종로,06,15,5,11,2585.55
20260224,11,서울특별시,11680,강남구,11,서울특별시,11110,종로구,1111011900,세종로,06,30,6,14,2776.29
20260224,11,서울특별시,11680,강남구,11,서울특별시,11110,종로구,1111011900,세종로,06,45,11,34,2583.0
20260224,11,서울특별시,11680,강남구,11,서울특별시,11110,종로구,1111011900,세종로,07,00,13,43,2520.26
20260224,11,서울특별시,11680,강남구,11,서울특별시,11110,종로구,1111011900,세종로,07,15,11,41,2671.73
20260224,11,서울특별시,11680,강남구,11,서울특별시,11110,종로구,1111011900,세종로,07,30,11,59,2602.37
20260224,11,서울특별시,11680,강남구,11,서울특별시,11110,종로구,1111011900,세종로,07,45,11,80,2705.14
20260224,11,서울특별시,11680,강남구,11,서울특별시,11110,종로구,1111011900,세종로,08,00,9,112,2507.41
20260224,11,서울특별시,11680,강남구,11,서울특별시,11110,종로구,1111011900,세종로,08,15,11,75,2390.21
20260224,11,서울특별시,11680,강남구,11,서울특별시,11110,종로구,1111011900,세종로,08,30,8,42,2462.62
20260224,11,서울특별시,11680,강남구,11,서울특별시,11110,종로구,1111011900,세종로,08,45,9,40,2489.82
20260224,11,서울특별시,11680,강남구,11,서울특별시,11110,종로구,1111011900,세종로,09,00,8,39,2660.92
20260224,11,서울특별시,11680,강남구,11,서울특별시,11110,종로구,1111011900,세종로,09,15,9,28,2598.11
20260224,11,서울특별시,11680,강남구,11,서울특별시,11110,종로구,1111011900,세종로,09,30,8,30,2599.73
20260224,11,서울특별시,11680,강남구,11,서울특별시,11110,종로구,1111011900,세종로,09,45,6,9,2304.0
20260224,11,서울특별시,11680,강남구,11,서울특별시,11110,종로구,1111011900,세종로,10,00,9,25,2649.56
20260224,11,서울특별시,11680,강남구,11,서울특별시,11110,종로구,1111011900,세종로,10,15,6,11,2693.55
20260224,11,서울특별시,11680,강남구,11,서울특별시,11110,종로구,1111011900,세종로,10,30,8,30,2747.83
20260224,11,서울특별시,11680,강남구,11,서울특별시,11110,종로구,1111011900,세종로,10,45,10,27,2668.15
20260224,11,서울특별시,11680,강남구,11,서울특별시,11110,종로구,1111011900,세종로,11,00,10,30,2812.33
20260224,11,서울특별시,11680,강남구,11,서울특별시,11110,종로구,1111011900,세종로,11,15,8,27,2681.96
20260224,11,서울특별시,11680,강남구,11,서울특별시,11110,종로구,1111011900,세종로,11,30,8,23,2437.96
20260224,11,서울특별시,11680,강남구,11,서울특별시,11110,종로구,1111011900,세종로,11,45,9,20,2495.85
20260224,11,서울특별시,11680,강남구,11,서울특별시,11110,종로구,1111011900,세종로,12,00,6,10,2584.1
20260224,11,서울특별시,11680,강남구,11,서울특별시,11110,종로구,1111011900,세종로,12,15,5,9,3295.0
20260224,11,서울특별시,11680,강남구,11,서울특별시,11110,종로구,1111011900,세종로,12,30,5,12,2927.92
20260224,11,서울특별시,11680,강남구,11,서울특별시,11110,종로구,1111011900,세종로,12,45,7,19,2642.26
20260224,11,서울특별시,11680,강남구,11,서울특별시,11110,종로구,1111011900,세종로,13,00,6,11,2481.0
20260224,11,서울특별시,11680,강남구,11,서울특별시,11110,종로구,1111011900,세종로,13,15,5,14,2515.36
20260224,11,서울특별시,11680,강남구,11,서울특별시,11110,종로구,1111011900,세종로,13,30,4,10,2836.3
20260224,11,서울특별시,11680,강남구,11,서울특별시,11110,종로구,1111011900,세종로,13,45,6,12,2421.67
20260224,11,서울특별시,11680,강남구,11,서울특별시,11110,종로구,1111011900,세종로,14,00,5,11,2752.27
20260224,11,서울특별시,11680,강남구,11,서울특별시,11110,종로구,1111011900,세종로,14,15,3,6,2672.83
20260224,11,서울특별시,11680,강남구,11,서울특별시,11110,종로구,1111011900,세종로,14,30,5,12,2631.0
20260224,11,서울특별시,11680,강남구,11,서울특별시,11110,종로구,1111011900,세종로,14,45,6,18,2788.22
20260224,11,서울특별시,11680,강남구,11,서울특별시,11110,종로구,1111011900,세종로,15,00,4,14,2972.79
20260224,11,서울특별시,11680,강남구,11,서울특별시,11110,종로구,1111011900,세종로,15,15,3,9,2673.56
20260224,11,서울특별시,11680,강남구,11,서울특별시,11110,종로구,1111011900,세종로,15,30,4,14,2811.71
20260224,11,서울특별시,11680,강남구,11,서울특별시,11110,종로구,1111011900,세종로,15,45,7,14,2606.71
20260224,11,서울특별시,11680,강남구,11,서울특별시,11110,종로구,1111011900,세종로,16,00,6,17,2712.88
20260224,11,서울특별시,11680,강남구,11,서울특별시,11110,종로구,1111011900,세종로,16,15,8,22,2737.64
20260224,11,서울특별시,11680,강남구,11,서울특별시,11110,종로구,1111011900,세종로,16,30,5,21,2729.67
20260224,11,서울특별시,11680,강남구,11,서울특별시,11110,종로구,1111011900,세종로,16,45,6,10,2853.6
20260224,11,서울특별시,11680,강남구,11,서울특별시,11110,종로구,1111011900,세종로,17,00,6,29,2457.41
20260224,11,서울특별시,11680,강남구,11,서울특별시,11110,종로구,1111011900,세종로,17,15,6,23,2511.52
20260224,11,서울특별시,11680,강남구,11,서울특별시,11110,종로구,1111011900,세종로,17,30,9,27,2599.04
20260224,11,서울특별시,11680,강남구,11,서울특별시,11110,종로구,1111011900,세종로,17,45,8,30,2645.23
20260224,11,서울특별시,11680,강남구,11,서울특별시,11110,종로구,1111011900,세종로,18,00,7,38,2482.24
20260224,11,서울특별시,11680,강남구,11,서울특별시,11110,종로구,1111011900,세종로,18,15,8,27,2416.15
20260224,11,서울특별시,11680,강남구,11,서울특별시,11110,종로구,1111011900,세종로,18,30,5,17,2585.41
20260224,11,서울특별시,11680,강남구,11,서울특별시,11110,종로구,1111011900,세종로,18,45,4,10,2166.8
20260224,11,서울특별시,11680,강남구,11,서울특별시,11110,종로구,1111011900,세종로,19,00,5,7,2361.14
20260224,11,서울특별시,11680,강남구,11,서울특별시,11110,종로구,1111011900,세종로,19,15,5,11,2131.36
20260224,11,서울특별시,11680,강남구,11,서울특별시,11110,종로구,1111011900,세종로,19,30,4,8,2263.0
20260224,11,서울특별시,11680,강남구,11,서울특별시,11110,종로구,1111011900,세종로,19,45,3,3,2559.33
20260224,11,서울특별시,11680,강남구,11,서울특별시,11110,종로구,1111011900,세종로,20,00,3,4,2747.25
20260224,11,서울특별시,11680,강남구,11,서울특별시,11110,종로구,1111011900,세종로,20,15,2,2,1862.0
20260224,11,서울특별시,11680,강남구,11,서울특별시,11110,종로구,1111011900,세종로,20,30,2,2,2775.5
20260224,11,서울특별시,11680,강남구,11,서울특별시,11110,종로구,1111011900,세종로,20,45,3,4,2118.5
20260224,11,서울특별시,11680,강남구,11,서울특별시,11110,종로구,1111011900,세종로,21,00,2,3,2473.33
20260224,11,서울특별시,11680,강남구,11,서울특별시,11110,종로구,1111011900,세종로,21,45,3,3,4546.0
20260224,11,서울특별시,11680,강남구,11,서울특별시,11110,종로구,1111011900,세종로,22,00,1,2,2890.0
20260224,11,서울특별시,11680,강남구,11,서울특별시,11110,종로구,1111011900,세종로,22,45,2,2,2278.0
20260224,11,서울특별시,11710,송파구,11,서울특별시,11110,종로구,1111011900,세종로,05,15,6,12,2722.42
20260224,11,서울특별시,11710,송파구,11,서울특별시,11110,종로구,1111011900,세종로,05,30,5,10,2581.3
20260224,11,서울특별시,11710,송파구,11,서울특별시,11110,종로구,1111011900,세종로,05,45,8,17,2711.35
20260224,11,서울특별시,11710,송파구,11,서울특별시,11110,종로구,1111011900,세종로,06,00,10,31,2697.03
20260224,11,서울특별시,11710,송파구,11,서울특별시,11110,종로구,1111011900,세종로,06,15,11,39,2846.59
20260224,11,서울특별시,11710,송파구,11,서울특별시,11110,종로구,1111011900,세종로,06,30,11,57,2891.74
20260224,11,서울특별시,11710,송파구,11,서울특별시,11110,종로구,1111011900,세종로,06,45,12,90,2832.19
20260224,11,서울특별시,11710,송파구,11,서울특별시,11110,종로구,1111011900,세종로,07,00,11,115,2715.5
20260224,11,서울특별시,11710,송파구,11,서울특별시,11110,종로구,1111011900,세종로,07,15,13,149,2817.99
20260224,11,서울특별시,11710,송파구,11,서울특별시,11110,종로구,1111011900,세종로,07,30,13,213,2854.27
20260224,11,서울특별시,11710,송파구,11,서울특별시,11110,종로구,1111011900,세종로,07,45,13,310,2850.43
20260224,11,서울특별시,11710,송파구,11,서울특별시,11110,종로구,1111011900,세종로,08,00,12,257,2676.52
20260224,11,서울특별시,11710,송파구,11,서울특별시,11110,종로구,1111011900,세종로,08,15,12,131,2591.03
20260224,11,서울특별시,11710,송파구,11,서울특별시,11110,종로구,1111011900,세종로,08,30,11,127,2637.62
20260224,11,서울특별시,11710,송파구,11,서울특별시,11110,종로구,1111011900,세종로,08,45,12,92,2642.55
20260224,11,서울특별시,11710,송파구,11,서울특별시,11110,종로구,1111011900,세종로,09,00,11,76,2666.61
20260224,11,서울특별시,11710,송파구,11,서울특별시,11110,종로구,1111011900,세종로,09,15,9,40,2718.68
20260224,11,서울특별시,11710,송파구,11,서울특별시,11110,종로구,1111011900,세종로,09,30,9,41,2801.22
20260224,11,서울특별시,11710,송파구,11,서울특별시,11110,종로구,1111011900,세종로,09,45,10,32,2699.16
20260224,11,서울특별시,11710,송파구,11,서울특별시,11110,종로구,1111011900,세종로,10,00,9,36,2748.19
20260224,11,서울특별시,11710,송파구,11,서울특별시,11110,종로구,1111011900,세종로,10,15,8,38,2657.97
20260224,11,서울특별시,11710,송파구,11,서울특별시,11110,종로구,1111011900,세종로,10,30,11,38,2858.29
20260224,11,서울특별시,11710,송파구,11,서울특별시,11110,종로구,1111011900,세종로,10,45,7,21,2769.67
20260224,11,서울특별시,11710,송파구,11,서울특별시,11110,종로구,1111011900,세종로,11,00,9,20,2857.9
20260224,11,서울특별시,11710,송파구,11,서울특별시,11110,종로구,1111011900,세종로,11,15,9,21,2866.1
20260224,11,서울특별시,11710,송파구,11,서울특별시,11110,종로구,1111011900,세종로,11,30,8,16,2853.19
20260224,11,서울특별시,11710,송파구,11,서울특별시,11110,종로구,1111011900,세종로,11,45,8,23,2700.65
20260224,11,서울특별시,11710,송파구,11,서울특별시,11110,종로구,1111011900,세종로,12,00,7,19,2772.89
20260224,11,서울특별시,11710,송파구,11,서울특별시,11110,종로구,1111011900,세종로,12,15,7,20,2839.0
20260224,11,서울특별시,11710,송파구,11,서울특별시,11110,종로구,1111011900,세종로,12,30,9,33,2728.45
20260224,11,서울특별시,11710,송파구,11,서울특별시,11110,종로구,1111011900,세종로,12,45,7,17,2685.24
20260224,11,서울특별시,11710,송파구,11,서울특별시,11110,종로구,1111011900,세종로,13,00,7,24,2649.33
20260224,11,서울특별시,11710,송파구,11,서울특별시,11110,종로구,1111011900,세종로,13,15,6,9,2678.56
20260224,11,서울특별시,11710,송파구,11,서울특별시,11110,종로구,1111011900,세종로,13,30,8,9,2921.0
20260224,11,서울특별시,11710,송파구,11,서울특별시,11110,종로구,1111011900,세종로,13,45,6,14,2703.43
20260224,11,서울특별시,11710,송파구,11,서울특별시,11110,종로구,1111011900,세종로,14,00,7,13,3192.54
20260224,11,서울특별시,11710,송파구,11,서울특별시,11110,종로구,1111011900,세종로,14,15,8,17,2750.18
20260224,11,서울특별시,11710,송파구,11,서울특별시,11110,종로구,1111011900,세종로,14,30,4,8,2678.75
20260224,11,서울특별시,11710,송파구,11,서울특별시,11110,종로구,1111011900,세종로,14,45,8,14,2650.21
20260224,11,서울특별시,11710,송파구,11,서울특별시,11110,종로구,1111011900,세종로,15,00,5,7,2660.43
20260224,11,서울특별시,11710,송파구,11,서울특별시,11110,종로구,1111011900,세종로,15,15,9,15,3266.87
20260224,11,서울특별시,11710,송파구,11,서울특별시,11110,종로구,1111011900,세종로,15,30,5,10,2737.9
20260224,11,서울특별시,11710,송파구,11,서울특별시,11110,종로구,1111011900,세종로,15,45,6,8,2530.38
20260224,11,서울특별시,11710,송파구,11,서울특별시,11110,종로구,1111011900,세종로,16,00,7,9,3000.89
20260224,11,서울특별시,11710,송파구,11,서울특별시,11110,종로구,1111011900,세종로,16,15,7,19,2910.95
20260224,11,서울특별시,11710,송파구,11,서울특별시,11110,종로구,1111011900,세종로,16,30,8,26,3150.0
20260224,11,서울특별시,11710,송파구,11,서울특별시,11110,종로구,1111011900,세종로,16,45,7,22,2392.18
20260224,11,서울특별시,11710,송파구,11,서울특별시,11110,종로구,1111011900,세종로,17,00,10,30,2661.9
20260224,11,서울특별시,11710,송파구,11,서울특별시,11110,종로구,1111011900,세종로,17,15,9,18,2806.89
20260224,11,서울특별시,11710,송파구,11,서울특별시,11110,종로구,1111011900,세종로,17,30,6,13,2681.38
20260224,11,서울특별시,11710,송파구,11,서울특별시,11110,종로구,1111011900,세종로,17,45,8,24,2567.42
20260224,11,서울특별시,11710,송파구,11,서울특별시,11110,종로구,1111011900,세종로,18,00,9,28,2733.11
20260224,11,서울특별시,11710,송파구,11,서울특별시,11110,종로구,1111011900,세종로,18,15,8,17,2545.82
20260224,11,서울특별시,11710,송파구,11,서울특별시,11110,종로구,1111011900,세종로,18,30,4,8,2293.88
20260224,11,서울특별시,11710,송파구,11,서울특별시,11110,종로구,1111011900,세종로,18,45,2,6,2472.5
20260224,11,서울특별시,11710,송파구,11,서울특별시,11110,종로구,1111011900,세종로,19,00,3,8,2975.5
20260224,11,서울특별시,11710,송파구,11,서울특별시,11110,종로구,1111011900,세종로,19,15,2,4,2292.25
20260224,11,서울특별시,11710,송파구,11,서울특별시,11110,종로구,1111011900,세종로,19,45,3,4,2363.25
20260224,11,서울특별시,11710,송파구,11,서울특별시,11110,종로구,1111011900,세종로,20,00,2,2,2886.0
20260224,11,서울특별시,11710,송파구,11,서울특별시,11110,종로구,1111011900,세종로,20,15,2,5,2366.6
20260224,11,서울특별시,11710,송파구,11,서울특별시,11110,종로구,1111011900,세종로,20,30,1,1,2376.0
20260224,11,서울특별시,11710,송파구,11,서울특별시,11110,종로구,1111011900,세종로,20,45,2,2,1968.0
20260224,11,서울특별시,11710,송파구,11,서울특별시,11110,종로구,1111011900,세종로,21,00,2,7,2190.86
20260224,11,서울특별시,11710,송파구,11,서울특별시,11110,종로구,1111011900,세종로,21,15,1,1,3439.0
20260224,11,서울특별시,11710,송파구,11,서울특별시,11110,종로구,1111011900,세종로,21,30,1,2,2428.0
20260224,11,서울특별시,11710,송파구,11,서울특별시,11110,종로구,1111011900,세종로,22,15,1,2,2713.0
20260224,11,서울특별시,11710,송파구,11,서울특별시,11110,종로구,1111011900,세종로,22,30,1,1,2886.0
20260224,11,서울특별시,11710,송파구,11,서울특별시,11110,종로구,1111011900,세종로,23,45,1,1,2500.0
20260224,11,서울특별시,11740,강동구,11,서울특별시,11110,종로구,1111011900,세종로,04,30,1,1,2381.0
20260224,11,서울특별시,11740,강동구,11,서울특별시,11110,종로구,1111011900,세종로,04,45,1,2,3791.0
20260224,11,서울특별시,11740,강동구,11,서울특별시,11110,종로구,1111011900,세종로,05,00,4,4,4079.75
20260224,11,서울특별시,11740,강동구,11,서울특별시,11110,종로구,1111011900,세종로,05,15,7,17,2699.12
20260224,11,서울특별시,11740,강동구,11,서울특별시,11110,종로구,1111011900,세종로,05,30,7,18,2575.06
20260224,11,서울특별시,11740,강동구,11,서울특별시,11110,종로구,1111011900,세종로,05,45,8,30,2567.37
20260224,11,서울특별시,11740,강동구,11,서울특별시,11110,종로구,1111011900,세종로,06,00,7,45,2586.24
20260224,11,서울특별시,11740,강동구,11,서울특별시,11110,종로구,1111011900,세종로,06,15,8,59,2678.66
20260224,11,서울특별시,11740,강동구,11,서울특별시,11110,종로구,1111011900,세종로,06,30,9,61,2689.82
20260224,11,서울특별시,11740,강동구,11,서울특별시,11110,종로구,1111011900,세종로,06,45,8,96,2752.17
20260224,11,서울특별시,11740,강동구,11,서울특별시,11110,종로구,1111011900,세종로,07,00,8,130,2682.95
20260224,11,서울특별시,11740,강동구,11,서울특별시,11110,종로구,1111011900,세종로,07,15,8,164,2831.48
20260224,11,서울특별시,11740,강동구,11,서울특별시,11110,종로구,1111011900,세종로,07,30,9,234,2801.92
20260224,11,서울특별시,11740,강동구,11,서울특별시,11110,종로구,1111011900,세종로,07,45,9,342,2787.52
20260224,11,서울특별시,11740,강동구,11,서울특별시,11110,종로구,1111011900,세종로,08,00,9,297,2687.25
20260224,11,서울특별시,11740,강동구,11,서울특별시,11110,종로구,1111011900,세종로,08,15,9,113,2579.79
20260224,11,서울특별시,11740,강동구,11,서울특별시,11110,종로구,1111011900,세종로,08,30,8,113,2515.41
20260224,11,서울특별시,11740,강동구,11,서울특별시,11110,종로구,1111011900,세종로,08,45,8,83,2584.93
20260224,11,서울특별시,11740,강동구,11,서울특별시,11110,종로구,1111011900,세종로,09,00,9,67,2494.93
20260224,11,서울특별시,11740,강동구,11,서울특별시,11110,종로구,1111011900,세종로,09,15,8,34,2577.59
20260224,11,서울특별시,11740,강동구,11,서울특별시,11110,종로구,1111011900,세종로,09,30,6,34,2435.12
20260224,11,서울특별시,11740,강동구,11,서울특별시,11110,종로구,1111011900,세종로,09,45,8,28,2536.82
20260224,11,서울특별시,11740,강동구,11,서울특별시,11110,종로구,1111011900,세종로,10,00,7,20,2666.8
20260224,11,서울특별시,11740,강동구,11,서울특별시,11110,종로구,1111011900,세종로,10,15,7,16,2663.12
20260224,11,서울특별시,11740,강동구,11,서울특별시,11110,종로구,1111011900,세종로,10,30,8,35,2670.34
20260224,11,서울특별시,11740,강동구,11,서울특별시,11110,종로구,1111011900,세종로,10,45,7,21,2756.29
20260224,11,서울특별시,11740,강동구,11,서울특별시,11110,종로구,1111011900,세종로,11,00,6,12,2697.33
20260224,11,서울특별시,11740,강동구,11,서울특별시,11110,종로구,1111011900,세종로,11,15,8,12,2838.33
20260224,11,서울특별시,11740,강동구,11,서울특별시,11110,종로구,1111011900,세종로,11,30,5,12,2979.42
20260224,11,서울특별시,11740,강동구,11,서울특별시,11110,종로구,1111011900,세종로,11,45,7,21,2778.95
20260224,11,서울특별시,11740,강동구,11,서울특별시,11110,종로구,1111011900,세종로,12,00,6,23,2510.57
20260224,11,서울특별시,11740,강동구,11,서울특별시,11110,종로구,1111011900,세종로,12,15,8,19,2571.26
20260224,11,서울특별시,11740,강동구,11,서울특별시,11110,종로구,1111011900,세종로,12,30,6,12,2557.67
20260224,11,서울특별시,11740,강동구,11,서울특별시,11110,종로구,1111011900,세종로,12,45,5,16,2714.88
20260224,11,서울특별시,11740,강동구,11,서울특별시,11110,종로구,1111011900,세종로,13,00,6,20,2512.95
20260224,11,서울특별시,11740,강동구,11,서울특별시,11110,종로구,1111011900,세종로,13,15,6,10,2878.5
20260224,11,서울특별시,11740,강동구,11,서울특별시,11110,종로구,1111011900,세종로,13,30,6,13,2645.92
20260224,11,서울특별시,11740,강동구,11,서울특별시,11110,종로구,1111011900,세종로,13,45,7,12,2666.83
20260224,11,서울특별시,11740,강동구,11,서울특별시,11110,종로구,1111011900,세종로,14,00,7,14,2686.79
20260224,11,서울특별시,11740,강동구,11,서울특별시,11110,종로구,1111011900,세종로,14,15,4,6,2447.0
20260224,11,서울특별시,11740,강동구,11,서울특별시,11110,종로구,1111011900,세종로,14,30,2,2,2903.5
20260224,11,서울특별시,11740,강동구,11,서울특별시,11110,종로구,1111011900,세종로,14,45,4,11,2776.73
20260224,11,서울특별시,11740,강동구,11,서울특별시,11110,종로구,1111011900,세종로,15,00,4,4,2306.25
20260224,11,서울특별시,11740,강동구,11,서울특별시,11110,종로구,1111011900,세종로,15,15,2,2,2422.5
20260224,11,서울특별시,11740,강동구,11,서울특별시,11110,종로구,1111011900,세종로,15,30,3,3,2560.67
20260224,11,서울특별시,11740,강동구,11,서울특별시,11110,종로구,1111011900,세종로,15,45,7,15,2613.8
20260224,11,서울특별시,11740,강동구,11,서울특별시,11110,종로구,1111011900,세종로,16,00,4,8,2371.75
20260224,11,서울특별시,11740,강동구,11,서울특별시,11110,종로구,1111011900,세종로,16,15,4,14,2591.71
20260224,11,서울특별시,11740,강동구,11,서울특별시,11110,종로구,1111011900,세종로,16,30,4,11,2710.27
20260224,11,서울특별시,11740,강동구,11,서울특별시,11110,종로구,1111011900,세종로,16,45,2,5,2836.2
20260224,11,서울특별시,11740,강동구,11,서울특별시,11110,종로구,1111011900,세종로,17,00,7,18,2472.11
20260224,11,서울특별시,11740,강동구,11,서울특별시,11110,종로구,1111011900,세종로,17,15,8,18,2616.83
20260224,11,서울특별시,11740,강동구,11,서울특별시,11110,종로구,1111011900,세종로,17,30,7,8,2746.75
20260224,11,서울특별시,11740,강동구,11,서울특별시,11110,종로구,1111011900,세종로,17,45,5,10,2407.9
20260224,11,서울특별시,11740,강동구,11,서울특별시,11110,종로구,1111011900,세종로,18,00,6,12,2438.92
20260224,11,서울특별시,11740,강동구,11,서울특별시,11110,종로구,1111011900,세종로,18,15,5,10,2687.4
20260224,11,서울특별시,11740,강동구,11,서울특별시,11110,종로구,1111011900,세종로,18,30,1,1,2294.0
20260224,11,서울특별시,11740,강동구,11,서울특별시,11110,종로구,1111011900,세종로,18,45,4,4,2566.5
20260224,11,서울특별시,11740,강동구,11,서울특별시,11110,종로구,1111011900,세종로,19,00,3,3,2599.33
20260224,11,서울특별시,11740,강동구,11,서울특별시,11110,종로구,1111011900,세종로,19,15,1,1,2351.0
20260224,11,서울특별시,11740,강동구,11,서울특별시,11110,종로구,1111011900,세종로,19,30,1,1,2506.0
20260224,11,서울특별시,11740,강동구,11,서울특별시,11110,종로구,1111011900,세종로,19,45,1,1,2337.0
20260224,11,서울특별시,11740,강동구,11,서울특별시,11110,종로구,1111011900,세종로,20,00,1,1,3632.0
20260224,11,서울특별시,11740,강동구,11,서울특별시,11110,종로구,1111011900,세종로,20,30,1,1,2615.0
20260224,11,서울특별시,11740,강동구,11,서울특별시,11110,종로구,1111011900,세종로,20,45,1,2,2252.0
20260224,11,서울특별시,11740,강동구,11,서울특별시,11110,종로구,1111011900,세종로,21,15,1,1,1914.0
20260224,11,서울특별시,11740,강동구,11,서울특별시,11110,종로구,1111011900,세종로,21,30,1,1,2296.0
20260224,11,서울특별시,11740,강동구,11,서울특별시,11110,종로구,1111011900,세종로,21,45,2,2,3067.0
20260224,11,서울특별시,11740,강동구,11,서울특별시,11110,종로구,1111011900,세종로,22,00,1,1,2606.0
20260224,11,서울특별시,11740,강동구,11,서울특별시,11110,종로구,1111011900,세종로,23,15,1,1,2919.0
